title,published_at,content,content_status,content_issue,content_extraction,url,source_name,domain,sub_domain,crawled_at,industry_primary_path,industry_top_level,industry_leaf,industry_classifications,industry_classification_status,industry_classified_at,industry_classifier_model,industry_taxonomy_version,industry_classification_error
LG Energy Solution secures US lithium supply for ten years - electrive.com,2026-09-01,"LG Energy Solution has signed a long-term supply agreement with Smackover Lithium. Starting in 2029, the battery manufacturer plans to source 8,000 tons of lithium carbonate from Arkansas annually as it scales US production of batteries for EVs and stationary storage.
LG Energy Solution secures long-term lithium carbonate from Arkansas.
Image: LG Energy Solution
The agreement covers a total of 80,000 tonnes of battery-grade lithium carbonate over a ten-year period. Deliveries are set to coincide with the start of commercial production at the South West Arkansas (SWA) Project in 2029. According to LG, the agreement is a binding take-or-pay contract, with prices and other commercial terms remaining confidential.
Smackover Lithium is a joint venture founded in 2024 by Standard Lithium and Equinor. Standard Lithium holds 55 per cent and acts as the operator, while Equinor owns 45 per cent. Together, the partners are developing multiple projects involving direct lithium extraction from brine in Arkansas and Texas. The South West Arkansas Project could achieve an annual production capacity of 22,500 tonnes of lithium carbonate in its first phase. With the agreed 8,000 tonnes per year, LG Energy Solution would take more than a third of the planned production.
LGES is already the second major customer for the project. In March, Smackover Lithium signed another
ten-year contract for 8,000 tonnes per year with commodity trader Trafigura
. Overall, the joint venture aims to secure long-term buyers for around 80 per cent of its planned production capacity. According to Smackover Lithium, the two existing contracts already cover around 90 per cent of this targeted offtake volume. Another, smaller contract is still to follow.
US lithium to strengthen local supply chain
The offtake agreements also play a key role in financing the project. According to Smackover Lithium, three export credit agencies have expressed interest in providing debt financing totalling more than one billion dollars. However, a final investment decision is still pending and is expected to be made later this year. Construction is then set to begin ahead of commercial production in 2029.
The lithium is to be extracted from brine using Direct Lithium Extraction (DLE) and then processed into battery-grade lithium carbonate. This method involves separating the lithium directly from the brine, rather than using large evaporation ponds. In its announcement, LGES highlights the sustainability benefits of the process, though the company does not quantify how these compare to other extraction methods.
For LG Energy Solution, the contract is key to localising its North American supply chain. The lithium carbonate produced in Arkansas is intended to meet the requirements for raw materials that do not originate from a so-called ‘prohibited foreign entity’. The Korean battery manufacturer now has an
extensive production network in the USA
. In its announcement, LGES particularly points to the strong growth of the North American market for stationary energy storage. The company is currently significantly expanding its US business with LFP cells for such applications. By the end of 2026, more than 50 GWh of production capacity for LFP cells for stationary storage is set to be established across three of its own sites and two partner-operated locations in North America.
In its new
plant in Lansing, Michigan
, LGES has recently started battery production. The facility produces LFP cells for stationary storage,
including for Tesla
. In the future, NMC cells for Toyota’s electric vehicles will also be manufactured in Lansing.
0 Comments
about „LG Energy Solution secures US lithium supply for ten years“
Also read
Guest Post
Infrastructure
The solution for the energy transition has long been sitting in our garages
Commercial Vehicles
Munich Electrification unveils HV Disconnector between battery and vehicle
Nickel exposure at CATL plant in Hungary",full,,dom_or_structured_full_text,https://www.electrive.com/2026/09/01/lg-energy-solution-secures-us-lithium-supply-for-ten-years/,electrive,电池,电气化交通工具,2026-09-01T23:50:04+00:00,零碳产业 > 物质循环 > 无机物 > 有色金属 > 其它有色金属产业,零碳产业,其它有色金属产业,"[{""path"":[""零碳产业"",""物质循环"",""无机物"",""有色金属"",""其它有色金属产业""],""path_text"":""零碳产业 > 物质循环 > 无机物 > 有色金属 > 其它有色金属产业"",""confidence"":0.85,""reason"":""核心事件是十年锂碳酸盐供应协议，源自卤水提锂项目的锂资源供应""},{""path"":[""零碳产业"",""能量循环"",""能量存储"",""电化学储能"",""二次电池"",""锂电池""],""path_text"":""零碳产业 > 能量循环 > 能量存储 > 电化学储能 > 二次电池 > 锂电池"",""confidence"":0.7,""reason"":""买方为锂电池制造商，协议服务其美国电池产能扩张""}]",classified,2026-09-02T00:16:26.375053+00:00,glm-5.2,2026-08-14,
Future Challenges in the Battery Market: Building Circular Battery Systems Beyond Recycling - Batteries News,2026-09-01,"Future Challenges in the Battery Market: Building Circular Battery Systems Beyond Recycling – Why Tomorrow’s Battery Value Chain Requires a System-Wide Approach
Battery demand is accelerating fast — lithium demand alone grew 30% in 2024 and could rise fivefold by 2040 — putting growing pressure on critical raw materials.
Recycling is essential, but on its own it can only address part of the challenge: real circularity depends on design, collection, EPR, logistics, traceability and reuse working together.
Collection remains the biggest bottleneck — the EU collects only ~45% of portable batteries today, well short of the 73% target for 2030.
New battery chemistries like LFP and sodium-ion demand more flexible, adaptable recycling systems rather than one-size-fits-all solutions.
There is no universal blueprint: effective circular systems must be adapted to local markets and infrastructure, as shown by projects like BATTPRO in Cambodia.
Long-term resilience depends on collaboration across the entire value chain — not on any single technology or regulation.
Introduction
The global battery market is entering a new era.
Driven by electrification, renewable energy integration and digitalisation, batteries have become one of the key enabling technologies of the 21st century. Electric vehicles, stationary energy storage systems and countless portable devices are accelerating demand at an unprecedented pace: Lithium demand alone grew by 30% in 2024 and is projected to increase fivefold by 2040, with graphite and nickel demand both doubling over the same period [
] [1]. This scale of growth is increasing pressure on the supply of critical raw materials while at the same time, new battery chemistries and evolving regulatory frameworks are fundamentally reshaping the industry.
This rapid transformation creates enormous opportunities. However, it also raises a fundamental question that extends far beyond battery production itself:
How can society ensure that tomorrow’s batteries become
tomorrow’s
resources?
For many years, the discussion has focused primarily on recycling technologies. And the potential is real: with efficient circularity, recycled materials could cover up to 25% of lithium demand by 2040, up to 50% of nickel demand, and more than 60% of cobalt demand in the EU [
] [2]. Yet recycling remains only one part of a much larger system. Efficient collection, extended producer responsibility (EPR), consumer participation, safe logistics, digital traceability, second-life applications and international collaboration are equally critical to creating truly circular battery value chains.
The transition towards a circular battery economy is therefore not simply a technological challenge. It is a systems challenge.
Building resilient and sustainable battery markets will require integrated solutions that connect every stage of the battery lifecycle—from product design and market placement to collection, reuse, recycling and the recovery of valuable raw materials for new battery production.
This article explores the key challenges that will shape the future of battery circularity and discusses why building effective circular battery systems requires a holistic, system-wide approach rather than focusing on recycling alone.
The Battery Revolution Is Changing the Entire Value Chain
The global battery industry is undergoing one of the most profound transformations in its history. What began with the rapid growth of portable consumer electronics has evolved into a strategic industrial sector that underpins electric mobility, renewable energy integration, digital infrastructure and future economic resilience.
Across the world, governments and industries are investing billions in battery manufacturing, while new gigafactories, energy storage projects and electrification strategies continue to accelerate market growth. Yet this growth remains highly concentrated: China alone accounts for well over half of global raw material processing for lithium and cobalt and nearly 85% of global battery cell production capacity, making it both the industry’s largest producer and its largest consumer. As European demand rises rapidly and domestic production capacity is set to expand, the need for a more independent, circular battery economy has become a strategic priority. Part of Europe’s response is the EU Battery Regulation: It introduces an entirely new regulatory framework, establishing ambitious requirements for sustainability, due diligence, recycled content, collection targets and digital product information.
This transformation is about much more than increasing battery production. It fundamentally changes how batteries must be designed, marketed, collected, reused and ultimately recycled. As battery technologies continue to evolve—from nickel-rich chemistries towards lithium iron phosphate (LFP), LMFP and future sodium-ion technologies—the entire circular value chain must evolve alongside them. Existing collection systems, recycling processes and economic models can no longer be assumed to meet tomorrow’s requirements.
Consequently, the battery industry faces a critical transition: while technological innovation has advanced at remarkable speed, the development of circular systems capable of managing future battery streams must now keep pace.
Circular Economy Begins Long Before Recycling
Public discussions often associate battery circularity almost exclusively with recycling technologies. While efficient recycling remains indispensable, it represents only the final stage of a much broader system.
A truly circular battery economy begins much earlier—at product design, continues through responsible market placement, efficient collection infrastructures, consumer participation, safe transport, transparent material flows and informed policy frameworks before batteries ever arrive at a recycling facility.
Every stage of this lifecycle directly influences the next. Batteries that are not returned through appropriate collection channels cannot contribute to resource recovery. Poorly designed collection systems reduce recycling efficiency. Missing consumer awareness leads to valuable materials being lost in residual waste streams. Inadequate logistics increase both safety risks and operational costs.
In other words, recycling performance is largely determined long before the recycling process itself begins.
This systems perspective lies at the heart of Extended Producer Responsibility (EPR). Rather than focusing solely on waste treatment, modern EPR frameworks seek to organise the entire end-of-life management process—from collection and financing to treatment and reporting—while creating incentives for continuous system improvement. Across Europe, Producer Responsibility Organisations (PROs) have become key actors in coordinating these activities on behalf of producers, although implementation models continue to differ considerably between countries.
New Battery Chemistries Require New Circular Strategies
Another major transformation is taking place within the batteries themselves.
For many years, recycling technologies and business models have largely been developed around nickel- and cobalt-rich lithium-ion batteries. Today, however, lithium iron phosphate (LFP) batteries—which are approximately 30% cheaper than NMC batteries—are rapidly gaining market share across electric vehicles and stationary energy storage applications [
] [3]. Forecasts indicate that LFP could account for around 50% of the European market, while sodium-ion batteries are emerging as an additional low-cost chemistry [
McKinsey
This evolution creates significant new opportunities—but also important challenges for circularity.
Different chemistries require different recycling approaches, generate different economic incentives and recover different combinations of valuable materials. Technologies designed around one battery chemistry cannot automatically be transferred to another. At the same time, the European Battery Regulation introduces minimum recycled-content requirements for new batteries, creating additional pressure to establish reliable recovery pathways for critical raw materials.
Future recycling systems must therefore become increasingly flexible, capable of processing a growing diversity of battery chemistries while maintaining high recovery efficiencies and ensuring economically viable operations.
This illustrates an important reality: circular economy strategies must evolve alongside battery technologies rather than react to them years later.
Why Collection Systems Will Determine Future Recycling Success
Of all these upstream stages, collection is the one that will most directly determine future recycling success. Even the most advanced recycling technologies cannot recover valuable materials from batteries that never enter formal collection systems yet today, only around 49% of portable batteries are collected across the EU, well short of the 73% target set by the EU Batteries Regulation for 2030 [
Eurostat
Closing this gap will become increasingly challenging as portable batteries grow in both volume and chemical diversity and are integrated into an ever-expanding range of consumer products. Their widespread distribution, compact size and varying chemistries make efficient collection considerably more difficult than for many other waste streams. At the same time, improper disposal increases environmental risks and contributes to fire hazards in waste collection and sorting facilities. While portable batteries represented a significant waste stream in the past, electric vehicles and stationary storage batteries will account for a far larger and rapidly growing share of the market – adding a new dimension of scale to future collection and recycling needs.
Successful collection systems therefore require much more than conveniently located return points. They rely on clear regulatory frameworks, effective Extended Producer Responsibility (EPR) schemes, public awareness, safe logistics, reliable financing mechanisms and close cooperation between producers, retailers, municipalities and recycling operators.
These upstream processes directly determine the quality, quantity and safety of batteries entering recycling facilities. In this respect, collection systems should no longer be viewed simply as waste management infrastructure. They are strategic components of future resource security and circular value creation.
As battery volumes continue to increase worldwide, strengthening collection systems will become one of the most important investments in the future resilience of battery circularity.
Battery circularity has become a global challenge, yet there is no universal blueprint for building effective collection and recycling systems.
Across Europe, Extended Producer Responsibility has evolved over several decades into a structured framework in which producers assume responsibility for the end-of-life management of batteries through collective systems and clearly defined legal obligations. The new EU Battery Regulation further strengthens this approach by introducing ambitious collection targets, recycled-content requirements and additional sustainability obligations across the battery value chain.
However, conditions differ significantly outside Europe. In Cambodia, for example, public collection structures for waste batteries are largely absent, meaning that only a fraction of batteries reaches appropriate treatment or recycling facilities. Informal collection and recycling activities continue to play a major role. Rather than transferring existing European models without adaptation, successful implementation requires solutions that reflect local market structures, regulatory environments and stakeholder landscapes.
This understanding forms the basis of the BATTPRO (Battery Takeback Professionalization to Support Environmental Protection in Cambodia and Thailand) project. Implemented by Stiftung GRS Batterien together with ECOLOGICON and supported by the German Federal Ministry for the Environment, Climate Action, Nature Conservation and Nuclear Safety (BMUKN/BMUV), the initiative seeks to strengthen sustainable battery take-back and recycling systems through international knowledge exchange and practical capacity building.
Based on analyses of local battery markets, collection structures and stakeholders, BATTPRO follows a phased approach that begins with pilot projects and the joint development of locally adapted solutions. Through coordinated action by consumers, producers, public authorities, logistics providers and recyclers, these pilots are intended to support the gradual establishment of EPR, collection, logistics and recycling structures, ultimately achieving nationwide coverage within ten years.
The same philosophy is reflected in international knowledge-sharing initiatives such as the “From Waste to Value” webinar and the Sardinia 2025 workshop, both of which emphasise that successful circular economy strategies are built through cooperation rather than replication. International experience provides valuable guidance, but effective implementation always requires adaptation to local realities.
Ultimately, global battery circularity will depend not only on technological innovation, but also on the ability to exchange knowledge across borders while respecting regional differences in infrastructure, regulation and market maturity.
Building Resilient Circular Battery Systems Through Collaboration
No single organisation can establish a circular battery economy alone.
Future battery systems will require coordinated action across the entire value chain, bringing together manufacturers, Producer Responsibility Organisations, recyclers, policymakers, researchers, logistics providers, retailers and consumers. Each stakeholder contributes to the performance of the overall system, and weaknesses at any stage inevitably affect the effectiveness of the whole.
This systems perspective becomes increasingly important as battery technologies continue to evolve and regulatory requirements become more ambitious. The introduction of recycled-content targets, digital product information and stricter sustainability criteria will require unprecedented levels of transparency and coordination across industries. The battery passport is a practical example of how this transparency can be achieved. By making relevant information on battery chemistry, material composition and performance available across the value chain, it can improve cooperation between stakeholders and enable safer, more efficient sorting and recycling processes.
Producer Responsibility Organisations occupy a unique position within this ecosystem. By coordinating collection, supporting regulatory compliance and facilitating cooperation between multiple stakeholders, they help translate legislative objectives into practical implementation. At the same time, research institutions and international partnerships contribute the scientific knowledge and innovation needed to continuously improve circular systems.
The growing complexity of future battery value chains therefore reinforces one central insight: resilience is created not by individual technologies, but by well-designed systems that connect all participants through shared objectives, clear responsibilities and continuous knowledge exchange.
Collaboration is no longer an optional complement to technological progress—it has become one of its essential preconditions.
Conclusion – The Future Depends on Systems, Not Individual Technologies
The transition towards battery-powered societies is accelerating across the globe. Electrification, renewable energy integration and digitalisation will continue to increase demand for batteries while simultaneously raising expectations for sustainability, resource efficiency and circularity.
Meeting these expectations requires a shift in perspective.
The future of battery circularity will not be determined by recycling technologies alone. It will depend on the strength of the systems connecting every stage of the battery lifecycle—from product design and market placement to collection, logistics, reuse, recycling and the reintegration of recovered materials into new battery production.
Circular economy is therefore not a single technology, nor a single regulation. It is a coordinated system of responsibilities, infrastructure, innovation and collaboration.
Building resilient battery value chains will require governments, industry, Producer Responsibility Organisations, research institutions and consumers to work together in ways that extend beyond traditional sector boundaries. International cooperation, knowledge exchange and locally adapted implementation strategies will become increasingly important as battery markets continue to expand worldwide.
The transformation towards a circular battery economy has already begun.
Its long-term success, however, will ultimately depend not on how efficiently we recycle batteries—but on how effectively we build the systems that make circularity possible in the first place.
Bibliography / References
https://www.iea.org/reports/global-critical-minerals-outlook-2025/executive-summary
https://www.agora-verkehrswende.de/fileadmin/Projekte/2025/Stoffkreisl%C3%A4ufe_f%C3%BCr_Antriebsbatterien/131_Stoffkreislaeufe-fuer-Antriebsbatterien.pdf
https://www.iea.org/commentaries/the-battery-industry-has-entered-a-new-phase
https://www.mckinsey.com/features/mckinsey-center-for-future-mobility/our-insights/battery-2035-building-new-advantages
https://ec.europa.eu/eurostat/statistics-explained/index.php?title=Waste_statistics_-_recycling_of_batteries_and_accumulators
About the Author
Dr.-Ing. Nils Wieczorek is Head of Research & Development at Foundation GRS Batteries, Germany’s independent competence centre for battery collection, Extended Producer Responsibility (EPR) and battery circular economy.
His work focuses on developing practical solutions for sustainable battery systems, advancing collection and recycling concepts, and supporting the implementation of effective circular economy frameworks. Working at the intersection of science, policy and industry, he contributes to research, international cooperation and knowledge transfer initiatives that strengthen resilient battery value chains and responsible resource management.
A regular speaker at international conferences, Dr. Wieczorek actively engages with stakeholders from industry, academia and public institutions to advance circular economy solutions and promote sustainable battery management worldwide.
About Foundation GRS Batteries
Foundation GRS Batteries is Germany’s independent competence centre for Extended Producer Responsibility (EPR), battery collection systems and circular economy. Through research, international cooperation and practical implementation projects, the Foundation supports the development of sustainable battery systems worldwide.
Stay on top of the
battery market at Batteries News
GRS Batteries",full,,dom_or_structured_full_text,https://batteriesnews.com/future-challenges-in-the-battery-market-building-circular-battery-systems-beyond-recycling/,Batteries News,电池,综合电池新闻/市场情报,2026-09-01T23:50:24+00:00,零碳产业 > 物质循环 > 资源处理 > 资源回收,零碳产业,资源回收,"[{""path"":[""零碳产业"",""物质循环"",""资源处理"",""资源回收""],""path_text"":""零碳产业 > 物质循环 > 资源处理 > 资源回收"",""confidence"":0.92,""reason"":""核心是电池回收与全链条循环体系建设，涉及收集、追溯和再利用""}]",classified,2026-09-02T00:16:26.375053+00:00,glm-5.2,2026-08-14,
Lead Intelligent Redefines Large-Scale Energy Storage Battery Manufacturing with Its Integrated Assembly Line Solution - Batteries News,2026-09-01,"Lead Intelligent Redefines Large-Scale Energy Storage Battery Manufacturing with Its Integrated Assembly Line Solution
As the global energy storage industry accelerates toward the TWh era, the rapid adoption of 500 Ah+ and even 1000 Ah+ large-format energy storage cells is reshaping the competitive landscape.
While larger cell formats deliver higher energy density and lower system costs, they also introduce significantly greater manufacturing challenges—from heavy-duty material handling and high-precision positioning to welding consistency and hermetic sealing. Conventional production lines, built around stand-alone equipment and incremental process optimization, are increasingly unable to balance productivity, yield, and cost, let alone meet the stringent requirements for stability, consistency, and manufacturing flexibility in large-scale production.
Built on 100% proprietary technologies and extensive experience in turnkey production line delivery, Lead Intelligent has launched its Integrated Assembly Line Solution for Large-Format Energy Storage Batteries. By deeply integrating manufacturing processes, intelligent equipment, logistics systems, and digital technologies, the solution establishes a new benchmark for efficiency, quality, and scalable production.
Simplifying the Production Line, Maximizing Manufacturing Efficiency
Moving beyond the fragmented layout of conventional production lines, Lead Intelligent adopts an integrated process architecture that consolidates multiple manufacturing operations into a unified production system. By reengineering the entire production workflow—from factory layout and material flow to operational management—the solution unlocks substantial gains in efficiency and productivity.
Optimized Factory Footprint and Asset Utilization
The integrated line reduces production floor space by 20% while decreasing the number of equipment units by 20%, maximizing factory utilization and significantly lowering capital investment.
Safer and More Efficient Material Flow
Lifecycle Operational Efficiency
Combined with intelligent power management and predictive maintenance systems, the solution reduces energy consumption and minimizes unplanned downtime, extending productivity gains across the entire lifecycle of the production line.
Core Technologies Delivering High-Quality Manufacturing
The Integrated Assembly Line Solution covers the complete manufacturing process for large-format energy storage batteries, including hot pressing, tab folding inspection, X-ray alignment inspection, X-ray foreign object detection, cell pairing, ultrasonic welding, laser welding, and helium leak testing.
Designed in accordance with automotive-grade manufacturing standards, the production line achieves cleanliness levels of up to ISO Class 5 at critical process stations, providing a highly controlled manufacturing environment for stable, high-volume production.
Drawing on years of expertise in lithium-ion battery manufacturing, Lead Intelligent continues to advance core process technologies to address the key challenges associated with assembling next-generation large-format energy storage cells.
High-Power Ultrasonic Welding Technology
The solution enables single-pass formation of extra-large welds, meeting the high-current requirements of multi-layer electrode tabs while eliminating the tab tearing risks commonly associated with secondary welding overlap.
Anti-Tab Tearing Process
Applied across ultrasonic welding, taping, and cell folding, this proprietary technology effectively resolves one of the industry’s most persistent challenges—tab tearing in large-format energy storage cells.
High-Precision Tab Forming Technology
Optimized Lid-to-Can Welding Solution
Enhanced weld-spatter extraction and improved welding reference consistency enable outstanding process stability, achieving a first-pass welding yield of at least 99.5% and a final production yield exceeding 99.9%.
End-to-End Collaboration That Delivers Scalable Manufacturing
Built on a unified process architecture, standardized interfaces, and an integrated data framework, Lead Intelligent seamlessly connects production equipment, intelligent logistics, MES, and quality management systems into a fully coordinated manufacturing ecosystem. The result is an end-to-end solution that supports customers throughout the entire production lifecycle—from commissioning to stable mass production.
Complete Process Visibility
Real-time synchronization of process parameters and full production traceability ensure stable manufacturing performance. The integrated production line achieves an Overall Equipment Effectiveness (OEE) of over 80% while delivering an overall production yield exceeding 99%.
Flexible Compatibility Across Cell Formats
The solution supports rapid changeovers for the full range of 300 Ah+ to 1000 Ah+ large-format battery cells, enabling manufacturers to respond efficiently to current production requirements while providing the flexibility to accommodate future cell technology upgrades.
Proven Large-Scale Delivery Capability
Backed by more than 600 GWh of cumulative energy storage production line orders, Lead Intelligent has maintained the industry’s leading shipment volume for prismatic large-format energy storage battery production lines. Its proven expertise in large-scale turnkey delivery and global project execution provides customers with a reliable foundation for long-term manufacturing success.
Moving beyond optimizing individual machines to optimizing the entire production line is becoming essential as the energy storage industry enters the TWh era. End-to-end manufacturing integration is not only the key to reducing production costs and improving operational efficiency, but also a critical enabler of high-quality, sustainable industrial growth.
Looking ahead, Lead Intelligent will continue to leverage its fully proprietary technology portfolio, comprehensive turnkey delivery capabilities, and lifecycle service network to help customers accelerate capacity deployment and technology upgrades worldwide. Together with partners across the industry, the company is committed to building a safer, more efficient, and lower-carbon manufacturing ecosystem that supports the transition toward a net-zero energy future.
Stay on top of the
battery industry at Batteries News
Business Development",full,,dom_or_structured_full_text,https://batteriesnews.com/lead-intelligent-redefines-large-scale-energy-storage-battery-manufacturing-with-its-integrated-assembly-line-solution/,Batteries News,电池,综合电池新闻/市场情报,2026-09-01T23:50:26+00:00,零碳产业 > 能量循环 > 能量存储 > 电化学储能 > 二次电池 > 锂电池,零碳产业,锂电池,"[{""path"":[""零碳产业"",""能量循环"",""能量存储"",""电化学储能"",""二次电池"",""锂电池""],""path_text"":""零碳产业 > 能量循环 > 能量存储 > 电化学储能 > 二次电池 > 锂电池"",""confidence"":0.9,""reason"":""核心是大容量储能电芯的集成化电池制造装配线解决方案""}]",classified,2026-09-02T00:16:26.375053+00:00,glm-5.2,2026-08-14,
The Next Phase of LiFePO4 Battery Competition: From Specs to Full-Lifecycle Responsibility - The LiTime Approach - Batteries News,2026-09-01,"The Next Phase of LiFePO4 Battery Competition: From Specs to Full-Lifecycle Responsibility
LiTime’s Approach to R&D, Manufacturing, and Customer Support
How the market evaluates energy products is changing. Capacity, output and cycle life remain important, but as lithium ion batteries become embedded in long-term applications—from RVs and boats to off-grid systems and industrial equipment—customers are placing greater emphasis on robust product development, consistent manufacturing quality, responsive after-sales support and effective product-liability management.
is expanding its Full-Lifecycle Responsibility Framework to address these expectations. The company says the framework integrates reliability management across product development, manufacturing, customer support and product-risk management, with the goal of moving beyond supplying energy hardware to delivering long-term value.
Building reliability into development
For lithium ion batteries used in demanding, long-duration applications, reliability begins well before production starts.
LiTime incorporates product requirements, manufacturing feasibility and risk management into product planning, design validation, production launch and ongoing improvement. Its development process uses Advanced Product Quality Planning (APQP) to identify and manage potential design and manufacturing risks before mass production.
During product and process design, the company applies Failure Mode and Effects Analysis (FMEA) to identify potential failure points and define corrective measures. At the production-release stage, Production Part Approval Process (PPAP) methods are used to evaluate technical specifications, process flows, control plans and process capability, providing data-based support for mass-production readiness.
Standardized manufacturing and traceability
The long-term reliability of lithium batteries also depends on maintaining consistency and traceability in assembly, inspection and quality control throughout the battery manufacturing process.
LiTime applies standardized procedures and role-specific SOPs across incoming-material inspection, key-process controls, in-process inspection, final testing and shipment inspection. The company also records batch information and key production-process data, supporting traceability and corrective-action processes when quality issues occur.
According to LiTime’s internal quality-management data for 2026, standardized products included in its reporting achieved a final pass yield (FPY) of 99.75%.
The company also manages product compliance according to product category, target market and applicable regulations. To date, relevant LiTime products have obtained more than 380 certifications. Depending on the product and market, requirements may include UN38.3 transportation testing, CE-related compliance, RoHS restrictions and applicable FCC requirements.
Customer Support beyond delivery
For users, support needs often continue well beyond the purchase itself. Installation guidance, product-use education, troubleshooting and long-term maintenance can all shape the ownership experience.
LiTime offers warranties of up to five years and a 30-day return policy for eligible products, subject to local sales terms, warranty policies and applicable law. The company supports customers through its headquarters experience center, overseas local support teams and AI-enabled service tools, with multilingual assistance available across regions.
LiTime has also introduced a VIP service program that begins at the point of order. The program includes logistics-status notifications and exception alerts, installation guidance and post-sales follow-up, extending support across fulfillment, installation and ongoing use.
AIG agreement strengthens liability coverage
Product-risk management is increasingly important for energy brands serving global markets and long-term applications.
As part of its full-lifecycle responsibility strategy, LiTime has entered into a commercial general liability insurance agreement with American International Group (AIG) for its products. Within the scope of the policy, the coverage is intended to support a more efficient, professional and traceable response to relevant liability events.
The company says the arrangement further strengthens its long-term responsibility framework and provides additional confidence for customers using its products over extended periods.
Consistent performance remains central to battery ownership. But for batteries deployed in RVs, marine vessels, off-grid energy systems and industrial applications, long-term user experience also depends on how products are designed, manufactured, supported and managed after delivery.
Robert Li
, Chief Quality Officer of LiTime
Full-lifecycle responsibility means integrating risk prevention into the product-development stage and extending that responsibility throughout the customer’s ownership experience.
“By continuously strengthening responsibility management across every stage, LiTime aims to go beyond product delivery and provide users and partners with support throughout the product lifecycle—building long-term trust through ongoing service.”
website and learn more.
Stay on top of the battery market at",full,,dom_or_structured_full_text,https://batteriesnews.com/the-next-phase-of-lifepo4-battery-competition-from-specs-to-full-lifecycle-responsibility-the-litime-approach/,Batteries News,电池,综合电池新闻/市场情报,2026-09-01T23:50:28+00:00,零碳产业 > 能量循环 > 能量存储 > 电化学储能 > 二次电池 > 锂电池,零碳产业,锂电池,"[{""path"":[""零碳产业"",""能量循环"",""能量存储"",""电化学储能"",""二次电池"",""锂电池""],""path_text"":""零碳产业 > 能量循环 > 能量存储 > 电化学储能 > 二次电池 > 锂电池"",""confidence"":0.85,""reason"":""核心是磷酸铁锂电池产品的全生命周期可靠性与质量管理框架""}]",classified,2026-09-02T00:16:33.261715+00:00,glm-5.2,2026-08-14,
AI is Driving the Future of Battery Supply Chains,2026-09-01,"Battery Manufacturing
Materials
Components
Design & Manufacturing
Aclara Resources and Argonne National Laboratory leverage advanced modeling and digital twins to enhance manufacturing processes for next-generation battery materials.
August 31, 2026
6 Min Read
AI and critical materials shaping future battery supply chains.
AI illustration generated for Battery Technology.
As global demand for more efficient and affordable batteries continues to grow, the conversation is expanding beyond battery chemistry alone. Successfully serving those markets at scale also depends on something equally important: resilient, domestic supply chains for the
critical materials
needed by the industries and technologies that rely on advanced batteries.
Manufacturing products powered by advanced batteries – including industrial equipment, defense systems, consumer electronics and transportation technologies – requires not only traditional battery materials but also a broader portfolio of relatively low-volume yet strategically important materials, including rare earth elements.
As a result, developing the next generation of energy storage technologies is no longer just about battery performance. It also requires a deeper understanding of how the availability and production of critical materials influence the broader supply chains and downstream technologies they support.
Related:
LG Energy Solution North America President on Battery Market Pivot
A new collaboration between rare earth mineral company
Aclara Resources
and the U.S. Department of Energy’s
Argonne National Laboratory
highlights how artificial intelligence, advanced process modeling and public-private partnerships can help address that challenge.
Looking beyond discovery to deployment
For decades, battery innovation has focused on developing better materials with higher energy density, longer lifetimes and improved safety. Today, however, many of the industry’s greatest opportunities lie in commercialization.
How can promising laboratory discoveries be manufactured consistently at industrial scale? How can complex chemical processes be optimized before companies invest hundreds of millions of dollars in production facilities? And how can manufacturers reduce technical risk while accelerating time to market?
Answering those questions is driving growing interest in digital engineering tools that combine scientific understanding with operational data.
Among the most promising are AI-enabled digital twins – virtual representations of manufacturing processes that allow engineers to simulate, analyze, and optimize operations before making changes in the physical world.
A case study in critical materials
Aclara and Argonne are applying that approach to one of the most technically challenging areas of critical materials processing: heavy rare earth separation.
Through an R&D agreement, the partners are developing an AI-enabled digital twin of Aclara’s separation process using data generated at the company’s pilot facility, which was developed in collaboration with Virginia Tech University.
Related:
Inside LGES's New $2B Michigan Battery Plant
Argonne brings expertise in artificial intelligence, advanced computing, process modeling, and solvent extraction science. Together, those capabilities will be used to model the behavior of Aclara’s separation process under a wide range of feedstock compositions, allowing engineers to evaluate potential improvements virtually before implementing them at commercial scale.
Those insights will support Aclara's planned $277 million, first-of-its-kind heavy rare earth separation facility in Louisiana, which is expected to begin production by mid-2028. The facility will process feedstock from the company's ionic clay deposits into separated heavy rare earth oxides, including dysprosium, terbium, and yttrium, helping to strengthen the domestic supply chain for these strategically important materials.
For Aclara, the collaboration is intended to improve process performance, reduce the technical uncertainty that accompanies scaling a sophisticated separation process from pilot operations to commercial production, and ultimately help accelerate deployment of domestic critical materials production.
“This partnership with Argonne is a critical accelerator for Aclara’s strategy to establish a reliable US-based supply chain for heavy rare earths,” stated Ramón Barúa, CEO of Aclara Resources. “By combining our proprietary separation technology and pilot-scale data with Argonne's world-class capabilities in advanced computing, we are significantly reducing scale-up risk, accelerating industrial deployment and strengthening the foundations of a secure domestic supply of these critical minerals.”
Related:
Anthro Energy Breaks Ground on US Facility
Why battery manufacturers should care
At first glance, heavy rare earth separation may seem only indirectly related to batteries. After all, dysprosium and terbium are not active materials in today’s lithium-ion battery cells.
Yet they are essential components of high-performance permanent magnets used in many electric motors that power battery-electric and hybrid vehicles, as well as numerous industrial, defense and clean energy technologies.
More broadly, the collaboration illustrates an important reality for the battery industry: resilient downstream supply chains depend on a much larger critical materials ecosystem.
Manufacturers increasingly recognize that bottlenecks affecting any strategically important material – not just those inside a battery cell – can slow product adoption, increase costs and complicate long-term research and development.
Strengthening domestic processing capabilities across that ecosystem helps create more use case opportunities for advanced battery technologies.
Aclara has indicated that its planned Louisiana facility could ultimately supply more than 75% of US demand for dysprosium and terbium needed for electric vehicles (EVs), reducing dependence on overseas processing while supporting a growing domestic manufacturing base.
Picture:  Aclara’s Separation Pilot Plant at Virginia Tech, US. Courtesy of Aclara.
The bigger opportunity: Smarter manufacturing
Beyond the immediate rare earth application, the collaboration offers a glimpse into how AI could reshape manufacturing throughout the battery industry.
Many of the challenges confronting battery supply chains share common characteristics. Whether refining lithium, producing cathode precursor materials, separating nickel and cobalt, or recovering valuable elements from recycled battery black mass, manufacturers must optimize complex chemical processes while maintaining product quality, controlling costs, and scaling production efficiently.
Historically, much of that optimization has relied on iterative physical testing – a process that can consume considerable time and resources. Digital twins offer a different approach.
As additional operating data become available, the models continue improving, creating a feedback loop that supports continuous optimization throughout the life of a manufacturing facility.
While the production methodology being developed through the Aclara-Argonne collaboration is unique, digital twins have potential applications across a wide range of battery-material manufacturing and recycling processes.
Accelerating commercialization through partnership
The collaboration also demonstrates the complementary roles that industry and national laboratories play in strengthening US manufacturing.
Companies bring commercial insights, operational experience and real-world production challenges. National laboratories contribute multidisciplinary scientific expertise, advanced computing resources and specialized research capabilities that can help solve problems that extend beyond the scope of a single organization.
Together, those strengths can help bridge one of manufacturing’s most difficult transitions: moving innovative technologies from successful pilot operations to dependable commercial production.
“By combining real-world industry needs with deep expertise in the science of scale-up at national laboratories, we can speed the deployment of advanced technologies that strengthen domestic supply chains,” stated Claus Daniel, associate laboratory director for Argonne’s Advanced Energy Technologies directorate. “This work reflects Argonne's role in building regional industrial innovation hubs, such as the Gulf Coast and the Midwest, and leveraging complementary research capabilities to support U.S. competitiveness.”
For the battery industry, the science of scaling production through innovations in manufacturing, process engineering and critical materials production is becoming increasingly important as demand continues to grow.
Projects like the Aclara-Argonne collaboration demonstrate that artificial intelligence can contribute significantly. By combining advanced modeling with industrial expertise, the partnership helps build the manufacturing capabilities and resilient supply chains that will support the success of battery technology.
About the Author
Alex Mitchell
Head of Communications – Science and Technology Partnerships and Outreach, Argonne National Laboratory
Alex Mitchell supports Argonne’s partnerships with industry. Through these collaborations, companies gain access to world-class expertise, advanced research facilities, and tailored solutions that help them solve complex challenges, accelerate innovation, and bring new technologies to market.
See more from
Alex Mitchell",full,,dom_or_structured_full_text,https://www.batterytechonline.com/battery-manufacturing/why-ai-and-critical-materials-are-driving-the-future-of-battery-supply-chains,Battery Tech Online,电池,无,2026-09-01T23:50:45+00:00,公共政策与社会治理 > 科教与人才 > 科研管理与学术活动,公共政策与社会治理,科研管理与学术活动,"[{""path"":[""公共政策与社会治理"",""科教与人才"",""科研管理与学术活动""],""path_text"":""公共政策与社会治理 > 科教与人才 > 科研管理与学术活动"",""confidence"":0.7,""reason"":""核心是Aclara与阿贡国家实验室利用AI建模优化电池材料制造的产学研合作""}]",classified,2026-09-02T00:16:33.261715+00:00,glm-5.2,2026-08-14,
How Walmart's New Georgia Hub Speeds Up Same-Day Delivery,2026-09-01,"How Walmart's New Georgia Hub Speeds Up Same-Day Delivery
Prioritise Us
on Google
Walmart's new facility in Georgia will aim to improve next-day and same-day delivery. Credit: Getty Images
Led by Karisa Sprague, SVP of Supply Chain, Walmart is building a new fulfilment centre in Georgia, using AI and advanced robotics to aid delivery speed
Walmart has announced plans for a new 1.5 million square foot automated fulfilment centre in Carnesville, Georgia.
The facility will be supported by a US$1.3bn investment, generating around 1,000 new jobs within the state.
It is set to be built at the Franklin 85 logistics centre in Carnesville and construction will begin before 2027.
Karisa Sprague, Senior Vice President of Supply Chain at Walmart US, says: “As customer expectations continue to evolve, investments like our new fulfilment centre in Carnesville help us
deliver the speed
, convenience and reliability customers count on.”
Tracy Poulliot, Chief eCommerce Officer at Walmart US. Credit: Tracy Poulliot via LinkedIn
Walmart's new Georgia Fulfilment Centre
New facility spans 1.5 million square feet in Carnesville
Investment totals US$1.3 billion for the project
Around 1,000 new jobs expected in Georgia
Walmart already runs 209 stores and Sam's Clubs statewide
Company spent US$26.2bn with Georgian suppliers in FY2025
Walmart's Georgia supply chain
Walmart has 209 stores and Sam’s Club locations alongside a further 11 existing
supply chain facilities
in Georgia.
Through these facilities, Walmart employs more than 65,300 associates across the state.
During fiscal year 2025, Walmart spent US$26.2bn with Georgian suppliers, supporting approximately 167,600 additional supplier jobs statewide.
The company’s increased footprint in Georgia was supported by a partnership between the state, the Franklin County Industrial Building Authority, Georgia Electric Membership Corporation and Georgia Quick Start.
Prior to the Carnesville investment, Georgia’s state workforce training programme helped bring a 1.2 million square foot fulfilment centre to Fulton County.
In April 2026, Walmart announced plans to remodel 13 Georgia stores, aiming to offer faster, more convenient shopping and delivery within the hour for customers.
More than 30% of Walmart's online orders involve customers paying extra for delivery within three hours or less. Credit: Getty Images
Investments like our new fulfilment centre in Carnesville help us deliver the speed, convenience and reliability customers count on
Karisa Sprague, Senior Vice President of Supply Chain at Walmart US
Speeding up Walmart deliveries
Walmart says its next-generation fulfillment centres are located in strategic markets to expand same-day and next-day
shipping capabilities
across the US.
In April 2026, Tracy Poulliot, Chief eCommerce Officer at Walmart US, said: “Customers are looking for faster, easier ways to get what they need in the moments that matter.
“We’ve been delivering orders in 30 minutes or less for more than a year, and today 26% of our Express Deliveries are already arriving in that timeframe.”
According to McKinsey & Company research, around 41% of US consumers now expect next-day delivery as standard.
During the company’s 2024 Q4 earnings call, John David Rainey, Chief Financial Officer at Walmart, revealed that more than 30% of Walmart's online orders involve customers paying extra for delivery within three hours or less.
The earnings call release also confirmed that Walmart can now reach 93% of US households with same-day delivery, up from more than 80% in October 2023.
Key companies
Headquarters:
Arkansas, US
John Furner
Walmart is a global retail enterprise operating an extensive network of hypermarkets, discount department stores and grocery outlets. The company integrates brick-and-mortar retail with an expanding e-commerce platform, digital marketplace and automated supply chain infrastructure. By leveraging data analytics, autonomous logistics and omni-channel fulfilment services, Walmart delivers low-cost consumer goods, pharmacy services and financial solutions to millions of customers daily across international retail markets.
Georgia Electric Membership Corporation
Headquarters:
Georgia, US
Heather Teilhet
Georgia Electric Membership Corporation is a statewide trade association representing electric cooperatives across the region. As an essential service advocate, it supports member utilities that deliver reliable power to millions of residential, commercial and agricultural consumers. The organisation plays a crucial role in energy policy, community engagement, youth programmes and economic development while coordinating shared resources to strengthen local grid infrastructure throughout rural and suburban territories.
Franklin County Industrial Building Authority
Headquarters:
Georgia, US
Tonya Powers
Franklin County Industrial Building Authority is a local economic development agency promoting industrial growth and business expansion. Created by a state constitutional amendment, it recruits new companies, assists existing commercial enterprises and secures investment for local shovel-ready sites. The organisation plays a key role in regional infrastructure development, workforce support and job creation by leveraging strategic transportation access to strengthen the county's commercial base.
Company portals
Franklin County Industrial Building Authority
Georgia Electric Membership Corporation
Georgia Quick Start
McKinsey
Executives
John David Rainey
Executive Vice President and Chief Financial Officer
Karisa Sprague
Senior Vice President of Supply Chain
Tracy Poulliot
Chief eCommerce Officer",full,,dom_or_structured_full_text,https://supplychaindigital.com/news/how-walmarts-new-georgia-hub-speeds-up-same-day-delivery,Supply Chain Digital,综合媒体,关键原材料/矿产,2026-09-01T23:51:17+00:00,产业经济与组织 > 产业服务 > 供应链、贸易与专业服务,产业经济与组织,供应链、贸易与专业服务,"[{""path"":[""产业经济与组织"",""产业服务"",""供应链、贸易与专业服务""],""path_text"":""产业经济与组织 > 产业服务 > 供应链、贸易与专业服务"",""confidence"":0.9,""reason"":""核心事件是沃尔玛建设自动化履约中心以提升当日达配送能力""}]",classified,2026-09-02T00:16:33.261715+00:00,glm-5.2,2026-08-14,
Volvo's cheapest EV can now power a campsite or coffee maker,2026-09-01,"Volvo EX30
Peter Johnson
| Sep 1 2026 - 8:51 am PT
Volvo launched a software update that gives
the EX30
new capabilities, including the ability to power external electronics with vehicle-to-load (V2L).
Volvo EX30 gains V2L and more in latest update
Starting this week, EX30 drivers will be able to use their vehicle for more than just getting from point A to point B.
Volvo Cars is rolling out its latest over-the-air software update, giving the EX30 the ability to be used as a power bank on wheels.
With bidirectional charging, including vehicle-to-load (V2L), the EX30 can power external devices, such as a laptop, coffee maker, the fridge if the power goes out, or even a campsite using energy from the vehicle’s battery.
Delivering up to 3 kW at 16 amps, Volvo said the system can power “a wide range of everyday equipment.” It can be used when needed, but once the battery level drops below 20%, the system will automatically cut off the energy supply to save energy.
Volvo EX30 gains new features via OTA update (Source: Volvo Cars)
How does it work? With a separate adapter, you can connect it to the charge port and then plug in the device to draw power from the vehicle’s battery.
The V2L functions will not be available for EX30 drivers in the US, Canada, Mexico, Korea, Taiwan, or Japan. In the EMEA, APAC, and Latin America markets, it will use the CCS2 charging standard.
Volvo EX30 gains new features via OTA update (Source: Volvo Cars)
Volvo’s latest update also introduces a new user experience with a customizable contextual bar and redesigned settings menu.
In certain European markets, Volvo is introducing Plug & Charge capabilities for EX30 drivers. The ability streamlines public charging and eliminates the need for a physical card or extra app. It will only be available on 2026 models or newer.
Electrek’s Take
Adding bidirectional charging and V2L is a big update for the EX30, a feature that should already be offered on all EVs.
While it is disappointing to see those in the US will miss out, it’s not much of a surprise given Volvo announced it was
discontinuing the EX30
in the US after the 2026 model year.
Other entry-level electric vehicles, like the
2027 Kia EV3
, will fill the void left by the EX30. The 2027 Kia EV3 starts at $30,000, offers up to 321 miles of range, and comes with standard V2L.
Featured
Subscribe to Electrek on YouTube for exclusive videos
and subscribe to the
Comments
Peter Johnson is covering the auto industry’s step-by-step transformation to electric vehicles. He is an experienced investor, financial writer, and EV enthusiast. His enthusiasm for electric vehicles, primarily Tesla, is a significant reason he pursued a career in investments. If he isn’t telling you about his latest 10K findings, you can find him enjoying the outdoors or exercising",full,,dom_or_structured_full_text,https://electrek.co/2026/09/01/volvos-cheapest-ev-power-campsite-coffee-maker/,Electrek,电池,EV,2026-09-01T23:51:46+00:00,通用技术 > 通信和运输 > 陆路运输,通用技术,陆路运输,"[{""path"":[""通用技术"",""通信和运输"",""陆路运输""],""path_text"":""通用技术 > 通信和运输 > 陆路运输"",""confidence"":0.9,""reason"":""核心事件是Volvo EX30通过OTA获得V2L双向充电功能，属电动汽车充放电应用。""}]",classified,2026-09-02T00:16:40.450470+00:00,glm-5.2,2026-08-14,
"Waymo opens robotaxi rides to the public in 3 new cities, now 14 total",2026-09-01,"Fred Lambert
| Sep 1 2026 - 8:22 am PT
Waymo opened its driverless ride-hailing service to the general public in Denver, San Diego, and Tampa on Monday, bringing the Alphabet-owned company to 14 US cities.
Tens of thousands of people in each market had already signed up before the doors opened, and Waymo says it will let them in gradually over the coming weeks.
This isn’t the first time these three cities have shown up in a Waymo announcement. We reported in July that Waymo had
flipped Las Vegas to fully driverless and lined up Denver, San Diego, and Tampa as the next markets
. Back then, the service was still limited to employees and invited guests.
Now anyone can hail a ride. Riders in Denver and San Diego are getting Waymo’s new Zeekr-built vehicle, the roomier minivan-style platform running the company’s next-generation Waymo Driver, while the fleet fills out over the coming months.
Waymo has launched commercial service in seven new cities since March 2025, and it’s doing all of this while pushing toward a stated goal of 1 million paid rides a week by the end of the year. In May, the company
expanded its coverage area by more than 20% to over 1,400 square miles
, and in August it
won California approval to operate across 18 counties
The company leaned on its safety record for the rollout, saying its vehicles have been involved in 94% fewer serious-injury crashes than human drivers over the miles it has driven. To be fair, Waymo’s service mainly operates in lower-speed areas.
“From coast to coast, we’re focused on making everyday transportation safer, easier, and more accessible,” said Suzanne Philion, Waymo’s chief marketing officer.
Local officials showed up for the launch. Colorado Governor Jared Polis tied it to air quality, saying “Waymo’s launch helps us achieve cleaner air sooner,” and Tampa Mayor Jane Castor called it “another effective – and exciting – way to get around.” Waymo also worked with AARP Florida and the San Diego chapter of the National Federation of the Blind on accessibility ahead of the launch.
Tampa is where it gets interesting
One of these three cities isn’t like the others. Tampa is now a market where Waymo and Tesla are both running paid, “driverless” ride services at the same time.
added Tampa and Orlando to its Robotaxi service in July
, but the comparison isn’t close. Tesla’s active fleet is extremely limited, and its own Q2 chart
showed the service’s growth going flat
even as the company insisted it was expanding. Waymo is showing up in the same city with no one in the driver’s seat and tens of thousands of people already on the list.
Electrek’s Take
It does feel like Waymo is seriously scaling now. Adding three metros at once, with tens of thousands pre-signed in each, and now 14 cities total. Waymo isn’t running a pilot anymore. It’s running a business, and it’s compounding.
The Tampa overlap is the clearest scoreboard we’ve had. Tesla has spent two years promising that its camera-only approach would let it scale robotaxis faster and cheaper than anyone. Instead, it’s the one still babysitting a couple dozen cars with remote monitoring, while Waymo drops a fully driverless, public service into the same Florida market and moves on to the next one. The gap isn’t closing. It’s widening.
None of this means Waymo has won. The Zeekr-built vehicle needs to prove it can be produced at the volume a million weekly rides demands, and the unit economics of a hardware-heavy sensor stack across a growing but still limited market are still an open question.
Every one of these Waymo rides is electric, and the cheapest way to power an EV is with your own roof. With electricity rates up almost 10% last year and expected to keep climbing, going solar is one of the best ways to protect yourself against rising costs. And with lease and PPA options, you can do it with zero upfront cost and start saving immediately. If you want to find the best deal, check out
EnergySage
. It’s a free service with hundreds of pre-vetted installers competing for your business, so you save 20 to 30% compared to going it alone. No sales calls until you pick an installer.
Get your free quotes here
Featured
Subscribe to Electrek on YouTube for exclusive videos
and subscribe to the
Comments
Fred is the Editor in Chief and Main Writer at Electrek.
Through Zalkon.com, you can check out Fred’s portfolio and get monthly green stock investment ideas.
Fred Lambert's favorite gear
Combat Edge
Get an edge on MMA with the best stats
EnergySage
EnergySage helps you get the best price possible on a home solar installation for free and without hassel.",full,,dom_or_structured_full_text,https://electrek.co/2026/09/01/waymo-public-robotaxi-denver-san-diego-tampa/,Electrek,电池,EV,2026-09-01T23:51:48+00:00,通用技术 > 通信和运输 > 陆路运输,通用技术,陆路运输,"[{""path"":[""通用技术"",""通信和运输"",""陆路运输""],""path_text"":""通用技术 > 通信和运输 > 陆路运输"",""confidence"":0.92,""reason"":""核心事件是Waymo无人驾驶出租车在三个新城市向公众开放，属道路交通智能化应用。""}]",classified,2026-09-02T00:16:40.450470+00:00,glm-5.2,2026-08-14,
Tesla confirms Full Self-Driving was active in a crash that killed a mother of five,2026-09-01,"Fred Lambert
| Sep 1 2026 - 7:52 am PT
A Tesla Model Y turning left at an intersection collided with a pickup truck in Batavia, Illinois, killing a passenger in the Tesla — Maggie Espinosa, 37, a teacher and mother of five. It was reported as an ordinary intersection crash.
But Electrek was able to confirm that Tesla’s own report to federal regulators says the car’s driver-assist system was engaged as it made that turn. This is part of an
ongoing Electrek investigation
matching reported crashes to Tesla’s redacted NHTSA data.
What happened at Randall and McKee
Around 4:19 p.m. on March 25, 2026, a Tesla Model Y heading south on Randall Road tried to turn left onto McKee Street and struck a Dodge pickup traveling straight in the opposite direction, according to Batavia police. A Nissan SUV was also caught up in the crash.
Espinosa, a front-seat passenger in the Tesla, died of her injuries. A former kindergarten teacher, she left behind five children, including 2-year-old twins; a
GoFundMe for the family
raised more than $100,000. The Tesla’s driver and two others were injured.
What Tesla told the federal government
Under a NHTSA Standing General Order, automakers must report crashes where a Level 2 driver-assist system was engaged within 30 seconds of impact. Tesla filed a report on this crash — and it’s revealing.
Tesla marks the automation “Engagement Status” as
“Verified Engaged,”
and lists the 2026 Model Y’s pre-crash movement as
“Making Left Turn”
at 24 mph, at an intersection. It says the Tesla struck the front of the pickup, which had the right of way going straight. And it confirms Tesla holds the
event-data recorder, telematics, and video
of the crash.
Then it redacts the parts that would explain it: the crash narrative, the software version, and whether the road was within the system’s approved operating area — all as “confidential business information.”
We’ve laid out the complete record below — everything Tesla disclosed, and everything it blacked out.
Electrek
contacted Batavia PD to let them know that Tesla confirmed its ADAS was active during the crash and ask for an update on the investigation. Batavia PD said that the crash “remains under investigation and is currently under review by the Kane County State’s Attorney’s Office.” No charges have been filed. And in the public account, there was no mention of Autopilot, “Full Self-Driving,” or any driver-assist system.
Tesla Full Self-Driving vs Autopilot
This one points more directly at “Full Self-Driving” than the highway cases we’ve covered. An
unprotected left turn across oncoming traffic at an intersection
is a City-Streets maneuver — something FSD does, and something basic Autopilot cannot. Basic Autopilot is a highway lane-keeping system; it does not turn a car left onto a cross street. So a driver-assist car that was
verified engaged while making a left turn
was, in all likelihood, running FSD.
However, that doesn’t mean FSD was at fault in the crash, but we don’t know without all the data, and Tesla is the one gatekeeping it. It didn’t even want the public to know that FSD was active in the crash until we were able to connect the NHTSA report to the media and police reports about the crash.
How we matched it:
the NHTSA record is unredacted on location (Batavia), vehicle (2026 Model Y), the left-turn-into-a-pickup mechanics, the fatality, and the month — a combination unique to this crash. One caveat: the incident time Tesla logged (12:54 UTC) does not cleanly convert to the ~4:19 p.m. local time police reported, unlike the other crashes we’ve matched, so we’re flagging that discrepancy rather than relying on it; every other identifying detail lines up.
Electrek’s Take
A teacher and mother of five is dead, a county prosecutor is weighing whether anyone should be charged, and the single piece of evidence that would show what actually happened in that intersection, did the software make the turn, or the driver?, is sitting in Tesla’s servers.
Tesla is testing software it calls ‘beta’ on public roads, turning every road user into an unwilling lab rat. At the minimum, and really, that’s all we are advocating for here, is to get all the details about what happens when it goes wrong.
We know Tesla is quick to release data and massage it when it looks good for the company, but it hides everything else.
If you are going to market the product as “self-driving” and encourage users to “use their phones”, you can’t hide the data when the system is involved in a fatal crash.
If you’re a Tesla owner, powering your EV with home solar is one of the smartest ways to lock in low fuel costs. With electricity rates climbing nearly 10% last year, home solar protects you against future rate increases. And with lease and PPA options, you can go solar with zero upfront cost and start saving immediately. If you want to find the best deal, check out
EnergySage
. It’s a free service with hundreds of pre-vetted installers competing for your business, so you save 20 to 30% compared to going it alone. No sales calls until you pick an installer.
Get your free quotes here
Featured
Subscribe to Electrek on YouTube for exclusive videos
and subscribe to the
Comments
Fred is the Editor in Chief and Main Writer at Electrek.
Through Zalkon.com, you can check out Fred’s portfolio and get monthly green stock investment ideas.
Fred Lambert's favorite gear
Combat Edge
Get an edge on MMA with the best stats
EnergySage
EnergySage helps you get the best price possible on a home solar installation for free and without hassel.",full,,dom_or_structured_full_text,https://electrek.co/2026/09/01/tesla-driver-assist-left-turn-batavia/,Electrek,电池,EV,2026-09-01T23:51:50+00:00,通用技术 > 通信和运输 > 陆路运输,通用技术,陆路运输,"[{""path"":[""通用技术"",""通信和运输"",""陆路运输""],""path_text"":""通用技术 > 通信和运输 > 陆路运输"",""confidence"":0.88,""reason"":""核心是特斯拉FSD辅助驾驶系统在事故中处于激活状态的确认，涉及智能驾驶安全。""}]",classified,2026-09-02T00:16:40.450470+00:00,glm-5.2,2026-08-14,
Nissan's new entry-level 'Wave' EV spotted for the first time,2026-09-01,"Peter Johnson
| Sep 1 2026 - 7:13 am PT
is preparing to introduce a smaller, more affordable EV expected to launch as the “Wave” in early 2027, with prices starting under $25,000.
Nissan’s new low-cost Wave EV arrives in 2027
The Japanese automaker is struggling to turn things around and keep pace with low-cost Chinese brands like BYD.
Although it
halted development
of the fully electric Qashqai, which was expected to be a cornerstone of its comeback plans, Nissan is preparing to introduce a smaller, more affordable EV in 2027.
The new Nissan “Wave,” as it’s expected to be called, will compete with entry-level EVs like the Leapmotor T03 and BYD Dolphin Surf starting at under €20,000 ($23,200).
It will be positioned below the Micra in Nissan’s European EV lineup. According to
, which captured the vehicle testing in public for the first time, it will be Nissan’s version of the Renault Twingo.
Although it’s still heavily disguised, you can see a few differences from the Twingo, including Nissan’s front-end design and lights, similar to the Micra.
日産の新型コンパクトカーがスパイショットされました。
ルノー トゥインゴがベースと思われます。
https://t.co/RaatZIjEVq
は、車名は「ウェーブ」であると報道しています。
Nissan has yet to reveal any details, but the new Wave EV is expected to be based on the same AmpR Small platform as the Twingo, with a 27.5 kWh LFP battery and a single 60 kW (82 hp) electric motor. The setup provides a WLTP range of up to 263 km (163 miles).
Nissan Micra EV (Source: Nissan)
The new entry-level electric car is set to launch in the first half of 2027. Prices are expected to start at under €20,000 ($23,200), before subsidies or incentives.
Like the Twingo, Nissan’s new EV will be produced at Renault Group’s plant in Novo Mesto, Slovakia, as the Japanese automaker aims to recapture market share in Europe.
Featured
Subscribe to Electrek on YouTube for exclusive videos
and subscribe to the
Comments
Peter Johnson is covering the auto industry’s step-by-step transformation to electric vehicles. He is an experienced investor, financial writer, and EV enthusiast. His enthusiasm for electric vehicles, primarily Tesla, is a significant reason he pursued a career in investments. If he isn’t telling you about his latest 10K findings, you can find him enjoying the outdoors or exercising",full,,dom_or_structured_full_text,https://electrek.co/2026/09/01/nissans-new-entry-level-wave-ev-spotted-first-time/,Electrek,电池,EV,2026-09-01T23:51:51+00:00,通用技术 > 通信和运输 > 陆路运输,通用技术,陆路运输,"[{""path"":[""通用技术"",""通信和运输"",""陆路运输""],""path_text"":""通用技术 > 通信和运输 > 陆路运输"",""confidence"":0.9,""reason"":""核心是日产即将推出入门级低价电动汽车Wave。""}]",classified,2026-09-02T00:16:40.450470+00:00,glm-5.2,2026-08-14,
"In Sept, Tesla will re-launch 3 products it launched a decade ago, for a stock pump",2026-09-01,"Tesla has a packed September ahead of it, with two confirmed and one rumored product launches. For a company that has gone so long without new products, it would be a big month… if all three of those products hadn’t been launched years ago already.
It’s September 2026, and we’ve got a lot to look forward to in the EV space.
First up, we’re finally going to see the launch of the Tesla Cybercab this Thursday, September 3. The Cybercab is a small, two-seat vehicle intended to be used fully autonomously as a robotaxi, and doesn’t even have a steering wheel or pedals, as it’s meant to operate without a driver at all times.
Second, Tesla has confirmed that late this month it will roll out the Tesla Semi, a fully-electric heavy duty semi truck. This promises to make goods delivery more efficient, which is important given that larger vehicles are responsible for well more than their fair share of the pollution that harms human health. There are other electric semis, but Tesla claims to offer a better value proposition than the rest of them.
Finally, there’s the specter of the next-gen Tesla Roadster. While nothing is announced yet, Tesla designer Franz von Holzhausen said the Roadster is coming “very soon,” and we have heard some rumors suggesting the month of September. The Tesla Roadster is meant to be a fully electric hypercar with bonkers performance specs, which CEO Elon Musk has said will be the “last best driver’s car” but also says that it will be able to “fly” (which doesn’t make sense).
It would be an exciting month… if we hadn’t been hearing about all of these products for years now.
Cybercab unveiled in 2024, but the idea is much older
The Cybercab is the newest of the three, having been originally revealed in 2024. That’s an acceptable time between reveal and production, if actually even a little quick (well, as long as we’re not comparing to China’s EV timelines).
But that ignores the years of robotaxi-related talk from Musk, who originally suggested way back in 2016 that Tesla owners who purchased FSD (software which the company sold for as much as $15,000 and still has not delivered) would be able to send their cars out as autonomous taxis to make them money.
At the time, this was meant to apply to Tesla’s consumer vehicles, and Tesla called the concept “Tesla Network.” Now, it’s branding it as “Robotaxi,” and Tesla has sent out its own vehicles to make money using FSD, but still won’t let you do it, despite that it sold software on the promise that you could (and that this software would turn cars into an “appreciating asset” due to gradual technological unlocks).
Tesla even cancelled the planned Model 2, an affordable consumer vehicle, to make room for the stripped-down Cybercab, which we have no indication will be purchaseable by consumers.
And don’t forget: Tesla has not solved self-driving. Neither the consumer-available FSD nor the Robotaxi-exclusive version that allows operation without someone in the driver’s seat is truly capable of unattended operation at all times, or even in more than a few geofenced areas. Releasing a car with no steering wheel makes no sense before you solve that problem.
So while we’ll soon see the Cybercab in some sort of action, it is based on a concept that is more than a decade late, it still doesn’t deliver on its promises, and Tesla turned it from something that would be publicly-available and that people spent tens of thousands of dollars on into something that Tesla alone can operate and potentially profit on, while consumers are restricted from doing the thing they were promised when they bought their product.
Tesla Semi was first shown in 2017, almost a decade ago
The Tesla Semi does stand to revolutionize trucking – or at least, it did 9 years ago when it was first shown with a planned 2020 release.
Electrek attended that event, and heard the pronouncements about how the Semi would take over trucking. It would beat diesel trucks in all-in cost per mile, so there’s really no reason a fleet manager should bother buying a diesel truck ever again.
Except, of course, that the Semi has not been available. Despite a whole bleacher full of fleet managers being invited to that event for dealmaking purposes, the Semi took its sweet time to get to scale.
Tesla did deliver its first Semis in late 2022, late but not so late, and that first batch went to PepsiCo and its subsidiary Frito-Lay. And then… not much happened. We didn’t get official counts, but by looking through recall paperwork, it was clear that Semis were being assembled at a glacial pace, if at all.
Since 2021, Tesla has also said that a dedicated Semi production line was being worked on at its Nevada battery factory. Over the years there has been progress on that line, but it has been quite slow.
Finally, this year, the first truck rolled off the dedicated high-volume line, and Semis have been trickling out to other customers over time (and we finally got to ride in one at ACT Expo last year).
So Tesla’s new event to “rollout” the Semi is a little confusing, given that the truck was already unveiled at an event in 2017, delivered at an event in 2022, and the factory started working in April 2026. We’re not really sure what the purpose is for this event, although the next product might give us more of a hint…
The Roadster might get launched, or might get pushed back… for stock pumping reasons
The Roadster is another continually delayed product. First unveiled in the same event as the Tesla Semi in 2017, it was promised to be the car that gave a “hard-core smack down to gasoline powered cars.” But now in 2026, we still don’t have a definitive idea of when it will be released.
Now, perhaps you’ll say that the Roadster doesn’t fit in this article, since there’s no announced launch in September like the other two products. But there was supposed to be a demo in August, which ended yesterday, and a demo has been announced and pushed back many times prior.
(But even if we do skip the Roadster, we could throw in FSD being able to avoid potholes as a planned product upgrade, which was first announced in 2019, and which Musk said this week is “coming soon”)
But more importantly, another recent statement from a former Tesla president could shine some light on the real reason for all these events: that the Roadster delays have all been about bringing Tesla and SpaceX closer together.
The connection is particularly clear in the case of the Roadster, which Musk said early on would be available with a “SpaceX package” to increase performance further, which Musk said would be demonstrated by “the end of next year” in 2019 (hmm, where have I heard that phrase before…).
Originally, that SpaceX package was marketed as using cold gas thrusters to help performance. This is theoretically possible and could be beneficial, if they were used for lateral thrust or additional downforce and if weight was kept down.
But later Musk started saying nonsense like the car would be able to “hover” or “fly“, which does not actually provide a performance benefit (nobody is ever looking for “upforce”). We’ve found other performance patents that would actually be kind of cool, but all the rhetoric has been about SpaceX, flying, rockets and so on.
So why talk about all this stuff if it doesn’t help performance? Well, maybe it’s about a different kind of performance: stock performance.
This is all probably about a merger, which in turn is about getting Musk more money and power
As time has marched on, and especially after SpaceX’s recent IPO, it has become more and more apparent that Musk’s goal is to merge SpaceX and Tesla. This would be beneficial for him personally, because it would allow him to cheat on the goals laid out in his ridiculous stock packages, giving him potentially trillions of dollars in stock value without meeting any of the operational milestones attached to the stock grants that shareholders unwisely voted to adopt.
And if that’s the goal, then there needs to be both a reason for this to happen, and hype that makes investors in one stock want to be involved in the other.
Marketing the Roadster as something that could only be achieved by closer collaboration between the companies offers a possible reason for the merger to happen, and other product unveilings are necessary to give the impression that a company that has only delivered one new product in the last 5 years(and it’s a huge flop) has something going for it in the future.
And the more buzz associated with both companies, the better off Elon Musk will be. The companies won’t necessarily benefit from it – usually in an all-stock merger (as is expected), you want your company to have more value and the other company to have lower value, so you’re getting a better deal; if both go up in value, you’re not really gaining anything. But Musk benefits from higher market caps, because that’s what triggers his stock awards.
The higher the market cap, the more stock he gets personally, and the more every other shareholder’s stake is diluted in order to pay out the worst and most overpaid employee at either company (or any company, for that matter).
Top comment by Dan B
Ok. Someone please help me understand this. Yesterday on the 405 Freeway around the Culver City area, I once again came upon (passed actually) a very distinct gold Tesla Cybercab. I've seen these around this same area several times over the past few months. However, yesterday was the first time I was going the same direction and got a full view as I passed it next to me. First, it had a Texas plate. Second, it was gold with those full wheel discs. Third, it was certainly a Tesla product. But here's what got me. There was a guy clearly in the ""drivers seat"" AND he had a steering wheel in front of him.
So are they also making these with the wheels and pedals along with the ones without them?
It would be one thing if that dilution came only from the pockets of shareholders who voted against their own interests. But due to the size of each company and Musk’s questionable finagling to get SpaceX added to the Nasdaq 100, a lot of retirement account holders who may not know they have Tesla or SpaceX exposure will have some of their accounts drained away and put into the pockets of someone who has more than enough money and is actively using it to make the world worse.
So, think about this overarching goal when you witness these product announcements this month (or “soon” after). One product isn’t capable of doing the things it’s built and marketed for (and represents a betrayal to customers who purchased software on a promise), one product has already been out for years and the event is just for glitz and glam, and one product has continually been pushed back with little to show except continued promises of SpaceX collaboration.
But all three of them do still serve a purpose: allowing Musk to take more of your money for himself.
Charge your electric vehicle at home using rooftop solar panels. Find a reliable and competitively priced solar installer near you on EnergySage, for free. They have pre-vetted installers competing for your business, ensuring high-quality solutions and 20-30% savings. It’s free, with no sales calls until you choose an installer. Compare personalized solar quotes online and receive guidance from unbiased Energy Advisers. Get started here. – ad*
FTC: We use income earning auto affiliate links. More.",full,,trafilatura_full_text,https://electrek.co/2026/09/01/in-sept-tesla-will-re-launch-3-products-it-launched-a-decade-ago-for-a-stock-pump/,Electrek,电池,EV,2026-09-01T23:51:53+00:00,通用技术 > 通信和运输 > 陆路运输,通用技术,陆路运输,"[{""path"":[""通用技术"",""通信和运输"",""陆路运输""],""path_text"":""通用技术 > 通信和运输 > 陆路运输"",""confidence"":0.88,""reason"":""核心是特斯拉Cybercab自动驾驶出租车和电动半挂卡车的产品发布。""}]",classified,2026-09-02T00:16:40.450470+00:00,glm-5.2,2026-08-14,
Tracking the fatal Tesla Autopilot and FSD crashes hidden in its data,2026-09-01,"Tesla reports its Autopilot and “Full Self-Driving” crashes to the federal government, as it’s required to — and then blacks out almost everything in those reports, so the public never learns what happened in those crashes. Tesla always end up blaming the driver.
We’re matching those redacted reports, one by one, to real fatal crashes that were covered in the news as ordinary accidents. This is a running investigation, and we’ll add each crash we confirm to this page. You can view this as an investigative hub keeping track of our ongoing investigation.
What the data shows
Under a 2021 NHTSA Standing General Order (SGO), automakers must report crashes where a Level 2 driver-assist system was engaged within 30 seconds of impact and someone was hurt, killed, or a vehicle was towed. Tesla accounts for roughly 85% of the entire industry’s reports — nearly 4,000 crashes — and the count climbs every year.
We believe that between FSD and Autopilot, Tesla has more mileage on ADAS than any other automaker and therefore, it’s not necessarily a problem that it has more crashes, but it’s nonetheless worrying that crashes are reaching new records each month.
The problem is what Tesla does to those reports. On virtually all of them, it redacts the crash narrative, the software version, and the field for whether the road was within the system’s approved operating area — all as “confidential business information.” It has blacked out the narrative on 99.9% of its reports every single year since 2019.
Almost no other automaker does this. GM, Ford, Honda, and Toyota redact essentially none of their narratives. Tesla is the only high-volume reporter that hides everything.
How we’re doing this
The reports do leave a handful of fields unredacted: city, state, month, vehicle, roadway, a pre-crash speed, and an incident time logged in UTC. That’s enough to match many of them to specific, named crashes covered in the local press.
So we do. We convert the UTC timestamp to local time and line it up against the time police gave; we confirm the city, the vehicle, and the fatal outcome; and we check that it’s the only matching crash that month. Where a case checks out, we lay it out in two columns — everything Tesla told the government, and everything the public was told — and we file public-records requests with the investigating agencies for what Tesla won’t release, including whether police received Tesla’s raw telemetry or only Tesla’s own interpretation of it.
The crashes we’ve confirmed so far
Each of these was reported publicly as an ordinary crash, with no mention of Autopilot or FSD — until Tesla’s own redacted NHTSA report revealed the system was engaged.
- Clute, Texas — Steven Alvarez, 23, died when his Model 3 left the road and hit a park pool. Police called it a possible medical episode. Tesla’s data: driver-assist verified engaged at 104 mph — a speed that appears nowhere in the public record.
- Lake Mary, Florida — a 43-year-old man died when his Model 3 sat stopped in a live I-4 lane and a semi rear-ended it. Troopers said they couldn’t explain why the car was stopped. Tesla’s data: driver-assist verified engaged, at 0 mph.
- Mesa, Arizona — weeks later, a near-identical case: another 2020 Model 3, stopped at 0 mph on Loop 202 at 3 a.m., rear-ended, its driver killed. Same signature, driver-assist verified engaged — and Tesla holds the video.
- Batavia, Illinois — Maggie Espinosa, 37, a teacher and mother of five, was killed as a passenger when a Model Y turning left at an intersection struck a pickup. Tesla’s data: driver-assist verified engaged while making the turn — a maneuver that points to “Full Self-Driving.” The case is now under review by the Kane County State’s Attorney’s Office, and Tesla holds the video.
We’ll update this list as we confirm more.
Why this matters
This is not an abstract transparency fight. Tesla is, more aggressively than ever, encouraging owners to treat a Level 2 driver-assistance system as if it were autonomous. It sells the software as “Full Self-Driving,” Elon Musk repeatedly promises unsupervised autonomy is months away, and the marketing invites drivers to trust the car to drive itself.
But legally and technically, it is still Level 2: the human is driving and is responsible at all times. Tesla’s own actions confirm the gap — it has not removed the supervision requirement from consumer FSD, and its robotaxi service remains a handful of closely monitored vehicles. The technology is not what the branding says it is.
That gap is dangerous, because it breeds complacency — drivers who over-trust the system and stop paying attention. And when things don’t go well, Tesla blames the drivers for abusing the system and releases limited redacted data so we don’t even know what happened.
Tesla is pushing owners to believe the car can handle things itself; it is hiding the records that would show how the system actually behaves when things go wrong. The public is asked to trust the marketing while being denied the data.
Electrek’s Take
Tesla is blacking out the single most important fields in a federal safety database — what its car did, which software was running, and whether the car was even supposed to be operating that way — in reports about crashes that killed people. It justifies this by claiming it would “suffer financial harm” if the information became public. In other words, Tesla is telling regulators that the commercial value of its secrecy outweighs the public’s right to know how its cars behave in fatal crashes. That is indefensible.
Top comment by oldgeek
There's a less charitable interpretation of the claim that tesla would suffer financial harm if more of its crash information was made public. Namely that there's something both really bad and actionable hiding in that data, so that the company would both lose sales and face additional liability.
(Not exactly on point, but in litigation when a defendant destroys or refuses to produce required information, jurors are generally allowed to assume that the information would have damaged the defendant's case.)
You can’t use public roads to test software that you admit is “beta” and then keep the public in the dark when it fails, and someone dies.
It is also selective. When the data makes the software look good, or Tesla can present the data in a way that makes its system look good — as in the fatal Katy, Texas crash, where Tesla could point to the driver overriding the system, the details come out. When they don’t, the report is sealed. A company confident in its technology would not need to hide what its cars did when things go wrong while broadcasting it when they go right.
Tesla is already under NHTSA investigation over how it reports these crashes, and its own AI trainers have told Reuters they don’t trust its safety stats. Electrek’s position is simple: Tesla should stop redacting its SGO crash narratives and software versions, and NHTSA should stop accepting the redactions. As long as it keeps them sealed, we’ll keep doing this the hard way — matching the crashes one at a time, and adding them here.
If you’re a Tesla owner, powering your EV with home solar is one of the smartest ways to lock in low fuel costs. With electricity rates climbing nearly 10% last year, home solar protects you against future rate increases. And with lease and PPA options, you can go solar with zero upfront cost and start saving immediately. If you want to find the best deal, check out EnergySage. It’s a free service with hundreds of pre-vetted installers competing for your business, so you save 20 to 30% compared to going it alone. No sales calls until you pick an installer. Get your free quotes here.
FTC: We use income earning auto affiliate links. More.",full,,trafilatura_full_text,https://electrek.co/2026/09/01/tesla-autopilot-fsd-crashes-hidden-data/,Electrek,电池,EV,2026-09-01T23:51:55+00:00,通用技术 > 通信和运输 > 陆路运输,通用技术,陆路运输,"[{""path"":[""通用技术"",""通信和运输"",""陆路运输""],""path_text"":""通用技术 > 通信和运输 > 陆路运输"",""confidence"":0.88,""reason"":""核心是特斯拉Autopilot和FSD致命事故数据的持续调查，属智能驾驶安全。""}]",classified,2026-09-02T00:16:40.450470+00:00,glm-5.2,2026-08-14,
China restores 2% lithium-ion battery tax after 11-year exemption - pv magazine Global,2026-09-01,"Markets & Policy
China has begun taxing lithium-ion batteries at 2% from Sept. 1, 2026, ending a decade-long exemption; the rate will rise to 4% in September 2027, while emerging technologies such as sodium-ion and solid-state batteries remain temporarily exempt. The tax applies to cells, packs and battery clusters—not complete BESS—and is expected to modestly raise domestic storage costs, while directly exported batteries remain exempt.
Tristan Rayner
01 Sep 2026
Markets & Policy
Batteries
Energy Storage
China ha puesto en marcha una planta solar offshore de 1 GW.
China has begun collecting consumption tax on lithium-ion batteries from Sept. 1, ending an exemption that had been in place for more than a decade and adding a new cost component for domestic battery energy storage products.
The measure is a legacy tax returning to the industry. China added batteries to its consumption tax regime in February 2015 with a statutory rate of 4%, but exempted lithium-ion batteries, lithium primary batteries, nickel-metal hydride batteries, fuel cells, solar cells and vanadium redox flow batteries as part of policies supporting emerging clean-energy industries.
Under a policy issued jointly by the Ministry of Finance, General Administration of Customs and State Taxation Administration in July, lithium-ion batteries, lithium primary batteries, nickel-metal hydride batteries, mercury-free primary batteries and vanadium flow batteries are now taxed at 2% from Sept. 1, 2026, before returning to the statutory 4% rate from Sept. 1, 2027.
The policy retains temporary exemptions through the end of 2028 for sodium-ion batteries, solid-state batteries and fuel cells. Semi-solid batteries do not qualify as solid-state batteries for the exemption, according to clarification issued by the State Taxation Administration on Aug. 27. Tax-exempt products must also comply with applicable national standards and obtain qualifying test reports.
For the stationary storage industry, the tax authority has clarified an important boundary.
Lithium-ion cells and battery packs are taxable, and battery clusters assembled from cells are also regarded as battery products. However, a complete battery energy storage system incorporating electrical equipment, thermal management, fire protection and control systems is classified as complete power equipment and is not subject to another consumption tax. Taxes already paid on battery inputs can also be deducted when those products are used to manufacture another taxable battery product.
The result is therefore not a straightforward 2% increase in the price of an entire BESS.
Shanghai Metals Market (SMM), a research platform, estimated before the final tax clarification that a 2% rate would add around CNY 0.00648/Wh (~USD 0.9643/kWh) at the cell level based on a lithium-ion cell price of CNY 0.324/Wh (~USD 48.21 per kilowatt-hour). SMM said the final impact would depend on where the taxable boundary was set along the cell-to-system chain.
Huatai Securities estimated that, based on an energy-storage battery price of around CNY 0.40/Wh and assuming full cost pass-through, the tax could add approximately CNY 0.008/Wh at 2% and CNY 0.016/Wh at 4%. The brokerage described the overall impact on storage costs as manageable, while noting that stronger suppliers are likely to have greater ability to pass the cost downstream.
Battery manufacturers have already begun adjusting prices.
EVE Energy circulated a customer notice stating that domestic lithium battery products delivered from Sept. 1 would carry an additional 2% consumption-tax cost. Lishen Battery issued a similar notice in August. CATL also raised the listed price of its 314 Ah storage cell on its online marketplace from CNY 0.414/Wh to CNY 0.423/Wh on Aug. 1, although market supply conditions as well as the tax change contributed to recent cell-price increases.
Export costs exempt
Exports are treated differently. Batteries exported directly remain exempt from consumption tax, while eligible tax already paid on purchased batteries can be refunded. This should not be confused with China’s separate VAT export rebate policy: the VAT rebate for battery products was reduced from 9% to 6% in April and will be eliminated from Jan. 1, 2027.
The change fits into a broader withdrawal of tax preferences for mature Chinese clean-energy manufacturing. Solar-cell consumption tax will also begin at 2% in April 2027 before rising to 4% a year later, while VAT export support for solar products has already been removed. The differentiated treatment also gives the policy an industrial-policy dimension. Mature lithium-ion and vanadium-flow technologies are moving back toward normal taxation, while sodium-ion and solid-state batteries retain a temporary 2-4 percentage-point tax advantage. Huatai Securities described the exemptions as a clear policy tilt toward emerging technologies.
In effect, the tax changes could act as another supply-side reform: reducing support for mature capacity while preserving incentives for technologies still moving toward commercialization to guide industry development.",full,,dom_or_structured_full_text,https://www.pv-magazine.com/2026/09/01/china-restores-2-lithium-ion-battery-tax-after-11-year-exemption/,pv magazine,综合新能源,光伏、氢能、储能,2026-09-01T23:52:21+00:00,公共政策与社会治理 > 政策法规 > 产业与能源政策,公共政策与社会治理,产业与能源政策,"[{""path"":[""公共政策与社会治理"",""政策法规"",""产业与能源政策""],""path_text"":""公共政策与社会治理 > 政策法规 > 产业与能源政策"",""confidence"":0.9,""reason"":""核心事件是中国恢复锂电池消费税并豁免新兴电池技术的产业税收政策调整""},{""path"":[""零碳产业"",""能量循环"",""能量存储"",""电化学储能"",""二次电池"",""锂电池""],""path_text"":""零碳产业 > 能量循环 > 能量存储 > 电化学储能 > 二次电池 > 锂电池"",""confidence"":0.75,""reason"":""税收直接作用于锂电池产品并影响储能成本""}]",classified,2026-09-02T00:16:50.993605+00:00,glm-5.2,2026-08-14,
World's largest solar-storage microgrid goes online in Saudi Arabia - pv magazine Global,2026-09-01,"Applications & Installations
The Red Sea multi-utility project in Saudi Arabia has reached full commercial operation, bringing a 358 MWac solar plant and 1.2 GWh battery energy storage system into an isolated utility network supplying tourism facilities, desalination, cooling, water treatment and other infrastructure.
Vincent Shaw
01 Sep 2026
Applications & Installations
Energy Storage
Saudi Arabia
Utility-scale
The Red Sea Project has a storage capacity of 1.3GWh.
Saudi Arabia’s Red Sea multi-utility project has entered full commercial operation, completing a large-scale renewable-powered off-grid utility system designed to supply an entire tourism destination and its supporting infrastructure.
SEPCOIII, a PowerChina subsidiary and the engineering, procurement and construction (EPC) contractor for the project, said on Aug. 21 that the full utility complex had reached commercial operation. The company signed the EPC contract with ACWA Power in February 2021.
Developed for Red Sea Global’s tourism destination on Saudi Arabia’s western coast, the project operates independently of the national transmission network. ACWA Power lists 358 MWac of installed solar PV capacity and 1,225.4 MWh of battery energy storage, alongside 112.5 MW of backup internal-combustion generation. Earlier project documentation typically referred to about 340 MW of solar and 1.2 GWh of storage.
Huawei, which supplied PV inverters and the battery storage system, previously described its package as comprising 400 MW of PV and 1.3 GWh of storage.
The battery system performs functions beyond those typically required of storage connected to a conventional transmission grid. As the Red Sea network is isolated, the microgrid must establish and maintain its own voltage and frequency while balancing variable solar generation with demand. Grid-forming battery storage provides voltage and frequency support and supplies electricity when solar generation is unavailable.
Project disclosures indicate that the system has also demonstrated black-start and fault-ride-through capabilities during operation, providing a utility-scale example of grid-forming storage deployed in an isolated network.
In May 2025, Guinness World Records certified 1,125.18 MWh of the installation as the world’s highest-capacity off-grid battery-based energy storage facility. Construction on the facility began in October 2021 and the storage unit started operating in September 2023.
The Red Sea development differs from a conventional solar-plus-storage project in the range of infrastructure connected to its microgrid. The multi-utility system includes seawater desalination, drinking-water distribution, wastewater treatment, district cooling, solid-waste management and communications infrastructure.
ACWA Power lists three reverse-osmosis desalination plants with a combined capacity of 32,500 cubic meters per day, wastewater treatment capacity of 16,000 cubic meters per day and 32,500 refrigeration tons of district cooling capacity. Red Sea Global has said the renewable-powered utility infrastructure supplies operational resorts, the airside facilities at Red Sea International Airport, employee accommodation, electric-vehicle charging, 5G infrastructure, district cooling and the destination’s water systems.
The project operates under a 25-year utility concession. Rather than financing and owning the individual utility assets, Red Sea Global purchases electricity, water and other services from the project consortium. The project was developed under a public-private partnership structure, with Saudi Arabia’s Public Investment Fund (PIF) supporting the long-term offtake agreement.
SEPCOIII carried out the EPC work, while Chinese suppliers involved in the energy package included Huawei and PV module manufacturer Longi.
The transition to full commercial operation marks completion of the wider multi-utility package rather than the start of operations for the solar and storage assets, which have been progressively commissioned since 2023.
The project provides a large-scale operating example of solar and grid-forming battery storage supporting an isolated utility network rather than supplying electricity to an interconnected grid. Its performance could offer technical and operational lessons for similar systems on islands, at remote industrial sites and in new developments where extending conventional transmission infrastructure is difficult or uneconomic.",full,,dom_or_structured_full_text,https://www.pv-magazine.com/2026/09/01/worlds-largest-solar-storage-microgrid-goes-online-in-saudi-arabia/,pv magazine,综合新能源,光伏、氢能、储能,2026-09-01T23:52:23+00:00,通用技术 > 通信和运输 > 电网技术 > 孤网园区,通用技术,孤网园区,"[{""path"":[""通用技术"",""通信和运输"",""电网技术"",""孤网园区""],""path_text"":""通用技术 > 通信和运输 > 电网技术 > 孤网园区"",""confidence"":0.9,""reason"":""核心是全球最大规模光储孤立微电网供电系统的商业投运""},{""path"":[""零碳产业"",""能量循环"",""能源测"",""发电技术"",""光伏""],""path_text"":""零碳产业 > 能量循环 > 能源测 > 发电技术 > 光伏"",""confidence"":0.8,""reason"":""项目包含358MW光伏电站作为主要电源""},{""path"":[""零碳产业"",""能量循环"",""能量存储"",""电化学储能"",""二次电池"",""锂电池""],""path_text"":""零碳产业 > 能量循环 > 能量存储 > 电化学储能 > 二次电池 > 锂电池"",""confidence"":0.7,""reason"":""项目核心包括1.2GWh电池储能系统并支撑离网运行""}]",classified,2026-09-02T00:16:50.993605+00:00,glm-5.2,2026-08-14,
Clivet launches VRF air-to-air heat pumps with inverter-free PV integration - pv magazine Global,2026-09-01,"Technology & Products
Clivet’s CVT9 VRF range offers 25.2–45 kW per module and up to 90 kW in two-module configurations. The system reportedly delivers SEER up to 8.58 and SCOP up to 4.93.
Integrated PV management enables direct 400–600 V DC solar input without a conventional PV inverter,
Massimiliano Tripodo
01 Sep 2026
Technology & Products
Commercial & industrial
Heat pumps
Residential
The VRF CVT9 heat pump
Italian heat pump manufacturer
, a subsidiary of Chinese appliance group
, has launched a new range of variable refrigerant flow (VRF) outdoor units for residential and commercial applications that can be directly integrated with photovoltaic systems without the use of conventional PV inverters.
The new CVT9 series is based on the company’s V9 platform and, according to Clivet, is fully compatible with indoor units and controls from its previous V8 generation.
The range comprises five single-module models with cooling capacities of 25.2 kW, 28 kW, 33.5 kW, 40 kW and 45 kW. Two modules can be combined to provide capacities from 50 kW to 90 kW. The largest configuration provides 90 kW of nominal heating capacity and up to 100 kW of maximum heating capacity.
The units use difluoromethane (R32) refrigerant, measures 940 mm × 1,760 mm × 840 mm and weighs either 207 kg or 224 kg, depending on capacity.
One of the main features is an integrated PV management function that can regulate grid power consumption from 0% to 100% according to electricity production from the PV array. The system uses a PV Box to provide a stable DC supply at a variable voltage of 400 V to 600 V, eliminating the need for a PV inverter, according to the manufacturer. A Smart Monitoring Box connected to the outdoor unit measures electricity consumption. Clivet said the integrated PV control system will become available in 2027.
The CVT9 units use DC inverter compressors with enhanced vapor injection (EVI) and a secondary microchannel heat exchanger. Clivet said this configuration allows the units to operate at outdoor temperatures as low as -30 C and maintain nominal heating capacity at -5 C. The compressor can modulate down to 7% of capacity, which the company said improves efficiency under partial loads.
The units have an operating temperature range of -15 C to 55 C in cooling mode and -30 C to 30 C in heating mode. Seasonal energy efficiency ratio (SEER) values for the five individual outdoor units range from 8.00 to 8.58, while seasonal coefficient of performance (SCOP) values range from 4.78 to 4.89.
For two-module configurations, SEER ranges from 8.01 to 8.53 and SCOP from 4.82 to 4.93. The values are calculated according to EN 14825.
Airflow ranges from 12,600 m3/h to 15,800 m3/h, while sound power levels span from 78 dB(A) to 85 dB(A). The units use a 380 V to 415 V, three-phase, 50 Hz power supply and provide up to 120 Pa of external static pressure.
The electronic components are housed in Clivet’s SafeBox2 system, which the manufacturer says provides protection equivalent to an IP68 rating against corrosion, sand and moisture. The circuit boards are cooled through the refrigerant circuit to maintain an operating temperature of around 30 C.
Other features include an integrated digital ammeter for real-time electricity consumption monitoring, Modbus RTU connectivity for integration with building management systems, and a Bluetooth module with a USB Type-C port for diagnostics.
For installations with constrained electrical capacity, the units offer 60 capacity-limiting settings, adjustable from 40% to 100% in 1% increments. The settings can be activated through a centralized controller or dry contact.
In two-module configurations, the system can automatically redistribute the load if an alarm occurs on one of the outdoor units. It can also alternate operating hours between the modules to balance usage and extend equipment service life.",full,,dom_or_structured_full_text,https://www.pv-magazine.com/2026/09/01/clivet-launches-vrf-air-to-air-heat-pumps-with-inverter-free-pv-integration/,pv magazine,综合新能源,光伏、氢能、储能,2026-09-01T23:52:25+00:00,零碳产业 > 能量循环 > 能源测 > 供热技术 > 热泵,零碳产业,热泵,"[{""path"":[""零碳产业"",""能量循环"",""能源测"",""供热技术"",""热泵""],""path_text"":""零碳产业 > 能量循环 > 能源测 > 供热技术 > 热泵"",""confidence"":0.92,""reason"":""核心事件是Clivet发布可直接接入光伏直流电的VRF空气源热泵新产品""}]",classified,2026-09-02T00:16:50.993605+00:00,glm-5.2,2026-08-14,
Midsummer shelves plans for solar cell factory in Sweden - pv magazine Global,2026-09-01,"Markets & Policy
The Swedish solar manufacturer says it wants to focus on international expansion with a significantly less capital-intensive business and financing model for new factories.
Patrick Jowett
01 Sep 2026
Markets & Policy
Manufacturing
Swedish thin film solar manufacturer Midsummer is putting plans for a new solar cell manufacturing factory in the southeastern municipality of Flen on hold.
Plans for the factory, intended to produce copper indium gallium selenide (CIGS) solar cells, were first announced in
Midsummer says the financing of the factory was negatively impacted after the company was rejected for an expected investment grant from the Swedish Energy Agency’s Industriklivet program.
“We would be happy to establish a new factory in Sweden in the future when commercial and financial conditions allow it, but it will not happen within the framework of the specific project planned for Flen for which we have been awarded time-limited EU support,” commented Midsummer CEO Eric Jaremalm.
The company confirmed it will forgo EU funding it has been awarded for the factory.
“Even with the EU contribution, self-financing a completely new factory of this size in Flen would have cost us several hundred million kronor and we do not find it responsible to take out such large loans or ask our shareholders for such amounts when we have found other ways to finance our expansion,” Jaremalm added.
Midsummer’s statement adds that “new attractive and significantly less capital-intensive” opportunities for establishing factories outside in Sweden have emerged.
The company explained it is shifting its long-term production strategy to an asset-light model based on collaboration with major industrial partners which will see Midsummer supply machinery and raw materials to enable local production of solar cells on different continents, rather than owning and operating all the factories itself.
Last year, Midsummer was commissioned to supply machinery and equipment with operational responsibility to a solar cell factory
in Colombia
. The company’s latest update says it has received machinery orders worth SEK 380 million ($39.6 million) for this establishment.
Midsummer adds it is also expanding production in its own factory in Bari, Italy, towards an annual production of 50 MW. Earlier this year,
pv magazine
profiled the facility",full,,dom_or_structured_full_text,https://www.pv-magazine.com/2026/09/01/midsummer-shelves-plans-for-solar-cell-factory-in-sweden/,pv magazine,综合新能源,光伏、氢能、储能,2026-09-01T23:52:27+00:00,产业经济与组织 > 企业与资本 > 企业经营与公司治理,产业经济与组织,企业经营与公司治理,"[{""path"":[""产业经济与组织"",""企业与资本"",""企业经营与公司治理""],""path_text"":""产业经济与组织 > 企业与资本 > 企业经营与公司治理"",""confidence"":0.88,""reason"":""核心是Midsummer因融资与补贴受挫搁置建厂并调整商业战略""},{""path"":[""零碳产业"",""能量循环"",""能源测"",""发电技术"",""光伏""],""path_text"":""零碳产业 > 能量循环 > 能源测 > 发电技术 > 光伏"",""confidence"":0.75,""reason"":""该企业主营CIGS薄膜太阳能电池制造，涉及光伏产能扩张计划变动""}]",classified,2026-09-02T00:16:50.993605+00:00,glm-5.2,2026-08-14,
"Negative prices reshape Europe’s solar, storage and PPA markets - pv magazine Global",2026-09-01,"Markets & Policy
According to S&P Global, rising negative electricity prices are reshaping solar, storage and PPAs across Europe. Wider price spreads are strengthening the case for batteries and more structured renewable energy ontracts.
Pilar Sánchez Molina
01 Sep 2026
Markets & Policy
Batteries
Energy Storage
Utility-scale
The expansion of solar capacity is outpacing the market’s ability to absorb its output. High solar production coinciding with moderate demand, wind generation and limited grid flexibility is leading to more frequent periods of oversupply.
As a result, low or negative prices are becoming more common during peak solar generation. At the same time, sharp price spikes are occurring more frequently on summer evenings, when flexible power plants, including gas-fired facilities, must ramp up quickly as solar output falls.
According to S&P Global, negative-price hours in the first half of 2026 across five major European markets, including Great Britain, were around 2% higher than the record levels recorded in the same period of 2025. In 2025 as a whole, the number of negative-price hours was more than 13 times higher than in 2022.
Significant differences remain between markets. France recorded the highest number of negative-price hours, with high nuclear output adding downward pressure on prices. In Germany, higher gas prices supported electricity prices during the summer, while Italy recorded no negative-price hours due to its greater reliance on gas-fired generation.
Nevertheless, the trend is spreading across most European markets.
Batteries gain value as price spreads widen
Data from Platts, part of S&P Global Energy, show that wholesale price spreads available to batteries in Germany reached daily peaks of more than €650 ($753.6)/MWh and averaged nearly €200/MWh in the second quarter of 2026, exceeding levels in Spain and Great Britain.
In solar-heavy markets such as Spain, these trends are strengthening the investment case for utility-scale storage. They are also reshaping revenues for market-exposed solar projects. Around 10% to 15% of European solar capacity is currently exposed to merchant risk, while more than 61 GW is contracted under power purchase agreements (PPAs). In Germany, for example, only around 9% of installed capacity is directly exposed to the market.
According to S&P Global, the issue is not the economic competitiveness of solar technology, but the declining value of unadjusted solar output during peak generation periods. Electricity produced by solar plants increasingly risks being generated when the system needs it least and when its market value is lowest.
PPAs evolve toward more structured products
The observed dynamic is also reshaping the PPA market. Traditional “pay-as-produced” contracts, under which buyers purchase electricity as it is generated, were designed for markets where renewable output generally retained high value and generation-profile risk was easier to absorb.
In markets with high solar penetration, that model carries greater profile risk. Buyers receive electricity when plants generate it, regardless of whether output aligns with consumption or favorable pricing periods.
“The drop in contracting for independent solar projects shows that negative prices are becoming a structural issue in PPA design, rather than just a problem for the merchant market,” said Bruno Brunetti, head of renewable revenue streams at S&P Global Energy Horizons.
Independent solar PV accounted for more than 55% of PPA deals announced in Europe in 2025. Its share fell to around one-third in the first half of 2026, with less than 3 GW contracted. Brunetti said buyers continue to seek renewable energy but increasingly favor contracts that explicitly address delivery timing, captured prices and exposure to negative-price hours.
Combining technologies is therefore becoming increasingly important, driving a shift toward asset aggregation and more structured energy products. The focus is moving beyond purchasing or generating a specific volume of renewable electricity toward managing when that electricity is produced and delivered.
S&P Global said the market is moving toward models that match generation and demand on an hourly basis. Hourly certificates and other granular certification systems could represent the next step in corporate clean energy procurement, shifting the focus from annual renewable energy volumes to matching generation with consumption over time.",full,,dom_or_structured_full_text,https://www.pv-magazine.com/2026/09/01/el-aumento-de-los-precios-negativos-redefine-las-senales-de-mercado-para-la-solar-el-almacenamiento-y-los-ppas-en-europa/,pv magazine,综合新能源,光伏、氢能、储能,2026-09-01T23:52:29+00:00,通用技术 > 通信和运输 > 电网技术 > 配电和电力交易,通用技术,配电和电力交易,"[{""path"":[""通用技术"",""通信和运输"",""电网技术"",""配电和电力交易""],""path_text"":""通用技术 > 通信和运输 > 电网技术 > 配电和电力交易"",""confidence"":0.9,""reason"":""核心事件是负电价与价差重塑欧洲电力市场、PPA和储能套利模式""},{""path"":[""零碳产业"",""能量循环"",""能源测"",""发电技术"",""光伏""],""path_text"":""零碳产业 > 能量循环 > 能源测 > 发电技术 > 光伏"",""confidence"":0.65,""reason"":""光伏过剩发电是负电价现象的主要来源并影响其购电协议""}]",classified,2026-09-02T00:16:50.993605+00:00,glm-5.2,2026-08-14,
Vehicle-integrated PV key to protecting EV batteries rather than extending range - pv magazine Global,2026-09-01,"Research & Development
UK researchers say vehicle-integrated PV could deliver greater value by preserving EV batteries rather than extending driving range. Their review also calls for dynamic, automotive-specific testing standards that account for real-world shading, vehicle movement and module curvature.
Lior Kahana
01 Sep 2026
Research & Development
Cells & modules
Mercedes-Benz’s Vision Iconic concept. Features a thin-film “solar paint”
A research group at the
University of Exeter
in the United Kingdom has conducted a literature review of vehicle-integrated PV (VIPV), arguing that battery preservation, rather than range extension, should be considered its primary value.
VIPV, not to be confused with vehicle-added PV (VAPV), involves integrating PV materials directly into a vehicle’s body. VAPV, by contrast, involves mounting conventional PV modules onto existing vehicle surfaces.
“The review further argues that the industry needs a dynamic, automotive-specific standard to both better identify ideal cell types and configurations and correctly estimate charging loads,” corresponding author Henry Betts told
pv magazine
. “Existing PV ratings, which are based on flat, static test conditions, don’t describe what happens on a moving, curved car.”
Betts added that his team’s “next step is contributing to the existing effort to build a proper dynamic standard for VIPV, so ratings better reflect real driving conditions.”
The team’s literature review covered studies published between 2015 and 2026. The researchers initially identified 1,050 records, narrowed the number to around 450 using a technical terminology filter, and ultimately selected 93 peer-reviewed articles, reviews and conference papers.
The screening focused on VIPV applications in land-based passenger and light commercial vehicles, particularly studies addressing urban shading and dynamic irradiance, while excluding marine, aerospace, satellite, drone and solar carport applications.
The researchers assessed the VIPV literature across three areas: PV materials and vehicle integration, electrical architecture, and real-world performance. They compared crystalline silicon, CIGS, III-V and perovskite-silicon technologies in terms of efficiency, cost, weight, flexibility and durability, while examining losses caused by curved surfaces and self-shading.
They also analyzed how rapidly changing urban shadows affect maximum power point tracking (MPPT) and module interconnections, finding that conventional MPPT algorithms may struggle with irradiance fluctuations of up to 100 Hz.
“It was surprising how badly standard tracking algorithms cope with city driving, with efficiency dropping to around 65% under scattered tree shade because the electronics can’t keep up with the frequency of light changes,” Betts said.
The researchers also compared large-scale projections with field evidence showing that buildings and vegetation can reduce VIPV output by more than 50% and that side-mounted modules generally receive substantially less irradiance than roof-mounted ones.
“I was particularly struck by the summer paradox,” Betts said. “Summer is conventionally the best season for solar yield. Still, because the tree leaves are at their fullest then, the shading losses actually cancel out much of that seasonal advantage.”
The review concludes that VIPV’s strongest value may lie not in extending driving range, but in reducing grid-charging frequency and slowing battery degradation through continuous, low-current trickle charging. However, its overall carbon benefit remains dependent on local irradiation, shading, vehicle lifetime and the carbon intensity of the electricity grid.
“The industry’s fixation on peak power (Wp) under standard test conditions (STC) is misplaced, since VIPV operates within a 3D solar resource that STC cannot quantify,” the group concluded. “Therefore, the author argues that a dynamic test condition, one that accounts for high-frequency shading events, vibrations, and module curvature, should be developed to characterize suitable PV materials properly.”
The article, “
The urban shading paradox: Why vehicle-integrated photovoltaics must pivot from range extension to asset protection
,” was published in
Energy 360",full,,dom_or_structured_full_text,https://www.pv-magazine.com/2026/09/01/vehicle-integrated-pv-key-to-protecting-ev-batteries-rather-than-extending-range/,pv magazine,综合新能源,光伏、氢能、储能,2026-09-01T23:52:31+00:00,零碳产业 > 能量循环 > 能源测 > 发电技术 > 光伏,零碳产业,光伏,"[{""path"":[""零碳产业"",""能量循环"",""能源测"",""发电技术"",""光伏""],""path_text"":""零碳产业 > 能量循环 > 能源测 > 发电技术 > 光伏"",""confidence"":0.88,""reason"":""核心研究主题是车用集成光伏材料、测试标准与价值定位""}]",classified,2026-09-02T00:16:50.993605+00:00,glm-5.2,2026-08-14,
"US startup develops drones to modify clouds, boost PV plant output by up to 30% - pv magazine Global",2026-09-01,"Research & Development
US startup Meteoric Technologies is developing autonomous drones designed to modify clouds and increase solar radiation reaching PV plants. The company claims the technology could boost annual PV generation by 10% to 30%.
Pilar Sánchez Molina
01 Sep 2026
Research & Development
Utility-scale
US startup Meteoric Technologies is developing a cloud-engineering system that uses fleets of autonomous drones to penetrate clouds and modify their optical properties without chemicals. The company initially plans to partially clear low- and mid-level clouds over utility-scale PV plants, with its models suggesting the technology could increase annual generation by 10% to 30%.
Cloud seeding is a weather-modification technique that involves introducing particles or other agents into clouds to alter the behavior of water droplets or ice crystals. It is typically used to encourage precipitation, reduce hail formation or disperse fog. Meteoric’s approach differs from conventional cloud seeding because it aims to modify cloud properties without introducing chemical agents.
According to the company, the process reduces the clouds’ reflectivity, allowing more sunlight to reach the PV modules below. Howeber, it has not publicly disclosed details of the mechanism used to modify the droplets.
The technology, backed by Silicon Valley accelerator Y Combinator, initially targets clouds at altitudes of around 1 km to 5 km, with Meteoric planning to deploy fleets of dozens or hundreds of drones to act directly on the water droplets within clouds.
Meteoric also claims the system would require no additional energy infrastructure and could recover some generation losses caused by cloud cover. According to the company’s cloud-loss model, low- and mid-level clouds can reduce incident solar radiation by 73% to 82% while passing over a PV plant.
The company estimates that the resulting increase in electricity generation could be worth between $5,000 and $28,000 (€4,300 and €24,100) per MW in different regions of the US power grid.
Meteoric says it has also built a prototype that dissipated 13% of an artificial cloud in cloud-chamber tests. Furthermore, it has developed a model to estimate generation losses at individual US solar plants caused by the types of cloud cover its technology is designed to address.
The company aims to reduce the cost of accessing clouds by using electric drones. It says conventional aircraft used for cloud-modification operations can cost more than $2,000 (€1,700) per hour to operate, compared with an estimated $30 to $60 (€25.80 to €52) per hour for the electric drones envisioned for its system.
The project also relies on advances in AI-based weather forecasting, with Meteoric saying improved forecasts could help predict cloud formation and movement and optimize the deployment of drone fleets over individual PV installations.
The startup plans to conduct its first large-scale cloud-clearing operation in 2027. The company says the trial will test whether its technology can modify clouds in a controlled and reproducible manner at a scale beyond laboratory experiments.
In the longer term, Meteoric plans to apply the technology to more intense weather systems. The company ultimately aims to develop drone fleets and control systems capable of intervening in clouds associated with severe storms and hurricanes in an attempt to reduce their intensity. It plans its first experimental storm-related operation for late 2028.
Meteoric is led by Mete Karslioglu and Eric Nilsson, two engineers who studied at the University of Cambridge. Karslioglu has conducted research into modifying cloud reflectivity using seawater spray systems, while Nilsson has developed water-droplet control systems and technologies for removing droplets from optical surfaces.",full,,dom_or_structured_full_text,https://www.pv-magazine.com/2026/09/01/una-startup-estadounidense-desarrolla-drones-para-modificar-nubes-y-aumentar-hasta-un-30-la-produccion-de-plantas-fotovoltaicas/,pv magazine,综合新能源,光伏、氢能、储能,2026-09-01T23:52:33+00:00,零碳产业 > 能量循环 > 能源测 > 发电技术 > 光伏,零碳产业,光伏,"[{""path"":[""零碳产业"",""能量循环"",""能源测"",""发电技术"",""光伏""],""path_text"":""零碳产业 > 能量循环 > 能源测 > 发电技术 > 光伏"",""confidence"":0.9,""reason"":""核心是通过无人机云工程提升光伏电站发电量，直接服务于光伏发电。""}]",classified,2026-09-02T00:16:58.322536+00:00,glm-5.2,2026-08-14,
Ukraine auctions 150 MW of solar - pv magazine Global,2026-09-01,"Markets & Policy
Ukraine will host two auctions, one for 50 MW of solar and another for 100 MW of solar-plus-storage, on September 25.
Patrick Jowett
01 Sep 2026
Markets & Policy
Energy Storage
Utility-scale
Ukraine’s state-owned JSC Guaranteed Buyer, the offtaker and intermediary in the country’s electricity market, is set to run two solar auctions offering a combined 150 MW on September 25.
An update posted by the Solar Energy Association of Ukraine (ASEU) explains a 50 MW auction will take place with a maximum bid price of €0.08 ($0.093)/kWh, while a 100 MW solar-plus-storage auction has a maximum bid price of €0.12/kWh.
ASEU explains participation in the solar-plus-storage auction is subject to the energy storage system being at least 80% of the installed capacity of the generating units, while its energy capacity must be at least 2 kWh per each kW of installed solar PV capacity.
The association adds that no market premium will be paid to winners between 12:00 and 13:59, with support for projects provided outside this window.
The auction can cover facilities located in the Dnipropetrovsk, Zhytomyr, Zaporizhzhia, Kyiv, Kirovohrad, Mykolaiv, Odesa, Poltava, Sumy, Kharkiv, Kherson, Cherkasy and Chernihiv regions, as well as the city of Kyiv.
“At the same time, these restrictions do not apply to areas of active hostilities and temporarily occupied territories for which no end date of hostilities or temporary occupation has been determined,” ASEU’s analysis adds.
Both auctions will be held through the state-owned digital electronic trading system JSC Prozorro.Sale.
Ukraine deployed around
of solar in 2025, taking cumulative capacity to in excess of 8.5 GW.",full,,dom_or_structured_full_text,https://www.pv-magazine.com/2026/09/01/ukraine-auctions-150-mw-of-solar/,pv magazine,综合新能源,光伏、氢能、储能,2026-09-01T23:52:35+00:00,零碳产业 > 能量循环 > 能源测 > 发电技术 > 光伏,零碳产业,光伏,"[{""path"":[""零碳产业"",""能量循环"",""能源测"",""发电技术"",""光伏""],""path_text"":""零碳产业 > 能量循环 > 能源测 > 发电技术 > 光伏"",""confidence"":0.85,""reason"":""核心事件是光伏及光储项目的容量拍卖。""},{""path"":[""公共政策与社会治理"",""政策法规"",""产业与能源政策""],""path_text"":""公共政策与社会治理 > 政策法规 > 产业与能源政策"",""confidence"":0.75,""reason"":""拍卖机制与限价属政府能源产业政策与市场支持机制。""}]",classified,2026-09-02T00:16:58.322536+00:00,glm-5.2,2026-08-14,
India’s solar module overcapacity pushes factory utilization to 35–40% - pv magazine Global,2026-09-01,"Markets & Policy
India’s solar module manufacturing capacity has surged to 233 GW, outpacing domestic demand and pushing factory utilization down to 35–40%. A new IEEFA-JMK Research report warns that continued capacity additions could intensify pressure on margins and increase the risk of stranded assets.
Uma Gupta
01 Sep 2026
Markets & Policy
Highlights
solar cells
India has gone from relying on imports for more than 90% of its solar modules to becoming the world’s second-largest solar module manufacturing hub, with 233 GW of production capacity as of June 2026. However, manufacturing capacity has expanded faster than market demand, leaving factories operating at just 35% to 40% utilization, below the 50% to 65% generally considered necessary for sustainable operations.
A new report by the Institute for Energy Economics and Financial Analysis (IEEFA) and JMK Research, “
Assessing overcapacity risk in India’s solar PV manufacturing market
,” finds that manufacturing expansion has been heavily concentrated in modules.
India’s module manufacturing capacity is now nearly seven times its cell capacity and 116 times its ingot and wafer capacity, according to the report. This has left upstream segments such as cells, wafers and polysilicon relatively underdeveloped and the supply chain dependent on imported inputs, predominantly from China.
“India has added module capacity faster than the market can absorb it,” said Prabhakar Sharma, senior consultant at JMK Research and lead author of the report. “With around 135 GW more already planned or under construction and factories running at 35–40%, the pressure on utilization, margins, and returns will only intensify. Standalone module manufacturers face a real risk of stranded assets.”
The report says the imbalance is unlikely to ease by 2030. Solar deployment in India is expected to grow strongly, but not quickly enough to absorb the manufacturing capacity already committed.
Additional demand from data centers, green hydrogen and ammonia production, and exports could add 17 GW to 22 GW by 2030, according to the report. Green hydrogen represents the largest potential source of additional demand because of the dedicated renewable energy capacity required for its production. However, the researchers said this additional demand would be insufficient to fully absorb planned manufacturing expansion.
Exports could therefore play an increasingly important role. India’s module exports are highly concentrated in the United States, which accounted for around 97% of export volumes in fiscal 2026, according to the report.
That market has been disrupted by combined US duties exceeding 200% for most Indian manufacturers. The report says the measures have contributed to a 44% to 47% decline in exports to the United States from their fiscal 2024 peak. The European Union could provide a medium-term alternative as its supply-chain and sourcing policies increasingly encourage diversification.
“India may have the opportunity to unlock new export markets, provided Indian solar PV manufacturers can effectively compete with Chinese manufacturers by investing in R&D and the manufacturing of polysilicon, ingots, wafers, and cells,” said Charith Konda, lead energy specialist at IEEFA and a contributing author of the report.
“But market access alone will not be enough,” Konda added. “Sustained export growth depends on closing the cost and technology gap with China through scale, integration, and operational efficiency.”
The report expects the widening gap between manufacturing capacity and demand to drive changes across the industry. Smaller, non-integrated manufacturers are likely to face greater pressure, while larger, vertically integrated producers could be better positioned to withstand lower utilization rates.
The researchers also expect Indian manufacturing to move further upstream, from modules into cells, wafers and eventually polysilicon, reducing dependence on imported inputs.
“The challenge is no longer building capacity; it is using it well and deepening the value chain,” said Chirag H. Tewani, senior research associate at JMK Research and a co-author of the report.
Tewani said incentives should be distributed more evenly across cells, wafers and polysilicon rather than concentrated on modules, alongside stronger industry-research collaboration and targeted, time-bound support for exporters.
“India’s entry into the Pax Silica coalition is a real opportunity to diversify silicon inputs and cut its reliance on China,” said Pulkit Moudgil, senior research associate at JMK Research and a co-author of the report.
The report also calls for faster transmission development and right-of-way (RoW) clearances to support domestic solar deployment, as well as a framework for repowering aging solar projects.
The researchers conclude that the current module manufacturing surplus could be a transitional feature of India’s rapidly expanding solar industry. They said stronger demand, industry consolidation and more disciplined investment in upstream manufacturing could help rebalance the sector over the coming decade.",full,,dom_or_structured_full_text,https://www.pv-magazine.com/2026/09/01/indias-solar-module-capacity-outpaces-demand-leaving-factories-running-at-just-35-40-utilization/,pv magazine,综合新能源,光伏、氢能、储能,2026-09-01T23:52:37+00:00,零碳产业 > 能量循环 > 能源测 > 发电技术 > 光伏,零碳产业,光伏,"[{""path"":[""零碳产业"",""能量循环"",""能源测"",""发电技术"",""光伏""],""path_text"":""零碳产业 > 能量循环 > 能源测 > 发电技术 > 光伏"",""confidence"":0.9,""reason"":""核心是印度光伏组件制造产能过剩与开工率问题。""}]",classified,2026-09-02T00:16:58.322536+00:00,glm-5.2,2026-08-14,
ATW unveils screen-printing solution for copper-metallized solar cell - pv magazine Global,2026-09-01,"Technology & Products
China’s Wuxi Autowell Technology has launched screen-printing equipment for copper and silver-coated copper pastes targeting TOPCon, back-contact, and next-generation solar cells. The product line includes cell-printing and print-on-print systems, as well as a curing furnace designed to prevent copper oxidation.
Lior Kahana
01 Sep 2026
Technology & Products
Cells & modules
The base metal overprinting line
China-based solar PV equipment manufacturer
Wuxi Autowell Technology
(ATW) has launched a screen-printing solution for copper paste and silver-coated copper paste. The new product line targets TOPCon, back-contact (BC), and next-generation solar cell technologies.
“The sintering window, glass-frit compatibility system, and oxidation-prevention process for copper pastes differ fundamentally from those of silver pastes, demanding metallization equipment with novel process windows and more precise control capabilities,” the company said in a statement. “ATW leverages its expertise in screen printing and intelligent integration to tackle this challenge from the equipment side. Its three technological pillars – precision printing, accurate alignment, and precise thermal control – enable it to overcome key equipment bottlenecks from material to mass production.”
The solution comprises three main equipment offerings: a cell-printing line, a base-metal print-on-print line, and a carrier-type curing furnace.
The cell-printing line features a parallel dual-head architecture and achieves a cycle time of 0.68 seconds or less for 182 mm wafers, with printing and flood speeds of 400 mm/s and 1,400 mm/s, respectively.
According to ATW, the dual-track line achieves a stable throughput of 10,400 wafers per hour. It offers overlay accuracy within plus or minus 6 μm and supports super multi-busbar (SMBB), zero-busbar (0BB), and ultra-fine printing for TOPCon and BC cells.
The line accommodates wafer formats ranging from 182 mm to 210 mm, including rectangular 210R wafers, and wafer thicknesses from 100 μm to 180 μm. ATW said it can be customized to handle wafers as thin as 90 μm. The minimum total line length is 15.6 meters.
The base-metal print-on-print line uses a closed-loop, high-rigidity platform, charge-coupled device (CCD) alignment, and AI-driven offset compensation to achieve overlay accuracy within plus or minus 6 μm. It is designed for multilayer printing with copper and silver-coated copper pastes.
The carrier-type curing furnace, meanwhile, is designed to prevent copper paste from oxidizing during high-temperature curing. Its temperature-control system achieves temperature uniformity within 5 C across four tracks, while an inert-gas atmosphere protects the copper electrodes against oxidation.
The furnace also features a transport mechanism. ATW said it can operate alongside the company’s light-injection annealing furnaces and other supporting equipment.
ATW also announced plans for a Solar Cell Metallization Laboratory, where it will build experimental lines and testing equipment for post-cell processing. The facility will include equipment for environmental reliability testing, electrical performance testing, material characterization, and various processing steps.
“ATW emphasizes that reducing reliance on silver is not solely a cost competition but a fundamental issue concerning the environmental sustainability and resource viability of the PV industry,” the company said. “ATW will continue investing in R&D for copper printing, Print-on-Print precision, curing furnace thermal optimization, and ultra-thin wafer handling. By integrating precision equipment with intelligent algorithms, it aims to expand low-silver and silver-free process windows for its customers.”",full,,dom_or_structured_full_text,https://www.pv-magazine.com/2026/09/01/atw-unveils-screen-printing-solution-for-copper-metallized-solar-cell/,pv magazine,综合新能源,光伏、氢能、储能,2026-09-01T23:52:39+00:00,零碳产业 > 能量循环 > 能源测 > 发电技术 > 光伏,零碳产业,光伏,"[{""path"":[""零碳产业"",""能量循环"",""能源测"",""发电技术"",""光伏""],""path_text"":""零碳产业 > 能量循环 > 能源测 > 发电技术 > 光伏"",""confidence"":0.92,""reason"":""核心是面向TOPCon/BC等太阳能电池的铜浆丝网印刷设备。""}]",classified,2026-09-02T00:16:58.322536+00:00,glm-5.2,2026-08-14,
DOE selects Lightbridge for program aimed at accelerating advanced nuclear fuel,2026-09-01,"Lightbridge Corporation has been selected for the U.S. Department of Energy’s Nuclear Energy Launch Pad INL program, giving the advanced nuclear fuel developer an accelerated pathway to establish a manufacturing facility at Idaho National Laboratory (INL). The move could be an important step for Lightbridge’s proprietary metallic nuclear fuel, which is being developed to eventually operate inside commercial nuclear reactors. The company says the facility would manufacture Lead Test Assemblies (LTAs), full-scale fuel assemblies that can be placed into operating commercial reactors for testing. In nuclear fuel development, LTAs represent a critical bridge between laboratory experiments and eventual commercial deployment. From laboratory samples to a commercial reactor Lightbridge is developing a metallic fuel intended to improve the performance of existing and future nuclear reactors. According to the c ompany’s announcement , its selection by the DOE’s National Reactor Innovation Center provides a pathway toward DOE authorization to design, build, and operate a dedicated manufacturing facility at INL. The company calls the planned facility the Special High-assay low-enriched uranium Extrusion Demonstration (SHED) facility. Lightbridge says SHED would allow it to manufacture its first LTAs at production scale and test them in commercial reactors. The facility would also allow the company to validate its manufacturing equipment, processes and quality-control systems before moving toward a much larger commercial manufacturing operation. Developing a new nuclear fuel isn’t simply a matter of proving that the material works in a laboratory. The fuel must also be manufactured consistently, meet stringent quality requirements and demonstrate its performance under the demanding conditions inside a reactor. Why metallic fuel could matter Lightbridge Fuel is a proprietary metallic nuclear fuel designed around the company’s goal of increasing the power reactors can generate. The company says the fuel could increase the power output of an existing reactor by up to 10% without modifying its steam generators . Plants equipped with higher-capacity steam generators could potentially see increases of up to 20%, while new reactors designed around the technology could achieve roughly a one-third increase, according to Lightbridge. Those figures are company projections, however, and the technology still needs to progress through testing and qualification before such benefits could be demonstrated commercially. The attraction is straightforward: increasing the output of existing nuclear plants could add electricity without requiring an entirely new reactor. That could become increasingly relevant as electricity demand rises from data centers, artificial intelligence and broader electrification. SHED is a stepping stone, not the final factory Lightbridge is already testing fuel material at INL’s Advanced Test Reactor. The company said an initial batch of irradiated samples was discharged in May 2026, with post-irradiation examination expected to begin later this year. SHED would represent the next stage, producing full-scale LTAs for commercial-reactor testing. In parallel, Lightbridge is working with an engineering, procurement and construction firm on its proposed Lightbridge Expandable Fuel Facility (LEFF). That facility is envisioned as a commercial-scale manufacturing plant capable of initially producing a few reactor reload batches per year and expanding over time. The sequence is therefore deliberate: test the material, demonstrate production at a larger scale, put the fuel into commercial reactors , and then develop the infrastructure needed for broader manufacturing. Lightbridge expects SHED construction to potentially begin as early as next year, although detailed costs and timelines are still being developed. A faster route toward nuclear fuel commercialization The DOE’s Launch Pad program is intended to give nuclear technology developers a more streamlined route for demonstrating technologies at INL. For Lightbridge, the significance is less about having a new nuclear fuel design on paper and more about gaining a pathway to actually manufacture and test it at reactor scale. The company still faces substantial technical and regulatory milestones before its fuel could become a commercial product. Its upcoming irradiation results, SHED development, and eventual LTA testing will provide some of the most important evidence of whether the technology can move beyond the laboratory.",full,,rss_full_content,https://interestingengineering.com/energy/doe-selects-lightbridge-for-program-aimed-at-accelerating-advanced-nuclear-fuel,interesting engineering,综合科技,无,2026-09-01T23:52:44+00:00,零碳产业 > 能量循环 > 能源测 > 发电技术 > 核电,零碳产业,核电,"[{""path"":[""零碳产业"",""能量循环"",""能源测"",""发电技术"",""核电""],""path_text"":""零碳产业 > 能量循环 > 能源测 > 发电技术 > 核电"",""confidence"":0.9,""reason"":""核心是Lightbridge先进金属核燃料在商业反应堆的测试与制造路径。""}]",classified,2026-09-02T00:16:58.322536+00:00,glm-5.2,2026-08-14,
China targets deeper copper-gold reserves with planned 1.8-mile scientific drill,2026-09-01,"East China could gain a major local source of copper and gold after an exploration campaign mapped a large ore body at the Chating deposit in Xuancheng, Anhui Province. The findings could support a production base serving nearby smelters, cable manufacturers and new-energy industries, according to CCTV News. China’s Ministry of Natural Resources announced the findings on Tuesday, following more than 70 drilling operations completed in four months this year. The campaign established the scale of the Shangchang village ore body within the Chating mining area and pointed to further resources beneath and around the deposit. Drilling reveals extensive mineralization The main ore body identified so far measures approximately 1.2 kilometers (0.75 miles) long and 1.1 kilometers (0.68 miles) wide. Mineralization encountered in a single drill hole exceeded 1,370 meters in thickness, while one exploration hole extended beyond 2,000 meters. Chating is currently the largest identified porphyry copper-gold deposit in the middle and lower reaches of the Yangtze River, according to the report. The ministry described its copper resources as equivalent to several large copper mines and its gold resources as exceeding those of 10 large gold mines. The figures cited for comparison were 500,000 tons of copper and 20 tons of gold per large mine. Local supply for industrial demand Lin Bin, the exploration site’s technical lead and a deputy laboratory director at the Chinese Academy of Geological Sciences, said the campaign had clarified the deposit’s deeper and surrounding resource potential. “Discovering a copper-gold deposit of this scale in the heartland of the Yangtze River Delta gives it particularly strong geographical and infrastructure advantages,” Lin said. The delta hosts major copper smelting, cable manufacturing and new-energy industries, but has relatively limited locally sourced copper and gold. Much of its copper concentrate arrives from western China or overseas, adding transportation costs and exposing supply chains to international market and geopolitical disruptions. Developing Chating could bring raw materials closer to those users. Lin said the exploration work aims to help mining enterprises increase reserves and production, strengthening the region’s ability to supply its own mineral needs. The deposit also contains silver and sulfur, which could be recovered alongside copper and gold to improve resource use. Lin said its relatively high gold grades add to its development potential. A deeper search beneath volcanic basins Beyond the resource findings, the campaign could broaden exploration in eastern China’s volcanic basins. According to the report, the discovery challenges the traditional geological view that extensive volcanic basins are unlikely to contain large porphyry copper-gold deposits. It also highlights mineral potential associated with the Yanshanian Orogeny along the middle and lower Yangtze. The team plans a 3,000-meter scientific drilling project to examine the mineralization system and deeper resources beneath the continental volcanic basin. “We believe that many volcanic basins along the Yangtze River metallogenic belt could contain similar porphyry copper deposits, indicating enormous potential for further mineral exploration,” Lin said . The findings suggest that volcanic basins around Xuancheng and Nanling in Anhui, and Lishui and Liyang in Jiangsu, could warrant further investigation.",full,,rss_full_content,https://interestingengineering.com/innovation/china-maps-copper-gold-ore-body,interesting engineering,综合科技,无,2026-09-01T23:52:44+00:00,零碳产业 > 物质循环 > 资源处理 > 勘探技术,零碳产业,勘探技术,"[{""path"":[""零碳产业"",""物质循环"",""资源处理"",""勘探技术""],""path_text"":""零碳产业 > 物质循环 > 资源处理 > 勘探技术"",""confidence"":0.92,""reason"":""核心是安徽铜金矿床的钻探勘查与资源评价。""}]",classified,2026-09-02T00:16:58.322536+00:00,glm-5.2,2026-08-14,
"World’s tallest dam puts three units online, delivers 500 million kWh of clean power",2026-09-01,"China has activated the third generating unit at the Shuangjiangkou Hydropower Station in Sichuan Province, bringing all three units in the first phase into operation. China Energy Investment Corp shared the update on Monday, calling it another step forward in building the world’s tallest dam and a major hydropower plant on the Dadu River. The project aims to boost electricity supplies in Sichuan and the Chengdu-Chongqing area, especially when demand is high. The project also reflects China’s efforts to build more large hydropower plants and better manage water resources in the region. World’s tallest dam takes shape The Shuangjiangkou Hydropower Station has a dam that stands 1,033 feet (315 meters) tall, making it the tallest in the world. The plant is designed to have a total capacity of 2 gigawatts, using four Francis turbines, each producing 500 megawatts. The reservoir can store about 766 billion gallons (2.9 billion cubic meters) of water. Built on the upper part of the Dadu River, the station is meant to support power generation, flood control, and water resource management. The first generating unit started working in June. Now that three units are running, the project has already delivered about 500 million kilowatt-hours of clean electricity. This helps meet high summer demand in Sichuan and the Chengdu-Chongqing region. Massive output planned Once the last unit starts working, the station should produce about 7.7 billion kilowatt-hours of electricity each year. It is also expected to boost electricity output at downstream hydropower stations by around 6.6 billion kilowatt-hours annually. The large reservoir will allow operators to manage water flows according to electricity demand and seasonal conditions. This capability could improve power supply security and help stabilize the regional grid as demand changes. Lin Boqiang, director of the China Center for Energy Economics Research at Xiamen University, told the Global Times on Monday that the project’s importance extends beyond electricity production. “Such flexibility is becoming increasingly important as wind and solar capacity expands rapidly,” Lin said , noting that reservoir hydropower can help balance fluctuations from variable renewable sources. Challenging construction site The station was built in a high-altitude area with difficult geological and geographic conditions. Low temperatures and a short effective construction season added further challenges for engineers working on the massive structure. Experts said the project demonstrates China’s ability to develop ultra-high rock-fill dams and high-head flood-discharge systems independently. Its commissioning also reflects advances in the country’s large-scale hydropower engineering capabilities. The reservoir’s regulating capacity is expected to become increasingly useful as Sichuan adds more wind and solar generation. Hydropower can adjust output when renewable production changes, supporting a more flexible electricity system. Hydropower capacity expands China has continued adding hydropower capacity as part of its broader clean-energy expansion. The National Energy Administration said on July 30 that the country added 6.03 gigawatts of hydropower capacity during the first half of the year. Conventional hydropower accounted for 3.03 gigawatts, while pumped-storage projects contributed another 3 gigawatts. By the end of June, China’s total installed hydropower capacity had reached 454 gigawatts. Major power producers generated 588.6 billion kilowatt-hours from hydropower during the first six months of the year. Hydropower facilities nationwide averaged 1,452 hours of utilization during the period.",full,,rss_full_content,https://interestingengineering.com/energy/worlds-tallest-dam-puts-three-units-online,interesting engineering,综合科技,无,2026-09-01T23:52:44+00:00,零碳产业 > 能量循环 > 能源测 > 发电技术 > 水电,零碳产业,水电,"[{""path"":[""零碳产业"",""能量循环"",""能源测"",""发电技术"",""水电""],""path_text"":""零碳产业 > 能量循环 > 能源测 > 发电技术 > 水电"",""confidence"":0.97,""reason"":""核心事件是世界最高坝水电站机组投运并交付清洁电力，属于常规水电开发运营。""}]",classified,2026-09-02T00:17:07.163380+00:00,glm-5.2,2026-08-14,
This drone uses touch instead of cameras to find and grip branches,2026-09-01,"Researchers at TU Delft have developed a drone that can perch on branches using touch rather than relying solely on cameras. The drone uses tactile sensors to detect and understand a branch as it approaches, allowing it to adjust its position before gripping the surface. Once securely attached, the drone can shut down its motors and remain perched, reducing noise and conserving battery power. The approach could help drones operate for longer periods in cluttered environments such as forests, where conventional vision-based systems can struggle to locate and grasp suitable perching points.Drone That FeelsThe drone uses touch sensing to locate, approach, and grip branches, allowing it to perch without depending entirely on cameras. The system combines a lightweight anthropomorphic robotic hand with soft capacitive sensors and a tactile control system that lets the drone detect a branch through physical contact. Rather than requiring an accurate visual model of the target, the drone can begin with only a rough estimate of where the branch is and use touch to progressively refine its position and orientation.At the center of the system is a three-fingered robotic hand designed to provide both mechanical compliance and tactile feedback. Each finger consists of three rounded phalanges connected by revolute joints, giving it a structure similar to a human finger. Torsional springs at the joints provide passive stiffness and naturally return the fingers toward a closed position, reducing the amount of active control and power required to hold a branch.The fingers are also built from a combination of rigid and soft materials. The structural backbones of the phalanges are 3D-printed from PLA, while soft silicone interfaces provide friction and compliance when the fingers contact a branch. Embedded capacitive sensing pads are positioned across the phalanges, allowing contact to be detected at multiple points rather than relying on a single sensor. The tactile sensors use copper foil embedded beneath the silicone surface. When a sensorized phalanx touches a conductive object, the electrical capacitance changes. An MPR121 capacitive sensing controller processes these changes and converts them into binary contact signals, giving the drone real-time information about whether and where its fingers have made contact.The researchers use these signals as part of a closed-loop flight-control system. Instead of simply flying toward a predetermined landing point, the drone actively searches the area around its estimated target. It follows a sinusoidal figure-eight pattern while simultaneously opening and closing its fingers. The search pattern is also stepped vertically, allowing the hand to cover a larger volume around the estimated branch position.Touch guides droneThe first tactile contact triggers a change in the drone’s behavior. Once a finger detects the branch, the system uses the contact information to determine how the drone is positioned relative to the target. It then adjusts its flight position and orientation while continuing to monitor contact across the fingers.According to researchers, the control architecture is organized as a sequence of states, including takeoff, searching, touch detection, approach, positioning, rotation, finalization, perching, and abort. This allows the drone to respond dynamically to contact rather than treating the grasp as a single predetermined maneuver.A particularly important part of the system is its ability to determine whether the grasp is stable. The drone waits for appropriate contact information across the hand before completing the perching maneuver. If the attempt fails, it can retreat to a safe hovering position and restart the approach.The approach is designed around the limitations of small aerial vehicles, where additional weight and continuous motor operation can quickly drain a battery. By using passive mechanical elements, lightweight materials, and low-power tactile sensing, the hand can support the drone while minimizing the energy required for interaction.Once the system confirms a secure grasp, the drone can switch off its propulsion motors and remain attached to the branch. This converts touch from a simple collision-detection mechanism into an active source of information for aerial navigation, positioning, and grasp control.",full,,dom_or_structured_full_text,https://interestingengineering.com/ai-robotics/watch-drone-trades-cameras-for-touch-to-master-the-art-of-perching-on-branches,interesting engineering,综合科技,无,2026-09-01T23:52:47+00:00,通用技术 > 通信和运输 > 航空,通用技术,航空,"[{""path"":[""通用技术"",""通信和运输"",""航空""],""path_text"":""通用技术 > 通信和运输 > 航空"",""confidence"":0.85,""reason"":""核心对象是无人机通过触觉传感实现栖停与抓取，属于无人机技术进展。""},{""path"":[""AI与智能科技"",""具身智能"",""硬件和控制""],""path_text"":""AI与智能科技 > 具身智能 > 硬件和控制"",""confidence"":0.78,""reason"":""新闻核心涉及机器手、触觉传感器与抓取控制系统等机器人硬件与控制技术。""}]",classified,2026-09-02T00:17:07.163380+00:00,glm-5.2,2026-08-14,
US unveils 30-foot high-performance 3D-printed boat reaching 40 knots,2026-09-01,"Shipbuilding used to mean months of labor, custom wooden frames, and massive upfront tooling costs. Now, it takes a digital blueprint and a giant nozzle squeezing out molten composite. The University of Maine’s Advanced Structures and Composites Center (ASCC) launched the 3Dirigo X, a 30-foot boat that sliced through the water at speeds approaching 40 knots. Most of all, it proves additive manufacturing has outgrown the tech-demo phase to become an integral part for defense and commercial industry.Print on demandCompared to UMaine’s 2019 Guinness World Record-setting original 3Dirigo, which proved that a massive 3D-printed boat could float, the newly developed 3Dirigo X represents a dramatic leap forward. This updated vessel was designed specifically to withstand the violent dynamic forces, high speeds, and harsh realities of open-ocean transit.Speed matters in production, too. When researchers first began tinkering with large-scale additive manufacturing, printers squeezed out material at a sluggish 20 pounds per hour. Today, the ASCC prints at 500 pounds per hour.“What’s different today, again, is the fact that we can model and design vessels,” said Habib Dagher, executive director of the ASCC.“We have developed technologies to design vessels that can withstand the kinds of extreme environments in the open ocean. Today is a big milestone for our research and development projects. There is more work to do to continue to optimize the manufacturing process and the material properties,” Dagher added. That speed is about to double. With federal backing supported by U.S. Sen. Susan Collins, UMaine is gearing up to open its 55,000-square-foot GEM facility, dubbed the “Factory of the Future.” Once operational, printing rates will hit 1,000 pounds an hour.Accelerates naval prototypingUMaine’s record-breaking MasterPrint system can produce structures up to 100 feet long, 20 feet wide, and 10 feet tall. To build these massive vessels, the system uses a bio-based thermoplastic composite that blends polymers with wood cellulose and forest byproducts. This innovation provides a sustainable, recyclable alternative to fiberglass while directly strengthening Maine’s economy by utilizing its local timber industry.Standard shipyards use expensive, single-use molds. Change the mission requirements, and you must build a new mold. With digital manufacturing, engineers simply tweak the CAD file and hit print, churning out replacement parts, patrol craft, logistics vessels, or uncrewed sensor platforms on demand. According to the team, the launch of 3Dirigo X marks an ongoing research phase rather than a finished product. Using “digital twin” technology, engineers can continuously learn from real-world testing and iterate designs in real time. It would ensure every subsequent build becomes stronger and more refined.“This is not a finish line,” said Keith DeVries, Manufacturing Technology (ManTech) Director at the Office of the Secretary of Defense.DeVries added: “This boat just started a new journey, being run through its paces to evaluate its suitability in the waters of the Atlantic, its ability to stand up over time, over stress. Those things need to be evaluated. We need to understand what this means and feed that back into our models.”The trial will help measure long-term stress, hull integrity, and material wear. Proving its mettle against the Atlantic will show that the next era of naval manufacturing belongs to 3D printing.",full,,dom_or_structured_full_text,https://interestingengineering.com/innovation/us-team-demonstrates-30-foot-3d-printed-vessel-at-speeds-up-to-40-knots,interesting engineering,综合科技,无,2026-09-01T23:52:49+00:00,通用技术 > 通信和运输 > 水路运输,通用技术,水路运输,"[{""path"":[""通用技术"",""通信和运输"",""水路运输""],""path_text"":""通用技术 > 通信和运输 > 水路运输"",""confidence"":0.78,""reason"":""核心事件是大型3D打印高速船舶的建造与海试，属于船舶制造与航运技术。""}]",classified,2026-09-02T00:17:07.163380+00:00,glm-5.2,2026-08-14,
US Army tests robotic swarm concept with Bradley carrying FireAnt UGVs,2026-09-01,"The U.S. Army is experimenting with a new way to bring small unmanned ground vehicles into armored formations. Carrying them directly on an M2A4 Bradley infantry fighting vehicle. Footage released by Swarmbotics AI on August 25, 2026, shows a Bradley carrying at least five FireAnt unmanned ground vehicles (UGVs) during the U.S. Army’s Pegasus Charge 3 experiment with the 1st Cavalry Division. The demonstration offers a glimpse of how existing armored vehicles could potentially transport and deploy multiple small robotic systems alongside their traditional crewed roles.A Bradley carrying a robotic swarmIn this Video, the FireAnts are visible on the Bradley’s external storage area, with five identifiable on the vehicle’s left side. The available footage does not establish whether another group of robots was mounted on the opposite side, nor does it show precisely how the vehicles would be removed and deployed.What is clear is that the Army is experimenting with physically integrating several small UGVs onto an existing frontline combat platform rather than relying on a purpose-built robotic carrier.Swarmbotics AI described the activity as “Ground swarms making movement to contact during Pegasus Charge 3 with the 1st Cavalry Division.” The experiment forms part of the 1st Cavalry Division’s broader work with emerging autonomous technologies under the Army’s Transformation in Contact initiative.FireAnt is designed for different missionsFireAnt is a small, modular and attritable UGV developed by Swarmbotics AI for swarm operations. The company has described the platform as capable of supporting missions including intelligence, surveillance and reconnaissance, electronic warfare and counter-uncrewed aircraft operations.According to Army Recognition, FireAnt has also previously been shown in configurations designed for one-way attack and anti-armor missions. However, the vehicles visible in the new Bradley footage do not appear to feature the prominent anti-armor warhead configuration shown in earlier imagery. That leaves their specific role during Pegasus Charge 3 unclear.The modular design nevertheless means the same basic robotic platform could potentially be configured for different missions depending on the payload it carries.The Army is testing more than the robotsThe Bradley-FireAnt combination is significant not simply because the Army can physically carry several robots on an armored vehicle, but because it highlights a larger question. How should robotic systems actually become part of combat formations? Swarmbotics AI CEO and co-founder Stephen Houghton said, “Getting robots into the fight requires innovation and the flexibility to rethink doctrine.”That means determining how robots are transported, controlled, tasked, and integrated with soldiers and existing command structures. Using a Bradley as a carrier provides one way to explore those questions without waiting for an entirely new generation of specialized robotic vehicles.It could eventually allow armored formations to carry additional unmanned systems forward with them, giving commanders more options for reconnaissance, sensing or other missions in areas where exposing soldiers or larger crewed vehicles may carry greater risk.The video provides a particularly tangible glimpse of the Army’s approach to human-machine teaming. Instead of viewing small UGVs as independent systems operating separately from armored formations, the Pegasus Charge 3 demonstration shows them being physically integrated with a vehicle already used by soldiers.How effectively such systems can be controlled, sustained, and employed alongside soldiers will determine whether this unusual configuration becomes a recurring feature of future armored warfare.",full,,dom_or_structured_full_text,https://interestingengineering.com/military/us-bradley-carrying-multiple-fireant-ground-robots,interesting engineering,综合科技,无,2026-09-01T23:52:51+00:00,国防与安全科技 > 国防装备 > 武器与防御系统,国防与安全科技,武器与防御系统,"[{""path"":[""国防与安全科技"",""国防装备"",""武器与防御系统""],""path_text"":""国防与安全科技 > 国防装备 > 武器与防御系统"",""confidence"":0.88,""reason"":""核心事件是美军装甲车辆搭载部署小型无人地面车辆的作战试验，属防御系统测试。""},{""path"":[""AI与智能科技"",""具身智能"",""硬件和控制""],""path_text"":""AI与智能科技 > 具身智能 > 硬件和控制"",""confidence"":0.7,""reason"":""涉及小型无人地面机器人集群与本体的集成部署，与机器人硬件相关。""}]",classified,2026-09-02T00:17:07.163380+00:00,glm-5.2,2026-08-14,
US nuclear plant decommissioned in 2022 set for historic restart,2026-09-01,"The Palisades nuclear power plant, located on Lake Michigan and decommissioned after 40 years of operation in 2022, is now getting a new lease of life after energy company Holtec International is working to restore it to active operation status. The first-ever such transition in the U.S. reached an important milestone when fuel loading began at the site recently. As countries look to reduce their dependence on fossil fuels, nuclear energy is making a major comeback. Once a popular energy source, nuclear power plants took a back seat because of high initial costs and long lead times. With limitations of renewable energy sources coming to the fore, nuclear power offers a reliable and round-the-clock source of carbon-free energy, prompting countries to embrace it. Interesting Engineering previously reported that China is building a record number of nuclear reactors toward its net-zero goal to be achieved by 2060. Although the US isn’t matching China’s pace, it is bringing back a nuclear power plant that had commercially shut down: the Palisades. Palisades nuclear power plantThe Palisades nuclear power plant is located five miles away from South Haven, Michigan, and was owned by CMS Energy before its sale in 2007. Located on a 432-acre site, the power plant features a single pressurized water reactor and uses a Westinghouse turbine generator to produce upto 725 MW of electricity. The facility’s initial license expired in 2011 but was renewed for an additional 20 years. However, its then owner, Entergy, decided to shut down the nuclear plant after the business decided to exit the civilian nuclear power sector. The plant entered decommissioning after its sale to Holtec International, which then applied to the Civil Nuclear Credit Program to reopen the plant. With help from a power purchase agreement, $300 million in funding from the Michigan state government, and a $1.5 billion loan from the Department of Energy, Holtec began the process of restarting the power plant. First-ever restartAs part of the restart process, Holtec carried out extensive inspections of the facility and equipment upgrades or refurbishments depending on the requirements. Among them were replacement of control rod drive mechanism nozzles, reinforcement of tubes in steam generators, removal of accumulated corrosive species from these generators, and decontamination and passivation of the primary system. After years of work, the facility has reached a milestone where fuel loading can begin and will be performed in Mode 6 under the plant’s Technical Specifications as it works toward a restart of operations. “Loading fuel into the Palisades reactor is an important milestone and a reflection of the tremendous effort of the men and women who have brought this plant to this point,” said Holtec International’s Chief Nuclear Officer Fadi Diya in a press release. “I am proud to lead an organization with such talented and dedicated people who have a deep sense of pride in this plant and a deep commitment to their community. We remain focused on disciplined execution of the remaining work and returning Palisades to safe and reliable operation.”The reactor core now consists of 204 fuel assemblies, including new and partially used fuel, and will support the plant’s 805 MW output.",full,,dom_or_structured_full_text,https://interestingengineering.com/energy/fuel-loading-first-ever-restart-nuclear-power-plant,interesting engineering,综合科技,无,2026-09-01T23:52:53+00:00,零碳产业 > 能量循环 > 能源测 > 发电技术 > 核电,零碳产业,核电,"[{""path"":[""零碳产业"",""能量循环"",""能源测"",""发电技术"",""核电""],""path_text"":""零碳产业 > 能量循环 > 能源测 > 发电技术 > 核电"",""confidence"":0.96,""reason"":""核心事件是Palisades核电站退役后重启并装料，属核电工程与运营。""}]",classified,2026-09-02T00:17:07.163380+00:00,glm-5.2,2026-08-14,
Old industrial robot transformed into a badminton partner for practice,2026-09-01,"A used industrial robot arm has been transformed into a badminton-playing machine that can serve shuttlecocks for practice.The project repurposes a Denso VS-050 robotic arm, turning it into a court-side training system that delivers repeatable shots without requiring another player. The unusual conversion was undertaken by badminton enthusiast Travis Mitchell, who spent about six months developing the system. The project demonstrates how industrial robotics can be adapted for recreational applications, combining a surplus robot arm with a custom-built launching mechanism to create an automated badminton partner.Industrial arm servesA used Denso VS-050 industrial robot arm has been transformed into an automated badminton training machine that can select, aim, and fire shuttlecocks across a court. Mitchell developed the system by repurposing a six-axis industrial arm with a custom launcher, shuttlecock magazine, pneumatic actuators, and high-speed spinning wheels. The project took about six months to develop, with much of the work focused on designing a reliable mechanism that could consistently grip and launch shuttlecocks without damaging or misdirecting them.At the heart of the machine is the Denso VS-050, a compact industrial robotic arm that provides the positioning and movement required to pick up shuttlecocks and place them into the launcher. Denso’s published 3D model of the arm allowed Mitchell to import accurate geometry into Fusion and design a custom wrist-mounted assembly around it. The resulting mechanism combines the robot’s movement capabilities with a dedicated shuttlecock-feeding system.The launcher uses two 400-watt AC servo motors to drive a pair of spinning wheels. When a shuttlecock is positioned between the wheels, friction between the rotating surfaces accelerates it and sends it over the net. Two pneumatic cylinders handle the feeding process: one grips and holds the shuttlecock, while the other pushes it toward the spinning wheels. The entire assembly is mounted to an aluminum frame attached directly to the robot’s wrist.Automated badminton coachBuilding the launcher required extensive experimentation with the materials used for the high-speed wheels. The wheels need to remain lightweight and precisely balanced while rotating at speeds of up to 6,000 rpm. They must also provide enough grip on the shuttlecock’s nylon skirt to generate consistent launches without deforming or expanding at high rotational speeds.Several materials were tested, including EVA foam, gum rubber, silicone sheets, and 3D-printed components coated with Flex Seal. These approaches either failed to provide sufficient grip or stretched excessively under rotation. The final design uses a 3D-printed plastic wheel hub with a narrow silicone strip serving as the contact surface. This combination provided a better balance between grip, weight, and high-speed stability.The system also includes an automated ammunition system. A motorized carousel holds six tubes, each capable of storing roughly 20 shuttlecocks, giving the machine a capacity of about 120 shots before reloading. A time-of-flight sensor checks whether a shuttlecock is correctly positioned in the active tube. If the tube is empty, the carousel advances to the next one; if it is loaded, the system waits for the robotic arm to retrieve the shuttlecock.The software stores different robot positions and launch configurations and can repeat them. Up to 127 programmed positions can be used, allowing the machine to vary where and how it serves shuttlecocks. The arm can therefore function as more than a simple launcher, providing repeatable shots from different positions and trajectories.The completed system is mounted on a height-adjustable base and transported on a wheeled cart carrying the compressor and electronics. The setup operates from a 240-volt supply and was first tested in the workshop before being moved onto a badminton court. After refining the pneumatic feeding mechanism and launcher wheels, the converted industrial robot could repeatedly serve shuttlecocks for training without requiring another player to feed them.",full,,dom_or_structured_full_text,https://interestingengineering.com/ai-robotics/industrial-robot-transformed-into-badminton-partner,interesting engineering,综合科技,无,2026-09-01T23:52:56+00:00,AI与智能科技 > 具身智能 > 硬件和控制,AI与智能科技,硬件和控制,"[{""path"":[""AI与智能科技"",""具身智能"",""硬件和控制""],""path_text"":""AI与智能科技 > 具身智能 > 硬件和控制"",""confidence"":0.82,""reason"":""核心是将旧工业机械臂改造成发球训练机器人，涉及机械臂本体、执行器与控制。""}]",classified,2026-09-02T00:17:07.163380+00:00,glm-5.2,2026-08-14,
New MH-139 helicopter boosts US nuclear security by 50% more speed,2026-09-01,"The U.S. Air Force has started using the MH-139A Grey Wolf for its nuclear security mission, announcing the helicopter’s initial operational capability (IOC) on August 10. This marks the beginning of replacing the Vietnam-era UH-1N Huey, which has guarded the country’s intercontinental ballistic missile (ICBM) fields for over 50 years.The new helicopter offers more speed, range, troop space, and better defenses for a mission where security teams must respond quickly across wide, remote areas. This change comes as the Air Force also gets ready to replace its Minuteman III ICBMs with the new LGM-35A Sentinel system.A faster aircraft for missile securityThe MH-139A Grey Wolf is almost 50 percent faster than the UH-1N Huey and can carry twice as many troops. Its longer range and better defenses help security teams reach missile sites and respond to threats faster.“For more than half a century, the UH-1N Huey has been a key element of our Inter-Continental Ballistic Missile (ICBM) security, and we owe a debt of gratitude to the crews who flew and maintained it over all these years,” said Gen. S.L. Davis, commander of Air Force Global Strike Command. “Securing these missiles demands our best efforts and the MH-139 will significantly improve our capabilities.”The Grey Wolf will support 20th Air Force to cover an area of about 33,600 square miles. The mission includes prairies, plains, and mountains, where helicopters need to fly over remote areas at any time of day.Testing paved the wayThe IOC announcement came after years of testing, training crews, and getting ready for operations, all led by the 582nd Helicopter Group.The 550th Helicopter Squadron finished the MH-139’s first test and evaluation flight in January 2025. One year later, the 40th Helicopter Squadron carried out the helicopter’s first operational Minuteman III convoy mission.In January 2026, an MH-139 escorted maintenance and armored security vehicles for over 100 miles during a six-hour trip. The helicopter finished the mission without needing to refuel, showing it can handle long operations across missile fields.Supporting the Sentinel transitionThe Grey Wolf will also help as the Air Force brings in the LGM-35A Sentinel and retires the Minuteman III facilities. Its longer range, faster speed, and modern controls are meant to help security teams protect nuclear assets during this change.“It has been a distinct privilege to watch the iconic Huey faithfully support our global operations throughout my entire career,” expressed Col. Bryant Bevan, commander of the 582nd Helicopter Group. “However, this transition represents a critical leap forward.”“The advanced capabilities of the MH-139A Grey Wolf will directly empower our airborne forces with the enhanced speed, range and survivability required to decisively defend and secure the Minuteman III weapons system,” Bevan added.Beyond the missile fieldsThe Grey Wolf’s role will extend beyond escorting convoys and responding to emergencies around ICBM sites. The helicopter will also support search and rescue missions, disaster response, and medical evacuations.With the IOC milestone now reached, the Air Force can begin a broader operational transition toward the MH-139A as the Huey gradually leaves the nuclear security mission. The change brings a modern helicopter into a mission that has relied on the UH-1N since the Cold War era.",full,,dom_or_structured_full_text,https://interestingengineering.com/military/us-nuclear-security-gets-mh-139-helicopter,interesting engineering,综合科技,无,2026-09-01T23:52:58+00:00,国防与安全科技 > 军事平台 > 军事航空航天,国防与安全科技,军事航空航天,"[{""path"":[""国防与安全科技"",""军事平台"",""军事航空航天""],""path_text"":""国防与安全科技 > 军事平台 > 军事航空航天"",""confidence"":0.93,""reason"":""核心事件为美军新型MH-139A直升机投入核安保任务，属军用直升机平台。""}]",classified,2026-09-02T00:17:17.627612+00:00,glm-5.2,2026-08-14,
"US manure-to-gas facility aims to cut emissions by 63,700 metric tons",2026-09-01,"Cattle manure from a Nebraska feedlot is set to become a source of renewable natural gas under a project that could also support fuel production for ships. Ameresco and its subsidiary Neogenyx Fuels have broken ground on the facility at Adams Land & Cattle in Broken Bow, where eight anaerobic digesters will process livestock waste.The August 26, 2026 ceremony marked the start of construction on Neogenyx Fuels’ first agricultural renewable natural gas facility. Designed to produce approximately 1.2 million MMBtu annually, the project will supply gas for transportation and other energy applications while recovering materials for use as bedding and fertilizer.Eight digesters to process manureOwned by Neogenyx Fuels, the facility will capture manure from the feedlot and convert it into biogas through anaerobic digestion.Its eight digesters are designed to generate more than 4,400 standard cubic feet per minute of biogas, which will then be upgraded to pipeline-quality renewable natural gas.The facility will also return process byproducts to agricultural use. Recovered materials will serve as livestock bedding and fertilizer onsite, making those outputs part of the feedlot’s operations alongside gas production.Adams Land & Cattle CEO Abram Babcock said the partnership would improve how the business manages its resources.“Through our partnership with Neogenyx Fuels, we are converting a resource we have always managed into pipeline-quality renewable natural gas, while creating a more consistent fertilizer product for local agriculture.”Potential route to maritime fuelBeyond transportation and other energy uses, Neogenyx Fuels sees a possible role for the project in supplying the maritime sector.Its renewable gas could potentially support bio-LNG production for global shipping markets, although the announcement does not confirm a dedicated maritime supply arrangement.“The Adams Land & Cattle RNG facility demonstrates how American agriculture can play an important role in the future of renewable fuels,” said Michael Bakas, CEO of Neogenyx Fuels.“By converting livestock waste into renewable natural gas with the potential to support bio-LNG production for global maritime markets, this project connects Nebraska to the growing demand for lower-carbon energy solutions across the world while driving private investment, job creation and local economic growth,” he added. The release did not specify how much of the facility’s expected output might eventually serve maritime applications.Emissions cuts and agricultural reuseAmeresco expects the project to reduce greenhouse gas emissions by approximately 63,700 metric tons annually. The company compares that reduction with the carbon sequestered by roughly 63,800 acres of US forest each year.These figures describe anticipated performance once the facility operates. The announcement did not provide a construction completion date or a commissioning schedule.The groundbreaking brought together agricultural, energy, government and community representatives, with remarks from Nebraska Governor Jim Pillen, US Senator Pete Ricketts and American Biogas Council Vice President of Policy Heather Dziedzic, alongside company leaders.Attendees also toured the future facility site following the ceremony. For Adams Land & Cattle, the development ties renewable fuel production to its stated goals of improving operations, supporting local farmers and building a business that can continue across generations.",full,,dom_or_structured_full_text,https://interestingengineering.com/energy/manure-to-gas-facility-in-nebraska-aims-to-cut-annual-emissions-by-63700-metric-tons,interesting engineering,综合科技,无,2026-09-01T23:53:00+00:00,零碳产业 > 物质循环 > 有机物（碳循环） > 有机工业 > 生物过程 > 传统生物化工,零碳产业,传统生物化工,"[{""path"":[""零碳产业"",""物质循环"",""有机物（碳循环）"",""有机工业"",""生物过程"",""传统生物化工""],""path_text"":""零碳产业 > 物质循环 > 有机物（碳循环） > 有机工业 > 生物过程 > 传统生物化工"",""confidence"":0.9,""reason"":""核心为畜禽粪便厌氧消化制生物沼气，属成熟生物过程产业。""},{""path"":[""零碳产业"",""能量循环"",""能量存储"",""化学能"",""可再生燃料""],""path_text"":""零碳产业 > 能量循环 > 能量存储 > 化学能 > 可再生燃料"",""confidence"":0.75,""reason"":""项目产出可再生天然气并面向交通与船用燃料应用。""}]",classified,2026-09-02T00:17:17.627612+00:00,glm-5.2,2026-08-14,
US signs 2 missile agreements to expand factories and speed deliveries,2026-09-01,"The United States is seeking to triple production capacity for PAC-3 MSE interceptors and quadruple it for THAAD under two framework agreements aimed at expanding the supply of specialized missile components.Announced in Washington by the Department of War, the agreements with General Dynamics Ordnance and Tactical Systems and Lockheed Martin initiate seven-year multiyear procurement contracts. They are designed to increase component quantities and shorten delivery schedules for the two air and missile defense programs, with General Dynamics responsible for scaling up specialized parts.Building the components behind the interceptorsThe manufacturing expansion will cover motor cases, seeker housings and midsections, and shroud deployment systems. These are among the essential subcomponents identified in the announcement as priorities for the production ramp-up.For the Patriot Advanced Capability-3 Missile Segment Enhancement program, known as PAC-3 MSE, the stated goal is a threefold increase in interceptor production capacity.For the Terminal High Altitude Area Defense system, or THAAD, the target is a fourfold increase.Those figures represent capacity goals under the new frameworks. The announcement does not specify current production rates, the number of additional interceptors expected each year, or deadlines for achieving the increases.Although the broader targets concern interceptor capacity, the agreements focus on the critical components needed to support that expansion.The department did not provide separate production targets for each component category or detail how work would be divided across manufacturing locations.Seven-year demand to support factory investmentThe frameworks are intended to give manufacturers and their suppliers a clearer view of demand over several years. According to the department, they guarantee minimum annual procurement quantities, giving industry a basis for planning workforce expansion, bulk material purchases, and facility upgrades.That approach extends beyond General Dynamics to its lower-tier suppliers, whose investments will also support the planned increase in component manufacturing.However, funding remains subject to annual appropriations. The seven-year procurement structure therefore provides a long-term demand signal while retaining that annual funding condition.The announcement does not disclose the value of either agreement or the minimum quantities to be procured each year. It also does not identify facilities that will receive upgrades or provide workforce expansion figures.Pentagon seeks faster industrial expansionThe department presented the agreements as part of a broader effort to change how it works with industry and expand domestic manufacturing.“Today’s announcement represents an example of the evolution of how we partner with industry to expand the Arsenal of Freedom, outpace emerging threats, and ensure the Warfighter never faces a fair fight,” said Under Secretary of War for Acquisition and Sustainment Michael P. Duffey.“General Dynamics and Lockheed Martin have answered the call. We are cutting red tape, shortening timelines, and rapidly scaling our domestic manufacturing capacity to deliver the advanced air and missile defense capabilities,” he added.The framework agreements set out the procurement approach and production ambitions for that effort. Their stated purpose is to translate a longer planning horizon into increased component availability and faster deliveries for both interceptor programs.",full,,dom_or_structured_full_text,https://interestingengineering.com/military/us-backs-7-year-procurement-frameworks-to-expand-patriot-and-thaad-manufacturing,interesting engineering,综合科技,无,2026-09-01T23:53:03+00:00,国防与安全科技 > 国防装备 > 武器与防御系统,国防与安全科技,武器与防御系统,"[{""path"":[""国防与安全科技"",""国防装备"",""武器与防御系统""],""path_text"":""国防与安全科技 > 国防装备 > 武器与防御系统"",""confidence"":0.94,""reason"":""核心事件为PAC-3与THAAD拦截弹扩产采购协议，属防空反导武器系统。""}]",classified,2026-09-02T00:17:17.627612+00:00,glm-5.2,2026-08-14,
New soft robotic hand grips eggs gently and lifts a full water bottle,2026-09-01,"Robots can automate factories and speed down racetracks, but these machines are still imperfect in many ways. For instance, the simple human act of gripping an object with just the right amount of force remains one of automation’s toughest challenges. But experts are slowly solving this.Now, Korean researchers have developed a soft, 3D-printed robotic hand so delicate it can cradle a raw egg without cracking the shell, yet strong enough to hoist a full one-liter water bottle without losing its grip.The Korea Advanced Institute of Science and Technology (KAIST) used AI to discover an optimal material recipe that makes 3D-printed products as stretchable as rubber without clogging printers.Interestingly, this optimal chemical recipe for a 3D-printable material stretches to over six times its original length without tearing.“This research is significant as it shows that combining researchers’ experimental data with artificial intelligence can efficiently identify optimal material combinations that were previously difficult to find,” explained Professor Seungchul Lee. “We expect it to be used to more rapidly develop 3D-printing materials with the performance needed across a range of fields, including soft robots, wearable devices, and custom medical devices,” Lee added. AI-based material design framework proposed in this study and its application to soft robotics. Credit: KAISTOvercoming printing challengeDigital Light Processing (DLP) 3D printing operates by projecting light patterns onto a vat of liquid resin, instantly curing it into solid layers to form complex shapes. However, creating stretchable objects with DLP created a engineering impasse: the polymer chains required to give a material high elasticity and durability make the liquid resin thick and viscous, preventing it from flowing smoothly into thin layers during the printing cycle. On the other hand, diluting the resin with solvents or low-molecular-weight additives thins the liquid for easy printing, but it disrupts the polymer network, leaving the final product brittle and prone to tearing.Instead of relying on years of manual trial and error, a collaborative Korean research team (KAIST, KIST, and SEOULTECH) used machine learning to discover an ideal 3D-printing material. The AI was trained on a dataset of chemical formulations, including hard-to-print, high-viscosity failures. The model mapped out how minor chemical adjustments influenced flow rates and light-curing speeds. This allowed the AI to identify a balanced recipe that flows smoothly during the printing process while curing into a highly durable resin that stretches to over six times its original length without tearing.Soft actuator demonstrationTo test their creation, the team printed soft pneumatic actuators — small hollow structures that flex when filled with air. When pressurized, the material expanded like a balloon, curling into the natural shape of a human finger.Combining these actuators into a soft robotic hand produced remarkable results. The hand effortlessly adapted its grip to hold computer mice, egg cartons, slick glass bottles, and fragile eggs, demonstrating a level of adaptable soft-touch control that rigid robotics struggle to replicate.Apart from flexible robotic grippers, this AI-driven approach promises to accelerate production across multiple biomedical and industrial fields. This AI-driven framework eliminates years of manual testing by rapidly predicting optimal material formulations for specific manufacturing needs. As a result, it accelerates the creation of custom anatomical medical implants, tear-resistant wearable sensors for human joints, and gentle robotic tools designed to work safely alongside humans.The development proves that sometimes the best way to tackle a rigid engineering challenge is to soften it up.The findings were presented in the journal Nature Communications.",full,,dom_or_structured_full_text,https://interestingengineering.com/ai-robotics/soft-robotic-hand-grips-fragile-eggs,interesting engineering,综合科技,无,2026-09-01T23:53:05+00:00,AI与智能科技 > 具身智能 > 硬件和控制,AI与智能科技,硬件和控制,"[{""path"":[""AI与智能科技"",""具身智能"",""硬件和控制""],""path_text"":""AI与智能科技 > 具身智能 > 硬件和控制"",""confidence"":0.9,""reason"":""核心成果为3D打印软体机器人灵巧手，可轻柔抓取物体。""}]",classified,2026-09-02T00:17:17.627612+00:00,glm-5.2,2026-08-14,
Quadruped robot learns to jump through tight gaps without human help,2026-09-01,"Researchers have developed a learning-based approach that enables four-legged robots to pass through narrow openings rapidly. The system is designed to help quadruped robots perform agile movements that are difficult to achieve using conventional control methods. Inspired by how dogs sprint toward obstacles and leap through tight spaces, the approach allows a robot to decide when to jump and adjust its movement accordingly. The researchers demonstrated the system on a quadrupedal robot, showing how learning-based control could help machines navigate confined spaces faster and more autonomously.Robot learns leapingThe new system allows a quadruped to assess an obstacle, select an appropriate movement, and dynamically leap through it without relying on a pre-programmed jumping sequence. The technology was demonstrated on a 48-pound (22 kilograms) Unitree Aliengo robot, which autonomously traversed gates comparable in size to its own body.At the core of the system, developed by researchers at the University of Hong Kong (HKU) and the Oxford Robotics Institute, is a hierarchical reinforcement learning framework called ConsJump. Rather than teaching the robot every movement from scratch, the researchers divided control into two levels.Legged robots require highly aggressive locomotion skills and perception when they jump through a narrow space that is comparable with their body size.The low-level controller gives the robot a library of agile movements. It was trained using imitation learning to reproduce animal-like motion patterns, including pacing, cantering, jumping, and steering. These movements were adapted to the robot’s physical structure using inverse kinematics, allowing the system to learn how to coordinate its joints while maintaining a natural movement style. Jumping motions were given greater emphasis during training to help the robot master the more demanding aerial maneuvers.The high-level controller acts more like a decision-maker. It receives information about the environment and determines which movement should be used and when the robot should transition between them. Instead of directly controlling individual joints, it generates forward velocity and turning commands that are passed to the low-level locomotion system. This allows the robot to combine different learned movements continuously rather than switching abruptly between fixed motion sequences.Quadruped learns agilityVision is another key part of the technology. The robot uses an onboard Intel D435i RGB-D camera to identify the gate and determine its size and position. The perception system processes both color and depth information to detect the rectangular opening, calculate its center, and estimate its geometry. That information is then fed into the high-level controller, which uses the robot’s own state and the gate’s position to determine how it should approach the obstacle.According to the team, it allows the robot to make decisions dynamically instead of following a fixed trajectory. As it approaches a gate, the robot can transition from a slower-paced gait to a high-speed running jump. During testing, it accelerated to as much as 2.5 meters per second before rapidly decelerating to prepare for landing. The system also coordinates the robot’s joints during flight, allowing its feet to avoid the edges of the opening. The airborne phase lasted about 0.44 seconds.The researchers trained the low-level controller in simulation using 5,480 agents running in parallel and then transferred the learned behavior to the physical robot. To improve the transfer from simulation to reality, the training varied factors such as motor strength, latency, offsets, and added mass. On the physical Aliengo, the controllers ran on an onboard computer, while the perception system processed camera data separately.The approach also allows the robot to cope with changing conditions. Tests showed that it could adapt to different gate positions and uneven terrain, including situations where its feet slipped before takeoff. Because the low-level movement policy remains fixed while the high-level controller selects how those skills are used, the researchers say the same architecture can be adapted to other demanding robotic tasks without retraining the entire locomotion system.The result is a quadruped that combines animal-inspired movement with machine vision and hierarchical AI, bringing robots closer to the rapid, coordinated agility that allows animals such as dogs to navigate challenging environments.",full,,dom_or_structured_full_text,https://interestingengineering.com/ai-robotics/quadruped-robot-jump-through-tight-gaps,interesting engineering,综合科技,无,2026-09-01T23:53:08+00:00,AI与智能科技 > 具身智能 > 模型和具身操作系统,AI与智能科技,模型和具身操作系统,"[{""path"":[""AI与智能科技"",""具身智能"",""模型和具身操作系统""],""path_text"":""AI与智能科技 > 具身智能 > 模型和具身操作系统"",""confidence"":0.9,""reason"":""核心为四足机器人学习式运动控制与技能调度框架。""}]",classified,2026-09-02T00:17:17.627612+00:00,glm-5.2,2026-08-14,
Kratos to build military hardware to help US troops operate in field,2026-09-01,"Kratos Defense & Security Solutions has secured an approximately $35 million production award to manufacture military-grade hardware and related systems for a national security program, the company announced on August 31.The equipment is expected to support warfighters operating directly in the field. Kratos will produce the hardware at a secure facility but has withheld details about the customer, equipment, location, and program for national security and other reasons.Hardware designed for large-scale productionKratos develops and manufactures hardware for the United States and allied national security programs, with its current production work spanning hypersonic systems, counter-unmanned aerial systems, air defense, missiles, radars, and high-powered directed-energy technologies.The latest award falls under the company’s C5ISR business, which produces military-standard hardware and weapon-system components intended to meet demanding operational requirements. Kratos says its approach involves working with customers during the initial engineering and design stages so that systems can subsequently move into production without significant changes.“Kratos is a recognized industry leader in the engineering and large-scale production of military-grade hardware in support of certain of the United States’ and its allies’ most important National Security programs and initiatives,” said Tom Mills, President of Kratos C5ISR. “If a customer wants its product or system engineered correctly up front, for successful, on-schedule, on-budget production, we believe that we are the preferred, go-to partner,” he continued. Recent missile and air-defense awardsThe unidentified program adds to several national security contracts Kratos has announced over the past year. In July, the company received an approximately $36 million sole-source contract for a new air-defense missile system, with work also assigned to a secure manufacturing facility.Kratos separately secured a $7 million production order in March for a counter-UAS system designed to detect, track, and classify low-profile drones, cruise missiles, and other airborne threats.In August, the U.S. Army’s DEVCOM C5ISR Center selected the company to develop, build, and test an enhanced infrared seeker for the Javelin Close Combat Missile System. That project is intended to replace obsolete elements within the missile’s existing guidance section and produce a seeker ready for future manufacturing.None of these previously announced projects has been publicly connected to the new $35 million award.Production capacity for national security systemsKratos has been expanding its domestic manufacturing infrastructure as demand grows for missile, counter-drone, radar, hypersonic, and air-defense equipment. In July, it opened a 167,000-square-foot facility in Pennsylvania to manufacture and test military hardware, including equipment for directed-energy weapons, missile transporters, mobile launchers, hypersonic systems, and strategic radar platforms.“Kratos’ C5ISR Business is a crown jewel of Kratos and a national asset for our country,” said Eric DeMarco, President and CEO of the company. “Kratos has the workforce, infrastructure, technical capability and past performance qualifications to complete the mission and engineer and build mil-spec hardware and weapon systems correctly the first time for our partners and customers,” he added. Kratos said it would not release additional information about the latest program because of customer and national security restrictions.",full,,dom_or_structured_full_text,https://interestingengineering.com/military/kratos-to-build-military-hardware,interesting engineering,综合科技,无,2026-09-01T23:53:12+00:00,国防与安全科技 > 国防装备 > 武器与防御系统,国防与安全科技,武器与防御系统,"[{""path"":[""国防与安全科技"",""国防装备"",""武器与防御系统""],""path_text"":""国防与安全科技 > 国防装备 > 武器与防御系统"",""confidence"":0.88,""reason"":""Kratos获军规武器系统硬件生产合同，涵盖导弹、反无人机与定向能装备。""}]",classified,2026-09-02T00:17:17.627612+00:00,glm-5.2,2026-08-14,
Tennessee grants first fusion license for 400MW stellarator plant,2026-09-01,"A 400-megawatt fusion power plant using a stellarator design is moving closer to construction in Tennessee after Type One Energy received the state’s first fusion-specific license.The license clears a key regulatory step for Project Infinity, which is planned for the Tennessee Valley Authority’s Bull Run Energy Complex in Clinton. Type One Energy plans to break ground on the project’s first phase this year and expects full startup by 2034.The company’s Infinity Two is designed to generate 400 megawatts of electricity using stellarator technology. The project is being developed with the Tennessee Valley Authority, Oak Ridge National Laboratory and the University of Tennessee.Stellarators use complex, three-dimensional magnetic fields to confine the superhot plasma needed for fusion. Unlike the more widely known tokamak design, the magnetic coils in a stellarator are twisted around the plasma chamber, creating a configuration intended to keep the plasma confined without relying on a large electrical current running through it.Stellarator design reaches deploymentThe Tennessee license is significant because it is the first issued under a state regulatory framework specifically created for nuclear fusion machines. Tennessee developed the framework after the Nuclear Regulatory Commission delegated regulation of fusion energy production to the states.That gives Type One Energy a defined licensing route as it moves its stellarator technology from development toward a commercial power plant.The Bull Run project will be developed in phases. The site is also intended to become a fusion development campus involving Type One Energy, TVA, Oak Ridge National Laboratory and the University of Tennessee.“For the first time, a fusion power plant-specific licensing process has been developed and then used to grant a fusion-specific license to operate a fusion machine, consistent with a national regulatory framework for fusion energy,” said Christofer Mowry, CEO of Type One Energy. “The importance of this milestone cannot be overstated. Tennessee’s licensing process is now the international benchmark for how to ensure fusion power plant ‘safety by design’ in a manner that can unlock the compelling economics of this transformational power generation technology. We are grateful and honored to receive this initial fusion machine license for Project Infinity.”Fusion works by combining light atomic nuclei to form a heavier nucleus, releasing energy in the process. The challenge for power developers is maintaining the extreme conditions required for the reaction while controlling the resulting plasma and extracting useful heat.Type One Energy’s approach is built around stellarator confinement. The company says its Infinity Two design is based on a deuterium-tritium fusion reaction and is designed to produce 800 megawatts of fusion power, with 400 megawatts delivered to the electrical grid.Tennessee builds fusion testbedThe project is also notable for where it is being developed. Bull Run is a former fossil-fuel power site, and the planned fusion campus would repurpose existing energy infrastructure while bringing together a commercial developer, a major utility and research institutions.The first phase of Project Infinity involves Infinity One, a prototype and workforce training facility that will help Type One and TVA test technologies intended for the larger power plant. Type One says Infinity One is scheduled for commissioning and startup in 2029.The new license therefore covers more than a paperwork milestone. It establishes a regulatory framework that Tennessee expects could be used as other fusion machines move toward commercial deployment.“As the global epicenter of nuclear energy, Tennessee is building the workforce, infrastructure and regulatory framework needed to lead the next generation of nuclear innovation,” said Gov. Lee. “By creating a clear path for emerging technologies like fusion, we’re advancing the reliable, abundant American energy we’ll need for generations to come.”If Project Infinity stays on schedule, Tennessee could become an early test case for whether stellarator technology can move from experimental fusion systems to a grid-scale power plant.",full,,dom_or_structured_full_text,https://interestingengineering.com/energy/tennessee-type-one-energy-stellarator-fusion-plant-license,interesting engineering,综合科技,无,2026-09-01T23:53:14+00:00,零碳产业 > 能量循环 > 能源测 > 发电技术 > 核电,零碳产业,核电,"[{""path"":[""零碳产业"",""能量循环"",""能源测"",""发电技术"",""核电""],""path_text"":""零碳产业 > 能量循环 > 能源测 > 发电技术 > 核电"",""confidence"":0.92,""reason"":""核心事件是仿星器核聚变电站获得许可并推进建设，属核聚变发电研发与核电工程。""}]",classified,2026-09-02T00:17:27.310201+00:00,glm-5.2,2026-08-14,
$33.4M autonomous launcher uses swappable pods for flexible firepower,2026-09-01,"The U.S. Army has started prototype development of a new autonomous launcher that could give commanders more flexible firepower across the battlefield. The service awarded a $33.4 million Other Transaction Agreement to the Georgia Tech Research Institute (GTRI), which will integrate the system’s major components.The effort centers on the Common Autonomous Multi-Domain Launcher (CAML), part of the Army’s broader Fires modernization push. GTRI will spend roughly 36 months developing and integrating the prototype before the Army begins Increment Zero demonstrations.Modular launcher takes shapeCAML will use a modular architecture instead of relying on one complete launcher design. The Army plans to pair an autonomous mobility platform with interchangeable munitions pallets, allowing engineers to test different combinations.That separation could make the launcher easier to adapt as the Army evaluates new technologies. Engineers can develop mobility and weapons components independently, then connect them through common interfaces during the integration process.The approach also allows multiple technical partners to contribute specialized systems. The Army can therefore evaluate individual technologies without requiring one contractor to develop every part of the launcher.GTRI will serve as the link between those independently developed components. Its responsibilities include systems engineering, interface integration, modeling and simulation, along with integrated testing of the prototype.GTRI integration roleGetting separate components to operate as one system will become a central engineering challenge for CAML. GTRI will need to verify that the launcher’s mobility, mission systems and munitions interfaces work together under realistic operating conditions.The institute will also develop the integrated acceptance test plan and lead physical testing. Those tests should reveal how well the modular architecture performs once individual components operate as part of a complete launcher.The Army expects another major award to follow, covering the Autonomous Mobility Platform. Additional prototype awards could support other CAML components as the competitive development effort continues.That structure gives the Army several opportunities to compare competing technologies during development. It also creates the possibility of replacing individual components without forcing engineers to redesign the entire launcher.Soldiers to test prototypesThe Army plans to use several forms of experimentation before deciding whether CAML should move beyond the prototype stage. Live-fire demonstrations, virtual simulations and direct Soldier testing will generate data for future decisions.Those results could influence the launcher’s requirements, software integration and eventual production configuration. Soldier feedback will also give engineers a clearer picture of how the system performs outside laboratory and simulation environments.Lt. Gen. Frank Lozano, the Army’s Portfolio Acquisition Executive for Fires, said CAML will help the service experiment with different launcher concepts. He described the effort as a way to learn quickly while pursuing more adaptable and survivable Fires capabilities.CAML does not represent a production decision at this stage. The Army instead wants to use the prototype effort to determine which autonomous and modular technologies can deliver useful capabilities on the multi-domain battlefield.",full,,dom_or_structured_full_text,https://interestingengineering.com/military/army-caml-modular-autonomous-launcher-gtri,interesting engineering,综合科技,无,2026-09-01T23:53:16+00:00,国防与安全科技 > 国防装备 > 武器与防御系统,国防与安全科技,武器与防御系统,"[{""path"":[""国防与安全科技"",""国防装备"",""武器与防御系统""],""path_text"":""国防与安全科技 > 国防装备 > 武器与防御系统"",""confidence"":0.93,""reason"":""核心事件是陆军自主化多域发射器原型的研发，属火力打击武器系统开发。""}]",classified,2026-09-02T00:17:27.310201+00:00,glm-5.2,2026-08-14,
"US lithium tech secures deal for 8,000 tons of battery material",2026-09-01,"A new US lithium deal will secure 8,000 metric tonnes of battery-quality lithium carbonate each year for 10 years, giving a major battery maker a long-term domestic source of a key material.The lithium carbonate will come from the South West Arkansas (SWA) Project in Arkansas, developed by Smackover Lithium, a partnership between Standard Lithium and Equinor.The project will use direct lithium extraction (DLE) and purification to produce battery-grade lithium carbonate. The agreement is aimed at supporting lithium iron phosphate (LFP) battery production for the growing North American energy storage market.For the battery maker, the deal also helps build a local supply chain in the US, connecting domestic lithium sourcing with its existing battery manufacturing operations.Arkansas lithium enters pipelineThe 10-year agreement represents a potential 80,000 metric tonnes of lithium carbonate over the contract period. The material will meet non-Prohibited Foreign Entity (non-PFE) requirements, an increasingly important consideration for companies seeking to build supply chains within the US.The lithium will be used as a key material for cathode production in LFP batteries. LFP chemistry has become increasingly important in energy storage because it offers a different balance of cost, durability and safety compared with other lithium-ion chemistries.The deal comes as electricity demand and the deployment of energy storage systems continue to grow in North America. Battery manufacturers are under pressure to secure reliable supplies of critical materials while reducing exposure to overseas supply chains.The battery company already operates seven production facilities in the US, including three standalone sites. Several have production capacity for LFP batteries.By combining those manufacturing operations with lithium carbonate produced in Arkansas, the agreement creates a more localized path from raw material sourcing to battery production.“We are excited to be entering into this agreement with LG Energy Solution, one of the world’s leading battery producers with a diverse and global customer base and a presence in many dynamic and growing industry segments,” said David Park, CEO of Standard Lithium. “We expect this to be the beginning of a long and mutually beneficial partnership whereby we will provide LG Energy Solution with a long-term supply of U.S.-based and sustainably produced battery-quality lithium carbonate.”DLE changes lithium extractionThe SWA Project will use DLE to extract lithium before purification into battery-quality lithium carbonate. Unlike conventional mining approaches, DLE is designed to selectively extract lithium from lithium-bearing brine.The process is becoming a major technology focus as companies look for ways to increase domestic lithium production while limiting the land and material requirements associated with conventional extraction.For the US battery industry, developing local lithium production could also reduce dependence on imported materials and strengthen supply security for rapidly expanding energy storage and electric vehicle markets.The agreement is another step in that direction, pairing domestic lithium extraction with an established US battery manufacturing footprint.“We are pleased to begin this partnership with Smackover Lithium and the agreement marks another step toward establishing a solid and resilient supply chain that keeps our products competitive in key strategic markets,” said Kang Yeol Lee, Procurement Center Leader of LG Energy Solution. “By bringing both battery production and sourcing to the U.S., we will deliver competitive and sustainable products to our customers driving the global energy storage and EV markets.”",full,,dom_or_structured_full_text,https://interestingengineering.com/energy/us-lithium-dle-battery-supply-arkansas,interesting engineering,综合科技,无,2026-09-01T23:53:19+00:00,零碳产业 > 物质循环 > 无机物 > 有色金属 > 其它有色金属产业,零碳产业,其它有色金属产业,"[{""path"":[""零碳产业"",""物质循环"",""无机物"",""有色金属"",""其它有色金属产业""],""path_text"":""零碳产业 > 物质循环 > 无机物 > 有色金属 > 其它有色金属产业"",""confidence"":0.88,""reason"":""核心是美国本土电池级碳酸锂供应协议，属锂关键金属的生产与供应链。""}]",classified,2026-09-02T00:17:27.310201+00:00,glm-5.2,2026-08-14,
Army air defenses get $40M boost with actuators and rugged computers,2026-09-01,"Curtiss-Wright has won roughly $40 million in contracts to supply critical hardware for the U.S. Army’s Indirect Fire Protection Capability Increment 2 (IFPC Inc 2).Leidos awarded the contracts for the ground-based air-defense system. Curtiss-Wright will provide electromechanical actuators and compact mission computers for mobile defense platforms.IFPC Inc 2 will help the Army counter cruise missiles, rockets, and unmanned aircraft systems. The system can acquire, track, and engage threats from ground-based positions.Precision control for launchersCurtiss-Wright’s electromechanical actuators will provide precise movement and positioning for the system. The company adapted commercial roller screw and motor technologies for military applications.Roller screws convert rotary motion into controlled linear movement. That makes them useful when equipment needs accurate positioning while handling substantial forces.The actuators can operate across different force, speed, and positioning requirements. Curtiss-Wright also modified the technology to meet the Army’s environmental and performance standards.Electromechanical actuation can offer advantages over hydraulic systems in certain defense applications. It eliminates hydraulic fluid while providing direct electrical control over mechanical movement.That can matter on mobile platforms where engineers must manage space, weight, and power consumption. Defense equipment also needs to maintain reliable performance under demanding operating conditions.Lynn M. Bamford, Curtiss-Wright’s chair and CEO, said the contracts expand the company’s support for Leidos and the Army’s IFPC program.She highlighted the military’s demand for more efficient systems with lower size and weight requirements. Higher power efficiency also remains important as mobile platforms add more onboard technology.Rugged computers handle missionsCurtiss-Wright will also supply its DuraCOR 8044 mission computer for IFPC applications. The rugged system targets platforms with strict size, weight and power requirements.The DuraCOR 8044 uses Intel’s 11th-generation Xeon W processor, known as Tiger Lake-H. Curtiss-Wright designed the computer for demanding mobile and embedded applications.Its intended applications include ground and airborne platforms, sensors, and manned or unmanned vehicles. That makes rugged computing an important component of modern defense systems.Mission computers process information from sensors and other onboard equipment. In an air-defense system, that processing supports the flow of information needed to identify and track potential threats.The physical design also matters in military environments. Computers mounted on vehicles can face vibration, temperature changes, and limited space.The DuraCOR 8044 addresses those constraints while providing computing capability for systems that cannot depend on conventional computing infrastructure.Guam defense adds strategic roleIFPC Inc 2 has a broader role in the Army’s plans for defending against evolving aerial threats. The system is expected to support operations in the Indo-Pacific, including the Defense of Guam.Guam holds strategic importance for U.S. forces in the region. Its location also makes layered air defenses important as potential threats become more diverse.IFPC is designed to address several threat categories from a ground-based platform. Its ability to detect, track, and engage those targets depends on multiple technologies working together.Curtiss-Wright’s actuators will contribute to the system’s mechanical control. Its mission computers will provide computing hardware for the mobile defense architecture.Curtiss-Wright will perform the work through its Aerospace & Industrial and Defense Electronics segments. The $40 million award adds specialized hardware to an Army program focused on countering increasingly complex aerial threats.",full,,dom_or_structured_full_text,https://interestingengineering.com/military/curtiss-wright-40m-army-air-defenses,interesting engineering,综合科技,无,2026-09-01T23:53:21+00:00,国防与安全科技 > 国防装备 > 武器与防御系统,国防与安全科技,武器与防御系统,"[{""path"":[""国防与安全科技"",""国防装备"",""武器与防御系统""],""path_text"":""国防与安全科技 > 国防装备 > 武器与防御系统"",""confidence"":0.93,""reason"":""核心事件是为陆军IFPC防空反导系统提供作动器与任务计算机硬件。""}]",classified,2026-09-02T00:17:27.310201+00:00,glm-5.2,2026-08-14,
New lithium isotope tech gets $7M to power advanced reactors,2026-09-01,"A New Mexico company has raised $7 million to scale a technology designed to produce enriched lithium-6 and lithium-7, two isotopes needed for next-generation nuclear energy systems.Molten Salt Solutions (MSS) said the oversubscribed seed round will help move its isotope-enrichment technology from laboratory validation to pilot-scale production. The company plans to use the funding to expand its technical and operations teams and fulfill active customer agreements.Lithium-6 is particularly important for fusion reactors because it can help produce the tritium needed to sustain fusion reactions. Lithium-7, meanwhile, is used in advanced fission concepts, including molten salt reactors.The US currently lacks commercial-scale production of either isotope, making domestic enrichment capacity an important part of the country’s effort to build a secure nuclear fuel supply chain.Enriched lithium powers reactorsThe financing was led by Dolby Family Ventures, with participation from Vanedge Capital Partners, Alumni Ventures, Gaingels, True Ventures and Future Ventures.MSS said its technology is designed for large-scale lithium enrichment and is intended to address a supply bottleneck that could become more important as fusion and advanced fission technologies move toward commercial deployment.“Fusion and small modular fission reactors are racing toward commercialization and are necessary to meet growing global power demands. Both depend on a secure domestic supply of enriched lithium. MSS meets this need,” said John Elling, CEO of Molten Salt Solutions.“This investment enables us to scale our technology and production capability to meet the demands of advanced reactors today and in the future.”The company describes its enrichment platform as 100 times more efficient than legacy enrichment approaches. That efficiency claim is central to its attempt to build production capacity without relying on existing isotope-enrichment infrastructure.The new funding will also support MSS as it expands beyond lithium. The company said it is developing a broader portfolio of enriched isotopes aimed at emerging technology markets.US rebuilds lithium isotope supplyMSS’s funding comes as the US seeks to strengthen domestic supply chains for materials needed by advanced energy systems. Enriched lithium is a particularly specialized part of that chain because the two isotopes serve different functions in nuclear technologies.For fusion, lithium-6 has a role in the fuel cycle because reactions involving the isotope can generate tritium, which is itself a key fusion fuel. Future fusion plants therefore need a reliable source of lithium capable of supporting fuel production.Lithium-7 has a different role. It is used in advanced fission molten salt reactor designs, where molten lithium-containing salts can serve as part of the reactor system.MSS said the $7 million round follows a previous $3 million pre-seed raise and more than $5 million in grants, including funding through New Mexico’s Advanced Energy Award. The latest round brings the company’s disclosed funding from these sources to more than $15 million.The company was founded by entrepreneurs and isotope-enrichment specialists from Los Alamos National Laboratory. Its immediate goal is to establish pilot-scale production while continuing to develop partnerships across the fusion and advanced nuclear industries.The timing is significant because both fusion and advanced fission developers face a common challenge beyond reactor design: building the specialized supply chains needed to operate these systems at scale.For MSS, producing enriched lithium domestically could therefore become an enabling technology for reactors that are still moving from experimental systems toward commercial power generation.",full,,dom_or_structured_full_text,https://interestingengineering.com/energy/lithium-isotope-enrichment-tech-7m-funding,interesting engineering,综合科技,无,2026-09-01T23:53:23+00:00,产业经济与组织 > 企业与资本 > 投融资、并购与资本市场,产业经济与组织,投融资、并购与资本市场,"[{""path"":[""产业经济与组织"",""企业与资本"",""投融资、并购与资本市场""],""path_text"":""产业经济与组织 > 企业与资本 > 投融资、并购与资本市场"",""confidence"":0.85,""reason"":""新闻核心事件是公司获得700万美元种子轮融资。""},{""path"":[""零碳产业"",""能量循环"",""能源测"",""发电技术"",""核电""],""path_text"":""零碳产业 > 能量循环 > 能源测 > 发电技术 > 核电"",""confidence"":0.8,""reason"":""融资用途是生产聚变与先进裂变所需的锂同位素，属核电燃料供应链技术。""}]",classified,2026-09-02T00:17:27.310201+00:00,glm-5.2,2026-08-14,
Continuous-fiber 3D printing embeds power pathways in military drones,2026-09-01,"Continuous Composites has secured a U.S. Navy Phase II SBIR contract for a new approach to UAV manufacturing. The company will develop composite aircraft components that can carry electrical power through conductors embedded inside their structures.The work could reduce the wiring and connectors currently needed across unmanned aircraft. It also aims to turn structural components into active parts of the aircraft’s electrical system.Continuous Composites will use its CF3D process for the project. The manufacturing technology deposits continuous reinforcement during 3D printing.That approach gives engineers greater control over how materials sit within a finished composite component. It also creates opportunities to incorporate electrical functions during the manufacturing process.Conductors become structural elementsThe Navy-funded work builds on demonstrations completed during Phase I. Engineers produced fiberglass-reinforced panels with conductive elements printed directly into the composite.Those tests included copper wiring and fiber-optic components. Mechanical testing examined whether the added materials weakened the resulting structures.The results showed minimal effects on structural performance. Electrical testing also helped validate the basic concept for multifunctional composite parts.Phase II will push the idea toward higher-capacity electrical pathways. Engineers will study how those pathways can fit within components that must withstand operational loads.Material placement will become especially important at this stage. Conductors need electrical isolation without creating weak points inside the composite.The team will test the manufacturing process at the coupon and sub-scale structure level. Those experiments should reveal how much electrical functionality engineers can integrate into load-bearing parts.Simpler UAV architectureThe potential payoff extends beyond eliminating a few wires. Aircraft designers could gain more freedom when arranging electrical systems inside compact UAV structures.Traditional wiring requires dedicated routing, connectors, and attachment points. Those components can add complexity and create additional areas that require maintenance.An integrated approach could combine structural and electrical functions within the same component. That could help simplify the internal architecture of future unmanned aircraft.Field maintenance could also benefit. Damaged components could potentially be swapped without disturbing separate wiring assemblies running through the airframe.That matters for military UAVs operating in environments where repair time and reliability can directly affect mission availability. Fewer exposed connections could also reduce the chances of electrical damage during maintenance.Continuous Composites CEO Steve Starner said the project moves the company beyond printing structural components alone. The focus now includes placing useful functions directly into those structures.Full demonstration aheadThe Phase II program will run for 30 months. Engineers will focus on materials, manufacturing validation, and embedded conductor integration during that period. A one-year option follows the research phase. It could support a system-level demonstration using a functional component.Such a demonstration would provide an important test of whether the manufacturing concept can move beyond laboratory-scale structures. The long-term objective is to bring the technology closer to operational UAV applications.The Navy effort fits into a wider Pentagon push to reduce complexity across military platforms. Multifunctional composites could offer one way to achieve that goal without treating every aircraft function as a separate subsystem.",full,,dom_or_structured_full_text,https://interestingengineering.com/military/continuous-fiber-3d-printing-military-uavs,interesting engineering,综合科技,无,2026-09-01T23:53:26+00:00,国防与安全科技 > 军事平台 > 军事航空航天,国防与安全科技,军事航空航天,"[{""path"":[""国防与安全科技"",""军事平台"",""军事航空航天""],""path_text"":""国防与安全科技 > 军事平台 > 军事航空航天"",""confidence"":0.85,""reason"":""核心是为海军无人机开发多功能复合材料结构部件的合同。""}]",classified,2026-09-02T00:17:27.310201+00:00,glm-5.2,2026-08-14,
Humanity’s Carbon Signature Is Now Embedded Deep in the Ocean,2026-09-01,"Fossil-fuel carbon has left a measurable chemical signature across much of the North Atlantic, reaching even deep waters far removed from the atmosphere. Credit: Shutterstock
Carbon released by the Industrial Revolution has left a chemical fingerprint nearly everywhere scientists looked in the North Atlantic, including waters thousands of feet below the surface.
Scientists have traced carbon from fossil fuel emissions deep into the North Atlantic by measuring shifts in the natural balance between the isotopes C-12 and C-13, revealing how industrial activity is changing water masses far below the ocean surface.
When coal, oil, and natural gas are burned, their carbon enters the atmosphere and lowers the ratio of C-13 to C-12. This change, known as the Suess effect, gives scientists a way to distinguish carbon from fossil fuels from much of the carbon already circulating naturally through the planet.
Industrial Carbon Reaches the Deep Ocean
The ocean absorbs carbon dioxide as its surface exchanges gases with the atmosphere. Currents, vertical mixing, and the formation of deep water can then transport that carbon into the ocean interior, where it may remain separated from the atmosphere for decades or centuries.
To determine how far the industrial signature has traveled, Emma Bavoux and her colleagues analyzed carbon isotope ratios in North Atlantic water samples. The samples were collected aboard the research vessel MARIA S. MERIAN during expeditions in 2017 and 2018 along a route near 48° North that crossed the entire ocean basin.
The study, published in
Geophysical Research Letters
, also incorporated earlier measurements of sulfur hexafluoride (SF₆). Because this trace gas is produced by human activities and enters the ocean from the atmosphere, it can help researchers estimate when water was last exposed to the surface and calculate the human contribution to its carbon isotope signature.
A Chemical Clock for Ocean Water
“We were surprised by how significant the Suess effect already is in the deep-water masses of the North Atlantic,” says Emma Bavoux. The researchers detected the signal in nearly every water mass they examined, although its strength varied according to how recently the water had contacted the atmosphere.
Emma Bavoux analyzing samples in the laboratory at MARUM; University of Bremen. Credit: MARUM – Center for Marine Environmental Sciences, University of Bremen; V. Diekamp
Young subsurface waters carried the clearest evidence of fossil fuel carbon. The signal was extremely weak or absent in ancient water masses such as Northeast Atlantic Deep Water, which probably has remained isolated from the atmosphere for several hundred years.
Western North Atlantic waters showed a different pattern. Labrador Sea water and currents passing through the Denmark Strait before sinking into the deep ocean displayed Suess effect changes of about 0.3 to 0.6 per mille compared with preindustrial conditions. The team also tracked a large eddy in the Labrador Sea that carried a recognizable industrial carbon signature to depths of 2,000 meters (6,562 feet).
Human Activity Enters the Geological Record
The findings show that industrial emissions are altering not only the atmosphere and surface ocean, but also remote water masses far below. The same chemical shift is being preserved in the shells of foraminifera, microscopic marine organisms whose remains have accumulated on the seafloor during recent decades.
Because foraminifera build their shells using carbon from the surrounding seawater, their fossils can record changes in ocean chemistry. Successive layers of sediment may therefore preserve the rise of fossil fuel emissions as a measurable marker for future geologists.
“Through the Suess effect, the ocean floor preserves signals of human origin that now mark the beginning of the Anthropocene in these long-term geological archives,” says Stefan Mulitza, co-author of the study. “How clearly this stratigraphic boundary will be defined depends primarily on the future trajectory of carbon dioxide emissions.”
Scientists participating in the Cluster of Excellence “The Ocean Floor—Earth’s Uncharted Interface” are continuing to investigate how the ocean, its ecosystems, and the seafloor shape the global carbon cycle.
Reference: “Anthropogenic Carbon Isotope Signals in North Atlantic Water Masses at 48°N” by E. Bavoux, S. Mulitza, R. Steinfeldt, H. Kuhnert, G. Martinez-Mendez and H. Pälike, 5 June 2026,
Geophysical Research Letters
DOI: 10.1029/2025GL121339
Never miss a breakthrough:
Join the SciTechDaily newsletter.
Follow us on
Google News
Carbon Emissions
Climatology
Fossil Fuels
Geochemistry
Oceanography
Articles
36.8 Billion Tons – Fossil CO₂ Emissions Reach Record High
Lake Superior’s Enigmatic Sulfur Cycle: A Window Into Earth’s Past
The Great Net-Zero Scam: Are Oil Companies Fooling Us?
The Looming Climate Apocalypse: Ocean Twilight Zone’s Future Hangs in the Balance
Ocean Surface Tipping Point Could Accelerate Climate Change
Sustainable, Plant-Based Jet Fuel Could Reduce Emissions by 68%
Satellite-Based Assessment of Ocean Acidification
Washington State Launches New Plan to Combat Ocean Acidification
Fossil Fuel Emissions, Organic Carbon and Alaska’s Glaciers
Comments",full,,dom_or_structured_full_text,https://scitechdaily.com/humanitys-carbon-signature-is-now-embedded-deep-in-the-ocean/,scitechdaily,综合科技,无,2026-09-01T23:53:31+00:00,基础科学与环境 > 地球与环境科学,基础科学与环境,地球与环境科学,"[{""path"":[""基础科学与环境"",""地球与环境科学""],""path_text"":""基础科学与环境 > 地球与环境科学"",""confidence"":0.9,""reason"":""通过同位素示踪研究化石燃料碳进入深层海洋，属海洋与气候环境基础研究。""}]",classified,2026-09-02T00:17:32.518569+00:00,glm-5.2,2026-08-14,
Scientists Find TNT Leaking From a 100-Year-Old Submarine Wreck,2026-09-01,"A diver from the Danish Navy is collecting common mussels on the wreck of a submarine from WWI. Credit: Kathrine Juul Andresen
Fierce naval battles in the North Sea during both world wars sent many ships to the seafloor. Their wrecks remain there today, leaking toxic chemicals that are absorbed by local plants and animals.
In April 1917, the German submarine UC-30 was traveling beneath the North Sea near the Danish island of Rømø. Engine problems had forced it to abandon a mission to Ireland and head back toward Germany, putting the vessel within reach of home.
It never arrived. The submarine was carrying 18 mines and six torpedoes when, on April 19, it struck a British mine and sank. All 27 crew members died. UC-30 remained hidden on the seafloor for almost a century until Danish diver Gert Normann Andersen discovered the wreck in 2016.
The wreck later became one of the sites examined by Katrine Juul Andresen, a professor in the Department of Geoscience at Aarhus University, through the large
NorthSeaWrecks
research project.
Working with navy divers, Andresen obtained samples from the water and seabed around UC-30, as well as starfish and mussels living directly on the wreck.
“Civilian diving is not permitted on the wreck, so we received great assistance from navy divers. After receiving instructions, they dove down and collected sediment samples, water samples, and wildlife samples from various locations on the wreck and from the surrounding seabed.”
“The divers also recorded video and took photos, which we subsequently used to assess the exposure of the mines and the condition of the wreck.”
TNT is already entering the ecosystem
Analysis of those samples showed that explosives still inside UC-30 are contaminating the marine environment around the wreck.
“We found traces of TNT in the wildlife, the seabed, and the water column. Pollution is definitely occurring. The question is how significant the effect is and how far from the wreck the pollution impacts the marine environment. It is likely a relatively localized source of pollution, but it will worsen as the wreck continues to deteriorate and expose more of the explosive material inside the mines,” she says.
The Battle for the North Sea
The North Sea was critical during World War I for both Germany and Britain. Whoever controlled the waters could dictate which goods entered and exited both countries, effectively allowing them to starve the opponent into submission.
Germany, which had a smaller fleet than Britain, attempted from the beginning of the war to use its submarines to sneak up on British ships and sink them.
Both nations also laid thousands of mines, hoping enemy ships would hit them. An estimated 190,000 mines were deployed in the North Sea during WWI.
Additionally, the largest naval clash in history took place in the North Sea off Hanstholm in Northern Jutland during WWI. The German and British navies clashed at the Battle of Jutland, where more than 25 ships sank and nearly 10,000 sailors lost their lives. As a result, numerous wrecks from that era rest on the seabed.
Thousands of wrecks pose wider risks
The German submarine is far from the only historic wreck contaminating Danish waters. In 2024, Katrine Juul Andresen
produced a report
for the Danish Environmental Protection Agency that mapped these wrecks, evaluated the environmental risks they pose, and considered possible measures to prevent or reduce the pollution.
“In the report, I found that there are 10,127 wrecks in Danish waters. Around 15 percent of them date back to the years around and during the two world wars [1910–1920 and 1940–1945, ed.]. That is quite a high number,” she says.
The Danish Environmental Protection Agency commissioned the report to assess how Denmark can meet the requirements of the EU Water Framework Directive. Andresen says the findings indicate that more specific measures may eventually be necessary to address pollution from these wrecks.
“I am not aware of whether the agency has taken the work further since the report was published in 2024. However,
research shows
that the wrecks represent a source of pollution for the local marine environment,” she says.
Cleanup can create new environmental risks
Germany has already committed substantial funding to recover some wrecks and World War II munitions from the Baltic Sea. After the war ended, the Allies dumped tons of ammunition into the sea to keep it from falling into the wrong hands.
Like the munitions still contained in wrecks, this discarded ammunition is now contaminating the marine environment.
“The Germans are further ahead with this than we are in Denmark. They sometimes retrieve explosives from the wrecks and neutralize them, but doing so is very costly,” she notes.
But removing explosives from wrecks is not necessarily harmless. In some circumstances, detonating munitions underwater can spread contamination and make the environmental problem worse.
“It depends on the area where the wreck and munitions lie. Currents and seabed morphology play a major role. In some cases,
detonating them can do more harm than good
,” she explains.
Andresen is working with international colleagues through the EU-funded REMARCO project to investigate methods for removing historical wrecks and their munitions.
“We are trying to identify the most gentle solutions to the problem, as there is unfortunately no easy way to clean it up,” she says.
Some researchers involved in the project are developing crawling robots that can move along the seabed and pinpoint dangerous munitions, allowing individual wreck sites to be monitored more precisely.
“In some cases, the robots can also pick up items, retrieve them from the sea and neutralize them. That could be one viable solution for the future.”
Still, intervention may not be necessary at every wreck.
“Some wrecks are fully or partially buried in the seabed. When covered by sand, the risk of polluting the surrounding sea is significantly lower. It is a matter of identifying where the environmental threat is greatest – and then deciding whether the munitions on the wrecks should be removed,” she concludes.
Reference: “Environmental risks from world war shipwrecks: Field-based biomarker evidence from caged mussels in the North Sea” by Romina Marietta Schuster, Franziska Isabell Binder, Lillian Tabea Hannah Bünning, Jennifer Susanne Strehse, Katrine Juul Andresen, Maarten De Rijcke, Sven Van Haelst, Uwe Wichert, Philipp Grassel, Edmund Maser and Matthias Brenner, 17 April 2026,
Marine Pollution Bulletin
DOI: 10.1016/j.marpolbul.2026.119738
The research was co-funded by the European Union (European Regional Development Fund) under the North Sea Interreg Program 2014–2020. Research was conducted within the framework of the project “North Sea Wrecks – An Opportunity for Blue Growth: Healthy Environment, Shipping, Energy Production and transmission (NSW).
Never miss a breakthrough:
Join the SciTechDaily newsletter.
Follow us on
Google News
Aarhus University
Environmental Science
Marine Biology
Oceanography
Pollution
Toxicology
Articles
“Shocking” – 27 Million Tons of Nanoplastics Discovered in the North Atlantic
Startling Findings: According to Scientists, the Ocean Is Becoming More Toxic
Toxic Legacies: The Lasting Threat of Historic DDT Dumping off Los Angeles Coast
Global Plastic Pollution May Be Nearing an Irreversible Tipping Point
Scientists Sound Alarm: Unprecedented Mercury Accumulation in Pacific Ocean Trenches
A Sea of Garbage: Ocean Floor Landfills
Scientists Warn of Likely Massive Oil Spill: Abandoned Tanker Has 4 Times the Amount of Oil As the Exxon Valdez
Microplastic Pollution Found in Deep Sediments on the Ocean Floor
New Chinese Survey Reveals Extensive Coastal Pollution",full,,dom_or_structured_full_text,https://scitechdaily.com/scientists-find-tnt-leaking-from-a-100-year-old-submarine-wreck/,scitechdaily,综合科技,无,2026-09-01T23:53:32+00:00,生命科学与健康 > 生命科学 > 生物多样性与生态,生命科学与健康,生物多样性与生态,"[{""path"":[""生命科学与健康"",""生命科学"",""生物多样性与生态""],""path_text"":""生命科学与健康 > 生命科学 > 生物多样性与生态"",""confidence"":0.85,""reason"":""研究百年沉船泄漏TNT对海洋生物与生态的毒害影响。""},{""path"":[""基础科学与环境"",""地球与环境科学""],""path_text"":""基础科学与环境 > 地球与环境科学"",""confidence"":0.7,""reason"":""涉及海洋污染物迁移与海洋环境观测研究。""}]",classified,2026-09-02T00:17:32.518569+00:00,glm-5.2,2026-08-14,
Earth’s Inner Core May Hide a Strange State of Matter,2026-09-01,"Researchers have found experimental evidence that hydrogen can become highly mobile within solid iron at extreme pressures and temperatures. Credit: Shutterstock
Experiments under extreme conditions suggest that iron hydride can enter a superionic state, allowing hydrogen to move through a solid iron lattice.
Far beneath Earth’s surface, the inner core is squeezed and heated to conditions so extreme that some of its ingredients may behave in an unexpected way. Experiments from researchers at Science Tokyo suggest that iron hydride can enter a superionic state, in which the iron structure stays solid while hydrogen moves through it. The results offer new clues about the composition and behavior of Earth’s deepest interior.
Earth’s inner core consists mostly of iron mixed with a small proportion of lighter elements. Under the immense pressures and temperatures found there, alloys containing elements such as hydrogen, oxygen, and carbon are predicted to become superionic. In this unusual state of matter, iron atoms remain close to fixed positions in the crystal lattice while lighter atoms move through that structure almost like a liquid.
That mobility could also soften the alloy against shearing, a property with potential geophysical importance because it may help account for the unusually slow speed of seismic shear waves through the inner core. Until now, however, evidence for this explanation had come primarily from molecular dynamics simulations rather than direct experiments.
Experiments provide the missing evidence
Researchers at the Institute of Science Tokyo (Science Tokyo) in Japan have now found strong experimental signs that face-centered cubic (fcc) iron hydride (FeHX), an iron–light-element alloy, becomes superionic under the high-pressure and high-temperature conditions relevant to Earth’s inner core.
The work was published in
Nature Geoscience
. Doctoral students Yoshihiro Nagaya and Yusuke Okazaki led the study with Professor Kenji Ohta of Science Tokyo’s Department of Earth and Planetary Sciences.
“Because the superionic state of iron–light-element alloys exists only under ultrahigh-pressure and ultrahigh-temperature conditions, it had never previously been observed experimentally. FeHX is expected to adopt either a hexagonal close-packed or an fcc structure under inner-core conditions, depending on the hydrogen content,” says Ohta.
Iron hydride was compressed in a laser-heated diamond-anvil cell and analyzed using synchrotron X-ray diffraction, revealing evidence of a superionic state. Credit: Institute of Science Tokyo
To watch how the material changed, the researchers used time-resolved synchrotron X-ray diffraction (XRD) to follow its crystal lattice as pressure and temperature increased. Tiny samples of fcc FeHX were compressed inside a diamond-anvil cell to between 50 and 110 gigapascals, then heated by lasers to temperatures exceeding 2,000 Kelvin. Measurements of the changing crystal lattice allowed the researchers to calculate how its volume responded as hydrogen entered the iron structure.
Heating revealed the superionic transition
Near 1,590 Kelvin, the researchers detected a distinctive λ-shaped anomaly in the thermal expansion coefficient, a feature associated with phase transitions and previously seen in other superionic materials. Tracking that feature across different pressures allowed them to map the boundary between the ordinary solid and superionic forms of FeHX. When the researchers extended that boundary to pressures expected in Earth’s inner core, the predicted transition temperature remained well below estimated inner-core temperatures, indicating that FeHX could be superionic there.
A second set of time-resolved XRD experiments tested whether hydrogen actually became mobile. Under high-temperature and high-pressure conditions, the researchers applied a constant voltage across the samples and observed a sudden change in the hydrogen content of FeHX. After quickly cooling the material back to room temperature, they found that hydrogen had redistributed along one direction, evidence that it had become highly mobile during the superionic state. From the sample geometry and applied bias, they estimated hydrogen mobility at roughly 1 µm2J⁻1s⁻1, corresponding to a diffusion coefficient of approximately 103 µm2s⁻1.
Mobile hydrogen would remain trapped
Despite the sharp increase in hydrogen mobility during the superionic transition, its movement under actual inner-core conditions would still be extraordinarily limited. The researchers estimated that migration driven by Earth’s geomagnetic field would shift hydrogen by only about 0.1 µm over 10,000 years.
At that pace, hydrogen would require more than 100 times the age of Earth to cross a distance comparable to the inner core’s roughly 1,200 km radius. The result suggests that hydrogen incorporated into the planet during its formation could remain trapped inside the core over geological timescales.
The experiments may help researchers better understand processes within Earth’s core and improve models describing how the core formed and changed through time.
“These findings are expected to contribute to elucidating seismic-wave velocity anomalies in Earth’s inner core and the evolution of Earth’s interior,” says Ohta.
Reference: “Experimental indications of superionic behaviour in iron hydride under Earth’s core conditions” by Yoshihiro Nagaya, Yusuke Okazaki, Haruhiko Dekura and Kenji Ohta, 9 June 2026,
Nature Geoscience
DOI: 10.1038/s41561-026-02001-5
Never miss a breakthrough:
Join the SciTechDaily newsletter.
Follow us on
Google News
Earth Science
Geophysics
Materials Science
Seismology
Articles
Scientists Say a Hidden Structure May Exist Inside Earth’s Core
High Resolution Imaging Reveals Puzzling Features Deep in Earth’s Interior
Possible Chemical Leftovers From Early Earth Sit Near the Planet’s Core
Arctic Sea Ice Loss is Impacting Atlantic Ocean Water Circulation System
Yale Researchers Find a Soft Spot in the Nazca Plate
New Research Reveals Earth’s Inner Core Was Formed 1 – 1.5 Billion Years Ago
Flat-Slab Subduction in South America Mirrors Formation of Rocky Mountains
New Calculations Challenge Assumptions about Rigid Lithosphere
Unusual Indian Ocean Earthquakes May Signal Tectonic Breakup",full,,dom_or_structured_full_text,https://scitechdaily.com/earths-inner-core-may-hide-a-strange-state-of-matter/,scitechdaily,综合科技,无,2026-09-01T23:53:34+00:00,基础科学与环境 > 物理与化学基础研究,基础科学与环境,物理与化学基础研究,"[{""path"":[""基础科学与环境"",""物理与化学基础研究""],""path_text"":""基础科学与环境 > 物理与化学基础研究"",""confidence"":0.85,""reason"":""极端条件下铁氢化物超离子态的物质状态基础实验研究。""},{""path"":[""基础科学与环境"",""地球与环境科学""],""path_text"":""基础科学与环境 > 地球与环境科学"",""confidence"":0.8,""reason"":""结果用于理解地球内核组成与深部行为。""}]",classified,2026-09-02T00:17:32.518569+00:00,glm-5.2,2026-08-14,
Brain Scans Reveal a Surprising Dopamine Difference in Autism,2026-09-01,"Three complementary brain scans revealed previously unseen links between dopamine signaling, energy use, and brain-network communication in autistic adults. Credit: Shutterstock
Autism is associated with differences across several systems in the brain, but understanding how those differences connect has been difficult. Researchers from the University of Southern Denmark and Odense University Hospital investigated that question in 60 adults using three forms of brain imaging.
For the first time, the researchers combined three advanced brain scanning techniques to examine the dopamine system, energy use, and communication among brain regions within the same study.
The results provide a more detailed view of biological mechanisms associated with autism. Autistic participants had more dopamine D2 receptors than neurotypical participants, suggesting that the dopamine system may be an important part of autism biology.
Three scans reveal a dopamine difference
Earlier autism research has largely examined communication among different parts of the brain, while fewer studies have focused on neurotransmitters or the way the brain uses energy.
Neurotransmitters are chemical messengers that help regulate communication throughout the brain. Examining whether these signals differ is therefore important for understanding why communication between certain brain regions may vary between autistic and neurotypical people.
“Our study is the first to investigate the neurotransmitter dopamine, the brain’s energy use (glucose metabolism) and communication between brain regions in the same study. This gives us a more nuanced understanding of the neurobiological mechanisms associated with autism,” says Laust Vind Knudsen, postdoc at the Research Unit for Psychiatry, Odense University Hospital and the University of Southern Denmark.
Knudsen is the study’s first author. The researchers found, among other results, that certain deep brain regions in autistic participants showed both greater energy use and more dopamine receptors than those same regions in neurotypical participants.
The research was conducted as part of Knudsen’s PhD project at the University of Southern Denmark and Odense University Hospital. Professor Tanja Maria Sheldrick Michel served as research leader and principal supervisor, while Professor Manouchehr Seyedi Vafaee was co-supervisor.
Dopamine differences tracked brain energy use
Dopamine is a neurotransmitter that some nerve cells use to communicate with one another. It contributes to functions including motivation, learning, and movement.
Among the autistic participants, a greater number of dopamine receptors was associated with higher energy use in the same areas of the brain.
The researchers also found that the relationship between the dopamine system and communication among brain regions differed between autistic and neurotypical participants.
“Our findings suggest that the dopamine system not only differs between autistic and neurotypical people. They also indicate that the dopamine system affects communication between brain regions differently in the two groups. This suggests that the dopamine system may play a more fundamental role in autism than previously thought,” says Laust Vind Knudsen.
The results raise autism ADHD questions
The researchers emphasize that the findings do not explain why autism develops and cannot be used to diagnose it. Instead, the study provides new information about biological variation and mechanisms associated with autism, including how neurotransmitters, energy use, and communication among brain regions may interact.
The findings are also relevant to questions about ADHD because many autistic people are also diagnosed with ADHD, and dopamine plays an important role in that condition.
This raises the possibility that some dopamine-related biological mechanisms could be shared between autism and ADHD, potentially helping researchers investigate why ADHD occurs so frequently among autistic people.
“Brain research can help us understand autism better, not in order to change autistic people, but to create greater understanding of neurodiversity and better conditions in society. Our findings also raise new questions about why autism and ADHD so often occur together, which we would like to investigate further,” says Laust Vind Knudsen.
Larger studies still need confirmation
The study involved 60 adults and is the first positron emission tomography (PET) study specifically designed to also investigate possible differences between autistic men and women.
The researchers caution that larger studies are still needed to determine whether the results can be confirmed and reproduced in other groups of autistic people.
Reference: “Subcortical dopamine D2 receptor availability and glucose metabolism in autism: a dual-tracer PET/MR study” by Laust Vind Knudsen, Manouchehr Seyedi Vafaee, Ziba Ahangarani Farahani, Abigail Jane Sheldrick-Michel and Tanja Maria Michel, 6 July 2026,
European Journal of Nuclear Medicine and Molecular Imaging
DOI: 10.1007/s00259-026-08053-4
Funding: The Psychiatry Research Fund, Region of Southern Denmark.
Never miss a breakthrough:
Join the SciTechDaily newsletter.
Follow us on
Google News
Autism Spectrum Disorder
Mental Health
Metabolism
Neuroscience
University of Southern Denmark
Articles
Landmark Study Identifies Potential New Way To Treat Depression and Anxiety
Autism Risk Linked to Insufficient Placental Steroid – Single Injection Could Prevent
Study Shows Autism Screening Is Less Accurate Than Thought
Yale Researchers Show Sedative Combats Virus That Causes Birth Defects
Neurobiologists Examine Insular Cortex, Could Play an Important Role in Autism
Yale Researchers Discover Glucose ‘Control Switch’ Linked to Diabetes
Study Shows Oxytocin Improves Brain Function in Children with Autism
Diuretic Drug Could Help Treat Autism
Ketamine Produces Rapid Antidepressant Responses",full,,dom_or_structured_full_text,https://scitechdaily.com/brain-scans-reveal-a-surprising-dopamine-difference-in-autism/,scitechdaily,综合科技,无,2026-09-01T23:53:36+00:00,生命科学与健康 > 医学与健康 > 神经科学与脑健康,生命科学与健康,神经科学与脑健康,"[{""path"":[""生命科学与健康"",""医学与健康"",""神经科学与脑健康""],""path_text"":""生命科学与健康 > 医学与健康 > 神经科学与脑健康"",""confidence"":0.92,""reason"":""用脑成像研究自闭症患者多巴胺系统与脑网络机制。""}]",classified,2026-09-02T00:17:32.518569+00:00,glm-5.2,2026-08-14,
The Brain Makes New Neurons Even in Adulthood. Depression May Stop It,2026-09-01,"Depression was associated with a striking slowdown in the birth of new hippocampal neurons, alongside molecular disruptions in circuits involved in memory and emotion. Credit: Shutterstock
Depression was linked to stalled adult neurogenesis and widespread molecular changes in hippocampal memory circuits.
A small stream of new neurons continues to appear in the adult hippocampus even though most of the brain’s roughly 100 billion neurons are formed before birth. Research from Columbia University Vagelos College of Physicians and Surgeons suggests that this limited adult neurogenesis, the creation of new neurons, could play an important role in protecting against depression.
The researchers report for the first time that neurogenesis stalls in the brains of adults with major depressive disorder. They also identified molecular programs involved in controlling this process, providing potential targets for future treatments.
“Historically, depression was thought to be a disease of neurotransmitter deficiency, especially serotonin, but we now think that depression stems from multiple issues that affect our neurons’ ability to adapt to stress and changing environments,” says Maura Dupont, professor of psychiatry, who led the research.
“Without the ability to create new neurons, people with depression may not have the resilience to effectively adapt to the environment.”
Maura Dupont. Credit: Rudy Diaz / Columbia University Irving Medical Center
New neurons may help separate emotions
The researchers concentrated on the hippocampus, a brain region central to episodic memory and emotional responses to the environment. It is also one of the few parts of the adult brain where new neurons are produced. Although depression involves more than the hippocampus, the region’s role in memory and emotion may influence how people interpret present experiences through the emotional weight of past ones.
“The hippocampus is important for our ability to distinguish between similar but different memories and separate the emotional connotation of past memories and current events,” Dupont says. This ability is known as pattern separation. When it becomes impaired, similar memories and the emotions attached to them can become harder to distinguish and begin to blend together.
“You may be out with a friend for lunch, but she’s tired and doesn’t talk much. With intact pattern separation, you remember this as a unique event. With impaired pattern separation, it becomes mixed with previous memories of feeling rejected, leading you to think, “They’re upset with me,” Dupont explains. “And I see this a lot in my patients, where they can only retrieve negative information from their memories.”
Spatial map of hippocampal cells reveals distinct molecular signatures across memory-related circuits, highlighting changes associated with depression and disrupted adult neurogenesis. Credit: Columbia University Irving Medical Center
Research in mice has established that adult neurogenesis is necessary for pattern separation. Evidence from a recent study of people with brain tumors, whose hippocampal neurogenesis was eliminated by radiation treatment directed at that region, suggests that the same connection may exist in humans.
“It’s important to emphasize that we do not yet know the complete mechanism, particularly in humans, but the newborn neurons seem to enhance pattern separation because they are especially responsive to new experiences and can be incorporated into new memory circuits more easily, allowing new memories to be stored separately from the old ones,” Dupont says. “Turning neurogenesis back on may be a way to treat depression in some people by rewiring their hippocampus circuit.”
Depression disrupts a wider memory circuit
The changes extended beyond the production of new neurons. Neurogenesis operates within a larger hippocampal circuit that stores episodic memories along with their emotional value, and the researchers found molecular disruptions throughout that system.
Affected genes included those involved in forming new connections and communication between neurons, supplying cellular energy, and moving materials within cells. The trisynaptic circuit, a major hippocampal pathway involved in establishing new emotional memories, also showed evidence of inflammation and cellular stress in people with depression.
Maura Dupont with co-authors of the new paper. From right: Jialin Jian, co-first author and postdoctoral research scientist; Maura Dupont; Giulia Guasoni, assistant research scientist; and Tiancheng Shi, assistant research scientist. Credit: Rudy Diaz / Columbia University Irving Medical Center
Half a million cells revealed the changes
To map these changes in detail, the researchers examined nearly half a million brain cells collected from people with depression and control subjects soon after each donor’s death.
Using recently developed techniques, they measured the activity of every gene in individual cells and determined whether cellular proteins had been altered. The resulting dataset allowed them to examine what each cell was doing and pinpoint where affected cells were located within the hippocampal circuit.
The researchers examined nearly half a million brain cells from the hippocampus of depressed and non-depressed individuals, finding that the whole circuit suffers from molecular changes in depression. Colored circles mark different types of neurons in a hippocampus examined by the researchers. Credit: Maura Dupont
The analysis also identified genes with altered activity that contain genetic variants previously associated with major depression. Other disrupted genes showed epigenetic changes, which can modify gene activity without changing the underlying DNA sequence and can reflect environmental influences. “These are like dimmer switches that control how active genes are, and they are affected by life experiences such as stress, learning, aging, chemicals, etc.,” Dupont says.
Depression may have multiple molecular forms
“Overall, the wide range of effects we found could reflect different pathogenetic mechanisms, perhaps indicating that depression is not just one disease,” she adds.
Scientists still have only a limited understanding of the biological processes underlying depression, Dupont says. By defining the disorder at the level of individual cells and molecular pathways, studies like this could eventually help researchers develop treatments targeted to distinct biological forms of the condition.
“We want to reclassify depression based on its molecular features, similar to what has been done in cancer,” Dupont says. “Classifying cancers based on their cellular characteristics, not their locations, has led to new and improved treatments. We hope the same will be true for depression and other psychiatric or brain diseases.”
Reference: “Dysregulated adult hippocampal neurogenesis in major depressive disorders” by Madeleine S. Peng, Jialin Jiang, Lucia Polizzi, Tiancheng Shi, Rakshitha Ramkumar, Victor O. Anosike, Giulia Guasoni, Alexandra M. Wamalwa, Madeline B. Mariani, Cheick A. Sissoko, Alexandria N. Tartt, Camille Fulmore, Gorazd B. Rosoklija, Yung-yu Huang, Victoria Arango, Shujuan T. McDonald, Natasha Bitoljanu, J. John Mann, Phi T. Nguyen, Andrew J. Dwork, Lewis M. Brown, René Hen, Hanga Galfalvy and Maura B. Dupont, 21 August 2026,
Nature Medicine
DOI: 10.1038/s41591-026-04571-8
This work was supported by National Institutes of Health (grants AI164769, AG076949, MH133561 and AG080790), and the Bill Herrlinger Research Foundation. This study used the Confocal and Specialized Microscopy Shared Resource of the Herbert Irving Comprehensive Cancer Center at Columbia University, funded in part through the NIH/National Cancer Institute Cancer Center Support Grant P30CA013696.
Disclosure: Hanga Galfalvy and her family own stocks in Illumina, Inc., and in this study an Illumina NovaSeq 6000 was used to sequence the libraries at the JP Sulzberger Columbia Genome Center. Joseph J. Mann receives royalties from Columbia University for the Columbia Pathways App. and from the Research Foundation of Mental Hygiene for commercial use of the Columbia-Suicide Severity Rating Scale.
Never miss a breakthrough:
Join the SciTechDaily newsletter.
Follow us on
Google News
Columbia University Irving Medical Center
Depression
Hippocampus
Mental Health
Neuroscience
Articles
Scientists Have Revealed a Unique Neural Signature for Depression
Neuroscience Breakthrough: A Non-Invasive New Therapy for Addiction, Depression, and OCD
Avoiding Neurodegeneration: Scientists Discover That Managing Emotions Better Could Prevent Pathological Aging
Compromised “Trust Settings” – An Early Warning of Lurking Depression
Brain Mapping Method Illuminates Targets for Treating Depression and Parkinson’s Disease
Antidepressant Power of Lactate Revealed in New Research
Brain Ion Channel Identified As New Approach to Treating Depression – Scientists “Surprised” by Significant Improvements in Depressive Symptoms
LSD May Offer Viable Treatment for Anxiety and Other Mental Disorders
Study Links Brain Cells to Depression – Brings Hope for Targeted Treatment Options",full,,dom_or_structured_full_text,https://scitechdaily.com/the-brain-makes-new-neurons-even-in-adulthood-depression-may-stop-it/,scitechdaily,综合科技,无,2026-09-01T23:53:38+00:00,生命科学与健康 > 医学与健康 > 神经科学与脑健康,生命科学与健康,神经科学与脑健康,"[{""path"":[""生命科学与健康"",""医学与健康"",""神经科学与脑健康""],""path_text"":""生命科学与健康 > 医学与健康 > 神经科学与脑健康"",""confidence"":0.9,""reason"":""研究发现抑郁症与成年海马神经发生停滞及分子机制相关。""}]",classified,2026-09-02T00:17:32.518569+00:00,glm-5.2,2026-08-14,
Scientists Discover a Hidden “Immune Organ” Inside the Skull,2026-09-01,"The skull may contain specialized immune centers positioned to communicate directly with the brain. In mice, these nearby immune hubs responded rapidly to brain tumors and influenced how effectively the body fought the cancer. Credit: Stock
Researchers discovered lymph node-like immune hubs inside skull bone marrow that appear to act as rapid-response centers for the brain.
For decades, the brain was thought to operate largely apart from the immune system. Researchers at
Washington University School of Medicine in St. Louis
have now identified lymph node-like structures inside the skull bone marrow of mice that respond rapidly to brain cancer, before more distant lymph nodes receive signals that abnormal cells are present. They also found evidence of similar immune cells in human skull bone marrow.
The findings add to growing evidence that the brain communicates directly with the immune system and suggest that specialized immune centers are positioned unusually close to the organ they help protect.
“This study reveals that the skull bone marrow is far more than just a structural framework—it harbors previously unrecognized hubs for brain-specific immune responses,” said senior author Jonathan Kipnis, PhD, the Alan A. and Edith L. Wolff Distinguished Professor of Pathology & Immunology and a BJC Investigator at WashU Medicine. “Uncovering this localized immune niche changes how we view neuroimmune interactions and opens exciting new avenues for treating brain tumors and other neurological diseases.”
Skull channels connect brain and immune hubs
Kipnis’ laboratory previously challenged the long-held view that the brain is isolated from the immune system by discovering lymphatic vessels in the dura mater, the outer layer of tissue surrounding the brain beneath the skull. More recently, the researchers identified
tiny physical channels bridging the skull
, dura, and brain tissue, creating a direct route through which immune cells and cellular waste can travel between the brain and nearby skull bone marrow.
In the latest mouse experiments, researchers followed proteins as they moved from the brain through these channels and into the skull bone marrow. There, they found immune structures normally associated with lymph nodes. Such structures act as training centers where T follicular helper cells assist B cells in producing large quantities of antibodies that help defend against infection and disease.
Researchers at WashU Medicine discovered lymph node-like structures (cyan) in the skull bone marrow of mice that play a role in mounting a rapid immune response in the brain. Credit: Jang Hyun Park
“We have never seen such structures in healthy bone marrow before,” said Jang Hyun Park, PhD, the study’s first author and a postdoctoral research fellow in the Kipnis lab who is starting his own lab at the Korea Advanced Institute of Science and Technology this fall. “It is an exciting discovery that points out that a complex brain requires its own specialized immune structures to defend it.”
Local immune hubs slowed brain tumors
To determine whether these skull immune centers actually contribute to protection against brain disease, the researchers turned to a mouse model of glioblastoma, an aggressive brain cancer. When they disrupted the skull immune hubs with a drug, tumors grew faster than they did in mice whose hubs remained intact. Disabling the structures also reduced survival, indicating that these nearby immune centers contribute to the brain’s defense against cancer.
“The finding fundamentally changes our current understanding of neuroimmunology. Knowing that the brain relies on first responders in the surrounding skull for defense has the potential to change how we think about developing therapies for many neurological conditions, including Alzheimer’s disease.”
Boosting skull immunity improved survival
The researchers then tested whether strengthening immune activity within the skull marrow could improve the response against cancer. They placed a gel containing three immune-boosting proteins directly beneath the scalp, stimulating greater antibody production inside the skull bone marrow. Tumor-fighting immune responses appeared first in the skull immune hubs and only later in nearby lymph nodes outside the skull. Mice receiving the treatment rejected tumors more effectively and survived longer than control mice.
“The finding fundamentally changes our current understanding of neuroimmunology,” said Kipnis. “Knowing that the brain relies on first responders in the surrounding skull for defense has the potential to change how we think about developing therapies for many neurological conditions, including Alzheimer’s disease, Parkinson’s disease, schizophrenia, long COVID, and many others that have an immune component to them. Such therapies could access these immune hubs directly through the skull, without major peripheral side effects.”
Reference: “Functional role of skull lymphoid structures in CNS immunosurveillance” by Jang Hyun Park, Daviti Abramishvili, Gustavo Gastão Davanzo, Ruben Silva, Xingxing Gu, Siling Du, Daniel D. Lee, Bernd H. Zinselmeyer, Jackson S. Turner, Gwendalyn J. Randolph, Igor Smirnov and Jonathan Kipnis, 19 August 2026,
DOI: 10.1038/s41586-026-10951-4
This work was supported by grants from the National Institutes of Health, grant number R37AG034113; Cure Alzheimer’s Fund; the BJC investigators program at WashU Medicine; the Basic Science Research Program through the National Research Foundation of Korea (NRF) by the Ministry of Education, grant number 2022R1A6A3A03065522; and by a fellowship grant from the ChadTough Defeat DIPG Foundation.
Never miss a breakthrough:
Join the SciTechDaily newsletter.
Follow us on
Google News
Glioblastoma
Immune System
Immunology
Neuroscience
Washington University in St. Louis
Articles
Rare Neurological Disorder – Guillain-Barré Syndrome – Following COVID-19 Vaccination
Secondary Infections Inflame the Brain, Worsening Cognition & Memory in Alzheimer’s Disease
Mice With Hallucination-Like Behaviors Reveal Insights Into Psychotic Illnesses
Experimental Antibodies for Parkinson’s and Alzheimer’s May Cause Harmful Inflammation
Common Brain Malformation – Affecting About 1 in 100 Children – Traced to Its Genetic Roots
NIH Researchers Uncover Brain Damage in COVID-19 Patients, Despite No Infection of the Brain
New Insight on How to Build a Better Flu Vaccine – For Long-Lasting Immunity Against New Influenza Strains
Neural Vulnerability in Huntington’s Disease Tied to Immune Response to Genetic Material
Herpes Simplex Virus Can Infect the Brain by Evading the Immune Response",full,,dom_or_structured_full_text,https://scitechdaily.com/scientists-discover-a-hidden-immune-organ-inside-the-skull/,scitechdaily,综合科技,无,2026-09-01T23:53:40+00:00,生命科学与健康 > 生命科学 > 基础生命科学与遗传,生命科学与健康,基础生命科学与遗传,"[{""path"":[""生命科学与健康"",""生命科学"",""基础生命科学与遗传""],""path_text"":""生命科学与健康 > 生命科学 > 基础生命科学与遗传"",""confidence"":0.85,""reason"":""发现颅骨骨髓内类淋巴结免疫枢纽及其与脑肿瘤免疫应答机制。""}]",classified,2026-09-02T00:17:32.518569+00:00,glm-5.2,2026-08-14,
This Metallic Green Beetle Is Quietly Killing Ash Trees Across Texas,2026-09-01,"Emerald ash borers are invasive metallic-green beetles that attack ash trees by tunneling beneath the bark. Their larvae disrupt the flow of water and nutrients, eventually killing infested trees and causing widespread ecological and economic damage across North America. Credit: Shutterstock
The emerald ash borer is an invasive wood-boring beetle that has killed hundreds of millions of ash trees across North America.
Emerald ash borer has reached five more Texas counties, extending the range of an invasive beetle that has already killed hundreds of millions of ash trees across North America. Adults are small, metallic green beetles about half an inch long, while their pale larvae feed unseen beneath the bark, carving winding galleries that disrupt a tree’s ability to move water and nutrients.
Texas A&M Forest Service
confirmed new detections in Delta, Erath, Hardin, Walker, and Wood counties, bringing the number of newly confirmed Texas counties this year to eight.
The latest infestations were identified through the agency’s statewide emerald ash borer monitoring program. Purple traps are placed across Texas during the adult beetles’ flight season, generally beginning in February or early March and remaining in the field through July or August. Trapping for 2026 has ended, but officials continue watching for evidence of infestations throughout the year.
Emerald ash borer emerging from an ash tree. The metallic green adult beetle exits through a characteristic D-shaped hole in the bark. Credit: Texas A&M University
The beetle is pushing farther south
Emerald ash borer has become one of North America’s most destructive invasive forest pests, killing hundreds of millions of ash trees. First detected in Texas in 2016, the beetle has steadily expanded its range and now threatens all 16 ash species native to the state in cities and forests alike.
“As the current southernmost boundary for this insect in the U.S., Hardin County signals a clear message: where ash trees extend south, this pest has been able to follow,” said Demian Gomez, Texas A&M Forest Service regional forest health coordinator.
Emerald ash borer specimens collected for monitoring. Trapped beetles help forest health specialists track the invasive insect’s spread into new areas. Credit: Texas A&M University
Adult emerald ash borers are metallic green and measure about half an inch long. Detecting an infestation early can be difficult because attacked ash trees may initially show few or no visible signs.
As damage progresses, trees can develop thinning canopies, splitting bark, increased woodpecker activity, and distinctive D-shaped exit holes created when adult beetles emerge. Beneath the bark, feeding larvae carve winding S-shaped galleries that interfere with the tree’s ability to move water and nutrients.
Emerald ash borer damage beneath ash tree bark. Feeding larvae create winding, S-shaped galleries that disrupt the tree’s transport of water and nutrients. Credit: Texas A&M University
Moving firewood can accelerate the spread
Emerald ash borer can expand its range naturally, but people can greatly speed that movement by transporting infested firewood, logs, and other ash wood products. Texas A&M Forest Service advises residents to purchase firewood near the place where it will be used rather than carrying untreated wood over long distances.
The agency works with communities, landowners, and industry partners to locate infestations and provide information about available management options. Texas A&M Forest Service also works with the Texas Department of Agriculture on quarantine zones intended to restrict the movement of wood products that could carry the beetle into additional areas.
Never miss a breakthrough:
Join the SciTechDaily newsletter.
Follow us on
Google News
Entomology
Invasive Species
Texas A&M University
Articles
“Masters of Shape-Shifting”: How This Peculiar Insect Conquered the World
Is It Cheaper To Be Bigger? Evolutionary Lessons From the Extreme Weapons of Giraffe Weevil Warriors
Lights Out? Fireflies Face Multiple Serious Extinction Threats
Small Predators Most Likely to Be Lost Due to Human Land-Use According to Global Study
Gardens Can Be Havens for Soil Animals in Towns and Cities
New Butterfly Species Discovered in South Russia
New Species of Flea Beetle Discovered, Burumoseria Yuae
Periodical Cicadas Manipulate the Populations of Predatory Birds
Fungus Transforms North American Red Turpentine Beetle into Tree Killer in Asia",full,,dom_or_structured_full_text,https://scitechdaily.com/this-metallic-green-beetle-is-quietly-killing-ash-trees-across-texas/,scitechdaily,综合科技,无,2026-09-01T23:53:41+00:00,生命科学与健康 > 生命科学 > 生物多样性与生态,生命科学与健康,生物多样性与生态,"[{""path"":[""生命科学与健康"",""生命科学"",""生物多样性与生态""],""path_text"":""生命科学与健康 > 生命科学 > 生物多样性与生态"",""confidence"":0.95,""reason"":""核心事件是入侵物种白蜡窄吉丁扩散对树木和生态的影响。""}]",classified,2026-09-02T00:17:37.973921+00:00,glm-5.2,2026-08-14,
A 15-Day Window Could Decide the Fate of California’s Most Endangered Salmon,2026-09-01,"Chinook salmon are the largest species of Pacific salmon, known for their long migrations between freshwater rivers and the ocean. Their survival depends on cool, healthy waterways, making them especially vulnerable to warming temperatures, drought, dams, and habitat loss. Credit: Shutterstock
Chinook salmon need cold water during the first weeks of development for their eggs to survive.
California’s most endangered salmon now survive as a single population in the Sacramento River, far from much of the cold mountain habitat where they once spawned.
Sacramento River winter-run Chinook salmon
have averaged only a few thousand returning adults in recent decades, while Shasta Dam blocks access to their original spawning grounds in rivers draining Mount Shasta and leaves them reproducing in the warmer, low-lying Sacramento River.
Research published in
Science Advances
found that cold water during the first 15 days after fertilization was especially important for egg survival. During warm, low water years, available cold water barely lasted through this critical thermal window, sharply reducing survival in conditions that may become more common as the climate warms.
“Salmon may spawn throughout the summer season, but our results suggest that only a small fraction of those spawning events ultimately produced the juveniles that survived,” said Kohma Arai, who conducted the research as a postdoctoral scholar at UC Davis with scientists from the university, NOAA Fisheries, UC Santa Cruz, UCLA, and the Norwegian Institute for Nature Research.
“This helps us understand the connection between what individuals experience during development and how populations respond to environmental change, which is becoming increasingly important as climate change continues to reshape aquatic ecosystems,” he said.
The Sacramento River near the main spawning area of winter-run Chinook salmon blocked by dams from their original mountain spawning habitat. The Sundial Bridge in Redding rises in the background. Credit: Larisa Thacher/UC Davis Center for Watershed Sciences
Cold water is hardest to protect in dry years
Water managers release cold water from Shasta Reservoir in an effort to keep the Sacramento River cool enough for salmon eggs developing in gravel, while also supplying water to farms and cities that are important to California’s economy.
Meeting both needs becomes especially difficult during low-water years. Water agencies, irrigators and other water users, and federal and state fish agencies prioritized the research to answer questions central to salmon survival as the climate changes. The U.S. Bureau of Reclamation and California State Water Board funded the work.
Many spawners may not produce survivors
For years, fisheries biologists often judged the annual success of winter-run Chinook salmon by counting adults returning upstream to spawn, with the assumption that many of those spawning attempts succeeded. But
laboratory studies suggested that eggs
could be highly sensitive to river temperature. The new findings indicate that in some years, the number of spawning events that actually produce surviving juveniles may be far smaller than adult counts suggest.
“We learned that even when surveys show many salmon spawning over an extended season, only those eggs that experience the right temperatures are likely to survive,” said Rachel Johnson, a research scientist at NOAA’s Southwest Fisheries Science Center and the University of California, Davis, who helped lead the research. “In some years, that number can be shockingly small. It’s this number of successful spawners that we need to track to assess the true risk of extinction and goals towards recovery.”
Juvenile winter-run Chinook salmon circle a bucket waiting before they are marked for later release. Credit: Larisa Thacher/UC Davis Center for Watershed Sciences
Johnson said this survival bottleneck can sharply shrink the population and reduce the diversity that may help salmon adjust to a changing climate. She cautioned against responding by concentrating scarce cold water on the key 15-day period for only part of the spawning season, which would favor a smaller number of redds, or nests.
“Selecting the winners at this life stage can have unintended consequences by narrowing the chance that salmon encounter favorable conditions at later life stages— it’s like putting all your eggs in one basket.” Instead, the results support approaches such as
reintroduction to historical habitat
, which could give salmon more opportunities to survive while providing long-term benefits for the environment, tribal communities, and the economy.
“For endangered species, we have removed so many options, we don’t have the luxury of further selecting certain survivors,” Johnson said.
Ear bones revealed which spawning sites succeeded
For the first time, researchers combined established spawning surveys, river temperature models, and measurements from salmon otoliths, or ear bones, to reconstruct the conditions juvenile salmon experienced while developing inside their eggs. They also worked with a UCLA laboratory that operates an ion microprobe, an instrument capable of measuring oxygen isotopes in otoliths that record the temperatures fish experienced.
The researchers combined those temperature records with hatch dates estimated from growth increments in the otoliths, river temperature models, and spawning survey records. That allowed them to identify which redds most likely produced the juveniles that survived.
The chamber of an ion microprobe, an advanced instrument that occupies an entire room at UCLA. The instrument measures oxygen isotopes in salmon otoliths, or ear bones, inside the chamber to determine temperatures the fish experienced inside their eggs. Credit: Rachel Johnson/NOAA Fisheries
When incubation temperatures experienced by surviving juveniles were compared with conditions at spawning sites that failed to produce survivors, “the pattern was remarkably clear,” Arai said. “The juveniles that survived had experienced cooler incubation temperatures during their earliest stages of development, whereas unsuccessful locations were consistently associated with warmer temperatures over the same developmental period.
“That was one of those rare moments in research where the biological story became immediately apparent from the data,” he said.
Small temperature increases sharply reduced survival
For every 1.8°F (1°C) rise in average river temperature during the critical 15-day period, the probability that juveniles from a redd survived fell by about 73 percent, the researchers found.
Salmon that made it through this narrow early window appeared able to tolerate warmer temperatures later in development. The findings also indicate that when cold water arrives may matter as much as how cold it is. Even brief mismatches between spawning and the availability of suitable cold water can substantially reduce juvenile survival.
A slice of an ear bone, or otolith, from a juvenile winter-run Chinook salmon. The otolith measures about the size of the eye of a needle, with daily growth increments that resemble tree rings indicating when the fish hatched. White circles indicate where an ion microprobe measured oxygen isotopes to reconstruct temperatures the fish experienced just before emerging from their gravel nests, called redds. Credit: George Whitman/UC Davis Center for Watershed Sciences
Combining the precision of the ion microprobe with other analyses could provide a new way to reconstruct early development in salmon and other species that are sensitive to temperature and changing environmental conditions, according to the researchers. The method may eventually reveal environmental experiences of individual animals across many species and long periods of time.
“I will never cease to admire the way our students and researchers see new technology and envision new ways to apply it to answer questions that may have seemed out of reach,” said Carson Jeffres, a senior researcher at UC Davis who leads a fisheries laboratory with Johnson and is a co-author of the new research. “Suddenly we have new insight into the very earliest and—now we know—key stages of salmon survival.”
The work also depended on collaboration with the U.S. Fish and Wildlife Service, which collected juvenile salmon; the California Department of Fish and Wildlife, which recorded spawning locations; NOAA Fisheries and the University of California, Santa Cruz, which tracked river temperatures connected with the otolith records; and the UCLA researchers who used the ion microprobe to analyze the ear bones at very fine scales.
“It is incredibly gratifying to see scientific innovation, collaborative research, and strong agency-academic partnerships come together to identify critical bottlenecks limiting recovery. Those insights allow us to focus conservation actions with our partners where they can make the greatest difference for the species,” Johnson said.
Reference: “Thermal bottlenecks constrain early-life survival of native fish in regulated rivers” by Kohma Arai, Rachael E. Ryan, Miles Daniels, Malte Willmes, George E. Whitman, Larisa M. Thacher, Nozomi Matsuda, Elizabeth A. Bell, Kevin D. McKeegan, Carson A. Jeffres and Rachel C. Johnson, 21 August 2026,
Science Advances
DOI: 10.1126/sciadv.aeg3586
Funding: US Bureau of Reclamation Grant No. R22AC00633–00 (C.A.J., and R.C.J.). California State Water Resources Control Board Agreement No. 20–036–300-2 (C.A.J., and R.C.J.). NSF EAR Instrumentation and Facilities Program Grant No. 2154590 (K.D.M.).
Never miss a breakthrough:
Join the SciTechDaily newsletter.
Follow us on
Google News
Climate Change
Conservation
Articles
Scientists Warn: Forests Are Losing Their Most Important Trees
Flying Toward Extinction: Yale Study Warns of Devastating Reverse “Butterfly Effect”
Scientists Uncover $46 Billion Secret Hidden in Antarctic Krill Poop
3,000 Species Face Extinction: Earth’s Natural Disasters Are Accelerating Biodiversity Loss
Genome Sequencing and Genetic Engineering Could Help Protect Ocean Ecosystems
Monitoring Species Condemned to Extinction May Help Conservationists Save Others As Global Temperatures Rise
Critically Endangered Iconic Great Apes in Borneo Lost Muscle During Fruit Shortages
It’s Not Too Late! 102 Species at Risk of Extinction Can Be Saved
Air Conditioning Is Failing for Glacier National Park’s Iconic Mountain Goats",full,,dom_or_structured_full_text,https://scitechdaily.com/a-15-day-window-could-decide-the-fate-of-californias-most-endangered-salmon/,scitechdaily,综合科技,无,2026-09-01T23:53:43+00:00,生命科学与健康 > 生命科学 > 生物多样性与生态,生命科学与健康,生物多样性与生态,"[{""path"":[""生命科学与健康"",""生命科学"",""生物多样性与生态""],""path_text"":""生命科学与健康 > 生命科学 > 生物多样性与生态"",""confidence"":0.93,""reason"":""濒危鲑鱼种群生存与水温栖息地研究属生物多样性保护。""}]",classified,2026-09-02T00:17:37.973921+00:00,glm-5.2,2026-08-14,
"Red Meat Helped Build Humanity, Now It May Be Harming Us",2026-09-01,"Red meat has played an important role in human diets for millions of years, providing concentrated nutrients that may have supported our evolutionary success. But modern consumption looks very different from the past, raising new questions about its effects on long-term health and the environment. Credit: Stock
Red meat may have helped shape the human species, but today’s appetite for it is taking a growing toll on human health and the planet.
An interdisciplinary review published in
The Quarterly Review of Biology
examines how red meat changed from a valuable source of concentrated nutrition into a contributor to chronic disease and ecological damage. Juston Jaco, Kalyan Banda, Ajit Varki, and Pascal Gagneux brought together roughly three million years of hominin dietary history with evidence from archaeology, epidemiology, and molecular biology.
Their central argument is not that meat was inherently harmful or that humans were never adapted to eat it. Instead, the authors emphasize how dramatically its availability, composition, production, and cultural role have changed. Occasional access to animal tissue within a varied ancestral diet bears little resemblance to the large portions and processed products common in many modern societies.
What Early Humans Really Ate
In a recent paper, the researchers trace meat consumption to before the emergence of the genus
. Archaeological evidence suggests that early hominins incorporated animal foods into diets that were still dominated by plants.
The prized parts of a carcass may not have resembled the steaks and roasts celebrated today. Fat, bone marrow, organs, and brain tissue probably offered greater nutritional value than lean muscle because they packed more calories and supplied essential lipids. Those nutrients may have been particularly important for supporting the energy-intensive development of the infant brain.
“The cultural prominence of red meat in modern Euro-American diets, typically centered on steaks and roasts, reflects ideals and biases that influence assumptions about early hominin diets,” the authors write. Modern preferences, in other words, can distort attempts to reconstruct what our ancestors actually sought and consumed.
Dietary Flexibility Fueled Human Success
The review also challenges the familiar claim that eating meat by itself drove the expansion of the human brain. Protein is not especially energy dense and is not the brain’s preferred fuel. Human success is more plausibly tied to the ability to exploit many different foods, including plants, fat-rich animal tissues, and other resources that varied across seasons and environments.
That flexibility became especially valuable as early humans spread into unfamiliar habitats. Rather than depending on a single ideal diet, hominins survived by adjusting what they ate to local conditions. This adaptability, rather than a universal meat-centered menu, may be one of the most important lessons from human dietary evolution.
Agriculture introduced a major nutritional shift roughly 10,000 to 12,000 years ago. Farming created more reliable food supplies and supported population growth, but it also replaced diverse diets with a narrower dependence on staple grains. This loss of dietary variety contributed to nutritional deficiencies, including iron deficiency, because cereal-heavy diets provided less readily absorbed iron. Such deficiencies had been comparatively rare among hunter-gatherers.
Abundance Brings New Health Risks
Today, meat is no longer an occasional nutritional prize for much of the world. It is the foundation of a global industry valued at $1.3 trillion, with further growth expected, particularly in low- and middle-income countries. Industrial production has made red meat available at a frequency and scale that have no close parallel in humanity’s evolutionary past.
Large epidemiological studies consistently associate greater consumption of red and processed meat with higher risks of cardiovascular disease, type 2 diabetes, colorectal cancer, and death from all causes. The International Agency for Research on Cancer classifies processed meat as a Group 1 carcinogen, meaning there is sufficient evidence that it can cause cancer in humans. Unprocessed red meat is classified as probably carcinogenic.
The review also explores a less familiar biological explanation for some of these associations. The authors call it “xenosialitis,” a diet-mediated inflammatory response involving
-glycolylneuraminic acid (Neu5Gc). Humans lost the ability to make this sugar molecule approximately two million years ago, but it remains abundant in commonly eaten red meats.
After red meat is consumed, Neu5Gc can become incorporated into human tissues. Because the immune system recognizes the molecule as foreign, antibodies may repeatedly attack cells containing it. The resulting chronic low-grade inflammation could promote atherosclerosis, accelerate colorectal cancer progression, and possibly contribute to cognitive decline.
The Planetary Cost of Meat
The health debate is only one part of the argument. Industrial livestock production generates roughly 15 percent of global greenhouse gas emissions while also driving deforestation and contaminating water. Heavy antibiotic use in animal agriculture can further encourage the emergence and spread of drug-resistant bacteria.
The authors do not argue that everyone must eliminate red meat. Their broader point is that evolutionary history cannot be used as a simple defense of modern consumption. A food can be valuable when scarce, nutritionally strategic, and eaten within a diverse diet yet become damaging when produced industrially and consumed in large quantities.
“The nature, scale, and context of red meat consumption today differ drastically from those of our evolutionary past,” the authors conclude. The dietary flexibility that once helped humans thrive may now offer a path forward, allowing societies to rely less heavily on red meat without pretending it played no role in humanity’s past.
Reference: “Red Meat in Human Evolution, Health, and Disease: From A Blessing to A Curse?” by Juston Jaco, Kalyan Banda, Ajit Varki and Pascal Gagneux, 7 May 2026,
The Quarterly Review of Biology
DOI: 10.1086/741185
Never miss a breakthrough:
Join the SciTechDaily newsletter.
Follow us on
Google News
Evolution
Evolutionary Biology
Nutrition
University of Chicago
Articles
Horizontal Gene Transfer Between Plants is More Widespread than Previously Thought
The Tomato Genomics Consortium Sequences the Tomato Genome
Evolution Shapes Ecology of Dammed Connecticut Lakes
Evolutionary Changes Surrounding the NOS1 Gene
Human Evolution Still Tied to Darwinian Selection
Diets Lacking in Omega-3 Fatty Acids May Cause Your Brain to Age Faster
Human Y-Chromosome Has Enough Genes to Stay for Millions of Years
Study Measures Mammalian Growth, Taking 24 Million Years to Go from Mouse to Elephant
Lungfish Use Pelvic Fins to Walk Underwater
Comments",full,,dom_or_structured_full_text,https://scitechdaily.com/red-meat-helped-build-humanity-now-it-may-be-harming-us/,scitechdaily,综合科技,无,2026-09-01T23:53:45+00:00,生命科学与健康 > 医学与健康 > 临床医学与公共健康,生命科学与健康,临床医学与公共健康,"[{""path"":[""生命科学与健康"",""医学与健康"",""临床医学与公共健康""],""path_text"":""生命科学与健康 > 医学与健康 > 临床医学与公共健康"",""confidence"":0.88,""reason"":""综述核心是红肉现代消费对慢性疾病风险与公共健康的影响。""}]",classified,2026-09-02T00:17:37.973921+00:00,glm-5.2,2026-08-14,
Scientists Discover a Brain Signal Linked to Severe Suicidal Thoughts,2026-09-01,"A receptor involved in cellular stress responses appears unusually elevated in the brains of people who experienced severe suicidal thoughts near death. Credit: Shutterstock
P2RX7 may be linked to severe suicidal thoughts and recovery, but researchers still need to confirm the pattern in living people.
Severe suicidal thoughts may leave a detectable biological signal in the brain, and that signal could also change when people recover. Researchers at the Netherlands Institute for Neuroscience have identified a receptor that may be linked to these shifts, providing a possible new direction for studying resilience and suicide prevention.
In the Netherlands, nearly five people die by suicide each day, and there may be about twenty suicide attempts for every death. Despite the enormous consequences for individuals and families, scientists still understand relatively little about the biological processes associated with suicidal thoughts. Effective medications specifically targeting suicidal thoughts are also urgently needed.
“We have found indications that the human brain not only changes during severe suicidal thoughts, but may also have mechanisms that help some people recover from them,” Zhang says. “We want to understand what happens when someone feels suicidal,” she adds. “But it may be even more important to understand what helps someone to be resilient to these thoughts.”
Zhang began by examining tissue from brain donors in the Netherlands Brain Bank. Her initial comparison separated people with mood disorders from those without them, but that approach did not reveal an obvious biological distinction in the brain region being studied.
“In the beginning we just had two groups: those with mood disorders, and those without,” Zhang begins. “But we did not find a clear difference in the area we studied.”
A biological signal emerged beyond depression
A clearer pattern appeared after Zhang reorganized the donors according to how they had died. Tissue from people who died by suicide or euthanasia differed from tissue from those who died of natural causes, and the distinction appeared regardless of whether the donor had been diagnosed with a mood disorder.
“This suggests that the biological processes linked to severe suicidal thoughts may be partly separate from those linked to depression,” Zhang explains.
P2RX7 marker of suicidal thoughts. Credit: Netherlands Institute for Neuroscience
P2RX7 levels were higher in nerve cells
The investigation then focused on a receptor called P2RX7, which plays a role in how cells respond to stress, inflammation, and energy metabolism. Zhang illustrates the difference using four figures. One image, from a donor who died naturally, contains almost no markings. Three others are scattered with dark blue dots. “These donors died by suicide or euthanasia.”
Those dots indicate the presence of P2RX7. Donors who died by suicide or euthanasia had significantly higher levels of the receptor in their nerve cells, raising the possibility that neurons expressing more P2RX7 behave differently during periods of severe suicidal thoughts. The researchers do not yet know precisely what the difference represents.
Recovery may leave a different signature
The apparently quiet image from the natural death group turned out to contain another important clue. Medical histories showed that some of these donors had previously experienced suicidal thoughts or attempted suicide, despite not showing the same elevated P2RX7 pattern at death.
“Some of these donors had experienced suicidal thoughts or had attempted suicide earlier in their lives as well,” she says.
That finding raises the possibility that P2RX7 levels are not permanently elevated after someone experiences suicidal thoughts.
“These donors experienced suicidal thoughts at some point, so it is possible that their P2RX7 levels were once higher,” Zhang explains. “But because they recovered, those levels may have fallen again. Unfortunately, we cannot yet confirm this using brain tissue collected at only one point in time.”
If P2RX7 rises and falls alongside the intensity of suicidal thoughts, tracking it over time could eventually provide researchers with a biological window into those changes.
“If we can follow a biological marker like this over time, it may help us better understand how suicidal thoughts change as well,” Zhang says. “That could eventually be valuable in clinical practice.”
Living brains will provide the next test
The critical next step is to determine whether the same pattern can be detected in people who are alive and currently experiencing suicidal thoughts. Researchers at Amsterdam UMC plan to use positron emission tomography, commonly known as PET imaging, to measure brain signals associated with P2RX7.
For now, the research remains preliminary. Scientists do not yet know whether P2RX7 can reliably indicate either the presence or severity of suicidal thoughts.
“I hope it could eventually become a useful biomarker,” Zhang says. “But first, we need to find out whether we can observe the same pattern in living people.”
The work also has a personal dimension for Zhang, who receives messages from people who have experienced suicidal thoughts themselves. Her response emphasizes the possibility of recovery.
“Your brain loves you more than you imagine. Every cell in your body is trying to fight against your suicidal ideation. Even when it does not feel that way, recovery remains possible.”
Reference: “N-terminal epitope of P2X purinoceptor 7 in the human hippocampal dentate gyrus differs in suicide and resilience for suicide” by Lin Zhang, J. Alexander Heimel and Dick F. Swaab, 23 July 2026,
The British Journal of Psychiatry
DOI: 10.1192/bjp.2026.10717
This research was supported by funding from Stichting Aan Boord by de Stichting Vrienden van het Herseninstituut, awarded to D.F.S. and L.Z.
Never miss a breakthrough:
Join the SciTechDaily newsletter.
Follow us on
Google News
Depression
Hippocampus
Mental Health
Neuroscience
Articles
Scientists Discover Brain Chemical Linked to Depression and Suicidal Thoughts
Irregular Sleep Schedules Can Worsen Mood and Increase Risk of Depression
Study Links Brain Cells to Depression – Brings Hope for Targeted Treatment Options
Suffering in Silence: Two-Thirds of Seniors Say They Won’t Treat Their Depression
Single Brain Region Links Depression, Anxiety and Heart Disease
Lithium in Public Drinking Water May Have an Anti-suicidal Effect – “Magic Ion” Has Potential to Improve Community Mental Health
Scientists Identify Structural Protein for the Diagnosis and Treatment of Depression
Don’t Ignore Chronic Itch – Risk of Depression, Suicidal Thoughts and Psychological Stress
Ketamine Produces Rapid Antidepressant Responses",full,,dom_or_structured_full_text,https://scitechdaily.com/scientists-discover-a-brain-signal-linked-to-severe-suicidal-thoughts/,scitechdaily,综合科技,无,2026-09-01T23:53:47+00:00,生命科学与健康 > 医学与健康 > 神经科学与脑健康,生命科学与健康,神经科学与脑健康,"[{""path"":[""生命科学与健康"",""医学与健康"",""神经科学与脑健康""],""path_text"":""生命科学与健康 > 医学与健康 > 神经科学与脑健康"",""confidence"":0.94,""reason"":""研究大脑受体信号与严重自杀意念的神经机制关联。""}]",classified,2026-09-02T00:17:37.973921+00:00,glm-5.2,2026-08-14,
A Tiny Wireless Device Could Transform How Chronic Pain Is Treated,2026-09-01,"Researchers have developed a seed-sized injectable device that can stimulate targeted nerves without surgery, batteries, or implanted wires. Credit: Stock
A seed-sized injectable device could make nerve stimulation therapies simpler, safer, and more accessible.
Researchers at NYU Abu Dhabi, working with Cleveland Clinic Abu Dhabi, have created a tiny injectable device that could offer a less invasive way to treat chronic pain and movement disorders.
The device is designed to control nerve activity without surgery, batteries, or wires, giving doctors a simpler route for delivering advanced neurological therapies.
A seed-sized device avoids surgery
Roughly the size of a small seed, the device can be delivered through a standard needle and positioned next to a specific nerve. After it is placed, it sends carefully controlled electrical signals that affect nerve behavior. Power is supplied wirelessly from outside the body, so doctors or patients can adjust the stimulation in real time.
“This work represents a shift in how we think about treating nerve-related conditions,” said Khalil Ramadi, Assistant Professor of Bioengineering at NYU Abu Dhabi and NYU Tandon and the study’s senior author. “By creating a device that can be injected rather than surgically implanted, we are making these therapies simpler, safer, and more accessible, while still maintaining precise control over nerve activity.”
Standard medical imaging tools, including ultrasound and CT scans, can be used to locate and monitor the device after injection. Once it is in place, the device provides programmable electrical stimulation, allowing treatment to be adjusted for individual patient needs.
Imaging guides precise placement
“This collaboration with NYU Abu Dhabi reflects our commitment to advancing innovative, clinically relevant research that translates into meaningful improvements in patient care. By bringing together multidisciplinary expertise, this work highlights how academic partnerships can accelerate the development of safer, less invasive therapies and expand access to advanced treatments for patients,” said Dr. Sawsan Abdel-Razig, Chief Academic Officer at Cleveland Clinic Abu Dhabi.
In laboratory and preclinical tests, the device showed that it could stimulate nerves with precision and perform reliably under realistic conditions. It also activated nerves in vivo, supporting its potential for future real-world use.
Less invasive therapy moves closer
“This technology has the potential to bridge the gap between non-invasive therapies and traditional implants,” said Dr. Mohamed Elsherif, Research Associate at NYU Abu Dhabi and first author of the study. “It opens the door to treatments that are both effective and easy to deliver, which could significantly improve patient care.”
Reference: “An injectable, leadless bioelectronic interface for battery-free wireless peripheral neuromodulation” by Mohamed Elsherif, Salma Mansour, Zhansaya Makhambetova, Fotoon Aldhanhani, Batoul Khlaifat, Mahmoud Elbeh, Vega Pradana Rachim, Sohmyung Ha, Hicham Abada, Juan S. Barajas-Gamboa, Carlos M. Abril Vega and Khalil B. Ramadi, 12 June 2026,
Science Advances
DOI: 10.1126/sciadv.aeg1437
This work was supported by NYU Abu Dhabi (AD324) and Center for Translational Medical Devices (CG015) at NYU Abu Dhabi Research Institute.
Never miss a breakthrough:
Join the SciTechDaily newsletter.
Follow us on
Google News
Biomedical Engineering
Chronic Pain
Neurology
Neuroscience
NYU Abu Dhabi
Articles
Researchers Have Discovered a New Way To Reduce Chronic Nerve Pain
Treating Chronic Pain With Sound Plus Electrical Body Stimulation
Test for Alzheimer’s May Be Undermining Drug Trials
Smoking Rots the Brain & Lowers Cognitive Performance
Neural Connection Between Infant Stress & Depression in Teenage Girls
Disrupted Sleep Patterns Linked to Alzheimer’s
Examining the Relationship Between Diabetes and Cognitive Decline
Controlled Trial Shows Cannabis Reduces Some Symptoms of MS
Neuroscientists Decode Correlation Between Sound and Brain Activity",full,,dom_or_structured_full_text,https://scitechdaily.com/a-tiny-wireless-device-could-transform-how-chronic-pain-is-treated/,scitechdaily,综合科技,无,2026-09-01T23:53:49+00:00,生命科学与健康 > 医学与健康 > 临床医学与公共健康,生命科学与健康,临床医学与公共健康,"[{""path"":[""生命科学与健康"",""医学与健康"",""临床医学与公共健康""],""path_text"":""生命科学与健康 > 医学与健康 > 临床医学与公共健康"",""confidence"":0.9,""reason"":""可注射无线神经刺激装置用于慢性疼痛等疾病的临床治疗。""}]",classified,2026-09-02T00:17:37.973921+00:00,glm-5.2,2026-08-14,
Sugary Drinks Linked to 145% Higher Risk of Gastric Cancer,2026-09-01,"Daily consumption of sugar-sweetened beverages was associated with a substantially higher observed risk of gastric cancer in a large U.S. cohort. Credit: Shutterstock
Adults who drank sugar-sweetened beverages every day had a higher observed risk of gastric cancer, while artificially sweetened drinks showed no such association.
Sugary drinks are part of the daily routine for many Americans, with approximately 65% of U.S. adults reporting that they consume at least one sugar-sweetened beverage each day. Researchers at the Mass General Brigham Cancer Institute found that daily consumption was associated with a higher risk of gastric cancer, while artificially sweetened drinks showed no such association. The findings were published in
Gastro Hep Advances
Sugar-sweetened beverages have previously been associated with increased risks of colorectal, breast, and liver cancers, but their relationship with gastric cancer has been less clear. To investigate, researchers examined data from 112,284 participants in the Nurses’ Health Study and Health Professionals Follow-Up Study, two long-running studies that collected detailed information about diet, lifestyle, and health over several decades. During that period, 278 participants developed gastric cancer.
“This is the first study to demonstrate an association between sugar-sweetened beverage intake and gastric cancer in a U.S. population,” said senior author Andrew T. Chan, MD, MPH, a gastroenterologist and epidemiologist with the Mass General Brigham Cancer Institute. “Gastric cancer is the fifth leading cause of cancer death worldwide, but we’ve known very little about how diet might contribute to this cancer.”
Daily sugary drinks were linked to higher risk
After adjusting for other possible risk factors, researchers found that people who drank at least one serving of a sugar-sweetened beverage each day had a 2.45 times higher risk of gastric cancer than those who consumed less than one serving per month. The association appeared in both men and women.
Greater overall fructose intake (fructose is the main sweetener in these drinks) was also associated with a higher incidence of gastric cancer. Among women in the Nurses’ Health Study, for example, drinking more than one sugar-sweetened beverage per day was associated with a 3.04-fold higher risk compared with women who rarely consumed them. By contrast, greater consumption of artificially sweetened beverages was not associated with higher gastric cancer incidence after researchers accounted for other factors.
For the analysis, sugar-sweetened beverages included carbonated drinks, punch, lemonade, and sports drinks. Artificially sweetened beverages were defined as low-calorie carbonated drinks.
Because infection with
Helicobacter pylori
H. pylori
) is a known risk factor for gastric cancer, the researchers also examined
H. pylori
status among a subset of 940 participants. Slightly more than one third showed evidence of infection, but sugar-sweetened beverage consumption was not associated with
H. pylori
infection.
The study cannot establish cause
Because the research was observational, it cannot determine whether sugar-sweetened beverages themselves caused the higher rates of gastric cancer. Other differences among people who consumed more of these drinks could have contributed to the association.
Researchers also had limited information about
H. pylori
infection and family history of gastric cancer, and the participants were predominantly white, restricting the ability to study differences among racial and ethnic groups. However, the large number of participants and decades of detailed health and lifestyle data allowed the researchers to account for many other potential gastric cancer risk factors.
Further research will be needed to confirm the association and determine why sugar-sweetened beverages might be linked to gastric cancer risk.
Reference: “Association between sugar-sweetened and artificially sweetened beverage intake and gastric cancer incidence” by Tae-Geun Gweon, Jane Ha, Hansuel Kim, Mengxi Du, Mingyang Song and Andrew T. Chan, 17 August 2026,
Gastro Hep Advances
DOI: 10.1016/j.gastha.2026.101097
Never miss a breakthrough:
Join the SciTechDaily newsletter.
Follow us on
Google News
Epidemiology
Mass General Brigham
Nutrition
Articles
New Research Finds Shocking Link Between Chili Peppers and Cancer
Eating More Ultraprocessed Foods May Shorten Cancer Survivors’ Lives
Daily Consumption of Sugary Drinks Linked to Increased Risk of Liver Cancer and Chronic Liver Disease
Harvard Doctor Discovers That Drinking Sugary Drinks Increases Your Risk of Liver Cancer by 73%
Study Shows Link between Muscle-Building Supplements and Cancer
Sugar-Sweetened Beverages Linked to About 180,000 Deaths Annually
Vitamin D Could Reduce the Risk of Type 1 Diabetes
Study Links Dietary Glycemic Load and Colon Cancer
Daily Multivitamin Usage Cut Cancer Risk By 8% in Men",full,,dom_or_structured_full_text,https://scitechdaily.com/sugary-drinks-linked-to-145-higher-risk-of-gastric-cancer/,scitechdaily,综合科技,无,2026-09-01T23:53:50+00:00,生命科学与健康 > 医学与健康 > 临床医学与公共健康,生命科学与健康,临床医学与公共健康,"[{""path"":[""生命科学与健康"",""医学与健康"",""临床医学与公共健康""],""path_text"":""生命科学与健康 > 医学与健康 > 临床医学与公共健康"",""confidence"":0.94,""reason"":""含糖饮料与胃癌风险的流行病学研究属公共健康。""}]",classified,2026-09-02T00:17:37.973921+00:00,glm-5.2,2026-08-14,
University of Sydney receives funding to advance perovskite-silicon tandem solar cells,2026-09-01,"University of Sydney receives funding to advance perovskite-silicon tandem solar cells
The University of Sydney has been awarded AU$7.25 million (approximately US$5.18 million) by the Australian Renewable Energy Agency (ARENA) to accelerate the commercialization of perovskite-silicon tandem solar cell technology.
The funding was awarded to Professor Anita Ho-Baillie, the University's inaugural John Hooke Chair of Nanoscience, who is partnering with Australian solar panel manufacturer Unison Solar Energy to take the technology closer to commercial viability.
“There isn’t much room for silicon to improve because its theoretical limit is only 30 percent – but for perovskite-silicon tandem, it is about 40 percent,” said Professor Ho-Baillie.
Her research team has already demonstrated the greater efficiency of the technology, achieving Australia's first 30 percent efficient silicon-perovskite tandems on both small and large areas, independently confirmed by recognized test centers. The team has also reported tandem cells passing industry-standard tests against thermal extremes and moisture. The new funding will allow Professor Ho-Baillie and her team to prove the reliability of silicon-perovskite cells under a series of industry standards, with the ultimate goal of improving the cells' ability to maintain conversion efficiency over the life expectancy of solar panels.
""Our next round of testing will prove this technology's ability to cope with UV light and mechanical stresses,"" Professor Ho-Baillie said.
The funding was made available through ARENA's latest Ultra Low-Cost Solar PV Funding Round and will be delivered over five years, commencing in 2027.
""This is a fantastic opportunity for us to make research we've been doing at the University for the last six years translational. We'd love to be able to see it through, to get Si-perovskite technology to the stage of being commercially viable for clean power generation.""
Unison Solar Energy CEO Dr. Allen Guo welcomed the funding partnership. ""We're delighted to be working with the University of Sydney to develop next generation Australian-made solar technologies that withstand Australia's harsh conditions,"" he said.
Sep 01,2026 by
Roni Peleg
Similar Entries
New POP-PV project to advance Power Roll's micro-groove perovskite solar film toward commercialization
China’s Xi’an Tianjiao New Energy to build 1 GW flexible perovskite solar cell line in Xianyang
Amosolar launches 520–550 W perovskite solar module for residential and commercial projects
CATL and CECEP expand partnership to commercialize perovskite solar technology
China highlights two perovskite projects in 2026 national smart PV case list
Trina Solar secures first commercial order for perovskite-silicon tandem modules
GCL updates on perovskite PV commercialization, 4T tandem progress and space applications
Perovskite-powered e-paper display enters commercialization with fully passive operation under ambient light",full,,dom_or_structured_full_text,https://www.perovskite-info.com/university-sydney-receives-funding-advance-perovskite-silicon-tandem-solar,perovskite-info,光伏,LED、量子点、燃料电池、传感器,2026-09-01T23:53:55+00:00,零碳产业 > 能量循环 > 能源测 > 发电技术 > 光伏,零碳产业,光伏,"[{""path"":[""零碳产业"",""能量循环"",""能源测"",""发电技术"",""光伏""],""path_text"":""零碳产业 > 能量循环 > 能源测 > 发电技术 > 光伏"",""confidence"":0.95,""reason"":""核心事件是钙钛矿-硅叠层太阳电池技术的产业化推进。""},{""path"":[""公共政策与社会治理"",""科教与人才"",""科研管理与学术活动""],""path_text"":""公共政策与社会治理 > 科教与人才 > 科研管理与学术活动"",""confidence"":0.7,""reason"":""事件为大学团队获得政府机构资助以推进科研产业化。""}]",classified,2026-09-02T00:17:43.501242+00:00,glm-5.2,2026-08-14,
Dual-molecule passivation boosts inverted perovskite solar cell efficiency to 24.6%,2026-09-01,"Dual-molecule passivation boosts inverted perovskite solar cell efficiency to 24.6%
A team at the Korea Institute of Energy Research (KIER), led by Hong Seong-jun of its Solar Energy Research Laboratory, working with Park Young-seok's group at the Ulsan National Institute of Science and Technology (UNIST) and Lee Kyung-gu's group at Kunsan National University, has developed a ""dual-molecule passivation"" technique that lifts the power conversion efficiency of inverted perovskite solar cells to 24.6%, more than 3 percentage points above an untreated control cell's 21.21%.
The inverted architecture in PSCs, in which the electrode arrangement is reversed relative to the conventional cell design, is particularly well suited to large-area and flexible cells because it allows for low-temperature processing. The persistent obstacle is microscopic defects that form at grain boundaries and on the surface during thin-film fabrication; these trap and scatter electrons and holes as they move through the material, cutting into both efficiency and long-term stability. Conventional passivation coats the perovskite surface with a single type of molecule, which struggles to address the deep grain-boundary defects and the surface defects at the same time.
The team's approach instead applies two organic molecules with different binding behavior, PDAI and 4TF, in sequence, each targeting a different defect type. The smaller PDAI molecules fill the microscopic gaps between grain boundaries to stabilize charge-transport pathways, while 4TF bonds to unstable, dangling lead atoms left on the surface to eliminate additional defect sites.
The complementary treatment measurably outperformed either a bare cell or single-molecule passivation: the dual-molecule-treated cell reached 24.6% power conversion efficiency, versus 23.17% for a cell treated with PDAI alone and 21.21% for an untreated control. The team attributes the gain to the two molecules producing complementary effects, defect elimination and surface stabilization, that neither achieves on its own when applied by itself.
""This achievement is a core foundational technology that will accelerate the commercialization of high-efficiency flexible solar cells for use in building windows, automobile sunroofs and portable devices,"" said Hong. ""We will apply it to a lineup of high-performance next-generation solar cell products to strengthen our technological competitiveness in the eco-friendly renewable energy market.""
ACS Applied Materials & Interfaces
Sep 01,2026 by
Roni Peleg
Similar Entries
University of Sydney receives funding to advance perovskite-silicon tandem solar cells
Japan to end silicon solar panel subsidies, quadruple perovskite support for FY2027
Mellow Energy's flexible perovskite roof reaches 19.1% efficiency in on-vehicle validation with FAW
Caesium chloride seed layer boosts evaporated tandem solar cells to 30.3%
Chiral hole-transport molecules lift perovskite solar cell efficiency to 20.64%
Millisecond j-V method resolves subcell currents in perovskite-silicon tandems
Mitsubishi Gas Chemical, EneCoat to test perovskite-powered IoT devices at Niigata ice arena
GCL Perovskite leads drafting of space perovskite PV module standard",full,,dom_or_structured_full_text,https://www.perovskite-info.com/dual-molecule-passivation-boosts-inverted-perovskite-solar-cell-efficiency-246,perovskite-info,光伏,LED、量子点、燃料电池、传感器,2026-09-01T23:53:56+00:00,零碳产业 > 能量循环 > 能源测 > 发电技术 > 光伏,零碳产业,光伏,"[{""path"":[""零碳产业"",""能量循环"",""能源测"",""发电技术"",""光伏""],""path_text"":""零碳产业 > 能量循环 > 能源测 > 发电技术 > 光伏"",""confidence"":0.95,""reason"":""核心是双分子钝化提升反式钙钛矿电池效率的技术研究。""}]",classified,2026-09-02T00:17:43.501242+00:00,glm-5.2,2026-08-14,
我国能源绿色转型取得又一重要标志性成果 光伏发电成为装机第一大电源-索比光伏网,2026-09-01,"近年来，我国光伏发电持续保持较快增长态势。截至7月底，我国光伏发电装机容量达到12.86亿千瓦，首次超过煤电（12.85亿千瓦），占到全国发电装机的31.5%，成为我国装机第一大电源。在我国能源资源禀赋条件下，自电力工业诞生百年来煤电作为第一大电源的历史格局被打破，成为2026年上半年煤电发电量占比历史性跌破50%之后，我国能源绿色低碳转型取得的又一重要阶段性进展和标志性成果。
今年1—7月，全国光伏发电量为8024亿千瓦时，同比提升15.5%。光伏发电在全社会用电量中的占比已达到13%，全国每用8度电就有超过一度来自光伏。
目前，我国已形成全球最完整、竞争力最强的光伏产业链。组件制造技术多点开花，晶硅电池转换效率全球领先，钙钛矿电池等下一代技术研发加速推进。我国光伏组件产量占全球约80%，为世界各国绿色低碳转型贡献了“中国智慧”“中国方案”。
在分布式光伏方面，随着“千家万户沐光行动”推进，目前全国已有超830万户居民成为了分布式光伏业主，屋顶光伏、帮扶电站等正让光伏成为强村富民的“阳光银行”。
在集中式光伏方面，在西北“沙戈荒”地区，光伏阵列有效降低地表风速、减少水分蒸发，为板下植被生长创造有利条件，让能源生产与生态修复相得益彰。2025年截至今年4月底，内蒙古、新疆、青海、甘肃、宁夏、吉林等省区新增光伏装机容量8758千瓦，治理沙化土地面积230万亩。
在集成融合方面，借助光储充换一体化、零碳园区、零碳工厂、建筑光伏一体化等新场景，光伏发电正与交通、工业、建筑等领域深度融合发展，为构建绿色低碳、更有韧性的新型能源供给和消费体系提供坚强保障。
“十五五”期间，光伏发电将进一步实现高质量发展，并着力提升系统友好性和可靠替代能力，探索光储一体化、光热互补、光伏制氢等多元发展模式，推动光伏从“看天吃饭”向“可调度、可预测”转变，实现“发得出、送得稳、用得好”。
索比光伏网 https://news.solarbe.com/202609/01/50028460.html",full,,trafilatura_full_text,https://news.solarbe.com/202609/01/50028460.html,索比光伏,光伏,无,2026-09-01T23:54:26+00:00,零碳产业 > 能量循环 > 能源测 > 发电技术 > 光伏,零碳产业,光伏,"[{""path"":[""零碳产业"",""能量循环"",""能源测"",""发电技术"",""光伏""],""path_text"":""零碳产业 > 能量循环 > 能源测 > 发电技术 > 光伏"",""confidence"":0.95,""reason"":""核心事件是光伏装机成为我国第一大电源及产业发展。""}]",classified,2026-09-02T00:17:43.501242+00:00,glm-5.2,2026-08-14,
我国光伏发电装机历史性超过煤电 成为装机规模最大的电源品类-索比光伏网,2026-09-01,"截至今年7月底，我国光伏发电装机容量达到12.86亿千瓦，其中集中式光伏7.04亿千瓦、分布式光伏5.82亿千瓦。光伏发电的装机容量首次超过煤电，成为我国装机规模最大的电源品类。（煤电装机容量12.85亿千瓦）
今年7月，光伏发电新增装机容量1373万千瓦，同比增长43%。今年1—7月，光伏发电累计新增装机容量8565万千瓦，同比下降62%（主要受2025年1—5月抢装影响，同期基数较高）；光伏发电量达到8024亿千瓦时，同比提升15.5%，超出全社会用电量增速10.8个百分点；光伏发电量在全社会用电量中的占比已达到13%，较去年全年水平提升1.7个百分点。近年来，光伏发电装机及发电量持续保持较快增长态势，在保障电力供应、推动能源转型中的作用日益凸显。
索比光伏网 https://news.solarbe.com/202609/01/50028456.html",full,,trafilatura_full_text,https://news.solarbe.com/202609/01/50028456.html,索比光伏,光伏,无,2026-09-01T23:54:28+00:00,零碳产业 > 能量循环 > 能源测 > 发电技术 > 光伏,零碳产业,光伏,"[{""path"":[""零碳产业"",""能量循环"",""能源测"",""发电技术"",""光伏""],""path_text"":""零碳产业 > 能量循环 > 能源测 > 发电技术 > 光伏"",""confidence"":0.95,""reason"":""核心为光伏装机规模历史性超过煤电的统计数据。""}]",classified,2026-09-02T00:17:43.501242+00:00,glm-5.2,2026-08-14,
全国首批！山东有了商业航天标准化技术委员会-索比光伏网,2026-09-01,"近日，山东省商业航天标准化技术委员会成立大会暨第一次全体委员会议在济南召开。会议宣读了商业航天标委会成立批复文件及第一届全体委员名单，集中审议通过四项标委会工作章程文件，为后续标委会规范有序运行提供了制度保障。
据介绍，为贯彻落实《国家标准化发展纲要》和省委、省人民政府关于建设航天强省的决策部署，山东在全国首批组建商业航天标准化技术委员会。此次会议的召开，标志着全省商业航天标准化建设正式迈入规范化、系统化的新阶段。下一步，标委会将充分发挥平台作用，持续健全标准体系、凝聚行业力量，积极推动标准与科技创新、产业应用深度融合，赋能商业航天产业高质量发展。
索比光伏网 https://news.solarbe.com/202609/01/50028436.html",full,,trafilatura_full_text,https://news.solarbe.com/202609/01/50028436.html,索比光伏,光伏,无,2026-09-01T23:54:30+00:00,通用技术 > 通信和运输 > 航天,通用技术,航天,"[{""path"":[""通用技术"",""通信和运输"",""航天""],""path_text"":""通用技术 > 通信和运输 > 航天"",""confidence"":0.85,""reason"":""事件为商业航天标准化技术委员会成立，服务商业航天产业。""},{""path"":[""公共政策与社会治理"",""政策法规"",""监管、标准与合规""],""path_text"":""公共政策与社会治理 > 政策法规 > 监管、标准与合规"",""confidence"":0.8,""reason"":""核心是行业标准化组织的组建与标准体系建设。""}]",classified,2026-09-02T00:17:43.501242+00:00,glm-5.2,2026-08-14,
湖南某公司违法占用林地164.79亩建光伏被通报-索比光伏网,2026-09-01,"自然资源部、国家林业和草原局2026年二季度发现，部分地方存在违法占地破坏耕地、非法采矿、毁林毁草破坏生态等问题。
为发挥警示教育作用，自然资源部、国家林业和草原局决定通报5个违法违规典型问题：
山西省朔州市朔城区政府对凯捷煤炭销售有限公司违法占地问题监管不力、执法查处不严。
2017年9月至今，朔州市凯捷煤炭销售有限公司租赁910亩土地建设杨涧煤炭物流交易中心，未办理用地审批手续。截至2026年5月，已实施建设687.68亩（耕地211.80亩）。2019年3月至2022年5月期间，该公司先后被自然资源部门立案查处21次，不仅未依法依规整改反而逐年扩大违法占地面积。
黑龙江省牡丹江市林口县政府违规批准处置矿产品，林口县聚能新能源有限公司以生态修复为名违法采矿。
2025年3月，林口县政府在原矿业权人未灭失情况下，违规参照历史遗留矿山生态修复有关政策批准同意处置剩余矿产品。县自然资源局在未实际产生剩余矿产品的情况下，默许聚能新能源有限公司以生态修复为名违法开采砂石，涉及违法开采量24.6万立方米，价值1068.49万元。
江西省瑞金市绵江萤矿有限公司越界开采萤石矿1.26万吨，相关部门监管不力。
2021年5月以来，瑞金市绵江萤矿有限公司超出绵江萤石矿采矿权范围，在井下越界开挖164.49米坑道，非法开采萤石矿1.26万吨，相关部门未及时发现。
广东省云浮市云城区政府借废钢铁加工项目场地平整施工之名，违法违规批准开采水泥用灰岩1313.23万立方米。
2023年8月至2024年4月，云浮市云城区政府借废钢铁加工项目场地平整施工之名，违规将水泥用灰岩矿产资源作为土石方在公共资源交易平台处置，规避采矿权设置，违法违规批准开采水泥用灰岩1313.23万立方米，截至2026年6月实地核查时，已开采120.77万立方米，造成生态破坏和安全隐患。此外，还存在违反废钢铁加工项目原则上应布局在产业园区的要求，将项目布局在产业园区之外、地质灾害易发区等选址不当问题。
湖南省永州市冷水滩区华能（永州）新能源有限责任公司建设光伏违法占用林地164.79亩问题，冷水滩区政府及相关部门监管不力。
2024年7月以来，华能（永州）新能源有限责任公司未取得使用林地行政许可，违法占用湖南省永州市冷水滩区林地164.79亩建设光伏。2024年以来，湖南省生态环保督察、林长制专项督查指出该类问题并要求查处整改，但在整改期间，相关问题仍持续发生。
一季度通报的违法违规典型问题，4个已经完成整改查处和追责问责，其他问题现场已完成整改，相关问题线索已移交纪检监察部门。自然资源部、国家林业和草原局将加大对问题整改情况的跟踪力度，并适时向社会公开整改结果。
索比光伏网 https://news.solarbe.com/202609/01/50028407.html",full,,trafilatura_full_text,https://news.solarbe.com/202609/01/50028407.html,索比光伏,光伏,无,2026-09-01T23:54:32+00:00,公共政策与社会治理 > 安全与治理 > 社会治理、伦理与隐私,公共政策与社会治理,社会治理、伦理与隐私,"[{""path"":[""公共政策与社会治理"",""安全与治理"",""社会治理、伦理与隐私""],""path_text"":""公共政策与社会治理 > 安全与治理 > 社会治理、伦理与隐私"",""confidence"":0.8,""reason"":""核心是政府部门通报违法违规占地破坏生态问题。""},{""path"":[""零碳产业"",""能量循环"",""能源测"",""发电技术"",""光伏""],""path_text"":""零碳产业 > 能量循环 > 能源测 > 发电技术 > 光伏"",""confidence"":0.65,""reason"":""通报的主要案例之一是违法占用林地建设光伏项目。""}]",classified,2026-09-02T00:17:43.501242+00:00,glm-5.2,2026-08-14,
冀发改运行〔2026〕719号解读｜河北南部电网电力现货市场正式转正 交易机制与产业影响全梳理-索比光伏网,2026-09-01,"2026年8月4日，河北省发展改革委、国家能源局华北监管局联合发布《关于河北南部电网电力现货市场由试运行转正式运行的通知》(冀发改运行〔2026〕719号)，明确自2026年8月1日起，河北南部电网电力现货市场正式转入运行阶段。这是继山西、广东、山东等省份之后，全国第八个正式运行电力现货市场的地区，同时也是京津冀区域首个完成转正的省级现货市场，标志着华北区域电力市场化改革取得关键突破。
从2025年3月1日启动连续结算试运行至正式转正，河北南网历经518天全场景压力测试，覆盖迎峰度夏、迎峰度冬、极端天气、重要节假日等多种工况，验证了市场机制的可行性与稳定性。本次转正核心重构了电价形成机制：采用“日前+实时”两级交易模式，实时市场每15分钟滚动出清，全天最多形成96个不同时段价格，电价从年度固定的计划体系转向动态波动的市场体系。试运行期间，市场出清价格在0元/兆瓦时至753.57元/兆瓦时区间波动，午间光伏大发时段价格显著走低，晚高峰随负荷攀升快速上涨，“峡谷曲线”特征逐步凸显，替代了传统的“鸭子曲线”形态。
政策明确居民、农业用户电价不受本次转正直接影响，仍执行政府定价目录电价;工商业用户电量中约75%为年度长协、10%为月度长协，仅15%左右电量随现货价格波动，多数用户整体感知有限，但高耗能企业的精细化用电管理价值显著提升。市场主体层面同步迎来重构：独立储能形成“电能量价差套利+容量补偿+容量租赁”三重盈利体系，截至6月底南网独立储能装机达550万千瓦，25家主体参与交易;分布式光伏首次明确可独立注册或通过聚合商代理参与市场交易，分散式资源迎来抱团入市的新路径;火电企业灵活性改造加速，售电行业集中度提升，专业化交易能力成为核心竞争力。
整体来看，河北南网转正不仅是区域电力市场的里程碑，更是“受端省 + 新能源高占比”场景下的典型样本，其运行经验对全国同类省份具备较强参考价值，也将推动冀北电网及京津冀区域电力市场建设进一步提速。
为帮助发电企业、储能投资商、光伏运营商、售电公司、工商业大用户全面理解现货市场转正规则、测算收益影响、优化参与策略，索比光伏网结合政策原文与市场运行数据，推出深度解读报告，覆盖交易机制拆解、价格走势分析、分主体收益测算、参与路径指引、风险避坑指南等全维度内容。
以下为报告节选内容，完整分主体收益测算模型、价差套利策略、偏差考核规则、主体注册流程、冀北电网进展预判，可扫码跳转小程序查看全文完整版报告。
索比光伏网 https://news.solarbe.com/202609/01/50028458.html",full,,trafilatura_full_text,https://news.solarbe.com/202609/01/50028458.html,索比光伏,光伏,无,2026-09-01T23:54:34+00:00,通用技术 > 通信和运输 > 电网技术 > 配电和电力交易,通用技术,配电和电力交易,"[{""path"":[""通用技术"",""通信和运输"",""电网技术"",""配电和电力交易""],""path_text"":""通用技术 > 通信和运输 > 电网技术 > 配电和电力交易"",""confidence"":0.95,""reason"":""核心事件是河北南网电力现货市场正式运行及交易机制重构""},{""path"":[""公共政策与社会治理"",""政策法规"",""产业与能源政策""],""path_text"":""公共政策与社会治理 > 政策法规 > 产业与能源政策"",""confidence"":0.8,""reason"":""由政府部门发文推动电力市场化改革并分析政策产业影响""}]",classified,2026-09-02T00:17:49.412227+00:00,glm-5.2,2026-08-14,
California files lawsuit over Golden State Wind lease buyout,2026-09-01,"California Attorney General Rob Bonta and the California Energy Commission
(CEC) filed a lawsuit on August 28 against the Trump administration and
Golden State Wind LLC.
The lawsuit alleges that the Trump administration carried out an unlawful
buyout of Golden State Wind’s offshore wind energy lease, in violation
of provisions within the Outer Continental Shelf Lands Act.
According to the complaint, the lease cancellation has jeopardised more
than $30 million in commitments for workforce training, supply chain development
and community benefits associated with the project.
The case is in relation to a $120 million reimbursement agreement reached
between the Trump administration and Golden State Wind in April, under
which the developer agreed to relinquish its offshore wind lease and make
an equivalent investment in U.S. oil and gas assets, energy infrastructure
and LNG projects.
The Department of the Interior previously said the agreement was justified
due to security concerns, while California argues it is in violation of
federal laws.
The lawsuit asks the court to invalidate the agreement and prevent it from
being implemented.
This follows a Notice of Intent to Sue, which was announced by the California
Department of Justice and the CEC in June.
For more information about offshore wind
farm projects across the globe, click",full,,trafilatura_full_text,https://www.tgs4c.com/news/california-files-lawsuit-over-golden-state-wind-lease-buyout-nid33230.html,4C Offshore,风能,无,2026-09-01T23:55:04+00:00,公共政策与社会治理 > 政策法规 > 产业与能源政策,公共政策与社会治理,产业与能源政策,"[{""path"":[""公共政策与社会治理"",""政策法规"",""产业与能源政策""],""path_text"":""公共政策与社会治理 > 政策法规 > 产业与能源政策"",""confidence"":0.85,""reason"":""核心事件是政府间围绕海上风电租约退出协议的诉讼与能源政策争议""},{""path"":[""零碳产业"",""能量循环"",""能源测"",""发电技术"",""风电""],""path_text"":""零碳产业 > 能量循环 > 能源测 > 发电技术 > 风电"",""confidence"":0.7,""reason"":""争议标的为海上风电项目租约及其供应链投入""}]",classified,2026-09-02T00:17:49.412227+00:00,glm-5.2,2026-08-14,
First monopile successfully installed at OranjeWind offshore wind farm,2026-09-01,"The first monopile has been installed at the OranjeWind
project,
located 53 kilometres off the Dutch coast.
The joint venture project between RWE and TotalEnergies will generate 795
MW of renewable electricity once completed, enough to power around 1 million
Dutch households.
Sven Utermöhlen, CEO of RWE Offshore Wind, said: “RWE and TotalEnergies
are delivering one of the largest wind farms in the Dutch North Sea. After
years of planning, the project has become a reality with the installation
of the first monopile.”
The wind farm is using transition piece-less monopiles, which are connected
directly to the monopile top flange without the need for a transition piece.
In total, the project will install 53 monopiles by 2027. Each monopile
will stand at 90 metres long and 8 metres in diameter.
Sif completed the monopile loadout at its Maasvlakte terminal before the
foundations were transported offshore to IJmuiden. Jan De Nul’s floating
installation vessel, Les Alizés, then transported and installed the monopiles.
The installation process involved a 5,000-tonne crane standing 160 metres
high, allowing the monopiles to be driven into the seabed using a hydraulic
impact hammer.
Olivier Jouny, Senior Vice President Renewables at TotalEnergies, said:
“We are developing a major offshore wind project that will contribute
to the Netherlands’ renewable electricity supply while supporting our
own decarbonisation roadmap through the production of green hydrogen for
our refineries in Northern Europe.”
For more information about offshore wind
farm projects across the globe, click",full,,trafilatura_full_text,https://www.tgs4c.com/news/first-monopile-successfully-installed-at-oranjewind-offshore-wind-farm-nid33229.html,4C Offshore,风能,无,2026-09-01T23:55:06+00:00,零碳产业 > 能量循环 > 能源测 > 发电技术 > 风电,零碳产业,风电,"[{""path"":[""零碳产业"",""能量循环"",""能源测"",""发电技术"",""风电""],""path_text"":""零碳产业 > 能量循环 > 能源测 > 发电技术 > 风电"",""confidence"":0.97,""reason"":""核心事件是OranjeWind海上风电项目首根单桩基础安装""}]",classified,2026-09-02T00:17:49.412227+00:00,glm-5.2,2026-08-14,
Borkum Riffgrund 3 wind farm begins commercial operations,2026-09-01,"The 913 MW
Riffgrund 3 offshore wind farm
jointly owned by Ørsted and Nuveen Infrastructure, has entered commercial
operation in Germany.
According to the announcement the project is one of the largest offshore
wind farms currently operating in the country.
The project is intended to support Germany’s energy security through domestic
renewable power generation.
Patrick Harnett, Chief Construction Officer at Ørsted, said: “The project
demonstrates how offshore wind at scale can bolster energy security across
Germany and Europe by powering businesses and homes.”
The project also advances Ørsted’s 8.1 GW offshore wind construction programme,
which Ørsted said will bring its total installed offshore wind capacity
to more than 18 GW once completed.
Borkum Riffgrund 3 is Ørsted’s sixth operational offshore wind farm in
Germany. It follows the commissioning of the 253 MW
Wind 3 offshore wind farm
in early 2025, which is also jointly owned by Ørsted and Nuveen Infrastructure.
Josche Muth, Country Manager for Ørsted Germany, said: “Borkum Riffgrund
3 is a clear example of how offshore wind can deliver secure, affordable,
and home-grown electricity. With an installed capacity of 913 MW powering
German industry today.”
For more information about offshore wind
farm projects across the globe,",full,,dom_or_structured_full_text,https://www.tgs4c.com/news/borkum-riffgrund-3-wind-farm-begins-commercial-operations-nid33228.html,4C Offshore,风能,无,2026-09-01T23:55:09+00:00,零碳产业 > 能量循环 > 能源测 > 发电技术 > 风电,零碳产业,风电,"[{""path"":[""零碳产业"",""能量循环"",""能源测"",""发电技术"",""风电""],""path_text"":""零碳产业 > 能量循环 > 能源测 > 发电技术 > 风电"",""confidence"":0.97,""reason"":""核心事件是德国913MW海上风电场投入商业运行""}]",classified,2026-09-02T00:17:49.412227+00:00,glm-5.2,2026-08-14,
Fleeming Jenkin vessel begins sea trials ahead of offshore cable work,2026-09-01,"Fleeming Jenkin has left the shipyard for its first sea trials, marking
a key milestone in the vessel's construction. The vessel will install subsea
cables that connect offshore energy projects to electricity grids.
According to the announcement ,with a cable loading capacity of 28,000
tonnes, Fleeming Jenkin is the largest cable installation vessel of its
kind. Following successful completion of the trials, the vessel is expected
to be delivered and begin work on TenneT's 2 GW programme.
During the sea trials, the vessel's performance, manoeuvrability and onboard
systems will be tested. The programme is designed to verify that the vessel
is ready for future projects.
More than 100 test procedures will be carried out during the trials, resulting
in more than 2,000 individual tests. Each component will be checked and
assessed as part of the process.
Fleeming Jenkin's sister vessel, William Thomson, remains on schedule and
is expected to follow soon.
Pieterjan Storme, Senior Technical Superintendent, Said: “The sea trials
are truly the culmination of everything we have achieved during this period.”
To access more information on subsea
cables for offshore wind and interconnector projects, as well as transmission
intelligence, click",full,,trafilatura_full_text,https://www.tgs4c.com/news/fleeming-jenkin-vessel-begins-sea-trials-ahead-of-offshore-cable-work-nid33227.html,4C Offshore,风能,无,2026-09-01T23:55:11+00:00,通用技术 > 通信和运输 > 水路运输,通用技术,水路运输,"[{""path"":[""通用技术"",""通信和运输"",""水路运输""],""path_text"":""通用技术 > 通信和运输 > 水路运输"",""confidence"":0.85,""reason"":""核心对象是海缆铺设专用船舶的建造与海试""},{""path"":[""零碳产业"",""能量循环"",""能源测"",""发电技术"",""风电""],""path_text"":""零碳产业 > 能量循环 > 能源测 > 发电技术 > 风电"",""confidence"":0.7,""reason"":""该船将服务海上风电并网海缆安装（TenneT 2GW项目）""}]",classified,2026-09-02T00:17:49.412227+00:00,glm-5.2,2026-08-14,
RWE marks halfway point in Nordseecluster A turbine installation,2026-09-01,"RWE marks halfway point in Nordseecluster A turbine installation TGS 4C | 4C Offshore News
RWE marks halfway point in Nordseecluster A turbine installation
Nordseecluster
installed half of its planned 44 Vestas 15 MW turbines in the German North
According to the announcement, the turbines were installed using DEME’s
jack-up installation vessel, Norse Wind.
The vessel can transport and install up to five turbines per installation
cycle and is currently operating from the Port of Esbjerg in Denmark.
Nordseecluster A is being developed by RWE and Norges Bank Investment Management.
The project consists of two sites with a combined installed capacity of
Once completed, the wider Nordseecluster development will have a total
capacity of 1.6 GW, enough to supply around 1.6 million homes annually.
The project will comprise 104 turbines across its two main phases.
Under the current timeline, Nordseecluster A is expected to begin commercial
operations in 2027, withNordseecluster
B following
in 2029.
Tobias Keitel, Chief Technology Officer of RWE Offshore Wind, said: “The
Nordseecluster is currently our largest offshore wind project under construction.
Once fully operational, it will strengthen Germany’s energy security while
contributing to the decarbonisation of industry.”
For more information about offshore wind
farm projects across the globe, click",full,,trafilatura_full_text,https://www.tgs4c.com/news/rwe-marks-halfway-point-in-nordseecluster-a-turbine-installation-nid33226.html,4C Offshore,风能,无,2026-09-01T23:55:14+00:00,零碳产业 > 能量循环 > 能源测 > 发电技术 > 风电,零碳产业,风电,"[{""path"":[""零碳产业"",""能量循环"",""能源测"",""发电技术"",""风电""],""path_text"":""零碳产业 > 能量循环 > 能源测 > 发电技术 > 风电"",""confidence"":0.96,""reason"":""核心事件是Nordseecluster海上风电项目风机安装过半""}]",classified,2026-09-02T00:17:49.412227+00:00,glm-5.2,2026-08-14,
Major construction works completed at Greater Changhua 2b and 4,2026-09-01,"Major construction works completed at Greater Changhua 2b and 4 TGS 4C | 4C Offshore News
Major construction works completed at Greater Changhua 2b and 4
Ørsted announced on September 1 that the 920 MW Greater
Changhua 2b
offshore wind farms, located 35 to 60 kilometres off the coast of Changhua
County, Taiwan, have completed major construction work.
The announcement follows the completion of the Greater Changhua 1 and 2a
offshore wind farms, which became fully operational in 2024. Together,
the Greater Changhua cluster now has a total installed capacity of 1.82
GW, enough to power approximately 2 million Taiwanese households annually.
This construction milestone marks significant progress, with the wind farms
expected to achieve full commercial operation by the end of the third quarter
of 2026.
Rasmus Errboe, Group President and CEO of Ørsted, said: “The completion
of Greater Changhua 2b and 4 is a significant milestone in the delivery
of Ørsted's strategy and global 8.1 GW construction programme.”
The announcement also emphasised the use of local partnerships and the
wind farms' contribution to Taiwan's green finance ecosystem.
Cho Jung-tai, Taiwan's premier, said Ørsted's long-term commitment to Taiwan
has supported the country's offshore wind development, stating: “By actively
introducing innovative technologies, cultivating local talent, fostering
industry-academia collaboration, and vitalising green finance, Ørsted and
its partners have played a crucial role in realising our nation's energy
ambitions and policy goals.”
For more information about offshore wind
farm projects across the globe, click",full,,trafilatura_full_text,https://www.tgs4c.com/news/major-construction-works-completed-at-greater-changhua-2b-and-4-nid33225.html,4C Offshore,风能,无,2026-09-01T23:55:16+00:00,零碳产业 > 能量循环 > 能源测 > 发电技术 > 风电,零碳产业,风电,"[{""path"":[""零碳产业"",""能量循环"",""能源测"",""发电技术"",""风电""],""path_text"":""零碳产业 > 能量循环 > 能源测 > 发电技术 > 风电"",""confidence"":0.95,""reason"":""台湾彰化海上风电集群主体工程建设完成，核心是海上风电项目进展。""}]",classified,2026-09-02T00:17:58.096704+00:00,glm-5.2,2026-08-14,
SpaceX Shakes Up Data Center Leadership After Aggressive Build-Out,2026-09-01,"Elon Musk has shaken up the SpaceX team building the company’s data centers in recent weeks, replacing several leaders with executives from SpaceX’s rocket and satellite internet businesses, people familiar with the matter said. The data center reshuffle follows some civil engineering concerns and consistent reliability issues at SpaceXAI’s existing data center facilities in Tennessee and Mississippi, two people said. During its early AI infrastructure build-out, SpaceXAI had raced to put those data centers together quickly, leaving facilities running for months without backup cooling and power systems in place, four people said. That’s increased the risk of outages, the people said. The latest shakeups add to the uncertainty around the timing of SpaceX’s data center expansion. Over the past few months, SpaceXAI has repeatedly pushed back its timeline to start building new data centers in areas besides its Memphis, Tenn., hub, including Texas, two people said. Musk has lately been warning about how power shortages will prevent some data centers using AI chips. On Tuesday, speaking virtually at a G20-related gathering, he warned that a “crisis of power” will emerge by next year, amounting to at least 15 gigawatts, which prevents a significant amount of AI chips being turned on in data centers. He called on other countries to build more power to help alleviate the shortage. SpaceX leaders who have joined the AI infrastructure team include SpaceX’s former vice president of production for the Falcon and Dragon rockets, Wesley Salandro, and the director of product support operations from SpaceX’s Starbase launch site, Logan McConnell, one person said. SpaceXAI also recently brought on an engineer from Neuralink, Elon Musk’s brain implant company, to help with civil engineering. SpaceX has been hiring for several civil engineering roles, according to job postings. Jake Palmer, who led physical infrastructure for SpaceXAI, left the company in late July, along with several other leaders from the data center team, including Zach Wells and Pablo Mendoza, according to the people and LinkedIn data. Palmer had joined the AI unit in September 2025 from data center operator Hut 8, and Wells managed SpaceX’s data center build-out. Mendoza served as the company’s head of finance early on, reporting to Musk’s righthand man, Jared Birchall, and then took on a director role on the infrastructure team, according to LinkedIn and an organizational chart from 2025. SpaceXAI has lost several other leaders from its data center team over the past year. The exits include Brent Mayo, who was the manager of site builds at SpaceXAI and coordinated much of the company’s work with the city of Memphis before leaving for OpenAI. Meanwhile Liz Balke, who joined SpaceXAI from Tesla’s Dojo supercomputer project, now works on the data center infrastructure team at Anthropic, LinkedIn shows. SpaceX has touted its ability to quickly build data centers as a key competitive advantage ahead of its blockbuster initial public offering in June, and the company plans to continue spending heavily on AI infrastructure. It said it had around 1.4 gigawatts of compute capacity online as of June and expects to end the year with more than 2 GW. CEO Elon Musk has said capacity will significantly increase from there by the end of 2027. In recent months, SpaceX has announced a series of major compute rental deals with outside companies including Anthropic and Google. Compute rental payments fueled a jump in SpaceX’s AI revenue to $2.6 billion in the second quarter of 2026, up from $737 million in the year-ago period. Though the compute deals make up a sizable portion of SpaceX’s overall AI revenue, Musk has said they are flexible and SpaceX can take back capacity down the line if necessary. SpaceX in August completed its $60 billion all-stock purchase of coding startup Cursor, a deal meant to boost SpaceX’s efforts in selling its own AI products.",full,,rss_full_content,https://www.theinformation.com/articles/spacex-shakes-data-center-leadership-aggressive-build,the information,综合科技,科技金融,2026-09-01T23:55:44+00:00,AI与智能科技 > AI硬件层 > 数据中心,AI与智能科技,数据中心,"[{""path"":[""AI与智能科技"",""AI硬件层"",""数据中心""],""path_text"":""AI与智能科技 > AI硬件层 > 数据中心"",""confidence"":0.9,""reason"":""核心事件是SpaceX AI数据中心建设问题及领导层调整。""},{""path"":[""产业经济与组织"",""企业与资本"",""企业经营与公司治理""],""path_text"":""产业经济与组织 > 企业与资本 > 企业经营与公司治理"",""confidence"":0.75,""reason"":""涉及管理层重组与建设计划推迟等企业经营治理事项。""}]",classified,2026-09-02T00:17:58.096704+00:00,glm-5.2,2026-08-14,
"Wafer, An Inference Provider That Uses Non-Nvidia Chips, Lands Acquisition Offers and $200 Million-Plus Valuation",2026-09-01,"Developers and chip designers are increasingly upbeat about the benefits of using AI to supercharge the process of designing and optimizing AI chips, as my colleague Phoebe wrote about last week. Now, a year-old inference provider, Wafer , is trying a similar approach: using AI to improve the way models run on a variety of chips and then helping businesses to run those models. The San Francisco-based startup recently raised $40 million in Series A funding co-led by Marathon Management Partners and Chemistry , cofounder and CEO Emilio Andere told The Information exclusively. The startup’s valuation now stands above $200 million, according to a person with knowledge of the round. Andere, who cofounded Wafer with his college best friend Steven Arellano in May 2025, declined to comment on the valuation. Andere said Wafer has developed AI agents—which it calls AI inference engineers—that can take a business’ specific AI workload and optimize open-source models for that workload. For instance, Wafer’s AI inference engineers would make different optimizations to an open-source model for a voice-based AI agent, which needs to be able to quickly handle repeated prompts and bursts of traffic, than they would for a coding agent, which needs to be able to remember important context over longer periods of time, Andere said. Wafer differs from other inference providers by running its AI on chips from both Nvidia and Advanced Micro Devices . It also hopes to eventually apply its AI agents to a host of other non-Nvidia chips, such as those from Google , Sambanova and Cerebras . What Wafer is offering may be especially helpful for businesses wanting to run AI models on non-Nvidia chips, which are more readily available but lack the shared knowledge and software optimizations developers have built up over years of using Nvidia chips for AI, Andere said. In July, for example, Wafer said that it was able to optimize Z.ai’s popular GLM-5.2 model to run on AMD’s Instinct MI355X . In doing so, the model was able to process requests around 80% as fast as an Nvidia B200 chip but at less than half the cost, the company said. That sort of technology is valuable. Wafer’s revenue has grown to around $8 million in annualized revenue—or $666,000 a month—in the span of 12 weeks, according to Andere. That reflects businesses’ growing concern with the costs and speed of running AI. Moreover, the startup has received multiple acquisition offers from companies including larger inference providers and cloud providers, which it turned down, according to a person with knowledge of the offers. (Andere also declined to comment on those offers.) You can imagine why such companies would be interested in buying a startup that would help to unlock underutilized sources of compute, given the ongoing compute crunch. Currently, Wafer serves startup customers including Vercel , which uses its tech to serve ultra-fast coding models, and voice AI startup Inworld AI , Andere said. Like other inference providers, Wafer has gross margins of around 50%, which are lower than the typical software business, due to the costs of having to rent chips, he said. Here’s what else is going on… Big Number OpenAI’s advertising business has reached $1 billion in annualized revenue run rate, the company said Monday, suggesting it is likely to fall well short of the $2.4 billion in ad revenue it had projected for 2026. The ChatGPT creator launched ad sales in the chatbot in February, as a way to generate money from the hundreds of millions of people who use ChatGPT without paying. Overheard Communities that don’t want data centers will end up being “backwards and poor,” President Donald Trump said Monday on TruthSocial , signaling his backing of the politically-charged industry ahead of the upcoming midterm elections. “If we kill the Golden Goose, you will only have yourselves to blame,” Trump added in a social media post. Last week, the National Republican Senatorial Committee warned that Democrats were using voter opposition to data centers successfully in a campaign against a sitting Ohio Senator, Axios reported. People on the Move After 15 years leading Apple , Tim Cook stepped down as chief executive on Monday. And while he is committed to a smooth transition and continuity to the tenure of John Ternus —senior vice president of hardware engineering, who takes over on Tuesday—changes are already happening. Notably, long-time Apple executive Phil Schiller is stepping down as head of App Store and product events, Bloomberg reported. The App Store team will be moved under services lead Eddy Cue , while events will be switched to public relations lead Kristin Huguet Quayle . Court Watch Apple filed new “shocking evidence” in its lawsuit against OpenAI alleging that former employees had stolen trade secrets for the ChatGPT-maker. Apple alleged that former employee Chang Liu , who now works at OpenAI, used a confidential Apple circuit schematic in his work at OpenAI, as well as a tool that shares a name with an internal Apple engineering application. ChangXin Memory Technologies (CXMT), China’s leading memory chipmaker, is suing the U.S. Department of Defense as it seeks a removal from a Pentagon blacklist identifying it as a Chinese military-linked entity. CXMT denied any affiliations with the military and said it produces its DRAM chips for civilian and commercial uses. Its lawsuit, filed in the U.S. District Court for the District of Columbia , also names Defense Secretary Pete Hegseth among the defendants. The Federal Trade Commission and attorneys general from 22 states sued Amazon for overcharging its advertising customers by allegedly manipulating ad auctions. Advertisers promoting their products on Amazon’s marketplace buy ad spots where the price is set in auctions. In the complaint, the FTC and the states allege Amazon added an extra charge to bids in order to raise the price that advertisers paid above what one employee said could be achieved by “advertiser competition” alone. Deals and Debuts See The Information’s Generative AI Database for an exclusive list of private companies and their investors. Anthropic has signed a cloud-computing deal worth $35 billion with Lambda , the Nvidia -backed company that rents out AI chips, the Wall Street Journal reported. Clay , whose software helps sales and marketing teams find and research potential customers, is raising a funding round led by Wellington at a $7 billion pre-money valuation, up from $5 billion in an employee share sale in January, Axios reported. Nvidia invested $3.5 billion in convertible bonds issued by Taiwanese chipmaker MediaTek , Nvidia said, the latest sign of collaboration between the two companies. SLB has agreed to acquire Kelvion , a century-old maker of the heat exchangers and cooling equipment that keep data centers from overheating, for $3.4 billion in cash plus the assumption of about $700 million of debt—a total transaction value of roughly $4.1 billion. Andreessen Horowitz said Monday it had raised an additional $1.75 billion for its fifth growth fund, bringing the total raised to $8.5 billion. Andreessen Horowitz raised $6.75 billion for that fund back in January. Enflame Technology , a company that designs AI chips and is backed by Tencent , priced its initial public offering on Shanghai's STAR Market at 142.18 yuan (about $21.16) a share, selling 43.04 million shares to raise about 6.12 billion yuan (roughly $911 million). Carrick Capital Partners put $255 million of new money into Saviynt , whose software controls who is allowed to touch a company‘s systems, as part of the final close of Saviynt’s $700 million Series B funding round. Chinese AI firm Z.ai’s revenue in the first half jumped nearly fivefold from a year earlier to 954 million yuan ($142 million), boosted by skyrocketing sales of cloud-based AI model services. Physical Super Intelligence , which is using AI for physics research, raised $58 million in seed funding led by Breakthrough Energy Ventures with participation from Dragon Global . Adaptyv Biosystems , which develops AI for protein design, raised $40 million in a Series A funding round led by Highland Europe . Easy Aerial , a company that makes drones which stay tethered to a base station so they can hover over a site for long stretches watching it, raised $20 million in a Series B funding round from Insight Partners , Entrée Capital and other investors. Clipto , which indexes videos, audio, images, meetings and other files on a user’s computer, raised $15 million at a $250 million post-money valuation from investors including HSG (formerly Sequoia China ), GL Ventures , EnvisionX Capital , Palm Drive Capital , Hans Tung , Lu Zhang and 522 Ventures . Blue Voice , a Boston-based AI startup that provides real-time policy guidance to officers in the field, raised $6 million in funding led by SignalFire and Las Olas VC . Aila , a Riyadh company whose software works out where a student's understanding has gaps and then develops practice around them, raised $3 million in a pre-Series A funding round led by Rua Growth Fund . Humain , the Saudi state-owned AI company founded last year, announced a series of partnerships with U.S. startups on Monday tied to data centers in Riyadh and Dammam. Together AI , which rents out computing power to developers who train and run AI models, will share a portion of the revenue from each customer with Humain, which plans to provide the startup with 250 megawatts of electricity and 120,000 Nvidia , AMD and Qualcomm chips. The Pentagon launched versions of OpenAI’s ChatGPT and xAI’s Grok called “ChatGPT Mil” and “Grok for Government,” to its civilian and military personnel. Deloitte has acquired substantially all of the assets of Wavicle Data Solutions , a data engineering firm whose specialty is developing the clean, organized data foundations a company needs before its AI will work. Terms were not disclosed. Athena Agentic , which sells software that runs a company's security operations largely without human staff, bought the Omni Cyber Solutions Agentic Platform , an AI security product, in an asset purchase. Terms were not disclosed. Recommended Newsletter The Information Weekend covers what happens when Silicon Valley logs off—the trends and people shaping culture, technology and everything in between. Subscribe for free today. What We’re Reading Social Media and the Myth of the Big Tobacco Moment Your boss, tech companies and police can read your chatbot conversations AI Has Human Doctors Asking: What’s Left for Us? Upcoming Events Wednesday, September 23 — AI Agenda Live SF 2026 Join us to explore the technologies and strategies shaping AI’s next era, with insights from Google DeepMind, OpenAI, Atlassian, and more. Tickets are limited—reserve yours today. More details Tuesday, October 27 — The Information’s 2026 WTF Summit The Information’s WTF Summit returns to Napa Valley October 27–28, bringing together the women shaping what’s next across tech, media and finance. Expect two days of candid conversations, unexpected connections and a room built for meaningful exchange. Tickets are selling quickly, with the next price increase coming soon. More details Thank you for reading the AI Agenda Newsletter! I’d love your feedback, ideas and tips: stephanie@theinformation.com . If you think someone else might enjoy this newsletter, please pass it forward or they can sign up here .",full,,rss_full_content,https://www.theinformation.com/newsletters/ai-agenda/wafer-inference-provider-uses-non-nvidia-chips-lands-acquisition-offers-200-million-plus-valuation,the information,综合科技,科技金融,2026-09-01T23:55:46+00:00,产业经济与组织 > 企业与资本 > 投融资、并购与资本市场,产业经济与组织,投融资、并购与资本市场,"[{""path"":[""产业经济与组织"",""企业与资本"",""投融资、并购与资本市场""],""path_text"":""产业经济与组织 > 企业与资本 > 投融资、并购与资本市场"",""confidence"":0.9,""reason"":""核心事件是推理服务商Wafer完成A轮融资并获得超2亿美元估值。""},{""path"":[""AI与智能科技"",""AI软件层"",""工程改进"",""AGENT""],""path_text"":""AI与智能科技 > AI软件层 > 工程改进 > AGENT"",""confidence"":0.7,""reason"":""其产品核心是用AI智能体自动优化模型在不同芯片上的推理部署。""}]",classified,2026-09-02T00:17:58.096704+00:00,glm-5.2,2026-08-14,
News Media Is Underplaying Risks of Rogue AI Agent Swarms,2026-09-01,"Stripe co-founder Patrick Collison might have a career as a newspaper editor if this whole payments thing doesn't work out. His weekend X post expressing “surprise at how little media coverage there’s been around the OpenAI / Hugging Face attack” was spot on. While there’s no doubt the attack has had some coverage, the details—as laid out in an independent inquiry report last week—are so alarming you’d think the news media would have gone crazy over it. Instead, reporters are still obsessed with the public opposition to data centers. That’s an important story, for sure, but the dangers of AI are a much bigger one. After all, just imagine how the public would react if a swarm of AI agents worked together to hack a bank and steal depositors’ money? There’d be riots in the streets and a run on the unaffected banks. And judging from the detailed report, that scenario is quite possible. The key takeaway from the Hugging Face–OpenAI attack was that “roughly 1200 agents meant to be isolated from one another found a way to communicate with one another…sending over 70,000 messages and files.…Of these agents, 700 went on to participate in the attack on Hugging Face” ( more here ). This sounds like a movie—but it’s not! OpenAI said last week it has strengthened its research safeguards in response to this episode. But OpenAI is just one model developer. There are lots of open-source models, including from China, that we have to assume will soon be as powerful. And we’re not just talking about agents working together: AI is a gold mine for hackers. Check out this X post from someone on Friday describing how Anthropic’s Claude sent them a download link for an app they were building , and the link turned out to have dangerous malware installed. A bunch of companies, including OpenAI and Anthropic, were signatories to an open letter last week warning that “AI-enabled cyber attacks will become far more widespread and sophisticated as models around the world become increasingly capable.” The letter called on companies to take action to strengthen their cybercapabilities. At this point, given what we’ve seen, any company that isn’t going all out on security needs to replace its CEO. Otherwise, it will be living the plot of “ When a Stranger Calls .” What Could Hold Those Swarms Back… On the other hand, the AI industry might run into some constraints next year. In an X post on Saturday, Elon Musk pointed out what has become an open secret: that power shortages and other constraints will stop a big chunk of AI compute from turning on next year. We wrote about this issue a couple of weeks ago , but this seems to be a topic that, like cybersecurity, deserves even more attention. The Flaws of ARR Can someone please invent a rule of thumb way to convert the the pseudo-revenue measure “annualized revenue rate”, or ARR, into actual revenue? We definitely need it. Take OpenAI’s triumphant blog post today revealing that “less than 200 days after launch, ChatGPT Ads has reached $1 billion in annualized revenue run rate.” This is presented as a “milestone,” which is a little much. Remember, as we reported in April , OpenAI had projected it would generate $2.4 billion in ad revenue this year. This latest ARR disclosure suggests OpenAI will struggle to get even halfway there. I’m basing that on OpenAI’s statement in late March that its ad revenue had passed $100 million in ARR. As ARR is the most recent monthly revenue multiplied by 12, that tells us that in March OpenAI was doing about $8 million a month in ad revenue. Today’s news means it is now doing $83 million a month in ad revenue. I asked a couple of AI chatbots to calculate the progression between those two figures, and the answers suggest OpenAI’s total ad revenue so far this year is somewhere a little north of $200 million. Only four months remain in the year. Let’s assume OpenAI doubles its monthly revenue by December. That would imply total ad revenue for the year of close to $800 million. And yet OpenAI would trumpet its ARR as reaching $1.9 billion. This is a reminder of the flaws of ARR, which is essentially a marketing slogan masquerading as a revenue metric. Here’s another example: Executives of neocloud Nebius revealed on their second-quarter earnings call that revenue for the quarter was $582 million, but its ARR reached $3 billion by the end of the quarter. That’s quite a gap. As a meaningful measure of revenue, ARR falls short. In Other News • Nvidia said it had invested $3.5 billion in convertible bonds issued by Taiwanese chipmaker MediaTek, the latest sign of collaboration between the two companies. • ChangXin Memory Technologies, China’s leading memory chipmaker, is suing the U.S. Department of Defense as it seeks a removal from a Pentagon blacklist identifying CXMT as an entity with links to the Chinese military. • The Federal Trade Commission and attorneys general from 22 states sued Amazon for overcharging its advertising customers by allegedly manipulating ad auctions ( more here ). • Long-time Apple executive Phil Schiller is stepping down as head of App Store and product events, Bloomberg reported . The App Store team will be moved under services lead Eddy Cue, while events will be switched to public relations lead Kristin Huguet Quayle. Today on The Information’s TITV Check out today’s episode of TITV in which we discuss how Apple is responding to the AI-induced euphoria around Mac Minis. Recommended Newsletter Start your day with Applied AI , the newsletter from The Information that uncovers how leading businesses are leveraging AI to automate tasks across the board. Subscribe now for free to get it delivered straight to your inbox twice a week. New From Our Reporters True Value Why CoreWeave Is The Best Neocloud Buy By Anita Ramaswamy China’s CXMT Makes Breakthrough in Advanced Memory Chips By The Information Staff Upcoming Events Wednesday, September 23 — AI Agenda Live SF 2026 Join us to explore the technologies and strategies shaping AI’s next era, with insights from Google DeepMind, OpenAI, Atlassian, and more. Tickets are limited—reserve yours today. More details Tuesday, October 27 — The Information’s 2026 WTF Summit The Information’s WTF Summit returns to Napa Valley October 27–28, bringing together the women shaping what’s next across tech, media and finance. Expect two days of candid conversations, unexpected connections and a room built for meaningful exchange. Tickets are selling quickly, with the next price increase coming soon. More details What We’re Reading Can Apple’s New CEO Rev Up the Steve Jobs Innovation Engine? AI Burnout Hits People Charged With Defending Hospitals and Banks From Hackers Software Companies Pay Steep Price to Buy Time Against AI Threat",full,,rss_full_content,https://www.theinformation.com/newsletters/the-briefing/news-media-underplaying-risks-rogue-ai-agent-swarms,the information,综合科技,科技金融,2026-09-01T23:55:48+00:00,公共政策与社会治理 > 安全与治理 > 社会治理、伦理与隐私,公共政策与社会治理,社会治理、伦理与隐私,"[{""path"":[""公共政策与社会治理"",""安全与治理"",""社会治理、伦理与隐私""],""path_text"":""公共政策与社会治理 > 安全与治理 > 社会治理、伦理与隐私"",""confidence"":0.88,""reason"":""评论AI智能体失控与相互通信带来的社会风险及媒体治理关注不足。""},{""path"":[""数字科技与消费"",""数字安全"",""网络安全与数据治理""],""path_text"":""数字科技与消费 > 数字安全 > 网络安全与数据治理"",""confidence"":0.72,""reason"":""事件基础是AI智能体突破隔离实现通信的攻击事件与安全风险。""}]",classified,2026-09-02T00:17:58.096704+00:00,glm-5.2,2026-08-14,
Making the AI-powered case for legacy modernization,2026-09-01,"Making the AI-powered case for legacy modernization
AI-assisted modernization can reduce the time and complexity of transforming legacy systems while creating a foundation for faster innovation, says Asifa Sherazi, CIO of health insurance at Bupa and Sanjeev Tripathi, senior VP, region head of BFSI, healthcare, and public sector at Infosys.
In partnership withInfosys
For years, legacy technology has been a problem companies knew they needed to solve, but one they often struggled to tackle. The cost, complexity, and risk of replacing business-critical systems could make modernization feel like a disruption to manage instead of an opportunity to pursue. But with the rise in customer expectations and the changes AI brought to the economics of software development, that calculation is changing. Bupa’s modernization of its My Bupa mobile application offers a case study in what becomes possible when a legacy migration is treated as a business transformation rather than a technology rewrite.
Bupa CIO of health insurance Asifa Sherazi describes the risks of waiting for legacy systems to become an emergency: “The end-of-life technology is a risk that compounds quietly, and then arrives all at once.” For Bupa, moving its application from Xamarin to native Swift and Kotlin improved the app rating from 3.7 to 4.7, while the user-perceived crash rate fell by nearly 24 percentage points on Android and eight points on iOS. “What they’ll notice is that when they need us, often at a stressful moment, it just simply works,” Sherazi says.
Sanjeev Tripathi, senior vice president and region head of BFSI, healthcare, and public sector for Australia, New Zealand, and Southeast Asia at Infosys, contends that AI is helping change the equation. “The emergence of AI is fundamentally shifting the economics of modernization,” he says, reducing the effort, risk, and time traditionally associated with these programs. At Bupa, combining AI-assisted reverse engineering with forward engineering helped deliver the transformation in approximately 60% less time than would have been possible in the pre-AI era.
Sherazi and Tripathi also highlight the human dimension of modernization: preserving institutional knowledge, giving teams capacity to adapt, and creating an environment where employees can surface problems early.
Looking ahead, both experts see modernized platforms as foundations for more personalized, predictive and AI-driven experiences. The payoff of modernization may be less about replacing aging technology and more about building the flexibility needed for whatever comes next.
“Modern platforms will become the base for far more intelligent AI-driven ecosystems, where AI is not just an add-on, but it is built into everything from design to operations. That's how the modern platforms will evolve, and the customer experiences will become far more personalized and predictive,” says Tripathi. For Sherazi, that shift is already changing the questions organizations can ask: “It used to be, can our platform support that? Now, it’s: is that the right thing to do for our customers?”
This episode of Business Lab is produced in partnership with Infosys.
Full Transcript:
Megan Tatum: From MIT Technology Review, I'm Megan Tatum, and this is Business Lab, the show that helps business leaders make sense of new technologies coming out of the lab and into the marketplace.
Our topic today is legacy modernization. Companies across industries continue to struggle to bring AI modernization to legacy technology stacks, increasing the risk of losing vendor support, degraded customer experience, and limited capacity for innovation.
Two words for you: future-ready foundation.
My guests are Asifa Sherazi, who is CIO of health insurance at Bupa, and Sanjeev Tripathi, who is senior vice president, region head of BFSI, healthcare, and public sector for Australia, New Zealand, and Southeast Asia at Infosys.
This podcast is produced in association with Infosys.
Welcome, Asifa and Sanjeev.
Asifa Sherazi: Thank you, Megan. Delighted to be here.
Sanjeev Tripathi: Thanks, Megan. Wonderful to be here. And good talking to you again, Asifa.
Megan: Thank you both so much for being here. Asifa, if I could start with you just to set the context for our conversation. There are seven million healthcare customers across the Asia-Pacific. Could you tell us a bit more about Bupa and the challenges it's faced in its modernization plan?
Asifa: Yes, absolutely. Let me start with something about Bupa that shapes everything we do. We are a global healthcare organization. Think hospitals, clinics, dental, age care, digital health, alongside our insurance business. We reinvest back into the organization, so into our services, our capability, our teams, and our outcomes that we deliver for our customers. In Asia-Pacific, we serve around, as you said, seven million customers across health insurance and health services, individuals, families, corporate clients, patients. Our purpose, helping people live longer, healthier, happier lives is more than just a statement. It actually shapes our strategy, guides our investment decisions, and influences the choices our teams make every day.
Now, for most of our health insurance members, the day-to-day digital relationship with Bupa begins through My Bupa, our self-service platform. It's the front door for managing cover, updating policy details, submitting claims, checking entitlements. Alongside of it, Blua plays a complimentary role. Where My Bupa helps members manage their cover, Blua helps them manage their health, digital healthcare services, clinical support, preventative health. And together, they let us move beyond transactional interactions towards more personalized, proactive care.
Here was our challenge. Our mobile app, My Bupa, was built on Xamarin, and Microsoft support for it ended sometime in 2024. We had extended support in place, so our customers remained protected throughout, but we were clear-eyed that this was a bridge, not a destination. The runway was finite, and it was shortening for us. We made the decision to modernize from a position of stability proactively for the long-term safety and experiences of our customer rather than waiting until circumstances forced our hand, because the platform carrying our most important customer relationship was in effect standing still while the world around it was moving.
Megan: Right. So you decided to act really proactively in that sense. And so, Asifa, what are some of the risks then of sticking with end-of-life technologies, and how will moving away from legacy technologies help you improve the customer experience?
Asifa: Yeah. Look, the end-of-life technology is a risk that compounds quietly, and then arrives all at once. We saw it in three ways. The first is security and compliance. Once a technology is out of vendor support, the flow of security updates and fixes changes fundamentally. In our case, we put extended support in place as a bridge so our customers stayed protected. But extended support buys you time, it doesn't buy you a future. In healthcare, we hold some of the most sensitive information a person will ever share with an organization. That isn't data to us, it's trust. And trust is extraordinarily expensive to rebuild. We weren't prepared to run that risk on a shortening runway.
The second is losing control of your own roadmap. How I'd explain that is iOS and Android don't stand still. Every operating system release, every change to app store requirements becomes something that you react to rather than plan for. As each one slows you down a little further, over time, that opens a widening gap between what customers expect and what you can actually give them. We're all customers. We don't benchmark a health insurer against other health insurers. We benchmark against whatever app we used last.
And the third way was, and this is one red flag for peers, is the shrinking talent pool. Xamarin is legacy technology, and the engineering expertise available for it is limited. You end up with a critical customer platform supported by a narrowing group of specialists. That's a workforce risk wearing a technology costume. We partnered with Infosys and we migrated the entire application estate from Xamarin to fully native Swift and Kotlin, and the customer outcomes are why we're comfortable talking about this today. Our app rating moved from 3.7 to 4.7. Some of the stats that I'd love to share are that the user-perceived crash rate fell by nearly 24 percentage points on Android and eight points on iOS. The Android login success per visit doubled back up to 77%, and that's one the team that is most proud of, because a login failure isn't a technical event. It's a person who wanted to check their cover and they couldn't.
The team achieved 100% feature parity in a single release, and 90% of our active customer base moved to a new version, and they've, I think, downloaded nearly 1.8 million unique downloads. From our customers' perspective, customers will never think about any of this as a technology change, and they shouldn't have to either. What they'll notice is that when they need us, often at a stressful moment, it just simply works, and that's the outcome we were really after.
Megan: Those are some really striking results and statistics that you've shared there on the success of the migration. I mean, Sanjeev, could you talk a bit about why modernizing legacy technologies is so critical at this time, and how Infosys has approached that transformation journey with Bupa?
Sanjeev: Sure, Megan. To be honest, legacy modernization initiatives are not new, and there has always been a strong desire to drive modernization across the entire technology landscape. And Asifa covered all the points that I was going to cover about the risks that have been there. But I'll reiterate, the reality is the industry has been held back by the cost complexity, and also the risks that have been associated with any legacy modernization initiative that has been undertaken historically.
As Asifa mentioned, customer expectations of what was acceptable five, 10 years back are simply not acceptable anymore. The customers today expect a seamless, intuitive, responsive interaction across every channel. And Asifa also covered the growing challenges around security, resilience, talent availability, and so on. Finding talent on legacy technology is extremely, extremely difficult, and that introduces risk in every organization and in every legacy platform, most of which are actually business-critical platforms as well. Security vulnerabilities are getting increasingly difficult to manage, and as I mentioned, finding deep expertise in older technologies is very, very difficult now.
So what has changed? What has changed is that we now have new tools that are available to us to address these challenges. The emergence of AI is fundamentally shifting the economics of modernization, and it's doing that by helping organizations to reduce the effort, risk, and also the time that is traditionally taken for programs like these, and that is why we believe that the time is now for legacy modernization. In fact, in Infosys, we have six strategic value pools that we have identified in our AI-first value framework, which is publicly available, and legacy modernization is one of these six value pools. And in the market, we are seeing very strong interest across our client base, and they recognize that the opportunity to unlock both technical and business value is now.
With Bupa in particular, we approached the journey as a business transformation rather than simply a technology rewrite, and our approach had two key phases. One is reverse engineering, and then forward engineering. Let me just quickly cover what these two are.
Reverse engineering, what we did is we extracted and we understood the rules, the processes, and the logic within the legacy environment, and that's a standard approach we took, we take in any legacy modernization program. What that does is it allows us to preserve the critical business functionality, but at the same time, it avoids the risks that often come with large-scale migration programs.
The second aspect is forward engineering, where we re-architected the solution to enable a reimagined customer experience. The objective is not just a feature-by-feature migration or ensuring feature parity, which is important, but it is even more important that since we're investing this kind of money to create a modern platform that is scalable, maintainable, and is also capable for future innovation, and that's what Asifa mentioned about you need to be in control of your own roadmap. You have to build a platform which is capable of supporting future innovation as well. We essentially ensured nothing was lost in translation, and we significantly improved the platform stability and long-term maintainability. And some of the metrics that Asifa mentioned reflects the meaningful improvement in customer experience as well.
Finally, just one more point before I close this question is the time to market. I spoke about the time is now, and because we've got the power of the tools that are available now. What AI allowed us is to accelerate the transformation dramatically. What would have traditionally been a long and complex modernization, was delivered in approximately 60% less time than what would have happened in pre-AI era, and that is the real story.
Megan: So AI in this context is a real enabler in terms of the economics and the speed and all of those things you're talking about. If I could come back to you, Asifa, as much as modernization is a technology challenge, there is the human component as well, and I wondered if you could talk about how you prepared employees for these new technologies, and what challenges and solutions you faced on that front as well?
Asifa: The human side of it is what I'm really passionate about. Technology was only half the challenge. The real work was helping people move from what they knew to what was possible. Modernization isn't just about replacing systems, it's about giving teams the confidence, the capability, the clarity to embrace a different future, and that's what determines whether change actually succeeds.
What changed the dynamic was using AI to do the archeology. As Sanjeev mentioned, Infosys applied AI-assisted reverse engineering to harvest the legacy Xamarin code and extract the flows, the rules, the business logic, and generate native-ready user stories and acceptance criteria from it. The team did a lot of work. They mapped hundreds, I think nearly 1,500 regression scenarios to native epics, and that way, parity critical journeys were preserved by design rather than by memory. The human effect was just as important. Knowledge stopped living with a handful of individuals and became shared across the team, and our people could spend less energy holding institutional memory and more on designing and improving. So that was the first challenge.
The second challenge, Megan, was capacity and not willingness. Our business analysts were fully committed to ongoing feature delivery. And this is a live customer-facing app, and you cannot pause improving the customer experience while you rebuild underneath it. AI-driven discovery and documentation removed almost an estimated of 400 hours of manual BA effort, and that's not a headcount story, that's actually people not being asked to do two full-time jobs at once.
The third challenge that stood out was space. Our original internal estimate was around 18 months, and thanks to Sanjeev and the team, almost like a one-team approach of how do we tackle this, the team delivered it in seven, and that's exhilarating.
t's also demanding, and both things need saying out loud. We mobilized cross-functional squads across engineering, architecture, testing, release, because managing parallel environments while protecting BAU commitments is such an emotional load as well as a logistical one. We leaned in hard alongside the team, being present rather than reporting from a distance, regular check-ins, genuinely listening to concerns, unblocking things quickly so people weren't sitting waiting on a decision. And Megan, one thing I'll say is when you're compressing 18 months to seven, the most useful thing leadership can do is remove the friction in front of someone else and get out of their way.
But the thing that made the biggest difference was surprisingly simple, actually. We built a visual depiction of the transformation journey, and we updated it every month so the team could actually see how far they've come. Because when you deepen migration of this scale, it's really easy to only see what's left to be done, and being able to look back at the ground that's already been covered gave people real intent and real momentum. And genuinely, it was exhilarating to watch. Watching the team's pride became their fuel.
Megan: I love that idea of it being exhilarating, but exhausting. I think that's a great description.
Asifa: Yeah. And the leadership lesson for all of us was just simpler than any of it. Programs like this have hard weeks, there's going to be incidents, delay, difficult conversations. And Sanjeev, you and I have had those conversations many times. The job of leadership in those moments is to absorb the ambiguity rather than transmit anxiety, because if people feel safe telling you bad news early, there's almost nothing you can't fix. I say this plainly because it's the truest thing about the whole program. I am so incredibly proud of this team, because what they achieved in seven months, while continuing to serve customers every single day without disruption, was genuinely remarkable. But what I'm really proud of isn't the speed and it isn't the engineering, it's that the team never lost sight of who it was for, so every decision that we were making, and they came back, it just came back to the person at the other end of the app.
Megan: It sounds like you did an incredible job focusing on that people element just as much as the technology, which is so important. And Sanjeev, we've heard some of the incredible results Bupa has had with this, but more broadly, I suppose, looking across modernization use cases, where do you find that companies see the most ROI, and what advice do you have for leaders who need to focus on transformation at that legacy level?
Sanjeev: Thanks, Megan. That's a very important and actually a very good question, because what we see is modernization ROI is sometimes viewed too narrowly through just a technology lens, and as Asifa mentioned, it is broader than just technology. Legacy modernization has aspects associated with business implications as well, so I'll just cover that very quickly.
There are two dimensions, as I mentioned. One is technical ROI or technology-related ROI, and second is business ROI. On the technical side, and as you heard from Asifa as well, the biggest benefits come from faster time to market, platform stability and resilience, of course, and a lot of times, in fact, almost in all the cases, lower operating costs, and that is one of the aspects associated with some of the legacy modernization programs.
Besides this, access to broader, more readily available talent pool, and security management, and ensuring that the platforms are secure and free from, as much as possible, free from vulnerabilities in the current environment. At the same time, making it easier to innovate, releases become faster so that the feature delivery into the market becomes faster, and also able to respond to any new technology innovation that comes into play. But this is only on the technology side.
On the business side, however, the returns are often reflected in customer outcomes, and what we typically see are improvements in measures such as net promoter score, and in this case, for example, application ratings that you see on the app store. Both of which are actually very strong indicators of customer satisfaction and digital experience quality. I think it is important for us to cover, look at the ROI from both technology, but more importantly, from a business perspective.
The second part of your question was about what would be my advice to leaders, and I think Asifa covered it very well, where she mentioned that the one-team approach, the providing safe environment to the team to be able to say what is going well, but also what is not going well, and keeping your eye on the end outcome. I think those are very important things. But I would also like to add that don't treat modernization as a technology initiative. It is a unique opportunity for us to rethink the business platform itself, and rather than pursuing a like-to-like migration, use the investment that you're making to improve customer experience, simplify processes, and re-architect for capabilities such as real-time personalization and data-driven decision-making. The greatest returns come when technology transformation is directly linked to business outcomes.
And finally, and this is something that I have seen from personal experience multiple times, is you have to think from first principles. AI does not replace good engineering practices. It enables organizations to execute those practices faster, and it enables it faster, but also more consistently and at greater scale. The foundations of good architecture, sound engineering, and clear business objectives will continue to remain important, and in fact, their importance is going to increase as we progress. That, I think, is what I would say anybody embarking on a legacy modernization program should be focused on.
Megan: I love the idea that this is not just about migration. This a chance, as you say, to reimagine what you can deliver and what's possible. Fantastic. Let's close with a forward look. Asifa, what innovation are you looking forward to that wouldn't have been possible before this, and what do you see on the horizon?
Asifa: There's definitely lots of things on the horizon. But what excites us most isn't specific technology, it's that the question in our conversations has changed. It used to be, can our platform support that? Now, it’s is that the right thing to do for our customers? And that's a profound shift.
There's three things, Megan, that generally weren't possible before, and we've touched on this a little bit, and Sanjeev's touched on it as well. This first is speed as a permanent capability. Since launch, Android and iOS, the team has shipped multiple rapid-fire releases, including our migration to a new payment gateway. Bills are now completing four times faster, codes are reaching to testers in about an hour, and we've reduced our code base by 30%, and our application footprint's reduced 18% as well. A simpler estate isn't an aesthetic preference anymore, it's what makes the next change cheap, and we've bought ourselves optionality to do that.
The second is quality at that speed, which is the part we've been most skeptical about five years ago. AI-driven triage and predictive defect analysis, we ran it across nearly 1,400 cases to focus on testing on the highest risk journeys, which meant we went live with zero security defects and zero high severity defects, and Sanjeev mentioned that just before. The old trade-off between moving fast and moving safely is being renegotiated right in front of us, so that's the second point.
The third one is AI-driven accessibility testing, which the teams treated as a critical rather than an optional opportunity. In healthcare, people who most need to reach us are very often the people whom our poorly designed interface is a genuine barrier, and so being able to test that systematically at scale was a real advance for us as well.
And Megan, you mentioned on the horizon. It'll be remiss of me not to take the name of agentic AI. The shift from AI that supports a task to AI that completes an outcome end-to-end with proper governance, human oversight at the key decision points. What this program showed us is that the constraint is no longer the models. It's whether your platforms, data, processes are more than enough to let AI act safely, which is precisely why this work mattered now. Sanjeev alluded to it as well about that underlying architecture. Responsible AI as a source of advantage, not a compliance exercise, I would say. In health, if people don't trust how you're using their information, nothing else you build matters. We didn't modernize to have modern technology. We modernized to earn the right to do the next thing, and to do it in weeks rather than years.
Megan: Absolutely. And now you have those foundations in place, like you say, all of these opportunities open up. Fantastic. And Sanjeev, just finally, as companies complete these migrations, what kinds of innovations and benefits are you seeing, and what do you expect in the next five years?
Sanjeev: Sure. Again, good question, Megan. The reason is there is no uniformity on how these migrations are being done even today. As I mentioned earlier, so where there is simple lift and shift of existing code base onto a new platform, a like-to-like replacement, the benefits generally tend to be limited. Where we apply first principles, thinking about re-imagining, re-architecting, and refactoring the system to establish foundations for a far more flexible system, where rules are not boxed into the architecture, but are managed in a way that changes can be incorporated faster, personalization can be achieved in real time, and time to market improves multifold. That's where we are really seeing far more benefits coming through.
And to take the example of Bupa, it is a pretty clear step change, both in terms of customer experience and how fast teams can actually deliver now. I think the app ratings have gone up significantly. The customer experience has improved. Even simple things, such as login success rate, has improved quite significantly. And on the engineering side, we are now building and releasing features roughly about four times faster, and we are also seeing the migration of nearly 100% of the customers onto the new platform.
Now, if I look ahead over the next, you mentioned about next five years, I don't know about five years, four years, but over the next few years at least, I think it is going to get very interesting, because modern platforms will become the base for far more intelligent AI-driven ecosystems, where AI is not just an add-on, but it is built into everything from design to operations. That's how the modern platforms will evolve, and the customer experiences will become far more personalized and predictive. And even the way we build software will shift, with AI playing a much bigger role in the development process itself.
Megan: Fantastic. Really exciting changes on the horizon then. Thank you both so much.
That was Asifa Sherazi, who is the CIO of health insurance at Bupa, and Sanjeev Tripathi, senior vice president, region head of BFSI, healthcare, and public Sector for Australia, New Zealand, and Southeast Asia at Infosys, whom I spoke with from Brighton in England.
That's it for this episode of Business Lab. I'm your host, Megan Tatum. I'm a contributing editor at Insights, the custom publishing division of MIT Technology Review. We were founded in 1899 at the Massachusetts Institute of Technology, and you can find us in print, on the web, and at events each year around the world. For more information about us and the show, please check out our website at technologyreview.com.
This show is available wherever you get your podcasts. And if you enjoyed this episode, we hope you'll take a moment to rate and review us. Business Lab is a production of MIT Technology Review, and this episode was produced by Giro Studios. Thank you so much for listening.
This content was produced by Insights, MIT Technology Review’s custom content arm, not its editorial staff. It was researched and written by humans, with any AI tools that may have been used limited to production processes under human oversight.
Keep Reading
Most Popular
A fundamental flaw leaves LLMs strikingly vulnerable to attack
It makes it easy to trick them into doing things they shouldn’t, such as telling you how to sabotage an aircraft’s navigation system.
Anthropic found a hidden space where Claude puzzles over concepts
A new technique has let the company probe deeper than ever into the weird workings of an LLM.
Sperm donors need limits, says a European fertility group
Some donor-conceived people are finding hundreds of siblings. An international cap on donations could help prevent that.
AI is more likely than humans to form biases when hiring
AI doesn’t just learn stereotypes from its training. It can cook up new ones, too.
Stay connected
Get the latest updates from
MIT Technology Review
Discover special offers, top stories, upcoming events, and more.",full,,trafilatura_full_text,https://www.technologyreview.com/2026/09/01/1142180/making-the-ai-powered-case-for-legacy-modernization/,MIT Technology Review,综合科技,无,2026-09-01T23:55:55+00:00,AI与智能科技 > AI软件层 > 工程改进 > 工作流,AI与智能科技,工作流,"[{""path"":[""AI与智能科技"",""AI软件层"",""工程改进"",""工作流""],""path_text"":""AI与智能科技 > AI软件层 > 工程改进 > 工作流"",""confidence"":0.82,""reason"":""介绍AI辅助的遗留系统现代化改造与软件工程流程优化。""}]",classified,2026-09-02T00:17:58.096704+00:00,glm-5.2,2026-08-14,
"The Download: engineered microbes for crops, and OpenAI’s culture problem",2026-09-01,"The Download: engineered microbes for crops, and OpenAI’s culture problem
Plus: reports of AI escaping users’ control nearly doubled in a month.
This is today's edition of The Download, our weekday newsletter that provides a daily dose of what's going on in the world of technology.
How engineered microbes could help feed the world’s crops
Fertilizer is crucial for the global food supply, but making it uses a lot of energy and produces a lot of emissions. Some companies hope microbes can help, by providing crucial nitrogen to help plants grow, potentially reducing the need for chemical fertilizer.
Startup Switch Bioworks is taking a new approach: using a genetic switch that allows microbes to establish themselves and grow before shifting into nitrogen-producing mode.
The company is currently trialing its product in six US states. And, although it’s too early to say exactly how well the approach works in the field, its modeling suggests microbes could eventually replace about 50% of synthetic fertilizer.
Read the full story on plans to clean up agriculture with engineered microbes.
—Casey Crownhart
The Hugging Face hack could indicate cultural issues at OpenAI
OpenAI has released a postmortem technical report on last month’s Hugging Face hack. But it’s missing a critical dimension: the role company culture may have played.
That’s all the more concerning because the report’s few references to human error suggest OpenAI’s culture played a big role. Its employees noticed models communicating with one another during training and evaluation, yet allowed them to continue. At multiple points, they either failed to raise the alarm or were not heard when they did.
“All these different failures are all pointing in the same direction, which is that the safety culture at OpenAI doesn’t exist or is anemically weak,” says Zvi Mowshowitz, a popular AI safety writer.
Find out what the Hugging Face hack could show about OpenAI’s culture.
—Grace Huckins
This story is from The Algorithm, our weekly AI newsletter. Sign up to receive it in your inbox every Monday.
The must-reads
I’ve combed the internet to find you today’s most fun/important/scary/fascinating stories about technology.
1 Reports of AI escaping users’ control nearly doubled in a month
More than 300 cases were recorded in July, almost twice June’s total. (Guardian)
+ Anthropic says it paused some AI training after Claude went rogue. (Axios)
+ The media may be underplaying the risks of rogue AI agents. (Information $)
+ Here’s why OpenAI agents hacked Hugging Face. (MIT Technology Review)
2 The FTC and 22 state AGs say Amazon secretly inflated ad prices
They’ve sued the company for allegedly misleading advertisers. (Verge)
+ They claim Amazon changed auctions after advertisers had bid. (CNBC)
+ And say the practice cost advertisers more than $20 billion. (WSJ $)
3 Sony and Warner have sued Anthropic over songs used to train AI
They accuse the company of “blatant theft” in a major new lawsuit. (Reuters $)
+ And claim that Anthropic pirated thousands of copyrighted songs. (Axios)
+ AI-generated music is getting hard to spot. (MIT Technology Review)
4 A US court says prediction markets should be regulated as gambling
The decision sets up a potential Supreme Court showdown. (NYT $)
+ George Santos has received Kalshi’s first-ever lifetime ban. (NPR)
5 A new AI tool can spot heart disease in less than two seconds
It extracts information from routine electrocardiograms. (Guardian)
+ AI could predict who will have a heart attack. (MIT Technology Review)
6 Apple’s new CEO starts today, with AI his first big job
John Ternus takes over from Tim Cook as Apple tries to catch up in AI. (Bloomberg $)
+ He faces an old problem: the innovator’s dilemma. (Fortune)
7 Scientists created a tiny “big bang” to study the universe’s origins
Tiny collisions could explain the universe’s first moments. (Wired $)
+ The fastest star ever seen has been spotted orbiting a black hole. (New Scientist $)
8 Meta is paying “momfluencers” to fight social media bans for kids
It’s promoting parental controls as an alternative to bans. (Rest of World)
+ Social media bans aren’t keeping kids off social media. (NYT $)
9 Tech billionaires keep misreading science fiction
They turn cautionary tales into blueprints for the future. (Atlantic $)
10 A robot vacuum caught a man’s wife cheating—and sent him to prison
He won the lawsuit, but was jailed for the illegal recording. (Tom's Hardware)
Quote of the day
“The only reason that communities throughout the U.S.A. should not want Data Centers is if they want to end up being backwards and poor.”
—President Trump weighs in on the data center backlash in a post on Truth Social.
One more thing
You have no choice in reading this article—maybe
How do humans make decisions? The question has been on Uri Maoz’s mind since he read an article in his early twenties suggesting that… maybe they didn’t.
Had he even had a choice about whether to read that article in the first place? How would he ever know if he was truly responsible for making any decisions? “After that, there was no turning back,” says Maoz, now a professor of computational neuroscience at Chapman University.
Today, Maoz is a central figure in efforts to understand how desires and beliefs turn into actions. He’s also uncovered new wrinkles in the debate. Read the full story on his discoveries.
—Sarah Scoles
We can still have nice things
A place for comfort, fun, and distraction to brighten up your day. (Got any ideas? Drop me a line.)
+ A previously blind cockatoo just saw for the first time in 10 years.
+ This transparent phone case grows moss and plants inside a vertical terrarium.
+ Cameron's World is a charming web-collage of archived GeoCities pages from the early internet.
+ From Marie Curie to migrating storks, explore the striking designs shortlisted for Europe’s next generation of euro banknotes.
Deep Dive
The Download
The Download: Claude’s inner workings and OpenAI’s “super app”
Plus: OpenAI has unveiled its long-awaited ""super app.""
The Download: Claude’s inner workings, and the future of world models
Plus: New York has become the first state to enact a data center moratorium.
The Download: AI’s self-improvement problem, and what’s driving the heat
Plus: OpenAI has paused some model work over safety concerns.
The Download: Google’s AI shake-up and Meta’s rogue model
Plus: Meta has become the latest firm to say its AI hacked another company.
Stay connected
Get the latest updates from
MIT Technology Review
Discover special offers, top stories, upcoming events, and more.",full,,trafilatura_full_text,https://www.technologyreview.com/2026/09/01/1143199/the-download-engineered-microbes-openai-safety-culture/,MIT Technology Review,综合科技,无,2026-09-01T23:55:57+00:00,零碳产业 > 物质循环 > 有机物（碳循环） > 有机工业 > 生物过程 > 合成生物学,零碳产业,合成生物学,"[{""path"":[""零碳产业"",""物质循环"",""有机物（碳循环）"",""有机工业"",""生物过程"",""合成生物学""],""path_text"":""零碳产业 > 物质循环 > 有机物（碳循环） > 有机工业 > 生物过程 > 合成生物学"",""confidence"":0.9,""reason"":""Switch Bioworks用基因开关设计工程微生物为作物固氮，属于合成生物学。""},{""path"":[""零碳产业"",""物质循环"",""有机物（碳循环）"",""有机工业"",""生物过程"",""农林""],""path_text"":""零碳产业 > 物质循环 > 有机物（碳循环） > 有机工业 > 生物过程 > 农林"",""confidence"":0.72,""reason"":""应用场景是减少化肥使用、降低农业排放的可持续农业实践。""}]",classified,2026-09-02T00:17:58.096704+00:00,glm-5.2,2026-08-14,
How engineered microbes could help feed the world’s crops,2026-09-01,"EXECUTIVE SUMMARY
Fertilizer is crucial for the global food supply, but making it uses a lot of energy and produces a lot of emissions. Some companies hope microbes can help.
A growing body of research shows that seeding the soil around a crop’s roots with beneficial microbes can help feed the plant, providing crucial nitrogen to help it grow. This could help reduce the need for chemical fertilizer, production of which accounts for roughly 2% of global greenhouse-gas emissions. It could also cut costs for farmers, a big boon—especially as the Iran war has sent energy and fertilizer prices skyrocketing in recent months.
Humans have used biological fertilizers like manure for thousands of years, and companies have long been developing microbial fertilizers, including some that rely on genetic engineering. But it’s difficult to engineer microbes that can reliably provide nitrogen for crops while also thriving themselves.
A startup called Switch Bioworks is taking a new approach that essentially allows microbes to establish themselves and grow into healthy colonies before shifting into nitrogen-producing mode. “We have to reinvent fertilizer,”  says Tim Schnabel, the company’s founder and CEO.
The air is nearly 80% nitrogen, but plants can’t use that “free” nitrogen directly because it doesn’t react readily with other elements. Instead, they rely on so-called fixed nitrogen, which has been converted into more reactive compounds such as ammonia. In nature, microbes can perform this nitrogen fixation. Some plants, like legumes, even have symbiotic relationships with nitrogen-fixing bacteria, housing them in nodules in their roots. Synthetic fertilizer is essentially industrial nitrogen fixation via the
Haber-Bosch process
, which uses natural gas to make ammonia that’s applied to fields.
Biological fertilizers aim to replace some of the synthetic fertilizer with microbes that can help fix nitrogen for plants. But one challenge microbial fertilizer companies have run into is that it’s energetically expensive for microbes to make and release ammonia. Putting all their energy into nitrogen fixation can hamper their growth.
There’s a certain level of colonization you want to see around the roots, Schnabel explains. It’s too expensive and logistically challenging to put all those microbes on the plant, so you have to rely on a smaller number of microbes to grow and divide, establishing the population.
Tim Schnabel walks in a cornfield where Switch is engaged in early trials.
COURTESY OF SWITCH BIOWORKS
Switch Bioworks is betting that a genetic switch is the answer. A genetic switch is a section or sections of DNA that controls how genes are turned on and off. In this case it works by activating genes that help trigger ammonia production in and release from the cell. The company is working on several options for setting off this change in its microbes. The leading one is to have the microbes react to the nitrogen level in the soil: Once it drops to a certain level, they begin producing ammonia.
“You have this inherent biological reality, where it’s really expensive for microbes to fix nitrogen,” says Dan Blaustein-Rejto, director of food and agriculture at the Breakthrough Institute. It takes a lot of energy, and if they do fix the nitrogen, they want to use it for themselves, to build proteins and survive, he says. Adding genetic switches could help microbes grow and thrive and then help fertilize crops.
Switch is currently trialing its product in six US states, though it’s two to three years from a commercial product, Schnabel says. It’s initially focused on corn, the most-planted crop in the US, with over 90 million acres in 2026.
“It’s too early to tell exactly how well this works in the field,” Schnabel says. The company plans to harvest the plants in late October or early November, but as of August, some corn plants treated with Switch microbes already looked visibly healthier than those that hadn’t. And it’s still developing the products that will eventually make it to the market, he says.
Switch’s products could significantly help to clean up agriculture. “There’s a lot of potential for these companies and products to help farmers reduce emissions,” Blaustein-Rejto says. “This could be a really important solution for a quite hard-to-abate sector.”
While lab results have been promising, field trials are a crucial step in proving a product, Blaustein-Rejto says: “This is one of the final steps before they can go to market and make strong claims to farmers.” Independent trials are important as well, he adds, since there can be a large gap between a company’s reported data and what independent researchers find.
Pivot Bio
is another company working to bring microbes to fields. Since it was founded in 2011, its products have been used on millions of acres of crops. The company now produces a range of products: Some versions can be added when seeds are planted, while others are applied to seeds before they’re even on a farm. The company also recently expanded beyond corn to make microbial fertilizers for cotton, wheat, and small grains including sorghum and barley.
Pivot’s initial challenge was trying to get microbes to produce nitrogen, whether they sensed it in the soil or not. Now the company is working to figure out how to make fitter, more robust colonies no matter the environment, says Travis Frey, the company’s chief technology officer.
“Growers right now are experiencing a double whammy from the farm economics point of view,” he says. Fertilizer costs are going up, and the price of commodity crops like corn has dropped. That’s a big opportunity for Pivot and others in the industry, Frey says: “This next decade is when biologicals on the farm are going to go mainstream.”
Fertilizer and seeds are two of the biggest costs for many growers, so reducing dependence on synthetic fertilizers could be a major help for agriculture, says John Havlin, a professor in the department of crop and soil sciences at North Carolina State University.
“I’m very excited about the future of the use of these products,” Havlin says. “They’ll eventually have a role to play to reduce the load of nitrogen that’s being applied.”
However, there’s a ceiling to the amount of fertilizer we can expect microbes to replace. Switch’s modeling suggests that around 50% is likely the maximum, though the initial product will likely be able to replace about 25% of a farm’s synthetic fertilizer, according to the company. Pivot has said its products can replace about one-quarter of the fertilizer used currently.
That means synthetic fertilizer will be around for a long time. “There is no clear and plausible vision for replacing it entirely in the foreseeable future,” Blaustein-Rejto says. “So other ways to reduce emissions and reduce other types of nitrogen pollution from farms remain really critical.""
Deep Dive
Climate change and energy
Four nuclear reactors hit a big milestone in the US
Achieving criticality is just the first step toward power for the grid.
Casey Crownhart
archive page
Why worms (and microbes) are catching on as a manure pollution solution
At least in California, which has become a test bed for emerging means of cleaning up livestock emissions.
James Temple
archive page
Why heat pumps are still so hot in the US
A key tax credit in the US ended, but heat pump sales are still going strong.
Casey Crownhart
archive page
How lasers could help provide fuel for nuclear reactors
Companies are developing new enrichment technology that could unlock previously overlooked resources.
Casey Crownhart
archive page
Stay connected
Get the latest updates from
MIT Technology Review
Discover special offers, top stories,
upcoming events, and more.",full,,dom_or_structured_full_text,https://www.technologyreview.com/2026/09/01/1143195/microbe-fertilizer-switch-bioworks/,MIT Technology Review,综合科技,无,2026-09-01T23:55:59+00:00,零碳产业 > 物质循环 > 有机物（碳循环） > 有机工业 > 生物过程 > 合成生物学,零碳产业,合成生物学,"[{""path"":[""零碳产业"",""物质循环"",""有机物（碳循环）"",""有机工业"",""生物过程"",""合成生物学""],""path_text"":""零碳产业 > 物质循环 > 有机物（碳循环） > 有机工业 > 生物过程 > 合成生物学"",""confidence"":0.9,""reason"":""核心是通过基因工程改造微生物固氮替代化肥，属于合成生物学产业应用。""}]",classified,2026-09-02T00:18:11.164256+00:00,glm-5.2,2026-08-14,
Tensorbasierte Signalverarbeitung: TU Ilmenau-Forscherin für weltweit beste Doktorarbeit ausgezeichnet,2026-09-01,"Tensorbasierte Signalverarbeitung: TU Ilmenau-Forscherin für weltweit beste Doktorarbeit ausgezeichnet
Hinweis zur Verwendung von Bildmaterial: Die Verwendung des Bildmaterials zur Pressemitteilung ist bei Nennung der Quelle vergütungsfrei gestattet. Das Bildmaterial darf nur in Zusammenhang mit dem Inhalt dieser Pressemitteilung verwendet werden. Falls Sie das Bild in höherer Auflösung benötigen oder Rückfragen zur Weiterverwendung haben, wenden Sie sich bitte direkt an die Pressestelle, die es veröffentlicht hat.
Dr. Liana Khamidullina, PostDoc an der TU Ilmenau, bei der Entgegennahme des EURASIP Best Ph.D. Award im Rahmen der internationalen Konferenz EUSIPCO 2026 in Brügge, Belgien
| Quelle:
jdesign_www.jdes.be
| Copyright:
Download
Dr. Liana Khamidullina, PostDoc an der Technischen Universität Ilmenau, ist mit dem Best Ph.D. Award der European Association for Signal Processing (EURASIP) ausgezeichnet worden. In ihrer prämierten Doktorarbeit entwickelte sie neue Verfahren zur Verarbeitung und Analyse mehrdimensionaler Signaldaten für interdisziplinäre Anwendungen, unter anderem in der drahtlosen Kommunikation, der Radartechnik und der Biomedizin. Die Auszeichnung wurde ihr heute (1. September 2026) im Rahmen der Eröffnungs- und Preisverleihungszeremonie der internationalen Konferenz EUSIPCO 2026 in Brügge, Belgien, überreicht.
Die 2023 abgeschlossene Arbeit mit dem Titel „Tensor Decompositions and Algorithms for Efficient Multidimensional Signal Processing“ entstand am Fachgebiet Nachrichtentechnik der TU Ilmenau unter der Leitung von Prof. Martin Haardt. Im Mittelpunkt stehen so genannte tensorbasierte Signalverarbeitungsverfahren. Sie ermöglichen es, die besondere Struktur komplexer Daten zu berücksichtigen, die gleichzeitig Informationen aus mehreren Dimensionen enthalten – beispielsweise aus Raum, Zeit und Frequenz.
Komplexe Daten besser verstehen
Viele moderne Mess- und Kommunikationssysteme erzeugen Daten nicht nur in einer oder zwei Dimensionen. Bei einer medizinischen Messung können beispielsweise gleichzeitig Informationen von vielen Sensoren, zu unterschiedlichen Zeitpunkten und bei verschiedenen Frequenzen anfallen. Solche Daten lassen sich als mehrdimensionale Strukturen beschreiben.
Hier setzt die Dissertation von Liana Khamidullina an. In ihrer an der TU Ilmenau verfassten Doktorarbeit entwickelt und analysiert sie Verfahren, die solche mehrdimensionalen Daten mithilfe sogenannter Tensoren verarbeiten.
Diese Darstellung besitzt einen entscheidenden Vorteil: Die charakteristische Struktur mehrdimensionaler Daten bleibt bei der Verarbeitung erhalten. Dadurch können Informationen präziser geschätzt, unterschiedliche Signalquellen besser voneinander getrennt und komplexe Datenmodelle eindeutiger identifiziert werden – ein Vorteil, der sich für viele interdisziplinäre Anwendungen nutzen lässt, etwa bei der Gesichtserkennung, Bildkomprimierung und Rauschunterdrückung hyperspektraler Bilder sowie im Data Mining, der Analyse sozialer Netzwerke, im maschinellen Lernen, der Mustererkennung, Array-Signalverarbeitung, drahtlosen Kommunikation und biomedizinischen Signalverarbeitung.
Wie vielseitig solche Verfahren eingesetzt werden können, zeigt Liana Khamidullina in ihrer Dissertation anhand von drei Anwendungen.
Neuartige Tensorzerlegungen erweitern etablierte mathematische Verfahren
„Besonders beeindruckend ist ihre Herleitung der Multilinear Generalized Singular Value Decomposition (ML-GSVD) als einer neuen Tensorzerlegung, die die bekannte Generalized Singular Value Decomposition (verallgemeinerte Singulärwertzerlegung - GSVD) – ein wichtiges mathematisches Werkzeug der Signalverarbeitung – von zwei auf mehr als zwei Matrizen erweitert“, so Prof. Martin Haardt. „Vereinfacht gesagt helfen sie dabei, komplexe Daten in charakteristische Bestandteile zu zerlegen und die darin enthaltenen Strukturen herauszuarbeiten. Im Gegensatz zu anderen Erweiterungen der GSVD, die schon aus der Literatur bekannt sind, bewahrt die ML-GSVD die wesentlichen Eigenschaften der GSVD wie die Orthogonalität der Faktormatrizen im ersten Mode.“
Ihre praktische Bedeutung zeigt die Wissenschaftlerin unter anderem anhand von drei unterschiedlichen Anwendungen der ML-GSVD in drahtlosen MIMO-Kommunikationssystemen. MIMO steht für „Multiple Input, Multiple Output“ und bezeichnet Kommunikationssysteme, bei denen mehrere Sende- und Empfangsantennen gleichzeitig eingesetzt werden. Statt nur einen Signalweg zu betrachten, können dadurch mehrere Signale gleichzeitig verarbeitet werden. Die tensorbasierte Auswertung ermöglicht es, die in den verschiedenen Signalwegen enthaltene Struktur gezielt zu nutzen.
Präzise Lokalisierung mit mehreren Radarantennen
Für die Verarbeitung von Radardaten entwickelte Liana Khamidullina ebenfalls neue robuste Verfahren zur so genannten Block-Term-Decomposition (BTD) und erweiterte diese zu einer gekoppelten BTD, mit der mehrere miteinander verbundene Datensätze gemeinsam ausgewertet werden können.
„Besonders hervorzuheben ist der von Frau Dr. Khamidullina entwickelte COBRAS-Algorithmus, kurz für coupled block-term decomposition for multi-static radar systems“, so Prof. Haardt. Er ermöglicht die hochauflösende dreidimensionale Lokalisierung von Zielen in multistatischen MIMO-Radarsystemen. Mehrere Empfangsarrays erfassen dabei dieselben ausgesendeten Signale an unterschiedlichen Orten. COBRAS nutzt diese gemeinsam gewonnenen Informationen und berücksichtigt ein exaktes Wellenfrontmodell für den Nahbereich. Dadurch können neben der Richtung auch Entfernungen präzise bestimmt werden. Der Ansatz ist auf beliebige Array-Geometrien anwendbar.
EEG- und MEG-Daten gemeinsam auswerten
Schließlich untersuchte Liana Khamidullina in Zusammenarbeit mit dem Universitätsklinikum Jena EEG- und MEG-Daten. Während ein EEG die elektrische Aktivität des Gehirns über Elektroden auf der Kopfhaut misst, erfasst ein MEG die dabei entstehenden Magnetfelder. Beide Verfahren liefern unterschiedliche, sich ergänzende Informationen.
Für die Untersuchung wurden bei acht gesunden Freiwilligen elektrische Reize am Medianusnerv ausgelöst, der vom Oberarm bis in die Hand verläuft und unter anderem an Beuge- und Greifbewegungen beteiligt ist. Die dadurch hervorgerufenen Hirnreaktionen wurden mit EEG und MEG aufgezeichnet.
Mit ihren entwickelten Verfahren gelang es Khamidullina, die Daten aus vier Messsystemen gemeinsam auszuwerten und daraus zeitliche, spektrale und räumliche Signaturen der Hirnaktivität zu extrahieren. Damit schafft ihre Arbeit eine Grundlage für neue Einblicke in die Funktionsweise des Gehirns.
Prof. Martin Haardt resümiert: „Die Ergebnisse der Dissertation liefern bedeutende Beiträge zur Mehrantennensignalverarbeitung und zur Entwicklung effizienter multidimensionaler Algorithmen für die Verarbeitung mehrkanaliger Daten. Durch ihr breites interdisziplinäres Anwendungsspektrum eröffnen sie zudem neue Forschungsrichtungen.“
Internationales Auswahlverfahren
Der Best Ph.D. Award wird von der European Association for Signal Processing (EURASIP) vergeben. Jährlich wählen von EURASIP beauftragte Expertinnen und Experten bis zu drei herausragende Dissertationen aus unterschiedlichen Bereichen der Signalverarbeitung aus. Für die diesjährige Auswahl wurden Dissertationen aus den Abschlussjahrgängen 2021 bis 2023 betrachtet.
In die Bewertung fließen unter anderem die wissenschaftliche Bedeutung der Dissertation, daraus hervorgegangene Veröffentlichungen in internationalen Fachzeitschriften und auf Konferenzen, die Zahl der Zitationen sowie Bewertungen internationaler unabhängiger Gutachterinnen und Gutachter ein. Auch die Downloadzahlen der Dissertationen aus der EURASIP-Datenbank werden berücksichtigt.
Anhand dieser Kriterien wurden in diesem Jahr außer Dr. Liana Khamidullina auch Dr. Ricardo Augusto Borsoi von der Université Côte d'Azur, Frankreich, und der Federal University of Santa Catarina, Brasilien, sowie Dr. Samuel Rey Escudero, von der Universidad Rey Juan Carlos, Madrid, Spanien, als Preisträger ausgewählt.
Dr. Liana Khamidullina arbeitet derzeit als PostDoc am Fachgebiet Nachrichtentechnik. Dort setzt sie ihre wegweisenden Forschungsarbeiten auf dem Gebiet der tensorbasierten Signalverarbeitung fort.
Originalpublikation:
Khamidullina, L., 2024. Tensor decompositions and algorithms for efficient multidimensional signal processing. Ilmenau.
https://doi.org/10.22032/dbt.59389
Ähnliche Pressemitteilungen im idw",full,,dom_or_structured_full_text,https://nachrichten.idw-online.de/2026/09/01/tensorbasierte-signalverarbeitung-tu-ilmenau-forscherin-fuer-weltweit-beste-doktorarbeit-ausgezeichnet,Informationsdienst Wissenschaft-idw,综合科技,无,2026-09-01T23:56:27+00:00,公共政策与社会治理 > 科教与人才 > 科研管理与学术活动,公共政策与社会治理,科研管理与学术活动,"[{""path"":[""公共政策与社会治理"",""科教与人才"",""科研管理与学术活动""],""path_text"":""公共政策与社会治理 > 科教与人才 > 科研管理与学术活动"",""confidence"":0.85,""reason"":""核心事件是博士论文获国际学术奖项，属科研评价与学术共同体活动。""}]",classified,2026-09-02T00:18:11.164256+00:00,glm-5.2,2026-08-14,
"Wie KI-Agenten lernen, Strömungen in Energie, Verkehr und Verteidigung zu steuern",2026-09-01,"Wie KI-Agenten lernen, Strömungen in Energie, Verkehr und Verteidigung zu steuern
Ein internationales Team von Forschenden der RWTH Aachen, der University of Washington, des College of Engineering der University of Michigan und der TU München hat eine Plattform zum Trainieren und Vergleichen von Machine-Learning-Modellen entwickelt. Diese Modelle ermöglichen, Luftwiderstand und Lärm aktiv zu reduzieren sowie Auftrieb und Wärmeabfuhr gezielt zu optimieren. Professor Wolfgang Schröder, Dekan der Fakultät für Maschinenbau und ehemaliger Direktor des Instituts für Aerodynamik der RWTH Aachen, war einer der Projektleiter. Die Studie mit dem Titel „The HydroGym reinforcement learning platform for fluid dynamics“ ist in der renommierten Fachzeitschrift Nature erschienen.
Strömungsvorgänge spielen in Branchen mit einem weltweiten Volumen von mehreren Billionen Dollar eine zentrale Rolle, darunter Energie, Verkehr, Gesundheit und Verteidigung. Aufgrund der Vielzahl an Variablen ist es jedoch in der Regel unmöglich, das Verhalten von Strömungen in realistischen Szenarien direkt zu berechnen. Solche Strömungen besser zu verstehen und gezielter steuern zu können, birgt daher erhebliches wirtschaftliches und ökologisches Potenzial.
Das internationale Team, dem auch Forschende der Inha University (Südkorea), des KTH Royal Institute of Technology (Schweden), der HESAM University (Frankreich); der MediaTek (Vereinigtes Königreich) und des Deutschen Zentrums für Neurodegenerative Erkrankungen e. V angehören, hat nun eine Plattform entwickelt mit dem Ziel, diese komplexe Aufgabe mithilfe von Reinforcement Learning zu lösen. Bei dieser Form des maschinellen Lernens werden KI-Agenten durch die Interaktion mit ihrer Umgebung trainiert. Der Ansatz hat bereits entscheidende Fortschritte in Bereichen wie der Proteinfaltung und der Kernfusion ermöglicht.
Testumgebung für Reinforcement Learning zur Strömungssteuerung
Die KI-Agenten werden darauf trainiert, Strömungen über Oberflächen aktiv zu steuern. Indem physikalisches Wissen direkt in ihr Training einfließt, lässt sich der nötige Trial-and-Error-Aufwand bei der Optimierung der Steuerungsstrategien mit der neuen Plattform um bis zu 65 Prozent reduzieren. Die „HydroGym“ genannte Plattform ermöglicht zudem, verschiedene Steuerungsstrategien unter vergleichbaren Bedingungen zu testen und so besonders geeignete Ansätze für unterschiedliche Anwendungen zu identifizieren. Dazu zählen etwa effizientere Flugzeuge und Windkraftanlagen, die Lärmminderung bei Strahltriebwerken und die Kühlung von Supercomputern.
Von einfachen Strömungen zu realistischen Anwendungen
An einem Beispiel demonstrierte das Team, wie sich die Oberflächenreibung in einem Kanal minimieren lässt: Dieser bestand aus zwei ebenen Flächen, die ähnlich wie bei einem Airhockey-Tisch mit zahlreichen Öffnungen versehen waren. Sie trainierten ein Machine-Learning-Modell darin, die durch die Öffnungen strömende Luft so zu steuern, dass es reibungserhöhenden Turbulenzen entgegenwirkte und die ein- und austretenden Luftströme stets im Gleichgewicht hielt.
Anschließend wandten die Forschenden das Regelungsmodell auf ein deutlich komplexeres Szenario an: einen Abschnitt eines simulierten Flugzeugflügels. Dabei ließ sich die Reibung an der Flügeloberfläche um 38 Prozent und der Gesamtluftwiderstand um 11 Prozent reduzieren. Zugleich war das Training im einfacheren Szenario 100-mal schneller und 10.000-mal kostengünstiger als ein direktes Training am Flugzeugflügel.
Dass sich das Modell ohne zusätzliches Training auf neue Situationen übertragen lässt, deutet das Potenzial für die Entwicklung eines universellen Strömungsmodells an. Ein solches Modell würde genügend physikalische Gesetzmäßigkeiten erfassen, um auf unterschiedliche Turbulenzgrade, beliebige Oberflächenformen sowie Flüssigkeits- und Gasströmungen oder sogar Mischungen aus beiden angewendet werden zu können.
Mehr als 60 Umgebungen für Training und Vergleich
HydroGym ist nicht auf Modelle beschränkt, bei denen eine einzige „Schaltzentrale“ die Steuerung übernimmt. Die Plattform kann auch verteilte Steuerungssysteme trainieren und testen, bei denen einzelne Regler jeweils einen Bereich einer Oberfläche steuern und sich mit benachbarten Reglern abstimmen. Dies ist wichtig, da bei großen Oberflächen zu viele Informationen anfallen, als dass ein zentralisiertes Modell sie verarbeiten könnte. Ein System aus kleineren Reglern, die mittels Multi-Agent Reinforcement Learning trainiert werden, macht sich zunutze, dass die Strömung zwar räumlich und zeitlich variieren kann, über die gesamte Oberfläche hinweg aber denselben Gesetzmäßigkeiten folgt.
Der Code, die Dokumentation und der vollständige Satz an Umgebungen von HydroGym sind auf GitHub frei verfügbar. Gemeinsam mit der internationalen Fachcommunity für Strömungsdynamik entwickelt das Team die Plattform kontinuierlich weiter.
Neben der Deutschen Forschungsgemeinschaft (DFG) wurde die Arbeit vom U.S. Army Research Office und vom Europäischen Forschungsrat gefördert.
Wissenschaftlicher Ansprechpartner:
Prof. Dr. Wolfgang Schröder
Lehrstuhl für Strömungsmechanik und Aerodynamisches Institut
+49 241 80-95410
Originalpublikation:
Lagemann, C., Mokbel, S., Gondrum, M. et al. The HydroGym reinforcement learning platform for fluid dynamics. Nature (2026). https://doi.org/10.1038/s41586-026-10917-6
Weitere Informationen:
https://GitHub-Link: https://dynamicslab.github.io/hydrogym/docs/introduction
https://Youtube: https://www.youtube.com/watch?v=SQrPBk6f0GY",full,,trafilatura_full_text,https://nachrichten.idw-online.de/2026/09/01/wie-ki-agenten-lernen-stroemungen-in-energie-verkehr-und-verteidigung-zu-steuern,Informationsdienst Wissenschaft-idw,综合科技,无,2026-09-01T23:56:29+00:00,AI与智能科技 > AI软件层 > 工程改进 > AGENT,AI与智能科技,AGENT,"[{""path"":[""AI与智能科技"",""AI软件层"",""工程改进"",""AGENT""],""path_text"":""AI与智能科技 > AI软件层 > 工程改进 > AGENT"",""confidence"":0.7,""reason"":""核心是训练强化学习智能体主动控制流体，属智能体学习控制技术。""}]",classified,2026-09-02T00:18:11.164256+00:00,glm-5.2,2026-08-14,
"Textilfabrik 7.0: Smarte Jacke, Lasertechnik und Mikroplastik. Ministerin Mona Neubaur erprobt textile Innovationen",2026-09-01,"Textilfabrik 7.0: Smarte Jacke, Lasertechnik und Mikroplastik. Ministerin Mona Neubaur erprobt textile Innovationen
Hinweis zur Verwendung von Bildmaterial: Die Verwendung des Bildmaterials zur Pressemitteilung ist bei Nennung der Quelle vergütungsfrei gestattet. Das Bildmaterial darf nur in Zusammenhang mit dem Inhalt dieser Pressemitteilung verwendet werden. Falls Sie das Bild in höherer Auflösung benötigen oder Rückfragen zur Weiterverwendung haben, wenden Sie sich bitte direkt an die Pressestelle, die es veröffentlicht hat.
Erprobung einer smarten Jacke im Rahmen des Projektes Textilfabrik 7.0 mit Mona Neubaur
| Quelle:
Tomas Rodriguez
| Copyright:
Tomas Rodriguez
Download
Hinweis zur Verwendung von Bildmaterial: Die Verwendung des Bildmaterials zur Pressemitteilung ist bei Nennung der Quelle vergütungsfrei gestattet. Das Bildmaterial darf nur in Zusammenhang mit dem Inhalt dieser Pressemitteilung verwendet werden. Falls Sie das Bild in höherer Auflösung benötigen oder Rückfragen zur Weiterverwendung haben, wenden Sie sich bitte direkt an die Pressestelle, die es veröffentlicht hat.
Ministerin Mona Neubaur mit T7-Logo
| Quelle:
Tomas Rodriguez
| Copyright:
Tomas Rodriguez
Download
Mönchengladbach, 27. August 2026
Im Rahmen ihrer Sommertour erlebte Mona Neubaur, Ministerin für Wirtschaft, Industrie, Klimaschutz und Energie des Landes Nordrhein-Westfalen, die Textilfabrik 7.0 in Mönchengladbach hautnah. Im Mittelpunkt standen innovative Technologien und nachhaltige Alternativen für die Textilproduktion unter dem Motto „smart und clean“: Von der smarten Jacke bis hin zur Entfärbung von Textilien mittels Pilzkulturen.
Projektmitarbeitende des Forschungsinstituts für Textil und Bekleidung (FTB) der Hochschule Niederrhein und des Instituts für Textiltechnik (ITA) der RWTH Aachen präsentierten Ministerin Neubaur, dem Oberbürgermeister von Mönchengladbach Felix Heinrichs und Vertretern der Landespolitik innovative Technologien und Verfahren, die in T7 erarbeitet wurden.
Mit der Textilfabrik 7.0 entsteht im Monforts Quartier ein Reallabor, in dem innovative Technologien und Produktionsprozesse unter realen Bedingungen entwickelt, erprobt und für die industrielle Anwendung weiterentwickelt werden. Ziel ist es, im Rheinischen Revier eine wirtschaftlich tragfähige, CO₂-neutrale und zirkuläre Textilproduktion voranzubringen. Die Hallen der T7-Factory im Monforts Quartier werden derzeit mit Maschinen befüllt. Die bereits entstandenen Innovationen wurden den Besuchern des Events im Technologiezentrum für Textilveredelung der Hochschule Niederrhein präsentiert.
Smart: Textile Produktion wird intelligent und digital
Unter dem Stichwort „smart“ erprobte die Ministerin zahlreiche Innovationen: Mithilfe einer smarten Jacke konnten ihre Bewegungen und Körperdaten erfasst und über eine App abgebildet werden. Durch die Anreicherung von Textilien mit Sensorik entstehen neue Anwendungsmöglichkeiten, insbesondere im Gesundheitsbereich. Eine smarte Jacke kann bei physiotherapeutischen Übungen eingesetzt werden, um Bewegungsabläufe digital nachzuvollziehen und gezielt Feedback geben zu können. An einer Stickmaschine wurde außerdem gezeigt, wie leitfähiges Garn in textile Strukturen integriert werden kann. Auch KI-Anwendungen wurden demonstriert: Mithilfe von KI lassen sich Naturfasern analysieren und beispielsweise Materialzusammensetzungen schneller und präziser bestimmen. Projektmitarbeitende präsentierten außerdem digitale Fertigungsverfahren wie den Laserdruck.
„Im Rheinischen Revier wird schon jetzt Zukunft gemacht – mit innovativen und nachhaltigen Lösungen für Industrie und Menschen vor Ort. Digitale Anwendungen, Künstliche Intelligenz und nachhaltige Verfahren werden hier nicht nur gezeigt, sondern weiterentwickelt und erprobt. Für ein Produkt, das sich ganz nah am Anwender orientiert: Wenn smarte Jacken aus intelligentem Textilgewebe Vitaldaten messen, hilft das Menschen ganz konkret, gesund zu bleiben oder zu werden. Das hilft nicht nur den Menschen, es schafft auch konkrete Perspektiven für eine wettbewerbsfähige und zugleich nachhaltige Textilproduktion.“, sagt Mona Neubaur, Ministerin für Wirtschaft, Industrie, Klimaschutz und Energie des Landes Nordrhein-Westfalen.
Clean: Nachhaltige Alternativen für textile Prozesse
Unter dem Stichwort „clean“ wurden unter anderem Ansätze vorgestellt, bei denen Textilien mithilfe von natürlichen Farbstoffen, beispielsweise aus Tee oder Granatapfelschalen, gefärbt werden können. Auch für das Entfärben und Bleichen von Textilien werden alternative Verfahren entwickelt. Außerdem wurde gezeigt, wie eine Jeans mithilfe von Lasertechnik oder Pilzkulturen entfärbt werden kann. Aus der dabei entstehenden Substanz können sogar vegane Lederalternativen hergestellt werden. Ebenso konnte der Prüfstand zur Bestimmung von faserigem Mikroplastik im Abwasser von Waschmaschinen besichtigt werden.
Oberbürgermeister Felix Heinrich: „Der Rundgang heute hat eindrucksvoll gezeigt, wie viel textile Expertise und Innovationskraft in Mönchengladbach und der Region vorhanden ist. Schon heute können hier ganz unterschiedliche Technologien und Anwendungen praktisch erlebbar gemacht werden. Das zeigt, welches Potenzial in der Verbindung von Wissenschaft, Wirtschaft und dem traditionsreichen Textilstandort Mönchengladbach steckt und welche Chancen sich für nachhaltiges Wachstum und Wohlstand in der Zukunft ergeben.“
Eine klare gemeinsame Zukunftsvision
Der Besuch machte deutlich: Innovation entsteht nicht allein im Labor. Entscheidend ist der Schritt in die praktische Anwendung. Genau hier setzt die Textilfabrik 7.0 an. Mit den vier Kernbereichen On-Demand-Fertigung, MicroFactory Engineering, Digital Textiles und Biosphere verbindet T7 technologische Innovation mit Nachhaltigkeit und schafft damit eine Plattform für die textile Produktion von morgen. Dabei steht eine gemeinsame Frage im Mittelpunkt: Wie kann die Textilproduktion gleichzeitig „smarter“, „cleaner“ und wirtschaftlich tragfähig werden?
Prof. Dr. Rabe (HSNR) und Prof. Dr. Gries (RWTH) betonten gegenüber der Ministerin: Das Motto „smart and clean“ ist keine abstrakte Vision, sondern kann bereits heute konkret erlebt und erprobt werden, es ist reif für die Anwendung.
Über T7:
T7 ist ein Gemeinschaftsprojekt des Forschungsinstituts für Textil und Bekleidung (FTB) der Hochschule Niederrhein, des Instituts für Textiltechnik (ITA) an der RWTH Aachen, des Verbandes der Nordwestdeutschen Textil- und Bekleidungsindustrie, des Verbandes der Rheinischen Textil- und Bekleidungsindustrie, mit der Textilakademie NRW sowie der Wirtschaftsförderung Mönchengladbach.
Das Projekt wird vom Bundesministerium für Wirtschaft und Energie (BMWE) über die Förderrichtlinie zur Stärkung der Transformationsdynamik und Aufbruch in den Revieren und an den Kohlekraftwerkstandorten „STARK“, dem Land Nordrhein-Westfalen im Zuständigkeitsbereich des Ministeriums für Wirtschaft, Industrie, Klimaschutz und Energie (MWIKE) des Landes Nordrhein-Westfalen gemäß der Rahmenrichtlinie zur Umsetzung des Investitionsgesetzes Kohleregionen (InvKG) Nordrhein-Westfahlen (RRL) sowie durch das Bundesministerium für Forschung, Technologie und Raumfahrt (BMFTR) gefördert. Wir danken den Fördergebern für das Vertrauen.
Weitere Informationen:
https://www.ita.rwth-aachen.de/go/id/buwnhg#aaaaaaaaabuwnmj
https://t7-management.de/
Ähnliche Pressemitteilungen im idw",full,,dom_or_structured_full_text,https://nachrichten.idw-online.de/2026/09/01/textilfabrik-7-0-smarte-jacke-lasertechnik-und-mikroplastik-ministerin-mona-neubaur-erprobt-textile-innovationen,Informationsdienst Wissenschaft-idw,综合科技,无,2026-09-01T23:56:31+00:00,未分类,,,[],unclassified,2026-09-02T00:18:16.932038+00:00,glm-5.2,2026-08-14,
UBT AI Day 2026: Künstliche Intelligenz für eine souveräne Industrie,2026-09-01,"UBT AI Day 2026: Künstliche Intelligenz für eine souveräne Industrie
Die Universität Bayreuth lädt am 25. September 2026 zum UBT AI Day ein, der aktuelle Entwicklungen in der Künstlichen Intelligenz beleuchtet. Die Veranstaltung bringt führende Wissenschaftlerinnen und Wissenschaftler sowie Vertreterinnen und Vertreter aus der Industrie zusammen. Unter dem Motto „Towards Responsible and Sovereign AI for Industry“ stehen verantwortungsvolle und praxisnahe KI-Lösungen im Fokus.
Das Research Center for Artificial Intelligence in Science and Society (RAIS²) der Universität Bayreuth veranstaltet am 25. September 2026 von 10 bis 15:30 Uhr den UBT AI Day 2026 auf dem Campus im Gebäude RW I. Im Mittelpunkt stehen Fachvorträge, interaktive Ausstellungen, Workshops sowie eine Podiumsdiskussion und eine Poster-Session zu aktuellen Forschungsprojekten im Bereich Künstliche Intelligenz.
Zu den Höhepunkten zählen eine wissenschaftliche Keynote von Prof. Niklas Kühl, Professor für Wirtschaftsinformatik und humanzentrische Künstliche Intelligenz an der Universität Bayreuth, sowie eine Industry Keynote von Dr. Lisa Precht (IBM). Kühl spricht zum Thema ""Are we becoming Meat Proxies?"", während Precht den Vortragstitel „What if staying in control was your biggest AI advantage?“ gewählt hat.
Neben einem Impulsvortrag „KI entmystifiziert“ von Valentin Mayer (AI Responsibility Center der Universität Bayreuth), Poster-Pitches und Networking-Angeboten stehen praxisnahe Einblicke in aktuelle KI-Anwendungen im Mittelpunkt. So zeigt Martin Braun von der NeuroForge GmbH & Co. KG im Workshop „Was ist Ihr KI-Vorteil? Vom industriellen Know-how zum echten Use Case“, wie Unternehmen ihr vorhandenes Know-how in konkrete KI-Anwendungen überführen können. Prof. Dr. Agnes Koschmider widmet sich in ihrem Vortrag „Tandem Industrie-Wissenschaft: KI-Assistenten der Zukunft“ den Chancen und Perspektiven einer engen Kooperation zwischen Wissenschaft und Industrie
Wissenschaftlicher Ansprechpartner:
Domenique Zipperling
Geschäftsführer RAIS², Wissenschaftlicher Mitarbeiter am Lehrstuhl für Wirtschaftsinformatik und humanzentrische Künstliche Intelligenz
Tel.: 015204685547",full,,trafilatura_full_text,https://nachrichten.idw-online.de/2026/09/01/ubt-ai-day-2026-kuenstliche-intelligenz-fuer-eine-souveraene-industrie,Informationsdienst Wissenschaft-idw,综合科技,无,2026-09-01T23:56:33+00:00,公共政策与社会治理 > 科教与人才 > 科研管理与学术活动,公共政策与社会治理,科研管理与学术活动,"[{""path"":[""公共政策与社会治理"",""科教与人才"",""科研管理与学术活动""],""path_text"":""公共政策与社会治理 > 科教与人才 > 科研管理与学术活动"",""confidence"":0.9,""reason"":""核心事件是大学举办的人工智能学术会议与科研展示活动。""}]",classified,2026-09-02T00:18:16.932038+00:00,glm-5.2,2026-08-14,
TUM-Studie zeigt substanzielle Fehlsteuerung der EU-Regulatorik im Automobil-Bereich,2026-09-01,"TUM-Studie zeigt substanzielle Fehlsteuerung der EU-Regulatorik im Automobil-Bereich
Der interdisziplinäre Forschungsverbund der Technischen Universität München (TUM), CirculaTUM, hat seit Jahresbeginn an einer Studie zum Thema Dekarbonisierung im Automobilbereich geforscht. Die Ergebnisse der derzeit umfassendsten Studie in diesem Bereich belegen substanzielle Fehlsteuerungen in der Regulatorik der EU-Klimapolitik. Sie wurden heute, Dienstag, 1. September 2026, bei einem Pressegespräch an der TUM in München vorgestellt.
• Rein batterieelektrische Fahrzeuge reduzieren die CO₂-Emissionen im Vergleich zu Verbrennern im Durchschnitt nur um 41 Prozent. Für die EU-Kommission gelten sie hingegen zu 100 Prozent als klimaneutral.
• Ursache: Die EU-Regulatorik misst CO₂-Emissionen nur über Abgase. Fossiler Kohlenstoff, der in der Produktion eines Autos und über den Betriebsstrom freigesetzt wird oder beim Recycling nicht zurückgewonnen wird, wird von der EU-Verordnung 2019/631 hingegen nicht erfasst.
• Die wissenschaftlich nicht begründbare Haltung der EU wird dazu führen, dass das Ziel einer Reduktion von CO₂-Emissionen im Pkw-Sektor bis 2030 von 188 Millionen Tonnen um über 100 Millionen Tonnen verfehlt werden wird. Verbrenner werden 2030 voraussichtlich noch 78 Prozent der Fahrzeugflotte ausmachen.
• Die Forschenden schlagen daher einen lebenszyklusbasierten Standard zur Defossilierung vor.
Das White Paper belegt auf Basis von 19 Studien mit 47 modellierten Szenarien eine substanzielle Fehlsteuerung der EU-Klimapolitik im Automobilbereich in ökonomischer wie in ökologischer Hinsicht. Vor dem Hintergrund der im Herbst anstehenden politischen Entscheidungen zur Zukunft der Automobilindustrie in Europa hatte TUM-Präsident Prof. Thomas F. Hofmann zu Jahresbeginn die Studie beauftragt.
Unter Federführung der drei Professoren Johannes Fottner, Magnus Fröhling und Tim Büthe entstand die derzeit umfassendste Untersuchung der Klimabilanz von Automobilen über den vollständigen Lebenszyklus der Fahrzeuge von der Produktion über den Betrieb bis zur Verwertung. Die Studie belegt den zentralen Irrtum der CO₂-Regulierung der EU, die die Klimabilanz von Autos an einem einzigen Punkt misst: am Auspuff. Die Forschenden der TUM schlagen stattdessen einen lebenszyklusbasierten Standard vor, der jeden nachweisbaren Beitrag zur Senkung fossiler Emissionen anrechnet.
Die Auswertungen der TUM zeigen, dass batterieelektrische Fahrzeuge die Lebenszyklus-Emissionen im Durchschnitt um 41 % reduzieren (in rund 92 % der Fälle). Die Spannbreite der Abweichungen von den CO₂-Emissionen von Verbrennerfahrzeugen reicht dabei von einer Reduktion von 89 Prozent bis hin sogar zu einer Mehrbelastung von 21 Prozent. Dabei blendet die allein auspuffbasierte Messgröße Klimabeiträge jenseits des Antriebs aus.
Investiert ein Hersteller in nahezu CO₂-freien Stahl, dekarbonisiert ein Zulieferer die Batterieproduktion oder hält ein Recyclingunternehmen kritische Rohstoffe im Kreislauf, verbessert das in der gegenwärtigen Regulierung der EU die Kennzahl der Verordnung um kein Gramm. Eine Regulierung, die relevante Beiträge zur Dekarbonisierung nicht erfasst, kann sie auch nicht belohnen. Und was sie nicht belohnt, wird die Industrie nicht im großen Maßstab finanzieren.
„Die größte ökonomische wie ökologische Fehlsteuerung besteht darin, dass die Regulatorik der EU-Kommission ausschließlich auf den CO₂-Emissionen über Abgase beruht“, sagt Prof. Johannes Fottner. „In dieser Logik gelten rein batterieelektrisch betriebene Fahrzeuge als klimaneutral. Die vielfältigen Anstrengungen der Industrie über etwa Grünstahl oder Kreislaufwirtschaft Klimaziele zu erreichen, werden damit nicht honoriert."" Diese Ausblendung der Emissions-Wirklichkeit könne sich Europa nicht länger leisten.
EU wird ihr selbstgestecktes Ziel ohne Reform verfehlen
Nach einer berücksichtigten Studie (Tang et al., 2023) würde der Pkw-Sektor beim von der EU angestrebten Tempo des Hochlaufs der Elektromobilität bis 2030 nur rund 80 Millionen Tonnen CO₂-Reduktion liefern – benötigt wären jedoch etwa 188 Millionen Tonnen, um die selbst gesteckten Ziele zu erfüllen.
Die Reform der Verordnung (EU) 2019/631 ist Teil des von der Europäischen Kommission im Dezember 2025 vorgelegten Automotive Package. Die Abstimmung im Plenum des Europäischen Parlaments ist derzeit für den 23. November 2026 vorgesehen.
Das bisherige Automotive Package deckt mit seinen Gutschriften für Stahl und Kraftstoffe laut Studie aber höchstens 10 Prozent der vorgeschriebenen CO₂-Reduktion eines Herstellers ab und schließt die eigentliche Lücke nicht. Deshalb hält die CirculaTUM-Studie den vorgeschlagenen lebenszyklusbasierten Standard für zusätzlich nötig.
Wissenschaftler setzen auf nachhaltige CO₂-Erfassung
„Wir sehen derzeit eine substanzielle Fehlsteuerung der Klimastrategie der Europäischen Union. Wenn sie ihre eigenen Ziele ernst nimmt, darf sie sich nicht länger nur auf die Auspuffmessung verlassen“, sagt TUM-Präsident Prof. Thomas F. Hofmann. „Ich appelliere an Parlament und Rat, die laufende Überarbeitung des Automotive Package zu nutzen, um eine verpflichtende, verifizierte Lebenszyklus-Berichterstattung einzuführen. Die Zeit drängt und die wissenschaftlichen Erkenntnisse müssen in die Reformdebatte einfließen.“
Aus logistischer Sicht ist die Ausgangslage nach Ansicht von Prof. Johannes Fottner vom Lehrstuhl für Fördertechnik, Materialfluss und Logistik an der TUM besser, als es die aktuelle Regulierung erkennen lässt: „Beim Aufbau nachvollziehbarer Lieferketten für grünen Stahl und bei der Rückgewinnung von Materialien am Ende der Fahrzeuglebensdauer gibt es schon heute reale Fortschritte, die die aktuelle Regulierung schlicht nicht erfasst. Eine Regulierung, die das nicht anerkennt, gibt der Industrie keinen Anreiz, dieses Potenzial auch zu heben – obwohl sie längst dazu bereit ist.“
Eine Lebenszyklusanalyse sei auch kein regulatorisches Neuland, betont Prof. Magnus Fröhling vom TUM-Lehrstuhl für Circular Economy and Sustainability Assessment: „Mit der Ökodesign-Verordnung und dem CO₂-Grenzausgleichsmechanismus existieren dafür längst europäische Vorbilder. Entscheidend ist, dass ein neuer Standard auf einer leistungsbasierten Anrechnung aufbaut, die jede tatsächlich eingesparte Tonne fossilen Kohlenstoffs gleich behandelt – unabhängig davon, an welcher Stelle des Lebenszyklus sie eingespart wird – und zugleich auch praktisch operabel ist. Stahl bietet dafür schon heute die verlässlichste Datengrundlage und ist deshalb der richtige Ausgangspunkt.“
Prof. Tim Büthe vom Lehrstuhl für Internationale Beziehungen an der Hochschule für Politik München der TUM sieht Chancen für eine politische Einigung: „Der Streit zwischen den Fraktionen im Europäischen Parlament betrifft im Kern nicht, ob der Lebenszyklus eines Fahrzeugs regulatorisch erfasst werden soll, sondern wie verbindlich das geschehen soll. Diese Unterscheidung geht in der politischen Zuspitzung häufig verloren, sie ist aber entscheidend dafür, ob sich in den kommenden Monaten noch eine pragmatische Lösung finden lässt.“
Wissenschaftlicher Ansprechpartner:
Prof. Dr.-Ing. Johannes Fottner
Lehrstuhl für Fördertechnik Materialfluss Logistik
TUM School of Engineering and Design und TUM School of Management
Prof. Dr. Magnus Fröhling
Lehrstuhl für Circular Economy and Sustainability Assessment
TUM Campus Straubing für Biotechnologie und Nachhaltigkeit und TUM School of Management
Prof. Dr. Tim Büthe
Lehrstuhl für International Relations
Hochschule für Politik München an der TUM
TUM School of Social Sciences and Technology und TUM School of Management
Originalpublikation:
Technische Universität München (Hrsg.): „Defossilisation, Not Decarbonisation. Ein Weg zu einem neuen, lebenszyklusbasierten Standard für die CO₂-Regulierung von Pkw.“ White Paper, München, September 2026. DOI 10.14459/2026md1861116, https://mediatum.ub.tum.de/doc/1861151/1861151.pdf
Weitere Informationen:
https://mediatum.ub.tum.de/doc/1861152/1861152.pdf - Deutsches Executive Summary zum White Paper
https://www.picdrop.com/astrideckert/5un8st7zcj - Passwort: 7EPEWNF4, Credit: Astrid Eckert / TUM
https://transport.ec.europa.eu/transport-themes/action-plan-future-automotive-sector/automotive-package_en - Automotive Package der EU-Kommission
https://www.mission-networks.tum.de/circular-economy/startseite/ - Mission Network CirculaTUM",full,,trafilatura_full_text,https://nachrichten.idw-online.de/2026/09/01/tum-studie-zeigt-substanzielle-fehlsteuerung-der-eu-regulatorik-im-automobil-bereich,Informationsdienst Wissenschaft-idw,综合科技,无,2026-09-01T23:56:35+00:00,公共政策与社会治理 > 政策法规 > 监管、标准与合规,公共政策与社会治理,监管、标准与合规,"[{""path"":[""公共政策与社会治理"",""政策法规"",""监管、标准与合规""],""path_text"":""公共政策与社会治理 > 政策法规 > 监管、标准与合规"",""confidence"":0.9,""reason"":""核心是研究揭示欧盟汽车领域气候监管法规的重大偏差。""},{""path"":[""公共政策与社会治理"",""政策法规"",""产业与能源政策""],""path_text"":""公共政策与社会治理 > 政策法规 > 产业与能源政策"",""confidence"":0.7,""reason"":""涉及欧盟气候政策对汽车电动化减排效果的评估。""}]",classified,2026-09-02T00:18:16.932038+00:00,glm-5.2,2026-08-14,
Flexible Gehirnimplantate für mehr Lebensqualität mit Parkinson,2026-09-01,"Flexible Gehirnimplantate für mehr Lebensqualität mit Parkinson
Hinweis zur Verwendung von Bildmaterial: Die Verwendung des Bildmaterials zur Pressemitteilung ist bei Nennung der Quelle vergütungsfrei gestattet. Das Bildmaterial darf nur in Zusammenhang mit dem Inhalt dieser Pressemitteilung verwendet werden. Falls Sie das Bild in höherer Auflösung benötigen oder Rückfragen zur Weiterverwendung haben, wenden Sie sich bitte direkt an die Pressestelle, die es veröffentlicht hat.
Das Herzschrittmacher-Implantat ist flexibel und passt sich der Form des Gehirns an. Das erhöht den Tragekomfort deutlich.
| Copyright:
Fraunhofer IZM
Download
Gemeinsam mit europäischen Partnern arbeitete das Fraunhofer IZM an der Entwicklung hochintegrierter, flexibler Gehirnimplantate. Ziel war eine neue, minimalinvasive Lösung für die Behandlung neurologischer Leiden wie Parkinson. Erkrankte profitieren von einem erhöhten Tragekomfort und einer weniger aufwendigen Operation.
Neurologische Erkrankungen wie Parkinson nehmen in den letzten 25 Jahren stetig zu. Eine
solche Erkrankung stellt sowohl für die Patient*innen als auch für deren Angehörige eine
erhebliche Belastung dar. Die Medizin steht ihnen jedoch nicht hilflos gegenüber: Als
vielversprechender Behandlungsansatz hat sich die Tiefe Hirnstimulation (THS) etabliert. Dazu werden Elektroden in das Gehirn implantiert. Ihre Anregung erfolgt durch einen Impulsgeber, der im Oberkörper sitzt, umgangssprachlich »Hirnschrittmacher« genannt.
Ein Hirnschrittmacher hat sich als wirksame Therapie bewährt, etwa bei Zwangsstörungen
und dem Tremor, der bei Parkinson oder Multipler Sklerose auftritt. Die dafür notwendigen
Implantate bringen für Patient*innen jedoch erhebliche Belastungen mit sich. Zudem müssen
aktuelle Lösungen mit zwei Elektroden auskommen, was die Genauigkeit der Stimulation
einschränkt.
Als Alternative haben Forschende aus ganz Europa im Projekt MINIGRAPH ein Implantat
entwickelt, das das ganze THS-System in einem einzelnen Päckchen vereint.
Innovative Verfahren für das Implantat
Dessen Herzstück ist eine eigens designte anwendungsspezifische integrierte Schaltung
(ASIC), die die bidirektionale Kommunikation mit dem Nervengewebe ermöglicht. Die
Verbindung stellen Mikroelektroden aus Graphen her. Mit insgesamt 256 aufnehmenden und
32 stimulierende Elektroden wird die Auflösung, also die Genauigkeit der Stimulation deutlich
verbessert. Zudem ermöglicht das Material höhere Ströme und kann damit einem
Toleranzaufbau entgegenwirken.
Das Implantat verzichtet auf die bisher notwendigen langen Verbindungswege von den
Elektroden im Gehirn zum Impulsgeber im Oberkörper, denn das gesamte Implantat wird auf
einem einzigen 200-mm-Wafersubstrat hergestellt.
Bei dessen Aufbau konnte das Fraunhofer-Institut für Zuverlässigkeit und Mikrointegration
IZM einige innovative technologische Ansätze unter Beweis stellen: Dafür schufen die
Forschenden eine zweilagige Umverdrahtung mit einem Leitungsabstand von lediglich 10
Mikrometern. Die Verbindungen zwischen den Schichten sind sogar noch kleiner und wurden
in 10 Mikrometer dickem biokompatiblem Polyimid durch Laserablation hergestellt. Um den
ASIC und die Kapazitäten platzieren zu können, stellten die Forschenden auf der zweilagigen
Umverdrahtung anschließend Kontaktpads aus nanoporösem Gold her, welches ein thermisches Kompressionsverfahren bei 100 statt wie üblich bei 300 Grad Celsius ermöglicht.
Der Clou: Die hochempfindlichen Graphenelektroden werden erst nach dem Herstellen des
nanoporösen Golds beim Projektpartner ICN2 in einem Split-Manufacturing-Verfahren
abgeschieden, weil ein bei der Herstellung des nanoporösen Golds notwendiger Ätzschritt die
Graphenelektroden sonst beschädigen würde. Geschützt wird die Elektronik durch eine
Barriereschicht aus einem biokompatiblen Parylene und einem Aluminiumoxid-Aufbau.
Das Ergebnis kann sich sehen lassen: Nach dem Dünnen sind der ASIC und die insgesamt 17 Kapazitäten 70 Mikrometer und das gesamte Implantat nur 100 Mikrometer dünn. Hierdurch bleibt das gesamte Implantat flexibel und passt sich der Form des Gehirns an.
Zudem konnten die Forschenden am Fraunhofer IZM gemeinsam mit den Forschenden am
ICN2 erstmals zeigen, dass sie Graphen auf mikrometerdünnem Gold abscheiden und
strukturieren können. Zur Einbringung des Implantats entwickelten die Projektpartner zudem
ein minimalinvasives, robotergestütztes Implantationsverfahren, das schneller und
unkomplizierter als die bisher übliche zweistufige Operation durchgeführt wird.
Über das Projekt:
Das Projekt MINIGRAPH (Minimally Invasive Neuromodulation Implant and implantation
procedure based on ground-breaking GRAPHene technology for treating brain disorders) lief
vom 1.10.2022 bis zum 30.06.2026 und wurde im Rahmen des Förderprogramms Horizon
Europe von der Europäischen Union gefördert. Naben dem Fraunhofer IZM waren folgende
Partner an dem Projekt beteiligt: Catalan Institute of Nanoscience and Nanotechnology
(Projektkoordination), INBRAIN Neuroelectronics, IMEC, Fraunhofer IZM, Multi-Scale Robotics Lab, Nanoflex Robotics AG, Leiden University Medical Center, Czech Advanced Technology and Research Institute.
(Text: Steffen Schindler)
Originalpublikation:
https://www.izm.fraunhofer.de/de/news_events/tech_news/minigraph.html
Ähnliche Pressemitteilungen im idw",full,,dom_or_structured_full_text,https://nachrichten.idw-online.de/2026/09/01/flexible-gehirnimplantate-fuer-mehr-lebensqualitaet-mit-parkinson,Informationsdienst Wissenschaft-idw,综合科技,无,2026-09-01T23:56:37+00:00,AI与智能科技 > 其它智能科技 > 脑机接口,AI与智能科技,脑机接口,"[{""path"":[""AI与智能科技"",""其它智能科技"",""脑机接口""],""path_text"":""AI与智能科技 > 其它智能科技 > 脑机接口"",""confidence"":0.95,""reason"":""柔性脑植入物用于帕金森等神经疾病治疗，属脑机接口设备研发。""},{""path"":[""生命科学与健康"",""医学与健康"",""临床医学与公共健康""],""path_text"":""生命科学与健康 > 医学与健康 > 临床医学与公共健康"",""confidence"":0.7,""reason"":""核心应用是帕金森等神经疾病的治疗方案。""}]",classified,2026-09-02T00:18:24.048043+00:00,glm-5.2,2026-08-14,
"„HAW-direkt“: Forschungsprojekt „KI-gestütztes Campus-, Gebäude- und Energiemanagement“ erhält Förderung des Landes",2026-09-01,"„HAW-direkt“: Forschungsprojekt „KI-gestütztes Campus-, Gebäude- und Energiemanagement“ erhält Förderung des Landes
Hinweis zur Verwendung von Bildmaterial: Die Verwendung des Bildmaterials zur Pressemitteilung ist bei Nennung der Quelle vergütungsfrei gestattet. Das Bildmaterial darf nur in Zusammenhang mit dem Inhalt dieser Pressemitteilung verwendet werden. Falls Sie das Bild in höherer Auflösung benötigen oder Rückfragen zur Weiterverwendung haben, wenden Sie sich bitte direkt an die Pressestelle, die es veröffentlicht hat.
Gebäude C der HWG LU
| Quelle:
Wassmann
| Copyright:
Download
Im Rahmen des Förderprogramms „HAW-direkt“ des Landes Rheinland-Pfalz erhält die HWG LU finanzielle Mittel zur Erweiterung des Forschungsprojektes „KI-gestütztes Campus-, Gebäude- und Energiemanagement“, kurz KICaGEM. Mit den Fördermitteln wird ein zusätzlicher Geräteverbund – u.a. sogenannte Remote Control Units und zwei Wetterstationen – angeschafft mit dem Ziel, das Gebäude- und Energiemanagement der Hochschule noch effizienter zu gestalten und die Forschungskompetenz der HWG LU in den Bereichen „Digitalisierung“ und „Nachhaltigkeit“ weiter zu stärken.
Im Rahmen des Förderprogramms „HAW-direkt“ des Landes Rheinland-Pfalz erhält die Hochschule für Wirtschaft und Gesellschaft Ludwigshafen (HWG LU) finanzielle Mittel zur Erweiterung des Forschungsprojektes „KI-gestütztes Campus-, Gebäude- und Energiemanagement“, kurz KICaGEM. Das ursprünglich von 2023 bis 2025 durchgeführte Forschungsprojekt fokussierte den Aufbau eines intelligenten Systems zur Erfassung und Analyse von Energie- und Raumklimadaten, das auf Kommunikationstechnologien des Internets der Dinge, insbesondere der Funktechnologie „Long Range Wide Area Network (LoRaWAN)“, sowie auf Methoden der Künstlichen Intelligenz basiert. Ziel war es, das Gebäude- und Energiemanagement des Hochschulcampus in der Ernst-Boehe-Straße in Ludwigshafen effizienter zu gestalten und die Forschungskompetenz der Hochschule in den Bereichen „Digitalisierung“ und „Nachhaltigkeit“ zu stärken.
Zur Vertiefung und Erweiterung der bisherigen Forschungstätigkeiten wird durch die neuen Fördermittel des „HAW direkt“-Programms ein zusätzlicher Geräteverbund angeschafft, um die bisherige Forschungs-Systemlandschaft weiter auszubauen. Unter anderem handelt es sich um sogenannte Remote Control Units, mit deren Hilfe Daten von der Gebäudeleittechnik des neuen Hochschulgebäudes C gesammelt und in das bestehende System integriert werden können. Des Weiteren ist die Installation zweier Wetterstationen auf dem Hochschulcampus in der Ernst-Boehe-Straße und im zur Hochschule zugehörigen Ostasieninstitut (OAI), das direkt am Rhein gelegen ist, geplant. Mit Hilfe der Wetterstationen sollen lokale, standortbezogene Klimadaten in Echtzeit erfasst werden. So lassen sich die bisherigen KI-gestützten Raumklimaanalysen durch die Berücksichtigung externer Umweltfaktoren weiter verbessern. Darüber hinaus ist die Installation zusätzlicher Energiezähler und Sensoren im OAI vorgesehen, mit denen Raumklima und Energieverbräuche in den Hörsälen an diesem bislang nicht integrierten Hochschulstandort erfasst werden können. Auch die KI-gestützten Datenanalysen können so auf diesen Standort ausgedehnt werden.
Durch die Erweiterung der Forschungs-Systemlandschaft werden neue Forschungsergebnisse erwartet, die als Referenz für Transferprojekte mit öffentlichen Liegenschaften oder Unternehmen zur Konzeptionierung und Implementierung von intelligenten, maßgeschneiderten Campusnetzen dienen können.
Zum Hintergrund:
Das Förderprogramm „HAW-direkt“ richtet sich gezielt an die staatlichen Hochschulen für angewandte Wissenschaften (HAW). Beantragt werden konnten Mittel zur projektbezogenen Beschaffung von Geräten für Forschungsvorhaben, die einen spezifischen Beitrag zu den gesellschaftlich wichtigen Bereichen Gesundheit, Digitalisierung, Nachhaltigkeit oder insbesondere zu einem der landespolitischen Schwerpunktthemen Biotechnologie, Künstliche Intelligenz oder Wasserstofftechnologien leisten.
Alle sieben HAW des Landes erhalten von Juli 2026 bis Ende Dezember 2026 insgesamt rund eine Million Euro im Rahmen des Förderprogramms „HAW-direkt“ für den Auf- und Ausbau ihrer Forschungskapazitäten in den Kompetenzfeldern Gesundheit, Digitalisierung und Nachhaltigkeit. Die Landesförderung, insgesamt werden 17 Maßnahmen gezielt unterstützt, soll die HAW darüber hinaus im Wettbewerb um Drittmittel und für erfolgreiche Beteiligungen an Förderprogrammen stärken, beispielsweise an den HAW-Förderprogrammen der Deutsche Forschungsgemeinschaft (DFG), an den EU-Förderprogrammen oder den Förderprogrammen der Bundesministerien, insbesondere des Bundesministeriums für Forschung, Technologie und Raumfahrt (BMFTR).
Weitere Informationen:
https://mwwg.rlp.de/service/pressemitteilungen/detail/wissenschaftsminister-clemens-hoch-haw-direkt-hochschulen-fuer-angewandte-wissenschaften-erhalten-auch-2026-rund-eine-million-euro-fuer-ausbau-der-forschungskapazitaeten
Pressemitteilung des MWWG RLP zum Thema
Ähnliche Pressemitteilungen im idw",full,,dom_or_structured_full_text,https://nachrichten.idw-online.de/2026/09/01/haw-direkt-forschungsprojekt-ki-gestuetztes-campus-gebaeude-und-energiemanagement-erhaelt-foerderung-des-landes,Informationsdienst Wissenschaft-idw,综合科技,无,2026-09-01T23:56:39+00:00,公共政策与社会治理 > 科教与人才 > 科研管理与学术活动,公共政策与社会治理,科研管理与学术活动,"[{""path"":[""公共政策与社会治理"",""科教与人才"",""科研管理与学术活动""],""path_text"":""公共政策与社会治理 > 科教与人才 > 科研管理与学术活动"",""confidence"":0.85,""reason"":""核心事件是高校研究项目获得州科研经费资助。""}]",classified,2026-09-02T00:18:24.048043+00:00,glm-5.2,2026-08-14,
Neues KI-Rechenzentrum am KIT,2026-09-01,"Neues KI-Rechenzentrum am KIT
Hinweis zur Verwendung von Bildmaterial: Die Verwendung des Bildmaterials zur Pressemitteilung ist bei Nennung der Quelle vergütungsfrei gestattet. Das Bildmaterial darf nur in Zusammenhang mit dem Inhalt dieser Pressemitteilung verwendet werden. Falls Sie das Bild in höherer Auflösung benötigen oder Rückfragen zur Weiterverwendung haben, wenden Sie sich bitte direkt an die Pressestelle, die es veröffentlicht hat.
Im neuen modular aufgebauten Rechenzentrum ermöglichen Hochleistungsverbindungsleitungen die Vernetzung zahlreicher Systeme. (Foto: Andreas Drollinger)
| Quelle:
Andreas Drollinger
| Copyright:
Andreas Drollinger
Download
Ein neues Rechenzentrum für Künstliche Intelligenz (KI) und wissenschaftliches Rechnen baut das Karlsruher Institut für Technologie (KIT). Es soll Forschenden, Hochschulen und öffentlichen Einrichtungen in ganz Baden-Württemberg eine noch leistungsfähigere digitale Infrastruktur bieten und so die digitale Souveränität des Landes stärken. Durch Nutzung der Abwärme leistet es gleichzeitig einen Beitrag zum Klimaschutz. Der Bund und das Land Baden-Württemberg fördern das Vorhaben mit 24 Millionen Euro.
Die Forschung in der Medizin, an umweltschonender Energieversorgung oder modernen KI-Anwendungen erfordert enorme Rechenkapazitäten. Gleichzeitig steigen die Anforderungen an den energieeffizienten Betrieb von Rechenzentren. Mit dem Bau eines neuen Rechenzentrums schafft das KIT jetzt die Voraussetzungen, um den wachsenden Bedarf an Rechenleistung zu decken und gleichzeitig die digitale Infrastruktur nachhaltiger zu gestalten.
„Digitalisierung und Nachhaltigkeit gehören für uns zusammen“, sagt Professorin Kora Kristof, Vizepräsidentin Digitalisierung und Nachhaltigkeit des KIT. „Mit dem neuen Rechenzentrum schaffen wir die Grundlage für die Forschung und KI-Anwendungen der Zukunft. Gleichzeitig nutzen wir die entstehende Abwärme, um Gebäude auf dem Campus zu beheizen und optimieren den Betrieb des Rechenzentrums nach Nachhaltigkeitskriterien. So stärken wir die digitale Infrastruktur und treiben die Defossilisierung des KIT sowie andere Nachhaltigkeitsaspekte weiter voran.“
Infrastruktur wächst mit dem Bedarf
„Leistungsfähige Rechenzentren sind Voraussetzung für viele wissenschaftliche Durchbrüche und für den erfolgreichen Einsatz Künstlicher Intelligenz“, sagt Professor Martin Frank, Direktor des Scientific Computing Center (SCC) am KIT. „Ob bei der Entwicklung neuer Medikamente, der Erforschung des Klimawandels oder der Gestaltung nachhaltiger Energiesysteme: Ohne große Rechenkapazitäten lassen sich viele Herausforderungen nicht bewältigen.“
Die Anlage soll zunächst eine elektrische Leistung von rund zwei Megawatt haben. Diese Rechenleistung ermöglicht es, mehrere große wissenschaftliche Simulationen und KI-Anwendungen parallel zu betreiben. Dank modularer Bauweise und eines Stromanschlusses von bis zu zehn Megawatt kann die Rechenkapazität bei steigendem Bedarf erweitert werden.
Mehr Auslastung, weniger Leerlauf: Tags KI, nachts Simulationen
„Rechenleistung ist eine wertvolle Ressource. Unser Ziel ist deshalb ein System, das gewissermaßen mit dem Bedarf atmet“, sagt Dr. Martin Nußbaumer, ebenfalls Direktor des SCC am KIT. „Tagsüber stellt es mehr Kapazitäten für KI-Anwendungen bereit, wenn diese besonders gefragt sind. Nachts nutzt es dieselbe Infrastruktur für rechenintensive Simulationen, etwa in der Klimaforschung. So vermeiden wir ungenutzte Kapazitäten und stärken gleichzeitig mit einem gut ausgebauten KI-Angebot die digitale Souveränität durch eine intelligente Nutzung vorhandener Ressourcen.“
Das Rechenzentrum entsteht in unmittelbarer Nähe zum Blockheizkraftwerk auf dem Campus Nord des KIT. Die bei den Rechnern entstehende Wärme soll über Wärmepumpen in das Wärmenetz des Campus eingespeist werden. Auf diese Weise kann das Rechenzentrum künftig einen großen Teil des Wärmebedarfs der Gebäude dort decken und den Einsatz fossiler Energieträger reduzieren.
Die Bauarbeiten sollen schnellstmöglich beginnen und spätestens Ende 2029 abgeschlossen sein. Die ersten Rechner sollen 2030 in Betrieb gehen. Sie ersetzen dann bestehende Systeme des KIT und schaffen zusätzliche Kapazitäten für datenintensive Forschung.
Das Vorhaben mit geschätzten Gesamtkosten von 24 Millionen Euro für den Bau ist Teil der Schnellbauinitiative des Bundes, mit der wichtige Infrastrukturprojekte für Wissenschaft, Digitalisierung und Innovation deutlich schneller als bisher umgesetzt werden sollen.
Im Dialog mit der Gesellschaft entwickelt das KIT Lösungen für große Herausforderungen – von Klimawandel, Energiewende und nachhaltigem Umgang mit natürlichen Ressourcen bis hin zu Künstlicher Intelligenz, technologischer Souveränität und demografischem Wandel. Als Die Universität in der Helmholtz-Gemeinschaft vereint das KIT wissenschaftliche Exzellenz vom Erkenntnisgewinn bis zur Anwendungsorientierung unter einem Dach – und ist damit in einer einzigartigen Position, diese Transformation voranzutreiben. Damit bietet das KIT als Exzellenzuniversität seinen mehr als 10 000 Mitarbeitenden sowie seinen 23 000 Studierenden herausragende Möglichkeiten, eine nachhaltige und resiliente Zukunft zu gestalten. KIT – Science for Impact.
Ähnliche Pressemitteilungen im idw",full,,dom_or_structured_full_text,https://nachrichten.idw-online.de/2026/09/01/neues-ki-rechenzentrum-am-kit,Informationsdienst Wissenschaft-idw,综合科技,无,2026-09-01T23:56:41+00:00,AI与智能科技 > AI硬件层 > 数据中心,AI与智能科技,数据中心,"[{""path"":[""AI与智能科技"",""AI硬件层"",""数据中心""],""path_text"":""AI与智能科技 > AI硬件层 > 数据中心"",""confidence"":0.93,""reason"":""核心事件是KIT新建AI与科学计算用数据中心。""}]",classified,2026-09-02T00:18:24.048043+00:00,glm-5.2,2026-08-14,
Cybersicherheitsforschung im Pixi-Format,2026-09-01,"Cybersicherheitsforschung im Pixi-Format
Hinweis zur Verwendung von Bildmaterial: Die Verwendung des Bildmaterials zur Pressemitteilung ist bei Nennung der Quelle vergütungsfrei gestattet. Das Bildmaterial darf nur in Zusammenhang mit dem Inhalt dieser Pressemitteilung verwendet werden. Falls Sie das Bild in höherer Auflösung benötigen oder Rückfragen zur Weiterverwendung haben, wenden Sie sich bitte direkt an die Pressestelle, die es veröffentlicht hat.
Haya ist Cybersicherheitsforscherin
| Copyright:
2026 Carlsen K – die Agentur für Kindermedien, Carlsen Verlag GmbH
Download
Hinweis zur Verwendung von Bildmaterial: Die Verwendung des Bildmaterials zur Pressemitteilung ist bei Nennung der Quelle vergütungsfrei gestattet. Das Bildmaterial darf nur in Zusammenhang mit dem Inhalt dieser Pressemitteilung verwendet werden. Falls Sie das Bild in höherer Auflösung benötigen oder Rückfragen zur Weiterverwendung haben, wenden Sie sich bitte direkt an die Pressestelle, die es veröffentlicht hat.
Sarah ist IT-Rechtsforscherin
| Copyright:
2026 Carlsen K – die Agentur für Kindermedien, Carlsen Verlag GmbH
Download
Wie sieht der Alltag einer Cybersicherheitsforscherin aus? Und was macht man eigentlich als Wissenschaftlerin in IT-Recht? Zwei neue Pixi-Bücher erklären diese Forschungsfelder anschaulich für Kinder im Grundschulalter. Ideengeber für die Geschichten im Mini-Format ist das Nationale Forschungszentrum für angewandte Cybersicherheit ATHENE in Darmstadt. Hier können Lehrerinnen und Lehrer die Bücher kostenlos im Klassensatz für (Grund-)Schulen bestellen. Mehr Infos und Bestellmöglichkeit sowie kostenfreie Unterrichtsplanung und -Materialien gibt es unter
https://www.athene-center.de/u18/pixi
Darmstadt, 01.09.2026. Was passiert mit meinen Handy-Fotos, wenn ich sie über einen Messengerdienst verschicke? Und was geschieht bei einem IT-Angriff, beispielsweise, wenn Stadtwerke angegriffen werden? Diese und andere Fragen zu den Themen Datenschutz und Cybersicherheit beantworten zwei neue Pixi-Bücher des Carlsen-Verlags aus der Reihe ""Pixi Wissen "": ""Haya ist Cybersicherheitsforscherin"" und ""Sarah ist IT-Rechtsforscherin"" auf jeweils 17 Seiten.
Cybersicherheitsforscherin Haya gibt Vorlesungen an der Uni, sucht mit ihrem Team nach IT-Schwachstellen, entwickelt Sicherheitsupdates, simuliert Angriffe auf firmeninterne Netzwerke, schreibt wissenschaftliche Beiträge und hält Vorträge auf Konferenzen. IT-Rechtsforscherin Sarah erklärt, welche Daten von Computern gesammelt werden und wozu Datenschutz im Alltag gut ist. Außerdem beschreibt sie ein Experiment zu Datenschutz, das sie durchgeführt hat, und berichtet über Dienstreisen und die Arbeit im Home Office.
Reale Forscherinnen als Hauptfiguren
Die Hauptfiguren Sarah und Haya haben reale Vorbilder, die bei ATHENE beschäftigt sind. Die Bücher beschreiben anschaulich die Inhalte ihrer Forschung, aber auch, wie Sarah und Haya ihren anspruchsvollen Arbeitsalltag mit Familie organisieren. Außerdem wird erklärt, wie man bei Interesse selbst in die Wissenschaft einsteigen kann. Die Inhalte beider Bücher haben ATHENE-Forschende gemeinsam mit zwei Autorinnen und dem Illustrationsteam des Carlsen-Verlags erarbeitet.
""Die Idee dahinter war, dass wir konkrete Vorbilder aus der Welt der Informatik in die Kinderzimmer und Grundschulen bringen wollten"", erklärt Dr. Dr. Annika Selzer, Forschungsbereichskoordinatorin am ATHENE-Forschungszentrum und Initiatorin der Kooperation mit dem Carlsen-Verlag. Damit wolle man zeigen, dass technisch anspruchsvolle Berufe attraktiv sind und auch als Frau, auch mit Familie, ausgefüllt werden könnten.
Bestellmöglichkeiten und kostenfreies Unterrichtsmaterial
Die beiden Mini-Bücher richten sich an Kinder im Grundschulalter, von ca. 8 bis 11 Jahren. Sie können als Klassensatz von Lehrerinnen und Lehrern kostenfrei bestellt werden. Lehrkräfte, die die Bücher bestellen, tragen außerdem mit der Teilnahme an einer wissenschaftlichen Umfrage dazu bei, die ATHENE-Datenschutzforschung weiterzubringen:
https://www.athene-center.de/u18/pixi
. Begleitend zu den Büchern gibt es kostenfreies Unterrichtsmaterial, wie eine Sach- und didaktische Analyse, Unterrichtsplanungsskizzen sowie Arbeitsblätter mit Aufgaben.
Über ATHENE
Das Nationale Forschungszentrum für angewandte Cybersicherheit ATHENE ist das größte Forschungszentrum für Cybersicherheit in Europa. ATHENE ist ein Forschungszentrum der Fraunhofer-Gesellschaft unter Mitwirkung der Fraunhofer-Institute SIT und IGD sowie der TU Darmstadt, der Goethe-Universität Frankfurt und der Hochschule Darmstadt. Das Zentrum hat seinen Hauptsitz in der Wissenschaftsstadt Darmstadt und wird gefördert vom Bundesministerium für Forschung, Technologie und Raumfahrt (BMFTR) und vom Hessischen Ministerium für Wissenschaft und Forschung, Kunst und Kultur (HMWK).
Mehr über ATHENE unter
https://www.athene-center.de/
Wissenschaftlicher Ansprechpartner:
Dr. Dr. Annika Selzer
Ähnliche Pressemitteilungen im idw",full,,dom_or_structured_full_text,https://nachrichten.idw-online.de/2026/09/01/cybersicherheitsforschung-im-pixi-format,Informationsdienst Wissenschaft-idw,综合科技,无,2026-09-01T23:56:43+00:00,公共政策与社会治理 > 科教与人才 > 教育与人才发展,公共政策与社会治理,教育与人才发展,"[{""path"":[""公共政策与社会治理"",""科教与人才"",""教育与人才发展""],""path_text"":""公共政策与社会治理 > 科教与人才 > 教育与人才发展"",""confidence"":0.85,""reason"":""核心是以儿童读物形式开展网络安全职业的科学传播与人才启蒙。""}]",classified,2026-09-02T00:18:24.048043+00:00,glm-5.2,2026-08-14,
Präzise Charakterisierung von Schwarzmassen als Schlüssel für effizientes Batterie Recycling,2026-09-01,"Präzise Charakterisierung von Schwarzmassen als Schlüssel für effizientes Batterie Recycling
Hinweis zur Verwendung von Bildmaterial: Die Verwendung des Bildmaterials zur Pressemitteilung ist bei Nennung der Quelle vergütungsfrei gestattet. Das Bildmaterial darf nur in Zusammenhang mit dem Inhalt dieser Pressemitteilung verwendet werden. Falls Sie das Bild in höherer Auflösung benötigen oder Rückfragen zur Weiterverwendung haben, wenden Sie sich bitte direkt an die Pressestelle, die es veröffentlicht hat.
Das Projetteam SHERLOCK beim 1.Konsortialtreffen am Öko-Institut e.V. in Darmstadt
| Quelle:
Johannes Klinge
| Copyright:
Öko-Institut e. V.
Download
Hinweis zur Verwendung von Bildmaterial: Die Verwendung des Bildmaterials zur Pressemitteilung ist bei Nennung der Quelle vergütungsfrei gestattet. Das Bildmaterial darf nur in Zusammenhang mit dem Inhalt dieser Pressemitteilung verwendet werden. Falls Sie das Bild in höherer Auflösung benötigen oder Rückfragen zur Weiterverwendung haben, wenden Sie sich bitte direkt an die Pressestelle, die es veröffentlicht hat.
Verlässliche Analyse und Bewertung von Batterie-Rezyklaten für einen effizienten Materialkreislauf in der Batterieproduktion
| Quelle:
K. Selsam
| Copyright:
Fraunhofer ISC
Download
Die aktuelle EU-Batterieverordnung schreibt ambitionierte Recycling-Quoten vor. Zentrale Voraussetzungen für effizientes Batterierecycling sind jedoch intelligente Recyclingprozesse, die verlässliche Bewertung und die hochwertige Aufbereitung von Recyclingmaterialien aus Lithium-Ionen-Batterien. Mit dem Projekt SHERLOCK startete nun ein Forschungsvorhaben, das diese Herausforderungen angehen will, ein weiterer Baustein auf dem Weg zu einer wirtschaftlichen und nachhaltigen Kreislaufführung von Batterien.
Angesichts begrenzter Ressourcenverfügbarkeit und steigender regulatorischer Anforderungen gewinnt das Batterierecycling weiter an Bedeutung. Für deutsche und europäische Elektromobilitäts-Anbieter ist eine resiliente, nachhaltige Wertschöpfungskette entscheidend.
Neben leistungsfähigen Recyclingverfahren rückt dabei insbesondere die analytisch belastbare Charakterisierung von Prozesszwischenprodukten in den Fokus. Ein solches zentrales Zwischenprodukt ist die sogenannte Schwarzmasse. Das feinkörnige Material enthält wertvolle Elemente wie Lithium, Nickel, Kobalt und Graphit, seine Zusammensetzung variiert jedoch stark in Abhängigkeit von Batterietyp, Alterungszustand, Nutzungshistorie und Recyclingprozess. Diese Variabilität sowie vorhandene Verunreinigungen erschweren bislang die Weiterverarbeitung und können zu Effizienzverlusten oder Qualitätseinbußen bei Rezyklaten führen.
Entwicklung standardisierter Güteklassen für Recyclingprodukt »Schwarzmasse«
Hier setzt SHERLOCK an: Das Projekt entwickelt neue Analyse- und Charakterisierungsmethoden, die eine präzise und reproduzierbare Bewertung von Schwarzmassen ermöglichen. Ziel ist es, standardisierte Güteklassen zu definieren und konkrete Empfehlungen für nachgelagerte Recyclingprozesse abzuleiten. Grundlage der Arbeiten sind sowohl reale industrielle Schwarzmassen als auch gezielt hergestellte Modellmaterialien mit definierten Eigenschaften. Sie ermöglichen es, die Auswirkungen spezifischer Verunreinigungen systematisch zu untersuchen und analytische Verfahren gezielt zu validieren.
Ein besonderer Fokus liegt auf der Untersuchung der Einflüsse von Störstoffen auf direkte und hydrometallurgische Recyclingverfahren. Daraus entsteht ein umfassender Kriterienkatalog zur Bewertung von Schwarzmassen, der künftig eine prozessoptimierte Auswahl von Recyclingpfaden erlaubt. Parallel werden neue Verfahren zur gezielten Entfernung von Verunreinigungen entwickelt, um die Qualität der zurückgewonnenen Rohstoffe signifikant zu steigern.
Innovative Analysemethoden spielen dabei eine zentrale Rolle. Neben etablierten Verfahren wie Synchrotron-Röntgenfluoreszenzanalyse (SR-XRF), Totalreflexions-Röntgenfluoreszenzanalyse (TXRF) und Optische Emissionsspektrometrie bzw. Massenspektrometrie mit induktiv gekoppeltem Plasma (ICP-OES/MS) werden im Projekt unter anderem zeitbereichsbasierte Kernspinresonanz (TD-NMR), Magnetpartikelspektroskopie (MPS/COMPASS) sowie die laserinduzierte Plasmaspektroskopie (LIBS) eingesetzt. Diese Methoden ermöglichen eine detaillierte Charakterisierung struktureller, magnetischer und chemischer Eigenschaften von Schwarzmassen und liefern wertvolle Informationen zur Zusammensetzung, Reinheit, Heterogenität und zum Gefährdungspotenzial von Schwarzmassen. Dadurch können Materialströme gezielter klassifiziert, sicherheitstechnisch bewertet und einer hochwertigen Weiterverarbeitung zugeführt werden.
Übertragbare und skalierbare Methodik
Als wesentliches Projektergebnis wird eine technische Spezifikation erarbeitet, die standardisierte Richtlinien für Probenvorbereitung, Kalibrierungsstrategien und Messbedingungen definiert. Damit schafft SHERLOCK die Grundlage für eine übertragbare und industriell skalierbare Analytik, die sowohl in Forschungslaboren als auch in der Praxis zuverlässig eingesetzt werden kann. Diese Spezifikation soll auch in DIN- und ISO-Normungsausschüsse eingebracht werden.
Darüber hinaus bewertet das Projekt das Potenzial hybrider Recyclingprozessketten, die direkte und hydrometallurgische Ansätze gezielt kombinieren. Ziel ist es, Synergien zu nutzen und die Effizienz der Materialrückgewinnung weiter zu steigern.
Starkes Konsortium entlang der Wertschöpfungskette
Am Projekt beteiligt sind die Universität Münster (MEET Batterieforschungszentrum), die Physikalisch-Technische Bundesanstalt (Berlin), die Bundesanstalt für Materialforschung und -prüfung (Berlin), das Fraunhofer-Institut für Silicatforschung (Würzburg), das Öko-Institut e.V. (Darmstadt) sowie die Industriepartner Pure Devices GmbH und phase VISION GmbH (beide Rimpar). Unterstützt wird das Konsortium durch assoziierte Partner aus der Recyclingbranche, die das Projekt mit Schwarzmassen aus deren Recyclingprozessen versorgen und das Projekt thematisch beratend unterstützen.
Mit SHERLOCK wird ein entscheidender Schritt hin zu einer datengetriebenen, qualitätsgesicherten Kreislaufwirtschaft im Batterierecycling ermöglicht. Und auch zur Reduktion von Treibhausgasemissionen um bis zu 25 Prozent können der optimierte Recyclingprozess und die effiziente Rückführung von Sekundärrohstoffen in den Produktionskreislauf beitragen. Das Projekt stärkt die technologische Souveränität der Industrie und leistet einen wichtigen Beitrag zur nachhaltigen Transformation der Elektromobilität.
Projektinformation
SHERLOCK - Systematische und hochpräzise Evaluierung von Schwarzmassen aus dem Recycling von Lithium-Ionen-Batterien sowie Aufbereitung für eine optimierte und clevere Kreislaufführung
Förderkennzeichen: FKZ 03XPB043A-G
Laufzeit: 04/2026 – 03/2029
Projektvolumen: 2.652 T€
Partner: Pure Devices GmbH (Projektkoordination), phase VISION GmbH, Universität Münster - MEET Batterieforschungszentrum, Öko-Institut e.V., Physikalisch-Technische Bundesanstalt, Bundesanstalt für Materialforschung und -prüfung, Fraunhofer ISC (Co-Koordination)
Über das Fraunhofer ISC und die Fraunhofer-Gesellschaft
Materialwissen ist entscheidend für nachhaltige Produktinnovationen. Das Fraunhofer-Institut für Silicatforschung ISC in Würzburg konzentriert sich auf chemische Materialforschung und entwickelt Lösungen für nachhaltige Materialien sowie ressourcenschonende Herstellungs- und Verarbeitungsprozesse. Ein besonderer Fokus liegt auf der Entwicklung nachhaltiger Batteriematerialien und Recyclingverfahren. Dazu zählen insbesondere die funktionserhaltende Rückgewinnung von Batteriematerialien und die Entwicklung effizienter Prozesse für eine zukunftsfähige Kreislaufwirtschaft. Mit dem Fraunhofer-Forschungszentrum für Elektromobilität Bayern FZEB verfügt es über eine der größten Batterie-Forschungsgruppen innerhalb der Fraunhofer-Gesellschaft.
Die Fraunhofer-Gesellschaft ist eine der führenden Organisationen für anwendungsorientierte Forschung mit Forschungsschwerpunkten in zukunftsrelevanten Schlüsseltechnologien und dem Transfer von Forschungsergebnissen in die Industrie zur Stärkung unseres Wirtschaftsstandorts und zum Wohle unserer Gesellschaft. Die 1949 gegründete Organisation betreibt in Deutschland derzeit 74 Institute und Forschungseinrichtungen. Die rund 30 000 Mitarbeitenden, überwiegend mit natur- oder ingenieurwissenschaftlicher Ausbildung, erarbeiten das jährliche Finanzvolumen von 3,6 Mrd. €. Davon fallen 3,2 Mrd. € auf den Bereich Vertragsforschung.
Weitere Informationen:
https://www.isc.fraunhofer.de/de/presse-und-medien/presseinformationen/projektstart-sherlock-batterierecycling.html
Ähnliche Pressemitteilungen im idw",full,,dom_or_structured_full_text,https://nachrichten.idw-online.de/2026/09/01/praezise-charakterisierung-von-schwarzmassen-als-schluessel-fuer-effizientes-batterie-recycling,Informationsdienst Wissenschaft-idw,综合科技,无,2026-09-01T23:56:45+00:00,零碳产业 > 物质循环 > 资源处理 > 资源回收,零碳产业,资源回收,"[{""path"":[""零碳产业"",""物质循环"",""资源处理"",""资源回收""],""path_text"":""零碳产业 > 物质循环 > 资源处理 > 资源回收"",""confidence"":0.92,""reason"":""核心是电池黑粉表征以提升电池回收效率。""}]",classified,2026-09-02T00:18:24.048043+00:00,glm-5.2,2026-08-14,
Flammhemmender und recycelbarer Faserverbundwerkstoff entwickelt: Flugzeuge und Züge recycelbar machen,2026-09-01,"Flammhemmender und recycelbarer Faserverbundwerkstoff entwickelt: Flugzeuge und Züge recycelbar machen
Hinweis zur Verwendung von Bildmaterial: Die Verwendung des Bildmaterials zur Pressemitteilung ist bei Nennung der Quelle vergütungsfrei gestattet. Das Bildmaterial darf nur in Zusammenhang mit dem Inhalt dieser Pressemitteilung verwendet werden. Falls Sie das Bild in höherer Auflösung benötigen oder Rückfragen zur Weiterverwendung haben, wenden Sie sich bitte direkt an die Pressestelle, die es veröffentlicht hat.
Der Verbundwerkstoff aus Epoxid und Glasfasern schützt nicht nur vor Flammen, sondern lässt sich auch vollständig recyceln.
| Copyright:
Download
Hinweis zur Verwendung von Bildmaterial: Die Verwendung des Bildmaterials zur Pressemitteilung ist bei Nennung der Quelle vergütungsfrei gestattet. Das Bildmaterial darf nur in Zusammenhang mit dem Inhalt dieser Pressemitteilung verwendet werden. Falls Sie das Bild in höherer Auflösung benötigen oder Rückfragen zur Weiterverwendung haben, wenden Sie sich bitte direkt an die Pressestelle, die es veröffentlicht hat.
Recycelbar: Mit dem richtigen Lösungsmittel und etwas Wärme lässt sich das «Sandwich» wieder in seine einzelnen Komponenten zerlegen.
| Copyright:
Download
Flugzeuge und Passagierzüge müssen strenge Sicherheitsanforderungen erfüllen, unter anderem auch an den Brandschutz. Dafür sind Materialien gefragt, die flammhemmend, leicht, robust und skalierbar sind. Ein solches Material – einen Verbundwerkstoff – haben Empa-Forschende gemeinsam mit dem Industriepartner Elantas nun erstmals vollständig recycelbar gemacht.
«Keine Flugmaschine wird jemals von New York nach Paris fliegen», sagte einst der Flugpionier Orville Wright. Was selbst den visionären Gebrüdern Wright wie ein Ding der Unmöglichkeit erschien, ist heute Realität – unter anderem dank neuer Materialien, die moderne Flugzeuge und Triebwerke überhaupt erst möglich machen. In den mehr als 100 Jahren seit Wrights ersten Flugversuchen ist die Aviatik nicht nur leistungsstärker geworden, sondern zum Glück auch deutlich sicherer. Die Materialien, die beim Bau von Flugzeugen zum Einsatz kommen, müssen strengste Sicherheitsauflagen erfüllen, darunter auch beim Brandschutz. Zugleich müssen sie leicht und mechanisch robust sein – und zunehmend auch recycelbar.
«Alle diese Eigenschaften unter ein Dach zu bringen ist eine Herausforderung», erklärt Empa-Forscher Sabyasachi Gaan aus dem Labor «Advanced Fibers». «Wenn man ein Material zum Beispiel flammhemmend macht, verändert man immer auch die anderen Eigenschaften mit.» Dieser Herausforderung haben sich Gaan und sein Team gemeinsam mit dem zum deutschen Spezialchemie-Konzern ALTANA gehörenden Industriepartner Elantas in einem von der Innosuisse unterstützen Projekt gestellt. Ihr Fokus lag dabei auf einem bestimmten Verbundwerkstoff, der für den Innenausbau von Flugzeugen und Zügen verwendet wird, beispielsweise für den Boden der Passagierkabine.
Epoxid wird nachhaltiger
Das Material ist ein mehrschichtiges «Sandwich». In der Mitte liegt eine Wabenstruktur aus Aramid, einem hitzeresistenten Kunststoff. Dieser stabile, leichte Kern wird von oben und unten mit mehreren flach gewobenen Schichten aus Glas- oder Kohlefasern versehen. Als Bindemittel dient Epoxidharz, wie bei vielen Verbundwerkstoffen. Normalerweise lässt sich dieses Polymer weder chemisch noch thermisch recyceln – sprich, es kann weder eingeschmolzen noch aufgelöst werden. «Verbundwerkstoffe mit Epoxid landen heute in Deponien oder werden verbrannt», sagt Gaan.
Genau hier haben die Empa-Forschenden ein Ass im Ärmel. Sie haben einen Zusatz für Epoxidharz entwickelt, der das Material flammhemmend macht – und zugleich recycelbar. Wird Epoxid bei der Herstellung mit diesem phosphorhaltigen Molekül versetzt, lässt es sich nach dem Aushärten unter bestimmten Bedingungen wieder weich machen und neu formen – sogenanntes thermomechanisches Recycling, das für Epoxid bisher ein Ding der Unmöglichkeit war.
Alle Komponenten zurückgewonnen
Im Innosuisse-Projekt haben die Partner jedoch ein anderes Ziel verfolgt: Das vollständige Recycling des Verbundwerkstoffs. Mit dem richtigen Lösungsmittel und etwas Wärme lässt sich das «Sandwich» wieder in seine einzelnen Komponenten zerlegen: die Wabenstruktur und die gewobenen Fasern. Insbesondere die Aramid-Waben, aber auch Kohlefasern, sind verhältnismässig teuer. Ihr Recycling ist daher auch wirtschaftlich attraktiv. «Grundsätzlich ist es auch möglich, das Epoxidharz selbst aus der Lösung zurückzugewinnen. Das wollen wir in künftigen Projekten angehen», so Gaan.
Entwickelt wurde das recycelbare Epoxidharz an der Empa. Mit Elantas haben die Forschenden nun erstmals sein Potenzial für eine industrielle Anwendung erkundet. «Unser Material erfüllt die Brandschutzbestimmungen und erreicht fast dieselben vorteilhaften mechanischen Eigenschaften wie gewöhnliches Epoxid», sagt Gaan. «Es lässt aber erstmals ein vollständiges Recycling des Verbundwerkstoffs her.»
Mit dem Verlauf des Projekts sind die Projektpartner zufrieden. Der nächste Schritt ist die weitere Skalierung der Herstellung und des Recyclings. «Für die Luftfahrtindustrie ist es entscheidend, Brandschutz, Leichtbau und Rezyklierbarkeit zu vereinen. Dieses Epoxid-Verbundsystem zeigt, dass das nun erstmals möglich ist», sagt Fiorenzo Lenzi, Leiter Produktlinie Aerospace/Ballistic bei Elantas.
Gleichzeitig forscht Sabyasachi Gaan mit seinem Team bereits an weiteren Anwendungen für den recycelbaren flammhemmenden Kunststoff, etwa im Energiesektor und im Baubereich. Dass ein Material es so weit schafft, ist auch der Grundlagenforschung zu verdanken, betont der Wissenschaftler. «Bevor wir an den Anwendungen arbeiten können, müssen wir die Materialeigenschaften sehr gut verstehen.» Die Gebrüder Wright würden ihm wohl Recht geben. Denn, wie Wilbur Wright 1900 in einem Brief an den Ingenieur Octave Chanute schrieb, «Es ist möglich, ohne Motoren zu fliegen, aber nicht ohne Wissen und Können.»
Innovationen für die Schweiz – dank neuer Materialien
Rund 70% aller Innovationen beruhen auf neuen Materialien. Herausragende Materialforschung und Technologieentwicklung sind daher für einen Innovations-Hotspot wie die Schweiz unerlässlich. Genau dafür steht die Empa, das Materialforschungsinstitut des ETH-Bereichs – seit mehr als 120 Jahren. Interdisziplinäre Teams kreieren hier stetig Neues, etwa bioabbaubare Batterien und Computerkomponenten, Drohnen, die aus vollem Flug ins Wasser eintauchen können, Digitale Zwillinge ganzer Städte, neuartige Therapien gegen antibiotikaresistente Keime, alternative Materialien für Problemstoffe wie PFAS und vieles mehr. In unzähligen Industriekooperationen und über Spin-offs wird so die Empa-Vision «Materialien und Technologien für eine nachhaltige Zukunft» in die Schweizer Wirtschaft und Gesellschaft hinausgetragen.
Weitere Informationen:
https://youtu.be/dq_USrUflZs?si=Vk2TgLEsT0Qj-TMf
Video: Flammhemmender und recycelbarer Faserverbundwerkstoff entwickelt
https://www.empa.ch/web/s604/brandschutz-fuer-flugzeug-und-zug-dank-recycelbarem-faserverbundwerkstoff
Medienmitteilung
Ähnliche Pressemitteilungen im idw",full,,dom_or_structured_full_text,https://nachrichten.idw-online.de/2026/09/01/flammhemmender-und-recycelbarer-faserverbundwerkstoff-entwickelt-flugzeuge-und-zuege-recycelbar-machen,Informationsdienst Wissenschaft-idw,综合科技,无,2026-09-01T23:56:47+00:00,通用技术 > 材料工程 > 强度材料,通用技术,强度材料,"[{""path"":[""通用技术"",""材料工程"",""强度材料""],""path_text"":""通用技术 > 材料工程 > 强度材料"",""confidence"":0.85,""reason"":""开发阻燃且可完全回收的环氧玻璃纤维复合材料。""},{""path"":[""零碳产业"",""物质循环"",""资源处理"",""资源回收""],""path_text"":""零碳产业 > 物质循环 > 资源处理 > 资源回收"",""confidence"":0.7,""reason"":""材料的核心目标是使飞机和火车部件可回收再利用。""}]",classified,2026-09-02T00:18:24.048043+00:00,glm-5.2,2026-08-14,
Fraunhofer FIT qualifiziert für menschzentrierte Innovation mit Design Thinking,2026-09-01,"Fraunhofer FIT qualifiziert für menschzentrierte Innovation mit Design Thinking
In nur vier Tagen bildet Fraunhofer FIT Fach- und Führungskräfte zum »Zertifizierten Design Thinking Practitioner« aus. Die praxisnahe Weiterbildung vermittelt menschzentrierte Innovationsmethoden – auch für remote arbeitende Teams. Teilnehmende durchlaufen den gesamten Design-Thinking-Prozess und lernen, in Unternehmen strukturierte Innovationsprojekte aufzusetzen.
Design Thinking spielt eine zunehmend wichtige Rolle in der deutschen Wirtschaft, da es Unternehmen befähigt, kreativ und kollaborativ komplexe Herausforderungen zu lösen. Es fördert Innovationen durch die menschzentrierte Ausrichtung, interdisziplinäre Teamarbeit und iterative Prozesse.
Mit der Weiterbildung »Zertifizierter Design Thinking Practitioner« bietet Fraunhofer FIT eine entsprechende anwendungsorientierte Qualifizierung für Innovationstreibende aus Unternehmen und Organisationen an. In vier intensiven Tagen lernen die Teilnehmenden, wie sie komplexe Herausforderungen systematisch analysieren, nutzerzentriert Lösungen entwickeln und diese im Team umsetzen – vor Ort wie remote.
»Design Thinking ist kein akademischer Schnickschnack, sondern ein sehr konkreter Werkzeugkasten für Innovation«, sagt Marius Nißlmüller, wissenschaftlicher Mitarbeiter am Fraunhofer-Institut für Angewandte Informationstechnik FIT in der Abteilung Human-Centered Engineering & Design und Trainer im Programm. »Unser Ziel ist, Teilnehmende in die Lage zu versetzen, eigenständig menschzentrierte Innovationsprozesse aufzusetzen, die auch in virtuellen Arbeitsumgebungen effizient funktionieren.«
Die Ausbildung führt Schritt für Schritt durch alle Phasen des Design Thinking. Sie beginnt mit einer Einführung in Ziele, Einsatzfelder und Historie des Ansatzes, vertieft anschließend das Verständnis der Zielgruppen und Stakeholder, schärft Problemstellungen und fördert kreative Ideenentwicklung im Team. Darauf aufbauend entwickeln die Teilnehmenden Prototypen, testen diese mit Nutzerinnen und Nutzern und lernen, Feedback strukturiert auszuwerten. Abschließend erhalten sie konkrete Starthilfe für den Transfer in ihre eigene Praxis, inklusive Reflexion typischer Herausforderungen im Unternehmen und geeigneter digitaler Werkzeuge.
Die Weiterbildung richtet sich an Personen aus den Bereichen Produktmanagement, Innovation Management, (UX/Service-)Design, Design Research und Design Consulting, ebenso an Berufspraktikerinnen und Berufspraktiker, die Innovationsprozesse in ihren Organisationen vorantreiben wollen. Sie wird von erfahrenen wissenschaftlichen Mitarbeitenden des Fraunhofer FIT durchgeführt.
Um unterschiedlichen Bedürfnissen gerecht zu werden, bietet Fraunhofer FIT die Weiterbildung in mehreren Durchführungsmodellen an: Einzelteilnehmende können sich für feste Termine in Präsenz bei Fraunhofer FIT anmelden, die als vier volle Tage konzipiert sind. Alternativ steht ein Online-Format zu festen Terminen in Zusammenarbeit mit der Sparkassen-Akademie zur Verfügung, das auf acht halbe Tage verteilt ist. Für Gruppen lassen sich zudem individuelle Termine vereinbaren – wahlweise online, in Präsenz am Fraunhofer FIT oder direkt beim Kunden vor Ort.
Teilnehmen können sowohl Hochschulabsolventinnen und -absolventen als auch Personen mit mindestens einjähriger Berufspraxis. Die Weiterbildung schließt mit einer Prüfung der Fraunhofer-Personenzertifizierungsstelle ab. Bei erfolgreichem Bestehen erhalten die Teilnehmenden ein Fraunhofer-Zertifikat, das ihre erworbenen Kompetenzen bestätigt.
Weitere Informationen, Termine und Anmeldemöglichkeiten unter
https://s.fhg.de/Design-Thinking-Practitioner
Ähnliche Pressemitteilungen im idw",full,,dom_or_structured_full_text,https://nachrichten.idw-online.de/2026/09/01/fraunhofer-fit-qualifiziert-fuer-menschzentrierte-innovation-mit-design-thinking,Informationsdienst Wissenschaft-idw,综合科技,无,2026-09-01T23:56:49+00:00,公共政策与社会治理 > 科教与人才 > 教育与人才发展,公共政策与社会治理,教育与人才发展,"[{""path"":[""公共政策与社会治理"",""科教与人才"",""教育与人才发展""],""path_text"":""公共政策与社会治理 > 科教与人才 > 教育与人才发展"",""confidence"":0.85,""reason"":""核心事件是Fraunhofer FIT开设设计思维职业培训与认证课程，属人才培养。""}]",classified,2026-09-02T00:18:29.740660+00:00,glm-5.2,2026-08-14,
"10 Jahre Geschäftsführung am IPH: Malte Stonis prägt Forschung, Entwicklung und Transfer",2026-09-01,"10 Jahre Geschäftsführung am IPH: Malte Stonis prägt Forschung, Entwicklung und Transfer
Hinweis zur Verwendung von Bildmaterial: Die Verwendung des Bildmaterials zur Pressemitteilung ist bei Nennung der Quelle vergütungsfrei gestattet. Das Bildmaterial darf nur in Zusammenhang mit dem Inhalt dieser Pressemitteilung verwendet werden. Falls Sie das Bild in höherer Auflösung benötigen oder Rückfragen zur Weiterverwendung haben, wenden Sie sich bitte direkt an die Pressestelle, die es veröffentlicht hat.
Dr.-Ing. Malte Stonis im Forschungsbereich für Additives Kunststoffrecycling des IPH.
| Quelle:
Kevin Münkel
| Copyright:
Kevin Münkel für das IPH
Download
Hinweis zur Verwendung von Bildmaterial: Die Verwendung des Bildmaterials zur Pressemitteilung ist bei Nennung der Quelle vergütungsfrei gestattet. Das Bildmaterial darf nur in Zusammenhang mit dem Inhalt dieser Pressemitteilung verwendet werden. Falls Sie das Bild in höherer Auflösung benötigen oder Rückfragen zur Weiterverwendung haben, wenden Sie sich bitte direkt an die Pressestelle, die es veröffentlicht hat.
Immer am Bedarf des Mittelstands orientiert: IPH-Geschäftsführer Dr.-Ing. Malte Stonis.
| Quelle:
Kevin Münkel
| Copyright:
Kevin Münkel für das IPH
Download
Dr.-Ing. Malte Stonis leitet seit heute exakt einem Jahrzehnt das IPH – Institut für Integrierte Produktion Hannover gGmbH. Am 1. September 2016 trat er die Stelle als Koordinierender Geschäftsführer an. Besonders am Herzen liegen ihm die Themen Digitalisierung und Künstliche Intelligenz, Additive Fertigung, Nachhaltigkeit sowie der Transfer von der Wissenschaft in die Wirtschaft.
Wissen, was die niedersächsische Wirtschaft in Zukunft bewegt: Dafür braucht Dr.-Ing. Malte Stonis ein besonderes Gespür. Seit genau 10 Jahren leitet er eine Forschungseinrichtung, die bereits heute erforscht, was erst in einigen Jahren in der Industrie ankommen wird. Als Koordinierender Geschäftsführer des IPH ist er nicht nur für das Tagesgeschäft verantwortlich, sondern gestaltet gemeinsam mit den Gesellschaftern auch die strategische Ausrichtung maßgeblich.
Digitalisierung der Industrie von CIM bis KI
Die Digitalisierung der Industrie voranzutreiben ist Kernaufgabe des IPH seit dessen Gründung 1988. Damals lautete das Schlagwort „Computer Integrated Manufacturing“ (CIM), später „Industrie 4.0“, heute ist Künstliche Intelligenz (KI) in aller Munde. Mit zahlreichen Forschungs- und Beratungsprojekten unterstützt das IPH Unternehmen dabei, Daten zu nutzen, um effizienter zu produzieren. Und bereits Jahre vor dem Durchbruch von ChatGPT rief Stonis die AG KI ins Leben: In dieser Arbeitsgruppe können sich die IPH-Mitarbeitenden darüber austauschen, wie sie KI nutzen, und voneinander lernen.
Auch die IPH-internen Prozesse hat Stonis digitalisieren lassen. In seiner Anfangszeit als Koordinierender Geschäftsführer gab es noch für fast jede Aufgabe ein Papierformular, vom Dienstreiseantrag bis zur Genehmigung von Beschaffungen. Stonis trieb die Umstellung auf digitale Freigabeprozesse und die Entwicklung von unternehmensinternen Apps voran. Das zahlte sich spätestens 2020 unerwartet aus: Im ersten Corona-Lockdown konnten fast alle IPH-Mitarbeitenden von einem Tag auf den anderen ins Homeoffice wechseln und ihre Aufgaben problemlos fortführen.
Nachhaltigkeit: 3D-Druck trifft Kunststoffrecycling
Unter Stonis’ Leitung wurde am IPH zudem der Forschungsbereich für Additive Fertigung geplant, aufgebaut und 2021 offiziell eröffnet. Ein niedersächsisches Vorzeigeprojekt, das zeigt, wie 3D-Druck und Nachhaltigkeit zusammenpassen: In diesem modernen Labor wird erforscht, wie Abfälle aus Thermoplasten entlang einer vollständigen Prozesskette zerkleinert, eingeschmolzen und mittels Additiver Fertigung zu neuen Produkten verarbeitet werden können. Der Forschungsbereich wurde seitdem kontinuierlich ausgebaut. Neueste 3D-Drucker ermöglichen es, Fragestellungen aus dem produzierenden Mittelstand mit geringem Aufwand zu beantworten.
Weil Nachhaltigkeit Stonis besonders am Herzen liegt, investierte das IPH unter seiner Geschäftsführung in eine smarte Heizungssteuerung, eine Solaranlage auf dem Dach und die naturnahe Umgestaltung des Außengeländes. Seit Herbst 2019 beteiligt sich das IPH an ÖKOPROFIT Hannover und hat inzwischen mehrfach Auszeichnungen für Nachhaltigkeit erhalten.
Transfer: Von der Wissenschaft in die Wirtschaft
„Was das IPH erforscht, soll nicht in einer Schublade verschwinden, sondern tatsächlich in der Industrie ankommen und den niedersächsischen Unternehmen nützen“, so Stonis. Aus diesem Grund ist ihm der Transfer so wichtig. Dazu gehören unter anderem Weiterbildungsangebote für Unternehmen – von der Fabrikplanung bis zur KI – sowie die Wissenschaftskommunikation, beispielsweise auf Social Media. Darüber hinaus unterstützt Stonis die Gründung technikbasierter Start-ups, die Ideen aus der Forschung in die Anwendung bringen. Auch die Vernetzung mit anderen Unternehmen und Forschungseinrichtungen spielt für Stonis eine große Rolle – nicht erst, seit er Geschäftsführer ist. In der ZUSE-Gemeinschaft, die die Interessen gemeinnütziger, privatwirtschaftlich organisierter Forschungseinrichtungen vertritt, engagiert er sich bereits seit deren Gründung im Jahr 2015.
Um Erkenntnisse aus der Forschung in die niedersächsische Wirtschaft zu bringen, bietet das IPH nicht nur Auftragsforschung und Beratung an, sondern setzt sich auch dafür ein, dass Unternehmen dafür eine Finanzierung erhalten, etwa über die Forschungszulage oder regionale Förderprogramme. „Bei allem, was wir tun, haben wir ganz besonders die kleinen und mittleren Unternehmen in Niedersachsen im Blick“, so Stonis. „Diese haben in der Regel weder das Personal noch die finanziellen Mittel, um selbst zu forschen und zu entwickeln. Diese Lücke füllen wir am IPH.“
Immer am Bedarf des Mittelstands orientiert prägt Stonis seit einem Jahrzehnt die Ausrichtung des IPH. Ans Aufhören denkt er noch nicht: „Ich habe noch viele Projekte, die ich im IPH zu Ende bringen will.“
Ähnliche Pressemitteilungen im idw",full,,dom_or_structured_full_text,https://nachrichten.idw-online.de/2026/09/01/10-jahre-geschaeftsfuehrung-am-iph-malte-stonis-praegt-forschung-entwicklung-und-transfer,Informationsdienst Wissenschaft-idw,综合科技,无,2026-09-01T23:56:51+00:00,公共政策与社会治理 > 科教与人才 > 科研管理与学术活动,公共政策与社会治理,科研管理与学术活动,"[{""path"":[""公共政策与社会治理"",""科教与人才"",""科研管理与学术活动""],""path_text"":""公共政策与社会治理 > 科教与人才 > 科研管理与学术活动"",""confidence"":0.8,""reason"":""报道IPH研究所所长十年任职及研究方向，属科研机构管理与学术活动。""}]",classified,2026-09-02T00:18:29.740660+00:00,glm-5.2,2026-08-14,
Germany breaks ground on major battery storage projects - Energy Storage,2026-09-01,"HyperStrong has broken ground on the GigaBattery Boxberg 400, a 400 MW/1.6 GWh battery energy storage system in Saxony, Germany, acting as turnkey contractor for project owner LEAG Clean Power. The facility is being built on a six-hectare remediated site at the Boxberg power plant location. HyperStrong’s German subsidiary signed the EPC agreement with LEAG in November 2025. The project will use HyperStrong’s liquid-cooled HyperBlock III system, configured for four-hour duration, and will connect to the 50Hertz transmission grid through a new 380 kV substation. Upon completion, LEAG says the facility could theoretically supply electricity to approximately 640,000 households for four hours. The project is one of Europe’s largest battery storage projects currently under construction. It forms part of LEAG’s planned GigaBattery pipeline, which also includes the 1,000 MW/4,000 MWh GigaBattery Jänschwalde project; combined, LEAG’s announced GigaBattery projects total 1.4 GW/5.6 GWh. Separately, Sunotec has started construction on a 100 MW/441 MWh standalone battery storage system in Stendal, in the German state of Saxony-Anhalt, after the project reached ready-to-build status in the second quarter of 2026. Sunotec is acting as full turnkey provider, covering engineering, installation, and long-term operations and maintenance, with commissioning targeted for the first quarter of 2027. WT Energiesysteme will build a new 110 kV substation at the site to provide the grid-connection infrastructure. Around 65 guests from politics and the energy industry attended the project’s official groundbreaking last week. The storage system is intended to increase grid flexibility, absorbing electricity during periods of high solar and wind generation and discharging it when demand requires. Sunotec has reported several developments in Germany this year. In January, it secured a contract for the first of four construction phases of a 230 MWh storage system for Seac. In April, investment firm Blackstone acquired a stake in Sunotec for €250 million , with the company’s founders remaining majority shareholders; the funds are intended to accelerate Sunotec’s European expansion. The post Germany breaks ground on major battery storage projects appeared first on Energy Storage .",full,,rss_full_content,https://www.ess-news.com/2026/09/01/germany-breaks-ground-on-major-battery-storage-projects/,ESS News,储能,储能项目/应用,2026-09-01T23:58:27+00:00,零碳产业 > 能量循环 > 能量存储 > 电化学储能 > 二次电池 > 锂电池,零碳产业,锂电池,"[{""path"":[""零碳产业"",""能量循环"",""能量存储"",""电化学储能"",""二次电池"",""锂电池""],""path_text"":""零碳产业 > 能量循环 > 能量存储 > 电化学储能 > 二次电池 > 锂电池"",""confidence"":0.88,""reason"":""核心事件是德国大型锂电池储能系统项目开工建设。""}]",classified,2026-09-02T00:18:29.740660+00:00,glm-5.2,2026-08-14,
Korkia advances Chilean storage pipeline across two projects for 1.55 GWh - Energy Storage,2026-09-01,"A 750 MWh standalone battery energy storage system (BESS) dubbed the Beltrán project, located in the Valparaiso region, has reached ready-to-build (RTB) status. The standalone system, situated close to the La Pólvora substation, is being developed by Korkia in partnership with Solar Ray. Korkia also confirmed progress on its Mellizas hybrid project, a 218 MW solar power plant with a co-located 800 MWh BESS. Mellizas has received environmental approval, enabling the company to proceed to the next phases of development. Developed along with its Chilean development partner Ciudad Luz, Mellizas will cover approximately 300 hectares, with Korkia claiming it will be “one of the largest solar PV developments in Pemuco in the Ñuble region.” “These milestones reflect the tangible progress we are making in Chile, advancing projects through key development and de-risking stages. Mellizas and Beltran also demonstrate the strategic role that energy storage will play in building a more flexible and resilient energy system and enabling the continued growth of renewable energy in the country,” said Rodrigo Ackermann, vice president LatAm​ at Korkia. In August 2026, Korkia and joint venture partner Semecon sold their 125 MW Kukonkyla BESS project in Finland to Enlight Renewable Energy.  It was also granted a grid permit for 550 MW project in Romania . Korkia’s renewable energy pipeline spans 15 GW of mature utility-scale solar, wind and BESS assets, with a further 9 GW progressing through early-stage development in Europe, North America, and South America. Earlier this year, Solar Ray received environmental approval for its 150 MW / 750 MWh Paicavi BESS. The post Korkia advances Chilean storage pipeline across two projects for 1.55 GWh appeared first on Energy Storage .",full,,rss_full_content,https://www.ess-news.com/2026/09/01/korkia-advances-chilean-storage-pipeline-across-two-projects-for-1-55-gwh/,ESS News,储能,储能项目/应用,2026-09-01T23:58:29+00:00,零碳产业 > 能量循环 > 能量存储 > 电化学储能 > 二次电池 > 锂电池,零碳产业,锂电池,"[{""path"":[""零碳产业"",""能量循环"",""能量存储"",""电化学储能"",""二次电池"",""锂电池""],""path_text"":""零碳产业 > 能量循环 > 能量存储 > 电化学储能 > 二次电池 > 锂电池"",""confidence"":0.88,""reason"":""核心是智利1.55 GWh电池储能项目推进。""}]",classified,2026-09-02T00:18:29.740660+00:00,glm-5.2,2026-08-14,
Engie reaches 663 MW of operational BESS capacity in Chile - Energy Storage,2026-09-01,"Engie Chile has announced the commercial operation date (COD) of BESS Libélula and BESS Los Loros, two battery energy storage systems located in the Metropolitan and Atacama regions, respectively, with a combined maximum gross power output of 251 MW. With their addition, the company now has 663 MW of BESS capacity in operation in Chile. The larger of the two systems is BESS Libélula, located in the municipalities of Colina and Tiltil, about 40 km north of Santiago. It has 203 MW of maximum gross power and 1,034 MWh of storage capacity, distributed across 208 lithium-ion battery containers, with a five-hour discharge duration. The system is part of PV & BESS Libélula, Engie Chile’s first project in the Metropolitan Region and the company’s first project designed from the outset as a hybrid solar and storage facility. The full complex represents an investment of $320 million, of which $219 million corresponds to the BESS. While the battery system has reached COD, the solar plant is fully energized and continues the process of obtaining authorization for commercial operation. The solar plant has a maximum gross power output of 140 MW and comprises 245,560 modules. Its grid connection infrastructure includes a step-up substation and an approximately 16 km, 220 kV transmission line to the El Manzano substation. As reported in April, during construction Engie reported 151 MWp of solar capacity and 199 MW of storage capacity for Libélula. The figures now reported following the start of operations correspond to maximum gross power outputs. The plant also includes 2,311 Nextpower NX Horizon Low Carbon solar trackers, manufactured using steel produced in an electric arc furnace. Engie said the solution reduces emissions associated with the equipment by approximately 30% compared with conventional manufacturing methods. BESS Los Loros, meanwhile, is integrated into the Los Loros Solar Park in the municipality of Tierra Amarilla, Atacama region. The system required an investment of $64 million and has a maximum gross power output of 48 MW and 275.23 MWh of storage capacity. The installation comprises 63 containers with lithium iron phosphate (LFP) batteries and stores part of the solar plant’s daytime generation for subsequent delivery to Chile’s National Electricity System. In March, BESS Los Loros was reported as energized, with Engie citing 46 MW of installed power and 230 MWh of capacity and expecting commercial operation in the second half of this year. The company now reports maximum gross power and capacity of 48 MW and 275.23 MWh, respectively, following COD. “Hoy estamos construyendo la infraestructura necesaria para una nueva etapa de la transición energética, donde no basta con incorporar más energías renovables, sino que también debemos desarrollar capacidades que permitan gestionarlas de manera eficiente y segura”, said Juan Villavicencio, CEO of Engie Chile. The new projects add to Engie’s growing storage portfolio in Chile. Recent facilities to enter commercial operation include BESS Tocopilla, with 116 MW/660 MWh , and BESS Arica, with 25 MW/150 MWh . From pv magazine LatAm The post Engie reaches 663 MW of operational BESS capacity in Chile appeared first on Energy Storage .",full,,rss_full_content,https://www.ess-news.com/2026/09/01/engie-reaches-663-mw-of-operational-bess-capacity-in-chile/,ESS News,储能,储能项目/应用,2026-09-01T23:58:31+00:00,零碳产业 > 能量循环 > 能量存储 > 电化学储能 > 二次电池 > 锂电池,零碳产业,锂电池,"[{""path"":[""零碳产业"",""能量循环"",""能量存储"",""电化学储能"",""二次电池"",""锂电池""],""path_text"":""零碳产业 > 能量循环 > 能量存储 > 电化学储能 > 二次电池 > 锂电池"",""confidence"":0.9,""reason"":""核心是锂电池储能系统投运及扩容至663 MW。""}]",classified,2026-09-02T00:18:29.740660+00:00,glm-5.2,2026-08-14,
Enel secures grid connection for 356 MW/2.1 GWh BESS in Chile - Energy Storage,2026-09-01,"Chile’s National Electricity Coordinator has issued the Connection Authorization Report for Enel Green Power Chile’s BESS Guanchoi project, which comprises a 356 MW battery energy storage system with six hours of duration, equivalent to 2,136 MWh of energy capacity. The BESS will be integrated with the existing Guanchoi PV plant so that the combined facility operates as a Renewable Generation Plant with Storage Capacity (CRCA). The BESS will connect to the 33 kV cells at the Bella Mónica substation, which is owned by Enel Green Power Chile. Under the conditions communicated for the authorization, Enel must comply with the technical and regulatory requirements established by the Coordinator and obtain a construction declaration for the project from the National Energy Commission (CNE) before September 2027. Once the connection has been completed, use of the dedicated transmission infrastructure capacity will be indefinite. The project represents a considerable expansion from the initial plans known for adding storage to Guanchoi. Documents published by the Coordinator in 2023 referred to a “Guanchoi PV plant storage system” of 42 MW, also connected to the Bella Mónica substation at 33 kV. The new project advanced through the permitting process this year. Chile’s Electricity and Fuel Superintendency (SEC) records an application by Enel Green Power Chile for a definitive electricity concession for the Guanchoi 33 kV Underground Power Line. The application was submitted in April and declared admissible in June 2026. Separately, at a hearing held on April 16 and recorded on the official Lobby Law platform, representatives of Enel Green Power discussed the electrical easement associated with BESS Guanchoi with officials from the Ministry of National Assets and reported a planned investment of $350 million for the storage system. Guanchoi is located in the commune of Diego de Almagro in the Atacama region. The PV plant began commercial operations in July 2023 with 398 MW of net installed capacity. Enel estimates that it can produce more than 1,100 GWh annually, and the facility has around 900,000 bifacial solar modules. The addition of BESS Guanchoi will expand Enel’s storage portfolio in Chile. The company recently started construction of the 100 MW Finis Terrae BESS and is also building the roughly 205 MW, four-hour Las Salinas system and the 94 MW/372 MWh Azabache BESS. Enel said in mid-August that it had more than 730 MW of storage in operation and under construction, a figure that did not yet include Guanchoi as a project under construction. From pv magazine LatAm The post Enel secures grid connection for 356 MW/2.1 GWh BESS in Chile appeared first on Energy Storage .",full,,rss_full_content,https://www.ess-news.com/2026/09/01/enel-secures-grid-connection-for-356-mw-2-1-gwh-bess-in-chile/,ESS News,储能,储能项目/应用,2026-09-01T23:58:34+00:00,零碳产业 > 能量循环 > 能量存储 > 电化学储能 > 二次电池 > 锂电池,零碳产业,锂电池,"[{""path"":[""零碳产业"",""能量循环"",""能量存储"",""电化学储能"",""二次电池"",""锂电池""],""path_text"":""零碳产业 > 能量循环 > 能量存储 > 电化学储能 > 二次电池 > 锂电池"",""confidence"":0.88,""reason"":""核心是356 MW/2.1 GWh锂电池储能项目获并网许可。""}]",classified,2026-09-02T00:18:29.740660+00:00,glm-5.2,2026-08-14,
Leag starts building 1.6 GWh battery storage system - Energy Storage,2026-09-01,"Construction of the “GigaBattery Boxberg 400” battery storage system has officially started with a groundbreaking ceremony. The 400 MW/1,600 MWh system is being built at the Boxberg power plant site in Saxony and is part of Leag’s so-called GigawattFactory, which will include numerous large-scale PV and wind power plants as well as battery storage systems. For the project, Leag is using a six-hectare remediated site at its former Plant II. The battery storage system is being built jointly by the main contractors Leag Clean Power, Siemens Energy, and Hyperstrong International (Germany), a subsidiary of Beijing Hyperstrong Technology. Hyperstrong will supply the lithium iron phosphate batteries, integrate the electrical systems, and construct the storage facility. The project will use the “HyperBlock III” storage system, which was specifically developed for large-scale, power plant applications. In parallel with the battery storage system, Siemens Energy will build a new gas-insulated 380 kV switchgear system (GIS). This will provide the connection to the transmission grid operated by 50Hertz. It will also connect renewable power generation around the Boxberg power plant site to the storage system, the companies said. From pv magazine Deutschland The post Leag starts building 1.6 GWh battery storage system appeared first on Energy Storage .",full,,rss_full_content,https://www.ess-news.com/2026/09/01/leag-starts-building-1-6-gwh-battery-storage-system/,ESS News,储能,储能项目/应用,2026-09-01T23:58:36+00:00,零碳产业 > 能量循环 > 能量存储 > 电化学储能 > 二次电池 > 锂电池,零碳产业,锂电池,"[{""path"":[""零碳产业"",""能量循环"",""能量存储"",""电化学储能"",""二次电池"",""锂电池""],""path_text"":""零碳产业 > 能量循环 > 能量存储 > 电化学储能 > 二次电池 > 锂电池"",""confidence"":0.95,""reason"":""核心事件是建设400MW/1.6GWh磷酸铁锂大型电池储能系统。""}]",classified,2026-09-02T00:18:39.597214+00:00,glm-5.2,2026-08-14,
New research confirms negligible LeTID degradation in TOPCon solar cells - pv magazine Global,2026-09-01,"Researchers at the US Department of Energy’s
National Laboratory of the Rockies
have assessed light- and elevated-temperature-induced degradation (LeTID) in industrial n-type tunnel oxide passivated contact (TOPCon) silicon solar cells processed with and without
laser-enhanced contact optimization
(LECO) and have found that LeTID-related degradation in these devices is negligible compared with the levels historically observed in passivated emitter and rear contact (PERC) solar cells.
“The previous generation of silicon PV was dominated by p-PERC cells, based on p-type Czochralski (Cz) Si wafers,” the study’s principal investigator, Paul Stradins, told
pv magazine
. “These wafers, if doped with boron (B), suffered from both light-induced degradation (LID) and LeTID. Replacing B with gallium (Ga) as the base dopant in the second p-PERC generation eliminated LID, but LeTID was still present. Transitioning to the current TOPCon cell generation was thought to eliminate these bulk degradation modes altogether. However, relatively recent research from the University of Konstanz found LeTID in n-Cz wafers as well, which raises potential long-term reliability concerns for TOPCon cells.”
“This potentially novel reliability concern motivated our work,” he continued. “We established that the LeTID effect is present in n-Cz wafers and TOPCon cell precursors, irrespective of dopant type. Nevertheless, the extent of degradation is relatively low due to the asymmetrical carrier capture of a LeTID defect, making it an effective recombination center in p-type Si, but less effective in n-type Si. When accelerated LeTID degradation was applied to the TOPCon solar cells, the degradation and subsequent recovery were still present. However, the effect was practically negligible when the cells were fired with sufficiently low cooling rates.”
For the tests, the scientists used n-type wafers doped with phosphorus (P), antimony (Sb), and arsenic (As). The wafers were symmetrically passivated with hydrogenated silicon nitride (SiNₓ:H), fired at 800 C, subjected to recovery treatment at 20 C under 2-sun illumination, and subsequently exposed to LeTID conditions at 120 C to 130 C under 1-sun illumination.
The researchers found that, although LeTID degradation and regeneration kinetics were similar across all three dopants, As-doped silicon exhibited approximately twice the maximum defect density of P- and Sb-doped material. They attributed this difference primarily to variations in grown-in defects and processing conditions rather than to the dopant species itself.
Overall, the team found that n-type Cz Si exhibited substantially less LeTID degradation than previously reported for p-type Ga-doped Cz Si, indicating greater intrinsic resilience to LeTID. Injection-dependent lifetime measurements further indicated that recovery is primarily associated with the disappearance or transformation of metastable bulk defects.
The analysis also revealed that regenerated samples achieved higher bulk carrier lifetimes than recovered samples, suggesting that the regeneration process can improve bulk material quality beyond the state reached after the initial recovery treatment.
The researchers also investigated recovery pre-treatment and LeTID in unmetallized and metallized TOPCon cells sourced from industrial production lines. They found that both phenomena remain observable at the cell level and can affect device performance if appropriate mitigation measures are not implemented. Their impact, however, can be substantially reduced by optimizing the firing profile and applying suitable post-processing treatments.
A direct comparison of TOPCon cells subjected to identical firing conditions, with and without LECO, showed that the process moderately suppressed changes in open-circuit voltage associated with recovery and subsequent LeTID. The researchers also found that an industrially manufactured TOPCon cell incorporating LECO experienced only limited LeTID-induced efficiency degradation, with the change remaining within acceptable warranty tolerances.
The research is described in the paper “
Bulk degradation of P-, Sb- and As-doped Cz Si wafers and TOPCon cells due to light and elevated temperature
,” published in
Solar Energy Materials and Solar Cells
“We believe our findings provide some metrics and guidelines for producing LeTID-stable TOPCon cells,” Stradins concluded.",full,,dom_or_structured_full_text,https://www.pv-magazine.com/2026/09/01/new-research-confirms-negligible-letid-degradation-in-topcon-solar-cells/,pv magazine C&I PV,光伏,工商业光伏,2026-09-01T23:59:54+00:00,零碳产业 > 能量循环 > 能源测 > 发电技术 > 光伏,零碳产业,光伏,"[{""path"":[""零碳产业"",""能量循环"",""能源测"",""发电技术"",""光伏""],""path_text"":""零碳产业 > 能量循环 > 能源测 > 发电技术 > 光伏"",""confidence"":0.95,""reason"":""研究核心是TOPCon晶硅太阳能电池的LeTID衰减性能评估。""}]",classified,2026-09-02T00:18:39.597214+00:00,glm-5.2,2026-08-14,
Philippines to develop PV exemption areas - pv magazine Global,2026-09-01,"The Department of Agriculture (DA) and Department of Energy (DOE) in the Philippines are working together to establish boundaries between land allocated for power generation facilities and land reserved strictly for food production.
According to an update posted by the Philippine News Agency, the two departments will formalize their work through a memorandum of agreement targeted for signing in October.
DA Secretary Francisco Tiu Laurel Jr. has proposed the development of a digital geofence around three million hectares of flat agricultural land, and in particular flat rice-growing lands.
The digital geofence would establish boundaries around priority agricultural areas in order to guide energy developers as to where future solar energy projects can be built.
The plans coincide with the Philippines’ continued roll out of solar energy. The country has become one of the world’s leading hubs for solar panel imports in recent months as it deals with energy prices that have rocketed to among the highest in Southeast Asia. The country
imported 4 GW
of Chinese solar panels over the first four months of this year. As of July, a
further 3 GW
were heading to the country.
Earlier this year, DOE unveiled plans to hold four editions of its flagship green energy auction programme over the next two years as part of wider plans to auction
25 GW of renewables
Last month, it announced an auction round that specifically targets agrisolar and projects integrated with aquaculture, otherwise known as aquasolar.
At the time, the department said that agrisolar and aquasolar installations can optimize abandoned, underdeveloped and underutilized land and water resources while supporting food security and rural livelihoods.
“By integrating renewable energy with agriculture and aquaculture, [the auction] aims to enable innovative projects that deliver clean power alongside sustainable farming and fishing,” the DOE said. The terms of reference for the specific auction are expected during the final quarter of this year.
The Philippines installed
of solar in 2025, according to figures published by the International Renewable Energy Agency (IRENA), taking cumulative solar capacity to 3,892 MW.",full,,dom_or_structured_full_text,https://www.pv-magazine.com/2026/09/01/philippines-to-develop-pv-exemption-areas/,pv magazine C&I PV,光伏,工商业光伏,2026-09-01T23:59:56+00:00,公共政策与社会治理 > 政策法规 > 产业与能源政策,公共政策与社会治理,产业与能源政策,"[{""path"":[""公共政策与社会治理"",""政策法规"",""产业与能源政策""],""path_text"":""公共政策与社会治理 > 政策法规 > 产业与能源政策"",""confidence"":0.9,""reason"":""菲律宾农业与能源部划定光伏项目用地边界的政策协议是核心事件。""},{""path"":[""零碳产业"",""能量循环"",""能源测"",""发电技术"",""光伏""],""path_text"":""零碳产业 > 能量循环 > 能源测 > 发电技术 > 光伏"",""confidence"":0.7,""reason"":""政策明确指向光伏电站项目选址与开发。""}]",classified,2026-09-02T00:18:39.597214+00:00,glm-5.2,2026-08-14,
Mexico's CFE plans to deploy 5.4 GW of solar by 2030 - pv magazine Global,2026-09-01,"Mexico’s national power utility Federal Electricity Commission (CFE) has published its 2026-30 Development Program, outlining MXN 651 billion ($32.9 billion) of investment in generation, transmission and distribution over the period. Generation accounts for MXN 467.3 billion ($23.4 billion), covering 52 projects with 18.6 GW of new capacity.
According to the document, 15.2 GW, or 82%, of the planned generation additions will come from technologies that CFE classifies as renewable. The figure comprises 1.69 GW of cogeneration, which the utility includes in this category on the grounds that it is free of polluting emissions. The remaining 3.39 GW will come primarily from new combined-cycle plants.
Most of the new renewable capacity will be developed under mixed-investment models involving private-sector participation. CFE plans approximately 13.8 GW under these arrangements, primarily comprising solar and wind projects.
The program identifies 30 mixed-investment solar projects totaling 4.90 GW, scheduled to come online between 2028 and 2030. They are in addition to sections III and IV of the Puerto Peñasco solar plant in Sonora, which have a combined capacity of 580 MW and are expected to begin operations in 2028. The solar projects explicitly identified in the program total 5.48 GW.
The program also includes eight mixed-investment wind projects totaling 3.13 GW, 582 MW of geothermal capacity, 150 MW of concentrated solar power (CSP) across two projects, and another 4.15 GW of mixed-investment projects for which the technology has yet to be determined.
Under the broader Electricity Sector Development Plan (PLADESE), which CFE incorporates into the document, solar is the leading source of projected capacity growth in Mexico’s National Electric System (SEN). An additional 12.31 GW of solar capacity is projected through 2030, accounting for 44% of the 28.00 GW of new capacity envisaged for the system. Wind accounts for another 6.58 GW, while combined-cycle plants contribute 5.44 GW.
As of December 2025, Mexico had 8.44 GW of solar capacity connected to the SEN, equivalent to about 9% of the system’s total installed capacity of 91.07 GW. Of that solar capacity, 433 MW was directly owned by CFE. During 2025, the utility added approximately 307 MW of solar capacity, primarily through the commissioning of the Nachi-Cocom plant and the second phase of the Puerto Peñasco project.
Storage lacks specific target
Electricity storage is explicitly mentioned in the Development Program, but the document does not set out a quantified project pipeline.
The program notes that Mexico’s electricity sector law includes storage among the sector’s activities and the functions that CFE may perform. In its assessment of measures required to maintain SEN reliability during contingencies and accommodate greater renewable energy penetration, the utility specifically cites “the addition of battery storage systems” alongside transmission expansion.
However, the tables in the 2026-30 Expansion Plan do not identify individual battery energy storage system (BESS) projects or specify storage capacity in MW or MWh, investment requirements, or project timelines. Projected generation capacity is instead divided among solar, wind, combined-cycle, cogeneration, geothermal, CSP, green hydrogen, internal combustion and other technologies.
The program does link grid expansion to the integration of new renewable generation. CFE plans 175 transmission projects covering 7,545 km of lines, with estimated investment of MXN 131.9 billion. The utility said the projects will facilitate the integration of new generation capacity and alleviate congestion at critical grid nodes.
20 MW green hydrogen project
CFE also lists a 20 MW green hydrogen project under a mixed-investment model, scheduled to begin operations in 2030. The document does not specify its location, investment cost, electrolyzer technology, expected hydrogen output or intended end use.
The project could be the OASIS BCS Phase I development being promoted by CFE for the Mulegé isolated power system in Baja California Sur, although the Development Program does not explicitly identify it as such.
The hydrogen project forms part of a portfolio in which financing will rely heavily on private-sector partnerships. For mixed-investment solar and wind projects, the program estimates investment of approximately MXN 319.6 billion ($15.9 billion), with most of the funding expected to come from CFE’s partners.
Mexican legislation requires the state to maintain a direct or indirect stake of at least 54% in mixed-investment projects. CFE said the structure is intended to prevent debt incurred to develop the projects from appearing on its balance sheet.
Through the implementation of the program, CFE expects to increase its generation capacity, excluding independent power producers, from 46.6 GW to 70 GW by 2030. The company also projects that the share of technologies it classifies as renewable in its generation mix will increase from 21% to 34% over the same period.",full,,dom_or_structured_full_text,https://www.pv-magazine.com/2026/09/01/mexicos-cfe-plans-to-deploy-5-4-gw-of-solar-by-2030/,pv magazine C&I PV,光伏,工商业光伏,2026-09-01T23:59:58+00:00,公共政策与社会治理 > 政策法规 > 产业与能源政策,公共政策与社会治理,产业与能源政策,"[{""path"":[""公共政策与社会治理"",""政策法规"",""产业与能源政策""],""path_text"":""公共政策与社会治理 > 政策法规 > 产业与能源政策"",""confidence"":0.85,""reason"":""核心是墨西哥CFE发布的2026-30电力发展规划与投资计划。""},{""path"":[""零碳产业"",""能量循环"",""能源测"",""发电技术"",""光伏""],""path_text"":""零碳产业 > 能量循环 > 能源测 > 发电技术 > 光伏"",""confidence"":0.8,""reason"":""规划新增容量中4.9GW以上来自光伏混合投资项目。""}]",classified,2026-09-02T00:18:39.597214+00:00,glm-5.2,2026-08-14,
"Japan to exclude silicon solar from new subsidies, prioritize perovskite - pv magazine Global",2026-09-01,"Japan’s Ministry of the Environment said conventional silicon solar panels, whose installation costs have declined significantly, will be excluded from newly implemented subsidy programs beginning in fiscal 2027.
The ministry said the shift is intended to focus support on next-generation solar technologies, including perovskite solar cells, citing industrial competitiveness alongside environmental policy goals. It noted that Japan controls roughly 30% of global iodine supply, a key perovskite raw material.
Perovskite solar cells are lightweight and flexible, making them suitable for locations where conventional panels are difficult to install.
Japan’s Ministry of Economy, Trade and Industry (METI) said in November 2024 that it plans to deploy around 20 GW of new PV systems based on
perovskite technology
In October 2025, Japan’s New Energy and Industrial Technology Development Organization (NEDO) launched a
six-year R&D program
to advance large-scale manufacturing and field testing of tandem perovskite solar cells. NEDO also outlined
24 research themes
for a 2025-29 program covering next-generation solar cells, system integration, grid stability, and recycling, and published a
solar strategy
supporting Japan’s goal of carbon neutrality by 2050.",full,,dom_or_structured_full_text,https://www.pv-magazine.com/2026/09/01/japan-to-exclude-silicon-solar-from-new-subsidies-prioritize-perovskite/,pv magazine C&I PV,光伏,工商业光伏,2026-09-02T00:00:00+00:00,公共政策与社会治理 > 政策法规 > 产业与能源政策,公共政策与社会治理,产业与能源政策,"[{""path"":[""公共政策与社会治理"",""政策法规"",""产业与能源政策""],""path_text"":""公共政策与社会治理 > 政策法规 > 产业与能源政策"",""confidence"":0.9,""reason"":""核心是日本环境省调整光伏补贴政策、排除晶硅并转向钙钛矿。""},{""path"":[""零碳产业"",""能量循环"",""能源测"",""发电技术"",""光伏""],""path_text"":""零碳产业 > 能量循环 > 能源测 > 发电技术 > 光伏"",""confidence"":0.85,""reason"":""政策重点支持钙钛矿等下一代光伏电池技术及产业化。""}]",classified,2026-09-02T00:18:39.597214+00:00,glm-5.2,2026-08-14,
Waaree Energy increases capacity of Arizona factory to 1.6 GW - pv magazine Global,2026-09-01,"Waaree Energies’ board has approved the consolidation of some of its module manufacturing operations in Gujarat. The company plans to relocate plant and machinery from its 1 GW Tumb facility and 1.11 GW Nandigram facility to its existing manufacturing site in Chikhli.
Waaree said in December 2025 that its total solar module manufacturing capacity in India, including Indosolar, had reached 20.17 GW. Its Chikhli facility accounted for 16.44 GW of capacity approved under India’s Approved List of Models and Manufacturers (ALMM). The company also operates 5.4 GW of solar cell manufacturing capacity in Chikhli. The relocation of the Tumb and Nandigram equipment is a consolidation of existing production assets and therefore does not, by itself, represent an additional 2.11 GW of group manufacturing capacity.
The board has also approved approximately $37 million of capital expenditure by Waaree Solar Americas Inc. (WSA), a wholly owned subsidiary, to revamp its module manufacturing facility in Arizona, United States.
The project will replace the facility’s existing module production lines with higher-efficiency equipment and increase its annual manufacturing capacity from 1 GW to 1.6 GW.
Following the expansion, Waaree Energies said its total module manufacturing capacity in the United States will reach 4.8 GW, comprising 3.2 GW in Texas and 1.6 GW in Arizona.
The company said the Arizona investment will be financed through a combination of debt and internal accruals.",full,,dom_or_structured_full_text,https://www.pv-magazine.com/2026/09/01/waaree-energies-wins-700-mw-solar-plus-storage-project-from-seci-plans-37-million-arizona-factory-upgrade/,pv magazine C&I PV,光伏,工商业光伏,2026-09-02T00:00:02+00:00,零碳产业 > 能量循环 > 能源测 > 发电技术 > 光伏,零碳产业,光伏,"[{""path"":[""零碳产业"",""能量循环"",""能源测"",""发电技术"",""光伏""],""path_text"":""零碳产业 > 能量循环 > 能源测 > 发电技术 > 光伏"",""confidence"":0.92,""reason"":""核心事件是光伏组件制造工厂产能扩建至1.6GW。""}]",classified,2026-09-02T00:18:39.597214+00:00,glm-5.2,2026-08-14,
Australian manufacturer plans 500 MW perovskite-silicon tandem solar module factory - pv magazine Global,2026-09-01,"The Australian Renewable Energy Agency (ARENA) announced it would provide University of Sydney researchers with AUD 7.25 million ($5.2 million) towards a AUD 19.5 million project to develop more durable Silicon (Si)-perovskite tandem solar cells in order to maintain their high efficiencies for commercial use.
The University of Sydney team will partner with Brisbane-based solar panel manufacturing startup Unison Solar Energy and scientists from Singapore’s Nanyang Technological University to take the next-generation technology from research towards commercial-scale production.
“Our ambition is to pioneer a new era of Australian solar manufacturing and commercialize leading technologies here at home,” Unison Solar Chief Executive Officer Allen Guo said.
Si-perovskite tandem cell technology
has demonstrated the potential to overcome the performance limitations of current solar technologies that rely on silicon as the sole semiconductor. Silicon’s conversion rate – the amount of solar energy it converts into electricity – currently peaks at about 25% but the researchers said Si-perovskite tandem cell technology could theoretically deliver conversion efficiencies of about 40%.
Team leader Professor Anita Ho-Baillie, John Hooke Chair of Nanoscience at the University of Sydney Nano Institute and School of Physics, said the researchers’ efforts have focused on stacking perovskites, made from synthesising metal with halogens, on top of silicon to form a tandem solar cell, rather than using silicon as the sole semiconductor.
“There isn’t much room for silicon to improve because its theoretical limit is only 30%, but for perovskite-silicon tandem, it is about 40%,” she said.
The research team has already shown the
greater efficiency of the Si-perovskite technology
, achieving Australia’s first 30% efficient Si-perovskite tandems on small and large areas. The team has also reported tandem cells passing industry standard tests against
thermal extremes
and moisture.
Despite the potential of the technology, scaling devices beyond the laboratory and ensuring their stability under real-world conditions has proven challenging. Perovskite materials can break down when exposed to light, heat, moisture and mechanical stress.
Chief Investigators from the University of Sydney and Unison Solar Energy, from left, Unison CTO Sam Lee, David McKenzie, Guoliang Wang, Unison CEO Allen Guo, Anita Ho-Baillie, and Jueming Bing. | Image: Stephanie Zingheim, University of Sydney
Ho-Baillie said the new funding will help the researchers prove the reliability of Si-perovskite cells under a series of industry standards and take tandem-cell technology one step closer to becoming commercially viable. The ultimate goal is to improve the cells’ ability to maintain their conversion rate over the life expectancy of solar panels.
“This is a fantastic opportunity for us to make research we’ve been doing at the university for the last six years translational,” she said. “Our next round of testing will prove this technology’s ability to cope with UV light and mechanical stresses.”
Unison Solar, which is establishing a solar panel production facility in Brisbane’s outer suburbs with an initial 500 MW manufacturing capacity, will work with the researchers during the commercialisation stage.
Guo, a former chief operating officer at Jinko Solar, said the Queensland-headquartered company will assess manufacturing costs, supply chains, customer needs and pathways to pilot production and scale-up.
“This project marks the beginning of collaboration with leading Australian research institutions for Unison Solar Energy,” he said, with the company aiming to establish gigawatt-scale production of advanced solar products in Australia.
Goa, a former chief operating officer at Jinko Solar, said Unison’s goal is to establish a manufacturing-ready technology platform capable of delivering next-generation tandem solar products with outstanding performance and long-term field reliability.
“Australia has been at the forefront of global solar research for more than 50 years, but local manufacturing remains limited and has not reached the scale our energy transition demands,” he said. “By combining Unison’s capability, technology and vision with ARENA’s support and the University of Sydney’s research expertise, we intend to deliver affordable, high-quality Australian-made solar products to Australian families. This is the start of our exciting journey.”
The project is one of 20 research and development initiatives to secure funded as part of a $105.6 million funding round announced by ARENA.
The funding will support projects spanning improved efficiency, cost and stability across advanced cells and modules, to innovations that can help improve solar farm deployment, operations and maintenance. and reduce the levelized cost of electricity (LCOE).
“Australia has played a leading role in the development of solar technology, and these projects will help ensure we continue to strengthen that position,” ARENA acting CEO Chris Faris said.
“The portfolio brings together a mix of near-term improvements and breakthrough technologies that have the potential to lower costs, improve performance and accelerate the deployment of solar energy both in Australia and around the world.”
“Achieving ultra low-cost solar requires innovation across the entire value chain. From the solar cells and modules themselves through to the way solar farms are built, operated and maintained, these projects will help unlock practical solutions that support a faster, more affordable energy transition.”
The funding is to be delivered over five years, commencing in 2027.",full,,dom_or_structured_full_text,https://www.pv-magazine.com/2026/09/01/researchers-team-with-queensland-manufacturer-to-drive-perovskite-silicon-tandem-solar-cell-development/,pv magazine C&I PV,光伏,工商业光伏,2026-09-02T00:00:04+00:00,,,,,error,,glm-5.2,2026-08-14,"Z.AI HTTP 400: {""type"":""error"",""error"":{""type"":""invalid_request_error"",""code"":""1301"",""message"":""[1301][系统检测到输入或生成内容可能包含不安全或敏感内容，请您避免输入易产生敏感内容的提示语，感谢您的配合。][2026090208183925ce2233c2914fea]""},""request_id"":""2026090208183925ce2233c2914fea""}"
"Section 232 tariffs push U.S. module prices to 2023 levels, but analysts see a path back to $0.30/W - pv magazine Global",2026-09-01,"The recent
Section 232 trade action
taken by the Trump Administration to impose tariffs and minimum import prices on silicon products will dramatically reshape domestic solar procurement, making U.S. module assembly using imported cells the de facto industry standard and offering the greatest benefits to vertically-integrated companies, according to clean energy advisory firm Intertek CEA.
Speaking during a recent webinar, Intertek CEA policy research manager Christian Roselund and associate director for market intelligence Joseph C. Johnson detailed the regulatory and market consequences of the trade action.
The Section 232 action, which was announced August 6 and takes effect December 4, 2026, establishes a two-pronged tariff scheme, requiring imports entering the United States on or after the effective date to meet a minimum import price (MIP) at the time of their first arm’s-length sale while also paying a 15% ad valorem tariff on the entered value.
The MIPs are set at 38 cents per watt for modules and 22 cents per watt for cells, and the Intertek analysts translated the weight-based benchmarks for upstream materials to their cost-per-watt equivalents: 3.7 cents for polysilicon, and 12 cents for ingots and wafers.
The fact that the MIPs stack with the ad valorem 15% tariff and existing Section 301 tariffs of between 10 and 12.5 percent has led spot pricing for imported and domestic modules to increase to roughly 46 cents per watt.
Image: Intertek CEA
Johnson noted that the market last saw similar prices during the reaction to the Southeast Asian anti-circumvention inquiry in 2022 and 2023. However, he predicted that prices for modules assembled in the U.S. using imported cells will eventually settle around a floor of 30 cents per watt in the future as the market adapts.
The path back to 30-cent modules
The Intertek CEA analysts say the primary effect of the Section 232 tariffs will be the effective elimination of solar module imports to the U.S., with simple economics driving buyers toward domestically-assembled modules.
“We’re expecting domestic module assembly to start to dominate the market in 2027,” said Roselund, but he also noted that existing vertically integrated companies would have the easiest time selling into the new domestic market.
“Vertically integrated companies can afford to sell at these inflated minimum import prices and pocket the margin,” he said. “Say, if you’re a company that makes cells and modules and you make cells overseas, you sell in at 22 cents a watt, you can have your modules produced at a lower cost because you’ve made the profit on the cell side. And the higher the degree of vertical integration, the more benefit this has.”
On the other side of the coin, domestic companies that only assemble modules face higher cell prices from suppliers both foreign and domestic. And while domestic cell manufacturers might benefit from the higher prices they can charge as volatility drives higher prices, they will eventually face a hit to their profitability due to the cost of imported silicon wafers.
Image: Intertek CEA
The potential benefits to vertically-integrated companies may not be enough to drive new investment in stateside processing of polysilicon and manufacturing of silicon ingots, wafers and cells. Johnson noted that an uncertain environment when it comes to potential changes in policy is likely to stifle that kind of growth.
“Given all of the unknowns [around the future of the tariffs and U.S. trade policy], it is very difficult to commit to a multi-year, hundreds of millions of dollars of new capex spend on a PV facility that could continue to face a lot of policy turmoil,” he said. “It’s very difficult for manufacturers to expand in that type of environment when there are so many unknowns about how many projects might still continue to get built out into the future. What is clear, though, is there is going to be a lot of module assembly for developers to take advantage of.”
Johnson went on to lay out one potential path to profitable domestic module assembly that doesn’t rely on vertical integration. He envisioned a framework under which a foreign cell manufacturer sells its products to module assemblers in the U.S. market above the MIP, then pays those assemblers to process the cells into modules (for which the latter company would earn Section 45X tax credits) and then agrees to buy the modules back from the assembler at a prearranged price that guarantees a small margin for the assembler, before eventually selling the modules into the market at a slight markup.
Image: Intertek CEA
In this way, the cell supplier makes money on the initial sale of the cells and on the modules, the assembler ensures revenue from the cell supplier and earns a profit through its assembly operations, and the market buyers get domestically-assembled modules at prices below the imported module MIP.
With U.S. module assembly capacity trending toward double the projected annual PV installation volume in the United States by the end of 2027, Johnson says these companies will have to turn to creative solutions like these to survive in a highly-competitive market.
“Having a decent amount of excess module capacity is always good,” Johnson said. “As a module maker, you want to be able to respond to seasonality, to rush orders that let you capture maybe higher prices on a desperate customer… But when you start to get to multiples of demand — you know, 2x the amount of US demand as module capacity — that’s typically when we start to expect more competitive forces to work.”
The effects of these kinds of market forces may still be years off, though. The analysts expect additional regulations to come from the Commerce Department within the next few months, followed by delays on imports as U.S. Customs undertakes a significant expansion of its role and authority in this area.
“As we saw with UFLPA [The Uyghur Forced Labor Prevention Act], even the product that got cleared took time to get cleared,” Roselund said. “This can mean delays on imports. Unfortunately, that’s kind of the best-case scenario.”
The full Intertek CEA webinar on Section 232 policy and market impacts can be viewed now
on the firm’s YouTube channel",full,,dom_or_structured_full_text,https://www.pv-magazine.com/2026/09/01/section-232-tariffs-push-u-s-module-prices-to-2023-levels-but-analysts-see-a-path-back-to-30-cents-per-watt/,pv magazine C&I PV,光伏,工商业光伏,2026-09-02T00:00:05+00:00,,,,,error,,glm-5.2,2026-08-14,"Z.AI HTTP 400: {""type"":""error"",""error"":{""type"":""invalid_request_error"",""code"":""1301"",""message"":""[1301][系统检测到输入或生成内容可能包含不安全或敏感内容，请您避免输入易产生敏感内容的提示语，感谢您的配合。][2026090208183925ce2233c2914fea]""},""request_id"":""2026090208183925ce2233c2914fea""}"
Shipping gigawatt-hours of battery storage - pv magazine Global,2026-09-01,"What does a multinational maritime company know about energy storage? “You know, the Strait of Hormuz made us understand how important the transport and storage of energy is around the world,” said Roberto Jimenez, executive director at BW ESS. Parent company BW Group owns one of the largest shipping fleets in the world and is …",incomplete,truncated_ending,dom_or_structured_full_text,https://www.pv-magazine.com/2026/09/01/shipping-gigawatt-hours-of-battery-storage/,pv magazine C&I PV,光伏,工商业光伏,2026-09-02T00:00:09+00:00,,,,,error,,glm-5.2,2026-08-14,"Z.AI HTTP 400: {""type"":""error"",""error"":{""type"":""invalid_request_error"",""code"":""1301"",""message"":""[1301][系统检测到输入或生成内容可能包含不安全或敏感内容，请您避免输入易产生敏感内容的提示语，感谢您的配合。][2026090208183925ce2233c2914fea]""},""request_id"":""2026090208183925ce2233c2914fea""}"
秦山核电秦二厂218大修正式开始,2026-09-01,"2026-09-01 10:38 来源：秦山核电
9月1日2时20分，秦二厂2号机组与华东电网解列，秦二厂218大修正式开始。
本次大修为秦二厂2号机组C类大修，除了年度大修常规项目一回路开关盖、燃料装卸、SG涡流检查和冲洗外，还包括了发电机抽、穿转子及检查、柴油机励磁系统改造、PSR弱项防硼误稀释改造、一回路自动补水及余排涡流探测功能、核岛低压配电盘改造等重要专项工作。
本次大修计划项目共计6119项：其中预防性项目3764项、策略性维修171项、定期试验789项、变更改造工单133项，其它类型工作1262项。
全体大修将士将以高度的责任心与使命感，在中核核电运行管理有限公司总经理部和大修指挥部的统一领导与部署下，秉承“责任、安全、创新、卓越”的核心价值观，牢牢把握核安全文化“863基本动作要领”，充分发挥“坚定政治立场、严守安全底线、勇于守正创新、敢于担当作为、保持清正廉洁”的五大优良作风，坚守各自岗位，强化协同配合，全力以赴完成大修各项任务，为机组的安全稳定运行贡献力量!",full,,dom_or_structured_full_text,https://www.cinie.net/article/63666.html,中国核电信息网-国内,核电,国内核电,2026-09-02T00:01:47+00:00,,,,,error,,glm-5.2,2026-08-14,"Z.AI HTTP 400: {""type"":""error"",""error"":{""type"":""invalid_request_error"",""code"":""1301"",""message"":""[1301][系统检测到输入或生成内容可能包含不安全或敏感内容，请您避免输入易产生敏感内容的提示语，感谢您的配合。][2026090208183925ce2233c2914fea]""},""request_id"":""2026090208183925ce2233c2914fea""}"
田湾核电多台机组上线自主研发EPM系统,2026-09-01,"2026-09-01 09:15 来源：江苏核电
8月31日，中国核电自主研发的生产管理平台EPM系统在田湾核电3、4号及7、8号机组正式上线运行。此次上线标志着江苏核电生产管理进入标准化管控新阶段，也为中国核电推进数字化转型提供了来自田湾核电的实践样本。
EPM系统是中国核电自主研发、拥有完全自主知识产权的新一代核电厂生产管理系统。该系统面向核电现场生产作业需求，打通计划、运行、维修、设备、安全许可等业务环节，统一全厂作业执行标准，实现生产管理全链条闭环控制。系统涵盖调试管理、运行管理、工单管理等核心业务模块，是支撑核电厂运行发电、生产组织和安全管理的重要工具。
为保障系统平稳落地，江苏核电成立由公司总经理牵头的EPM推广项目领导小组，统筹顶层决策和跨部门资源调度。生产计划处作为牵头部门，联合运行、维修、安全监督、技术等17个核心业务处室组建专项推广项目组，编制里程碑计划、上线切换方案等文件，系统梳理新旧生产管理系统流程差异。
项目组累计覆盖11个业务领域，识别业务差异点70余项，重点锁定数据迁移、流程变化、上线切换等任务，形成由生产计划处统筹、各业务处室协同、全员参与推进的一体化工作机制，为项目启动和实施奠定基础。
据了解，EPM系统上线并非单一信息系统改造，而是覆盖生产全流程的业务调整。项目自2026年初启动以来历时8个月，各业务部门协同推进，完成多项建设任务，实现SAP系统向EPM系统的平稳过渡。
在项目实施过程中，生产计划处牵头组织编制里程碑计划、上线切换方案、上线保驾方案等10余份方案，推进31条生产流程固化，梳理受系统上线影响的管理程序60份，并组织多轮跨部门全流程联合演练，覆盖工单全流程、综合许可证办理等核心业务场景。演练中发现的功能优化建议被及时反馈至开发部门，为系统部署和机组切换提供支撑。
运行部门派出一线业务骨干参与生产流程测试。本次EPM系统采取分阶段上线策略，优先完成运行日志、运行巡检、运行限值管理3个核心模块部署投用。运行人员结合机组现场操作经验提出优化建议，推动先行上线模块与现场生产需求相匹配，保障机组运行秩序稳定。
维修部门则重点应对历史工单基数大、数据关系复杂、核对校验难度高等问题。在保障机组安全运行的同时，相关关键用户逐条比对校验，修正数据错漏、补齐缺失字段，完成百万条工单清洗核对工作，实现新旧工单数据完整、准确对接。
为帮助员工适应系统上线后的业务流程变化，推广项目组按照“关键用户带头学、全员用户普遍学、重点模块强化学”的思路，分阶段开展实操培训。2026年1月，项目组完成全厂普及宣贯;4月，组织运行、维修、技术、安全质量、保卫等处室关键用户对电厂用户开展专项业务培训;8月上线前夕，又开展关键模块强化培训。各业务处室员工通过实操演练熟悉系统功能，为系统投用储备人员基础。
系统正式切换当日，生产计划处牵头各业务处室，并联系运行研究院启动全天候联合值守机制，30余人协同在岗，围绕数据迁移收尾、系统功能现场校验、实操答疑和问题处置等环节开展保障工作，确保生产业务平稳过渡。
此次田湾核电3、4号及7、8号机组成功切换EPM系统，进一步推动江苏核电生产管理向标准化、数字化方向转型。下一步，推广项目组将继续优化系统功能，稳步推进其余机组上线，逐步实现田湾核电8台机组EPM系统全覆盖。",full,,dom_or_structured_full_text,https://www.cinie.net/article/63592.html,中国核电信息网-国内,核电,国内核电,2026-09-02T00:01:53+00:00,,,,,error,,glm-5.2,2026-08-14,"Z.AI HTTP 400: {""type"":""error"",""error"":{""type"":""invalid_request_error"",""code"":""1301"",""message"":""[1301][系统检测到输入或生成内容可能包含不安全或敏感内容，请您避免输入易产生敏感内容的提示语，感谢您的配合。][2026090208183925ce2233c2914fea]""},""request_id"":""2026090208183925ce2233c2914fea""}"
哈尔滨工程大学成立乏燃料后处理与先进材料研究院,2026-09-01,"2026-09-01 08:59 来源：哈尔滨工程大学
8月31日，哈尔滨工程大学乏燃料后处理与先进材料研究院成立大会在该校启航活动中心举行。来自核科学与技术领域的院士专家、行业企业代表、兄弟院校代表和校友代表等150余人参加会议。
新成立的研究院将面向核能安全保障和核能可持续发展需求，整合学校核科学、材料、化工等优势学科资源，聚焦乏燃料后处理工艺攻关、先进材料研发和相关关键核心技术突破，推进基础研究、技术攻关与成果转化协同发展。
会上，多位与会专家表示，乏燃料后处理是核燃料循环体系的重要环节，关系核能长期安全、高效和可持续利用。随着核能产业发展，对核化工、核燃料循环及先进分离材料等方向的高层次人才需求持续增长，高校、科研院所和产业单位之间的协同培养与联合攻关需要进一步加强。
会议期间，哈尔滨工程大学与中核第七研究设计院有限公司、核工业第八研究所、中国核电工程有限公司、珠海迈科投资控股有限公司等单位签署产教融合共建合作协议。学校还为乏燃料后处理领军班学员代表举行佩戴校徽仪式。该班为全国首个乏燃料后处理本博贯通班，采用“3+1+X”培养模式，依托科研项目、专业课程和工程实践，搭建“课堂研学—现场实操—课题攻关”一体化育人链条。
成立大会后，学校举行研究院发展咨询会，邀请乏燃料后处理领域专家围绕研究院建设方向、科研布局和人才培养提出建议。同期举办的专题研讨会上，与会专家围绕核燃料循环技术、乏燃料水法后处理、碳酸盐体系后处理技术、闭式循环下乏燃料干法贮存、多孔材料在放射性核素去除中的应用、核素精准识别与高效分离等议题进行交流。
哈尔滨工程大学“核化工与核燃料工程”专业是核化工领域全国唯一的国家级一流本科专业。学校方面表示，研究院将围绕乏燃料后处理与先进材料方向建设高水平教研平台，服务核工业重大工程和核化工领域拔尖创新人才培养。",full,,dom_or_structured_full_text,https://www.cinie.net/article/63580.html,中国核电信息网-国内,核电,国内核电,2026-09-02T00:01:55+00:00,,,,,error,,glm-5.2,2026-08-14,"Z.AI HTTP 400: {""type"":""error"",""error"":{""type"":""invalid_request_error"",""code"":""1301"",""message"":""[1301][系统检测到输入或生成内容可能包含不安全或敏感内容，请您避免输入易产生敏感内容的提示语，感谢您的配合。][2026090208183925ce2233c2914fea]""},""request_id"":""2026090208183925ce2233c2914fea""}"
徐大堡核电厂3、4号机组首批值长、副值长履职,2026-09-01,"2026-09-01 08:58 来源：中核辽宁核电有限公司
8月28日，辽宁核电举行徐大堡核电厂3、4号机组首批值长、副值长聘任仪式，辽宁核电相关负责人出席。
仪式上，辽宁核电宣读任命决定，徐大堡核电厂3、4号机组首批值长、副值长正式履职。现场播放的纪实短片回顾了该运行队伍从理论学习、系统培训到现场实操和岗位历练的成长过程。相关人员经过培训、实践、选拔和考核，进入机组运行关键岗位。
当天，运行处负责人与首批值长代表签订年度经营业绩责任书，明确安全履职责任。随后，首批值长、副值长集体宣誓，表明将按岗位职责开展运行值守和安全管理工作。
辽宁核电相关负责人在仪式上表示，值长、副值长是机组运行管理的重要岗位，承担现场生产调度、运行组织和安全保障职责。公司要求新任人员强化核安全意识，提升运行指挥和应急处置能力，加强协同配合，严格执行规程和纪律要求。
此次聘任是徐大堡核电厂3、4号机组投产准备工作的一项重要安排，也标志着相关运行队伍建设和岗位配置进一步推进。",full,,dom_or_structured_full_text,https://www.cinie.net/article/63576.html,中国核电信息网-国内,核电,国内核电,2026-09-02T00:02:06+00:00,,,,,error,,glm-5.2,2026-08-14,"Z.AI HTTP 400: {""type"":""error"",""error"":{""type"":""invalid_request_error"",""code"":""1301"",""message"":""[1301][系统检测到输入或生成内容可能包含不安全或敏感内容，请您避免输入易产生敏感内容的提示语，感谢您的配合。][2026090208183925ce2233c2914fea]""},""request_id"":""2026090208183925ce2233c2914fea""}"
核电厂冷源设施阴极保护交流会在苏州召开,2026-09-01,"2026-09-01 08:52 来源：苏州热工研究院有限公司
核电冷源设施腐蚀防护
智能阴极保护系统
近日，由中国核能行业协会主办、中广核苏州热工院承办的核电厂冷源设施阴极保护交流会召开，来自中广核、中核、国电投、华能各核电运营单位，中科院等科研院所的专家代表齐聚苏州，围绕核电厂冷源设施阴极保护关键技术开展专题研讨与技术交流。
本次交流会汇集多领域优质技术报告，聚焦核电冷源设施阴极保护工程实践、基础研究与智能装备应用，围绕智能阴极保护系统成套装备与运维技术、阴极保护工况下微生物腐蚀行为、埋地管道阴极保护关键问题、核电阴极保护系统调试启动、阴极保护监测与评估、冷源设施防护优化实践等作专题分享。报告结束后，参会代表结合各自工程实践、科研实验过程中遇到的痛点难点展开热烈讨论，分享一线运行经验，碰撞技术创新思路。
核电厂冷源设施是核电安全运行的重要屏障，阴极保护作为腐蚀控制的核心技术，直接关系冷源设施全生命周期设备可靠性。作为国内核电腐蚀防护领域重要技术支撑单位，苏州热工院在核电厂冷源设施阴极保护方向已有十余年技术积累，坚持关键技术与装备自主可控，完成智能阴极保护系统成套装备自主设计、迭代开发与工程落地，积累丰富实践应用经验，为集团内外多家电厂长期提供优质技术产品与服务。针对阴极保护系统运维痛点，苏州热工院开发配套群厂阴极保护远程智能运维数字化平台，集成在线采集、远程调控、异常预警、状态评估等核心能力，有效破解核电现场参数采集困难、故障处置滞后等行业难题。本次交流会顺利举办，打通各核电运营单位、科研院所技术交流渠道，推动冷源阴极保护先进技术与运维经验行业共享互鉴，助力国内核电腐蚀防护领域协同发展。",full,,dom_or_structured_full_text,https://www.cinie.net/article/63573.html,中国核电信息网-国内,核电,国内核电,2026-09-02T00:02:08+00:00,,,,,error,,glm-5.2,2026-08-14,"Z.AI HTTP 400: {""type"":""error"",""error"":{""type"":""invalid_request_error"",""code"":""1301"",""message"":""[1301][系统检测到输入或生成内容可能包含不安全或敏感内容，请您避免输入易产生敏感内容的提示语，感谢您的配合。][2026090208183925ce2233c2914fea]""},""request_id"":""2026090208183925ce2233c2914fea""}"
保加利亚科兹洛杜伊核电站5号机组功率升至950兆瓦,2026-09-01,"保加利亚科兹洛杜伊核电站5号机组功率升至950兆瓦
2026年8月31日10时，保加利亚科兹洛杜伊核电站 (Kozloduy NPP) 5号机组按计划开始分阶段提高发电功率。至当天17时，该机组发电功率已升至950兆瓦。
此前几天，保加利亚境内多瑙河水位出现回升，电站据此推进机组恢复正常运行。科兹洛杜伊核电站表示，运行团队持续开展相关工作，以保障核电机组安全、可靠运行。
为应对河流水位变化，电站持续监测多瑙河水位，并与多瑙河研究与维护执行机构保持沟通，及时掌握水位变化趋势。同时，电站严格执行长期低水位应急程序，对技术供水区域水利设施进行连续监控，并采取必要措施保障相关设施有效运行。
尽管8月多瑙河水位一度降至历史低位，科兹洛杜伊核电站仍保持稳定运行，继续向保加利亚及周边地区提供电力供应。",full,,trafilatura_full_text,https://www.cinie.net/article/63776.html,中国核电信息网-国际,核电,国际核电,2026-09-02T00:02:57+00:00,,,,,error,,glm-5.2,2026-08-14,"Z.AI HTTP 400: {""type"":""error"",""error"":{""type"":""invalid_request_error"",""code"":""1301"",""message"":""[1301][系统检测到输入或生成内容可能包含不安全或敏感内容，请您避免输入易产生敏感内容的提示语，感谢您的配合。][2026090208183925ce2233c2914fea]""},""request_id"":""2026090208183925ce2233c2914fea""}"
美国TerraPower再授Natrium反应堆供应商合同,2026-09-01,"美国TerraPower再授Natrium反应堆供应商合同
美国核能创新企业泰拉能源公司 (TerraPower) 8月31日宣布，已选定12家供应商，继续推进其首座Natrium核电站——美国怀俄明州凯默勒1号机组的供应链建设。该项目目前正在建设中，泰拉能源公司称其为西半球首个在建的公用事业规模先进反应堆项目。
泰拉能源公司高级副总裁、Natrium项目总监帕特·杨 (Pat Young) 表示，锁定供应商合同是建立先进核电站建设所需韧性供应链的重要环节。随着相关合同签署，公司正在扩大合格合作伙伴网络，并推动Natrium反应堆商业化所需的关键节点按计划推进。
本轮合同涉及反应堆及钠工艺系统相关设计、监测、控制、换热、阀门和仪控设备等内容，同时将支持怀俄明州Natrium电站内首个钠测试和填充设施建设。
具体合同包括：梅里克公司 (Merrick & Company) 负责销钉移除单元设计和钠覆盖气体监测撬装设计;米里昂技术公司 (Mirion Technologies Inc.) 负责工厂网络系统;BWXT加拿大公司 (BWXT Canada Ltd.) 负责控制棒驱动机构设计;泰莱布朗工程公司 (Talley Brown Engineering) 负责钠覆盖气体标记气体分析柜;马门公司 (Marmen Inc.) 负责燃料输送提升装置设计;美国热能工程国际公司 (Thermal Engineering International USA Inc.) 负责空气—钠热交换器;詹森休斯公司 (Jensen Hughes) 负责排放与膨胀罐设计;波士顿政府服务公司 (Boston Government Services LLC) 负责钠覆盖气体控制撬装设计;詹姆斯·费舍尔技术公司 (James Fisher Technologies LLC) 负责堆外储罐设计;KHRONE公司 (KHRONE) 负责中间传热系统流量计;Valserve公司 (Valserve) 负责中间传热系统排放阀。
Natrium技术采用345兆瓦钠冷快堆方案，并配套熔盐储能系统。按照泰拉能源公司的介绍，该储能系统可在需要时将电站输出功率提升至500兆瓦，使机组在保持基础负荷稳定输出的同时，具备在用电高峰时提高功率的能力。
首座Natrium核电站在美国能源部 (DOE) 先进反应堆示范计划 (ARDP) 框架下开发。该计划采用公私合作模式，项目预计于2030年建成。泰拉能源公司还表示，公司正推动Natrium技术商业化，并已与Meta公司 (Meta) 达成协议，计划到2035年在美国建设多达8座Natrium核电站。",full,,trafilatura_full_text,https://www.cinie.net/article/63658.html,中国核电信息网-国际,核电,国际核电,2026-09-02T00:02:59+00:00,,,,,error,,glm-5.2,2026-08-14,"Z.AI HTTP 400: {""type"":""error"",""error"":{""type"":""invalid_request_error"",""code"":""1301"",""message"":""[1301][系统检测到输入或生成内容可能包含不安全或敏感内容，请您避免输入易产生敏感内容的提示语，感谢您的配合。][2026090208183925ce2233c2914fea]""},""request_id"":""2026090208183925ce2233c2914fea""}"
韩国将于2027年启动国家辐射监测中心,2026-09-01,"韩国将于2027年启动国家辐射监测中心
韩国政府9月1日在内阁会议上审议并通过《2027年预算案》。根据预算安排，韩国将于2027年启动国家辐射监测中心，统一收集、管理全国环境和海洋放射性信息;同时扩建核安全信息共享中心，加强与核电站周边居民的直接沟通。
韩国核安全委员会 (NSSC) 已为国家辐射监测中心建设和运营安排14亿韩元。该项目旨在强化环境放射性监测与分析体系，以应对韩国国内核电利用规模扩大，以及周边国家核设施运行和建设增加带来的监管需求。
国家辐射监测中心计划于2027年2月启动，其基础为设在韩国核安全研究院 (KINS) 的现有“中央辐射测量站”。新中心将负责对全国环境和海洋中的放射性物质进行监测、分析和评估，并承担核事故影响评估等任务。若海外核设施影响导致韩国境内存在较高放射性污染风险，NSSC也可开展污染调查。
该中心还将提升样品分析能力，包括对韩国国内水体及核电站周边区域采集样品中的放射性核素进行直接识别和定量分析。韩国方面计划通过能力验证、人员培训和技术支持，提升国内相关分析机构的整体水平。
目前分散管理的环境、大气和海水放射性数据也将被纳入统一体系。NSSC计划建设综合信息系统，加强不同数据之间的关联分析，并扩大公开范围，优先公开与公众日常生活关系密切的放射性信息。
在公众沟通方面，NSSC将投入48亿韩元用于核安全信息公开和沟通项目，其中包括核安全信息共享中心的设立和运营。NSSC计划本月在高里、月城、灵光和新蔚四个核电站周边地区开设中心，并于2027年在高敞、韩蔚和大田增设三个中心，届时总数将达到七个。
韩国还将改善公众通过网络渠道获取核安全信息的方式。自2024年以来持续升级的“核安全信息共享门户”计划于2027年全面投入使用，并新增基于人工智能的搜索功能，使用户能够在同一平台检索和核验核安全相关信息。",full,,trafilatura_full_text,https://www.cinie.net/article/63742.html,中国核电信息网-国际,核电,国际核电,2026-09-02T00:03:01+00:00,,,,,error,,glm-5.2,2026-08-14,"Z.AI HTTP 400: {""type"":""error"",""error"":{""type"":""invalid_request_error"",""code"":""1301"",""message"":""[1301][系统检测到输入或生成内容可能包含不安全或敏感内容，请您避免输入易产生敏感内容的提示语，感谢您的配合。][2026090208183925ce2233c2914fea]""},""request_id"":""2026090208183925ce2233c2914fea""}"
日本北陆电力提交志贺核电站核灾害防灾业务计划修订备案,2026-09-01,"日本北陆电力提交志贺核电站核灾害防灾业务计划修订备案
北陆电力公司 (Hokuriku Electric Power Company) 8月31日宣布，已将志贺核电站《原子能事业者防灾业务计划》修订内容提交日本内阁总理大臣和原子力规制委员会备案。
该计划依据日本《原子能灾害对策特别措施法》制定，主要规定核电站在核灾害预防、紧急状态应急处置、核灾害事后应对，以及防止核灾害发生和扩大、推进恢复工作等方面所需开展的业务。
北陆电力表示，此次修订已完成与石川县、志贺町及富山县的协商。根据日本相关法律规定，核电运营企业拟修订该类计划时，应在修订日前60天前向所在都道府县、所在市町村及相关周边都道府县提交方案并进行协商;完成修订后，应及时向内阁总理大臣和原子力规制委员会备案。
根据公布的修订概要，本次调整包括：因《灾害对策基本法》相关公告修订，在计划定义中的指定行政机关增加“数字厅”，在指定地方行政机关中增加“中部管区行政评价局”;因《原子能灾害对策指针》修订，删除与“东海地震预知信息或东海地震注意信息发布时”相关的警戒事态表述，并相应调整条文编号及部分用语。
此外，修订内容还包括删除石川县地区防灾计划中已不再列入借用资机材的“累积剂量计(热释光剂量计)”相关表述;因向羽咋警察署等机构的联络改为经由石川县警察本部进行，计划中相应删除原有联络路径表述。北陆电力还根据实际运行情况，对各类人员派遣相关表述及格式注释进行了调整。",full,,trafilatura_full_text,https://www.cinie.net/article/63760.html,中国核电信息网-国际,核电,国际核电,2026-09-02T00:03:03+00:00,,,,,error,,glm-5.2,2026-08-14,"Z.AI HTTP 400: {""type"":""error"",""error"":{""type"":""invalid_request_error"",""code"":""1301"",""message"":""[1301][系统检测到输入或生成内容可能包含不安全或敏感内容，请您避免输入易产生敏感内容的提示语，感谢您的配合。][2026090208183925ce2233c2914fea]""},""request_id"":""2026090208183925ce2233c2914fea""}"
俄罗斯“列宁格勒”号核动力破冰船配电设备通过检验,2026-09-01,"俄罗斯“列宁格勒”号核动力破冰船配电设备通过检验
俄罗斯海事船舶登记局 (RS) 核动力船舶分局近日完成对22220型通用核动力破冰船“列宁格勒”号新配电设备的检验。受检设备包括岸电配电盘和低压配电盘，由圣彼得堡诺瓦亚时代公司 (Novaya ERA) 生产。“列宁格勒”号目前由联合造船集团 (USC) 旗下波罗的海造船厂 (Baltic Shipyard) 建造。
此次检验由俄罗斯海事船舶登记局检验工程师按企业申请实施。检验结果确认，相关设备符合俄罗斯现行规范要求，制造企业已获得相应登记证书。
岸电配电盘用于船舶锚泊期间接入岸上电网，保障船舶电气系统与外部电源安全、可靠连接。低压配电盘则承担低电压等级下的电能分配任务，用于实现船上电力系统的安全、可控运行。
据介绍，诺瓦亚时代公司生产的相关防护设备可抵御外部固体物体撞击，并可防止垂直落下或以最大15°角落下的水滴进入。设备气候等级为OM4.1，可在-40℃至+45℃环境下运行，并适应盐雾、高湿度和持续振动等船舶运行条件。
22220型核动力破冰船是俄罗斯现役和在建核动力破冰船的重要型号，主要任务是保障北极西部海域全年通航。该型船轴功率为60兆瓦，开阔水域航速22节，总长173.3米，型宽34米，最大破冰厚度3米，满载排水量33540吨，设计使用寿命40年，船员编制54人。
该系列首船“北极”号于2016年下水，“西伯利亚”号、“乌拉尔”号和“雅库特”号已相继建成。“楚科奇”号、“列宁格勒”号和“斯大林格勒”号目前仍在波罗的海造船厂建造。是否继续增建两艘22220型核动力破冰船，预计将在2026年作出决定。",full,,trafilatura_full_text,https://www.cinie.net/article/63712.html,中国核电信息网-国际,核电,国际核电,2026-09-02T00:03:05+00:00,,,,,error,,glm-5.2,2026-08-14,"Z.AI HTTP 400: {""type"":""error"",""error"":{""type"":""invalid_request_error"",""code"":""1301"",""message"":""[1301][系统检测到输入或生成内容可能包含不安全或敏感内容，请您避免输入易产生敏感内容的提示语，感谢您的配合。][2026090208183925ce2233c2914fea]""},""request_id"":""2026090208183925ce2233c2914fea""}"
俄罗斯列宁格勒核电站恢复向索斯诺维博尔供应热水,2026-09-01,"俄罗斯列宁格勒核电站恢复向索斯诺维博尔供应热水
2026年8月31日，俄罗斯列宁格勒核电站 (Leningrad NPP) 在完成计划检修后，恢复通过区域供热站 (BRT) 向索斯诺维博尔市 (Sosnovy Bor) 供应热水。
列宁格勒核电站汽轮机车间经理德米特里·齐甘科夫 (Dmitry Tsygankov) 表示，电站已于8月顺利完成BRT相关维护工作，包括对换热设备进行水化学清洗、检修泵送设备、开展工业安全评估，并完成必要的管道水压试验。他说，目前BRT已按计划向城市和工业区供应热水，电站也在为索斯诺维博尔供暖系统按期启动做准备;待室外气温降至相应水平后，供暖系统即可投入运行。
在BRT检修期间，索斯诺维博尔市的热水供应由市政锅炉房承担。
索斯诺维博尔是列宁格勒核电站的卫星城，当地供暖季通常在9月下旬或10月初、室外气温下降后开始。供暖系统启动将按照既定顺序推进，首先接入城市社会机构，随后接入工业区。该工业区内包括14家俄罗斯国家原子能公司 (Rosatom) 旗下企业。
目前，列宁格勒核电站的RBMK型反应堆和VVER型反应堆均可作为BRT系统的热源。该系统每年可供应约85万吉卡热量，能够满足工业区内组织和企业，以及索斯诺维博尔居民区和各小区的用热需求。",full,,trafilatura_full_text,https://www.cinie.net/article/63708.html,中国核电信息网-国际,核电,国际核电,2026-09-02T00:03:07+00:00,,,,,error,,glm-5.2,2026-08-14,"Z.AI HTTP 400: {""type"":""error"",""error"":{""type"":""invalid_request_error"",""code"":""1301"",""message"":""[1301][系统检测到输入或生成内容可能包含不安全或敏感内容，请您避免输入易产生敏感内容的提示语，感谢您的配合。][2026090208183925ce2233c2914fea]""},""request_id"":""2026090208183925ce2233c2914fea""}"
日本美滨核电站3号机组计划9月15日并网,2026-09-01,"日本美滨核电站3号机组计划9月15日并网
关西电力公司 (Kansai Electric Power) 2026年9月1日公布，日本美滨核电站3号机组定期检查相关作业正在按计划推进。根据检查进展及高压汽轮机蒸汽泄漏问题的整改情况，该机组计划于9月15日并网。
美滨核电站3号机组为压水堆机组，额定电功率82.6万千瓦，额定热功率244万千瓦。今年5月8日，该机组因确认高压汽轮机存在蒸汽泄漏，实施反应堆手动停堆。6月16日起，机组进入第29次定期检查。
关西电力表示，针对高压汽轮机蒸汽泄漏，已根据原因调查结果更换上部汽缸封堵盖，并推进制定相关指南等多项措施。同时，公司对所有流经高温、高压蒸汽或水的设备重新确认，核查其维护保养是否得到适当实施。
根据目前情况，关西电力将继续推进反应堆启动准备工作，并计划于9月15日实现并网。公司称，将在确保安全优先的前提下，稳步推进定期检查后续工作。",full,,trafilatura_full_text,https://www.cinie.net/article/63755.html,中国核电信息网-国际,核电,国际核电,2026-09-02T00:03:09+00:00,,,,,error,,glm-5.2,2026-08-14,"Z.AI HTTP 400: {""type"":""error"",""error"":{""type"":""invalid_request_error"",""code"":""1301"",""message"":""[1301][系统检测到输入或生成内容可能包含不安全或敏感内容，请您避免输入易产生敏感内容的提示语，感谢您的配合。][2026090208183925ce2233c2914fea]""},""request_id"":""2026090208183925ce2233c2914fea""}"
新加坡将认真评估核能选项以保障能源自主,2026-09-01,"新加坡将认真评估核能选项以保障能源自主
新加坡国务资政李显龙 (Lee Hsien Loong) 8月31日在结束对哈萨克斯坦和乌兹别克斯坦正式访问前表示，新加坡尚未决定是否采用核能，但必须认真研究核能是否适用于本国，为未来能源供应保留自主选项，避免在能源转型过程中受制于外部条件。
哈萨克斯坦和乌兹别克斯坦均为石油和天然气生产国，也正在推进核电项目，以提升能源体系韧性。哈萨克斯坦目前正同俄罗斯合作建设该国首座核电站;乌兹别克斯坦则已为首座小型模块化反应堆核电站奠基，并启动设计工作。
李显龙说，中亚国家的能源布局说明，若要实现脱碳并逐步减少对石油、天然气和煤炭发电的依赖，核能已成为许多国家能源组合中难以回避的一部分。对于不生产油气、同时又有脱碳目标的国家而言，可选择的路径更为有限。
新加坡已在2025年初向《联合国气候变化框架公约》秘书处提交的国家自主贡献报告中提出，力争使碳排放在2028年达到峰值。“新加坡绿色发展蓝图2030”则列明，新加坡将努力在2050年实现净零排放。目前，新加坡约95%的电力依赖进口天然气，同时通过发展太阳能、进口低碳电力以及研究其他低碳替代能源推动能源转型。
李显龙指出，中亚部分国家具备发展风能的条件，他在前往乌兹别克斯坦撒马尔罕 (Samarkand) 途中也看到太阳能发电场。但如果要获得稳定、连续的电力供应，核能很难被完全排除在讨论之外。相比之下，新加坡不产油气，发展太阳能和风能又受地理条件限制，脱碳难度更高。
他表示，新加坡必须非常认真地看待核能问题，目前还没有准备好作出决定，但需要先评估核能是否有可能在新加坡发挥作用。新加坡计划于2027年接受国际原子能机构 (IAEA) 首阶段“综合核基础设施评估”，检视本国是否具备部署核能的相关能力。
李显龙说，新一代核电设施规模更小、安全性更高，所需安全缓冲距离也较短，可能更符合新加坡的现实条件。不过，这些技术仍处于发展初期，最终能否成熟应用仍需观察，新加坡必须保持关注。
与此同时，新加坡将继续探讨从东盟 (ASEAN) 以及区域外进口绿色能源。李显龙表示，相关安排必须考虑经济可行性和价格因素，但如果新加坡没有自己的能源选项，就会长期受制于人。他说，新加坡希望为未来决策做好准备，先评估相关能力是否到位，再决定下一步行动;这一过程不能一蹴而就，也不能无限期拖延。",full,,trafilatura_full_text,https://www.cinie.net/article/63723.html,中国核电信息网-国际,核电,国际核电,2026-09-02T00:03:11+00:00,,,,,error,,glm-5.2,2026-08-14,"Z.AI HTTP 400: {""type"":""error"",""error"":{""type"":""invalid_request_error"",""code"":""1301"",""message"":""[1301][系统检测到输入或生成内容可能包含不安全或敏感内容，请您避免输入易产生敏感内容的提示语，感谢您的配合。][2026090208183925ce2233c2914fea]""},""request_id"":""2026090208183925ce2233c2914fea""}"
俄罗斯巴拉科沃核电站发布2025年生态安全报告,2026-09-01,"俄罗斯巴拉科沃核电站发布2025年生态安全报告
俄罗斯巴拉科沃核电站 (Balakovo NPP) 于2026年8月31日发布2025年生态安全报告。报告数据显示，该核电站运行活动符合卫生防疫和环境保护相关法规要求。
此次报告发布以圆桌会形式举行。与会人员了解了核电站生态政策、环境保护监测研究结果，并就相关问题进行交流。巴拉科沃核电站外部辐射安全实验室负责人亚历山大·库尔洛夫表示，在核电站建设前，需对当地天然伽马本底进行测量并确定其上下限。自投运以来，该核电站工业场地及周边区域未出现突破上述限值的情况。
据介绍，巴拉科沃核电站观察区内布设有22个自动辐射环境监测系统 (ASKRO) 监测站;在巴拉科沃市不同区域，还设置了16块独立信息显示屏，用于公布辐射本底数据。
巴拉科沃核电站环境保护部门负责人斯坦尼斯拉夫·梁赞诺夫称，该核电站运行40余年来，未记录到对环境造成负面影响的事件。核电站生态安全持续接受监管机构和科研机构监督，长期独立研究结果显示，核电站对周边自然环境和居民安全未造成不利影响。
巴拉科沃核电站每年在观察区内采集并分析600余份环境样品。萨拉托夫国立大学 (Saratov State University) 动物形态学与生态学系研究人员在相关调查中发现，巴拉科沃核电站30公里区域内生长有31种在当地被列为稀有和受保护的植物，其中11种受联邦层面保护。研究结果显示，核电站邻近环境未影响这些植物的生存。
报告纸质版将提交有关行政部门、巴拉科沃市政区议会代表及市政委员会代表，电子版已在俄罗斯核能发电股份公司 (Rosenergoatom) 官网发布。
巴拉科沃核电站隶属于Rosenergoatom，位于俄罗斯萨拉托夫州巴拉科沃市、萨拉托夫水库左岸，是俄罗斯大型核电企业之一。该站共建有4台装机容量各100万千瓦的VVER-1000型改进反应堆机组，分别于1985年、1987年、1988年和1993年投入运行。该核电站发电量约占伏尔加联邦区电力生产的四分之一。",full,,trafilatura_full_text,https://www.cinie.net/article/63674.html,中国核电信息网-国际,核电,国际核电,2026-09-02T00:03:14+00:00,,,,,error,,glm-5.2,2026-08-14,"Z.AI HTTP 400: {""type"":""error"",""error"":{""type"":""invalid_request_error"",""code"":""1301"",""message"":""[1301][系统检测到输入或生成内容可能包含不安全或敏感内容，请您避免输入易产生敏感内容的提示语，感谢您的配合。][2026090208183925ce2233c2914fea]""},""request_id"":""2026090208183925ce2233c2914fea""}"
俄罗斯加里宁核电站获评行业生态示范单位,2026-09-01,"俄罗斯加里宁核电站获评行业生态示范单位
俄罗斯加里宁核电站在“核工业生态示范单位”年度评选中获得2025年度第一名。此次评选共有俄罗斯国家原子能公司 (Rosatom) 旗下75家企业提交材料，评审委员会重点考察参评单位在生态保护、环境管理和信息公开等方面的综合表现。
加里宁核电站隶属于俄罗斯核电运营商 (Rosenergoatom)，位于俄罗斯特维尔州乌多姆利亚市。评审委员会认为，该核电站在基础设施现代化、环境影响指标控制、水生生物资源保护、生态科普和信息公开等方面形成了较完整的工作体系。
资料显示，加里宁核电站生产因素对周边环境的影响处于较低水平，并显著低于环保主管部门规定的限值。评审中被提及的技术措施包括污水处理设施升级，以及保障补充水源稳定高效运行。这些措施有助于维持佩斯沃湖和乌多姆利亚湖两座冷却湖的生态状态，使其符合最高渔业水体类别的相关要求。
水生生物资源保护是该核电站环保工作的重点之一。2025年，加里宁核电站在附近水域开展4次人工增殖放流活动，共投放鱼苗16.4万尾，总重量2.098吨。电站还与渔业保护监管机构代表共同开展“无网日”活动，推动水生生物资源保护和规范垂钓意识提升。
加里宁核电站环境保护部门负责人安德烈·丹尼尔金 (Andrey Danilkin) 表示，获评第一名源于多项工作的持续推进，生态安全需要依靠日常监测、设备更新、环保项目、生态教育以及水生生物资源保护等长期措施共同保障。
在生态科普方面，加里宁核电站员工参与了多项面向青少年和公众的职业引导及环保宣传活动，相关活动覆盖人数超过2.3万人。电站还参与制作面向6至11年级学生的科普视频，该视频于2025年9月25日在俄罗斯各学校职业教育课程中播放，观众人数约850万名学生。
2025年，加里宁核电站还接待了两批国际参访团，共有来自8个国家的45名媒体代表到访，了解俄罗斯核能技术及电站生态项目。生态日当天，电站周边还组织了乌多姆利亚水库水源保护区清洁活动，并将生态保护主题与当地文化历史资源相结合。
加里宁核电站环保团队还在第六届“核电站环境保护与生态安全最佳专业人员”职业技能竞赛中获得团体第一名。该电站设有4台VVER-1000型压水堆机组，单机组装机容量1000兆瓦。其发电量约占特维尔州总发电量的82%、俄罗斯中央联邦区发电量的14%，并约占Rosenergoatom总发电量的15%。
“核工业生态示范单位”评选颁奖仪式计划于2026年秋季在第九届核能与工业安全行业论坛对话活动期间举行。",full,,trafilatura_full_text,https://www.cinie.net/article/63678.html,中国核电信息网-国际,核电,国际核电,2026-09-02T00:03:16+00:00,,,,,error,,glm-5.2,2026-08-14,"Z.AI HTTP 400: {""type"":""error"",""error"":{""type"":""invalid_request_error"",""code"":""1301"",""message"":""[1301][系统检测到输入或生成内容可能包含不安全或敏感内容，请您避免输入易产生敏感内容的提示语，感谢您的配合。][2026090208183925ce2233c2914fea]""},""request_id"":""2026090208183925ce2233c2914fea""}"
菲律宾马尼拉电力公司推进小型模块化反应堆可行性研究,2026-09-01,"菲律宾马尼拉电力公司推进小型模块化反应堆可行性研究
菲律宾马尼拉电力公司 (Meralco) 及其旗下发电部门马尼拉电力发电公司 (Meralco PowerGen Corporation, MGEN) 已委托美国工程公司萨金特-伦迪公司 (Sargent & Lundy) 及其菲律宾当地合作伙伴AMH菲律宾公司 (AMH Philippines Inc., AMH)，开展小型模块化反应堆 (SMR) 综合可行性研究。
MGEN当地时间9月1日表示，该研究属于美国贸易发展署 (USTDA) 提供的280万美元技术援助计划的一部分。该计划于2026年2月正式宣布，目标是在2027年第四季度完成研究工作。
根据安排，研究将为One Meralco集团 (One Meralco) 评估小型模块化反应堆纳入菲律宾未来能源结构的可行性、实施时机和整合路径。One Meralco已成立专门的SMR工作组，在研究期间与萨金特-伦迪公司和AMH共同推进相关工作。
按照委托协议，萨金特-伦迪公司将依据国际原子能机构 (IAEA) 标准和全球通行实践，开展厂商中立的评估。研究范围包括技术评估、选址分析、电网接入与整合、财务规划以及决策框架建设。
MGEN总裁兼首席执行官埃马纽埃尔·鲁比奥 (Emmanuel Rubio) 表示，这项合作将推动公司在核能战略转型计划下，将核能发展路线图推进到更具操作性、以数据为基础的评估阶段。他表示，MGEN将继续研究包括小型模块化反应堆在内的安全、可靠、低碳技术，以支持菲律宾长期能源供应和经济发展。
除技术评估外，该研究还将组织一系列专题研讨会，以提升主要能源相关方的技术能力，参与方包括MGEN、菲律宾能源部 (DOE) 和菲律宾原子能监管局 (PhilATOM)。
MGEN战略能源转型负责人费利诺·贝尔纳多 (Felino M. Bernardo) 表示，该项目将同时考虑菲律宾在技术、财务和监管方面的现实条件。研究不仅将用于筛选适合的技术和潜在厂址，也将为MGEN及相关国家机构建立后续决策所需的能力基础。",full,,trafilatura_full_text,https://www.cinie.net/article/63751.html,中国核电信息网-国际,核电,国际核电,2026-09-02T00:03:18+00:00,,,,,error,,glm-5.2,2026-08-14,"Z.AI HTTP 400: {""type"":""error"",""error"":{""type"":""invalid_request_error"",""code"":""1301"",""message"":""[1301][系统检测到输入或生成内容可能包含不安全或敏感内容，请您避免输入易产生敏感内容的提示语，感谢您的配合。][2026090208183925ce2233c2914fea]""},""request_id"":""2026090208183925ce2233c2914fea""}"
日本螺旋聚变技术入选经济产业省聚变示范计划候选方案,2026-09-01,"日本螺旋聚变技术入选经济产业省聚变示范计划候选方案
日本螺旋聚变公司 (Helical Fusion Co., Ltd.) 近日入选日本经济产业省 (METI) 聚变发电示范项目支持计划最终候选名单。该计划旨在配合日本国家聚变战略，推动聚变能在2030年代进入示范阶段，并为后续商业化应用积累技术基础。
左图为 Helix HARUKA，Helical Fusion 公司的集成演示装置;右图为 Helix KANATA，Helical Fusion 公司的聚变试验工厂
根据现有安排，该计划将在截至2028年的三年内提供约600亿日元政府资金，支持私营部门围绕多种聚变技术路线开展研发，包括托卡马克、仿星器和激光聚变等方向。螺旋聚变公司获得的具体资助金额，将在正式拨款决定公布后确定。
螺旋聚变公司成立于2021年，是依托日本国立聚变科学研究所 (NIFS) 研究成果设立的衍生企业，主要开发面向商业化聚变能源的螺旋仿星器技术。仿星器与部分脉冲式聚变路线不同，设计目标是实现固有稳态运行。该公司认为，稳态运行、净发电能力和可维护性，是聚变装置走向商业化电站必须同时满足的关键条件。
日本在螺旋仿星器研究方面已有长期积累。日本国立聚变科学研究所通过大型螺旋装置 (LHD) 开展了大量实验，取得过等离子体运行持续3268秒、等离子体温度超过1亿摄氏度等成果，并形成了相关等离子体控制经验。螺旋聚变公司正试图将这些科研基础转化为工程系统和硬件能力。
按照该公司的“Helix计划”，其将首先开发并验证高温超导磁体以及集成包层/偏滤器系统两项关键技术，随后建设集成示范装置 Helix HARUKA，并进一步推进首个发电聚变装置 Helix KANATA。当前，Helix HARUKA 所需高温超导磁体演示系统的制造和建设工作，已在岐阜县土岐市日本国立聚变科学研究所园区内的专用工作空间开展。
螺旋聚变公司称，日本已有30多家企业参与 Helix HARUKA 关键部件研发，合作方涵盖精密加工、工程集成以及大型能源基础设施设备制造等领域。该公司希望通过结合日本仿星器研究积累和本土产业制造能力，为未来商业化聚变发电建立工程基础。
根据日本相关聚变战略，政府希望在2030年代实现聚变能示范，并通过基于里程碑的机制评估项目进展。除技术可行性外，相关项目还需围绕未来商业电站所需的安全、维护、社区沟通和产业化能力开展验证。",full,,trafilatura_full_text,https://www.cinie.net/article/63768.html,中国核电信息网-国际,核电,国际核电,2026-09-02T00:03:20+00:00,,,,,error,,glm-5.2,2026-08-14,"Z.AI HTTP 400: {""type"":""error"",""error"":{""type"":""invalid_request_error"",""code"":""1301"",""message"":""[1301][系统检测到输入或生成内容可能包含不安全或敏感内容，请您避免输入易产生敏感内容的提示语，感谢您的配合。][2026090208183925ce2233c2914fea]""},""request_id"":""2026090208183925ce2233c2914fea""}"
日本拟在福岛第一核电站退役中引入物理人工智能,2026-09-01,"日本拟在福岛第一核电站退役中引入物理人工智能
日本政府和东京电力公司(TEPCO)正准备在福岛第一核电站退役作业中引入物理人工智能(Physical AI)技术，以提高机器人在高辐射环境下的自主作业能力。该技术可使人工智能根据现场情况自主控制机器人，执行探查、数据采集和清理等任务。
为推进相关工作，一个由政府、企业、大学和研究机构参与的咨询组织计划于年内成立，围绕技术开发、设备应用和现场验证展开讨论。该组织预计由日本政府有关部门和东京电力公司牵头，并吸纳人工智能初创企业、机器人制造商及高校研究人员参与。
福岛第一核电站退役过程中，1号至3号机组内部残留碎片的清除被视为最具难度的任务之一。东京电力公司计划在2037年前完成3号机组的相关碎片清理工作。在清理设备投入使用前，仍需对反应堆及厂房内部状况进行详细检查，并清除妨碍作业的障碍物。
由于相关区域辐射水平较高，人员无法直接进入现场作业。日本方面因此考虑利用具备自主判断和行动能力的物理人工智能设备，替代人工进入高风险区域。
拟投入现场的设备包括用于厂房内部搜索的侦察无人机、用于采集辐射和图像数据的探测机器人，以及可在高辐射区域切割并回收管道等部件的机械臂。日本经济产业省(METI)计划安排约4000亿日元，用于支持相关研发和示范项目。",full,,trafilatura_full_text,https://www.cinie.net/article/63687.html,中国核电信息网-国际,核电,国际核电,2026-09-02T00:03:22+00:00,,,,,error,,glm-5.2,2026-08-14,"Z.AI HTTP 400: {""type"":""error"",""error"":{""type"":""invalid_request_error"",""code"":""1301"",""message"":""[1301][系统检测到输入或生成内容可能包含不安全或敏感内容，请您避免输入易产生敏感内容的提示语，感谢您的配合。][2026090208183925ce2233c2914fea]""},""request_id"":""2026090208183925ce2233c2914fea""}"
首届俄罗斯—IAEA小型模块化反应堆培训班在摩尔曼斯克结业,2026-09-01,"首届俄罗斯—IAEA小型模块化反应堆培训班在摩尔曼斯克结业
8月31日，由俄罗斯国家原子能公司技术学院 (Rosatom Technical Academy) 与国际原子能机构 (IAEA) 联合举办的小型模块化反应堆培训班在俄罗斯摩尔曼斯克结业。本次培训主题为“小型模块化反应堆运行经验和未来前景”。
培训为期五天，参训人员来自亚洲、非洲、中东和拉丁美洲，包括国家核能机构、监管部门以及有意发展小型核电项目的相关机构代表。各方围绕小型模块化反应堆技术现状、工程应用准备情况和部署前景进行了交流。
课程重点介绍了俄罗斯在KLT-40S反应堆和RITM系列反应堆技术运行方面的经验，以及“罗蒙诺索夫院士”号浮动核电站的实际运行情况。参训人员还听取了有关浮动核电机组运输、安全和监管要求的介绍，并了解了BREST-OD-300反应堆设计方案。
培训期间，主办方还安排参训人员参观“列宁”号核动力破冰船和俄罗斯原子能舰队基地，以了解核动力船舶及相关基础设施运行情况。
印度尼西亚国家研究与创新署 (BRIN) 部门负责人巴纽·里兹基·法赞 (Banyu Rizki Fazan) 表示，本次课程帮助其更深入了解俄罗斯在小型模块化反应堆开发和运行方面的经验。浮动核电对印度尼西亚具有现实意义，课程中获得的知识将有助于该国浮动核电项目后续推进。
俄罗斯国家原子能公司技术学院是面向核工业人员的国际多学科培训机构。自2019年以来，该学院一直是国际原子能机构合作中心。2024年10月，双方延长合作协议，该学院成为在五个项目领域与国际原子能机构开展合作的中心。多年来，双方已合作举办80余场国际活动，累计吸引来自多国的2100余名人员参加。",full,,trafilatura_full_text,https://www.cinie.net/article/63702.html,中国核电信息网-国际,核电,国际核电,2026-09-02T00:03:24+00:00,,,,,error,,glm-5.2,2026-08-14,"Z.AI HTTP 400: {""type"":""error"",""error"":{""type"":""invalid_request_error"",""code"":""1301"",""message"":""[1301][系统检测到输入或生成内容可能包含不安全或敏感内容，请您避免输入易产生敏感内容的提示语，感谢您的配合。][2026090208183925ce2233c2914fea]""},""request_id"":""2026090208183925ce2233c2914fea""}"
澳大利亚一国党领袖呼吁在维多利亚州建设两台核电反应堆,2026-09-01,"澳大利亚一国党领袖呼吁在维多利亚州建设两台核电反应堆
澳大利亚一国党 (One Nation) 领袖波琳·汉森 (Pauline Hanson) 近日表示，澳大利亚东海岸应建设两台核电反应堆。她同时强调，该党主张不同于澳大利亚自由党 (Liberal Party) 领袖彼得·达顿 (Peter Dutton) 此前提出的核电建设方案。
汉森在维多利亚州为11月州选举开展活动时作出上述表态。她的说法已超出一国党现有公开政策范围。按照该党已公布政策，澳大利亚应在经社区咨询支持的地点建设一台反应堆。汉森表示，核反应堆“有必要建设”，但能源结构也需要保持多元，并主张继续运行燃煤电站。
此前，达顿曾提出到2050年建设7座商业核电站，并计划首座核电站于2036年前投入运行。该方案主张由纳税人资金支持建设，但在2025年联邦选举前未能获得足够选民支持。该次选举中，安东尼·阿尔巴尼斯 (Anthony Albanese) 领导的澳大利亚工党 (Labor) 政府获得连任。
维多利亚州一国党 (One Nation Victoria) 领袖沃伦·皮克林 (Warren Pickering) 同时表示，如果一国党赢得州政府执政权，将推动废除维多利亚州自1983年起实施的核电建设禁令。他说，维多利亚州民众应有机会参与核技术未来发展，包括钍基核微反应堆等新技术，或按照一国党联邦政策，在澳大利亚东海岸建设核设施，使维多利亚州成为受益地区。
目前，澳大利亚禁止发展核电。若要建立核电产业，相关法规、监管体系、工程能力和供应链均需从基础阶段推进。不过，澳大利亚拥有铀矿资源，并在悉尼附近的澳大利亚核科学与技术组织 (ANSTO) 场址运行一座研究堆。",full,,trafilatura_full_text,https://www.cinie.net/article/63670.html,中国核电信息网-国际,核电,国际核电,2026-09-02T00:03:26+00:00,,,,,error,,glm-5.2,2026-08-14,"Z.AI HTTP 400: {""type"":""error"",""error"":{""type"":""invalid_request_error"",""code"":""1301"",""message"":""[1301][系统检测到输入或生成内容可能包含不安全或敏感内容，请您避免输入易产生敏感内容的提示语，感谢您的配合。][2026090208183925ce2233c2914fea]""},""request_id"":""2026090208183925ce2233c2914fea""}"
美国实验室与企业合作推进TRISO钍燃料研发,2026-09-01,"美国实验室与企业合作推进TRISO钍燃料研发
美国劳伦斯利弗莫尔国家实验室(Lawrence Livermore National Laboratory，LLNL)正与微型核反应堆初创公司安佩拉(AMPERA)开展合作，利用新型金属颗粒制造技术推进下一代反应堆燃料研发。该合作聚焦三结构各向同性(TRISO)包覆颗粒燃料，目标是为运行温度更高、服役周期更长的先进反应堆提供更耐受的燃料方案。
小型模块化核裂变反应堆被视为一种可部署于偏远地区、军事设施和工业场所的分布式能源选择。与传统轻水反应堆相比，部分先进反应堆对燃料在高温、中子辐照、腐蚀和氧化等环境下的稳定性提出更高要求，这也是TRISO燃料受到关注的重要原因。
TRISO燃料颗粒通常尺寸接近罂粟籽，每个颗粒内部包含燃料核心，外部由碳基和陶瓷基材料层包覆。这种结构相当于微型密封系统，可帮助滞留放射性裂变产物，提高燃料在严苛工况下的安全裕度和结构稳定性。
此次合作项目名为“用于反应堆的钍单模液滴喷射项目(THUNDER)”，旨在生产可进一步加工为TRISO燃料的钍基前驱体颗粒。钍作为核燃料材料具有储量相对丰富、相关废物流持续时间较短等特点。钍-232本身不能维持裂变链式反应，但在吸收中子后可转化为可裂变的铀-233，因此钍燃料体系通常仍需可裂变材料作为“种子”来启动并维持反应。
THUNDER项目源于LLNL此前的实验室研发项目“粉末喷射(PowderJet)”。该技术采用按需液滴式液态金属喷射方法，制造高球形度、尺寸可控的金属颗粒。对于TRISO燃料而言，中心燃料核的粒径、形状和成分需要严格控制，而该技术有望在规模化生产中实现传统粉末制备方法较难达到的均匀性。
LLNL研究工程师、项目首席研究员维克托·苏霍茨基(Viktor Sukhotskiy)表示，该合作体现了国家实验室研究能力与企业具体技术需求相结合的价值。安佩拉创始人兼首席执行官布莱恩·马修斯(Brian Matthews)表示，合作有助于加快构建垂直整合燃料供应所需的技术基础，降低成本和供应链风险，并支持其紧凑型次临界核能系统部署。
根据项目安排，双方工作将涵盖计算建模、材料与喷嘴兼容性测试、高温工艺开发、颗粒表征、安全放射性处理，以及面向未来商业化的可扩展工艺和设计规则转移。",full,,trafilatura_full_text,https://www.cinie.net/article/63764.html,中国核电信息网-国际,核电,国际核电,2026-09-02T00:03:28+00:00,,,,,error,,glm-5.2,2026-08-14,"Z.AI HTTP 400: {""type"":""error"",""error"":{""type"":""invalid_request_error"",""code"":""1301"",""message"":""[1301][系统检测到输入或生成内容可能包含不安全或敏感内容，请您避免输入易产生敏感内容的提示语，感谢您的配合。][2026090208183925ce2233c2914fea]""},""request_id"":""2026090208183925ce2233c2914fea""}"
美国高校设立聚变能源种子基金支持四项跨学科研究,2026-09-01,"美国高校设立聚变能源种子基金支持四项跨学科研究
美国德克萨斯大学奥斯汀分校 (The University of Texas at Austin) 聚变研究所近日启动一项聚变能源种子基金，支持四个跨学科研究项目。相关项目将联合等离子体物理、工程和计算科学团队，围绕托卡马克等聚变装置面临的控制、材料、粒子约束和边缘等离子体模拟问题开展研究。
该基金由德克萨斯大学奥斯汀分校聚变研究所 (Institute for Fusion Studies, IFS)、奥登计算科学与工程研究所 (Oden Institute for Computational Engineering and Sciences) 和科克雷尔工程学院 (Cockrell School of Engineering) 共同出资。每个项目由奥登研究所或科克雷尔工程学院的一名首席研究员与聚变研究所的一名共同首席研究员负责，并将支持一名研究生开展为期两年的研究。
近年来，聚变能源研发持续升温。美国能源部 (DOE) 通过聚变创新研究引擎 (Fusion Innovation Research Engine, FIRE) 等机制支持相关研究，德克萨斯大学奥斯汀分校聚变研究所研究人员已参与其中两个合作项目。美国能源部还启动“创世纪”计划，支持高校、国家实验室和产业界利用人工智能加快聚变商业化进程。
此次获资助的四个项目中，有三个将重点探索人工智能代理模型，用训练数据替代部分耗时的大规模高保真计算，以在降低计算成本和时间消耗的同时保持结果精度。
在等离子体控制方向，研究团队计划基于间接稀疏测量建立托卡马克等离子体数字孪生模型，实时获取等离子体三维形状、位置和其他关键参数，并用于优化磁线圈控制。该项目由聚变研究所的迭戈·德尔-卡斯蒂略-内格雷特 (Diego del-Castillo-Negrete)、奥登研究所和科克雷尔工程学院的奥马尔·加塔斯 (Omar Ghattas) 等参与，目标是形成更快、更可靠的实时控制优化工具。研究人员希望未来可在瑞士洛桑可变配置托卡马克 (TCV) 或通用原子公司 (General Atomics) 的 DIII-D 托卡马克等装置上测试相关模型。
在面向等离子体部件材料方向，研究团队将利用大型计算机模拟筛选液态金属合金候选材料。聚变堆内部等离子体会产生强热流、辐射和高能粒子，可能损伤壁面及其他面向等离子体部件。单一液态金属难以同时满足全部性能要求，因此研究人员将评估锂、铟、镓、锡等液态金属与其他材料形成合金后的表现，并用模拟数据训练机器学习模型，以在更长时间尺度上预测材料行为。该项目由大卫·哈奇 (David Hatch)、纳拉亚纳·阿卢鲁 (Narayana Aluru)、刘元悦 (Yuanyue Liu) 等参与。
在α粒子约束方向，研究人员将开发用于追踪高能α粒子轨迹的人工智能代理模型。α粒子泄漏会影响等离子体维持聚变所需的温度和密度，传统粒子轨道模拟计算量大，难以在设计早期反复迭代。项目团队希望新模型将相关计算效率提高一个数量级以上，使α粒子约束评估更早纳入聚变装置设计优化流程。
第四个项目聚焦托卡马克等离子体边缘区域，即刮除层模拟。偏滤器承担排出多余热量和高能粒子的作用，其设计需要准确理解等离子体边缘行为。由于该区域物理过程复杂，现有高精度模拟往往计算成本较高。研究团队计划引入新的数值方法，开发更快速、经济的高精度模拟工具，为聚变堆边缘等离子体和偏滤器设计提供支撑。",full,,trafilatura_full_text,https://www.cinie.net/article/63733.html,中国核电信息网-国际,核电,国际核电,2026-09-02T00:03:30+00:00,,,,,error,,glm-5.2,2026-08-14,"Z.AI HTTP 400: {""type"":""error"",""error"":{""type"":""invalid_request_error"",""code"":""1301"",""message"":""[1301][系统检测到输入或生成内容可能包含不安全或敏感内容，请您避免输入易产生敏感内容的提示语，感谢您的配合。][2026090208183925ce2233c2914fea]""},""request_id"":""2026090208183925ce2233c2914fea""}"
瑞典布莱卡拉申请政府资助 拟在蒂尔普建设先进反应堆园区,2026-09-01,"瑞典布莱卡拉申请政府资助 拟在蒂尔普建设先进反应堆园区
瑞典先进核能企业布莱卡拉集团 (Blykalla Group) 旗下全资项目公司翁特拉核电公司 (Untra Nuclear Power AB) 于8月31日提交申请，寻求国家对新建核电站投资提供支持。该项目计划在瑞典乌普萨拉省蒂尔普市翁特拉地区建设一座先进反应堆园区，拟配置6至8台SEALER-55机组。
根据项目方案，如建设8台机组，电站总装机容量将达到440兆瓦，预计年发电量为3.68太瓦时。布莱卡拉集团此前已于8月25日就该项目提交政府审批申请。
瑞典新的核电融资模式已于2025年8月1日生效，主要包括国家贷款、差价合约以及风险收益分担机制三类工具。具体利率、执行价格和合约期限等参数将按项目逐一谈判，并需接受欧盟委员会审查。
布莱卡拉集团已设立翁特拉核电公司，作为该核电站项目的许可证持有主体和融资平台。公司预计，未来将引入战略投资者和金融投资者。蒂尔普项目也是布莱卡拉集团第二个进入融资流程的核电站项目，被视为其推进核电站集群化建设的一步。按照该公司的设想，小型模块化反应堆的成本优势主要来自重复建设带来的单位成本下降，而非单座大型电站的规模效应。
布莱卡拉首席执行官雅各布·斯特德曼 (Jacob Stedman) 表示，瑞典这一地区对可调度电力的需求巨大且仍在增长。采用小型模块化核电站，可以在以往难以建设核电站的地点就近提供所需电力，是构建更强清洁能源系统的一项举措。
蒂尔普位于瑞典电力消耗较高的SE3竞价区。瑞典国家电网公司 (Svenska kraftnät) 估计，在正常冬季，该地区高峰时段电力缺口约为5.2吉瓦;在极寒冬季，缺口将升至6.2吉瓦。若翁特拉核电站按8台机组建设，可提供稳定、可调度电力，覆盖该地区高峰时段约7%至8%的电力缺口。
该项目距离梅赫德比新建400千伏并网点约9公里。梅赫德比并网点属于瑞典国家电网公司“乌普萨拉计划”的一部分，其建设周期与蒂尔普核电站项目相衔接，预计将于2032年完工。瑞典已提出到2035年新增2500兆瓦核电装机容量的目标，按440兆瓦计算，蒂尔普项目约占这一目标的18%。
在政府决定推进申请后，项目国家支持条款谈判将启动。与此同时，布莱卡拉集团正依据瑞典《环境法》和《核活动法》准备相关申请，并继续推进位于奥斯卡港及美国的示范项目。若审批流程顺利，翁特拉核电站首座反应堆有望在21世纪30年代上半叶投入运行。",full,,trafilatura_full_text,https://www.cinie.net/article/63716.html,中国核电信息网-国际,核电,国际核电,2026-09-02T00:03:32+00:00,,,,,error,,glm-5.2,2026-08-14,"Z.AI HTTP 400: {""type"":""error"",""error"":{""type"":""invalid_request_error"",""code"":""1301"",""message"":""[1301][系统检测到输入或生成内容可能包含不安全或敏感内容，请您避免输入易产生敏感内容的提示语，感谢您的配合。][2026090208183925ce2233c2914fea]""},""request_id"":""2026090208183925ce2233c2914fea""}"
印度TARIL获凯加核电项目发电机变压器订单,2026-09-01,"印度TARIL获凯加核电项目发电机变压器订单
2026年8月31日，印度变压器和整流器有限公司 (TARIL) 获得凯加核电站5号、6号机组发电机变压器供应订单，将为印度核电有限公司 (NPCIL) 在卡纳塔克邦推进的核电项目提供关键电力设备。该订单来自梅加工程与基础设施有限公司 (MEIL)，也是TARIL进入核电领域后获得的首个相关订单。
凯加核电站5号、6号机组位于印度卡纳塔克邦凯加，由NPCIL负责开发，采用印度国产700兆瓦级加压重水堆 (PHWR) 技术。两台机组建成后，将为凯加核电站新增1400兆瓦核电装机容量。
根据订单安排，TARIL将为项目供应发电机变压器。该类设备用于支撑核电机组发电后的电能升压和外送，是核电站电力输出系统的重要组成部分，关系到机组所发电能接入输电网络的稳定性和可靠性。
TARIL表示，凯加项目为公司在高要求电力应用场景中部署变压器制造和工程能力提供了机会。公司正加强制造能力、技术基础、工程能力及纵向一体化水平，以适应印度电力基础设施建设需求。
TARIL董事总经理兼首席执行官萨蒂延·马姆托拉 (Satyen Mamtora) 表示，公司很荣幸通过该订单进入核电领域，并将变压器制造能力用于国家关键基础设施项目。他表示，该订单体现了市场对TARIL技术和工程能力的认可，也有助于公司拓展关键、高价值电力基础设施业务。
TARIL主要生产用于发电、输电及其他关键电力应用的变压器和电抗器。此次获得凯加核电项目订单，将进一步扩大其在核电设备供应链中的参与度。",full,,trafilatura_full_text,https://www.cinie.net/article/63662.html,中国核电信息网-国际,核电,国际核电,2026-09-02T00:03:34+00:00,,,,,error,,glm-5.2,2026-08-14,"Z.AI HTTP 400: {""type"":""error"",""error"":{""type"":""invalid_request_error"",""code"":""1301"",""message"":""[1301][系统检测到输入或生成内容可能包含不安全或敏感内容，请您避免输入易产生敏感内容的提示语，感谢您的配合。][2026090208183925ce2233c2914fea]""},""request_id"":""2026090208183925ce2233c2914fea""}"
美国田纳西州向Type One Energy颁发全美首个商业聚变专项许可证,2026-09-01,"美国田纳西州向Type One Energy颁发全美首个商业聚变专项许可证
美国田纳西州环境与保护部 (TDEC) 已向Type One Energy颁发该州首个专门面向核聚变装置的许可证，允许其在田纳西河谷管理局 (TVA) 位于克林顿市的布尔朗能源综合体推进核聚变相关项目。田纳西州方面称，这是美国首个根据新的州级核聚变监管框架颁发的此类许可证。
田纳西州州长比尔·李与聚变能源合作伙伴在周一于纳什维尔举行的美洲国家组织(OAS)年会上，共同颁发了美国首个专门针对商业聚变装置的许可证。(LR)田纳西河谷管理局(TVA)临时总裁兼首席执行官迈克·斯卡格斯;州长比尔·李;Type One Energy首席执行官克里斯·莫里;Type One Energy监管事务和许可副总裁帕斯卡尔·杜蒙;以及Type One Energy辐射官员拉里·哈里西斯。
布尔朗能源综合体位于安德森县，与橡树岭隔河相望。Type One Energy计划在该场址启动“无限项目”(Project Infinity)一期工程，并预计于2034年实现全面投产。该项目将依托与橡树岭国家实验室 (ORNL)、TVA和田纳西大学的合作，建设聚变技术研发园区。
按照项目规划，Type One Energy后续将推进“无限二号”(Infinity Two)项目，建设一座采用仿星器技术的聚变电站，目标并网输出功率为400兆瓦。该公司称，该设计基于氘氚聚变反应，计划产生约800兆瓦聚变功率，其中400兆瓦输送至电网。
仿星器是一类利用复杂三维磁场约束高温等离子体的聚变装置。与托卡马克装置不同，仿星器通过围绕等离子体室布置的特殊磁线圈实现约束，设计目标是在不依赖大等离子体电流的情况下维持稳定运行。
此次许可也标志着田纳西州在核聚变监管方面形成了明确路径。此前，美国核管理委员会 (NRC) 对聚变能源生产采用区别于传统大型裂变反应堆的监管思路，并将相关监管职责交由具备条件的州执行。田纳西州随后由TDEC放射健康司建立了面向聚变装置及相关活动的许可程序。
Type One Energy表示，“无限一号”(Infinity One)将作为原型机和人员培训设施，用于测试未来大型聚变电站所需技术，并计划于2029年进入调试和启动阶段。若项目按计划推进，布尔朗能源综合体将成为美国仿星器聚变技术从研发验证迈向电网级应用的重要试验场址。",full,,trafilatura_full_text,https://www.cinie.net/article/63642.html,中国核电信息网-国际,核电,国际核电,2026-09-02T00:03:36+00:00,,,,,error,,glm-5.2,2026-08-14,"Z.AI HTTP 400: {""type"":""error"",""error"":{""type"":""invalid_request_error"",""code"":""1301"",""message"":""[1301][系统检测到输入或生成内容可能包含不安全或敏感内容，请您避免输入易产生敏感内容的提示语，感谢您的配合。][2026090208183925ce2233c2914fea]""},""request_id"":""2026090208183925ce2233c2914fea""}"
科学网-2026年海南省科技人才创新项目立项通知发布,2026-09-01,"2026年海南省科技人才创新项目立项通知发布
海南省科学技术厅关于2026年海南省科技人才创新项目立项的通知
为全力支持三亚崖州湾科技城打造科教融汇示范区，根据《海南省科技人才创新项目和经费管理暂行办法》（琼科〔2022〕283号）、《支持三亚崖州湾科技城加快培育发展新质生产力打造科教融汇示范区实施方案》（琼科〔2024〕186号），省科技厅支持崖州湾科技城实施2026年海南省科技人才创新项目。经组织申报及审定，决定立项支持22个项目，详见附件。有关事项通知如下：
一、请各项目依托单位切实履行法人责任，认真做好组织实施工作，确保项目按计划实施。项目管理和资金使用严格按照《海南省科技人才创新项目和经费管理暂行办法》等有关规章制度执行，项目经费单独核算，专款专用。
二、请各项目负责人在立项文件下达后一个月内登录海南省科技业务综合管理系统填写项目任务书，经审核后提交省科技厅审定、签订。无正当理由逾期未报送任务书的视为自动放弃。经省科技厅审批同意的任务书是项目过程管理、绩效验收评价的重要依据。
政策法规规划处（产业人才工作处）：0898－65303576
技术支持：400－161－6289
2026年海南省科技人才创新项目立项项目和经费安排表
海南省科学技术厅
（此件主动公开）
特别声明：本文转载仅仅是出于传播信息的需要，并不意味着代表本网站观点或证实其内容的真实性；如其他媒体、网站或个人从本网站转载使用，须保留本网站注明的“来源”，并自负版权等法律责任；作者如果不希望被转载或者联系转载稿费等事宜，请与我们接洽。",full,,dom_or_structured_full_text,http://news.sciencenet.cn/htmlnews/2026/9/570716.shtm,科学网新闻,综合科技,科技新闻,2026-09-02T00:04:44+00:00,,,,,error,,glm-5.2,2026-08-14,"Z.AI HTTP 400: {""type"":""error"",""error"":{""type"":""invalid_request_error"",""code"":""1301"",""message"":""[1301][系统检测到输入或生成内容可能包含不安全或敏感内容，请您避免输入易产生敏感内容的提示语，感谢您的配合。][2026090208183925ce2233c2914fea]""},""request_id"":""2026090208183925ce2233c2914fea""}"
科学网-浙江宁波公示收回验收不通过、结题、终止项目市级补助结余经费,2026-09-01,"浙江宁波公示收回验收不通过、结题、终止项目市级补助结余经费
关于收回验收不通过、结题、终止项目市级补助结余经费的公示
根据《宁波市科技发展专项资金管理办法（修订）》（甬科资〔2022〕36号）第十八条第（二）款“验收结论为结题或不通过的项目，结余资金由财政部门按规定原渠道收回”及第二十九条项目终止的有关规定，对照项目承担单位提交的第三方专项审计报告和宁波市科技计划项目经费决算表，经归口管理单位核实、专家审核，决定对“宁波打造高水平专业化技术转移队伍对策研究”等11个验收不通过、结题或终止项目的市级补助结余经费，共计126.737912万元（项目清单详见附件）。
联系人：韩亮，电话：89186832
验收不通过（结题、终止）项目市级补助结余经费回收表.doc
宁波市科学技术局
特别声明：本文转载仅仅是出于传播信息的需要，并不意味着代表本网站观点或证实其内容的真实性；如其他媒体、网站或个人从本网站转载使用，须保留本网站注明的“来源”，并自负版权等法律责任；作者如果不希望被转载或者联系转载稿费等事宜，请与我们接洽。",full,,dom_or_structured_full_text,http://news.sciencenet.cn/htmlnews/2026/9/570715.shtm,科学网新闻,综合科技,科技新闻,2026-09-02T00:04:46+00:00,,,,,error,,glm-5.2,2026-08-14,"Z.AI HTTP 400: {""type"":""error"",""error"":{""type"":""invalid_request_error"",""code"":""1301"",""message"":""[1301][系统检测到输入或生成内容可能包含不安全或敏感内容，请您避免输入易产生敏感内容的提示语，感谢您的配合。][2026090208183925ce2233c2914fea]""},""request_id"":""2026090208183925ce2233c2914fea""}"
科学网-2026年度河北省科学技术奖学科专业组网络评审结果公布,2026-09-01,"2026年度河北省科学技术奖学科专业组网络评审结果公布
河北省科学技术厅关于2026年度河北省科学技术奖学科专业组网络评审结果的公告
2026年度河北省科学技术奖学科专业组网络评审工作已经结束。共有942个项目参加评审，其中435项通过网络评审、入围行业评审（自然科学奖66项、技术发明奖31项、科学技术进步奖338项）。根据《河北省科学技术奖励办法》和《河北省科学技术奖励办法实施细则》的规定，现将网络评审通过项目予以公告。
2026年度河北省自然科学奖学科专业组网络评审通过项目.pdf
2026年度河北省技术发明奖、科学技术进步奖学科专业组网络评审通过项目.pdf
河北省科学技术厅
特别声明：本文转载仅仅是出于传播信息的需要，并不意味着代表本网站观点或证实其内容的真实性；如其他媒体、网站或个人从本网站转载使用，须保留本网站注明的“来源”，并自负版权等法律责任；作者如果不希望被转载或者联系转载稿费等事宜，请与我们接洽。",full,,dom_or_structured_full_text,http://news.sciencenet.cn/htmlnews/2026/9/570714.shtm,科学网新闻,综合科技,科技新闻,2026-09-02T00:04:48+00:00,,,,,error,,glm-5.2,2026-08-14,"Z.AI HTTP 400: {""type"":""error"",""error"":{""type"":""invalid_request_error"",""code"":""1301"",""message"":""[1301][系统检测到输入或生成内容可能包含不安全或敏感内容，请您避免输入易产生敏感内容的提示语，感谢您的配合。][2026090208183925ce2233c2914fea]""},""request_id"":""2026090208183925ce2233c2914fea""}"
科学网-基金委发布1个国家自然科学基金专项项目申请指南,2026-09-01,"基金委发布1个国家自然科学基金专项项目申请指南
关于发布2026年度国家自然科学基金专项项目——“炎症性疾病中细胞焦亡的机制解码与转化医学研究”申请指南的通告
2026年度国家自然科学基金专项项目——“炎症性疾病中细胞焦亡的机制解码与转化医学研究”申请指南已通过科学基金网络信息系统（https://grants.nsfc.gov.cn）发布，请依托单位和申请人登录科学基金网络信息系统，在“项目管理-项目指南”模块查看。
国家自然科学基金委员会
特别声明：本文转载仅仅是出于传播信息的需要，并不意味着代表本网站观点或证实其内容的真实性；如其他媒体、网站或个人从本网站转载使用，须保留本网站注明的“来源”，并自负版权等法律责任；作者如果不希望被转载或者联系转载稿费等事宜，请与我们接洽。",full,,dom_or_structured_full_text,http://news.sciencenet.cn/htmlnews/2026/9/570713.shtm,科学网新闻,综合科技,科技新闻,2026-09-02T00:04:50+00:00,,,,,error,,glm-5.2,2026-08-14,"Z.AI HTTP 400: {""type"":""error"",""error"":{""type"":""invalid_request_error"",""code"":""1301"",""message"":""[1301][系统检测到输入或生成内容可能包含不安全或敏感内容，请您避免输入易产生敏感内容的提示语，感谢您的配合。][2026090208183925ce2233c2914fea]""},""request_id"":""2026090208183925ce2233c2914fea""}"
科学网-端侧首个支持百万上下文的模型，宣布开源,2026-09-01,"星火X2.5-4B&1.7B让小模型干大活
端侧首个支持百万上下文的模型，宣布开源
9月1日，科大讯飞全资子公司“词元星火”正式推出并开源星火X2.5-4B和星火X2.5-1.7B两款端侧通用大模型。据介绍，
9月7日，科大讯飞还将发布全新一代旗舰通用大模型星火X2.5，进一步升级代码和智能体等核心能力。
大模型正在加速进入手机、PC、汽车座舱、智能家居和机器人等终端设备。人们对端侧模型的期待，早已不是“断网能聊几句”，而是“一份几十页的产品手册能不能一次读完并提炼重点？”“一张表格、一项指令、一个多步骤任务，能不能直接完成？”对此，星火X2.5给出了答案。
作为端侧模型中首个原生支持最长100万Token上下文的模型，星火X2.5-4B和1.7B把百万级信息处理能力带到了端侧。据介绍，两款模型采用混合注意力架构，并围绕智能体、代码、数学和指令遵循等核心能力进行优化，使其不仅从“能够在设备上对话”，还能“在本地完成任务”。
过去，端侧模型处理长内容，常常要把文档切成几段分别问，容易忘记前情、遗漏信息、已读乱回。星火X2.5-4B和1.7B原生支持最长100万Token上下文窗口，使用覆盖长篇文档、技术资料等场景的千亿Token级高质量数据开展训练，可以在一次任务中接收和理解更大规模的信息。
“百万级上下文并非单纯为了‘塞下更多字’。它真正解决的是，让模型基于完整信息，在连续交互中持续理解和处理复杂问题。”词元星火相关技术负责人介绍说，长上下文解决的是“信息能不能看全”，智能体和工具调用能力解决的，则是“看完之后能不能动手”。
依托科大讯飞在AI技术研发、智能办公和智能硬件等领域的积累，星火X2.5端侧模型可面向个人办公、代码开发、智能硬件和机器人等场景，提供本地化智能能力。
机器人是端侧智能的重要落点。据介绍，星火X2.5-4B和1.7B适用于机器人等需要持续感知和连续执行的场景。模型可以部署在机器人本体或边缘设备中，支持操作控制、目标追踪、导航决策等任务，减少对云端连接和固定预设程序的依赖。
另据了解，星火X2.5-4B和1.7B基于全国产算力平台完成全流程训练，使用约20万亿Token多样化数据进行预训练，并通过高质量监督微调和强化学习训练，持续提升模型在推理、代码、智能体和指令遵循等任务中的表现。全国产算力训练，为端侧智能构建了自主、可持续演进的技术底座。
即日起，星火X2.5-4B和1.7B已在Hugging Face、GitHub等平台开放模型权重、代码仓库和部署文档，对应模型API也已上线到讯飞星辰 MaaS平台。
模型HuggingFace、
Github及MaaS平台
https://huggingface.co/collections/XHToken/spark-x25
https://github.com/XHToken/Spark-X2.5
https://maas.xfyun.cn/modelSquare",full,,dom_or_structured_full_text,http://news.sciencenet.cn/htmlnews/2026/9/570712.shtm,科学网新闻,综合科技,科技新闻,2026-09-02T00:04:52+00:00,,,,,error,,glm-5.2,2026-08-14,"Z.AI HTTP 400: {""type"":""error"",""error"":{""type"":""invalid_request_error"",""code"":""1301"",""message"":""[1301][系统检测到输入或生成内容可能包含不安全或敏感内容，请您避免输入易产生敏感内容的提示语，感谢您的配合。][2026090208183925ce2233c2914fea]""},""request_id"":""2026090208183925ce2233c2914fea""}"
科学网-超算互联网助力揭开3亿年前极热事件机制,2026-09-01,"化石给“证词”，超算做还原
超算互联网助力揭开3亿年前极热事件机制
近日，中国科学院青藏高原研究所副研究员魏强与南京地质古生物研究所副研究员要乐、王秋来等合作，首次揭示约3亿年前晚古生代大冰期快速升温事件（被称为KGTM）完整过程及触发机制，成果发表于美国《国家科学院院刊》并入选封面文章。
论文特别鸣谢国家超算互联网平台成员单位合肥先进计算中心，感谢其为古气候模拟提供关键算力底座。
此类全球气候触发机制的研究，对计算资源要求极高。“经典研究方法擅长从化石等有限的地质样本中提取地球历史的离散记录；今天借助超级计算，我们可以把这些局地证据扩展到全球气候场，进一步还原解译地球演化历史和关键事件，评估不同驱动机制对当今气候变化的影响和重要性。”魏强表示，超算互联网平台提供的国产算力为长时间模拟和海量数据分析提供了稳定、高效的支撑，成为连接地球历史与现代地球科学的重要工具。
据介绍，研究团队通过分析3亿年前的化石与地球化学记录，在卡西莫夫期与格舍尔期之交，大气CO?浓度由约300ppm升至约700ppm，全球平均地表温度升高约7.5℃。魏强和
要乐、王秋来联合
团队利用地球系统模式（CESM）重建不同CO?浓度下全球气候状态，揭示了冰盖退缩及冻土碳释放等慢反馈可显著放大地球系统敏感性，为评估当今气候变化风险提供了参照。
据了解，作为国家超算互联网平台的关键枢纽节点，合肥先进计算中心的“巢湖明月”算力集群已构建起通算、超算、智算、量子计算、星算“五算融合”的多元异构算力体系。对于古气候这类“高时空分辨率、多情景长积分周期”的任务，国产算力不仅“算得快”，更“算得稳、调得灵”。化石提供“证词”，超算“还原现场”，二者印证才让 KGTM 事件呈现完整图景。
https://www.pnas.org/doi/10.1073/pnas.2601643123",full,,dom_or_structured_full_text,http://news.sciencenet.cn/htmlnews/2026/9/570711.shtm,科学网新闻,综合科技,科技新闻,2026-09-02T00:04:54+00:00,,,,,error,,glm-5.2,2026-08-14,"Z.AI HTTP 400: {""type"":""error"",""error"":{""type"":""invalid_request_error"",""code"":""1301"",""message"":""[1301][系统检测到输入或生成内容可能包含不安全或敏感内容，请您避免输入易产生敏感内容的提示语，感谢您的配合。][2026090208183925ce2233c2914fea]""},""request_id"":""2026090208183925ce2233c2914fea""}"
科学网-新型人工水解酶可高效杀灭农业病原菌,2026-09-01,"新型人工水解酶可高效杀灭农业病原菌
近日，中国农业科学院烟草研究所烟草病虫害绿色防控创新团队成功研发一种新型双金属人工水解酶，可高效降解细菌生物膜并杀灭病原菌，为细菌性病害绿色防控药剂的创制提供全新设计策略。相关成果发表在《德国应用化学》（
Angewandte Chemie International Edition
细菌生物膜是病原菌通过群体感应分泌形成的“保护壳”，其主要骨架由糖类物质交织而成，可显著削弱药剂渗透与免疫清除，导致田间防治效果大幅降低，是病害反复暴发的核心诱因。
针对制约农业细菌性病害防治的技术瓶颈，研究团队将高活性铈引入金属有机框架，构建双金属人工水解酶，并阐明其区别于天然酶的独特催化路径。该酶具有良好的生物安全性与环境稳定性，可精准切断细菌生物膜多糖骨架的化学键，瓦解细菌防护膜，清除率超80%，杀菌率超85%。该成果突破传统杀菌剂依赖，首次将人工水解酶应用于细菌生物膜靶向清除，打破了细菌性病害缺乏特效药的产业困境，为农作物绿色防控开辟新路径。
该研究得到国家自然科学基金和山东省自然科学基金等项目支持。
相关论文信息：https://doi.org/10.1002/anie.9481237",full,,dom_or_structured_full_text,http://news.sciencenet.cn/htmlnews/2026/9/570710.shtm,科学网新闻,综合科技,科技新闻,2026-09-02T00:04:57+00:00,,,,,error,,glm-5.2,2026-08-14,"Z.AI HTTP 400: {""type"":""error"",""error"":{""type"":""invalid_request_error"",""code"":""1301"",""message"":""[1301][系统检测到输入或生成内容可能包含不安全或敏感内容，请您避免输入易产生敏感内容的提示语，感谢您的配合。][2026090208183925ce2233c2914fea]""},""request_id"":""2026090208183925ce2233c2914fea""}"
科学网-综合施策提升我国大豆自给率缓解全球土地压力,2026-09-01,"综合施策提升我国大豆自给率缓解全球土地压力
近日，中国农业科学院农业资源与农业区划研究所智慧农业创新团队联合国内外多家单位，提出综合施策可显著提升我国大豆自给率并缓解全球耕地压力，相关研究成果发表在《自然—食物》（
Nature Food
针对我国大豆进口依赖度高、全球资源环境压力增大等问题，研究系统梳理1961年以来我国大豆消费演变，构建面向2030年和2050年的需求预测模型。结果显示，若无新增政策，自给率将持续走低。协同推进盐碱地利用、生物技术应用和健康膳食转型，可显著提高自给率，增强粮食安全保障。
研究还量化了全球外溢效益，我国大豆进口需求下降可缓解全球供应压力，满足数十亿人消费增长。同时减少南美等主产区新增耕地需求，促进生态修复与固碳减排，实现粮食安全、气候变化应对和生物多样性保护的多重协同效益。
该研究构建了融合农业生产、居民消费和全球资源环境影响的综合分析框架，为统筹国家粮食安全与全球可持续发展提供决策依据。该研究得到北方干旱半干旱耕地高效利用全国重点实验室、国家自然科学基金等项目支持。
https://doi.org/10.1038/s43016-026-01378-1",full,,dom_or_structured_full_text,http://news.sciencenet.cn/htmlnews/2026/9/570709.shtm,科学网新闻,综合科技,科技新闻,2026-09-02T00:04:59+00:00,,,,,error,,glm-5.2,2026-08-14,"Z.AI HTTP 400: {""type"":""error"",""error"":{""type"":""invalid_request_error"",""code"":""1301"",""message"":""[1301][系统检测到输入或生成内容可能包含不安全或敏感内容，请您避免输入易产生敏感内容的提示语，感谢您的配合。][2026090208183925ce2233c2914fea]""},""request_id"":""2026090208183925ce2233c2914fea""}"
科学网-饲用昆虫大麦虫利用“酶菌协作”高效降解秸秆,2026-09-01,"饲用昆虫大麦虫利用“酶菌协作”高效降解秸秆
近日，中国农业科学院饲料研究所饲料加工与质量安全创新团队研究揭示了大麦虫幼虫肠道内源酶与共生细菌协同降解小麦秸秆的分子机制，相关研究成果发表在《绿碳》（
Green Carbon
大麦虫降解秸秆菌酶协同机制。中国农科院供图
秸秆是我国重要的农业废弃物资源，但由于木质素等结构致密，难以实现高效降解和高值利用。大麦虫是优良的饲用昆虫，具有将农业废弃物转化为高品质昆虫蛋白的潜力，但其高效利用秸秆的分子机制缺乏系统解析。
研究团队发现，大麦虫可直接取食小麦秸秆，并在秸秆为唯一饲料时仍保持较高存活率，持续将秸秆转化为自身生长所需营养。团队在大麦虫体内鉴定出一种关键纤维素氧化裂解酶，可率先破解纤维素晶体结构，并与其他纤维素酶协同提高纤维素降解效率。
科研人员还分离获得一株具有高效木质素降解能力的新菌株，产生的降解酶可逐步破坏木质素屏障，为纤维素降解创造条件。
该研究揭示了大麦虫宿主酶与肠道共生菌协同降解木质纤维素的“酶菌协作”机制，为秸秆生物转化提供了新的理论依据。研究得到中国农业科学院重大科技任务等项目资助。
相关论文信息：https://doi.org/10.1016/j.greenca.2025.11.002",full,,dom_or_structured_full_text,http://news.sciencenet.cn/htmlnews/2026/9/570708.shtm,科学网新闻,综合科技,科技新闻,2026-09-02T00:05:01+00:00,,,,,error,,glm-5.2,2026-08-14,"Z.AI HTTP 400: {""type"":""error"",""error"":{""type"":""invalid_request_error"",""code"":""1301"",""message"":""[1301][系统检测到输入或生成内容可能包含不安全或敏感内容，请您避免输入易产生敏感内容的提示语，感谢您的配合。][2026090208183925ce2233c2914fea]""},""request_id"":""2026090208183925ce2233c2914fea""}"
科学网-仿生水凝胶破解微生物Bt农药田间应用短板,2026-09-01,"仿生水凝胶破解微生物Bt农药田间应用短板
近日，中国农业科学院植物保护研究所研发出一种生物膜仿生的苏云金芽胞杆菌水凝胶制剂，显著提升了抗逆性和持效期，对番茄潜叶蛾的田间防治效果显著提高。相关研究成果发表在《化学工程期刊》（
Chemical Engineering Journal
苏云金芽胞杆菌仿生水凝胶自组装结构示意图。中国农科院供图
番茄潜叶蛾是全球性重大入侵害虫，被列为我国一类农作物病虫害。Bt是全球应用最广泛的微生物杀虫剂，对番茄潜叶蛾具有良好活性。然而，在田间应用中Bt产品面临两大瓶颈，一是紫外辐射导致产品失活，二是雨水冲刷造成有效成分大量流失。
科研团队受细菌生物膜启发，使用一种叶酸和锌超分子水凝胶体系，将Bt芽胞和晶体蛋白包封其中，成功模拟了生物膜的三维多孔网络结构和保护功能。与传统可湿性粉剂相比，Bt水凝胶制剂在施药4天后对番茄潜叶蛾的防治效果接近85%，施药14天后防效仍可达72%，较可湿性粉剂提高约27%，展示出该制剂良好的应用前景，破解了微生物农药田间应用的关键难题。
该研究得到国家重点研发计划、中国农业科学院科技创新工程等项目支持。
相关论文信息：https://doi.org/10.1016/j.cej.2026.179471",full,,dom_or_structured_full_text,http://news.sciencenet.cn/htmlnews/2026/9/570707.shtm,科学网新闻,综合科技,科技新闻,2026-09-02T00:05:03+00:00,,,,,error,,glm-5.2,2026-08-14,"Z.AI HTTP 400: {""type"":""error"",""error"":{""type"":""invalid_request_error"",""code"":""1301"",""message"":""[1301][系统检测到输入或生成内容可能包含不安全或敏感内容，请您避免输入易产生敏感内容的提示语，感谢您的配合。][2026090208183925ce2233c2914fea]""},""request_id"":""2026090208183925ce2233c2914fea""}"
科学网-她们为“人造太阳”锻造“赤霄光剑”,2026-09-01,"她们为“人造太阳”锻造“赤霄光剑”
8月中旬，在安徽合肥的聚变堆主机关键系统综合研究设施“夸父”园区内，中国科学院合肥物质科学研究院副研究员杨鑫正用流利的英文向法国来访学者介绍“赤霄”装置。
一年前，该装置顺利通过专家组鉴定。中国由此成为继荷兰之后，国际上第二个拥有此类高参数装置的国家。一时间，中国“人造太阳”配上“赤霄光剑”、“他们真的造了把‘光剑’”的信息迅速冲上网络热搜，来园区参观的人络绎不绝。
但很少有人知道，锻造这把“光剑”的是一支年轻科研团队，主要研发成员女性占比超70%。今年，这支团队被授予“中国科学院三八红旗集体”荣誉称号。
“目前，我们正在对装置进行新一轮改造升级，为更高的参数发起冲击做准备。”“赤霄”集成与调试负责人杨鑫向《中国科学报》介绍。
“赤霄”团队成员合影。受访者供图
从“0”开始搭建
万物生长靠太阳。20世纪中叶以来，人类致力于研究可控核聚变实验装置，这种被称作“人造太阳”的大科学装置，内部有与太阳类似的核聚变反应机制。
“人造太阳”在运行时，核心温度高达上亿摄氏度，任何已知材料放进去都会瞬间融化。“赤霄”就是为了解决这个难题：寻找和测试能承受高热流和强粒子冲击的壁材料。
“你可以将‘赤霄’理解为一台‘超级材料测试机’。”杨鑫打了个形象比喻，它的任务是在实验室里模拟未来“人造太阳”内部的极端环境，对候选材料进行测试。只有经得起“赤霄”考验的材料，才能被用在未来聚变堆上。
在厂房内，记者顺着杨鑫引导的角度看“赤霄”，它的流线型结构宛如一把宝剑。“‘赤霄’全称是强流超导直线等离子体装置，取名自中国古代十大名剑之一的赤霄剑，寓意其能在核聚变研究领域披荆斩棘。”
然而2022年时，这里还只是一间仅接通了水电的毛坯厂房。部分关键部件即将进场，项目交付期限迫在眉睫。一直从事直线等离子体装置研制的杨鑫，正是此时被委以重任，负责“赤霄”的集成与调试。
摆在她和团队面前的，是一张复杂的“考卷”。她首先给厂房来个“精装修”：完成水电管廊、抽气管道、水冷系统、地坪铺设等设备进场前工作。
紧接着，更紧急的任务是要把装置主机、超导磁体、等离子体源、诊断以及控制等5个分系统整合到一起。“如何连接、如何安排装配顺序，都蕴含着精密的系统逻辑。”杨鑫坦言，即便是一颗螺丝没拧紧或是使用错误，都可能引发“牵一发而动全身”的连锁反应。
最令杨鑫头疼的，是部分关键部件交付延期。例如，用于测量等离子体参数的靶板，因工艺复杂，厂家未能按时交付。面对这一突发情况，杨鑫决定迅速启用预研平台上的旧靶板进行替代。
但旧靶板无法旋转。团队集思广益，提出了一个极其朴素但有效的“土方法”：先利用强流等离子体束在靶板上打出印记，再用激光笔精准标定好对应位置，最后人工微调靶板的摆放位置，精准完成靶板对中校准。
类似的问题一个接一个。“有时候，大家很焦虑，现场吵得面红耳赤。吵完了，冷静下来，又继续干活。”杨鑫回忆道。
但干活有个原则：任何人不能通宵工作。“我们人员有限，无法换班。累了就必须停下来。我反复强调，绝不能在疲惫时做任何决定，尤其是关键调试。一旦出错，损失可能会更大。”
正是凭借这股子韧劲与理性，团队在2024年12月完成总装，并在第一次联调联试中成功放电。
2025年1月14日，“赤霄”迎来“大考”：经中国科学院专家组实验现场测试鉴定，该装置各项性能达到设计指标，最大粒子流大于10的24次方每平方米每秒，单次放电时间超过1000秒，最高中心磁场高于3特斯拉，是目前国际上综合参数水平最高的直线等离子体装置。
“有了‘赤霄’，我国的科学家们再也不用远赴荷兰做材料测试了。”杨鑫的话语中，满是自豪。
“赤霄”团队部分成员合影。受访者供图
“以结果为导向”
加入“赤霄”团队前，周卫云已在中国科学院合肥物质科学研究院等离子体物理研究所研制中心工作多年，参与过高能同步辐射光源、全超导托卡马克核聚变实验装置等大科学装置的设计。她属于既能懂科学家要什么，又能独立完成工程设计、还具备一定科研能力背景的人。
杨鑫向她发出邀请时，直接说明了“赤霄”进展中的问题：负责生产部件的厂家缺乏经验，急需一位能在工程上指导对方且能把握“科研需求-工程设计-工艺落地”链条的人。
而真正打动周卫云的，是杨鑫的承诺：“我们团队很团结，氛围很好，我会给你权限，只要结果达到目标就行。”这种“以结果为导向”的信任让周卫云立即答应加入。
在研制中心时，周卫云已经在研发“赤霄”关键子系统——等离子体源。加入团队后，她的担子更重了，负责整个装置的工程落地技术支持。
在与厂家的首次对接会上，她针对靶板、真空室等关键部件提出了34条整改意见。
但最让她费尽心思的，还是等离子体源的研发。“等离子体放电通道热负荷高达20至30兆瓦每平方米，热流密度接近太阳表面辐射水平，相当于指甲盖大小区域就要承受数千瓦的热功率。如何在以天为单位的时间里实现长时间、稳定的放电，对等离体子源的热管理是巨大的挑战。”
为此，周卫云带领团队耗时3年，从等离子体源的结构到关键部件的冷却，以及各个部件的高压绝缘，设计研发并迭代了三代高密度等离子体源，满足了等离子体束流密度大于10的24次方每平方米每秒、可连续放电24小时的要求。
“我们团队风气非常好，大家想的都是怎么把事情做好，从不计较个人得失。”周卫云说。
慕香红也是做工程设计方面的研究，主导设计完成主真空室系统、抽气系统机械设计，负责各子系统进场的接口确认与装配指导，她有着同样的感受：“团队凝聚力非常强，氛围和谐，项目进展中遇到问题时，大家总是一起讨论，想办法解决问题。”
每平方米每秒钟极速喷射出亿亿亿个粒子！这个数据如何测量得出？这要归功于徐倩负责研制的水冷探针诊断系统。
“我之前没做过诊断设备，只分析过探针采集的数据。”接到任务时，徐倩心里直打鼓。但领导一句“你是研究室最懂鞘层物理的”，给了她莫大的鼓励。
徐倩介绍，设计探针第一个难关是密封与绝缘。水冷探针内部既要走冷却水，又要传输电信号。密封做不好，冷却水渗漏直接短路；绝缘处理不好，信号就被干扰测不准。机械密封、电气绝缘、信号传输三个条件必须同时满足，任何一个环节出错就全盘失败。
第二个难关是既要“扛得住”，又要“测得准”。“赤霄”装置运行时，热负荷超过10兆瓦每平方米，普通探针刚伸进去就被烧毁，所以必须做水冷，让探针足够“粗壮”，才能在极端热流下不被烧蚀并保证上千秒连续测量；但从测量角度来说，探针越粗，采集电流越大，测量精度越难保证。
经过不懈努力，徐倩攻克了大电流下的信号保真采集和高热负荷下的密封绝缘一体化设计两项核心技术。探针承受热流从2兆瓦每平方米提升至10兆瓦每平方米以上，寿命延长至50小时，测量误差率从50%降至15%。
“这个任务对我来说，是把等离子体物理的理解真正落地到工程实践的过程。体会最深的是不要轻易给自己设限。”徐倩感慨道。
如今，“赤霄”装置已面向全球开放共享，吸引了来自日本、新加坡及国内众多高校和科研院所的用户前来测试材料性能。
“当你决心去做一件事时，全世界都会为你让路。”采访最后，杨鑫分享了她的体会，“刚开始都很难，最重要是要去做，要敢想、敢干、敢担当，女性同样可以为‘人造太阳’梦想注入不可或缺的‘她力量’。”",full,,dom_or_structured_full_text,http://news.sciencenet.cn/htmlnews/2026/9/570706.shtm,科学网新闻,综合科技,科技新闻,2026-09-02T00:05:06+00:00,,,,,error,,glm-5.2,2026-08-14,"Z.AI HTTP 400: {""type"":""error"",""error"":{""type"":""invalid_request_error"",""code"":""1301"",""message"":""[1301][系统检测到输入或生成内容可能包含不安全或敏感内容，请您避免输入易产生敏感内容的提示语，感谢您的配合。][2026090208183925ce2233c2914fea]""},""request_id"":""2026090208183925ce2233c2914fea""}"
科学网-“智评赋能 护航创新”学术评价论坛在京举办,2026-09-01,"“智评赋能 护航创新”学术评价论坛在京举办
8月31日，由北京航空航天大学软件学院与方略研究院联合举办的“智评赋能、护航创新”学术评价论坛在北京唯实大厦举办。本次论坛聚焦人工智能时代学术评审、科研诚信治理、学术评价改革和论文质量保障等关键议题，探讨AI赋能学术评价护航创新生态的重要现实议题。来自全国各高校、科研院所的科研管理骨干与学术评价领域专家学者齐聚现场，共探智能化学术评价建设路径。
论坛现场。（主办方供图）
多位专家学者在主题报告环节依次作主旨分享。现任中国农村专业技术协会副理事长，教育部教师队伍建设专家指导委员会副主任委员韩宇以《关于AI赋能评审活动的伦理思考》为题，聚焦人工智能介入学术评审的伦理风险与边界问题，结合全球主要科研资助机构AI辅助评审实践与国家自然科学基金AI辅助评审指派系统的建设历程，系统阐释了AI评审场景下的价值准则与行为规范。他表示，学术评审必须建立清晰完备的伦理治理共识，公有商用云端大模型严禁处理涉密申报材料，AI不得承担打分、淘汰、资助排序等核心决策职能，必须落实本地化隔离部署、全流程审计留痕、人工复核、算法偏见常态化检测等管控机制，坚持“人类终责、不容让渡；机器辅助、位阶从属”，构建负责任的AI基金评审治理框架。
北京大学信息管理系教授、博士生导师王继民带来了《学术论文智能评价——质量、可信性与证据驱动评审》主题报告。针对通用大模型直接用于论文评审时出现的评语泛化、依据缺失、结果难以追溯等问题，他提出对评审任务进行拆解，搭建涵盖质量评价、可信性评价、可解释表达、证据驱动评审的技术体系。
北京航空航天大学软件学院、国际创新研究院教授，博士生导师杨晴虹作《AI 赋能科研诚信建设—以科研诚信筑牢论文道德底线》主题报告。报告从政策法规顶层设计、科研不端典型现象研判、科研诚信治理发展路线三大板块展开。系统梳理我国科研诚信制度核心制度文件，重点阐释新规中将“滥用人工智能编造资料”纳入科研失信违规情形的制度意义。
中国科学院文献情报中心研究员、科研诚信研究中心副主任袁军鹏作题为《智能时代科技评价的历史演进、现实变革与未来重构》的报告。报告梳理我国科技评价历经经验评议、计量量化、改革纠偏到智能融合四个阶段的发展脉络，剖析传统同行评议、计量评价模式在效率、公平性上存在的固有短板，同时指出生成式AI在带来科研平权机遇的同时，也放大既有评价体系漏洞，衍生评审意见AI化、权责边界模糊等新风险。他强调，必须坚守 “人主导、机辅助” 的人机协同底线，AI仅承担初筛风控等辅助工作，不能替代专家学术判断，警惕指标异化与“唯AI 论”，让科技评价回归科研创新价值本身，充分激发科研人员创新活力。
随后，主办方正式发布知研 学位论文 AI辅助评审平台与知研 科研诚信辅助审查平台。
方略研究院现场发布《共筑科研诚信防线》的科研诚信专项能力建设倡议。
与会专家学者表示，本次论坛汇聚科研管理一线、高校、科研机构多方力量，既借鉴国际前沿实践经验，又立足我国学术评价现实场景，对于厘清人工智能应用于学术评审、科研诚信领域的价值、风险与治理路径，及为推进学术评价数字化规范化改革、构建风清气正的良好科研生态提供了重要参考。",full,,dom_or_structured_full_text,http://news.sciencenet.cn/htmlnews/2026/9/570705.shtm,科学网新闻,综合科技,科技新闻,2026-09-02T00:05:08+00:00,,,,,error,,glm-5.2,2026-08-14,"Z.AI HTTP 400: {""type"":""error"",""error"":{""type"":""invalid_request_error"",""code"":""1301"",""message"":""[1301][系统检测到输入或生成内容可能包含不安全或敏感内容，请您避免输入易产生敏感内容的提示语，感谢您的配合。][2026090208183925ce2233c2914fea]""},""request_id"":""2026090208183925ce2233c2914fea""}"
科学网-中国博士后科学基金优秀学术专著出版拟资助书稿公示,2026-09-01,"中国博士后科学基金优秀学术专著出版拟资助书稿公示
关于对2026年度中国博士后科学基金优秀学术专著出版资助拟资助书稿进行公示的通知
中博基字〔2026〕29号
按照《中国博士后科学基金资助规定》和《中国博士后科学基金资助指南（2026年度）》，经专家评审和选题论证，现对2026年度中国博士后科学基金优秀学术专著出版资助共24部拟资助书稿进行公示，公示期为9月2日至9月8日。
对公示内容有异议者，请于公示期内以传真、信函或电子邮件方式向中国博士后科学基金会提交书面材料。个人提交的材料请署明真实姓名和联系方式，单位提交的材料请加盖所在单位博士后管理部门公章。质询内容不包括评审专家的学术评价。
通信地址：北京市海淀区学院路30号中国博士后科学基金会博士后基金管理处（100083）
联系人：贾老师010-62335023（兼传真）
2026年度中国博士后科学基金优秀学术专著出版资助拟资助人员及书稿名单.pdf
中国博士后科学基金会
特别声明：本文转载仅仅是出于传播信息的需要，并不意味着代表本网站观点或证实其内容的真实性；如其他媒体、网站或个人从本网站转载使用，须保留本网站注明的“来源”，并自负版权等法律责任；作者如果不希望被转载或者联系转载稿费等事宜，请与我们接洽。",full,,dom_or_structured_full_text,http://news.sciencenet.cn/htmlnews/2026/9/570704.shtm,科学网新闻,综合科技,科技新闻,2026-09-02T00:05:10+00:00,,,,,error,,glm-5.2,2026-08-14,"Z.AI HTTP 400: {""type"":""error"",""error"":{""type"":""invalid_request_error"",""code"":""1301"",""message"":""[1301][系统检测到输入或生成内容可能包含不安全或敏感内容，请您避免输入易产生敏感内容的提示语，感谢您的配合。][2026090208183925ce2233c2914fea]""},""request_id"":""2026090208183925ce2233c2914fea""}"
中国科学院党组召开理论学习中心组集体学习会 深入学习习近平党建思想,2026-09-01,特别声明：本文转载仅仅是出于传播信息的需要，并不意味着代表本网站观点或证实其内容的真实性；如其他媒体、网站或个人从本网站转载使用，须保留本网站注明的“来源&rdqu...,incomplete,truncated_ending,rss_excerpt,http://news.sciencenet.cnhttps://www.cas.cn/yw/202609/t20260901_5119506.shtml,科学网新闻,综合科技,科技新闻,2026-09-02T00:05:24+00:00,,,,,error,,glm-5.2,2026-08-14,"Z.AI HTTP 400: {""type"":""error"",""error"":{""type"":""invalid_request_error"",""code"":""1301"",""message"":""[1301][系统检测到输入或生成内容可能包含不安全或敏感内容，请您避免输入易产生敏感内容的提示语，感谢您的配合。][2026090208183925ce2233c2914fea]""},""request_id"":""2026090208183925ce2233c2914fea""}"
科学网-新粒子生长：连接大气微观化学与宏观气候环境效应的核心枢纽丨ENG Env,2026-09-01,"新粒子生长：连接大气微观化学与宏观气候环境效应的核心枢纽丨ENG Env
大气中相当一部分气溶胶并非直接排放，而是由气态前体物经成核形成1-2 nm分子团簇后，再通过新粒子生长（NPG）过程逐步长大。能否成功跨越这一关键阶段，直接决定了这些微观粒子是消亡于无形，还是成长为影响云层辐射特性、乃至诱发重污染天气的极少数幸存粒子。因此，解码粒子生长机制，正是连接大气微观化学过程与宏观气候、环境效应的核心枢纽。
北京大学吴志军、胡敏团队与德国莱布尼茨对流层研究所Alfred Wiedensohler团队合作在中国工程院Engineering集群分刊
ENGINEERING Environment
发表题为“The current understanding of atmospheric new particle growth”的综述论文，系统揭示了大气新粒子由碰并、凝结和非均相反应协同驱动的增长机制，明确了氧化有机分子（OOMs）凝结是城市近地面粒子增长的主导路径，并指出突破纳米颗粒化学组成测量技术瓶颈、提升有机物气固分配与非均相生成等过程机制认识、精细化效应评估是该领域研究的关键突破口。
图1.展示NPG的关键机制及其环境影响。粒子数粒径分布（PNSD）图源自2023年秋季北京大学超级观测站的实测数据。
1 纳米颗粒物增长的多维度表征方法
当前，解析新粒子生长（NPG）过程主要依赖于多维度的物理与化学表征技术。在物理测量方面，扫描电迁移率颗粒物粒径谱仪（SMPS）等仪器被广泛用于捕获连续的颗粒物粒径分布（PNSD）数据。在化学表征方面，由于超细颗粒物质量极小，科学家常借助挥发性与吸湿性串联差分电迁移率分析仪（VH-TDMA）和有效密度测量，来间接推断新粒子的化学组分。此外，高分辨率化学电离质谱（如CI-API-TOF-MS）和热吸附解析软电离质谱（TD-CIMS）等前沿设备，实现了对气态前体物（如极低挥发性有机物、硫酸等）以及纳米颗粒物化学组成的直接在线定量解析。基于上述表征方法，全球不同大气环境下的综合测量结果显示，小于25 nm颗粒物的GR通常在 1-10 nm/h 之间。由于受到强烈人为排放的直接影响，城市和乡村地区的GR普遍较高，部分高污染环境下甚至超过 10 nm/h。森林地区因生物源VOCs氧化的显著贡献，其GR与城市环境相近；而偏远的山区和海洋大气环境中，由于气态前体物浓度普遍较低，新粒子的生长速率通常更为缓慢。
2 多因素驱动的增长机制
新粒子的生长并非单一物理过程，而是由凝并、冷凝和非均相化学反应协同驱动的复杂动力学体系。
· 凝并生长（Coagulation）：模态内及模态间的新生颗粒物与背景气溶胶相互碰撞、结合。虽然这并非单个纳米粒子快速长大的主要化学驱动力，但会对数据观测中呈现的表观生长速率产生不可忽视的贡献。
· 冷凝生长（Condensation）： 这是主导新粒子生长的最核心机制。对于3 nm以下的初始小团簇，硫酸、碘氧酸、硝酸等低挥发性无机酸与氨或胺的冷凝起着至关重要的作用。而当粒径跨越3 nm这一阈值后，氧化有机分子（OOMs）的冷凝开始占据绝对主导地位。这些OOMs主要通过挥发性有机物（VOCs）的快速自氧化或多代氧化过程生成。
· 非均相化学反应（Heterogeneous Reactions）： 随着粒子逐渐长大（>25 nm）且含水量逐渐增加，气态物质在被摄入颗粒相后，还会在液相环境中发生质子化、低聚化等非均相化学反应。这一过程会生成更多低挥发性物质，进一步促进颗粒物的质量与体积爆发式增长。
3 三重瓶颈制约认知深化
当前NPG研究领域存在三重核心挑战。一是观测技术存在显著盲区：50 nm以下纳米粒子的原位化学表征、低挥发性有机化合物（VOC）的高精度质谱依赖设备，现有质谱难以区分同分异构体、极低挥发性前体物定量误差大，室外烟雾箱全流程模拟成套装置研发不足；二是机理认知盲区：现有模型普遍低估15 nm以上粒子的生长速率，多组分有机物及液相非均相反应参数缺失，污染城市高NO?环境下氧化有机分子的生成路径未完全厘清；三是效应评估不确定性缺失：基于观测的NPG对云凝结核（CCN）贡献的估算受到气团变化、排放影响，而新粒子增长后颗粒物的健康效应缺乏系统的毒理学与流行病学研究。
表1.不同大气环境下测得的颗粒生长速率
表2.不同观测站点中新生成颗粒的水溶性组分
面对上述瓶颈，未来的NPG研究需要在以下几个维度寻求科学突破：
· 观测技术革新： 需进一步开发针对50 nm以下颗粒物理化特性的先进测量技术，并探索更高效的10 nm以下粒子荷电方法，以降低前端测量的系统性误差。同时，在质谱技术中引入离子迁移率分离等维度，打破同分异构体无法区分的困局，建立覆盖全挥发性区间的超高分辨率在线测量体系。
· 补齐机理认知短板： 需要突破传统的单组分VOC氧化框架，重点探究半挥发性和中等挥发性有机物（SVOCs和IVOCs）以及人为源物种（如萘）的多代氧化与自氧化机制。此外，可借助机器学习等前沿手段优化OOMs挥发性的参数化方案，并在实验室中深入验证相对湿度、pH值等变量对大粒径（>25 nm）颗粒物液相非均相反应的真实影响。
· 精准评估气候与健康效应： 亟需开发能有效剥离一次排放和长距离气团传输干扰的数值分析框架，以准确测算NPG对区域云凝结核（CCN）的真实贡献率。同时，必须针对高浓度纳米粒子开展跨学科的毒理学和流行病学研究，为制定以公众健康为导向的现代空气质量管理策略提供坚实的科学支撑。
▌文章标题：The current understanding of atmospheric new particle growth
▌文章DOI：10.1007/s11783-026-2178-9
https://journal.hep.com.cn/fese/EN/10.1007/s11783-026-2178-9
特别声明：本文转载仅仅是出于传播信息的需要，并不意味着代表本网站观点或证实其内容的真实性；如其他媒体、网站或个人从本网站转载使用，须保留本网站注明的“来源”，并自负版权等法律责任；作者如果不希望被转载或者联系转载稿费等事宜，请与我们接洽。",full,,dom_or_structured_full_text,http://news.sciencenet.cn/htmlnews/2026/9/570702.shtm,科学网新闻,综合科技,科技新闻,2026-09-02T00:05:26+00:00,,,,,error,,glm-5.2,2026-08-14,"Z.AI HTTP 400: {""type"":""error"",""error"":{""type"":""invalid_request_error"",""code"":""1301"",""message"":""[1301][系统检测到输入或生成内容可能包含不安全或敏感内容，请您避免输入易产生敏感内容的提示语，感谢您的配合。][2026090208183925ce2233c2914fea]""},""request_id"":""2026090208183925ce2233c2914fea""}"
科学网-2026年度安徽省博士后独立科研工作者（独立PI）培育项目拟资助名单公示,2026-09-01,"2026年度安徽省博士后独立科研工作者（独立PI）培育项目拟资助名单公示
经试点单位推荐、专家评选，根据有关规定，现将2026年度安徽省博士后独立科研工作者（独立PI）培育项目拟资助对象名单予以公示，公示时间至2026年9月7日。在公示期内，如有异议，请以书面形式向省人力资源社会保障厅专业技术人员管理处、厅机关纪委反映。
0551-62614559（专技处）
0551-62618940（机关纪委）
通讯地址：安徽省合肥市长江中路333号
邮政编码：230061
附件：2026年度安徽省博士后独立科研工作者（独立 PI）培育项目拟资助名单
特别声明：本文转载仅仅是出于传播信息的需要，并不意味着代表本网站观点或证实其内容的真实性；如其他媒体、网站或个人从本网站转载使用，须保留本网站注明的“来源”，并自负版权等法律责任；作者如果不希望被转载或者联系转载稿费等事宜，请与我们接洽。",full,,dom_or_structured_full_text,http://news.sciencenet.cn/htmlnews/2026/9/570701.shtm,科学网新闻,综合科技,科技新闻,2026-09-02T00:05:28+00:00,,,,,error,,glm-5.2,2026-08-14,"Z.AI HTTP 400: {""type"":""error"",""error"":{""type"":""invalid_request_error"",""code"":""1301"",""message"":""[1301][系统检测到输入或生成内容可能包含不安全或敏感内容，请您避免输入易产生敏感内容的提示语，感谢您的配合。][2026090208183925ce2233c2914fea]""},""request_id"":""2026090208183925ce2233c2914fea""}"
科学网-“生物技术+生态育种”引领油菜育种走向全域突破,2026-09-01,"“生物技术+生态育种”引领油菜育种走向全域突破
8月31日，中国农科院油料所研究员、中国工程院院士王汉中团队培育的春油菜新品种“中油青1号”，经青海省农学会组织专家现场鉴定，在西宁市湟中区百亩示范片，采用分段机械实收亩产达314.65公斤，较当地平均单产增幅超66.3%，创我国高海拔区春油菜百亩示范机收单产纪录。
百亩示范片。中国农科院供图
是在青海省科技厅“帅才科学家
项目支持下，采用“生物技术（Biotechnology）+生态育种（Ecological Breeding）”（简称“Bt+Eb”）理论和技术体系育成的新品种。在2025年度青海省区试中，该品种平均亩产308.34公斤，含油量46.94%，亩产油量较当地主栽品种对照提升21.65%，耐寒、早熟特性明显，为青藏等高海拔冷凉春油菜地区油料产能提升提供了重大品种支撑。
油菜是我国第一大油料作物，常年种植面积约1.2亿亩，产区分布跨越寒温带、暖温带、亚热带，生态类型极为多样，光温、土壤、耕作制度差异巨大。传统育种在单一基地进行，育成品种再拿到不同生态区做适应性鉴定，由于品种的生长表现是基因与环境共同作用的结果，跨区种植后优良性状难以稳定发挥。
针对这一瓶颈，王汉中首创了“Bt+Eb”双轮驱动育种理论和技术体系，依靠生物技术加持，变“在单一基地选品种”为“直接在目标生态区育品种”。
其中，生物技术相当于“加速器”，整合分子标记辅助选择、基因编辑、小孢子培养等现代育种手段，依托年创制近10万份双单倍体系的高效育种平台，将传统育种中需筛选数亿个株系的工作量压缩至数万个，育种周期也从8—10年减至5年左右。
生态育种则秉持“在哪儿种，就在哪儿育”。自2022年以来，该团队在长江中下游冬油菜区是湖北武汉、长江上游寡照区的四川邛崃、高海拔春油菜区的青海平安、高纬度春油菜区的内蒙古额尔古纳、强冬性油菜区的河南安阳等地建立定向育种基地，将育种前哨扎根各主产生态区。
王汉中团队依托“Bt+Eb”育种体系，在四大不同生态区同步实现高产高油多抗油菜育种的重大突破。
该团队育成的长江流域产区的“中油杂501”，含油量高达50.38%，区试亩产油量较对照增加26.93%，2025年在江苏东台以亩产377.68公斤刷新我国冬油菜百亩机收高产纪录；强冬性盐碱区的“国盐油1号”耐受-12℃低温和中度盐碱，区试亩产油量比对照增46.07%，2026年在山东东营以机收亩产283.45公斤刷新环渤海中度盐碱地油菜高产纪录；“中油早5号”区试亩产油量较对照增26.79%，2026年在江西信丰百亩示范片机收亩产201.96公斤，全生育期仅166天，比国家攻关指标缩短14天，创下我国“稻稻油”三熟制油菜高产新纪录。
“Bt+Eb”理论和技术体系的创立，为农作物育种提供了新范式，将为加快实现我国种业科技自立自强、保障国家粮油安全提供强劲引擎。",full,,dom_or_structured_full_text,http://news.sciencenet.cn/htmlnews/2026/9/570700.shtm,科学网新闻,综合科技,科技新闻,2026-09-02T00:05:31+00:00,,,,,error,,glm-5.2,2026-08-14,"Z.AI HTTP 400: {""type"":""error"",""error"":{""type"":""invalid_request_error"",""code"":""1301"",""message"":""[1301][系统检测到输入或生成内容可能包含不安全或敏感内容，请您避免输入易产生敏感内容的提示语，感谢您的配合。][2026090208183925ce2233c2914fea]""},""request_id"":""2026090208183925ce2233c2914fea""}"
科学网-2026年全国科普月活动全面启动,2026-09-01,"2026年全国科普月活动全面启动
9月1日，以“科技改变生活创新赢得未来”为主题的2026年全国科普月活动全面启动。这是新修订的《科普法》施行后的第二个全国科普月，由中国科协联合34家全民科学素质纲要实施工作办公室成员单位共同部署开展，各类活动将持续1个月，打造全领域行动、全地域覆盖、全媒体传播、全民参与共享的科普盛宴。
2026年全国科普月主场活动在国家科技传播中心和中国科技馆举办。主场活动按照“寻初心——把科学交给人民”“悦科普——让公众体验科技”“探创新——让公众走近前沿”“向未来——让公众创享未来”四个板块进行布局。
国家科技传播中心推出了“光辉思想擘画科普蓝图”主题展、“共和国脊梁”中国科学家博物馆馆藏精品展、“延安时期党领导下的科技社团”专题展等展览。其中周培源开展湍流力学研究时使用的手摇电阻电压仪器等多件展品是首次对外展出，增设“时光知味，岁月留情——科学家多彩人生长廊”展，通过家书、生活用品、家庭合影等展品，呈现科学家作为父母、夫妻、儿女的平凡一面。
中国科技馆立足前沿成果展示与基础研究科普，策划“沟壑的交响——脑科学主题展览”，围绕“拉索”“EAST”等六个大科学装置和一批高校科研院所的实验室最新研究成果，推动科技资源科普化，打造“科研强基 科普惠民”创新成果展，推出53件首台（套）科普展品，将科研成果转化成普通观众看得懂、摸得到的科普展品。现场，
北京交通大学副教授李振坤展示了基于新型磁控智能材料的流变机器人，“我们将磁性颗粒与新型二维纳米材料结合，为微观粒子构建起可受磁场调控的‘脚手架’网络，赋予材料神奇的记忆能力。这种机器人可以像液体一样灵活流动，通过改变自身形态去执行特定任务”。李振坤表示。
公众在中国科技馆体验展览互动 高雅丽/摄
此外，中国科技馆推出的“科学体育空间”系列教育活动，引导全民广泛参与，让孩子在奔跑骑行中也能动手探索。记者在现场看到，“莱洛三角形车”利用定宽曲线原理平稳前行，划船自行车则生动展示了齿轮传动过程，此外还有“迷宫转转转”“空中飞人”等闯关项目，孩子们一边闯关一边领悟物理知识。
“科学体育空间”系列教育活动 高雅丽/摄
中国科协科普部副部长任海宏介绍，今年全国科普月在活动组织形式上实现创新突破，划分多个阶段并设置分主题，引导社会力量分阶段集中开展科普工作，持续营造科普氛围，保持整月活动热度。
据悉，全国科普月将在全国范围集中开展“系列主场活动”“纲要办成员单位特色活动”“科普报告话前沿”“科普阵地探未来”“千万IP创科普”“科学文化进基层”六大版块活动，动员纲要办成员单位、地方科协、全国学会、高校、科研院所、园区（企业）、现代科技馆体系、网络平台等开展科普联合行动。
“同时，全国科普月坚守科普为民的初心使命，整合全国学会以及高校、园区（企业）、科技馆体系优质科普资源推送省级科协，指导省级科协建立项目资源清单并做好统筹，把科普服务送到群众身边。面向青少年、老年人、农民、工人等重点群体，提供分众化、精准化科普内容，切实让科学成果惠及广大群众。”任海宏说。
作为全国科普月重点活动之一，2026世界公众科学素质促进大会将于9月19-21日举办，届时将正式宣布成立世界公众科学素质组织，开启全球科普交流合作新篇章。",full,,dom_or_structured_full_text,http://news.sciencenet.cn/htmlnews/2026/9/570699.shtm,科学网新闻,综合科技,科技新闻,2026-09-02T00:05:33+00:00,,,,,error,,glm-5.2,2026-08-14,"Z.AI HTTP 400: {""type"":""error"",""error"":{""type"":""invalid_request_error"",""code"":""1301"",""message"":""[1301][系统检测到输入或生成内容可能包含不安全或敏感内容，请您避免输入易产生敏感内容的提示语，感谢您的配合。][2026090208183925ce2233c2914fea]""},""request_id"":""2026090208183925ce2233c2914fea""}"
科学网-宇宙“造星”为何变慢？中国天眼有了新发现,2026-09-01,"宇宙“造星”为何变慢？中国天眼有了新发现
今天的宇宙为什么越来越难以形成新的恒星？在天文学家看来，对于这个问题，一个直观而流行的解释是，随着宇宙演化，孕育恒星的“冷气体”逐渐被消耗，最终导致造星活动衰退。
近日，中国科学院国家天文台、上海天文台、上海交通大学等组成的国际合作团队利用中国天眼（FAST）与国际暗能量光谱仪（DESI）开展的一项研究纠正了这一解释。
这两台世界先进的天文观测设备实现了对距今45亿年以来的宇宙中性原子氢（以下简称中性氢）演化的高精度测量。结果发现，在宇宙恒星形成活动显著减弱的同一时期，作为星系中重要冷气体储备的中性氢变化却相对缓慢。相关成果9月1日发表于《自然-天文》（Nature Astronomy）。
研究示意图。科研团队供图
科学家认为，关于宇宙造星活动衰退的原因，如果此前的解释成立，那么恒星形成率的下降，就必然会伴随冷气体储备的同步骤减。
中性氢为恒星形成提供燃料，也是连接星系大尺度气体循环与内部恒星形成的关键纽带。然而，中性氢主要通过极其微弱的21厘米射电谱线被探测，对于遥远星系而言，单个信号往往淹没在背景噪声中。过去的观测方法存在瓶颈，导致其总量如何随时间演变，始终缺少可靠的直接观测证据。
此次研究将FAST的高灵敏度射电观测与DESI的大规模光谱巡天深度融合，分析了覆盖约三分之一天区的约250万个星系。研究人员利用中性氢谱线叠加技术，将大量单个无法直接探测的微弱信号，按星系的红移精确对齐并叠加，成功从噪声中提取出平均中性氢信号，从而在前所未有的统计精度与大样本尺度上，精确追踪了宇宙中性氢的演化轨迹。
测量结果显示，45亿年前的宇宙恒星形成率约为今天的2.5倍，而同期的中性原子氢密度仅约为今天的1.4倍。也就是说，在恒星形成活动大幅下跌的同时，宇宙中的中性氢储备并未同步枯竭。
科研团队指出，这种演化速率上的强烈反差，排除了“中性氢快速耗尽导致恒星形成衰退”这一简单的物理图景。同时，这项成果也将该领域的探讨焦点从“气体是否耗尽”转变为“为何中性氢储备充足，恒星形成却日益艰难”。
科研人员解释，恒星主要诞生于更加致密的分子气体云中，而中性原子氢正处于大尺度气体供应与分子气体形成之间的关键中间节点。研究提示，晚期宇宙真正发生显著变化的，可能是气体从中性原子氢向分子氢、再到恒星的转化过程。随着宇宙网供气减弱、气体密度降低，中性氢向分子氢转化的效率随之下降，这使得中性氢储备得以保持相对稳定，而真正能直接孕育恒星的分子气体却在逐渐减少。
领域内专家认为，这项工作为理解宇宙晚期气体循环、恒星形成衰退及星系演化确立了新的重要观测基准。
该研究由中国科学院国家天文台研究员姜鹏、上海天文台研究员郭宏以及上海交通大学教授杨小虎、中国科学院院士景益鹏带领的科研团队，联合DESI国际团队共同完成。
相关论文信息：https://doi.org/10.1038/s41550-026-02965-9",full,,dom_or_structured_full_text,http://news.sciencenet.cn/htmlnews/2026/9/570698.shtm,科学网新闻,综合科技,科技新闻,2026-09-02T00:05:35+00:00,,,,,error,,glm-5.2,2026-08-14,"Z.AI HTTP 400: {""type"":""error"",""error"":{""type"":""invalid_request_error"",""code"":""1301"",""message"":""[1301][系统检测到输入或生成内容可能包含不安全或敏感内容，请您避免输入易产生敏感内容的提示语，感谢您的配合。][2026090208183925ce2233c2914fea]""},""request_id"":""2026090208183925ce2233c2914fea""}"
科学网-科学家首次精确定位调控冬眠的关键脑回路,2026-09-01,"人工冬眠有盼头了
科学家首次精确定位调控冬眠的关键脑回路
近日，一项公布于预印本平台bioRxiv的研究通过分析叙利亚仓鼠，首次精确定位了调控动物冬眠的脑回路。这对研究人工冬眠的人来说是个好消息。跨物种的冬眠回路可以帮助科学家找到在人类中治疗性诱导冬眠的方法，甚至使长途太空旅行成为可能。
许多动物依赖环境获取热量，其中鸟类和哺乳动物能够提高并控制自身体温。其好处是代谢率较高且相当稳定，但能量代价巨大。因此，在特别寒冷或食物匮乏的时期，由于能量代价过高，一些动物会通过冬眠的方式来应对。它们会进入长而深的“蛰伏”状态，体温和代谢率下降，通常中途会不停被微觉醒打断。
面对类似挑战时，其他动物也可以进入较短、较浅的一次性蛰伏状态。这种状态与冬眠的关系长期存在争议。此外，还有许多鸟类和哺乳动物两者都不会出现。
“人们对冬眠机制知之甚少，尤其是神经元机制。”研究睡眠与冬眠的日本筑波大学的Takeshi Sakurai说。
为弄清动物进入冬眠时大脑发生的变化，研究人员首先在实验室中诱导叙利亚仓鼠冬眠。两个月里，他们把动物笼舍中开灯的时间缩短，以模拟秋季。然后在接下来的两个月中，将温度降至约4摄氏度，以模拟冬季。
论文作者、美国麻省理工学院（MIT）的Adrian Martinez说，在“人造冬季”中，动物开始冬眠——体温下降，“在窝里缩成一团”。冬眠持续2到8周，其间仓鼠睡眠状态在微觉醒和深度蛰伏之间循环。
团队收集了刚进入深度蛰伏的仓鼠的大脑，并将其与刚从蛰伏中短暂醒来或完全未冬眠的仓鼠的大脑进行比较。结果发现，一种名为Fos的蛋白质高水平表达，表明下丘脑视前区存在活动。该区域参与调节体温、睡眠和其他重要功能。
此前对不冬眠小鼠的研究，将POA活动与饥饿或寒冷引起的蛰伏状态联系起来。关于这种蛰伏状态是否与真正的冬眠相关一直存在争论。但Martinez等人发现，仓鼠冬眠中活跃的POA神经元特定亚群，似乎与小鼠蛰伏状态中鉴定出的神经元相同。
抑制这些神经元会延迟仓鼠重新进入蛰伏，而激活这些神经元则引发仓鼠筑巢行为并使其体温下降。这是体温虽不如自然冬眠时那么低，但也远低于平时，仅13摄氏度。在小鼠中激活这些细胞也能使体温降低，但幅度较小。
论文作者、MIT的Sinisa Hrvatin说，这组POA细胞可能是进化遗留下来的“关闭键”，使早期温血哺乳动物能够降低维持体温的高能量成本。
意大利博洛尼亚大学研究冬眠的生理学家Matteo Cerri说，如果蛰伏是一种祖先性状，那么大多数哺乳动物很可能仍然拥有这个POA回路。
然而，Sakurai指出，哺乳动物的冬眠和蛰伏形式多样，因此POA上下游所发生的情况必定存在差异，而且包括人类在内的一些哺乳动物甚至完全不进入冬眠或蛰伏状态。
“真正的问题不是为什么有些动物会蛰伏，而是为什么其他动物不蛰伏。”Cerri说。
那么，能否通过操控POA中的细胞，让非冬眠物种冬眠？Sakurai团队在天然不进入蛰伏或冬眠状态的狨猴体内发现了与新鉴定回路中相同的细胞类型，目前正在尝试激活它们。此前，研究人员曾用超声波激活大鼠更广泛的POA，使其体温下降1到2摄氏度。
英国牛津大学研究睡眠与冬眠的Vladyslav Vyazovskiy指出，在人类中诱导蛰伏具有潜在的治疗益处，如在器官衰竭患者等待移植期间维持其生命。但他强调，在那之前，“我们需要了解这会对大脑、突触连接和记忆产生什么影响”。
相关研究还有更具科幻色彩的应用——让人类在长途太空旅行中冬眠。在这种背景下，人工冬眠会更加复杂性，需要考虑更多问题，比如长时间跨度和缺乏医疗监护等。但Cerri说，太空机构开始认真对待这个想法了，“这仍是个非常遥远愿景，但有非常雄厚的资金在支持”。
相关论文信息：https://doi.org/10.64898/2025.12.05.692394",full,,dom_or_structured_full_text,http://news.sciencenet.cn/htmlnews/2026/9/570697.shtm,科学网新闻,综合科技,科技新闻,2026-09-02T00:05:37+00:00,,,,,error,,glm-5.2,2026-08-14,"Z.AI HTTP 400: {""type"":""error"",""error"":{""type"":""invalid_request_error"",""code"":""1301"",""message"":""[1301][系统检测到输入或生成内容可能包含不安全或敏感内容，请您避免输入易产生敏感内容的提示语，感谢您的配合。][2026090208183925ce2233c2914fea]""},""request_id"":""2026090208183925ce2233c2914fea""}"
报告显示：2019年以来我国乡村信息基础设施实现跨越发展,2026-09-01,"新华社北京8月31日电 国家互联网信息办公室、农业农村部近日发布的《中国数字乡村发展报告（2019—2025年）》显示，2019年以来，我国乡村信息基础设施跨越式发展，实现“县县通千兆、乡乡通5G、村村通宽带”，涉农数据资源整合和开发利用水平不断提升，巩固拓展脱贫攻坚成果更加有力，城乡数字鸿沟持续缩小。
报告系统总结了2019年《数字乡村发展战略纲要》印发实施以来我国数字乡村发展的成就和经验，为“十五五”时期推进数字乡村高质量发展提供工作参考和指引。
报告指出，七年来，我国数字乡村政策机制不断健全，数字乡村发展基础更加坚实，智慧农业建设取得重要进展，乡村数字经济新业态加快发展，乡村数字文化持续繁荣发展，乡村数字治理水平不断提升，乡村信息服务更加便捷高效，智慧美丽乡村更加宜居宜业，推动数字乡村建设取得重要进展。
报告称，农村电商规模实现高速增长，2025年全国农村网络零售额首次突破3万亿元，数字技术赋能农文旅融合创新，一批具有鲜明地域特色的乡村文化品牌、旅游品牌和特色产品品牌逐渐形成，农民创业就业渠道持续拓展。",full,,dom_or_structured_full_text,https://www.news.cn/tech/20260901/e67ff1f0c00c44928ad1c4c6a6910bd7/c.html,新华网科技,综合科技,科技新闻,2026-09-02T00:05:42+00:00,,,,,error,,glm-5.2,2026-08-14,"Z.AI HTTP 400: {""type"":""error"",""error"":{""type"":""invalid_request_error"",""code"":""1301"",""message"":""[1301][系统检测到输入或生成内容可能包含不安全或敏感内容，请您避免输入易产生敏感内容的提示语，感谢您的配合。][2026090208183925ce2233c2914fea]""},""request_id"":""2026090208183925ce2233c2914fea""}"
欧盟将对ChatGPT等3家美国服务平台加强监管,2026-09-01,"新华社布鲁塞尔8月31日电（记者张兆卿　张馨文）欧盟委员会8月31日宣布，根据欧盟《数字服务法》，将ChatGPT认定为“超大型在线搜索引擎”，并将“红迪网站”和“罗布乐思”认定为“超大型在线平台”。这意味着这3家美国服务平台将面临欧盟更严格的监管要求。
欧盟委员会当天发布新闻公报说，ChatGPT是一种能够回应用户的提示和查询并包含在线搜索功能的人工智能系统，符合《数字服务法》关于“在线搜索引擎”的定义。“红迪网站”是基于内容讨论的网络平台，“罗布乐思”是游戏和创作平台，均属于《数字服务法》所定义的“在线平台”。
公报说，上述3家服务平台申报其在欧盟月均用户数均超4500万。根据规定，这3家服务平台须在今年12月底前履行欧盟针对“超大型在线平台”和“超大型在线搜索引擎”提出的额外义务，包括评估和降低由其服务及算法系统带来的系统性风险。这些风险涉及非法内容传播，对未成年人的负面影响，以及对用户身心健康、基本权利和公共安全等方面的影响。
公报说，认定生效后，欧盟委员会将获得相应调查权，可对这些服务平台的功能以及相关系统进行评估。其中，欧盟将与爱尔兰监管机构合作开展对ChatGPT和“红迪网站”的监管，与荷兰监管机构合作开展对“罗布乐思”平台的监管。",full,,dom_or_structured_full_text,https://www.news.cn/tech/20260901/3c5b9cb924f64bdab8c6f599d32cff04/c.html,新华网科技,综合科技,科技新闻,2026-09-02T00:05:44+00:00,,,,,error,,glm-5.2,2026-08-14,"Z.AI HTTP 400: {""type"":""error"",""error"":{""type"":""invalid_request_error"",""code"":""1301"",""message"":""[1301][系统检测到输入或生成内容可能包含不安全或敏感内容，请您避免输入易产生敏感内容的提示语，感谢您的配合。][2026090208183925ce2233c2914fea]""},""request_id"":""2026090208183925ce2233c2914fea""}"
当AI帮人决策“买单” 如何筑牢支付安全底线,2026-09-01,"参观者在2026世界人工智能大会上体验AI眼镜支付。记者 刘颖 摄
“帮我订张机票”“帮我下单买奶茶”……只需一句语音指令，AI智能体便能辅助完成比价、下单。当前，人工智能在支付领域的应用日趋活跃，多家支付机构积极探索并推出AI支付产品。
当机器开始帮人决策“买单”，资金安全如何保障？
“要守住风险底线，并释放科技效能。”中国人民银行副行长陆磊日前在第十五届中国支付清算论坛上表示，支付行业在人工智能发展和应用过程中面临着诸多挑战，要以问题为导向，守好风险防控底线，将消费者权益保护作为落脚点。
当前，作为人工智能在支付领域的应用热点，全球智能体支付整体仍处在“辅助支付”阶段，最后的支付授权仍需人工确认。近两年，国内不少支付机构已依托电商、零售、餐饮等场景，探索推出多款AI支付产品。
蚂蚁集团CEO、支付宝支付科技有限公司董事长韩歆毅在论坛上介绍，截至6月末支付宝的AI付已实现交易超3亿笔，基本覆盖95%的通用智能体，可在手机、智能眼镜、智能手表等多个终端使用。
在中国银联股份有限公司董事长董俊峰看来，智能体将支付无缝嵌入消费流程中，不仅能带给消费者更便捷的金融服务，而且能帮助更多商户“被找到”。商品的库存、价格、优惠等信息转化为可识别、可调用的智能化数字服务能力，有助于提升千行百业的经营效率。
记者从论坛上了解到，在过去的一年中，国内外的银行卡组织、支付机构以及科技公司陆续发布了10多项智能体支付相关协议。
“AI消费供需两旺，尤其是今年以来增速非常快。未来，智能体或将从选品和比价的辅助工具向自主发起支付交易演进。”网联清算有限公司总裁崔嵬表示，智能体支付正以全新支付范式激活生态潜能，但也需关注和防范AI误判、授权滥用可能引发的争议纠纷。
当AI替你“拍板”，谁来为错误决策承担后果？这背后有着更深层次的权责划分问题。
面对这一新业态，陆磊坦言，大模型自主智能体具有输出随机性、逻辑不够透明等特征，若盲目赋予交易决策权限，将冲击资金交易的信任基础。同时，现行的行业治理规则、纠纷处置机制均围绕“人作为交易最终决策者”构建，与智能体自动发起、辅助开展交易的新模式并不适配。
韩歆毅认为，AI支付从“能支付”走向“可信支付”，面临着身份信任、自主分级、责任边界等一系列课题，需要行业共同来攻克。
为促进智能体支付应用安全、合规、可持续发展，中国人民银行指导中国支付清算协会，制定并发布《智能体支付应用自律公约》，在强化行业自律、保护消费者合法权益等方面作出一系列安排。
根据公约，会员单位要基于“了解你的客户（KYC）”进一步探索建立“了解你的智能体（KYA）”机制；明确智能体支付应用的授权边界，与用户签订责任清晰的授权协议；建立分级分类管理机制，通过交易限额等方式加强资金安全管理。
今年6月微信支付发布了新功能——“AI专属卡”，相当于在微信里给AI单独开了一个“零钱包”。财付通总经理郑浩剑介绍，AI专属卡通过资金隔离、限制额度、专项风控和特定场景等措施，安全有序推进AI支付探索。
当前，智能体支付不同协议和标准之间兼容性不足，常常各自为战。专家表示，这容易形成壁垒，造成市场内卷，不利于提升我国智能体支付产业的国际竞争力和话语权。
打破壁垒，要坚持规则和标准先行。陆磊呼吁各市场机构加强不同协议和标准之间的统筹与兼容，配合监管部门推动建设智能体支付底层协议和技术标准体系，强化规则和标准的主导权。
中国支付清算协会会长、交通银行董事长任德奇表示，合规与安全是行业发展的生命线。支付行业正以自律公约和标准共建为抓手，稳妥推进AI在支付领域的应用和发展，筑牢资金安全防线，守护好人民群众的钱袋子。（记者 吴雨）",full,,dom_or_structured_full_text,https://www.news.cn/tech/20260901/cac9f6921e0b4b1c9fbfdcf4aad59c8c/c.html,新华网科技,综合科技,科技新闻,2026-09-02T00:05:46+00:00,,,,,error,,glm-5.2,2026-08-14,"Z.AI HTTP 400: {""type"":""error"",""error"":{""type"":""invalid_request_error"",""code"":""1301"",""message"":""[1301][系统检测到输入或生成内容可能包含不安全或敏感内容，请您避免输入易产生敏感内容的提示语，感谢您的配合。][2026090208183925ce2233c2914fea]""},""request_id"":""2026090208183925ce2233c2914fea""}"
工业软件国产化不仅是技术问题,2026-09-01,"工业软件水平是一个国家工业软实力的重要体现。该领域的扎实发展，对于加快构建现代化产业体系、持续提升制造业运行效率具有重要作用。当前，自主研发工业软件是大势所趋，既可以强化工业软件与本土实际工业场景的深度融合，还能够更好保障产业安全。
促进工业软件国产化成为支撑工业运转的坚实底座。这不单纯是一个技术问题，更是一个涉及产业生态培育的系统工程。对此，要顺应产业发展规律、遵循技术演进和应用规律，善于用全面、联系、发展的观点，发挥好市场和政府的“双轮驱动”作用，让工业软件国产化行稳致远。
找准应用场景、真正满足国内工业生产一线需求，是国产工业软件走好当下路、走稳发展路的关键所在。不与本土的具体工业场景相结合，再高端的工业软件也没有用武之地。从当前成功的国产工业软件应用实践看，软件模型针对的场景就是国内工业领域实际的生产场景；把行业经验沉淀于代码中，有助于实现理论、经验、技术有机动态匹配。这些都是当前国产工业软件取得长足进步的重要原因，也是长期推动技术创新、产业创新深度融合的必然结果。
长期的研发投入、稳定的研发团队是推动行业技术创新的关键引擎。耐心是研发投入行为应具备的最突出特点，关键核心技术的研发必须有足够的、来源多样化的耐心资本予以支持。耐心不仅体现在融资渠道的培育上，还体现在资金投入的稳健上。研发投入也是一种“投资于人”，对打造稳定的科研团队、进一步提高科研人员攻坚克难的积极性具有重要作用。当然，这种耐心投入、精心培育，离不开各类长效机制。软件技术是无形的，管理的适配性同样也是无形的，但又是至关重要的。好的管理制度，能够有效推动实现技术、人才、资金的良性互动，为国产工业软件迭代升级打下坚实基础。
目前，国产工业软件还不能完全满足工业转型升级的需要，发展的速度也相对滞后于生产一线不断涌现的新场景、新需求。对此，还应进一步总结成功经验，以更多符合产业技术创新规律的长效机制来推动行业发展。
坚持把先进制造业和现代服务业发展结合得更紧密，以二者的协同互促推动国产工业软件生态系统全面提升优化。工业软件设计行业产业链条长、涉及面广，需要多业态配合。制造业和服务业的融合发展，将为国产工业软件的发展提供更为广阔的应用土壤，催生更多面向工业领域的专业化、平台化软件服务模式。通过深入推动服务业扩能提质，着力破解生产性服务业“多而不强”的难题，提升专业化、精细化水平，为工业转型升级提供强有力支撑。
坚持把技术创新和产业创新深度融合，以二者的顺畅衔接打通国产工业软件成果转换链路。针对国产工业软件发展探索建立全链条、全流程的创新支持模式，主要体现在抓好“一头”和“一尾”。以引导形成更多产、学、研、用联合体的形式抓好相关领域的技术研发，聚集优质创新资源做好基础研发，边研发、边应用、边反馈、边迭代，破解单一主体创新资源不足的难题。以国内一线工业场景为检验、试验载体，促进技术创新尽快转化为产业创新，推动工业软件在一线加快使用，形成相应的数据集，进而帮助国产工业软件厂商更准确地掌握所服务行业的真实需求，提供更加优质高效的服务。
持续优化政策供给和行业生态搭建，以二者的良性循环构建促进国产工业软件高质量发展的长效机制。从本质上看，很多具体情况归根结底涉及如何处理好政府和市场的关系。抓住这个重点，才能够进一步提升政策效力和效果。持续完善知识产权保护体系，加大对侵权行为的惩处力度，把保障研发主体的合法权益放在首要位置。发挥好各类经营主体作用，逐步实现国产工业软件从“可用”到“好用”的转变。做好数据共享和场景开放，通过改革的办法破解共性的难题，实现破解以类治本的效果。
（作者系国家信息中心经济预测部研究员 魏琪嘉）",full,,dom_or_structured_full_text,https://www.news.cn/tech/20260901/355c3c6e69694968adafb2fc775c1257/c.html,新华网科技,综合科技,科技新闻,2026-09-02T00:05:48+00:00,,,,,error,,glm-5.2,2026-08-14,"Z.AI HTTP 400: {""type"":""error"",""error"":{""type"":""invalid_request_error"",""code"":""1301"",""message"":""[1301][系统检测到输入或生成内容可能包含不安全或敏感内容，请您避免输入易产生敏感内容的提示语，感谢您的配合。][2026090208183925ce2233c2914fea]""},""request_id"":""2026090208183925ce2233c2914fea""}"
财经聚焦｜“Token贷”接续落地，算力数据何以成为信用资产,2026-09-01,"新华社北京8月31日电
题：“Token贷”接续落地，算力数据何以成为信用资产
作为人工智能（AI）大模型处理信息的基本单位，词元（Token）正加速走进金融服务场景，一些银行将其作为授信参考指标之一。近段时间，多家银行的“Token贷”产品接续落地，为缺乏传统抵押物的轻资产科创企业打开了融资新空间。“Token贷”怎么贷？主要面向哪些企业？又折射出怎样的银行授信新趋势？
Token消耗量纳入授信参考指标
近期，温州金酷网络科技有限公司凭借历史词元结算数据、算力采购合同、下游业务订单及自主知识产权等，从农业银行拿到20万元贷款，资金定向用于算力采购，满足企业资金周转之需。
“随着我们自主研发的互动影视创作平台不断推广使用，每月词元调用量持续增长。采购算力需要提前付款，但下游项目回款存在账期，这笔贷款帮我们缓解了资金错配痛点。”企业负责人葛斌斌说。
在数字经济浪潮下，算力已成为AI企业的核心生产要素，Token消耗量也快速攀升。国家数据局的数据显示，我国日均Token调用量在3月突破140万亿，为2年前的1000多倍。
旺盛的算力需求背后，AI企业的融资难题日益凸显。近两年，不少银行为AI企业量身打造了“Token贷”等融资产品，将Token消耗量、算力服务合约、业务订单等数据纳入授信指标，突破了传统信贷依赖厂房、设备等实物抵押的风控惯性。
从“看抵押、看报表”拓展到“看算力、看词元”，多家银行“Token贷”落地步伐加快：农业银行完善科创评价体系，在上海、浙江等地落地“Token贷”专属方案；中国银行推出“算力词元贷”，将企业算力词元结算、算力服务合约价值等纳入授信依据；江苏银行推出“算力贷”，算力算效、团队结构、研发投入、知识产权等纳入评分体系……
值得注意的是，多家受访银行表示，不是“用了多少Token，就能贷多少钱”，还要结合算力合约、应收账款等数据多维交叉验证，并根据企业的经营、财务、征信等情况综合核定授信额度。
邮储银行研究员娄飞鹏表示，将Token消耗量纳入授信参考指标，并未改变银行授信的根本逻辑，只是在企业经营等传统指标基础上，增加了更多关于创新能力的评价指标，属于科技金融向新兴产业延伸的探索性实践。
细分业务场景加强产业链服务
8月中旬，广东省发布专项金融产品“Token贷”，中国银行广州分行同步推出“算力词元供给贷”“算力词元应用贷”“算力词元服务贷”三个子产品，单户最高授信3000万元。
“瞄准不同业务场景推出针对性产品，可提升对算力供给、应用、服务等不同创新主体的服务能力。”中国银行广州海珠支行相关人士介绍，截至目前，该行落地“算力词元贷”授信金额超2800万元，已服务算力产业链上6家小微企业。
算力的供给、应用和服务，正成为当下金融业支持科技企业发展的三个重要方向。从上游大模型搭建训练企业，到中游利用Token进行内容创新的应用主体，再到下游提供算力运维与技术服务的服务商，业务场景细分需要金融更好实现对产业链精准服务。
在招联首席经济学家董希淼看来，不同场景的Token消耗量，是衡量企业经营状况的另一种佐证，一定程度上能够反映客户活跃度、产品市场接受度和业务持续性，可以作为甄别产业链上下游科技企业真实经营价值与成长潜力的重要参考。
农业银行公司业务部相关负责人表示，银行业探索将算力等新生产要素纳入金融产品和信贷评价模型，布局早期科创企业，打造全链条全周期科技金融服务方案，有助于构建更加适配算力产业发展的金融服务模式。
政银协作不断优化风控体系
8月，成都市经信局市新经济委联合成都银行打造专属纯信用贷款产品“算力贷”，以“算力券”财政资金作为增信保障，单户企业最高授信额度500万元，首笔114万元已成功发放。
此前，张家港农商银行推出的“算力贷”产品，也是采用“基础授信+算力券增信”的模式，联动地方算力扶持政策与政府风险补偿机制。
清华大学五道口金融学院副教授周臻表示，“算力券+算力贷”的联动模式，有效放大了财政资金的撬动引导作用。通过风险补偿、贴息等配套措施，可进一步降低银行的试错成本。未来，银行需培养更多既懂风控又懂AI商业模式的复合型人才，更好推动金融与产业深度融合。
也应当看到，“Token贷”的风控模型仍处在打磨阶段，行业缺乏统一可审计的Token存证标准，需要多维度核验数据真实性与准确性，持续优化智能风控体系和授信规则。
娄飞鹏表示，相信随着银行持续打通数据向信用转化的关键通道，金融“活水”将更精准地浇灌数字产业，为AI企业高质量发展注入强劲动能。",full,,dom_or_structured_full_text,https://www.news.cn/tech/20260901/df56a4ef305e48e4ab4aa1b7bd76168b/c.html,新华网科技,综合科技,科技新闻,2026-09-02T00:05:49+00:00,,,,,error,,glm-5.2,2026-08-14,"Z.AI HTTP 400: {""type"":""error"",""error"":{""type"":""invalid_request_error"",""code"":""1301"",""message"":""[1301][系统检测到输入或生成内容可能包含不安全或敏感内容，请您避免输入易产生敏感内容的提示语，感谢您的配合。][2026090208183925ce2233c2914fea]""},""request_id"":""2026090208183925ce2233c2914fea""}"
人工智能应用服务商培育专项行动启动,2026-09-01,"记者8月31日获悉，工业和信息化部日前印发关于开展人工智能应用服务商培育专项行动的通知，提出到2026年底，全国服务商资源池内服务商数量突破2000家，形成结构合理、分工有序、协同创新的多层次梯队，复杂场景交付能力显著增强。
新华社音视频部制作",full,,dom_or_structured_full_text,https://www.news.cn/tech/20260901/1b4a180f9e774bd0b4d5c7e65f92fd19/c.html,新华网科技,综合科技,科技新闻,2026-09-02T00:05:51+00:00,,,,,error,,glm-5.2,2026-08-14,"Z.AI HTTP 400: {""type"":""error"",""error"":{""type"":""invalid_request_error"",""code"":""1301"",""message"":""[1301][系统检测到输入或生成内容可能包含不安全或敏感内容，请您避免输入易产生敏感内容的提示语，感谢您的配合。][2026090208183925ce2233c2914fea]""},""request_id"":""2026090208183925ce2233c2914fea""}"
财经慧说丨用Token也能贷款吗,2026-09-01,"主编：于佳欣、刘夏村
摄制：贾稀荃、胡戈
新华社国内部出品",full,,dom_or_structured_full_text,https://www.news.cn/tech/20260901/abcce66f187242ffa9935b87f402fab7/c.html,新华网科技,综合科技,科技新闻,2026-09-02T00:05:53+00:00,,,,,error,,glm-5.2,2026-08-14,"Z.AI HTTP 400: {""type"":""error"",""error"":{""type"":""invalid_request_error"",""code"":""1301"",""message"":""[1301][系统检测到输入或生成内容可能包含不安全或敏感内容，请您避免输入易产生敏感内容的提示语，感谢您的配合。][2026090208183925ce2233c2914fea]""},""request_id"":""2026090208183925ce2233c2914fea""}"
我国化工行业首个大模型发布新版本,2026-09-01,"8月31日，由中国科学院大连化学物理研究所联合科大讯飞、阿里云等单位共同研发的智能化工大模型3.0Pro正式对外发布。作为国内化工行业首个大模型的迭代升级版本，它实现从知识问答向化工任务智能执行的跨越，为化工研发、工程设计、生产运行提供智能化技术底座。
新华社音视频部制作",full,,dom_or_structured_full_text,https://www.news.cn/tech/20260901/b28bb7cc756c46f38beeb013e44e3d30/c.html,新华网科技,综合科技,科技新闻,2026-09-02T00:05:55+00:00,,,,,error,,glm-5.2,2026-08-14,"Z.AI HTTP 400: {""type"":""error"",""error"":{""type"":""invalid_request_error"",""code"":""1301"",""message"":""[1301][系统检测到输入或生成内容可能包含不安全或敏感内容，请您避免输入易产生敏感内容的提示语，感谢您的配合。][2026090208183925ce2233c2914fea]""},""request_id"":""2026090208183925ce2233c2914fea""}"
布局十万亿级赛道 七部门力推商品消费扩容升级,2026-09-01,"8月31日，商务部等七部门印发《关于推动商品消费扩容升级的实施意见》（下称《实施意见》）。《实施意见》提出，到2030年，社会消费品零售总额达60万亿元左右，培育形成绿色消费、智能消费、健康消费等十万亿级市场，推动相关领域消费持续发展壮大；汽车、家电、通讯器材、纺织服装等万亿级品类零售额持续增长，市场规模保持全球领先地位。
商务部研究院副研究员洪勇认为，这些目标的确立有扎实的数据和产业根基。2025年我国社零总额已突破50万亿元，乘用车零售量达2374.4万辆，限额以上家电、通讯器材零售额双双突破万亿元，超大规模市场优势持续巩固。“从趋势看，绿色、智能、健康消费正处于爆发前夜，十万亿级市场规模是基于消费结构升级和产业技术突破作出的前瞻性判断。”
苏商银行特约分析师付一夫也表示，此次政策设计目标量化清晰，锁定了三大确定性增量赛道。“政策首次将绿色、智能、健康三大消费领域明确为十万亿级培育方向，这意味着后续财政、税收、标准等配套政策都将围绕这三个方向集中发力。对于企业和投资者而言，这相当于获得了长期布局的‘导航图’。”
围绕上述目标，《实施意见》从促进大宗耐用商品消费、稳步提升生活日用商品消费、支持特色商品消费、培育壮大升级类商品消费等4个方面部署重点任务。
促进大宗耐用商品消费方面，汽车消费成为重点领域。《实施意见》提出，深入推进汽车流通消费改革试点，加快破除汽车流通消费领域不合理限制性措施，创新汽车使用管理模式，全链条扩大汽车消费。
《实施意见》还对家居消费、家电消费等方面提出多项举措，明确支持企业设立智能家居体验中心，支持家庭开展全屋智能改造；鼓励家电销售企业联合生产、回收企业开展促销活动。
稳步提升生活日用商品消费方面，《实施意见》明确，促进食品、饮料、纺织服装、文体娱乐用品等消费品质提升。加强农产品产销对接，加快补齐农产品冷链快递物流短板；提高茶饮标准，提升茶饮质量，培育世界级茶饮品牌；纺织服装消费方面，培育世界一流品牌，打造时装周等首发首秀首展平台；促进绿色智能、多元适配、国潮创意等优质文化用品消费。
支持特色商品消费方面，聚焦“一老一小”，支持银发、婴童产品消费；促进国货“潮品”、外贸优品、国际精品等消费。《实施意见》提出，加强关键技术和核心部件研发，扩大脑机融合、人工智能等技术在适老化产品、康复辅助器具产品等领域应用；鼓励企业精准匹配不同年龄段婴幼儿成长需求，研发生产绿色、智能、安全婴童用品；支持老字号走出国门，支持各地开发“必购必带”城市礼物。
培育壮大升级类商品消费，顺应消费升级需求，《实施意见》提出促进绿色、智能、健康等产品消费。
比如，积极推广新能源汽车、节能家电、节水器具、绿色建材、绿色食品等绿色低碳产品；建设消费领域国家人工智能应用中试基地，完善人工智能产品研发机制，推出一批国际领先、消费潜力大的智能消费品；开展膳食营养科普，引导居民低脂饮食，增加豆制品、奶类摄入等。
洪勇认为，此次政策部署层次清晰。“大宗耐用商品托底基本盘，着力释放存量更新需求；日用商品提质升级，以品质和品牌激活日常消费活力；特色商品精准触达银发、婴童、国潮等多元群体，做宽消费半径；绿色、智能、健康消费则着眼长远，肩负起培育十万亿级新市场的主引擎使命。”
付一夫表示，《实施意见》对智能消费的部署意在打通两大堵点：一是中试基地为AI消费品从实验室走向市场铺设“加速跑道”；二是互联互通标准打破品牌生态割裂，推动智能消费从“尝鲜”向“标配”跨越。
政策利好也将传导至相关产业龙头。付一夫分析，新能源汽车领域，优化限购与完善充电设施直接利好比亚迪、宁德时代、特锐德等行业龙头；智能家居方面，全屋智能改造及互联互通标准落地，海尔智家、美的集团、科大讯飞等龙头有望受益；AI终端与智能穿戴方面，小米、华为产业链及大疆等企业具备先发优势；健康消费与银发经济领域，相关企业也将迎来增量空间；国货潮品板块同样获政策加持。“总体而言，这份文件为未来五年消费投资提供了清晰指引，产业趋势已明，龙头企业值得长期关注。”（记者 王文博）",full,,dom_or_structured_full_text,https://www.news.cn/tech/20260901/f42897275a664cb295fa3810e997034c/c.html,新华网科技,综合科技,科技新闻,2026-09-02T00:05:57+00:00,,,,,error,,glm-5.2,2026-08-14,"Z.AI HTTP 400: {""type"":""error"",""error"":{""type"":""invalid_request_error"",""code"":""1301"",""message"":""[1301][系统检测到输入或生成内容可能包含不安全或敏感内容，请您避免输入易产生敏感内容的提示语，感谢您的配合。][2026090208183925ce2233c2914fea]""},""request_id"":""2026090208183925ce2233c2914fea""}"
物流网建设进入全面施工阶段,2026-09-01,"物流网建设是有效降低全社会物流成本的重要抓手。近日，国家发展改革委、交通运输部联合印发《物流网建设实施方案》（以下简称《实施方案》），部署7方面17项任务，提出到2030年，推动社会物流总费用与GDP的比率降至13.1%，较“十四五”末降低0.8个百分点。中国物流与采购联合会副会长胡大剑表示，物流网建设既是有效扩大国内需求的重要领域，也是切实保障和改善民生、增强产业链供应链韧性安全的重要支撑。《实施方案》的出台，标志着物流网建设从顶层规划转向全面施工阶段。
物流是实体经济的“筋络”，联接生产和消费、内贸和外贸，在国民经济中具有先导性、基础性、战略性地位。北京交通大学交通运输学院物流工程系教授张晓东说，我国物流面临一个反常现象：运输、仓储单价与发达国家相比并不算高，甚至存在低价竞争、企业无利可图的现象，但社会物流总成本却明显偏高。关键原因是，物流设施联网性较弱、服务组织化水平偏低。要想破解，不能靠单项设施的简单叠加，必须统筹“硬建设”和“软联通”，向技术创新要效率、向组织协同要效益，通过数智化改造、绿色化转型、信息互联互通，减少无效作业、打破环节壁垒。
在湖北武汉，金控长贸国际冷链物流园里一派繁忙。依托海关、港口、航运、公路运输等多方数据整合，货物在此实现快速周转。作为国家物流数据开放互联试点城市，武汉逐步打通物流各环节的数据壁垒，整合航线、仓储、冷库、运力等分散的物流数据，实时匹配供需信息，通过智慧物流网，压缩了进口商品的流通成本。
近年来，物流数据开放共享这一议题受到业内关注。去年，我国首张物流公共数据共享开放清单发布。胡大剑表示，《实施方案》强调，推动物流信息标准化规范化，重点是鼓励企业物流信息系统建设和改造升级，实现跨方式、跨领域、跨区域数据标准衔接和数据接口互通。同时，《实施方案》要求，扩大物流信息互联互通和共享开放，鼓励区域、行业、枢纽公共信息平台建设，有望促进物流行业数据可信共享和市场化流通。
国家综合立体交通网是国民经济循环的动脉，是服务构建新发展格局的重要支撑，为物流网提供物理骨架和运行通道。交通运输部规划研究院院长刘昕说，截至2025年底，国家综合立体交通网主骨架“6轴7廊8通道”建成率约91%，“十五五”时期国家综合立体交通网主骨架建成率将达到95%，我国运输组织效能将持续增强，物流网的价值延伸效应会加速显现。《实施方案》提出依托国家综合立体交通网主骨架中货运功能突出的长距离、大运量干线，提升综合货物运输骨干通道功能。要进一步聚焦提高通行效率、降低物流成本、支撑沿线区域经济发展三大目标，持续强化骨干通道运行支撑能力。
物流企业是物流网建设的核心主体。截至目前，全国A级物流企业接近1.2万家。《实施方案》提出，鼓励具备资源整合能力的物流企业通过兼并重组、战略合作等方式，在物流网建设中发挥串接作用，深化一体化、网络化运营，发展新业态新模式新场景。下一阶段，物流网建设将为物流企业发展带来新的机遇。
胡大剑说，物流网与交通网最大的区别是功能性组网，从“走得通”转向“走得好”是关键。我国已经布局了181个国家物流枢纽、105个国家骨干冷链物流基地等一批重大物流基础设施。《实施方案》提出，推进存量物流枢纽组网运行。物流企业要加强系统组织和协同运作，通过加强货源组织、优化运作流程、加强信息联通等，在枢纽间加密开行货运班列、班轮、班机，推动存量枢纽从单点布局向功能性组网发展。
发展多式联运是完善现代化综合交通运输体系、发挥各种运输方式比较优势、降低全社会物流成本的关键举措。目前，我国公、铁、水、空骨干物流通道基本畅通，但还存在堵点卡点。《实施方案》提出，健全多式联运和集疏运体系，将为企业发展多式联运带来契机。刘昕表示，《实施方案》提出实施多式联运攻坚行动，大力发展多式联运，加快更新改造和建设一批联运功能突出的主要货运节点。下一步，重点是针对主要港口、重点内陆港、大型物流园区、规模化产业园区、中欧（亚）班列集结中心五类核心货运节点的功能定位与短板特征，围绕设施、信息、标准、服务四大体系，软硬并举破解多式联运堵点卡点。（记者 潘卓然）",full,,dom_or_structured_full_text,https://www.news.cn/tech/20260901/d646b4e01ee64dccb783a2efde617fb0/c.html,新华网科技,综合科技,科技新闻,2026-09-02T00:05:59+00:00,,,,,error,,glm-5.2,2026-08-14,"Z.AI HTTP 400: {""type"":""error"",""error"":{""type"":""invalid_request_error"",""code"":""1301"",""message"":""[1301][系统检测到输入或生成内容可能包含不安全或敏感内容，请您避免输入易产生敏感内容的提示语，感谢您的配合。][2026090208183925ce2233c2914fea]""},""request_id"":""2026090208183925ce2233c2914fea""}"
司法部：加快推进“AI+普法”建设,2026-09-01,"中共中央、国务院日前转发了《中央宣传部、司法部关于开展法治宣传教育的第九个五年规划（2026—2030年）》，标志着全民普法正式开启“九五”的新周期。在国新办举行的新闻发布会上，司法部副部长胡卫列表示，要推进精准普法提质增效，运用人工智能等新技术打造更多富有时代气息的新媒体普法产品，有效满足不同群体的法治需求。
加快构建精准普法的新模式是全面提升普法质效、确保该规划落地见效的关键举措。该规划提出，探索建立基于大数据的精准研判机制，依托政务数据、司法数据、互联网企业数据等，动态识别群众法治宣传教育需求和法治素养薄弱环节，针对不同群体精准开展法治宣传教育。
司法部普法与依法治理局局长徐运凯在会上介绍，司法部将依托全国政务、司法、互联网企业等大数据资源，探索建立法治需求评估分析研判系统，制定公民法治素养基准和测评指标体系，动态识别不同群体的法治需求和维权痛点，精准查找普法工作的薄弱领域、地域、层级、环节和突出问题，进一步提升普法工作的科学性、针对性和实效性。
在守好传统普法阵地的同时，司法部将加快推进“AI+普法”建设，运用人工智能等新技术手段，实现普法内容的智能生成、精准投送和实时互动。此外，司法部还将升级完善“数智普法”平台，打通裁判文书、案例库、法治资讯等资源壁垒，推动法治宣传嵌入政务服务等各类场景，让普法服务更加触手可及。
国家网信办网络法治局局长晁宝栋介绍，网信部门将创新方式载体，打造沉浸式网络普法生态，充分运用大数据、人工智能等新技术，丰富短视频、动漫图解、互动问答等普法产品，以实现普法内容的精准推送。
“互联网平台等各类网络服务提供者是网络空间关键的传播枢纽、活跃的内容端口，也是贴近群众的普法阵地。”晁宝栋表示，要强化智慧场景普法，让法治融入网络生活；围绕网络购物、线上支付等网民上网用网的高频领域，要引导网站平台充分运用数字化、智能化技术，开展嵌入式、伴随式、场景化普法，推出轻量化、可视化、互动式普法产品，常态化做好权利和义务告知、法律知识普及、网络风险提示等工作。（记者沈唯）",full,,dom_or_structured_full_text,https://www.news.cn/tech/20260901/ef1b69bedd4c427286e3c03513ab268d/c.html,新华网科技,综合科技,科技新闻,2026-09-02T00:06:01+00:00,,,,,error,,glm-5.2,2026-08-14,"Z.AI HTTP 400: {""type"":""error"",""error"":{""type"":""invalid_request_error"",""code"":""1301"",""message"":""[1301][系统检测到输入或生成内容可能包含不安全或敏感内容，请您避免输入易产生敏感内容的提示语，感谢您的配合。][2026090208183925ce2233c2914fea]""},""request_id"":""2026090208183925ce2233c2914fea""}"
全国首个开放式商业航天测运控共享平台启用,2026-09-01,"2026北京国际商业航天展览会在亦庄举行。观众参观运载火箭模型。 陈晓根/视觉中国
记者8月28日获悉，全国首个开放式商业航天测运控共享平台——北京火箭大街商业航天智能测运控中心日前正式启用，并开展了火箭发射任务的全过程星、箭测控，实现了“亦庄箭、亦庄星、亦庄测”，成为商业航天领域的标志性成果。
北京火箭大街商业航天智能测运控中心由北京亦庄企业——航天长征火箭技术有限公司建设，是北京经开区重点打造的北京火箭大街六大共性服务平台之一。
作为航天器智能运营指挥枢纽，中心依托航天领域成熟通用的架构底座，深度融合人工智能大模型、云计算、大数据等数智技术，构建了支持千箭、万星、百站的“星箭场用管”全要素一体化国内领先的技术服务体系，集成了首区测控、航区测控、回收区测控及卫星在轨长期管理等核心能力，航天测运控技术能力更加优异。中心面向全球商业航天测运控服务，覆盖低轨、高轨、地月空间，具备不低于每年200次商业火箭发射/回收测控、不低于5000颗商业卫星的测运控服务能力。
“形象地说，中心就是航天发射任务的‘神经中枢’。”北京经开区有关负责人介绍，“接下来，企业在北京火箭大街即可进行火箭发射任务的数据判读、任务级指挥协同，以及卫星在轨运营的测控指挥、数据接收与处理，测控能力不必再分散各地，我们的商业航天企业有了自己的‘共享指挥所’。”
随着该中心投运，北京经开区在商业航天测运控环节补齐了一块关键拼图，实现了“星箭制造—发射服务—测运控—数据应用”的产业闭环。（记者孙明源）",full,,dom_or_structured_full_text,https://www.news.cn/tech/20260901/c50cb2cdcafc40c89f33545eef29f85f/c.html,新华网科技,综合科技,科技新闻,2026-09-02T00:06:03+00:00,,,,,error,,glm-5.2,2026-08-14,"Z.AI HTTP 400: {""type"":""error"",""error"":{""type"":""invalid_request_error"",""code"":""1301"",""message"":""[1301][系统检测到输入或生成内容可能包含不安全或敏感内容，请您避免输入易产生敏感内容的提示语，感谢您的配合。][2026090208183925ce2233c2914fea]""},""request_id"":""2026090208183925ce2233c2914fea""}"
3D打印技术赋能科研五大场景,2026-09-01,"3D打印机使科学家能以极低的成本设计和制造实验用的设备。图片来源：《自然》网站
随着3D打印技术日趋成熟且成本亲民，它正从工业制造领域悄然走进科研实验室，成为科学家攀登科研高峰的“登山杖”。
英国《自然》杂志在近日的报道中，盘点了3D打印技术赋能科研的五大场景，展现了其如何以低成本、高定制化的优势，破解传统科研中的诸多难题。
珠粒与种子的“定制管家”
科学研究中不乏枯燥重复的劳作。美国克莱姆森大学植物科学家特雷弗·里夫在攻读博士学位时，曾为提取DNA而手动将陶瓷珠逐一放入96孔板，过程繁琐且耗时。如今，他无需斥资购买昂贵的自动分配器，仅用3D打印机便以每个约10美元的成本自制了专属工具。
里夫不仅解决了自身难题，更将设计开源至github等平台。借助软件工具，通过调整参数，他能轻松适配12孔、48孔等不同规格的实验板，甚至优化种子计数托盘的形状与尺寸。这种“授人以渔”的共享精神，有望让全球植物遗传学家跨越设备壁垒，以更低成本开展研究。
头骨模型揭晓“声学密码”
骨传导助听器是一种通过骨骼传递声音的装置，它不直接堵塞耳道，而是将声音振动通过颅骨传递至内耳。但在骨传导助听器中，声音在颅骨内的“串扰”问题一直困扰着学界。
目前商用模拟人脑的设备都不适合开展此类研究，为进一步探究甚至阻止这种不必要的“串扰”，日本千叶大学的伊尔万西亚团队另辟蹊径，利用3D打印技术制造出解剖学精确的头骨模型。
他们以公开的男性磁共振（MRI）数据为基础，去除冗余结构并预留传感器接口，再用丙烯腈-丁二烯-苯乙烯塑料打印骨架，搭配特制硅胶模拟皮肤振动特性。这种定制化模型不仅成本远低于商业产品，更能根据研究需求灵活调整耳道形态、传感器位置，甚至在内耳耳蜗处植入传感装置，以监测“串扰”是否被成功阻止。
这一精准的3D模型让团队得以捕捉细微的声音传导规律，为破解信号混淆难题提供了关键支撑。
流动反应器助力化学研究
电化学研究中，流动反应器通过将液体或气体泵送通过通道，使化学反应能够连续进行。它们可用于将二氧化碳等温室气体转化为有用的化学物质和燃料，但商用设备动辄数千甚至上万美元，令研究人员“望洋兴叹”。
美国东北大学的马格达·巴雷卡以不到5美元的成本3D打印出核心部件，再搭配橡胶垫片与铜电极组装而成。
为测试不同设计方案，巴雷卡先用廉价的聚乳酸材料快速验证设计，再以耐碱的特氟纶制造工作部件，从而能精准调控液体通道和电极之间的距离，以及液体的流速等细节。这种“试错-优化”的模式，让化学家得以低成本探索反应器的最优构型，从而深入开展更精细的化学研究。
搅拌珠变身“活性催化剂”
在利用3D技术改进科研方面，英国伦敦大学学院化学家斯蒂芬·希尔顿将目光投向了化学实验室的另一个套件——搅拌珠。这些珠子位于反应容器的底部，在磁场中旋转以搅拌并混合容器内的物质。
传统搅拌珠仅是惰性混合工具，希尔顿却让其变得更加“活泼”。他将催化剂融入树脂，3D打印出兼具搅拌与催化功能的活性珠子，并通过调整搅拌珠的形状与表面积来精准控制化学反应的速率。
希尔顿也建造了自己的流动反应设备，其成本仅需2000美元，远低于商业版的14万美元。700块微反应器板的成本更是从2200美元降至1000美元左右，用极低成本实现了科研效能最大化。
悬吊系统探究小鼠大脑奥秘
3D打印技术也悄无声息地闯入了脑科学研究领域。
研究神经退行性疾病时，麻醉状态下的小鼠脑扫描结果难以与人清醒时获得的结果对比。为在小鼠清醒时获得准确的扫描结果，需要给其戴上项圈，并放入类似MRI的装置，但这种项圈极其难得。为此，丹麦奥胡斯大学的布莱恩·汉森团队3D打印出一款悬吊系统，让小鼠在清醒状态下可适应MRI扫描环境。
这套成本约230美元的设备，解决了动物行为学研究的长期痛点，为阿尔茨海默病等疾病的研究提供了更贴近真实的数据。汉森坦言，若无3D打印技术，这项耗时数周的适应性实验几乎无法开展。他利用该系统研究了小鼠大脑的代谢情况，目前正专注于探究阿尔茨海默病对大脑能量的改变。
从植物研究的珠粒分配器到小鼠研究的悬吊系统，3D打印技术正在重塑科研范式。它不仅降低了实验门槛，更赋予了科学家创新的自由。（记者 刘 霞）",full,,dom_or_structured_full_text,https://www.news.cn/tech/20260901/2591ce9605d94b76a7df0fbce5198277/c.html,新华网科技,综合科技,科技新闻,2026-09-02T00:06:05+00:00,,,,,error,,glm-5.2,2026-08-14,"Z.AI HTTP 400: {""type"":""error"",""error"":{""type"":""invalid_request_error"",""code"":""1301"",""message"":""[1301][系统检测到输入或生成内容可能包含不安全或敏感内容，请您避免输入易产生敏感内容的提示语，感谢您的配合。][2026090208183925ce2233c2914fea]""},""request_id"":""2026090208183925ce2233c2914fea""}"
国际新能源网-太阳能光伏行业专业门户网站,2026-09-01,"日期：2026-09-01
国际太阳能光伏网
近年来，我国光伏发电持续保持较快增长态势。截至7月底，我国
光伏发电装机容量
达到12.86亿千瓦，首次超过煤电（12.85亿千瓦），占到全国发电装机的31.5%，成为我国装机第一大电源。在我国能源资源禀赋条件下，自电力工业诞生百年来煤电作为第一大电源的历史格局被打破，成为2026年上半年
占比历史性跌破50%之后，我国能源绿色低碳转型取得的又一重要阶段性进展和标志性成果。
亿千瓦时，同比提升
。光伏发电在全社会用电量中的占比已达到
度电就有超过一度来自光伏。
目前，我国已形成全球最完整
技术多点开花，晶硅电池转换效率
，钙钛矿电池等下一代技术研发加速推进。
光伏组件产量占全球约
绿色低碳转型贡献了
在分布式光伏方面，
“千家万户沐光行动”推进，目前全国已有超
万户居民成为了分布式光伏业主，屋顶光伏、帮扶电站等正让光伏成为
在集中式光伏方面，
“沙戈荒”地区，
光伏阵列有效降低地表风速、减少水分蒸发，
生长创造有利条件
让能源生产与生态修复相得益彰。
内蒙古、新疆、青海、甘肃、宁夏、吉林等省区新增光伏装机容量
，借助光储充换一体化、零碳园区、零碳工厂、建筑光伏一体化等新场景，
、建筑等领域深度
融合发展，为构建
、更有韧性的新型能源
体系提供坚强保障。
“十五五”期间，光伏发电将进一步实现高质量发展，并着力提升系统友好性和可靠替代能力，
探索光储一体化、光热互补、光伏制氢等多元发展模式，推动光伏从
“看天吃饭”向“可调度、可预测”转变，实现“发得出、送得稳、用得好”
国际太阳能光伏网
光伏资讯一手掌握，关注国际能源网 ""
看资讯 / 读政策 / 找项目 / 推品牌 / 卖产品 / 招投标 / 招代理 / 发文章
光伏发电装机容量
光伏发电装机容量
光热发电新增装机
太阳能光伏资讯热点排行
提升度电收益，AI光储协同助力凌志新材料降本增效
美国宣布新禁令，逆变器概念股大跌！是市场焦虑还是行业变局？
招标 | TOPCon/HJT 343MW！大唐集团老挝项目光伏组件招标
光伏「周事迹」事关光伏指标/新能源项目/分布式光伏/光伏新增装
光伏价格趋势：组件均价0.75元/W！大EPC分布式2.66元/W，集中式2
追风逐光的人，值得被看见｜钛能奖申报进入倒计时了
马斯克、印度、土耳其三面合围！谁动了中国光伏的海外蛋糕？
华润新能源副总变动！
中国华能集团有限公司董事长、党组书记调整
大唐新能源董事长调整
华能集团董事长、党组书记调整
中国华能集团有限公司董事长、党组书记调整
大唐新能源董事长调整
我国能源绿色转型取得又一重要标志性成果 光伏发电成为装机第一
江苏常州市：“十五五”新能源发电装机累计达1000万千瓦左右
青海：推动光伏、风电、水电、光热及储能提质扩容，实现算力与能
我国光伏发电装机历史性超过煤电 成为装机规模最大的电源品类
河北保定市公示206.55MW风、光项目",full,,dom_or_structured_full_text,https://solar.in-en.com/html/solar-2463485.shtml,国际太阳能光伏网,光伏,光伏新闻,2026-09-02T00:06:12+00:00,,,,,error,,glm-5.2,2026-08-14,"Z.AI HTTP 400: {""type"":""error"",""error"":{""type"":""invalid_request_error"",""code"":""1301"",""message"":""[1301][系统检测到输入或生成内容可能包含不安全或敏感内容，请您避免输入易产生敏感内容的提示语，感谢您的配合。][2026090208183925ce2233c2914fea]""},""request_id"":""2026090208183925ce2233c2914fea""}"
国际新能源网-太阳能光伏行业专业门户网站,2026-09-01,"日期：2026-09-01
国际太阳能光伏网
截至今年7月底，我国
光伏发电装机容量
达到12.86亿千瓦，其中
7.04亿千瓦、
5.82亿千瓦。光伏发电的装机容量首次超过煤电，成为我国装机规模最大的电源品类。（煤电装机容量12.85亿千瓦）
月，光伏发电新增装机容量
月抢装影响，同期基数较高）
亿千瓦时，同比提升
，超出全社会用电量增速
个百分点；光伏发电
在全社会用电量中的占比已达到
，较去年全年水平提升
个百分点。近年来，
增长态势，在保障电力供应
推动能源转型中的作用日益凸显。
国际太阳能光伏网
光伏资讯一手掌握，关注国际能源网 ""
看资讯 / 读政策 / 找项目 / 推品牌 / 卖产品 / 招投标 / 招代理 / 发文章
光伏发电装机容量
太阳能光伏资讯热点排行
提升度电收益，AI光储协同助力凌志新材料降本增效
美国宣布新禁令，逆变器概念股大跌！是市场焦虑还是行业变局？
招标 | TOPCon/HJT 343MW！大唐集团老挝项目光伏组件招标
光伏「周事迹」事关光伏指标/新能源项目/分布式光伏/光伏新增装
光伏价格趋势：组件均价0.75元/W！大EPC分布式2.66元/W，集中式2
马斯克、印度、土耳其三面合围！谁动了中国光伏的海外蛋糕？
华润新能源副总变动！
上下游僵持博弈  本周单晶硅片暂稳运行
中国华能集团有限公司董事长、党组书记调整
大唐新能源董事长调整
华能集团董事长、党组书记调整
中国华能集团有限公司董事长、党组书记调整
大唐新能源董事长调整
我国能源绿色转型取得又一重要标志性成果 光伏发电成为装机第一
江苏常州市：“十五五”新能源发电装机累计达1000万千瓦左右
青海：推动光伏、风电、水电、光热及储能提质扩容，实现算力与能
我国光伏发电装机历史性超过煤电 成为装机规模最大的电源品类
河北保定市公示206.55MW风、光项目",full,,dom_or_structured_full_text,https://solar.in-en.com/html/solar-2463480.shtml,国际太阳能光伏网,光伏,光伏新闻,2026-09-02T00:06:14+00:00,,,,,error,,glm-5.2,2026-08-14,"Z.AI HTTP 400: {""type"":""error"",""error"":{""type"":""invalid_request_error"",""code"":""1301"",""message"":""[1301][系统检测到输入或生成内容可能包含不安全或敏感内容，请您避免输入易产生敏感内容的提示语，感谢您的配合。][2026090208183925ce2233c2914fea]""},""request_id"":""2026090208183925ce2233c2914fea""}"
国际新能源网-太阳能光伏行业专业门户网站,2026-09-01,"日期：2026-09-01
国家电投集团黄河公司
国际太阳能光伏网
集团黄河公司光伏产业连获两项行业荣誉，其中，BIPV光电绿色建材系列产品获得2026年美国IDEA工业设计奖银奖；晶硅光伏组件规模化绿色回收技术在第十二届国际发明展览会同期举办的“一带一路”暨金砖国家技能发展与技术创新大赛中获得银奖。
光伏不再只是“屋顶上的蓝板”
黄河公司科创中心（光伏技术分公司）研发的
BIPV光电玻璃
，基于高效N型BC电池技术，采用高温彩釉技术与防眩光设计，可适配立面幕墙、围栏、阳光顶等多元场景，兼具保温、隔热、降噪等性能，让建筑在高效发电的同时拥有流光溢彩的“第二层皮肤”。
与立面幕墙相呼应的光电瓦，则把绿色能源延伸至屋顶空间。它具备A级防火、抗风揭及抗冰雹冲击等防护能力，模块化结构支持快速更换运维，深邃典雅的纯黑防眩光设计可融入不同建筑风貌。目前，产品已在广东江门光电瓦屋顶改造等项目中应用，为建筑披上一层既能抵御风雨、又能汲取光能的“黑色羽翼”。
美国IDEA工业设计奖、德国红点奖、德国iF奖并称全球工业设计界“奥斯卡”，评审标准严苛，既关注外观，也重视功能创新与可持续价值。BIPV建材产品成功包揽其中两项，标志着黄河公司光电产品在“发电效率”与“建筑美学”融合上取得新突破。
退役组件的“新生之路”
随着全球光伏产业逐步进入规模化退役期，退役组件回收已成为新能源产业链绿色闭环的关键环节。黄河公司自2017年起围绕这一难题系统攻关，突破国外技术封锁，形成完全自主知识产权的“晶硅光伏组件规模化绿色回收技术”。2021年，自主研制22台（套）专用工艺装备，建成国内首条专业化晶硅光伏组件回收示范线；2026年升级至年处理能力5000吨的全自动化规模验证平台。
经运行验证，退役组件接线盒（线缆）、铝边框、完整玻璃回收率达到100%，综合回收率超过94.27%。玻璃、硅、银、铝、铜等材料经精细化处理后重新进入下游产业链，形成“回收—分离—再制造”的闭环利用路径。
该项技术经权威专家鉴定，整体达到国际领先水平，先后入选国家能源局首台（套）重大技术装备、国家工业资源综合利用先进适用技术目录、工信部《智能光伏典型案例》，并荣获青海省科学技术发明二等奖等多项荣誉。团队还参与修订2项国家标准、2项行业标准、6项团体标准，推动
纳入工业固废管理。
国际太阳能光伏网
光伏资讯一手掌握，关注国际能源网 ""
看资讯 / 读政策 / 找项目 / 推品牌 / 卖产品 / 招投标 / 招代理 / 发文章
国家电投黄河公司
太阳能光伏资讯热点排行
提升度电收益，AI光储协同助力凌志新材料降本增效
美国宣布新禁令，逆变器概念股大跌！是市场焦虑还是行业变局？
招标 | TOPCon/HJT 343MW！大唐集团老挝项目光伏组件招标
光伏「周事迹」事关光伏指标/新能源项目/分布式光伏/光伏新增装
光伏价格趋势：组件均价0.75元/W！大EPC分布式2.66元/W，集中式2
追风逐光的人，值得被看见｜钛能奖申报进入倒计时了
马斯克、印度、土耳其三面合围！谁动了中国光伏的海外蛋糕？
华润新能源副总变动！
中国华能集团有限公司董事长、党组书记调整
大唐新能源董事长调整
华能集团董事长、党组书记调整
中国华能集团有限公司董事长、党组书记调整
大唐新能源董事长调整
涉及光伏！宁德时代投资成立新能源公司
中标 | 新疆1GW光伏升压逆变一体机采购：特变、阳光电源等入围
大唐新能源董事长调整
因主动放弃、推进严重滞后，云南670MW光伏指标重新启动优选，原
广东能源集团成立新能源公司",full,,dom_or_structured_full_text,https://solar.in-en.com/html/solar-2463474.shtml,国际太阳能光伏网,光伏,光伏新闻,2026-09-02T00:06:16+00:00,,,,,error,,glm-5.2,2026-08-14,"Z.AI HTTP 400: {""type"":""error"",""error"":{""type"":""invalid_request_error"",""code"":""1301"",""message"":""[1301][系统检测到输入或生成内容可能包含不安全或敏感内容，请您避免输入易产生敏感内容的提示语，感谢您的配合。][2026090208183925ce2233c2914fea]""},""request_id"":""2026090208183925ce2233c2914fea""}"
国际新能源网-太阳能光伏行业专业门户网站,2026-09-01,"日期：2026-09-01
国际太阳能光伏网
8月31日，北京能源国际控股有限公司执行总裁朱军在北京会见
投资（扬州）有限公司总裁廖建中一行，双方就
深入合作进行座谈交流。
会上，双方围绕各自业务领域及产业布局进行详细介绍。双方一致认为，
与江山新能源业务方向高度契合，合作基础扎实，具备广阔的发展前景。后续，双方将进一步加强沟通对接，在项目开发、资源共享、模式创新等方面开展深度合作，共同推动新能源产业高质量发展。
江山新能源副总裁廉锐、资产管理部总经理李伟、财务融资部总经理崔耀媛、法务部总经理左俊涛；京能国际总法律顾问兼法律合规部总经理兼首席合规官陶炜、战略投资部总经理张鹏远、财务管理部总经理殷慧峰、华北分公司总经理苏周等相关人员参加会议。
国际太阳能光伏网
光伏资讯一手掌握，关注国际能源网 ""
看资讯 / 读政策 / 找项目 / 推品牌 / 卖产品 / 招投标 / 招代理 / 发文章
绿色低碳发展理念
太阳能光伏资讯热点排行
提升度电收益，AI光储协同助力凌志新材料降本增效
美国宣布新禁令，逆变器概念股大跌！是市场焦虑还是行业变局？
招标 | TOPCon/HJT 343MW！大唐集团老挝项目光伏组件招标
光伏价格趋势：组件均价0.75元/W！大EPC分布式2.66元/W，集中式2
追风逐光的人，值得被看见｜钛能奖申报进入倒计时了
马斯克、印度、土耳其三面合围！谁动了中国光伏的海外蛋糕？
华润新能源副总变动！
上下游僵持博弈  本周单晶硅片暂稳运行
中国华能集团有限公司董事长、党组书记调整
大唐新能源董事长调整
华能集团董事长、党组书记调整
中国华能集团有限公司董事长、党组书记调整
大唐新能源董事长调整
涉及光伏！宁德时代投资成立新能源公司
中标 | 新疆1GW光伏升压逆变一体机采购：特变、阳光电源等入围
大唐新能源董事长调整
因主动放弃、推进严重滞后，云南670MW光伏指标重新启动优选，原
广东能源集团成立新能源公司",full,,dom_or_structured_full_text,https://solar.in-en.com/html/solar-2463469.shtml,国际太阳能光伏网,光伏,光伏新闻,2026-09-02T00:06:18+00:00,,,,,error,,glm-5.2,2026-08-14,"Z.AI HTTP 400: {""type"":""error"",""error"":{""type"":""invalid_request_error"",""code"":""1301"",""message"":""[1301][系统检测到输入或生成内容可能包含不安全或敏感内容，请您避免输入易产生敏感内容的提示语，感谢您的配合。][2026090208183925ce2233c2914fea]""},""request_id"":""2026090208183925ce2233c2914fea""}"
US battery storage installations hit record 20.2 GWh in Q2,2026-09-01,"The US energy storage industry deployed a record 20.2 GWh of battery energy storage systems (BESS) in the second quarter of 2026, a 108% increase from the previous three-month period.
The record quarterly deployment brought installations in the first half of 2026 to 30.8 GWh, says the US Energy Storage Market Outlook Q3 2026 (ESMO) released today by the Solar Energy Industries Association (SEIA) and Benchmark Mineral Intelligence.
Utility-scale projects accounted for the vast majority of Q2 additions, amounting to 17.9 GWh, while commercial and industrial (C&I) systems added 1.8 GWh and residential storage contributed 657 MWh.
Utility-scale storage capacity in the US has nearly doubled over the first 18 months of the Trump administration, rising to 165 GWh from 88 GWh. More than 74% of the Q2 installations took place in states won by President Donald Trump in 2024, led largely by Arizona, Texas and Utah.
Arizona alone recorded the largest quarterly deployment by any state, adding more than 6.2 GWh of utility-scale storage. Texas and California followed with 3.8 GWh and 3.6 GWh, respectively.
The strong deployment has prompted SEIA and Benchmark to raise their forecast for cumulative US energy storage installations through 2030 by 11.5% to 683 GWh. Annual installations are expected to exceed 110 GWh.
The US also expanded its domestic battery manufacturing capacity during the quarter, with two new cell plants opening in Ohio and Tennessee and a 50-GWh battery module facility in Texas. Total domestic cell manufacturing capacity surpassed 50 GWh, while module manufacturing capacity exceeded 100 GWh.",full,,nextjs_embedded_full_text,https://renewablesnow.com/news/us-battery-storage-installations-hit-record-20-2-gwh-in-q2-1300511/,Renewables Now,综合新能源,可再生能源,2026-09-02T00:07:15+00:00,,,,,error,,glm-5.2,2026-08-14,"Z.AI HTTP 400: {""type"":""error"",""error"":{""type"":""invalid_request_error"",""code"":""1301"",""message"":""[1301][系统检测到输入或生成内容可能包含不安全或敏感内容，请您避免输入易产生敏感内容的提示语，感谢您的配合。][2026090208183925ce2233c2914fea]""},""request_id"":""2026090208183925ce2233c2914fea""}"
Odyssey raises USD 74m for emerging-market renewables financing,2026-09-01,"US distributed renewable energy promoter Odyssey Energy Solutions has raised USD 74 million (EUR 63.8m) in new financing to expand its platform connecting project developers with capital and equipment suppliers across emerging markets.
The financing, which Odyssey announced on Tuesday, consists of a USD-27-million equity round and USD 47 million of debt. New equity investors include Broadscale Group, FMO and Al Mada Ventures, while existing backers including Union Square Ventures, Equal Ventures, Abstract Ventures, Twelve Below, FJ Labs, MCJ and Transition Ventures also participated.
Debt financiers include British International Investment, BIO, the Facility for Energy Inclusion, represented by Cygnum Capital, and the Energy Entrepreneurs Growth Fund, represented by TripleJump.
Odyssey's platform connects more than 6,000 solar installers and engineering, procurement and construction companies with financiers and equipment suppliers in more than 50 countries across Africa, Asia and Latin America. It has facilitated access to USD 3.6 billion in capital for distributed energy projects and unlocked 1.5 GW of projects to date, according to Odyssey.
The company said the new funding would support expansion of its procurement platform, launched in 2024, which aggregates equipment orders from smaller buyers to secure volume pricing and provides embedded supply-chain credit.
Odyssey said smaller installers often have order books exceeding their ability to deliver projects because of working-capital constraints. Its procurement and financing services are designed to enable them to buy equipment and build more projects concurrently.
Demand for distributed solar and storage is growing in Odyssey's core markets as falling technology costs and higher fossil-fuel prices improve project economics, the company said.
The latest financing follows Odyssey's
USD-15-million Series A
announced in May 2023, taking its total capital raised to USD 94 million.
(USD 1.0 = EUR 0.862)",full,,nextjs_embedded_full_text,https://renewablesnow.com/news/odyssey-raises-usd-74m-for-emerging-market-renewables-financing-1300503/,Renewables Now,综合新能源,可再生能源,2026-09-02T00:07:18+00:00,,,,,error,,glm-5.2,2026-08-14,"Z.AI HTTP 400: {""type"":""error"",""error"":{""type"":""invalid_request_error"",""code"":""1301"",""message"":""[1301][系统检测到输入或生成内容可能包含不安全或敏感内容，请您避免输入易产生敏感内容的提示语，感谢您的配合。][2026090208183925ce2233c2914fea]""},""request_id"":""2026090208183925ce2233c2914fea""}"
"Aligned Climate Capital targets USD 500m for solar, storage fund",2026-09-01,"US asset manager Aligned Climate Capital has held the first close of a fund targeting USD 500 million (EUR 431.3m) to acquire and finance construction-ready distributed solar and energy storage projects across the United States, the firm said on Tuesday.
The Aligned Solar Partners 7 (ASP7) infrastructure fund will source projects from development partners, finance their construction and manage the assets through operations. The first close includes commitments from existing investors in Aligned's strategy, including the Bush Foundation, a Minnesota-based charitable organisation.
The fund is Aligned's seventh infrastructure fund under its Aligned Solar Partners strategy, which the company has operated since 2018. It expects to make its first investments through ASP7 in the coming months.
Aligned said it has identified more than 500 MW of potential projects for the fund, providing a pipeline for deployment as fundraising continues.
The firm had acquired 56 projects across ten US states through its previous Aligned Solar Partners funds as of June 30, 2026. Its operating portfolio has generated more than 218 GWh of clean electricity, it said.
Recent activity includes construction financing for
two community solar projects
in Delaware and
the acquisition of a community solar project
in Illinois.
Aligned said rising US electricity demand, driven by data centre expansion, industrial reshoring and transport electrification, was increasing demand for new generation, while long delivery times for natural gas turbines were creating an opportunity for solar and storage.
“Distributed solar and energy storage are now among the fastest ways to add reliable capacity to the grid, and the middle market is where much of that build-out actually happens,” said Aligned Climate Capital’s CEO Peter Davidson.
Aligned Climate Capital invests in projects and companies in the clean energy transition space. Its investment strategies include the Aligned Climate Fund, which backs venture-stage clean energy companies, and Aligned Solar Partners, which owns and operates distributed solar, energy storage and other clean energy projects.
(USD 1.0 = EUR 0.863)",full,,nextjs_embedded_full_text,https://renewablesnow.com/news/aligned-climate-capital-targets-usd-500m-for-solar-storage-fund-1300493/,Renewables Now,综合新能源,可再生能源,2026-09-02T00:07:21+00:00,,,,,error,,glm-5.2,2026-08-14,"Z.AI HTTP 400: {""type"":""error"",""error"":{""type"":""invalid_request_error"",""code"":""1301"",""message"":""[1301][系统检测到输入或生成内容可能包含不安全或敏感内容，请您避免输入易产生敏感内容的提示语，感谢您的配合。][2026090208183925ce2233c2914fea]""},""request_id"":""2026090208183925ce2233c2914fea""}"
TEAL launches Spanish renewables development platform,2026-09-01,"Renewable energy developer TEAL has established Teal Renovables, a new company focused on the early-stage development of renewable energy projects in Spain, as part of its strategy to expand its international footprint.
Teal Renovables will develop projects aimed at supporting Spain’s decarbonisation, industry electrification and energy independence, drawing on TEAL’s global expertise and a dedicated local team.
Spain has been selected as a key market due to its policy framework, growing demand for clean energy and ambitions to advance renewable power deployment and industrial electrification.
The new platform will focus on working with local partners and stakeholders to advance renewable energy assets, with TEAL saying the move supports its broader strategy to invest in markets with strong long-term fundamentals.
TEAL designs, builds and optimises solar, wind and energy storage systems. The company was founded in 2025 and has a 10.5-GW pipeline across four core markets, including 2.8 GW in early development, according to its website.",full,,nextjs_embedded_full_text,https://renewablesnow.com/news/teal-launches-spanish-renewables-development-platform-1300491/,Renewables Now,综合新能源,可再生能源,2026-09-02T00:07:25+00:00,,,,,error,,glm-5.2,2026-08-14,"Z.AI HTTP 400: {""type"":""error"",""error"":{""type"":""invalid_request_error"",""code"":""1301"",""message"":""[1301][系统检测到输入或生成内容可能包含不安全或敏感内容，请您避免输入易产生敏感内容的提示语，感谢您的配合。][2026090208183925ce2233c2914fea]""},""request_id"":""2026090208183925ce2233c2914fea""}"
Waaree to spend USD 37m on solar module factory upgrade in Arizona,2026-09-01,"Indian solar module maker Waaree Energies Ltd (BOM:544277) will invest around USD 37 million (EUR 31.9m) to upgrade its module manufacturing plant in Arizona and thus raise the site's capacity to 1.6 GW from 1 GW.
The move, approved by the company’s board of directors, will increase the Indian group's overall US manufacturing capacity to 4.8 GW, it said in a stock exchange filing.
The revamp, to be carried out through wholly-owned subsidiary Waaree Solar Americas Inc, will replace existing module lines with high-efficiency production lines. Upon completion, Waaree's US footprint will comprise 3.2 GW at its Texas facility and 1.6 GW in Arizona.
The planned investment will be funded through a mix of debt and internal accruals.
Waaree Energies’ board also approved the consolidation of the company's Indian manufacturing base by relocating plant and machinery from its 1-GW Tumb and 1.11-GW Nandigram facilities to its existing site at Chikhli, Gujarat.
(USD 1 = EUR 0.862)",full,,nextjs_embedded_full_text,https://renewablesnow.com/news/waaree-to-spend-usd-37m-on-solar-module-factory-upgrade-in-arizona-1300506/,Renewables Now,综合新能源,可再生能源,2026-09-02T00:07:28+00:00,,,,,error,,glm-5.2,2026-08-14,"Z.AI HTTP 400: {""type"":""error"",""error"":{""type"":""invalid_request_error"",""code"":""1301"",""message"":""[1301][系统检测到输入或生成内容可能包含不安全或敏感内容，请您避免输入易产生敏感内容的提示语，感谢您的配合。][2026090208183925ce2233c2914fea]""},""request_id"":""2026090208183925ce2233c2914fea""}"
Obama Foundation to anchor Reactivate's community solar in Illinois,2026-09-01,"The Obama Foundation has agreed to act as an anchor tenant for a number of community solar projects in Illinois developed by Chicago-based Reactivate, the parties said on Tuesday.
The non-profit, founded by former US President Barack Obama and First Lady Michelle Obama, struck a multi-year partnership with the renewables developer to secure predictable, lower-cost electricity through subscriptions to community solar, helping to offset energy costs associated with the Obama Presidential Center in Chicago.
The arrangement is intended to improve the financial viability of Reactivate's solar portfolios and allow low- and moderate-income households and small businesses to subscribe to remaining capacity through the Illinois Solar For All programme or other regional community solar programmes.
Eligible subscribers can achieve energy cost savings of up to 50% on their utility bills and benefit from shared solar projects without installing panels on their own properties, Reactivate and the Foundation said.
The partnership will provide a model for commercial, industrial and non-profit organisations to support community solar while helping lower energy costs for local customers, the statement said.
""By stepping forward as an anchor tenant, The Obama Foundation helps power the Presidential Center with clean energy while actively lowering the barrier to entry for local families and small businesses to cut their energy costs,"" said Reactivate CEO Utopia Hill.
""We believe that taking care of the one planet we have starts with the choices we make right in our own backyard. That is why the Obama Presidential Center not only is sourcing 100 percent of our electricity from renewable energy, but we are also partnering with a company that will expand access to solar energy to our neighbors,"" added Valerie Jarrett, CEO of the Obama Foundation.
Reactivate,
a community solar joint venture
founded by Chicago-based power company Invenergy and investment platform Lafayette Square in 2022, will develop, own and operate the projects covered by the agreement.",full,,nextjs_embedded_full_text,https://renewablesnow.com/news/obama-foundation-to-anchor-reactivates-community-solar-in-illinois-1300518/,Renewables Now,综合新能源,可再生能源,2026-09-02T00:07:32+00:00,,,,,error,,glm-5.2,2026-08-14,"Z.AI HTTP 400: {""type"":""error"",""error"":{""type"":""invalid_request_error"",""code"":""1301"",""message"":""[1301][系统检测到输入或生成内容可能包含不安全或敏感内容，请您避免输入易产生敏感内容的提示语，感谢您的配合。][2026090208183925ce2233c2914fea]""},""request_id"":""2026090208183925ce2233c2914fea""}"
".KPI Green gets LOI for 76.6-MW wind, solar hybrid project in Gujarat",2026-09-01,"Indian integrated renewables company KPI Green Energy Ltd (BOM:542323) has received a letter of intent (LOI) for a 76.6-MWdc wind-solar hybrid power project in Gujarat under a group captive arrangement, it said in a stock exchange filing on Tuesday.
The project will install 33.6 MW of wind capacity and 33.6 MWac/43 MWdc of solar capacity, KPI Green said.
The company will establish a special purpose vehicle to develop, own and operate the project for a domestic private corporate customer, which has not been named. The project is expected to be completed within 14 months of Stage-2 connectivity and no later than December 31, 2027.
The energy supply agreement will have a 25-year term from its commencement date, according to the filing.
KPI Green said the order strengthens its presence in the commercial and industrial and group captive renewable energy segments and adds to its order book. It also aligns with its strategy to expand its renewable energy business through independent power producer, group captive and engineering, procurement and construction opportunities.",full,,nextjs_embedded_full_text,https://renewablesnow.com/news/kpi-green-gets-loi-for-76-6-mw-wind-solar-hybrid-project-in-gujarat-1300509/,Renewables Now,综合新能源,可再生能源,2026-09-02T00:07:35+00:00,,,,,error,,glm-5.2,2026-08-14,"Z.AI HTTP 400: {""type"":""error"",""error"":{""type"":""invalid_request_error"",""code"":""1301"",""message"":""[1301][系统检测到输入或生成内容可能包含不安全或敏感内容，请您避免输入易产生敏感内容的提示语，感谢您的配合。][2026090208183925ce2233c2914fea]""},""request_id"":""2026090208183925ce2233c2914fea""}"
"PowerX, Smart Energy team up for BESS co-location in Japan",2026-09-01,"Japanese battery systems manufacturer PowerX Inc (TYO:485A) will work together with domestic provider of operation and maintenance (O&M) services Smart Energy Co Ltd to explore the co-location of Battery Energy Storage Systems (BESS) with power plants.
Under a memorandum of understanding (MOU), the duo will combine their respective strengths, working on co-located BESS projects from their inception, deployment and operation, PowerX announced today.
Specifically, Smart Energy will identify and evaluate candidate projects and provide operation and maintenance (O&M) services after deployment. PowerX will supply BESS developed and manufactured in Japan.
They plan to develop one project by December 2026, three projects by December 2027, and ten projects by December 2028.
The partners will ""pursue aggregation, with a view to participating in the supply-demand balancing and wholesale electricity markets,"" PowerX noted.",full,,nextjs_embedded_full_text,https://renewablesnow.com/news/powerx-smart-energy-team-up-for-bess-co-location-in-japan-1300479/,Renewables Now,综合新能源,可再生能源,2026-09-02T00:07:40+00:00,,,,,error,,glm-5.2,2026-08-14,"Z.AI HTTP 400: {""type"":""error"",""error"":{""type"":""invalid_request_error"",""code"":""1301"",""message"":""[1301][系统检测到输入或生成内容可能包含不安全或敏感内容，请您避免输入易产生敏感内容的提示语，感谢您的配合。][2026090208183925ce2233c2914fea]""},""request_id"":""2026090208183925ce2233c2914fea""}"
France to launch 250-MW second round of clean hydrogen auction,2026-09-01,"France's Directorate General for Energy and Climate (DGEC) announced that it will soon open the second round of the country's low-carbon hydrogen support scheme, targeting around 250 MW of electrolyser capacity.
The announcement from the DGEC follows the selection of
the scheme's first three winners
in July, which together secured EUR 778 million (USD 901.9m) in funding over 15 years for a combined 161.4 MW of electrolysis capacity.
Under the mechanism, run by the DGEC and operated by the French Agency for Ecological Transition (ADEME), eligible candidates for the second round will be selected in early September and will have until the end of 2026 to submit their bids.
The scheme, which supports hydrogen production by water electrolysis for direct industrial use over 15-year contracts, aims to bring around 1 GW of electrolyser capacity online through three tender rounds.
Details of the second auction are expected to be published on ADEME's website in the coming days, the DGEC said.
France is targeting 4.5 GW of electrolyser capacity by 2030 and 8 GW by 2035.
(EUR 1 = USD 1.159)",full,,nextjs_embedded_full_text,https://renewablesnow.com/news/france-to-launch-250-mw-second-round-of-clean-hydrogen-auction-1300488/,Renewables Now,综合新能源,可再生能源,2026-09-02T00:07:44+00:00,,,,,error,,glm-5.2,2026-08-14,"Z.AI HTTP 400: {""type"":""error"",""error"":{""type"":""invalid_request_error"",""code"":""1301"",""message"":""[1301][系统检测到输入或生成内容可能包含不安全或敏感内容，请您避免输入易产生敏感内容的提示语，感谢您的配合。][2026090208183925ce2233c2914fea]""},""request_id"":""2026090208183925ce2233c2914fea""}"
Ørsted wraps up construction of 920-MW Greater Changhua 2b and 4,2026-09-01,"Ørsted A/S (CPH:ORSTED) has wrapped up major construction works on the 920-MW Greater Changhua 2b and 4 offshore wind farms in Taiwanese waters, the Danish energy group said as it marked the milestone in a ceremony at the Port of Taichung on Tuesday.
Once remaining commissioning activities are completed and customary contractual and regulatory requirements fulfilled, the wind farms can begin full commercial operation, which Ørsted expects to see happen in late third-quarter 2026.
“Delivering 920 MW of offshore wind capacity at this scale and complexity is a major achievement, and I’m proud of the teams and partners who’ve helped bring this project safely through construction and closer to full operation while also implementing cutting-edge technologies
like suction bucket jackets
,” said Ørsted’s chief construction officer Patrick Harnett.
The project is Ørsted's second gigawatt-scale offshore wind development in Taiwan and will take its total installed capacity in the Greater Changhua cluster to 1.82 GW.
Located about 35-60 kilometres off the coast of Changhua County, the 920-MW project consists of the 337-MW Greater Changua 2b and 583-MW Greater Changhua 4 wind farms. Greater Changhua 4 is
50%-owned by Ørsted
and 50% by Taiwan's Cathay Life Insurance.
The project was preceded by Greater Changhua 1 and 2a, with a combined capacity of 900 MW, which became operational in 2024. Once 2b and 4 are powered up, the four Greater Changhua offshore wind farms expected to generate enough electricity to power about 2 million Taiwanese households annually, Ørsted said.
The commissioning of 2b will also mark the closing of the transaction between Ørsted, Cathay Life Insurance and its energy-focused affiliate Cathay Power. Under the deal, the two Cathay companies will
acquire a 55% stake
in the combined Changhua 2 offshore wind farms.
The 2b and 4 wind farms will operate under
a 20-year fixed-price corporate power purchase agreement
with semiconductor manufacturer TSMC signed back in 2020.
Taiwan Premier Cho Jung-tai said at the ceremony: ""We’re deeply grateful for Ørsted's long-standing commitment to Taiwan since 2016 and its continued efforts to drive our offshore wind development. By actively introducing innovative technologies, cultivating local talent, fostering industry-academia collaboration, and vitalising green finance, Ørsted and its partners have played a crucial role in realising our nation’s energy ambitions and policy goals.”",full,,nextjs_embedded_full_text,https://renewablesnow.com/news/rsted-wraps-up-construction-of-920-mw-greater-changhua-2b-and-4-1300485/,Renewables Now,综合新能源,可再生能源,2026-09-02T00:07:58+00:00,,,,,error,,glm-5.2,2026-08-14,"Z.AI HTTP 400: {""type"":""error"",""error"":{""type"":""invalid_request_error"",""code"":""1301"",""message"":""[1301][系统检测到输入或生成内容可能包含不安全或敏感内容，请您避免输入易产生敏感内容的提示语，感谢您的配合。][2026090208183925ce2233c2914fea]""},""request_id"":""2026090208183925ce2233c2914fea""}"
Japanese consortium works on port-located floating data centre concept,2026-09-01,"A consortium of Japanese companies and a bank has come up with a concept for a port-located offshore floating data centre.
The consortium includes NTT Facilities Inc, a subsidiary of Nippon Telegraph and Telephone Corp (TYO:9432), Nippon Yusen Kabushiki Kaisha, Eurus Energy Holdings Co Ltd and Mitsubishi UFJ Bank Ltd.
The partners have considered a variety of concepts for offshore data centres that seek to deal with challenges such as shortages of construction land and power, as well as prolonged construction lead times. Eventually, they have formulated a concept where floating data centres are moored alongside quays in port areas. Such facilities can make use of various locations, ensure connectivity with existing infrastructure and utilise coastal resources, they explain.
The consortium said it will proceed with the further development of the concept.",full,,nextjs_embedded_full_text,https://renewablesnow.com/news/japanese-consortium-works-on-port-located-floating-data-centre-concept-1300481/,Renewables Now,综合新能源,可再生能源,2026-09-02T00:08:01+00:00,,,,,error,,glm-5.2,2026-08-14,"Z.AI HTTP 400: {""type"":""error"",""error"":{""type"":""invalid_request_error"",""code"":""1301"",""message"":""[1301][系统检测到输入或生成内容可能包含不安全或敏感内容，请您避免输入易产生敏感内容的提示语，感谢您的配合。][2026090208183925ce2233c2914fea]""},""request_id"":""2026090208183925ce2233c2914fea""}"
Wind installations surge 30% as Europe eyes record year - WindEurope,2026-09-01,"Europe installed 8.8 GW of new wind capacity in the first half of 2026, a 30% jump from a year earlier, putting the continent on track for a record-high wind year, but industry body WindEurope warns that this momentum could stall unless governments tackle the persisting structural problems related to permitting, grid investment and electrification.
According to
WindEurope's Autumn Report
, the new capacity added in the reported period was fuelled by a strong summer construction season and is enough to power around 7 million European households and to displace fossil fuel imports equivalent to 25 LNG tanker shipments a year. The association now expects the continent to install 24 GW of new wind capacity by the end of 2026, part of what it describes as the start of a ramp-up toward annual installations of around 30 GW in the 2030s.
Onshore wind made up 74% of new installations for a total of 6.5 GW. The country that topped the chart was Germany, accounting for 3.4 GW of the total, followed by the UK with 789 MW and Spain with 612 MW. Denmark, Poland, Portugal and France also reported significant increases, while Ukraine alone added more than 400 MW despite the ongoing war.
Investment is keeping pace with construction as the capital raised for new wind projects stood at EUR 9 billion (USD 10.4bn) in H1 2026. This financed 5.2 GW of new capacity, which will be installed over the next few years, including 4.5 GW onshore and 0.6 GW offshore.
National governments awarded more than 17 GW of wind capacity through auctions in H1 2026 and plan to tender a further 26 GW in the second half -- what WindEurope called the largest volume of wind auctioned in Europe in a single year.
On the back of this, the association now projects that Europe will reach 436 GW of total installed wind capacity by 2030, with 342 GW of that in the EU, equivalent to 27% of EU electricity demand.
As for the structural problems, permitting remains the sector's central bottleneck, the report says.
Germany permitted more than 9 GW of new onshore wind in the first half of 2026 and is on track for another record year, which WindEurope attributed to its early and thorough implementation of EU permitting rules. However, permitting volumes fell over the same period in Spain, France, the UK, Italy and Ireland.
""2026 may well be a record wind year. But we can't take that momentum for granted,"" WindEurope CEO Tinne Van der Straeten said, adding that government decisions on permitting, auctions, grids and electrification in the coming months will make or break this momentum.
The association called on the EU and national governments to concentrate on five key fronts, such as finalising and implementing EU permitting rules, closing the EU grids package and clearing grid connection queues, directing ETS revenues toward industrial electrification through the Innovation Fund and Industrial Decarbonisation Bank. The other critical measures needed include setting a binding 2040 renewable energy target and standardising on two-sided Contracts for Difference (CfD) in auctions rather than continuing to experiment with auction design.
(EUR 1 = USD 1.159)",full,,nextjs_embedded_full_text,https://renewablesnow.com/news/wind-installations-surge-30-percent-as-europe-eyes-record-year-windeurope-1300472/,Renewables Now,综合新能源,可再生能源,2026-09-02T00:08:05+00:00,,,,,error,,glm-5.2,2026-08-14,"Z.AI HTTP 400: {""type"":""error"",""error"":{""type"":""invalid_request_error"",""code"":""1301"",""message"":""[1301][系统检测到输入或生成内容可能包含不安全或敏感内容，请您避免输入易产生敏感内容的提示语，感谢您的配合。][2026090208183925ce2233c2914fea]""},""request_id"":""2026090208183925ce2233c2914fea""}"
California sues Trump administration for Golden State Wind deal,2026-09-01,"California Attorney General Rob Bonta and the California Energy Commission (CEC) have filed a lawsuit against the Trump administration and Golden State Wind LLC over their agreement to terminate the developer’s 2-GW floating offshore wind project.
The deal
with the US Department of Interior (DOI) concerns the buyout of Golden State Wind’s lease in the Morro Bay Wind Energy Area off the Central California Coast in exchange for a refund of USD 120 million (EUR 106m) in lease fees and a commitment for an equal investment in fossil fuel assets along the Gulf Coast. According to California, the buyout violates federal laws, including the Outer Continental Shelf Lands Act and the Judgment Fund Act, puts at stake thousands of jobs and threatens the general development of the offshore wind industry in the US.
Calling the deal “blatantly unlawful,” the state of California has requested the agreement to be revoked as the lease termination will harm the state’s clean energy and climate goals. It further argues that this “fabricated” arrangement risks over USD 100 million in investment commitments for port and transmission projects supporting offshore wind generation.
“The Trump Administration’s backroom buyout with Golden State Wind to stop offshore wind development in favour of gas and oil drilling is, unfortunately, a classic playbook for them to line the pockets of their Big Oil donors,” said Attorney General Bonta.
The court filing follows a
Notice of Intent to Sue
following an administrative investigative subpoena that the CEC served to Golden State Wind seeking information related to its agreement with DOI.
Golden State Wind is a joint venture of Ocean Winds and Reventus Power. Its deal with DOI is similar to arrangements made with Bluepoint Wind LLC,
Invenergy
and
TotalEnergies
to cancel leases for offshore wind projects in New York, New Jersey and New England in favour of oil and gas investments.",full,,nextjs_embedded_full_text,https://renewablesnow.com/news/california-sues-trump-administration-for-golden-state-wind-deal-1300447/,Renewables Now,综合新能源,可再生能源,2026-09-02T00:08:09+00:00,,,,,error,,glm-5.2,2026-08-14,"Z.AI HTTP 400: {""type"":""error"",""error"":{""type"":""invalid_request_error"",""code"":""1301"",""message"":""[1301][系统检测到输入或生成内容可能包含不安全或敏感内容，请您避免输入易产生敏感内容的提示语，感谢您的配合。][2026090208183925ce2233c2914fea]""},""request_id"":""2026090208183925ce2233c2914fea""}"
Turkey expects USD 200bn in energy transition spending by 2035,2026-09-01,"Turkey intends to invest USD 200 billion (EUR 172.5bn) in its clean energy transition by 2035, with USD 80 billion dedicated to power transmission, according to an energy sector report released by the Investment and Finance Office of the Presidency of the Republic of Türkiye.
The document reaffirms the country’s 2035 target to reach an installed solar and wind capacity of 120 GW, with a 55% renewable generation share.
The
latest data
from the Energy and Natural Resources Ministry shows that the country’s installed solar and wind capacity was 42,865 MW at the end of July, including 27.5 GW of solar and 15.3 GW of wind. This means that Turkey needs to be adding more than 8 GW a year to achieve its goal.
The report also reiterates the energy ministry’s plan to auction 2.4 GW of wind and solar under the YEKA programme.
As previously announced
, applications for both tenders will be submitted on October 13, 2026, between 1000 and 1200 local time.
(USD 1.0 = EUR 0.863)",full,,nextjs_embedded_full_text,https://renewablesnow.com/news/turkey-expects-usd-200bn-in-energy-transition-spending-by-2035-1300459/,Renewables Now,综合新能源,可再生能源,2026-09-02T00:08:12+00:00,,,,,error,,glm-5.2,2026-08-14,"Z.AI HTTP 400: {""type"":""error"",""error"":{""type"":""invalid_request_error"",""code"":""1301"",""message"":""[1301][系统检测到输入或生成内容可能包含不安全或敏感内容，请您避免输入易产生敏感内容的提示语，感谢您的配合。][2026090208183925ce2233c2914fea]""},""request_id"":""2026090208183925ce2233c2914fea""}"
Italy's ERG starts up 22.5-MW repowered wind farm in France,2026-09-01,"Italian renewable power producer ERG SpA (BIT:ERG) has commissioned a 22.5-MW wind farm in eastern France, following a repowering project that more than doubled its installed capacity.
The Montbeliard wind farm in the Doubs department now consists of five Vestas V136 turbines rated at 4.5 MW each, with a total height of 180 metres, ERG said on Tuesday.
The revamped facility is expected to generate about 62 GWh of electricity annually, almost three times the estimated output of the previous configuration. ERG said the project maintains the same land use while making use of existing infrastructure.
Montbeliard is covered by a 20-year contract for difference (CfD), providing long-term revenue stability and predictability, the company said.
The electricity generated is enough to meet the annual needs of about 44,000 households and is expected to avoid around 18,000 tonnes of CO2 emissions each year.
Montbeliard was ERG’s first wind farm repowering project in France. Its energisation and commissioning has taken ERG's total installed wind and solar capacity in the country to 755 MW, the company added.",full,,nextjs_embedded_full_text,https://renewablesnow.com/news/italys-erg-starts-up-22-5-mw-repowered-wind-farm-in-france-1300454/,Renewables Now,综合新能源,可再生能源,2026-09-02T00:08:18+00:00,,,,,error,,glm-5.2,2026-08-14,"Z.AI HTTP 400: {""type"":""error"",""error"":{""type"":""invalid_request_error"",""code"":""1301"",""message"":""[1301][系统检测到输入或生成内容可能包含不安全或敏感内容，请您避免输入易产生敏感内容的提示语，感谢您的配合。][2026090208183925ce2233c2914fea]""},""request_id"":""2026090208183925ce2233c2914fea""}"
Saipem gets pre-FEED job for Synhelion project at RWE site in Germany,2026-09-01,"Italian oilfield services provider Saipem SpA (BIT:SPM) will support Swiss-based cleantech company Synhelion in the development of a commercial-scale renewable synthetic fuel plant in Germany.
Synhelion said it has hired Saipem to carry out pre-FEED (pre-Front-End Engineering Design) activities for a project to produce 30,000 tonnes of renewable synthetic fuels per year, the primary focus of which will be sustainable aviation fuel (SAF), together with synthetic diesel and gasoline for shipping and road transportation. A site for the development has been reserved at RWE’s Knapsacker Huegel in the town of Huerth, North Rhine-Westphalia.
Saipem will closely collaborate with Synhelion on advancing project engineering and refining the facility’s technical configuration, including the process integration of Synhelion’s proprietary technology with the downstream fuel synthesis and upgrading processes.
Synhelion explained that pre-FEED engineering is needed for consolidating the technical and economic basis of the project ahead of the subsequent FEED phase and final investment decision.",full,,nextjs_embedded_full_text,https://renewablesnow.com/news/saipem-gets-pre-feed-job-for-synhelion-project-at-rwe-site-in-germany-1300505/,Renewables Now,综合新能源,可再生能源,2026-09-02T00:08:30+00:00,,,,,error,,glm-5.2,2026-08-14,"Z.AI HTTP 400: {""type"":""error"",""error"":{""type"":""invalid_request_error"",""code"":""1301"",""message"":""[1301][系统检测到输入或生成内容可能包含不安全或敏感内容，请您避免输入易产生敏感内容的提示语，感谢您的配合。][2026090208183925ce2233c2914fea]""},""request_id"":""2026090208183925ce2233c2914fea""}"
Cloudberry closes buy of Nordic renewables platform of Orron Energy,2026-09-01,"Norway’s Cloudberry Clean Energy ASA (OSE:CLOUD) has wrapped up the acquisition of the Nordic renewable energy platform and organisation of Orron Energy AB (STO:ORRON) as part of its efforts to become a leading renewable independent power producer (IPP) in the region.
The deal
agreed in June
, will provide Cloudberry with 758 GWh of additional annual proportionate power generation, lifting its overall production to roughly 2.1 TWh, the Norwegian group said on Monday.
Orron Energy has transferred its Nordic development business to Cloudberry by selling 100% of its stock in Orron Energy Sweden AB, Metsalamminkangas Wind Oy, Orron Energy Greenfield Finland Holding Oy and their underlying assets and subsidiaries. The transaction entitles Orron Energy to receive 124.4 million new shares in the enlarged Cloudberry business, making it the largest shareholder with a 27.01% stake. The Swedish firm will also get EUR 4.2 million in cash compensations.
The acquisition is seen to strengthen Cloudberry’s operations in the Nordics, where it owns wind, hydro, solar and battery storage assets, and make it an active player in all Nordic price areas. “With increased scale, greater diversification and identified operational synergies, Cloudberry is well positioned to capitalise on opportunities created by the energy transition and deliver long-term shareholder value,” the Norwegian company said.
Orron Energy’s 86-MW Karskruv wind farm in Sweden and its 12-GW project development business in Europe spanning data centres, solar power and batteries in the UK, Germany and France, are not part of the deal.",full,,nextjs_embedded_full_text,https://renewablesnow.com/news/cloudberry-closes-buy-of-nordic-renewables-platform-of-orron-energy-1300448/,Renewables Now,综合新能源,可再生能源,2026-09-02T00:08:34+00:00,,,,,error,,glm-5.2,2026-08-14,"Z.AI HTTP 400: {""type"":""error"",""error"":{""type"":""invalid_request_error"",""code"":""1301"",""message"":""[1301][系统检测到输入或生成内容可能包含不安全或敏感内容，请您避免输入易产生敏感内容的提示语，感谢您的配合。][2026090208183925ce2233c2914fea]""},""request_id"":""2026090208183925ce2233c2914fea""}"
华能100MW光伏EPC总承包招标终止！-索比光伏网,2026-09-01,"8月28日，《华能众丰沁县100MW光伏发电EPC总承包招标终止公告》正式发布。受项目采购范围出现重大实质性调整影响，原有招标文件划定的采购内容、需求边界已无法适配项目最新的建设要求，原招标工作就此终止。
根据公告规定，自终止公告发布之日起，所有已获取招标文件的潜在投标人投标资格自动失效，原有招标流程不再继续推进。
据了解，后续该光伏项目将按照更新后的采购范围与建设需求，重新履行全套招标采购程序。新一期招标的具体信息，将以官方后续发布的公告为准，有意向的企业可持续留意项目最新动态。
索比光伏网 https://news.solarbe.com/202609/01/50028406.html",full,,trafilatura_full_text,https://news.solarbe.com/202609/01/50028406.html,索比光伏-综合新闻,光伏,光伏综合新闻,2026-09-02T00:09:04+00:00,,,,,error,,glm-5.2,2026-08-14,"Z.AI HTTP 400: {""type"":""error"",""error"":{""type"":""invalid_request_error"",""code"":""1301"",""message"":""[1301][系统检测到输入或生成内容可能包含不安全或敏感内容，请您避免输入易产生敏感内容的提示语，感谢您的配合。][2026090208183925ce2233c2914fea]""},""request_id"":""2026090208183925ce2233c2914fea""}"
爱尔兰光伏装机突破3GW，近9个月新增超1GW-索比光伏网,2026-09-01,"爱尔兰的光伏装机总量已突破 3GW，在过去短短不到一年时间内就新增 1GW。近期，地面光伏发电出力创下了 1.3GW 的记录，并在峰值时段满足全国电力需求的三分之一以上。
随着光伏在电力系统中的占比持续提升，爱尔兰光伏行业下一阶段将聚焦屋顶光伏、电池储能和电网投资。
爱尔兰于 2025 年 11 月累计光伏装机突破 2GW，并于 2026 年 8 月超过 3GW。（图片来源：TaiyangNews）
根据爱尔兰气候、能源与环境部的数据，该国光伏装机涵盖屋顶光伏和地面电站。爱尔兰用了 3 年时间将光伏装机翻番，并于 2025 年 11 月突破 2GW；此后不到一年又新增 1GW，使累计装机超过 3GW。与此同时，爱尔兰累计可再生能源装机容量也突破 8GW。
爱尔兰电网公司 EirGrid 首席执行官 Cathal Marley 表示，爱尔兰电网光伏发电出力于 2026 年 4 月首次突破 1GW，随后达到 1.3GW 的最新峰值。
光伏增长同样体现在户用市场。爱尔兰已有超过 20 万户家庭安装光伏组件，超过 12 万户家庭获得了光伏补贴。爱尔兰可持续能源管理局（SEAI）截至 2026 年 7 月已收到超过 31,000 份光伏申请，较 2025 年同期增长 76%。此外，光伏还拓展至校园，全国已有 2,000 所学校获得免费光伏组件。符合条件的光伏项目可通过微型发电机制将剩余电力出售给电网。
Solar Ireland 首席执行官 Ronan Power 表示，爱尔兰首座地面光伏电站于 2022 年并网。他称，3GW 对爱尔兰光伏而言是一个重要时刻，部署速度尤其值得关注。该行业组织表示，下一阶段应重点提高屋顶光伏和电池储能规模，同时继续投资电力系统，并呼吁在 2027 年预算中推出相关支持措施。Power 表示，随着光伏发电量增加，储能的重要性将进一步提升，使中午时段产生的电力能够在之后使用。
爱尔兰通过可再生能源电力支持计划、小型可再生能源电力支持计划和微型发电支持计划等政策为光伏发电提供了支持，政府计划将光伏补贴延续至 2030 年。
索比光伏网 https://news.solarbe.com/202609/01/50028410.html",full,,trafilatura_full_text,https://news.solarbe.com/202609/01/50028410.html,索比光伏-综合新闻,光伏,光伏综合新闻,2026-09-02T00:09:08+00:00,,,,,error,,glm-5.2,2026-08-14,"Z.AI HTTP 400: {""type"":""error"",""error"":{""type"":""invalid_request_error"",""code"":""1301"",""message"":""[1301][系统检测到输入或生成内容可能包含不安全或敏感内容，请您避免输入易产生敏感内容的提示语，感谢您的配合。][2026090208183925ce2233c2914fea]""},""request_id"":""2026090208183925ce2233c2914fea""}"
晶科能源签约保加利亚110.28MW飞虎组件地面电站订单-索比光伏网,2026-09-01,"近日，晶科能源正式签署保加利亚110.28MW高效组件供货协议，全部采用飞虎系列N型双面组件，专项用于保加利亚东南部大型地面电站建设。
本图由AI生成保加利亚东南部属大陆性气候向地中海气候过渡地带，光照资源充沛，是大型地面电站的优选区域。但项目场区地势起伏，山丘与谷地交错，早晚时段阵列互遮挡和地形投影难以避免；夏季午后强对流天气频繁，云团移动迅疾，辐照强度在短时间内大幅波动。复杂的光照条件对组件的弱光响应、抗遮挡能力与双面增益提出了综合考验。飞虎组件以三项核心性能，回应业主对电站全生命周期收益的确定性要求。高双面率，激活山丘之间的反射红利项目场区地表以浅色沙壤和裸露岩层为主，反射条件良好。飞虎组件双面率可达85±5%，背面高效捕捉地面反射光与天空散射光，在正午强光与早晚斜射时段均能贡献额外发电增益。正面高输出与背面高增益叠加，让起伏地形中的每一寸可利用光能都被充分转化。卓越弱光响应，延长高价值发电窗口保加利亚东南部虽以晴好天气居多，但清晨与黄昏的低辐照时段同样是全天发电收益的有机组成。飞虎组件在低辐照条件下保持高比例功率输出，弱光响应能力显著优于常规产品。即便晨昏光照不足，组件仍能维持可观功率输出，有效延长每日发电时长，让电站在日照由弱到强的全过程中始终贡献稳定电力。抗阴影遮挡成倍提升，坡地阵列稳发不丢串坡地电站的阴影来源多元且难以完全规避：山丘在晨昏时段的投影、阵列排间互遮挡、以及快速移动的云团在组件表面形成的局部暗区，均可能触发传统组件的“短板效应”。飞虎组件通过重构电池排布与电气架构，抗阴影遮挡性能成倍提升，即使局部受遮，仍能维持组串内的高电流平衡，将遮挡损耗压至最低，保障电站在多变光照下持续高效输出。
索比光伏网 https://news.solarbe.com/202609/01/50028412.html",full,,trafilatura_full_text,https://news.solarbe.com/202609/01/50028412.html,索比光伏-综合新闻,光伏,光伏综合新闻,2026-09-02T00:09:10+00:00,,,,,error,,glm-5.2,2026-08-14,"Z.AI HTTP 400: {""type"":""error"",""error"":{""type"":""invalid_request_error"",""code"":""1301"",""message"":""[1301][系统检测到输入或生成内容可能包含不安全或敏感内容，请您避免输入易产生敏感内容的提示语，感谢您的配合。][2026090208183925ce2233c2914fea]""},""request_id"":""2026090208183925ce2233c2914fea""}"
河北保定206.55MW风、光项目公示-索比光伏网,2026-09-01,"保定市拟申报纳入省年度开发建设方案风电、光伏项目情况公示
根据省发改委《关于实行风电、光伏发电项目投资主体公开招标的通知》要求，我市通过公共资源交易平台体系，采用公开招标“双盲”评审方式确定了项目投资主体，现将拟申报纳入省年度开发建设方案的7个风电、光伏发电项目予以公示。具体项目名单见附件。
公示时间为2026年9月1日至2026年9月5日。期间如有异议，请向市发改委新能源科反映。
联系电话：0312-3088110
附件：拟申报纳入省年度开发建设方案风电、光伏项目.xlsx
保定市发展和改革委员会
拟申报纳入省年度开发建设方案风电、光伏项目
索比光伏网 https://news.solarbe.com/202609/01/50028457.html",full,,trafilatura_full_text,https://news.solarbe.com/202609/01/50028457.html,索比光伏-综合新闻,光伏,光伏综合新闻,2026-09-02T00:09:14+00:00,,,,,error,,glm-5.2,2026-08-14,"Z.AI HTTP 400: {""type"":""error"",""error"":{""type"":""invalid_request_error"",""code"":""1301"",""message"":""[1301][系统检测到输入或生成内容可能包含不安全或敏感内容，请您避免输入易产生敏感内容的提示语，感谢您的配合。][2026090208183925ce2233c2914fea]""},""request_id"":""2026090208183925ce2233c2914fea""}"
山东：推动新能源场站与配储一体联合参与市场-索比光伏网,2026-09-01,"近日，为积极适应新能源发电市场化改革新形势新要求，提升新能源场站运营水平，促进新能源发电就地就近消纳，推动新能源与新型储能协同健康发展，山东省发展改革委等四部门联合印发《关于加快推动新能源场站配建储能市场化高质量发展的通知》，支持新能源场站与配建储能一体联合参与市场，推动新能源场站配建储能日内调整充放电计划，参与现货实时市场。
通知明确，对于2025年5月31日前投产的存量风电、光伏场站，通知要求须继续按照并网承诺履行配储责任，可自主选择配建储能、租赁独立储能容量或两者结合方式落实。自2027年开始，电力交易中心每月公开披露新能源场站容量租赁备案信息。对于未按承诺配储的新能源场站，电网企业将公布名单，并在新能源弃电时段优先采取压降措施。
关于加快推动新能源场站配建储能高质量发展的通知
各市发展改革委(能源局)，各市供电公司，各有关企业：
为积极适应新能源发电市场化改革新形势新要求，提升新能源场站运营水平，促进新能源发电就地就近消纳，推动新能源与新型储能协同健康发展，依据《国家能源局关于促进新能源集成融合发展的指导意见》《新型储能规模化建设专项行动方案(2025—2027年)》等文件要求，现将有关事项通知如下。
一、支持新能源场站合理配建新型储能
(一)支持新能源场站科学配建新型储能。按照市场导向、按需配置、安全高效的原则，支持新建、在运、纳规新能源场站科学确定配储比例、充放电时长、技术路线，合
理配建新型储能设施，实现源储一体化运行。配建新型储能项目可单独备案，也可与新能源场站一体化备案(核准)，明确配储比例、产权归属及运维责任。配建新型储能优先利用场站内存量建设用地、闲置土地建设，确需新增用地的，按相关规定办理用地手续。支持以合同能源管理等第三方投资模式建设、运营配建储能设施。
(二)支持已配建储能场站增配储能容量。鼓励新能源场站在既有配建储能基础上，根据出力特性和一体化运行需求，科学增配储能容量(含功率和时长)。增配储能应与既有储能系统实现协调控制，具备统一调度接口，原则上与既有储能采用同类型技术路线，便于系统集成与运维管理。
(三)严格存量新能源场站配储情况考核。2025年5月31日前投产(即全容量并网)的存量风电、光伏场站，须继续按照并网承诺履行配储责任，可自主选择配建储能、租赁独立储能容量或两者结合方式落实。新能源场站租赁储能容量的，须按要求在全省储能容量租赁服务平台登记备案。2027年开始，电力交易中心每月公开披露新能源场站容量租赁备案信息，并推送至电网企业。对于未按承诺配储的新能源场站，电网企业公布名单，并在新能源弃电时段，在确保安全的前提下，采取优先压降措施。
二、规范新能源场站配建储能办理流程
(四)明确在运、纳规新能源场站新建、增配储能办理流程。新能源企业完成配建储能项目备案，需新增用地的取得用地预审与选址意见书后，逐级向各市能源主管部门提交配储申报书。各市能源主管部门汇总后，每季度向市级电网企业征求项目接入意见。市级电网企业开展市域电网潮流、短路、安全稳定等计算分析，形成初步接入意见。国网山东省电力公司结合各市情况，开展省域电网安全校核分析，出具接入条件结果，并由市级电网企业反馈各市能源主管部门。各市能源主管部门根据接入条件，形成项目建设清单，通知申报企业，并报省能源局备案，同步纳入省级建设名单。新能源企业依规办理接网流程，启动项目建设。
(五)合理简化新能源场站新建、增配储能办理程序。对于“增时长、不增功率”的增配储能项目，企业可随时申报，市级能源主管部门征求市级电网企业接入条件意见后，直接纳入项目建设清单，依规办理接网流程，并报省能源局备案，同时抄送市级电网企业。对于在运、纳规新能源场站新配、增配储能，主要用于保障厂用电和提高出力曲线准确性，且总体配建储能功率不超过新能源场站装机功率(纳规拟建项目为核准功率)5%的，也可随时申报，在不导致电网设备重过载、频率、电压和功角失稳的前提下，征求市级电网企业接入条件意见后，纳入项目建设清单，依规办理接网流程，并履行备案和抄送程序。风电、光伏场站新建、增配储能，可不新增升压变容量，利用原变压器送出。
(六)科学确定电力系统接入容量分配方式。省、市电网企业统筹做好市域间、市域内配建储能接入容量测算工作，原则上优先支持光伏规模大的地区建设储能设施。市域间共用储能接入空间的，按照各市共用接入空间区域内已投运光伏、风电发电规模加权折算分配，并经电力系统安全稳定校验。市域内共用储能接入空间，不能同时满足项目申报需求时，按照申报项目的光伏、风电发电规模加权折算分配，分配所得不超过申报规模，并经电力系统安全稳定校验。光伏、风电发电项目实行差异化权重，权重系数暂分别取4和1，后续根据实际动态调整。
(七)统筹独立储能与配建储能协同发展。市级电网企业应会同本市能源主管部门，做好本地储能接入空间测算工作，指导新能源企业合理申报配储规模。当本市新能源场站配建储能需求迫切，而电网接入空间不足时，各市能源主管部门应及时清退逾期入库独立储能项目，腾出空间支持配建储能发展，提高电力系统接入空间利用效率。对于入库项目建成率低于全省平均水平的市，省能源局将会同国网山东省电力公司核减其到期未建成容量，统筹分配至共用接入空间、落地成效突出的市使用。对于与新能源场站位置相临、公用电网连接点一致，项目企业为同一集团公司控股或为同一实控人的在建、拟建独立储能项目，按照自愿原则，在技术可行前提下，支持其转为新能源场站配建储能，实现一体化运行与统一计量结算。
三、优化新能源与配建储能参与市场交易机制
(八)支持新能源场站与配建储能联合运营。新能源场站与配建储能一体联合参与市场，电站出力计量口径为集中式风电或光伏场站发电功率出力叠加配建储能功率之和，按此口径响应自动发电控制系统(AGC)指令。新能源与配建储能电站视作一体参与山东省电力并网运行管理实施细则，原则上日内、超短期功率预测准确率，以及发电计划、一次调频等均按照新能源电站发电单元功率与配建储能功率之和计算。新能源场站应严格执行市场出清计划曲线，其出清计划上限为场站发电单元(不含配建储能)的额定容量，出清计划下限为0。
(九)充分发挥配建储能灵活调节能力。推动新能源场站配建储能日内调整充放电计划，参与现货实时市场。新能源场站(含配建储能)可基于最新的运行和气象数据，运行日日内逐小时滚动更新上报配建储能的可靠执行计划出力曲线，减少弃风弃光，促进新能源发电消纳。新能源场站应通过灵活充放，动态适应功率调节需求，平滑出力曲线，满足并网要求各项性能，减少预测偏差，降低对电力系统影响。
四、加强新能源场站配建储能管理工作
(十)明确新能源场站配储比例及建设时限要求。在运、纳规光伏和风电场站新增配储的，配建储能总功率上限分别暂定为其新能源项目装机(核准)功率的50%和30%，后续根据实际动态调整。在运场站新建、增配储能为锂离子电池成熟技术路线的，应于纳入清单后1年内建成并网;为钠离子电池、液流电池或固态、半固态电池等新技术路线的，应于18个月内建成并网。未按期建成并网配建储能，移出项目清单，后续在企业申报配建储能项目时予以从严把控。
(十一)严格新能源场站配建储能建设验收程序。配建储能项目设计工作须由具备相应专业资质的设计单位承担，并严格遵守《电化学储能电站设计标准》《电化学储能电站安全规程》《电化学储能电站接入电网技术规定》等国家及行业技术规范，消防设施做到同步设计、同步施工、同步投用。储能电池、涉网电气设备须完成型式试验与并网性能检测，并按规定开展消防设计审查、消防验收或备案。新建、增配储能项目完工后依规组织竣工验收，严格落实安全设施“三同时”制度，未通过竣工验收的项目，一律不得并网投运。
(十二)加强配建储能项目运行管理。严格遵照国家源储一体化政策文件及山东省电力调度管理规定，对新能源项目与配建储能实施统一监控、统一调度、统一计量、统一结算。新能源场站风电或光伏、配建储能均须安装计量表计，确保新能源与储能可单独计量。新能源场站配建储能充电应来源于配套新能源发电，除电网统一调度调用外，原则上不允许从公共电网购电充电。对于配建储能充电来源为配套风电、光伏发电的，其对应放电量视为风电、光伏发电量，机制电价差价结算参照执行。
(十三)压实配建储能安全管理责任。压紧压实项目建设运营单位安全生产主体责任，从严把控设备采购质量与工程施工安全，对储能运行工况实施在线实时监测，构建安全风险分级管控与隐患排查治理双重预防体系。对于功率5兆瓦及以上配建储能设施，应设置现场值班人员，值班人员应熟练掌握火警处置流程和设备操作技能。配建储能消防报警信号应接入新能源场站消防控制室，实现火灾自动报警与消防设备联动功能。新建、增配储能容量超过5万千瓦时的配建储能，参照独立储能电站，按《山东省电化学储能电站电池抽样检测管理办法》(鲁电技〔2026〕16号)要求，落实电池抽样检测制度。各市能源主管部门应督促有关企业定期组织全站设备检测、安全专项检查及消防应急演练，完善突发事件应急预案，坚决遏制安全生产事故发生。
(本文件所称新能源场站配建储能，是指与集中式风电场、光伏电站等新能源发电项目在同一建设地点配套建设的储能设施，为新能源场站的附属设施，与对应新能源项目共用同一送出线路，共用一个电量计量点，实现一体化运行与统一计量结算。其主要功能是消纳新能源场站弃风弃光电量，平滑电力输出，提升新能源消纳水平和场站发电稳定性，并接入调度自动化系统接受电网调度。)
附件1.新能源场站配建储能项目申报书(编制大纲)
2.新能源场站配建储能接入电网前工作办理流程
3.新能源场站配建储能接入容量分配方法
山东省发展和改革委员会
国家能源局山东监管办公室
国网山东省电力公司
索比光伏网 https://news.solarbe.com/202609/01/50028415.html",full,,trafilatura_full_text,https://news.solarbe.com/202609/01/50028415.html,索比光伏-综合新闻,光伏,光伏综合新闻,2026-09-02T00:09:16+00:00,,,,,error,,glm-5.2,2026-08-14,"Z.AI HTTP 400: {""type"":""error"",""error"":{""type"":""invalid_request_error"",""code"":""1301"",""message"":""[1301][系统检测到输入或生成内容可能包含不安全或敏感内容，请您避免输入易产生敏感内容的提示语，感谢您的配合。][2026090208183925ce2233c2914fea]""},""request_id"":""2026090208183925ce2233c2914fea""}"
英国大不列颠地区阳台光伏正式合法化，大量配置储能-索比光伏网,2026-09-01,"英国自 2026 年 8 月 27 日起允许在英格兰、苏格兰和威尔士购买及使用即插即用式光伏（也称为阳台光伏）系统，单套设备最高功率 800W，用户可自行安装。北爱尔兰地区尚未批准，但预计将跟进。
即插即用式光伏现已可在英国大不列颠地区使用，为无法安装传统屋顶光伏系统的租户和公寓住户提供小型光伏系统选择。（配图来源：nnattalli/Shutterstock.com）
英国政府于 2026 年 3 月首次提出推广即插即用式光伏，旨在让租户和公寓业主更便捷地使用清洁能源，并承诺在数月内推动这些产品进入超市销售。
即插即用式光伏合法化前，相关系统的关键电气部件已接受独立安全测试。英国政府表示，符合要求的光伏组件已被证明能够安全使用，并与英国电气线路兼容；相关要求较德国更为严格。德国在 2025 年新增即插即用式光伏设备超过 50 万套。
每套即插即用式光伏系统最高功率可允许 800W，最多可满足普通家庭约 20% 的用电需求。英国政府估计，此类光伏系统每年可帮助家庭节省最高 110 英镑的电费。
英国能源大臣 Miatta Fahnbulleh 表示，即插即用式光伏是一种简单且价格可负担的方式，可以帮助家庭控制能源账单。她说：“从今年夏天起，我们将让更多家庭能够使用清洁的本土能源为住宅供电。”
英国大不列颠地区的规划许可要求并不统一。英格兰的新许可开发规则降低了安装即插即用式光伏组件的难度，而苏格兰和威尔士则分别适用当地要求。北爱尔兰目前尚未允许使用即插即用式光伏；对于受保护建筑和位于保护区内的住宅，可能还需要额外审批。系统安装完成后，用户必须在即将上线的英国即插即用式光伏登记网站上登记设备；英国政府也已发布安装和使用此类设备以及获取相关许可所需的信息和指导清单。
英国传统光伏安装量也在增长。微型发电认证计划（MCS）数据显示，2026 年上半年英国完成近 15 万套获认证光伏安装，比 2025 年上半年创下的此前同期纪录高出 17%。英国政府称，这相当于平均每 74 秒完成一套安装。
同期，获认证的电池储能安装量接近翻番，达到 3.6 万套。其中，92% 的电池储能系统安装在配有光伏组件的住宅中。英国政府表示，屋顶光伏每年可帮助房主节省最高 480 英镑电费，而即插即用式光伏则将光伏发电拓展至更多类型的住宅。
英国可再生能源行业对即插即用式光伏合法化表示欢迎。英国太阳能协会（Solar Energy UK）首席执行官 Chris Hewitt 表示，这将为此前无法享受光伏和电池储能收益的家庭带来廉价、清洁的电力。
英国可再生能源协会（Renewable Energy Association）首席执行官 Trevor Hutchings 称，这是在推动可再生能源普及方面向前迈出的一大步。他表示，英国电价之所以处于较高水平，是因为英国受到国际天然气市场价格波动的影响；即插即用式光伏及更广泛的可再生能源推广将有助于降低电费，并增强能源自主性。
德国即插即用式光伏协会首席执行官 Craig Morris 今年早些时候向 TaiyangNews 表示，德国登记在册的即插即用式光伏系统已超过 130 万套。
索比光伏网 https://news.solarbe.com/202609/01/50028463.html",full,,trafilatura_full_text,https://news.solarbe.com/202609/01/50028463.html,索比光伏-综合新闻,光伏,光伏综合新闻,2026-09-02T00:09:18+00:00,,,,,error,,glm-5.2,2026-08-14,"Z.AI HTTP 400: {""type"":""error"",""error"":{""type"":""invalid_request_error"",""code"":""1301"",""message"":""[1301][系统检测到输入或生成内容可能包含不安全或敏感内容，请您避免输入易产生敏感内容的提示语，感谢您的配合。][2026090208183925ce2233c2914fea]""},""request_id"":""2026090208183925ce2233c2914fea""}"
厦门钨业：公司光伏用细钨丝产品市场份额超80%-索比光伏网,2026-09-01,"厦门钨业8月31日在机构调研时表示，受光伏行业需求低迷影响，公司细钨丝产品2026年上半年实现销量388亿米(其中光伏用钨丝销量241亿米)。公司光伏用细钨丝产品关键性能与成本保持行业领先，并根据原料价格动态调整产品售价，产品保持较好的盈利能力，市场份额超80%，全球领先。
索比光伏网 https://news.solarbe.com/202609/01/50028461.html
厦门钨业8月31日在机构调研时表示，受光伏行业需求低迷影响，公司细钨丝产品2026年上半年实现销量388亿米(其中光伏用钨丝销量241亿米)。公司光伏用细钨丝产品关键性能与成本保持行业领先，并根据原料价格动态调整产品售价，产品保持较好的盈利能力，市场份额超80%，全球领先。
索比光伏网 https://news.solarbe.com/202609/01/50028461.html",full,,trafilatura_full_text,https://news.solarbe.com/202609/01/50028461.html,索比光伏-综合新闻,光伏,光伏综合新闻,2026-09-02T00:09:20+00:00,,,,,error,,glm-5.2,2026-08-14,"Z.AI HTTP 400: {""type"":""error"",""error"":{""type"":""invalid_request_error"",""code"":""1301"",""message"":""[1301][系统检测到输入或生成内容可能包含不安全或敏感内容，请您避免输入易产生敏感内容的提示语，感谢您的配合。][2026090208183925ce2233c2914fea]""},""request_id"":""2026090208183925ce2233c2914fea""}"
晶科能源2026上半年出货量稳居行业第一，技术与全球化优势持续释放-索比光伏网,2026-09-01,"2026年上半年，全球光伏产业持续经历深度调整，行业竞争逻辑也从单纯追求规模扩张，逐步转向技术实力、产品竞争力与全球市场能力的综合较量。在这一背景下，晶科能源依托持续领先的技术创新、成熟的全球化布局以及强劲的产品竞争力，上半年组件出货量继续稳居行业第一，全球市场领先地位进一步巩固。
从第三方机构发布的行业排名来看，晶科能源的市场领先优势得到进一步印证。索比光伏网&索比咨询发布的2026年上半年组件出货量排名显示，晶科能源位居全球第一;InfoLink发布的2026年上半年全球组件出货排名中，晶科能源同样位居榜首。两大行业机构的排名，从不同维度印证了晶科能源在全球组件市场持续保持领先的市场表现。
在全球光伏市场进入深度调整期的当下，出货排名的变化背后，不仅是企业规模的较量，更是技术路线、产品性能、全球渠道以及供应链能力的综合竞争。尤其随着下游项目对于高效率、高可靠性以及全生命周期发电价值的要求不断提升，高效N型组件正在成为全球市场的重要选择。
作为全球光伏技术创新的重要推动者，晶科能源持续围绕高效电池与组件技术进行研发投入，加快技术成果产业化与规模化应用，构建覆盖不同应用场景的高效产品矩阵。其中，Tiger Neo高效组件系列累计出货量已突破250GW，成为晶科能源重要产品支柱。凭借高效率、低衰减、优异温度系数以及较高双面率等综合性能，Tiger Neo系列持续获得全球客户认可，也进一步验证了晶科能源N型TOPCon技术路线的市场竞争力。截至2026年上半年，公司Tiger Neo系列累计出货已超过250GW。
与此同时，晶科能源的全球化竞争优势也在持续释放。经过多年海外市场深耕，公司已建立覆盖全球近200个国家和地区的销售与服务网络，产品广泛应用于全球不同区域和多元化应用场景。2026年上半年，公司海外市场出货占比约70%，全球化市场布局进一步增强了企业面对不同区域市场周期变化的韧性。
从单一产品的市场表现，到全球累计出货规模，再到第三方机构的行业排名，持续刷新的市场成绩背后，是晶科能源长期坚持技术创新、产品升级与全球化布局所形成的综合竞争优势。晶科能源也将继续以技术创新推动产品迭代，以全球化能力拓展市场空间，持续提升光伏产品全生命周期价值。
索比光伏网 https://news.solarbe.com/202609/01/50028462.html",full,,trafilatura_full_text,https://news.solarbe.com/202609/01/50028462.html,索比光伏-综合新闻,光伏,光伏综合新闻,2026-09-02T00:09:22+00:00,,,,,error,,glm-5.2,2026-08-14,"Z.AI HTTP 400: {""type"":""error"",""error"":{""type"":""invalid_request_error"",""code"":""1301"",""message"":""[1301][系统检测到输入或生成内容可能包含不安全或敏感内容，请您避免输入易产生敏感内容的提示语，感谢您的配合。][2026090208183925ce2233c2914fea]""},""request_id"":""2026090208183925ce2233c2914fea""}"
隆基芜湖基地成光伏行业首家CMMM四级认证组件工厂-索比光伏网,2026-09-01,"每年9月是全国“质量月”。智能制造作为推动质量升级的主攻方向，正加快新型工业化进程。近日，隆基芜湖生产基地正式通过中国智能制造能力成熟度(CMMM)四级认证，成为光伏行业首家获此认证的组件工厂。这是继隆基嘉兴生产基地获评世界经济论坛“灯塔工厂”后，公司在智能制造领域取得的又一重要成果，也是智能制造在光伏制造环节落地见效的具体体现。
据智能制造评估评价公共服务平台查询显示，隆基芜湖、嘉兴生产基地先后获得CMMM四级认证。
CMMM(智能制造能力成熟度模型)是评估企业智能制造水平的国家标准体系，依据《智能制造能力成熟度模型》(GB/T
39116-2020)和《智能制造能力成熟度评估方法》(GB/T 39117-2020)两项国家标准开展评估，将企业智能制造能力划分为五个等级。该标准体系自2020年发布以来，已成为国内智能制造领域应用较广的评价体系之一。
目前，国内尚无企业达到最高的五级“引领级”。四级“优化级”为当前实际达到的最高水平，要求企业在生产制造核心环节实现数据驱动的自学习、自适应与持续优化。全国通过四级认证的企业仅百余家，隆基芜湖生产基地是光伏组件领域首家获此认证的工厂。
隆基芜湖生产基地正式通过中国智能制造能力成熟度(CMMM)四级认证，成为光伏行业首家获此认证的组件工厂。
据了解，此次认证覆盖供应链采购、智能排产、设备运维、能源管理、安全环保、物流配送等15个关键环节。作为Hi-MO 9、Hi-MO
X10等BC组件的核心生产基地，隆基芜湖工厂部署了七大AI引擎，分别应用于员工技能管理、生产排产、质量检测、设备维护、工艺优化、能源管理和仓储物流环节。
数据显示，该工厂全链路AI质检平台使缺陷检测效率提升80%，整线质量问题发生率下降40%;通过对丝印、焊接、排版、返修四大工段的设备与工艺升级，生产效率提升21%;智能派工系统将派工效率提升60%;“风水联动”AI智控系统使整体能耗降低7%。AI的深度应用，使该生产基地的智能制造能力从单点自动化升级为全价值链的体系化提升。
隆基芜湖生产基地的智能制造能力，最终沉淀为更短的交付周期、更稳定的品质表现和更透明的碳足迹数据。此前获得光伏行业首张“全场景可靠性”认证的Hi-MO 9组件，正是从这座工厂下线，其在不同气候与地形条件下的高可靠表现，背后离不开AI质检、预测性维护和柔性排产等智造能力的支撑。对于用户来说，芜湖工厂提供的不仅是一块组件，更是一份可追溯、可验证的品质与碳足迹保障。这一切的背后都离不开隆基智造带来的生产硬实力，也正是隆基智造的强力支撑，才让“以客户为中心”得到了真正的践行。
近年来，隆基秉承以客户价值为核心，深入践行绿色生产理念，积极推进敏捷智造模式快速横向展开，通过“智能制造+全面质量管理”双轮驱动，持续推进自身质量管理提升和制造升级，不仅实现了从“制造”到“智造”再到“质造”的跨越升级，同时也为光伏行业推进智能制造与质量管理协同发展提供了实践参考。
索比光伏网 https://news.solarbe.com/202609/01/50028454.html",full,,trafilatura_full_text,https://news.solarbe.com/202609/01/50028454.html,索比光伏-综合新闻,光伏,光伏综合新闻,2026-09-02T00:09:24+00:00,,,,,error,,glm-5.2,2026-08-14,"Z.AI HTTP 400: {""type"":""error"",""error"":{""type"":""invalid_request_error"",""code"":""1301"",""message"":""[1301][系统检测到输入或生成内容可能包含不安全或敏感内容，请您避免输入易产生敏感内容的提示语，感谢您的配合。][2026090208183925ce2233c2914fea]""},""request_id"":""2026090208183925ce2233c2914fea""}"
16.13亿元！中来股份中标浙能能服户用光伏项目-索比光伏网,2026-09-01,"8月31日，中来股份发布关于控股子公司中标关联方项目暨关联交易的公告。公告显示，公司控股子公司苏州中来民生能源有限公司(中来民生)及其全资子公司中来智联能源工程有限公司(中来智联，联合体牵头人)组成的联合体，收到浙江浙能能源服务有限公司(浙能能服)第三批户用光伏项目EPC及运维总承包框架协议采购项目的《中标通知书》，中标金额为161272.1万元。
中来民生、中来智联拟与浙能能服签署《第三批户用光伏项目EPC及运维总承包框架协议》。本次项目招标人浙能能服为公司控股股东浙江浙能电力股份有限公司的全资子公司，构成关联交易。经公司董事会审议通过(2026年8月31日)，因浙能能服招标系面向不特定对象的公开招标，故本次关联交易免予提交股东会审议。交易不构成重大资产重组。
EPC总承包覆盖浙江省全域，包括完成第三批户用光伏电站的前期合法合规手续、户用资源开发及协议签订、设计、施工、设备购置、并网及协调、公关维护等全部工作。协议期限：自双方签订之日起生效，框架协议有效期至中来民生、中来智联累计完成750MWp建设容量或2028年12月31日(两者以先到时间为准)。其中，2026年12月31日前不低于100MWp建设容量、2027年12月31日前累计不低于300MWp、2028年12月31日前累计不低于500MWp建设容量。
协议为固定单价合同，不同安装方式单价有所不同，按照中标价执行。中标单价根据机制电价竞价结果设置调价机制。结算时，双方将按照不低于2MWp为最小结算单位进行分批次款项结算，并按协议约定分别结算首付款(完成项目立项并通过投资决策后)、并网款(施工完成，全容量并网且通过并网验收)、竣工款(通过竣工验收并正常运行)和质量保证金(竣工验收满1年后)。
运维服务覆盖与EPC总承包业务区域一致，凡中来民生、中来智联完成移交生产的户用光伏电站，自动纳入运维服务范围。协议期限自移交生产之日起，至2030年12月31日为止的委托运行维护及检修服务。费用支付包括运维服务费用和抢修费用，按照中标价执行。每年运维费按照三期支付，6月底结算40%、12月底结算20%、次年3月底结算40%;抢修费用按实际工作量及约定单价实报实销，于次年3月底结算;2026年发生所有费用于2027年3月底统一结算。
索比光伏网 https://news.solarbe.com/202609/01/50028448.html",full,,trafilatura_full_text,https://news.solarbe.com/202609/01/50028448.html,索比光伏-综合新闻,光伏,光伏综合新闻,2026-09-02T00:09:26+00:00,,,,,error,,glm-5.2,2026-08-14,"Z.AI HTTP 400: {""type"":""error"",""error"":{""type"":""invalid_request_error"",""code"":""1301"",""message"":""[1301][系统检测到输入或生成内容可能包含不安全或敏感内容，请您避免输入易产生敏感内容的提示语，感谢您的配合。][2026090208183925ce2233c2914fea]""},""request_id"":""2026090208183925ce2233c2914fea""}"
正泰新能亮相Intersolar South America 2026，以尖端技术与全球化布局深耕拉美市场-索比光伏网,2026-09-01,"8月25日至27日，拉丁美洲规模最大的太阳能行业展会Intersolar South America 2026在巴西圣保罗举行，吸引了逾55000名专业观众。正泰新能携ASTRO N系列高效产品重磅登场，向拉美市场展示作为全球领先光伏组件供应商的硬核实力与深耕南美的坚定决心。
展会上，正泰新能带来了覆盖大型地面电站、工商业分布式等全场景应用的高效组件解决方案。
正泰新能旗舰主力产品ASTRO N7 Pro，现场吸引了众多参观者的驻足。该系列采用TOPCon 5.0+电池、210R大尺寸矩形硅片和四分片电池技术，叠加高密封装设计，具备高功率、高效率、高可靠性、高双面率、低衰减、低热斑风险、优异温度系数等核心优势。产品面向大型地面电站和分布式应用场景，最高功率可达670W，转换效率达24.8%，综合性能全面领先，LCOE降幅达1.2%，最大化客户收益价值，是适配全场景应用的顶配级组件标杆。
ASTRO N8系列组件采用正泰新能自研TOPCon 5.0电池技术，搭载210大尺寸硅片，结合SMBB、间隙贴膜2.0等前沿技术，实现最高745W的高功率和24.0%的优异效率。得益于低开压设计及更高的单板功率，ASTRO N8可有效降低电缆、土地、逆变器、支架等BOS和LCOE成本，在固定支架系统安装条件下提供更高收益，在拉美大型地面电站项目中展现出更优的度电成本优势。
近年来，随着拉美各国加速能源转型，巴西已成为全球光伏产业最具活力的增长市场之一。综合巴西国家电力局（ANEELL）及行业机构统计，至2026年初，巴西光伏累计装机约68GW，累计装机规模位居全球第六、拉美第一，光伏已成为支撑本国能源转型不可或缺的支柱。
正泰新能持续深化在拉美的本地化布局。公司在巴西持续建设本地化团队、优化售后和物流网络，满足客户差异化需求，与拉美地区光伏产业链合作伙伴聚焦能源转型问题开展前沿性市场和技术探讨。此外，公司频繁亮相哥伦比亚、墨西哥、巴西等地的光伏展会与论坛，向拉美光伏同仁展示最前沿的光伏技术与产品方案。
从浙江走向全球，从中国光伏产业的先行者成长为世界级的TOPCon技术领跑者，正泰新能将持续以技术创新为核心驱动力，依托深度本地化的全链条服务体系，为全球能源转型贡献更加坚实的力量。
索比光伏网 https://news.solarbe.com/202609/01/50028435.html
本站标注来源为“索比光伏网”、“碳索光伏""、""索比咨询”的内容，均属www.solarbe.com合法享有版权或已获授权的内容。未经书面许可，任何单位或个人不得以转载、复制、传播等方式使用。
经授权使用者，请严格在授权范围内使用，并在显著位置标注来源，未经允许不得修改内容。违规者将依据《著作权法》追究法律责任，本站保留进一步追偿权利。谢谢支持与配合！
本文基于Wood Mackenzie与S&P Global等权威机构2025—2026年最新数据，系统梳理全球光伏逆变器制造商竞争格局。核心结论指出：阳光电源在综合实力（Wood Mackenzie 2026年排名与华为并列第一，唯一两家全项达标厂商）和出货量（S&P Global 2025年143GW，连续五年全球第一、市占率超25%）两方面均居首位。文章进一步分析其技术实力——2025年研发投入41.75亿元，首创多项产品，并于2026年推出集成光伏、储能与构网控制的PowerMatrix矩阵逆变系统；全球化布局覆盖100多个国家，拥有520多个服务网点及五大区域中心；在大型地面电站、工商业场景中综合优势突出，户用领域则由固德威、Enphase等品牌主导。评估体系亦呈现从单一出货量向研发、售后、供应链及网络安全等多维能力演进的趋势。（199字）
奔一新能源亮相2026南美最大光伏展Intersolar，携全系列光储直流安全解决方案登陆G3.90展位。聚焦户用快速关断、工商业AFCI汇流箱、大型电站微型断路器三大核心产品，适配巴西高温高湿及极端气候，已获CCC/CE/RCM认证，助力拉美能源转型加速落地。
吉尔吉斯斯坦首座大型光伏电站——詹泰光伏电站于2025年12月正式投入运营，标志着该国清洁能源发展取得重大突破。项目位于北部楚河州克明区，占地230公顷，安装光伏组件19.3万块，设计年发电量2亿千瓦时，可稳定供应周边居民点及城市用电，终结了当地长期存在的“拉闸限电”问题。电站采用高度自动化运行系统，由中吉双方技术人员共同运维，中方提供成熟技术与设备支持，吉方员工在实践中提升专业能力。作为上合组织框架下绿色合作及共建“一带一路”的标志性成果，该项目不仅强化了区域能源互联互通，也体现了资源与技术优势互补、互利共赢的合作模式。
昱能科技亮相2026巴西Intersolar展，首发APstorage全场景储能方案（工商业液冷系统、户用交流耦合逆变器、微光储EZHI）及硬核微逆QS2/DS3/QT2系列，全灌胶、IP67、-40℃~65℃宽温适应，依托巴西墨西哥子公司提供全链条本地化服务，加速拉美光储融合与能源转型。
本文介绍了2024年上半年中国光伏产品出口整体向好的发展态势。硅片、电池片、组件和逆变器四大类主力产品出口额均实现增长，其中电池片（+87.6%）和逆变器（+30.7%）增速尤为显著，出口市场呈现多元化布局，亚洲多国及欧洲成为主要目的地。在规模增长基础上，中国光伏企业加速推进本地化适配：针对德国大容量电站需求提供高可靠性组件方案；结合巴基斯坦城乡差异，推出“工商业储能配套”与“光伏+农业水泵”双路径；面向非洲高温沙尘等复杂环境，研发BC技术组件及模块化方舱解决方案。全文凸显中国光伏产业正从单一产品出口转向“技术+场景+服务”的综合出海模式。
晶澳亮相Intersolar South America 2026，首发适配拉美高温高湿、盐雾及干热环境的DeepBlue 5.0/4.0 Pro与漠蓝系列组件，并推出JAPlanet Fusion工商业光储一体机，实现光储智能协同。本地化服务深耕十年，持续赋能拉美能源转型。
文章介绍了汉伏能源在2026年8月于圣保罗举办的Intersolar South America展会上的参展情况。面对巴西光伏装机达74GW后增速放缓、弃电与电网拥堵加剧的现状，市场正由“光伏扩容”转向“光储融合”新阶段。汉伏能源据此推出覆盖全场景的光储协同解决方案：针对大型地面电站、工商业及高端分布式三类需求，分别展示750W HITOUCH 6N高效组件、660W复合边框组件和680W BC技术组件；同步推出HNS 261K-125P工商业液冷储能系统，具备高安全性、高温适应性与智能能量管理功能。公司还通过参与本地行业峰会、深化生态合作，持续推进巴西及南美市场本土化布局。（199字）
尚德亮相2026南美智慧能源展，首发Ultra T 3.0四分片N型组件（25.2%效率）、740W超高功率系列及全黑BIPV组件，精准适配巴西高温、高湿、盐雾等严苛工况；同步推出SunStorage光储系统，破解弃光与峰谷电价难题，以全链条本土化方案加速拉美能源转型。
TCL Solar亮相2026南美光伏展，首发C2 BC背接触组件，功率提升30-40W，温度系数低至-0.26%/°C，专为拉美高温气候优化；同步推出BC+TOPCon双产品矩阵，覆盖民居、农业、工商业等多元场景，兼具抗PID、耐盐雾与30年线性质保，彰显本土化技术实力。
印尼总统普拉博沃宣布启动三年内建成100吉瓦太阳能发电能力的国家计划，旨在推动能源转型、降低能源进口依赖。当前该国总装机容量约108吉瓦，太阳能仅占1.5吉瓦，可再生能源整体占比17.9%，煤炭仍为主力电源。项目分阶段推进，2026年拟新增30吉瓦，包括在每个村庄建设1兆瓦光伏电站，并关停13吉瓦柴油电厂。首批14个项目总投资135万亿印尼盾（约76.2亿美元），全部目标预计需730亿美元，并配套部署电池储能系统。建成后，每年可节省能源补贴73.9万亿印尼盾（约280亿元人民币），结合地热、天然气及增产石油，有望实现石油零进口。印尼国家电力公司承诺以每千瓦时5–6美分价格收购光伏电力，高于火电采购价。",full,,trafilatura_full_text,https://news.solarbe.com/202609/01/50028435.html,索比光伏-综合新闻,光伏,光伏综合新闻,2026-09-02T00:09:28+00:00,,,,,error,,glm-5.2,2026-08-14,"Z.AI HTTP 400: {""type"":""error"",""error"":{""type"":""invalid_request_error"",""code"":""1301"",""message"":""[1301][系统检测到输入或生成内容可能包含不安全或敏感内容，请您避免输入易产生敏感内容的提示语，感谢您的配合。][2026090208183925ce2233c2914fea]""},""request_id"":""2026090208183925ce2233c2914fea""}"
跻身光伏组件集采TOP10  弘元绿能以全链实力锚定缩量时代发展确定性-索比光伏网,2026-09-01,"“十五五”开局之年，光伏行业正处于从规模扩张向价值竞争加速切换的关键阶段。在行业整体缩量的背景下，据多家权威媒体统计，弘元绿能凭借优异入围体量，成功跻身光伏组件央国企中标TOP10，硬核突围行业赛道。这份亮眼的成绩单，是公司技术研发、全链智造、品牌实力与稳健运营的全方位实力印证。
随着光伏项目全面入市，电价、消纳、收益的不确定性大幅提升，业主不再局限于短期采购成本，更加看重组件高效性能、长期品质稳定性、全生命周期可靠性以及企业持续履约能力。低价沦为行业入场基础门槛，而高效、可靠、可溯源、稳交付，成为央国企遴选供应商的核心标准，为优质头部企业创造了全新发展机遇。
高效产品契合高质量发展趋势
技术创新是弘元绿能突围集采赛道的核心竞争力。依托完整的硅料、硅片、电池、组件及储能的全产业链布局，企业坚持自主研发、技术迭代，精准贴合央国企高效化采购的核心需求。公司自主研发的TOPCon 3.0电池技术，搭配先进四分片工艺，将光伏组件转换效率提升至25.2%，大幅提升电站发电收益，在同类集采产品中具备显著性能优势。
相较于行业同质化产品，弘元绿能实现全产业链技术自主可控与品质全程溯源，可适配风光制氢、渔光互补、地面集中式电站等多场景项目需求。在2026年广东能源集团第二批光伏组件集采中，公司以优质高价中标，凭借过硬的高效产品性能，赢得业主的价值认可。
稳健经营筑牢交付履约底气
在光伏行业产能波动、经营承压的大环境下，稳定的智造产能与靠谱的履约能力，是企业立足行业的关键根基。弘元绿能打通光伏+储能全链条自主智造体系，覆盖上下游核心环节，有效规避单一环节产能波动、供应链断供风险，实现规模化、标准化、高品质量产交付，完美适配央国企大型项目集中采购需求。
稳健的经营态势，是企业持续履约、长效发展的坚实底气。在市场竞争愈发严峻的背景下，弘元绿能逆势实现稳健经营，凭借健康优质的财务结构与充沛的资金储备，为大额集采订单履约、前沿技术持续研发、高端产能迭代升级筑牢保障。依托极致的品控体系与稳定的交付实力，企业持续深耕央国企核心客户资源，先后斩获华电、中石油、中国电建、广东能源等一众头部业主的多项重点项目订单，多个GW级光伏项目顺利落地投产，凭借靠谱的综合服务能力收获核心客户的高度认可与长期复购信赖。
蓄力沉淀夯实长期可靠性
在行业产能出清、优胜劣汰的关键阶段，弘元绿能携手尚德，打造双品牌协同发展新格局，双向赋能实现了资源互补、优势倍增。弘元绿能的全产业链智造体系，为尚德提供稳定产能、严苛品控与技术迭代支撑；而尚德深耕全球数十年的品牌口碑、海外渠道与全球化布局经验，助力公司实现国内深耕、全球拓展的双向突破。
跻身光伏组件集采TOP10，不仅是弘元绿能排名的突破，更是行业对公司技术、智造、品质、服务与品牌实力的高度认可。“十五五”新能源高质量发展浪潮下，弘元绿能将持续深耕技术创新、夯实智造根基、放大品牌优势，以全方位确定性实力，赋能全球光伏新能源产业高质量发展。
索比光伏网 https://news.solarbe.com/202609/01/50028434.html",full,,trafilatura_full_text,https://news.solarbe.com/202609/01/50028434.html,索比光伏-综合新闻,光伏,光伏综合新闻,2026-09-02T00:09:30+00:00,,,,,error,,glm-5.2,2026-08-14,"Z.AI HTTP 400: {""type"":""error"",""error"":{""type"":""invalid_request_error"",""code"":""1301"",""message"":""[1301][系统检测到输入或生成内容可能包含不安全或敏感内容，请您避免输入易产生敏感内容的提示语，感谢您的配合。][2026090208183925ce2233c2914fea]""},""request_id"":""2026090208183925ce2233c2914fea""}"
又一张“国际通行证”！爱旭拿下SA8000认证-索比光伏网,2026-09-01,"近日，爱旭股份荣获SA8000
社会责任管理体系国际认证
作为全球公认的社会责任管理标准之一
SA8000以严苛的审核要求
全面检验企业在人权、劳工权益
职业健康安全等方面的管理实践
是爱旭在人文关怀、生产安全
与商业道德上的长期沉淀
立足ABC技术硬实力
叠加规范化社会责任体系
爱旭正将人文温度揉进光伏制造产业中
技术力量与人文善意的中国光伏品牌力量
索比光伏网 https://news.solarbe.com/202609/01/50028432.html
本站标注来源为“索比光伏网”、“碳索光伏""、""索比咨询”的内容，均属www.solarbe.com合法享有版权或已获授权的内容。未经书面许可，任何单位或个人不得以转载、复制、传播等方式使用。
经授权使用者，请严格在授权范围内使用，并在显著位置标注来源，未经允许不得修改内容。违规者将依据《著作权法》追究法律责任，本站保留进一步追偿权利。谢谢支持与配合！
新能源公司330kW组串式逆变器通过全球最严苛工控安全标准IEC62443-4系列认证，实现“安全原生设计”，覆盖硬件、软件、通信、数据与运维全维度防护，有效抵御篡改、瘫痪等网络攻击，为光伏电站筑起“数字护城河”，彰显零碳时代安全底座实力。
爱旭入选标普全球2026 Tier 1清洁技术企业榜单，成为权威认证的一级光伏组件供应商。榜单以数据驱动，严选市场表现、全球化能力、财务稳健性及可持续发展四大维度，凸显爱旭ABC技术的全球竞争力与高价值市场拓展成果。
本文介绍了上海叶烁数字信息技术公司与光伏企业爱旭股份联合攻关钙钛矿/晶硅叠层电池量产难题的成果。针对大绒面晶硅底电池上钙钛矿薄膜均匀成膜难的核心瓶颈，双方构建了“设备–材料–工艺”三位一体协同优化体系：设备端通过高耐腐墨路系统与智能化波形调控，实现皮升级墨滴体积变异系数＜3%；材料端建立溶剂挥发动力学模型，精准匹配喷头流变窗口（Z≈2–6），抑制咖啡环效应；工艺端创新引入毫秒级预结晶技术，消除湿膜梯度，提升结晶均一性。该方案已实现实验室1 cm²器件约30%转换效率，并在210×105 mm²大面积薄膜中达成PL映射相对标准差低至2.4%，验证了喷墨打印技术迈向GW级量产的可行性与可靠性。
爱旭股份王帅在宁波光伏研讨会上提出：2026年或成产能出清关键年，组件强制能效标准将淘汰约30%落后产能；行业正从规模竞争转向效率竞争，ABC技术、PPE2碳足迹认证、首份《防起火组件评估技术规范》彰显其以技术、低碳与硬标准引领高质量发展。
连云港华海诚科与国际权威机构莱茵TÜV正式签约，启动IEC62788-5-1标准下的光伏丁基胶国际认证工作，标志着其边缘密封材料进入全球化质量验证新阶段。此举呼应工信部《光伏组件分级分类》行业标准征求意见的政策窗口，该标准强化了湿热老化、热循环等可靠性指标要求，推动行业向“质量竞争”转型。华海诚科依托半导体封装材料技术积淀，已实现覆盖HJT、钙钛矿及TOPCon等全N型电池路线的丁基胶批量供货与验证，并创新推出汇流条引出孔专用密封专利技术，构建“边缘+孔位”双重防护体系，有效解决水汽渗透行业痛点。通过国际认证、专利壁垒与规模化应用协同推进，公司正加速拓展高端光伏市场，助力组件寿命延长与高质量发展。（199字）
爱旭与菲律宾Tigon Power签约，为其173MW SAPANG光伏项目全量供应高效ABC组件。该组件效率达24.2%、功率655W，具备抗隐裂、高温抑制、低衰减等优势，完美适配菲律宾台风高温高湿严苛环境，年增发电1068万度，助力当地加速去煤化与能源独立。
本文介绍了爱旭股份联合北京京瓦农业科技创新中心、首创清源公司，在北京平谷共建“AI+零碳农业”光谱光伏设施农业示范项目及联合实验室的合作进展。项目聚焦设施农业高能耗、智能化不足、农光耦合缺乏系统验证等现实痛点，融合新能源技术、人工智能与农业场景，构建涵盖光谱分离、低压直流配电、光储协同、智能环境调控、作物生长建模及能源管理的零碳技术验证体系。示范工程将采用爱旭ABC高效光伏组件与光谱分离材料，实现太阳光按作物需求与发电需求定向利用，并通过连续监测产量、品质、能耗、碳减排等多维指标，形成可测试、可复制的技术参数与评价标准。三方旨在打造北京农业低碳转型的概念验证平台和全国农光融合的产学研协同样板。
在第十九届SNEC光伏展（2026年6月3—5日，上海）前两日，爱旭股份凭借其ABC高效光伏组件斩获3.75GW订单，其中海外订单达3.1GW，国内650MW。该组件以正面无栅线设计、高阻低氧硅片、分置法ABC工艺及超快激光图形化等技术创新，实现全球领先的光电转换效率，已连续39个月位居Taiyang News全球组件效率榜首。依托技术优势，爱旭跳脱低价同质化竞争，在海内外市场维持较高溢价，并获彭博新能源财经Tier 1、EUPD“2025年顶级光伏品牌”等权威认证。展会期间，爱旭还与华耀光电签署战略合作框架协议，双方将围绕高效BC电池、低银/无银工艺、大尺寸产品及组件稳定性等方向联合研发，协同推进BC技术规模化应用与行业标准建设，助力光伏产业高质量发展。（199字）
爱旭股份自主研发的ABC光伏组件，在Kiwa PVEL发布的2026年度光伏组件可靠性记分卡中，包揽全部七项测试（热循环、湿热、机械应力、电势诱导衰减、紫外诱导衰减、光热诱导衰减及冰雹冲击）的“最佳表现者”称号。该测试以远超行业标准的加速老化试验模拟组件数十年户外运行中的极端环境，结果被全球开发商与投资商广泛视为质量评估关键依据。此次突破标志着ABC组件在高效率基础上，同步实现了卓越的耐用性与长期稳定性，尤其在温差、湿度、紫外线及恶劣天气等严苛条件下表现突出。相关负责人指出，这一成绩印证了ABC技术对全生命周期发电量和资产价值的双重保障能力，也体现了爱旭推动高效与可靠深度融合、助力全球零碳发展的技术路径。（198字）
上能电气高度重视，近日成功获得由国际权威认证机构TV南德颁发的IEC62443-4-1网络安全认证CB证书，为深化全球化战略布局迈出关键一步。基于这一贯穿产品全生命周期的安全理念，上能电气在工控网络安全领域取得了令人瞩目的成绩。上能电气成功获得了IEC62443-4-1网络安全认证CB证书，这一标准被誉为工业自动化和控制系统网络安全领域的“黄金准则”，受到欧盟、美国、加拿大、日本等多个区域及国家的广泛认可。",full,,trafilatura_full_text,https://news.solarbe.com/202609/01/50028432.html,索比光伏-综合新闻,光伏,光伏综合新闻,2026-09-02T00:09:32+00:00,,,,,error,,glm-5.2,2026-08-14,"Z.AI HTTP 400: {""type"":""error"",""error"":{""type"":""invalid_request_error"",""code"":""1301"",""message"":""[1301][系统检测到输入或生成内容可能包含不安全或敏感内容，请您避免输入易产生敏感内容的提示语，感谢您的配合。][2026090208183925ce2233c2914fea]""},""request_id"":""2026090208183925ce2233c2914fea""}"
再获权威认可！爱旭荣膺BNEF Q3 Tier 1光伏组件制造商-索比光伏网,2026-09-01,"近日，彭博新能源财经（BloombergNEF，以下简称“BNEF”）发布2026年第三季度全球光伏组件制造商Tier 1名单，爱旭凭借领先的技术创新能力、卓越的产品性能及持续增强的全球市场竞争力，再次入选Tier 1光伏组件制造商名单。
作为全球新能源领域具有广泛影响力的专业研究机构，BNEF通过对全球光伏项目融资及制造商实际项目表现等数据进行分析，对具备较强市场认可度和融资能力的组件制造商进行评估。此次再次入选，是全球市场对爱旭技术实力、产品品质与品牌价值的又一次认可。
作为BC技术的全球领跑者，爱旭持续深耕ABC技术路线，通过不断突破电池效率、组件功率与可靠性等关键技术，持续提升光伏产品全生命周期价值。目前，爱旭ABC组件已广泛应用于全球多个市场和多元化应用场景，以高效率、高可靠性和高收益表现，为客户创造更优的光伏资产价值。
从技术创新到全球交付，从产品性能到长期价值，爱旭始终坚持以客户需求为导向，持续推动先进光伏技术规模化应用。未来，爱旭将继续以ABC技术创新为核心，为全球客户提供更高效、更可靠、更具价值的光伏产品与解决方案，助力全球能源转型。
索比光伏网 https://news.solarbe.com/202609/01/50028431.html
本站标注来源为“索比光伏网”、“碳索光伏""、""索比咨询”的内容，均属www.solarbe.com合法享有版权或已获授权的内容。未经书面许可，任何单位或个人不得以转载、复制、传播等方式使用。
经授权使用者，请严格在授权范围内使用，并在显著位置标注来源，未经允许不得修改内容。违规者将依据《著作权法》追究法律责任，本站保留进一步追偿权利。谢谢支持与配合！
爱旭股份获SA8000国际社会责任认证，彰显其在人权保障、劳工权益与职业健康安全等领域的卓越实践。依托ABC技术硬实力与规范化社会责任体系，爱旭将人文温度融入光伏制造，展现兼具技术力量与人文善意的中国光伏品牌形象。
本文解析了2026年1—7月中国光伏组件出口的总体情况。数据显示，出口金额达150.7亿美元，同比增长12.1%；但出口量为133.5GW，同比下降3.4%，呈现“量跌价涨”特征。出口节奏受政策影响明显：3月因出口退税取消前集中出货达32.0GW，创三年新高；随后4—7月逐步回落，7月出口量降至15.9GW。出口目的地以荷兰（19.3GW）为首，巴基斯坦、菲律宾等新兴市场紧随其后，但对巴出口同比大幅下滑47%。出口省份中，江苏、浙江居前两位，凸显东部制造集群主导地位。
爱旭股份下属子公司滁州爱旭太阳能科技有限公司拟与关联方苏州普伊特自动化系统有限公司签署设备采购合同，以5927万元（含税）采购27台光伏电池片湿法生产设备。该采购系为推进滁州基地产能升级改造，将部分现有TOPCon电池产线转为采用公司自研ABC技术的新型产线，旨在提升电池转换效率、优化产品性能并增强市场竞争力。公司强调，本次交易属日常生产经营所需，定价公允，不损害公司业务独立性；双方在专利与知识产权方面相互尊重，有助于巩固爱旭在光伏前沿技术领域的领先地位和核心竞争能力。
协鑫集成连续多季度稳居彭博新能源财经2026年Q3全球一级光伏组件制造商（Tier 1）榜单，彰显其在产品可靠性、全球项目履约及全生命周期服务能力上的国际认可。依托全球化制造、本地化服务与BC技术等差异化产品矩阵，持续赋能低碳能源转型。
协鑫集成入选标普全球2026 Tier 1清洁技术企业榜单，成为权威认证的“一级光伏组件供应商”。该榜单以六大维度严苛评估，代表行业顶尖水平。入选彰显其技术实力、产品品质与全球化交付能力，凸显中国光伏企业国际竞争力。
隆基绿能近日再度入选彭博新能源财经（BNEF）2026年第三季度光伏与储能“双Tier 1”制造商名单，成为全球少数持续获此权威认证的光储一体化企业。BNEF评级聚焦可融资性、市场表现及系统级能力，其中储能评估已延伸至工程适配性、供应链韧性、交付能力与全生命周期运维保障。隆基凭借ACM电池技术（经认证效率达27.6%，组件功率达672W）及BC系列组件强劲出货（2023–2026年底预计累计近100GW），夯实高效光伏领先地位；同时依托“全栈隆基 LONGi ONE”战略，实现iCCS、BMS、PCS等核心部件全链路自研，推动光储深度融合与系统级价值交付，完成从设备供应商向绿色能源资产服务商的升级。（199字）
埃及已批准明亚省Nefer Minya光储项目，总装机容量1GW，配套600MWh电池储能系统（BESS），总投资7.5亿美元，由Infinity Power与Hassan Allam Utilities联合开发，计划2027年9月30日竣工。项目获埃及内阁颁发“黄金许可证”，可加速审批与投资落地；环境与社会影响评估已完成，储能系统将提供2小时电能时移能力，投运后可满足约140万户家庭用电需求。中国爱旭公司于2026年6月确认供应1.2GW ABC高效光伏组件。该项目获得欧洲复兴开发银行（EBRD）融资，是埃及首批大型电池储能项目之一，将助力该国实现国家可再生能源目标，并纳入EBRD牵头的NWFE倡议下10GW清洁能源开发框架。
本文介绍了2026年7月欧洲光伏市场最新动态。组件价格呈现显著分化：全黑组件以0.138欧元/瓦峰居首且环比涨8%，背接触与TOPCon单面组件价格小幅上涨，而TOPCon双面组件价格连续三个月下行，本月跌至0.110欧元/瓦峰、环比降5%，其成本优势持续扩大。品牌方面，爱旭凭借过去三个月出货量登顶榜首，市场主力供应商格局较一年前明显调整。逆变器价格整体走弱，大功率工商业逆变器性价比最优。当月光伏PMI为65，略低于67的基准线，反映市场需求偏弱；调研显示46%受访者计划增加采购，38%维持规模，16%拟减少采购。
通威连续16个季度入选BNEF 2026年Q3 Tier1光伏组件制造商，彰显其全球顶尖实力。该评级严苛考察产品质量、项目经验及六家银行无追索权融资能力，是国际电站投资商核心准入标准。通威以高可靠性筑牢每兆瓦投资价值。
旭合科技入选BNEF 2026年Q3光伏组件Tier 1榜单，彰显其N型高效技术、垂直一体化制造与全球交付实力。累计出货超10GW，覆盖40+国家。Tier 1认证强化国际融资可及性与项目竞标优势，标志其加速迈向全球一线组件品牌。",full,,trafilatura_full_text,https://news.solarbe.com/202609/01/50028431.html,索比光伏-综合新闻,光伏,光伏综合新闻,2026-09-02T00:09:34+00:00,,,,,error,,glm-5.2,2026-08-14,"Z.AI HTTP 400: {""type"":""error"",""error"":{""type"":""invalid_request_error"",""code"":""1301"",""message"":""[1301][系统检测到输入或生成内容可能包含不安全或敏感内容，请您避免输入易产生敏感内容的提示语，感谢您的配合。][2026090208183925ce2233c2914fea]""},""request_id"":""2026090208183925ce2233c2914fea""}"
首订超50MW，通威净界防积灰组件正式发运-索比光伏网,2026-09-01,"近日，通威净界防积灰组件在通威太阳能科技盐城基地完成首批发运，首批订单合计超过50MW。目前，相关产品正陆续发往江西振业新能源有限公司、安徽中浩能源电力有限责任公司等通威分布式核心战略合作伙伴，标志着该产品正式进入规模化市场应用阶段。
从订单签署到项目落地，净界防积灰组件正快速获得市场认可。截至目前，已有16MW完成项目发运，首批产品将分别应用于河北某污水处理厂、赣州某工商业屋顶项目，涵盖环保与制造等典型高尘环境。
通威净界防积灰组件正式发运
我国工商业光伏的核心应用区域多位于季风区，高温、高湿、多雨、强风叠加工业粉尘，使得屋顶组件面临的远不止发电效率的挑战。工商业厂房资产价值高、生命周期长，积灰易引发局部热斑，高温高湿环境下更可能诱发安全风险。同时，屋顶还要面对暴雨、水汽、风揭等多重考验，持续考验组件的可靠性与稳定性。
针对高尘工商业场景，净界防积灰组件从“积灰”这一核心痛点切入。采用短A面全包裹防积灰边框设计，大幅减少传统边框容易形成的积灰、积水区域，从源头降低遮挡损失和运维负担；叠加双玻结构，强化组件整体结构可靠性与环境耐受能力，构建“长效洁净、隔绝水汽、不惧风揭、系统防火”的全方位防护体系。
左侧净界防积灰产品，右侧常规产品
净界防积灰组件同步完成品牌包装焕新。以黑色为主视觉的全新包装，强化了“在复杂环境中坚守洁净与安全”的产品辨识度，让产品从运输到交付每一环节都更具品牌张力。
索比光伏网 https://news.solarbe.com/202609/01/50028429.html
本站标注来源为“索比光伏网”、“碳索光伏""、""索比咨询”的内容，均属www.solarbe.com合法享有版权或已获授权的内容。未经书面许可，任何单位或个人不得以转载、复制、传播等方式使用。
经授权使用者，请严格在授权范围内使用，并在显著位置标注来源，未经允许不得修改内容。违规者将依据《著作权法》追究法律责任，本站保留进一步追偿权利。谢谢支持与配合！
爱旭再度入选BNEF 2026年Q3全球光伏组件Tier 1名单，彰显其技术实力与市场认可。作为BC技术全球领跑者，爱旭持续突破ABC电池效率与组件可靠性，产品已规模化应用于全球多元场景，以高效率、高收益助力能源转型。
近日，晶科能源正式签署保加利亚110.28MW高效组件供货协议，全部采用飞虎系列N型双面组件，专项用于保加利亚东南部大型地面电站建设。本图由AI生成保加利亚东南部属大陆性气候向地中海气候过渡地带，光照资源充沛，是大型地面电站的优选区域。但项目场区地势起伏，山丘与谷地交错，早晚时段阵列互遮挡和地形投影难以避免；夏季午后强对流天气频繁，云团移动迅疾，辐照强度在短时间内大幅波动。复杂的光照条件对组件的弱
德国弗劳恩霍夫太阳能系统研究所（Fraunhofer ISE）与弗赖堡大学合作，采用可工业放大的溅射和狭缝涂布工艺，成功研制出面积达210.25 cm²的半透明有机光伏组件。该组件最高光电转换效率为9.26%，平均可见光透过率达43.2%，光利用效率（LUE）最高为4.0%；部分样品可见光透过率可达50%。组件采用无金属透明顶电极（PEDOT:PSS）、有机吸收层及具备近红外反射功能的背电极结构，并通过激光结构化实现百余个电池单元互联。研究还验证了其优异柔性：原型组件在直径15 mm圆杆上弯折1274次后效率保持率仍为100%。成果已发表于《Joule》，旨在推动该技术在建筑立面、温室和车顶等需兼顾发电与透光场景的规模化应用。
山西榆次至臻系统友好型新能源电站项目于8月22日正式获批环评。该项目位于晋中市榆次区长凝镇与东赵乡，由榆次至臻新能源有限公司投资建设，总投资7亿元，建设周期12个月。项目主体为集中式光伏发电系统，规划交流侧装机容量200MW，直流侧容量250MWp，拟安装约35.7万块700Wp单晶硅光伏组件。环评文件于8月14日受理，榆次分局经审查后批准其建设性质、规模、选址及所列环保措施。该项目是山西省推进清洁能源发展的重要落地工程之一，建成后将提升区域可再生能源供给能力。（198字）
本文解析了2026年1—7月中国光伏组件出口的总体情况。数据显示，出口金额达150.7亿美元，同比增长12.1%；但出口量为133.5GW，同比下降3.4%，呈现“量跌价涨”特征。出口节奏受政策影响明显：3月因出口退税取消前集中出货达32.0GW，创三年新高；随后4—7月逐步回落，7月出口量降至15.9GW。出口目的地以荷兰（19.3GW）为首，巴基斯坦、菲律宾等新兴市场紧随其后，但对巴出口同比大幅下滑47%。出口省份中，江苏、浙江居前两位，凸显东部制造集群主导地位。
华晟新能源再获缅甸13.7MW光伏订单，为其Himalaya PLUS高效异质结组件海外规模化落地再添实证。该产品凭借HJT技术超低温度系数，精准适配东南亚高温高湿环境，凸显高温发电优势与高可靠性。此次交付进一步夯实华晟在东南亚清洁能源市场的战略布局。
协鑫集成入选标普全球2026 Tier 1清洁技术企业榜单，成为权威认证的“一级光伏组件供应商”。该榜单以六大维度严苛评估，代表行业顶尖水平。入选彰显其技术实力、产品品质与全球化交付能力，凸显中国光伏企业国际竞争力。
晶科能源近日与希腊可再生能源开发商签署176.14MW高效光伏组件供货协议，全部采用其“飞虎”系列N型双面组件，用于希腊中部山地丘陵地带的大型地面电站建设。该区域地形起伏大、光照条件复杂：早晚山体与阵列间互遮挡频发，午后积云导致辐照剧烈波动，且晨昏雾气浓、入射角低。针对这些挑战，飞虎组件凭借三大核心性能优势被选用：一是高达85±5%的双面率，充分捕获浅色石灰岩地表反射光及散射光，提升全时段发电增益；二是优化电池排布与电气架构，显著增强抗阴影遮挡能力，降低地形与云影引发的失配损耗；三是优异弱光响应性能，保障晨昏低辐照条件下持续稳定输出，延长高价值发电时长。（199字）
美国光伏组件制造商Silfab Solar近日宣布，其南卡罗来纳州福特米尔工厂再度实施临时停产。此次停工主要源于两方面原因：一是关键生产物料供应紧张，导致供应链出现阶段性约束；二是工厂需利用停工期开展生产线例行维护。停产覆盖太阳能电池与光伏组件两条核心产线，但客户服务、成品发货、仓储物流等非生产环节照常运行，订单交付不受影响。值得注意的是，这已是该工厂近期第二次临时停产——此前曾因安全事故暂停运营。连续的生产中断凸显出美国本土光伏制造在供应链韧性与日常运营稳定性方面面临的现实压力。行业将持续关注其复产进展及美国本土光伏产能的实际落地成效。（198字）
2013年成立的郑州某泰能源公司，由周某敬实际控制，主营太阳能产品经销。2021年7月，该公司与希腊客户签订合同，以每片113.4欧元价格销售1860片某品牌540瓦光伏组件。为牟取非法利益，周某敬在未经商标权利人许可的情况下，委托江西厂家生产外观、尺寸相同的仿冒组件1240片，并网购正品铭牌贴标，伪造检验报告后出口至希腊，货款折合人民币102万余元。希腊客户使用中发现质量问题，经品牌方核实确认系假冒注册商标产品。法院审理认定，该公司及周某敬构成假冒注册商标罪，非法经营数额特别巨大；鉴于单位及个人均构成自首、认罪认罚并积极赔偿，依法予以从宽处罚，分别判处罚金20万元和5万元，周某敬获刑一年七个月。判决已生效。",full,,trafilatura_full_text,https://news.solarbe.com/202609/01/50028429.html,索比光伏-综合新闻,光伏,光伏综合新闻,2026-09-02T00:09:36+00:00,,,,,error,,glm-5.2,2026-08-14,"Z.AI HTTP 400: {""type"":""error"",""error"":{""type"":""invalid_request_error"",""code"":""1301"",""message"":""[1301][系统检测到输入或生成内容可能包含不安全或敏感内容，请您避免输入易产生敏感内容的提示语，感谢您的配合。][2026090208183925ce2233c2914fea]""},""request_id"":""2026090208183925ce2233c2914fea""}"
实力出圈南美光伏展！天合跟踪开拓者1P地形+解决方案精彩亮相备受瞩目-索比光伏网,2026-09-01,"8月25日至27日，拉丁美洲规模最大的太阳能行业展览会暨会议——南美光伏展（Intersolar South America 2026）在巴西圣保罗北展览中心（Expo Center Norte）举行。作为全球领先的智能跟踪解决方案品牌，天合跟踪携专为起伏及复杂地形打造的开拓者1P地形+解决方案重磅亮相展会。针对拉丁美洲光伏电站开发面临的地形复杂、环境恶劣及施工成本高的痛点，天合跟踪采用“高可靠支架、本土化工程服务与数智化运维”深度融合的解决方案，旨在最大化提升拉美客户光伏资产的全生命周期价值，为区域清洁能源转型注入新动能。
破局复杂地形难题：三位一体场景化解决方案
随着拉丁美洲地区平坦土地资源的日益稀缺，越来越多的光伏项目转向丘陵、山地及崎岖起伏的复杂地形。天合跟踪基于久经市场验证的开拓者1P平台进行重磅升级，推出专为起伏地形设计的“开拓者1P地形+”解决方案，从“高可靠支架”、“本土化项目全周期工程服务”与“数智化运维”三大维度，构建复杂地形下的资产全生命周期价值最大化的天合解法。
1. 顺势而为，突破地形边界
传统跟踪支架需进行大规模场地平整，不仅大幅增加土方开挖与回填成本、拉长建设周期，更对原生生态造成不可逆的破坏。开拓者1P地形跟踪解决方案打破传统直线布局模式，实现高达 15% 的坡度适应性，可顺应地形等高排布，减少 90% 以上的土地开挖与回填面积，最大限度保持自然地貌。
2. 部件级创新，可靠性再升级
系统搭载专利球形轴承与缩管连接技术，不仅安装快捷，更能从容应对复杂地形下因主梁弯曲引起的附加应力，从根源规避结构滑移问题，大幅抑制长期交变载荷带来的疲劳损伤；配置双边阻尼系统，具备优异的风致振动抑制能力，保障支架在复杂地形恶劣阵风环境中长期安全运行；配合加长檩条优化设计，大幅提升结构承载与适配兼容性，可稳妥承载大尺寸、高功率光伏组件，为电站全生命周期的结构安全筑牢基础。
开拓者 1P 地形+解决方案聚焦核心结构部件创新迭代，多重专利技术加持，全方位提升产品结构强度与环境适配可靠性。
3. AI优化电站设计，最大化电站收益
针对拉美地区的复杂地形与跨国交付的挑战，天合跟踪提供涵盖前期规划、工程设计、现场施工到系统调试的全流程本土化工程服务。 项目前期依托自主研发的 TTOPO AI 工程设计系统，精确模拟电站地貌与气象环境，输出不同设计方案并优化装机布局，为每个项目提供效益最大化的解决方案。结合经验丰富的本土化交付与技术支持团队，确保复杂地形项目无缝落地与高质高效交付。
数智化运维：深度融合AI智控与智能机器人生态
开拓者1P系统深度融合智能跟踪算法、智能通信、智能电源管理、智能监控、项目健康诊断等智能集成方案，最大化释放电站资产发电潜能。同时，依托天合跟踪智慧云平台，实现设备状态实时监测与风险预警，在风沙、冰雹、大雪等极端天气发生时，支架自动偏转至最优保护角度，降低组件受损风险。此外，系统能够与“极光系列”智能光伏清扫机器人等深度集成， “智能跟踪+智能清扫”一体化方案，持续保障电站最佳发电效率。
天合跟踪始终坚持以用户为中心，以技术创新为核心驱动力。针对全球不同区域复杂严苛的应用环境，天合跟踪持续推出全场景解决方案，覆盖大风、沙戈荒、崎岖地势等多样应用场景。通过“高可靠支架+智能运维算法+本土化全周期工程服务”的矩阵，因地制宜，提振效能，赋能全球光伏电站全生命周期效益最大化，加速清洁能源深度转型。
索比光伏网 https://news.solarbe.com/202609/01/50028424.html
本站标注来源为“索比光伏网”、“碳索光伏""、""索比咨询”的内容，均属www.solarbe.com合法享有版权或已获授权的内容。未经书面许可，任何单位或个人不得以转载、复制、传播等方式使用。
经授权使用者，请严格在授权范围内使用，并在显著位置标注来源，未经允许不得修改内容。违规者将依据《著作权法》追究法律责任，本站保留进一步追偿权利。谢谢支持与配合！
本文基于Wood Mackenzie与S&P Global等权威机构2025—2026年最新数据，系统梳理全球光伏逆变器制造商竞争格局。核心结论指出：阳光电源在综合实力（Wood Mackenzie 2026年排名与华为并列第一，唯一两家全项达标厂商）和出货量（S&P Global 2025年143GW，连续五年全球第一、市占率超25%）两方面均居首位。文章进一步分析其技术实力——2025年研发投入41.75亿元，首创多项产品，并于2026年推出集成光伏、储能与构网控制的PowerMatrix矩阵逆变系统；全球化布局覆盖100多个国家，拥有520多个服务网点及五大区域中心；在大型地面电站、工商业场景中综合优势突出，户用领域则由固德威、Enphase等品牌主导。评估体系亦呈现从单一出货量向研发、售后、供应链及网络安全等多维能力演进的趋势。（199字）
文章介绍了邯郸市巨源能光伏科技有限公司在光伏建筑一体化（BIPV）领域的实践与成果。在“双碳”目标背景下，公司自2014年成立以来，以产品创新与新媒体营销双轮驱动，全平台新媒体粉丝突破500万，实现线上高效获客与技术对接。其核心产品涵盖多种透光率的发电玻璃及光伏瓦，拥有80余人专业团队。文中重点列举三个代表性BIPV项目：浙江宁波的幕墙工程、山东临沂度假村屋顶项目及山西阳泉矿区改造，分别体现其在美学融合、绿电产出与传统工业绿色转型方面的综合能力。全文凸显巨源能将光伏发电从能源解决方案升级为建筑价值提升与低碳发展协同推进的实践路径。（198字）
腾晖光伏亮相The Smarter E South America 2026，携高效光伏组件、储能方案及中利线缆于W1.30展位亮相。首日客商云集，深度交流光储应用与本地化合作；接受巴西权威媒体Canal Solar专访，展示全球化布局与南美战略。聚焦能源转型，共拓拉美清洁能源新机遇。
TCL Solar亮相2026南美光伏展，首发C2 BC背接触组件，功率提升30-40W，温度系数低至-0.26%/°C，专为拉美高温气候优化；同步推出BC+TOPCon双产品矩阵，覆盖民居、农业、工商业等多元场景，兼具抗PID、耐盐雾与30年线性质保，彰显本土化技术实力。
天合光能亮相2026南美最大光伏展，发布至尊N型760W组件、Elementa+Electra交直流一体化储能方案及开拓者1P地形跟踪系统，覆盖全场景应用。十年深耕拉美，组件出货超20GW，储能签约超6GWh，展现全链条低碳解决方案实力。
隆基绿能在UNCCD COP17发布光伏助力粮食安全双路径：一是光伏制绿氢+CO₂人工合成淀粉，效率达7%-10%；二是“能源-水-食物”协同系统，推动荒漠变良田。内蒙古库布齐实践已验证“板上发电、板下种植”模式，为全球生态修复与粮食安全提供中国方案。
正泰新能亮相美国RE+ Mid-Atlantic清洁能源展，主推ASTRO高效光伏组件，凭借高效率、低衰减、优温度系数等优势，精准适配美工商业及大型地面电站需求；展会汇聚1600+专业人士，凸显美国光伏装机爆发式增长——2026年计划并网86GW，太阳能占比超50%。
本文围绕别墅光伏及光储一体化应用展开，聚焦高端住宅场景下对建筑美学、定制设计、储能备电、防水施工与长期运维的高要求。文章指出，在“双碳”背景下，真实落地案例已成为业主评估服务商可靠性的重要依据。海尔新能源作为海尔集团唯一新能源主体，依托“数智化+一体化+全周期资产运营”能力，推出面向别墅市场的“零碳适家”家庭微电网解决方案，覆盖纯光伏与光储一体化多种配置。其核心优势包括：自研软硬件（如获德国设计奖金奖的E-Tower Ultra户储一体机）、AI能源机器人实现智能调度与可视化管理、一户一策定制化设计兼顾发电效率与建筑风格、全栈安全防护适配全国多样气候、以及涵盖勘测、安装、并网到24小时智慧运维的全周期服务。目前，该方案已在青岛、天津、浙江、福建、重庆等地完成多个典型实景项目，验证了其在不同地域、气候与建筑类型中的成熟落地能力。（199字）
晶科能源飞虎3组件高价中标国家能源湖南公司133.36MW项目，适配渔光互补水域与山地复杂场景。凭借85%双面率、670W高功率、-0.26%/℃优温度系数、强抗遮挡能力及首年衰减＜1%、30年质保等五大优势，显著提升全周期发电收益，印证高效N型组件价值跃升。
晶澳联合启盛新材料、史陶比尔在杭州举办光储充渠道交流会，聚焦“解构X·重构收益”，直面行业深度调整，提出从“装光伏”到“算收益”转型路径。活动揭示浙江光储充融合新机遇，发布“光储+X”系统方案，并签约6家本地企业，加速光储智一体化落地。",full,,trafilatura_full_text,https://news.solarbe.com/202609/01/50028424.html,索比光伏-综合新闻,光伏,光伏综合新闻,2026-09-02T00:09:38+00:00,,,,,error,,glm-5.2,2026-08-14,"Z.AI HTTP 400: {""type"":""error"",""error"":{""type"":""invalid_request_error"",""code"":""1301"",""message"":""[1301][系统检测到输入或生成内容可能包含不安全或敏感内容，请您避免输入易产生敏感内容的提示语，感谢您的配合。][2026090208183925ce2233c2914fea]""},""request_id"":""2026090208183925ce2233c2914fea""}"
天合光能聚焦AI算力基建产业对接并斩获新质企业金牛奖-索比光伏网,2026-09-01,"8月29日，2026科技创新与产业高质量发展大会在常州举行，天合光能高级副总裁、AIDC及集中式解决方案事业部总裁谢健出席并在同期举办的AI算力基建产业对接会上发言。大会期间，天合光能斩获备受资本市场关注的“新质企业金牛奖”，是国内资本市场最具公信力与影响力的权威奖项之一。
谢健与数据中心运营商、云服务商、算力基础设施集成商，以及光模块与光器件、高速PCB与半导体封测、光纤光缆及连接器等领域的企业相关负责人深入交流，介绍自身业务优势、发展诉求与合作需求，推动数据中心与光通信产业链上下游协同创新，助力建设长三角AIDC光互联与算力基础设施产业高地。
谢健详细介绍了天合光能在AIDC产业中的战略布局，作为扎根常州本土30年的全球光伏智慧能源领军企业，天合光能在AIDC产业中重点布局光伏储能与配电侧的固态变压器（SST）解决方案。公司深耕光伏领域30年、储能领域10年，具备全球电源项目开发及建设能力，尤其在海外电网差异较大的地区，能够将AIDC与电源系统紧密结合。在配电侧，天合光能重点布局下一代固态变压器整体解决方案，致力于解决AIDC配电环节的能效与稳定性问题。
谢健向产业链伙伴发出合作邀约。他表示，固态变压器作为AIDC配电环节的关键设备，仍有巨大的能效提升空间，天合光能期待与在场企业深度协同，共同攻克技术适配与场景落地难题，完善配电产业生态。同时，作为从常州新北区成长起来的本土企业，谢健也以天合的发展历程为蓝本，用实际案例向与会的外地企业家生动展示了常州高新区高效务实的政务服务和优越的产业扶持政策，诚邀各界伙伴共享常州发展机遇。
作为“中国新能源之都”，常州新能源产业产值已突破万亿大关。常州高新区重点锻造“瓦特、比特、卡特”三特经济，聚焦AIDC赛道全力打造“算电协同、绿色智能”产业新格局。天合光能深耕光储融合领域、布局固态变压器核心技术，与区域AIDC产业发展战略高度契合，是助力算力基建绿色升级、算电协同落地的核心力量。在AIDC核心的算电协同领域，天合光能的多项行业标杆项目正在落地，其中，携手中国联通打造的青海三江源绿电智算融合示范项目创新采用“源-网-荷-储-算”五维协同模式，实现新能源与算力设施深度耦合、全年高比例绿电直供，可年均提供绿电超1000万千瓦时，年减排二氧化碳8196吨，大幅降低算力中心用电与运营成本。该项目获评中国信通院算力电力协同典型案例，获国务院领导调研肯定，成为全球高海拔零碳算力落地标杆。
索比光伏网 https://news.solarbe.com/202609/01/50028422.html
本站标注来源为“索比光伏网”、“碳索光伏""、""索比咨询”的内容，均属www.solarbe.com合法享有版权或已获授权的内容。未经书面许可，任何单位或个人不得以转载、复制、传播等方式使用。
经授权使用者，请严格在授权范围内使用，并在显著位置标注来源，未经允许不得修改内容。违规者将依据《著作权法》追究法律责任，本站保留进一步追偿权利。谢谢支持与配合！
天合储能李明在第十一届储能西部论坛提出AIDC能源破局方案：直击能源短缺、供电不稳、功耗激增、负载敏感四大痛点，首发构网型储能+800V HVDC高压直流配电融合方案，实现绿电占比≥80%、PUE＜1.15，助力西部算力产业安全低碳发展。
协鑫集团与建德市深化“抽蓄+”合作，加速百亿元建德抽水蓄能电站建设，同步布局“水+算力”绿电算力标杆及深冷水冷数据中心。朱共山陪同沙特ACWA高管考察智慧工地，共谋中沙绿色能源合作。双方达成算电协同、生态文旅、零碳开发等多维共识。
天合富家与润建股份签署战略合作，首创“分布式算电协同”新模式，聚焦存量资产增效、分布式智算中心建设及虚拟电厂与虚拟算场联动调度，推动绿电与算力时空协同。依托双方光伏资产、AI全栈能力及东盟项目布局，加速该创新范式国内规模化落地及出海。
和顺经开区以“十五五”开局为关键契机，聚焦光伏玻璃产业，系统推进高质量发展。文章围绕“向新、向优、向高”三大路径展开：一是向“新”而行，依托本地硅砂资源，引进玉晶新能源光伏压延玻璃等数十亿级项目，构建涵盖矿产开采、玻璃制造、深加工及配套供应的完整产业链，应用自主知识产权工艺与智能化工厂技术，填补全省高端光伏玻璃空白，打造华北重要供应基地；二是向“优”而进，通过2×2400t/d智能化生产线建设，集成数字中枢与智能调度系统，实现全流程精益管理，在降低能耗与不良率的同时，助力“双碳”目标，提升产品国际竞争力；三是向“高”而攀，以“项目为王”，推行一线工作法和全生命周期服务，优化审批、能源、环评等营商环境，并实施“培大育强”与“专精特新”培育，强化链主引领与集群发展。（198字）
8月20日，中国华能集团与华为公司在深圳举行高层会谈。华能董事长温枢刚介绍了企业经营发展及科技创新进展，强调华能正贯彻落实国家关于能源强国和科技自立自强的战略部署，持续推进能源产业数字化、智能化转型，并希望双方在既有合作基础上，进一步拓展协同领域。华为CEO任正非指出，中国具备电力系统与电信网络两大独特基础优势，为人工智能发展提供了坚实支撑；双方可在AI技术攻关、算力资源优化及“算电协同”（即计算与电力系统深度融合）等前沿方向深化合作，联合开展技术攻关与场景落地，共同服务新能源高质量发展和新型电力系统建设。
固德威与深算院签署战略合作，引入樊文飞院士“机器学习+逻辑推理”多范式AI技术，依托崖山、采石矶、钓鱼城三大AI基础软件，赋能源网荷储智业务。共建“AI+智慧能源”联合创新中心，攻关电量预测、虚拟电厂等核心场景，加速“五张牌”升级为自学习智能生态，卡位算电协同新风口。
林洋能源与马来西亚沙捞越州国企SMD签署战略合作协议，共建“芯片研发+中国集成+东盟/OIC市场落地”跨境产业链，推动半导体与新能源装备深度融合，联合开发东南亚光储项目，加速绿色能源转型，标志中马绿色产业合作新里程碑。
天合储能荣膺“2026年度构网型储能系统卓越创新奖”，首创AIDC解决方案，以“源储构网+配荷高效”双轮驱动，支撑AI算力稳定绿电供应。青海、南澳、智利三大全球标杆项目验证其高海拔、孤网、弱网等极端场景技术实力，加速储能从新能源配套升级为算力基础设施。
8月11日，电规总院旗下能建时代研究院与科华数能签署战略合作协议，聚焦构网型储能、控保技术、数据中心及国际市场。双方将深度融合AI与能源技术，在算电协同、微网、绿电直联等领域共建标杆项目。科华数能连续三年中国储能PCS出货量第一，全球装机超53GW。
晶科能源发布“晴天365”AIDC光储解决方案，首创800V高压直流+储能架构，覆盖海外RTC全天候绿电与国内高可靠应急备电双模场景；搭载680W高效AIDC组件与蓝鲸长时储能系统，实现绿电自主供应、毫秒级应急响应及30年全周期智能运维，重塑AI数据中心能源底座。",full,,trafilatura_full_text,https://news.solarbe.com/202609/01/50028422.html,索比光伏-综合新闻,光伏,光伏综合新闻,2026-09-02T00:09:40+00:00,,,,,error,,glm-5.2,2026-08-14,"Z.AI HTTP 400: {""type"":""error"",""error"":{""type"":""invalid_request_error"",""code"":""1301"",""message"":""[1301][系统检测到输入或生成内容可能包含不安全或敏感内容，请您避免输入易产生敏感内容的提示语，感谢您的配合。][2026090208183925ce2233c2914fea]""},""request_id"":""2026090208183925ce2233c2914fea""}"
2026 年 8 月汽车销量 / 交付汇总（持续更新）：长安汽车 21.88 万辆,2026-09-01,"IT之家 9 月 1 日消息，各大车企今日起陆续交出了 2026 年 8 月份销量、交付量的成绩单，IT之家为大家实时更新和汇总如下。
比亚迪：440,293 辆，同比增长 17.84%，环比增长 5.03%（备注：纯电动乘用车销量 256230 辆，插电式混合动力乘用车销量 177154 辆；海外销售超 18 万辆，再创历史新高）。其中： - 王朝 | 海洋：375,373 辆，同比增长 10.61%，环比增长 7.19%。
- 方程豹：41,568 辆，同比增长 155.57%，环比增长 0.86%。
- 腾势：16,001 辆，同比增长 33.42%，环比下降 16.64%。
- 仰望：442 辆，同比增长 9.14%，环比下降 8.87%。
上汽集团：357,007 辆，同比下降 1.75%，环比增长 5.43%（备注：1-8 月累计销量达 274.10 万辆，同比微降 0.45%；8 月新能源汽车销量达 19.08 万辆，同比大幅增长 47.06%；8 月出口及海外基地产销量分别为 13.95 万辆和 13.92 万辆，同比分别激增 55.74% 和 57.67%。注：上汽通用五菱销量以上汽集团口径为 127122 辆，以五菱自身口径为 130870 辆；五菱红标 36726 辆，五菱银标 47139 辆，海外出口 38660 辆；大六座 SUV 华境 S 交付 7306 辆。）。其中： - 上汽通用五菱：127,122 辆，同比增长 1.51%，环比增长 17.37%。
- 上汽乘用车：104,219 辆，同比增长 39.62%，环比下降 2.42%。
- 上汽荣威 & MG：72,700 辆，同比增长 2.5%，环比下降 6.68%。
- 上汽大众：47,650 辆，同比下降 44.97%，环比增长 3.59%。
- 上汽通用：35,008 辆，同比下降 20.25%，环比增长 0.68%。
- 上汽大通：22,647 辆，同比增长 48.26%，环比增长 0.47%。
- 捷仕达名爵印度：7,488 辆，同比增长 15.99%，环比下降 7.76%。
- 智己汽车：6,163 辆，同比下降 6.18%，环比增长 4.46%。
- 上汽正大：2,802 辆，同比增长 95.94%，环比下降 8.94%。
- 上汽通用五菱印尼：1,821 辆，同比增长 5.87%，环比增长 7.88%。
现代汽车：288,574 辆，同比下降 14.2%（备注：韩国国内销量 34,333 辆，同比大幅下滑 41.1%，降至 11 年来的最低水平。）。
奇瑞集团：280,128 辆，同比增长 15.4%，环比增长 1.2%（备注：新能源 12 万辆，同比增长 69.8%，且连续 5 个月突破 10 万辆；集团 8 月出口 196,984 辆，同比增长 52.1%；集团历史累计出口汽车达 718 万辆，成为首个累计出口突破 700 万辆的中国车企）。其中： - 奇瑞：262,990 辆，同比增长 14.0%，环比增长 43.23%。
- 捷途：51,277 辆，同比下降 5.4%，环比增长 2.33%。
- iCAR：10,229 辆，同比增长 112.2%，环比增长 12.8%。
- 智界：8,561 辆，同比增长 404.2%，环比下降 20.06%。
- 星途：5,497 辆，同比下降 36.2%，环比下降 34.37%。
吉利汽车控股：270,194 辆，同比增长 8%，环比增长 8.01%（备注：吉利汽车包含吉利银河）。其中： - 吉利汽车：216,186 辆，同比增长 5.29%，环比增长 9.22%。
- 吉利银河：119,115 辆，同比增长 7.63%，环比增长 10.5%。
- 极氪：36,981 辆，同比增长 109.81%，环比增长 3.19%。
- 领克：17,027 辆，同比下降 37.44%，环比增长 3.94%。
长安汽车：218,800 辆，同比下降 6.46%，环比增长 5.65%（备注：深蓝汽车：全球累计销量突破 94.76 万辆；长安启源：AQ 系列同比增长 103.1%）。其中： - 长安汽车品牌：52,500 辆，环比增长 5.63%。
- 长安启源：45,885 辆，同比增长 22.88%，环比增长 15.17%。
- 深蓝汽车：28,659 辆，同比增长 135.22%，环比下降 1.9%。
- 长安凯程：18,400 辆，环比下降 6.12%。
- 阿维塔：8,082 辆，同比下降 23.5%，环比增长 5.98%。
上汽通用五菱：130,870 辆，同比下降 0.86%，环比增长 9.01%（备注：海外出口 38660 台 / 套，海外累计销量已超 160 万，华境 S 实现连续 4 个月交付增长）。其中： - 五菱银标：47,139 辆，同比下降 16.56%，环比增长 10.82%。
- 五菱红标：36,726 辆，同比下降 20.83%，环比增长 0.20%。
- 华境 S：7,306 辆，环比增长 1.43%。
长城汽车：113,396 辆，同比下降 1.87%，环比增长 4.93%（备注：1-8 月累计销售 805,358 辆，同比增长 1.98%。新能源车销售 40,700 辆，1-8 月累计销售 219,985 辆。海外销售 62,517 辆，1-8 月累计出口 415,958 辆。）。其中： - 哈弗：64,960 辆，同比下降 5.73%，环比增长 15.44%。
- 坦克：17,737 辆，同比下降 11.41%，环比增长 2.95%。
- 长城皮卡：12,288 辆，同比下降 7.76%，环比下降 23.23%。
- 欧拉：11,018 辆，同比增长 110.95%，环比增长 1.83%。
- WEY：7,367 辆，同比下降 8.23%，环比下降 4.63%。
零跑汽车：103,129 辆，同比增长 80.7%，环比增长 1.84%（备注：按近期可比终端上牌数量，零跑位列全球新能源乘用车品牌前四、中国新能源乘用车品牌前三）。
鸿蒙智行：42,101 辆，同比下降 5.56%，环比下降 6.54%（备注：年内累计交付同比增长 10.8%；全系累计交付已突破 152 万辆，刷新中国新势力品牌达成速度纪录）。其中： - 智界：8,561 辆，同比增长 404.2%，环比下降 20.06%。
- 智界 V9：8,312 辆。
小鹏汽车：39,107 辆，同比增长 3.71%，环比增长 2.84%。
理想汽车：37,679 辆，同比增长 32.07%，环比增长 23.67%（备注：马赫 VLA 将于 9 月推广至 Thor 和 Orin-X 平台的车辆）。
极氪：36,981 辆，同比增长 109.8%，环比增长 3.19%（备注：1-8 月，极氪共交付 25.1 万辆，同比增长 100.4%）。
广汽昊铂埃安 BU：36,383 辆，同比增长 34.53%，环比增长 3.99%。
蔚来：35,836 辆，同比增长 14.5%，环比下降 0.27%（备注：2026 年迄今交付 262,893 辆，同比增长 57.9%）。其中： - 蔚来：21,174 辆，同比增长 101.18%，环比增长 5.83%。
- 乐道：8,810 辆，同比下降 46.39%，环比下降 13.24%。
- 萤火虫：5,852 辆，同比增长 34.65%，环比增长 1.40%。
小米汽车：30,000 辆（备注：小米汽车交付量持续超过 30,000 辆）。
赛力斯：27,684 辆，同比下降 39.58%，环比增长 3.77%（备注：新能源汽车销量 24244 辆，同比下降 43.96%）。其中： - 赛力斯汽车：20,652 辆，同比下降 49.68%。
北汽新能源：18,712 辆，同比增长 67.78%，环比下降 25.37%（备注：包含享界、极狐品牌）。
东风本田：16,891 辆，环比增长 17.5%。其中： - CR-V：10,924 辆，环比增长 13.8%。
- HR-V：2,063 辆，环比增长 62.3%。
岚图汽车：13,003 辆，同比下降 3.72%，环比下降 1.41%（备注：2026 年 1-8 月累计交付 102456 辆，同比增长 25%）。
大众安徽：1,302 辆，同比增长 26%，环比下降 39.41%。",full,,trafilatura_full_text,https://www.ithome.com/0/996/723.htm,IT之家,综合媒体,科技新闻,2026-09-02T00:09:46+00:00,,,,,error,,glm-5.2,2026-08-14,"Z.AI HTTP 400: {""type"":""error"",""error"":{""type"":""invalid_request_error"",""code"":""1301"",""message"":""[1301][系统检测到输入或生成内容可能包含不安全或敏感内容，请您避免输入易产生敏感内容的提示语，感谢您的配合。][2026090208183925ce2233c2914fea]""},""request_id"":""2026090208183925ce2233c2914fea""}"
苹果新任 CEO 特努斯入驻微博、X 平台，首条博文向网友问好,2026-09-01,"IT之家 9 月 1 日消息，今天（1 日）晚间，刚刚正式就任苹果公司 CEO 的约翰 · 特努斯（John Ternus）入驻 X 平台和微博，并分别发布了首条博文“hello”和“你好 hello”。
同日傍晚，苹果官网更新了“领导层”页面，约翰 · 特努斯正式出任苹果首席执行官，同时担任苹果董事会成员。与此同时，蒂姆 · 库克正式卸任苹果 CEO 一职，转任董事会执行主席，继续负责与全球政策制定者沟通等事务。
根据苹果官网介绍，特努斯 2001 年加入苹果产品设计团队，2013 年晋升硬件工程副总裁，2021 年加入苹果高管团队担任硬件工程高级副总裁。
据IT之家了解，特努斯在苹果任职期间负责监督多款突破性产品硬件研发工作，在多个新产品线诞生过程中发挥重要作用，其中包括 iPad、AirPods，以及多款 iPhone、Mac 和 Apple Watch。
特努斯长期推动苹果产品往可靠性、耐用性发展。他引入多项创新技术，使苹果产品具备出色耐用性。
同时，特努斯推动了苹果在材料、硬件设计方面的大量创新，降低产品碳足迹。他曾研发全新再生铝合金材料，应用于多款产品。他在 Apple Watch Ultra 中采用 3D 打印钛金属，并提升产品可维修性，延长多款苹果产品的使用寿命。
加入苹果之前，特努斯曾在 Virtual Research Systems 专业显示器公司担任机械工程师，他拥有宾夕法尼亚大学机械工程学士学位。",full,,trafilatura_full_text,https://www.ithome.com/0/997/187.htm,IT之家,综合媒体,科技新闻,2026-09-02T00:09:48+00:00,,,,,error,,glm-5.2,2026-08-14,"Z.AI HTTP 400: {""type"":""error"",""error"":{""type"":""invalid_request_error"",""code"":""1301"",""message"":""[1301][系统检测到输入或生成内容可能包含不安全或敏感内容，请您避免输入易产生敏感内容的提示语，感谢您的配合。][2026090208183925ce2233c2914fea]""},""request_id"":""2026090208183925ce2233c2914fea""}"
马斯克：预计 AI 将令全球经济规模增加约 20%-30%,2026-09-01,"IT之家 9 月 1 日消息，马斯克今天（1 日）晚间在 G20 会议上发表演讲称，预计 AI 将使全球经济规模增加约 20%-30%，即每年增加约 20 万亿至 30 万亿美元（IT之家注：现汇率约合 134.72 万亿至 202.09 万亿元人民币）。
此外，马斯克预计到 2027 年底，AI 将能够完成所有数字领域的工作，即不需要人工直接操纵完成的工作。软件方面，AI 编程能力明年可能达到“Stockfish 级”，人类将无法与 AI 竞争软件开发；未来 12 至 18 个月内，AI 将在各类工程和其他数字领域的能力水平将会“极为出色”。
人形机器人方面，马斯克预计未来 10 年全球人形机器人数量将超过 10 亿台，每台机器人的生产力至少相当于人类的 5 倍，人形机器人总体则有望使全球经济规模扩大 10 倍以上。
马斯克同时警告 AI 行业正面临电力供应短缺，并直言这已经不是一个遥远的问题。他预计，2027 年 AI 芯片可能面临至少 15 吉瓦的电力缺口，原因是 AI 芯片产量增速约为 40%-50%，而中国以外的电力增速约为 10%-20%，增长速度较快的曲线将压倒较慢的曲线。对于“其他国家”而言，建设大量电力，托管 AI 数据中心，并对其征税、收取合理费用将是“机遇”。",full,,trafilatura_full_text,https://www.ithome.com/0/997/186.htm,IT之家,综合媒体,科技新闻,2026-09-02T00:09:49+00:00,,,,,error,,glm-5.2,2026-08-14,"Z.AI HTTP 400: {""type"":""error"",""error"":{""type"":""invalid_request_error"",""code"":""1301"",""message"":""[1301][系统检测到输入或生成内容可能包含不安全或敏感内容，请您避免输入易产生敏感内容的提示语，感谢您的配合。][2026090208183925ce2233c2914fea]""},""request_id"":""2026090208183925ce2233c2914fea""}"
高通跃龙 Q-2390、IQ-2390 处理器发布：面向消费级物联网等领域，预计 2027 年初面市,2026-09-01,"IT之家 9 月 1 日消息，高通公司今日宣布推出跃龙（Dragonwing）Q-2390 和 IQ-2390 处理器，面向消费级物联网、工业边缘计算等领域。
据介绍，这两款处理器均配备四核 Kryo CPU、Adreno704 GPU 以及实时 RISC-V MCU。支持 Linux、Android 和 Zephyr OS 操作系统，开发者可为其打造更多差异化产品。
IT之家附两款处理器简介如下：
Dragonwing Q-2390：为商业和消费级 IoT 带来智能体验
这款处理器面向边缘商业、消费类设备。将端侧 AI、摄像头和显示器支持、LTE Cat 4、GPS、有线 / 无线联网等功能集成在一个处理器之中。应用场景包括 POS 终端、门禁、智能家电、家用机器人、健身设备等。
Dragonwing IQ-2390：将智能计算深入工业边缘末端
IQ-2390 是 IQ2 系列工业边缘 AI 处理器家族的首款产品，重点面向工业自动化、油气、公用事业和能源领域。支持机器视觉、AI 加速、双千兆以太网等特性，可构建更加智能的人机界面（HMI）、可编程逻辑控制器（PLC）和工业网关等。工作温度覆盖-30℃ 至 +115℃，针对振动、冲击环境进行专门优化。
此外，这两款产品将在 IFA 2026 展会现场展示，高通已通过早期访问计划与客户展开合作，评估套件预计 2027 年初面市。",full,,trafilatura_full_text,https://www.ithome.com/0/997/185.htm,IT之家,综合媒体,科技新闻,2026-09-02T00:09:51+00:00,,,,,error,,glm-5.2,2026-08-14,"Z.AI HTTP 400: {""type"":""error"",""error"":{""type"":""invalid_request_error"",""code"":""1301"",""message"":""[1301][系统检测到输入或生成内容可能包含不安全或敏感内容，请您避免输入易产生敏感内容的提示语，感谢您的配合。][2026090208183925ce2233c2914fea]""},""request_id"":""2026090208183925ce2233c2914fea""}"
消息称 SpaceX 数据中心出现工程、稳定性问题，马斯克为此换掉多名建设团队高管,2026-09-01,"IT之家 9 月 1 日消息，据《The Information》援引多名知情人士消息称，埃隆 · 马斯克在最近数周内重新调整了 SpaceX 数据中心建设团队，并替换了多名负责相关业务的高管，部分岗位由火箭、卫星互联网业务的管理人员接手。
两名知情人士表示，团队重组与 SpaceXAI 现有数据中心面临的工程问题和稳定性问题有关。目前，SpaceXAI 位于田纳西州和密西西比州的数据中心持续出现可靠性方面的挑战。四名知情人士透露，在早期建设 AI 基础设施时，SpaceXAI 为了快速推进数据中心建设，部分设施运行数月后仍未配备备用冷却和供电系统，从而提高服务中断风险。
最新调整也让 SpaceX 扩大数据中心规模的时间表更加不确定。两名知情人士表示，过去几个月，SpaceXAI 已经多次推迟在田纳西州孟菲斯基地之外建设新数据中心的计划，其中包括得克萨斯州等地。
一名知情人士透露，加入 SpaceXAI AI 基础设施团队的 SpaceX 高管中，就包括曾负责猎鹰和龙飞船火箭生产的前副总裁韦斯利 · 萨兰德罗、SpaceX“星舰基地”发射场产品支持运营负责人洛根 · 麦康奈尔。
SpaceXAI 近期还从 Neuralink 引入了一名工程师，帮助处理土木工程事务。SpaceX 发布的招聘信息也显示，公司正在招聘多个土木工程岗位。
SpaceX 此前一直把快速建设数据中心的能力视为竞争优势之一，尤其是在 6 月进行首次公开募股之前。截至今年 6 月，SpaceX 旗下已有约 1.4GW 算力投运，预计年底前提升至超过 2GW。马斯克则透露，到 2027 年底，算力还会进一步大幅增加。
近几个月，SpaceX 陆续宣布与 Anthropic、谷歌等外部企业达成大型计算资源租赁协议。这些交易推动 SpaceX AI 业务收入在今年第二季度增至 26 亿美元（IT之家注：现汇率约合 175.14 亿元人民币），去年同期为 7.37 亿美元（现汇率约合 49.65 亿元人民币）。",full,,trafilatura_full_text,https://www.ithome.com/0/997/184.htm,IT之家,综合媒体,科技新闻,2026-09-02T00:09:53+00:00,,,,,error,,glm-5.2,2026-08-14,"Z.AI HTTP 400: {""type"":""error"",""error"":{""type"":""invalid_request_error"",""code"":""1301"",""message"":""[1301][系统检测到输入或生成内容可能包含不安全或敏感内容，请您避免输入易产生敏感内容的提示语，感谢您的配合。][2026090208183925ce2233c2914fea]""},""request_id"":""2026090208183925ce2233c2914fea""}"
驰为推出 NeoBook 笔记本：酷睿 3 100U 处理器，内存硬盘可升级,2026-09-01,"IT之家 9 月 1 日消息，驰为现已在海外市场推出 NeoBook 笔记本。从名字可以看出，这款产品将对标 MacBook Neo，售价 409 美元（IT之家注：现汇率约合 2,755 元人民币）/499 美元（现汇率约合 3,361 元人民币）。
据介绍，这款笔记本重约 1.2kg，厚度约 16.4mm，配备 14 英寸屏幕，分辨率为 1920*1200，刷新率 60Hz，峰值亮度 300nits。转轴最大支持 180 度开合，配备 720P 摄像头，带有实体隐私遮挡开关。
规格方面，这款笔记本搭载英特尔酷睿 3 100U 处理器，采用 Raptor Lake-U 架构，拥有六核心、八线程，最高睿频可达 4.7GHz。该产品拥有两个 SO-DIMM DDR4 内存插槽和两个 M.2 2280 SSD 插槽，官方提供 8GB+256GB、16GB+512GB 两种组合，支持自行升级。
同时，这款笔记本配备 53.38Wh 电池，支持 65W 充电，本地播放 1080P 视频续航为 7 小时。该机带有 USB Type-C、USB Type-A、HDMI、RJ-45 等接口，并支持插入 microSD 卡。
此外，该笔记本的 8+256GB 配置采用 SATA SSD，16+512GB 采用 PCIe Gen3 SSD。",full,,trafilatura_full_text,https://www.ithome.com/0/997/183.htm,IT之家,综合媒体,科技新闻,2026-09-02T00:09:54+00:00,,,,,error,,glm-5.2,2026-08-14,"Z.AI HTTP 400: {""type"":""error"",""error"":{""type"":""invalid_request_error"",""code"":""1301"",""message"":""[1301][系统检测到输入或生成内容可能包含不安全或敏感内容，请您避免输入易产生敏感内容的提示语，感谢您的配合。][2026090208183925ce2233c2914fea]""},""request_id"":""2026090208183925ce2233c2914fea""}"
微软优化 Win11 更新机制：整合多类更新，每月仅需一次重启,2026-09-01,"IT之家 9 月 1 日消息，微软已确认，Windows 11 今后将把驱动程序更新、.NET 更新和固件更新与每月安全更新打包在一起，这样电脑每月只需重启一次，而不再因为不同类型的更新频繁重启。
据 Windows Latest 此前发现，这项调整适用于 Windows 11 24H2、25H2 和 26H1 版本，已从 2026 年 7 月 28 日及之后发布的更新开始推出，目前正随着 8 月 14 日的“补丁星期二”更新逐步向用户推送。
对于长期使用 Windows 的用户来说，这项改变确实解决了一个长期存在的痛点。多年来，Windows 用户经常会遇到这样的情况：周二为了驱动程序更新重启一次，周四又因为 .NET 更新重启一次，下周安装安全补丁时还要再重启一次。随着 Windows Update 支持的更新类型越来越多，这种频繁重启逐渐成为 Windows 用户习以为常的体验。
按照新的机制，那些需要重启电脑才能完成安装的更新，会先在后台等待，直到通常在每月第二个星期二发布的月度安全更新准备安装时，再与其一并部署。
届时，Windows 会将这些更新统一安装，并只安排一次重启。理想情况下，系统会避开用户的活跃时间，以尽量减少对正常工作的影响。
IT之家注意到，微软在一份支持文档中表示：“从 2026 年 7 月 28 日及之后发布的 Windows 更新开始，Windows 将这些更新整合在一起，因此用户每月只需重启一次。Windows 不再随着每项更新的到来和安装分别要求重启，而是保留那些需要重启的更新，并在安装月度安全更新时一并完成。这样可以带来更可预测的更新体验，并减少中断。”
此次微软主要将三类更新纳入统一的月度更新机制，包括驱动程序更新、.NET 更新以及固件更新。
微软强调，每月安全更新仍将按照原有的正常时间表发布，因此将其他更新与安全更新打包，并不会导致安全补丁延迟。
当然，并非所有更新都会等待月度更新周期。一些需要及时安装的更新仍会立即推送，例如 Microsoft Defender 安全智能更新、AI 组件更新、关键或加急驱动程序更新，以及紧急或带外修复更新。这些更新会优先安装，以确保电脑及时获得必要的安全保护。
此外，许多 Windows 更新本身并不需要重启，因此大多数情况下，用户甚至不会察觉这些更新已经完成。
如果用户暂时不希望安装更新，Windows 仍允许通过“设置 > Windows 更新”暂停更新，最长可暂停 35 天。暂停期限结束后，用户还可以再次暂停。
不过，微软也提醒，这项新的更新机制目前仍在逐步推出，而且系统不会无限期地保留等待合并安装的更新。如果一台电脑长期没有完成更新，Windows 最终仍会安装这些更新并要求重启，以确保设备保持必要的安全保护。",full,,trafilatura_full_text,https://www.ithome.com/0/997/180.htm,IT之家,综合媒体,科技新闻,2026-09-02T00:09:56+00:00,,,,,error,,glm-5.2,2026-08-14,"Z.AI HTTP 400: {""type"":""error"",""error"":{""type"":""invalid_request_error"",""code"":""1301"",""message"":""[1301][系统检测到输入或生成内容可能包含不安全或敏感内容，请您避免输入易产生敏感内容的提示语，感谢您的配合。][2026090208183925ce2233c2914fea]""},""request_id"":""2026090208183925ce2233c2914fea""}"
消息称奥之心 PEN 复古无反相机搭载 20MP 堆栈式 CMOS，预计为 OM-3、OM-1 II 同款,2026-09-01,"9 月 1 日消息，据消息源 43 Rumors 今日爆料，奥之心 PEN 复古无反相机将搭载 2000 万像素堆栈式 CMOS 传感器，
预计为 OM-3、OM-1 II 同款
消息源表示，这款传感器本身的底子放到现在依然不错。如果新款 PEN 能够在图像处理、自动对焦等方面带来改进，并且定价合理，那么成为畅销产品就没什么问题。
结合IT之家此前援引该消息源爆料
，奥之心 PEN 的外观与奥林巴斯 E-P7 非常相似。其机身带有类似 E-P7 的创意模式拨盘，提供黑白 / 彩色模式切换选项。新机将配备一体式电子取景器，售价暂不明确。
奥之心官宣 9 月 9 日发布新品，有望为 PEN 系列相机",full,,dom_or_structured_full_text,https://www.ithome.com/0/997/175.htm,IT之家,综合媒体,科技新闻,2026-09-02T00:09:57+00:00,,,,,error,,glm-5.2,2026-08-14,"Z.AI HTTP 400: {""type"":""error"",""error"":{""type"":""invalid_request_error"",""code"":""1301"",""message"":""[1301][系统检测到输入或生成内容可能包含不安全或敏感内容，请您避免输入易产生敏感内容的提示语，感谢您的配合。][2026090208183925ce2233c2914fea]""},""request_id"":""2026090208183925ce2233c2914fea""}"
百度 CFO 何海建：AI 业务有望很快带来与搜索业务相当的利润和现金回报,2026-09-01,"感谢IT之家网友
9 月 1 日消息，据彭博社今天（1 日）报道，百度首席财务官何海建表示，公司在 AI 领域的大规模投入
很快带来与搜索业务相当的利润和现金回报
，也将证明百度从互联网企业向 AI 公司的转型方向正确。
目前，百度 AI 相关收入已经覆盖
云计算、应用等多个业务领域
，占公司总收入的一半以上。何海建预计，这一增长趋势仍会持续。随着云服务和 AI 芯片需求增长，AI 业务的利润率近期有望达到搜索业务水平。同时，用于支持 AI 服务的新 GPU 集群投资预计将在两到三年内收回成本，与阿里巴巴此前的判断类似。
何海建对未来增长充满信心。“我们的云业务收入将在未来几个季度保持良好增长，至少快于行业平均水平，而资本开支也会低于市场预期。所以，我们正在采用一种更聪明的方式，
用更少的投入实现更高增长
何海建还认为，互联网企业过去通常按照市盈率被投资者视为价值股，但百度正在向深科技企业转型，因此投资者应该分别评估旗下芯片、自动驾驶等业务的价值。“在当前中国科技企业中，百度是
唯一一家拥有完整 AI 能力栈
的公司，覆盖芯片、云基础设施、现实世界应用、自动驾驶、AI 智能体以及自主研发基础模型。百度上市已有 21 年，许多投资者仍然把我们视为一家传统价值股公司。”
据IT之家今天早些时候报道，百度完成了港交所与纳斯达克双重主要上市。根据公告，百度于香港联交所上市的普通股，及于纳斯达克全球精选市场上市的美国存托股，将持续可予转换。
百度完成港交所与纳斯达克双重主要上市",full,,dom_or_structured_full_text,https://www.ithome.com/0/997/173.htm,IT之家,综合媒体,科技新闻,2026-09-02T00:09:59+00:00,,,,,error,,glm-5.2,2026-08-14,"Z.AI HTTP 400: {""type"":""error"",""error"":{""type"":""invalid_request_error"",""code"":""1301"",""message"":""[1301][系统检测到输入或生成内容可能包含不安全或敏感内容，请您避免输入易产生敏感内容的提示语，感谢您的配合。][2026090208183925ce2233c2914fea]""},""request_id"":""2026090208183925ce2233c2914fea""}"
日产全新入门级纯电汽车“Wave”首曝，预计明年登场,2026-09-01,"IT之家 9 月 1 日消息，据汽车媒体 electrek 今天报道，日产正在研发一款尺寸更小、价格更加亲民的纯电汽车。该车命名预计为“Wave”。
据报道，日产已在此前停止开发纯电版逍客。新开发的 Wave 将在欧洲与零跑 T03、比亚迪海鸥等车型展开竞争。
该车的测试车近期已经上路，虽然现阶段测试车型仍覆盖着伪装衣，但根据谍照可以看到它采用类似 Micra 的前脸、灯组。
规格方面，该车预计基于 AmpR Small 平台打造，搭载 27.5kWh 磷酸铁锂电池，采用单电机，最大功率约 60kW，WLTP 续航约为 263km。
此外，这款汽车预计将于 2027 年上半年登场，起售价预计低于 2 万欧元（IT之家注：现汇率约合 15.6 万元人民币）。",full,,trafilatura_full_text,https://www.ithome.com/0/997/172.htm,IT之家,综合媒体,科技新闻,2026-09-02T00:10:01+00:00,,,,,error,,glm-5.2,2026-08-14,"Z.AI HTTP 400: {""type"":""error"",""error"":{""type"":""invalid_request_error"",""code"":""1301"",""message"":""[1301][系统检测到输入或生成内容可能包含不安全或敏感内容，请您避免输入易产生敏感内容的提示语，感谢您的配合。][2026090208183925ce2233c2914fea]""},""request_id"":""2026090208183925ce2233c2914fea""}"
游戏制作人神谷英树吐槽《生化危机：安魂曲》太恐怖，建议加入非恐怖模式,2026-09-01,"IT之家 9 月 1 日消息，知名游戏制作人神谷英树今日接受外媒 VGC 采访，他认为卡普空应该在未来的《生化危机》游戏中加入降低恐怖程度的选项。
IT之家注：神谷英树曾于 20 世纪 90 年代加入卡普空，以企划身份参加开发《生化危机 1》，并以监督一职出现在《生化危机 2》游戏中，之后制作了《鬼泣》《红侠乔依》等游戏。
神谷英树目前在 Clovers 工作室担任首席游戏设计师，他此前多次表达过自己不喜欢恐怖游戏，甚至还设想过“治愈系”《生化危机》衍生作品：里昂退休后每天遛狗、钓鱼..........
他在采访中透露，虽然自己非常想体验今年的《生化危机：安魂曲》，尤其想看看里昂重返浣熊市的故事，但最终还是没能通关。
他说道：“关于我前几天发的那条推文，我想特别说明一下，我一直都不是恐怖作品爱好者。从小时候开始，我就完全无法适应这类内容。我不喜欢恐怖，也不喜欢吓人的东西。我连恐怖电影都看不下去，至今也是如此。”
“但如今游戏画面越来越真实、细节越来越丰富，人们能够在荧幕上呈现得疯狂、恐怖已经前所未有。我觉得卡普空《生化危机》开发团队的所有人恐怕已经麻木了，意识不到自己做出的东西究竟有多恐怖。”
神谷英树曾建议《生化危机》游戏加入“非恐怖模式”，他现在透露：“这不是开玩笑。我百分百希望，他们能做出我这样完全无法应付恐怖游戏的人，也能享受的作品。比如今年的《生化危机：安魂曲》就实在太恐怖了，我玩不下去。”
“所以我真希望游戏能加入某种非恐怖模式，不是假的。我私下跟《生化危机》团队聊过，跟他们说‘你们的游戏实在太恐怖了’，他们总是说‘拜托？哪有什么恐怖’。”",full,,trafilatura_full_text,https://www.ithome.com/0/997/171.htm,IT之家,综合媒体,科技新闻,2026-09-02T00:10:02+00:00,,,,,error,,glm-5.2,2026-08-14,"Z.AI HTTP 400: {""type"":""error"",""error"":{""type"":""invalid_request_error"",""code"":""1301"",""message"":""[1301][系统检测到输入或生成内容可能包含不安全或敏感内容，请您避免输入易产生敏感内容的提示语，感谢您的配合。][2026090208183925ce2233c2914fea]""},""request_id"":""2026090208183925ce2233c2914fea""}"
安全人员 Nightmare Eclipse 公开卡巴斯基及 Avast 防病毒软件提权零日漏洞,2026-09-01,"IT之家 9 月 1 日消息，屡次与微软交锋的安全研究人员 Nightmare Eclipse（Chaotic Eclipse），在 8 月上旬公开 Microsoft Defender 零日漏洞 ShieldBreak 后，近期又将研究目标转向其他厂商的安全软件。
据安全新闻网站 SecurityWeek 报道，Nightmare Eclipse 上周公布了卡巴斯基企业版终端安全产品 Kaspersky Endpoint Security 中存在的一项提权零日漏洞概念验证（PoC），相应漏洞可允许黑客获得系统的完整权限。
对此，卡巴斯基向 SecurityWeek 表示，相关问题已经得到修复，补丁已通过自动更新推送，用户也可以手动更新病毒库来获取修复。
本周，Nightmare Eclipse 将目标转向 Gen Digital 旗下的 Avast 防病毒软件，同样披露了一项提权零日漏洞，其概念验证代码可以利用 Avast 的沙箱组件，在本地获取 SAM 数据库信息，并进一步创建具有 SYSTEM 级权限的 Shell。
值得注意的是，该研究人员是在安装最新更新的 Windows 11 25H2 以及 Avast Antivirus 环境中完成测试，实际上 Gen Digital 旗下的 AVG、Norton 等其他安全产品也可能受到影响。
参考IT之家先前报道，Nightmare Eclipse 此前已经公开多个针对微软产品的漏洞，目前最为人所知的是 ShieldBreak 漏洞。该漏洞在 8 月微软发布例行安全更新后不久公开，微软随后确认正在调查相关问题。",full,,trafilatura_full_text,https://www.ithome.com/0/997/169.htm,IT之家,综合媒体,科技新闻,2026-09-02T00:10:04+00:00,,,,,error,,glm-5.2,2026-08-14,"Z.AI HTTP 400: {""type"":""error"",""error"":{""type"":""invalid_request_error"",""code"":""1301"",""message"":""[1301][系统检测到输入或生成内容可能包含不安全或敏感内容，请您避免输入易产生敏感内容的提示语，感谢您的配合。][2026090208183925ce2233c2914fea]""},""request_id"":""2026090208183925ce2233c2914fea""}"
Sonos 一口气推出两款全新硬件：Beam Ultra 回音壁、Ace Ultra 头戴式耳机,2026-09-01,"IT之家 9 月 1 日消息，Sonos 今天（1 日）一口气发布了 Sonos Beam Ultra 回音壁、Sonos Ace Ultra 头戴式耳机，以及全新音频操作系统 Sonos 27 三款软硬件新品。
这也是 Sonos 自 2024 年以来规模最大的一次集中发布。2024 年，Sonos 新版应用上线后激怒大量用户，公司随后陷入漫长的补救阶段。
Sonos 27 的重点放在 AI 上。Sonos 自主开发了 Sonos 27voice 语音助手，可以控制音乐播放和 Sonos 系统，今年秋季将以抢先体验形式开放，由用户自行选择是否启用。另一项新功能 Sonos 27mcp 则支持接入 ChatGPT、谷歌 Gemini 等现有 AI 模型，9 月 8 日开放抢先体验。
Sonos 27 未来还支持最多创建 10 个自定义 AI 智能体，用户还能自由选择背后的 AI 模型，为每个智能体设置不同的声音和角色。Sonos 产品开发高级总监布兰登 · 霍利举例说，用户可以让一个阴郁的侦探播报晨间新闻，也可以让励志教练在起床时低声送上鼓励。不过，自定义智能体要到 2027 年才会提供。
Sonos 27 还配有一个虚拟音量旋钮，用户可以像操作实体音响一样，用两根手指转动。新的导航、房间排序和虚拟音量旋钮将从 9 月 8 日起陆续推出，虚拟旋钮届时暂时只有 iOS 版本。
除了软件，Sonos 还带来了两款传闻已久的新硬件：Ace Ultra 头戴式耳机和 Beam Ultra 回音壁。
Ace Ultra 实现了“真正融入 Sonos 生态系统”，采用 Sonos Headphone Engine 2 平台，支持将于 9 月 29 日同步推出的“耳机联动”功能。用户按下耳机上的按键，就能直接在 Sonos 音箱和耳机之间切换声音，即使手机不在身边也不受影响。
Ace Ultra 整体造型与初代 Ace 非常接近，内部换上新设计的 40mm 定制单元，配有 10 个降噪的麦克风。该产品将重点改善“真正重要的频率”，Ace Ultra 的主动降噪效果在相同频段最高可达到 Ace 的两倍。
例如在 65Hz 左右的暖通空调低频噪声下，降噪效果提高至 2.2 倍；面对约 120Hz 的飞机低频轰鸣，则提高至 1.8 倍。
自适应均衡器会根据实际佩戴状态调整声音，补偿眼镜、首饰或头发造成的密封不严。用户还可以通过 3 段或 8 段均衡器自行调音。Ace Ultra 支持 SBC、AAC 和 aptX Adaptive Lossless，通过 USB-C 连接时则支持 16-bit/48kHz 高解析度音频。
开启主动降噪后，Ace Ultra 最长可以使用 35 小时；充电 3 分钟，就能增加 3 小时的聆听时间。配色除了黑色和白色，还新增龙舌兰蓝和沙米色。
Sonos Ace Ultra 将于 9 月 29 日发售，售价 449 美元（IT之家注：现汇率约合 3,025 元人民币）。
Beam Ultra 则进行了彻底重新设计，从上一代的 5.0 声道升级到 7.1.2 声道，并新增 2 个向上发声单元，用于呈现杜比全景声空间音效。中央声道的中高音单元采用新的波导、机械结构和声学设计，同时加入数字信号处理，提供 4 档 AI 语音增强，以改善对白清晰度。
Beam Ultra 依旧主打紧凑机身。为了容纳新增的扬声器，长度比 Beam Gen 2 增加不到 10.2 厘米，提供黑色和白色哑光版本，将于 9 月 29 日上市，售价 699 美元（现汇率约合 4,709 元人民币）。",full,,trafilatura_full_text,https://www.ithome.com/0/997/168.htm,IT之家,综合媒体,科技新闻,2026-09-02T00:10:06+00:00,,,,,error,,glm-5.2,2026-08-14,"Z.AI HTTP 400: {""type"":""error"",""error"":{""type"":""invalid_request_error"",""code"":""1301"",""message"":""[1301][系统检测到输入或生成内容可能包含不安全或敏感内容，请您避免输入易产生敏感内容的提示语，感谢您的配合。][2026090208183925ce2233c2914fea]""},""request_id"":""2026090208183925ce2233c2914fea""}"
消息称三星已锁定约 70% 存储芯片产能至 2031 年，HBM 长协价仅为现货五分之一,2026-09-01,"感谢IT之家网友
9 月 1 日消息，随着人工智能基础设施建设持续推动高带宽内存（HBM）需求增长，据韩国媒体最新报道，三星已经通过长期供应协议（LTA）锁定了约 70% 的内存产能。
这些长期协议能够让三星客户获得远低于现货市场的价格。据报道，HBM 现货价格最高可达到长期协议价格的 5 倍。
SEDaily 报道称，HBM 需求持续飙升，已经导致 DRAM 市场供应趋紧。
HBM 可以理解为将多层 DRAM 芯片进行堆叠封装而成的高性能内存。随着内存厂商开始向 HBM4 过渡，DRAM 市场面临的供应压力也进一步加大。
报道称，与此前的 HBM 产品相比，新一代 HBM4 单个模块使用的 DRAM 堆叠层数更多，因此会占用更多 DRAM 产能，并进一步减少可用于其他用途的 DRAM 供应量。
受此影响，韩国两大存储芯片厂商三星和 SK 海力士已经开始考虑进一步扩大内存产能。
具体来看，三星正在考虑将其位于平泽园区的 S5 晶圆厂改造为内存制造工厂；而 SK 海力士则有意与一家日本企业合作，共同建设一家合资工厂。
更值得关注的是，该报道称，三星已经将高达 70% 的内存产能预留给长期供应协议，以满足最远持续至 2031 年的内存芯片供应合同。
长期供应协议（LTA）是近年来存储芯片市场出现的一种新模式。分析人士认为，这类协议能够让厂商提前锁定需求，提高市场需求的可预测性，从而在一定程度上削弱存储芯片行业传统的周期性波动。
据报道，微软、英伟达和谷歌均是三星长期供应协议的客户。
此外，长期协议价格与现货价格之间存在明显差距。
报道称，一颗 36GB HBM3E 模组目前的现货价格约为 287 万韩元
（IT之家注：现汇率约合 14,031 元人民币）
，而长期供应协议中，同类产品的价格仅为 50 万至 70 万韩元
（现汇率约合 2,445 至 3,422 元人民币）
对于采用 16 层 DRAM 堆叠的 HBM4 产品，价格还会进一步上涨，单个模组的价格约为 480 万韩元
（现汇率约合 23,467 元人民币）",full,,dom_or_structured_full_text,https://www.ithome.com/0/997/167.htm,IT之家,综合媒体,科技新闻,2026-09-02T00:10:07+00:00,,,,,error,,glm-5.2,2026-08-14,"Z.AI HTTP 400: {""type"":""error"",""error"":{""type"":""invalid_request_error"",""code"":""1301"",""message"":""[1301][系统检测到输入或生成内容可能包含不安全或敏感内容，请您避免输入易产生敏感内容的提示语，感谢您的配合。][2026090208183925ce2233c2914fea]""},""request_id"":""2026090208183925ce2233c2914fea""}"
英伟达 DLSS 5 发布：支持 RTX 50 系显卡，首发支持《NBA 2K27》游戏,2026-09-01,"感谢IT之家网友
9 月 1 日消息，英伟达官方今天发布 DLSS 5 技术，
首发支持游戏有《NBA 2K27》
支持所有 RTX 50 系显卡的笔记本和台式电脑
，以及 GeForce NOW 云游戏平台。
据悉，《NBA 2K27》由 Visual Concepts 开发、2K 发行，本作利用 DLSS 5 全面改善全明星后卫凯德 · 坎宁安（Cade Cunningham）的皮肤次表面散射效果，并提高颈部和球衣领口附近的接触阴影精度，头发表现更加细致，进一步增强角色真实感。
同时，DLSS 5 还将提升控球后卫泰瑞斯 · 哈利伯顿（Tyrese Haliburton）的面部色调、鼻子下巴接触阴影，还可在护臂袖口褶皱呈现更清晰的阴影细节。场边观众和工作人员同样应用自然皮肤次表面散射及清晰接触阴影，使人物模型画面质量得到大幅提升。
当玩家使用 RTX 5090 显卡时，本作在 4K 分辨率、Ultra 画质、开启光追下，最高帧率可达 370FPS。
在 2K 分辨率下，本作帧率表现如下：
GeForce RTX 5090：最高 590 FPS
GeForce RTX 5080：最高 410 FPS
GeForce RTX 5070 Ti：最高 350 FPS
GeForce RTX 5070：最高 260 FPS
使用 1080P 分辨率时，GeForce RTX 50 系的绝大多数用户都可以在 Ultra 画质、开启光线追踪和 DLSS 5 的情况下体验《NBA 2K27》。
若想在《NBA 2K27》中体验 DLSS 5，用户需安装最新版本的 GeForce Game Ready 驱动程序。
该驱动将于近日上线
用户可通过 NVIDIA 官网或 NVIDIA App 下载
。英伟达确认，未来几个月将有更多游戏支持 DLSS 5。",full,,dom_or_structured_full_text,https://www.ithome.com/0/997/166.htm,IT之家,综合媒体,科技新闻,2026-09-02T00:10:09+00:00,,,,,error,,glm-5.2,2026-08-14,"Z.AI HTTP 400: {""type"":""error"",""error"":{""type"":""invalid_request_error"",""code"":""1301"",""message"":""[1301][系统检测到输入或生成内容可能包含不安全或敏感内容，请您避免输入易产生敏感内容的提示语，感谢您的配合。][2026090208183925ce2233c2914fea]""},""request_id"":""2026090208183925ce2233c2914fea""}"
小米海外推出 POCO F9 Ultra 手机：为 REDMI K100 Pro Max“套娃机”、换用 8050mAh 电池,2026-09-01,"IT之家 9 月 1 日消息，小米现已在海外市场推出 POCO F9 Ultra 手机，该机本质上就是 REDMI K100 Pro Max 的“套娃机”，其中 12GB RAM +256GB 存储空间版本 149,800 日元（IT之家注：现汇率约合 6,311 元人民币），16GB RAM+512GB 存储空间版本 169,800 日元（现汇率约合 7,154 元人民币）。
该机提供深樱桃红和黑色两种配色，匹配一块 6.9 英寸 1200x2608 分辨率 OLED 面板，提供 32Mp 自拍摄像头；手机背面采用 200Mp+50Mp+50Mp 组合，配备 2.1 声道 Bose 扬声器，匹配立体悬浮灯环。
该机搭载高通骁龙 8 Elite Gen 5 芯片，相对于 REDMI K100 Pro Max 最大的不同是电池容量调整为 8050mAh，号称“中度使用可以提供 2 天续航”、“经过 1600 次充放电循环，电池容量仍能保持在 80%”。
IT之家随附小米 REDMI K100 Pro Max 规格供参考：",full,,trafilatura_full_text,https://www.ithome.com/0/997/165.htm,IT之家,综合媒体,科技新闻,2026-09-02T00:10:11+00:00,,,,,error,,glm-5.2,2026-08-14,"Z.AI HTTP 400: {""type"":""error"",""error"":{""type"":""invalid_request_error"",""code"":""1301"",""message"":""[1301][系统检测到输入或生成内容可能包含不安全或敏感内容，请您避免输入易产生敏感内容的提示语，感谢您的配合。][2026090208183925ce2233c2914fea]""},""request_id"":""2026090208183925ce2233c2914fea""}"
《GTA 5》麦克演员内德 · 卢克谈《GTA 6》：角色动作更像真人了,2026-09-01,"IT之家 9 月 1 日消息，据外媒 NotebookCheck 今天（1 日）晚间报道，《GTA 5》三主角之一麦克 · 迪圣塔的演员内德 · 卢克也对 Rockstar Games 最新公布的《GTA 6》实机预告发表了看法，他对新作的画面和动画表现给予了很高评价。
卢克观看完《GTA 6》实机预告后，通过 YouTube 明确反驳了《GTA 6》和《GTA 5》看起来差别不大的说法。他尤其注意到新作的行人动画，认为 R 星在这一方面已明显超过前作。
在卢克看来，《GTA 6》人物的眼神、身体动作和走路步态都更加接近真人。相比 13 年前推出的《GTA 5》，新作不再那么依赖僵硬、近乎固定的行走循环，行人和 NPC 的动作自然了许多。
目前，卢克没有出现在《GTA 6》的演职人员名单中，也没有消息证实他会在游戏里登场。按照现有信息，他没有参与新作制作，因此这番评价本质上仍是以玩家身份进行的技术分析。
IT之家从报道获悉，《GTA 5》在 2013 年发售时，人物动作主要依靠多组动作捕捉循环进行混合，再辅以能力较为有限的逆向运动学。后者可以计算人物移动时手脚实际应该落在哪里，而不是完全照着预先录制好的固定动作播放。以 13 年后的技术水平重新审视，《GTA 5》的人物动作难免显得不够自然，也带有一定机械感。
卢克表示：“看看人物是怎么移动的，他们走路就是真正的人类步态。我们当时的走路动作和站姿多少还有一点机械感。就我自己来说，我总觉得双腿从来没有完全伸直，总是稍微弯着一点。技术已经突飞猛进了，你知道吗？你觉得它为什么会比那些游戏更好？这可不是在贬低它们。就像《GTA 5》和《GTA 4》的差别一样，我们当时的画面完全超过了《GTA 4》，两者根本没法比。”
不少看过《GTA 6》实机预告的玩家认为，杰森和露西亚参与的枪战与追逐场面仍有明显的《GTA 5》影子，还有人认为新作画面甚至不及 R 星在 2018 年推出的《荒野大镖客：救赎 2》。
卢克并不认同这些评价，他指着游戏中的杰森 · 杜瓦说：“跟《GTA 5》看起来完全不一样啊，我看他们肯定疯了。抱歉，各位，你们说错了。这里的画面超过了《荒野大镖客》。有一点我可以告诉你们，我当年可从来没这么好看。”",full,,trafilatura_full_text,https://www.ithome.com/0/997/164.htm,IT之家,综合媒体,科技新闻,2026-09-02T00:10:12+00:00,,,,,error,,glm-5.2,2026-08-14,"Z.AI HTTP 400: {""type"":""error"",""error"":{""type"":""invalid_request_error"",""code"":""1301"",""message"":""[1301][系统检测到输入或生成内容可能包含不安全或敏感内容，请您避免输入易产生敏感内容的提示语，感谢您的配合。][2026090208183925ce2233c2914fea]""},""request_id"":""2026090208183925ce2233c2914fea""}"
小米 POCO X8 手机海外发布：8340mAh 大电池，骁龙 6s Gen 4 芯片,2026-09-01,"IT之家 9 月 1 日消息，小米今天在海外市场推出 POCO X8 手机。新机定位中低端市场，采用高通骁龙 6s Gen 4 移动平台，配备 8340mAh 大电池。
据介绍，POCO X8 的机身厚度是 8.6mm，重量 223g，提供银色、橙色、黑色等配色，正面配备一块 6.83 英寸 AMOLED 屏幕，分辨率为 2772*1280，支持 120Hz 高刷，HDR 峰值亮度可达 3500nits，表面覆盖康宁大猩猩 Victus 2 玻璃。
规格方面，这款手机搭载高通骁龙 6s Gen 4 芯片，采用 6GB/8GB/12GB LPDDR4X 内存 +UFS 3.1（256GB）/UFS 2.2（128GB）存储。该机拥有 8340mAh 大电池，支持 67W 有线快充。
同时，这款手机带有 5000 万像素后置主摄，支持光学防抖，并配备 200 万像素辅助镜头，前摄则是 1600 万像素。该机还带有 Wi-Fi 6、蓝牙 5.1、双 SIM、NFC 和屏下指纹等配置，支持 IP68 和 IP69K 防尘防水，运行澎湃 HyperOS 3 系统，带有水下模式，方便用户在水下拍摄照片或视频。
此外，这款手机将在欧洲等市场上市，8GB+256GB 版本首发售价为 319 欧元（IT之家注：现汇率约合 2,492 元人民币），12GB+256GB 版本首发价为 359 欧元（现汇率约合 2,805 元人民币）。",full,,trafilatura_full_text,https://www.ithome.com/0/997/163.htm,IT之家,综合媒体,科技新闻,2026-09-02T00:10:14+00:00,,,,,error,,glm-5.2,2026-08-14,"Z.AI HTTP 400: {""type"":""error"",""error"":{""type"":""invalid_request_error"",""code"":""1301"",""message"":""[1301][系统检测到输入或生成内容可能包含不安全或敏感内容，请您避免输入易产生敏感内容的提示语，感谢您的配合。][2026090208183925ce2233c2914fea]""},""request_id"":""2026090208183925ce2233c2914fea""}"
Steam 新一周游戏销量榜公布：《星球大战：零号连队》登顶全球榜,2026-09-01,"IT之家 9 月 1 日消息，Steam 平台现已公布了最新一周游戏销量排行榜（2026 年 8 月 25 日 - 2026 年 9 月 1 日，无免费游戏），上期全球榜首《渔力全开》降至第 3 名，《星球大战：零号连队》升至榜首，《渔力全开》继续领跑国区榜单。
- 《星球大战：零号连队》
- 《渔力全开》
- 《NBA 2K27》
- 《红色沙漠：增强版》
- 《黎明杀机》
- 《EA SPORTS FC 27》
- 《WARDOGS》
- 《荒野大镖客 2》
- 《极限竞速：地平线 6》
- 《艾尔登法环》
- 《渔力全开》
- 《NBA 2K27》
- 《极限竞速：地平线 5》
- 《影之刃零》
- 《极限竞速：地平线 6》
- 《荒野大镖客 2》
- 《鬼武者 Way of the Sword》
- 《红色沙漠：增强版》
- 《Grand Theft Auto V 增强版》
- 《EA SPORTS FC™ 27》",full,,trafilatura_full_text,https://www.ithome.com/0/997/162.htm,IT之家,综合媒体,科技新闻,2026-09-02T00:10:16+00:00,,,,,error,,glm-5.2,2026-08-14,"Z.AI HTTP 400: {""type"":""error"",""error"":{""type"":""invalid_request_error"",""code"":""1301"",""message"":""[1301][系统检测到输入或生成内容可能包含不安全或敏感内容，请您避免输入易产生敏感内容的提示语，感谢您的配合。][2026090208183925ce2233c2914fea]""},""request_id"":""2026090208183925ce2233c2914fea""}"
运动相机鼻祖 GoPro 宣布与光电技术公司 Starman 达成合并协议,2026-09-01,"9 月 1 日消息，运动相机鼻祖 GoPro 今天（1 日）宣布，与一家非上市的光电技术公司 Starman 达成最终合并协议。按照交易方案，GoPro 股东将获得总计 2.85 亿美元
（IT之家注：现汇率约合 19.2 亿元人民币）
现金，相当于每股 1.14 美元
（现汇率约合 7.7 元人民币）
，最终金额可能根据交割时 GoPro 的净营运资本调整。
交易完成后，原 GoPro 股东还将持有合并后公司约 10% 的股份。GoPro 现有约 9,200 万美元
（现汇率约合 6.2 亿元人民币）
债务将在交割时全部偿清，
使合并后的公司基本摆脱债务负担
根据新闻稿，GoPro 过去 24 年积累了大量影像和光学技术资产，持有先进光学技术、具有市场影响力的影像技术，以及超过 2500 项美国专利。双方希望借此次合并
重组 GoPro 的资本结构、改善财务状况、增加增长投资
，并把面向战略市场的产品制造迁回美国，从而进一步释放 GoPro 知识产权的价值，扩大消费、商业和国防业务的发展空间。
合并完成后，GoPro 仍将
保持上市公司身份
，现有消费类产品、订阅服务和云平台也会继续获得全面支持。公司还将加大投资，扩充更加多元化的产品阵容。Starman 在美国生产的光收发器预计也会进入 GoPro 产品线，帮助公司切入快速增长的 AI 基础设施光收发器市场。
合并后的公司还计划把现有知识产权以及光学、影像技术能力拓展至国防、政府、机器人和航空航天领域，进一步承接市场对美国本土制造解决方案的需求。
GoPro 和 Starman 的董事会均已批准这项交易。合并预计在 2026 年底前完成，仍需取得监管机构批准并满足其他惯常交割条件，其中包括获得 GoPro 股东同意。
运动相机鼻祖 GoPro 2026Q2 营收同比下降 31%，公司出售评估已进入“最后阶段”
现金储备近乎腰斩、贷款面临违约风险，GoPro 发出持续经营风险警告
运动相机鼻祖 GoPro 考虑出售或合并，今年将全球裁员 23%",full,,dom_or_structured_full_text,https://www.ithome.com/0/997/161.htm,IT之家,综合媒体,科技新闻,2026-09-02T00:10:17+00:00,,,,,error,,glm-5.2,2026-08-14,"Z.AI HTTP 400: {""type"":""error"",""error"":{""type"":""invalid_request_error"",""code"":""1301"",""message"":""[1301][系统检测到输入或生成内容可能包含不安全或敏感内容，请您避免输入易产生敏感内容的提示语，感谢您的配合。][2026090208183925ce2233c2914fea]""},""request_id"":""2026090208183925ce2233c2914fea""}"
深圳能源与中船集团签署战略合作协议,2026-09-01,"李英峰对中船集团近年来取得的发展成果表示祝贺，并介绍了深圳能源“十五五”发展规划。他说，中船集团装备制造底蕴深厚、科研实力强劲，近年来各项工作取得一系列新进展新成绩。双方合作根基深厚、成果丰硕，立足“十五五”发展周期，希望以本次战略签约为契机，持续深化双向协同，聚焦新兴产业赛道探索多元创新合作模式，推动双方合作提质升级、走深走实。
徐鹏对深圳能源长期以来给予的支持表示感谢，并介绍了各业务板块情况。他说，深圳能源聚焦低碳电力、生态环保、综合燃气三大主营业务，同步推进数字化转型与海外业务布局，产业场景丰富、发展动能强劲，为双方创新协同、项目落地提供了广阔空间。双方在“十五五”发展理念、战略方向高度契合，期待健全常态化沟通对接机制，全力推动战略合作协议各项内容落地落细、见行见效，携手开创互惠共赢的全新发展局面。
未来，双方将以此次战略合作协议签署为契机，充分发挥各自产业优势与资源禀赋，在科研创新与转化、新能源项目协同开发、环保与燃气相关产业、船舶业务、购售电业务、海外业务等重点领域开展深度合作，构建多层次、宽领域的战略合作伙伴关系。",full,,dom_or_structured_full_text,https://www.china5e.com/news/news-1208583-1.html,中国能源网,综合新能源,能源经济,2026-09-02T00:12:03+00:00,,,,,error,,glm-5.2,2026-08-14,"Z.AI HTTP 400: {""type"":""error"",""error"":{""type"":""invalid_request_error"",""code"":""1301"",""message"":""[1301][系统检测到输入或生成内容可能包含不安全或敏感内容，请您避免输入易产生敏感内容的提示语，感谢您的配合。][2026090208183925ce2233c2914fea]""},""request_id"":""2026090208183925ce2233c2914fea""}"
铸造“钢筋铁骨”，服务百年基业—2026中国球墨铸铁管十大品牌,2026-09-01,"球墨铸铁管产业是技术密集型产业,其发展水平反映了一个国家的铸造工业基础。作为榜单的领跑者,中国企业已发展成为全球产能最大的球墨铸铁管制造集群,产品涵盖全系列,广泛应用于供水、排水、水利及工业领域,技术标准和产品质量达到国际先进水平。部分企业凭借百年铸管经验和先进技术,在高端市场享有盛誉,尤其擅长为复杂地质条件下的重大工程提供定制化解决方案。同时,行业正积极向智能化、绿色化制造转型,数字化工厂显著提升了产品质量的一致性和生产效率。
球墨铸铁管因其卓越的力学性能和长达百年的设计使用寿命,是保障城市生命线工程“百年大计”的基础性材料。本届榜单的发布,为关系国计民生的重大水利工程、长距离输水工程及城市主干管网建设提供了可靠的供应商选择依据,有助于从材料源头保障工程的质量与寿命,是“质量强国”战略在管道行业的具体体现。
2026中国球墨铸铁管十大品牌
1、新兴铸管  新兴铸管股份有限公司
新兴铸管股份有限公司前身为1971年军工工程指挥部,1997年深交所上市,隶属央企新兴际华集团。历经数十年发展,生产基地布局全国及一带一路沿线,产品销往全球120余个国家,坐拥六大核心竞争优势,信用评级长期AAA级。
公司科创实力雄厚,拥有专利1800余项,斩获中国专利金奖,作为球墨铸铁管国标主起草单位,主持参与30项各级标准制定,主导多项国际标准,跻身该领域国际标准制定核心圈层,获评行业企业标准领跑者。企业斩获国家知识产权示范企业、全国五一劳动奖状、环保先进企业等多项重磅荣誉,综合实力稳居全球铸管行业第一梯队。
2、穆松桥  圣戈班管道系统有限公司
穆松桥,源于世界500强法国圣戈班集团旗下管道业务,160多年来,一直是输配水管道系统的技术领先者,致力于为客户提供高品质的系统化管网整体解决方案,包括管道、管件、阀门等。迄今为止,穆松桥已经为全球100个首都提供给排水管道,超50000个项目应用案例。自1997年进入中国以来,穆松桥秉持绿色可持续发展理念,加快工艺更新,加大新技术、新材料应用,在不断提高产品质量的同时,实现绿色生产、低碳生产。
截至目前,穆松桥中国拥有安徽马鞍山及山东日照两大生产基地,均通过ISO国际管理体系认证,产品质量均符合相关国家标准和国际标准。同时,穆松桥中国为客户提供系统化的技术服务方案,从项目设计到现场安装指导,实现管道产品全生命周期管理。
3、国铭铸管  国铭铸管股份有限公司
国铭铸管股份有限公司是济钢集团控股高新技术企业,由原济钢铸管搬迁新设,坐落于山东临沂兰陵县,2018年全面投产。企业拥有山东省制造业单项冠军、山东省工程研究中心、省级企业技术中心等多项资质,可生产DN80‑2600毫米共26种规格离心球墨铸铁管,同时配套矿产、管件、胶圈等相关产品,采用亚洲先进工艺与七大智能管控系统,实现全流程数字化生产。
公司坚持低碳绿色发展理念,配套七大环保设施,落实超低排放,打造花园式工厂。产品国内市场全覆盖,并远销欧洲、美洲、中东、非洲等海外地区,广泛用于城镇供水、石油、化工、电力等领域,每年有六千多公里铸管产品投入全球工程。凭借过硬品质收获海内外客户认可,产品市场供不应求,是区域新旧动能转换标杆企业。
4、永通铸管  安钢集团永通球墨铸铁管有限责任公司
安钢集团永通球墨铸铁管有限责任公司是安钢控股子公司,前身始于1957年,坐落于河南安阳,历经数十年发展,铸管年产能94万吨,为河南省规模最大的球墨铸铁管生产基地,也是国内行业标杆企业。公司为中国铸造协会铸管分会副理事长单位,建有国家级实验室、省级企业技术中心与智能铸造车间,拥有62项有效专利,获评绿色铸造企业、AAA级信用企业等多项荣誉,“永通铸管”为国内知名管材品牌。
企业严格遵循国际标准生产,可制造DN80‑DN2600全规格铸管及顶管、热力管等特种管材,产品耐腐蚀、韧性优异,斩获冶金金杯奖,是市政水务重点推广产品。公司搭建完善的物流与售后体系,市场覆盖全国,产品出口四十余个国家和地区,海内外口碑良好,行业影响力突出。
5、大通  山西大通铸业有限公司
山西大通铸业有限公司成立于2012年,位于山西省泽州县,是一家集冶炼、铸造于一体的股份制民营企业,注册资金6亿元,年产值约7亿元。
公司专注于球墨铸铁管的研发与制造,年产能达50万吨,产品规格覆盖DN80-DN2600mm,广泛应用于供水、输气、电力等重大工程,并出口至多个国家和地区。公司采用“高炉—电炉”短流程工艺,配备先进的离心铸造、退火炉等生产线,实现了能源高效利用与生产成本优化。
公司高度重视技术创新与质量管控,设有省级企业技术中心和博士工作站,拥有40项专利,并参与多项国家及行业标准制定。通过ISO体系、BV、WRAS等权威认证,产品严格执行国际标准。公司已获评国家级专精特新“小巨人”企业、高新技术企业、中国铸造行业排头兵企业等荣誉。
大通铸业以“品质铸造未来”为理念,致力于成为全球领先的球墨铸铁管制造服务商,为国内外客户提供高性价比的产品与解决方案。
6、钜兴铸管  河北钜兴智能装备制造有限公司
河北钜兴智能装备制造有限公司2017年落户河北武安,项目总投资60.5亿元,规划占地960亩,分三期建设,达产后年产铸件117万吨,可吸纳员工3800余人,其中高职称研发人员80余名,具备坚实的技术研发实力。企业立足民族产业振兴,整合黑色金属铸造先进工艺,融入数字化、智能化改造,打造现代化大型铸造产业基地,坚持技术、管理与商业模式多维创新,持续夯实核心竞争力。
公司产品应用覆盖海洋工程、船舶、水利电力、轨道交通、矿山机械、新能源汽车、核工业等高端领域。企业深耕产品研发,与国内多家科研院所开展深度产学研合作,主动对接国际权威机构完善资质认证,以高标准保障产品质量,助力高端装备制造国产化升级。
7、圣士达  山西圣士达铸业有限公司
山西圣士达铸业有限公司位于山西省晋城市陵川县礼杨新型工业园区,成立于2019年3月,注册资本5亿元。公司总投资3.8亿元,占地约6万㎡,拥有450m³炼铁高炉1座,年产51万吨球墨铸铁管,产品规格覆盖DN80-DN2600,被工信部认定为全国铸造用生铁企业之一。
公司采用高炉铁水连续铸造短流程工艺,实现冶铸一体,大幅节能降耗,2020年取得环评批复并试生产。项目解决就业数千人,带动相关产业增收,经济和社会效益显著。企业秉承“用户至上、效益导向”等核心价值观,致力于高端化、智能化发展,远期目标建成百万吨级球墨铸管生产基地,打造具有国际竞争力的现代化一流企业。
8、台明  福建台明铸管科技股份有限公司
福建台明铸管科技股份有限公司2014年成立,2022年改制为混合所有制企业,由福建省国资委实际控制。公司集研发设计生产于一体,年产球墨铸铁管、顶管及配件55万吨,是国内少数可生产国标全规格球墨铸铁管的企业,拥有DN2600mm明挖管与顶管双重项目业绩,同时牵头起草两项非开挖球墨顶管行业团体标准。企业为福建省闽台技术合作重点企业、省级专精特新中小企业。
公司可生产DN80‑DN2600mm冷热模各类铸管,适配多种接口,掌握水泥、环氧陶瓷等多类内外防腐工艺,产品适配酸碱工况,广泛用于城镇供水输气工程。产品在国内广泛应用,同时远销欧亚美洲多国。企业凭借完备产品体系与标准制定能力,持续为海内外水务工程项目提供优质管材解决方案。
9、晋钢洛凯威  山西晋钢铸业有限公司
山西晋钢铸业有限公司是晋钢控股集团旗下子公司,2020年成立,坐落于晋钢智造科技产业园,总投资6亿元,占地300亩,年产球墨铸铁管56万吨。企业配备专业研发实验室与智能化生产设备,建成数字工厂,实现铸管全生命周期精细化管控,可生产DN80‑DN2600全规格球墨铸铁管、管件及胶圈,产品对标国内外标准,广泛应用于城市给排水、消防、热力管网、水利调水等市政水务工程。
公司立足国内市场,产品远销沙特、阿联酋、南非、东南亚等多个国家和地区,彰显中国铸造制造实力。未来企业将持续推进智能制造、产品升级与绿色低碳转型,强化核心竞争优势,着力打造“晋钢洛凯威”行业知名品牌,赋能地方经济高质量发展。
10、翊通铸业  湖北翊通铸业有限公司
湖北翊通铸业有限公司坐落于大冶灵乡镇灵成工业园,毗邻咸黄高速,交通便捷,为当地招商引资股份制企业,属湖北省重点项目。公司占地1000多亩,固定资产投入10亿元,现有员工800余人,规划用工1000人。企业配备35吨冲天炉、国家级认可实验室,引进进口光谱分析检测设备,生产自动化程度高。采用国际先进连铸工艺,年产50万吨DN100‑DN2600mm离心球墨铸铁管,产品经喷锌、内衬水泥等处理,多用于给排水工程,远销海内外,年销售额20余亿元,利税8000多万元。
公司已通过ISO9001、ISO14001、GBT28001多项体系认证。秉持“诚恳做人、踏实做事、诚信天下”的理念,致力打造高起点、高标准、高质量现代化铸造企业,助力国内铸造行业发展。",full,,dom_or_structured_full_text,https://www.china5e.com/news/news-1208614-1.html,中国能源网,综合新能源,能源经济,2026-09-02T00:12:05+00:00,,,,,error,,glm-5.2,2026-08-14,"Z.AI HTTP 400: {""type"":""error"",""error"":{""type"":""invalid_request_error"",""code"":""1301"",""message"":""[1301][系统检测到输入或生成内容可能包含不安全或敏感内容，请您避免输入易产生敏感内容的提示语，感谢您的配合。][2026090208183925ce2233c2914fea]""},""request_id"":""2026090208183925ce2233c2914fea""}"
使命引领，铸就基石——“十大领军品牌”彰显产业中坚力量,2026-09-01,"“十五五”时期,我国正全面推进城市更新与韧性城市建设,工程管道作为“城市生命线”的核心组成,其安全性与可靠性至关重要。本次活动甄选出的“十大领军品牌”,正是在国家重大工程项目中发挥中流砥柱作用的企业。它们在油气输送、结构用钢、水利市政、能源化工等关键领域提供了不可或缺的支撑,以卓越的产品质量和强大的保供能力,奠定了国家重点工程建设顺利推进的坚实基础。
这些领军品牌不仅是市场的胜出者,更是行业责任的担当者。它们积极响应国家“双碳”战略,推动绿色制造;它们加大研发投入,致力于智能管网系统的解决方案。它们的实践表明,中国工程管道行业正从规模扩张向质量效益转变,从单一产品制造向系统服务转型。此次榜单的发布,为重大工程的采购方提供了一份可靠的参考依据,将有效引导市场资源向优势企业集中,对于保障国家重大工程的材料本质安全、推动全产业链高质量发展具有深远意义。
1、友发  天津友发钢管集团股份有限公司
友发集团旗下“友发”系列钢管产品曾斩获冶金产品实物质量“金杯奖”,企业先后获评“鲁班奖工程功勋供应商”、3A级信用企业、用户满意企业、工信部制造业单项冠军示范企业,同时担任中国金属流通协会焊管分会首任会长单位。多家下属企业入选GB/T 3091‑2015镀锌管首批合规认证名录。
集团坚持创新驱动,截至2025年底,拥有授权专利318项,其中发明专利68项,参与制修订各类标准54项,牵头制定的GB/T 3091‑2025《低压流体输送用焊接钢管》国家标准正式发布实施。
企业恪守“共赢互利信为本,同心并进德为先”核心价值观,践行“让员工幸福成长、促行业健康发展”使命,向着“由千万吨迈向千亿元,做全球管业第一雄狮”目标奋进,致力打造受人尊敬的幸福企业。
2、新兴铸管  新兴铸管股份有限公司
新兴铸管股份有限公司前身为1971年军工工程指挥部,1997年深交所上市,隶属央企新兴际华集团。历经数十年发展,生产基地布局全国及一带一路沿线,产品销往全球120余个国家,坐拥六大核心竞争优势,信用评级长期AAA级。
公司科创实力雄厚,拥有专利1800余项,斩获中国专利金奖,作为球墨铸铁管国标主起草单位,主持参与30项各级标准制定,主导多项国际标准,跻身该领域国际标准制定核心圈层,获评行业企业标准领跑者。企业斩获国家知识产权示范企业、全国五一劳动奖状、环保先进企业等多项重磅荣誉,综合实力稳居全球铸管行业第一梯队。
3、华菱  衡阳华菱钢管有限公司
衡阳华菱钢管有限公司(简称衡钢)始建于1958年,是一家在全球具有较大影响力的专业化无缝钢管生产企业,现有在岗员工3000余人,总资产约200余亿元。获得国家企业技术中心认定,获评国家绿色工厂、国家高新技术企业、国家新型工业化产业示范基地、国家级制造业单项冠军企业、钢铁绿色发展优秀企业、湖南省出口十强企业、湖南省十大平安示范单位、湖南省两型创建示范企业。先后荣获中国工业大奖表彰奖、国家科技进步二等奖、中国优秀钢铁企业品牌、中国卓越钢铁企业品牌。
衡钢具有炼铁、炼钢、轧管、钢管深加工全流程、全配套钢管生产工艺,有1座高炉,3条圆管坯生产线,7条国际先进的钢管生产线以及23条钢管深加工生产线。现能生产直径48-845mm、壁厚3.0-130mm各类规格无缝钢管,并能生产边长100-550mm、壁厚3.5-120mm方矩形管。打造了油气用管、压力容器用管、机械加工用管三大拳头产品系列和具有自主知识产权的HS产品系列,在钢管高端领域大量实现国产化。油气用管广泛应用于全球各类地质环境的陆地、海洋油气田;压力容器用管广泛应用于全球各火电、超临界、超超临界机组和核电行业;机械用管广泛应用于全球各类机械制造企业和工程建筑业。高压锅炉管、海洋工程用管等5项产品被中钢协认定为“金杯优质产品”。衡钢产品销往全球石油、石化、锅炉、发电、机械、煤炭、化工、核电、建筑等行业中的知名企业,出口100多个国家和地区。
4、大无缝  天津钢管制造有限公司
天津钢管制造有限公司(大无缝/TPCO),是国家“八五”重点工程,现为中信泰富特钢集团旗下企业,全球无缝钢管领域领军企业。公司获评国家级制造业单项冠军、创新型企业、国家绿色工厂、全国文明单位等诸多称号,斩获国家科技进步特等奖、冶金产品实物质量金杯奖等重磅奖项。
企业建有国家认定企业技术中心,拥有自主核心技术,牵头参与多项标准制修订。配备PQF连轧管机组等国际先进全流程装备,年无缝钢管产能350万吨。主营油井管、锅炉管、军工专用管等多类产品,高附加值特种管材性能达国际先进水平。产品广泛用于油气、海洋工程、军工、高端装备等领域,国内高端油井管市场占有率领先,远销全球100多个国家和地区。
5、久立  浙江久立特材科技股份有限公司
浙江久立特材科技股份有限公司(股票代码002318),为久立集团控股子公司,1987年创立于浙江湖州,地处长三角太湖南岸,是专注工业不锈钢及特种合金管材、棒线材、复合管材、管配件研发制造的上市企业。公司拥有国家技术创新示范企业、CNAS认可实验室、院士工作站等研发平台,配置国际先进的无缝管、焊接管生产线,工业用不锈钢管获评国家级制造业单项冠军。
企业产品广泛服务于油气、核电、化工、船舶、新能源、电力等行业。作为中石油、中石化、中海油、国家能源集团、三大电气设备企业等大型央企的主力供应商,产品供应国内众多大中型工业企业。依托过硬产品品质与配套服务,立足国内市场,为全球工业装备领域持续输出高性能特种管道材料,助力产业链高质量发展。
6、包钢股份  内蒙古包钢钢联股份有限公司钢管分公司
内蒙古包钢钢联股份有限公司钢管分公司(简称包钢钢管)始建于1971年,是我国重要的无缝钢管生产基地之一。公司集研发、生产、销售、运输、服务为一体,具备年产200万吨热轧无缝钢管和25万吨石油成品油套管的强大产能。产品规格覆盖直径25mm至1020mm,壁厚2.9mm至60mm的各类无缝钢管。
依托包钢独有的稀土资源,公司成功开发了具有竞争优势的稀土钢无缝钢管系列产品,主要包括油井管、管线管、锅炉管、结构管等。产品广泛应用于石油、化工、电力、机械、建筑及军工等国民经济关键领域,长期供应中石油、中石化、中海油等主要客户,并成功应用于鸟巢、奥体中心、首都机场等多个国家级重点工程。公司产品还远销至泰国、德国、俄罗斯、沙特等全球30多个国家和地区,在国内外市场均享有良好声誉。
7、公元  公元股份有限公司
公元塑业集团创建于1983年,业务覆盖塑料管道、光伏新能源、家居卫浴、智能装备等板块。旗下核心上市主体公元股份(002641),为塑料管道行业协会重要牵头单位,布局九大生产基地,产销量、出口量多年位居国内行业前列。公司产品覆盖八大应用领域、八大材料系列,七千余种管材管件,“ERA公元”品牌完成上百个国家地区商标注册与国际认证,销售网点遍布海内外,产品广泛应用于港珠澳大桥、大兴机场、雄安新区等国家级重点工程。
企业为国家高新技术企业,拥有CNAS国家级实验室、博士后工作站等高端创新平台。截至2026年集团累计授权专利870余项,主持参与百余项国家及行业标准制修订。作为中国民营企业500强、全国文明单位,企业坚守“成为幸福生活创享者”愿景,践行“让流动更无忧、让世界更美好”的品牌使命,持续引领国内塑料管道行业向前发展。
8、国铭铸管  国铭铸管股份有限公司
国铭铸管股份有限公司是济钢集团控股高新技术企业,由原济钢铸管搬迁新设,坐落于山东临沂兰陵县,2018年全面投产。企业拥有山东省制造业单项冠军、山东省工程研究中心、省级企业技术中心等多项资质,可生产DN80‑2600毫米共26种规格离心球墨铸铁管,同时配套矿产、管件、胶圈等相关产品,采用亚洲先进工艺与七大智能管控系统,实现全流程数字化生产。
公司坚持低碳绿色发展理念,配套七大环保设施,落实超低排放,打造花园式工厂。产品国内市场全覆盖,并远销欧洲、美洲、中东、非洲等海外地区,广泛用于城镇供水、石油、化工、电力等领域,每年有六千多公里铸管产品投入全球工程。凭借过硬品质收获海内外客户认可,产品市场供不应求,是区域新旧动能转换标杆企业。
9、中财  浙江中财管道科技股份有限公司
浙江中财管道科技股份有限公司是中财集团化学建材核心企业,1995年创立于浙江绍兴新昌,注册资金2亿元,厂区占地800多亩,员工1400余人。企业配置近千条生产线与7000余套产品模具,行业综合实力稳居前三,主营PE、PPR、PVC塑料管道,构建起10大管道系统、80余个系列、上万种规格产品,覆盖建筑、市政、家装、燃气、农林灌溉等多元应用场景,是国内规模领先的塑料管道生产企业。
公司为国家高新技术企业,担任全国标委会核心委员、管道专委会副理事长单位,主持参与70余项国家及行业标准制定,手握1200余项专利,拥有CNAS认可实验室、省级研发中心等平台,斩获绿色建材、家装管道知名品牌等多项荣誉。企业连续19年获评AAA级资信,市场占有率稳步提升,品牌口碑与行业影响力持续增强。
10、圣士达  山西圣士达铸业有限公司
山西圣士达铸业有限公司位于山西省晋城市陵川县礼杨新型工业园区,成立于2019年3月,注册资本5亿元。公司总投资3.8亿元,占地约6万㎡,拥有450m³炼铁高炉1座,年产51万吨球墨铸铁管,产品规格覆盖DN80-DN2600,被工信部认定为全国铸造用生铁企业之一。
公司采用高炉铁水连续铸造短流程工艺,实现冶铸一体,大幅节能降耗,2020年取得环评批复并试生产。项目解决就业数千人,带动相关产业增收,经济和社会效益显著。企业秉承“用户至上、效益导向”等核心价值观,致力于高端化、智能化发展,远期目标建成百万吨级球墨铸管生产基地,打造具有国际竞争力的现代化一流企业。",full,,dom_or_structured_full_text,https://www.china5e.com/news/news-1208615-1.html,中国能源网,综合新能源,能源经济,2026-09-02T00:12:07+00:00,,,,,error,,glm-5.2,2026-08-14,"Z.AI HTTP 400: {""type"":""error"",""error"":{""type"":""invalid_request_error"",""code"":""1301"",""message"":""[1301][系统检测到输入或生成内容可能包含不安全或敏感内容，请您避免输入易产生敏感内容的提示语，感谢您的配合。][2026090208183925ce2233c2914fea]""},""request_id"":""2026090208183925ce2233c2914fea""}"
上海能源(600508)：煤炭业务量价齐增 中期分红回馈股东,2026-09-01,"事件：公司发布2026 年半年报，2026H1 公司实现营业收入44.50 亿元，同比+27.21%;实现归母净利润2.83 亿元，同比+38.02%;实现扣非后归母净利润2.68亿元，同比+34.28%。单Q2 来看，公司实现营业收入25.01 亿元，环比+28.31%;实现归母净利润2.10 亿元，环比+183.20%;实现扣非后归母净利润1.90 亿元，环比+146.20%。
煤炭业务量价齐增盈利改善，新能源布局推进电力业务体量增加。(1)煤炭业务：
产销方面，2026H1 原煤产量434.4 万吨，同比+13.1%，洗精煤产量238.8 万吨，同比+15.5%，商品煤产量302.6 万吨，同比+6.6%，洗精煤产量占商品煤产量比重为78.9%，较去年同期增加6.0 个pct，商品煤销量304.5 万吨，同比+16.0%;2026Q2 公司原煤产量201.6 万吨，环比-13.4%，洗精煤产量122.9 万吨，环比+6.0%，商品煤产量135.6 万吨，环比-18.8%，洗精煤产量占商品煤产量比重为90.6%，环比增加21.2 个pct，商品煤销量151.7 万吨，环比-0.8%。价格方面，2026H1商品煤吨煤售价856.1 元/吨，同比+13.8%;2026Q2商品煤吨煤售价1002.4元/吨，环比+41.0%。成本方面，2026H1 商品煤吨煤成本为618.0 元/吨，同比+4.8%;2026Q2 商品煤吨煤成本709.4 元/吨，环比+34.5%。盈利方面，2026H1商品煤吨煤毛利为238.1 元/吨，同比+46.5%;2026Q2 吨煤毛利为293.0 元/吨，环比+59.6%。(2)电力业务：电量方面，2026H1 发电量/售电量22.5 亿度/23.3亿度，同比+41.1%/+37.3%;盈利方面，2026H1 公司电力毛利率为9.3%，同比-5.1pct。
坚持稳健分红政策，新能源建设及煤电一体化持续推进。分红政策稳健：公司推出2026 年度中期分红方案，每10 股派发现金红利0.85 元(含税)，分红比例30.34%，公司将实现2024 年度中期、2025 年度中期、2026 年度中期连续三年中期分红。报告期末，母公司剩余可供分配利润约68 亿元，为公司持续分红及长远发展提供充足利润储备。新能源布局成效显著：公司转型发展取得了积极成效，截止上半年末，光伏发电装机容量1006.9MW，同比增长明显，新能源二期204MW 光伏项目于2026年2 月开工建设，计划总投资6.42 亿元，2026 年上半年完成投资1.24 亿元。煤电一体化持续推进：煤炭业务方面，目前公司在产产能909 万吨，同时240 万吨苇子沟煤矿及选煤厂项目建设正在有序推进，预计2027 年底首采工作面投产，煤电一　　体化的协同优势有望得到充分发挥。
投资建议：坚持稳健分红政策，投资者回报稳定性、持续性显著增强。转型布局与新兴产业优势提速，煤电耦合能力进一步提升，有效提升企业盈利水平与经营抗风险能力。我们预计公司2026-2028 年归母净利润分别为6.75/7.80/10.32 亿元，同比+206.2%/+15.6%/+32.2%;对应EPS 为0.67/0.77/1.02 元，2026 年8 月28日股价对应PE 为18.2/15.7/11.9 倍，首次覆盖，给予“买入”评级。
风险提示：经济恢复不及预期，煤价下跌超预期，电价大幅下跌，新增产能进度不及预期。",full,,dom_or_structured_full_text,https://www.china5e.com/news/news-1208554-1.html,中国能源网,综合新能源,能源经济,2026-09-02T00:12:09+00:00,,,,,error,,glm-5.2,2026-08-14,"Z.AI HTTP 400: {""type"":""error"",""error"":{""type"":""invalid_request_error"",""code"":""1301"",""message"":""[1301][系统检测到输入或生成内容可能包含不安全或敏感内容，请您避免输入易产生敏感内容的提示语，感谢您的配合。][2026090208183925ce2233c2914fea]""},""request_id"":""2026090208183925ce2233c2914fea""}"
七部门联合发文：20项具体措施推动商品消费扩容升级,2026-09-01,"8月31日，商务部等7部门发布《关于推动商品消费扩容升级的实施意见》，提出20项具体措施，推动“十五五”时期，商品消费规模稳步扩大。
在促进大宗耐用商品消费方面，《实施意见》从破除汽车流通消费领域不合理限制性措施、规范二手车流通、完善废旧家电回收、布局充电基础设施等全链条发力，疏通整个流通循环的堵点，支撑大宗商品消费更新换代的长效运行。
在提升生活日用商品消费方面，政策围绕食品、饮料、纺织服装这些生活日用品，引导推动农产品(6.230, 0.00, 0.00%)产销对接、提升茶饮品质、丰富文体产品供给等，更好满足百姓多元化需求。
同时，新政策还针对“一老一小”的专属需求，推动银发产品、婴童产品提质扩容;在推动老字号做精做强方面，提出打造国货“潮品”，为商品消费赋予文化内涵;聚焦开放特色，促进外贸优品、国际精品消费，满足消费者高品质生活需求。
此外，在培育壮大升级类商品消费方面，政策提出要积极培育绿色消费、智能消费、健康消费等十万亿级市场，推广新能源汽车、节能家电，打造人工智能消费应用场景，发展健康消费产品。
此次新政策还在建立产品认证制度、完善消费品标准体系等方面，出台了多项具体措施，让老百姓消费更有保障。
在“一老一小”消费方面，《实施意见》提出，要探索建立银发产品认证制度。鼓励具备条件的企业建立儿童玩具、运动器材等产品回收和二手交易渠道，为相关产品循环利用提供安全可靠保障。
同时，政策还提出要完善消费品标准体系。包括加快智能网联汽车、智能家电家居、数码产品、人工智能终端等产品标准应用。加快制定智能家居互联互通标准，完善智能终端基础通信协议与数据接口国家标准。缩短重点标准制修订周期，建立快速响应机制，提前布局潮玩衍生品等相关标准研制工作。实施重点消费品产业质量强链行动，强化质量支撑和标准引领。开展消费品标准实施监测和实施效果评估。加强内外贸产品标准认证衔接。",full,,dom_or_structured_full_text,https://www.china5e.com/news/news-1208553-1.html,中国能源网,综合新能源,能源经济,2026-09-02T00:12:11+00:00,,,,,error,,glm-5.2,2026-08-14,"Z.AI HTTP 400: {""type"":""error"",""error"":{""type"":""invalid_request_error"",""code"":""1301"",""message"":""[1301][系统检测到输入或生成内容可能包含不安全或敏感内容，请您避免输入易产生敏感内容的提示语，感谢您的配合。][2026090208183925ce2233c2914fea]""},""request_id"":""2026090208183925ce2233c2914fea""}"
为何出台这份重磅意见，商务部最新解读,2026-09-01,"商品消费是促消费、惠民生的重要领域，在建设强大国内市场、发展新质生产力、满足人民美好生活需要等方面发挥重要引领和支撑作用。
日前，商务部会同国家发展改革委、工业和信息化部、财政部、农业农村部、文化和旅游部、市场监管总局等部门印发了《关于推动商品消费扩容升级的实施意见》。针对这份意见的出台背景、主要内容和下一步工作安排，商务部消费促进司负责人作出解读。
推动商品消费持续扩容升级
上述负责人介绍，近年来，各级商务主管部门认真贯彻落实党中央、国务院决策部署，积极会同相关部门，深入实施提振消费专项行动，扎实推进消费品以旧换新，不断擦亮“购在中国”品牌，着力稳定和扩大商品消费，取得积极成效。2025年，我国社会消费品零售总额突破50万亿元，乘用车零售量达2374.4万辆，限额以上单位家电、通讯器材零售额均突破1万亿元，超大规模市场优势持续显现。
“十五五”规划纲要明确提出，要推动商品消费扩容升级，强化品牌引领、标准升级、新技术应用，稳定大宗消费，促进消费品更新换代，满足多层次消费品需求。为进一步贯彻落实党中央、国务院决策部署，明确“十五五”时期促进商品消费的工作思路和具体举措，推动商品消费规模稳步扩大、结构优化升级，商务部会同相关部门对商品消费情况进行分类研究，召开专家和企业座谈会，赴多地开展实地调研，研究起草并印发了这份实施意见。
全方位解锁商品消费新体验
上述负责人表示，实施意见明确了“十五五”时期促进商品消费的指导思想、基本原则和总体目标。到2030年，社会消费品零售总额要达到60万亿元左右，培育形成绿色消费、智能消费、健康消费等十万亿级市场，推动相关领域消费持续发展壮大;汽车、家电、通讯器材、纺织服装等万亿级品类零售额持续增长，市场规模保持全球领先地位。
意见提出促进商品消费的4方面重点任务。一是促进大宗耐用商品消费，深入推进汽车流通消费改革试点，全链条扩大汽车消费;加快智能家居应用推广。二是稳步提升生活日用商品消费，促进食品、饮料、纺织服装、文体娱乐用品等消费品质提升。三是支持特色商品消费，聚焦“一老一小”，支持银发、婴童产品消费;促进国货潮品、外贸优品、国际精品等消费。四是培育壮大升级类商品消费，顺应消费升级需求，促进绿色、智能、健康等产品消费。
让消费更安心、更便捷
上述负责人明确，实施意见提出了健全城乡消费载体、完善消费品标准体系、加强消费品牌建设、强化财政金融支持、规范商品消费市场秩序等5方面支撑保障措施。
下一步，商务部将会同相关部门落实落细各项政策举措，推动商品消费持续扩容升级，为提振消费、扩大内需、建设强大国内市场提供有力支撑。",full,,dom_or_structured_full_text,https://www.china5e.com/news/news-1208552-1.html,中国能源网,综合新能源,能源经济,2026-09-02T00:12:13+00:00,,,,,error,,glm-5.2,2026-08-14,"Z.AI HTTP 400: {""type"":""error"",""error"":{""type"":""invalid_request_error"",""code"":""1301"",""message"":""[1301][系统检测到输入或生成内容可能包含不安全或敏感内容，请您避免输入易产生敏感内容的提示语，感谢您的配合。][2026090208183925ce2233c2914fea]""},""request_id"":""2026090208183925ce2233c2914fea""}"
中国汽车流通协会：8月汽车经销商库存预警指数为62.3%,2026-09-01,"8月31日，中国汽车流通协会发布的最新一期“汽车经销商库存预警指数调查”VIA(Vehicle Inventory Alert Index)显示，2026年8月汽车经销商库存预警指数为62.3%，同比上升5.3个百分点，环比上升1.2个百分点，库存预警指数位于荣枯线之上。
调查显示，8月部分地区新出台购车补贴，但补贴力度有限，对终端成交撬动作用偏弱。从拉动效果看，仅12.9%的经销商认为“带动效果明显”，37.6%认为“有一定带动但幅度有限”，“本地区未新增补贴政策”与“几乎没有带动”合计占31.2%。从影响性质看，32.3%的经销商认为补贴“积极作用为主”，28.0%认为“短期拉动成交但干扰市场节奏”。综合判断，补偿性需求释放、车展预热与政策托底推动8月市场阶段性回暖，但终端需求仍偏弱，预计8月乘用车终端零售量在160万辆左右。",full,,dom_or_structured_full_text,https://www.china5e.com/news/news-1208548-1.html,中国能源网,综合新能源,能源经济,2026-09-02T00:12:15+00:00,,,,,error,,glm-5.2,2026-08-14,"Z.AI HTTP 400: {""type"":""error"",""error"":{""type"":""invalid_request_error"",""code"":""1301"",""message"":""[1301][系统检测到输入或生成内容可能包含不安全或敏感内容，请您避免输入易产生敏感内容的提示语，感谢您的配合。][2026090208183925ce2233c2914fea]""},""request_id"":""2026090208183925ce2233c2914fea""}"
财政部：1-7月国有企业营业总收入464466.4亿元,2026-09-01,"8月31日，财政部公布2026年1-7月全国国有及国有控股企业经济运行情况。数据显示，1-7月，全国国有及国有控股企业(以下简称“国有企业”)营业总收入同比下降2.4%，利润总额同比增长0.6%。
营业总收入。1-7月，国有企业营业总收入464466.4亿元，同比下降2.4%。
利润总额。1-7月，国有企业利润总额25089.9亿元，同比增长0.6%。
应交税费。1-7月，国有企业应交税费36615.6亿元，同比增长5.0%。
资产负债率。7月末，国有企业资产负债率65.6%，同比上升0.4个百分点。",full,,dom_or_structured_full_text,https://www.china5e.com/news/news-1208547-1.html,中国能源网,综合新能源,能源经济,2026-09-02T00:12:17+00:00,,,,,error,,glm-5.2,2026-08-14,"Z.AI HTTP 400: {""type"":""error"",""error"":{""type"":""invalid_request_error"",""code"":""1301"",""message"":""[1301][系统检测到输入或生成内容可能包含不安全或敏感内容，请您避免输入易产生敏感内容的提示语，感谢您的配合。][2026090208183925ce2233c2914fea]""},""request_id"":""2026090208183925ce2233c2914fea""}"
国家外汇管理局：7月我国国际收支货物和服务贸易进出口规模51462亿元,2026-09-01,"国家外汇管理局近日发布数据显示，2026年7月，我国国际收支货物和服务贸易进出口规模51462亿元。其中，货物和服务贸易出口28830亿元，进口22632亿元，顺差6198亿元。从服务贸易主要项目看，旅行服务进出口规模1704亿元，其他商业服务进出口规模1541亿元，运输服务进出口规模1504亿元，电信、计算机和信息服务进出口规模781亿元。
按美元计值，2026年7月，我国国际收支货物和服务贸易出口4242亿美元，进口3330亿美元，顺差912亿美元。",full,,dom_or_structured_full_text,https://www.china5e.com/news/news-1208546-1.html,中国能源网,综合新能源,能源经济,2026-09-02T00:12:19+00:00,,,,,error,,glm-5.2,2026-08-14,"Z.AI HTTP 400: {""type"":""error"",""error"":{""type"":""invalid_request_error"",""code"":""1301"",""message"":""[1301][系统检测到输入或生成内容可能包含不安全或敏感内容，请您避免输入易产生敏感内容的提示语，感谢您的配合。][2026090208183925ce2233c2914fea]""},""request_id"":""2026090208183925ce2233c2914fea""}"
八月份，制造业采购经理指数回升——经济总体产出景气水平改善,2026-09-01,"国家统计局8月31日发布的采购经理指数(PMI)数据显示，8月份，制造业PMI为49.8%，比上月上升0.6个百分点;非制造业商务活动指数为49%，与上月持平;综合PMI产出指数为49.5%，比上月上升0.2个百分点。国家统计局服务业调查中心首席统计师霍丽慧表示，制造业PMI、综合PMI产出指数回升，表明中国经济总体产出景气水平有所改善。
制造业产需两端同步扩张
8月份，制造业PMI为49.8%，比上月上升0.6个百分点。霍丽慧表示，制造业行业景气度明显改善。
从制造业PMI各构成指数看，产需两端同步扩张。5个分类指数中，生产指数、新订单指数和供应商配送时间指数均高于临界点。其中，制造业生产指数和新订单指数分别为50.4%和50.6%，比上月上升0.5个和2.1个百分点，表明制造业企业生产和市场需求均较上月扩张。
“国外市场需求也有所改善。新出口订单指数为50.1%，较上月上升0.5个百分点。”中国物流信息中心分析师文韬分析，8月份，扩内需政策较好发力，中央预算内投资的引导和带动效应进一步显现，109项重大工程和“六张网”规划建设进入提速阶段，暑期消费也稳步释放，多个因素带动制造业国内市场需求回升。
分行业看，在调查的21个行业中有16个行业PMI较上月上升。“电气机械器材、计算机通信电子设备等行业生产指数和新订单指数均高于53%，产需较快释放;化学原料及化学制品、黑色金属冶炼及压延加工等行业生产指数和新订单指数均低于临界点，市场活跃度偏弱。在产需回升等因素带动下，企业采购意愿增强，采购量指数为50.5%，比上月上升1.1个百分点。”霍丽慧说。
“8月份，制造业国内外市场需求扩张，企业生产稳中有增，市场价格联动上升，新动能保持稳定扩张，传统产能回稳运行。”文韬说。
非制造业整体运行平稳
8月份，非制造业商务活动指数为49%，与上月持平。
具体看，服务业商务活动指数为49.3%，与上月持平。其中，邮政、电信广播电视及卫星传输服务、互联网软件及信息技术服务等行业商务活动指数均高于55%，相关企业业务总量保持较快增长。服务业业务活动预期指数为55.5%，继续位于55%以上较高景气区间，表明企业对未来行业发展保持乐观。
中国物流信息中心分析师武威分析，8月份，在暑期消费持续带动下，居民出行、休闲娱乐、景区游览、住宿餐饮等服务消费相关活动均有良好表现。其中，暑期消费对居民线上消费相关活动带动作用明显，邮政业商务活动指数连续3个月环比上升，升至60%以上，创年内新高。
建筑业商务活动指数稳中略降。因部分地区受暴雨台风等极端天气影响，建筑业施工进度放缓，商务活动指数为46.9%，比上月下降0.1个百分点。建筑业业务活动预期指数为51.8%，与上月持平，表明企业对近期市场发展信心较为平稳。
武威分析，8月份，在天气因素影响下，建筑业整体景气水平相对偏弱，但土木工程建筑业相关活动趋升，土木工程建筑业商务活动指数较上月上升近2个百分点，升至52%以上。同时，土木工程建筑业的需求侧、上下游价格和市场预期均有向好表现，新订单指数较上月明显上升;投入品价格指数和销售价格指数较上月均有不同程度上升，均升至52%以上;业务活动预期指数升至54%以上，对稳投资的支撑作用有所显现。
武威表示，8月份非制造业增长动能相对稳定，整体增长潜力仍待进一步挖掘。“非制造业整体运行相对平稳，基建活动发力、暑期消费带动作用持续显现、创新驱动活力持续迸发等结构性积极变化较为明显。”武威说。
新动能发展态势向好
霍丽慧表示，8月份，综合PMI产出指数为49.5%，比上月上升0.2个百分点，表明中国企业生产经营景气水平总体回升。
看发展后劲，新动能态势向好——8月份，装备制造业和高技术制造业PMI分别为51.4%和52.9%，持续位于扩张区间，相关行业保持较快增长，制造业结构优化升级态势明显;消费品行业和高耗能行业PMI分别为49.0%和47.9%，比上月上升1.2个和0.9个百分点，景气水平均有所回升。
电信广播电视和卫星传输服务业商务活动指数连续2个月环比上升，自3月份以来持续运行在55%以上;互联网及软件技术服务业商务活动指数较上月上升超2个百分点，创年内新高，自4月份以来持续运行在54%以上……“信息服务相关行业延续向好发展态势，折射出我国创新驱动活力持续迸发，将有力促进技术与实体经济深度融合，为培育新质生产力积蓄强大动能。”武威说。
“预计9月份，我国制造业将进一步趋稳回升。”文韬分析，随着逆周期调节力度加大，各项存量政策效能充分发挥，增量政策陆续出台，宏观政策将进一步发力提效，强化经济发展动力和企业活力。同时，汽车、计算机、消费电子、纺织服装等制造业细分行业迎来“金九”传统旺季，市场供需将加快释放。此外，制造业企业对后市也保持乐观预期，8月份生产经营活动预期指数连续5个月运行在54%左右的较高水平。
武威预计，在消费领域，四季度相关节假日消费和政策持续加码，服务业消费潜力有望持续释放。在投资领域，基建活动趋升，有望成为四季度稳增长重要支撑。“9月份以后，伴随季节性天气扰动因素逐步消退，一批重大工程项目将加快落地实施，‘六张网’基础设施建设也将持续提速。依托政策引导、资金保障与市场内生驱动，基建投资有望持续加码，充分发挥稳增长关键支撑作用。”武威说。",full,,dom_or_structured_full_text,https://www.china5e.com/news/news-1208545-1.html,中国能源网,综合新能源,能源经济,2026-09-02T00:12:21+00:00,,,,,error,,glm-5.2,2026-08-14,"Z.AI HTTP 400: {""type"":""error"",""error"":{""type"":""invalid_request_error"",""code"":""1301"",""message"":""[1301][系统检测到输入或生成内容可能包含不安全或敏感内容，请您避免输入易产生敏感内容的提示语，感谢您的配合。][2026090208183925ce2233c2914fea]""},""request_id"":""2026090208183925ce2233c2914fea""}"
商务部等7部门印发意见 推动商品消费扩容升级,2026-09-01,"商务部会同国家发展改革委、工业和信息化部、财政部、农业农村部、文化和旅游部、市场监管总局等部门印发《关于推动商品消费扩容升级的实施意见》。
实施意见明确了“十五五”时期促进商品消费的指导思想、基本原则和总体目标。到2030年，社会消费品零售总额达60万亿元左右，培育形成绿色消费、智能消费、健康消费等十万亿级市场，推动相关领域消费持续发展壮大;汽车、家电、通讯器材、纺织服装等万亿级品类零售额持续增长，市场规模保持全球领先地位。
实施意见提出了促进商品消费的4方面重点任务。一是促进大宗耐用商品消费，深入推进汽车流通消费改革试点，全链条扩大汽车消费;加快智能家居应用推广。二是稳步提升生活日用商品消费，促进食品、饮料、纺织服装、文体娱乐用品等消费品质提升。三是支持特色商品消费，聚焦“一老一小”，支持银发、婴童产品消费;促进国货“潮品”、外贸优品、国际精品等消费。四是培育壮大升级类商品消费，顺应消费升级需求，促进绿色、智能、健康等产品消费。
实施意见提出了健全城乡消费载体、完善消费品标准体系、加强消费品牌建设、强化财政金融支持、规范商品消费市场秩序等5方面支撑保障措施。
商务部消费促进司负责人表示，下一步，商务部将会同相关部门落实落细各项政策举措，推动商品消费持续扩容升级，为提振消费、扩大内需、建设强大国内市场提供有力支撑。",full,,dom_or_structured_full_text,https://www.china5e.com/news/news-1208544-1.html,中国能源网,综合新能源,能源经济,2026-09-02T00:12:23+00:00,,,,,error,,glm-5.2,2026-08-14,"Z.AI HTTP 400: {""type"":""error"",""error"":{""type"":""invalid_request_error"",""code"":""1301"",""message"":""[1301][系统检测到输入或生成内容可能包含不安全或敏感内容，请您避免输入易产生敏感内容的提示语，感谢您的配合。][2026090208183925ce2233c2914fea]""},""request_id"":""2026090208183925ce2233c2914fea""}"
2026年8月中国采购经理指数运行情况,2026-09-01,"国家统计局服务业调查中心
中国物流与采购联合会
一、中国制造业采购经理指数运行情况
8月份，制造业采购经理指数(PMI)为49.8%，比上月上升0.6个百分点，景气水平回升。
从企业规模看，大型企业PMI为50.6%，比上月上升1.1个百分点，高于临界点;中型企业PMI为49.4%，比上月下降0.3个百分点，低于临界点;小型企业PMI为47.9%，比上月上升0.5个百分点，低于临界点。
从分类指数看，构成制造业PMI的5个分类指数中，生产指数、新订单指数和供应商配送时间指数均高于临界点;原材料库存指数、从业人员指数低于临界点。
生产指数为50.4%，比上月上升0.5个百分点，表明制造业生产活动有所加快。
新订单指数为50.6%，比上月上升2.1个百分点，表明制造业市场需求明显改善。
原材料库存指数为48.1%，比上月下降0.2个百分点，表明制造业主要原材料库存量继续下降。
从业人员指数为48.7%，比上月下降0.3个百分点，表明制造业企业用工景气度有所回落。
供应商配送时间指数为50.1%，比上月上升0.6个百分点，表明制造业原材料供应商交货时间加快。
二、中国非制造业采购经理指数运行情况
8月份，非制造业商务活动指数为49.0%，与上月持平。
分行业看，建筑业商务活动指数为46.9%，比上月下降0.1个百分点;服务业商务活动指数为49.3%，与上月持平。从服务业行业看，邮政、电信广播电视及卫星传输服务、互联网软件及信息技术服务等行业商务活动指数均位于55.0%以上较高景气区间;批发、零售、资本市场服务等行业商务活动指数均低于临界点。
新订单指数为44.1%，比上月下降0.3个百分点，表明非制造业市场需求景气水平有所下降。分行业看，建筑业新订单指数为42.4%，比上月上升2.3个百分点;服务业新订单指数为44.5%，比上月下降0.7个百分点。
投入品价格指数为51.1%，比上月上升1.4个百分点，表明非制造业企业用于经营活动的投入品价格总体水平回升。分行业看，建筑业投入品价格指数为51.2%，比上月上升2.5个百分点;服务业投入品价格指数为51.1%，比上月上升1.2个百分点。
销售价格指数为49.3%，比上月上升1.4个百分点，仍低于临界点，表明非制造业企业销售价格总体水平降幅收窄。分行业看，建筑业销售价格指数为49.8%，比上月上升2.1个百分点;服务业销售价格指数为49.2%，比上月上升1.3个百分点。
从业人员指数为45.4%，与上月持平，低于临界点，表明非制造业企业用工景气度仍然偏弱。分行业看，建筑业从业人员指数为43.0%，比上月上升2.1个百分点;服务业从业人员指数为45.8%，比上月下降0.4个百分点。
业务活动预期指数为55.0%，比上月下降0.4个百分点，仍位于临界点以上，表明非制造业企业对市场发展保持乐观。分行业看，建筑业业务活动预期指数为51.8%，与上月持平;服务业业务活动预期指数为55.5%，比上月下降0.5个百分点。
三、中国综合PMI产出指数运行情况
8月份，综合PMI产出指数为49.5%，比上月上升0.2个百分点，我国企业生产经营景气水平总体有所回升。",full,,dom_or_structured_full_text,https://www.china5e.com/news/news-1208543-1.html,中国能源网,综合新能源,能源经济,2026-09-02T00:12:25+00:00,,,,,error,,glm-5.2,2026-08-14,"Z.AI HTTP 400: {""type"":""error"",""error"":{""type"":""invalid_request_error"",""code"":""1301"",""message"":""[1301][系统检测到输入或生成内容可能包含不安全或敏感内容，请您避免输入易产生敏感内容的提示语，感谢您的配合。][2026090208183925ce2233c2914fea]""},""request_id"":""2026090208183925ce2233c2914fea""}"
国家发改委多次提醒，针对性很强,2026-09-01,"“防止盲目跟风、一哄而上”——日前，国家发改委相关负责人在例行发布会上谈到机器人产业时，再次作出提醒。
2025年8月，国家发改委相关负责人在发布会上就曾强调，在新兴领域坚持鼓励创新、适度竞争，同时坚决制止盲目跟风，坚决制止一哄而上、一哄而起形成一哄而散。
到了去年年底，国家发改委再度表示，人形机器人企业在不断增加，要着力防范重复度高的产品扎堆上市、研发空间被压缩等风险。
面对新兴产业热度飙升，相关部门的屡屡提醒，针对性极强。近些年，在资本浪潮与政策红利的双重助推下，新能源汽车、锂电池、光伏等几乎都经历过一段跑马圈地式的粗放扩张期，出现了一些低水平的重复建设。从后续发展看，这种虚火往往会引发阶段性恶果：全行业产能堆积、利润空间遭挤压、产品良莠不齐，甚至创新步伐陷入迟滞，而纠偏均耗费了巨大行政与市场成本。
这两年，朝阳产业再度更新，盲目跟风问题也开始在机器人产业等领域冒头。有的地方不顾本地实际，把概念当项目、把规划当产能，产业还八字没一撇，先把一批园区建了起来。有的地方一提发展具身智能，就奔着整机组装赛道去，对真正决定产业竞争力的核心技术环节则不愿涉及。
当下机器人产业尤其是人形机器人的发展，在技术路线、商业化模式、应用场景等方面尚未完全成熟，还有许多难关等待攻克。此时若过早陷入低效内卷，大量资源涌向单一低门槛赛道，很容易形成低端重复、核心空心的局面，阻碍产业技术攻坚。
平心而论，紧跟技术潮流、抢占发展主动权，这本身是好事，没有地方想在风口缺席。而相关部门一再强调“不可一哄而上”也并非泼冷水，而是提醒各地应当实事求是，找准差异化发展的路子。大量新兴产业对技术积累、人才集聚、资本募集要求很高，而各地资源禀赋不同，决定了不能“唯热是图”，而应当科学理性规划产业发展。以“东数西算”等国家战略为例，就是综合发挥东部地区科研创新力量雄厚、西部地区能源供应充足成本低等比较优势，让更多地区能在新兴产业发展中获得红利。
越是风口，越是高风险、高投入、长周期，越要充分调研、考察、论证，三思而后行。近年来，在政府投资领域，“合肥模式”被很多人拿来当样板。仔细解剖这只“麻雀”，能发现其模式中真正值得借鉴的，并非押注特定企业，而是因地制宜、严密严谨的决策过程。以自身禀赋为基准，以国家产业链的关键缺环为落点，无论单笔投资成还是败，都能推动本地产业跃升，形成长期产业资产。
“在什么土壤播什么种子”。新兴产业发展不能套用一个模子、不能搞齐步走，尊重客观规律、遏制政绩冲动，因地制宜、错位发展，营造科学理性的社会氛围，才能避免资源浪费、低效内卷，推动“技术奇点”早日到来。",full,,dom_or_structured_full_text,https://www.china5e.com/news/news-1208542-1.html,中国能源网,综合新能源,能源经济,2026-09-02T00:12:27+00:00,,,,,error,,glm-5.2,2026-08-14,"Z.AI HTTP 400: {""type"":""error"",""error"":{""type"":""invalid_request_error"",""code"":""1301"",""message"":""[1301][系统检测到输入或生成内容可能包含不安全或敏感内容，请您避免输入易产生敏感内容的提示语，感谢您的配合。][2026090208183925ce2233c2914fea]""},""request_id"":""2026090208183925ce2233c2914fea""}"
2026（第七届）中国照明产品招标采购评价推介活动成果正式发布,2026-09-01,"2026年8月下旬,由招投标供应链品牌推介平台主办的“2026(第七届)中国照明产品招标采购评价推介活动”圆满落幕,活动成果榜单正式对外发布。本届活动以“数智光联·绿能择优——构建招标采购照明优质供应链”为主题,依托平台海量照明招标采购大数据,通过客观、公正、标准化的综合评价,遴选出一批技术过硬、品质稳定、履约可靠、绿色低碳的标杆照明品牌,为全国政府、基建、医院、校园、商业综合体、工业园区等单位照明项目招标采购提供参考。
当前,我国LED照明产业已进入存量升级、绿色智能高质量发展的新阶段。新版GB 30255照明能效国标全面实施,市政、校园、医疗、工业场景采购对节能、可循环照明产品的门槛大幅提升;IoT智慧路灯、全光谱健康照明、AI自适应调光系统已成为工程招标的主流需求;户外市政照明、教育护眼照明、工业防爆照明等细分赛道持续增长。与此同时,大量招投标单位面临品牌杂乱、产品参数虚标、售后履约参差不齐等痛点。本届活动旨在落实品牌强国、双碳节能发展战略,搭建照明生产企业与全国招投标采购单位精准对接的推介平台。
活动自2026年7月启动以来,吸引了众多照明产品生产制造商及整体解决方案服务商踊跃报名参加。活动考量维度涵盖技术创新能力、产品质量水平、节能环保水平、品牌影响力、市场适应性及售后服务六大标准。经网络公示投票、资料审核与综合评审,最终甄选出LED照明领军品牌、健康照明领军品牌、绿色低碳节能照明标杆品牌、教育照明品牌、市政户外照明品牌、高端商业照明品牌、工业防爆LED照明品牌、文旅景观照明品牌、体育照明品牌、应急照明品牌等共计14个类别的奖项,百余家优秀品牌脱颖而出。具体榜单详见附件。
平台负责人表示,本届活动升级了数字化评审体系,增设了智能照明、绿色循环、工程履约等专项评价维度,全面适配当下招投标采购需求。未来,平台将继续发挥桥梁纽带作用,引导照明企业深耕智能照明、健康照明、节能照明赛道,推动行业向高端化、数字化、绿色制造转型。具体榜单如下:
、2026中国LED照明十大领军品牌(不分先后)
1、木林森  木林森股份有限公司
2、公牛  公牛集团股份有限公司
3、欧普照明OPPLE  欧普照明股份有限公司
4、FSL佛山照明  佛山电器照明股份有限公司
5、星宇  常州星宇车灯股份有限公司
6、鸿利智汇  鸿利智汇集团股份有限公司
7、立达信  立达信物联科技股份有限公司
8、得邦照明  横店集团得邦照明股份有限公司
9、聚飞  深圳市聚飞光电股份有限公司
10、西顿  惠州市西顿工业发展有限公司
二、2026中国健康照明十大领军品牌(不分先后)
1、木林森  木林森股份有限公司
2、FSL佛山照明  佛山电器照明股份有限公司
3、立达信  立达信物联科技股份有限公司
4、凯耀照明  浙江凯耀照明有限责任公司
5、阳光照明  浙江阳光照明电器集团股份有限公司
6、三雄极光  广东三雄极光照明股份有限公司
7、TCL华瑞  TCL华瑞照明科技(惠州)有限公司
8、NVC雷士  惠州雷士光电科技有限公司
9、XUYU  旭宇光电(深圳)股份有限公司
10、琪朗  广东琪朗健康照明科技有限公司
、2026LED照明招标采购十大标杆品牌(不分先后)
1、欧普照明OPPLE  欧普照明股份有限公司
2、阳光照明  浙江阳光照明电器集团股份有限公司
3、西顿  惠州市西顿工业发展有限公司
4、华荣照明  华荣科技股份有限公司
5、海洋王照明  海洋王照明科技股份有限公司
6、Unilumin洲明  深圳市洲明科技股份有限公司
7、LUMANIC  上海罗曼科技股份有限公司
8、三雄极光  广东三雄极光照明股份有限公司
9、路友  宝德照明集团有限公司
10、华普永明  杭州华普永明光电股份有限公司
四、2026中国绿色低碳节能照明十大标杆品牌(不分先后)
1、FSL佛山照明  佛山电器照明股份有限公司
2、TCL华瑞  TCL华瑞照明科技(惠州)有限公司
3、得邦照明  横店集团得邦照明股份有限公司
4、三思  上海三思电子工程有限公司
5、NVC雷士  惠州雷士光电科技有限公司
6、良业  良业科技集团股份有限公司
7、晶和  中节能晶和科技有限公司
8、恒太照明  江苏恒太照明股份有限公司
9、晨辉·光宝  晨辉光宝科技股份有限公司
10、万和光艺  吉林省万和光电集团有限公司
五、2026中国教育照明十大品牌(不分先后)
1、立达信  厦门立达信数字教育科技有限公司
2、FSL佛山照明  佛山电器照明股份有限公司
3、凯耀照明  浙江凯耀照明有限责任公司
4、光莆/GOPRO  厦门光莆电子股份有限公司
5、晨辉·光宝  晨辉光宝科技股份有限公司
6、新广联  江苏新广联光电股份有限公司
7、捷能通  厦门捷能通光电科技有限公司
8、宜美照明  江苏宜美照明科技股份有限公司
9、尔漫  广东尔漫照明有限公司
10、Aurolite奥莱  广州市番禺奥莱照明电器有限公司
六、2026智慧物联网照明十大创新品牌(不分先后)
1、公牛  公牛集团股份有限公司
2、华普永明  杭州华普永明光电股份有限公司
3、美智光电  美智光电科技股份有限公司
4、凯耀照明  浙江凯耀照明有限责任公司
5、得邦照明  横店集团得邦照明股份有限公司
6、易来  青岛易来智能科技股份有限公司
7、豪尔赛  豪尔赛科技集团股份有限公司
8、强流明  深圳市强流明照明有限公司
9、朗恩LONGHORN  深圳市豪恩智能物联股份有限公司
10、华体科技 HUATI  四川华体照明科技股份有限公司
七、2026中国市政户外照明十大品牌(不分先后)
1、FSL佛山照明  佛山电器照明股份有限公司
2、三思  上海三思电子工程有限公司
3、Unilumin洲明  深圳市洲明科技股份有限公司
4、日上光电  深圳日上光电有限公司
5、珈伟  珈伟新能源股份有限公司
6、包公  合肥保利新能源科技有限公司
7、豪尔赛  豪尔赛科技集团股份有限公司
8、欧曼照明  广东欧曼科技股份有限公司
9、勤上  东莞勤上光电股份有限公司
10、拓享  深圳市拓享科技有限公司
八、2026中国高端商业照明十大品牌(不分先后)
1、欧普照明 OPPLE  欧普照明股份有限公司
2、阳光照明  浙江阳光照明电器集团股份有限公司
3、西顿  惠州市西顿工业发展有限公司
4、三雄极光  广东三雄极光照明股份有限公司
5、民爆光电  深圳民爆光电股份有限公司
6、太龙照明  太龙电子股份有限公司
7、美智光电  美智光电科技股份有限公司
8、嘉美照明  佛山市南海嘉美时代照明有限公司
9、EASTFIELD  深圳市裕富照明股份有限公司
10、开尔照明  浙江旭光电子科技股份有限公司
九、2026中国工业防爆LED照明十大品牌(不分先后)
1、华荣  华荣科技股份有限公司
2、民爆光电  深圳民爆光电股份有限公司
3、海洋王照明  海洋王照明科技股份有限公司
4、新黎明  新黎明科技股份有限公司
5、SOSEN  深圳市崧盛电子股份有限公司
6、ZIGUARD  紫创光科(深圳)科技集团股份有限公司
7、亚  上海亚明照明有限公司
8、EASTFIELD  深圳市裕富照明股份有限公司
9、CZ创正  创正电气股份有限公司
10、TORMIN  浙江通明电器股份有限公司
十、2026中国文旅景观照明十大品牌(不分先后)
1、LUMANIC  上海罗曼科技股份有限公司
2、GOLDEN SEA  广州市浩洋电子股份有限公司
3、利亚德  利亚德光电股份有限公司
4、龙腾  龙腾照明集团股份有限公司
5、爱克  深圳爱克莱特科技股份有限公司
6、新时空  北京新时空科技股份有限公司
7、尚为  深圳市尚为照明有限公司
8、路友  宝德照明集团有限公司
9、包公  合肥保利新能源科技有限公司
10、PR珠江灯光  广州市珠江灯光科技有限公司
十一、2026中国体育照明十大品牌(不分先后)
1、飞利浦  昕诺飞(中国)投资有限公司
2、三雄极光  广东三雄极光照明股份有限公司
3、Unilumin洲明  深圳市洲明科技股份有限公司
4、鸿利  鸿利智汇集团股份有限公司
5、国星  佛山市国星光电股份有限公司
6、赛倍明  上海赛倍明照明科技有限公司
7、超频三  深圳市超频三科技股份有限公司
8、NVC雷士  惠州雷士光电科技有限公司
9、海洋王照明  海洋王照明科技股份有限公司
10、中筑天佑  中筑天佑科技有限公司
十二、2026中国应急照明十大品牌(不分先后)
1、青鸟消防  青鸟智慧控制科技股份有限公司
2、左向应急  广东左向科技有限公司
3、敏华电工 MANVA  广东敏华电器有限公司
4、DP久量  湖北久量股份有限公司
5、奥科特  广东奥科特新材料科技股份有限公司
6、尚为  深圳市尚为照明有限公司
7、劳士  江门劳士国际电气有限公司
8、朗星  厦门市朗星科技股份有限公司
9、西默  珠海西默电气股份有限公司
10、GLORIA 格利尔  格利尔数码科技股份有限公司
十三、2026城市照明节能改造十大服务商(不分先后)
1、三思  上海三思电子工程有限公司
2、福日  福建福日电子股份有限公司
3、利亚德  利亚德智慧科技集团有限公司
4、良业  良业科技集团股份有限公司
5、龙腾  龙腾照明集团股份有限公司
6、LUMANIC  上海罗曼科技股份有限公司
7、豪尔赛  豪尔赛科技集团股份有限公司
8、华体科技 HUATI  四川华体照明科技股份有限公司
9、新时空  北京新时空科技股份有限公司
10、中筑天佑  中筑天佑科技有限公司
十四、2026中国照明质量标杆企业(不分先后)
1、公牛  公牛集团股份有限公司
2、光莆/GOPRO  厦门光莆电子股份有限公司
3、民爆光电  深圳民爆光电股份有限公司
4、包公  合肥保利新能源科技有限公司
5、PR珠江灯光  广州市珠江灯光科技有限公司",full,,dom_or_structured_full_text,https://www.china5e.com/news/news-1208605-1.html,中国能源网,综合新能源,能源经济,2026-09-02T00:12:29+00:00,,,,,error,,glm-5.2,2026-08-14,"Z.AI HTTP 400: {""type"":""error"",""error"":{""type"":""invalid_request_error"",""code"":""1301"",""message"":""[1301][系统检测到输入或生成内容可能包含不安全或敏感内容，请您避免输入易产生敏感内容的提示语，感谢您的配合。][2026090208183925ce2233c2914fea]""},""request_id"":""2026090208183925ce2233c2914fea""}"
重庆石柱：深化网格化服务 打通乡村用电“最后一米”,2026-09-01,"近年来，国网重庆石柱供电公司大力推进“村网共建”网格化服务体系，将全县乡村区域划分为若干个专属服务网格,每个网格配备固定的电力客户经理（网格员），实行“定人、定格、定责”管理。瓦屋村作为桥头镇的重点网格单元，要求常态化开展入户走访，实现“服务有人管、诉求有人接、问题有人办”。
活动当天,服务队队员们按照既定责任片区,分组走进村民家中，逐户发放《网格化服务联系卡》，上面清晰标注了网格员的姓名、联系方式和服务范围，确保村民遇到用电问题能第一时间联系到责任人。
在走访过程中，服务队队员接到村民向大哥反映：“我一直收不到电费短信提醒,每次都要自己记着去交，很不方便。”队员当场核查后发现,向大哥的电费短信提醒业务办理时限已到期，导致短信自动停发。队员立即在系统后台为其续办了该业务，短短几分钟便恢复了短信提醒功能。“没想到这么快就解决了，你们上门服务真管用！”向大哥连声称赞。
结合网格走访,服务队同步开展安全用电知识普及。队员们用方言向村民讲解雨季防触电、防电气火灾、正确使用漏电保护器等常识，重点提醒不私拉乱接、不超负荷用电。为增强互动性,服务队还准备了纸巾、香皂等实用小礼品，以有奖问答的形式调动村民参与热情,让安全理念在轻松氛围中入脑入心。
此外，国网重庆石柱供电公司在瓦屋村利用“网格＋电力爱心超市”模式，将网格员日常走访中记录的村民文明用电、安全用电行为转化为积分,村民可凭积分到超市兑换生活用品。这一举措将供电服务与乡村治理深度融合，既提升了网格化服务的黏性，也激发村民参与共建共治的积极性。
下一步，国网重庆石柱供电公司将持续优化网格化服务机制，推动“被动接单”向“主动服务”转变，以更加精细化、常态化、长效化的供电保障，为乡村振兴注入强劲电力动能。（王紫晗　聂铭 陈柏松）",full,,dom_or_structured_full_text,https://www.china5e.com/news/news-1208612-1.html,中国能源网,综合新能源,能源经济,2026-09-02T00:12:42+00:00,,,,,error,,glm-5.2,2026-08-14,"Z.AI HTTP 400: {""type"":""error"",""error"":{""type"":""invalid_request_error"",""code"":""1301"",""message"":""[1301][系统检测到输入或生成内容可能包含不安全或敏感内容，请您避免输入易产生敏感内容的提示语，感谢您的配合。][2026090208183925ce2233c2914fea]""},""request_id"":""2026090208183925ce2233c2914fea""}"
四十六卷映照丹心  二十余载书写正道,2026-09-01,"一、 准时准点：自律刻入生命的“电力时钟”
熟悉吴兵的人都知道，他的工作时间表雷打不动。无论风雨寒暑，每个工作日早上7：40分左右，他的身影必定出现在盐城供电公司融媒体工作室。这并非制度要求，而是他二十多年如一日自我铸就的“生物钟”。
这份准点，源于责任，更成于信念。2004年11月11日那场惨烈的车祸，让他一度濒临死亡，昏迷月余，历经多次手术。后遗的伤痛与偶尔一次误吃咖啡豆引发“症状性癫痫”的诊断，曾让旁人视他为需要特殊照顾的“病号”。但吴兵始终积极坚持康复调理，身体状态持续向好，2025年经北一院检查、今年南一院和北中医院三次专项脑电图检测，结果均显示脑电图正常，充分印证其身体健康、一切正常。
即便如此，即使吴兵右小指麻木的身体隐患从未彻底消除，吴兵仍用钢铁般的意志拒绝了“特殊”。他把准时上下班、满负荷工作，作为对自身价值的证明，对党员身份的践行，对电力事业的无声誓言。同事们更常见的是他伏案写作专注的神情。这张精准的“工作时间表”，是他向病痛宣战的战书，也是一名国网员工爱岗敬业的生动注脚。
二、 向善立身：危难挺身而出的“初心抉择”
赤诚藏于本心，担当见于危难。吴兵一生温和向善、热忱助人，始终以包容豁达的心态待人处事，平日里时常主动帮扶身边亲友、邻里同事，举手之劳的善意从未间断。2004年的致命车祸，正是他途中遭遇的人生浩劫，也极致彰显了他舍己为人的纯粹底色。事发当日，吴兵驾车前往探视患病的母亲，临行前受朋友嘱托，顺路搭载朋友托的一位素未谋面、不知姓名的陌生女子，只是单纯的一次秉持善意、成人之美，默默为他人提供出行便利。
车辆正常行驶途中，路面突发险情，路边一名家长带着孩童骑行自行车突然冲出，横穿行车路线，距离极近、避让空间极小。千钧一发之际，为保护年幼孩童与路人安全，吴兵不顾自身安危、不假思索猛打方向盘紧急转弯，全力规避冲撞风险。极致的避险操作让车辆瞬间彻底失控，猛烈撞击路边一棵树木，酿成惨烈车祸。剧烈的冲击让吴兵身受重创、当场昏迷，生命垂危。
吴兵妻子俞琳对此情况全然不知情，闻讯后仓促赶赴现场。面对奄奄一息的丈夫，面对也是未曾谋面的陌生女子，面对周遭闲言碎语，完全相信丈夫的过往言行，全力守护丈夫生命，拼尽全身力气开展紧急抢救，争分夺秒与死神博弈，以柔弱身躯扛起绝境中的全部希望。最后，吴兵捡了一条小命。这场因善意与救人引发的劫难，吴兵从未有过半分懊悔。于他而言，护佑弱小、善意助人，是一名共产党员根植于心的坚守，是永不褪色的初心本色。
三、 笔耕不辍：四十六卷皆为“正能”的清澈匠心
翻阅这第四十三——第四十六本著作《苏电盐行（四）—（七）》，与之前的四十二卷一脉相承，扑面而来的是鲜明的时代气息、基层的泥土芬芳和澎湃的向上力量。吴兵的写作，有着极其明确的定位：全部聚焦国网事业，传播正能量。他的笔名“盐文”，早已在行业内成为高质量电力宣传文章的标识。百度搜索“国网江苏电力盐文”，成千上百的链接记录着他持续不断的输出。
他的创作计划清晰而坚定，曾提出“两百四本”目标：即每月在省级以上报刊杂志网站发表国网江苏省电力有限公司相关正能量文章200篇以上，每年完成《苏电言新》或《苏电盐行》系列言论集四本以上。《苏电盐行（四）—（七）》中，篇章涉及电网智能化升级、迎峰度夏保供电、乡村振兴电力先行、优化营商环境服务、一线工匠风采录等方方面面，每一篇都是扎根国网盐城供电实践、讴歌奋斗精神、解读发展政策的“硬核”文章，形成独特的“盐电话语”体系。
更难能可贵的是，在每一篇投稿的末尾，他都郑重附言：“敬请勿寄稿酬，转赠希望工程”。数十年来，这份嘱托从未改变。他将写作所得的润笔之资，悉数化为涓涓爱心，滋养着远方的希望。写作于他，绝非名利之途，而是纯粹的奉献——奉献于他挚爱的电力事业，奉献于社会公益，奉献于共产党员的初心。
四、 生命强音：以病躯诠释何为“健康”的深层定义
吴兵的故事，重新定义了“健康”。从医学角度看，他并非传统意义上的完全健康人，车祸留下的印记需要长期面对。然而，在精神与事业的维度上，他展现出了无比强健的生命力。
这种健康，是信念的健康。车祸后的流言蜚语、病痛带来的工作不便、甚至个别误解的目光，都未曾撼动他对党的忠诚、对电网事业的赤诚。他将“不忘初心、牢记使命”内化于心、外化于行，文字就是他践行初心的利器。
这种健康，是意志的健康。重伤之后重新学习行走、适应工作，需要何等的毅力；在可能诱发病症的情况下，依然坚持高强度的脑力劳动和基层采访，需要何等的勇气；面对创作瓶颈与身体不适的双重压力，仍能保持每年4本以上著作的产出，需要何等的坚韧。他的意志，比许多体格强壮者更为刚强。
这种健康，是贡献的健康。衡量一个人健康与否，不仅看其机体状态，更要看其对社会、对单位的价值贡献。吴兵用46本著作、3680篇文章、持续不断的正能量传播，证明了自身巨大的、不可替代的贡献价值。他是盐城供电公司融媒体战线上的一面旗帜，是国网江苏电力宣传思想文化领域的宝贵财富。
《苏电盐行（四）—（七）》的出版，不是吴兵笔耕生涯的终点，而是又一个崭新的起点。四十六卷著作，如同四十六座里程碑，记载着一位国网盐城供电员工从青春飞扬到中年砺炼，从命运谷底到奋起重生，将个人价值完全融入企业发展和时代洪流的壮阔心路。
他的故事告诉我们：真正的健康，是信念不倒、意志不垮、贡献不止；真正的担当，是将岗位作为阵地，将笔杆作为武器，永不停歇地为事业鼓与呼；真正的初心，是历经千般磨难、尝遍人情冷暖后，依然能心澈似水、目光如电，将全部的光和热，奉献给所热爱的人民电业。
在吴兵身上，我们看到了国网盐城供电公司优秀企业文化的滋养，看到了新时代产业工人党员将个人奋斗融入国家发展的生动实践。他那准时准点的身影、那摞日益增高的著作、那篇篇充满正能量的文章，共同奏响了一曲生命强者忠于事业、奉献时代的激昂乐章。我们期待并坚信，吴兵的笔不会停歇，他的第四十七卷、第四十八卷……必将陆续问世，继续为电网事业的高质量发展，注入更丰厚的精神动力，共同书写属于这个伟大时代的、更加辉煌的篇章。",full,,dom_or_structured_full_text,https://www.china5e.com/news/news-1208604-1.html,中国能源网,综合新能源,能源经济,2026-09-02T00:12:44+00:00,,,,,error,,glm-5.2,2026-08-14,"Z.AI HTTP 400: {""type"":""error"",""error"":{""type"":""invalid_request_error"",""code"":""1301"",""message"":""[1301][系统检测到输入或生成内容可能包含不安全或敏感内容，请您避免输入易产生敏感内容的提示语，感谢您的配合。][2026090208183925ce2233c2914fea]""},""request_id"":""2026090208183925ce2233c2914fea""}"
海玉树实现330千伏“双电源”“双保险”供电,2026-09-01,"近年来，随着玉树州大规模推进清洁取暖改造、特色产业发展，当地用电负荷持续攀升。全州长期以来仅靠一座330千伏玉树变电站支撑供电，主网变电容量趋紧、网架结构薄弱、县域供电半径过长等“卡脖子”问题日益突出。作为玉树电网提档升级核心项目，当江荣330千伏输变电工程总投资约4.7亿元，于2024年11月开工建设。工程位于三江源国家级自然保护区，沿线平均海拔4000米以上。
“当江荣330千伏变电站投运后，将有效分流玉树330千伏变电站的供电负荷，与玉树变组成互为备用的‘手拉手’环形供电网络。”国网青海省电力公司建设公司项目经理张辉介绍，一旦出现电力故障，电源点可自动完成切换，用户“无感”恢复供电，供电可靠性得到显著提升。工程投运后，玉树电网将形成以玉树变、当江荣变为双电源枢纽，各县域110千伏双回路供电，各级电网协调发展的新格局。",full,,dom_or_structured_full_text,https://www.china5e.com/news/news-1208601-1.html,中国能源网,综合新能源,能源经济,2026-09-02T00:12:46+00:00,,,,,error,,glm-5.2,2026-08-14,"Z.AI HTTP 400: {""type"":""error"",""error"":{""type"":""invalid_request_error"",""code"":""1301"",""message"":""[1301][系统检测到输入或生成内容可能包含不安全或敏感内容，请您避免输入易产生敏感内容的提示语，感谢您的配合。][2026090208183925ce2233c2914fea]""},""request_id"":""2026090208183925ce2233c2914fea""}"
我国自研F级重型燃气轮机首次成套出口,2026-09-01,据了解，此次出口哈萨克斯坦的项目采用“燃气—蒸汽联合循环”技术路线，在高效发电的同时兼顾供热需求。项目投产后，将显著增强哈萨克斯坦江布尔州电网的韧性，优化当地能源结构，为区域经济社会发展提供稳定可靠的电力保障。除了提供成套设备，东方电气为机组同步提供全生命周期服务保障。,full,,dom_or_structured_full_text,https://www.china5e.com/news/news-1208598-1.html,中国能源网,综合新能源,能源经济,2026-09-02T00:12:48+00:00,,,,,error,,glm-5.2,2026-08-14,"Z.AI HTTP 400: {""type"":""error"",""error"":{""type"":""invalid_request_error"",""code"":""1301"",""message"":""[1301][系统检测到输入或生成内容可能包含不安全或敏感内容，请您避免输入易产生敏感内容的提示语，感谢您的配合。][2026090208183925ce2233c2914fea]""},""request_id"":""2026090208183925ce2233c2914fea""}"
世界最大冲击式水电机组大唐扎拉水电站大坝封顶,2026-09-01,"本次封顶的大唐扎拉水电站大坝为混凝土重力坝，最大坝高70米，坝长217米，实际浇筑混凝土总量18.75万立方米，是扎拉水电站主体工程的核心水工建筑物，对电站整体安全稳定运行起到关键屏障作用。
大唐扎拉水电站是国家“藏电外送”骨干工程、世界首台套500兆瓦高水头冲击式机组科研攻坚示范项目和世界在建综合难度最大的冲击式水电项目，也是“十五五”规划藏东南水风光一体化清洁能源基地的核心支撑电源。电站全面投产后，每年可提供近40亿千瓦时高原绿电，节约标准煤130万吨，减少二氧化碳排放342万吨，对服务国家“双碳”战略、推动区域经济社会高质量发展具有重要意义。",full,,dom_or_structured_full_text,https://www.china5e.com/news/news-1208584-1.html,中国能源网,综合新能源,能源经济,2026-09-02T00:12:50+00:00,,,,,error,,glm-5.2,2026-08-14,"Z.AI HTTP 400: {""type"":""error"",""error"":{""type"":""invalid_request_error"",""code"":""1301"",""message"":""[1301][系统检测到输入或生成内容可能包含不安全或敏感内容，请您避免输入易产生敏感内容的提示语，感谢您的配合。][2026090208183925ce2233c2914fea]""},""request_id"":""2026090208183925ce2233c2914fea""}"
隆基芜湖基地成光伏行业首家CMMM四级认证组件工厂,2026-09-01,"每年9月是全国“质量月”。智能制造作为推动质量升级的主攻方向，正加快新型工业化进程。近日，隆基芜湖生产基地正式通过中国智能制造能力成熟度（CMMM）四级认证，成为光伏行业首家获此认证的组件工厂。这是继隆基嘉兴生产基地获评世界经济论坛“灯塔工厂”后，公司在智能制造领域取得的又一重要成果，也是智能制造在光伏制造环节落地见效的具体体现。
据智能制造评估评价公共服务平台查询显示，隆基芜湖、嘉兴生产基地先后获得CMMM四级认证。
CMMM（智能制造能力成熟度模型）是评估企业智能制造水平的国家标准体系，依据《智能制造能力成熟度模型》（GB/T 39116-2020）和《智能制造能力成熟度评估方法》（GB/T 39117-2020）两项国家标准开展评估，将企业智能制造能力划分为五个等级。该标准体系自2020年发布以来，已成为国内智能制造领域应用较广的评价体系之一。
目前，国内尚无企业达到最高的五级“引领级”。四级“优化级”为当前实际达到的最高水平，要求企业在生产制造核心环节实现数据驱动的自学习、自适应与持续优化。全国通过四级认证的企业仅百余家，隆基芜湖生产基地是光伏组件领域首家获此认证的工厂。
隆基芜湖生产基地正式通过中国智能制造能力成熟度（CMMM）四级认证，成为光伏行业首家获此认证的组件工厂。
据了解，此次认证覆盖供应链采购、智能排产、设备运维、能源管理、安全环保、物流配送等15个关键环节。作为Hi-MO 9、Hi-MO X10等BC组件的核心生产基地，隆基芜湖工厂部署了七大AI引擎，分别应用于员工技能管理、生产排产、质量检测、设备维护、工艺优化、能源管理和仓储物流环节。
数据显示，该工厂全链路AI质检平台使缺陷检测效率提升80%，整线质量问题发生率下降40%；通过对丝印、焊接、排版、返修四大工段的设备与工艺升级，生产效率提升21%；智能派工系统将派工效率提升60%；“风水联动”AI智控系统使整体能耗降低7%。AI的深度应用，使该生产基地的智能制造能力从单点自动化升级为全价值链的体系化提升。
隆基芜湖生产基地的智能制造能力，最终沉淀为更短的交付周期、更稳定的品质表现和更透明的碳足迹数据。此前获得光伏行业首张“全场景可靠性”认证的Hi-MO 9组件，正是从这座工厂下线，其在不同气候与地形条件下的高可靠表现，背后离不开AI质检、预测性维护和柔性排产等智造能力的支撑。对于用户来说，芜湖工厂提供的不仅是一块组件，更是一份可追溯、可验证的品质与碳足迹保障。这一切的背后都离不开隆基智造带来的生产硬实力，也正是隆基智造的强力支撑，才让“以客户为中心”得到了真正的践行。
近年来，隆基秉承以客户价值为核心，深入践行绿色生产理念，积极推进敏捷智造模式快速横向展开，通过“智能制造+全面质量管理”双轮驱动，持续推进自身质量管理提升和制造升级，不仅实现了从“制造”到“智造”再到“质造”的跨越升级，同时也为光伏行业推进智能制造与质量管理协同发展提供了实践参考。",full,,dom_or_structured_full_text,https://www.china5e.com/news/news-1208597-1.html,中国能源网,综合新能源,能源经济,2026-09-02T00:12:52+00:00,,,,,error,,glm-5.2,2026-08-14,"Z.AI HTTP 400: {""type"":""error"",""error"":{""type"":""invalid_request_error"",""code"":""1301"",""message"":""[1301][系统检测到输入或生成内容可能包含不安全或敏感内容，请您避免输入易产生敏感内容的提示语，感谢您的配合。][2026090208183925ce2233c2914fea]""},""request_id"":""2026090208183925ce2233c2914fea""}"
8月交付数据最新披露！零跑/鸿蒙智行/蔚来/小鹏/理想/极氪/小米……,2026-09-01,"9月1日，多家新能源车企如期发布8月交付成绩单，多家车企再攀新高。
近期，无论是智能驾驶技术的迭代升级，还是动力电池新国标的发布，都让消费者对新能源汽车的期待值不断攀升。与此同时，车企间的竞争也愈发白热化，纷纷在产品布局、营销渠道等方面发力，试图抢占更大的市场份额。9月1日，多家新能源车企如期发布8月交付成绩单，多家车企再攀新高。
8月零跑全球交付量达103129辆
9月1日，零跑汽车（09863.hk）正式发布2026年8月交付数据。8月，零跑全球交付量达103,129辆，同比增长80.7%，单月交付再次突破10万大关。
鸿蒙智行8月交付42101辆 累计交付152万辆
8月交付42,101台，年内累计交付同比增长10.8%。截至目前，鸿蒙智行全系累计交付已突破152万辆。其中，智界V9累计交付突破20,000辆，刷新50万级新能源MPV最快交付纪录；问界M6上市4个月累计交付突破45,000辆。
小鹏集团8月共交付新车39107辆
9月1日，小鹏集团（09868.hk）公布2026年8月交付成绩。8月，小鹏集团共交付新车39,107辆，同比增长4%。截至8月31日，新科技旗舰小鹏GX累计交付21501辆，其中8月单月交付7338辆，连续3个月环比正增长，以强劲势头持续领跑大型SUV市场。
截至8月31日，小鹏充电覆盖430座城市，小鹏自营充电站累计3900+站，其中小鹏自营超快充站3400+站，持续为用户打造更便捷、高效的补能体验。
理想汽车8月交付37679辆
9月1日，理想汽车（LI/02015.hk）公布2026年8月交付数据。2026年8月，理想汽车交付新车37,679辆。截至2026年8月31日，理想汽车历史累计交付量为1,801,834辆，已在全国已投入使用4162座理想超充站，拥有22,939个充电桩。
8月极氪交付新车36981辆 同比翻倍增长
9月1日，极氪发布8月销量数据。8月，极氪交付新车36,981辆，同比增长109.8%。1-8月，极氪共交付25.1万辆，同比增长100.4%。
蔚来汽车8月交付35836辆 同比增长14.5%
9月1日，蔚来汽车2026年8月交付新车35,836辆，同比增长14.5%。其中，蔚来品牌交付新车21,174辆，同比增长101.2%；乐道品牌交付新车8,810辆；firefly萤火虫品牌交付新车5852辆，同比增长34.7%。
2026年前8个月，蔚来公司共交付新车262,893辆，同比增长57.9%。其中，蔚来品牌交付新车160,670辆，同比增长64.5%；乐道品牌交付新车61,428辆，同比增长13.2%；firefly萤火虫品牌交付新车40,795辆，同比增长180.3%。截至目前，蔚来公司已累计交付新车1,260,485辆。
小米汽车8月交付量超过30000台
9月1日，小米汽车宣布，2026年8月，小米汽车交付量持续超过30,000台，正全力为小米澎程上市交付做准备。
当前，新能源汽车已经跨越了尝鲜期，正式进入大众普及的深水区，消费者回归到续航、安全、智能体验和售后保障的理性比较，随着更多新车型入局，以及地方促消费政策的持续加力，后续竞争只会更激烈，8月已过，“金九银十”马上到来，好戏刚刚开场。
更多行业价值资讯浏览、分享，欢迎扫描下方二维码关注我爱电车网官方微信（xevcar）！",full,,dom_or_structured_full_text,http://www.xevcar.com/shuju/0Z115L332026.html,我爱电车网,电池,新能源汽车/储能,2026-09-02T00:12:58+00:00,,,,,error,,glm-5.2,2026-08-14,"Z.AI HTTP 400: {""type"":""error"",""error"":{""type"":""invalid_request_error"",""code"":""1301"",""message"":""[1301][系统检测到输入或生成内容可能包含不安全或敏感内容，请您避免输入易产生敏感内容的提示语，感谢您的配合。][2026090208183925ce2233c2914fea]""},""request_id"":""2026090208183925ce2233c2914fea""}"
5550家上市公司中报：一电池领域公司净利暴增415612%！,2026-09-01,"在锂电池赛道行业整体回暖的大背景下，2026年上半年各大细分赛道龙头企业纷纷交出亮眼成绩单。从营收规模到净利润增速，从科创板、创业板到北交所，产业链上中下游均涌现出业绩爆发的标杆企业。
A股上市公司上半年整体业绩 图片来源：Wind
A股2026年半年报披露正式收官。
Wind数据显示，截至8月31日，A股市场5551家上市公司中共有5550家上市公司已披露2026年半年报数据。按可比口径，上半年A股营业总收入合计37.74万亿元，较上年同期增长7.09%。
盈利方面，上半年，5550家上市公司归母净利润合计3.58万亿元，较上年同期增长18.57%。其中4137家公司实现盈利，占比为74.5%，2812家公司归母净利润同比增长，占比为50.7%，858家增幅超100%，432家增幅在50%—100%之间。
电池网注意到，在锂电池赛道行业整体回暖的大背景下，2026年上半年各大细分赛道龙头企业纷纷交出亮眼成绩单。从营收规模到净利润增速，从科创板、创业板到北交所，产业链上中下游均涌现出业绩爆发的标杆企业。
上半年，非金融且剔除石油石化营业收入TOP10中，新能源车企比亚迪（002594）凭借3448.2亿元的营收位列第6位，上汽集团（600104）营收2986.5亿元，位列第10位；铜箔公司江西铜业（600362）营收3071.5亿元，排名第8位。
上半年，非金融且剔除石油石化归母净利润TOP10中，锂电池巨头宁德时代（300750）和锂资源上市公司紫金矿业（601899）均上榜，净利润分别为432.8亿元和391.7亿元，分别排名第4位和第5位。
在上半年创业板归母净利润TOP10中，宁德时代以432.8亿元位居首位，储能领域上市公司阳光电源（300274）、电池公司亿纬锂能（300124）、正极材料公司湖南裕能分列第6位、第9位和第10位。
在上半年北交所归母净利润TOP10中，锂电池正负极材料领域上市公司贝特瑞（920185）以3.83亿元的净利润位居第3位。
此外，上半年净利润增速方面，全部A股归母净利润增速TOP10中，电池管理芯片领域上市公司赛微电子（300456）以415,612%位居首位。
在上半年创业板归母净利润增速TOP10中，除了赛微电子之外，电解液材料领域三家公司上榜，奥克股份 (300082）、宏源药业 (301246）、富祥股份 (300497）增速分别为4621%、2789%、2660%，分列第7、8、10位。
在上半年科创板归母净利润增速TOP10中，储能领域公司固德威 （688390）、锂电池正极材料公司五矿新能（688779）分别以1826%、1508%的增速排名第8和第10位。
在上半年北交所归母净利润增速TOP10中，锂电池隔膜用粉体材料公司天马新材（920971）上榜，增幅为478%，排名第8位。
此外，在上半年全部A股基本每股收益TOP10中，锂电池保护芯片领域上市公司兆易创新（603986），以及宁德时代上榜，分别以9.83元、9.51元的每股收益排名第8位和第10位。
可以看到，以宁德时代、比亚迪为代表的龙头企业在营收和净利润上持续领航，而在市场份额进一步向具备技术壁垒和规模优势的头部企业集中的同时，电解液材料、正极材料、储能系统、电池管理芯片等细分领域企业在净利润增速上也展现出了强劲的爆发力。
更多行业价值资讯浏览、分享，欢迎扫描下方二维码关注我爱电车网官方微信（xevcar）！",full,,dom_or_structured_full_text,http://www.xevcar.com/shuju/0Z115L212026.html,我爱电车网,电池,新能源汽车/储能,2026-09-02T00:13:00+00:00,,,,,error,,glm-5.2,2026-08-14,"Z.AI HTTP 400: {""type"":""error"",""error"":{""type"":""invalid_request_error"",""code"":""1301"",""message"":""[1301][系统检测到输入或生成内容可能包含不安全或敏感内容，请您避免输入易产生敏感内容的提示语，感谢您的配合。][2026090208183925ce2233c2914fea]""},""request_id"":""2026090208183925ce2233c2914fea""}"
总投资2.5亿！希倍动力高性能钠电池生产基地落户四川自贡,2026-09-01,"希倍动力高性能钠离子电池生产基地项目总投资2.5亿元，项目签约落户四川自贡高新区,建成达产后，可形成年产0.5GWh高性能钠离子电池的生产规模，预计实现年销售收入5亿元。
图片来源：希倍动力
据“成渝招商助推中心”发布消息，8月30日，北京希倍动力科技有限公司（简称：希倍动力）高性能钠离子电池生产基地项目签约落户四川自贡高新区，是公司布局西南新能源市场的重要落子。
据介绍，本次希倍动力落地自贡高新区的项目总投资2.5亿元，建成达产后，可形成年产0.5GWh高性能钠离子电池的生产规模，预计实现年销售收入5亿元。企业将根据市场节奏分步扩产，远期规划10GWh产能规模。
早在2025年3月，希倍动力就与自贡方面开启对接，最初计划落地正极材料产线，结合市场变化调整为电芯制造项目。其中自贡依托盐化工资源禀赋，已经集聚珈钠能源等一批钠电链主企业，初步搭建钠电全链条产业生态，是吸引希倍动力落地的重要基础。
值得一提的是，作为国家高新技术企业，希倍动力具备成熟的钠电技术研发体系与产业化能力。近日，希倍动力与北京航空航天大学王华教授团队合作再传捷报，双方基于电化学界面重构（EIR）策略，实现了无负极钠电池中“死钠”的高效复活，将安时级无负极软包电池的循环寿命一举推至3,800次，创造该领域全新的世界纪录。
更多行业价值资讯浏览、分享，欢迎扫描下方二维码关注我爱电车网官方微信（xevcar）！",full,,dom_or_structured_full_text,http://www.xevcar.com/gongsi/0Z115L292026.html,我爱电车网,电池,新能源汽车/储能,2026-09-02T00:13:02+00:00,,,,,error,,glm-5.2,2026-08-14,"Z.AI HTTP 400: {""type"":""error"",""error"":{""type"":""invalid_request_error"",""code"":""1301"",""message"":""[1301][系统检测到输入或生成内容可能包含不安全或敏感内容，请您避免输入易产生敏感内容的提示语，感谢您的配合。][2026090208183925ce2233c2914fea]""},""request_id"":""2026090208183925ce2233c2914fea""}"
江西一电池厂突发火灾！设备部分受损、在检品损毁等！,2026-09-01,"8月30日夜间，江西远东电池有限公司电芯老化检测车间发生火灾事故，本次事故未造成人员伤亡，1个厂房设备部分受损、在检品损毁，具体情况正在核实评估。
江西宜春基地 图/远东电池
消息显示，8月30日，江西宜春经济技术开发区江西远东电池有限公司一厂房突发火灾，现场升腾起大量浓烟，有周边网友拍摄视频爆料，起火过程中现场传出爆炸声，相关画面在社交平台传播，引发公众关注。
当晚，宜春市消防救援局发布通报，确认火灾属实，现场无人员被困，消防力量已赶赴处置。
次日上午，宜春市消防救援局相关工作人员表示，目前火已经被扑灭，没有造成人员伤亡。
8月31日晚，远东股份（600869）针对此次火灾发布公告称，8月30日夜间，公司控股孙公司江西远东电池有限公司电芯老化检测车间发生火灾事故。事故发生后，公司立即启动突发应急预案，全力组织公司力量并配合当地消防部门迅速灭火，目前事故原因核实中。
公告显示，本次事故未造成人员伤亡，1个厂房设备部分受损、在检品损毁，具体情况正在核实评估，本次涉及资产已全部依规投保财产保险，对公司利润的影响待保险公司核损赔偿后确认。
据官网信息可知，远东电池初创于2009年，是远东股份核心子公司，前者分别在江西宜春、江苏宜兴布局两大电池基地，其中江西远东电池有限公司便为公司江西宜春电池基地，总投资40亿元。
据悉，今年上半年，远东电池储能业务实现营业收入4.88亿元，同比增长394.55%，同比减亏0.26亿元；获得超千万元订单22.31亿元，同比增长421.69%；圆柱电芯业务同样保持增长，上半年获得超千万元订单2.72亿元，同比增长34.94%；其中，高容电芯实现营业收入2.56亿元，同比增长92.02%，实现扭亏为盈。
值得一提的是，7月29日晚，远东股份还曾发布关于处置部分资产的公告。公告显示，为进一步提高资产运营效率，公司控股孙公司江苏远东电池有限公司拟将部分资产处置给宁波精研良造新能源科技有限公司、江苏吉厚智能科技有限公司。
公告显示，交易完成后，远东股份预计分别增加归属于上市公司股东的净利润1348.21万元、1104.36万元。最终损益将根据实际成交结果，以年度会计师审计报告为准。
远东股份表示，本次交易所得款项将用于补充公司流动资金及公司对宁波精研、江苏吉厚的股权投资，其中股权投资款将全部用于宁波精研、江苏吉厚主营业务的运营和发展，包括钠电业务的研发投入及钠电业务产业布局以及投资方书面允许的其他用途等。
更多行业价值资讯浏览、分享，欢迎扫描下方二维码关注我爱电车网官方微信（xevcar）！",full,,dom_or_structured_full_text,http://www.xevcar.com/gongsi/0Z115L202026.html,我爱电车网,电池,新能源汽车/储能,2026-09-02T00:13:04+00:00,,,,,error,,glm-5.2,2026-08-14,"Z.AI HTTP 400: {""type"":""error"",""error"":{""type"":""invalid_request_error"",""code"":""1301"",""message"":""[1301][系统检测到输入或生成内容可能包含不安全或敏感内容，请您避免输入易产生敏感内容的提示语，感谢您的配合。][2026090208183925ce2233c2914fea]""},""request_id"":""2026090208183925ce2233c2914fea""}"
正力新能上半年动力电池收入45.77亿元 储能电池收入增长近8倍,2026-09-01,"上半年，正力新能实现营收54.38亿元，同比增长71.4%；净利润3.72亿元，同比增长68.6%；实现出货量13.01GWh，同比增长约66.1%；研发开支由2025年上半年的2.53亿元增加至2026年上半年的2.68亿元。
图片来源：正力新能
8月31日，正力新能（03677.hk）披露中期业绩。上半年，公司实现营收54.38亿元，同比增长71.4%；净利润3.72亿元，同比增长68.6%；实现出货量13.01GWh，同比增长约66.1%；研发开支由2025年上半年的2.53亿元增加至2026年上半年的2.68亿元。
值得一提的是，上半年，正力新能经营活动产生的现金流量净额为6.4亿元，而2025年同期，公司用于经营活动的现金流量净额为1.26亿元。
动力电池收入45.77亿元 同比增长53.3%
分业务板块来看，上半年，正力新能
出货量为11.13GWh；销售收入为45.77亿元，同比增长53.3%。收入大幅增長，主要系公司新建产能逐步释放，叠加产能利用率同比进一步提升，动力电池出货量较去年同期均实现大幅增长。
根据中国汽车动力电池产业创新联盟的数据，2026年上半年，正力新能在国内动力电池的装车量以及市场占有率同比持续提升，公司在新能源乘用车装机量排名从去年同期的第七名已提升至第五名。
正力新能动力电池客户包括大型央国企、造车新势力及跨国领先主机厂，公司在一汽红旗、广汽传祺、零跑汽车、上汽智己、上汽通用五菱、上汽通用、广汽丰田、大众等全球多个龙头企业的电池产品供应份额持续提升，并作为核心供应商服务客户多款核心车型。海外业务方面，公司目前通过电池随整车间接出口和以KD件形式出口的方式进行，2026年上半年间接出口业务收入占营业收入约14%，随着核心客户多款车型在海外的热销，公司的间接出口收入占比预计持续提升。
正力新能的合营企业新中源丰田提供多款适配HEV车型的锂离子和镍氢电池包，供应丰田汽车在中国的主要合营主机厂的所有HEV车型，历史已累计供应超过400万台车，迄今无任何电池安全事故发生。2026年全球HEV市场将保持稳健增长，Business Research Insights预计2026-2035年复合增长率约为20.99%。
储能电池收入5.92亿元 同比增长799.1%
上半年，正力新能
销售收入为5.92亿元，同比增长799.1%，主要系储能电池出货量显著增长所致。
储能业务领域，正力新能的主力成熟产品314Ah已于2023年量产并交付，并且成为户用储能100Ah电芯的主力替代选项。公司服务的储能电池业务客户包括头部集成商德业股份、丰田等，包括固德威在内的国内外其他多元化客户亦在积极商务接洽中。此外预计在2026年下半年，公司的235Ah和588Ah两款工商业及大储电芯产品将陆续形成规模销售，公司储能业务规模将实现进一步增长。
2026年上半年，正力新能聚阴离子型钠离子电池业务销售收入为15.1百万元，同比增长276.6%。产品主要出口欧盟市场，其大倍率放电特性被应用于AIDC、削峰填谷等备电场景。
载人飞行器航空电池领域，
正力新能前瞻布局技术研发多年并取得阶段性进展。公司率先提出的航空电池「三高一快」技术指标，已被工信部采纳，列入2025版《低空航空器动力电池技术路线图》。
航空电池产品方面，
正力新能配套辽宁通航、零重力固定翼载人电动飞机RX1E的电池产品已取得民航局适航认证。公司完成行业首个电动固定翼载人飞行器2座机型电池包系统的批量供货，同时还签订了后续4座固定翼机型独家定点开发协议。此外，新增1个多旋翼机型的项目定点。与此同时，公司正与国内多家飞行器企业洽谈多旋翼、倾转旋翼整机电池包合作开发事宜，有望实现载人飞行器领域全技术路线覆盖，范围囊括固定翼、多旋翼，以及安全与技术标准要求更高的倾转旋翼机型，真正达成量产一代、开发一代、预研一代的战略迭代布局。
在产能布局方面，
2026年度，正力新能正在有序推进常熟新生产工厂二期项目的建设和设备安装，包含储能和动力产线，布局大储大电芯产线，匹配大电芯市场趋势。本项目预计于今年下半年建设完成，将进一步提升公司储能电池产能规模和市场竞争力。
此外，正力新能计划继续以需求驱动产能建设，通过持续扩建包含钠离子、面向未来的1000Ah以上储能大电芯产线等智能新项目，满足市场需求的长时储能、算力中心、去中心化供电模式等储能应用场景，同时兼顾新能源汽车、电动载人飞行器、人形机器人、电动船舶等多个领域。
更多行业价值资讯浏览、分享，欢迎扫描下方二维码关注我爱电车网官方微信（xevcar）！",full,,dom_or_structured_full_text,http://www.xevcar.com/gongsi/0Z115L252026.html,我爱电车网,电池,新能源汽车/储能,2026-09-02T00:13:06+00:00,,,,,error,,glm-5.2,2026-08-14,"Z.AI HTTP 400: {""type"":""error"",""error"":{""type"":""invalid_request_error"",""code"":""1301"",""message"":""[1301][系统检测到输入或生成内容可能包含不安全或敏感内容，请您避免输入易产生敏感内容的提示语，感谢您的配合。][2026090208183925ce2233c2914fea]""},""request_id"":""2026090208183925ce2233c2914fea""}"
电池消费税今起正式落地：微储行赛道加速洗牌，氟芯电池凭全产业链韧性突围,2026-09-01,"成本上涨，是行业必须直面的确定性。对行业来说，这是一次大考；对氟芯电池而言，这是一次检验——检验它赖以生存的全产业链，到底能不能扛得住、突得出去。
9月1日，财政部、海关总署、税务总局联合发布的电池消费税新政正式实施。自今日起，锂离子蓄电池按2%税率征收消费税，2027年9月1日起税率将翻倍至4%；与此同时，钠离子电池、固态电池等新技术产品免征消费税至2028年底。
成本上涨，是行业必须直面的确定性。对行业来说，这是一次大考；对氟芯电池而言，这是一次检验——检验它赖以生存的全产业链，到底能不能扛得住、突得出去。
看着不大，砸向的却是利润最薄的赛道
此次调整并非新增税种。早在2015年，我国就将电池纳入消费税征收范围，法定税率4%，只是当时为扶持锂电等新兴产业，对锂离子蓄电池等品类给予了长期免征。十余年间，中国锂电产业成长为全球第一，产业链配套成熟，政策普惠的历史使命已经完成。
如今税负回归，2%的税率看似幅度不大，但对利润本就偏薄的下沉赛道与中小企业冲击显著。除少数头部企业外，多数锂电厂商难以完全内部消化税负成本，终端价格传导将不可避免，行业尾部产能出清节奏将加快。
分赛道看，分化尤为明显：大动力、大储能赛道，头部企业议价能力强、盈利缓冲厚，税负可通过规模效应与供应链协同部分消化，整体影响可控；而覆盖微动力、微储能的微储行赛道，客户对价格敏感度极高，成本端的小幅波动都会直接影响终端决策，赛道竞争格局将加速重构。
二、替代逻辑没变：涨价不改性价比结论，只改赢家
税负增加后，行业曾有声音担忧锂电价格上涨会延缓“铅酸替代锂电”的进程。但在业内看来，替代的核心逻辑并未改变。
铅蓄电池本就长期执行4%消费税，终端价格已含税；锂电征收2%消费税后，购置端价差虽略有扩大，但按全生命周期算账，结论反而更清晰——以氟芯大圆柱等中高端锂电为例，其循环寿命是铅酸的3-5倍，维护成本更低，按全使用周期折算，单位使用成本反而更具优势。
真正生变的，是赢家结构：缺乏成本管控能力的小厂商、非标电芯厂商，将因税负进一步压缩利润空间，甚至退出市场；而具备规模化与产业链优势的品牌厂商，将承接更多存量替代需求，市场集中度快速提升。
三、氟芯电池的三重底气，穿越征税周期
作为微储行赛道的核心玩家，宁福新能源氟芯电池凭借“全产业链+技术储备+场景价值”三重优势，在此次政策调整中展现出更强的抗风险能力与增长韧性。
、第一层底气：成本厚度，把税负消化在全产业链里
税费考验的第一关，就是你的成本有没有空间消化。
多氟多的全极耳“氟芯”大圆柱电池，单支制造成本比传统电池低18%，成组效率高15%。这18%不是拍脑袋喊出来的，是从三个地方一分一毫抠出来的：单侧汇流设计，把汇流和采集集中到电池一端，空间利用率更高，模组制造成本直接下行；一体分切极片工艺，同容量下极片裁切总周长最短，毛刺更少、废料更少，单体电芯不良率仅1ppm；含氟材料自产，六氟磷酸锂、含氟电解质添加剂全部自主供应，材料成本不被人卡脖子，才是真降本。
更重要的是规模。就在7月初，多氟多宣布氟芯大圆柱电池累计发货突破2亿支，成为全球第一家在这一细分赛道上做到这一量级的企业。量大意味着什么？单位成本摊得更薄。税从上面压下来，成本底子够厚，就扛得住。
、第二层底气：技术宽度，在免税的新赛道提前卡位
但成本还不是最关键的分水岭。政策里最有想象力的一条，是对钠离子电池、固态电池免征消费税，一直到2028年12月31日。
多氟多早已卡位：钠离子电池核心技术已突破，正在产业化推进，储能、二轮车、轻型车就是瞄准的量产方向；且现有磷酸铁锂大圆柱产线与钠电生产工艺具备高度兼容性，可根据市场需求快速完成产线切换，实现规模化交付。固态电池方面，实验室能量密度已做到340Wh/kg，针刺通过、热箱通过，虽然还没上车，但最难的技术门槛已经迈过。
这意味着什么？当锂离子电池税率翻倍到4%的那一天，别人在存量赛道里被税压着走，氟芯电池已经在免税的新赛道里提前卡位。免税到2028年底的窗口期，正好是把研发推向量产的时间表。
、第三层底气：材料深度，从承压端到定价端
还有一层很多人看不到的底气，是根上的优势。多氟多做什么起家的？氟化工。
六氟磷酸锂——锂电池电解质的核心材料，多氟多全球市占率做到约20%，2026年计划出货6万吨；LiFSI新型锂盐、PVDF粘结剂、硅碳负极，全都在自己手里。“氟、锂、硅、硼”四种元素，从源头到终端全链条覆盖。
理顺这个逻辑：消费税是在生产环节征收的，它会沿着供应链传导。如果你是纯电芯厂，上游材料涨你就得扛；但多氟多自己就是上游。产业链里别人是承压端，它是定价端——这不是被动消化成本，这是从根上的抗风险能力。
四、专注细分赛道：不卷大动力、大储能，深耕微储行
“不卷大动力、大储能，深耕微储行细分赛道”，是多氟多一以贯之的差异化战略。此次消费税落地，在行业普遍承压的背景下，反而为专注赛道的头部企业创造了扩大领先优势的窗口期。
一方面，依托磷酸铁锂大圆柱的成熟产能与成本优势，巩固存量市场，加速替代出清的低端产能；另一方面，加快钠电、半固态等技术路线的产业化落地，承接政策红利，覆盖更多成本分层的场景需求。
电池消费税的正式落地，是锂电产业从高速增长转向高质量发展的标志性节点。粗放式的规模扩张时代已经结束，全产业链管控能力、技术迭代能力、场景深耕能力，将成为企业的核心竞争力。
对行业，这是大考；对氟芯电池，这是检验。检验什么？成本有没有厚度，技术有没有宽度，材料有没有深度。三层底气，都在手里。扛得住，是最基本的答案；凭全产业链韧性突围，才是这场大考真正要交出的答卷。
更多行业价值资讯浏览、分享，欢迎扫描下方二维码关注我爱电车网官方微信（xevcar）！",full,,dom_or_structured_full_text,http://www.xevcar.com/gongsi/0Z115L242026.html,我爱电车网,电池,新能源汽车/储能,2026-09-02T00:13:08+00:00,,,,,error,,glm-5.2,2026-08-14,"Z.AI HTTP 400: {""type"":""error"",""error"":{""type"":""invalid_request_error"",""code"":""1301"",""message"":""[1301][系统检测到输入或生成内容可能包含不安全或敏感内容，请您避免输入易产生敏感内容的提示语，感谢您的配合。][2026090208183925ce2233c2914fea]""},""request_id"":""2026090208183925ce2233c2914fea""}"
7.8亿元！睿恩新能源高性能电芯制造工厂落地塞尔维亚,2026-09-01,"塞尔维亚政府、因吉亚市政府与睿恩新能源正式签署框架协议，将在塞尔维亚因吉亚（Inđija）建设高性能电芯制造工厂。项目一期计划投资超1亿欧元（约合人民币7.8亿元）。
图片来源：睿恩新能源
江苏睿恩新能源科技有限公司（简称“睿恩新能源”）消息显示，8月31日，塞尔维亚政府、因吉亚市政府与睿恩新能源正式签署框架协议，将在塞尔维亚因吉亚（Inđija）建设高性能电芯制造工厂。项目一期计划投资超1亿欧元（约合人民币7.8亿元）。
睿恩新能源这次在塞尔维亚建厂不仅是睿恩新能源全球制造布局的重要一步，更意味着公司正在从“产品全球化”进一步迈向“制造全球化”，通过全球制造网络建设，持续提升面向全球客户的产能保障、供应能力与交付效率。
除了海外动态，8月17日，睿恩新能源第二条卷绕装配线在江苏常州基地正式投入量产。此次2号卷绕装配线正式量产，进一步夯实了睿恩无极耳圆柱电芯制造能力，更为后续持续产能爬坡和稳定交付、布局高端赛道筑牢了产能根基。
据悉，睿恩新能源是一家专注于高比能、高倍率无极耳圆柱电池研发与制造的科技公司，总部位于江苏常州，公司研发的5.0Ah超高功率21700电池于2025年3月实现全球率先量产并批量出货，6.0Ah无极耳圆柱电芯（RS60与RH60）于2026欧洲电池展震撼首发，将于2026年开始正式量产，重新定义高功率+高比能量产新标杆。
公司同时规划了21系列和46系列等多规格产品，以满足多元化市场需求。
目前在产品端，睿恩新能源已覆盖机器人、低空经济（eVTOL、eCTOL、无人机等）、BBU、高级园林电动工具、电动超跑、电动越野摩托、e-bike等核心应用领域。
更多行业价值资讯浏览、分享，欢迎扫描下方二维码关注我爱电车网官方微信（xevcar）！",full,,dom_or_structured_full_text,http://www.xevcar.com/gongsi/0Z115L1H026.html,我爱电车网,电池,新能源汽车/储能,2026-09-02T00:13:09+00:00,,,,,error,,glm-5.2,2026-08-14,"Z.AI HTTP 400: {""type"":""error"",""error"":{""type"":""invalid_request_error"",""code"":""1301"",""message"":""[1301][系统检测到输入或生成内容可能包含不安全或敏感内容，请您避免输入易产生敏感内容的提示语，感谢您的配合。][2026090208183925ce2233c2914fea]""},""request_id"":""2026090208183925ce2233c2914fea""}"
1.6GWh！海博思创德国大型储能项目正式开工,2026-09-01,"该项目规模达400MW/1600MWh，是LEAG“GigawattFactory”综合可再生能源基地的重要组成部分。海博思创将为项目提供覆盖储能系统供货、设备集成及电站建设的全流程交付服务，进一步助力德国提升可再生能源消纳能力与电网灵活性。
图片来源：海博思创
海博思创（688411）消息显示，8月31日，位于德国萨克森州的GigaBattery Boxberg 400大型储能项目举行开工仪式。海博思创携手项目业主LEAG Clean Power GmbH及各合作伙伴，共同启动这一欧洲大型储能项目建设。
该项目规模达400MW/1600MWh，是LEAG“GigawattFactory”综合可再生能源基地的重要组成部分。海博思创将为项目提供覆盖储能系统供货、设备集成及电站建设的全流程交付服务，进一步助力德国提升可再生能源消纳能力与电网灵活性。
海博思创高级副总裁王平洋表示：“很荣幸与LEAG及各合作伙伴共同见证GigaBattery Boxberg 400项目正式开工。这个1.6GWh大型储能项目充分体现了海博思创支持德国能源转型的长期承诺。我们将依托成熟的储能系统解决方案和全面的EPC能力，推动项目高质量建设。期待项目建成后，为德国可再生能源发展提供稳定、灵活的电力支撑，并成为欧洲规模领先的电池储能设施之一。”
GigaBattery Boxberg 400项目的正式开工，是海博思创欧洲业务发展的又一重要里程碑，进一步强化了公司在德国的本地化业务布局。
值得一提的是，2026年上半年，海博思创经营业绩稳健增长，综合竞争力持续增强，全球化布局进入高速成长期。上半年，公司实现营业收入62.97亿元，同比增长39.23%；归属于上市公司股东的净利润6.32亿元，同比增长100.16%。
半年报信息显示，截至上半年，海博思创业务覆盖五大洲30余个国家，其中欧洲业务已拓展至近20国，全球化网络布局日臻完善。
具体来看，上半年，海博思创海外业务进入规模化放量阶段，全球化战略进入实质性收获期。在战略合作层面，公司与全球知名光伏与储能解决方案企业SMA Solar Technology AG签署全球战略合作协议，并与多家国际头部可再生能源基础设施与解决方案企业建立GWh级框架合作，标志着公司技术实力与品牌影响力获得国际产业界高度认可；在项目开拓层面，公司在美国、德国、意大利等主力区域持续获取GWh级订单，并在东南亚、波罗的海、巴尔干、南美等战略性新兴区域围绕电网侧储能、工商业储能、光伏配储、风电消纳等多元场景推进项目布局，全球业务版图持续扩容。为适配海外业务快速扩张需求，公司已在东南亚规划新增产能，全球化供应能力持续强化。
海博思创指出，海外业务正加速成为公司重要的业绩增长极，未来将成为驱动公司高质量增长的关键引擎。
更多行业价值资讯浏览、分享，欢迎扫描下方二维码关注我爱电车网官方微信（xevcar）！",full,,dom_or_structured_full_text,http://www.xevcar.com/gongsi/0Z115L142026.html,我爱电车网,电池,新能源汽车/储能,2026-09-02T00:13:11+00:00,,,,,error,,glm-5.2,2026-08-14,"Z.AI HTTP 400: {""type"":""error"",""error"":{""type"":""invalid_request_error"",""code"":""1301"",""message"":""[1301][系统检测到输入或生成内容可能包含不安全或敏感内容，请您避免输入易产生敏感内容的提示语，感谢您的配合。][2026090208183925ce2233c2914fea]""},""request_id"":""2026090208183925ce2233c2914fea""}"
首期规模5亿！洛能资本/碧澄能源/思格新能源/投中资产四方签约,2026-09-01,"近日，洛能资本、碧澄能源、思格新能源与投中资产四方正式签约设立网侧独立储能开发基金，首期基金目标规模5亿元人民币，目标投资装机规模1.5GWh的大储项目，以规模化优质资产奠定收益基础。
图片来源：洛能资本
据“洛能资本”发布消息，近日，洛能资本、碧澄能源、思格新能源与投中资产四方正式签约设立网侧独立储能开发基金。各方将基于各自在储能产业链条及资本市场方面的资源禀赋和专业优势，共同开发投资国内优质节点的网侧独立储能资产，首期基金目标规模5亿元人民币，目标投资装机规模1.5GWh的大储项目，以规模化优质资产奠定收益基础。
据介绍，本次合作实现了各方核心竞争优势的充分互补，构建贯穿储能资产“投、建、管、退”全生命周期的资管平台。投中资产担任基金管理人，并拟与洛能资本合资设立普通合伙人平台，统筹基金投资、运营管理，复制在分布式光伏资管领域积累的多元化产品成功管理经验以及在新能源资产证券化方面的领先优势，秉承以终为始的原则，为投资人构建收益稳健、流动性良好的优质资产组合。
其中，碧澄能源、思格新能源将共同负责基金投资项目资产的开发与建设期项目管理。思格新能源将为相关项目提供SigenTerra大型储能系统及全生命周期技术支持。SigenTerra聚焦系统级安全、灵活扩展、高效运行和智能运维，以核心设备与系统集成能力，保障储能电站长期安全、稳定运行。依托“AI in All”战略和端—边—云协同架构，思格将AI深度融入系统运行、能源调度与主动运维，通过设备状态监测、运行数据分析、故障诊断和智能调度，持续优化系统运行策略，提升电站运行效率与运维质量，为储能资产长期可靠运营提供技术支撑。
碧澄能源将担任资产并网后的运营方，依托旗下碧桐能源的电力交易平台与智能算法体系，充分发挥在电力交易、虚拟电厂聚合及负荷预测等领域的综合优势，对储能充放电策略实施多市场、多时间尺度的动态优化，持续提升资产经营表现与价值回报。在此基础上，碧澄能源还将该运营体系与旗下工商业分布式清洁能源资产深度协同，将分散的源、荷、储资源统一聚合，构成具备协同响应能力的虚拟电厂网络，最大化整体资产组合的市场价值与调节灵活性。
更多行业价值资讯浏览、分享，欢迎扫描下方二维码关注我爱电车网官方微信（xevcar）！",full,,dom_or_structured_full_text,http://www.xevcar.com/gongsi/0Z115L162026.html,我爱电车网,电池,新能源汽车/储能,2026-09-02T00:13:13+00:00,,,,,error,,glm-5.2,2026-08-14,"Z.AI HTTP 400: {""type"":""error"",""error"":{""type"":""invalid_request_error"",""code"":""1301"",""message"":""[1301][系统检测到输入或生成内容可能包含不安全或敏感内容，请您避免输入易产生敏感内容的提示语，感谢您的配合。][2026090208183925ce2233c2914fea]""},""request_id"":""2026090208183925ce2233c2914fea""}"
Waymo's Newest City Brings Its Biggest Challenge Yet: Rides In The Snow,2026-09-01,"Waymo currently offers service in warm climates, with mild winters. Now, it's heading to a city that gets around 56"" of snow per year.
Photo by:
Mack Hogan/InsideEVs
11:59am ET
Waymo opened up driverless rides in three more cities: San Diego, Tampa, and Denver.
The last one is the most notable, since it's Waymo's first commercial deployment in a snowy area.
So far, autonomous vehicles have mostly operated in the West and South, in cities with temperate climates.
Waymo expanded its robotaxi service to three new cities on Tuesday, marking a new phase in its ongoing, aggressive expansion phase. Select riders will now be able to hail fully autonomous Waymos without safety drivers in Denver, San Diego, and Tampa, Florida, the company says.
This is a playbook we've seen before. The company usually starts with an invite-only period, followed by a relatively quick ramp to fuller service. But it's far from a first move: I live in San Diego, and have been consistently seeing the Zeekr Ojai vans in my neighborhood since they first began testing last fall. (
I even wrote about it, back before the name ""Ojai"" was even announced.
Gallery: Zeekr Waymo Cab Electrify America
The big news isn't the expansion—though it's noteworthy that Waymo continues to rack up new cities as Tesla races to catch up. It's the new challenge that Waymo is taking on. All Waymo deployments thus far have been in cities that do not or rarely experience snow. Nashville, Tennessee, is the coldest, and it gets less than 5.0 inches of snowfall in an average year. Denver gets far more. It receives around 56 inches of snow per year on average,
according to the National Weather Service.
Waymo's announcement did not explicitly say whether the robotaxis would operate in snowy weather. The company can and does pause operations during severe weather events, like heavy storms in Miami or dust storms in Arizona.
The Waymo Ojai
Photo by: Waymo
""If weather conditions deteriorate to the point that we believe it would affect the safe operation of our cars, Waymo vehicles are designed to come to a safe stop until conditions improve—just like a motorcyclist might stop under an overpass in heavy rain,"" a post in the
company's safety blog says
But there's reason to believe that Waymo is getting closer to offering service in the snow. The company has done snowy testing in Novi, Michigan, outside of Detroit, and Buffalo, New York, which gets absolutely hammered by winter storms. The company announced last year that service would also come to Detroit and New York City, although the New York plan was kiboshed by local regulations. These aren't cities you'd target if you were afraid of snow.
I'm excited to see how Waymos handle snowy conditions at scale. While it poses a driving challenge that is, for humans, an order of magnitude more difficult, it is also an environment where I think autonomous technologies will provide their biggest advantage.
San Diego and Denver are the first cities to exclusively receive the new Zeekr Ojai taxis. They run on the company's latest hardware and software stack.
Photo by: Waymo
Growing up in Cleveland, Ohio, driving mostly front-wheel-drive cars on all-seasons through my fair share of multi-foot snowstorms, I learned a bit about how people drive in the snow. The key takeaway: Humans are not very good at it.
The combination of impaired visibility and far lower grip makes it much harder to react in time. Reactionary, quick inputs often lead to slides and collisions. Human drivers seem to consistently underestimate and misunderstand this risk, driving too fast for conditions, or applying the throttle midway through a corner and pirouetting. The only thing that consistently saves them is their vehicle's stability control system, which reacts nearly instantaneously, and prevents them from spinning out.
An AV that can apply that sort of instantaneous control logic to every driver input—plus see in low-visibility conditions using lidar and understand where buried road features are using HD maps—could be a lot safer. Getting to that point will require a lot of testing and problem solving. But based on today's news, we're getting closer.
More Tech News
Facebook
LinkedIn
Flipboard
WhatsApp
RECOMMENDED FOR YOU
Toyota’s Tesla-FSD Like System Arrives In 2028, But With Key Differences
I Drove The $138,000 Range Rover Electric Off-Road. It Was Exceptional
Tesla's Cybercab Launch Is Next Week. Here's What Tesla Still Needs To Prove
Tesla Adds Cybercabs To Its Texas Robotaxi Fleet Ahead Of Launch Event
Waymo Just Took A Not-So-Subtle Dig At Tesla’s Self-Driving Strategy
He Charged A Chevy Bolt At A Hyundai Dealer. Then He Got A $418 Bill
Nevada Opens The Door To Thousands Of Paid Robotaxis, And Tesla Has The Edge",full,,dom_or_structured_full_text,https://insideevs.com/news/806758/waymo-denver-san-diego-tampa-launch-day/,INSIDEEVs,电池,电动汽车,2026-09-02T00:14:01+00:00,,,,,error,,glm-5.2,2026-08-14,"Z.AI HTTP 400: {""type"":""error"",""error"":{""type"":""invalid_request_error"",""code"":""1301"",""message"":""[1301][系统检测到输入或生成内容可能包含不安全或敏感内容，请您避免输入易产生敏感内容的提示语，感谢您的配合。][2026090208183925ce2233c2914fea]""},""request_id"":""2026090208183925ce2233c2914fea""}"
"This 3-Year-Old Tesla Model Y Went 100,000 Miles And Barely Fast-Charged. Here's How The Battery Held Up",2026-09-01,"If you think avoiding fast chargers can save you from EV battery degradation, think again.
5:49pm ET
Live fast, die young, right? Well, maybe not for an EV.
Common EV wisdom says that DC fast charging, while incredibly convenient and necessary for many drivers, can increase battery degradation over time. Shoving electrons into the battery as fast as possible isn't typically ideal for battery longevity. However, YouTube host Branden Flasch recently bought a used
Tesla Model Y
with over 110,000 miles on—and it shows a surprising amount of battery degradation despite almost never being fast-charged.
So what gives?
A Tesla Model Y Battery After 100,000 Miles
The 2023 Model Y Long Range All-Wheel Drive in question only had about 2 megawatt-hours of DC fast-charging, but over 40 MWh of AC charging, according to Tesla's battery health test. It even had more charging from regen braking than DC fast-charging. With 111,703 miles in right around three years (including the cross-country trip Flasch took after buying it), the previous owner clearly drove a ton. But EVs that pack on this kind of mileage in a short time span often
DC charge a lot—because they're Uber drivers or the like. This owner, though, seems to have simply had a very long commute: 105 miles each way, according to Sentry Mode footage unearthed by Flasch from the Model Y's flash drive.
Regardless of why, the numbers don't lie. After driving the car back from the West Coast all the way to the East Coast, using Superchargers along the way, Flasch saw 77% battery health, using the Tesla's own in-car battery health test. That's a 23% reduction in just three years, which is on the more aggressive side. Using the third-party Tessie app, he saw 80.95%, which is about four percentage points better than what Tesla's own app showed.
Does Fast Charging Actually Hurt EV Batteries?
In some ways, the result isn't actually all that surprising. That's because the common wisdom that excessive fast-charging ruins EV batteries isn't totally grounded in reality. For example, battery-health startup Recurrent
studied 13,000 Teslas
and found that ""fast charging is not having the negative effect we expected.""
Stay informed with our newsletter every weekday
The proportion of fast charging an EV has experienced isn't actually a good predictor of battery health, Davide Giacobbe, cofounder of the EV health company Voltest, has told InsideEVs in the past. While fast charging can heat up a battery and contribute to capacity loss, he said in a recent
LinkedIn post
, the thermal management systems in modern EVs are well equipped to handle that.
Other variables can have a far greater impact on EV longevity than charging, he said, and that may help explain what's going on here.
One explanation could be that the previous owner charged to 100% and discharged to near-empty frequently. The owner may have just plugged it in at night, topping it all the way off, and then drove a helluva commute the following day. Another explanation has to do with climate. The car was originally from the Palm Springs, California, area, which regularly sees daytime temperatures in the triple digits Fahrenheit. So a ton of use in extreme heat might have caused the battery to degrade more quickly than normal.
The moral of the story, though, is that there's far more to battery degradation than fast charging or even the number on the odometer. A growing body of evidence shows that, on the whole,
modern EV batteries can go the distance
. And if it's fast-charging you're worried about, fret not. It doesn't seem to be as big of an issue as other factors.
More EV Degradation Stories
Facebook
LinkedIn
Flipboard
WhatsApp
RECOMMENDED FOR YOU
I Drove The $138,000 Range Rover Electric Off-Road. It Was Exceptional
Toyota’s Tesla-FSD Like System Arrives In 2028, But With Key Differences
Tesla Adds Cybercabs To Its Texas Robotaxi Fleet Ahead Of Launch Event
Waymo's Newest City Brings Its Biggest Challenge Yet: Rides In The Snow
He Charged A Chevy Bolt At A Hyundai Dealer. Then He Got A $418 Bill
Honda And Nissan Team Up To Make The Brains Of Future Cars
EVs Hit A Record 98.7% Market Share In Norway. These Are The Top Sellers",full,,dom_or_structured_full_text,https://insideevs.com/news/806653/high-mileage-tesla-fast-charging/,INSIDEEVs,电池,电动汽车,2026-09-02T00:14:03+00:00,,,,,error,,glm-5.2,2026-08-14,"Z.AI HTTP 400: {""type"":""error"",""error"":{""type"":""invalid_request_error"",""code"":""1301"",""message"":""[1301][系统检测到输入或生成内容可能包含不安全或敏感内容，请您避免输入易产生敏感内容的提示语，感谢您的配合。][2026090208183925ce2233c2914fea]""},""request_id"":""2026090208183925ce2233c2914fea""}"
Honda And Nissan Team Up To Make The Brains Of Future Cars,2026-09-01,"Honda And Nissan Team Up To Make The Brains Of Future Cars
The companies will develop common hardware and software for vehicles coming in 2029 and beyond.
- Nissan and Honda's merger collapsed last year, but they're working together in a new way.
- The two companies announced they would develop common computers and operating systems for software-defined vehicles.
- Vehicles on these new platforms should roll out starting in 2029, the companies said on Monday.
It's finally happening: Honda and Nissan are officially joining forces. The Japanese automakers nearly merged, but those negotiations fell through last year. Now the companies have announced concrete plans to work together on software-defined vehicles, as they both work to combat what's coming out of China and Silicon Valley.
On Monday, the companies said they have entered into a joint development agreement to standardize core electronic control units (ECUs), vehicle operating systems, middleware, and vehicle control software for future vehicles. Specifically, the ECUs include high-performance main computers and zonal ECUs that control specific areas of the vehicle.
""Recognizing the need to strengthen competitiveness through faster development cycles and more efficient investment, the two companies have conducted extensive studies on potential collaboration in the software domain,"" the companies said in a press release.
While Honda's press release doesn't explicitly mention EVs, it says that the new ECUs and vehicle operating systems will underpin SDVs coming in 2029 and beyond. The press release also says that both brands will continue to explore technologies that ""accelerate progress toward carbon neutrality.""
The partnership may be welcome news for two automakers that have struggled as of late—especially in EVs. Honda recently posted its first annual loss in its history as a public company and blamed, in part, fast-moving, high-tech competition in China. Honda's Prologue is following the Acura ZDX out the door in the U.S., leaving the company without an EV in the country. Nissan's global sales have fallen for six of the last seven fiscal years. It still has the Leaf but the Ariya died, too. Both brands working together may help them catch up to competitors like Hyundai, Toyota, and General Motors—not to mention BYD and Tesla.
Perhaps more importantly, this helps Honda and Nissan take on the growing Chinese market, where having good software-defined technology is crucial. This partnership might not be the last such team-up we see in Japan either. Toyota recently said that Japanese automakers should partner up if they want to survive against Chinese carmakers.
RECOMMENDED FOR YOU
I Drove The $138,000 Range Rover Electric Off-Road. It Was Exceptional
Toyota’s Tesla-FSD Like System Arrives In 2028, But With Key Differences
Tesla Adds Cybercabs To Its Texas Robotaxi Fleet Ahead Of Launch Event
Waymo's Newest City Brings Its Biggest Challenge Yet: Rides In The Snow
He Charged A Chevy Bolt At A Hyundai Dealer. Then He Got A $418 Bill
This 3-Year-Old Tesla Model Y Went 100,000 Miles And Barely Fast-Charged. Here's How The Battery Held Up
EVs Hit A Record 98.7% Market Share In Norway. These Are The Top Sellers",full,,trafilatura_full_text,https://insideevs.com/news/806639/honda-nissan-ecu-partnership/,INSIDEEVs,电池,电动汽车,2026-09-02T00:14:05+00:00,,,,,error,,glm-5.2,2026-08-14,"Z.AI HTTP 400: {""type"":""error"",""error"":{""type"":""invalid_request_error"",""code"":""1301"",""message"":""[1301][系统检测到输入或生成内容可能包含不安全或敏感内容，请您避免输入易产生敏感内容的提示语，感谢您的配合。][2026090208183925ce2233c2914fea]""},""request_id"":""2026090208183925ce2233c2914fea""}"
"Nissan's 'Home Run' Hybrid SUV Arrives In November To Rival Toyota RAV4, Honda CR-V",2026-09-01,"Nissan's 'Home Run' Hybrid SUV Arrives In November To Rival Toyota RAV4, Honda CR-V
The Japanese automaker has missed out on the hybrid sales boom. That could soon change with the Rogue e:Power.
- The Nissan Rogue e:Power arrives this November to rival the Toyota RAV4 and Honda CR-V Hybrid.
- The Japanese automaker has moved up its launch timeline twice.
- Hybrid sales are booming in the U.S. due to high gas prices.
Despite being an early electric vehicle pioneer with the first-generation Leaf in 2010, Nissan has been notably absent from the powertrain Americans are gravitating toward most: hybrids. The Japanese automaker does offer the Rogue plug-in hybrid in the U.S., but that’s basically a rebadged Mitsubishi Outlander PHEV. Now, Nissan is preparing to launch the fourth-generation Rogue in the U.S., with the hybrid arriving first, followed by non-hybrid versions.
The automaker has fast-tracked the launch of the Rogue e:Power twice, bringing its U.S. arrival forward from mid-2027 to January and now to November of this year, Automotive News reported Monday. Nissan told InsideEVs at the New York Auto Show in April of this year that the Rogue hybrid was expected to arrive in late 2026.
The urgency is stemming from Nissan’s need to capitalize on the booming demand for hybrids and finally take on a segment that Toyota and Honda have dominated for years. Hybrid sales have surged this year as higher gas prices, fueled due to the U.S. war in Iran, have pushed more buyers toward more efficient vehicles. Sales were already growing before the conflict, but the war has provided a fresh boost.
“We believe this hybrid is a home run, so we did everything we could to bring it earlier,” Tiago Castro, the senior vice president of U.S. marketing and sales at Nissan told Automotive News.
Gallery: 2027 Nissan Rogue
The Rogue e:Power will have a different hybrid setup than the systems used by its Japanese rivals. Unlike Honda’s parallel-hybrid setup or Toyota’s power-split system, the Rogue will use a pure series-hybrid configuration. In other words, it will drive much like an EV, with electric motors powering the wheels, while the gas engine keeps the battery charged or directly feeds power to the electric motors. There’s no plug-in port, so the battery is charged solely by the engine and regenerative braking.
Automakers also call these extended-range electric vehicles,(EREVs) but the Rogue e:Power is not to be confused with the big battery plug-in vehicles that are on track to launch in the U.S. soon, like the Jeep Grand Wagoneer EREV or the next-generation Ford F-150 Lightning.
The Rogue’s 1.5-liter turbocharged three-cylinder engine acts primarily as a generator, feeding a relatively small 2-kilowatt-hour battery that supplies power to the electric motors. The wheels are driven exclusively by those motors. The gas engine’s job is simply to power the battery and the e-motors and keep the system operating in its most efficient range.
""The driving dynamics, the packaging, the acceleration, it's all electric,"" Ponz Pandikuthira, chief product and planning officer at Nissan Americas, told InsideEVs in an interview earlier this year. ""The internal combustion engine never drives the wheels.""
Nissan expects the Rogue e:Power to deliver upwards of 40 miles per gallon, which would put it roughly on par with the Toyota RAV4 and slightly ahead of the Honda CR-V Hybrid. If Nissan can deliver on that promise while retaining the Rogue’s familiar practicality, it could have a compelling alternative to the established hybrid heavyweights.
The Rogue already has plenty of momentum in the U.S. Sales rose 24% year over year in the first six months of this year, reaching 135,970 units. That still puts it well behind the CR-V, which sold 226,114 units during the same period, with hybrids accounting for 55% of those sales. Toyota sold 153,955 RAV4s over the same period, a 35% year-over-year decline. That drop is largely due to the sixth gen RAV4’s production ramp up. The RAV4 is now offered exclusively as a hybrid or a plug-in hybrid.
Despite being a latecomer to the hybrid SUV party, the timing couldn’t have been better for the Rogue e:Power’s arrival. Now whether it can close the gap with the RAV4 and CR-V will be the real test starting in November.
RECOMMENDED FOR YOU
A New Kind Of Hybrid Is Coming. See The 9 Extended-Range EVs Hitting America Soon
He Charged A Chevy Bolt At A Hyundai Dealer. Then He Got A $418 Bill
The 17 Cheapest Electric Cars In 2026 (Updated)
EVs Hit A Record 98.7% Market Share In Norway. These Are The Top Sellers
I Drove The $138,000 Range Rover Electric Off-Road. It Was Exceptional
Toyota’s Tesla-FSD Like System Arrives In 2028, But With Key Differences
Tesla Adds Cybercabs To Its Texas Robotaxi Fleet Ahead Of Launch Event",full,,trafilatura_full_text,https://insideevs.com/news/806636/nissan-rogue-epower-hybrid-suv-launch-america/,INSIDEEVs,电池,电动汽车,2026-09-02T00:14:08+00:00,,,,,error,,glm-5.2,2026-08-14,"Z.AI HTTP 400: {""type"":""error"",""error"":{""type"":""invalid_request_error"",""code"":""1301"",""message"":""[1301][系统检测到输入或生成内容可能包含不安全或敏感内容，请您避免输入易产生敏感内容的提示语，感谢您的配合。][2026090208183925ce2233c2914fea]""},""request_id"":""2026090208183925ce2233c2914fea""}"
Here's Our Best Look Yet At The Volkswagen ID.4 Successor,2026-09-01,"A boxier face, normal door handles, updated underpinnings and a new (but familiar) name are all coming to VW’s electric SUV.
Photo by:
Autogefühl
12:44pm ET
This is the successor to the Volkswagen ID.4 and ID.5, which looks a lot more like a Tiguan.
YouTuber Autogefühl got a peek at a lightly camouflaged model.
It's part of VW's plan to make its EVs better align with its gas car offerings, in style and naming.
The Volkswagen ID.4 and its coupe-like brother, the ID.5, have proven popular, with over 900,000 units delivered combined since the 2021 debut through February of this year. However, since its launch, VW has had a change of heart about making its EVs look quirky and futuristic. So the ID.4 is getting a major makeover to more closely resemble the combustion-powered Tiguan.
We’ve known this is coming for a while, but now we've gotten our first glimpse of what the heavily revised,
Tiguan-ized ID.4
will look like. German YouTuber Autogefühl posted a short video showcasing the vehicle’s exterior and interior design, both still partly hidden by camouflage.
The exterior gets a wrap that hides some of the new details, but we can clearly make out the boxier, more upright Tiguan-like shape. It looks nothing like the current ID.4, and the same goes for the rear, which has also been completely reimagined, adopting the same squared-off style as the front and most of the current VW lineup.
Thomas doesn’t show the side of the vehicle. But we can see that the door handles are now more conventional.
Volkswagen likely had to work within the same hard points as
the ID.4
but make the new model look completely different. Even with the camouflage, it looks like the manufacturer may have just pulled it off.
Stay informed with our newsletter every weekday
We don’t get a look inside the new vehicle, but we expect a makeover there too. VW executives have spoken at length about
bringing more physical buttons
into its interiors. The new ID. Polo got a redesigned steering wheel with lots of actual buttons. Plus it features four window switches by the driver for all four windows, rather than the frustrating capacitive setup found on the current ID.4.
This heavily revised ID.4 is part of VW’s broader move away from making its EVs look like a separate, futuristic family. Its new electric models are being styled much more like their combustion-powered counterparts and
borrowing their names
The ID.2all concept
, for instance, became the more conventionally styled
ID. Polo
. The IG Metall auto workers union in Germany has
the new model will be called the ID. Tiguan, but VW hasn't confirmed that.
Volkswagen is expected to unveil this electric SUV in full on October 9, when we’ll learn whether the technical overhaul is as extensive as the visual one, and if the ID.4 name will be dropped.
More On This
Facebook
LinkedIn
Flipboard
WhatsApp
RECOMMENDED FOR YOU
VW Turned The ID. Buzz Into An Electric Camper Van. The U.S. Is Next.
Tesla Adds Cybercabs To Its Texas Robotaxi Fleet Ahead Of Launch Event
Home EV Charging Has A Hidden Cost. Here’s How To Reduce It And Lower Your Bill
He Charged A Chevy Bolt At A Hyundai Dealer. Then He Got A $418 Bill
This Kit Turns The Volkswagen ID. Buzz Into A More Capable Off-Road Van
EVs Hit A Record 98.7% Market Share In Norway. These Are The Top Sellers
I Drove The $138,000 Range Rover Electric Off-Road. It Was Exceptional",full,,dom_or_structured_full_text,https://insideevs.com/news/806623/vw-id4-makeover-id-tiguan/,INSIDEEVs,电池,电动汽车,2026-09-02T00:14:10+00:00,,,,,error,,glm-5.2,2026-08-14,"Z.AI HTTP 400: {""type"":""error"",""error"":{""type"":""invalid_request_error"",""code"":""1301"",""message"":""[1301][系统检测到输入或生成内容可能包含不安全或敏感内容，请您避免输入易产生敏感内容的提示语，感谢您的配合。][2026090208183925ce2233c2914fea]""},""request_id"":""2026090208183925ce2233c2914fea""}"
超10GWh！比亚迪、海博思创等4企获储能项目及订单,2026-09-01,"集邦光储观察获悉，近期储能市场订单及项目合作持续落地，海博思创、SK On、比亚迪电池、智光电气等企业相继取得储能项目或电芯订单，覆盖储能系统集成、电池电芯供应及EPC等环节，项目规模合计超10GWh。
海博思创获1.6GWh德国储能项目订单
8月31日，德国萨克森州GigaBattery Boxberg 400大型储能项目正式开工。海博思创将为项目提供储能系统供货、设备集成及电站建设等全流程交付服务。
该项目规模达400MW/1600MWh，位于德国博克斯贝格电厂原二号厂区，将采用海博思创HyperBlock III液冷储能系统，建成后将用于提升风电、光伏等可再生能源的消纳能力及电网灵活性。
SK On获9GWh美国储能电池订单
8月31日，SK On宣布，公司已与美国ESS企业NeoVolta Power签署储能用电池电芯供应合同。
根据协议，SK On将在2027年至2031年期间，向NeoVolta Power供应总计9GWh的LFP软包电池电芯，产品将由SK On位于美国佐治亚州的工厂生产。
此外，双方计划年内进一步签署9GWh规模的LFP电芯外包供应合同，并采购NeoVolta Power生产的电池包成品，届时双方合作规模预计扩大至18GWh。
比亚迪电池与乌兰巴托签署新能源合作
近日，比亚迪电池与蒙古国首都乌兰巴托市签署战略合作谅解备忘录，双方将围绕绿色交通、新能源基建及智慧储能等领域推进合作。
根据备忘录，双方将重点推动新能源汽车规模化应用、城市绿色驿站快充网络建设、电池储能系统（BESS）项目以及“Sky Shuttle（云巴）”智慧公共交通项目。其中，在储能领域，双方将通过落地BESS项目优化城市能源结构，提升能源利用效率及供电稳定性。
智光电气获2.6亿元储能项目EPC订单
8月31日，智光电气发布公告称，公司控股孙公司广州华跃电力工程设计有限公司近日与广州从化怡亚储能科技有限公司签订《广州市从化150MW/300MWh新型独立储能项目EPC总承包合同》，合同金额合计2.595亿元。
根据合同，华跃电力负责该项目EPC总承包。智光电气表示，合同涉及业务为公司主营业务，若顺利履行，预计将对公司本年度及未来年度经营业绩产生积极影响。
集邦光储观察整理
1、EnergyTrend-集邦新能源网」包含的内容和信息是根据公开资料分析和演释，该公开资料，属可靠之来源搜集，但这些分析和信息并未经独立核实。本网站有权但无此义务，改善或更正在本网站的任何部分之错误或疏失。
2、任何在「EnergyTrend-集邦新能源网」上出现的信息（包括但不限于公司资料、资讯、研究报告、产品价格等），力求但不保证数据的准确性，均只作为参考，您须对您自主决定的行为负责。如有错漏，请以各公司官方网站公布为准。
3、「EnergyTrend-集邦新能源网」信息服务基于""现况""及""现有""提供，网站的信息和内容如有更改恕不另行通知。
4、「EnergyTrend-集邦新能源网」尊重并保护所有使用用户的个人隐私权，您注册的用户名、电子邮件地址等个人资料，非经您亲自许可或根据相关法律、法规的强制性规定，不会主动地泄露给第三方。
「EnergyTrend-集邦新能源网」所刊原创内容之著作权属于「EnergyTrend-集邦新能源网」网站所有，未经本站之同意或授权，任何人不得以任何形式重制、转载、散布、引用、变更、播送或出版该内容之全部或局部，亦不得有其他任何违反本站著作权之行为。
华宝新能拟参设2.5亿产业基金，拓展光储等产业布局
注资合计超4.15亿元，又3家储能新公司设立
智光电气/派能科技/果下科技发布最新业绩
中创新航：2026年H1预计实现净利润15.06-15.81亿
思源电气：2026年H1储能业务营收同比增长231%",full,,dom_or_structured_full_text,https://www.energytrend.cn/news/20260901-148496.html,EnergyTrend储能,储能,储能/电池/光伏,2026-09-02T00:14:16+00:00,,,,,error,,glm-5.2,2026-08-14,"Z.AI HTTP 400: {""type"":""error"",""error"":{""type"":""invalid_request_error"",""code"":""1301"",""message"":""[1301][系统检测到输入或生成内容可能包含不安全或敏感内容，请您避免输入易产生敏感内容的提示语，感谢您的配合。][2026090208183925ce2233c2914fea]""},""request_id"":""2026090208183925ce2233c2914fea""}"
近1GW！晶科/通威/华晟/弘元新签组件订单一览,2026-09-01,"集邦光储观察获悉，近期晶科、通威、华晟、弘元绿能相继斩获海外及国内订单，覆盖大型地面电站、工商业分布式等应用场景。
晶科连续斩获290MW海外组件订单
近日，晶科能源连续签署多项海外组件供货协议，项目覆盖保加利亚、希腊及肯尼亚市场，累计订单规模超过286MW。
其中，晶科能源与保加利亚项目方签署110.28MW高效组件供货协议，产品全部采用飞虎系列N型双面组件，用于保加利亚东南部大型地面电站建设。
与此同时，晶科能源与希腊可再生能源开发商签署176.14MW高效组件供货协议，同样全部采用飞虎系列N型高效双面组件，主要用于希腊中部大型地面电站建设。
除大型地面电站项目外，晶科能源飞虎3组件还入选肯尼亚私营医疗领域光伏项目。该项目由Cytek与Redington Green Energy作为独家供应商，联合肯尼亚城乡私营医院协会（RUPHA）推进，计划覆盖肯尼亚全国780余家私营医院，首阶段覆盖100家医院，单家医院平均配置约40kWp光伏系统及80kWh储能系统。
通威净界防积灰组件首批发运，订单超50MW
近日，通威净界防积灰组件在通威太阳能科技盐城基地完成首批发运，首批订单规模超过50MW。目前，相关产品正陆续发往江西振业新能源、安徽中浩能源电力等分布式战略合作伙伴。
据悉，截至目前已有16MW完成项目发运，产品将应用于河北某污水处理厂、赣州某工商业屋顶项目，主要面向污水处理、制造等高粉尘工商业应用场景。
通威净界防积灰组件采用短A面全包裹防积灰边框设计，并搭配双玻结构，以减少边框积灰、积水带来的发电损失及运维压力。此次首批产品完成发运，标志着该产品正式进入规模化市场应用阶段。
华晟新能源获缅甸13.7MW组件订单
近日，华晟新能源获得缅甸直通市光伏项目13.7MW组件订单，采购方为HB Vantage，项目全部采用华晟新能源Himalaya PLUS高效异质结组件，计划于8月底完成交付。
此次订单也是Himalaya PLUS继海外首单后再次实现海外项目落地，进一步拓展华晟新能源在东南亚市场的组件业务。
弘元绿色中标准格尔旗600MW光伏项目
8月25日，内蒙古准格尔旗光之源600MW光伏项目光伏组件设备采购项目中标候选人公示，弘元绿能为第一中标候选人，投标报价约5.04亿元，投标单价0.698元/W。
根据招标公告，该项目计划采购N型单晶硅双面双玻光伏组件722.61MW，单块组件正面功率为725W。
按照计划，项目组件交货时间为2026年8月15日至10月25日。
集邦光储观察整理
1、EnergyTrend-集邦新能源网」包含的内容和信息是根据公开资料分析和演释，该公开资料，属可靠之来源搜集，但这些分析和信息并未经独立核实。本网站有权但无此义务，改善或更正在本网站的任何部分之错误或疏失。
2、任何在「EnergyTrend-集邦新能源网」上出现的信息（包括但不限于公司资料、资讯、研究报告、产品价格等），力求但不保证数据的准确性，均只作为参考，您须对您自主决定的行为负责。如有错漏，请以各公司官方网站公布为准。
3、「EnergyTrend-集邦新能源网」信息服务基于""现况""及""现有""提供，网站的信息和内容如有更改恕不另行通知。
4、「EnergyTrend-集邦新能源网」尊重并保护所有使用用户的个人隐私权，您注册的用户名、电子邮件地址等个人资料，非经您亲自许可或根据相关法律、法规的强制性规定，不会主动地泄露给第三方。
「EnergyTrend-集邦新能源网」所刊原创内容之著作权属于「EnergyTrend-集邦新能源网」网站所有，未经本站之同意或授权，任何人不得以任何形式重制、转载、散布、引用、变更、播送或出版该内容之全部或局部，亦不得有其他任何违反本站著作权之行为。
通威、晶科、中环发布半年报业绩，出货量刷新高
超1GWh，晶科/阳光电源等5企获储能订单
晶科/弘元/华晟/尚德获海内外光伏组件订单
7月组件定标18.07GW，TCL 中环、晶澳、天合领跑
晶科/TCL中环/正泰获超300MW组件订单",full,,dom_or_structured_full_text,https://www.energytrend.cn/news/20260901-148489.html,EnergyTrend储能,储能,储能/电池/光伏,2026-09-02T00:14:17+00:00,,,,,error,,glm-5.2,2026-08-14,"Z.AI HTTP 400: {""type"":""error"",""error"":{""type"":""invalid_request_error"",""code"":""1301"",""message"":""[1301][系统检测到输入或生成内容可能包含不安全或敏感内容，请您避免输入易产生敏感内容的提示语，感谢您的配合。][2026090208183925ce2233c2914fea]""},""request_id"":""2026090208183925ce2233c2914fea""}"
超2.3GWh！楚能新能源等6企储能订单集中落地,2026-09-01,"集邦光储观察获悉，近期储能市场订单及项目签约持续落地，楚能新能源、库博能源、蜂巢能源等企业相继获得储能订单，覆盖电芯供应、储能系统及EPC等业务。
楚能签署多项合作协议，获1.5GWh电芯订单
8月25日至27日，在南美智慧能源展上，楚能新能源与运达、Intermepro、ION Energy、JSN Energia四家企业签署合作协议，进一步拓展巴西、阿根廷等拉美市场。
8月25日，楚能与阿根廷Intermepro签署谅解备忘录，双方将围绕美洲区本地仓储、物流、现场交付、调试及售后服务等环节展开更紧密的协同，服务范围覆盖美国、波多黎各、墨西哥、中美洲及南美洲。
同日，楚能与巴西ION Energy签署谅解备忘录。双方将依托ION Energy在巴西本土的系统集成及运维能力，共同拓展农业灌溉、工商业用电等储能应用市场。
8月26日，楚能新能源与运达能源科技集团签署1.5GWh电芯框架协议。根据协议，运达在巴伊亚州卡马萨里建设了首个海外储能工厂，设计年产能1.5GWh，楚能将作为电芯核心供应商，服务运达巴西本地化制造基地，共同打造拉美本地储能产业链协同生态。
8月27日，楚能新能源与巴西JSN Energia签署谅解备忘录，双方围绕储能设备销售展开合作，共同拓展巴西大型储能及工商业储能市场。
库博能源助力捷克120MWh储能项目投运
近日，捷克利普尼采（Lipnice）57MW/120MWh电池储能项目正式商业投运。库博能源（Cubenergy）为该项目独家储能系统供应商，提供全套电池储能系统及核心技术支持。
项目位于捷克索科洛夫地区，由SUAS GROUP与EIF投资集团联合打造，总投资约4亿捷克克朗，储能规模为57MW/120MWh，配套配置144个储能电池柜、18套PCS及9套一体式箱变设备，采用库博能源FlexCombo电池储能系统。
蜂巢能源供货贵州80MWh工商储项目并网
8月25日，贵州瓮安80MWh工商业储能项目完成并网。蜂巢能源为项目提供16台5.16MWh短刀液冷储能集装箱系统，总容量约80MWh。
项目位于贵州省黔南布依族苗族自治州瓮安县，主要服务当地工业用电需求。项目共部署16套蜂巢能源5.16MWh短刀液冷储能集装箱系统，采用短刀叠片电芯、液冷温控等技术方案。
拓嘉新能源320kWh储能系统落地赞比亚
近日，拓嘉新能源一套320kWh储能系统在赞比亚项目现场投入运行并实现发电，进一步拓展非洲储能市场。
该项目采用两簇160kWh储能电池系统，总容量320kWh，搭配125kW锦浪逆变器。系统可与光伏协同运行，将白天多余电能储存，并根据负载需求进行放电，实现电能灵活调度。
陕西中昊电气集团签约独立储能项目
8月28日，陕西中昊电气集团与山东嘉阳新能源科技有限公司签署沂源县大张庄镇嘉阳200MW/382.5MWh独立储能项目合同，合同总金额约5.2亿元。
项目总规模为200MW/382.5MWh，其中包括190MW/380MWh磷酸铁锂电池储能系统和10MW/2.5MWh飞轮储能系统，同时配套建设220kV升压站、送出线路及附属道路。
此次项目采用电化学储能与飞轮储能组合方案，陕西中昊电气集团将参与项目EPC合作实施，服务范围覆盖储能系统及相关配套设施建设。
尚方能源签约240MWh独立储能项目
8月21日，北京尚方智慧清洁能源有限公司与上海怡云智慧能源有限公司、横琴华通金融租赁有限公司签署怡云60MW/240MWh独立储能项目合作协议。
项目位于上海市奉贤区，规划建设规模为60MW/240MWh，占地约19亩，采用磷酸铁锂和半固态电池两种技术路线，其中磷酸铁锂储能系统规模为35MW/140MWh，半固态电池储能系统规模为25MW/100MWh，并配套建设110kV升压站。
此次项目采用EPC总承包模式，尚方能源负责项目勘察设计、设备材料采购、建筑安装、调试试验、涉网试验、电力外线协调及竣工验收等工作。
集邦光储观察整理
1、EnergyTrend-集邦新能源网」包含的内容和信息是根据公开资料分析和演释，该公开资料，属可靠之来源搜集，但这些分析和信息并未经独立核实。本网站有权但无此义务，改善或更正在本网站的任何部分之错误或疏失。
2、任何在「EnergyTrend-集邦新能源网」上出现的信息（包括但不限于公司资料、资讯、研究报告、产品价格等），力求但不保证数据的准确性，均只作为参考，您须对您自主决定的行为负责。如有错漏，请以各公司官方网站公布为准。
3、「EnergyTrend-集邦新能源网」信息服务基于""现况""及""现有""提供，网站的信息和内容如有更改恕不另行通知。
4、「EnergyTrend-集邦新能源网」尊重并保护所有使用用户的个人隐私权，您注册的用户名、电子邮件地址等个人资料，非经您亲自许可或根据相关法律、法规的强制性规定，不会主动地泄露给第三方。
「EnergyTrend-集邦新能源网」所刊原创内容之著作权属于「EnergyTrend-集邦新能源网」网站所有，未经本站之同意或授权，任何人不得以任何形式重制、转载、散布、引用、变更、播送或出版该内容之全部或局部，亦不得有其他任何违反本站著作权之行为。
电池消费税9月起执行，明确储能系统不需要缴纳消费税
阳光电源、创维等3企储能订单传新动态
欣旺达：2026H1储能系统出货14.7GWh，同增64.98%
32亿！盛新锂能拟在津巴布韦、尼日利亚建硫酸锂项目
超4.8GWh，华为、易事特等3企披露储能订单新进展",full,,dom_or_structured_full_text,https://www.energytrend.cn/news/20260901-148487.html,EnergyTrend储能,储能,储能/电池/光伏,2026-09-02T00:14:19+00:00,,,,,error,,glm-5.2,2026-08-14,"Z.AI HTTP 400: {""type"":""error"",""error"":{""type"":""invalid_request_error"",""code"":""1301"",""message"":""[1301][系统检测到输入或生成内容可能包含不安全或敏感内容，请您避免输入易产生敏感内容的提示语，感谢您的配合。][2026090208183925ce2233c2914fea]""},""request_id"":""2026090208183925ce2233c2914fea""}"
阳光电源、比亚迪等4企半年业绩盘点：储能海外收入成亮点,2026-09-01,"集邦光储观察获悉，阳光电源、比亚迪、中创新航、禾迈股份披露2026年半年报，储能行业整体呈现增量扩容、出海提速、营收结构优化的趋势。
业务端，头部企业储能主业占比提升，阳光电源储能收入占比首次突破50%，成为第一大业务；禾迈股份储能收入占比达78.29%，储能成为其核心营收支柱。出海成为重要增长主线，比亚迪、禾迈股份海外营收占比分别突破52%、66%。
图：2026年上半年储能企业业绩(亿元,%)
阳光电源：储能系统收入占比50%
8月28日，阳光电源发布公告，披露2026年半年度业绩情况。今年上半年，阳光电源实现营收309.12亿元，同比下降28.99%；归母净利润52.59亿元，同比下降32.01%；扣非净利润42.75亿元，同比下降42.96%。
报告显示，2026年上半年，阳光电源储能系统发货量达到25GWh，较去年同期增加约5.5GWh。但是，值得关注的是，同期的储能系统实现收入154.56亿元，同比下降13.18%；毛利率为32.43%，同比下降7.49%。
图：阳光电源营业收入整体情况图源：企业公告
上半年，阳光电源储能系统上半年发货量同比增长28%，储能系统收入占阳光电源营收的比重首次达到50%，正式超过光伏逆变器业务，成为阳光电源第一大收入来源。
目前，阳光电源已在全球设立七大研发中心、四大制造基地，加码布局欧洲、美洲、亚太、中东非、中国市场，已在海外建设了超30家分支机构。其中，海外光伏逆变器产能已达50GW。
比亚迪：海外营收占比超52%
8月28日，比亚迪发布半年报。2026年上半年，比亚迪实现营收3448.15亿元，同比下降7.13%；归母净利润123.25亿元，同比下降20.54%；扣非净利润123.73亿元，同比下降9.02%。
储能业务方面，比亚迪年报显示其储能系统2026年上半年出货量位居全球第一，产品进入110多个国家和地区，覆盖源网侧储能、工商业储能、户用储能和AIDC算力储能等场景。
上半年，比亚迪与阿联酋可再生能源企业Masdar签署11.275GWh储能供货协议；智利Elena 3.5GWh光储电站投入运行。
值得关注的是，集邦光储观察发现，此次半年报中一个非常重要的结构性变化，上半年海外市场贡献了比亚迪一半以上营收。
财报披露，2026年上半年比亚迪境外营业收入1812.68亿元，上年同期为1353.58亿元，同比增长33.92%，境外收入占总营收比重达到52.57%。
中创新航：上半年净利润同比增长102.2%
8月28日，中创新航披露2026年中期业绩报告。上半年，中创新航实现营收270.84亿元，同比增长65.0%，实现期内利润人民币15.23亿元，同比增长102.2%。
报告期内，中创新航收入增长主要是由于集团新客户、新应用场景拓展，以及新产品在乘用、商用、储能等领域持续上量，业务规模持续增长。
从收入结构来看：动力电池的销售收入为165.06亿元，占总收入的60.9%，同比增长54.8%，主要由于销量快速增长。储能系统产品及其他的收入为105.79亿元，占39.1%，同比增长83.8%，增长主要是由于持续开拓储能系统产品业务领域。
在储能领域，中创新航电池出货量持续增长，海外装机量持续提升，新一代「至久」600Ah+储能长循环大电芯完成规模化量产交付，绿电直连、零碳城市等新业务布局与AIDC高倍率产品开发均取得突破。电力储能方面，将持续加强与国电投在集团层级的深度合作，持续深化与华电、大唐、三峡等央企场景合作。
禾迈股份：储能收入占比78.29%
8月29日，禾迈股份发布2026年半年报，2026年上半年，禾迈股份实现营收约为17.80亿元，同比增长77.09%；实现归母净利润约为-1.64亿元，同比下降1107.86%；扣非净利润为-1.78亿元，同比下降1887.25%。
禾迈股份在财报中披露，营收同比增长主要系报告期内优化产品结构，储能项目业务规模扩大所致。利润总额同比减少主要系公司加大人才储备、增加研发和市场投入，以及汇率波动影响汇兑损益所致。归母净利润及扣非净利润同比大幅下降，主要系销售产品结构变更且受汇率影响较大，同时公司加大人才储备、增加市场投入所致。具体如下：
分产品来看，禾迈储能系统收入13.91亿元，占比78.29%；微型逆变器及监控设备收入3.53亿元，占比19.90%。禾迈持续推进“光储融合”战略，储能系统销售规模持续增长，储能业务营收结构加速提升。
地区收入方面，境外收入11.89亿元，占比66.87%；境内收入5.88亿元，占比33.13%。境外市场保持稳健增长，新兴市场贡献显着增量。
研发方面，报告期内禾迈研发投入合计2.15亿元，同比增长29.55%，占营业收入比例为12.05%。
集邦光储观察整理
1、EnergyTrend-集邦新能源网」包含的内容和信息是根据公开资料分析和演释，该公开资料，属可靠之来源搜集，但这些分析和信息并未经独立核实。本网站有权但无此义务，改善或更正在本网站的任何部分之错误或疏失。
2、任何在「EnergyTrend-集邦新能源网」上出现的信息（包括但不限于公司资料、资讯、研究报告、产品价格等），力求但不保证数据的准确性，均只作为参考，您须对您自主决定的行为负责。如有错漏，请以各公司官方网站公布为准。
3、「EnergyTrend-集邦新能源网」信息服务基于""现况""及""现有""提供，网站的信息和内容如有更改恕不另行通知。
4、「EnergyTrend-集邦新能源网」尊重并保护所有使用用户的个人隐私权，您注册的用户名、电子邮件地址等个人资料，非经您亲自许可或根据相关法律、法规的强制性规定，不会主动地泄露给第三方。
「EnergyTrend-集邦新能源网」所刊原创内容之著作权属于「EnergyTrend-集邦新能源网」网站所有，未经本站之同意或授权，任何人不得以任何形式重制、转载、散布、引用、变更、播送或出版该内容之全部或局部，亦不得有其他任何违反本站著作权之行为。
阳光电源、创维等3企储能订单传新动态
超1GWh，晶科/阳光电源等5企获储能订单
阳光电源埃及10GWh储能系统工厂开建
超1.2GWh！阳光电源/晶澳等3企储能订单接连落地
超3.3GWh，阳光电源等5企储能订单新进展",full,,dom_or_structured_full_text,https://www.energytrend.cn/news/20260901-148484.html,EnergyTrend储能,储能,储能/电池/光伏,2026-09-02T00:14:21+00:00,,,,,error,,glm-5.2,2026-08-14,"Z.AI HTTP 400: {""type"":""error"",""error"":{""type"":""invalid_request_error"",""code"":""1301"",""message"":""[1301][系统检测到输入或生成内容可能包含不安全或敏感内容，请您避免输入易产生敏感内容的提示语，感谢您的配合。][2026090208183925ce2233c2914fea]""},""request_id"":""2026090208183925ce2233c2914fea""}"
隆基/爱旭/弘元披露2026年上半年业绩,2026-09-01,"集邦光储观察获悉，近日，隆基绿能、爱旭股份、弘元绿能相继披露2026年半年度报告。受行业供需矛盾及国内需求回落影响，三家企业上半年均面临盈利压力。
8月30日，隆基绿能披露2026年半年度报告。报告期内，公司实现营业收入270.45亿元，同比下降17.58%；归母净利润亏损36.84亿元，扣非净利润为亏损40.32亿元。
隆基绿能表示，2026年上半年光伏行业供需矛盾持续突出，仍处于深度调整期，国内终端需求阶段性回落，带动公司硅片、组件产品国内销量下降。同时，行业供需失衡导致开工率不足、产品毛利率持续处于低位，叠加一季度银价上涨、联营企业投资损失以及人民币升值带来的汇兑损失等因素，公司业绩承压。
出货量方面，2026年上半年隆基绿能实现硅片出货量48.91GW，其中对外销售18.98GW；组件出货量29.93GW；电池对外销量0.86GW。
虽国内市场需求回落，但公司在海外市场业务保持增长。报告期内实现组件海外销量同比增长超过26%，海外收入占比提升至65%以上；其中，美洲、欧洲及亚太市场组件销量分别同比增长超过36%、34%和20%。同时，在欧洲、拉美、东南亚以及巴基斯坦、阿联酋等重点市场取得领先地位。
BC组件成为公司上半年出货增长的重要支撑。报告期内，隆基绿能BC组件销量达到19.55GW，同比增长125%，占组件出货量的比例提升至65%以上；BC组件国内集采入围规模超过10GW，同时海外高端市场订单快速放量。
技术方面，报告期内公司自研的ACM技术实现GW级电池、组件规模化投产，可使BC电池量产转换效率提升0.2%至0.3%，目前已开始规模化交付。此外，公司自主研发的晶硅—钙钛矿叠层太阳电池经欧洲太阳能测试机构认证，转换效率达到35.5%。
与此同时，隆基绿能进一步推进光储业务布局。2026年以来，公司推出覆盖大型电站、工商业及离网微网等场景的光储一体化产品，上半年储能累计签单量超过3GWh，并在德国、意大利、芬兰等地多个项目实现并网。
8月28日，爱旭股份披露2026年半年度报告。报告期内，公司实现营业收入91.83亿元，同比增长8.72%；归母净利润亏损7.54亿元，扣非净利润亏损8.51亿元。
2026年上半年，爱旭股份N型ABC组件出货量达到9.39GW，较2025年下半年环比增长50%以上，其中第二季度出货量较第一季度增长约30%，公司ABC组件业务收入占营业总收入的79%。
海外市场成为ABC组件出货增长的重要支撑。报告期内，公司组件海外销售量占比超过55%，同比增长超过90%。公司主要拓展欧洲、日韩、澳新等市场，同时向中东、非洲等集中式市场延伸。截至2026年6月底，公司已在全球79个国家建立近百家一级渠道伙伴。
订单方面，爱旭股份表示，自2026年初以来新签订单保持增长，滚动在手订单超过10GW，客户意向采购规模已持续超过公司现有产能交付能力。与此同时，公司ABC组件在法国、芬兰、捷克、埃及、罗马尼亚等海外市场获得集中式项目，并在国内获得大唐、电建、华电、京能、浙能等央国企集采订单。
8月30日，弘元绿能披露2026年半年度报告。报告期内，公司实现营业收入42.83亿元，同比增长32.65%，主要系积极拓展电池片及组件销售市场所致。其中，归母净利润为亏损6.79亿元，扣除非经常性损益后的净利润为亏损4.84亿元。
其中，硅片业务仍是公司亏损的重要来源之一。上半年，弘元新材实现营业收入17.18亿元，净利润亏损5.69亿元；弘元徐州主要从事硅片、电池片业务，实现营业收入29.99亿元，净利润4563.58万元。
在组件业务方面，弘元绿能持续推进产品升级。报告期内，公司江阴基地HT 3.0高效四分片组件正式下线并实现批量出货，该产品基于TOPCon 3.0电池平台。同时，公司已进入国家能源投资集团、国家电投、中国能建、中国电建等央国企供应链体系，并中标中国华电、中国电建集团贵州工程公司等项目。
产能建设方面，截至6月底，公司在建工程账面价值8.46亿元，其中包括徐州25GW单晶硅金刚线切片及14GW高效晶硅电池项目、包头年产10GW单晶硅拉晶项目以及16GW太阳能光伏组件项目等。
集邦光储观察整理
1、EnergyTrend-集邦新能源网」包含的内容和信息是根据公开资料分析和演释，该公开资料，属可靠之来源搜集，但这些分析和信息并未经独立核实。本网站有权但无此义务，改善或更正在本网站的任何部分之错误或疏失。
2、任何在「EnergyTrend-集邦新能源网」上出现的信息（包括但不限于公司资料、资讯、研究报告、产品价格等），力求但不保证数据的准确性，均只作为参考，您须对您自主决定的行为负责。如有错漏，请以各公司官方网站公布为准。
3、「EnergyTrend-集邦新能源网」信息服务基于""现况""及""现有""提供，网站的信息和内容如有更改恕不另行通知。
4、「EnergyTrend-集邦新能源网」尊重并保护所有使用用户的个人隐私权，您注册的用户名、电子邮件地址等个人资料，非经您亲自许可或根据相关法律、法规的强制性规定，不会主动地泄露给第三方。
「EnergyTrend-集邦新能源网」所刊原创内容之著作权属于「EnergyTrend-集邦新能源网」网站所有，未经本站之同意或授权，任何人不得以任何形式重制、转载、散布、引用、变更、播送或出版该内容之全部或局部，亦不得有其他任何违反本站著作权之行为。
晶澳、TCL中环、爱旭最新订单及项目动态
2.04亿！隆基拟建100MW晶硅-钙钛矿叠层电池中试线
隆基等4企新签3.5GW光伏组件订单
晶科/隆基/阿特斯发布最新调研报
正泰新能、隆基等企业新签光伏组件订单",full,,dom_or_structured_full_text,https://www.energytrend.cn/news/20260901-148481.html,EnergyTrend储能,储能,储能/电池/光伏,2026-09-02T00:14:23+00:00,,,,,error,,glm-5.2,2026-08-14,"Z.AI HTTP 400: {""type"":""error"",""error"":{""type"":""invalid_request_error"",""code"":""1301"",""message"":""[1301][系统检测到输入或生成内容可能包含不安全或敏感内容，请您避免输入易产生敏感内容的提示语，感谢您的配合。][2026090208183925ce2233c2914fea]""},""request_id"":""2026090208183925ce2233c2914fea""}"
希倍动力高性能钠离子电池生产基地项目正式签约落户自贡高新区 - NE时代,2026-09-01,"希倍动力高性能钠离子电池生产基地项目正式签约落户自贡高新区
8月30日，希倍动力合作对接暨项目签约仪式在四川自贡隆重举行。北京希倍动力科技有限公司与自贡高新区正式签署高性能钠离子电池生产基地项目合作协议，标志着该项目成功落户自贡高新区。此次签约既补齐了自贡高新区在高倍率钠离子电池产业化领域的关键环节，也成为希倍动力布局西南新能源市场的重要战略。
签约仪式上，希倍动力董事长杨道均就拟落地项目作了详细介绍：该项目计划总投资约2.5亿元，建成达产后预计形成年产0.5GWh高性能钠离子电池的生产能力，实现年销售收入约5亿元，将有效填补自贡高新区高倍率钠电池产业化空白；以本期项目为基础，希倍动力将根据市场发展节奏稳步推进产能扩张，远期规划达到10GWh产能规模，持续深耕钠离子电池产业化赛道。
活动中，特邀客商依次推介拟合作项目，无锡钠科董事长乔少华、泰苓科技董事长刘建红、蓝海智能总经理李韶军、思达绿道总经理韩嘉辉分别介绍了各自业务方向与合作前景。希倍动力董事长杨道均表示，公司始终重视产业链协同发展，此次邀请上下游合作伙伴齐聚自贡，旨在依托当地完备的产业基础，进一步完善自贡钠电产业生态布局。随后，双方围绕合作方向展开深入对接交流，四家企业的推介项目均获得自贡市相关部门的高度关注。
自贡市委常委、常务副市长肖冰东在讲话中对希倍动力及各客商企业的到来表示欢迎，并强调自贡市将持续优化营商环境，为企业落地发展提供有力保障，后续将与各企业深入对接，推动合作实质性落地。
未来，希倍动力将深度融入自贡钠电全产业链生态，依托当地资源禀赋与政策支持，持续加大研发投入，推动钠离子电池多场景的应用推广。为新能源产业可持续发展注入新动能，助力实现“双碳”目标。
【NE快讯】浩思动力全域V6高性能引擎迈入新阶段；希倍动力×思达斯易达成战略合作；吉利收购福特西班牙工厂
01.浩思动力全域V6高性能引擎迈入新阶段近日，浩思动力HORSEW30首台样机在中国宁波成功点火，标志着该产品已顺利完成研发阶段，正式进入性能优化与整车匹配调校阶段，并朝着量产目标迈出关键一步。HORSEW30首次公开亮相在2026北京国际汽车展览会，作为浩思动力面向高性能混动市场所打造，其兼顾极...
希倍动力钠电再获落地突破：高功率电芯批量供货兆瓦超充站，完善全场景产业布局
近期，希倍动力自研高功率钠离子电芯实现批量出货，正式落地配套兆瓦级超充站项目，标志着企业钠离子电池在大功率快充商用场景完成关键落地，为超充基础设施建设开辟钠基储能补能全新技术路线。本次交付的高功率钠离子电芯是针对大功率超充场景定向开发的专用产品，材料体系经过专项优化，选用GITT动力学系数最优的正极...
完善全场景布局，希倍动力高功率钠离子电池突破 HEV 乘用车车载市场
近日，希倍动力在车载混动电池领域取得关键突破，自研2.05kWh高功率钠离子电池顺利完成交货，成功进入主流HEV乘用车赛道，为HEV混动电池市场带来全新技术选择。此次配套合作源自国内某一线车企公开招标。针对HEV混动车型对电池功率密度、循环寿命、低温性能、体积重量的严苛工况要求，主机厂设置了多项硬性...
全球首次实现！我国钠离子电池取得重大突破
4月6日，中国科学院物理研究所胡勇胜团队在《自然·能源》发表重磅成果：该团队成功开发出一种具有自保护功能的可聚合不燃电解质（PNE），全球首次在安时级钠离子电池中实现彻底阻断热失控。该团队打破了“阻燃电解液等于安全”的传统认知，跳出单一防线，构建了“热稳定性-界面稳定性-物理隔离”三位一体的智能安全...
希倍动力600V高压钠电系统黑河冬标圆满收官, 硬核实力铸就极寒能源新标杆
1月29日上午，希倍动力在黑河极寒测试基地完成行业首次600V高压钠电系统冬季标定测试，旗下自研600V高压钠电系统在黑河持续低温的严苛环境中，凭借强劲的动力输出、稳定的全工况性能顺利通过各项测试，圆满完成冬标任务。黑河是国内新能源动力系统极寒测试核心基地，极端低温低至-40℃，对电池系统多项核心指...
LG化学与中国石化签署钠离子电池材料联合开发协议
10月30日，LG化学宣布与中国石油化工集团有限公司（以下简称“中国石化”）达成战略合作，签署了联合开发钠离子电池核心材料的合作协议。据此，双方将正式携手推动新一代电池材料的研发。*中国石化是中国最大的一体化能源化工公司之一，主要经营石油、天然气勘探开发、石油炼制、石油化工、新能源和新材料等业务领域...
众钠能源与高校合作在国际化学顶尖期刊JACS发表钠离子电池最新研究成果
10月17日，众钠能源产品技术研究院赵建庆博士团队与南开大学、苏州大学的科研团队合作在国际化学领域顶尖期刊《美国化学会志》（JournaloftheAmericanChemicalSociety,JACS）发表了钠离子电池最新研究成果，众钠能源为该篇论文通讯单位。这是众钠能源研发团队与国内顶级科研机...
日本开发出新钠离子电池电极，不含稀有金属
​​如果该发现可以达成实用化，那么不仅是电极，整个钠离子电池都可以不使用到稀有金属……户田工业自主开发的铁酸钠    日本户田工业和鸟取大学宣布，共同成功制作出在电极中不添加稀有金属的情况下也能工作的钠离子电池。钠离子电池作为锂离子电池的替代品被寄予厚望。此次研究采用了户田工业开发的一种氧化铁“铁酸...
电池联盟许艳华：2035年前后固态电池、钠离子电池车端应用占比有望超10%
5月28日，中国汽车动力电池产业创新联盟（以下简称电池联盟）秘书长许艳华在2024中国汽车产业发展（泰达）国际论坛新闻发布会上表示，当前，我国已建成全球最完整的动力电池产业链。而我国动力电池产业之所以能取得今天的成就，很重要的一点是，坚持磷酸铁锂电池与三元电池两条技术路线并行发展。电池联盟发布的数据...
瑞典钠电公司Altris与Clarios联合开发低压钠离子电池系统
瑞典领先的钠离子电池开发商和电池原型制造商奥特里斯(Altris)近日发布消息称，已经电池系统解决方案公司柯锐世(Clarios)达成一项针对低压移动应用的独家联合开发协议（JDA）。根据新的JDA，奥特里斯将专注于开发用于低压应用的钠离子电池技术，而柯锐世将利用其在电池管理系统（BMS）、软件和系...
2026第六届全球xEV驱动系统技术暨产业大会
销量快报｜长安汽车8月交付21.88万辆 连续7个月海外交付同比大涨！
王冰冰想带回家的个人机器人，还是C罗头号粉丝
征程®6M大规模量产上车，城区NOA普惠至10万级主流市场
X-night｜自变量机器人Open Talk邀你来聊！
上海恩翌信息科技有限公司
沪ICP备17041240号-4",full,,dom_or_structured_full_text,https://www.ne-time.cn/web/article/39583,NE时代,电池,新能源汽车/智能汽车,2026-09-02T00:14:33+00:00,,,,,error,,glm-5.2,2026-08-14,"Z.AI HTTP 400: {""type"":""error"",""error"":{""type"":""invalid_request_error"",""code"":""1301"",""message"":""[1301][系统检测到输入或生成内容可能包含不安全或敏感内容，请您避免输入易产生敏感内容的提示语，感谢您的配合。][2026090208183925ce2233c2914fea]""},""request_id"":""2026090208183925ce2233c2914fea""}"
车规感知再提速 | 比亚迪半导体新一代车规级4D毫米波雷达芯片 - NE时代,2026-09-01,"车规感知再提速 | 比亚迪半导体新一代车规级4D毫米波雷达芯片
随着智能辅助驾驶从L2向L2+、L3级高阶智驾快速渗透，环境感知系统正面临全天候、高可靠、低成本的多重考验。毫米波雷达凭借全天候工作、测速测距精准等天然优势，已成为智能驾驶感知体系的核心。然而，传统毫米波雷达缺乏俯仰角信息，难以应对复杂城市路况，成为高阶智驾落地的感知短板。
作为国内领先的车规级半导体供应商，比亚迪半导体始终致力于核心技术的自主可控。继国内首款4nm车规级智驾芯片“璇玑A3”量产后，我们再次重磅推出以璇玑A3为算力中心的卫星架构4D毫米波雷达芯片。该芯片的推出，是比亚迪半导体完善智驾感知产品矩阵、深化车规级芯片布局的重要一步，为构建全场景智能感知生态奠定了坚实基础。
强强联合，赋能智驾全场景
此款比亚迪半导体自研4D毫米波雷达芯片针对卫星架构设计配置了MIPI CSI-2高速接口，兼容多款主流串行加串器（SerDes），可无缝对接多款主流智驾芯片平台。同时，该芯片已完成与“璇玑A3”智驾芯片的联调适配，满足Tier1模组厂家对探测性能的严苛要求。其卓越性能可轻松实现：
400m+超远距离稳定探测
提前感知前方多车道车辆的速度与位置变化，支撑自适应巡航、自动紧急制动、车道变更辅助等功能，为高速行驶预留充足反应时间，从容应对突发工况。
0.8°水平角度区分
大幅提升车道与护栏、车辆与行人的区分能力以及车辆窄道通行的能力。
0.05m泊车级距离区分
可精准识别地锁、石墩、雪糕筒等低矮细小及弱反射障碍物，支持与360°全景泊车系统融合来实现自动泊入泊出，避免剐蹭风险。
基于该芯片的解决方案，可全面覆盖L2~L4级智能驾驶应用，包括高速领航、城市道路驾驶、自动泊车、盲区监测等，并能与摄像头、激光雷达形成多传感器融合方案，为系统提供冗余感知数据，显著提升安全性。
核心性能：高效精准4D感知
这款芯片基于28nm的成熟车规工艺，专为满足汽车市场对高分辨率雷达系统的需求而设计。其核心亮点在于：
芯片集成8个发射通道和8个接收通道，可实现独立的收发波控制以及射频前端的实时监测功能，按照ISO 26262 ASIL B功能安全标准设计，满足AEC-Q100车规可靠性要求，确保在极端气候环境下稳定运行。同时，芯片内置信息安全算法引擎来保障车载信息安全。
旗舰级射频性能，稳居第一梯队
在射频性能方面，该芯片实现了全面跃升，在全球量产毫米波SOC/MMIC（单片微波集成电路）中性能稳居第一梯队：
单通道发射功率高达13.5dBm，移相器精度达到7bit，确保远距离探测能力与波束赋形精度。
单通道噪声系数（NF）低至11dB，输入1dB压缩点（P1dB）为-7dBm，ADC采样率达50Mbps，有效精度10.5bit，指标带来极致的接收灵敏度和检测动态范围，为ADAS系统提供更充裕的决策时间。
相位噪声在76~77GHz工作模式下最高达-98dBc/Hz@1MHz，在77~81GHz工作模式下最高达-96dBc/Hz@1MHz，对弱小目标的检测能力更上一层楼。
波导封装通过优化布局与引脚分配，不但提升了通道隔离度和信号质量，同时也简化了射频PCB设计，降低系统BOM成本。
车规级可靠，全工况稳定运行
该芯片已通过车规级可靠性认证，工作结温范围为业界最广（-40~150℃）。其宽温工作范围与高可靠性设计，确保在严寒、酷暑等极端环境下依然稳定运行，满足整车全生命周期要求。
展望未来，构建感知“芯”生态
随着此款8T8R MMIC的顺利量产，比亚迪半导体将持续深耕，陆续推出4T4R MMIC、面向车内和侧门感知的6T6R SOC，以及UWB SOC等产品，构建覆盖全场景的智能感知芯片矩阵。
智能化的下半场，是感知技术普惠化与可靠性之战。比亚迪半导体新一代4D毫米波雷达芯片，以核心技术为智能辅助驾驶提供自主可控的“中国芯”。未来，我们将与行业伙伴携手，推动高阶智驾加速落地，让更安全、更智能的出行体验惠及每一个人。
突破封装瓶颈，比亚迪半导体SOP-9解锁新一代功率器件解决方案
在新能源汽车、工业控制、数据中心等领域，功率器件正朝着高密度、高效率、高可靠、小型化的方向快速迭代。传统封装在散热效率、空间占用和集成度上的瓶颈，已成为制约系统性能提升的关键因素。针对以上瓶颈，比亚迪自主研发出了多款产品，如SOP-9封装的碳化硅半桥模块。该产品采用顶部散热设计，可集成内绝缘技术与高...
比亚迪半导体 || 车规级多通道半桥驱动芯片BF1112D强势来袭
随着新能源汽车产业的强势崛起，汽车行业正迎来一场深刻的智能化与电气化变革浪潮。在这一趋势的推动下，整车电子电气架构不断升级，各类电机、继电器以及LED车灯等关键电子元器件的应用数量显著增加，对驱动控制的精度、响应速度及系统集成度提出了更高要求。为应对日益复杂的控制需求，比亚迪半导体推出了高性能半桥驱...
比亚迪半导体最新推出SOT-227封装产品
半导体行业的技术发展方向可归纳为更高的功率密度、开关频率，以及更小的导通压降、开关损耗、芯片尺寸、模块体积。越来越多的器件开始追求精细化，对元器件体积的要求也更加严格，SOT-227封装就是一个典型例子。SOT-227封装介于单管和模块之间，M4螺丝法蓝底板安装4个引出端口，属于内绝缘封装的一种，常...
比亚迪半导体参与完成的项目荣获国家科技进步二等奖
2021年11月3日上午，备受关注的2020年度国家科学技术奖在北京人民大会堂举行。由比亚迪股份有限公司牵头完成的《高性能电动汽车动力系统关键技术及产业化》项目荣获国家科学技术进步奖二等奖。 高性能电动汽车动力系统关键技术及产业化项目，在电池系统、电驱核心部件IGBT和驱动总成三方面取得了重大突破，...
比亚迪：香港联交所同意分拆比亚迪半导体至创业板上市
10月25日晚间，比亚迪股份有限公司发布公告称，10月22日，香港联交所同意公司分拆所属子公司比亚迪半导体股份有限公司至深交所创业板上市，并同意豁免公司向公司股东提供保证配额。比亚迪分别于2020年12月30日、2021年5月10日及2021年6月16日召开的第七届董事会第四次会议、第七届董事会第十...
【电驱动大事记】比亚迪半导体有望在今年内上市 英搏尔2020年年度权益分派方案 方正电机子公司与华阳合资成立新公司研究复合材料
01 方正电机子公司与华阳集团合资成立新公司研究复合材料等方正电机2021年6月3日公告显示，其全资子公司上海海能汽车电子有限公司与吉林省华阳集团有限公司签署《合资协议》。双方拟合计认缴出资1亿元，设立孙公司上海润阳新型复合材料有限公司(暂定名，最终以工商登记机关核准的为准)，主要从事复合材料、碳纤...
比亚迪半导体车规级MCU超1000万颗！
随着汽车自动化、电动化、智能化、网联化推动汽车行业快速发展，车规级MCU的市场需求不断增加。根据国际知名分析机构ICInsights预测，2021-2023年器件涨幅逐步加大，车规级MCU芯片年销售额将达到81亿美元。2007年，比亚迪半导体进入工业MCU领域，工业级触控MCU市场占有率国内第一。基...
配齐“硬核”车载MCU 比亚迪半导体助力汽车强国梦
引言：2021年开年，车市复苏超出预期，加之蓬勃发展的消费电子产业对汽车业的挤出效应，以及美国得克萨斯州暴雪天气、日本福岛地震，半导体供应链“芯痛”现象愈演愈烈，而汽车行业首当其冲，成为此次全球最缺芯的领域。汽车供应链“准时供应”失效  车规MCU不可替代芯片市场的供应不足，宣告汽车供应链的“准时供...
比亚迪半导体已接受中金公司IPO辅导，曾获中芯国际、小米投资
据中国证监会深圳监管局披露，比亚迪半导体股份有限公司（以下简称“比亚迪半导体”）已接受中金公司IPO辅导，并于近日在深圳证监局完成辅导备案。企查查APP显示，比亚迪半导体成立于2004年，法定代表人为陈刚，实缴资本4000万元人民币，经营范围包含：半导体（集成电路、分立器件、光电器件及其它半导体产品...
掌握核“芯”技术，比亚迪半导体MCU荣获 2020全球电子成就奖
11月5日，由全球电子技术领域知名媒体集团ASPENCORE主办的2020全球CEO峰会及全球电子成就奖（WEAA）颁奖典礼在深圳举行。比亚迪半导体32位车规级MCU芯片—— BF7106AMXX系列产品荣获2020全球电子成就奖。发展新能源汽车必须掌握核“芯”技术在汇聚国内外电子产业领袖的2020...
2026第六届全球xEV驱动系统技术暨产业大会
销量快报｜长安汽车8月交付21.88万辆 连续7个月海外交付同比大涨！
王冰冰想带回家的个人机器人，还是C罗头号粉丝
征程®6M大规模量产上车，城区NOA普惠至10万级主流市场
X-night｜自变量机器人Open Talk邀你来聊！
上海恩翌信息科技有限公司
沪ICP备17041240号-4",full,,dom_or_structured_full_text,https://www.ne-time.cn/web/article/39581,NE时代,电池,新能源汽车/智能汽车,2026-09-02T00:14:35+00:00,,,,,error,,glm-5.2,2026-08-14,"Z.AI HTTP 400: {""type"":""error"",""error"":{""type"":""invalid_request_error"",""code"":""1301"",""message"":""[1301][系统检测到输入或生成内容可能包含不安全或敏感内容，请您避免输入易产生敏感内容的提示语，感谢您的配合。][2026090208183925ce2233c2914fea]""},""request_id"":""2026090208183925ce2233c2914fea""}"
鸿鹄 eVTOL｜华羽先翔预生产原型机正式亮相 - NE时代,2026-09-01,"鸿鹄 eVTOL｜华羽先翔预生产原型机正式亮相
蚂蚁集团领投，华羽先翔完成超亿元Pre-A+轮融资
近日，国内全倾转eVTOL领军企业华羽先翔完成超亿元Pre-A+轮融资，本轮融资由蚂蚁集团领投、彼岸时代及复星创富跟投。融资资金将重点用于加速鸿鹄系列eVTOL的适航取证，以及低空出行及商业场景的落地与创新。近年来，低空经济被纳入国家战略性新兴产业重点发展方向，各地政策持续释放，空域管理、基础设施建...
鸿鹄eVTOL航电系统成功交付，华羽先翔与航空工业光电所共启低空新程
4月24日，华羽先翔与航空工业光电所在西安隆重举行鸿鹄eVTOL综合航电系统交付暨意向订单签约仪式。国内首款适配全倾转旋翼构型的eVTOL航电系统正式交付，标志我国在全倾转旋翼eVTOL航电系统领域实现""从0到1""的突破，为我国低空经济高质量发展注入强劲动能。仪式现场，航空工业光电所民机业务中心部长...
2500万美金合作签订！华羽先翔与泰国东部经济走廊达成战略合作
2026年3月11日，华羽先翔与泰国东部经济走廊（EasternEconomicCorridor，简称EEC）正式签署2500万美金战略合作协议。在泰国政府官员、行业专家及全球投资者的共同见证下，华羽先翔CMO薛磊与原泰国民航局局长泰国东部经济走廊秘书长朱拉·素克玛诺普博士代表双方签约，双方将在产业...
超10亿元，华羽先翔与湘江通航签署100架采购订单
11月22日，作为2025湖南（国际）通用航空及低空经济产业博览会（以下简称“博览会”）的重要成果之一，华羽先翔与湘江通航正式签署100架鸿鹄eVTOL采购合同，签约额超10亿元人民币。此次签约不仅是鸿鹄eVTOL迈向商业化过程中的又一重要里程碑，也标志着湖南在低空经济领域率先形成规模化市场牵引。长...
200架！华羽先翔与星际之鹰签署鸿鹄采购订单
近日，长沙华羽先翔科技有限公司（以下简称“华羽先翔”）与星际之鹰（浙江）科技发展有限公司（以下简称“星际之鹰”）正式签署战略合作协议。双方将围绕鸿鹄系列eVTOL（电动垂直起降飞行器）的市场运营与应用展开深度合作，聚焦华东区域低空业务增长与品牌升级。同时，华羽先翔与星际之鹰签署了200架鸿鹄eVTO...
2026第六届全球xEV驱动系统技术暨产业大会
销量快报｜长安汽车8月交付21.88万辆 连续7个月海外交付同比大涨！
王冰冰想带回家的个人机器人，还是C罗头号粉丝
征程®6M大规模量产上车，城区NOA普惠至10万级主流市场
X-night｜自变量机器人Open Talk邀你来聊！
上海恩翌信息科技有限公司
沪ICP备17041240号-4",full,,dom_or_structured_full_text,https://www.ne-time.cn/web/article/39580,NE时代,电池,新能源汽车/智能汽车,2026-09-02T00:14:43+00:00,,,,,error,,glm-5.2,2026-08-14,"Z.AI HTTP 400: {""type"":""error"",""error"":{""type"":""invalid_request_error"",""code"":""1301"",""message"":""[1301][系统检测到输入或生成内容可能包含不安全或敏感内容，请您避免输入易产生敏感内容的提示语，感谢您的配合。][2026090208183925ce2233c2914fea]""},""request_id"":""2026090208183925ce2233c2914fea""}"
行业首家！蔚来电池监控平台通过国标检测 - NE时代,2026-09-01,"行业首家！蔚来电池监控平台通过国标检测
蔚来电池监控运营平台于2026年8月21日取得公安部交通管理科学研究所检测中心签发的《新能源汽车运行安全性能动态监测预警平台（企业平台）软件测试报告（基于GB/T 45688）》。自GB/T 45688国标2025年12月实施以来，蔚来成为首个通过该项检测的整车企业。
《GB/T 45688-2025 新能源汽车运行安全性能动态监测预警技术要求》国家标准由国家市场监督管理总局、国家标准化管理委员会发布，规定了新能源汽车运行安全性能的动态监测、动态预警技术要求，旨在发现在用车运行过程中的安全隐患，构建全生命周期安全闭环。
2026年，我国新能源汽车保有量突破四千万辆。大量早期车辆进入中后期使用阶段，电池质保到期的车辆逐年增加，一旦出现电池故障或安全隐患，用户将面临高昂的维修或更换电池费用。
蔚来通过换电模式，实现车电寿命问题的解耦；更通过换电体系加持，建立领先的电池监控体系能力，成为首个通过GB/T 45688的官方检测的整车企业，实现每一块电池的安全保障。检测报告显示，蔚来电池监控运营平台符合GB/T 45688要求，更实现动态监测及预警能力「全方位覆盖」。
覆盖蔚来换电体系内全部电池类型：随机抽取蔚来换电体系内电池5,000块，覆盖各生产厂商、电池类型及生产批次，换电电池都安全。
覆盖不同使用场景：测试包含车辆端、换电站端数据，在车在站都放心。
覆盖各类失效模式：监测能力覆盖电压、温度、绝缘、采样、SOC等各类异常。
治病更能「治未病」：具备故障监测和隐患监测功能，识别早期征兆，防患于未然。
都是一次电池体检
蔚来的换电体系，给电池监控带来了多维探测体检能力、闭环验证迭代能力、隐患预警处置能力。
多维探测：从电池自身的温度、电压、电流、绝缘情况，到换电站的多维探测能力加持 - 磕碰图像、扭矩、水冷、烟感，实现全面体检。
持续进化：基于换电体系的闭环验证与迭代，实现安全监控大模型持续进化。
预警处置：通过换电体系开展隐患预警处置，用户不必等待电池检修，3分钟换上健康电池满电出发。
推出至今，蔚来换电及电池安全技术获得多个主管部门及多家行业权威组织认证认可：
2026年8月，蔚来获得公安部交通管理科学研究所检测中心签发的整车企业第一个GB/T 45688检测报告。
2023年9月，蔚来「电动汽车换电关键技术」获得保尔森可持续发展基金会「绿色创新」类别年度大奖。
2022年12月，蔚来「高效安全的电动汽车换电关键技术及产业化」获得中国汽车工程学会「2022年科学技术进步奖一等奖」。
2022年8月，蔚来「基于端云融合技术的电池全场景安全解决方案」获评世界新能源汽车大会「2022全球新能源汽车创新技术」。
2020年10月，国家能源局发布蔚来研究制定的换电行业标准。
自2018年首座换电站投入运营以来，蔚来在充换电技术和基础设施领域已累计投入超过200亿元。截至2026年9月1日，蔚来已在全球累计建成4,062座换电站，其中高速换电站1,052座，累计为用户提供超1.2亿次换电服务，换电模式充分获得了用户和市场的规模化验证，已经成为中国新能源汽车加电补能的主流方案。面向未来，蔚来将继续坚持「可充可换可升级」的技术路线，持续建设充换电基础设施，推进电池安全、换电技术和全生命周期管理能力创新，让每一块电池在全生命周期内得到更高效、更安全的管理，为用户带来更安心、更便捷的纯电出行体验。
上海充换电设施公共数据采集与监测市级平台数据统计7月月报
贯彻落实中央与地方对各省市级充换电设施服务平台的工作要求，上海充换电设施公共数据采集与监测市级平台（以下简称市级平台），提供全市公共充电桩数据服务、安全监管、运行分析，定期向社会发布本市充电基础设施运行情况。市级平台汇集了全市95%以上的充电设施信息，平台于2016年12月30日正式上线，并为全市一...
浙江500座蔚来换电站达成！
2026年8月30日，蔚来在浙江省第500座换电站于温州正式上线，浙江500座换电站布局里程碑正式达成。作为全国布局蔚来换电站数量最多的省份，浙江已实现全省高速换电网络的覆盖和换电县县通。自2018年6月，蔚来在浙江正式开启交付以来，从第1台到第10万台，历时6年沉淀；从第10万台突破至第20万台，...
【NE快讯】立昂微计划在嘉兴建设12英寸硅片项目；小鹏第二代VLA升级；蔚来能源与科学城集团签约
NE|快讯◎立昂微计划在嘉兴建设12英寸硅片项目◎小鹏第二代VLA升级◎蔚来能源与科学城集团签约01.立昂微计划在嘉兴建设12英寸硅片项目近日，杭州立昂微电子股份有限公司发布公告，宣布与嘉兴市南湖区人民政府签署《项目投资合作框架协议》。立昂微计划在嘉兴市南湖区投资建设“月产20万片12英寸轻掺衬底片...
蔚来武汉换电站资产全面转由国资持有
据蔚来消息，近日，蔚来能源与光谷交通集团在武汉举办首批合作充换电站交付仪式，双方在武汉市合作共建运营的首批36座充换电站正式完成交付。官方称，此次交付的充换电站是蔚来能源“国资合作方持有资产+蔚来专业运营”模式在湖北区域的重要实践。据介绍，这批充换电站资产由光谷交通集团持有，依托蔚来能源行业领先的技...
蔚来能源与光谷交通集团首批合作充换电站正式交付
2026年8月12日，蔚来能源与光谷交通集团在武汉举办首批合作充换电站交付仪式暨光谷空轨换电站上线三周年活动，双方在武汉市合作共建运营的首批36座充换电站正式完成交付。武汉市东湖高新区党工委委员、办公室主任刘坤，建设管理和交通局局长余波，光谷交通集团党委副书记、副董事长、总经理周星，光谷智能网联科技...
中国充电联盟丨2026年6月全国电动汽车充换电基础设施运行情况
2026年6月全国电动汽车充换电基础设施运行情况1公共充电基础设施运行情况，截至2026年6月底，我国电动汽车充电基础设施（枪）总数达到2305.7万个，同比增长43.2%。其中，公共充电设施（枪）500.9万个，同比增长22.3%，额定总功率达到2.47亿千瓦，单枪平均功率约为49.35千瓦；私人...
上海充换电设施公共数据采集与监测市级平台数据统计4月月报
贯彻落实中央与地方对各省市级充换电设施服务平台的工作要求，上海充换电设施公共数据采集与监测市级平台（以下简称市级平台），提供全市公共充电桩数据服务、安全监管、运行分析，定期向社会发布本市充电基础设施运行情况。市级平台汇集了全市95%以上的充电设施信息，平台于2016年12月30日正式上线，并为全市一...
中国充电联盟丨2026年4月全国电动汽车充换电基础设施运行情况
2026年4月全国电动汽车充换电基础设施运行情况1公共充电基础设施运行情况，截至2026年4月底，我国电动汽车充电基础设施（枪）总数达到2195.5万个，同比增长47.4%。其中，公共充电设施（枪）490.7万个，同比增长29.6%，公共充电设施额定总功率达到2.37亿千瓦，平均功率约为48.38千...
蔚来充电站突破5000座 充电桩超28800根
5月19日消息，蔚来又新增两座能源站点正式投入运营，分别是上海闵行儿科医院换电站，以及诸暨润达二手车交易市场二期超充站。随着新站点落地，蔚来全国充换电网络规模再创新高。截至目前，蔚来在全国已经建成8874座充换电站，构成85条加电风景线。其中换电站达到3851座，其中1036座布置在高速公路服务区。...
蔚来ES9搭载艾迈斯欧司朗新一代氛围灯解决方案
中国上海，2026年5月12日——照明与传感创新的全球领导者艾迈斯欧司朗（SIX：AMS）今日宣布，其基于OSP开放系统协议（OpenSystemProtocol）的OSIRE™E3731i智能RGBLED已成功搭载于蔚来汽车旗下全新智能电动行政旗舰SUV——蔚来ES9。这是艾迈斯欧司朗OSIRE™...
2026第六届全球xEV驱动系统技术暨产业大会
销量快报｜长安汽车8月交付21.88万辆 连续7个月海外交付同比大涨！
王冰冰想带回家的个人机器人，还是C罗头号粉丝
征程®6M大规模量产上车，城区NOA普惠至10万级主流市场
X-night｜自变量机器人Open Talk邀你来聊！
上海恩翌信息科技有限公司
沪ICP备17041240号-4",full,,dom_or_structured_full_text,https://www.ne-time.cn/web/article/39579,NE时代,电池,新能源汽车/智能汽车,2026-09-02T00:14:46+00:00,,,,,error,,glm-5.2,2026-08-14,"Z.AI HTTP 400: {""type"":""error"",""error"":{""type"":""invalid_request_error"",""code"":""1301"",""message"":""[1301][系统检测到输入或生成内容可能包含不安全或敏感内容，请您避免输入易产生敏感内容的提示语，感谢您的配合。][2026090208183925ce2233c2914fea]""},""request_id"":""2026090208183925ce2233c2914fea""}"
采埃孚中国电驱动业务实现重大突破 - NE时代,2026-09-01,"采埃孚中国电驱动业务实现重大突破
近日，采埃孚电驱动业务在中国新能源市场迎来重要里程碑进展，旗下同轴电驱系统（Coaxial eVD）先后获得两家国内领先汽车制造商的项目定点。这标志着采埃孚先进的电驱技术在中国新能源汽车市场实现规模化突破，进一步强化了其在新能源电驱动领域的核心供应商地位，持续助力中国车企电动化、高端化转型。
采埃孚集团电驱传动技术事业部亚太区副总裁王岳表示：
“先后与国内两家战略客户达成平台合作，充分印证了我们在快速发展的电动出行市场中的核心竞争力。依托技术成熟度、速度与成本效率，我们能够有力支持客户在中国乃至全球市场的转型与增长。此次定点不仅体现了采埃孚在电动出行领域不断增强的技术实力，也进一步彰显了我们在亚太区持续推动创新、全力赋能客户的坚定承诺。”
轻量化高效同轴电驱
精准匹配下一代新能源平台
随着新能源汽车产业持续向高性能、高效率方向发展，采埃孚基于SELECT电驱平台打造了同轴电驱系统。该系统凭借紧凑化设计、高效动力输出以及灵活拓展能力，精准匹配下一代新能源汽车平台各类电驱系统需求。采埃孚800V平台同轴电驱系统采用高度集成化设计，可提供最高300kW电驱功率和5000Nm峰值扭矩，并支持升压充电、充配电及电子限滑等功能拓展，为不同车型平台提供灵活配置选择。该产品具备五大核心优势：
同级领先的紧凑设计
采用同轴构型及镁合金壳体设计，整体体积优化25%，为整车轻量化和空间布局提供更多可能。
系统综合效率超过93.5%，通过智能可变门级驱动、行星齿轮系以及创新冷却润滑设计，实现高效动力输出。
提升的NVH表现
依托行星齿轮系均载设计和运行平顺性优化，相比传统方案整车NVH噪声降低约3至5分贝，提升驾乘体验。
先进的车辆动态性能
与传统架构相比，该设计为车辆动态性能开辟了新的可能性。
支持eLSD电子限滑模块拓展，进一步提升车辆操控性、舒适性以及泛越野能力。
接连斩获两大本土车企定点，充分体现了中国市场对采埃孚电驱技术的高度认可。长期以来，采埃孚立足中国、服务本土，始终坚持技术创新与本地化深耕并行，依托完善的本地研发、生产、配套体系，精准匹配中国新能源汽车产业的高速发展节奏与个性化迭代需求。
未来，采埃孚将持续深化与中国汽车产业链伙伴的协同合作，持续迭代升级新能源电驱技术，为全球客户提供更加高效、智能和可持续的解决方案。
采埃孚中国电驱动业务实现重大突破
近日，采埃孚电驱动业务在中国新能源市场迎来重要里程碑进展，旗下同轴电驱系统（CoaxialeVD）先后获得两家国内领先汽车制造商的项目定点。这标志着采埃孚先进的电驱技术在中国新能源汽车市场实现规模化突破，进一步强化了其在新能源电驱动领域的核心供应商地位，持续助力中国车企电动化、高端化转型。同轴电驱系...
【NE快讯】采埃孚8挡混动变速器在中国正式量产；瑞智新能源完成数千万元Pre-A+轮融资；中国长安汽车与华为签署战略合作框架协议
01.采埃孚8挡混动变速器在中国正式量产近日，采埃孚8挡混动变速器在上海采埃孚变速器有限公司正式量产，这标志着采埃孚在新能源转型和混动技术本土化领域取得了关键突破。此次量产的8挡混动变速器国产化项目，从立项到产品下线仅用18个月，从正式启动到下线仅用13个月，大幅缩短全新混动变速产品落地周期。在供应...
采埃孚8挡混动变速器在中国正式量产
8月12日，采埃孚8挡混动变速器在上海采埃孚变速器有限公司正式量产，这标志着采埃孚在新能源转型和混动技术本土化领域取得了关键突破。8挡混动变速器产线此次量产的8挡混动变速器国产化项目，从立项到产品下线仅用18个月，从正式启动到下线仅用13个月，大幅缩短全新混动变速产品落地周期。在供应链本土化建设层面...
【NE快讯】清纯半导体获车企SiC主驱量产项目定点；迅铂科技北汽N60项目ADC减振器实现SOP量产；采埃孚商用车推出可扩展360°安全系统
NE|快讯◎清纯半导体获车企SiC主驱量产项目定点◎迅铂科技北汽N60项目ADC减振器实现SOP量产◎采埃孚商用车推出可扩展360°安全系统01.清纯半导体获车企SiC主驱量产项目定点近日，清纯半导体再次获得国际一流车企的海外新能源汽车主驱SiCMOSFET量产项目定点，后续将完成一系列上车前的导入...
【NE快讯】采埃孚全球电子助力转向系统产量突破1亿；上汽通用五菱与上海汇众达成战略签约；特斯拉Model S/X设计资料全面开放
NE|快讯◎采埃孚全球电子助力转向系统产量突破1亿◎上汽通用五菱与上海汇众达成战略签约◎特斯拉ModelS/X设计资料全面开放01.采埃孚全球电子助力转向系统产量突破1亿近日，采埃孚全球电子助力转向系统（EPS）产量突破1亿。自2001年首次推出以来，采埃孚EPS从传统液压转向的替代方案，逐步发展为...
【NE快讯】采埃孚公布2026上半年财报；纳芯微推出双码道游标算法磁编码器芯片NSM350x系列；飞凌微推出新一代车载视觉处理SoC M2
01.采埃孚公布2026上半年财报7月30日，采埃孚集团公布2026年上半年财务数据。报告期内，集团实现销售额193亿欧元，较上年同期的197亿欧元下降2.0%；剔除汇率及并购因素后，销售额有机增长0.5%。在全球汽车行业需求持续低迷的情况下，采埃孚通过成本控制、运营改善和产品组合调整提升了盈利水平...
【NE快讯】采埃孚eRE Plus四合一增程驱动系统正式量产；联创汽车电子第10万套线控制动IEB下线；东风马赫一体化压铸动力电池完成测试
01.采埃孚eREPlus四合一增程驱动系统正式量产近日，采埃孚eREPlus四合一增程驱动系统于近日正式量产，并搭载于零跑旗舰车型D19。相比传统“增程器+独立前驱电机电控”的增程四驱架构，eREPlus通过复用一套电机、电控和传动机构，在保留发电、按需前驱助推和高效脱开能力的同时，减少了第二套电...
对话采埃孚：集成式底盘时代，Tier1将会更加重要
如今，汽车底盘正经历着前所未有的技术涌现。一方面是线控技术的井喷式发展。相比于传统方案，以SbW、EMB为代表的线控技术具有响应速度快、布置灵活的优势，并且其自身冗余的特性天然符合L3及以上高阶辅助驾驶甚至自动驾驶的要求。随着国标的发布和实施（GB17675—2025和GB21670-2025），线...
【NE快讯】联合动力推出P2.5增混系统；宝马奔驰联手赛力斯共建超充网络；采埃孚高级驾驶辅助系统助力速豹电动重卡进军欧洲
01.联合动力推出P2.5增混系统近日，联合动力基于数十万套增程系统的量产与开发经验，推出第五代单电机串并联增混系统。联合动力新一代系统采用了革命性的“单电机+双离合器”黄金组合，以单电机、单电控配合四轴平行轴为核心，通过双离合器智能协同，实现了五种核心工况模式：发动机直驱模式、纯电四驱模式、增程发...
采埃孚的2025:最痛但最有希望的一年
3月19日，采埃孚公布2025年财报数据。2025年采埃孚销售额为388亿欧元，较2024年的414亿欧元下降约6%。这其中与剥离底盘模块业务（ZFChassisModules）有一定关系，该业务此前与富士康，后被富士康完全收购。2024年5月开始之后，该业务不再计入采埃孚销售额统计。（2024年销...
2026第六届全球xEV驱动系统技术暨产业大会
销量快报｜长安汽车8月交付21.88万辆 连续7个月海外交付同比大涨！
王冰冰想带回家的个人机器人，还是C罗头号粉丝
征程®6M大规模量产上车，城区NOA普惠至10万级主流市场
X-night｜自变量机器人Open Talk邀你来聊！
上海恩翌信息科技有限公司
沪ICP备17041240号-4",full,,dom_or_structured_full_text,https://www.ne-time.cn/web/article/39578,NE时代,电池,新能源汽车/智能汽车,2026-09-02T00:14:48+00:00,,,,,error,,glm-5.2,2026-08-14,"Z.AI HTTP 400: {""type"":""error"",""error"":{""type"":""invalid_request_error"",""code"":""1301"",""message"":""[1301][系统检测到输入或生成内容可能包含不安全或敏感内容，请您避免输入易产生敏感内容的提示语，感谢您的配合。][2026090208183925ce2233c2914fea]""},""request_id"":""2026090208183925ce2233c2914fea""}"
告别分域拼装模式 德赛西威舱驾一体方案开启行业革新之路 - NE时代,2026-09-01,"告别分域拼装模式 德赛西威舱驾一体方案开启行业革新之路
整车电子电气架构加速向中央计算升级，舱驾一体已从前沿技术概念迈入规模化量产阶段。德赛西威舱驾一体方案搭载于奇瑞风云T7新车型，首次大规模装车量产，成功突破传统舱驾双域独立的“双脑架构”痛点，推动行业告别分域拼装模式，迈出了渐进革新的关键一步。
跨越“双脑”方案短板
打造强大硬件底座
过去舱驾“双脑”方案采用座舱域、智驾域独立控制器，两套硬件独立配置、系统资源互不共享，在实时性能、功能体验、技术开发及后期迭代等多个层面存在明显短板。
德赛西威舱驾一体ICPS01E平台采用单芯原生架构，实现极致的“存算一体”与“内存共享”，跨越“双脑”方案短板，突破数据传输的物理瓶颈，为智能汽车构建安全高效、功能强大的硬件底座。
该方案集更强安全性、更高算力利用率、更低延迟等多重优势于一体，关键技术指标显著领先：跨域数据延迟降低90%以上，让智驾感知与座舱渲染直接在芯片内部完成微秒级“核间通讯”，可支持搭载大模型应用；内存带宽占用减少近50%，系统整体流畅度大幅度提升；此外，方案有效消除通信带来的“反应滞后”，将响应时间抢回毫秒之间，主动安全底座更扎实。
一体化全栈自研体系
告别分域拼装模式
为智驾算法消除跨域数据滞后问题，大幅度提升预测精准度与动态场景响应速度，德赛西威拥有从硬件研发到软件算法的全栈自研优势，其舱驾一体方案具备完善的原生架构、领先的底层系统能力，可带来出众的整车智能化综合效能，彻底革新了分域拼装的架构模式，并在算法协同与算力分配上实现高效统筹。
在强大的硬件底座之上，德赛西威经大规模量产验证的自研算法能力，可赋予整车更为敏锐的“辅助驾驶系统”，在全场景自适应高速领航、300+自动泊车场景，以及主动安全场景兜底和座舱交互体验等方面的表现优异，应对复杂路况表现出了极高的鲁棒性，可为用户带来踏实可靠的行车安全感。
在算力调度上，方案实现更为科学合理的分配，在整机高负载时，优先保障安全，避免响应延迟，能够大幅提升各类路况下的场景通过率，如AEB对于车辆目标车速覆盖范围可达4-150km/h。同时，舱驾一体方案在夯实辅助驾驶基础功能和系统安全冗余的基础上，将算力资源反哺座舱，让座舱交互体验更加丝滑。
强化复杂场景目标识别能力
伴随L2辅助驾驶强制安全标准落地，远距静态障碍物识别将纳入考核范围；同时，逆光、雨雾等高难度环境工况，也对车载感知系统提出了更高要求。4D毫米波雷达正加速成为车载感知标配，而部分厂商依靠低阶激光雷达达标的路线因成本偏高难以落地。
摸底测试显示，德赛西威舱驾一体方案搭载7V3R 4D毫米波雷达，可充分满足GB47955强制标准所要求的高速（A类）道路场景需求，相比传统3D毫米波雷达，该方案对纸箱、水马、锥桶，以及动态目标等障碍物的检出距离，提升了50-100米。该方案在130km/h车速下顺利通过施工改道、多姿态事故车、低可视障碍物等难例场景，在雨雪雾等复杂天气下适应性更强，并具备成本可控、国内外同配等多重优势。
面向车企出海需求浪潮，德赛西威舱驾一体方案满足国内需求的同时，实现了海外场景通配，海外可集成L2辅助驾驶、APA、OMS、DMS等功能算法，帮助车企全球化车型高效适配落地。目前，德赛西威舱驾一体方案已在全球多个市场开展数据闭环工作，全球化车型预计在明年一季度量产，将覆盖欧洲、日本、澳大利亚、新西兰、南美、东南亚、中东等区域市场，未来海外市场版图将持续扩大。
舱驾一体是智能汽车迈向中央计算架构的必经之路。德赛西威凭借全栈自研优势，打通座舱与驾驶域的软硬件壁垒，可有效助力车企优化智能迭代成本，同时为行业舱驾融合的技术路线提供了成熟参考。
【NE快讯】德赛西威与NVIDIA合作发布全新智驾解决方案；南芯科技发布适用于48V汽车系统的高性能DC-DC；威灵推出集成电加热二合一压缩机
01.德赛西威与NVIDIA合作发布全新智驾解决方案近日，德赛西威正在开发一款面向量产的智驾解决方案，该方案基于NVIDIADRIVEHyperion中的NVIDIADRIVEAGXThor加速计算平台，并结合了NVIDIANVLink互连技术打造，成为首批应用该技术的合作伙伴之一。同时，该技术还可...
德赛西威与NVIDIA合作发布全新智驾解决方案
当前高阶智能驾驶已进入L3/L4规模化落地关键期，整车AI算力需求已极大提升，传统单芯片方案在算力上限、内存容量、芯片间通信效率上均面临瓶颈，难以支撑端侧智驾大模型实时推理、多传感器海量数据融合与复杂决策计算。为破解这一行业核心难题，德赛西威正在开发一款面向量产的智驾解决方案，该方案基于NVIDIA...
德赛西威整车区域控制器ZCU获多个主机厂定点
近日，德赛西威整车区域控制器（以下简称“ZCU”）获得多个主机厂定点，该产品以“区域集成”创新理念，高度集成了车身舒适控制（灯光、雨刮、门窗）、以太网网关、无钥匙进入及启动系统（PEPS）、电子驻车（EPB）、空气悬架控制及智能配电等关键功能，助力客户实现汽车电子电气架构的跨越式升级。在汽车智能化产...
【NE快讯】德赛西威整车区域控制器获多个主机厂定点；福瑞泰克6B平台获国内及合资品牌头部定点；文远知行与优步Uber宣布升级战略合作
01.德赛西威整车区域控制器ZCU获多个主机厂定点近日，德赛西威整车区域控制器（以下简称“ZCU”）获得多个主机厂定点，该产品以“区域集成”创新理念，高度集成了车身舒适控制（灯光、雨刮、门窗）、以太网网关、无钥匙进入及启动系统（PEPS）、电子驻车（EPB）、空气悬架控制及智能配电等关键功能，助力客...
定义行业新节点：德赛西威发布首款8T8R 4D毫米波雷达
目前，辅助驾驶正处于由L2+迈向L3的关键阶段，“全天候、全场景、高冗余”的感知能力已成为行业共同追求的目标。作为智能驾驶系统的核心传感器之一，4D毫米波雷达正加速从高端走向主流，规模化上车的前夜已经到来。据行业权威数据统计，2025年中国乘用车毫米波雷达搭载率已超50%，4D毫米波雷达正成为市场焦...
北汽极狐X卓驭 | 全球首个8775舱驾一体量产 让我们再下一程
10月28日，全球首个搭载高通SA8775P舱驾一体方案的量产车型——极狐全新阿尔法T5正式上市。作为北汽极狐的核心技术合作伙伴，卓驭科技以架构革新之力，推动汽车智能从“舱驾分立”迈向“舱驾一体”，真正实现“架构统一、体验升级”。此次舱驾一体方案落地，是行业首个基于单芯片舱驾一体方案实现无图端到端城...
【NE快讯】追觅科技德国建厂推进；德赛西威成功完成43.99亿元定增发行；东风汽车与华为高层会谈
01.追觅科技德国建厂推进2025年9月，据德媒报道，追觅科技正考虑在德国勃兰登堡州特斯拉工厂附近建设电动车工厂，该州州长DietmarWoidke于9月23日证实双方已就此事接洽，但强调项目需充分审慎准备。追觅创始人兼CEO俞浩此前已考察厂址且倾向该区域，计划工厂规模略大于特斯拉格伦海德超级工厂，...
德赛西威成功完成43.99亿元定增发行，深化汽车智能化战略布局
近日，惠州市德赛西威汽车电子股份有限公司（以下简称德赛西威）顺利完成定增发行工作，募集资金总额43.99亿元人民币。作为公司上市以来的首次再融资，此次定增不仅实现了资本运作的重要突破，也标志着德赛西威战略发展进入新阶段，充分体现了资本市场对公司核心竞争力和未来成长性的高度认可。本次发行凭借清晰的战略...
【NE快讯】英诺赛科发布两款低压GaN电机驱动方案；蔚来再获10亿美元输血；德赛西威NTT DATA慕尼黑车展战略签约
01.英诺赛科发布两款低压GaN电机驱动方案近日，英诺赛科(Innoscience)，推出了两款高性能低压电机驱动方案：INNDMD48V25A1(分立方案)和INNDMD48V22A1(集成方案)，为机器人、无人机、电动工具等低压电机应用带来革命性突破。最新发布的两款方案均采用48V–60V输入，...
重塑汽车生态新范式，德赛西威、NTT DATA慕尼黑车展战略签约
全球汽车产业盛会德国慕尼黑车展传来重磅消息。9月10日，德赛西威与全球人工智能、数字基础设施领导者NTTDATA举行签约仪式，双方将联合开发新一代SDV（软件定义汽车）平台。随着移动出行生态圈的持续拓宽，德赛西威将加速在欧洲市场构建本土化服务生态，为中国汽车品牌高效出海提供有力支撑，助力其稳步开拓全...
2026第六届全球xEV驱动系统技术暨产业大会
销量快报｜长安汽车8月交付21.88万辆 连续7个月海外交付同比大涨！
王冰冰想带回家的个人机器人，还是C罗头号粉丝
征程®6M大规模量产上车，城区NOA普惠至10万级主流市场
X-night｜自变量机器人Open Talk邀你来聊！
上海恩翌信息科技有限公司
沪ICP备17041240号-4",full,,dom_or_structured_full_text,https://www.ne-time.cn/web/article/39577,NE时代,电池,新能源汽车/智能汽车,2026-09-02T00:14:51+00:00,,,,,error,,glm-5.2,2026-08-14,"Z.AI HTTP 400: {""type"":""error"",""error"":{""type"":""invalid_request_error"",""code"":""1301"",""message"":""[1301][系统检测到输入或生成内容可能包含不安全或敏感内容，请您避免输入易产生敏感内容的提示语，感谢您的配合。][2026090208183925ce2233c2914fea]""},""request_id"":""2026090208183925ce2233c2914fea""}"
首批30台氢燃料电池牵引车交付 - NE时代,2026-09-01,"首批30台氢燃料电池牵引车交付
8月30日，东风商用车与安捷楚道首批30台氢燃料牵引车交车仪式在武汉举行。作为东风氢能业务布局的重要落地，本次交付是落实今年3月东风汽贸与安捷楚道签署的1500台氢能重卡合作协议的重要节点，标志着该合作正式从协议签约迈入规模化运营阶段。公司党委常委、副总经理王俊出席活动。
当前，全球能源格局深刻变革，绿色低碳发展已成时代主旋律。国家“十五五”规划将氢能纳入“未来产业”重点培育方向。作为央企，东风充分发挥体系协同优势，由商用车事业部统筹推进，公司研发总院提供技术支撑，东风汽贸落实商务协同，联动湖北省、武汉市及经开区，聚合产业链伙伴攻坚氢能应用关键难题，协力推动“制、储、运、加、用”全链条协同落地。
商用车事业部深挖客户需求，联合生态方制定氢能全生命周期生态整体解决方案，为首批搭载东风汽车自主开发的300kw氢燃料系统的车辆提供一站式保驾护航。
今年3月，东风汽贸与安捷楚道签署1500台氢能重卡推广应用合作协议，车型覆盖牵引车、载货车、渣土车、搅拌车及洒水车等多元场景。
本次30台车辆的顺利交付，标志着双方合作由小批量试点试用转向规模化实际运营。依托“3线19站”加氢站网络布局以及全体系技术积累，双方将共同打造“车、路、能、服”一体化的氢能运营场景，推动氢能重卡在湖北高速路网投入常态化商业运营，将氢能装备的绿色效能释放到物流产业实战场景之中。
续航1700公里，搭载400kW电堆，东风商用车T1平台氢能重卡发布
5月20日，以“氢起东风・创领未来”为主题的东风汽车T1商用车新能源平台上市发布会在武汉举行。首个基于场景正向开发的T1商用车新能源平台上市，标志着东风汽车商用车新能源转型迈入平台化、标准化、规模化发展新阶段。深耕商用车57载东风T1商用车新能源平台上市东风汽车因商用车而兴，57年发展历程中赢得了全...
宁德时代携手东风商用车推动行业新增长 确立新一轮五年长期战略合作
10月13日，东风商用车与宁德时代在福建宁德举行战略合作签约仪式，基于过往成功的合作经验及未来愿景，双方正式确立新一轮五年长期战略合作，将在商用车电动化领域围绕前沿技术开发和应用、海外市场拓展、后市场发展以及行业生态共建等方面强强联合，互利共赢。东风商用车有限公司总经理刘利成、宁德时代市场体系联席总...
2026第六届全球xEV驱动系统技术暨产业大会
销量快报｜长安汽车8月交付21.88万辆 连续7个月海外交付同比大涨！
王冰冰想带回家的个人机器人，还是C罗头号粉丝
征程®6M大规模量产上车，城区NOA普惠至10万级主流市场
X-night｜自变量机器人Open Talk邀你来聊！
上海恩翌信息科技有限公司
沪ICP备17041240号-4",full,,dom_or_structured_full_text,https://www.ne-time.cn/web/article/39576,NE时代,电池,新能源汽车/智能汽车,2026-09-02T00:14:53+00:00,,,,,error,,glm-5.2,2026-08-14,"Z.AI HTTP 400: {""type"":""error"",""error"":{""type"":""invalid_request_error"",""code"":""1301"",""message"":""[1301][系统检测到输入或生成内容可能包含不安全或敏感内容，请您避免输入易产生敏感内容的提示语，感谢您的配合。][2026090208183925ce2233c2914fea]""},""request_id"":""2026090208183925ce2233c2914fea""}"
突破9.5kW/L体积功率密度！一汽解放燃料电池电堆三大核心维度实现重大突破 - NE时代,2026-09-01,"突破9.5kW/L体积功率密度！一汽解放燃料电池电堆三大核心维度实现重大突破
近日，一汽解放自主研发的新一代燃料电池电堆，通过中汽研新能源汽车检验中心(天津)有限公司第三方权威检测认证，电堆在体积功率密度、-40℃无辅助冷启动、氢气利用率三大关键维度实现突破，整体性能达到行业领先水平。
9.5kW/L体积功率密度
树立电堆小型化标杆
研发团队依托金属筋密封、文丘里式变径流场、非对称歧管口等多项技术创新，实现电堆峰值体积功率密度突破9.5kW/L（平均电压0.6V），额定体积功率密度超过8kW/L（平均电压0.65V），刷新行业性能高度。紧凑化的电堆本体具备优异平台适配能力，可覆盖商用车、乘用车多类车型搭载需求，为整车布置优化提供坚实基础。
-40℃无辅助快速启动
突破极寒应用瓶颈
针对高寒区域氢能车辆启动迟缓、出勤稳定性不足这一行业痛点，该电堆采用低热容结构设计，搭配低温控制策略深度优化，-40℃无辅助加热条件下冷启动响应迅速，180秒内即可完成冷启动并拉载至额定功率稳定输出。该技术有效化解低温环境下氢能车辆启动困难、运营受限难题，保障高寒场景下车辆出勤率。
99.9%超高氢气利用率
赋能整车高效运营
项目团队重构阳极多级分配流场，并进行膜电极催化层碳纸匹配优化，显著提升电堆低氢气浓度下电化学反应效率。电堆可在60%氢气浓度环境持续稳定工作，大幅降低阳极排氢损耗，氢气利用率达到99.9%，该项技术助力整车氢耗下降，提升运营经济性。
新一代燃料电池电堆顺利通过第三方权威检测，是一汽解放氢能核心技术自主攻关取得的重要阶段性成果。面向未来，一汽解放将持续深耕燃料电池关键核心技术，联动产业链上下游推进协同创新，加速技术成果向产品落地转化，持续完善氢能汽车产业生态，为我国氢能产业高质量发展注入强劲动力。
神力科技燃料电池发电系统批量交付海外客户
近日，上海神力科技有限公司自主研发的30kW燃料电池发电系统已顺利完成批量生产，陆续交付海外客户。此次交付的30kW燃料电池发电系统，是针对海外固定式发电和分布式能源市场开发的模块化产品。该系统基于神力科技成熟的B9P平台开发，具有高效率、高可靠性、长寿命等特点，可单机运行，也可通过多机组合满足不同...
中科海钠×一汽解放 | 钠电牵引车正式登上工信部公告!
近日，中华人民共和国工业和信息化部《道路机动车辆生产企业及产品》（第410批）正式发布，由中科海钠与一汽解放联合研发的钠离子电池换电牵引车（产品型号：CA4250P62T1BEVA16）名列其中。该车型是一汽解放旗下首款搭载钠离子动力电池的重型卡车，也是中科海钠在商用重卡领域取得的又一重要突破。值得...
空中客车×MTU将合作开发全电动氢燃料电池发动机
空中客车和MTU航空发动机公司计划深化合作，成立一家致力于全电动氢燃料电池发动机开发和商业化的合资企业。这是两家公司在2025年6月于巴黎航展上签署谅解备忘录（MoU）之后实现的又一里程碑。合作双方旨在通过建立一个专门且高度灵活的组织架构，加速以氢燃料电池为基础的革命性航空推进系统的技术开发、设计、...
强强联合！云韬氢能×一汽解放，加速新能源重卡160万辆规模化进程
7月1日，一汽解放汽车有限公司（简称“一汽解放”）与广东云韬氢能科技有限公司（简称“云韬氢能”）战略合作暨商务合作签约仪式在广东广州举行。中国一汽党委常委、副总经理张小帆，云韬氢能董事长杨强出席仪式并见证签约。在签约仪式上，中国一汽战略与合作部氢能产业发展办公室主任刘江唯与云韬氢能总裁张备共同签署了...
全链自主创标杆！天能氢电 “辰星” 系列燃料电池系统正式发布
2026年5月26日，天能氢电“辰星”系列大功率燃料电池新品发布会于浙江长兴隆重举行，正式推出T-280、N-345、T-200、N-245四款产品。凭借全链条自主研发、顶尖性能指标与全域场景适配能力，“辰星”系列为氢能商业化应用升级注入强劲动能，助力国家“双碳”目标落地。新品发布左起：天能氢电程伟...
现代汽车推出2027款Xcient氢燃料电池重卡
日前，现代汽车表示，将同时推出其旗舰商用车系列Mighty、Pavise和Xcient的2027款氢燃料车型，该系列引领韩国商用卡车市场。“新款2027Xcient燃料电池（FCEV）”，是四年后迎来全新车型级别改款的车型。这些卡车配备了顶级的ADAS功能，包括前方碰撞避免辅助、带停走功能的智能巡航...
浙江：建设长三角氢能高速公路和氢走廊，到2027年燃料电池汽车保有量达到2000辆
5月7日，浙江省发改委在官网发布了《浙江省加快新场景建设应用推动科技和产业高质量发展行动方案（2026-2027年）》（以下简称《方案》）。《方案》提出，建设长三角氢能高速公路和氢走廊，到2027年，终端用氢平均价格降至25元/千克以下，燃料电池汽车保有量达到2000辆；一体化建设可再生能源制氢项目...
通用汽车与小松合作开发氢燃料电池矿卡
日前，通用汽车宣布与全球矿业和建筑设备制造商小松---共同开发氢燃料电池矿用卡车。燃料电池为极端运输需求车辆提供了极佳的零排放解决方案，例如额定载重320吨的小松930E矿山卡车。这些车辆通常在整个服役寿命中都集中在一个矿区，简化了规模和高效加氢基础设施的部署挑战，以维护车队。通用汽车全球HYDRO...
共同开发氢能重卡燃料电池！戴姆勒卡车&丰田汽车&沃尔沃集团签约,共同持股Cellcentric
据丰田汽车官网消息，戴姆勒卡车公司(戴姆勒卡车)、沃尔沃集团(沃尔沃)、Cellcentric公司和丰田汽车公司(丰田)日前签署一项不具约束力的协议,将在燃料电池系统领域开展合作。据悉，三家公司计划以同等持股比例为基础成为Cellentric的第三个合资伙伴。双方的互补经验与专业知识相结合,将支持并...
三部门：到2030年，全国燃料电池汽车保有量较2025年翻一番，力争达到10万辆
财联社3月16日电，工业和信息化部、财政部、国家发展改革委发布关于开展氢能综合应用试点工作的通知。其中指出，到2030年，城市群氢能在多元领域实现规模化应用，终端用氢平均价格降至25元/千克以下，力争在部分优势地区降至15元/千克左右；全国燃料电池汽车保有量较2025年翻一番，力争达到10万辆。通过...
2026第六届全球xEV驱动系统技术暨产业大会
销量快报｜长安汽车8月交付21.88万辆 连续7个月海外交付同比大涨！
王冰冰想带回家的个人机器人，还是C罗头号粉丝
征程®6M大规模量产上车，城区NOA普惠至10万级主流市场
X-night｜自变量机器人Open Talk邀你来聊！
上海恩翌信息科技有限公司
沪ICP备17041240号-4",full,,dom_or_structured_full_text,https://www.ne-time.cn/web/article/39575,NE时代,电池,新能源汽车/智能汽车,2026-09-02T00:14:55+00:00,,,,,error,,glm-5.2,2026-08-14,"Z.AI HTTP 400: {""type"":""error"",""error"":{""type"":""invalid_request_error"",""code"":""1301"",""message"":""[1301][系统检测到输入或生成内容可能包含不安全或敏感内容，请您避免输入易产生敏感内容的提示语，感谢您的配合。][2026090208183925ce2233c2914fea]""},""request_id"":""2026090208183925ce2233c2914fea""}"
芯擎科技“端侧AI芯片长三角研发基地”在无锡正式签约 - NE时代,2026-09-01,"芯擎科技“端侧AI芯片长三角研发基地”在无锡正式签约
今日，由无锡市人民政府与江苏省工业和信息化厅共同主办的“2026集成电路（无锡）创新发展大会”盛大启幕，同期举办的“第八届无锡太湖创芯会议”在无锡滨湖区举办。会议期间，芯擎科技“端侧AI芯片长三角研发基地”项目正式签约。
会上，芯擎科技创始人兼CEO汪凯博士代表芯擎科技完成“端侧AI芯片长三角研发基地”的项目签约，无锡蠡园经济开发区党工委书记王子健、无锡市滨湖国有资本投资有限公司党委书记、董事长顾弘等共同参与签约。
“端侧AI芯片长三角研发基地”落地蠡园经济开发区，将聚焦舱驾融合、车规级端侧 AI、具身智能芯片研发攻关等，深度联动长三角汽车、工业机器人等终端产业资源，完善滨湖区集成电路 “芯片‑终端‑应用”的创新链条，强化区域在端侧算力领域的研发实力，为区域发展新质生产力注入硬核动能。
目前，芯擎科技“龍鹰一号”已实现百万级量产，形成了“龍鹰”系列智能座舱芯片、“星辰”系列智能驾驶芯片、“天工100”AI加速芯片、“龍鹰一号”工业芯片和高速连接SerDes芯片等全线产品矩阵。今年4月，汪凯博士在北京车展期间预发布了芯擎科技5nm AI舱驾融合芯片“龍鹰二号”，该芯片计划在2027年第一季度启动适配。
汪凯博士表示：“今年下半年，芯擎科技将发布更多产品和市场进展，芯擎正在智能汽车和工业机器人领域并行发展，加速车规级端侧AI的场景落地，赋能长三角集成电路产业高质量发展。”
【NE快讯】地平线星空®携手博泰车联打造高端AI座舱；长安与荣耀共建联合创新实验室；芯擎科技车规级7纳米AI加速芯片“天工100”全面量产
NE|快讯◎地平线星空®携手博泰车联打造高端AI座舱◎长安与荣耀共建联合创新实验室◎芯擎科技车规级7纳米AI加速芯片“天工100”全面量产01.地平线星空®携手博泰车联打造高端AI座舱近日，地平线宣布其生态合作伙伴博泰车联获得国内头部新能源车企的定点合作，将为该车企全新车型平台提供基于地平线星空®(...
“重仓”工业机器人 | 芯擎科技与仙工智能达成战略合作，共筑智能体“超级大脑”
近日，高性能车规和工业芯片领航者芯擎科技与全球领先的平台型具身智能机器人公司仙工智能正式签署战略合作协议。双方将围绕工业自动化和具身智能领域，联合构建“车规级芯片算力+工业机器人算法”一体化平台，面向全球市场推出高性能、高可靠、可快速落地的智能机器人解决方案。本次合作中，芯擎科技依托“龍鹰“系列智能...
芯擎科技发布5纳米车规级AI座舱芯片“龍鹰二号”
在2026北京国际车展上，高性能车规和工业芯片领航者芯擎科技发布5nm车规级AI座舱芯片“龍鹰二号”，计划于2027年第一季度启动适配。这款芯片的发布，意味着中国本土车规级SoC已从“追赶者”转变为“定义者”，标志着芯擎科技从智能座舱到整车计算平台，再到端侧智能体核心引擎的战略跃迁。芯擎科技创始人兼...
卓驭科技与亿咖通科技、芯擎科技达成战略合作
2026年1月30日，卓驭科技分别与亿咖通科技、芯擎科技签署战略合作协议，围绕下一代智能汽车电子电气架构，在中央计算平台的技术研发与量产应用上展开深度协同，共同推进高阶智能化解决方案的规模化落地。01与亿咖通科技合作：共同开发高性能中央计算平台卓驭科技与亿咖通科技将基于高性能计算平台，整合卓驭科技在...
芯擎科技“星辰一号”自动驾驶芯片成功点亮！明年将大规模量产
国产高端智能座舱芯片销量第一的芯擎科技，近日在自动驾驶领域也取得了重大突破——全场景高阶自动驾驶芯片“星辰一号”（AD1000）成功点亮，并快速超额实现全部性能设计目标。该芯片将在2025年实现量产，2026年大规模上车应用。“星辰一号”全面对标目前国际最先进的智驾产品，并在CPU性能、AI算力、I...
中国AI芯片性能与美国差距还有多大？
“从性能上来看，或许差距不到1年。”一位AI领域的资深人士表示。当然，他这个回复的底气来自于华为即将推出的最新一代AI芯片。据悉，这款新芯片可与英伟达目前在售的H100相媲美。当然，英伟达最新发布的B200虽然性能更好，但是量产遇到瓶颈。根据最新消息，该芯片批量交付已经延迟到2025年第一季度。据悉...
芯擎科技与芯华章建立深度合作，软硬件协同开发加速车规级芯片创新
12月4日，系统级验证EDA解决方案提供商芯华章，与国产高端车规芯片设计公司芯擎科技正式建立战略合作。双方强强联手，芯擎科技导入芯华章相关EDA验证工具，赋能车规级芯片和应用软件的协同开发，助力大规模缩短产品上市周期，加速新一代智能驾驶芯片创新。随着中国智能汽车产业蓬勃发展，车规级芯片也迎来了发展的...
芯擎科技宣布“龍鷹一号”正式量产，国产高端车规级芯片开启智慧出行“芯”未来
2023年3月30日，湖北芯擎科技有限公司举办“龍鷹一号”量产发布会，正式宣布中国首款7纳米车规级SoC芯片“龍鷹一号”的量产和供货。同时，搭载“龍鷹一号”的多款国产车型将于今年中期开始陆续面市。众多国内国际知名车企的相关领导和研究院负责人、相关政府领导、产业界资深专家、股东和投资人、生态合作伙伴，...
芯擎科技完成近 10 亿元 A 轮融资，7nm 智能座舱芯片“龍鷹一号”预计下半年量产
7月19日消息，据芯擎科技官方宣布，近日，7纳米车规级高端处理器提供商湖北芯擎科技有限公司顺利完成近十亿元A轮融资。融资资金计划用于现有产品的批量供货以及车规级、高算力车载芯片下一阶段的研发和部署。继今年3月获得一汽集团战略投资之后，芯擎科技的本轮融资由红杉资本领投，东软资本、博世旗下博原资本、中芯...
芯擎科技获得中国一汽数亿元战略投资
3月9日消息，芯擎科技获得中国一汽数亿元战略投资，用于更先进芯片的研发和部署。双方将在车规级、高算力芯片领域展开合作，提升一汽集团旗下品牌汽车在智能座舱、自动驾驶等领域的自主创新，共同推进汽车芯片国产化进程。芯擎科技董事兼CEO汪凯博士表示，“我们率先向市场推出性能领先的高算力芯片，填补了国内高端车...
2026第六届全球xEV驱动系统技术暨产业大会
销量快报｜长安汽车8月交付21.88万辆 连续7个月海外交付同比大涨！
王冰冰想带回家的个人机器人，还是C罗头号粉丝
征程®6M大规模量产上车，城区NOA普惠至10万级主流市场
X-night｜自变量机器人Open Talk邀你来聊！
上海恩翌信息科技有限公司
沪ICP备17041240号-4",full,,dom_or_structured_full_text,https://www.ne-time.cn/web/article/39574,NE时代,电池,新能源汽车/智能汽车,2026-09-02T00:14:57+00:00,,,,,error,,glm-5.2,2026-08-14,"Z.AI HTTP 400: {""type"":""error"",""error"":{""type"":""invalid_request_error"",""code"":""1301"",""message"":""[1301][系统检测到输入或生成内容可能包含不安全或敏感内容，请您避免输入易产生敏感内容的提示语，感谢您的配合。][2026090208183925ce2233c2914fea]""},""request_id"":""2026090208183925ce2233c2914fea""}"
丰田将在中国率先生产最新EV - NE时代,2026-09-01,"丰田将在中国率先生产最新EV
丰田将在中国先行推出轻量化的下一代纯电动汽车，图为丰田目前面向中国市场的纯电SUV
围绕下一代EV，丰田一直在日本推进“轿跑车”的开发，但今年春季停止。丰田将于2027年秋季在中国生产下一代EV，全球新一代汽车的竞争中心已从欧美和日本转移至中国……
日本丰田将于2027年秋季在中国生产下一代纯电动汽车（EV）。作为旗下高端品牌“雷克萨斯”的SUV进行销售。新一代汽车的竞争中心已从欧美和日本转移至中国。
英国调查公司GlobalData的数据显示，2025年中国EV销量预计达857万辆，占全球销量的60%。约为欧洲的3倍、日本的100倍以上。到2030年，有望达到1141万辆。尽管EV市场在日、欧、美面临逆风，但从中长期来看，将在全球实现增长。中国正成为预示能否获得全球汽车市场主导权的地区。
新车将于2027年在中国上海的新工厂进行组装。首年产量约为每月1000辆，从2028年起每年生产数万辆。
车身将采用最尖端的零部件。运用“Gigacast（一体化压铸）”技术，通过铝材压铸实现零部件一体化成型。有观点认为，车身的部分重量相比以往最多可减轻约20%，单次充电的续航里程也将增加数个百分点。此外，车身刚性更高，同时由于组装零部件的工序减少，生产速度也得以提升。
丰田一直在日本开发和制造搭载混合动力车（HV）“普锐斯”、燃料电池车“未来”等先进技术的车型，通过扩大在日美两国的销售，开拓全球市场。丰田在日本以外的地区推出最新车型，实属罕见。
丰田下一代EV将首次采用一体化压铸制造的零部件
围绕下一代EV，丰田一直在日本推进流线型、车高较低的“轿跑车”的开发，但今年春季停止了研发。而在中国，纯电SUV需求强劲，竞争激烈，例如中国汽车巨头比亚迪（BYD）于6月推出一款大型SUV新车。
丰田倡导“多路径战略”（全方位战略），即根据不同地区的需求，提供多种车型，并在当地进行开发和生产。在日本和美国，以混合动力车和汽油车为主推进研发与生产，在中国，则将重心放在EV上。
正在加大面向中国的EV开发力度，销售低价SUV以及搭载通信设备巨头华为的信息显示屏的车型等。通过推出下一代EV等高端产品线，有助于扩大在中国市场的销售。
全球各大汽车企业正积极针对中国市场推进车型开发。日产汽车计划将新车的研发周期缩短至约2年（26个月），相比以前压缩至一半。德国大众则与中国EV企业合作，计划到2030年前推出最多包括EV在内50款新能源汽车。
传统汽车制造商通常需要4～5年才能推出一款新车，而中国的新型EV企业则只需要一半的时间，即2年就能生产出新车。需要采用中国特有的制造方式，在融入尖端技术的同时，提高开发速度。
墨西哥要在EV巴士领域减轻依赖中国
在墨西哥EV巴士市场，宇通客车和比亚迪等中国企业被认为掌握超过八成份额。墨西哥国产EV巴士的开发已正式启动，计划超过70%的零部件在墨西哥本土制造，还力争未来实现出口……墨西哥国产纯电动（EV）巴士的开发已正式启动。计划超过70%的零部件在墨西哥本土制造，旨在夺回被中国制造商席卷的纯电动巴士国内市场...
日系车7月中国销量：丰田降24%，本田降44%
丰田销售的纯电SUV“bZ3X”（6月上旬、广东深圳）丰田销量已连续6个月低于上年同期。由于汽油价格上涨，消费者避免购买汽油车、选择新能源汽车的趋势加强……日本丰田汽车8月7日发布的数据显示，7月份在中国的新车销量同比下降24%，降至11.47万辆。由于汽油价格上涨，消费者避免购买汽油车、选择纯电动...
25年全球EV价格低于HV：中企出海、日企逆风
在泰国展示的比亚迪的EV（Reuters）2025年全球纯电动汽车（EV）均价约为3.7万美元（约人民币24.96万元），混合动力车（HV）约为3.9万美元（约人民币26.32万元）。除了电池降价外，中国EV通过大规模生产降低了成本……　　2025年全球纯电动汽车（EV）的平均价格已低于混合动力车（...
澳企扩大锂生产，迎接EV市场回暖
锂价在暴跌后触底反弹（Reuters）2026年的锂价处于复苏态势。霍尔木兹海峡封锁导致燃料价格上涨，EV销售势头强劲。市场上有很多观点认为，锂的供不应求将持续到2030年前后……澳大利亚企业正在扩大用于车载电池等的重要矿产锂的生产。由于2024年前后的行情低迷，许多工厂停产，但随着当前市场复苏，又...
丰田将生产混动车用新一代电池
丰田在美国销售的混合动力车“凯美瑞丰田财务本部长东崇德表示：从长期规划来看，宁德时代新能源科技（CATL）将在印度尼西亚每年为丰田生产可供20万辆混合动力车使用的电池……丰田8月4日发布消息称，将于2027年～2028年开始生产用于混合动力车（HV）的新一代电池。丰田将在日本国内改换60万辆规模的混...
中国EV产业结构：电池强势，整车承压
、宁德时代的钠离子电池展示（4月下旬，北京市）在以发动机汽车为中心的过去，形成了以生产发动机的整车制造商为顶点、零部件供应商共同构成的金字塔式产业结构。但在世界上最早推进EV转型的中国，这一结构正在被颠覆……中国车载电池制造商宁德时代新能源科技（CATL）的业绩表现强劲。搭载于纯电动汽车（EV）的电...
丰田1～6月全球销量下滑3%
丰田在美国销售的新款“RAV4”的混合动力车丰田连续7年保持全球销量冠军。在华销量69万4670辆，同比下降17%……7月30日，丰田公布的2026年1～6月全球销量（含雷克萨斯）为500万8898辆，同比下滑3%。受汽油价格高涨拖累，中国市场需求低迷，拉低整体业绩，销量时隔1年同比下滑。丰田连续7...
丰田和本田5月在华新车销量均大幅下滑
丰田""凯美瑞""（4月，北京国际车展）丰田5月在华销量为10.23万辆，同比下滑32%。本田5月在华新车销量为2.8279万辆，同比下滑49%。受中东局势紧张影响，国际油价大幅上涨，汽油车销售低迷……　　丰田与本田的5月在华新车销量分别同比下降32%和49%。受中东局势紧张影响，国际油价大幅上涨，汽油...
丰田入股日本自动驾驶企业Tier IV
丰田的自动驾驶汽车“e-Palette”丰田的自动驾驶也采用了全方位战略，此次向日本自动驾驶系统开发和服务商TierIV出资，同时还与美国和中国企业等在合作……丰田为了引进自动驾驶技术，与日本知名新兴企业展开了资本和业务合作。丰田在自动驾驶领域还与美国和中国企业等在合作。在自动驾驶出租车开始普及的情...
完善全场景布局，希倍动力高功率钠离子电池突破 HEV 乘用车车载市场
近日，希倍动力在车载混动电池领域取得关键突破，自研2.05kWh高功率钠离子电池顺利完成交货，成功进入主流HEV乘用车赛道，为HEV混动电池市场带来全新技术选择。此次配套合作源自国内某一线车企公开招标。针对HEV混动车型对电池功率密度、循环寿命、低温性能、体积重量的严苛工况要求，主机厂设置了多项硬性...
2026第六届全球xEV驱动系统技术暨产业大会
销量快报｜长安汽车8月交付21.88万辆 连续7个月海外交付同比大涨！
王冰冰想带回家的个人机器人，还是C罗头号粉丝
征程®6M大规模量产上车，城区NOA普惠至10万级主流市场
X-night｜自变量机器人Open Talk邀你来聊！
上海恩翌信息科技有限公司
沪ICP备17041240号-4",full,,dom_or_structured_full_text,https://www.ne-time.cn/web/article/39573,NE时代,电池,新能源汽车/智能汽车,2026-09-02T00:14:59+00:00,,,,,error,,glm-5.2,2026-08-14,"Z.AI HTTP 400: {""type"":""error"",""error"":{""type"":""invalid_request_error"",""code"":""1301"",""message"":""[1301][系统检测到输入或生成内容可能包含不安全或敏感内容，请您避免输入易产生敏感内容的提示语，感谢您的配合。][2026090208183925ce2233c2914fea]""},""request_id"":""2026090208183925ce2233c2914fea""}"
"采购车辆1%将为氢燃料汽车！日本筹建“氢能大动脉”, 推出“氢能1%采购宣言” - NE时代",2026-09-01,"采购车辆1%将为氢燃料汽车！日本筹建“氢能大动脉”, 推出“氢能1%采购宣言”
据日本氢能协会JH2A官网，当地时间8月28日，该协会在福岛县召开了一次区域筹备会议，主要是打造日本“氢能大动脉”（会议由日本汽车制造商协会（JAMA）联合主办，福岛县支持），并落实“氢气1%采购宣言”暨福岛县采购采购公务用车总量的1%---13台氢燃料电池汽车。
据悉， JH2A正在推进“氢能大动脉”构想，旨在从出行领域开始创造氢气需求，然后将需求发展到发电、化工和钢铁制造等其他行业，从而与经济产业部、地方政府、JAMA及企业合作，推动氢气的社会化实施。具体实施将在各个领域落实 “氢气1%采购宣言”内容。
今年6月4日，日本氢能协会（JH2A）在第七次员工大会上聚焦于这些挑战。共有65家公司和组织参与了“氢气1%采购宣言”（该协会543名会员，发表宣言约占总会员12%）。6月会议上发布的车型包括一个地点的50辆车辆和30个地点的1500辆大型卡车，年氢气消耗量为7500吨。 （JH2A五月的建议设定了未来十年内约30个大型氢气加氢站的目标，以配合商用车辆的普及。）
“氢能1%采购宣言” 在运输方面，方法包括将1%的内部物流转移到FC卡车上，将1%的公司和公务车辆替换为燃料电池车，引入FC巴士，将1%的叉车改装为氢能规格，以及将超过1%的自有出租车改装为氢能出租车。 燃料方面，1%的锅炉、工厂城市燃气、电力和自发燃料可以被氢能替代。
其实，在2025年，日本已选定五个关键区域作为FC商用车的运营地——东北、关东、中部和九州——并准备了额外支持以弥补柴油与氢气之间的燃油成本差距。 2026年主干道将旨在连接这些积累物，而非分散展示资产。 当成员明确地点和时间点，使供应商能够协作时，采购活动的价值就会提升。
此次筹备会议作为私营部门倡议举行，旨在回顾福岛地区的先进举措，识别商业出行全面推广的真实挑战，并在多个地点创建具体项目，旨在为未来全国扩展的主干道构建宏伟设计。 本次会议的“第一部分”，涉及实际实地实践经验分享; 第二部分，深入各利益相关者之间的讨论。最后，县长椎根武夫、东京都政府董事吉村圭一以及JH2A联合会长（丰田汽车公司副会长）佐藤恒治登台，基于本次会议讨论，表达了对未来氢能举措的承诺。
其实早在2017年12月，日本就宣布了其国家氢能基础战略，政府称之为全球首个氢能战略。 最初，它主要是一张补给和技术的地图。 降低供应成本，建设国际供应链，引入燃料电池，发展氢能发电和基础设施。 2023年修订增加了工业和安全战略，将氢气及其衍生品的引入目标设定为2030年最高300万吨，2040年达到1200万吨，2050年约2000万吨。
当时，氢气价格目标也很明确。 目标是到2030年达到每立方米30日元，2050年达到20日元。然而，在2025年6月的Cardle运输类别中，氢气供应端的中标价为每立方280日元，需求端为100日元，公共补贴弥补了这一差距。 JR东日本正在考虑进口氢气。 市政当局会宣布FCV，但气候影响取决于车辆生命周期内补充的氢气量
2026第六届全球xEV驱动系统技术暨产业大会
销量快报｜长安汽车8月交付21.88万辆 连续7个月海外交付同比大涨！
王冰冰想带回家的个人机器人，还是C罗头号粉丝
征程®6M大规模量产上车，城区NOA普惠至10万级主流市场
X-night｜自变量机器人Open Talk邀你来聊！
上海恩翌信息科技有限公司
沪ICP备17041240号-4",full,,dom_or_structured_full_text,https://www.ne-time.cn/web/article/39572,NE时代,电池,新能源汽车/智能汽车,2026-09-02T00:15:02+00:00,,,,,error,,glm-5.2,2026-08-14,"Z.AI HTTP 400: {""type"":""error"",""error"":{""type"":""invalid_request_error"",""code"":""1301"",""message"":""[1301][系统检测到输入或生成内容可能包含不安全或敏感内容，请您避免输入易产生敏感内容的提示语，感谢您的配合。][2026090208183925ce2233c2914fea]""},""request_id"":""2026090208183925ce2233c2914fea""}"
"续航超1000km, 氢耗7.6kg/百公里, 福田卡文星海氢能重卡正式上市 - NE时代",2026-09-01,"续航超1000km, 氢耗7.6kg/百公里, 福田卡文星海氢能重卡正式上市
据福田卡文， 8月28日，福田卡文新能源豪华旗舰重卡——卡文星海正式上市。作为可电可氢智能重卡平台首款量产车型，福田卡文星海6×4氢燃料版，续航超1000公里， 百公里氢耗低至7.6公斤。
北汽福田副总经理、福田卡文汽车董事长秦志东表示：“卡文星海深耕300km以上中长途核心赛道，精准破解能耗高、续航短、充电慢等行业难题，致力成为新能源中长途物流的引领者。”
在干线物流加速零碳转型的大背景下，卡文星海“高效之星”以高效可靠筑牢新能源干线物流的生命线。卡文星海以电、氢双动力技术路线，氢燃料配备大容量储氢系统，依托全域极致能耗控制技术，实现续航能力全面突破。
在国家积极推进“五射四纵五横”零碳公路运输大通道建设的背景下，福田卡文汽车秉持“让每一公里更美好”的品牌使命，重新定义干线零碳重卡的价值标准。
福田卡文星海智享运营季即将启航，将携手头部高势能客户，覆盖能源、科技、港口、消费、钢铁、冷链、物流、零部件、绿电九大产业圈，打造全球首批合作运营示范项目。活动将以真实工况全面检验卡文星海效能，让每一公里都成为通向绿色未来的坚实一步。
荣程新能携手文丰集团投运第二批氢能重卡
8月7日，荣程新能集团与文丰集团举行第二批氢能重卡投运仪式。继首批车辆实现商业化落地后，双方再度携手扩容唐山零碳运力，以规模化示范应用推动钢铁物流全链条绿色重塑，助力京津冀氢能综合应用试点城市群建设。钢铁产业是唐山经济的重要支柱，区域大宗物料运输体量大、周转频次高。物流领域的低碳升级，既是当地践行“...
续航1700公里，搭载400kW电堆，东风商用车T1平台氢能重卡发布
5月20日，以“氢起东风・创领未来”为主题的东风汽车T1商用车新能源平台上市发布会在武汉举行。首个基于场景正向开发的T1商用车新能源平台上市，标志着东风汽车商用车新能源转型迈入平台化、标准化、规模化发展新阶段。深耕商用车57载东风T1商用车新能源平台上市东风汽车因商用车而兴，57年发展历程中赢得了全...
荣程新能投运唐山首批50辆氢能重卡
3月6日，全国两会召开期间，荣程新能集团与河北文丰集团物流有限公司达成战略合作，唐山区域首批50辆氢能重卡正式交付投运。此举是双方以实干落实两会精神、响应国家能源转型和“双碳”战略的标志性成果，将为京津冀物流清洁化升级注入强劲“氢”动能。河北文丰集团是一家集特钢、铝业、港口及金融等多板块于一体的大型...
氢能重卡完成数亿元B轮融资
近日，质子汽车科技有限公司完成数亿元B轮融资，投资方有盛世聚鑫、国鑫创投、河北产投、绿色时代、优达尚融、民营经济基金、活水资本、慧投智造。本轮资金将主要用于智能驾驶及自动驾驶等核心技术研发、补充运营资金、全球市场拓展等，为公司后续冲击资本市场注入强劲动力。截至目前，质子汽车已完成3轮融资，股东结构涵...
氢通能源集团300辆氢能重卡订单，打造“富源模式”树立行业转型范本
1月16日，中国西南“氢走廊”贯通仪式暨氢通富源风光制加氢一体化项目300辆49t氢能重卡发车运营仪式在云南富源县煤炭智慧物流园区内正式启动，标志着氢通能源集团与云南富源县的战略合作进入实质性落地阶段，串联盘州、富源、昆明的氢走廊就此打通。同时仪式上氢通能源集团分别与上海理工大学、中煤能源、中国电建...
清能股份400kW电堆配套荣程新能氢能重卡完成开发并启动测试
近日，由荣程新能集团牵头研发，配套清能股份400kW电堆的氢能重卡成功完成整车集成并进入实测阶段。该成果将氢能重卡单堆功率提升至行业新高度，标志着我国在新能源商用车关键技术研究与应用方面取得重要进展。清能股份400kW燃料电池电堆测试样车此次下线测试车辆以“高效、经济、可靠”为核心理念，围绕电堆功率...
MAN氢能重卡订单，拿下！
近日，马勒获得了德国知名商用车制造商曼恩（MANTruck&Bus）的合同，将为其刚赢得“2025卡车创新奖”的hTGX氢能卡车提供发动机零部件。马勒将为这台16.8L排量、383kW功率的六缸直喷发动机提供氢动力单元，包括活塞、活塞环、活塞销和缸套等组件。此外，其气门机构也将使用马勒的零部件。这款...
湖北首条氢能示范线启动，首批东风氢能重卡投入运营
3月30日一场标志着我国氢能产业迈向商业化新阶段的盛会在湖北沪渝高速潜江服务区北区举行东风商用车携手湖北省交通投资集团有限公司共同打造的汉宜氢能示范线正式启动▲共同见证这一具有里程碑意义的历史时刻作为国内首条规模化应用的氢能重卡高速运输线路汉宜氢能示范线连接着武汉、潜江、仙桃、荆州、宜昌等湖北省内重...
加速氢能重卡商业化应用！未势能源与一汽解放签署战略合作
9月12日，未势能源科技有限公司（简称：未势能源）与一汽解放汽车有限公司（简称：一汽解放）签署《氢燃料电池整车推广与应用战略合作》，双方将依托各自在燃料电池技术、整车开发以及应用领域资源优势开展深度合作，共同推动氢能及燃料电池汽车商业化应用落地。未势能源大客户营销中心总经理杨宝，一汽解放新能源事业部...
我国氢能重卡突破3000辆
4月26日，在京津冀、长三角、珠三角等氢能示范城市群，已经能看到大批氢能公交、氢能网约车行驶在城市道路上。与此同时，氢能重卡的数量也在快速增加，成为绿氢在物流领域应用的新场景。在一些港口和工业园区，氢能重卡替代原来的柴油重卡进行运输。这批氢能重卡在获得政府补贴之后，运行的成本比柴油车低10%左右。2...
2026第六届全球xEV驱动系统技术暨产业大会
销量快报｜长安汽车8月交付21.88万辆 连续7个月海外交付同比大涨！
王冰冰想带回家的个人机器人，还是C罗头号粉丝
征程®6M大规模量产上车，城区NOA普惠至10万级主流市场
X-night｜自变量机器人Open Talk邀你来聊！
上海恩翌信息科技有限公司
沪ICP备17041240号-4",full,,dom_or_structured_full_text,https://www.ne-time.cn/web/article/39571,NE时代,电池,新能源汽车/智能汽车,2026-09-02T00:15:04+00:00,,,,,error,,glm-5.2,2026-08-14,"Z.AI HTTP 400: {""type"":""error"",""error"":{""type"":""invalid_request_error"",""code"":""1301"",""message"":""[1301][系统检测到输入或生成内容可能包含不安全或敏感内容，请您避免输入易产生敏感内容的提示语，感谢您的配合。][2026090208183925ce2233c2914fea]""},""request_id"":""2026090208183925ce2233c2914fea""}"
采埃孚中国电驱动业务实现重大突破 - NE时代,2026-09-01,"采埃孚中国电驱动业务实现重大突破
近日，采埃孚电驱动业务在中国新能源市场迎来重要里程碑进展，旗下同轴电驱系统（Coaxial eVD）先后获得两家国内领先汽车制造商的项目定点。这标志着采埃孚先进的电驱技术在中国新能源汽车市场实现规模化突破，进一步强化了其在新能源电驱动领域的核心供应商地位，持续助力中国车企电动化、高端化转型。
采埃孚集团电驱传动技术事业部亚太区副总裁王岳表示：
“先后与国内两家战略客户达成平台合作，充分印证了我们在快速发展的电动出行市场中的核心竞争力。依托技术成熟度、速度与成本效率，我们能够有力支持客户在中国乃至全球市场的转型与增长。此次定点不仅体现了采埃孚在电动出行领域不断增强的技术实力，也进一步彰显了我们在亚太区持续推动创新、全力赋能客户的坚定承诺。”
轻量化高效同轴电驱
精准匹配下一代新能源平台
随着新能源汽车产业持续向高性能、高效率方向发展，采埃孚基于SELECT电驱平台打造了同轴电驱系统。该系统凭借紧凑化设计、高效动力输出以及灵活拓展能力，精准匹配下一代新能源汽车平台各类电驱系统需求。采埃孚800V平台同轴电驱系统采用高度集成化设计，可提供最高300kW电驱功率和5000Nm峰值扭矩，并支持升压充电、充配电及电子限滑等功能拓展，为不同车型平台提供灵活配置选择。该产品具备五大核心优势：
同级领先的紧凑设计
采用同轴构型及镁合金壳体设计，整体体积优化25%，为整车轻量化和空间布局提供更多可能。
系统综合效率超过93.5%，通过智能可变门级驱动、行星齿轮系以及创新冷却润滑设计，实现高效动力输出。
提升的NVH表现
依托行星齿轮系均载设计和运行平顺性优化，相比传统方案整车NVH噪声降低约3至5分贝，提升驾乘体验。
先进的车辆动态性能
与传统架构相比，该设计为车辆动态性能开辟了新的可能性。
支持eLSD电子限滑模块拓展，进一步提升车辆操控性、舒适性以及泛越野能力。
接连斩获两大本土车企定点，充分体现了中国市场对采埃孚电驱技术的高度认可。长期以来，采埃孚立足中国、服务本土，始终坚持技术创新与本地化深耕并行，依托完善的本地研发、生产、配套体系，精准匹配中国新能源汽车产业的高速发展节奏与个性化迭代需求。
未来，采埃孚将持续深化与中国汽车产业链伙伴的协同合作，持续迭代升级新能源电驱技术，为全球客户提供更加高效、智能和可持续的解决方案。
采埃孚中国电驱动业务实现重大突破
近日，采埃孚电驱动业务在中国新能源市场迎来重要里程碑进展，旗下同轴电驱系统（CoaxialeVD）先后获得两家国内领先汽车制造商的项目定点。这标志着采埃孚先进的电驱技术在中国新能源汽车市场实现规模化突破，进一步强化了其在新能源电驱动领域的核心供应商地位，持续助力中国车企电动化、高端化转型。同轴电驱系...
【NE快讯】采埃孚8挡混动变速器在中国正式量产；瑞智新能源完成数千万元Pre-A+轮融资；中国长安汽车与华为签署战略合作框架协议
01.采埃孚8挡混动变速器在中国正式量产近日，采埃孚8挡混动变速器在上海采埃孚变速器有限公司正式量产，这标志着采埃孚在新能源转型和混动技术本土化领域取得了关键突破。此次量产的8挡混动变速器国产化项目，从立项到产品下线仅用18个月，从正式启动到下线仅用13个月，大幅缩短全新混动变速产品落地周期。在供应...
采埃孚8挡混动变速器在中国正式量产
8月12日，采埃孚8挡混动变速器在上海采埃孚变速器有限公司正式量产，这标志着采埃孚在新能源转型和混动技术本土化领域取得了关键突破。8挡混动变速器产线此次量产的8挡混动变速器国产化项目，从立项到产品下线仅用18个月，从正式启动到下线仅用13个月，大幅缩短全新混动变速产品落地周期。在供应链本土化建设层面...
【NE快讯】清纯半导体获车企SiC主驱量产项目定点；迅铂科技北汽N60项目ADC减振器实现SOP量产；采埃孚商用车推出可扩展360°安全系统
NE|快讯◎清纯半导体获车企SiC主驱量产项目定点◎迅铂科技北汽N60项目ADC减振器实现SOP量产◎采埃孚商用车推出可扩展360°安全系统01.清纯半导体获车企SiC主驱量产项目定点近日，清纯半导体再次获得国际一流车企的海外新能源汽车主驱SiCMOSFET量产项目定点，后续将完成一系列上车前的导入...
【NE快讯】采埃孚全球电子助力转向系统产量突破1亿；上汽通用五菱与上海汇众达成战略签约；特斯拉Model S/X设计资料全面开放
NE|快讯◎采埃孚全球电子助力转向系统产量突破1亿◎上汽通用五菱与上海汇众达成战略签约◎特斯拉ModelS/X设计资料全面开放01.采埃孚全球电子助力转向系统产量突破1亿近日，采埃孚全球电子助力转向系统（EPS）产量突破1亿。自2001年首次推出以来，采埃孚EPS从传统液压转向的替代方案，逐步发展为...
【NE快讯】采埃孚公布2026上半年财报；纳芯微推出双码道游标算法磁编码器芯片NSM350x系列；飞凌微推出新一代车载视觉处理SoC M2
01.采埃孚公布2026上半年财报7月30日，采埃孚集团公布2026年上半年财务数据。报告期内，集团实现销售额193亿欧元，较上年同期的197亿欧元下降2.0%；剔除汇率及并购因素后，销售额有机增长0.5%。在全球汽车行业需求持续低迷的情况下，采埃孚通过成本控制、运营改善和产品组合调整提升了盈利水平...
【NE快讯】采埃孚eRE Plus四合一增程驱动系统正式量产；联创汽车电子第10万套线控制动IEB下线；东风马赫一体化压铸动力电池完成测试
01.采埃孚eREPlus四合一增程驱动系统正式量产近日，采埃孚eREPlus四合一增程驱动系统于近日正式量产，并搭载于零跑旗舰车型D19。相比传统“增程器+独立前驱电机电控”的增程四驱架构，eREPlus通过复用一套电机、电控和传动机构，在保留发电、按需前驱助推和高效脱开能力的同时，减少了第二套电...
对话采埃孚：集成式底盘时代，Tier1将会更加重要
如今，汽车底盘正经历着前所未有的技术涌现。一方面是线控技术的井喷式发展。相比于传统方案，以SbW、EMB为代表的线控技术具有响应速度快、布置灵活的优势，并且其自身冗余的特性天然符合L3及以上高阶辅助驾驶甚至自动驾驶的要求。随着国标的发布和实施（GB17675—2025和GB21670-2025），线...
【NE快讯】联合动力推出P2.5增混系统；宝马奔驰联手赛力斯共建超充网络；采埃孚高级驾驶辅助系统助力速豹电动重卡进军欧洲
01.联合动力推出P2.5增混系统近日，联合动力基于数十万套增程系统的量产与开发经验，推出第五代单电机串并联增混系统。联合动力新一代系统采用了革命性的“单电机+双离合器”黄金组合，以单电机、单电控配合四轴平行轴为核心，通过双离合器智能协同，实现了五种核心工况模式：发动机直驱模式、纯电四驱模式、增程发...
采埃孚的2025:最痛但最有希望的一年
3月19日，采埃孚公布2025年财报数据。2025年采埃孚销售额为388亿欧元，较2024年的414亿欧元下降约6%。这其中与剥离底盘模块业务（ZFChassisModules）有一定关系，该业务此前与富士康，后被富士康完全收购。2024年5月开始之后，该业务不再计入采埃孚销售额统计。（2024年销...
2026第六届全球xEV驱动系统技术暨产业大会
销量快报｜长安汽车8月交付21.88万辆 连续7个月海外交付同比大涨！
王冰冰想带回家的个人机器人，还是C罗头号粉丝
征程®6M大规模量产上车，城区NOA普惠至10万级主流市场
X-night｜自变量机器人Open Talk邀你来聊！
上海恩翌信息科技有限公司
沪ICP备17041240号-4",full,,dom_or_structured_full_text,https://www.ne-time.cn/web/article/39570,NE时代,电池,新能源汽车/智能汽车,2026-09-02T00:15:06+00:00,,,,,error,,glm-5.2,2026-08-14,"Z.AI HTTP 400: {""type"":""error"",""error"":{""type"":""invalid_request_error"",""code"":""1301"",""message"":""[1301][系统检测到输入或生成内容可能包含不安全或敏感内容，请您避免输入易产生敏感内容的提示语，感谢您的配合。][2026090208183925ce2233c2914fea]""},""request_id"":""2026090208183925ce2233c2914fea""}"
磁传感器全球出货量第四，纳芯微是如何做到的 - NE时代,2026-09-01,"磁传感器全球出货量第四，纳芯微是如何做到的
磁传感器虽然单价不高，但却是包括汽车、机器人、能源领域的刚需部件。根据Yole Group数据，
2025年全球磁传感器市场规模为33亿美元，总体出货量约109亿颗。并且未来还将进一步增长，Yole Group预计2031年将达到
增长率为4.3%
这其中，汽车依旧是主力战场。2025年规模已经达到19亿美元，受电动化、线控底盘等技术继续带动，2031年将达到25亿美元，复合年均增长率4.3%。工业为第二大市场，2025年为7.76亿美元，2031年为11亿美元，主要带动因素是AI服务器和具身智能。对于人形机器人，Yole Group判断，预计在2030年将规模化进入市场，工业装配线是人形机器人应用的第一站。另外是消费电子和医疗，其中医疗有望成为增幅最快领域，将从2025年的0.49亿美元，提升至2031年的0.8亿美元，复合增长率8.5%。
供应企业中，纳芯微是前五排名中唯一的中国厂商，总出货量排名第四，市场占比8%，仅位于TDK（23%）、AKM（15%）、Allegro（9%）。
近期，正值纳芯微发布四款新品，NE时代有幸参与纳芯微磁传感器市场总监谢奔的分享，在了解纳芯微产品组合的同时，也借此机会看纳芯微是如何取得如此优异的市场成绩的。
磁传感器，远不止霍尔开关
磁传感器把磁场变化转换成电信号，常用来检测开关状态、位置、角度、速度、电流。应用不同，对成本、灵敏度、功耗、精度和抗干扰能力的要求也不同，没有一条技术路线可以包打天下。
按照原理来分，当前主要有四大磁传感器技术，分别是Hall（霍尔效应磁传感器）、AMR（各向异性磁阻）、GMR（巨磁阻）和TMR（隧道磁阻）。
其中，霍尔技术最成熟，也是当前最为常见的磁传感器。其工作原理是，当载流材料处于磁场中时，洛伦兹力使载流子偏转，在材料两侧形成霍尔电压。霍尔技术最大的优点是成本低，容易与CMOS电路集成，能做开关、位置、角度和电流检测，因此覆盖面最广。
AMR（各向异性磁阻）、GMR（巨磁阻）和TMR（隧道磁阻）都属于磁阻传感器，可统称为xMR。技术原理上，均基于磁阻效应，即磁阻材料的电阻随外部磁场变化而改变。三者的差异主要在于材料堆叠和器件结构上，AMR依靠的磁铁材料内部的各向异性散射，GMR依靠多层薄膜中的自旋相关散射，TMR则依靠电子穿过绝缘势垒时的量子隧穿效应。
技术成熟度方面，AMR相对更为成熟，成本也更低，已经在消费电子罗盘中大量应用。GMR成熟度与之相近，但成本相对较高，凭借热稳定性优势在汽车轮速传感器中也已大量应用。TMR的优势是低功耗、小尺寸，当前正处于快速发展阶段。
在这四类技术方向中，纳芯微唯独没有布局GMR路线。对此，谢奔表示，
GMR的目标需求可以由AMR和TMR交叉覆盖，没有必要再投入大量资源开发一条新的技术路线。
除以上布局之外，纳芯微磁传感技术平台中还布局有电感编码器、磁通门技术。在电感检测方向，纳芯微已经推出面向工业应用的高分辨率电感编码器MT6901。在磁通门方向，纳芯微已经推出闭环磁通门ASIC，可用于高精度电流检测。
更长期来看，Yole Group表示，量子磁力计和石墨烯霍尔传感器（GHS）仍属早期新兴技术，主要面向严苛环境、超低温等特殊场景，短期内不会与现有技术形成直接竞争。另外砷化镓（GaAs）外、砷化铟（InAs）量子阱、锑化铟（InSb）等化合物半导体霍尔路线也是选择的方向，正逐步进入市场
在新技术方向中，纳芯微布局有砷化镓霍尔技术。对比硅基来看，
基于砷化镓技术开发的电流传感器具有高灵敏度、低漂移等特点。谢奔透露，砷化镓技术产品目前已经开始送样。
除此之外，传感器本身形态也在发生变化。以纳芯微NSM903x为例，这款三轴线性位置传感器将平面霍尔与垂直霍尔集成在同一芯片内，并集成计算，可同时输出X、Y、Z三个方向的磁感应强度；芯片内置CORDIC运算，可完成360°角度解算。产品面向游戏手柄、智能表冠、智能穿戴及空间受限的紧凑结构等应用。
六类产品，落到三大市场
纳芯微目前把磁传感器产品分成六类：电流传感器、开关与锁存器、角度编码器、线性位置传感器、速度传感器，以及传感器信号调理芯片。六类产品覆盖接汽车、工业和消费电子应用需求。
具体来看，开关与锁存器的作用是输出高、低电平逻辑状态，功能相对基础，但应用广泛。纳芯微技术路线涵盖霍尔及AMR、TMR，提供三线、两线接口，覆盖单输出、双输出（速度+方向）及多轴检测，应用于汽车座椅、天窗、尾门、安全带卡扣及家电控制、门磁、液位检测等；电流传感器是纳芯微近年增长较快的系列之一，分为集成式（内置载流导体、PCB贴装，量程最高达±400A）和线性（配合C型磁芯、U型聚磁或无磁芯结构，适用于电驱等大电流场景）两大方向；角度编码器覆盖平面霍尔、3D霍尔、AMR及电感路线，在整合麦歌恩完成之后，纳芯微完成在xMR磁编码器领域的积累后进一步完善AMR布局，面向汽车阀门、换挡器、车身高度及工业电机、伺服、机器人关节等；线性位置传感器主要面向云台、游戏手柄摇杆、表冠、智能穿戴等消费市场，并有车规系列用于座椅、执行系统；速度传感器方面，纳芯微基于AMR技术推出完整汽车轮速传感器系列，兼容不同轮速协议，主要应用于ABS系统；传感器信号调理芯片则是针对霍尔、AMR、TMR等不同敏感单元，提供信号放大、温度补偿等调理功能。
典型应用来看，汽车主要应用在车身、热管理、动力总成和底盘四个系统中。其中车窗、座椅、天窗、尾门和安全带卡扣需要开关或位置检测；头枕和座椅调节电机还需要判断旋转方向及终点位置。这里通常使用霍尔开关、锁存器和线性位置传感器。如果需要连续角度反馈时，则会加入角度编码器。
热管理系统中的电子节温器、水阀和膨胀阀，需要知道阀门开了多少。MT652x等3D霍尔产品可以测量阀轴角度。如果只判断开闭状态时，则只需要一颗霍尔开关就够了。换挡器可使用MT6511等霍尔角度传感器，车身高度检测则有带PSI5接口的平面霍尔产品NSM3219。
动力总成是电流传感器最集中的部分。BMS主回路和牵引逆变器面对数百安培甚至更高电流，通常使用线性霍尔芯片配合磁芯或铜排；OBC、DC-DC和电动压缩机中的电流相对较小，可以使用集成式产品。到了底盘，产品又换成AMR轮速传感器、方向盘转角传感器，以及用于主动悬架、踏板和EPS电机的位置传感器。
工业市场有两条清晰主线。光伏、储能、充电桩、UPS和工业电源需要隔离电流检测，高压侧可使用NSM2051，电机或逆变环节可根据电流、空间和带宽选择NSM2025、C型磁芯或无磁芯方案。纳芯微的集成式电流传感器产品覆盖约100VDC功能绝缘至2800VDC基本绝缘工作电压，可对应不同母线平台。
另一条主线是运动控制。伺服、电机和机器人通常要把编码器与电流传感器放在同一个闭环里：MT6835、MT6901或NSM350x反馈轴的位置，电流传感器反馈电机相电流。设备断电后，如果还要保留绝对位置，可以再用低功耗TMR开关和小型电池记录转动状态。AGV、工业缝纫机、水泵、水表和工业无人机，则会按需要加入接近、液位、针位或防拆检测。
消费电子贡献出货规模，也更在意尺寸和功耗。安防摄像头和手持云台需要连续角度反馈，游戏手柄摇杆和智能表冠可以使用NSM903x一类三轴位置传感器；耳机充电盒、电子门磁和折叠设备通常使用霍尔或TMR开关判断开合状态。扫地机器人的轮速和碰撞检测、空调压缩机的PFC电流检测，也都属于磁传感器的用武之地。
本次纳芯微集中发布了四款新品。两款电流传感器NSM2051和NSM2025，一款磁编码器NSM350x，以及一款三轴线性位置传感器NSM903x。
NSM2051面向正在向2000V升级的光伏、储能和工业电源系统。
它最大的特点是采用15mm超宽爬电距离封装设计
，而传统宽体产品的爬电距离通常约为8mm。可提供2800VDC/2000Vrms基础绝缘耐压，同时具备7500V耐受隔离电压、12kV最大浪涌隔离耐压及13kA最大浪涌电流能力，满足2000V高压母线系统的绝缘设计和更严格的国际安规要求。
精度方面，NSM2051采用优化标定方案，全温度范围内灵敏度误差小于1%、零点误差小于1mV、总输出误差小于1%，全寿命误差漂移低于1.5%；基于差分霍尔检测架构增强抗共模干扰能力；支持5V和3.3V供电，提供比例输出和固定输出两种方式。
系统价值方面，NSM2051以紧凑的PCB贴装（SMT）方案替代体积较大的通孔式电流传感器模组：封装高度从模组的近20毫米降至几毫米，贴片工艺可与主控板共用生产流程，免去波峰焊和人工装配。按现阶段样品级价格估算，综合器件成本与生产工艺成本，整体成本有望降低30%以上。至此，纳芯微集成式电流传感器组合已覆盖100VDC功能绝缘至2800VDC基础绝缘、30A至200A持续电流的完整规格。
NSM2025特点是采用集成U型聚磁结构，可以将垂直方向磁场转换为芯片可检测的水平磁场，实现直接贴装在主控板上，完成电驱系统等场景的电流检测。产品全温精度约1.5%，信号带宽约270kHz，典型响应时间2μs，工作温度范围−40°C至150°C，适用于新能源汽车电机逆变器、光伏逆变器、BMS、开关电源及过流检测等应用。结合C型磁芯（已在多家国内车企应用）、U型聚磁和无磁芯三类方案，客户可根据电流范围、安装空间、抗干扰能力和成本要求灵活选型。
NSM350x是国产首款基于霍尔原理的双码道游标算法磁编码器，实现高精度单圈绝对值角度检测。产品支持离轴安装——电机轴或减速机轴可从磁环中心穿过，不占用轴心空间，适合机器人关节中空走线及安装空间受限的结构。随着该产品发布，
纳芯微成为国内首家同时拥有磁感应（NSM350x）与电涡流感应（MT6901）两种技术路线双码道游标算法编码器产品的芯片企业。
性能方面，NSM350x内部集成差分霍尔传感器，绝对角度分辨率最高可达22bit；集成自校准算法，可消除元器件失配、机械结构、安装偏差与磁环充磁不均匀等影响。简洁自校准模式下积分非线性（INL）典型值为±0.3°，匀速自校准模式下INL典型值为±0.1°。产品提供1.28mm、1.5mm和2.0mm三种磁间距，兼容16、32和64对极外码道；支持ABZ、SPI、PWM、UART及UVW多种输出接口，兼容3V至5.5V宽电压输入，按AEC-Q100车规级标准设计并通过认证，支持硬件复位功能。
NSM903x采用3D霍尔技术，通过平面霍尔与垂直霍尔集成，可同时输出X、Y、Z三个方向的磁感应强度；芯片内部集成CORDIC运算，可完成360°角度解算，并支持3D或角度开关模式。产品支持低功耗工作模式、中断功能和I²C接口，可选磁场量程覆盖±400—2400Gs，适用于游戏手柄摇杆三维运动检测、智能穿戴设备、表冠、位置开关及空间受限的紧凑结构，为不需要高精度编码器的应用提供具有成本优势的三轴位置与角度检测方案。
全球第四背后的底层能力
在被问及全球第四背后的发展路径时，谢奔首先提到系统级产品定义。
他表示，纳芯微同时布局传感器、信号链、电源管理以及MCU、接口、驱动等产品，因此能在项目早期接触完整系统需求。对磁传感器来说，客户最终要的是一套在限定电压、空间、精度、响应时间和成本下可以量产的方案。
得益于此，相比单一磁传感器供应商而言，纳芯微更能及时理解整机系统需求。
比如本次发布的的NSM2051即源于对光伏储能2000V系统需求的持续跟踪。
谢奔介绍的第二层能力，是完整的传感器芯片平台。敏感元件只负责获得原始信号，后面还需要放大、温度补偿、线性化、角度解算、接口输出、封装、校准和测试。纳芯微长期积累的信号调理ASIC能力，可以与霍尔、AMR和TMR敏感单元组合。
NSM350x的客户端自校准和NSM903x的片内角度运算，都是这一能力的具体表现。
质量和供应链也是谢奔反复强调的部分。他表示，尤其在汽车领域，关键系统会追问全温性能、寿命漂移、异常追溯和供应稳定，因此产品定义、开发验证、供应链及生产测试必须一起考虑。
除此之外，在规模量产和产业整合方面，纳芯微也有着长期的积累。
如今纳芯微磁传感器累计出货已超过20亿颗，2025年单年出货超过10亿颗。
纳芯微NovoGenius®系列电机控制Turnkey Solution获得ASPICE CL2认证
近日，纳芯微NovoGenius®系列电机控制TurnkeySolution*软件开发项目，依据AutomotiveSPICE®PAM4.0完成专业过程能力评估并达到能力等级2（CapabilityLevel2，简称“CL2”）。此次评估结果表明，该项目已建立覆盖软件需求、设计、开发、验证及项目管理...
【NE快讯】采埃孚公布2026上半年财报；纳芯微推出双码道游标算法磁编码器芯片NSM350x系列；飞凌微推出新一代车载视觉处理SoC M2
01.采埃孚公布2026上半年财报7月30日，采埃孚集团公布2026年上半年财务数据。报告期内，集团实现销售额193亿欧元，较上年同期的197亿欧元下降2.0%；剔除汇率及并购因素后，销售额有机增长0.5%。在全球汽车行业需求持续低迷的情况下，采埃孚通过成本控制、运营改善和产品组合调整提升了盈利水平...
分立、集成可选，纳芯微首发阳光雨量传感器，覆盖三种形态
汽车上的很多体验，并不来自醒目的屏幕，也不来自用户能一眼看到的硬件。雨天雨刮是否及时启动，进入隧道时大灯是否稳定切换，强光下HUD是否还能看清，停车后遇雨是否能联动车窗和天窗关闭，这些细节通常不会被单独拿出来讨论。但一旦做不好，驾驶员马上能感受到。阳光雨量传感器就是这样一个部件。它藏在前挡风玻璃后面...
纳芯微车载SerDes产品的ESD防护技术介绍
摘要车载SerDes系统在整车环境中面临严峻的ESD挑战，直接影响行车安全与系统可靠性。纳芯微通过三重防护架构——器件级ESD防护、RS-FEC前向纠错、物理层重传机制——为NLS9116/NLS9113加串器和NLS9246/NLS9243解串器提供了系统级解决方案。基于ISO10605-2023...
纳芯微重磅推出车载摄像头PMIC，打造高清感知时代的一体化电源管理方案！
纳芯微宣布推出面向车载摄像头模组的汽车级电源管理芯片NSR90332XX-Q1，该产品集成3路BUCK和1路LDO，可为车载摄像头模组内的图像传感器、SerDes等关键器件提供多路高质量供电，适用于环视、后视、前视、DMS、电子后视镜以及PoC摄像头模组等应用场景。随着智能驾驶、智能座舱和舱内安全应...
【NE快讯】罗姆宣布开发出650V耐压第4代IGBT；辰致集团与广汽部件签署合资合作意向备忘录；纳芯微发布实时控制MCU/DSP NS800RTA7系列
01.罗姆宣布开发出650V耐压第4代IGBT近日，经与股东充分沟通并达成一致，史蒂凡·哈通博士（Dr.StefanHartung）主动申请于2026年6月30日卸任博世集团董事会主席职务。他也将同时退出博世集团董事会及罗伯特·博世工业信托公司管理层。2026年7月1日起，董事会副主席克里斯蒂安·菲...
纳芯微推出通过IBEE/FTZ-Zwickau EMC认证最高Class III等级、全国产化的CAN收发器
纳芯微宣布推出全国产化供应链的汽车级CAN收发器芯片NCA1043D-Q1，新器件凭借业内领先的抗干扰特性，在欧洲权威测试机构IBEE/FTZ-Zwickau的EMC认证中，实现无特殊条件备注、全测试项通过最高ClassIII等级。NCA1043D-Q1同时满足大众集团VW80121-3，2023-...
跨过P2P之后，纳芯微如何做好汽车全场景照明
Pin-to-Pin（P2P）是中国车规半导体行业一个绕不开的阶段。作为国内头部车规半导体企业，纳芯微此前在多个公开场合中并不避讳提及P2P。但与此同时，纳芯微也从未放弃构建自身的技术护城河，这也是如今在进行全场景布局时最大的底气来源。但与此同时，纳芯微在P2P的外形下也从未放弃构建自身的技术内核，...
让驱动状态可视可控，纳芯微发布集成电源状态反馈的隔离半桥驱动NSI6602Ux
纳芯微推出车规级隔离半桥驱动芯片NSI6602Ux系列，该系列基于明星产品NSI6602全面升级，驱动侧电压提升至32V，相比上一代产品具备更强的抗冲击能力与系统适配能力。此外，NSI6602Ux集成输入/输出侧电源状态反馈功能，并兼具高隔离电压、低延时、死区可配、输入互锁、欠压阈值可选等特性，适用...
【NE快讯】浙江晶瑞SuperSiC 年产60万片8英寸碳化硅加速投产；纳芯微发布集成电源状态反馈的隔离半桥驱动NSI6602Ux
01.浙江晶瑞SuperSiC年产60万片8英寸碳化硅加速投产近日，晶盛机电子公司浙江晶瑞电子材料有限公司（以下简称“浙江晶瑞SuperSiC”）抢抓战略发展机遇，全面加速年产60万片8英寸SiC衬底项目投产，并启动建设新一期的基础设施，迎接未来AI、AR等新兴产业爆发式需求的到来。本次扩产项目实现...
2026第六届全球xEV驱动系统技术暨产业大会
销量快报｜长安汽车8月交付21.88万辆 连续7个月海外交付同比大涨！
王冰冰想带回家的个人机器人，还是C罗头号粉丝
征程®6M大规模量产上车，城区NOA普惠至10万级主流市场
X-night｜自变量机器人Open Talk邀你来聊！
上海恩翌信息科技有限公司
沪ICP备17041240号-4",full,,dom_or_structured_full_text,https://www.ne-time.cn/web/article/39569,NE时代,电池,新能源汽车/智能汽车,2026-09-02T00:15:09+00:00,,,,,error,,glm-5.2,2026-08-14,"Z.AI HTTP 400: {""type"":""error"",""error"":{""type"":""invalid_request_error"",""code"":""1301"",""message"":""[1301][系统检测到输入或生成内容可能包含不安全或敏感内容，请您避免输入易产生敏感内容的提示语，感谢您的配合。][2026090208183925ce2233c2914fea]""},""request_id"":""2026090208183925ce2233c2914fea""}"
跨过毛利转正的分水岭，基本半导体踏入产业发展新征途 - NE时代,2026-09-01,"跨过毛利转正的分水岭，基本半导体踏入产业发展新征途
在历经两年的行业洗牌和产能出清后，碳化硅行业重新迎来景气拐点，但与上一轮周期不同的是，当前行业盈利分化正在加速。
作为中国碳化硅芯片第一股的基本半导体（09971.HK），近日率先交出了第一份中报答卷，以实绩回应市场对碳化硅新周期的期待。最醒目的变化是整体毛利率一举跃升转正，更有分量的后手，是股份回购、股权激励与增发股份的资本组合拳随之落子。业绩拐点与信心宣示，在这份中报里同频交汇。
值得注意的是，此次中报的经营成果全部来自上市之前、IPO募集资金尚未到位的阶段。如今手握上市募集资金，站在行业拐点之上，后续业绩的释放空间值得期待。
31.6个百分点的跃升：毛利率转正，一场内生主导的翻身仗
8月28日，基本半导体披露2026年中期业绩。财报显示，报告期内公司营收同比增长15.5%；整体毛利率由上年同期的-28.8%大幅改善至2.8%，提升31.6个百分点；经调整净亏损1.12亿元，同比收窄15.1%。
相比收入增长、亏损收窄，这份中报最富含金量的信号，是毛利率的跃升转正，标志着基本半导体开始具备自主造血能力。在行业长期深陷产能过剩、价格内卷，盈利普遍承压，大多数碳化硅IDM企业长期停留在负区间的背景下，基本半导体毛利率先翻正，意味着公司已在产品结构、客户结构与成本管理之间找到了“舒适区”，这对整个行业亦有一定标杆价值。
当然，这一转变并非偶然，而是产品迭代、行业结构与客户结构优化等多重内生因素共振的结果——更准确地说，这是一场内生改善主导的“翻身仗”。
第一重改善，来自产品研发的持续迭代，核心竞争力稳步增强。
作为国内少数实现从芯片设计到封装测试全链条量产的SiC功率器件IDM企业，基本半导体在报告期内持续加大研发投入，产品迭代节奏明显加快。核心性能指标稳步提升，部分参数已接近国际一线水平。在新能源汽车、光伏储能、AI电源等高增长场景中，基本半导体高性能的碳化硅解决方案，有效回应了下游客户对高效率、高功率密度功率半导体的迫切需求。技术端的持续突破，构成了公司基本面改善的首要驱动力。
第二重改善，来自行业结构的显著优化，高增长与高毛利赛道成为核心增长极。
行业布局的优化是公司盈利能力改善的关键因素之一。报告期内，基本半导体在工业级模块市场取得突破性进展，工业与消费应用快速起量，叠加人工智能等新兴赛道的高景气度，公司产品结构明显向高附加值领域倾斜。数据显示，上半年工业级碳化硅功率模块收入同比增幅高达2825.1%，碳化硅MOSFET上半年收入同比增长582.3%，两大产品线同步放量。与此同时，公司主动压缩低毛利率产品销售，收入质量显著提升。叠加上游部分原材料价格回落，共同推动了整体毛利率的明显改善。
第三重改善，来自客户结构的优化升级，高价值客户群体成为增长主引擎。
在客户拓展方面，基本半导体采取了主动筛选优质客户的策略，客户基础向更广泛的优质群体延伸，收入来源趋于多元化和稳健化。上半年，公司获得欧洲一级汽车供应商的海外整车项目定点，标志着其车规级产品能力得到国际主流客户认可。此外，工业级碳化硅功率模块新增客户超60家，产品成功导入国内头部电信运营商的AI数据中心；电镀电源产品累计订单突破3万个；分立器件则进入LED照明电源、PD快充、电源适配器及智能家电等消费类场景。客户结构的持续优化，有效降低了单一客户波动对经营的影响，也为长期增长提供了更为扎实的需求基础。
第四重改善，来自供应链综合管理效率的提升，运营效率与成本控制双线提升。
供应链综合管理能力的提升，是支撑公司经营质量改善的重要底层支撑。在采购环节，公司通过集中采购、长单协议及国产替代等多种方式，降低了关键原材料的采购成本，并在芯片、封装材料等环节实现了供应渠道的多元化，增强了议价能力和抗风险能力。制造端方面，公司持续推行精益生产和工艺优化，产线良率和设备利用率均有提升，产品交付周期进一步缩短，单位制造成本呈下降趋势。在产能建设上，公司根据高毛利产品的订单增长节奏，分阶段推进技改和扩产项目，实现了产能的高效匹配与释放。采购降本、制造提效与产能扩容三者协同发力，不仅提升了整体运营效率，也为后续规模扩张和客户响应能力的增强提供了有力支撑。
利润斜率抬升有底气：需求“多点开花”+双重卡位
毛利率转正回答的是“活得好不好”，当前市场更关心的是“能走多远”。
答案正在需求侧逐步展开。眼下，催生功率半导体新需求的行业，正以前所未有的密度涌现：新能源汽车、光伏储能等传统主力需求维持增长韧性；AI算力爆发，带动数据中心对高压、高频、高效率电能转换的需求急剧升温，SiC等宽禁带半导体的价值迎来重新定价；人形机器人与具身智能逐步走向量产，精密运动控制对功率器件提出了全新要求；工业领域的电镀电源，消费端的PD快充、LED照明、智能家电，也在不断打开新的增长空间。
当然，供给端的变化同样关键。此轮价格竞争后，行业落后产能逐步出清，头部企业扩产趋于理性审慎；需求端则从新能源汽车的“单极”拉动，切换为汽车、光储、工业、AI算力协同驱动的“多引擎”驱动。叠加供给端趋于理性，需求底座持续拓宽，这轮行业周期的支撑比以往更为扎实。对于已经完成技术、产能与客户积累的IDM厂商而言，行业环境改善并非普惠性红利，而是放大业绩弹性的杠杆。
上市之后，公司“落子”明显提速：宣布Q3产品涨价，与汉磊科技合作加码8英寸晶圆产能，携手优必选切入具身智能领域，拟斥资近2亿元在坪山建设新工厂。一端以8英寸晶圆筑牢技术底座，一端卡位AI数据中心、人形机器人等新兴应用场景，“技术底座+应用场景”的双重卡位逐步成型。产品结构优化、工业级产品放量、客户基础扩大与行业供需改善均已得到初步验证，公司的利润曲线斜率亦变得更为清晰。
资本市场叙事：三重信号就位，回购
至此，基本半导体的完整成长逻辑已经浮现：毛利率转正证明自我造血能力，需求多点开花叠加量、价、成本三线改善，支撑未来利润加速释放的预期。最后一环，落在资本市场如何为这轮行业景气周期定价——而公司显然不打算只做旁观者。
复盘过往几轮行业涨价行情，资本市场成长叙事的持续推进，根本上依赖四类信号：前三类关乎业务的兑现，第四类关乎资本的表态。
一看厂商提价的落地。市场上喊涨价的企业多，真正落实到订单层面的少。基本半导体上市后即公开宣布Q3涨价，既是对自身定价权的宣示，也是对产品价值的自信——市场看重的，正是这份“敢涨”的底气。
二看产能支撑。涨价如果没有产能放量配合，利润增长就是无源之水。基本半导体IPO募集资金的核心投向就是继续扩充产能，潜在产能具备明确的增长路径，价升与量增形成合力，利润弹性才更具持续性和想象空间。
三看新方向的订单落地。传统需求涨价带来的是周期性弹性，新需求订单才是成长性来源。AI数据中心订单的持续导入、电镀电源超3万个的累计订单、与优必选在具身智能领域的合作，都是落实在财报中实打实的业绩支撑。
而在这三类业务信号之外，公司自身的真金白银投入，或许最具说服力。
中报前后，基本半导体同步推出股份回购与股权激励——互为表里，指向同一内核：价值被低估，团队有决心。上市近两个月来，股价较发行价已有可观涨幅，管理层在此节点启动回购，仍是在用行动表明基本面的底气。用自有资金买入自家股票并用于激励，是比任何表态都更真实的估值投票。
此次股份回购侧重战略储备，为核心人才股权激励提供股份池。硬科技公司的根基在研发，研发的根基在人。上市即回购，不是托市，是把顶尖工程师变成“自己人”，激励计划恰逢其时。毛利率转正，盈利路径已通，此时绑定核心团队利益，是顺势落子。回购供血，激励造血，团队押注的是技术迭代与业绩兑现的双重承诺。对硬科技而言，人才即核心资产——激励到位，成长才有斜率。
拟引入的增发股份，则是资本层面对公司中长期价值的再确认。长线资本与产业资本的入局，看的从来不是一两个季度的波动，而是三到五年的产业曲线。在碳化硅景气反转的起点上完成卡位，这份笃定本身，就是对公司成长逻辑最有力的背书。
三件事，一个内核：信心。公司信自己，所以回购；团队信未来，所以激励；资本信趋势，所以增发。当经营拐点与资本共识在同一时点交汇，成长故事的确定性，便不再只停留在叙事层面。
这四类信号，基本半导体全部命中。从毛利率跃升转正，到利润抬升预期，再到以回购、激励、增发股份为代表的资本表态，三层逻辑环环相扣，每一环都有据可查。
财报数字只能回答过去，资本动作才能指向未来。当产业景气回升遇上企业主动作为，市场对这家中国碳化硅芯片第一股的定价逻辑，正从""能不能活下去""转向""能长多大""。毛利率转正只是序章，后续产能释放与新应用订单的落地，才是真正的重头戏。对投资者而言，这份中报的价值不在于31.6个百分点的跃升本身，而在于它打开了一扇窗——透过它，看到的是一条渐次清晰的增长斜率。
基本半导体首份中报：毛利率转正，靠的是主动取舍
7月8日登陆港交所，8月28日就交出了上市后的第一份定期报告——截至6月30日的2026年中期业绩。这份中报，是市场检验这家""国产SiC港股第一股""的首个窗口。公司上市时公开发售超购4811倍，期待值拉得越高，这份成绩单被盯着的地方就越多。先说结论性的数字：上半年营收1.21亿元，同比增长15.5%...
基本半导体与优必选达成战略合作，碳化硅赋能人形机器人能效升级
8月19日，在2026世界机器人大会上，深圳基本半导体股份有限公司（股票代码：9971.HK，以下简称“基本半导体”）与深圳市优必选科技股份有限公司（股票代码：9880.HK，以下简称“优必选”）正式签署战略合作协议。双方将结合各自在碳化硅功率器件领域与具身智能人形机器人领域的技术能力与量产优势，围...
突破极限——罗杰斯curamik® DirectCool 确保碳化硅冷却无忧
◎新一代冷却设计碳化硅功率半导体将功率密度和开关频率推向新的高度——这也使得冷却技术逼近了传统模块的物理极限。罗杰斯公司提出的一项新概念，即curamik®DirectCool解决方案，将curamik®微通道冷却器直接集成到基板中，并在制造过程中就将其与陶瓷键合。这最大限度地缩短了热路径，从而能够...
【NE快讯】大众变速器天津公司与臻驱科技就功率模块战略合作备忘录签约；派恩杰全国首发碳化硅铜互连封装工艺
NE|快讯◎大众变速器天津公司与臻驱科技就功率模块战略合作备忘录签约◎派恩杰全国首发碳化硅铜互连封装工艺◎曹操出行与大众交通签署战略合作协议01.大众变速器天津公司与臻驱科技就功率模块战略合作备忘录签约近日，大众汽车自动变速器（天津）有限公司（以下简称大众变速器天津公司）与臻驱科技（上海）股份有限公...
派恩杰全国首发碳化硅铜互连封装工艺
派恩杰全国首发碳化硅铜互连封装工艺-以顶部厚铜八寸晶圆为基石构建下一代先进封装基石-前言在全球能源转型与数字化浪潮的双重驱动下，新能源汽车全面驶入800V高压平台时代，当光伏储能、AI算力电源、工业驱动等领域不断追逐更高功率密度时，碳化硅（SiC）——这种被誉为""第三代半导体皇冠上的明珠""的材料，正...
昕感科技与西安电力电子技术研究所共商高压碳化硅芯片研发及战略投融资合作
7月21日，北京昕感科技集团一行到访西安电力电子技术研究所有限公司，开展碳化硅芯片研发合作暨战略投融资专题交流会。陕西科技控股集团党委委员、工会主席孙路及副总经理董琪，西电技所党委书记、总经理耿涛及研发中心主任陈烨，西安派瑞功率半导体党委书记卢道真，陕西科控创投副总经理夏楠，昕感科技董事长创始人王哲...
国产高压 SiC 突破！瞻芯3.3kV碳化硅 MOSFET产品落地，赋能SST等高端装备产业升级
固态变压器（SST）是新型电力系统、AI算力基础设施、轨道交通领域的核心“能量路由器”，高压碳化硅（SiC）MOSFET是决定整机功率密度、转换效率与长期运行可靠性的核心功率器件。作为国内领先的碳化硅功率半导体（IDM）及芯片方案商，瞻芯电子前瞻布局中高压、超高压SiC技术路线，现已搭建覆盖管芯、高...
芯聚能&芯粤能完成超 7 亿元股权融资 碳化硅产业获资本聚力加持
近日，广东芯聚能半导体有限公司（以下简称“芯聚能”）联合广东芯粤能半导体有限公司（以下简称“芯粤能”）顺利完成D轮配套股权融资交割，融资总额超7亿元人民币。本次融资由万联天泽旗下天泽晶芯基金领投，上海云泽锦沃、西交一八九六两大机构跟投。产业资本、头部私募、高校科创资本三方聚力，为芯聚能+芯粤能注入强...
打破质疑，基本半导体成功登陆港股，市值冲破百亿港币
今天，基本半导体正式在港股上市，开盘市值为103.82亿港元（约13.2亿美元），成为港股“碳化硅芯片第一股”。01.长期性获认可从提交招股书开始，基本半导体就因财务情况被广受质疑。数据显示，基本半导体当前处于亏损状态，近三年净亏损额分别为3.13亿元、2.03亿元和2.4亿元但本次基本半导体遵从的...
Wolfspeed发布新一代技术，推出业界最低导通电阻的碳化硅
Wolfspeed第五代(Gen5)碳化硅(SiC)MOSFET技术在比导通电阻方面实现重大突破，相较目前市面同类1200V竞品方案，效率最高可提升27%该项技术彰显Wolfspeed深耕碳化硅(SiC)功率器件、赋能实现真正耐久系统的坚定承诺依托Wolfspeed已完成认证、可爬坡量产且高度自动化...
2026第六届全球xEV驱动系统技术暨产业大会
销量快报｜长安汽车8月交付21.88万辆 连续7个月海外交付同比大涨！
王冰冰想带回家的个人机器人，还是C罗头号粉丝
征程®6M大规模量产上车，城区NOA普惠至10万级主流市场
X-night｜自变量机器人Open Talk邀你来聊！
上海恩翌信息科技有限公司
沪ICP备17041240号-4",full,,dom_or_structured_full_text,https://www.ne-time.cn/web/article/39568,NE时代,电池,新能源汽车/智能汽车,2026-09-02T00:15:12+00:00,,,,,error,,glm-5.2,2026-08-14,"Z.AI HTTP 400: {""type"":""error"",""error"":{""type"":""invalid_request_error"",""code"":""1301"",""message"":""[1301][系统检测到输入或生成内容可能包含不安全或敏感内容，请您避免输入易产生敏感内容的提示语，感谢您的配合。][2026090208183925ce2233c2914fea]""},""request_id"":""2026090208183925ce2233c2914fea""}"
禾赛科技与影溯科技达成战略合作，共建空间智能开放生态 - NE时代,2026-09-01,"禾赛科技与影溯科技达成战略合作，共建空间智能开放生态
8 月 29 日，在第二届中国空间智能大会（ChinaSI 2026）上，物理 AI 基础设施平台公司
与 3D 原生世界模型领军企业
影溯科技（InSpatio）
正式宣布达成战略合作。双方将围绕“真实世界高质量空间数据供给 + 3D 原生世界模型开源”两条主线，打通从三维感知、实景重建到动态世界建模与可交互仿真的全链路，共建空间智能开放新生态。
此次合作也将参与推动“
大规模空间智能 3D 数据开放计划 Large-Scale Spatial Intelligence 3D Data Open Initiative
”建设。该计划面向空间智能与世界模型发展需求，致力于联合产业、高校及科研机构，共建开放、可复用、可评测的真实 3D 数据基础设施，推动高质量空间数据从采集、重建、标注到模型训练和应用验证形成完整闭环。
随着世界模型、具身智能、机器人、自动驾驶等技术快速发展，真实世界高质量三维数据正在成为人工智能理解和交互物理世界的重要基础。空间智能数据开放计划希望通过汇聚真实场景数据、算法模型和应用需求，建立面向未来空间智能发展的公共数据底座和 Benchmark 体系，降低产业创新门槛，加速空间智能技术规模化落地。
本次合作中，禾赛提供
“真实采集侧”的硬件与重建能力
“模型侧”的 3D 升维与物理仿真能力
，共建一套空间智能数据—模型闭环。双方将基于禾赛空间智能平台 Kosmo ，结合影溯的 3D 升维引擎，联合生产首批
带精确深度、多视角一致、物理属性标注
的实景三维—动态 4D 数据集，覆盖室内服务场景、工业巡检、园区机器人等物理 AI 高频训练环境，相关数据资产也将作为“空间智能数据开放计划”的重要组成部分，未来面向高校、科研机构和产业开发者逐步开放，共同探索真实世界数据驱动的空间智能模型训练、评测和应用验证体系，并降低具身智能与世界模型训练的底层数据门槛。
物理 AI 正在加速落地，基于空间关系、物理规律的理解需求，高质量三维数据已成为物理 AI 发展的关键基础设施。但传统高精三维建模流程复杂、成本较高，二维图像与合成数据又难以完整还原真实世界。而海量互联网视频虽随处可得，却长期缺少被""升维""成可学习 3D 表征的工程通道。
作为物理 AI 基础设施建设者，禾赛通过推动真实世界数据形成规模化、标准化供给，为物理 AI 持续进化构建高质量的数据底座。禾赛即将于下半年正式发布全新的空间智能平台 Kosmo —— 集 AI 空间相机、AI 算法、3D 资产、云服务于一体。从真实世界数字化、三维重建，到模型训练和内容生产，Kosmo 正打通物理世界与数字世界之间的接口。
影溯依托浙大 CAD&CG 全国重点实验室背景团队，主攻 3D 原生实时世界模型 InSpatio-World / WorldFM 与世界模拟器 Topos，擅长把多源观测（视频、图像、点云、深度）蒸馏为带状态推演能力的 4D 空间表示。影溯此前已将 InSpatio-World、InSpatio-WorldFM、QuerySplat 等陆续开源，并在 WorldScore-Dynamic 等榜单位居实时/交互级世界模型前列。
未来，双方将持续深化数据与模型层面的协同，推动高质量三维数据集与 3D 原生世界模型的标准化与开源共享，为物理 AI 与具身智能构建更坚实的空间智能底座。
【NE快讯】禾赛科技发布全球首款6D全彩激光雷达；三星SDI携手奔驰打造下一代高性能电动汽车电池；华为与一汽红旗合作官宣
01.禾赛科技发布全球首款6D全彩激光雷达近日，禾赛科技发布了全球首款6D全彩激光雷达超感光芯片“毕加索SPAD-SoC”，并推出了搭载该芯片的ETX系列6D全彩激光雷达平台。这一技术突破使得激光雷达能够同时识别3D空间和物体色彩，直接输出原生6D全彩点云，无需摄像头辅助即可精准识别关键信息，如红绿...
【NE数据】2025年10月激光雷达装机量：禾赛科技推出ATX焕新版，速腾聚创获新定点
2025年10月，激光雷达装机量近38万套。禾赛科技更新了ATX激光雷达，推出搭载费米C500芯片的256线SiPM激光雷达ATX焕新版。速腾聚创获一汽丰田旗下一款全新纯电车型为期三年的独家定点合作。PS：该数据是NE时代根据国内整车终端销售数据为统计口径整理，不含进出口数据，统计结果可能会与相关零...
【NE快讯】麦格纳斩获小鹏汽车的整车制造订单；禾赛科技新签美国头部Robotaxi公司超四千万美元激光雷达订单
01.麦格纳斩获小鹏汽车的整车制造订单近日，麦格纳宣布小鹏汽车已选定麦格纳为欧洲市场组装两款全新车型。这两款智能电动汽车的量产工作将于2025年第三季度启动，此举同时标志着双方将围绕未来车型展开长期战略合作。小鹏汽车的这个新项目标志着麦格纳在奥地利格拉茨的工厂首次为中国主机厂进行整车组装，这与小鹏汽...
禾赛科技新签美国头部Robotaxi公司超四千万美元激光雷达订单
2025年9月15日，全球自动驾驶出行激光雷达解决方案领导者禾赛科技（纳斯达克：HSAI）今日宣布，与一家美国领先的头部Robotaxi公司进一步深化合作，签订了价值超过四千万美元的激光雷达订单。禾赛将作为其唯一的激光雷达供应商提供远距和近距激光雷达产品，订单计划将于2026年底前完成交付。这一合作...
【NE快讯】中创新航与广汽高域签署长期战略合作协议；巴斯夫杉杉与孚能科技签署战略合作框架协议；禾赛科技与星动纪元联手
中创新航与广汽高域签署长期战略合作协议◎巴斯夫杉杉与孚能科技签署战略合作框架协议◎禾赛科技与星动纪元联手01.中创新航与广汽高域签署长期战略合作协议8月8日，中创新航与广东高域科技有限公司签署深化战略合作协议。此前，中创新航已为广汽高域Aircab提供行业量产能量密度最高的动力电池。双方约定在eVT...
【NE快讯】基本半导体递表港交所；禾赛科技一季度营收同比增长近50%；福田汽车与亿纬锂能设立合资公司
◎基本半导体递表港交所，碳化硅模块营收年复合增长率434.3%◎禾赛科技发布季度财务报告，季度营收同比增长近50%◎福田汽车与亿纬锂能共同出资5亿元设立新能源科技公司01.基本半导体递表港交所，碳化硅模块营收年复合增长率434.3%5月27日，据港交所官网显示，中国第三代半导体碳化硅芯片领先企业——...
【NE快讯】禾赛科技斩获国内头部新势力汽车品牌量产定点；超70亿元！欣旺达将建海外电池大工厂
◎北京汽车更换董事长◎禾赛斩获国内销量Top5头部新势力汽车品牌量产定点◎超70亿元！欣旺达将建海外电池大工厂01.北京汽车更换董事长3月14日，北京汽车股份有限公司（下称“北京汽车”）发布公告，宣布2025年第一次临时股东会投票结果及委任董事长及执行董事。公告显示，董事会召开董事会会议并决议委任王...
【NE快讯】禾赛科技获零跑汽车激光雷达独家定点、小马智行Robotaxi服务接入高德平台，理想汽车第100万辆整车在常州基地下线
NE |快讯◎禾赛科技获零跑汽车下一代车型平台激光雷达独家定点◎小马智行Robotaxi服务已接入高德平台◎理想汽车第100万辆整车在常州基地下线01.禾赛科技获零跑汽车下一代车型平台激光雷达独家定点近期，禾赛科技宣布获零跑汽车下一代全新车型平台激光雷达独家定点合作，该平台首款车型预计将于2025年...
深化合作，携手共赢，禾赛科技获零跑汽车下一代车型平台激光雷达独家定点
近期，全球领先的激光雷达研发与制造企业禾赛科技（纳斯达克：HSAI）宣布获零跑汽车下一代全新车型平台激光雷达独家定点合作，该平台首款车型预计将于2025年量产。根据合作协议，禾赛科技将为零跑汽车下一代全新车型平台的多款车型独家提供激光雷达产品。此次独家定点合作深化了双方在智能驾驶领域长期深度的战略伙...
携手前进，共创未来！禾赛科技与上汽大众达成合作意向
9月29日，安亭-上汽大众构建汽车产业新生态重点项目落地签约仪式在嘉定区人民政府举行。签约现场，上汽大众与全球领先的激光雷达研发与制造企业禾赛科技（纳斯达克：HSAI）达成合作意向。此次合作意向的达成展现了上汽大众对禾赛科技激光雷达产品和技术的高度认可。图片来源：上海嘉定上汽大众汽车有限公司（简称“...
2026第六届全球xEV驱动系统技术暨产业大会
销量快报｜长安汽车8月交付21.88万辆 连续7个月海外交付同比大涨！
王冰冰想带回家的个人机器人，还是C罗头号粉丝
征程®6M大规模量产上车，城区NOA普惠至10万级主流市场
X-night｜自变量机器人Open Talk邀你来聊！
上海恩翌信息科技有限公司
沪ICP备17041240号-4",full,,dom_or_structured_full_text,https://www.ne-time.cn/web/article/39567,NE时代,电池,新能源汽车/智能汽车,2026-09-02T00:15:14+00:00,,,,,error,,glm-5.2,2026-08-14,"Z.AI HTTP 400: {""type"":""error"",""error"":{""type"":""invalid_request_error"",""code"":""1301"",""message"":""[1301][系统检测到输入或生成内容可能包含不安全或敏感内容，请您避免输入易产生敏感内容的提示语，感谢您的配合。][2026090208183925ce2233c2914fea]""},""request_id"":""2026090208183925ce2233c2914fea""}"
【NE快讯】舍弗勒推出新一代汽车区域控制器平台；法雷奥新一代双电控产品成功量产；小马智行与韩国FutureLink签署战略合作协议 - NE时代,2026-09-01,"【NE快讯】舍弗勒推出新一代汽车区域控制器平台；法雷奥新一代双电控产品成功量产；小马智行与韩国FutureLink签署战略合作协议
◎法雷奥新一代双电控产品成功量产
◎小马智行与韩国FutureLink签署战略合作协议
舍弗勒推出新一代汽车区域控制器平台
近日，舍弗勒推出新一代汽车区域控制器平台，旨在为整车提供性能更强、成本更优、应用更广的区域控制器相关产品与服务。针对不同整车架构演进阶段与车型定位，舍弗勒区域控制器平台打造三大核心产品序列，实现从功能整合到高性能运算、48V配电的全场景覆盖。
区域控制器基础版：推动分布式架构集中化整合
传统分布式架构存在控制器数量多、线束繁杂、系统臃肿等痛点。舍弗勒区域控制器基础版实现区域内功能集中管控，并依托自身驱动领域技术优势，实现跨域融合驱动与底盘控制功能。平台包含ZCU Base区域控制器基础版与VMCU运动域控制器两大产品。
ZCU Base支持一站式前、中、后区域控制，灵活集成车身控制功能；硬件兼容TC3、TC4、S32K系列主控芯片，支持SOA架构与边缘AI部署，同时可提供全国产化芯片软硬件方案。VMCU运动域控制器高度集成6轴IMU陀螺仪，实现底盘与驱动功能一体化，采用双主控芯片架构，单控制器即可满足线控制动、线控转向严苛功能安全要求。目前该平台已收获多家主机厂项目定点。
区域控制器性能版：平衡算力、实时性与安全，适配中高端车型
面向对算力、通信带宽、时延控制有更高要求的中高端车型，舍弗勒开发区域控制器性能版。产品采用双主控芯片设计，兼顾确定性通信、低时延响应、功能安全，在系统性能与开发成本之间取得平衡，有效降低主机厂新系统开发周期与项目风险。平台基于恩智浦S32K5、英飞凌TC4等主流车规芯片打造成熟方案，可按需集成RCP、TSN通信系统，同时拓展分布式音响、氛围灯等驱动功能，满足高性能、高安全、高可靠标准，可快速实现量产落地。
48V区域控制器：破解高功率供电难题，打造完整48V生态
伴随整车电气化程度持续提升，传统12V低压电网难以承载高功率长时负载。48V低压电网能够降低线路电流、缩减线束规格、提升系统效率。舍弗勒依托前期技术布局，推出支持星型网络配电、骨干网络配电架构的48V区域控制器。
产品融合传统区域控制能力，内置48V配电保护、48V-12V板载DCDC、48V/12V应急搭电等核心功能，具备电路防反、电弧检测、软启动等电气安全机制。目前舍弗勒正与多家主机厂开展联合概念验证，依托自有48V系统测试台架，提供从架构设计到性能测试的全流程服务。
除此之外，舍弗勒同步布局HV-48V DCDC、48V线控转向、48V电子机械制动、48V电子水泵等核心零部件，可为行业提供一站式48V低压电网完整解决方案。
法雷奥新一代双电控产品成功量产
近日，法雷奥于江苏常熟举行庆典，庆祝动能系统事业部新一代双电控产品量产，助力国内某头部车企新一代新能源车型成功上市。
新一代产品通过突破性的单板单芯片集成设计，实现了双电控功能的高度集成，并且具有广泛的兼容性，无论是高性能碳化硅半导体SiC、成熟的硅基半导体Si还是混合SiC/Si方案均能灵活兼容。同时，法雷奥作为一级供应商，其平台化快速响应和模块化灵活配置，可以更好地适应“中国国速度“的要求。法雷奥的高可靠安全体系，让新产品能够以行业最高安全等级为整车系统提供安全保障，成为提升混动系统性能的关键组件。
依托强大的本土化团队，法雷奥动能系统事业部在华持续开发了全栈高压电动化平台解决方案和系列化产品，在2026年上半年法雷奥获得了多项动力总成相关重大新产品订单，包含2个800V碳化硅电驱项目；2个双电控的新定点项目；6个新一代7kW车载电源总成的新定点项目。
小马智行与韩国FutureLink签署战略合作协议
近日，小马智行与韩国FutureLink签署战略合作协议，计划将第七代Robotaxi引入韩国市场。双方将设立合资公司，首批投放200辆Robotaxi，争取2028年前后实现完全无人驾驶商业运营。FutureLink负责韩国车辆认证、市场准入和服务运营，小马智行提供L4级自动驾驶技术支持。首批车辆由北京汽车在中国生产，获得韩国认证后将首先在首尔投入运营，之后逐步扩大至其他主要城市。
投放策略上，先引入10辆完成韩国本地认证和试运营，再追加其余190辆。此次合作并非从零起步，FutureLink从去年起便在首尔江南区自动驾驶示范区使用搭载小马智行系统的车辆开展测试，累计行驶约8万公里且零事故。双方预计2028年有望取得韩国政府完全无人驾驶相关认证，届时车辆将正式去掉安全员上路运营。首批投放的第七代Robotaxi基于北汽极狐阿尔法T5车型打造，搭载六类量产传感器，自动驾驶套件成本较前代下降70%，2027版整车成本将下探至23万元以内。
【NE快讯】速腾聚创上半年营收突破10亿元；爱仕特车规SiC模块批量交付玉柴股份；一嗨租车与广汽传祺达成战略合作
NE|快讯◎速腾聚创上半年营收突破10亿元◎爱仕特车规SiC模块批量交付玉柴股份◎一嗨租车与广汽传祺达成战略合作01.速腾聚创上半年营收突破10亿元近日，速腾聚创交出一份关键成绩单：上半年营收突破10亿元，机器人业务贡献近半收入和大部分毛利润。与此同时，“眼睛”（空间相机）、“皮肤”（视触觉与MEM...
【NE快讯】立昂微计划在嘉兴建设12英寸硅片项目；小鹏第二代VLA升级；蔚来能源与科学城集团签约
NE|快讯◎立昂微计划在嘉兴建设12英寸硅片项目◎小鹏第二代VLA升级◎蔚来能源与科学城集团签约01.立昂微计划在嘉兴建设12英寸硅片项目近日，杭州立昂微电子股份有限公司发布公告，宣布与嘉兴市南湖区人民政府签署《项目投资合作框架协议》。立昂微计划在嘉兴市南湖区投资建设“月产20万片12英寸轻掺衬底片...
【NE快讯】固态电池领域首个国际标准立项；小鹏G9L首发第二代VLA；佛瑞亚海拉Ignite联合51Sim
NE|快讯◎固态电池领域首个国际标准立项◎小鹏G9L首发第二代VLA◎佛瑞亚海拉Ignite联合51Sim01.固态电池领域首个国际标准立项近日，由我国提出的国际标准提案《电动汽车驱动用二次锂离子电池固态电池应用指南、测试项目及条件》在国际电工委员会（IEC）成功立项。该标准是固态电池领域全球首个国...
【NE快讯】联合动力发布Equi3L三电平高压电驱技术；中国一汽与零跑汽车签署深化战略合作协议；ROHM开发出高抗浪涌贴片电阻器
NE|快讯◎联合动力发布Equi3L三电平高压电驱技术◎中国一汽与零跑汽车签署深化战略合作协议◎ROHM开发出高抗浪涌贴片电阻器01.联合动力发布Equi3L三电平高压电驱技术近日，联合动力正式推出自主研发的Equi3L三电平电控技术，依托电控与电机协同优化思路，破解传统两电平、三电平方案痛点，为高...
【NE快讯】蔚来智驾负责人任少卿创业做具身智能；智驾新程J6B前视一体机获德国客户定点；博世携手宏微科技拓展高端功率电子新应用
NE|快讯◎蔚来智驾负责人任少卿创业做具身智能◎智驾新程J6B前视一体机获德国客户定点◎博世携手宏微科技拓展高端功率电子新应用01.蔚来智驾负责人任少卿创业做具身智能，仍继续担任蔚来智能驾驶业务负责人据多家信源，8月24日，蔚来CEO李斌在智能驾驶全员会上宣布：智驾业务负责人任少卿已创立一家聚焦物理...
【NE快讯】金杯延锋拟收购延锋汽车饰件系统（沈阳）有限公司100%股权；国轩高科电池首次陆路直发欧洲；亿航智能推出全球Fast Track计划
01.金杯延锋拟收购延锋汽车饰件系统（沈阳）有限公司100%股权近日，金杯汽车发布公告，公司控股子公司沈阳金杯延锋汽车内饰系统有限公司拟通过公开摘牌方式，参与收购延锋国际汽车技术有限公司在上海联合产权交易所公开挂牌转让的延锋汽车饰件系统（沈阳）有限公司（以下简称“沈阳子”）100%股权，交易底价1....
【NE快讯】地平线征程6B驶入量产快车道；Momenta联合XHEART、QNX共建全球安全标准自动驾驶平台；中创新航携手中外运纯电卡车首发落地
01.地平线征程6B驶入量产快车道近日，据博世官⽅消息，其第四代多功能摄像头(MPC4)已斩获⼤规模量产定点，⾸个定点项⽬将于2026年第三季度正式量产。博世MPC4的量产也进一步证明了地平线征程6B的⻋规级可靠性与⼯程化成熟度。地平线征程6B以“小算力、大智慧”为核心定位，专为入门级智能驾驶场景深...
【NE快讯】重庆青山轮毂电机样机顺利交付；零跑汽车正式登陆阿根廷市场；奔驰YASA获英国政府拨款
01.重庆青山轮毂电机样机顺利交付近日，重庆青山完成首批轮毂电机定转子样机试制与发货，为轮毂驱动技术从实验室走向实车测试抢下关键一环。此次交付的样机，是首款搭载整车开展实车验证的轮毂电机，具备里程碑意义。整车实车测试，是轮毂驱动技术迈向产业化的必经关口。本次样机顺利交付，将有力支撑整车标定与性能实测...
【NE快讯】吉利汽车宣布管理层调整；爱仕特完成B轮股权融资并实现交割；铭纳阳新能源汽车电驱动关键部件研发生产项目主体结构封顶
NE|快讯◎吉利汽车宣布管理层调整◎爱仕特完成B轮股权融资并实现交割◎铭纳阳新能源汽车电驱动关键部件研发生产项目主体结构封顶01.吉利汽车宣布管理层调整近日，吉利汽车控股有限公司（0175.HK）宣布对管理层进行调整，根据公司治理要求和干部梯队建设规划，进一步完善职业经理人授权经营机制，推进公司可持...
【NE快讯】地平线星空®携手博泰车联打造高端AI座舱；长安与荣耀共建联合创新实验室；芯擎科技车规级7纳米AI加速芯片“天工100”全面量产
NE|快讯◎地平线星空®携手博泰车联打造高端AI座舱◎长安与荣耀共建联合创新实验室◎芯擎科技车规级7纳米AI加速芯片“天工100”全面量产01.地平线星空®携手博泰车联打造高端AI座舱近日，地平线宣布其生态合作伙伴博泰车联获得国内头部新能源车企的定点合作，将为该车企全新车型平台提供基于地平线星空®(...
2026第六届全球xEV驱动系统技术暨产业大会
销量快报｜长安汽车8月交付21.88万辆 连续7个月海外交付同比大涨！
王冰冰想带回家的个人机器人，还是C罗头号粉丝
征程®6M大规模量产上车，城区NOA普惠至10万级主流市场
X-night｜自变量机器人Open Talk邀你来聊！
上海恩翌信息科技有限公司
沪ICP备17041240号-4",full,,dom_or_structured_full_text,https://www.ne-time.cn/web/article/39566,NE时代,电池,新能源汽车/智能汽车,2026-09-02T00:15:19+00:00,,,,,error,,glm-5.2,2026-08-14,"Z.AI HTTP 400: {""type"":""error"",""error"":{""type"":""invalid_request_error"",""code"":""1301"",""message"":""[1301][系统检测到输入或生成内容可能包含不安全或敏感内容，请您避免输入易产生敏感内容的提示语，感谢您的配合。][2026090208183925ce2233c2914fea]""},""request_id"":""2026090208183925ce2233c2914fea""}"
李飞飞署名！机器人动手之前，先让世界模型看一遍结果 - NE时代,2026-09-01,"李飞飞署名！机器人动手之前，先让世界模型看一遍结果
◎ 机器人动手前，TrAct先让世界模型看一遍结果。
△ 撰文：董志洋
机器人执行任务时，策略模型通常根据当前画面和语言指令，直接输出下一组动作。动作是否合适，要等机器人真正执行以后才能看到结果。
世界模型提供了另一种思路。
它可以根据候选动作预测接下来可能出现的画面，让机器人在动手之前比较不同结果。
但机器人控制指令与视频画面使用不同的表示方式，世界模型生成的未来很难直接接回实际控制。
8月25日，密歇根大学与斯坦福大学团队发布机器人决策框架TrAct，其名称来自“Track”与“Act”，核心做法是用二维视觉轨迹连接机器人动作和未来视频预测。作者包括曹智、Howard Ji、Kevin Zhang、葛匡智、李飞飞、吴佳俊和黄煌。
在真机实验中，团队使用Franka Panda机械臂完成关闭柜门、抓取面条和倾倒意大利面等任务。每次行动前，TrAct会生成16组候选动作，以及与每组动作对应的视觉轨迹。
世界模型根据这些轨迹分别生成未来视频，视觉语言奖励模型判断哪一种结果更符合任务要求，机械臂再执行得分最高方案所对应的动作。
以关闭一扇半开的柜门为例，系统会比较不同动作可能产生的结果：夹爪能否接触柜门，移动方向是否正确，最终画面中的柜门是否关好。
TrAct让世界模型参与机器人动作选择，策略模型提出候选方案，世界模型生成可能的结果，奖励模型从中完成筛选。
动作和画面之间，缺一个接口
机器人控制器和视频世界模型处理的信息并不相同。
控制器输出关节角、末端位姿和夹爪开合状态等低维参数。
视频世界模型预测的是图像变化，包括夹爪的位置、物体的运动、遮挡关系和多个相机看到的场景。
一组控制参数最终对应怎样的画面，还会受到机器人结构、相机位置、空间关系和物体接触状态影响。
相同的末端位移换一个观察角度，夹爪在画面中的运动距离也会改变。夹爪接触物体后，物体是否滑动或移动，也无法仅由动作参数确定。
以机器人动作作为条件输入的世界模型，需要从控制指令继续推导完整的图像变化。
在TrAct的对比实验中，这类模型生成的视频会出现夹爪姿态错误、物体消失，以及外部视角和腕部视角中的物体位置不一致。
不同机器人还使用不同的动作空间，Franka Panda和UR5完成相同任务时，关节参数、末端控制方式和动作范围并不相同。
围绕某一种本体建立的动作与画面映射，换到另一种机器人后也会发生变化。
TrAct把接口放到图像空间，用二维视觉轨迹描述任务相关的关键点如何移动。
第一组关键点位于夹爪上，团队选取7个固定网格顶点，用来记录末端执行器的位置和姿态。
第二组来自腕部相机画面中的5×5网格，共25个场景点，用于提供物体、背景和相机运动的参照。
不同机器人仍然执行各自的控制指令，世界模型则围绕图像中的运动生成未来画面。
机器人本体发生变化后，视觉轨迹仍可描述夹爪和物体应该怎样移动。
世界模型开始参与选动作
TrAct由VLAT、TWM和VLAC三部分组成。
VLAT以π0.5为基础，同时生成候选动作和对应的视觉轨迹，两者覆盖相同的执行时长，并以配对形式参与后续选择。仿真实验每次生成20组候选方案，真机实验生成16组。
视觉轨迹随后进入轨迹条件世界模型TWM。
团队以Stable Video Diffusion为视频生成骨干，并加入Temporal ControlNet处理轨迹条件。外部视角轨迹和腕部视角轨迹使用不同通道输入，世界模型据此生成两个视角下的未来画面。
基于InternVL2构建的视觉语言奖励模型VLAC，根据任务指令评价每段预测视频。
把面条放进碗里的任务，需要判断面条是否进入目标容器；关闭柜门的任务，则要判断柜门在预测结果中是否关好。
系统选出得分最高的视频后，执行与其轨迹共同生成的动作。动作和轨迹来自同一次策略采样，世界模型评估的预测结果与机器人执行的控制指令保持对应。
世界模型在这套流程中负责筛选候选动作，它不直接生成关节控制信号，而是比较不同候选动作可能带来的结果。
视觉轨迹也改善了未来视频的生成质量。
在真实腕部视角中，轨迹条件模型的LPIPS由动作条件模型的0.372降至0.225，FVD由246降至140。仿真外部视角的PSNR由15.12提高到24.51，LPIPS由0.438降至0.106。
轨迹条件提供了关键点的移动方向和位置，生成视频中的夹爪运动、物体状态和多视角位置关系也更加准确。
候选方案数量从5组增加到10组时，LIBERO-INTEGRAL成功率由52%提高到54%；增加到20组后，成功率达到55%。
候选方案越多，世界模型需要生成和评价的视频也越多。
人类视频也能训练机器人
视觉轨迹还被用于连接机器人数据与人类操作视频。
机器人示范数据包含关节状态、末端位姿和夹爪动作，可以直接监督模型输出控制指令。人类第一视角视频通常不包含这些信息，却能够记录手部、物体和场景的运动过程。
TrAct从人类视频中提取手部关键点和场景点的轨迹，人类数据监督轨迹预测，机器人数据同时监督动作和轨迹，二者不需要共享同一种控制格式。
主模型使用7.6万条DROID机器人轨迹和15万条EgoDex第一视角操作片段预训练，两类数据按照1:2混合。
DROID的外部视角使用7个夹爪点，腕部视角使用7个夹爪点和25个场景点。EgoDex只有第一视角视频，团队为双手设置14个关键点，并加入25个场景点。
团队为不同数据设置了统一的轨迹槽位，某项数据缺少腕部相机、第二只手或动作标签时，系统通过掩码跳过相应位置。
EgoDex不参与机器人动作监督，只训练轨迹预测部分。
人类视频提供了更多手部操作和物体运动，机器人数据则保留可执行的动作信息，视觉轨迹让两类数据在预训练阶段共享运动监督。
主模型使用4块H100训练3万步。扩大数据规模后的TrAct+加入6万条BridgeData V2机器人轨迹，并使用约30万条完整EgoDex处理片段，在8块H100上训练6万步。
团队从LIBERO-INTEGRAL中选取5项最难的UR5跨本体任务进行测试。π0.5平均成功率为6%，TrAct达到32%，TrAct+进一步提高到38%。
增加机器人本体和人类操作数据后，模型在困难跨本体任务中的表现继续提高。统一轨迹表示使新增数据能够进入同一套训练体系。
换本体以后，差距才拉开
标准LIBERO基准已经接近饱和，π0.5平均成功率为96.8%，TrAct为98.3%，差距只有1.5个百分点。
团队建立LIBERO-INTEGRAL，用20项任务考察分布变化和本体变化。
其中10项改变物体、任务、相机视角或机器人初始状态，另外10项将默认的Franka Panda替换成UR5，任务目标和场景配置保持不变。
在LIBERO-INTEGRAL上，π0.5平均成功率降至27%。
同时预测动作和轨迹、但不使用世界模型筛选的VLAT达到44%；采用动作条件世界模型的VLAT+AWM达到49%；完整TrAct达到55%。
跨本体任务中，π0.5平均成功率为17%，TrAct达到50%。
在“将橙汁放入篮子”任务中，π0.5成功率为0%，TrAct为50%；在“将碗放到盘子上”任务中，两者分别为40%和80%。
TrAct在20项任务中的18项取得最佳或并列最佳结果。
三个独立评测种子下，VLAT+AWM平均成功率为49.0%，95%置信区间为47%至51%；TrAct为54.7%，95%置信区间为53%至56%。
物体、视角和机器人发生变化后，动作格式与未来画面之间的对应关系更容易失效。视觉轨迹在这些任务中的增益，高于接近满分的标准基准。
真机实验使用Franka Panda、一个固定机位RGB相机和一个腕部RGB相机。团队采集400条、15Hz的演示，训练把完整粉色面条放入碗中、把面包放入碗中、关闭完全打开的柜门和倾倒意大利面4项任务。
测试阶段使用5项训练中未出现的任务，包括半长粉色面条、热狗面包、绿色方块、部分打开的柜门和倾斜料勺，每项任务分别在原始背景和陌生背景下测试10次。
π0.5在真机测试中的平均成功率为49%，使用VLAC筛选π0.5候选动作后达到65%，VLAT为55%，VLAT+AWM为66%，TrAct达到76%。
在陌生背景下关闭部分打开的柜门时，VLAT+AWM成功率为40%，TrAct达到70%。
把半长粉色面条放入碗中时，TrAct在原始背景下10次全部成功，在陌生背景下成功率为80%。
这些实验分别检验了轨迹联合训练、世界模型筛选和轨迹条件预测。完整TrAct在真机新任务和背景变化下取得最高平均成功率。
视觉轨迹贯穿策略训练、未来视频生成和候选动作选择。机器人继续使用本体相关的控制指令，世界模型则通过图像空间中的运动比较不同动作结果。
TrAct让世界模型生成的未来画面参与实际控制。机器人每次提出多组动作，世界模型预测结果，奖励模型完成筛选，选中的动作随后进入执行环节。
2026第六届全球xEV驱动系统技术暨产业大会
销量快报｜长安汽车8月交付21.88万辆 连续7个月海外交付同比大涨！
王冰冰想带回家的个人机器人，还是C罗头号粉丝
征程®6M大规模量产上车，城区NOA普惠至10万级主流市场
X-night｜自变量机器人Open Talk邀你来聊！
上海恩翌信息科技有限公司
沪ICP备17041240号-4",full,,dom_or_structured_full_text,https://www.ne-time.cn/web/article/39565,NE时代,电池,新能源汽车/智能汽车,2026-09-02T00:15:21+00:00,,,,,error,,glm-5.2,2026-08-14,"Z.AI HTTP 400: {""type"":""error"",""error"":{""type"":""invalid_request_error"",""code"":""1301"",""message"":""[1301][系统检测到输入或生成内容可能包含不安全或敏感内容，请您避免输入易产生敏感内容的提示语，感谢您的配合。][2026090208183925ce2233c2914fea]""},""request_id"":""2026090208183925ce2233c2914fea""}"
PCIM Asia 2026：20家功率半导体供应商的展品与方向 - NE时代,2026-09-01,"PCIM Asia 2026：20家功率半导体供应商的展品与方向
8月26日至28日，PCIM Asia Shenzhen 2026在深圳国际会展中心举行，271家展商、3万平方米展览面积，是PCIM Asia落地深圳以来规模最大的一届。14号馆按""算电协同、电气化交通、绿色能源""三大方向设立应用专区，16号馆集中了功率器件、封装材料、设备与测试的主力展商；同期2场峰会、11场主题论坛与4场合作会议合计贡献超过190场技术演讲。
本届展会宽禁带（SiC/GaN）色彩比往年更浓，器件、封装材料、烧结设备、测试仪器各环节都有本土企业带来新产品。NE时代从中选取20家供应商，按产业链环节逐一梳理——
不只看展台照片，更看产品与参数
2300V SiC芯片上探、1mΩ半桥模块落地、AI电源方案集中亮相
，三个信号对应着产业链正在发生的三个变化。
围绕AI智算、电动出行、光储充三个方向展示全系列SiC器件与模组。AI智算方向覆盖650V、750V、1200V、1500V、2300V系列SiC MOSFET；车规方向展出SiC器件与功率封装模组，应用涉及主驱逆变器、OBC、DC-DC、悬架、车载空调压缩机等整车功率单元。
展出""发电驱动2in1模块NBHP""，将发电、电动两个功能集成于同一模块，主打高功率密度、低热阻、低杂散电感，面向混动系统；另有NXHP、NXMH系列模块。公司在650V、1200V、1700V三个电压平台已积累数十款MOSFET、SBD和模块产品。
以全产业链产品线参展，覆盖工业控制、智能家电、可再生能源、新能源汽车、第三代半导体及新兴应用，其中面向AI数据中心（AIDC）与固态变压器（SST）的SiC、GaN、IGBT解决方案，以及智慧能源、低空经济、人形机器人相关产品均有展出。
展出2300V 30mΩ SiC芯片、1200V/2300V Easy封装SiC模块、1700V/2300V XP封装IGBT和SiC模块，以及直流支撑电容、叠层母排、固态直流断路器，应用集中于电网输配电、新能源发电及储能。
展示搭载自研芯片的SiC分立器件与功率模块全系列：MOSFET覆盖650-3300V/1-200A/4-750mΩ，SiC Diode覆盖650-1700V/25-100A，SiC Module覆盖650-1700V/30-1000A/1.3-80mΩ，面向AI数据中心、新能源汽车、绿色能源等场景。
产品覆盖光伏储能/AIDC数据中心/电能质量、新能源汽车、工业控制三大领域，包括1200V 1mΩ E3半桥SiC MOSFET模块、B3 ANPC三电平混碳模块（IGBT+SiC MOS）、DCM二单元SiC模块、A3三相全桥SiC模块，以及PCB埋嵌SiC/GaN模块。
展出SiC分立器件、新能源汽车用8吋SiC晶圆、轨道交通用8吋SiC高压晶圆、嵌入式SiC模块，以及2300V/3300V/6500V高压SiC模块和SST用SiC模块，面向AIDC、户用与工商业光储、充电桩、汽车OBC、工业电源等应用。公司同期在碳化硅论坛作了《中车嵌入式封装助力新一代功率半导体系统升级》《高压SiC器件技术的最新进展与应用演进》两场报告。
芯联集成以全球战略峰会演讲嘉宾身份参与，工控及服务器电源营销副总经理李国虓在8月26日峰会作《国产化替代趋势下的产品规划与产能布局》报告，公司8英寸SiC产线进展是外界关注的重点。
是国内较早实现纳米烧结银量产上车的企业，展会主推面向车规和工业级模块的烧结材料方案，董事长贾强作了纳米金属烧结技术降本路径的报告。
展出无银活性金属钎焊、芯片贴装烧结银、模块连接烧结银等产品。新一代钢网印刷有压烧结银提升了印刷精度，支持干贴和湿贴工艺，适配小型化芯片封装，与SiC、GaN器件协同延长模块使用寿命。
展出WSP Precede车载覆铜陶瓷基板系列、WSP PowerAl覆铜陶瓷基板系列。公司是国内车规级SiC/IGBT功率模块用AMB基板的量产企业，已进入多家头部功率模块厂商供应链并实现车规级批量交付，欧洲、日本市场的样品验证同步推进。
罗杰斯展示curamik金属化陶瓷基板及散热解决方案，应用于新能源汽车、可再生能源、轨道交通、智能电网、工业及AI数据中心电源等领域，现场展出集成DirectCool散热的主驱逆变器模型样机。
主营有压/无压烧结铜膏、烧结铜焊片、烧结Clip产品及全铜互联方案。团队在纳米铜材料方向积累9年，解决了铜易氧化、难烧结的问题，有压烧结纳米铜膏已在头部车企实现全球首家大批量装车。本届展会主推AI电源与新能源车场景下的""铜代银""方案，总经理王晓在封装与测试论坛报告了面向SST与轻量化电驱的铝散热器铜烧结方案。
展出已出货超100台的AJM-50K全自动在线烧结设备及玻璃基板全流程工艺。技术总监张志愿在新锐峰会报告了面向功率器件的铜烧结工艺，以及嵌入式芯片封装与压接IGBT封装方案。
展出纳米银烧结固晶机、Pin Hold插针机、贴片机等设备。TCB-2000系列固晶机专为SiC功率模块银烧结制程开发，可完成芯片、焊片、陶瓷基板的精准热压贴合，满足车规级功率模块封装要求。
展出车规级功率半导体封装成套解决方案，围绕SiC核心封装方案——银（铜）烧结工艺，覆盖热贴固晶、微纳金属烧结到芯片封装AOI检测的成套装备。
芯进电子是国内模拟与混合信号IC设计企业，产品线包括磁性电流/位置传感器、隔离/驱动器件、PMIC，霍尔传感器技术在国内市场处于领先位置，应用横跨光伏、工业精密电机控制、自动化等场景。
迈来芯是比利时半导体企业Melexis的在华主体，专注车规级传感器与驱动IC，产品覆盖电流传感器、电机驱动、LIN/CAN收发器等领域，本次以参展商身份亮相。
展出DC-Link薄膜电容、注塑母排、车载Boost电感、电抗器、叠层母排等产品，应用于新能源汽车驱动器、电池包配电、光伏、风电、工业传动等场景。
展出薄膜电容器、电源滤波器、电抗器产品，应用覆盖输配电网、高压脉冲、光伏发电、风力发电、储能系统、新能源汽车及轨道交通等领域。
把这几家企业的展品放在一起，有三条线索值得跟踪。
SiC器件向更高电压段延伸。
国产量产主流目前还在1200-1700V，本届展台已出现2300V SiC芯片和3300V/6500V高压模块，应用指向电网、轨交和AI数据中心供电——碳化硅正在跳出新能源车主驱的单一场景。
封装互连成为产业链竞争的焦点。
烧结材料（银系、铜系）、AMB基板、烧结设备在本届展会凑齐了材料与设备的完整配套，模块可靠性和成本这条此前偏弱的链正在被补上。
AI数据中心电源是今年最集中的新方向。
从器件电压平台、封装材料到散热方案，多家企业的产品线都在向算力供电场景延伸。
无论器件、材料还是设备，竞争的底层逻辑都在从""单点性能""转向""系统能力""——谁先把器件、封装、驱动、应用串成完整方案，谁就握有下一轮订单的主动权。
产业链上的这些进展，最终要在电驱、电源、储能等系统场景里兑现价值。对功率半导体来说，电驱动是最直接的应用出口——上述多家企业的SiC器件、功率模块与封装材料，最终都流向主驱逆变器、OBC等电驱环节。电驱动正是NE时代重点关注的方向之一。同时，也欢迎行业同仁关注我们明年举办的2027年第七届全球xEV驱动系统技术暨产业大会。
这份清单可以留作对照：展会今日闭幕，但是展台上的产品与参数不会过期，明年PCIM之前翻出来，正好看这一年产业链又往前走了多少。
8英寸GaN-on-SiC：衬底是量产命门
8月20日，深圳平湖实验室宣布推出8英寸碳化硅基氮化镓（GaN-on-SiC，即在碳化硅衬底上外延氮化镓薄膜）增强型高电子迁移率晶体管（HEMT，掉电后自然关断）工艺平台，并将整片晶圆翘曲控制在20μm以内。若平台确实跑通无金工艺与p-GaN栅增强型结构，国产高端功率/射频器件将首次拥有200mmS...
博世S-Cell量产在即：嵌入式PCB改写SiC模块封装格局
博世汽车电子事业部最近公开了碳化硅S-Cell嵌入式PCB方案。把SiCMOSFET裸片预封装成11×11mm²的标准化功率单元，顶部做铜金属化，覆盖750V和1200V两个电压等级。博世碳化硅S-Cell这个动作释放的信号很明确：S-Cell已经从工程样件阶段进入量产准备期。1-2nH的杂散电感指...
科友半导体半绝缘SiC晶体电阻率调控与均匀性保障技术
在碳化硅半导体材料的品质评价体系中，电阻率是仅次于晶体质量的第二核心维度—尤其对于半绝缘型衬底，其高阻特性与均匀性直接决定了器件的高频、高功率性能与良率。碳化硅晶体的电阻率，并非一个独立可调的“参数”，而是材料物理本质的外在表达—它由晶体中浅能级杂质的净浓度、深能级补偿中心的浓度，以及本征点缺陷的分...
忱芯科技新一代液冷架构SiC MOSFET功率模块DRB测试系统批量交付
近日，忱芯科技新一代SiCMOSFET功率模块DRB测试系统顺利交付客户。全新架构叠加液冷散热方案，全方位攻克传统测试设备性能短板，为硅基、宽禁带功率器件提供高精度、高耐久、高效率加速可靠性验证方案。本次交付机型配备液冷散热方案，高效带走长时间老化测试产生的热量，持续稳定设备运行工况，大幅提升连续测...
浙江晶瑞SuperSiC实现12英寸碳化硅TTV≤1μm技术里程碑
近日，依托自主搭建的12英寸中试线，晶盛机电子公司浙江晶瑞电子材料有限公司（以下简称“浙江晶瑞SuperSiC”）成功实现12英寸碳化硅衬底厚度均匀性（TTV）≤1μm的关键技术突破。这是继建成行业首条12英寸碳化硅中试线后，晶盛机电研发中心与浙江晶瑞SuperSiC联手取得的又一重大成果，充分彰显...
中恒微新品 采用DTS技术的Drive Z3封装SiC功率模块
在新能源汽车向高输出功率、快速充电、长续航升级的浪潮中，SiC功率器件凭借优异的耐高压、低损耗、高效率特性成为突破性能瓶颈的核心载体。中恒微推出的DriveZ3封装SiC模块新品，创新性融合DTS（DieTopSystem）技术，通过铜箔预涂银层设计，有效解决铜线键合对芯片的损伤问题，同时均匀分散热...
罗姆与英飞凌携手推进SiC功率器件封装兼容性，为客户带来更高灵活度
中国上海，2025年9月25日——全球知名半导体制造商罗姆（总部位于日本京都市）今日宣布，与英飞凌科技股份公司（总部位于德国诺伊比贝格，以下简称“英飞凌”）就建立SiC功率器件封装合作机制签署了备忘录。双方旨在对应用于车载充电器、太阳能发电、储能系统及AI数据中心等领域的SiC功率器件封装展开合作，...
搭载罗姆SiC MOSFET的舍弗勒逆变砖开始量产
中国上海，2025年9月9日——全球知名半导体制造商罗姆（总部位于日本京都市）与德国大型汽车零部件供应商舍弗勒集团（总部位于德国赫尔佐根奥拉赫，以下简称“舍弗勒”）宣布，作为战略合作伙伴关系的重要里程碑，舍弗勒开始量产搭载罗姆SiC（碳化硅）MOSFET裸芯片的新型高电压逆变砖。这是面向中国大型汽车...
长安深蓝&斯达：SiC项目投产，产能达180万片
8月19日，据深蓝汽车官微透露，由深蓝汽车与斯达半导体合资组建的重庆安达半导体项目，于近日正式投产下线。深蓝汽车进一步透露，他们通过合资公司布局行业领先的车规级功率半导体研制，打造产业新标杆。未来将打造下一代PCB嵌入式封装SiC功率模块，为高性能电驱提供核心模块，实现系统电流输出能力显著提升，保持...
业内首款第三代AMB绝缘SiC嵌入式功率模块发布 -上海诚帜，开拓功率电子封装新领地
伴随着SiC和GaN等第三代宽禁带半导体在新能源汽车、AI、低空经济、通信和消费电子等领域的规模化应用已形成示范效应，国产化芯片及封装工艺制程的快速发展，SiC、GaN与迭代嵌入式PCB封装技术的融合也必将重塑功率电子的性能边界，新能源汽车与工业自动化有望成为主要增长极，而政策支持与产业链协同将进一...
2026第六届全球xEV驱动系统技术暨产业大会
销量快报｜长安汽车8月交付21.88万辆 连续7个月海外交付同比大涨！
王冰冰想带回家的个人机器人，还是C罗头号粉丝
征程®6M大规模量产上车，城区NOA普惠至10万级主流市场
X-night｜自变量机器人Open Talk邀你来聊！
上海恩翌信息科技有限公司
沪ICP备17041240号-4",full,,dom_or_structured_full_text,https://www.ne-time.cn/web/article/39564,NE时代,电池,新能源汽车/智能汽车,2026-09-02T00:15:25+00:00,,,,,error,,glm-5.2,2026-08-14,"Z.AI HTTP 400: {""type"":""error"",""error"":{""type"":""invalid_request_error"",""code"":""1301"",""message"":""[1301][系统检测到输入或生成内容可能包含不安全或敏感内容，请您避免输入易产生敏感内容的提示语，感谢您的配合。][2026090208183925ce2233c2914fea]""},""request_id"":""2026090208183925ce2233c2914fea""}"
SLB’s $4.1B Kelvion Deal Expands AI Data Center Push,2026-09-01,"SLB will spend $4.1 billion to acquire thermal management company Kelvion, expanding its data center business into cooling and heat rejection as AI workloads drive higher power densities.
The deal adds heat exchangers, heat rejection equipment and other thermal management technologies to SLB’s engineering, modular manufacturing, offsite construction, power integration and digital capabilities.
SLB said Kelvion will more than double its revenue opportunity per gigawatt of delivered data center capacity. The combined data center business is expected to generate more than $2 billion in revenue in 2026, with SLB targeting $4.5 billion to $5 billion in revenue by 2028.
“It’s less about what SLB sells today and more about what it becomes,” said Alex Cordovil, research director at Dell’Oro Group.
Until now, SLB has been a relatively small data center player focused on prefabricated modular capacity and integrating third party equipment into delivered facilities, Cordovil said.
Related:
Solid-State Transformers Power Next-Gen AI Data Centers
“Kelvion turns SLB into an OEM in one of the fastest growing corners of the thermal chain,” he said.
SLB’s Data Center Solutions business has grown at a compound annual rate of more than 90% from 2024 through 2026. The company expects cumulative delivered capacity to exceed 2 GW by the end of this year.
Kelvion expects 2026 revenue of $2.3 billion to $2.4 billion and adjusted EBITDA of $350 million to $400 million. Its data center business is expected to generate $1.2 billion to $1.3 billion.
Heat Rejection
AI cooling discussions have focused heavily on direct to chip technologies such as cold plates and coolant distribution units. But heat captured at the chip still has to move through the cooling loop and ultimately leave the facility.
Kelvion gives SLB a larger position in that part of the system.
“Most of the attention has gone to cold plates and CDUs, but the segment repricing fastest right now is heat rejection,” Cordovil said.
He pointed to rising rack densities and pressure over data center water consumption as drivers for dry coolers and hybrid or adiabatic systems, areas where Kelvion has established technology.
SLB said modern GPUs are already pushing rack power densities above 100 kW, while some announced chip architectures could approach 1 MW.
Higher densities increase the amount of heat cooling systems must move and reject at the facility level. Kelvion also has technologies for waterless cooling applications, giving SLB additional options in markets where water availability or community opposition limits conventional cooling approaches.
Related:
Trump Targets Foreign Grid Equipment as Data Centers Expand
Integrated Cooling
SLB plans to integrate Kelvion’s thermal technologies into its modular infrastructure rather than treating cooling as a separate system added later.
Management said that would bring thermal management into the design process alongside SLB’s engineering and manufacturing capabilities.
“This creates a more integrated infrastructure architecture with better alignment across performance requirements, configuration choices and deployment timing for customers,” said Gavin Rennick, president of SLB’s New Energy and Industrial business.
SLB pointed to its work as a modular design partner for Nvidia AI factories as an example. Management said Kelvion’s thermal expertise could help optimize cooling as those systems are designed and fabricated.
Cordovil said integration will determine whether the acquisition produces a lasting competitive advantage.
“Durable differentiation sits in system design and controls rather than in individual components,” he said. “So the test is whether SLB can integrate, not whether it can manufacture.”
Kelvion also supplies components to other companies in the thermal management market, potentially leaving SLB competing with companies that buy Kelvion equipment.
Related:
DOE Retreat on Transmission Corridors Tests the Case for Building Ahead
“SLB now sits as both competitor and supplier to parts of the ecosystem,” Cordovil said.
Beyond Cooling
SLB also sees the acquisition as a potential entry point into other parts of the data center infrastructure stack.
CEO Olivier Le Peuch said the company could combine its modular and cooling capabilities with partnerships for behind the meter generation and other power solutions.
SLB also identified potential opportunities involving geothermal and carbon capture.
“The more interesting question is whether cooling is the entry point rather than the destination,” Cordovil said. “SLB’s core competence is energy, and a growing number of data centers are having to generate their own power.”
The company said it sees an opportunity to offer hyperscalers integrated power, cooling and modular infrastructure as operators seek to secure the infrastructure needed for large AI deployments.
Market Expansion
SLB estimates the data center infrastructure market it can address will exceed $150 billion by 2030, excluding IT and silicon.
Dell’Oro uses a narrower definition and expects the data center physical infrastructure market to surpass $80 billion by 2030, Cordovil said.
Kelvion also expands SLB’s geographic reach. SLB has built its data center business primarily in the US, while Kelvion has established operations and customers in Europe, Asia and the Middle East.
Le Peuch said the US will remain the foundation of the business, followed by Europe and then Asia and the Middle East.
Kelvion’s non data center business also gives SLB exposure to thermal management applications in energy and industrial markets, including heat pumps, renewables, carbon capture and processing.
The Deal
SLB will pay about $3.4 billion in cash and assume about $700 million of Kelvion debt. The transaction values Kelvion at about 11 times estimated 2026 adjusted EBITDA before synergies and about 8.5 times after expected synergies.
SLB expects about $120 million in annual EBITDA synergies within three years of closing. About $70 million will come from cost savings, with the remainder expected from revenue opportunities.
Cost savings are expected from supply chain efficiencies, manufacturing optimization, logistics, service centers and G&A. Revenue opportunities will come from expanding Kelvion technologies across SLB’s customer base and into new geographic markets.
The transaction is expected to close in the first half of 2027, subject to regulatory approvals and other customary closing conditions.
SLB expects the combined data center business to generate $700 million to $800 million in adjusted EBITDA in 2028 alongside its $4.5 billion to $5 billion revenue target.
For SLB, the acquisition moves data centers from a modular construction business into a broader infrastructure strategy spanning engineering, thermal management and potentially power.",full,,dom_or_structured_full_text,https://www.datacenterknowledge.com/energy-power-supply/slb-s-4-1b-kelvion-deal-expands-ai-data-center-push,Data Center Knowledge,综合科技,数据中心/AI基础设施,2026-09-02T00:16:02+00:00,,,,,error,,glm-5.2,2026-08-14,"Z.AI HTTP 400: {""type"":""error"",""error"":{""type"":""invalid_request_error"",""code"":""1301"",""message"":""[1301][系统检测到输入或生成内容可能包含不安全或敏感内容，请您避免输入易产生敏感内容的提示语，感谢您的配合。][2026090208183925ce2233c2914fea]""},""request_id"":""2026090208183925ce2233c2914fea""}"
How AI Is Changing Construction from Blueprint to Build,2026-09-01,"How AI Is Changing Construction from Blueprint to Build
AI is reshaping the construction lifecycle. At Ai4 2026, AEC leaders shared how firms are applying AI across design, logistics, safety, and operations, while tackling data standards, culture change, and scaling.
AI is moving deeper into the construction lifecycle, from design and planning through site operations and building performance.
At the Ai4 2026 conference, held August 4-6 in Las Vegas, Amit Sinha (TRC Companies), Jeff Miller (Clayco), Patrick Murphy (Coastal Construction), and Shane Snider (Data Center Knowledge) discussed how construction firms are putting AI to work on major projects.
The panel highlighted applications such as design optimization, material shortage forecasting, on-site incident prevention, and operational efficiency gains, while also addressing the industry’s toughest hurdles: data standardization, cultural resistance, and scaling AI adoption in a risk-averse environment.
Watch the full panel, “From Blueprint to Build: AI in the Construction Lifecycle,” for deeper insights.",full,,trafilatura_full_text,https://www.datacenterknowledge.com/ai-data-centers/how-ai-is-changing-construction-from-blueprint-to-build,Data Center Knowledge,综合科技,数据中心/AI基础设施,2026-09-02T00:16:07+00:00,,,,,error,,glm-5.2,2026-08-14,"Z.AI HTTP 400: {""type"":""error"",""error"":{""type"":""invalid_request_error"",""code"":""1301"",""message"":""[1301][系统检测到输入或生成内容可能包含不安全或敏感内容，请您避免输入易产生敏感内容的提示语，感谢您的配合。][2026090208183925ce2233c2914fea]""},""request_id"":""2026090208183925ce2233c2914fea""}"
"Meeting AI Demand: Alternate Power, Design, and Site Strategy",2026-09-01,"As artificial intelligence accelerates the transformation of industries, it is also reshaping the very infrastructure that supports it. Developers, architects, and engineers are taking bold steps toward the future by designing data centers specifically to meet the immense computational and energy needs of AI-driven workloads.
Driven by the immense power demands of AI, traditional approaches to power, site design, and infrastructure are no longer sufficient to meet AI’s needs. Developers must deliver forward-thinking engineering and architectural solutions to redefine how data centers are planned, powered, and positioned for long-term resilience and growth.
The following article showcases strategies that integrate cutting-edge energy solutions, AI-optimized floor plans, and site-selection methodologies that anticipate future demand.
Strategies to Meet AI’s Energy Demand
Related:
OpenAI’s Proposed IPO: A Trifecta of Opportunities, But Don’t Lock In Yet
Training sophisticated AI models and running inference for systems like ChatGPT require power densities far exceeding typical data center norms. Recognizing the limitations of existing utility infrastructure, developers must consider alternative energy sources to ensure reliable, 24/7 service.
On-site generation systems
can be engineered to scale with AI workloads while providing redundancy and sustainability. To curb the reliance on gas plants and coal-fired plants, many tech companies are considering low-carbon energy sources such as nuclear power. The implementation of small modular reactors (SMRs) can reduce emissions and the demand for water as a coolant. Tech companies have signed new contracts for more than 10 GW of possible new nuclear capacity in the last year, according to
Goldman Sachs
. Data centers can also operate behind the meter by co-locating load and clean energy generation, reducing the need for grid upgrades and fossil-fuel pollution.
“By planning beyond the boundaries of traditional utility service, facilities can meet customers’ needs without being bottlenecked by local grid capacity or reliability issues – a critical differentiator as AI adoption accelerates,” said Chris Hastings, Vanderweil Engineers’ Power Group Managing Principal.
Related:
How Changing AI Workloads Are Redefining Data Center Design
Design Solutions for Supporting Alternative Power Sources
High energy demand, power density, and complex AI workloads are rapidly changing how we design data centers. Optimizing a data center for AI isn’t simply a matter of adding more server capacity. The design, site, and floor plan must handle AI’s high-density computational requirements, with spaces that support the necessary cooling, power distribution, and flexibility for future upgrades.
The history of designing and constructing programmed spaces and site layouts for data centers has changed over the years, and significantly in the past year. Twenty years ago, the ratio of data halls to support space was 50/50. Today, we’re seeing the building size reduced significantly, but the site area remains the same or increases drastically to accommodate cooling equipment and on-site power generation.
These changes are driven by
increasing rack densities
– from 25-30 kW per rack to as much as 600 kW per rack – as well as moving support space, such as utility power supply and power rooms, outside. As building size changes with higher densities, cooling requirements are rising sharply. Having enough cooling equipment on roofs to prevent the facility from overheating becomes infeasible.
Related:
Preparing Enterprise Data Centers for AI Adoption
“The challenges of site and building planning are tied to the mechanical and electrical system design now more than ever,” said Dutch Wickes, Ci Design, Inc., Principal and Global Mission Critical Practice Leader. “All the variables make a Rubik’s Cube look easy! Especially when you throw in on-site power generation, whether it is bridging power or permanent power. The typical rules of thumb are moot.”
Once a potential site is identified, informed decision-making requires a conceptual plan developed with the client, input from mechanical and electrical engineers, and architectural planning. An integrated, on-site power generation and distribution system that harmonizes with the facility’s architecture could ensure not only operational efficiency but also scalability, enabling the end user to expand capacity without redesigning core systems. These innovations align with broader goals of resilience and sustainability, ensuring the facility is future-proofed against both technological and regulatory change.
Strategic Site Selection
Beyond the traditional criteria of connectivity, proximity to users, and
climate risk
, data center locations must be evaluated for their ability to accommodate off-grid power infrastructure, access to alternative fuels, and regulatory environments supportive of innovative energy solutions.
“Utilities significantly impact data center site selection decisions. We’re seeing data centers emerge in more remote locations that have access to less strained grids, but the lack of adequate power interconnection and infrastructure can pose issues,” said Mason McPike, Provident Data Centers’ Executive Director of Vertical Development & Delivery. “Finding a successful data center site starts with building strong relationships between the end user, government entities, utility companies, and the local community.”
Smart site selection ensures that each facility is located where it can deliver maximum value – not only today, but as AI demands grow exponentially in the coming years. Facilities built close to power plants can overcome these issues, but data centers that generate their own off-grid power using technologies such as fuel cells, batteries, renewable energy, and SMRs may be a more sustainable solution for the environment and surrounding communities.
Positioning for the Future
Early collaboration among the end user, developer, architect, and engineer can position a data center project at the forefront of a rapidly evolving industry. By addressing energy constraints head-on, designing for AI’s unique operational needs, and selecting sites that support a bold, off-grid vision, the industry can set a new standard for how data centers can and should evolve.
“The changing market demand allows us to have an adaptive perspective in how we approach data center development,” McPike said. “Everything has to work in tandem, from finding the right site to sourcing power supply and creating an efficient design. We have to rapidly evolve as the online world continues to grow in response to new technologies.”
For data center professionals, these lessons underscore the importance of rethinking traditional assumptions and embracing integrated solutions that bridge power, design, and location strategies. As AI continues to redefine what’s possible, these forward-looking strategies will define the next generation of mission-critical infrastructure.",full,,dom_or_structured_full_text,https://www.datacenterknowledge.com/ai-data-centers/meeting-ai-demand-alternate-power-design-and-site-strategy,Data Center Knowledge,综合科技,数据中心/AI基础设施,2026-09-02T00:16:09+00:00,,,,,error,,glm-5.2,2026-08-14,"Z.AI HTTP 400: {""type"":""error"",""error"":{""type"":""invalid_request_error"",""code"":""1301"",""message"":""[1301][系统检测到输入或生成内容可能包含不安全或敏感内容，请您避免输入易产生敏感内容的提示语，感谢您的配合。][2026090208183925ce2233c2914fea]""},""request_id"":""2026090208183925ce2233c2914fea""}"
