title,published_at,content,content_status,content_issue,content_extraction,url,source_name,domain,sub_domain,crawled_at,industry_primary_path,industry_top_level,industry_leaf,industry_classifications,industry_classification_status,industry_classified_at,industry_classifier_model,industry_taxonomy_version,industry_classification_error
XD Thermal develops new battery cooling system for electric buses - electrive.com,2026-09-03,"XD Thermal has developed a new cooling architecture for the batteries of a European electric bus platform. The integrated system is said to require fewer components and can be adapted to different battery sizes.
The battery cooling is directly integrated into the housing structure.
Image: XD Thermal
Chinese thermal management specialist XD Thermal has, according to its own statements, developed a new battery cooling system for an unspecified European electric bus platform. The platform uses battery modules with a capacity of 35.3 kWh, and XD Thermal contributes liquid-cooled battery housings with stamped cover plates. This design enables heat dissipation from both sides of the battery modules.
Unlike solutions with separate cooling plates, parts of the thermal management system are directly integrated into the housing structure. According to XD Thermal, this reduces the number of components required for cooling by around 25 per cent while eliminating several assembly steps.
The configuration with multiple thermal interfaces also ensures more uniform heat distribution within the battery system, thereby contributing to the lifespan of the lithium-ion batteries. However, XD Thermal has not published specific figures on cooling performance, temperature distribution, or battery lifespan, and independent tests to verify the stated advantages are not yet available.
Integrated cooling increases demand on sealing
According to the manufacturer, integrating the cooling system into the battery housing introduces additional requirements for design and production. A central challenge was sealing the entire system. Due to multiple interfaces, joints, and sealing paths, these had to be tested not only individually but also in interaction with each other.
XD Thermal developed its own testing devices for this purpose and gradually employed air and helium leak tests. This approach was intended to detect even minor leaks before the system was approved. Another challenge involved coating the different surfaces. Depending on the area, various insulating and thermal barrier materials are used. To address this, the company developed special suspension and masking processes to apply the different coatings even to more complex geometries.
“Once cooling becomes part of the housing, the design boundary changes,” says Xu, Technical Director at XD Thermal. The focus is no longer on optimising a single cooling plate but on the thermal performance of the entire structure while ensuring suitability for series production.
Series production readiness achieved in two months
The first prototype was delivered in around six weeks, and the design reportedly reached series production readiness after about two months. According to the company, the teams for thermal management, design, processes, quality, and production worked in parallel, allowing insights from prototype construction to flow directly into further development.
The architecture is also said to be adaptable to different vehicle platforms, battery dimensions, and capacities without the need to redevelop the basic cooling concept. Since early 2025, XD Thermal has, according to its own statements, built additional production capacities for large-format battery cooling components. These are now also said to be used for further electric bus and heavy-duty projects.
For electric commercial vehicles, the integration of battery and thermal management is gaining importance, as space and weight must be used as efficiently as possible. Other suppliers are also increasingly pursuing modular or integrated approaches for components in electric commercial vehicles. Mitsubishi Heavy Industries recently unveiled a new
electric transport cooling system for e-trucks
, where individual components can be flexibly arranged to accommodate the limited space imposed by the traction battery.
0 Comments
about „XD Thermal develops new battery cooling system for electric buses“
Also read
Car Review
Automobile
First drive: Opel Corsa GSE delivers 207 kW for €39,900
Automobile
China brand AUDI opens new Shanghai development centre
Automobile
China issues guidelines for automakers operating overseas",full,,dom_or_structured_full_text,https://www.electrive.com/2026/09/03/xd-thermal-develops-new-battery-cooling-system-for-electric-buses/,electrive,电池,电气化交通工具,2026-09-03T23:49:05+00:00,通用技术 > 通信和运输 > 陆路运输,通用技术,陆路运输,"[{""path"":[""通用技术"",""通信和运输"",""陆路运输""],""path_text"":""通用技术 > 通信和运输 > 陆路运输"",""confidence"":0.86,""reason"":""核心事件是为电动巴士平台开发集成电池冷却系统，属于电动公交车辆热管理技术。""},{""path"":[""零碳产业"",""能量循环"",""能量存储"",""电化学储能"",""二次电池"",""锂电池""],""path_text"":""零碳产业 > 能量循环 > 能量存储 > 电化学储能 > 二次电池 > 锂电池"",""confidence"":0.72,""reason"":""冷却对象是电动车牵引电池模块，涉及锂电池系统热管理设计。""}]",classified,2026-09-04T00:34:24.279679+00:00,glm-5.2,2026-08-14,
Amara Raja registers US subsidiary as Amaron brand in spotlight for Frankfurt show   – Batteries International,2026-09-03,"India’s Amara Raja Energy & Mobility has incorporated a new subsidiary in the US, as the battery major prepares to strengthen its global footprint at a major industry show, Batteries International can reveal. Amara Raja said earlier this year its board had given the go-ahead to create a potential foothold for future battery manufacturing or assembly in the US. Brijesh Menon, head of corporate communications at the lead battery major, confirmed to Batteries International on September 3 that the US subsidiary had been incorporated recently, although it was not yet operational. The confirmation is a key indicator that the firm means business in international markets, as Amara Raja is set to mark its European expansion by showcasing its flagship Amaron brand at the Automechanika Frankfurt show, which opens in Frankfurt on September 8. The Amaron brand is already established across the Asia Pacific and Middle East, Europe and Africa regions, with markets supported by an annual production capacity of more than 65 million automotive batteries, Amara Raja said. In Frankfurt, Amaron’s portfolio of high-performance battery solutions will be showcased, including SLI, EFB and AGM batteries for passenger vehicles, deep cycle and marine batteries boats and yachts plus the ‘Hiway’ range engineered for trucks and heavy-duty commercial applications. Divakar Sukumaran, Amara Raja’s chief business officer for automotive international, said: “Europe represents a significant growth opportunity for Amaron and an important chapter in our global expansion journey. “Our participation at Automechanika Frankfurt is driven by a clear objective to introduce European customers and industry stakeholders to Amaron’s world-class battery technology and establish strong partnerships across the automotive value chain.” Last July, Amara Raja said it continued to make strides in boosting sustainable operations across the business — and planned investment in new lead battery tech processes and energy efficiencies. The company has set a target of restricting the group’s increase in carbon intensity (Scope 1 and Scope 2 emissions) to 3% in fiscal year 2027, ending in March 2027, with planned energy efficiency projects and increased use of renewable energy. Meanwhile, Batteries International reported in June 2026 that Amara Raja was now largely ‘going it alone’ on LFP cells development, after a flagship licensing tech partnership with a Chinese supplier came under pressure from Beijing. The post Amara Raja registers US subsidiary as Amaron brand in spotlight for Frankfurt show appeared first on Batteries International .",full,,rss_full_content,https://www.batteriesinternational.com/news/amara-raja-registers-us-subsidiary-as-amaron-brand-in-spotlight-for-frankfurt-show/,Batteries International,电池,无,2026-09-03T23:49:17+00:00,产业经济与组织 > 企业与资本 > 企业经营与公司治理,产业经济与组织,企业经营与公司治理,"[{""path"":[""产业经济与组织"",""企业与资本"",""企业经营与公司治理""],""path_text"":""产业经济与组织 > 企业与资本 > 企业经营与公司治理"",""confidence"":0.88,""reason"":""核心事件是电池企业设立美国子公司并推进国际市场扩张的企业经营举措。""},{""path"":[""零碳产业"",""能量循环"",""能量存储"",""电化学储能"",""二次电池"",""锂电池""],""path_text"":""零碳产业 > 能量循环 > 能量存储 > 电化学储能 > 二次电池 > 锂电池"",""confidence"":0.7,""reason"":""该企业主营锂电池和铅酸电池，扩张涉及电池制造布局。""}]",classified,2026-09-04T00:34:24.279679+00:00,glm-5.2,2026-08-14,
Seattle health tests underway over elevated lead levels – Batteries International,2026-09-03,"Health chiefs in the US city of Seattle have confirmed that further testing is underway in part of the city after elevated levels of lead were discovered in the vicinity of a lead battery manufacturing company. Seattle & King County’s (SKC) public health department said on August 27 a specialised contractor had “cleaned known areas of contamination” and additional testing was underway to determine whether contamination extended to other public areas — and whether further cleanup was needed. Testing found 55.3 parts per million (ppm) of leachable lead in a roadway sample and 451ppm in a catch basin sample. SKC said both levels are above Washington State’s hazardous waste threshold of 5ppm. However, SKC said the extent and source of the contamination have not yet been determined. The tests came after Washington State Department of Labor & Industries fined Dyno Battery, in March 2026, in relation to workplace conditions at the facility. SKC said its public health department contacted Seattle Public Utilities in July, which conducted testing of soil and dust samples near the battery plant. The elevated levels of lead were found in the public right-of-way along the 4200 block of 23rd Avenue W in Seattle’s Interbay neighbourhood. SKC said this prompted cleanup of known contamination, additional environmental testing and precautionary public health guidance. Meanwhile, public health officials are “working with employees at Dyno Battery to advise them on the risks of lead and how to obtain and understand blood lead tests,” SKC said. “Public health is also working with daycare to reduce lead levels and inform parents about lead testing and steps to protect children from lead and will continue to work with businesses in the area to raise awareness of lead risks and ways to protect their health.” Dyno Battery describes itself as the premier battery manufacturer in Washington State, having been established in 1933 and family owned since 1947. Products include a range of lead batteries for a number of applications. Dyno Battery has been invited to comment by Batteries International but the company had yet to respond at the time this article was published. The post Seattle health tests underway over elevated lead levels appeared first on Batteries International .",full,,rss_full_content,https://www.batteriesinternational.com/news/seattle-health-tests-underway-over-elevated-lead-levels/,Batteries International,电池,无,2026-09-03T23:49:18+00:00,公共政策与社会治理 > 安全与治理 > 公共安全与应急管理,公共政策与社会治理,公共安全与应急管理,"[{""path"":[""公共政策与社会治理"",""安全与治理"",""公共安全与应急管理""],""path_text"":""公共政策与社会治理 > 安全与治理 > 公共安全与应急管理"",""confidence"":0.87,""reason"":""核心事件是铅电池厂周边铅污染引发的健康检测与污染清理应急响应。""}]",classified,2026-09-04T00:34:24.279679+00:00,glm-5.2,2026-08-14,
Lyten named preferred bidder for Norwegian battery group Morrow – Batteries International,2026-09-03,"California-based lithium sulfur developer Lyten is a preferred bidder for the business of Norway’s Morrow Batteries and its subsidiaries Morrow Technologies and the Morrow Industrialization Center, which filed for bankruptcy last May. Lyten has confirmed it signed a memorandum of understanding on August 21 for a proposed deal to acquire Morrow, an LFP and high-voltage LNMO-X tech developer, as a going concern. The MOU was agreed with the bankruptcy estates, acting through court-appointed bankruptcy administrator, Christian Bohne, and Innovation Norway as secured creditor. Bohne said: “The bankruptcy estates and Innovation Norway have conducted a structured sales process and negotiated with several interested parties. Based on that process, they have decided to proceed with Lyten as preferred bidder, with the objective of preserving values and pursuing a going-concern solution for the business.” The deal would secure around 70 jobs through the autumn, with the eventual objective of securing several hundred jobs and supporting suppliers of materials and services, Bohne said. No timeline for a completion of the agreement was given, but Bohne warned that “other circumstances” outside the control of the parties to the proposal still had to be met. “Although we do not yet know whether those circumstances can be met, I am optimistic about Lyten’s ability to execute.” Meanwhile, Lyten CEO and co-founder Dan Cook said the company is evaluating Morrow’s site as a potential industrial hub, combining battery manufacturing, upstream and downstream activities in the energy storage value chain, plus other industrial activities to support a range of critical industries. Lyten’s investment in the Nordic battery sector was spurred last March, when the company completed its $5 billion takeover of Northvolt Sweden. The post Lyten named preferred bidder for Norwegian battery group Morrow appeared first on Batteries International .",full,,rss_full_content,https://www.batteriesinternational.com/news/lyten-named-preferred-bidder-for-norwegian-battery-group-morrow/,Batteries International,电池,无,2026-09-03T23:49:20+00:00,产业经济与组织 > 企业与资本 > 投融资、并购与资本市场,产业经济与组织,投融资、并购与资本市场,"[{""path"":[""产业经济与组织"",""企业与资本"",""投融资、并购与资本市场""],""path_text"":""产业经济与组织 > 企业与资本 > 投融资、并购与资本市场"",""confidence"":0.88,""reason"":""核心事件是Lyten作为优先竞标方收购破产电池企业Morrow的并购交易。""},{""path"":[""零碳产业"",""能量循环"",""能量存储"",""电化学储能"",""二次电池"",""锂电池""],""path_text"":""零碳产业 > 能量循环 > 能量存储 > 电化学储能 > 二次电池 > 锂电池"",""confidence"":0.72,""reason"":""交易标的为LFP和锂硫电池技术开发商，涉及锂电池产业整合。""}]",classified,2026-09-04T00:34:24.279679+00:00,glm-5.2,2026-08-14,
CIC completes $475m Chile hybrid BESS deal with commercial launch – Batteries International,2026-09-03,"A unit of global private markets manager CVC has completed its $475 million enterprise value acquisition of a hybrid solar and battery storage project in Chile by starting commercial operations. CVC DIF confirmed the move on September 2, one year after announcing it was acquiring the Gabriela project — 272MW of installed solar capacity and 1.1GWh of battery storage — from Spanish multinational clean energy producer Grenergy. The acquisition was structured to complete once the commercial operation milestone had been reached. Chinese battery giant CATL supplied Gabriela with its EnerX model containers comprising LFP battery tech under a 2024 agreement. CVC DIF said Gabriela, in northern Chile, is backed by a signed 15-year, US dollar-denominated, inflation-indexed hybrid power purchase agreement. Construction was financed through a $324 million green loan provided by several international financial institutions including BNP Paribas. Operation and maintenance services for Gabriela will continue to be provided by Grenergy for five years. Grenergy said that together with the sale of the first phase of its Oasis de Atacama portfolio to ContourGlobal, in December 2024, the Gabriela deal represents about 25% of the overall Atacama platform — which has a total storage capacity of 14.1GWh. Combined, the two transactions represent an enterprise value of around $1.5 billion. Caine Bouwmeester, partner and head of renewable energy at CVC DIF, said the combination of large-scale solar generation with battery storage would deliver reliable energy and enhance the flexibility and resilience of the Chilean grid. Batteries International reported last July that Italian energy giant Eni had made a $225 million investment for a minority stake in Chile’s Project Black Giant — one of the world’s largest lithium projects. The post CIC completes $475m Chile hybrid BESS deal with commercial launch appeared first on Batteries International .",full,,rss_full_content,https://www.batteriesinternational.com/news/cic-completes-475m-chile-hybrid-bess-deal-with-commercial-launch/,Batteries International,电池,无,2026-09-03T23:49:22+00:00,产业经济与组织 > 企业与资本 > 投融资、并购与资本市场,产业经济与组织,投融资、并购与资本市场,"[{""path"":[""产业经济与组织"",""企业与资本"",""投融资、并购与资本市场""],""path_text"":""产业经济与组织 > 企业与资本 > 投融资、并购与资本市场"",""confidence"":0.87,""reason"":""核心事件是CVC完成4.75亿美元收购智利光储混合项目并投运。""},{""path"":[""零碳产业"",""能量循环"",""能源测"",""发电技术"",""光伏""],""path_text"":""零碳产业 > 能量循环 > 能源测 > 发电技术 > 光伏"",""confidence"":0.72,""reason"":""项目包含272MW光伏装机及长期购电协议，是光储混合电站。""},{""path"":[""零碳产业"",""能量循环"",""能量存储"",""电化学储能"",""二次电池"",""锂电池""],""path_text"":""零碳产业 > 能量循环 > 能量存储 > 电化学储能 > 二次电池 > 锂电池"",""confidence"":0.66,""reason"":""项目配1.1GWh CATL磷酸铁锂电池储能系统。""}]",classified,2026-09-04T00:34:24.279679+00:00,glm-5.2,2026-08-14,
GS Yuasa to build 2GWh ESS manufacturing plant in Japan – Batteries International,2026-09-03,"Lead and lithium battery manufacturer GS Yuasa is to build a 2GWh per annum ESS manufacturing plant in Japan. Yuasa said on August 31 the 44,400m² Ibaraki prefecture plant should start production of lithium ‘next generation’ stationary storage systems from October 2028. Investment costs of the project were not disclosed, but the company said the new plant will draw on Yuasa’s extensive experience and expertise in storage batteries. The plant will be supported by Yuasa’s production in Japan of necessary components including lithium-ion battery cells and control systems. Yuasa said stationary energy storage systems are seeing growing demand worldwide as a source of balancing power required to stabilise electric power grids and support the expanded use of renewable energy as a primary power source. Their applications are also increasing, including the self-consumption of renewable energy, peak shaving, and enhanced resilience in response to increasingly severe natural disasters. Earlier this year, Yuasa revealed plans to expand traction battery operations and its distribution network across European markets. The February announcement came just weeks after the corporation’s president, Takashi Abe, said Yuasa was considering a fresh investment boost in production overseas — as reported earlier by Batteries International . The post GS Yuasa to build 2GWh ESS manufacturing plant in Japan appeared first on Batteries International .",full,,rss_full_content,https://www.batteriesinternational.com/news/gs-yuasa-to-build-2gwh-ess-manufacturing-plant-in-japan/,Batteries International,电池,无,2026-09-03T23:49:23+00:00,零碳产业 > 能量循环 > 能量存储 > 电化学储能 > 二次电池 > 锂电池,零碳产业,锂电池,"[{""path"":[""零碳产业"",""能量循环"",""能量存储"",""电化学储能"",""二次电池"",""锂电池""],""path_text"":""零碳产业 > 能量循环 > 能量存储 > 电化学储能 > 二次电池 > 锂电池"",""confidence"":0.9,""reason"":""核心事件是建设2GWh锂电池储能系统制造工厂。""}]",classified,2026-09-04T00:34:24.279679+00:00,glm-5.2,2026-08-14,
What Does Lake America Mean for Global Supply Chains?,2026-09-03,"What Does Lake America Mean for Global Supply Chains?
Prioritise Us
on Google
US President Donald Trump is renaming Lake Ontario to Lake America. Credit: The White House
Amid an ongoing trade dispute between the US and Canada, US President Donald Trump has renamed Lake Ontario to Lake America as part of the fallout
US and Canada
are facing an ongoing relationship dispute, following disagreements with trade policies and tariff threats.
In the latest move, US President Donald Trump has followed up on his threat of re-naming Lake Ontario to Lake America.
In response, Google and Apple have both renamed the lake for US-based users – though those in Canada and the rest of the world will still view it as Lake Ontario.
We're going to be changing the name of Lake Ontario effective immediately to Lake America.
US President Trump
A critical trade point?
Amid trade disputes,
US President Trump
has signed an executive order to rename Lake Ontario to Lake America.
The lake is the smallest of the Great Lakes, with 19,000 square kilometres in surface area. Of this, approximately 10,000 sits in Canada and 9,000 in the US.
The Saint Lawrence River begins at the lake's eastern end, and is home to the Thousand Islands – an archipelago made up of more than 1,800 islands which bring in opportunities for boating and tourism.
The lake meets the shores of major cities including Toronto, Hamilton and Kingston, in Ontario, Canada as well as Rochester, New York in the US.
Lake Ontario supports major commercial shipping traffic, as there are ports in the three Canadian cities – of which, Toronto is a major economic centre. These ports help drive transportation and trade.
Now, Trump has ordered the re-naming of the lake, as part of his pledge to celebrate US achievements. In Executive Order 14422, signed on August 27, 2026, Trump wrote:
""The United States is the greatest protector of the Great Lakes, including the body of water currently known as Lake Ontario. Without the security and investment provided by the United States, this freshwater system would not be open for shipping, recreation and responsible use to the same extent as it is today.
""The United States Coast Guard supplies nine of the 11 ice breaking vessels on the Great Lakes, securing commercial shipping lanes free of charge. The United States has invested nearly US$4bn in protecting the Great Lakes freshwater ecosystem in the last decade, while Canada has invested far less in similar initiatives over the same period.""
Lake Ontario sits between Ontario and New York. Credit: Wikimedia Commons
Lake Ontario
The Lake has a surface area of 19,000 square kilometers (7,340 square miles)
It has an average depth of 283 ft
The shoreline length of the lake is 712 miles, including islands
The renaming
According to the executive order, the Lake has historically been a contributed to US defence, commerce and exploration. The commerce generates economic activity in the US, supporting thousands of jobs. Alongside this, the order states that it supports ""billions of dollars in annual economic output, cargo value and related business revenue"".
The Lake is a contributor to regional manufacturing,
steel production
, agriculture and energy supply chains across the US. The re-naming of the Lake is in response to the fallout with Canada, caused by disagreements with trade boundaries.
""We're going to be changing the name of Lake Ontario effective immediately to Lake America,"" President Trump stated.
""That's going to take place right now as I signed the order. We have a Gulf and we have a lake. Now all we need is an ocean.""
Following the order, Trump asked
to rename the Lake on Apple Maps. For US-based users, Google already made the changes, though it remains Lake Ontario for Canadian users and the remainder of the world. In a statement, the technology company said this was in compliance with the Geographic Names Information System (GNIS).
Despite Trump's order, MapQuest, an online mapping app, publicly refused to rename the Lake on its platform. Following this open defiance, the app's downloads rose significantly, taking the top spot on Apple's App Store.
In response to Trump, Canadian Prime Minister Mark Carney said on X, ""The name is more than 400 years old, predating both the Confederation of Canada and the Declaration of Independence of the United States of America. We know that America is changing. Their trading relationships, their foreign policies, their national monuments, their hydronyms.
""Canadians also know that naming reality means calling it Lake Ontario – then, now and always.""
This is part of wider US-Canada trade tensions | Canadian Prime Minister Mark Carney and US President Donald Trump. Credit: Wikimedia Commons
The wider issue
Though there is no indication that this will have an
impact on supply chains
, it is part of a wider trade dispute and supply chain issue.
What began as a budding trade agreement to reduce tariffs between Canada and the US turned into a rising threat of counter tariffs and land renaming.
Trade in recent years has been a volatile feat, driven by rising tensions,
extreme weather events
, inflation and more. Now, it is becoming even more competitive, with issues of political control and strategic resilience.
At the start of the fallout, the US invoked Section 338 of the Tariff Act of 1930, looking to create 50% tariffs on Canadian goods. In response, Canada introduced counter-tariffs on a dollar-for-dollar basis, targeting 700 product categories from the US.
Everyday consumer products will be facing higher taxation, which will be felt by consumers and company owners alike. This will have an ongoing effect on jobs, supply chain relationships and global trade.
Company portals
The White House",full,,dom_or_structured_full_text,https://supplychaindigital.com/news/what-does-lake-america-mean-for-global-supply-chains,Supply Chain Digital,综合媒体,关键原材料/矿产,2026-09-03T23:50:21+00:00,产业经济与组织 > 产业服务 > 供应链、贸易与专业服务,产业经济与组织,供应链、贸易与专业服务,"[{""path"":[""产业经济与组织"",""产业服务"",""供应链、贸易与专业服务""],""path_text"":""产业经济与组织 > 产业服务 > 供应链、贸易与专业服务"",""confidence"":0.85,""reason"":""核心事件是美加关税争端对全球供应链和贸易的影响""},{""path"":[""公共政策与社会治理"",""政策法规"",""产业与能源政策""],""path_text"":""公共政策与社会治理 > 政策法规 > 产业与能源政策"",""confidence"":0.8,""reason"":""涉及美国关税与行政令等贸易政策及其产业影响""}]",classified,2026-09-04T00:34:32.951616+00:00,glm-5.2,2026-08-14,
Exploring the Investments Driving DHL's Global Growth,2026-09-03,"Exploring the Investments Driving DHL's Global Growth
Prioritise Us
on Google
DHL is expanding its global capabilities | Erik Meade, CEO DHL Global Forwarding Latin America and Natalia Menotti, Vice President, Aero Cargas
DHL is expanding its global capabilities through its acquisitions and investments, allowing the company to become a key player in international trade
Global logistics organisation
DHL is increasing
its capacity through international investments and acquisitions.
As the demand for reliable and speedy delivery increases, DHL is capitalising off that trend, following the increase in revenue it faced in the second quarter of 2026.
Rising productivity levels and proof of flexibility amid geopolitical tensions is driving success and growth for the organisation.
Success for DHL
In the second quarter of 2026, DHL Group achieved a major revenue and earnings growth, with a group revenue increase of 13% from the same period in 2025, bringing it to €22.4bn (US$25.97bn). The company also saw a 30% increase in operating profit, taking it to €1.9bn (US$2.21bn).
As a result, the Group has raised its guidance in July, aiming to reach an operating profit of more than €6.5bn in the FY26. The company celebrates its ability manage global supply chains with efficiency and security as a factor for its success throughout the year. Despite disrupted trade flows and geopolitical tension, DHL has helped customers navigate turbulence due to its agility, globally integrated network and local expertise.
DHL's growth can also due to its reliable capacity management and cost improvements due to its 'Fit for Growth' programme. The company is not just leaving its success there, however, as it is using this increased revenue to go one step further; increasing its
sustainability efforts
and also growing its international standings.
""The strong revenue and earnings performance in the second quarter demonstrates that the consistent execution of our strategic measures is paying off. Higher productivity and efficiency, combined with the strength of our global network, enable us to capitalise on growth opportunities and translate revenue growth into even stronger earnings growth,"" explains Tobias Meyer, CEO DHL Group.
Tobias Meyer, CEO of DHL. Credit: DHL
""In an environment that continues to be shaped by geopolitical tensions and
shifting trade flows
, our customers benefit from our global presence, local expertise and operational flexibility. This enables us to support them in adapting their supply chains to changing market conditions while ensuring reliable logistics, even in challenging environments.""
DHL: The numbers
DHL connects more than 220 countries and territories
The company made a €177m investment to expand its Shenzhen ""Super Gateway""
More than 1,000 jobs will be created with the expanded gateway
DHL Group announced an investment plan of €2bn in 2025
A critical investment
As part of its global growth, DHL is expanding its international express logistics capacity. The company has invested €177m (US$205m) into its
Shenzhen ""Super Gateway""
, which makes it its largest investment into mainland China. Alongside this, it has introduced a new route linking Shanghai, Bangkok, Bahrain and Brussels, using a widebody Boeing 767 freighter.
This will help drive capacity and connectivity for customers wanting to move goods across Asia, the Middle East and Europe. The expanded gateway is located in Shenzhen Bao'an International Airport, and has tripled processing capacity to approximately 900 tons per day. Through the investment, more than 1,000 jobs will be created and DHL will see an improved network in China.
The region is a major hub in manufacturing and innovation, particularly as global trade continues to evolve. By investing into a strong gateway and
logistics service
, DHL is ensuring its place in that market
As demand for reliability increases, organisations like DHL are recognising the need to be strategic – logistics is no longer an afterthought, but a way to drive competitiveness.
The Shenzhen ""Super Gateway"" has tripled processing capacity. Credit: DHL
The new route it has implemented is adding up to 50 tons of daily capacity to the organisation, meaning it can meet customer demand more effectively. It also means customers have more schedule flexibility and can move heavier shipments across trade lanes.
Higher productivity and efficiency, combined with the strength of our global network, enable us to capitalise on growth opportunities and translate revenue growth into even stronger earnings growth.
Tobias Meyer, CEO DHL Group
The LATAM expansion
DHL Group is also expanding capacity across Latin America, as DHL Global Forwarding has acquired Aero Cargas S.A. The company is a Uruguay-based, leading logistics and freight forwarding organisation with more than 58 years of experience in the South American logistics sector.
It has expertise in industrial project logistics, land transport and customised multimodal services. DHL Global Forwarding and Aero Cargas S.A. have worked together for 33 years – this acquisition is the next step in growing DHL's capabilities. By combining local knowledge with DHL's global network, customers across LATAM will experience greater flexibility, a wider selection of logistics solutions and improved market access.
""Latin America is becoming increasingly important as companies diversify supply chains and strengthen regional distribution networks,"" explains Oscar de Bok, CEO DHL Global Forwarding.
Oscar de Bok, CEO of DHL Global Forwarding
""With Aero Cargas S.A., we are establishing DHL Global Forwarding's first direct presence in Uruguay and are adding a strategic logistics platform that enhances connectivity across the Americas. Beyond expanding our geographic footprint, Aero Cargas S.A. strengthens our capabilities in Life Sciences & Healthcare, Free Trade Zone logistics and industrial project forwarding. Together, we are creating a stronger platform for customers across the Southern Cone, combining global reach with deep local expertise and operational excellence.""
Uruguay serves as a critical regional distribution hub, with more than US$1bn worth of pharmaceuticals moving through the country every year. Moreover, it is strategically positioned to re-export items from North America and Europe to other LATAM markets.
As DHL grows, it is making
strategic investments
to ensure it has a global footing. In doing this, it positions itself an accessible partner for customers around the world, making use of its extensive – and growing – network.
Company portals
DHL Global Forwarding
Executives
Oscar de Bok
CEO of DHL Global Forwarding
Tobias Meyer",full,,dom_or_structured_full_text,https://supplychaindigital.com/news/exploring-the-investments-driving-dhls-global-growth,Supply Chain Digital,综合媒体,关键原材料/矿产,2026-09-03T23:50:24+00:00,产业经济与组织 > 产业服务 > 供应链、贸易与专业服务,产业经济与组织,供应链、贸易与专业服务,"[{""path"":[""产业经济与组织"",""产业服务"",""供应链、贸易与专业服务""],""path_text"":""产业经济与组织 > 产业服务 > 供应链、贸易与专业服务"",""confidence"":0.88,""reason"":""核心是DHL全球物流与供应链能力的投资扩张""},{""path"":[""产业经济与组织"",""企业与资本"",""企业经营与公司治理""],""path_text"":""产业经济与组织 > 企业与资本 > 企业经营与公司治理"",""confidence"":0.72,""reason"":""涉及DHL营收利润增长与经营战略""}]",classified,2026-09-04T00:34:32.951616+00:00,glm-5.2,2026-08-14,
JFrog's Self-Healing Fix for AI-Speed Supply Chain Attacks,2026-09-03,"JFrog's Self-Healing Fix for AI-Speed Supply Chain Attacks
Prioritise Us
on Google
Manual security teams can struggle with the speed in which AI-driven attacks work. Credit: Getty Images
Eyal Dyment, Vice President of Security Products at JFrog, leads the company’s new Zero-Touch Remediation platform, an automated fix engine
JFrog has unveiled its new Zero-Touch Remediation platform, an automated fix engine for a known vulnerability from any ecosystem partner.
The platform applies its fix through the customer's pipeline, without breaking a build, forcing a version update or disrupting developer workflows.
Alongside this announcement, JFrog announced its initial partners for the company’s Self-Healing Software Supply Chain Security Ecosystem.
partners include Broadcom
, Chainguard, Echo, IBM/Red Hat, Moderne, TuxCare and Seal Security.
Eyal Dyment, Vice President of Security Products at JFrog, says: “Our customers need a supply chain that identifies vulnerabilities and remediates them, without human intervention, as soon as a fix is available – collapsing the remediation SLAs their boards now mandate from weeks to minutes.”
JFrog has unveiled its new Zero-Touch Remediation platform. Credit: JFrog via LinkedIn
Inside JFrog's Zero-Touch Remediation platform
Through its
ecosystem of partners
, JFrog is aiming to neutralise vulnerabilities before attackers can exploit them.
Zero-Touch Remediation can help shrink the gap between discovery and applying a remediated patch.
The platform offers five pillars of software security: prevention, detection, prioritisation, remediation and provable auditability.
Once a risk is identified, JFrog Contextual Analysis evaluates findings, while JFrog Runtime can narrow the list further.
JFrog AppTrust then adds key business focuses, reducing the number of tickets to a short list of confirmed exposures.
Zero-Touch Remediation then selects the best available patch from the list of ecosystem partners.
Key Facts: JFrog's Zero-Touch Remediation
7 – The number of initial ecosystem partners in JFrog's Self-Healing Software Supply Chain Security Ecosystem
4th - Where software supply chain attacks rank among Gartner's top four critical AI-driven security threats
72 hours – Seal Security's SLA for critical and high-severity CVE patches
5 – Pillars powering JFrog's self-healing workflow
Level 3 – SLSA security standard Broadcom's Spring patches are built to
Our customers need a supply chain that identifies vulnerabilities and remediates them
Eyal Dyment, Vice President of Security Products at JFrog
Software supply chain attacks
According to Gartner, software supply chain attacks are on the top four
critical security threats
where attackers hold the advantage.
The company’s Magic Quadrant for Software Supply Chain Security revealed that many security leaders are favouring a self-healing infrastructure.
Manual security teams can struggle with the speed in which AI-driven attacks work across key features including, discovery, ticketing, manual patching and verification.
According to ENISA’s Foresight 2030 report, the compromise of software supply chains is predicted to remain a top cybersecurity threat by 2030.
Eyal says: “The traditional security playbook, finding vulnerabilities, opening tickets, waiting weeks for manual patching, has become a liability in the frontier AI era. Enterprises now face adversaries who move at agentic speed and regulators who demand provable evidence at every step.”
Key Companies
Headquarters:
Sunnyvale, United States
Shlomi Ben Haim
JFrog is a software company providing an end-to-end DevOps and security platform designed to streamline software release management. Known for its flagship binary repository manager Artifactory, the business enables organisations to manage, secure and deliver continuous software updates seamlessly. The company plays an essential role in modern software supply chains by unifying development processes, enhancing DevSecOps practices and supporting automated artifact management across multi-cloud environments.
Broadcom
Headquarters
: Palo Alto, US
: Hock Tan
Broadcom is a global technology leader designing, developing and supplying semiconductor and infrastructure software solutions. The organisation provides critical components for data centres, networking, enterprise software, telecommunications and artificial intelligence infrastructure. It plays a vital role in global digital connectivity through its advanced custom AI accelerators, ethernet switching technology, storage adapters and enterprise cloud management software platforms.
Company portals
Broadcom
Executives
Eyal Dyment
Vice President of Security Products",full,,dom_or_structured_full_text,https://supplychaindigital.com/news/jfrogs-self-healing-fix-for-ai-speed-supply-chain-attacks,Supply Chain Digital,综合媒体,关键原材料/矿产,2026-09-03T23:50:26+00:00,数字科技与消费 > 数字安全 > 网络安全与数据治理,数字科技与消费,网络安全与数据治理,"[{""path"":[""数字科技与消费"",""数字安全"",""网络安全与数据治理""],""path_text"":""数字科技与消费 > 数字安全 > 网络安全与数据治理"",""confidence"":0.92,""reason"":""核心是软件供应链漏洞的自动检测与修复安全平台""}]",classified,2026-09-04T00:34:32.951616+00:00,glm-5.2,2026-08-14,
Why the US is Investing $174m to Secure Gallium Supply,2026-09-03,"Why the US is Investing $174m to Secure Gallium Supply
Prioritise Us
on Google
The US Department of War (DOW) has announced a US$174m investment to build a new gallium production facility at Alcoa’s Wagerup alumina refinery. Credit: Getty Images
Michael Cadenazzi, Assistant Secretary of War for Industrial Base Policy, unveiled a US$174m deal with Alcoa to strengthen gallium supply chain resilience
The US Department of War (DOW) has announced a US$174m investment to build a new gallium production facility at Alcoa’s Wagerup alumina refinery.
It will be overseen by the Office of the Assistant Secretary of War for Industrial Base Policy via the Industrial Base Analysis and Sustainment programme.
Since its inception in 2014, the IBAS programme has exceeded US$2.6bn in investment across more than 200 projects, aiming to restore and strengthen the defence industrial base.
Alcoa of Australia will operate the facility and is expected to produce 100 tonnes of gallium each year.
Michael Cadenazzi, Assistant Secretary of War for Industrial Base Policy, says: “This landmark agreement with our key allies,
Australia and Japan
, will secure a vital supply of gallium for our defence industrial base, strengthening our collective security and economic resilience for years to come.”
Michael Cadenazzi, Assistant Secretary of War for Industrial Base Policy. Credit: US DOW
Key Figures Behind the Gallium Investment
US$174m - estimated equity financing investment committed by the Department of War
100 tonnes - projected annual gallium metal production capacity at the Wagerup facility
US$2.6bn - total IBAS program investment across more than 200 projects since 2014
200+ - number of industrial base projects supported by the IBAS program to date
3 - countries involved in the funding partnership: the United States, Australia and Japan
Why the US DOW is investing in gallium
The initiative is a multinational agreement between the US, Australia and Japan through Export Finance Australia, the Government of Japan and Sojitz Corporation.
Through the initiative, the US is expected to build a long-term and resilient supply chain for gallium.
According to the DOW, gallium is essential to the high-performance semiconductors that support
critical defence capabilities
The key defence features include advanced radars for aerial and maritime platforms, ground-based missile defence systems, secure satellite and tactical communications and precision sensors for missile guidance.
Gallium is also used in solar cells that power military and civilian satellites.
According to data from US Critical Materials, China controls 98 to 99% of global gallium supply through its integrated aluminium processing infrastructure.
The DOW says securing a reliable supply of gallium is essential and this project will aim to increase resilience in the existing supply chain.
Alcoa of Australia will operate the facility and is expected to produce 100 tonnes of gallium each year. Credit: Alcoa
US critical mineral supply
The Wagerup investment sits within a much larger US effort to reduce dependency on China across critical mineral supply chains.
China currently accounts for around 70% of global rare earth mining and 93% of magnet manufacturing, according to the Centre for Strategic and International Studies.
In October 2025, the US reduced its fentanyl-related tariff on Chinese products from 20% to 10%, after China agreed to support US efforts to secure rare earth access.
The US Department of Defence committed a US$400m investment in MP Materials to establish a localised rare earth supply chain.
MP Materials, based in California, is the only fully integrated US rare earth producer managing mining, separation, refining and manufacturing under one operation.
The Wagerup gallium facility is not an isolated deal as it forms part of a strategy that is aiming to strengthen the
US’s critical minerals supply
Key companies
Headquarters:
Pittsburgh, US
William O. Oplinger
Alcoa is a global leader in bauxite, alumina and aluminium products, managing integrated operations across major international mining and refining regions. As a pioneer of the modern aluminium industry, the company supplies high-performance lightweight metals to the aerospace, automotive, packaging and construction sectors. The business plays a vital role in industrial sustainability through its development of low-carbon smelting technologies and eco-friendly metal refining processes.
Export Finance Australia
Headquarters:
Sydney, Australia
John Hopkins
Export Finance Australia is the federal government’s export credit agency, providing commercial loans, guarantees, bonds and equity financing. The organisation supports Australian businesses expanding into international markets and finances critical regional infrastructure projects. It plays a vital role in national trade strategy by filling market gaps, backing small to medium enterprises, strengthening critical mineral supply chains and supporting economic development across the Indo-Pacific region.
Sojitz Corporation
Headquarters:
Tokyo, Japan
Kosuke Uemura
Sojitz Corporation is a major Japanese general trading company operating a diverse global portfolio across energy, automotive, aerospace, chemicals and consumer resources. Formed through the merger of Nichimen Corporation and Nissho Iwai Corporation, the business structures global supply chains and invests in sustainable infrastructure projects. The organisation plays a critical role in international commerce through resource development, industrial manufacturing, retail distribution and green energy operations.
Company portals
Alcoa Inc
Export Finance Australia
Sojitz Corporation",full,,dom_or_structured_full_text,https://supplychaindigital.com/news/why-the-us-is-investing-174m-to-secure-gallium-supply,Supply Chain Digital,综合媒体,关键原材料/矿产,2026-09-03T23:50:28+00:00,零碳产业 > 物质循环 > 无机物 > 有色金属 > 其它有色金属产业,零碳产业,其它有色金属产业,"[{""path"":[""零碳产业"",""物质循环"",""无机物"",""有色金属"",""其它有色金属产业""],""path_text"":""零碳产业 > 物质循环 > 无机物 > 有色金属 > 其它有色金属产业"",""confidence"":0.86,""reason"":""核心事件是在氧化铝厂建设年产100吨镓的生产设施，保障关键金属供应""},{""path"":[""零碳产业"",""物质循环"",""无机物"",""有色金属"",""铝业""],""path_text"":""零碳产业 > 物质循环 > 无机物 > 有色金属 > 铝业"",""confidence"":0.65,""reason"":""镓生产依托Alcoa氧化铝精炼厂，与铝业产业链直接相关""}]",classified,2026-09-04T00:34:32.951616+00:00,glm-5.2,2026-08-14,
"PG&E expands V2X program with Tesla, Volvo, Nissan and $17K incentives",2026-09-03,"Bidirectional Charging
Fred Lambert
| Sep 3 2026 - 7:48 am PT
Massachusetts Vehicle to-Everything (V2X) Demonstration program Photo: The Mobility House
PG&E just expanded its Vehicle-to-Everything (V2X) program, adding EVs from Tesla, Kia, Volvo, Polestar, and Nissan and opening up as much as $17,000 in incentives to turn a car into home backup power.
The California utility brought in Bidirectional Energy and PowerFlex as approved partners, and drivers now have until June 30, 2027 to enroll.
New vehicles, new chargers
V2X lets a compatible EV work as a mobile battery. With a bidirectional charger, you can pull electricity out of the car to run your house during an outage or push it back to the grid when demand spikes, and shave your energy bill along the way.
Until now, PG&E’s Eligible Products List covered Ford, Tesla, Chevrolet, GMC, and Cadillac. The expansion adds several new vehicle-and-charger combinations:
Nissan Leaf (2018-2025) with a DCBel Ara charger. Volvo EX90 (2025) with a DCBel Ara charger. Polestar 3 (2025) with a DCBel Ara charger. Kia EV9 (2024 and newer) and Kia EV6 (2025 and newer), both with the Wallbox Quasar 2. PG&E also folded in three more GM models: the 2027 Chevrolet Bolt, the Cadillac Celestiq, and the Cadillac Escalade IQL.
“This expansion is all about choice,” said David Almeida, Director of Clean Energy Transportation at PG&E. He said broadening the mix of eligible vehicles and chargers helps customers “turn their EV into a home backup and a grid asset.”
The incentives, stacked
Here’s where the money is. Residential customers get $2,500 upfront, or $3,000 if they live in a disadvantaged community, plus a $1,500 Early Adopter Incentive for the first 250 people to enroll. The new DCBEL and Wallbox combinations also qualify for up to $13,000 in additional funding through a California Energy Commission grant, subject to eligibility.
Stack those and an early adopter is looking at roughly $17,000. That’s real money against hardware that still runs thousands of dollars, and it’s the whole point of a program like this.
Commercial customers get their own tier: $2,500 to $3,000 for a 3-phase bidirectional charger under 50 kW, and $4,500 to $5,000 for one at 50 kW or above.
V2X is finally crawling out of the pilot phase
The idea of using an EV to power a house isn’t new. The Nissan Leaf has technically been a vehicle-to-grid car for more than a decade through CHAdeMO, and it’s a little funny that it’s only now landing on PG&E’s approved list. The hardware and the utility programs are what took forever.
That’s been changing fast in California. We covered PG&E’s
original V2X pilot with GM Energy
last year, and in April the
Cybertruck became the first AC vehicle-to-grid asset in the state through PG&E
. Tesla’s Powershare is still Cybertruck-only for now. A
2024 California law
is also pushing automakers toward making bidirectional capability standard.
PG&E is running the same play on the commercial side. It’s backed
electric school bus fleets in Fremont, Oakland, and San Francisco
that can feed the grid. The utility notes that more than 90% of the nation’s 500,000 school buses still burn diesel or gas, putting out over 8.4 million tons of greenhouse gases a year.
Electrek’s Take
Is V2X finally scaling? It looks like it. This is one of the most comprehensive programs I’ve seen to date.
What it lacked was compatible cars, affordable bidirectional chargers, and utilities willing to pay for the service. California is knocking down all three at once, and adding the Leaf, EV9, EX90, and Polestar 3 widens the funnel to cars people are actually buying.
I am in favor of the idea that if you buy an EV, you can do what you want with its battery pack, including using it for backup power or to service the grid for revenue.
If you’re powering an EV at home, pairing it with rooftop solar is how you get the fuel cost close to zero, and a bidirectional setup like this lets that car back up your house on top of it. With electricity rates up almost 10% last year and expected to keep climbing, going solar is one of the best ways to protect yourself against rising costs. And with lease and PPA options, you can do it with zero upfront cost and start saving immediately. If you want to find the best deal, check out
EnergySage
. It’s a free service with hundreds of pre-vetted installers competing for your business, so you save 20 to 30% compared to going it alone. No sales calls until you pick an installer.
Get your free quotes here
Featured
Subscribe to Electrek on YouTube for exclusive videos
and subscribe to the
Comments
Fred is the Editor in Chief and Main Writer at Electrek.
Through Zalkon.com, you can check out Fred’s portfolio and get monthly green stock investment ideas.
Fred Lambert's favorite gear
Combat Edge
Get an edge on MMA with the best stats
EnergySage
EnergySage helps you get the best price possible on a home solar installation for free and without hassel.",full,,dom_or_structured_full_text,https://electrek.co/2026/09/03/pge-v2x-program-expansion-kia-volvo-nissan-incentives/,Electrek,电池,EV,2026-09-03T23:50:57+00:00,通用技术 > 通信和运输 > 电网技术 > 配电和电力交易,通用技术,配电和电力交易,"[{""path"":[""通用技术"",""通信和运输"",""电网技术"",""配电和电力交易""],""path_text"":""通用技术 > 通信和运输 > 电网技术 > 配电和电力交易"",""confidence"":0.85,""reason"":""核心是电动车向电网和家庭反向供电的V2X项目及电价激励""},{""path"":[""通用技术"",""通信和运输"",""陆路运输""],""path_text"":""通用技术 > 通信和运输 > 陆路运输"",""confidence"":0.7,""reason"":""涉及多品牌电动汽车与双向充电桩的充换电应用""}]",classified,2026-09-04T00:34:32.951616+00:00,glm-5.2,2026-08-14,
Kia turns its electric van into a mobile grocery store for free food delivery for those in need,2026-09-03,"Peter Johnson
| Sep 3 2026 - 7:47 am PT
Kia’s electric van really can do it all. The
was converted into a mobile grocery store to deliver food and other necessities to those in need for free.
Kia PV5 becomes a grocery store on wheels
The PV5 is about the closest thing to a real-life transformer. Kia’s electric van comes in a variety of top hats customized for business and personal use.
Beyond the standard Passenger, Cargo, and Chassis Cab body styles, Kia has introduced several unique conversion models, including a refrigerated van, mobile gaming rig, AI patrol vehicle, and even a light camper.
Most recently, Kia converted the PV5 into a mobile grocery store to deliver food in rural parts of Korea, where fresh food and groceries are scarce.
As part of its new “Move to You” initiative, Kia used its electric van to provide free food delivery and connect residents with care services.
The project started in Uiseong-gun, South Korea, where the population is rapidly aging and access to fresh food is becoming more difficult. Although the region is roughly twice the size of Seoul, its population is only about 47,000.
(Source: Hyundai Motor Group)
To make matters worse, over 50% of residents are projected to be over the age of 65, meaning one out of every two who live there is considered elderly.
The rapid population decline has caused local shops, hospitals, schools, and infrastructure to disappear. Residents now have to travel hours just to get a carton of eggs.
Kia converted the PV5 into a mobile grocery store to deliver fresh food and other convenience items to those in need. Based on the PV5 Cargo, Kia modified the electric van with flexible racks and a portable refrigerator.
Kia converts the PV5 into a mobile grocery store (Source: Hyundai Motor Group)
The setup enables Kia to deliver groceries and other daily necessities to the homes of the elderly in the region every week.
Kia’s electric van can conquer the winding, narrow farm roads of the mountainous region, where access was previously limited.
Currently, Kia has eight PV5 mobile grocery stores in operation or being prepared for deployment, delivering food to about 70 villages every week. Residents come together to catch up and help each other find necessary items.
Park Hyang-sook, one of the local residents who uses the program, said it’s especially helpful because “Many elderly people find it difficult to place phone orders,” adding that “Move to You is convenient because a car comes right to the front of the community center on designated days.”
Kia is also partnering with public health centers and various welfare programs to establish an integrated care system that will go beyond food delivery to include health exams and more.
While Kia plans to continue expanding the service, it’s also considering using the larger PV7 electric van (
set to debut this month
), which will offer more space once it’s launched.
Featured
Subscribe to Electrek on YouTube for exclusive videos
and subscribe to the
Comments
Peter Johnson is covering the auto industry’s step-by-step transformation to electric vehicles. He is an experienced investor, financial writer, and EV enthusiast. His enthusiasm for electric vehicles, primarily Tesla, is a significant reason he pursued a career in investments. If he isn’t telling you about his latest 10K findings, you can find him enjoying the outdoors or exercising",full,,dom_or_structured_full_text,https://electrek.co/2026/09/03/kias-ev-van-becomes-mobile-grocery-store-free-food-delivery/,Electrek,电池,EV,2026-09-03T23:50:59+00:00,通用技术 > 通信和运输 > 陆路运输,通用技术,陆路运输,"[{""path"":[""通用技术"",""通信和运输"",""陆路运输""],""path_text"":""通用技术 > 通信和运输 > 陆路运输"",""confidence"":0.88,""reason"":""核心是Kia电动厢式车的改装与电动化应用场景""}]",classified,2026-09-04T00:34:32.951616+00:00,glm-5.2,2026-08-14,
Rivian’s futuristic ALSO e-bike may be at its ultimate delay,2026-09-03,"Micah Toll
| Sep 3 2026 - 7:16 am PT
Rivian spin-off ALSO is pushing back the delivery timeline for its highly anticipated TM-B electric bike yet again, with reservation holders for the flagship Launch Edition now being told to expect their bikes to arrive by early November at the latest.
In a new update sent to customers,
says its Launch Edition bikes are “now shipping”, with deliveries expected to arrive “in waves between now and early November.”
Social media
is astir
with questions about what that “now shipping” label really means, with some asking if bikes have been delivered to real customers outside of influencers, family, friends, and others connected to the company.
The announcement follows the
most recent delay last month
, when the company had already pushed back deliveries to mid-September, i.e., a few days from now.
Now it sounds like this could be the ultimate delay – assuming the bikes do actually land in driveways during the next two months.
ALSO recently opened up regular orders to its reservation holders, but the company now says those bikes won’t begin shipping until after the Launch Edition units. Deliveries for reservation holders are expected to begin in early November and continue through the end of the year, depending on when the order was placed and which configuration was selected.
That appears to mark yet another slip in the TM-B’s delivery timeline.
ALSO says it will begin sending customers more specific timing updates throughout September and plans to update its online ordering system with delivery estimates based on individual bike configurations.
While the company hasn’t shared many details about the sources of the delays, they’ve attempted to assuage customers by sharing encouraging progress, including adding images to their website showing bikes already in production at the company’s Asian factory.
The TM-B is an unusual and ambitious e-bike, featuring the company’s proprietary DreamRide drivetrain, a large integrated display, modular accessories, and a design that blurs the line between conventional e-bike and electric moped.
The biggest headline feature is likely the drive-by-wire design, which replaces traditional direct linkage from the pedal cranks to the wheel with an electronic alternative comprised of a generator powered by the pedals and a motor nearby then that powers the rear wheel through a belt drive.
Those innovative and high-tech features have helped make the TM-B one of the more interesting new electric two-wheelers in years. But for reservation holders who have been waiting since last year, the wait just got a little longer.
As ALSO Chief Commercial Officer Ben Steele put it in the update, “I’m confident your TM-B will be worth the wait.”
Featured
Subscribe to Electrek on YouTube for exclusive videos
and subscribe to the
Comments
Micah Toll is a personal electric vehicle enthusiast, battery nerd, and author of the Amazon #1 bestselling books
DIY Lithium Batteries
DIY Solar Power,
The Ultimate DIY Ebike Guide
The Electric Bike Manifesto
The e-bikes that make up Micah’s current daily drivers are the
$999 Lectric XP 2.0
$1,095 Ride1Up Roadster V2
$1,199 Rad Power Bikes RadMission
, and the
$3,299 Priority Current
. But it’s a pretty evolving list these days.
Micah Toll's favorite gear
Lectric XP4 e-bike sale
Best $999 electric bike ever!
Ride1Up sales
Great e-bikes at great prices!",full,,dom_or_structured_full_text,https://electrek.co/2026/09/03/rivians-futuristic-also-e-bike-may-be-at-its-ultimate-delay/,Electrek,电池,EV,2026-09-03T23:51:01+00:00,数字科技与消费 > 智能终端 > 消费电子与智能硬件,数字科技与消费,消费电子与智能硬件,"[{""path"":[""数字科技与消费"",""智能终端"",""消费电子与智能硬件""],""path_text"":""数字科技与消费 > 智能终端 > 消费电子与智能硬件"",""confidence"":0.85,""reason"":""核心事件是电动自行车新品的交付延期，属面向消费者的智能出行硬件市场动态。""}]",classified,2026-09-04T00:34:41.853850+00:00,glm-5.2,2026-08-14,
Cratering oil use in China shows the death spiral that could end oil,2026-09-03,"Chinese oil use dropped drastically in Q2 of this year, leading to an overall drop in emissions for the country. That alone is a big deal – but the potential effects of the world’s second-largest oil consumer rapidly passing peak oil could have massive effects on the world’s oil markets.
For the past few years, it has seemed that China was in the midst of a plateau in both emissions and oil use. Nobody was ready to declare that it had passed the peak of either, wondering whether the graphs might turn upwards from here. But with new Q2 numbers showing a drastic drop in oil use and a consequent drop in total CO2 emissions, it might be that time.
New numbers released by the National Bureau of Statistics of China and analyzed by Carbon Brief tell the tale: in Q2, overall oil use dropped by a whopping 9% in China, and an even more incredible 16% for transportation.
Combined, the drop in oil use was enough to pull Chinese CO2 emissions down by 1%. This may seem like a minor drop, but it happened despite an uptick in coal use. Usually, when countries reach peak emissions, it’s due to dropping coal use, and this is the first instance Carbon Brief could find where lower oil use, rather than coal, was the driver of a reduction in emissions.
It would be tempting to blame the drop in transportation emissions to a disrupted global oil market which has fallen victim to an ill-considered war of choice, spiking energy prices globally, especially for Far East nations. As oil prices spike, perhaps Chinese consumers are using their vehicles less, causing only a temporary drop in oil use.
But transportation levels have in fact increased in China. Part of this has been due to increased public transit, which could be a result of Chinese people being priced out of private gas-powered transit.
But a large portion is due to the boom in electric vehicles and collapse in ICE vehicle sales in the country, meaning transportation is simply getting more efficient in the world’s largest auto market. Not only are more EVs on the road, but EVs are being used more than non-EVs (partially due to a rise in electric taxis).
In fact, in the first six months of this year, EVs in China displaced more oil than all of the UK used in the same period. A massive rise in electric heavy truck sales was responsible for the largest part of this oil displacement.
Huge numbers like a 9% drop in oil use and 16% drop in transportation oil use are generally considered anomalous, the type of drop that is usually an outlier. These are Q2 2020-level numbers – when COVID was at its strongest, and nations around the world dropped oil use and emissions significantly.
China seems to be past peak oil consumption
So we wouldn’t necessarily expect to see these numbers every quarter from here on out, but it does seem like we’ve finally passed peak oil consumption in China.
This is a milestone which many have expected to come for years now. Sinopec, China’s state-owned oil company, predicted in 2024 that Chinese oil demand would peak before 2027, but last week said that actually, it probably already peaked in 2025.
“Next year, even if the US-Iran conflict eases up, things might recover, but it won’t hit last year’s level. So it’s very likely demand peaked last year.”
-Hou Qijun, Chairman, Sinopec
Going forward, this could be a huge influence on oil markets. China’s high level of electrification (and its release of its petroleum reserve) has already been credited for “quietly saving the world” from what could have been a much larger oil shock related to the ill-advised war in Iran.
So having the world’s second-largest oil consumer (the US consumes more oil than China, despite having only 1/4 of China’s population) suddenly stop using nearly as much oil is the sort of shock that gets oil traders to stand up and notice (or to stick their fingers in their ears and shout “I’m not listening”).
China’s CO2 and oil peaks come much earlier than the US’ did
If oil use and CO2 trendlines continue as they have, this means that China will have peaked its per capita CO2 emissions at about a third of the US’ peak. US CO2 emissions peaked at around 22 tons per capita, a number reached in the 70s and nearly reached again in 2000. Meanwhile, Chinese per capita emissions are currently just over 8 tons per capita.
In terms of total emissions, China is still ahead – that’s because China has 4 times as many people living in it as the US does, and because the US has been gradually reducing emissions since the early 2000s, whereas China is later in its development curve.
And in terms of oil usage, China’s peak consumption was 17.35M barrels/day in 2025. Meanwhile, USA’s was 19.4M in 2025, and previously peaked at 20.53M in 2005. This means that every American is currently using more than 4x as much oil as every Chinese person, along with making almost 2x as much CO2 (USA’s current per capita emissions sit around 14 tons per year).
So if China truly has passed the peak for both of these numbers, then it has done so at much lower levels than the US did. Showing that a country can develop into a major world power while still pulling the arc of its CO2 emissions in the right direction.
How this could trigger the death spiral that can end oil
It’s a trend that I saw in Norway in 2023, where massive EV adoption led to cratering motor fuel sales. I declared (with a very similar headline as today’s article, sorry) that this trend showed “the death spiral that can end oil,” and this is how that could work.
While many have mentioned that higher oil prices lead to increased demand for EVs and decreased consumer demand for oil (as we are seeing now, in China and elsewhere, with phrases like “permanent demand destruction” being bandied about), relatively less attention has ben put on the supply side of this equation, where low oil prices reduce the incentive to explore and drill for oil.
If oil demand goes down, and oil prices go down, it suddenly becomes less economical to open new wells, and potentially even uneconomical to operate existing oil extraction operations in some areas. This, then, can cause a larger positive environmental effect than increased EV use does, because it means that oil projects will be cancelled or won’t be proposed in the first place, and that oil will stay in the ground where it absolutely, positively, objectively needs to remain.
That previous article was about Norway, which has been the world standout in electrification, but at the end of the day is a tiny country which wasn’t going to affect global oil consumption that much.
But China is anything but a tiny country. China is the sort of country that can really change world oil markets. And it’s not far behind Norway in terms of EV sales percentage – and way ahead in total number of EVs and total displaced oil use.
Oil crashes have happened for less. The 2014 crash in oil prices, wherein oil lost about half of its value, was blamed on an oversupply of roughly 2 million barrels a day globally. Meanwhile, China’s 9% drop in oil consumption in Q2 represents about 1.5 million barrels a day worth of avoided oil use. That’s just one country, in which about 25% of cars on the road are electric (up from around 18% this time last year). Just wait until that number continues to go up in China, and everywhere else too.
We’re not seeing a global supply glut right now because supply is constrained by the war in Iran, which has allowed oil companies to opportunistically put up record profits. But going forward, if the disruption from that war ends and supply normalizes, it’s going to have to normalize at a lower supply number and/or a lower price. Either of these are good news for the environment, and could hopefully trigger cascading effects (like making oil companies rethink drilling in the arctic).
An actual free market – one where externalities are priced – would help this happen
It is a possibility that a future where oil prices drop significantly will result in a return to oil as a cheaper-than-present form of energy. But that could be avoided by ending the subsidy, in the amount of trillions of dollars globally per year, that fossil fuels get by not having to pay the full costs they impose on society.
Top comment by EV_Wisconsin
Drove a friend's EV ~ 5 years ago and was instantly hooked. Getting back into my gas-mobile felt like going back in time. Haven't bought gas in over three years and don't miss it for a second.
The superior drive in an EV is worth it alone. Saving $16,000 in gas (after paying for electricity), using my own solar to power, reduced CO2, significantly reduced maintenance are all icing.
In the past two weeks I've driven two rental cars on work trips. An old-fashioned gas car and an old-fashioned hybrid gas car. Absolutely terrible by comparison: noisy, slow, inefficient.
This could be solved by finally properly pricing oil globally. In countries that have implemented a realistic carbon price, pollution has dropped and societal wellness has increased. The IMF estimates that pollution pricing would increase world GDP by eliminating market inefficiencies.
In contrast, the artificially low gasoline costs in the US (yes, US gasoline prices are still artificially low, even at today’s “high” prices) work to buoy consumer oil demand. Removing the ~$750 billion in yearly implicit subsidies received by the fossil fuel industry in the US alone would help ensure that fair market conditions could prevail, and consumers would have a clear choice about what the better and cleaner option is.
And if we finally let the market work freely, after more than a century of both direct and implicit oil subsidies that have coddled this lying, deadly industry, we could finally see it spiral into the oblivion it deserves.
Charge your electric vehicle at home using rooftop solar panels. Find a reliable and competitively priced solar installer near you on EnergySage, for free. They have pre-vetted installers competing for your business, ensuring high-quality solutions and 20-30% savings. It’s free, with no sales calls until you choose an installer. Compare personalized solar quotes online and receive guidance from unbiased Energy Advisers. Get started here. – ad*
FTC: We use income earning auto affiliate links. More.",full,,trafilatura_full_text,https://electrek.co/2026/09/03/cratering-oil-use-in-china-shows-the-death-spiral-that-could-end-oil/,Electrek,电池,EV,2026-09-03T23:51:03+00:00,未分类,,,[],unclassified,2026-09-04T00:34:41.853850+00:00,glm-5.2,2026-08-14,
"EVs outsell petrol in Australia for the first time, led by China",2026-09-03,"Fred Lambert
| Sep 3 2026 - 5:33 am PT
Electric cars outsold petrol cars in Australia for the first time in August. Battery-electric vehicles hit 27,078 sales, or 24.9% of the new-car market, ahead of both petrol (25,824) and diesel (23,608).
The Tesla Model Y topped every model on sale. But look past it, and Australia’s EV record is almost entirely a Chinese one.
An EV record, and combustion becomes the minority
BEV sales were up 171% year-over-year, according to VFACTS and Electric Vehicle Council data. Add hybrids and plug-in hybrids, and electrified vehicles took 51.8% of the market. It’s the first month combustion-only cars have been in the minority in Australia.
Europe crossed that line last year, when
EVs outsold petrol across the EU even as Tesla’s sales collapsed
. Australia is now on the same path, and getting there faster.
The overall market grew 4.9% to 108,760 vehicles. EVs did the heavy lifting.
The eight best-selling EVs are all built in China
Here’s what the record actually looks like, model by model:
Australia’s best-selling EVs, August 2026. Source: VFACTS / Electric Vehicle Council data via The Driven.
Seven of the eight top sellers are Chinese brands: BYD, Geely, Zeekr, and Chery’s Jaecoo. The BYD Sealion 7 alone moved 2,213 units and finished sixth across the entire market, ahead of household nameplates. The Geely EX5 jumped more than 385% year-over-year.
The other two are Tesla’s Model Y and Model 3. Except they’re not really exceptions. Tesla builds every right-hand-drive car it sells in Australia at Giga Shanghai, so all eight of the country’s best-selling EVs rolled off a Chinese production line.
We flagged this shift in July, when
Australia’s seven best-selling EVs were already all Chinese, even Tesla’s
. A month later, it’s the full top eight.
Tesla wins the month, but BYD wins on breadth
The Model Y sold 6,414 units, up 176% year-over-year, and it was Tesla’s third monthly sales win of 2026. As a brand, Tesla climbed to third with 7,685 sales, up 163%.
BYD sat right above it in second with 8,231, up 68.8%, and it got there with a far wider lineup than Tesla’s two-car range.
BYD outsold Tesla 10-to-1 in Australia back in January
. The gap has closed as Tesla recovered, but the Chinese brand is still ahead.
Toyota led all brands with 19,712 sales, down 5.2%. The legacy volume brands, Toyota, Mazda and Kia, are all sliding while the Chinese EV makers post double- and triple-digit growth.
Electrek’s Take
This is a real milestone. But this is a Chinese EV boom. Seven of the eight top sellers are Chinese brands. The other two, the Teslas, are built in Shanghai. So the cars powering Australia’s EV record are, without exception, made in China. Toyota, Mazda, and Kia are going backward while BYD, Geely, and Zeekr add new nameplates every few months and take their share.
Australia has almost no tariffs on Chinese EVs, unlike the US or the EU. That’s why Australians get cheap, capable EVs, and why adoption is moving this fast. It also makes Australia the clearest preview anywhere of what an open, tariff-free EV market actually produces.
Opening up to Chinese EVs will result in a faster phase-out of combustion engines. Autralia is the proof.
If you’re buying an EV, powering it with home solar can cut your running costs to almost nothing. With electricity rates up almost 10% last year and expected to keep climbing, going solar is one of the best ways to protect yourself against rising costs. And with lease and PPA options, you can do it with zero upfront cost and start saving immediately. If you want to find the best deal, check out
EnergySage
. It’s a free service with hundreds of pre-vetted installers competing for your business, so you save 20 to 30% compared to going it alone. No sales calls until you pick an installer.
Get your free quotes here
Featured
Subscribe to Electrek on YouTube for exclusive videos
and subscribe to the
Comments
Fred is the Editor in Chief and Main Writer at Electrek.
Through Zalkon.com, you can check out Fred’s portfolio and get monthly green stock investment ideas.
Fred Lambert's favorite gear
Combat Edge
Get an edge on MMA with the best stats
EnergySage
EnergySage helps you get the best price possible on a home solar installation for free and without hassel.",full,,dom_or_structured_full_text,https://electrek.co/2026/09/03/australia-ev-sales-outsell-petrol-august-2026/,Electrek,电池,EV,2026-09-03T23:51:04+00:00,通用技术 > 通信和运输 > 陆路运输,通用技术,陆路运输,"[{""path"":[""通用技术"",""通信和运输"",""陆路运输""],""path_text"":""通用技术 > 通信和运输 > 陆路运输"",""confidence"":0.9,""reason"":""核心事件是澳大利亚电动汽车销量首次超过燃油车，属汽车电动化市场。""}]",classified,2026-09-04T00:34:41.853850+00:00,glm-5.2,2026-08-14,
This new anti-theft device can keep your e-bike protected for up to a year straight,2026-09-03,"Micah Toll
| Sep 3 2026 - 2:48 am PT
E-bike theft is one of those problems where a good lock is only half the battle. Since no physical lock can ever give you a 100% guarantee of safety, if a thief actually gets away with your bike, knowing where it went can suddenly become a lot more important.
Now connected e-bike specialist Comodule has unveiled its latest solution, known as Astra, and one of its most interesting tricks is the ability to keep tracking an e-bike for up to 12 months – even when the bike is sitting in storage.
There are a lot of e-bike trackers out there, and while simpler versions like AirTags may have long battery life, solid GPS trackers that can pinpoint a bike’s location can rarely last more than a month or two without a recharge. That might be fine for everyday use, but bikes that are left in storage or just bikes that keep being moved after a theft are prime examples where longer tracking periods without necessary recharges are critical.
And Astra sounds like it could provide just that solution.
is Comodule’s next-generation IoT hardware designed to be built directly into e-bikes, giving manufacturers a way to add a host of connected features ranging from live location tracking to smart locking and even electronic immobilization.
The company is currently offering demonstrations to manufacturers developing model year 2028 e-bikes.
Perhaps the biggest upgrade for riders worried about theft, beyond the impressive 12-month battery life, is Astra’s improved location technology. In addition to conventional satellite positioning, the system adds Wi-Fi Locate, which Comodule says improves positioning accuracy in dense cities, indoors, and other locations where GNSS reception can struggle.
That could be particularly useful in an actual theft scenario. GPS trackers are great when a stolen bike is sitting outside, but things get trickier when it disappears into an apartment building, warehouse, or parking garage. In those cases, knowing the rough X/Y coordinates aren’t enough, and more precise location data becomes the key to actually located the bike.
Astra also upgrades to Cat-1bis cellular connectivity, designed to provide more reliable connections indoors, in dense urban environments, and in remote locations.
Then there’s that 12-month figure, something of a headline feature. Comodule says smarter power management allows bikes equipped with Astra to remain trackable during long storage periods for up to a year. That doesn’t necessarily mean your bike can be ridden around for a year without charging – Astra normally draws power from the e-bike’s electrical system – but it means the security hardware can remain useful even when the bike itself has been sitting unused for an extended period.
And tracking is only part of the security package.
Depending on how a manufacturer integrates Astra, riders can access the bike’s live location and status through an app, use smart locking functions, receive alarm notifications, share the bike’s location or digital access, and even electronically immobilize the bike. Comodule also supports digital bike passports, recovery services, and integrations that can provide insurance benefits.
The module itself is smaller and more power efficient than Comodule’s previous hardware, while CAN connectivity allows it to communicate with an e-bike’s drive system and other smart components. Manufacturers can either use Comodule’s branded app and back-end platform or integrate Astra into their own software using the company’s API and SDK tools.
This isn’t Comodule’s first rodeo, either. The Estonia-based company says its technology has already connected more than 850,000 e-bikes, e-scooters, and other light electric vehicles over the last 11 years. While the name doesn’t carry as much recognition with everyday riders, Comodule is the quiet IoT engine powering the connectivity in major brands throughout the e-bike, e-scooter, and e-moto industry.
Of course, none of this makes a good physical lock obsolete. But I’ve long been a fan of the idea that the best e-bike security comes in layers: make the bike hard to steal in the first place with a
couple of good quality locks
, make the owner immediately aware when someone messes with it, and make the bike easy to locate – and ideally useless to the thief – if they still manage to get away with it.
Astra looks designed to tackle those latter layers better than ever.
Featured
Subscribe to Electrek on YouTube for exclusive videos
and subscribe to the
Comments
Micah Toll is a personal electric vehicle enthusiast, battery nerd, and author of the Amazon #1 bestselling books
DIY Lithium Batteries
DIY Solar Power,
The Ultimate DIY Ebike Guide
The Electric Bike Manifesto
The e-bikes that make up Micah’s current daily drivers are the
$999 Lectric XP 2.0
$1,095 Ride1Up Roadster V2
$1,199 Rad Power Bikes RadMission
, and the
$3,299 Priority Current
. But it’s a pretty evolving list these days.
Micah Toll's favorite gear
Lectric XP4 e-bike sale
Best $999 electric bike ever!
Ride1Up sales
Great e-bikes at great prices!",full,,dom_or_structured_full_text,https://electrek.co/2026/09/03/this-new-anti-theft-device-can-keep-your-e-bike-protected-for-up-to-a-year-straight/,Electrek,电池,EV,2026-09-03T23:51:06+00:00,数字科技与消费 > 智能终端 > 消费电子与智能硬件,数字科技与消费,消费电子与智能硬件,"[{""path"":[""数字科技与消费"",""智能终端"",""消费电子与智能硬件""],""path_text"":""数字科技与消费 > 智能终端 > 消费电子与智能硬件"",""confidence"":0.88,""reason"":""核心是面向电动自行车的长续航GPS追踪防盗硬件新品发布。""}]",classified,2026-09-04T00:34:41.853850+00:00,glm-5.2,2026-08-14,
"Ford wants to sell 100,000 Fathoms in the $30k EV truck's first year",2026-09-03,"Ford Fathom
Jameson Dow
| Sep 3 2026 - 2:30 am PT
Ford Fathom EV pickup prototype (Source: Jim Farley)
Ford has set a goal to sell 100,000 of its upcoming Fathom electric truck in the model’s first year of sales, which would put it among the best-selling EVs in America, and the best-selling non-Tesla EV.
Ford has been preparing its Fathom electric truck for a few years now, even establishing a “skunkworks” development center to revolutionize its manufacturing methods. (We
took a tour of the design studio
this May, but didn’t get to see the truck… yet).
As 2027 creeps closer, Ford has been drip-dripping more information about the truck. We learned in July that the truck would have a NACS port, as it was
spied at a Tesla Supercharger
. Then we learned last month that the truck would
be called Fathom and start just under $30k
And just this week, we got
a closer look
at the Fathom driving in some (pretty ugly) camouflage in the streets of Las Vegas. The truck was supposedly doing hot weather testing in the area, and decided to take a detour through the city.
get a tiny glimpse of the truck in similar camouflage when we routed Ford’s Long Beach facility, but nobody was allowed to use cameras on that tour)
But now another piece of information comes via WSJ, which cites “people familiar with the matter” who say that Ford has set an internal goal of 100,000 vehicles sold in the first year.
This would immediately make the Fathom a best-seller. As of yet, no automaker has sold more than 100,000 units of a single model in a single year in the US except for Tesla. So the Fathom would be in third place (assuming other sales numbers stay similar), and would add a new digit that no non-Tesla automaker has yet added to its sales tally.
Ford has previously had a
best-selling electric pickup in the US
, the Ford Lightning. But that truck never reached nearly the sales numbers that Ford
originally expected
, partially due to a much higher launch price than was
originally promised
. Despite
outselling the Tesla Cybertruck
, it was eventually canceled.
But the company says it has learned a lot of lessons since then, primarily around keeping costs down. Given that it plans to start production in Q1 2027, just a few months from now, hopefully the recently-announced starting price will remain firm this time around, instead of
catching everyone by surprise
like last time.
And if it does, it will immediately compete on price with the
other most affordable EV in America
, the refreshed Chevy Bolt (and may take wind out of the sails of the
upcoming $25k Slate truck
). If Ford can pull it off, it will be an impressive price… but we’ll have to see it and drive it first to tell you how much of a value the final product will be.
In the interim, if you want the cheapest EVs currently available in America (and prefer a car to a truck), you can use our links to contact your local dealers about the
2027 Chevy Bolt EV
Nissan Leaf
Charge your electric vehicle at home using rooftop solar panels. Find a reliable and competitively priced solar installer near you on
EnergySage
, for free. They have pre-vetted installers competing for your business, ensuring high-quality solutions and 20-30% savings. It’s free, with no sales calls until you choose an installer. Compare personalized solar quotes online and receive guidance from unbiased Energy Advisers. Get started
Featured
Subscribe to Electrek on YouTube for exclusive videos
and subscribe to the
Comments
Jameson has been driving electric cars since 2009, and covering EVs, sustainability and policy for Electrek since 2016.
Jameson Dow's favorite gear
Aptera Referral Code
Use our Aptera Referral Code for $30 off a reservation for the upcoming Aptera solar electric vehicle.
EnergySage
Find a reliable home solar/battery installer and save 20-30% compared to going it alone.",full,,dom_or_structured_full_text,https://electrek.co/2026/09/03/ford-wants-to-sell-100000-fathoms-in-the-30k-ev-trucks-first-year/,Electrek,电池,EV,2026-09-03T23:51:08+00:00,通用技术 > 通信和运输 > 陆路运输,通用技术,陆路运输,"[{""path"":[""通用技术"",""通信和运输"",""陆路运输""],""path_text"":""通用技术 > 通信和运输 > 陆路运输"",""confidence"":0.9,""reason"":""核心是福特电动皮卡的销量目标，属汽车电动化产业。""}]",classified,2026-09-04T00:34:41.853850+00:00,glm-5.2,2026-08-14,
PV Progress across Latin America - pv magazine Global,2026-09-03,"Solar and wind’s share of Latin America’s energy generation mix continues to grow, with renewables comprising roughly 80% of newly installed power generation capacity in 2025. Increasingly frequent droughts, rising demand for grid stability, and the continued decline of solar generation costs have driven countries in the region to embrace clean power. However, as more solar and wind is deployed, the requirements for frequency regulation, operating reserves, and grid stability have increased. Brazil remains the largest solar market in Latin America, while Chile stands out as the region’s most mature market for energy storage. At the same time, Mexico, Colombia, and Argentina continue to drive renewable energy market growth through government policy and the advancement of utility-scale projects. PV demand in Latin America reached approximately 30 GW in 2025, up around 9% year on year. For the near future, demand is forecast to decline to 27 GW in 2026 due to grid capacity and feeder constraints in several countries. Despite this short-term slowdown, annual regional PV demand is still expected to reach 42 GW to 54 GW by 2030, supported by energy transition policies, growing electricity demand, and increasing corporate renewable electricity procurement. Brazil Brazil is Latin America’s largest PV market, with the region’s most mature distributed-generation (DG) segment. As of the end of June 2026, DG accounted for approximately 68% of the country’s cumulative installed PV capacity. An update to Brazil’s distribution and generation regulations in 2022 (Law No. 14,300/2022) led to a revision of the country’s rooftop PV net metering, requiring users to pay a growing share of distribution network charges. Projects that submitted applications earlier remain eligible for more favorable terms, which triggered a significant installation rush during 2022 to 2023. As distribution charges have been rising year by year, growth in distributed PV demand has gradually slowed. Brazil’s PV demand reached approximately 15 GW in 2025 and is projected to decline slightly to 14 GW in 2026, while still accounting for more than 50% of total Latin American demand. To reduce the fiscal burden, the Brazilian government proposed some regulatory restructuring (Provisional Measure No. 1,304/2025) as part of its energy market reform. The measure plans to impose a spending cap on the Energy Development Account (Conta de Desenvolvimento Energético, CDE) and introduce the Supplementary Resources Charge (Encargo de Complemento de Recursos, ECR), gradually shifting part of the energy transition costs to subsidized consumers. Growth in the heavily subsidy-dependent distributed PV market is projected to slow further from the second half of 2026 through 2027. Even so, thanks to corporate power purchase agreements (CPPAs) supported by the gradual development of utility-scale ground-mounted PV projects and the energy storage market, Brazil’s long-term renewable energy growth outlook remains unchanged, with PV demand still expected to reach 17 GW to 20 GW by 2030. Mexico Mexico was recently considered one of Latin America’s most promising PV markets, but the country’s PV demand has fluctuated notably in recent years due to energy policy shifts and changes in administration. Supported by strong solar resources and its proximity to US supply chains, Mexico continues to see growth in commercial and industrial (C&I) electricity demand, driven by industrial regions in the north and along the US-Mexico border. Corporate renewable power procurement also provides long-term support for the PV market. In contrast, after the previous administration led by President Andrés Manuel López Obrador strengthened the dominant role of the state-owned utility Comisión Federal de Electricidad (CFE), investment in some private renewable energy projects and grid development slowed, constraining the advancement of utility-scale PV projects and limiting energy storage market growth. Mexico also still lacks a comprehensive energy storage market mechanism and regulatory framework. Current applications are mainly concentrated in C&I backup power, small-scale solar-plus-storage systems, and demonstration projects, with large-scale grid-level deployment yet to begin. To improve the investment environment, President Claudia Sheinbaum introduced the revised Electricity Sector Law (Ley del Sector Eléctrico) and related energy reforms in January 2025. While maintaining CFE’s dominant role, the reforms reopened selected private and mixed-investment models and expanded participation opportunities for renewable energy projects. Increased industrial electricity demand and growing corporate renewable electricity procurement continue to support a positive market outlook. On June 5, 2026, Mexico’s CFE announced the results of the first tender under the mixed development schemes (Esquemas Mixtos), covering roughly 7.4 GW (AC) of capacity. Solar accounted for around 6.7 GW (AC), or nearly 90% of the total, indicating the continued push to advance utility-scale PV development. Mexico’s PV demand reached approximately 2.4 GW in 2025 and is projected to increase to 3.5 GW to 5 GW by 2030. Chile Chile is among Latin America’s most mature PV markets. Supported by the exceptional solar resources of the Atacama Desert in northern Chile, utility-scale ground-mounted PV has expanded rapidly. PV demand reached approximately 3.7 GW in 2025 and is projected to increase to 5 GW to 5.5 GW annually by 2030. Given the country’s highly liberalized electricity market and substantial mining-sector power demand, CPPAs and utility-scale power plants have become the primary sources of demand. Chile was an early mover on the policy front, having enacted clean power legislation in 2008 (Law 20.257) to establish a quota system for non-conventional renewable energy (NCRE). In 2013, Chile passed legislation to raise the NCRE (renewables excluding big hydro) generation target to 20% by 2025 (Law 20.698). Since then, the government has continued to advance the phaseout of coal-fired power plants and the country’s 2050 carbon neutrality target, which has driven sustained growth in renewable energy investment. In recent years, an increasing number of utility-scale PV projects have incorporated energy storage systems to mitigate solar curtailment and improve peak–off-peak balancing. Although some regions continue to face transmission congestion and power curtailment, Chile remains one of Latin America’s most advanced PV and energy storage markets, supported by its well-established market mechanisms and energy policies. Colombia Compared with Brazil and Chile, Colombia’s PV market got off to a later start but has more recently seen an uptick in growth. Given the country’s long-standing reliance on hydropower, the government has actively promoted energy diversification in response to a changing climate and frequent water shortages, making solar a key pillar of its energy transition. The market is currently dominated by utility-scale ground-mounted projects, while markets for rooftop PV and energy-communities remain in the early stages of development, offering substantial long-term growth potential. On the policy front, Colombia has continued to attract private investment through renewable energy auctions, tax incentives, and transmission and distribution reforms. The government has proposed restrictions on new oil and gas exploration and accelerated the energy transition, targeting a 50% share of NCRE by 2030 and carbon neutrality by 2050. Colombia’s PV demand reached approximately 2.3 GW in 2025 and is projected to increase to 3 GW to 5 GW by 2030, making it one of Latin America’s faster-growing emerging markets. Notably, compared with more mature markets such as Brazil and Chile, Colombia’s renewable energy penetration remains relatively limited, while grid infrastructure, transmission and distribution capacity, and market mechanisms still require improvement. Energy storage deployment is therefore concentrated in demonstration projects, small-scale grid-support applications, and remote-area microgrids, with a large-scale market yet to take shape. Next phase Together, these four markets account for nearly 80% of total PV demand in Latin America and serve as the primary drivers of regional market development, while other countries continue to advance PV deployment. Notably, Latin American PV demand growth is expected to slow in 2026 due to insufficient grid capacity, delays in transmission and distribution development, and grid connection constraints in several countries, indicating that market expansion has gradually outpaced grid infrastructure development. As renewable energy penetration continues to rise, Latin America’s renewable energy market is transitioning from a phase centered primarily on capacity additions to one focused on grid integration and system optimization. Future growth will increasingly depend on energy storage deployment, upgrades to transmission and distribution infrastructure, and stronger grid dispatch capabilities to support higher levels of renewable energy integration. Over the medium to long term, the region’s fundamental growth drivers – including energy transition policies, corporate renewable electricity procurement, and rising electricity demand – remain intact. As countries continue to strengthen grid infrastructure and refine market mechanisms, Latin America’s renewable energy market is expected to retain solid growth potential and remain a key growth region for global renewable energy investment. About the author Jenny Lin, an associate analyst in InfoLink Consulting’s solar department, focuses on global solar supply chain research with an emphasis on the wafer segment. Her responsibilities include tracking strategic shifts, pricing trends, and utilization rates among manufacturers to deliver market intelligence that supports corporate decision-making. Lin closely monitors emerging solar markets in the Middle East, Latin America, and Africa, conducting research on regional policies, tender progress, and project development. The post PV Progress across Latin America appeared first on pv magazine Global .",full,,rss_full_content,https://www.pv-magazine.com/2026/09/03/pv-progress-across-latin-america/,pv magazine,综合新能源,光伏、氢能、储能,2026-09-03T23:51:30+00:00,零碳产业 > 能量循环 > 能源测 > 发电技术 > 光伏,零碳产业,光伏,"[{""path"":[""零碳产业"",""能量循环"",""能源测"",""发电技术"",""光伏""],""path_text"":""零碳产业 > 能量循环 > 能源测 > 发电技术 > 光伏"",""confidence"":0.92,""reason"":""核心是拉美光伏市场需求、装机与项目发展。""}]",classified,2026-09-04T00:34:41.853850+00:00,glm-5.2,2026-08-14,
"China’s solar capacity hits 1.28 TW, accounts for 31.5% of total power capacity - pv magazine Global",2026-09-03,"Markets & Policy
China’s cumulative solar capacity reached 1.286 TW at the end of July, overtaking coal for the first time and accounting for around 31.5% of total installed power capacity. The milestone comes as the PV sector faces slowing installations, grid-integration constraints and overcapacity, shifting the focus from rapid deployment to reliable electricity supply.
Vincent Shaw
03 Sep 2026
Markets & Policy
Highlights
China’s Great Wall
Solar power has overtaken coal to become China’s largest source of installed generating capacity, marking a historic shift in the power mix of the world’s largest electricity system.
China’s National Energy Administration (NEA) said on Sept. 1 that cumulative PV capacity reached 1.286 TW at the end of July, edging past the country’s 1.285 TW of coal-fired capacity. Solar now accounts for around 31.5% of China’s total installed power capacity, comprising 704 GW of utility-scale PV and 582 GW of distributed solar.
The crossover ends a century-long period in which coal was China’s largest power source by installed capacity, according to the NEA. It follows two earlier milestones: total renewable energy capacity overtook coal in 2023, while combined wind and solar capacity surpassed thermal power in 2025.
China had 4.078 TW of installed generating capacity at the end of July. In addition to PV and coal, wind capacity stood at 687.2 GW, hydropower at 455.5 GW and nuclear at 66.14 GW, according to NEA statistics. The latest separately published figure for biomass, for the end of June, was 47.91 GW. Total thermal capacity, which includes gas and other thermal generation alongside coal, stood at 1.581 TW.
The milestone, however, applies to installed capacity rather than electricity generation.
Solar generated 802.4 TWh of electricity in the first seven months of 2026, up 15.5% year on year and equivalent to around 13% of national electricity consumption. Coal remains far more important in terms of actual output. Coal-fired plants generated about 2.5 PWh in the first half of the year and accounted for 49.7% of total generation.
“This is a milestone event in China’s green and low-carbon energy transition,” said Liu Zhiqiang, deputy director of planning and development at the China Electricity Council (CEC). He cautioned, however, that solar’s intermittency and lower utilization hours mean coal will remain an important source of system support in the near term.
The scale of the transition becomes clearer when compared with China’s power system little more than a decade ago.
Subsequently revised NEA statistics put cumulative PV capacity at just 17.45 GW at the end of 2013. Coal capacity stood at around 790 GW, representing roughly 63% of the country’s generating fleet, while solar accounted for only around 1.4%. Hydropower stood at approximately 280 GW, wind at 75.5 GW and nuclear at 14.6 GW.
China’s PV fleet has therefore expanded almost 74-fold since 2013. Capacity reached 77.4 GW in 2016, passed 130 GW in 2017 and exceeded 250 GW in 2020, before accelerating sharply following China’s 2020 carbon-neutrality pledge. It climbed from 392 GW in 2022 to 609 GW in 2023 and 887 GW in 2024, reaching around 1.2 TW by the end of 2025.
The expansion also has global significance. The International Renewable Energy Agency (IRENA) estimates that worldwide solar capacity reached around 2.4 TW at the end of 2025, meaning China’s 1.2 TW fleet represented approximately half of global installed solar capacity. Solar accounted for about three-quarters of all new renewable capacity added worldwide in 2025.
Yet China’s domestic PV industry is reaching the milestone while undergoing one of its deepest corrections in years.
China installed about 71.8 GW of PV in the first half of 2026, down from 212.2 GW in the same period of 2025, a decline of roughly 66%. Last year’s figure was inflated by a rush to complete projects ahead of the shift toward market-based renewable electricity pricing, but developers are also facing tighter grid-connection conditions and weaker project economics.
Grid integration is becoming another constraint. China’s average PV utilization rate fell to 91.4% in the first half of 2026, from 94% a year earlier, increasing pressure for additional transmission and storage capacity, more flexible generation, and improved electricity market mechanisms.
Manufacturers are simultaneously struggling with excess capacity and weak prices. China Photovoltaic Industry Association data show that polysilicon production fell 9.8% year on year in the first half, while module output declined 35.1%. Wang Bohua, former secretary-general of the association, described the sector as undergoing a “deep adjustment,” but said the slower pace of installations represented a return toward more sustainable growth following the exceptional surge in 2025.
The next stage of China’s solar transition will therefore be less about how many additional gigawatts can be installed than how reliably that capacity can supply electricity when the system needs it. CEC officials have argued that wind and solar have yet to effectively replace conventional generation during critical periods, making storage, grid-forming technologies, stronger transmission networks and more flexible power markets increasingly important.
Solar’s move past coal is consequently both a historic milestone and the beginning of a more difficult phase: converting unprecedented renewable energy capacity into dependable electricity supply.",full,,dom_or_structured_full_text,https://www.pv-magazine.com/2026/09/03/chinas-solar-capacity-hits-1-28-tw-accounts-for-31-5-of-total-power-capacity/,pv magazine,综合新能源,光伏、氢能、储能,2026-09-03T23:51:32+00:00,零碳产业 > 能量循环 > 能源测 > 发电技术 > 光伏,零碳产业,光伏,"[{""path"":[""零碳产业"",""能量循环"",""能源测"",""发电技术"",""光伏""],""path_text"":""零碳产业 > 能量循环 > 能源测 > 发电技术 > 光伏"",""confidence"":0.95,""reason"":""核心事件是中国光伏装机容量超过煤电成为最大电源。""}]",classified,2026-09-04T00:34:49.542638+00:00,glm-5.2,2026-08-14,
Solar reaches new power generation highs in Portugal in August - pv magazine Global,2026-09-03,"Solar power generation in Portugal reached a new peak of approximately 3.85 GW in August, supported by continued growth in installed PV capacity. The country added 372 MW of solar between December 2025 and May 2026 , bringing cumulative capacity to around 7.3 GW. According to Portuguese grid operator Redes Energéticas Nacionais (REN), electricity demand continued to rise in August, increasing 1.2% year on year. Adjusted for temperature and the number of working days, demand rose 2.2%. From January through August, electricity demand increased 3.1% year on year, or 3% after adjustments for temperature and working days. Renewables meet 52% of consumption Solar PV became Portugal’s largest source of electricity generation for the first time in July, according to REN. The technology covered 19% of national electricity consumption, ahead of hydropower at 16%, wind at 13%, and biomass at 5%. In August, renewable energy sources supplied 52% of electricity consumption. Non-renewable generation accounted for 12%, while net imports covered the remaining 36%. Electricity imports also reached a new peak, exceeding 5.2 GW, following the recent reinforcement of interconnection capacity between Portugal and Spain. The increased exchange capacity with the Spanish grid has strengthened Portugal’s ability to rely on imports. Meanwhile, expanding PV capacity enabled solar generation to reach a new peak despite less favorable irradiation conditions. Renewables cover two-thirds of consumption year to date During the first eight months of the year, renewable energy sources covered 66% of Portuguese electricity consumption. Hydropower accounted for 25%, followed by wind at 23%, solar PV at 13%, and biomass at 5%. Natural gas-fired generation supplied 14% of consumption during the period, while net imports accounted for 20%. From January through August, hydropower conditions were particularly favorable, with a productivity index of 1.20. The wind productivity index stood at 0.98, while the solar index was 0.82. Overall, Portugal’s electricity system in August reflected two key developments: continued PV capacity growth, which helped solar reach a new generation peak, and strong use of interconnections with Spain amid relatively weak wind and solar resources. The post Solar reaches new power generation highs in Portugal in August appeared first on pv magazine Global .",full,,rss_full_content,https://www.pv-magazine.com/2026/09/03/solar-reaches-new-power-highs-in-portugal-in-august/,pv magazine,综合新能源,光伏、氢能、储能,2026-09-03T23:51:34+00:00,零碳产业 > 能量循环 > 能源测 > 发电技术 > 光伏,零碳产业,光伏,"[{""path"":[""零碳产业"",""能量循环"",""能源测"",""发电技术"",""光伏""],""path_text"":""零碳产业 > 能量循环 > 能源测 > 发电技术 > 光伏"",""confidence"":0.95,""reason"":""核心事件是葡萄牙光伏发电创新高及装机增长。""}]",classified,2026-09-04T00:34:49.542638+00:00,glm-5.2,2026-08-14,
Scientists turn end-of-life PV silicon into high-value silicon nitride - pv magazine Global,2026-09-03,"Technology & Products
South Korean researchers have developed a method to upcycle silicon recovered from end-of-life PV modules into high-value silicon nitride (Si₃N₄). The process achieved recycled silicon purity of 99.95% through optimized milling, acid etching, and sedimentation before nitridation.
Lior Kahana
03 Sep 2026
Technology & Products
Raw Materials
Si3N4 bearing parts
A South Korean research team has developed a method to upcycle silicon recovered from end-of-life (EoL) PV modules into silicon nitride (Si₃N₄), a high-value ceramic used in the automotive, aerospace, electronics, medical, energy, and manufacturing industries due to its high strength, thermal stability, wear resistance, and electrical insulation properties.
“To the best of our knowledge, this is the first demonstration of converting silicon recovered from actual EoL PV modules into Si₃N₄,” corresponding author Jin-Seok Lee told
pv magazine
. “Rather than simply recovering silicon as a secondary raw material, we aimed to demonstrate a practical pathway for giving recycled silicon a new, higher-value application.”
Lee said the team’s next step is to move from proof-of-concept research toward a practical, scalable recycling and upcycling process.
“We are currently working with Wonkwang S&T, a Korean PV recycling company, to develop mobile PV recycling technology that can process end-of-life PV modules closer to where they are generated,” he said. “Through this approach, we aim to reduce transportation costs by approximately 30% and carbon emissions by more than 10% compared with conventional centralized recycling.”
The researchers used a single end-of-life Suntech STP200-18/Ub module containing 54 polycrystalline silicon cells based on an aluminum back-surface field (Al-BSF) architecture.
After removing the junction box and aluminum frame, they separated the glass from the ethylene-vinyl acetate (EVA)/cell/EVA/backsheet laminate using a hot knife. They then cut the laminate into cell-sized pieces and milled the material at 400 rpm, 600 rpm, or 800 rpm to assess the effects of milling speed on particle agglomeration and impurity removal.
The researchers removed large backsheet fragments and residual EVA using 3 mm and 0.5 mm sieves, respectively. They then combusted the remaining organic materials in air at 600 C for one hour.
The upcycling process | Image: Korea Institute of Energy Research
Particle-size analysis and scanning electron microscopy (SEM) imaging were then used to assess agglomeration. The recovered silicon underwent a two-stage purification process, comprising 20 minutes in 36 wt% hydrochloric acid (HCl) to remove aluminum, copper, tin, and lead, followed by 30 minutes in 36 wt% nitric acid (HNO₃) to dissolve silver. Both treatments were conducted under stirring and ultrasonication.
To remove acid-resistant titanium dioxide (TiO₂) originating from the backsheet, the researchers dispersed 10 g of powder in 1 liter of water for 20 minutes, allowed it to settle for between 5 minutes and 20 minutes, and then removed 800 mL of supernatant. They identified 5 minutes as the optimal settling time.
Following characterization, the highest-purity powder, produced at 400 rpm, was selected for nitridation. Purified and unpurified powders were ball-milled in ethanol for 20 hours to an average particle size of approximately 1 µm. They were then nitrided under a flow of 95% nitrogen and 5% hydrogen, first at 1,350 C for one hour and then at 1,450 C for 10 minutes.
The researchers subsequently used X-ray diffraction (XRD) to calculate silicon conversion and determine the proportions of the alpha and beta crystalline phases of silicon nitride (α-Si₃N₄ and β-Si₃N₄). They used SEM to compare particle morphology and inductively coupled plasma optical emission spectrometry (ICP-OES) to measure the purity of the final ceramic.
“We found that particle agglomeration during milling strongly affects the subsequent removal of metallic impurities,” said Lee. “By controlling the milling conditions and combining stepwise acid etching with a simple sedimentation process, we were able to effectively control both metallic and ceramic impurities in the recovered silicon.”
The researchers found that severe particle agglomeration at 800 rpm resulted in a residual aluminum concentration of 4,290 ppm after HCl etching, compared with just 189 ppm at 400 rpm.
“This clearly showed that optimization of a recycling process cannot be based simply on more intensive milling,” Lee said.
“We were impressed by the effectiveness of the relatively simple sedimentation process,” he added. “In only 5 minutes, 71.4% of the TiO₂ impurity could be removed while maintaining a silicon recovery rate of 92.3%. Most importantly, after controlling these impurities, the recycled silicon reached 99.95% purity, and the resulting Si₃N₄ contained 93.1% α-Si₃N₄. In comparison, Si₃N₄ synthesized from recycled Si without the additional purification process contained only 54.7% α-Si₃N₄. This demonstrated that impurities originating from waste PV modules can directly affect the properties of the final upcycled product.”
The findings are described in the study “
Upcycling silicon recovered from photovoltaic waste into silicon nitride via the field-applicable control of metal and ceramic impurities
,” published in
Materials Today Sustainability
. Researchers from the
Korea Institute of Energy Research
Chungnam National University
participated in the study.",full,,dom_or_structured_full_text,https://www.pv-magazine.com/2026/09/03/scientists-turn-end-of-life-pv-silicon-into-high-value-silicon-nitride/,pv magazine,综合新能源,光伏、氢能、储能,2026-09-03T23:51:36+00:00,零碳产业 > 物质循环 > 资源处理 > 资源回收,零碳产业,资源回收,"[{""path"":[""零碳产业"",""物质循环"",""资源处理"",""资源回收""],""path_text"":""零碳产业 > 物质循环 > 资源处理 > 资源回收"",""confidence"":0.92,""reason"":""核心是将退役光伏组件中的硅回收并高值化再利用。""}]",classified,2026-09-04T00:34:49.542638+00:00,glm-5.2,2026-08-14,
Regulatory hurdles persist in Norway’s battery market - pv magazine Global,2026-09-03,"Markets & Policy
A growing project pipeline and regulatory reviews suggest Norway’s battery market could be reaching a turning point but tariff barriers and limited revenue opportunities currently hold back deployments.
Patrick Jowett
03 Sep 2026
Markets & Policy
Batteries
Energy Storage
Norway’s battery storage market is gaining regulatory momentum but remains constrained by grid access and weak project economics, according to analysis from Norwegian consultancy Multiconsult.
Hassan Gholami, a senior consultant on solar and storage at Multiconsult, told
ESS News
that developments in Norway’s battery storage market this year have pulled in opposite directions.
He explained that the market is beginning to gain positive regulatory attention, with the Norwegian Water Resources and Energy Directorate (NVE) publishing its first dedicated assessment of batteries in the power system in March, alongside a new application guide for battery projects. Since then, Norway’s Ministry of Energy has instructed NVE to review the purpose and need for licensing battery installations, and to identify where the energy regulations need clarifying, by October. The Norwegian Energy Regulatory Authority (RME) is also running a parallel review of battery-related regulations.
“This is the first coordinated regulatory work on storage in Norway and it is the thing to watch this autumn,” Gholami said.
Meanwhile, state-owned transmission system operator Statnett implemented a volume cap on prequalification of regulating objects connected below 110 kV in April. Gholami explained the cap, effectively meaning 66 kV and lower, applies per defined area to FCR and FRR, including aFRR.
“Statnett’s stated reason is observability – most of the sub-110 kV network is not in its network model, so it cannot monitor or manage congestion there,” Gholami explained. “Whatever the intent, the effect lands squarely on the segment where a Norwegian storage business case was starting to form: distribution-connected standalone batteries, hybrid solar-plus-storage and aggregated flexibility.”
He added that double grid tariff exposure, already identified as a central obstacle to Norway’s battery market, also remains unresolved, meaning batteries can pay grid tariffs as a consumer when charging and again as a producer when discharging.
Gholami told
ESS News
that Norway has no comprehensive public register of installed battery energy storage system capacity. “The closest thing to a hard number is prequalified capacity in Statnett’s reserve markets, and that only captures batteries that actually trade,” he said. “It misses behind-the-meter peak shaving, backup installations and the ferry-charging batteries that are Norway’s most established storage use case.”
Based on available data, Norway’s installed battery capacity is smaller than its neighbours. Gholami pointed to a 2025 report prepared for RME which put Norway’s prequalified battery capacity at 13.2 MW in FFR and 2 MW each in FCR-N and FCR-D as of Jun. 1, 2025, compared to more than 600 MW prequalified for FCR in Sweden.
Gholami cited Norway’s hydropower fleet, which supplies around 90% of the country’s electricity, as the structural explanation for low battery numbers.
“Regulated hydropower delivers the balancing that batteries provide elsewhere in Europe, which suppresses day-ahead and intraday volatility and has historically kept Statnett’s balancing costs low,” he explained. “Norway is the one European market where the arbitrage case for storage is weak on fundamentals rather than on policy. That is shifting slowly as balancing costs rise, particularly in mFRR, but it remains the first-order explanation for why Norway lags.”
On the project side, Gholami said a project described as Norway’s largest industrial battery is due for delivery this autumn with commissioning set for October. The 4.9 MW/12.2 MWh system is being supplied by Hitachi Energy to regional utility group Ren Røros, which took an around NOK 60 million ($6.4 million) investment decision on the project in February.
A more substantial pipeline is shaping up around storage projects co-located with solar or wind, Gholami added. Norway’s
largest solar project under development
has been given a license to integrate a 6 MW/12 MWh battery, while the already-operational 7 MW Furuseth solar plant has been approved to add a 5 MW/13.5 MWh battery. Other approvals include a 12.2 MW/22.4 MWh battery for the 94.6 MW Måkaknuten onshore wind farm.
Gholami also noted that Norwegian companies are investing their money and expertise in other Nordic countries. “Hafslund and Cloudberry are building a 48 MWh system in Sweden and Statkraft is optimising large-scale batteries in Finland,” he explained. “The competence exists in Norwegian companies; they are deploying it where the revenue stacks work.”
Looking ahead, Gholami said two variables could change the picture shaping Norway’s battery market in the future, namely NVE’s licensing review and whether the volume caps are relaxed once Statnett improves visibility of the sub-110 kV network.
“If both move constructively, 2027–28 could look materially different,” Gholami said. “If neither does, Norway continues to be the Nordic market where batteries make technical sense here and financial sense somewhere else.”",full,,dom_or_structured_full_text,https://www.pv-magazine.com/2026/09/03/regulatory-hurdles-persist-in-norways-battery-market/,pv magazine,综合新能源,光伏、氢能、储能,2026-09-03T23:51:38+00:00,公共政策与社会治理 > 政策法规 > 监管、标准与合规,公共政策与社会治理,监管、标准与合规,"[{""path"":[""公共政策与社会治理"",""政策法规"",""监管、标准与合规""],""path_text"":""公共政策与社会治理 > 政策法规 > 监管、标准与合规"",""confidence"":0.88,""reason"":""核心事件是挪威电池储能市场的监管审批与许可政策障碍。""}]",classified,2026-09-04T00:34:49.542638+00:00,glm-5.2,2026-08-14,
Chinese inverter and BESS makers stress compliance as US restrictions widen - pv magazine Global,2026-09-03,"Markets & Policy
Chinese suppliers are emphasizing compliance, limited U.S. exposure and geographic diversification as Washington broadens restrictions on power equipment.
Vincent Shaw
03 Sep 2026
Markets & Policy
Energy Storage
Inverters
Residential
United States
CATL’s Yibin factory in Sichuan, China. Battery cells no longer dominate cost trends for BESS installations, with cells and modules accounting for 25% to 45% of total BESS capex in 2026. Larger-format cells and higher capacity racks are also helping to reduce internal system complexity.
Chinese inverter and electrical equipment manufacturers have adopted a largely cautious response to a series of U.S. restrictions introduced since July, with companies seeking to distinguish the immediate impact on existing business from the potentially greater consequences for future products and market access.
U.S. Federal Communications Commission (FCC) on July 28 added certain foreign-produced power inverters to its Covered List
, effectively preventing affected new products from obtaining FCC equipment authorization. The measure targets utility-interactive inverters equipped, or designed to accept components, for remote communication, monitoring or control.
On Aug. 20, however,
the FCC both refined yet widened the measure
, excluding some inverters eligible for the Section 45X advanced manufacturing tax credit, adding wired products (not just wireless) and clarifying that non-grid-interactive products fall outside the restriction.
Washington widened the policy further on Aug. 26,
when President Donald Trump signed Executive Order 14420 declaring a national emergency over foreign supply of bulk-power system equipment
. The order covers equipment used on transmission systems of 69 kV and above, including grid-connected inverters, battery storage systems, transformers and industrial control systems, while excluding local distribution facilities. The Department of Energy has 120 days to develop rules implementing this.
China’s government has responded more forcefully than its manufacturers. The Ministry of Commerce described the FCC action as discriminatory and accused Washington of expanding the concept of national security to interfere with normal trade, warning that China would take countermeasures if the restrictions continued. The Ministry of Foreign Affairs has used similar language, arguing that protectionism would hurt U.S. companies and consumers.
Sungrow provides details
Among manufacturers, Sungrow has offered the most detailed response, reflecting its comparatively larger exposure to the U.S. market, which Chinese disclosures put at roughly 15% to 20% of revenue. In July, the company said its U.S.-bound inverters did not have remote upgrade or remote communication functions and complied with applicable U.S. standards.
Following the FCC decision, Sungrow said existing certified photovoltaic inverters and energy storage systems sold in the United States were unaffected, although new product certification would be constrained.
After the Aug. 26 executive order, however, Sungrow initially adopted a more cautious position, saying it was still studying the measure and could not yet assess its impact.
In a more recent exchange with institutional investors, the company went further, acknowledging that its U.S. business is likely to gradually shrink over the longer term amid persistent geopolitical uncertainty.
Sungrow said it plans to keep the risks associated with the U.S. market under control by shifting more resources toward other regional markets, strengthening innovation and expanding its channel business. The company also said it is not currently considering building manufacturing capacity in the United States, arguing that the competitive environment remains unfavorable for Chinese companies, while local production would offer limited cost advantages and would not necessarily remove concerns among U.S. customers.
At the same time, Sungrow said it does not expect its U.S. business to disappear abruptly. Instead, it is exploring cooperation with overseas companies in areas including components, services and smaller-scale systems. The comments mark a shift from the company’s earlier focus on near-term compliance and the treatment of existing products toward a broader strategy of reducing its structural exposure to the U.S. market while preserving selected commercial opportunities.
Elsewhere
Other inverter suppliers have concentrated on limiting investor concerns. Ginlong Solis said U.S. revenue represented only a single-digit share of its business, while Deye put its U.S. exposure at around 2% to 3%. GoodWe said U.S. sales accounted for less than 2% of 2025 revenue, and Sineng Electric also described its U.S. business as small. Hoymiles, meanwhile, pointed to its limited U.S. exposure and overseas manufacturing footprint.
Electrical equipment makers have taken a similar approach following Executive Order 14420. Jinpan Technology said its products are mainly used in customer-side distribution systems and therefore fall largely outside the bulk-power rules. MingYang Electric said its U.S. products are primarily rated at 34.5 kV or below, also placing them outside the order’s 69 kV threshold.
Taken together, the responses suggest that Chinese suppliers see limited immediate disruption to current shipments, but greater uncertainty around future product approvals, software and remote-access requirements, and long-term U.S. market access. Overseas factories may reduce tariffs and logistics risks, but they do not necessarily resolve restrictions based on equipment authorization, ownership or national-security criteria. The more significant issue may therefore be less about today’s U.S. revenue than whether Chinese suppliers can continue introducing new generations of inverter and grid equipment into the market.",full,,dom_or_structured_full_text,https://www.pv-magazine.com/2026/09/03/chinese-inverter-and-bess-makers-stress-compliance-as-us-restrictions-widen/,pv magazine,综合新能源,光伏、氢能、储能,2026-09-03T23:51:40+00:00,公共政策与社会治理 > 政策法规 > 监管、标准与合规,公共政策与社会治理,监管、标准与合规,"[{""path"":[""公共政策与社会治理"",""政策法规"",""监管、标准与合规""],""path_text"":""公共政策与社会治理 > 政策法规 > 监管、标准与合规"",""confidence"":0.88,""reason"":""核心事件是美国对电力设备扩大限制及中国企业的合规应对。""}]",classified,2026-09-04T00:34:49.542638+00:00,glm-5.2,2026-08-14,
Chinese researchers build 27.39%-efficient inverted perovskite solar cell based on new molecular design - pv magazine Global,2026-09-03,"Research & Development
Chinese researchers have developed a molecular additive that reduces defects in perovskite solar cells, enabling a power conversion efficiency of 27.39%. The approach was also used in bifacial mini-modules with efficiencies above 22% and 99.6% power retention after more than 5,000 hours of continuous operation.
Emiliano Bellini
03 Sep 2026
Research & Development
Cells & modules
A mini perovskite solar module fabricated by the research team using the proposed cell design
A research group in China has fabricated a perovskite solar cell using a new molecular design approach aimed at reducing defects in the perovskite film and increasing device efficiency and stability.
“Rapid film crystallization can generate subtle defects that become concentrated at surfaces, grain boundaries, and buried interfaces,” the research’s lead author, Cong Chen, told
pv magazine
. “Although molecular additives can effectively mitigate these imperfections, their design requires a careful balance: strong interactions favor defect passivation, but excessive molecular packing or the formation of insulating interfacial layers can hinder charge transport.”
“Additive engineering offers a practical strategy to address these challenges by regulating crystallization while simultaneously passivating electronic defects,” he went on to say. “However, effective additives must balance strong defect binding with unhindered charge transport while ideally providing additional protection against environmental stress.”
The proposed molecular design approach is described as a steric-gated dual-site chelation (SGDC) strategy. It consists of a rigid three-dimensional adamantane scaffold bearing two carboxymethyl coordination arms that enable strong chelation of undercoordinated lead ions (Pb²⁺), while sterically regulating local molecular packing.
The scientists used an adamantane-based molecular additive known as ADA-DA, which was designed to passivate defects in perovskite films. Its two carboxymethyl groups can simultaneously coordinate with undercoordinated Pb²⁺, while its rigid three-dimensional adamantane core controls molecular packing and prevents excessive interfacial crowding.
“This combination enables steric-gated dual-site chelation, providing strong defect passivation without hindering charge transport,” Chen said. “Experimental measurements confirmed strong interactions of ADA-DA with both lead and iodide ions.”
The perovskite film resulting from the molecular strategy exhibited larger grains, fewer grain boundaries, and a more compact and smoother morphology, according to the research team. ADA-DA was distributed throughout the perovskite but preferentially accumulated near surfaces and grain boundaries, where defect passivation is most needed. Electrical measurements further confirmed a substantial reduction in both electron and hole trap densities.
The proposed perovskite solar cell was based on an inverted positive-intrinsic-negative (p-i-n) architecture consisting of an indium tin oxide (ITO) substrate, a hole transport layer (HTL) made of nickel oxide (NiOₓ) and a self-assembled monolayer, the perovskite film, a buckminsterfullerene (C60) electron transport layer (ETL), a bathocuproine (BCP) buffer layer, and a silver (Ag) metal contact. The perovskite layer incorporating ADA-DA was deposited using a vacuum-flash crystallization process.
Under standard illumination conditions, the device achieved a power conversion efficiency of 27.39%, compared with 26.24% for a reference cell built without the proposed molecular strategy. The result was verified by an undisclosed independent third-party certification body, the researchers said.
In a further step, the academics scaled up the ADA-DA-modified device from small-area cells to bifacial mini-modules using either transparent ITO or indium zinc oxide (IZO) electrodes on both sides. Under glass/ITO-side illumination, a 13-cell module with an area of 163.93 cm² reached a peak power conversion efficiency of 22.21%, while under IZO-side illumination, a 12-cell module with an area of 151.32 cm² achieved an efficiency of up to 22.33%.
“The bifacial architecture combines high efficiency with transparency and illumination from either side, making it attractive for building-integrated photovoltaics (BIPV),” Chen stated. “More importantly, the 151.32 cm² ADA-DA module maintained nearly constant power output for over 5,000 h under continuous white light-emitting diode (LED) illumination. Its output decreased only from 1,028.5 to 1,024.1 mW, corresponding to 99.6% retention, demonstrating exceptional long-term operational stability.”
Both the cells and modules were described in
“Steric-gated dual-site chelation enables 27.3% efficient perovskite solar cells and ultra-stable 22% bifacial modules”
, published in
. The research team included scientists from
Hebei University of Technology
, Jiaxing Nanhu University, and Tianjin University.",full,,dom_or_structured_full_text,https://www.pv-magazine.com/2026/09/03/chinese-scientists-build-27-39-efficient-inverted-perovskite-solar-cell-based-on-new-molecular-design/,pv magazine,综合新能源,光伏、氢能、储能,2026-09-03T23:51:42+00:00,零碳产业 > 能量循环 > 能源测 > 发电技术 > 光伏,零碳产业,光伏,"[{""path"":[""零碳产业"",""能量循环"",""能源测"",""发电技术"",""光伏""],""path_text"":""零碳产业 > 能量循环 > 能源测 > 发电技术 > 光伏"",""confidence"":0.96,""reason"":""核心成果是新型分子设计实现27.39%效率的钙钛矿太阳能电池。""}]",classified,2026-09-04T00:34:49.542638+00:00,glm-5.2,2026-08-14,
Skyven Technologies’ industrial heat pump achieves COP of 8.0 - pv magazine Global,2026-09-03,"Technology & Products
The milestone builds on the demonstration centre’s coefficient of performance (COP) of 6.5 at the time of commissioning last November. The company told
pv magazine
the result is particularly important for European manufacturers as they can pay up to four times more for steam than those in the US.
Patrick Jowett
03 Sep 2026
Technology & Products
Heat pumps
Skyven’s Arcturus demonstration center
Industrial steam technology specialist Skyven Technologies has announced its Arcturus industrial heat pump demonstration center has achieved a sustained coefficient of performance (COP) of 8.0.
The company, headquartered across Texas and Antwerp, commissioned the demonstration centre in Dallas in
November 2025
The centre had a COP of 6.5 at commissioning, which Skyven said at the time was eight times more efficient than natural gas boilers and six times more efficient than electric boilers and thermal energy storage.
In its latest update, Skyven says reaching the 8.0 COP milestone has been driven by refinements in design, controls and integration and makes the Arcturus about ten times more efficient than a conventional boiler.
The company explains that for customer deployments, it can tailor Arcturus’ performance to match site-specific operating conditions, optimizing COP and temperature lift. Arcturus produces lifts from 38°C up to 185°C, Skyven added, with corresponding COPs ranging from 8.0 to 2.0.
Arun Gupta, Founder and CEO of Skyven Technologies, told
pv magazine
the latest results are critically important for European manufacturers in particular, as they pay roughly four times more for steam than their American counterparts.
“At a COP of 8.0, Arcturus cuts their steam costs by 50% or more, while also reducing exposure to EU ETS allowance prices,” he explained.
Gupta added that under the EU ETS, industrial sites pay for every tonne of CO2 they emit generating steam in conventional boilers. “Arcturus generates the same steam without combustion, removing those tonnes from the site’s obligation and reducing cost exposure,” he continued. “This is increasingly critical as free allocations start to be phased out.”
He also said Skyven is typically able to save European manufacturers between €1 million ($1.16 million) and €5 million on steam in year one using its Energy-as-a-Service (EaaS) model. “These savings go straight to our customers’ bottom line,” Gupta told
pv magazine",full,,dom_or_structured_full_text,https://www.pv-magazine.com/2026/09/03/skyven-technologies-industrial-heat-pump-achieves-cop-of-8-0/,pv magazine,综合新能源,光伏、氢能、储能,2026-09-03T23:51:44+00:00,零碳产业 > 能量循环 > 能源测 > 供热技术 > 热泵,零碳产业,热泵,"[{""path"":[""零碳产业"",""能量循环"",""能源测"",""供热技术"",""热泵""],""path_text"":""零碳产业 > 能量循环 > 能源测 > 供热技术 > 热泵"",""confidence"":0.96,""reason"":""核心事件是工业高温热泵示范中心实现COP 8.0的能效突破。""}]",classified,2026-09-04T00:34:58.071173+00:00,glm-5.2,2026-08-14,
A closer look at Fred. Olsen 1848's load-decoupled modular floating PV system for nearshore applications - pv magazine Global,2026-09-03,"Applications & Installations
In an interview with pv magazine, Fred. Olsen 1848 CTO Geir Grimsrud discussed the company’s Brizo floating PV technology, a modular rope-mesh platform designed to withstand harsh nearshore conditions while simplifying installation and maintenance.
Grimsrud also outlined the system’s testing and validation with DNV and the company’s plans to move the technology toward commercial deployment and compliance with new floating PV standards.
Emiliano Bellini
03 Sep 2026
Applications & Installations
Utility-scale
Fred. Olsen 1848 is focused on deploying PV plants in locations with waves up to seven meters.
Norwegian renewable energy company
Fred. Olsen 1848
has announced that its
Brizo floating PV (FPV) system design
is undergoing testing and validation by Norwegian classification and certification body DNV.
DNV’s validation covers design methodologies, hydrodynamic load assessments based on physical scale-model testing, structural behavior and testing procedures, supporting the technology’s transition from pilot development to commercial deployment.
The system is designed to prevent structural loads from accumulating across the floating array, allowing individual modules to respond relatively independently to nearshore environmental conditions.
“The Brizo design was born out of the need for an FPV solution capable of withstanding environmental loads from wind and waves during tropical storm conditions, while remaining sufficiently cost-efficient for utility-scale projects,” Fred. Olsen 1848 CTO Geir Grimsrud told
pv magazine
“Most conventional FPV technologies consist of floating modules linked together in series,” he said. “However, extensive numerical simulations of such designs under wave conditions showed that compression forces and bending moments can build up, resulting in significant structural stresses. Consequently, we established the principle that the floating modules should not transfer loads between one another, but rather directly to the moorings. This became fundamental to the Brizo design.”
Grimsrud said that utility-scale floating PV plants comprise a large number of components with considerable combined weight, requiring a supporting structure capable of keeping the installation securely positioned and anchored to the seabed.
“Brizo addresses these requirements through a pretensioned fiber-rope mesh that forms the structural foundation of the floating island,” he said. “Fiber ropes combine high load-bearing capacity with low weight and competitive costs, while pretensioning the mesh provides the stiffness and hydrodynamic stability required to maintain the integrity of the installation under offshore environmental loads.”
Schematic of the system
According to the company, the rope-mesh architecture also enables a streamlined installation process. The mooring system can be deployed at the project site in advance, while the floating island is assembled and integrated onshore. The rope mesh, floating modules, walkways and electrical infrastructure can therefore be completed and tested before deployment. The fully assembled structure can then be towed to the project site as an integrated, seaworthy unit, reducing offshore assembly requirements and shortening commissioning times.
Grimsrud said the same structural concept also simplifies operations and maintenance (O&M). “Rather than relying on an extensive network of buoyant personnel walkways, as is common in many conventional FPV systems, Brizo is designed to be serviced using a dedicated O&M catamaran,” he said.
“The vessel provides safe access throughout the installation and supports routine inspection, repair and maintenance activities,” Grimsrud added. “These operations can also be supplemented by remotely operated vehicles (ROVs) and aerial drones where appropriate. Eliminating much of the dedicated floating access infrastructure while maintaining serviceability provides a clearer basis for estimating and controlling O&M costs over the project lifetime.”
System components
In the proposed system configuration, the rope mesh serves as both the main structural element and part of the mooring system, providing four anchoring points for each floater. Through polyethylene (PE) pipes, bridles and surface buoys, the mesh is directly connected to the mooring lines.
“In other words, it provides a direct structural connection between the floaters and the anchors, allowing environmental loads acting on the floaters to be transferred directly to the anchors,” Grimsrud said. “As the mesh is made of rope, it must be installed with a certain level of pretension to maintain stiffness and preserve its geometry under load.”
The mesh provides four anchoring points for all the floaters.
Pretension is provided by the surface buoys during installation, provided that water-level variations at the site are limited. The mooring chain runs through the buoys and over a gypsy wheel. Once the anchors, mooring chains and floating rope mesh are installed, a tensioning tool is applied to each surface buoy to winch in the chain and pull the buoy deeper into the water.
“When the correct pretension is reached, the chain is locked in place, and the draft of the buoy maintains stable pretension across the rope-mesh system,” Grimsrud said.
According to the company, rope locks secure the intersecting rope members to create a stable grid. “Achieving a reliable clamp on a rope is challenging when expensive materials need to be avoided,” Grimsrud said. “The rope lock is manufactured entirely from high-density polyethylene (HDPE) to keep costs down. The challenge with plastic materials is creep, as even relatively small forces acting over time can reduce the clamping force.”
To address this issue, Fred. Olsen 1848 designed the rope lock so that clamping forces remain low under normal operating conditions and increase as loads rise. “During storm conditions, when the forces in the system are high, the clamping forces increase accordingly,” Grimsrud added.
Another key component of the Brizo platform is the floating walkway, which accommodates both DC and AC cabling as well as the string inverters. “The string inverters are located on the floating walkway to provide easy access for plant operators,” Grimsrud said. “At the end of the walkway, there is also a hang-off chute for routing the island’s AC export cable.”
Another key feature is the use of HDPE pipes to stabilize the rope mesh and maintain predefined spacing between the ropes. “The HDPE pipes also spread out the bridle lines, allowing us to reduce the number of mooring lines relative to the number of mesh ropes,” Grimsrud said. “Typically, eight to 10 bridle lines are connected to each mooring line. Spreading these bridle lines introduces compression forces that are absorbed by the pipes.”
According to Grimsrud, the pipes also help mitigate the effects of short-crested waves, which are typically generated by sea breezes. “These small but steep waves can cause mismatch losses on a daily basis,” he said. “The HDPE pipes effectively reflect such waves, reducing their impact and potentially increasing energy production compared with systems without HDPE pipes.”
Fred. Olsen 1848 has also developed a tension buoy that dynamically regulates mooring tension by adjusting the deployed line length as water depths change. The technology is intended for floating solar installations on hydropower reservoirs subject to substantial water-level variations. It combines a buoy-mounted winch with an automated control system to maintain stable station-keeping with limited manual intervention.
The concept has progressed from development and prototyping to field testing at EDP’s Alto Rabagão reservoir in Portugal. “The new design will be installed at the Ramskjær pilot in Norway and at the EDP pilot in the fall of 2026 for field trials during the winter months,” Grimsrud said. “The aim is to have the product qualified and ready for deployment in the first half of 2027.”
Image: Fred. Olsen 1948
Fred. Olsen 1848 tested the Brizo concept at a facility operated by
Norwegian research institute Sintef
under regular and irregular wave conditions, covering a range of wave heights and wavelengths. Based on the results, the company worked with DNV to develop a methodology for combining wave, wind and current loads to determine the resulting mooring and anchor forces.
DNV has been involved in the development and verification of Brizo since the early stages of the design process. A 3 MW Brizo island subsequently received a Statement of Conformity against DNV-RP-0584 for significant wave heights of up to 3.5 meters, wind gusts of up to 65 m/s and currents of 0.38 m/s. The assessment also accounted for an average of 10 cm of marine growth on the floats and ropes. According to Fred. Olsen 1848, the results support the deployment of the system in nearshore environments, as well as on large lakes and reservoirs.
Following the introduction of DNV-ST-C108 and DNV-ST-E309, two FPV-specific standards covering floating structures and mooring and station-keeping systems, respectively, Fred. Olsen 1848 is updating its technical documentation to demonstrate compliance with the new requirements.",full,,dom_or_structured_full_text,https://www.pv-magazine.com/2026/09/03/a-closer-look-at-fred-olsen-1848s-load-decoupled-modular-floating-pv-system-for-nearshore-applications/,pv magazine,综合新能源,光伏、氢能、储能,2026-09-03T23:51:46+00:00,未分类,,,[],unclassified,2026-09-04T00:34:58.071173+00:00,glm-5.2,2026-08-14,
South Korea posts fifth-highest power demand on record - pv magazine Global,2026-09-03,"Markets & Policy
South Korea’s market electricity demand reached 95.3 GW on Aug. 7, the fifth-highest level on record, as the government said combined market and behind-the-meter solar generation met about one-quarter of total daytime demand during the heat wave.
Brian Publicover
03 Sep 2026
Markets & Policy
Energy Storage
Utility-scale
South Korea’s market electricity demand reached 95.3 GW at 3 p.m. (GMT+9) on Aug. 7, the highest level recorded this summer and the fifth-highest on record, the country’s Ministry of Climate, Energy and Environment (MCEE) said in a new analysis report published this week. Record heat drove the peak despite reduced industrial output during the summer vacation period.
The four higher peaks were 97.1 GW on Aug. 20, 2024, 96.0 GW on Aug. 25, 2025, 95.7 GW on July 8, 2025, and 95.6 GW on Aug. 19, 2024. Market demand would have surpassed 100 GW had industrial facilities not reduced operations for the holiday period, the ministry said. Total grid demand would have reached 106.8 GW.
The Korea Meteorological Administration (KMA) said the city of Yangsan reached 42.5 C on Aug. 2, the highest temperature recorded since national observations began in 1904. The national average temperature for the first 10 days of August reached a record 29.1 C, according to KMA data cited by the ministry.
Market demand refers to electricity supplied by generators participating directly in South Korea’s wholesale power market, distinct from total demand, which also includes power-purchase agreements with state utility Korea Electric Power Corp. (Kepco) and behind-the-meter generation not traded on the market. The MCEE said solar power across both categories met approximately 25% of total demand during peak daytime hours.
On Aug. 3, total demand reached 97.1 GW at 3 p.m., with 17.4 GW supplied by non-market solar sources and a further 7.2 GW from solar participating directly in the electricity market, said the ministry.
Moon Yang-taek, director general for power industry policy at the MCEE, said the government will closely monitor weather conditions and power supply through the remainder of the summer as generators begin scheduled maintenance ahead of winter peak demand.
South Korea has selected nine operators to install
128 MW/640 MWh of energy storage systems
across 32 distribution lines in the Honam and Jeju regions, where saturated substation and distribution-line capacity has left new solar projects waiting in interconnection queues. The ministry is targeting roughly 700 MW of distribution-line ESS by 2030, which it says would enable an additional 1 GW of renewable interconnection capacity.
The government has also introduced a non-wires-alternatives compensation scheme that pays ESS operators an amount equivalent to avoided grid construction costs when storage substitutes for new transmission infrastructure, starting with a
pilot project in Jeju
before expanding to mainland projects. The MCEE secured KRW 558.6 billion ($411.5 million) in national budget funds over five years for the broader distributed-grid initiative.",full,,dom_or_structured_full_text,https://www.pv-magazine.com/2026/09/03/south-korea-posts-fifth-highest-power-demand-on-record-amid-heat/,pv magazine,综合新能源,光伏、氢能、储能,2026-09-03T23:51:48+00:00,通用技术 > 通信和运输 > 电网技术 > 其它电网技术,通用技术,其它电网技术,"[{""path"":[""通用技术"",""通信和运输"",""电网技术"",""其它电网技术""],""path_text"":""通用技术 > 通信和运输 > 电网技术 > 其它电网技术"",""confidence"":0.85,""reason"":""核心事件是创纪录的电网峰值负荷与电网建设、配电储能应对。""}]",classified,2026-09-04T00:34:58.071173+00:00,glm-5.2,2026-08-14,
Thin-film tandem solar cells set new world record at 26.7% efficiency,2026-09-03,"Tandem solar cells are emerging as the leading next-generation photovoltaic solution. The technology could help future satellites and space data centers run on ultra-lightweight solar power. In this vein, researchers at the Korea Institute of Energy Research (KIER) have set a new world record for perovskite/CIGS tandem solar cell efficiency, advancing next-generation, high-efficiency thin-film solar technology.KIER achieved a laboratory-measured efficiency of 27.0 percent and an officially certified efficiency of 26.7 percent. Germany’s Fraunhofer Institute for Solar Energy Systems officially certified the result. It is now listed in the U.S. National Laboratory of the Rockies’ Best Research-Cell Efficiencies Chart.The tandem solar cell stacks a perovskite layer over a CIGS layer to capture different sunlight wavelengths simultaneously, creating a light, flexible, and efficient thin-film device.“This achievement is significant in that both cell efficiency and stability can be enhanced by minimizing potential interfacial and optical losses during the integration of perovskite and CIGS. The resulting efficiency was also officially certified by a world-renowned institute and recognized as a world-record performance, underscoring Korea’s technological competitiveness,” said Inyoung Jeong, a senior researcher at KIER, who led the research. Tandem architectureTo overcome the physical efficiency limits of silicon solar panels, scientists stack a top perovskite layer and a bottom copper indium gallium selenide (CIGS) layer to capture different wavelengths of light without adding extra weight. Perovskite and CIGS form an ideal scientific pairing for tandem solar cells because their complementary bandgaps allow them to divide and absorb the solar spectrum with minimal energy loss. The top perovskite layer absorbs high-energy blue and ultraviolet light while allowing longer wavelengths to pass through to the bottom CIGS layer, which efficiently captures the remaining low-energy near-infrared light.Although combining these delicate thin films usually causes damage and blocks light, special protection layers and modified electrodes overcome these assembly issues to maximize power output.The KIER team solved this by inventing an advanced interfacial protection layer and re-engineering the transparent top electrode. This reduced both electrical damage and unwanted light absorption simultaneously, pushing raw laboratory tests up to 27 percent.“The developed technology is expected to increase electricity generation per unit area and thereby expand the potential applications of photovoltaic power generation,” the researchers stated. Surpassing previous recordsThe development shows South Korea’s strong competitiveness in next-generation thin-film solar technology. By reaching 26.7 percent, KIER surpassed the previous record of 26.3 percent set just a year prior by a joint team from Seoul National University and KIST.Reportedly, this 26.7% record applies to small-area laboratory research cells (sub-1 cm²).Earlier, Germany’s Helmholtz-Zentrum Berlin (HZB) and Humboldt-Universität held the world-record efficiency at 25.5 percent for perovskite-CIGS tandem solar cells with an active area of over 1 cm². Formally verified by the European Solar Test Installation (ESTI), this benchmark shows the technical progress in scaling up high-efficiency thin-film architectures beyond sub-centimeter laboratory devices.Thanks to their flexible and lightweight thin-film design, these cells are ideally suited for integration into buildings and vehicles, as well as weight- and space-constrained space applications such as small satellites and orbital data centers.KIER is now working with industry partners to scale these tiny lab samples into large commercial modules.",full,,dom_or_structured_full_text,https://interestingengineering.com/energy/ultra-lightweight-thin-film-tandem-solar-cells,interesting engineering,综合科技,无,2026-09-03T23:51:58+00:00,未分类,,,[],unclassified,2026-09-04T00:34:58.071173+00:00,glm-5.2,2026-08-14,
Dual-molecule method pushes perovskite solar cells to 24.6% efficiency,2026-09-03,"Inverted perovskite solar cells can reach an energy conversion efficiency of 24.6 percent when treated with a new chemical process. The performance marks a clear step up from standard versions of the device. Untreated control cells managed an efficiency of 21.21 percent. Meanwhile, devices prepared using conventional single-chemical treatments reached 23.17 percent. The gains rely on a two-step method using two organic molecules of different sizes and shapes. The process targets structural defects at two distinct depths within the solar material.“The researchers first used the smaller PDAI molecule to fill microscopic voids remaining at grain boundaries and stabilize charge-transport pathways,” said a press release.Filling the internal voidsThe compound travels into the tiny gaps between individual crystal grains. These narrow spaces naturally trap charge carriers if left unsealed. By filling the internal voids, PDAI secures the pathways that electrical charges use to move through the crystal.Next, researchers deposit a second compound called 4TF over the outside of the thin film. In untreated films, bare lead atoms remain exposed on the outer boundary. These uncoordinated atoms create electrical traps that stall the flow of current. The 4TF molecules bind directly to the exposed lead atoms. “This chemically stabilized the surface and facilitated more efficient charge transport,” added the press release.“The researchers also experimentally demonstrated that sequentially applying the two molecules produces complementary effects in defect passivation and surface stabilization, resulting in better performance than using either molecule independently.”These chemical repairs address a fundamental issue in perovskite thin films. When manufacturers produce the films, microscopic flaws form across the surface and along grain boundaries. When sunlight strikes the cell, it generates positive and negative electrical charges. If charges run into these structural flaws, they recombine and cancel each other out. This recombination prevents the charges from reaching the electrodes, which wastes potential electrical power.Different molecular designsFixing these defects has proved difficult in the past. Standard engineering methods relied on just one type of molecular layer to cover the flaws. However, a single compound cannot easily squeeze into tight internal fissures while also binding to wide open surfaces. The two physical environments require different molecular designs.Overcoming this defect problem is an important goal for inverted perovskite devices. Engineers prefer the inverted cell layout because it requires lower processing temperatures during manufacturing. Lower temperatures keep production costs down and make the materials easier to fabricate on high-speed commercial lines. This will help engineers print solar cells on flexible, lightweight sheets instead of rigid glass panels.Suitable for various industriesThe research was carried out through a joint effort in South Korea. Dr. Sungjun Hong from the Korea Institute of Energy Research led the project alongside Professor Young Seok Park from UNIST and Professor Kyung-Koo Lee from Kunsan National University.“This technology provides a key fundamental platform for accelerating the commercialization of high-efficiency, flexible solar cells for applications such as building windows, automotive sunroofs, and portable devices,” concluded Dr. Hong. “We plan to expand its application to a broader range of high-performance next-generation solar cell products and strengthen technological competitiveness in the clean and renewable energy market.”",full,,dom_or_structured_full_text,https://interestingengineering.com/energy/dual-molecule-method-unlocks-solar-cells,interesting engineering,综合科技,无,2026-09-03T23:52:00+00:00,未分类,,,[],unclassified,2026-09-04T00:34:58.071173+00:00,glm-5.2,2026-08-14,
This 3D-printed heatsink can cut cooling size and weight by over 50%,2026-09-03,"Engineers at the Johns Hopkins Applied Physics Laboratory (APL) are developing a new type of heatsink that could help electronics manage short bursts of intense heat while taking up significantly less space and weight.Called SPEAR, the system combines phase-change materials (PCMs) with additive manufacturing to create compact thermal-management systems for applications where size, weight, and available cooling options are tightly constrained.A heatsink that melts to absorb heatTraditional metallic heatsinks absorb heat and transfer it away from an electronic component. SPEAR takes a different approach by using a phase-change material that absorbs and stores heat as it transitions from a solid to a liquid.The principle is similar to ice melting in a drink. The ice absorbs heat as it changes state, helping limit how quickly the surrounding temperature rises. According to APL, this approach can provide substantially greater thermal storage capacity within the same volume. The researchers say a phase-change heatsink can reduce size and weight by more than 50 percent while maintaining the thermal capacity of a conventional design.That could be particularly useful for systems that generate large amounts of heat for relatively short periods but do not have continuous access to cooling. Potential applications include hypersonic vehicles, spacecraft, radio-frequency electronics, transmitters, and interceptors, according to APL mechanical engineer Yoni Ferneau.These systems can face a difficult thermal-management problem. They may need to handle intense heat during a brief operating period while having limited space for conventional cooling hardware.3D printing makes the heatsink in one piecePhase-change heatsinks are traditionally assembled from multiple machined components, but APL researchers realized that additive manufacturing could allow the structure to be produced as a single piece.The SPEAR team designed and 3D-printed its own heatsinks before filling and sealing them with the phase-change material. For testing, the researchers created two SPEAR heatsinks and compared them with a baseline aluminum heatsink. One SPEAR design occupied the same volume as the aluminum version, allowing the team to compare how much additional thermal storage could fit into the same space.The second was designed to provide the same thermal capacity as the aluminum heatsink, allowing the researchers to measure the potential reduction in size and weight. The prototypes were successfully filled, sealed, and tested without leaks. APL then built an integrated test unit that applies heat to multiple heatsinks simultaneously while monitoring their temperatures in real time.The team’s ability to design, manufacture, package, and test the components in-house also allows it to rapidly modify the designs and evaluate their performance.Compact cooling for demanding systemsSPEAR is still a development effort rather than a commercially deployed cooling technology, but its design highlights how additive manufacturing can enable thermal-management approaches that would be difficult to produce using conventional manufacturing.For systems where every gram and cubic centimeter matters, storing heat rather than immediately removing it can provide another way to manage short-duration thermal loads.APL says the technology could ultimately be adapted to different mission requirements, potentially giving engineers a compact alternative for managing heat in systems ranging from spacecraft to high-performance defense electronics.",full,,dom_or_structured_full_text,https://interestingengineering.com/innovation/johns-hopkins-apl-3d-printed-phase-change-heatsink,interesting engineering,综合科技,无,2026-09-03T23:52:02+00:00,零碳产业 > 能量循环 > 能量存储 > 储热 > 其他储热技术,零碳产业,其他储热技术,"[{""path"":[""零碳产业"",""能量循环"",""能量存储"",""储热"",""其他储热技术""],""path_text"":""零碳产业 > 能量循环 > 能量存储 > 储热 > 其他储热技术"",""confidence"":0.72,""reason"":""核心技术是利用相变材料吸收并储存热量的紧凑热管理器件。""}]",classified,2026-09-04T00:34:58.071173+00:00,glm-5.2,2026-08-14,
IBM unveils fastest quantum processor with 25x improved computation speed,2026-09-03,"IBM has unveiled its fastest quantum processor yet, the Nighthawk r2, with over 25 times the number of circuits over its predecessor and containing more than 7,500 gates. With this, IBM has improved the speed of computation on its processor without impacting the scale or accuracy of the system, paving the way for future improvements along its Quantum Roadmap. Quantum computing is the next frontier of computing, promising us computations in seconds that even the fastest supercomputers of today would take years to complete. The dawn of the quantum computing age is expected to help us solve problems of climate change, drug discovery, new material research, clean energy and much more. Much like research universities and startups that are working to build quantum computers, commercial entities like Google and IBM too have set their eyes on building commercial-scale quantum computers. IBM has publicly unveiled its roadmap to build quantum computers with a billion circuits and over 2000 qubits by 2033. An important milestone in this path is a fault-tolerant computer with over 100 million gates running on 200 qubits. The arrival of the Nighthawk r2 with 7,500 gates in 2026 is also part of this roadmap. What is Nighthawk r2? In all the hype about how quick quantum computing is, there is a small bit of a delay in computations that is usually missed out. It lasts just a few microseconds but is a major bottleneck that isn’t spoken about much in the media coverage. This is the conditional reset where the qubits inside the quantum circuit must return to their ground state before the next round of computations can begin. For a full reset, a quantum system has to sit idle for hundreds of microseconds between executions. With the Nighthawk r2, IBM has replaced the conditional reset with a dissipative reset gadget where a high-dynamic-range coupler can draw a programmable qubit to its ground state on demand. This reduces the qubit’s T1, or how long it holds its energy, from 200 microseconds to about 25 nanoseconds. Since each qubit is individually connected to the coupler, each qubit can be individually reset without disturbing its neighboring qubits. This reduces the overall idle time between circuit runs to as little as one microsecond and increases computation speeds to 100,000 circuits per second, which is 25 times faster than its predecessor, the Heron. Faster and more usefulAs scientists have long noted about quantum computing, being fast is not enough. Faster computing also comes with the risk of introducing a large number of errors in the computation, which makes it futile. The higher speed reset in IBM’s new quantum processors has another advantage. It reduces initialization errors by 25x since the system is starting in the ground state every time. The processor also uses square-lattice architecture wherein most qubits are connected to four nearest qubits, an improvement over its predecessors. Nighthawk r2 can use the dissipative reset not hyst between circuits but also during its execution, bringing efficiency gains within the runtime, the company said in a press release. Better circuit throughput also means that Nighthawk can run more workloads within the same allocation, a major win for researchers. IBM also said that the Nighthawk r2 quantum processor is now available on its Quantum Platform.",full,,dom_or_structured_full_text,https://interestingengineering.com/innovation/nighthawk-r2-ibm-quantum-processor-100000-circuits,interesting engineering,综合科技,无,2026-09-03T23:52:04+00:00,AI与智能科技 > 其它智能科技 > 量子信息,AI与智能科技,量子信息,"[{""path"":[""AI与智能科技"",""其它智能科技"",""量子信息""],""path_text"":""AI与智能科技 > 其它智能科技 > 量子信息"",""confidence"":0.97,""reason"":""核心事件是IBM发布性能大幅提升的量子处理器，直接属于量子计算领域。""}]",classified,2026-09-04T00:35:05.877759+00:00,glm-5.2,2026-08-14,
Sentinel nuclear missile program advances to modernize US defenses,2026-09-03,"The U.S. Air Force is moving forward with its LGM-35A Sentinel intercontinental ballistic missile (ICBM) program. Work is underway in digital engineering, missile manufacturing, launch-silo development, and booster integration. This program aims to replace the aging Minuteman III and modernize the land-based part of the U.S. nuclear triad.The program is progressing at several sites in Utah, where Northrop Grumman and Air Force teams are building and testing the infrastructure for the new missile system. The Sentinel is expected to serve the U.S. ICBM force into the 2070s.Digital tools drive Sentinel developmentAt Northrop Grumman’s Roy Innovation Center in Utah, engineers use computer-based engineering tools to speed up development and improve the design of new ICBM features.Digital engineering allows teams to work with detailed virtual models before moving on to building physical systems. This method is combined with manufacturing and integration work at the nearby Promontory site.The Promontory site supports several key parts of the program. These include building a standard launch-silo prototype, making missile cases, and providing facilities to integrate the Sentinel’s boosters.New infrastructure takes shapeModernizing the Sentinel involves more than just the missile. The Air Force is also getting ready to move from the current Minuteman III force and is developing equipment to support operations during the transition.Plans include a new Minuteman missile transporter erector and possibly using the Air Force Repair and Enhancement Program. These steps are meant to keep the current force ready while the new system is prepared for deployment.Air Force Global Strike Command’s Detachment 13 is also contributing operational knowledge. Missile operators and maintainers are giving feedback to help decide how Sentinel will be run and supported.Airmen prepare for the transitionGen. S.L. Davis, commander of Air Force Global Strike Command, said Sentinel would “significantly improve the effectiveness of America’s ICBM force,” helping the country deter any aggressor. “It was good to see the progress on Sentinel firsthand,” he said.“Sentinel is not simply an upgrade to our ICBM mission; it’s a necessary leap forward that improves our capabilities while also improving safety and security. The dedication of our Airmen and industry partners is what will make this critical modernization effort possible.”Chief Master Sgt. Shawn M. Aiello, Air Force Global Strike Command’s command chief, said personnel will be able to use their current skills with the new system. “Sentinel is an evolutionary step in our ICBM capabilities,” Aiello added.“Our maintainers, defenders, command post controllers, our weather Airmen, airfield operations … our Airmen are going to see a newer version of our ground-based strategic capability in Sentinel. It’s great to see the progress made in the last two years with our partnerships.”A decades-long defense effort“In the coming years, Airmen will start seeing pieces and parts of this that will make it very real,” Aiello added. The Air Force expects Sentinel to provide a more effective, safe and secure ICBM capability well into the 2070s.Davis described the project as a broader national-defense effort rather than simply a missile replacement. “What we’re building here is more than just a new missile; we are building the future of national defense. The work being done here in Utah is at the very heart of that effort.”Sentinel remains a central part of the Air Force’s long-term plan to modernize U.S. land-based nuclear forces. The program also supports the Department of War’s policy of delivering peace through strength.",full,,dom_or_structured_full_text,https://interestingengineering.com/military/us-sentinel-nuclear-missile-program-advances,interesting engineering,综合科技,无,2026-09-03T23:52:07+00:00,国防与安全科技 > 国防装备 > 武器与防御系统,国防与安全科技,武器与防御系统,"[{""path"":[""国防与安全科技"",""国防装备"",""武器与防御系统""],""path_text"":""国防与安全科技 > 国防装备 > 武器与防御系统"",""confidence"":0.95,""reason"":""核心是美军Sentinel洲际弹道导弹现代化计划的研发、制造与部署。""}]",classified,2026-09-04T00:35:05.877759+00:00,glm-5.2,2026-08-14,
US fusion reactor stops plasma instability 200 milliseconds in advance,2026-09-03,"Engineers have successfully run five live tests using an automated system to stabilize a fusion reactor in real time. The trials took place at the DIII-D National Fusion Facility in San Diego. The software platform is called PACMAN, which stands for Prediction And Control using MAchiNe learning. During the experiments, the platform handled several difficult control tasks without human intervention. In one test, the system predicted a destructive tearing mode instability 200 milliseconds before it could form. Standard controllers only spot these disturbances after they start. Standard controllers then attempt to suppress the issue, which often degrades reactor performance. PACMAN adjusted the reactor settings early enough to prevent the disturbance altogether. Solving an optimization problemThe software also solved an optimization problem that previously had no single working formula. It coordinated all six of the reactor’s gyrotrons, which are high-power microwave systems that heat the fuel. The program changed mirror angles and adjusted beam power outputs across all six units at the same time. In other trials, a reinforcement-learning model took full control of the heating systems. The platform also forecast sudden bursts of energy at the edge of the fuel.PACMAN divides its workload into four sequential stations. “The whole PACMAN framework typically runs in about 20 milliseconds, and it’s not running once,” explained Andy Rothstein, co-lead author of the paper published in Nuclear Fusion. “It’s running again and again and again. It can see small things happening in the plasma and adjust in a way that a human would never be able to do.”First, the software gathers raw diagnostic readings from the reactor, including temperature, density, and magnetic data. A screening routine then inspects these values, strips out measurement errors, and packages the clean data.Next, specialized machine learning algorithms pull the parameters they need from the package. These models predict what the fuel will do in the immediate future. Finally, downstream controllers convert those predictions into hardware commands, such as firing a heating beam. An output stage resolves any conflicts between separate commands, enforces strict equipment safety boundaries, and routes the signals directly to the reactor.Speeding up experimental workThis assembly line setup solves a major engineering limitation in fusion research. Traditional computer simulations model plasma physics with great precision, but they often take days or months to run. That makes them too slow for live experiments that last only a few minutes. Machine learning models, by contrast, make predictions in fractions of a second.The modular design also speeds up experimental work. Past machine learning projects in fusion were custom-built from scratch, making them difficult to link together. In PACMAN, each model operates as a standalone module. Researchers can modify or replace an algorithm in a matter of days without altering the surrounding software.The trials address a core challenge inside tokamak reactors. These devices use powerful magnetic fields to contain plasma, a superheated gas hotter than the core of the sun. The fuel can develop instabilities within thousandths of a second. Human operators need whole seconds to react, which is far too slow to keep the reaction stable.Human operators still supervise the process. Physicists define the experimental goals, tune the parameters between shots, and rely on hardcoded limits to prevent equipment damage. The creators say the framework can easily move to other tokamak facilities, offering an adaptable control standard for future commercial fusion designs.",full,,dom_or_structured_full_text,https://interestingengineering.com/energy/nuclear-fusion-reactor-prevents-plasma-instability,interesting engineering,综合科技,无,2026-09-03T23:52:09+00:00,零碳产业 > 能量循环 > 能源测 > 发电技术 > 核电,零碳产业,核电,"[{""path"":[""零碳产业"",""能量循环"",""能源测"",""发电技术"",""核电""],""path_text"":""零碳产业 > 能量循环 > 能源测 > 发电技术 > 核电"",""confidence"":0.93,""reason"":""核心事件是核聚变反应堆等离子体不稳定性预测与控制技术的突破。""}]",classified,2026-09-04T00:35:05.877759+00:00,glm-5.2,2026-08-14,
3D-printed foam-filled titanium stays afloat despite cracks,2026-09-03,"A titanium structure that lets water pass through its openings could offer a new approach to building buoys, jetties and floating sensors. Researchers led by RMIT University have developed a foam-filled metal lattice that floats despite damage and outperforms common marine materials at the same overall density.The study describes a 3D-printed framework of hollow, interconnected titanium struts filled with polyurethane foam. Samples remained afloat in freshwater for more than two months, while seawater tests examined corrosion resistance and a prototype buoy’s stability.Making an open metal structure floatMetallic lattices can be light, but their open spaces present a problem: water enters the framework, causing it to sink.The researchers addressed this by filling only the hollow struts with foam, leaving the larger openings available for water to flow through.“By filling only the hollow titanium struts with polyurethane foam, we created a structure that allows water to flow through it while remaining buoyant even after significant cracking and damage,” said Dr. Jordan Noronha, lead researcher on the project.The team developed a measure called skeletal density to predict flotation. Unlike conventional density calculations, which include the lattice’s open spaces, this measure considers only the titanium walls and foam-filled channels that exclude water.If their combined skeletal density is below that of the surrounding liquid, the structure can float even when water occupies its external openings.Strength survives seawater exposureAt the same overall density, the titanium structure was 70% stronger than the stainless steel or high-density polyethylene commonly used in marine applications.Short-term corrosion testing involved immersing the lattice in natural seawater from Melbourne’s Port Phillip Bay. After two weeks, it had lost 0.15% of its mass, while its strength declined by less than 1%.The structure also remained buoyant after cracking, damage at key connections and the fracture of an entire lattice layer. It sank only after severe crushing and compaction.“Tiny, sealed cells in the foam trap gas and prevent water from flooding the hollow struts,” Noronha said.That distributed protection helps explain why damage did not immediately cause sinking. Conventional hollow marine structures, by comparison, can flood rapidly when their walls crack.Prototype points toward larger trialsTo demonstrate the design, the researchers produced a marine buoy that remained stable in a turbulent seawater tank rotated up to 45 degrees. It required no sealed casing, protective coating or additional flotation.Project leader Distinguished Professor Ma Qian said the next steps include making larger demonstration parts and evaluating long-term performance under realistic marine and deep-sea conditions.Those trials will extend beyond the short-term seawater exposure reported so far. The researchers also see potential outside marine infrastructure, including energy absorption, thermal management and vibration control, by changing the material inside the titanium framework.RMIT’s Centre for Additive Manufacturing led the research in collaboration with the Conservatoire National des Arts et Métiers in France. The research was published in the Advanced Materials journal.",full,,dom_or_structured_full_text,https://interestingengineering.com/innovation/researchers-unveil-floating-titanium-lattice-70-stronger-than-steel-at-equal-density,interesting engineering,综合科技,无,2026-09-03T23:52:11+00:00,通用技术 > 材料工程 > 其它先进材料,通用技术,其它先进材料,"[{""path"":[""通用技术"",""材料工程"",""其它先进材料""],""path_text"":""通用技术 > 材料工程 > 其它先进材料"",""confidence"":0.85,""reason"":""核心是3D打印泡沫填充钛点阵结构这一新型功能结构材料及其性能研究。""},{""path"":[""通用技术"",""材料工程"",""强度材料""],""path_text"":""通用技术 > 材料工程 > 强度材料"",""confidence"":0.7,""reason"":""该轻质承载结构以抗损伤、轻量化承载为核心特征，面向海洋工程应用。""}]",classified,2026-09-04T00:35:05.877759+00:00,glm-5.2,2026-08-14,
Salt-water battery uses bleach side reaction to rival lithium power,2026-09-03,"Researchers at the Department of Energy’s Oak Ridge National Laboratory (ORNL) turned an “unwanted” side reaction into the primary driver for saltwater batteries. The team created a safer, cheaper, and higher-performing battery for large-scale grid storage after deciding to embrace a sodium hypochlorite (bleach) side reaction instead of suppressing it.The innovation promises to strengthen the U.S. electric grid by helping utilities manage peak demand, cut energy costs, and maintain reliable power during blackouts.Saltwater spark for grid resilienceA saltwater battery uses a liquid salt-water solution as its electrolyte to transfer sodium ions between electrodes and conduct electricity.These batteries hold the potential to replace lithium-ion components with a safe, abundant, and self-cooling liquid electrolyte that avoids critical material issues. However, relying on a slow oxygen reaction that requires shifting between liquid and gas states adds system complexity, depends on expensive catalysts, and ultimately restricts power output.While working to fix that oxygen process, ORNL postdoctoral researcher Wooseok Go noticed a side reaction occurring beforehand. It produced sodium hypochlorite — plain bleach.Usual battery chemistry treats these rogue side reactions as pests to be suppressed at all costs. Go saw an opportunity.“Why don’t we just make the side reaction the dominant reaction, because it shows higher voltage than the oxygen reaction?” Go asked.  Adding just 5 percent more bleach into the system completely transformed the outcome.The side reaction took center stage. As the entire chlorine-bleach cycle happens purely in liquid form, the phase-change challenge vanished. The need for pricey catalysts disappeared instantly as internal resistance dropped. It depends on a reversible hypochlorite/chloride redox reaction that continuously toggles between chloride and hypochlorite ions during charge and discharge cycles. Operating entirely within the liquid phase, this chlorine process delivers faster electrochemical kinetics and operates at a higher electrical potential than slow oxygen reactions.Moving to this liquid-only chlorine reaction eliminated gas conversion steps, cut internal resistance, removed catalyst requirements, and more than doubled the battery’s peak power to rival lithium-ion performance. This shift yields a highly efficient, stable energy source that delivers rapid power during outages and offers ideal, salt-water-compatible storage for nautical applications.Safer alternative to lithium-ionAlthough heavier and bulkier than lithium-ion cells, salt-water batteries are well-suited for stationary grid storage where physical size is not a limiting factor. These are impractical for smartphones or electric vehicles, but could excel in large-scale applications where low cost, safety, and long operational lifespans outweigh weight considerations.The discovery could reshape how power grids handle extreme demand spikes and blackouts. While giant banks of lithium-ion batteries require energy-intensive liquid cooling systems to prevent catastrophic fires, salt water provides built-in temperature regulation. According to lead researcher Ruhul Amin, accessing this new chemistry is like swapping a family sedan for a sports car. When the grid needs power instantly, the battery responds without flinching.Industry partner Coulomb Technology is already moving to bring the innovation to market. The Tennessee-based startup aims to deploy the technology to back up massive data centers and support utility grids over extended periods. The technology may even hit the high seas, powering ocean-bound cargo ships surrounded by the saltwater that makes the battery tick. Now, researchers are exploring alternative anode metals to streamline manufacturing and enhance safety. The goal is to refine the electrodes to suppress the original, inefficient oxygen reaction further.",full,,dom_or_structured_full_text,https://interestingengineering.com/energy/bleach-reaction-doubles-salt-water-battery-power,interesting engineering,综合科技,无,2026-09-03T23:52:14+00:00,零碳产业 > 能量循环 > 能量存储 > 电化学储能 > 二次电池 > 其它电池体系,零碳产业,其它电池体系,"[{""path"":[""零碳产业"",""能量循环"",""能量存储"",""电化学储能"",""二次电池"",""其它电池体系""],""path_text"":""零碳产业 > 能量循环 > 能量存储 > 电化学储能 > 二次电池 > 其它电池体系"",""confidence"":0.95,""reason"":""核心是利用次氯酸钠副反应的新型盐水电池，属锂钠之外的新型二次电池体系。""}]",classified,2026-09-04T00:35:05.877759+00:00,glm-5.2,2026-08-14,
US Army to procure 30-kW anti drone laser weapon systems,2026-09-03,"The U.S. Army is moving laser weapons toward large-scale deployment, awarding AeroVironment a $464.8 million contract to produce its LOCUST laser systems for counter-drone missions.The contract is for the Army’s Enduring-High Energy Laser (E-HEL) program and will see AeroVironment deliver dozens of LOCUST X3 systems over the next few years. The company describes the award as the first production contract for a directed-energy weapon in U.S. history, marking a shift from experimental laser systems toward an enduring battlefield capability.30-kW laser will target swarms of dronesThe LOCUST X3 is a 30-kilowatt, platform-agnostic laser weapon designed to counter Group 1–3 unmanned aircraft systems. AeroVironment says the system can be integrated onto platforms including the Army’s Joint Light Tactical Vehicle (JLTV), while palletized configurations are also being considered.The company is also evaluating integration with the Infantry Squad Vehicle (ISV). Unlike conventional missiles, a laser weapon does not need to carry an explosive warhead to destroy a target. Instead, it concentrates directed energy onto an object until sufficient damage is inflicted. This can potentially give operators a deep magazine, provided the system has access to electrical power and can maintain the laser on its target.That makes directed energy particularly attractive for countering drones, where forces can face large numbers of relatively inexpensive threats. Using a high-cost interceptor against every low-cost drone can quickly become unsustainable.The E-HEL program builds on the Army’s earlier Multi-Purpose High Energy Laser (AMP-HEL) prototypes. AeroVironment says LOCUST has also undergone counter-drone testing at White Sands Missile Range, demonstrating the system in U.S. airspace.From prototype to productionThe scale of the new award is significant because it moves the technology beyond the demonstration phase. Under the Other Transaction Agreement, AeroVironment will provide the Army with production systems, along with training and ongoing support. The company says the program is intended to provide a scalable and cost-effective layer of air defense against unmanned aircraft. AeroVironment is also preparing to expand its production capacity. The company announced a $30 million investment in its Albuquerque, New Mexico, facility earlier in 2026 to support the ramp-up.The Army’s move comes as drones have become increasingly important on modern battlefields, both as surveillance platforms and as weapons. Their low cost, availability, and ability to operate in large numbers have created demand for defensive systems that can engage multiple threats without exhausting expensive interceptors.Lasers offer one potential answer, although their effectiveness can be affected by factors such as weather, atmospheric conditions, line of sight, and the amount of time required to dwell on a target.AeroVironment’s new contract does not mean laser weapons are replacing conventional air-defense systems. Instead, E-HEL is intended to add another layer to the Army’s defenses, particularly against drone threats.The company says the multi-year award will establish a foundation for sustained production and fielding of directed-energy weapons. If the program delivers as planned, the Army’s transition from high-energy laser prototypes to dozens of operational systems could represent one of the clearest signs yet that laser weapons are moving from battlefield demonstrations toward routine military service.",full,,dom_or_structured_full_text,https://interestingengineering.com/military/us-army-awards-400-million-contract-for-laser-weapons,interesting engineering,综合科技,无,2026-09-03T23:52:16+00:00,国防与安全科技 > 国防装备 > 武器与防御系统,国防与安全科技,武器与防御系统,"[{""path"":[""国防与安全科技"",""国防装备"",""武器与防御系统""],""path_text"":""国防与安全科技 > 国防装备 > 武器与防御系统"",""confidence"":0.96,""reason"":""核心是美军采购30千瓦反无人机定向能激光武器系统。""}]",classified,2026-09-04T00:35:05.877759+00:00,glm-5.2,2026-08-14,
New US factory opens to scale up hydrogen-powered drone production,2026-09-03,"Hydrogen-powered drone manufacturing is expanding across the United States as Heven AeroTech opens a 56,000-square-foot production facility in Winchester, Virginia, establishing its first East Coast site and launching a national manufacturing network.Announced on September 2, the opening builds on the company’s existing manufacturing operations in the Columbia River Gorge. The Virginia facility will support production of its Z1 hydrogen-powered drone while establishing the processes and supply chains needed to expand American-made unmanned aerial systems for defense partners.From boutique production to industrial scaleHeven says the new network is intended to move hydrogen-powered drones beyond small-scale manufacturing, creating a repeatable production model that can be deployed across multiple facilities.“U.S. national security demands a resilient, sovereign technology base capable of scaling beyond prototyping,” said Bentzion Levinson, Founder and CEO of Heven AeroTech. “The launch of Heven AeroTech’s coast-to-coast manufacturing network transitions hydrogen-powered UAS from boutique production to an industrialized, highly repeatable capability, aligning directly with the deployment mandates of our defense partners,” he added. The Winchester operation will serve as the blueprint for a phased expansion across the country. Each planned facility is expected to include hydrogen propulsion manufacturing capabilities. However, the company has not specified how many additional sites it intends to open or where they will be located.Virginia will serve as a production site and support the broader expansion.Virginia facility established within 90 daysThe company said it stood up its first East Coast facility within 90 days, with the opening intended to demonstrate how quickly domestic drone manufacturing capacity can be established.“By standing up our first East Coast facility within 90 days, we are proving that domestic UAS manufacturing can move at tactical speed to meet the immediate and emerging needs of those carrying out critical missions,” said Michael Buscher, President of Heven AeroTech USA.Production at the site will support the company’s flagship Z1 hydrogen-powered drone, which Heven identifies as a Defense Innovation Unit Blue UAS Select platform.Alongside aircraft production, the Virginia operation is establishing manufacturing processes, quality systems, supply chain infrastructure, and operational practices for sustained growth. These functions are central to the company’s stated goal of building a scalable domestic manufacturing network.Expansion plans include research and hiringHeven’s longer-term plans extend beyond aircraft assembly. Its vision for the network includes advanced hydrogen research and development laboratories, automated manufacturing infrastructure, and dedicated areas where technology providers could operate alongside its facilities.Those elements remain part of the company’s long-term vision, rather than capabilities confirmed as operational at the newly opened Virginia site.The company expects the expanding network to create hundreds of jobs nationwide over the coming years. Recruitment is underway as production ramps up, with future hiring focused on manufacturing technicians, aircraft assembly, quality, operations, and supply chain positions.Heven did not provide a production target for the Winchester facility or a detailed timetable for the remaining network rollout. The immediate focus is establishing the Virginia operation as a repeatable model for future sites while supporting its hydrogen-powered drone program.",full,,dom_or_structured_full_text,https://interestingengineering.com/innovation/us-factory-to-scale-up-hydrogen-drones,interesting engineering,综合科技,无,2026-09-03T23:52:21+00:00,通用技术 > 通信和运输 > 航空,通用技术,航空,"[{""path"":[""通用技术"",""通信和运输"",""航空""],""path_text"":""通用技术 > 通信和运输 > 航空"",""confidence"":0.9,""reason"":""核心事件是氢动力无人机新工厂投产以扩大无人机制造规模""}]",classified,2026-09-04T00:35:14.560686+00:00,glm-5.2,2026-08-14,
General Dynamics kit takes 155mm artillery past 31 miles in Army trial,2026-09-03,"General Dynamics says its new Long-Range Precision Guidance Kit (LR-PGK) has successfully guided 155mm artillery projectiles to ranges exceeding 50 kilometers, marking a significant milestone for extended-range precision fires.The demonstration took place at Yuma Proving Ground, where General Dynamics Ordnance and Tactical Systems (GDOTS) used the LR-PGK to guide XM1113 Rocket-Assisted Projectiles. The company says the test makes LR-PGK the first U.S. guidance kit to demonstrate accurate guidance of 155mm cannon artillery beyond 50 kilometers.New guidance kit pushes artillery range furtherAccording to General Dynamics, the test achieved accuracy that significantly exceeded requirements for legacy guidance kits and validated key performance objectives for the LR-PGK and XM1113 programs.The development aims to support the U.S. Army’s emerging requirement for long-range massed cannon fires, while also improving the capabilities of existing 155mm artillery systems.The LR-PGK is designed to be compatible with multiple 155mm projectiles, including the M1128 and next-generation rocket-assisted ammunition. That compatibility could allow the guidance technology to be used across both existing and future artillery platforms rather than requiring an entirely new weapon system.The significance of the demonstration lies in combining extended range with precision. Conventional artillery can cover substantial distances, but increasing range generally makes accurately placing a projectile more challenging. Rocket-assisted projectiles can extend that reach, while a guidance kit can correct the projectile’s flight and improve its accuracy.General Dynamics says the LR-PGK is intended to provide that capability while remaining compatible with a range of existing and emerging artillery systems. Designed for future battlefield conditionsThe company says the LR-PGK uses a modular architecture that can accommodate further upgrades as technology and military requirements evolve. Beyond range and accuracy, GDOTS is also testing the system against operationally relevant threats. The company says the guidance kit has demonstrated resilience in both laboratory and live-fire testing, with additional improvements still under development.The technology is being positioned for the Army’s emerging Mobile Tactical Cannon program, while also offering a potential upgrade path for the military’s existing 39-caliber cannon fleet. Extending the effective capability of existing artillery could offer an alternative to replacing entire fleets. A guidance kit that can work with different projectiles and platforms could allow established systems to benefit from newer precision and range technologies.The demonstration also comes as militaries are placing renewed emphasis on long-range fires. Artillery remains an important component of ground warfare, but the proliferation of precision weapons, drones, electronic warfare, and other battlefield technologies is increasing the pressure to engage targets from greater distances while improving accuracy.The successful test represents another step toward making extended-range precision guidance available for 155mm artillery. The company has not disclosed a production timeline or the number of LR-PGK systems expected to enter service. However, the demonstration suggests that the technology has progressed beyond laboratory development and is being tested against requirements for future Army artillery programs. If adopted, the LR-PGK could give both new and legacy 155mm systems greater reach and precision without requiring a completely new artillery platform.",full,,dom_or_structured_full_text,https://interestingengineering.com/military/general-dynamics-155mm-artillery,interesting engineering,综合科技,无,2026-09-03T23:52:23+00:00,国防与安全科技 > 国防装备 > 武器与防御系统,国防与安全科技,武器与防御系统,"[{""path"":[""国防与安全科技"",""国防装备"",""武器与防御系统""],""path_text"":""国防与安全科技 > 国防装备 > 武器与防御系统"",""confidence"":0.95,""reason"":""核心事件是155毫米火炮精确制导组件的远程试射验证""}]",classified,2026-09-04T00:35:14.560686+00:00,glm-5.2,2026-08-14,
New humanoid robot lets developers build skills for real-world tasks,2026-09-03,"Chinese firm Zeroth has launched Bridge, which it describes as the world’s first AI-native embodied robot, alongside OpenBridge, an open-source ecosystem for embodied intelligence.The Suzhou-based company said the platform is designed to support real-world robot development through an AI-native architecture, compact humanoid form, and open developer interfaces. The first batch of Bridge Geek Edition units is now available for purchase, giving developers access to the company’s latest embodied robotics platform. Zeroth has also introduced the Bridge Builder program, inviting developers worldwide to create and contribute new robot capabilities through the Openbridge ecosystem.Open-source platformFounded in 2024 and headquartered in Suzhou, China, Zeroth develops embodied AI systems, motion-control technologies, and robotic products for consumer and real-world applications. Bridge is the company’s latest effort to bring those technologies into a developer-focused platform.Bridge is a compact humanoid robot designed around an AI-native architecture, alongside OpenBridge, an open-source ecosystem aimed at letting developers build and share capabilities for embodied robots.Standing 34.65 inches (88 centimeters) tall and weighing about 28 pounds (13 kilograms), Bridge is designed as a lightweight, desktop-friendly humanoid. It has 12–16 inches (30–40 cm) arms, two-finger grippers, and a compact form factor intended to make physical AI development more accessible.Unlike conventional robots that rely heavily on fixed, pre-programmed motions, Bridge is designed around an AI-native software and hardware stack. Zeroth says its motion system and developer interfaces support physical interaction and adaptable behaviors rather than limiting the robot to predefined sequences.The robot includes bipedal walking, obstacle avoidance, and a library of human-like movements and choreography. “Engineered with fully proprietary, high-torque actuator modules, Bridge packs serious performance into a frame—capable of everything from dynamic locomotion and backflips to full-body teleoperation,” reads the description of a video the firm posted on YouTube. Developers can also access software development kits (SDKs), open motion-control APIs and motion-capture and virtual-reality integration tools. These interfaces are intended to allow developers to deploy their own algorithms, tune the robot for specific scenarios and create new physical skills.Advancing robot developmentOpenBridge forms the software and community layer around the robot. The open-source ecosystem provides unified development tools, shared training resources, and a public Skill Hub where developers can contribute and share capabilities.The approach is designed to make robot skills more reusable, allowing developers to build on capabilities created by others rather than developing every behavior from scratch.Zeroth is also using the Bridge Builder Program to expand participation in the platform. The first phase will shortlist 500 developers for a co-creation challenge. Of these, 200 will receive complimentary access to Bridge and participate in OpenBridge development. The remaining 300 developers will receive priority purchase access to the Bridge Geek Edition, SDK access, and eligibility for future program opportunities.According to the firm, the combination of an AI-native robot and an open development stack reflects a broader shift in robotics toward platforms where software, rather than hardware alone, determines what a robot can do. It says Bridge is intended to provide developers with an accessible physical platform for experimenting with embodied AI. In contrast, OpenBridge provides the tools and community infrastructure needed to develop, train, and distribute new robotic capabilities.The Bridge Geek Edition is now available for global booking, while Zeroth has also opened its Bridge Builder Program for developers to participate in testing and developing the platform.",full,,dom_or_structured_full_text,https://interestingengineering.com/ai-robotics/humanoid-robot-designed-for-open-robot-development,interesting engineering,综合科技,无,2026-09-03T23:52:25+00:00,AI与智能科技 > 具身智能 > 硬件和控制,AI与智能科技,硬件和控制,"[{""path"":[""AI与智能科技"",""具身智能"",""硬件和控制""],""path_text"":""AI与智能科技 > 具身智能 > 硬件和控制"",""confidence"":0.9,""reason"":""新闻核心是紧凑型人形机器人硬件平台及开发者版发售""},{""path"":[""AI与智能科技"",""具身智能"",""模型和具身操作系统""],""path_text"":""AI与智能科技 > 具身智能 > 模型和具身操作系统"",""confidence"":0.7,""reason"":""配套发布开源具身智能生态OpenBridge用于机器人技能开发""}]",classified,2026-09-04T00:35:14.560686+00:00,glm-5.2,2026-08-14,
Wind assisted propulsion could power large fleet of commercial shipping with new project,2026-09-03,"A new innovation project has been launched to accelerate the adoption of wind propulsion in commercial shipping. Called WINTEGRATE, the project has been launched by Kongsberg Maritime and a consortium of leading Norwegian maritime companies and research institutions.The project will develop technologies and methodologies that integrate Wind Assisted Propulsion Systems (WAPS), such as rotor sails and suction wings, with ship propulsion, power management, routing and control systems. The goal is to maximize fuel savings and emissions reductions while making wind propulsion easier to implement on both existing vessels and newbuilds.Important step toward making wind propulsion a scalable solution“WINTEGRATE represents an important step toward making wind propulsion a practical and scalable solution for commercial shipping,” said VP Technology, Erik Hjortland in Odfjell. “By integrating sail technologies with onboard systems, we can unlock significant emission reductions and strengthen the competitiveness of the Norwegian maritime industry.” While wind propulsion is increasingly recognized as a promising decarbonization technology, its full potential remains limited by insufficient integration with other onboard systems. WINTEGRATE aims to address this challenge through a holistic approach that combines digital technologies, operational optimization and full-scale testing, according to a press release.Wind-assisted shippingBy combining wind propulsion with advanced control, energy management and weather routing systems, the partners aim to significantly increase the emissions-reduction potential of wind-assisted shipping and support the industry’s transition toward low- and zero-emission operations, as per the release. It was also revealed that the project will use demonstration vessels from shipping companies Odfjell SE and Seatrans, providing operational data to validate technologies and support commercial deployment.The consortium includes Kongsberg Maritime (project owner), SINTEF Ocean, SINTEF Digital, Odfjell SE, Seatrans, DNV, StormGeo, OsloMet, Norsepower, bound4blue, Corvus, OMS and DIGICAT.WINTEGRATE is a three-year research and innovation project funded through Norway’s Green Platform initiative. The project focuses on developing integrated solutions for wind-assisted propulsion to accelerate the decarbonization of global shipping. The project has been awarded up to NOK 68 million through Norway’s Green Platform programme, according to Kongsberg Maritime. A modern commercial ship is effectively a complex energy-management platform. Its propulsion system, engines, navigation equipment, weather information, voyage planning and automation systems constantly interact. Wind conditions add another variable to this equation.A vessel equipped with wind-assisted propulsion needs to determine when wind energy is available, how much thrust it can provide, how that affects engine loading and how the vessel should alter its route or speed to make the best use of the available wind.Laboratory simulations can demonstrate what a technology should theoretically achieve. Commercial vessels operating on real routes provide a much harder—and more valuable—test. They can reveal how the technology performs over long voyages, how crews interact with the systems and how wind propulsion affects the broader economics and operation of a vessel.",full,,dom_or_structured_full_text,https://interestingengineering.com/transportation/wind-assisted-propulsion-commercial-shipping,interesting engineering,综合科技,无,2026-09-03T23:52:28+00:00,通用技术 > 通信和运输 > 水路运输,通用技术,水路运输,"[{""path"":[""通用技术"",""通信和运输"",""水路运输""],""path_text"":""通用技术 > 通信和运输 > 水路运输"",""confidence"":0.92,""reason"":""核心是商业航运风力助推推进系统的集成与减排项目""}]",classified,2026-09-04T00:35:14.560686+00:00,glm-5.2,2026-08-14,
AVILOO launches world's largest independent EV battery study,2026-09-03,"An Austria-based company has launched the world’s largest independent study of battery health in used electric vehicles. AVILOO’s new study involves data from used electric vehicles tested via its independent AVILOO FLASH Test. For each model, AVILOO calculates the median State of Health at three mileage milestones – 31,000 miles (50,000 km), 62,000 miles (100,000 km) and 93,000 miles 150,000 km – along with the range expected to cover 99% of vehicles at each point.AVILOO Certified EV Battery Report“The truth in this data is that averages hide a lot. Yes, EV batteries are ageing better than the ‘they wear out fast’ myth suggests – but that’s not the most useful thing this report tells you. What matters is that battery health varies significantly between models, and even more between individual cars of the same model. A gap of ten or fifteen percent in state of health is a real difference in range, in what a car is worth, and in what you can rely on it for. You simply can’t know where your car sits in that range without testing it independently,” said Marcus Berger, CEO of AVILOO.“That’s why we built the AVILOO FLASH Test, and why we’re now publishing this AVILOO Certified EV Battery Report twice a year – to give the whole market, from individual buyers to fleets and insurers, an honest, independent and genuinely global picture of how these batteries perform.”Three-minute diagnostic performed via EV’s OBD portAVILOO’s FLASH Test, an independent, three-minute diagnostic performed via the vehicle’s OBD port, is designed to answer that question for each individual used vehicle, rather than relying on an average across the model: a battery health certificate that gives consumers, dealers, fleet operators, insurers and lenders a trusted, independent number to work from, rather than the reading provided by the car’s own dashboard, according to a press release.That independence matters to consumers and trade buyers alike – fleet managers, remarketers and insurers – who need a consistent, comparable measure of battery health across makes and models, rather than a figure that can vary depending on how a manufacturer’s software chooses to report it.The study is based entirely on AVILOO Certified EVs – used cars whose real battery condition is a documented fact rather than a guess.AVILOO revealed that the study’s current edition covers more than 500,000 independent tests on AVILOO Certified vehicles from 2022 to 2026 across 20 popular EV models, part of AVILOO’s global database of over 1 million tests.The data spans North and South America, Europe, Australia and Asia, capturing how different climates affect battery health and charging performance. Battery health varies significantly between models, and even more between individual cars of the same model – independently testing your own EV, rather than relying on its dashboard reading, is the only way to really know its condition.State of Health (SoH), the percentage of a battery’s original capacity that remains, can vary by up to 13.5% between the best and worst-performing examples of the same model.The battery tests underpinning the report are AVILOO’s independent FLASH Tests which calculates battery health using trained models rather than relying on a vehicle’s own dashboard reports. Smaller-battery EVs, which need more frequent charging cycles to cover the same distance, tend to show faster degradation than larger-battery modelsThis summer, AVILOO also launched its Battery Warranty across Europe, giving buyers of used EVs a financially backed guarantee on battery health.",full,,dom_or_structured_full_text,https://interestingengineering.com/transportation/world-largest-independent-ev-battery-study,interesting engineering,综合科技,无,2026-09-03T23:52:30+00:00,零碳产业 > 能量循环 > 能量存储 > 电化学储能 > 二次电池 > 锂电池,零碳产业,锂电池,"[{""path"":[""零碳产业"",""能量循环"",""能量存储"",""电化学储能"",""二次电池"",""锂电池""],""path_text"":""零碳产业 > 能量循环 > 能量存储 > 电化学储能 > 二次电池 > 锂电池"",""confidence"":0.75,""reason"":""研究核心是电动车锂离子电池的健康度衰减与性能表现""}]",classified,2026-09-04T00:35:14.560686+00:00,glm-5.2,2026-08-14,
Solid-state battery hits 381 Wh/kg as Taiwan mass production begins,2026-09-03,"ProLogium Technology has started mass production of its Gen 3.5 Lithium Ceramic Battery in Taiwan, putting an all-solid-state battery design with high energy density into Giga-level manufacturing.A third-party test by TÜV found that ProLogium’s 185.4 Ah large-format cell reached 381 Wh/kg of gravimetric energy density and 903 Wh/L of volumetric energy density. In simple terms, the cell can store more energy for its weight and size, an advantage for electric vehicles and other applications where battery space is limited.The cell also passed a separate test by UL Solutions under China’s GB/T 43568-2026 methodology for all-solid-state batteries. After six hours under vacuum at 120 degrees Celsius, the cell recorded less than 0.05% weight loss, compared with the standard’s maximum threshold of 0.5%.That result allows the cell to be classified as all-solid-state under the Chinese standard. GB/T 43568-2026 has also been submitted to the International Electrotechnical Commission as a reference for international standardization.Battery numbers meet factory scaleThe bigger development is not just the cell’s performance figures but the manufacturing scale behind them. ProLogium says its Gen 3.5 battery is now in mass production at its Giga-level facility in Taiwan, moving the technology beyond laboratory and pilot-line production.The company’s Lithium Ceramic Battery platform has been developed since 2012. ProLogium began commercial production in 2013 and says it has since shipped more than 2.4 million cells for consumer, specialty and automotive applications.Its manufacturing process has also evolved in stages. A Sheet-by-Sheet production line began commercial operation in 2013, followed by a Roll-to-Roll line in 2017. The company’s third-generation Giga-level manufacturing platform entered operation in 2024.That progression is important because solid-state batteries have faced a difficult transition from promising laboratory cells to reliable, high-volume manufacturing. ProLogium’s approach is to carry manufacturing knowledge, equipment, and process improvements from one battery generation to the next instead of starting over at each stage.Same architecture, new chemistryAt the center of the platform is ProLogium’s Logithium cell architecture. It uses a ceramic separator and an edge-frame structure that extends around the electrode perimeter to help isolate potential burrs while providing sealing and insulation.The architecture has remained in place as ProLogium has changed electrolyte chemistry and active materials. The company says this allows new battery generations to use much of the existing manufacturing foundation.That strategy will be tested further with Gen 4, which uses a fully inorganic superfluidized electrolyte while retaining the same Logithium architecture and manufacturing process. ProLogium expects only about 10% of its existing Giga-level production line and related equipment to require modification for Gen 4 production.Gen 4 is also designed to add an Active Safety Mechanism intended to prevent thermal runaway by stabilizing electrode active materials at high temperatures. The company is targeting applications including electric vehicles, maritime systems, aerospace, unmanned systems and data centers.ProLogium is also building a manufacturing strategy beyond Taiwan, with France planned for scaled production and North America targeted for phased localization. The company says the model could use battery inlays produced at scale in France or Taiwan before downstream partners assemble them into cells, modules and packs closer to customers.For now, the Gen 3.5 production milestone puts ProLogium’s solid-state battery technology on a manufacturing line rather than leaving it at the prototype stage.",full,,dom_or_structured_full_text,https://interestingengineering.com/energy/prologium-solid-state-battery-mass-production-381-wh-kg,interesting engineering,综合科技,无,2026-09-03T23:52:32+00:00,零碳产业 > 能量循环 > 能量存储 > 电化学储能 > 二次电池 > 锂电池,零碳产业,锂电池,"[{""path"":[""零碳产业"",""能量循环"",""能量存储"",""电化学储能"",""二次电池"",""锂电池""],""path_text"":""零碳产业 > 能量循环 > 能量存储 > 电化学储能 > 二次电池 > 锂电池"",""confidence"":0.95,""reason"":""核心事件是全固态锂陶瓷电池量产并达到高能量密度指标""}]",classified,2026-09-04T00:35:14.560686+00:00,glm-5.2,2026-08-14,
"Hydrogen-hybrid ship cuts fuel use 24% over 8,500 nautical miles",2026-09-03,"Newlight has completed an 8,500-nautical-mile commercial voyage using its hydrogen-hybrid system aboard a Lomar Shipping bulk carrier. The voyage produced a 24 percent reduction in fuel consumption, according to measurements released by the maritime energy company.The 199-meter vessel traveled from Singapore to Ghana with the retrofit system installed on its existing diesel engine. Newlight also reported a 28 percent reduction in CO₂ emissions and a 22 percent decrease in carbon monoxide emissions during the voyage.The results give the technology its first extended commercial test at sea. Newlight now says it has agreements covering 12 vessels across several shipping companies.Hydrogen joins existing enginesNewlight designed the system as an add-on for conventional marine diesel engines. It introduces a controlled amount of hydrogen into the combustion process.A real-time controller adjusts hydrogen delivery as engine conditions change. It accounts for factors such as load and engine speed during operation.That control system aims to extract more useful energy from each combustion cycle. Operators can also continue using diesel when hydrogen supplies are unavailable.The approach could matter for shipowners facing expensive fleet upgrades. Replacing large commercial vessels with alternative-fuel ships can require years of planning and significant capital.Newlight says its retrofit can go onto an operating vessel within one to two weeks. The installation does not require a drydock, according to the company.Commercial potentialThe reported fuel savings could translate into substantial operating benefits for large vessels. Newlight projects annual savings of roughly $500,000 for similar ships.The company also estimates a technology payback period below 18 months. Those figures could make efficiency retrofits attractive as marine fuel costs and emissions requirements rise.The voyage involved a 57,038-DWT bulk carrier, giving the system a test under real commercial operating conditions. That distinction separates the deployment from shorter demonstrations or controlled engine tests.Newlight’s commercial pipeline now includes 12 vessels. Broader fleet deployments are planned for next year. The company also received regulatory approval for its system from RINA. The classification society named Newlight the winner of its Hydrogen Innovation Award.Shipowners seek lower emissionsShipping remains heavily dependent on liquid fuels, creating a difficult transition for operators with existing fleets. The industry moves more than 80 percent of global trade by volume.Fuel can also represent roughly half of a vessel’s operating expenses. That makes even modest efficiency gains financially significant across long voyages.Newlight’s results suggest hydrogen could serve as an efficiency tool without replacing an entire propulsion system. The technology keeps the existing diesel engine at the center of the vessel’s operation.That could offer shipowners another route toward lower fuel use and emissions. It also avoids waiting for alternative-fuel infrastructure to reach every major shipping route.The company now faces a larger test as deployments expand beyond a single vessel. Sustaining the reported performance across different ships, engines, routes and operating conditions will determine how far the retrofit can scale.",full,,dom_or_structured_full_text,https://interestingengineering.com/energy/hydrogen-hybrid-retrofit-newlight-voyage,interesting engineering,综合科技,无,2026-09-03T23:52:34+00:00,通用技术 > 通信和运输 > 水路运输,通用技术,水路运输,"[{""path"":[""通用技术"",""通信和运输"",""水路运输""],""path_text"":""通用技术 > 通信和运输 > 水路运输"",""confidence"":0.93,""reason"":""氢混合动力系统在商船上的实船应用与减排效果，核心是航运低碳技术。""},{""path"":[""零碳产业"",""能量循环"",""能量存储"",""化学能"",""氢基能源""],""path_text"":""零碳产业 > 能量循环 > 能量存储 > 化学能 > 氢基能源"",""confidence"":0.75,""reason"":""系统核心是向船用柴油机掺氢燃烧的氢能应用技术。""}]",classified,2026-09-04T00:35:23.134149+00:00,glm-5.2,2026-08-14,
New marine battery uses immersion cooling to prevent fire spread,2026-09-03,"Taiwanese battery maker XING Mobility has unveiled a marine battery system that uses liquid cooling to keep individual battery cells safer while delivering high power for electric vessels. The firm introduced its IMMERSIO CTP system at SMM Hamburg 2026, positioning it for ships that need compact, high-performance energy storage.The system uses an immersion-cooling design in which every battery cell is submerged in a dielectric coolant. The liquid does not conduct electricity while drawing heat directly away from the cells. This approach is designed to control heat buildup during demanding operation and reduce the risk of thermal runaway spreading from one cell to another.XING says the cell-to-pack architecture can deliver up to twice the energy density of conventional marine batteries. Higher energy density means more stored energy can fit into the same amount of space, potentially leaving more room on a vessel for passengers, cargo or additional range.The battery is also designed to provide continuous 3C power, supporting the high-rate discharge and rapid charging needed by fast-transit vessels. Its dimensions and capacity can be scaled for different hull sizes, which XING says could reduce the engineering work required to adapt battery systems to different electric ships.Liquid cooling tackles heatThermal management is a major engineering challenge for lithium-ion batteries, particularly when cells are repeatedly charged and discharged at high rates. Heat can affect performance and, in severe cases, trigger thermal runaway, a chain reaction in which a battery cell rapidly overheats and can ignite.With IMMERSIO CTP, the coolant surrounds each cell rather than relying on cooling components positioned around groups of cells. XING says this direct contact helps remove heat at the source while actively suppressing thermal runaway and preventing fire propagation between cells.The architecture also combines cooling, safety and packaging in a cell-to-pack configuration. By removing some intermediate structures found in conventional battery packs, cell-to-pack designs can increase the proportion of a pack occupied by active battery material.For marine applications, that packaging advantage can be significant. Battery systems compete for limited onboard space with propulsion equipment, fuel systems, passenger areas and cargo. A more compact battery can therefore provide practical benefits beyond simply increasing energy density.From prototypes to watersXING is not presenting the marine system as laboratory-only technology. Its immersion-cooled batteries are already being used in vessels, according to the company.The zero-emission Porrima P111, launched in Taiwan, uses an IMMERSIO battery system and has operated in open-ocean conditions. XING also says an IMMERSIO system has been integrated into a new vessel from Austrian electric-boat specialist Smart IQ, with commissioning and system-integration testing completed in April 2026.The company says the new marine-ready IMMERSIO CTP builds on technology it has developed for other demanding applications, including commercial vehicles, agricultural machinery and energy storage.XING began with battery development for Taiwan’s MISS R electric supercar and later expanded its immersion-cooling technology. In 2024, it established what it describes as the world’s first mass-production facility for immersion-cooled battery systems.The company is now targeting maritime electrification, where batteries must deliver high power in a confined space while meeting strict safety requirements. By combining direct liquid cooling with a compact cell-to-pack design, IMMERSIO CTP is aimed at making electric vessels more practical without sacrificing power or safety.",full,,dom_or_structured_full_text,https://interestingengineering.com/energy/immersion-cooled-marine-battery-twice-energy-density,interesting engineering,综合科技,无,2026-09-03T23:52:37+00:00,零碳产业 > 能量循环 > 能量存储 > 电化学储能 > 二次电池 > 锂电池,零碳产业,锂电池,"[{""path"":[""零碳产业"",""能量循环"",""能量存储"",""电化学储能"",""二次电池"",""锂电池""],""path_text"":""零碳产业 > 能量循环 > 能量存储 > 电化学储能 > 二次电池 > 锂电池"",""confidence"":0.92,""reason"":""新闻核心是浸没式冷却锂电船用电池系统的安全与性能。""},{""path"":[""通用技术"",""通信和运输"",""水路运输""],""path_text"":""通用技术 > 通信和运输 > 水路运输"",""confidence"":0.7,""reason"":""该电池系统面向船舶电动化应用。""}]",classified,2026-09-04T00:35:23.134149+00:00,glm-5.2,2026-08-14,
"Single mobile battery hub hits 1 GWh across 33,600 charging runs",2026-09-03,"A single Xos Hub has delivered more than one gigawatt-hour of electricity during field operations, according to Xos, Inc. The mobile charging unit reached 1,020,143.6 kilowatt-hours after entering heavy-duty service in early 2025. Xos says the result offers a long-term look at how its storage system performs under repeated charging demands. The milestone arrives as U.S. demand for energy storage continues to rise. The country added a record 18.9 GW of energy storage capacity in 2025, according to Wood Mackenzie and the American Clean Power Association.Grid access remains a major hurdle for new power projects. About 2,061 GW of generation and storage capacity currently sit in U.S. interconnection queues, according to Lawrence Berkeley National Laboratory.One hub, 33,600 sessionsThe system averaged between 1,800 and 2,000 kWh of delivered energy each day. It reached that figure through more than 33,600 charging sessions.Those numbers point to sustained utilization rather than occasional demonstration runs. The Hub has operated near continuously during its heavy-duty deployment.That operating history gives engineers another metric beyond the unit’s rated specifications. Energy throughput can reveal how a storage system behaves after repeated use.Battery health also matters when equipment operates as an energy asset. Degradation can affect output, operating costs, and the useful life of a deployed system.Xos has used the Hub across different operating environments in the United States. Deployments have included cold Northeast winters and extreme Arizona summer conditions.The equipment has supported electric trucks, passenger vehicles, buses, and autonomous vehicles. Its applications have also included fleet operations and disaster-response scenarios.Mobile power skips delaysThe Hub’s grid-independent design addresses a practical problem facing U.S. electrification projects. New generation and storage projects can spend years waiting for grid interconnection.LBNL says a typical project now takes more than five years to reach commercial operation. Mobile storage can provide power without waiting for the same utility-scale infrastructure upgrades.That capability could prove useful for fleets that need charging capacity before permanent infrastructure arrives. It also creates a potential option for temporary power during emergency deployments.The 1 GWh milestone adds operating data to that proposition. A storage system must deliver energy repeatedly if customers expect it to support commercial operations.Xos has also expanded the platform beyond its original configuration. The company introduced its megawatt-scale Power Hub and has increased its utility deployments.Its connected Hub fleet has now delivered more than 5 GWh in the field. That broader figure provides performance data from multiple deployments and operating environments.Xos CEO Dakota Semler said the single-unit milestone provides multi-year operating data. He described that experience as a foundation for expanding into new products and markets.The company has also entered the defense market as it broadens the Hub’s potential applications. Utility projects add another path for mobile energy storage.Reaching 1 GWh does not establish every aspect of long-term battery performance. It does provide a substantial field dataset from equipment operating under real charging loads. The next test will be whether that performance holds across larger systems and new markets.",full,,dom_or_structured_full_text,https://interestingengineering.com/energy/xos-hub-1-gwh-mobile-energy-storage,interesting engineering,综合科技,无,2026-09-03T23:52:39+00:00,零碳产业 > 能量循环 > 能量存储 > 电化学储能 > 二次电池 > 锂电池,零碳产业,锂电池,"[{""path"":[""零碳产业"",""能量循环"",""能量存储"",""电化学储能"",""二次电池"",""锂电池""],""path_text"":""零碳产业 > 能量循环 > 能量存储 > 电化学储能 > 二次电池 > 锂电池"",""confidence"":0.88,""reason"":""核心是移动式电池储能充电枢纽的长期运行数据。""},{""path"":[""通用技术"",""通信和运输"",""陆路运输""],""path_text"":""通用技术 > 通信和运输 > 陆路运输"",""confidence"":0.65,""reason"":""该充电枢纽服务于重型电动卡车的补能应用。""}]",classified,2026-09-04T00:35:23.134149+00:00,glm-5.2,2026-08-14,
Helogen is taking medical manufacturing to space with two new missions,2026-09-03,"Helogen is preparing two missions in October 2026 that it says will advance commercial manufacturing in orbit while beginning a regulatory pathway for biomaterials intended for medical applications.The company is developing autonomous factories in space and plans to use the upcoming missions to manufacture materials for artificial retinas and orthopedic applications. The flights will also generate data that Helogen intends to use as it works toward Good Manufacturing Practice (GMP) compliance and eventual U.S. Food and Drug Administration (FDA) review.Turning microgravity into a manufacturing advantageHelogen says its approach is based on the unusual manufacturing environment created by microgravity. On Earth, gravity can influence how cells, proteins, and other biological structures organize as they grow. With those forces greatly reduced in orbit, some materials may form in ways that are difficult to reproduce terrestrially.The company’s HEL-IOS platform is designed to automate this process. The orbital system combines cell and tissue cultivation, fluid and media management, environmental control, processing, separation, harvesting, and quality monitoring in a closed-loop system.Helogen also uses CELS, an autonomous analysis system that the company says won NASA’s 2025 TechLeap Prize. CELS uses imaging, spectroscopy, and sequencing to characterize biological production in real time, allowing the company to monitor the manufacturing process with limited human intervention.The October missions will put this architecture to work for commercial customers. One flight will manufacture material for LambdaVision, which is developing a protein-based artificial retina. The mission will be the first time Helogen takes this manufacturing work beyond the International Space Station, building on LambdaVision’s previous microgravity experiments.The second mission will produce Helogen’s proprietary biomaterials for orthopedic repair, including potential knee and shoulder applications. The company says the flights will generate mechanical, structural, and quality data that can be compared with terrestrial alternatives.First steps toward regulated space manufacturingPerhaps the more ambitious part of the October campaign is regulatory. Helogen says the missions will test whether its orbital manufacturing process can satisfy requirements associated with terrestrial GMP production, including bioburden control, material recovery, process consistency, traceability, and documented quality systems.At the same time, the company says it is beginning work toward FDA oversight of its own proprietary materials manufactured in orbit. Data from the missions are expected to help establish the testing and documentation needed for future regulatory submissions.That does not mean the resulting materials are already approved for human use. Rather, Helogen is attempting to establish the manufacturing and quality framework that could eventually allow space-produced biomaterials to enter regulated medical applications.The missions will fly as rideshare payloads, with Helogen working with D-Orbit on one of the launches. The company says the October flights are the first in a planned series of eight missions over the next year, with each intended to validate production, retire technical risks, and build manufacturing data.Helogen ultimately wants to move beyond individual experiments toward an autonomous manufacturing hub in orbit. Its longer-term plans include developing the high-power, thermal-management, and orbital infrastructure required to operate manufacturing systems at much larger scales. The company says it has raised $7.1 million to date and is now preparing for a Series A financing round as it increases its flight cadence.",full,,dom_or_structured_full_text,https://interestingengineering.com/space/helogen-medical-manufacturing-to-space,interesting engineering,综合科技,无,2026-09-03T23:52:41+00:00,通用技术 > 通信和运输 > 航天,通用技术,航天,"[{""path"":[""通用技术"",""通信和运输"",""航天""],""path_text"":""通用技术 > 通信和运输 > 航天"",""confidence"":0.85,""reason"":""核心事件是轨道自主太空制造平台与商业航天任务。""},{""path"":[""生命科学与健康"",""生物医药"",""药物研发与产业""],""path_text"":""生命科学与健康 > 生物医药 > 药物研发与产业"",""confidence"":0.7,""reason"":""微重力制造人工视网膜和骨科生物材料并推进FDA监管路径。""}]",classified,2026-09-04T00:35:23.134149+00:00,glm-5.2,2026-08-14,
China-built 240m battery-hybrid LNG ferries land major equipment deal,2026-09-03,"Two new 240-meter battery-hybrid LNG ferries being built in China for TT-Line will receive a major cargo-handling equipment package for their Baltic Sea operations.MacGregor has signed contracts with China Merchants Jinling Shipyard to supply comprehensive roll-on/roll-off equipment for the two vessels, marking one of its most extensive scopes for roll-on/roll-off passenger ferries to date.The vessels will carry freight and passengers on Baltic Sea routes connecting Sweden, Germany, Poland and Lithuania. Each will have 5,400 lane meters of cargo capacity and accommodation for up to 1,000 people.They are part of TT-Line’s Green Ship 2.0 program, which is designed to increase transport capacity while improving energy efficiency and reducing the environmental impact of ferry operations.The vessels will use LNG-hybrid propulsion supported by an onboard battery energy storage system with between 5.5 and 10 megawatt-hours of capacity, according to TT-Line. The system can be expanded in the future as the ships move toward greater electrification.The contracts cover several roll-on/roll-off equipment systems for each vessel. Roll-on/roll-off technology allows wheeled cargo such as trucks and trailers to be driven directly onto and off a ship, making efficient loading and unloading important for vessels handling both freight and passengers.More cargo, faster turnaroundsThe new ferries are designed to handle substantial freight volumes across the Baltic while also carrying passengers. Their large cargo decks will give TT-Line more room for wheeled freight on each sailing.The battery system adds another layer to the vessels’ design. TT-Line says it will enable silent and emission-free operation during port stays and maneuvering. Enhanced shore-power connections will also support high-capacity battery charging while the vessels are in port.The hybrid system combines battery storage with LNG propulsion and power-management technology. TT-Line says the arrangement is designed to optimise energy consumption, reduce peak loads and give the vessels greater operational flexibility. The ships are also designed for fully electric operation in the future.“Our Green Ship 2.0 program is a cornerstone of TT-Line’s commitment to sustainable, high-efficiency transport across the Baltic Sea,” says Bernhard Termühlen, Managing Director at TT-Line. “Equipping these vessels with high-performance, reliable cargo handling systems is essential for optimising our port turnarounds and delivering high service standards for our freight and passenger customers. We value MacGregor’s technical expertise and shared dedication to continuous improvement as we work together to set new environmental standards in ferry transport.”Engineering for faster portsThe first vessel is expected to enter service on the Baltic Sea before summer 2030, according to TT-Line.MacGregor says the order is one of its most extensive roll-on/roll-off passenger ferry scopes to date. The company will supply multiple roll-on/roll-off equipment items per vessel and support the vessels across their operational lifecycles.“We are proud to continue our partnership with China Merchants Jinling Shipyard and TT-Line on this ambitious Green Ship 2.0 program,” says Magnus Sjöberg, Executive Vice President, Merchant Solutions Division at MacGregor. “By combining technical refinements with a passion for continuous improvement, our cross-border teams across Sweden, China, Poland, Germany and Croatia have delivered an integrated cargo handling solution.”For TT-Line, the ships represent the next stage of its fleet renewal, while MacGregor’s equipment will handle a less visible but critical part of their operation: moving freight on and off the vessels efficiently.",full,,dom_or_structured_full_text,https://interestingengineering.com/transportation/macgregor-roro-equipment-battery-hybrid-lng-ferries-tt-line,interesting engineering,综合科技,无,2026-09-03T23:52:45+00:00,通用技术 > 通信和运输 > 水路运输,通用技术,水路运输,"[{""path"":[""通用技术"",""通信和运输"",""水路运输""],""path_text"":""通用技术 > 通信和运输 > 水路运输"",""confidence"":0.92,""reason"":""中国建造的电池混动LNG渡船及其滚装设备合同，核心是船舶建造与运营。""}]",classified,2026-09-04T00:35:23.134149+00:00,glm-5.2,2026-08-14,
Early Exercise May Permanently Change How Much Energy the Body Uses To Move,2026-09-03,"Physical demands during growth may leave a lasting mark on how efficiently the body moves. In an experiment with guinea fowl, birds that regularly carried extra weight while developing later walked with that load at virtually no added energy cost. Credit: Shutterstock
An active childhood may train the growing body to make movement less demanding for life.
Penn State
-led experiment found that birds raised while carrying extra weight became remarkably economical walkers. Once mature, they could transport the added load without using more energy than ordinary birds needed to walk unburdened.
The findings offer rare direct evidence that physical demands during development can shape the lifelong energy cost of movement. In the small animal study, activity during development led to more energy-efficient movement later in life.
Why Movement Efficiency Matters
Movement consumes energy that could otherwise support growth, reproduction, temperature control, immune defenses, or the search for food. Even modest improvements in efficiency could, therefore, influence an animal’s health, behavior, and chances of survival.
“Limb loading,” in which the arms or legs experience added mechanical stress through weight or exercise, may be one way the developing body learns to reduce that cost, according to senior author Jonas Rubenson, a professor of kinesiology at Penn State.
“This is one of the first studies to indicate that animals’ behaviors and environments in youth can affect how effortful moving is as adults,” Rubenson said.
Growing Up With Extra Weight
The experiment followed 12 guinea fowl from two weeks of age until they were nearly fully grown at 16 weeks. Guinea fowl are close relatives of chickens, and their two-legged walking makes them useful for investigating principles that may also apply to human locomotion.
Six birds wore lead bands on one leg weighing 4% of their body mass. The other six developed without an added load. Apart from the bands, all the birds were raised and exercised under identical conditions. Beginning at nine weeks, each was also trained to walk on a treadmill.
Jonas Rubenson, professor of kinesiology at Penn State, crouches beside the treadmill and metabolic chamber used in a recent study. His team found that extra physical work by birds as they grew resulted in less effortful movement as an adult, which may provide evidence that activity in childhood affects adult capacity in animals in general—including humans. Credit: Jaydyn Isiminger / Penn State. Creative Commons
At 16 weeks, researchers measured the birds while they stood still, walked normally, and walked with the leg weight attached. A flow-through metabolic chamber recorded oxygen consumption along with carbon dioxide and water vapor production, allowing the team to calculate how much energy each activity required.
All 12 birds used similar amounts of energy while standing. Walking with the added weight, however, exposed a striking difference between the two groups.
A 23% Energy Penalty Disappeared
Birds encountering the leg weight for the first time needed 23% more energy to walk than they did without it. Those raised with the weight showed no comparable penalty.
In fact, the experienced birds used slightly less energy when walking with the band than when walking without it. On average, carrying the load cost them no more energy than ordinary guinea fowl typically expend while walking unweighted.
“The birds became so efficient that they were not using any more energy to carry the weight than they needed to walk without the weight,” Rubenson said.
The experiment did not determine exactly how the birds achieved this economy. Developmental changes in anatomy, muscle performance, posture, coordination, or walking mechanics could all potentially contribute. Identifying the underlying adaptations will require further research.
Could Childhood Activity Shape Adult Exercise?
The findings may eventually help researchers understand why movement feels easier for some people than for others. One influential hypothesis holds that humans tend to avoid activities perceived as physically costly. If early inactivity increases the effort required to move later, it could reinforce a cycle in which exercise feels harder and is therefore avoided more often.
Conversely, regular play and exercise during childhood might build lasting physical capacity, making movement less taxing in adulthood. That possibility could matter as children in the United States spend less time being physically active than earlier generations, Rubenson said.
“If people do not need to exert as much energy to move as adults, then exercise and all its health benefits will be more accessible to them,” he said. “This could have implications for many aspects of our nation’s well-being, from heart health to mental health.”
Reference: “Chronic limb loading results in remarkable load carriage economy in growing fowl” by Talayah A. Johnson, Kavya Katugam-Dechene, Ian Dechene, Roberto Castro Jr., Stephen J. Piazza and Jonas Rubenson, 1 July 2026,
Proceedings of the Royal Society B: Biological Sciences
DOI: 10.1098/rspb.2026.0199
This research was funded by the National Institute of Arthritis and Musculoskeletal and Skin Diseases of the National Institutes of Health under award numbers R21AR071588 and R01AR080711
Never miss a breakthrough:
Join the SciTechDaily newsletter.
Follow us on
Google News
Developmental Biology
Exercise
Kinesiology
Penn State
Articles
Scientists Find a Troubling Effect of Sitting That Exercise Couldn’t Prevent
Just 4 Minutes of Daily Strength Training Can Quadruple Fitness in Older Adults
The Hidden Brain Trick That Can Make Exercise Feel Easier
FIT Treadmill Score Gauges Risk of Dying Based on Treadmill Exercise Performance
Study Reveals Weight Training Targets Age-Related Abdominal Fat
Regular Exercise Induces Changes in DNA
Resveratrol Blocks the Positive Effects of Exercise Training
Physical Activity & Life Expectancy Quantified in Study
Electronic Device for the Perfect Bicep Curl",full,,dom_or_structured_full_text,https://scitechdaily.com/early-exercise-may-permanently-change-how-much-energy-the-body-uses-to-move/,scitechdaily,综合科技,无,2026-09-03T23:52:50+00:00,生命科学与健康 > 生命科学 > 基础生命科学与遗传,生命科学与健康,基础生命科学与遗传,"[{""path"":[""生命科学与健康"",""生命科学"",""基础生命科学与遗传""],""path_text"":""生命科学与健康 > 生命科学 > 基础生命科学与遗传"",""confidence"":0.85,""reason"":""研究发育期运动负荷如何永久改变机体的运动能量效率，属基础生理学发现。""}]",classified,2026-09-04T00:35:23.134149+00:00,glm-5.2,2026-08-14,
"Aging Changes Memory in a Surprising Way, New Study Finds",2026-09-03,"Older adults may remember the meaning of an experience even as its vivid details fade. A new study reveals that this shift becomes especially noticeable when the brain must rapidly move between different types of memory. Credit: Shutterstock
A new study finds that as people age, they remember fewer details from their past and have more difficulty switching between different types of memories.
As people grow older, the broad story of a past experience may remain even as the sights, sounds, and emotions tied to a particular moment become harder to retrieve. Research from the University of East Anglia suggests that aging changes not only how much people remember, but also the type of information their memories emphasize.
The study found that older adults recalled fewer details from their past and had more difficulty when they needed to switch between different kinds of memories. At the same time, their recollections contained more general knowledge and interpretation, suggesting that aging may gradually shift memory away from vivid, moment-specific experiences and toward a broader account of what happened.
This more complex pattern suggests that age-related memory change cannot be understood simply as forgetting. Instead, the findings offer a closer look at how memories are retrieved and expressed across the lifespan, with potential relevance for efforts to support healthy cognitive aging.
Aging shifts memory toward the big picture
Lead researcher Prof. Louis Renoult, from UEA’s School of Psychology, said: “As we get older, our memories tend to become less detailed and more general, focusing on the overall story rather than specific moments.
“This shift is linked to changes in how the brain recalls information, meaning older people often remember the big picture but with fewer vivid details.
“We wanted to better understand how young and older adults retrieve autobiographical memories – the personal experiences that form the story of our lives.
“These sorts of memories can range from specific one-time events, such as a birthday party, to more general or repeated experiences like commuting to work.
“We focused on how flexible people are when asked to shift between these types of memories, and what happens when that flexibility is put under pressure.”
To examine that flexibility, the researchers recruited 37 students and 37 older adults from the community. Participants responded to cue words such as ‘market’ by retrieving two forms of autobiographical memory.
“We wanted to elicit both specific memories and categoric memories – which are the general or repeated experiences,” said Prof Renoult.
Switching memories exposes an age gap
The researchers first had participants recall each type of memory separately, allowing them to concentrate on one form at a time. Participants were then required to switch back and forth between specific and categoric memories, increasing the demands placed on cognitive control.
The researchers assessed whether participants followed the requested memory type and also examined how much detail appeared in what they recalled.
Prof Renoult said: “We found that across all age groups, memory performance declined when participants had to switch between memory types.
“However, older adults were particularly affected in one area – they were less accurate at recalling more mundane repetitive memories like commuting to work under switching conditions.
“Interestingly, their ability to recall specific memories like a birthday party was less affected by the task-switching challenge.
“This suggests that certain types of memory retrieval may be more vulnerable to the effects of aging when multitasking or adapting to changing demands.”
Looking beyond whether participants successfully produced the requested memories revealed another important difference between the age groups. When researchers analyzed the content of specific memories, older adults included fewer details tied directly to an experience, such as sights, sounds, and emotions.
At the same time, their accounts contained more semantic details, meaning general knowledge or interpretations associated with an event. The researchers observed a similar pattern when participants retrieved categoric memories.
Memory change is not simply forgetting
Together, the results suggest that aging affects the way memories are accessed and communicated, rather than simply causing information to disappear. Older adults’ recollections became less rich in specific contextual details while relying more heavily on broader knowledge.
Prof Renoult said: “When older adults recall events, the richness of those memories may be reduced.
“This shift may reflect changes in underlying brain systems involved in memory, particularly those responsible for retrieving detailed contextual information and managing complex cognitive tasks.”
Those changes could become especially noticeable in situations that require people to adjust quickly between different forms of recall.
“This has practical implications for everyday life. Tasks that require people to quickly adapt their thinking or switch between different kinds of recall – such as storytelling, decision-making or problem-solving – may become more challenging with age.
“At the same time, the increased reliance on semantic knowledge may have benefits. Generalized memories can support wisdom, pattern recognition, and efficient communication, even if the finer details are lost.”
The researchers hope that understanding this shift in greater detail could ultimately help inform approaches aimed at supporting healthy cognitive aging.
Reference: “Age-related differences in autobiographical memory recall: Impact of retrieval mode switching.” by Greta Melega, Alice Bush, Tabitha James, Riccardo Sacripante and Louis Renoult, 2026,
Psychology and Aging
DOI: 10.1037/pag0001009
Never miss a breakthrough:
Join the SciTechDaily newsletter.
Follow us on
Google News
Neuroscience
Psychology
University of East Anglia
Articles
Scientists Discover Natural Longevity Molecule That Restores Memory in Alzheimer’s Models
Blocking This One Protein Restores Aging Brains
Turning Back the Biological Clock With Antioxidant Supplements
New Study Links Infant Stunting to Differences in Cognitive and Brain Function
Using Smartphones Can Help Improve Your Memory Skills
Secondary Infections Inflame the Brain, Worsening Cognition & Memory in Alzheimer’s Disease
Rapid Mental Rejuvenation: Experimental Drug Reverses Age-Related Cognitive Decline Within Days
Dietary Cocoa Flavanols Reverse Age-Related Memory Decline in Older Adults
Researchers Discover People Forage for Memories in the Same Way Birds Forage for Food",full,,dom_or_structured_full_text,https://scitechdaily.com/aging-changes-memory-in-a-surprising-way-new-study-finds/,scitechdaily,综合科技,无,2026-09-03T23:52:52+00:00,生命科学与健康 > 医学与健康 > 神经科学与脑健康,生命科学与健康,神经科学与脑健康,"[{""path"":[""生命科学与健康"",""医学与健康"",""神经科学与脑健康""],""path_text"":""生命科学与健康 > 医学与健康 > 神经科学与脑健康"",""confidence"":0.92,""reason"":""研究老龄化如何改变记忆类型与记忆切换能力，属脑与认知科学研究。""}]",classified,2026-09-04T00:35:31.532225+00:00,glm-5.2,2026-08-14,
New Molecule Wipes Out Aggressive Lymphoma Tumors in Mice in Just 11 Days,2026-09-03,"A new molecular strategy rewires a lymphoma-driving protein to activate genes it normally keeps silent. Credit: Shutterstock
BCL6, a driver of lymphoma, suppresses genes involved in cell death. A new molecule designed at Stanford Medicine blocks BCL6 activity and activates downstream genes that trigger cell death.
A protein that helps keep lymphoma cells growing can be turned against the cancer itself. Stanford Medicine researchers designed a molecule that redirects one of the most common protein drivers of B-cell lymphoma toward activating cell death, and twice-a-day treatment eliminated aggressive lymphoma tumors in mice within 11 days.
The work extends a strategy the researchers have developed over several years. Instead of simply blocking a cancer-causing protein, they create a small molecule that physically connects it to another protein capable of activating the cell’s own self-destruct program. The researchers believe the same general strategy could potentially be adapted for other cancers and autoimmune diseases.
“We’re trying to essentially fight cancer with its cause — taking the driving force of the cancer and then rewiring it to activate cell death mechanisms,” said Gerald Crabtree, MD, the David Korn, MD, Professor in Pathology and a professor of developmental biology.
Crabtree shares senior authorship of the study, published in
, with Nathanael Gray, PhD, the Krishnan-Shah Family Professor and a professor of chemical and systems biology; Stephen Hinshaw, PhD, assistant professor of molecular and cellular physiology; and Michael Green, PhD, director of translational and laboratory research, lymphoma/myeloma at the MD Anderson Cancer Center. Graduate student Meredith Nix and postdoctoral scholar Sai Gourisankar, PhD, are the study’s lead authors.
BCL6 keeps lymphoma cells alive
Diffuse large B-cell lymphoma, the most common type of the blood cancer non-Hodgkin lymphoma, is frequently driven by a protein called BCL6. In healthy immune cells, BCL6 binds to DNA and temporarily shuts down genes that would normally stop growth or trigger cell death, giving the cells time to multiply during an immune response.
Once the threat has passed, other proteins modify BCL6 and disable its ability to silence those genes. The immune cells that are no longer needed can then undergo apoptosis, a programmed form of cell death that allows the body to remove excess, damaged, or cancerous cells without causing inflammation or tissue injury.
Gerald Crabtree, Meredith Nix and Sai Gourisankar. Credit: Krista Conger
In lymphoma, BCL6 can remain stuck in the “on” position, continually suppressing death genes and allowing malignant cells to multiply without restraint. Crabtree, Gray, and their colleagues wanted not only to remove that suppression, but also to actively increase expression of the genes that kill the cell. They turned to chemically induced proximity, a technique that uses chemical bonds to force molecules together that would otherwise interact rarely or not at all.
TCIP3 activates silenced death genes
Their resulting molecule, TCIP3, brings BCL6 together with proteins that can reverse its cancer-promoting activity. “One side binds to BCL6,” Nix explained. “The other side binds either of two proteins called P300 and CBP that add chemical tags called acetyl marks onto nearby proteins.” When BCL6 receives an acetyl tag, it can no longer suppress downstream genes involved in cell death. P300 and CBP also add acetyl tags to histones, the proteins around which DNA is packaged. Those changes loosen the DNA and make it accessible to transcription factors, proteins needed to switch genes on.
That mechanism goes beyond existing BCL6-targeted drugs, which generally block the protein or cause it to be degraded. “We’re not just relieving the repression conferred by BCL6; we’re also actively driving the expression of these cell death genes, which is why we’re able to get really potent compounds,” Nix said, comparing the difference to easing off a car’s brake versus flooring the accelerator.
Molecular glue strengthened the effect
To determine why the molecule was so effective, the researchers used X-rays to examine the atomic-level structure of its crystallized form and see precisely how it joined the proteins. The resulting structure exposed an unexpected feature: Once TCIP3 pulled the proteins together, they formed several additional chemical contacts with each other that helped hold the entire complex in place. Those extra interactions made the hybrid molecule more powerful than the researchers had anticipated.
“We used structural studies and biophysical measurements to determine that TCIP3 acts as a kind of molecular glue, anchoring these proteins together,” Gourisankar said. The structural findings allowed the chemists to make the link between the molecule’s two halves more rigid, preserving useful contacts instead of allowing the molecule to flex and lose energy. The resulting TCIP3 compound killed lab-grown lymphoma cells at very low concentrations.
Tumors disappeared in treated mice
The researchers then implanted human lymphoma cells into mice and allowed tumors to develop before giving the animals TCIP3 twice each day. “By 11 days, the tumors that had been treated with TCIP3 were completely gone, whereas the tumors in the control animals remained,” Nix said. The treated animals showed no obvious signs of toxicity, and blood tests did not detect an increase in inflammatory signals, even though TCIP3 also eliminated germinal centers — clusters of rapidly dividing immune cells that depend strongly on BCL6 and are the same type of cells that become abnormal in lymphoma.
That effect also pointed toward another possible application. Germinal center cells contribute to certain autoimmune diseases, including rheumatoid arthritis and myasthenia gravis, leading the researchers to suggest that molecules similar to TCIP3 might eventually be useful against those conditions.
TCIP3 and related compounds still require substantial work before they could be tested clinically. The molecule needs additional chemical refinement and evaluation in other animal species before human trials could be considered. Even so, the broader strategy — using bivalent, or two-headed, molecules to redirect rather than simply inhibit a cancer-driving protein — may be adaptable to additional targets. The researchers are now looking for other cancer-driving proteins that could be manipulated in a similar way.
“This could be a powerful approach to tackling other cell death repressors or transcription factors that control genes we want to activate in cancer,” Nix said.
Reference: “A bivalent molecular glue linking lysine acetyltransferases to oncogene-induced cell death” by Meredith N. Nix, Sai Gourisankar, Kevin J. Bowman, Sabin A. Nettles, Haopeng Yang, Brendan G. Dwyer, Roman C. Sarott, Hind Abuzaid, Michael M. Martinez, Nick Phillips, Vincent Cabaud, Artur Hakobyan, Vahram Arakelov, Garik Petrosyan, Aram Davtyan, Yanlan Wang, Juste M. Simanauskaite, Bryan A. Romero, Hannah M. Jones, Andrey Krokhotin and Gerald R. Crabtree, 20 July 2026,
DOI: 10.1016/j.cell.2026.06.037
The study was funded by the National Institutes of Health (grants CA276167, CA163915, R01CA3044298, MH126720-01, S10OD028697-01, R01CA201380 and 1K99CA296700-01), the Howard Hughes Medical Institute, the Mary Kay Foundation, the Williams Foundation, the Victor Family Fund, Ed and Beatriz Schweitzer, the David L. Sze and Kathleen Donahue Interdisciplinary Fellowship, and a PhRMA Foundation Predoctoral Fellowship in Drug Discovery.
Never miss a breakthrough:
Join the SciTechDaily newsletter.
Follow us on
Google News
Biochemistry
Immunology
Molecular Biology
Oncology
Stanford University
Articles
Vitamin A’s Dark Side: How a Common Nutrient Can Help Tumors Evade the Immune System
Scientists Uncover New Weak Spot in Prostate Cancer Cells, a Game-Changer for Treatment
Stanford Engineers Enhance the “Attack Power” of Cutting-Edge Cancer Treatment
Immune System “Clock” Developed That Accurately Predicts Illness and Mortality
Chemicals in Areas Surrounding Tumors Subvert the Immune System and Enable Cancer to Evade Attack
New Anticancer Therapy Prospects After “Brake” on Immune Activity Identified
Cancer Cells Can Become Invisible to the Immune System – Here’s How
Chemists Discover Unexpected Synergy Between Two Cancer Drugs
Researchers Find a New Target to Treat a Wide Spectrum of Cancers",full,,dom_or_structured_full_text,https://scitechdaily.com/new-molecule-wipes-out-aggressive-lymphoma-tumors-in-mice-in-just-11-days/,scitechdaily,综合科技,无,2026-09-03T23:52:54+00:00,生命科学与健康 > 生物医药 > 药物研发与产业,生命科学与健康,药物研发与产业,"[{""path"":[""生命科学与健康"",""生物医药"",""药物研发与产业""],""path_text"":""生命科学与健康 > 生物医药 > 药物研发与产业"",""confidence"":0.93,""reason"":""斯坦福设计的小分子在小鼠体内清除淋巴瘤肿瘤，属抗癌候选药物研发。""}]",classified,2026-09-04T00:35:31.532225+00:00,glm-5.2,2026-08-14,
Scientists Can Now See DNA Folding at Near-Molecular Resolution,2026-09-03,"New fluorescent probes can reveal how DNA is folded and moves inside cells at exceptionally fine scales. Credit: Stock
The finding could eventually enable the use of DNA packaging in cells for disease diagnosis and treatment.
In preserved cells, newly developed fluorescent probes allowed researchers to pinpoint individual dye molecules to within 3 nanometers, close to the width of the DNA double helix itself. The same molecules can also reveal how DNA is packaged and moves inside living cells, giving scientists a way to examine chromatin at resolutions that were previously difficult to achieve without killing the cells.
When the team tested the probes on wax-preserved bowel tissue from three cancer patients, they found another striking difference. DNA in the tumors appeared noticeably looser and more spread out than in healthy tissue immediately beside it. Other research has found that DNA progressively unpacks as cancer develops, raising the possibility that its degree of folding could eventually provide information about how advanced or aggressive a tumor is.
Doctors currently assess these biopsies by eye using a staining technique that is more than a century old. The new approach, described in the journal
Molecular Cell
, could eventually add information about how DNA is arranged in three-dimensional space as another clue for cancer diagnosis and treatment.
“With the same dye we can do two very different things. In a living cell we can watch DNA moving, which tells us how chromatin, the natural state of DNA in cells, behaves. In a preserved cell we can zoom in until we are almost at the scale of the DNA molecule itself. Combining both approaches helps us see one of the main layers of control in human biology in unprecedented resolution,” explains ICREA Research Professor Pia Cosma, senior author of the study.
DNA folding controls which genes switch on
Each human cell packs about two meters (6.6 feet) of DNA into a tiny space. How tightly that DNA is folded helps determine which genes are active and which remain switched off.
Studying that organization in living cells has been difficult. Most images of DNA folding come from cells that are already dead because powerful microscopy techniques used to track individual components often depend on harsh chemicals and intense laser light that living cells cannot tolerate.
DNA inside a cancer cell from human bowel tissue, imaged at a scale of billionths of a metre. In the healthy cell, DNA is gathered into tight, distinct packages. In the cancer cell, it has come loose and spread out. Credit: Aiping Wang/Centro de Regulación Genómica/Guangdong Provincial People’s Hospital
Blinking probes sharpen views of living DNA
Researchers at the Centre for Genomic Regulation (CRG) in Barcelona, the City University of Hong Kong and the Guangdong Provincial People’s Hospital (Guangdong Academy of Medical Sciences) Southern Medical University designed fluorescent probes that could overcome this limitation.
Known as HoTs, the dyes can enter living cells on their own and bind to DNA. They are engineered to blink intermittently, switching on and off rather than glowing continuously. The researchers tested them in living human skin cells and laboratory-grown HeLa cancer cells.
That blinking behavior is essential for producing sharper images. If all the dyes emitted light simultaneously, their signals would blur together. By detecting individual probes as they switch on, an advanced microscope can determine their locations. A computer program then combines thousands of snapshots to create an image about ten times sharper than one produced by a conventional microscope.
“The key challenge was to design fluorophores with the right blinking behavior for super-resolution imaging,” says Professor Hongyan Sun at City University of Hong Kong, co-senior author of the study.
A conventional microscope cannot clearly distinguish objects separated by less than about 200 nanometers. Using the new probes with a super-resolution technique called STORM, the researchers visualized DNA inside living cells at a resolution of 20 nanometers.
They achieved even greater precision in chemically preserved laboratory cells, where cellular structures are fixed in place. With another microscopy technique called MINFLUX, the team located individual dye molecules to within three billionths of a meter, or 3 nanometers.
“The diameter of the DNA double helix is approximately 2 nanometers, so 3 nanometer localization precision brings us remarkably close to the physical scale of the DNA molecule itself,” said Aiping Wang, first author of the study.
The method reveals differences beyond cancer
The probes also worked outside human cells. Researchers applied them to slices of zebrafish eye tissue. Zebrafish can regenerate damaged retina, a process thought to involve cells loosening their DNA so they can become flexible again.
The researchers also tested whether artificial intelligence could distinguish cells based on these detailed images. They used AINU, short for “AI of the Nucleus,” a program the team introduced in 2024 that examines super-resolution images of nuclear DNA for patterns too subtle for the human eye.
After training on the new images of living cells, AINU distinguished skin cells from stem cells with 96 to 98 percent accuracy. Although the two cell types contain identical DNA, they package it differently, and the AI was able to detect those differences.
AINU originally worked only with cells that had been killed and preserved. Combining it with the new fluorescent probes now allows the program to analyze living cells. The researchers hope the same principle could eventually help distinguish cancerous tissue from healthy tissue or identify promising stem cells for regenerative medicine.
The sharpest images still require preserved cells
The technique still has important limitations. The fluorescent molecules coat DNA broadly rather than identifying a specific gene, and the highest-resolution images were obtained from preserved rather than living cells.
The team is now pursuing follow-up work on this limitation. MINFLUX also has the potential to image the probes in living cells.
Reference: “HoT auto-blinking probes enable real-time, super-resolution chromatin imaging in live cells and tissues” by Aiping Wang, Shanshan Liu, Heng Shi, Mikhail Rotkevich, Carlotta Viana, Hui Zhong, Limei Zhong, Lingkuan Meng, Yanwu Li, Guirong Chen, Xiaoming Zhu, Zhenzhen Ma, Bing Fu, Alvaro Castells-Garcia, Jie Zhang, Hongyan Sun and Maria Pia Cosma, 28 August 2026,
Molecular Cell
DOI: 10.1016/j.molcel.2026.08.010
Never miss a breakthrough:
Join the SciTechDaily newsletter.
Follow us on
Google News
Cell Biology
Fluorescence
Genetics
Microscopy
Articles
Landmark Advancement in Flow Cytometry Technology With Potential To Transform Immunology and Genomics Research
New Genome Analysis Reveals Dozens of Cancer Triggers
Researchers Identify Molecular Factors that Push the Domino of Life into Motion
Researchers Sequence Genome of Human’s Closest Invertebrate Relative
Meta-Analysis Identifies Four New Genetic Risk Factors for Testicular Cancer
Potential New Therapy Stops Tumor Growth
Lazarus Project Produces Cloned Embryos of an Extinct Frog
Key Differences in Seemingly Synonymous Parts of the Genetic Code
DNA Jumps Directly From the Cell’s Chloroplasts Into Its Nucleus",full,,dom_or_structured_full_text,https://scitechdaily.com/scientists-can-now-see-dna-folding-at-near-molecular-resolution/,scitechdaily,综合科技,无,2026-09-03T23:52:55+00:00,生命科学与健康 > 生命科学 > 基础生命科学与遗传,生命科学与健康,基础生命科学与遗传,"[{""path"":[""生命科学与健康"",""生命科学"",""基础生命科学与遗传""],""path_text"":""生命科学与健康 > 生命科学 > 基础生命科学与遗传"",""confidence"":0.88,""reason"":""利用荧光探针观察细胞内DNA折叠与染色质动态，属分子生物学基础研究。""},{""path"":[""通用技术"",""检测和表征"",""先进科学仪器""],""path_text"":""通用技术 > 检测和表征 > 先进科学仪器"",""confidence"":0.7,""reason"":""新型荧光探针实现纳米级超分辨成像，是高端表征技术的进展。""}]",classified,2026-09-04T00:35:31.532225+00:00,glm-5.2,2026-08-14,
A 100-Year-Old Mushroom Mystery Just Got Much More Complicated,2026-09-03,"In a mushroom farm in the southern United States, doctoral student Sameerika Mudiyanselage and her advisor Samuel Martins sample mushrooms for bacterial blotch symptoms. Credit: UF/IFAS Samuel Martins
Scientists found that bacterial blotch in white button mushrooms is caused by multiple bacteria, a discovery that could improve disease detection and lead to more sustainable treatments for growers.
University of Florida
study has uncovered an important new clue about a disease that has affected white button mushrooms for more than 100 years. The popular mushroom is widely valued for its
nutritional benefits
and versatility in everyday meals.
As a major specialty crop, white button mushrooms are often cited as an example of the “food is medicine” concept because they can help support healthy diets when included in common foods such as salads, appetizers, and other dishes.
But growers continue to face problems from bacterial blotch, a disease that lowers yields, shortens shelf life, and reduces the market value of mushrooms by causing brown or yellow discoloration. In some cases, symptoms do not appear until mushrooms are already in stores or in consumers’ homes.
Multiple Bacteria Linked to Bacterial Blotch
Researchers from the UF Institute of Food and Agricultural Sciences (UF/IFAS) found that bacterial blotch is not caused by a single pathogen, as previously believed. Instead, the disease is linked to a complex mix of harmful bacterial species that thrive in the warm, humid indoor conditions used for mushroom production.
“For years, the industry has struggled with treatments that provide inconsistent results against bacterial blotch,” said Samuel Martins, co-author and assistant professor in the UF/IFAS Department of Plant Pathology. “As part of a separate $7 million U.S. Department of Agriculture grant involving Penn State, the University of Delaware, and UF/IFAS, we are developing advanced diagnostics and sustainable solutions to strengthen mushroom farms nationwide.”
To conduct the study, the UF/IFAS team used DNA sequencing, chemical profiling, and traditional laboratory testing to analyze mushrooms infected with bacterial blotch. Samples were collected from several mushroom production sites across the southern United States. The researchers found that the involvement of multiple bacterial species makes the disease more difficult to detect, predict, and control using standard treatment methods.
Researchers Identify 17 Pathogenic Species
“We found more than 17 different species of pathogenic bacteria associated with the disease,” said Sameerika Mudiyanselage, the study’s lead author and a doctoral student of Martins and Romina Gazis at the UF/IFAS Tropical Research and Education Center. “While two well-known bacterial pathogens dominated the known disease profile, we also detected a surprisingly high level of another group of bacteria that has not previously been linked to the mushroom disease.”
The discovery suggests there are additional contributors to bacterial blotch that had previously gone unrecognized. Researchers say this may help explain why the disease has remained a costly and persistent problem despite ongoing treatment efforts.
“We hope that expanding our research will lead to the development of better diagnostics and more effective treatments to address the full group of disease-causing bacteria in white button mushrooms,” she said.
Sustainable Treatments and Eco-Friendly Solutions
In addition to identifying the bacteria involved, the researchers are also exploring more sustainable ways to manage the disease. Current follow-up studies are examining plant-based essential oils, beneficial microbes, and other biological products as possible alternatives to conventional chemical treatments.
“Ultimately, our goal is to provide growers with practical, science-based solutions that help strengthen mushroom farming systems,” said Martins. “By understanding the complexity of bacterial blotch and the role of microbial communities, we can develop better eco-friendly management practices that reduce losses while improving sustainability.”
New Findings Could Transform Mushroom Disease Management
UF researchers found that bacterial blotch in white button mushrooms is caused by multiple bacterial species rather than a single pathogen.
The disease creates major challenges for mushroom growers by reducing crop yields, shortening shelf life, and causing visible blemishes that make mushrooms difficult to sell.
The findings could improve disease detection and support the development of more effective and sustainable treatments for mushroom farms across the United States.
Reference: “Genomic insights into a multispecies bacterial pathogen complex driving bacterial blotch in white button mushrooms” by Sameerika D. Mudiyanselage, Michelle Lee, Jose C. Huguet-Tapia, Romina Gazis and Samuel J. Martins, 23 April 2026,
Microbiological Research
DOI: 10.1016/j.micres.2026.128532
Never miss a breakthrough:
Join the SciTechDaily newsletter.
Follow us on
Google News
Agriculture
Bacteria
Plant Biology
University of Florida
Articles
Stanford Scientists Unlock Mysteries of Plant Growth and Health
Group Genomics Drive Aggression in Africanized Honey Bees
Rapid Evolution of Deadly Pathogen: Cholera Bacterium Can Steal Up to 150 Genes in One Go
New Insights Into Exactly How Bacteria Import DNA
Engineered Bacteria Store Memories of Chemical Exposure
Understanding Antibiotics and Their Role in Killing Bacteria
Widespread Presence of Antibiotic Resistant Bacteria in Agricultural Soils
Rare Example of Bacterial Gene Transfer Providing Evolutionary Benefit
Viruses Use Bacteria for Reproduction",full,,dom_or_structured_full_text,https://scitechdaily.com/a-100-year-old-mushroom-mystery-just-got-much-more-complicated/,scitechdaily,综合科技,无,2026-09-03T23:52:57+00:00,零碳产业 > 物质循环 > 有机物（碳循环） > 有机工业 > 生物过程 > 农林,零碳产业,农林,"[{""path"":[""零碳产业"",""物质循环"",""有机物（碳循环）"",""有机工业"",""生物过程"",""农林""],""path_text"":""零碳产业 > 物质循环 > 有机物（碳循环） > 有机工业 > 生物过程 > 农林"",""confidence"":0.78,""reason"":""研究白蘑菇细菌性病害的病原与可持续防治，属农业作物病害管理。""}]",classified,2026-09-04T00:35:31.532225+00:00,glm-5.2,2026-08-14,
A “New” Penguin Species Has Been Discovered on One of Earth’s Most Remote Islands,2026-09-03,"Gentoo penguins. Credit: Claudia Ulloa
Genetic research revealed four distinct gentoo penguin species, including a newly identified species from the Kerguelen Islands. Scientists warn climate change may endanger several isolated island populations.
The emperor penguin, which can grow to about 4 feet (1.2 meters) tall, is the best-known penguin species, but 17 other penguin species live across the Southern Hemisphere. Many inhabit remote islands that scientists rarely visit, making them difficult to study.
That isolation may explain why researchers overlooked an entirely new species of gentoo penguin on the Kerguelen Islands, also known in French as the Desolation Islands. The islands sit nearly 2,000 miles (3,220 kilometers) from the nearest permanently inhabited landmass.
An international research team led by scientists from Chile and the
University of California, Berkeley
, announced the discovery in a
paper published
Communications Biology
. It marks the first newly named penguin species in more than a century.
Portrait of a gentoo,
Pygoscelis
papua. Credit: Claudia Ulloa
Genetic evidence revealed that what scientists once considered a single widespread gentoo species is actually made up of four distinct species. One of them remained hidden because it closely resembles other gentoo penguins, with the same black back and white underside that help the birds avoid predators and hunt efficiently in the ocean.
Aside from small differences in body size and vocalizations, the newly identified penguin appeared almost identical to other gentoos. Researchers classify it as a cryptic species because of those subtle physical differences despite major genetic separation.
Four Distinct Gentoo Penguin Species Identified
Researchers also determined that three previously recognized gentoo subspecies are genetically unique enough to qualify as full species.
The future of the newly identified southeastern gentoo penguin,
Pygoscelis kerguelensis
, along with two other gentoo species, remains uncertain as climate change reshapes Antarctic and sub-Antarctic habitats. Only the southern gentoo, now called
Pygoscelis ellsworthi
, appears likely to avoid major harm and could even benefit from an expanding range in Antarctica.
“In Antarctica, of course, other species, not the gentoo, are threatened by climate change,” said Juliana Vianna, one of the paper’s senior authors and a professor of ecosystems and environment at Andrés Bello National University in Santiago, Chile. “But the gentoo is of most concern in the sub-Antarctic region,” an area of widely separated islands north of Antarctica governed by numerous countries, including Chile, South Africa, France, the Netherlands, Australia, and New Zealand.
A gentoo penguin with a chick. Credit: Claudia Ulloa
“It’s very important that conservation institutions in all the different countries involved recognize and take appropriate action to save these three gentoo penguin species,” she added.
Genomic Analysis Resolves Penguin Taxonomy Debate
Vianna and fellow senior authors Rauri Bowie of UC Berkeley and Elie Poulin of the University of Chile brought together penguin specialists from several countries to carry out a new genomic study of gentoo penguins. Some of the scientists had previously proposed as many as six gentoo subspecies, although researchers had long disagreed over the classification.
The new study represents a broad scientific consensus based on whole-genome sequences from 64 penguins collected across 10 breeding colonies. For the first time, the sampling covered nearly the entire geographic range of gentoo penguins. Researchers also compared physical traits such as coloration, vocalizations, breeding schedules, diet, and feeding behavior.
“There’s probably no species of penguin where the taxonomy has been more debated than the gentoo penguin,” said Bowie, a curator in UC Berkeley’s Museum of Vertebrate Zoology. “For over 100 years it’s been controversial as to how many species or how many subspecies there are. What this paper does is try to address that question using cutting-edge integrative approaches.”
Penguin Evolution and Antarctic Expansion
Bowie and Vianna have collaborated for nearly a decade to study penguin evolution and diversity. In 2019, they published research showing that penguins first emerged around Australia and New Zealand roughly 22 million years ago. Emperor and king penguins later split into separate groups that occupied Antarctica and sub-Antarctic regions.
About 12 million years ago, the development of the circumpolar current helped spread other penguin species throughout the sub-Antarctic. Penguins eventually colonized isolated islands and expanded as far north as parts of Africa and South America.
A gentoo incubating an egg. Gentoo penguins return to the same nesting sites year after year. Credit: Claudia Ulloa
Gentoo penguins differ from many other penguin species because they eat a highly varied diet, feeding on almost anything they can catch underwater. That flexibility has become an advantage as krill populations decline. Penguins with more specialized diets, such as emperor and Adélie penguins, are experiencing population declines, while gentoo populations on the Antarctic Peninsula continue to grow.
Isolation and Diet Drove Gentoo Speciation
Researchers believe this adaptable feeding behavior also contributed to the evolution of the new species. Because gentoo penguins usually feed close to their nesting sites and return to the same breeding colonies each year, isolated populations gradually developed unique behavioral and ecological traits.
Over the past 300,000 to 500,000 years, those isolated island populations evolved into separate species. Scientists say the Antarctic Polar Front, which creates strong differences in ocean temperature and salinity, also limited animal movement and reinforced that separation.
North of the Polar Front, warmer and saltier waters are home to the eastern lineage,
Pygoscelis taeniata
, found on the Crozet, Marion, and Macquarie Islands, as well as the northern lineage,
Pygoscelis papua
, which inhabits the Falkland/Malvinas and Martillo Islands near South America.
The newly identified southeastern lineage,
Pygoscelis kerguelensis
, evolved on Kerguelen Island and likely nearby Heard Island near the Polar Front. South of the front lives the southern lineage,
Pygoscelis ellsworthi
, the largest gentoo population, which occupies the Antarctic Peninsula, coastal Antarctica, and South Georgia Island.
Genetic Adaptations Across Gentoo Populations
The genomic study, led by University of Chile graduate student Daly Noll, analyzed a broader range of genes than earlier research and examined thousands of single nucleotide polymorphisms (SNPs). The results showed how each species adapted genetically to its environment.
For instance, southern gentoo penguins living in Antarctica possess more genes associated with heat production, fat storage, and light perception. Researchers believe these traits help them survive extreme cold, seasonal daylight shifts, and the reflective ice environment.
Gentoo penguins engaged in a swimming technique known as porpoising. Credit: Keith Barnes
Eastern gentoo penguins showed more genes related to efficient carbohydrate metabolism and improved diving ability. These genetic traits are linked to oxygen transport, blood vessel growth, mitochondrial function, and lung development, all of which may support longer dives in nutrient-poor oceans.
Meanwhile, the northern gentoo population in South America displayed genetic patterns tied to digestion, heart function, and muscle activity. Researchers say these changes likely help sustain extended foraging in the water.
Climate Change Threatens Sub-Antarctic Penguins
To predict how climate change may affect gentoo penguins, scientists used climate models to estimate where suitable habitat could exist by 2050. Under a moderate warming scenario, the sub-Antarctic island species could lose all habitable conditions on their current islands, with few nearby alternatives available.
The Antarctic species, however, may expand farther into Antarctica as emperor, Adélie, and chinstrap penguins decline due to shrinking sea ice and falling krill populations.
Vianna noted that many non-Antarctic penguins also face growing threats from warming oceans, habitat destruction, predators such as rats and dogs, competition with commercial fishing operations, and accidental capture in fishing nets.
“In terms of climate change, island species that have really low population sizes could be compared with the sub-Antarctic gentoo penguins,” she said. “Galapagos and other island penguin species, because they’re endemic to these islands, will find no place to go after a change in their environment. Those islands are very isolated, and these penguins cannot adapt easily to colonize any other region.”
Whole Genome Sequencing Boosts Conservation Research
Bowie said the massive genomic dataset collected for the study could support additional conservation research. Vianna is already using penguin genomes to search for genetic traits linked to surviving avian influenza, which is currently affecting penguins, birds, and mammals around the world. The findings could help scientists identify populations most vulnerable to the disease.
“Whole genome sequencing has transformed our ability to not only look at adaptation from a perspective of how things diversify, but it has really important conservation value,” Bowie said.
Reference: “Integrative evidence reveals adaptive divergence and speciation in gentoo penguins” by Daly Noll, Jane Younger, Luis R. Pertierra, Michelle Greve, Eduardo J. Pizarro, Fabiola León, Debora Y. C. Brandt, Joshua Tyler, Gemma Clucas, Hila Levy, W. Brian Simison, Julie McInnes, Pierre Pistorius, Céline Le Bohec, Francesco Bonadonna, Phil N. Trathan, Andrés Barbosa, Andrea Raya Rey, Gisele P. M. Dantas, Rauri C. K. Bowie, Elie Poulin and Juliana A. Vianna, 23 April 2026,
Communications Biology
DOI: 10.1038/s42003-026-10081-7
Never miss a breakthrough:
Join the SciTechDaily newsletter.
Follow us on
Google News
Antarctica
Climate Change
New Species
UC Berkeley
Articles
Reproductive Success of Antarctic Krill Significantly Affected by Climate Conditions
How a Network of Marine Protected Areas Could Help Safeguard Antarctic Penguins
Scientists Say Gentoo Penguins Are Four Species, Not One
Researchers Shocked to Find Antarctic Penguins Much Happier With Less Sea Ice
Alien Species Invasions in Antarctica Predicted
Emperor Penguins Marching Towards Extinction Unless Warming Is Slowed
Emperor Penguins Are Threatened – Study Recommends Special Protection
March of the Multiple Penguin Genomes – Extensive Study Provides Unparalleled Information
New Emperor Penguin Colonies Discovered in Antarctica",full,,dom_or_structured_full_text,https://scitechdaily.com/a-new-penguin-species-has-been-discovered-on-one-of-earths-most-remote-islands/,scitechdaily,综合科技,无,2026-09-03T23:52:59+00:00,生命科学与健康 > 生命科学 > 生物多样性与生态,生命科学与健康,生物多样性与生态,"[{""path"":[""生命科学与健康"",""生命科学"",""生物多样性与生态""],""path_text"":""生命科学与健康 > 生命科学 > 生物多样性与生态"",""confidence"":0.93,""reason"":""遗传研究确认新企鹅物种并警示气候变化对种群威胁，属生物多样性与保护研究。""}]",classified,2026-09-04T00:35:31.532225+00:00,glm-5.2,2026-08-14,
"Archaeologists Discover 1,200-Year-Old Hairless Dog at Ancient Peruvian Site",2026-09-03,"A puppy skull from Castillo de Huarmey in Peru. This individual was buried with the “Master Basketmaker.” Credit: Weronika Tomczyk
Bone remains and a mummified dog suggest that dogs lived alongside humans.
Long before the Inca rose to power, distinctive hairless dogs were already living alongside people on Peru’s northern coast. These medium-sized Indigenous dogs with pointed ears appear frequently in ancient Andean pottery, and a modern variation is recognized by the American Kennel Club as the Peruvian Inca orchid. Peru declared the dogs part of its cultural heritage in 2000.
Physical remains now provide the first direct evidence of Peruvian hairless dogs at Castillo de Huarmey, the only Wari Empire site identified to date on the northern Peruvian coast. The findings are reported in the
Journal of Anthropological Archaeology
Located roughly 190 miles north of Lima, Castillo de Huarmey covers about 110 acres and served as a Wari administrative and funerary complex between 600 and 1050 CE, approximately 400 years before the rise of the Inca.
A naturally mummified dog skull painted with cinnabar from Castillo de Huarmey in Peru. Credit: Weronika Tomczyk
The site has
produced several major
archaeological discoveries. In 2012, researchers uncovered the first undisturbed elite tomb, containing 58 high-status females, 1,300 artifacts, and six human sacrifices. In 2022, burials of elite craftspeople were also found with gold, silver, and bronze tools, providing additional evidence about how the Wari administered their provinces.
“Our findings indicate that humans and dogs coexisted at this Wari site, but reconstructing their bond is challenging, as past emotions are difficult to capture through archaeological methods,” says first author, Weronika Tomczyk, a research associate in the Department of Anthropology and postdoctoral fellow in the Ecology, Evolution, Environment and Society Program at Dartmouth. “The goal of our study was to not only present data on Castillo de Huarmey’s dog burials, but also emphasize that people in the past had often contradictory relationships with the animals, just as they do today: a pet for one group of people could at the same time be considered a pest by their closest neighbors.”
Desert conditions preserved rare canine remains
Castillo de Huarmey lies near one of the driest, hyperarid deserts on the Pacific coast. Those conditions helped preserve fragile organic materials and artifacts including hair, bone, decorated pottery, pigment, clothing, and leather.
Among the finds was a ceramic vessel shaped like a seated, humanlike Peruvian hairless dog holding an object that resembles an instrument.
Between 2010 and 2025, archaeologists also recovered remains from numerous South American camelids, most likely domesticated llamas and alpacas that may have been used as funerary offerings or discarded as refuse. Dog bones were found as well.
A mummified dog from Castillo de Huarmey in Peru. Credit: Miłosz Giersz
Interpreting those remains is complicated by the site’s history. A 1970 earthquake caused one side of Castillo de Huarmey to collapse, exposing burial chambers filled with pottery and other artifacts and contributing to extensive looting. Deeper layers that were never looted preserved their Wari context, but the upper deposits containing most of the animal remains became intermixed.
Weronika Tomczyk. Credit: Weronika Tomczyk
Teeth helped identify hairless dogs
Three sets of canine remains found in the northern part of the main ceremonial area stood out. One was a naturally mummified skull with hairless skin still visible and its ears attached, coated with cinnabar, a pigment commonly used to decorate the dead in ancient Peru.
Archaeologists also recovered a larger dog skull and the naturally mummified skeleton of a male dog from a shallow pit, missing only its lower front limbs. At first, the researchers suspected the animal might have been buried during looting about 50 years ago. Tomczyk noticed something different: the dog was hairless, and all three individuals lacked their first premolars.
“What I noticed is that some of the dog skeletons were missing teeth, and not that they lost them during their lifespan; some teeth, especially first premolars and sometimes last molars, had just never erupted,” said Tomczyk. “And then I found in the literature that the same gene which is responsible for hairlessness in dogs is responsible for a reduced number of teeth, indicating that these were Peruvian hairless dogs.”
Dog remains reveal varied human relationships
The researchers estimated the dogs’ ages using standard zooarchaeological techniques and analyzed isotopes in their bones and teeth. Carbon, nitrogen, oxygen, and strontium isotopes can preserve clues about what an animal ate and drank and where it lived.
Strontium, in particular, reflects local geological signatures incorporated into tissues as they form, allowing researchers to investigate origins and possible movements. The dog results were then compared with human and camelid data from Castillo de Huarmey.
“Isotopic analyses of a dog’s tooth give a signal of its life as a puppy because dog teeth erupt so fast, and the bone gives a signal of more or less the last year of its life,” said Tomczyk. “Such sampling strategy aimed to provide signals from distinct stages of a dog’s life.”
An anthropomorphic vessel of a Peruvian hairless dog from the Castillo de Huarmey mausoleum in Peru. Credit: Miłosz Giersz
Altogether, the researchers recovered 341 dog bone specimens representing at least 19 individuals, along with the complete mummified male dog. Among them were bones from a 6- to 8-week-old puppy buried with an elite craftsman nicknamed the “Master Basketmaker,” an adult dog buried in the palace, and part of a puppy skeleton buried with a male guardian recorded as XY, who was likely sacrificed to guard a tomb.
Most of the dogs were adults when they were buried. Some appear to have been deliberately interred, while other remains were discarded as refuse. Only a small number showed butchery marks, suggesting dogs were not widely eaten at the site.
Radiocarbon dating showed that the mummified dog is at least 1,200 years old. It produced the oldest radiocarbon date yet obtained from Castillo de Huarmey, with important implications for the site’s chronology.
Isotope measurements also showed that most of the dogs ate some maize, a staple food in the Pre-Hispanic Andes, giving them diets that overlapped with those of humans. Dogs suspected of being hairless had diets more similar to those of children when they were puppies, while their diets became more varied in adulthood.
“We do not know if the dogs were intentionally fed maize or if perhaps, they were just eating leftovers or trash,” said Tomczyk. “Yet, the distinct dietary patterns of hairless puppies provide insights into what may have been organized breeding.”
“While we will never know if any of the three dogs were pets or how people treated them, it is evident they received different treatment than other dogs,” said Tomczyk.
Reference: “The many lives of companion species: a zooarchaeological and isotopic research on Wari dog remains from Castillo de Huarmey, Peru” by Weronika Tomczyk, Miłosz Giersz, Wiesław Więckowski, Roberto Pimentel Nita and Claire E. Ebert, 31 March 2026,
Journal of Anthropological Archaeology
DOI: 10.1016/j.jaa.2026.101767
This work was supported by the Wenner-Gren Foundation Dissertation Fieldwork Grant (no. 10035), Rust Family Foundation Archaeology Program Grant (no. RFF-2020-138), and internal funding from Stanford’s Department of Anthropology and Archaeology Center.
Never miss a breakthrough:
Join the SciTechDaily newsletter.
Follow us on
Google News
Anthropology
Archaeology
Dartmouth College
Radiocarbon Dating
Articles
Ancient Bones Reveal 12,000-Year-Old Friendship Between Humans and Dogs
Rewriting the Timeline: New Radiocarbon Dating Reveals True Age of Ancient Greek Shipwreck
The Real Treasure Was Not Gold: Surprise Discovery Reveals Secrets of Ancient Greek Shipwreck
Tracing Footprints: Humans Got to America 7,000 Years Earlier Than Thought
Ancient Footprints in New Mexico Shift Timeline for Early Human Presence in North America
Archaeology Mystery Solved: Strange Footprints From Laetoli, Tanzania, Are From Early Humans
Maya Rulers Transformed Cities, Put Their Personal Stamp on Monumental Complexes
Archaeologists Find Evidence of Beer Drinking 9,000 Years Ago in Southern China
Researchers Discover Oldest Images to Date of Dogs on Leashes",full,,dom_or_structured_full_text,https://scitechdaily.com/archaeologists-discover-1200-year-old-hairless-dog-at-ancient-peruvian-site/,scitechdaily,综合科技,无,2026-09-03T23:53:01+00:00,基础科学与环境 > 考古与人类历史,基础科学与环境,考古与人类历史,"[{""path"":[""基础科学与环境"",""考古与人类历史""],""path_text"":""基础科学与环境 > 考古与人类历史"",""confidence"":0.93,""reason"":""秘鲁考古遗址发现无毛犬遗骸，揭示古代人狗共存，属考古研究。""}]",classified,2026-09-04T00:35:31.532225+00:00,glm-5.2,2026-08-14,
The Human Family Tree May Need a Major Rewrite,2026-09-03,"New Monash University research argues our Paranthropus (pictured) and Australopithecus ancestors who lived up to 5 million years ago should be included under the Homo group of species. Credit: Ian Towle, Monash University
Growing evidence that early human relatives do not fit neatly into traditional categories is prompting a proposal to expand the genus Homo.
The human family tree is becoming harder to fit into the categories scientists have used for decades. Research from
Monash University
argues that recent discoveries are blurring the boundaries between our ancestors and close fossil relatives, raising questions about how they should be named and classified.
The work, published in the
American Journal of Biological Anthropology
, proposes placing all human species and closely related fossil forms from the past 4-5 million years within the genus Homo.
Human evolution is often depicted as a sequence of clearly separated species, beginning with ape-like ancestors, passing through Australopithecus and early members of Homo, and eventually leading to Homo sapiens.
The fossil record, however, reveals a far less orderly history. New finds have repeatedly weakened the traits once used to draw firm lines between humans and their close relatives.
Fossil discoveries blur old genus boundaries
Lead researcher Dr. Ian Towle, a Research Fellow at the Monash Biomedicine Discovery Institute, said accumulating evidence is making the current classification system less useful and less accurate. That includes species assigned to Homo, as well as Australopithecus and Paranthropus, all of which lived within the past 5 million years.
“Recent fossil discoveries and advances in evolutionary and genetic analysis make this an ideal time to reconsider whether our traditional taxonomy still accurately reflects human evolution,” Dr Towle said.
“These groups do not necessarily represent distinct evolutionary branches, or ‘clades,’ and differences in behavior and ecology once used to distinguish them have also become increasingly difficult to maintain.
“I propose expanding Homo to include these other groups to provide a more accurate and stable way to represent the complex evolutionary relationships revealed by the growing fossil record.”
Modern taxonomy favors shared ancestry
Over the past 50 years, advances in evolutionary biology have changed how scientists organize the living world.
Modern taxonomy, the system used to name and classify organisms, increasingly seeks to reflect actual evolutionary relationships by grouping species according to common ancestry.
Human evolution has been slower to adopt that approach.
In recent decades, classification has increasingly focused on clades, groups that include a common ancestor and all of its descendants.
Traditional Homo traits no longer hold
Members of Homo have traditionally been distinguished by traits such as larger brains, sophisticated tool use, and particular anatomical and behavioral characteristics.
Those boundaries have become harder to defend. Some accepted members of Homo had very small brains, while complex behaviors also appear to have been present in Paranthropus and Australopithecus.
Dr Towle argues that moving Australopithecus and Paranthropus species into Homo would provide a more consistent picture of human evolution and reduce the need to repeatedly redraw taxonomic boundaries as new fossils and evidence emerge.
“The more we learn about our ancestors and close fossil relatives, the more we realize how complex and non-linear our family tree is,” Dr Towle said.
“Expanding the Homo genus to also include species of Australopithecus and Paranthropus will allow us to account for differences without regularly reclassifying particular groups.”
Reference: “Clades, Grades, and the Genus Problem: A Case for Revising Hominin Taxonomy” by Ian Towle, 18 August 2026,
American Journal of Biological Anthropology
DOI: 10.1002/ajpa.70344
Never miss a breakthrough:
Join the SciTechDaily newsletter.
Follow us on
Google News
Evolutionary Anthropology
Monash University
Paleoanthropology
Paleontology
Taxonomy
Articles
1.4-Million-Year-Old Footprints Reveal a Giant Human Relative
New Study Rewrites the Story of How Humans Got Bigger
Scientists Found an Ancient Human Relative Where None Was Expected
Earliest Interbreeding Between Ancient Human Populations Discovered – Evolutionary Puzzle Solved
New Evidence Shows Humans Mastered Fire Earlier Than Thought
Scientists Discover A New Species of Hominin
400,000 Year Old Fossil Helps Shed New Light on Human Evolution
Jaw Structures of Fossils Seems to Suggest That Three Homo Species Roamed Africa Concurrently
Burtele Foot Points to Other Past Hominins
Comments",full,,dom_or_structured_full_text,https://scitechdaily.com/the-human-family-tree-may-need-a-major-rewrite/,scitechdaily,综合科技,无,2026-09-03T23:53:03+00:00,基础科学与环境 > 考古与人类历史,基础科学与环境,考古与人类历史,"[{""path"":[""基础科学与环境"",""考古与人类历史""],""path_text"":""基础科学与环境 > 考古与人类历史"",""confidence"":0.97,""reason"":""研究古人类化石分类与人类演化谱系，属古人类与考古科学研究""}]",classified,2026-09-04T00:35:37.054244+00:00,glm-5.2,2026-08-14,
“Lower-Risk” Childhood Cancer May Be More Dangerous Than It Appears,2026-09-03,"Researchers have found that some rhabdomyosarcomas considered lower risk may harbor aggressive cancer cells that resemble those seen in high-risk disease. Credit: Stock
Researchers have uncovered new clues about why the childhood cancer rhabdomyosarcoma may become aggressive.
Some children diagnosed with rhabdomyosarcoma (RMS) appear to have lower-risk disease, yet their cancer can still become dangerously aggressive. Researchers have now uncovered biological similarities that may explain why, raising the possibility of identifying these children earlier and matching treatment more closely to their actual risk.
Childhood cancers differ from many cancers that develop in adults. Rather than being strongly associated with aging or environmental exposures, they commonly arise from developmental changes that increase the likelihood of cancer forming.
RMS is generally divided into two major groups based on whether a tumor carries a particular genetic risk marker. That marker forms when two genes that are normally separate become fused together. Children whose tumors contain this fusion have substantially poorer survival than those without it, even with intensive treatment.
But the usual classification does not explain every case. Some children whose tumors lack this high-risk marker nevertheless develop aggressive disease, leaving researchers with the question of what drives those cancers.
Single cells exposed hidden aggressive disease
Researchers at the Wellcome Sanger Institute, the University of Cambridge, and their collaborators set out to investigate what distinguishes these aggressive cancers in patients who had initially been categorized as non-high-risk.
They compared tumors from children with high-risk and non-high-risk RMS using genomic techniques that allowed them to examine cancer cells in much greater detail. One method, single-cell RNA sequencing, measures gene activity separately in individual cells rather than averaging signals across an entire tumor. That approach exposed aggressive cancer cells hidden within tumors that conventional classification had labeled non-high-risk.
The researchers also used spatial transcriptomics, a technique that preserves information about where cells are positioned inside tissue while measuring their gene activity. This allowed them to see how aggressive cell populations were arranged throughout the tumors.
The results showed that aggressive tumors from children classified as non-high-risk had patterns of gene activity closely resembling those found in high-risk tumors, even though they did not carry the established genetic risk marker.
The researchers also identified rare genetic alterations in aggressive non-high-risk tumors that disrupted the same cellular pathways affected in high-risk disease. This indicates that different genetic changes can ultimately lead cancer cells toward a similar aggressive state.
Different mutations converge on aggressive disease
Finding distinctive markers on these high-risk cells could eventually help researchers develop more targeted treatments. Possible approaches include immunotherapies such as CAR-T cell therapy, which could potentially attack cancer cells more selectively while limiting some of the side effects associated with conventional chemotherapy.
The researchers also hope the findings could eventually improve how children are classified at diagnosis. More accurate identification of aggressive tumors could allow clinicians to intensify treatment for patients most likely to relapse while sparing genuinely lower-risk patients from unnecessary treatment toxicity.
To build on the findings, the researchers are expanding their analysis to hundreds of additional tumor samples. Their goal is to uncover more of the rare genetic routes that can produce aggressive childhood cancer and support the development of more precise treatments for young patients.
Findings could refine treatment decisions
Dr Karin Straathof, co-senior author at UCL Cancer Institute and GOSH, said: “By studying tumors one cell at a time, we uncovered hidden populations of aggressive cancer cells that conventional methods miss. Although these tumors carry different genetic changes, many converge on the same aggressive pathways. This helps explain why some children who appear to have lower risk disease can still have a devastating outcome.”
Sara Wakeling, Chief Executive Officer and co-founder of Alice’s Arc, said: “Every child with cancer deserves the best possible chance of survival. We’re proud to support research into rhabdomyosarcoma showing how cutting-edge technologies can uncover the biology driving aggressive childhood cancers. These discoveries bring us closer to more personalized treatments and better outcomes for children.”
Dr Laura Danielson, Children’s and Young Person’s Lead at Cancer Research UK, said: “Discovery research like this is essential to understand the unique biology of these cancers. This important study demonstrates that aggressive tumors may share similar features, even if they carry different genetic changes. By helping researchers understand what these high-risk cancers have in common, this work adds a vital piece to the puzzle and could help guide future efforts to improve treatment for children and young people with rhabdomyosarcoma.”
Professor Sam Behjati, co-senior author formerly at the Wellcome Sanger Institute and Head of the Department of Pediatrics at the University of Cambridge, said: “This work changes how we think about rhabdomyosarcoma. Rather than a single, abnormal gene, we’ve shown that there is an overarching cell state of aggressive disease that defies conventional classification systems. Understanding this shared biology could help identify children who need more intense treatment to improve their survival.”
Reference: “High-Risk Rhabdomyosarcomas Feature a Convergent Cell State” by Holly J. Whitfield, Nathaniel D. Anderson, Christina Burke, Marian J. Groot Koerkamp, Conor Parks, Toochi Ogbonnah, Yvette Wood, Alice Piapi, Emilia Robertson, Eleanor Watt, Abigail White, Solange De Noon, Jonathan Kennedy, Rajvi Nagrecha, Michael T. Meister, Ewa Aladowicz, Yang Kee Stella Man, Virginia Laspidea, Mi K. Trinh, Angus Hodder, Tarryn Porter, John E. Lawrence, Elizabeth Tuck, Trung Nguyen, Anna Kelsey, Adrienne M. Flanagan, Richard Hewitt, Naima Smeulders, Olga Slater, J. Ciaran Hutchinson, Neil Sebire, Janet M. Shipley, Jarno Drost, Karin Straathof and Sam Behjati, 19 August 2026,
Cancer Research
DOI: 10.1158/0008-5472.CAN-25-4403
This research was supported by a Cancer Research UK – Children with Cancer UK Innovation Award and co-funded by Alice’s Arc. Additional funding was provided by Wellcome.
Never miss a breakthrough:
Join the SciTechDaily newsletter.
Follow us on
Google News
Genetics
Immunotherapy
Oncology
Wellcome Trust Sanger Institute
Articles
Breaking the Laws of Biology: Scientists Expose Cancer’s “Secret Weapon”
Stanford Scientists Overturn Mendel’s Law With Shocking Cancer Discovery
Scientists Discover Over 3,000 Genetic Variants That Could Significantly Increase Your Risk of Ovarian and Breast Cancer
Scientists Have Identified Over 5000 High-Risk Cancer Gene Variants
Startling Discovery: Cancer Can Arise Without Genetic Mutations
Cancer Immunotherapy Treatment 2.5x More Effective With Mitochondrial DNA Mutations
Against the Odds: Genetic Code of Rare Kidney Cancer Cracked
Novel Treatment Makes Pancreatic Cancer Susceptible to Chemotherapy and Immunotherapy
Personalized Immunotherapy Could Potentially Be Used To Treat Metastatic Breast Cancer",full,,dom_or_structured_full_text,https://scitechdaily.com/lower-risk-childhood-cancer-may-be-more-dangerous-than-it-appears/,scitechdaily,综合科技,无,2026-09-03T23:53:05+00:00,生命科学与健康 > 医学与健康 > 临床医学与公共健康,生命科学与健康,临床医学与公共健康,"[{""path"":[""生命科学与健康"",""医学与健康"",""临床医学与公共健康""],""path_text"":""生命科学与健康 > 医学与健康 > 临床医学与公共健康"",""confidence"":0.85,""reason"":""研究儿童横纹肌肉瘤风险分层与病情进展的临床医学研究""}]",classified,2026-09-04T00:35:37.054244+00:00,glm-5.2,2026-08-14,
Scientists Warn a Common Eczema Remedy May Offer Little Relief,2026-09-03,"Eczema is a chronic inflammatory skin condition that can cause itching, dryness, redness, and irritation. Symptoms often come and go in flares, and treatment typically focuses on restoring the skin barrier, reducing inflammation, and avoiding triggers. Credit: Stock
Oral antihistamines are commonly used to relieve eczema symptoms, but new research from McMaster University found that they provide only limited benefit.
For people dealing with eczema, antihistamines may seem like an obvious way to ease itching and improve sleep. But a large review from
McMaster University
found that oral antihistamines provide little meaningful relief for eczema, and some commonly used versions may also cause cognitive side effects.
Many antihistamines are available without a prescription and are widely kept in households. They are often taken in hopes of reducing the itching and sleep disruption associated with eczema, also known as atopic dermatitis. Yet clinical guidelines have differed over whether to recommend them because the evidence for benefit has remained unclear.
Researchers addressed that uncertainty with a systematic review of 47 randomized trials involving 6,230 children and adults with mild to severe eczema. The analysis, published in the
, was the most comprehensive examination of the question to date. It found that oral antihistamines do not meaningfully improve the outcomes considered most important for controlling eczema and, in some cases, can increase the risk of cognitive impairment.
“Eczema care increasingly focuses on controlling skin and immune inflammation with moisturizers,
topical anti-inflammatory treatments
, and whole-body treatments like
phototherapy, biologics, and oral JAK inhibitors
. That makes it important to know whether antihistamines add important benefit or mostly add treatment burden and harm,” says senior author Derek Chu, associate professor with McMaster’s Department of Medicine, Canadian Institutes of Health Research Chair in Allergy, and Lead of Canada’s Allergy Clinical Trials Network.
Antihistamines offered little meaningful relief
The researchers separated the medications into two groups: newer, second-generation antihistamines and older, first-generation antihistamines.
Second-generation drugs – sold under brand names including Reactine, Claritin, Aerius, Allegra, Rupall, and Blexten – produced only small improvements in eczema severity and itching. Those changes were not large enough to meet what patients and clinicians would generally consider an important improvement.
The results were less favorable for first-generation antihistamines – commonly sold as Benadryl, Chlor-Tripolon and Polaramine – which produced no noticeable improvement in eczema symptoms. These older drugs, however, likely increase cognitive impairment, including drowsiness, confusion, slower thinking, and poorer performance at school or work. Evidence increasingly suggests that some of these effects can persist into the days after use.
Cognitive effects were much lower with newer second-generation antihistamines and varied by medication (bilastine, desloratadine, and fexofenadine being least sedating).
Findings challenge routine antihistamine use
“The findings support moving away from routine antihistamine use in atopic dermatitis care and toward treatments that are more effective, less likely to cause harm, and are more certain to control eczema inflammation. This may also help keep eczema control as simple and straightforward as possible, with patients focusing on high-value treatments,” says Chu, who holds a joint appointment with McMaster’s Department of Health Research Methods, Evidence and Impact.
The researchers emphasize that oral antihistamines still have an important role in treating allergic conditions such as hay fever, seasonal allergies, and hives.
Reference: “Antihistamines for atopic dermatitis (eczema): systematic review and network meta-analysis of randomised trials” by Alexandro W L Chu, Aaron Wen, Gordon H Guyatt, Muhammad Rao, Layla Bakaa, Irene X Zhao, Yetiani Roldan, Jonathan M Spergel, Jennifer LeBovidge, Mark Boguniewicz, Stephen A Martin, Mary Laura Lind, Jonathan I Silverberg, Peter A Lio, Rachel N Asiniwasis, Julie Wang, Anna De Benedetto, Matthew Greenhawt, Kathryn E Wheeler, Peck Y Ong, Winfred T Frazier, Harrison Nelson, Monica O’Brien, Korey Capozza, Wendy Smith Begolka, Donna D Gardner, Lynda C Schneider and Derek K Chu, 29 July 2026,
DOI: 10.1136/bmj-2026-100163
The work was commissioned by the American Academy of Allergy, Asthma & Immunology and American College of Allergy, Asthma and Immunology through the Joint Task Force on Practice Parameters for Atopic Dermatitis.
Never miss a breakthrough:
Join the SciTechDaily newsletter.
Follow us on
Google News
Dermatology
Inflammation
McMaster University
Articles
It’s Not Just in Your Head: Stress May Directly Worsen Eczema
Psoriasis Breakthrough: Scientists Restore Immune Balance Without Harsh Side Effects
Rewriting Textbooks: RNA, Not DNA, Is the True Culprit Behind Sunburns
NIH Scientists Discover Protein Behind Rare Genetic Skin Disorder
Gene for Sex Hormone Synthesis May Play Key Role in Eczema
Warning: Moisturizers May Be Turning Your Skin Into ‘Swiss Cheese’
Yale Researchers Identify a Genetic Mutation Linked to Acne
Ultraviolet Radiation Continues to Damage Skin After Sun Exposure
Resveratrol Inhibits the Growth of Bacteria that Causes Acne",full,,dom_or_structured_full_text,https://scitechdaily.com/scientists-warn-a-common-eczema-remedy-may-offer-little-relief/,scitechdaily,综合科技,无,2026-09-03T23:53:06+00:00,生命科学与健康 > 医学与健康 > 临床医学与公共健康,生命科学与健康,临床医学与公共健康,"[{""path"":[""生命科学与健康"",""医学与健康"",""临床医学与公共健康""],""path_text"":""生命科学与健康 > 医学与健康 > 临床医学与公共健康"",""confidence"":0.9,""reason"":""评估口服抗组胺药治疗湿疹疗效的临床证据研究""}]",classified,2026-09-04T00:35:37.054244+00:00,glm-5.2,2026-08-14,
Scientists Find a Surprising Cancer-Fighting Effect in Dark Sweet Cherries,2026-09-03,"A study found that cherry-derived anthocyanins were associated with reduced cancer spread to multiple organs and shifts in tumor gene activity. Credit: Shutterstock
Researchers found that natural compounds in dark sweet cherries could reduce tumor growth, metastasis, and treatment resistance in triple-negative breast cancer.
Natural pigments that give dark sweet cherries their deep red color may also affect how an aggressive form of breast cancer grows and spreads. In a mouse study from Texas A&M University, researchers found that these compounds were associated with slower tumor growth, less metastasis, and changes in gene activity tied to treatment resistance.
The researchers focused on anthocyanins, plant pigments responsible for the color of fruits such as dark sweet cherries, and their effects on triple-negative breast cancer, which has relatively few treatment options and a high risk of spreading to other parts of the body.
Researchers from the
Texas A&M University College of Agriculture and Life Sciences
, Texas A&M AgriLife Research, and College of Veterinary Medicine and Biomedical Sciences (VMBS) found that anthocyanin treatment slowed tumor growth, reduced cancer spread to several organs, and changed the activity of genes involved in metastasis and therapy resistance.
“Triple-negative breast cancer is considered ‘the worst’ because it is more aggressive, higher grade, and has a higher mitotic index, meaning the cancer cells divide quickly,” said Dr. Giuliana Noratto, AgriLife Research associate research scientist in the College of Agriculture and Life Sciences’ Department of Food Science and Technology. “All these characteristics make it more likely to spread to distant organs and recur compared to other breast cancer types.”
Triple-negative breast cancer differs from other forms of the disease because its cells lack estrogen receptors, progesterone receptors, and expression of HER2, a growth-promoting protein involved in regulating cell growth and multiplication.
Without those molecular targets, fewer treatment options are available, and the cancer is more likely to metastasize, particularly to the lungs and brain, according to Noratto.
Metastasis drove the study design
Instead of measuring only the size of primary tumors, the researchers also tracked metastatic spread because metastasis is the leading cause of cancer-related deaths.
“This is important because cancer lethality is primarily due to metastasis,” Noratto said. “A large primary tumor that does not metastasize may be more manageable, even curable if removed.”
Dr. Giuliana Noratto and Dr. Lauren Stranahan hold dark sweet cherries, which contain anthocyanins studied for their potential role in slowing the spread of triple-negative breast cancer. Credit: Texas A&M University
To examine whether anthocyanins could affect both processes, the researchers divided mice into four groups. One received no treatment, another received anthocyanins before tumors were implanted, a third received the chemotherapy drug doxorubicin after tumors formed, and a fourth received both anthocyanins and chemotherapy.
This setup allowed the researchers to investigate anthocyanins as a preventive approach while also testing whether the compounds might improve the effects of chemotherapy.
Anthocyanins slowed growth and spread
Mice given anthocyanin-rich dark sweet cherry extracts before tumor implantation developed tumors more slowly and showed no noticeable side effects. They also continued gaining weight during the study.
The researchers also analyzed gene expression within the tumors. Gene expression refers to which genes are switched “on” or “off,” providing clues about the cellular processes affected by dark sweet cherry anthocyanins, according to Noratto.
Dark sweet cherries contain anthocyanins, natural plant compounds studied by Texas A&M researchers for their potential role in slowing the spread of triple-negative breast cancer. Credit: Nadya Pichkasova/Texas A&M University College of Veterinary Medicine and Biomedical Sciences
Whether given alone or with chemotherapy, anthocyanins reduced the activity of genes associated with metastasis and therapy resistance, the process through which cancer cells adapt and continue surviving despite treatment.
Anthocyanin treatment also reduced cancer spread to the lungs compared with both untreated mice and those given chemotherapy alone. The likelihood of metastasis to the liver, heart, kidneys, and spleen was also lower, although the number and size of tumors differed between individual animals.
Tumor tissue revealed deeper changes
To connect these molecular findings with physical changes in the cancer, Dr. Lauren Stranahan, a VMBS veterinary pathologist, used histology—the microscopic examination of tissue samples.
Stranahan assessed how quickly cancer cells were dividing—known as the mitotic index—along with the extent to which metastatic cells had invaded different organs and whether that damage could impair organ function.
“Some tumors had a higher mitotic rate, so they were dividing faster,” she said.
Some tumors also contained areas of necrosis, or tissue death, which can develop when a rapidly growing tumor outpaces its available blood supply.
Stranahan also studied the presence of immune cells within tumors, including T lymphocytes, which help the immune system identify and destroy abnormal cells, including cancer cells.
“When we’re evaluating how aggressive a cancer is, we can also evaluate, ‘is that cancer able to reduce the number of T-cells that are coming after it?’” she said.
Cancer treatment may require combinations
The findings also fit with a broader shift in cancer research toward combining multiple approaches rather than depending on a single therapy.
“What we’re understanding about cancer now is that no single treatment is going to be effective against a cancer,” Stranahan said. “You’re going to have to employ a number of different treatments.”
Noratto said diet-derived compounds could fit within that broader strategy by acting on cancer-related processes that standard treatments do not completely address, giving researchers additional biological pathways to investigate.
Stranahan also emphasized the value of combining expertise from different scientific fields when studying a disease as complex as cancer.
“The more people you have with different skill sets coming together, the better you can evaluate a study from different angles, from unique perspectives, and the stronger the study is going to be,” Stranahan said.
She added that veterinary pathologists can contribute to many types of biomedical research, extending well beyond studies focused specifically on animal health.
“We do a lot of diagnostic work here for patients in the (Texas A&M) Veterinary Medical Teaching Hospital, but we can also provide a lot of research support,” Stranahan said.
The results remain preliminary, and further research will be needed to clarify how anthocyanins affect tumor behavior, including questions about their safety, absorption, and possible use alongside established cancer treatments.
The publication also acknowledges the broader community that supported the work.
“This publication is dedicated to the memory of Burdette Jerome ‘BJ’ Thurlby, late president of the Washington State Fruit Commission, whose enthusiasm for scientific discovery and support of cherry research have left a lasting impact on cherry research and the scientific community,” Noratto said.
Reference: “Dark Sweet Cherry Anthocyanins Suppressed Triple-Negative Breast Cancer Pulmonary Metastasis and Downregulated Genes Associated with Metastasis and Therapy Resistance In Vivo” by Ana Nava-Ochoa, Lauren W Stranahan, Rodrigo San-Cristobal, Susanne U Mertens-Talcott and Giuliana D Noratto, 25 July 2025,
International journal of molecular sciences
DOI: 10.3390/ijms26157225
Never miss a breakthrough:
Join the SciTechDaily newsletter.
Follow us on
Google News
Chemotherapy
Food Science
Nutrition
Texas A&M University
Articles
New Research Finds Shocking Link Between Chili Peppers and Cancer
Common Food Preservatives Linked to Increased Risk of Cancer
New Research Uncovers How Yogurt’s Probiotics May Help Reduce Cancer Risk
Beefing Up Immunity: Nutrient Found in Meat and Dairy Improves Cancer Defense
New Study Alarms: Ultra-Processed Foods Linked to Increased Risk of Cancer & Death
Ultra-Processed Foods Linked to Colorectal Cancer in Men
Ultra-Processed Foods Linked With Heart Disease, Bowel Cancer and Death
Artificial Sweeteners May Not Be Safe Sugar Alternatives – New Study Indicates Increased Cancer Risk
Study Finds Cutting Back on Red Meat Has Little Impact on Health",full,,dom_or_structured_full_text,https://scitechdaily.com/scientists-find-a-surprising-cancer-fighting-effect-in-dark-sweet-cherries/,scitechdaily,综合科技,无,2026-09-03T23:53:08+00:00,生命科学与健康 > 生物医药 > 药物研发与产业,生命科学与健康,药物研发与产业,"[{""path"":[""生命科学与健康"",""生物医药"",""药物研发与产业""],""path_text"":""生命科学与健康 > 生物医药 > 药物研发与产业"",""confidence"":0.8,""reason"":""樱桃花青素对三阴性乳腺癌生长和转移的抑制研究，涉及潜在治疗物质""}]",classified,2026-09-04T00:35:37.054244+00:00,glm-5.2,2026-08-14,
Galaxies May Be Mimicking the Dark Matter Signals Astronomers Have Been Hunting,2026-09-03,"Most galaxies are likely surrounded by long filaments of orbiting stars known as stellar streams. In a new study from the University of Washington, astronomers simulated stellar streams — pictured here as multicolored streaks — as they orbited virtual host galaxies to test a leading theory about how dark matter might influence the streams’ shape. The results could help researchers separate true evidence of dark matter from false positives. Credit: Visualization by Arpit Arora and Adrian Price-Whelan. Milky Way image credit: Stefan Payne-Wardenaar
Galaxies can create many of the same stellar stream distortions that astronomers have looked to as possible signs of dark matter.
Astronomers have long hoped that gaps, bends, and other distortions in long bands of stars around the Milky Way could reveal the hidden influence of dark matter. But new simulations suggest many of those features can arise from the galaxy itself, even without the small dark matter clumps thought to produce them.
University of Washington researchers modeled roughly 15,000 of these bands, known as stellar streams, across four Milky Way-sized galaxies. The simulations omitted small dark matter clumps called subhalos. After five billion simulated years, irregularities appeared in nearly every stream, and only 70 remained perfectly smooth.
“In our simulations, the host galaxies alone caused the same kinds of irregularities that we observe in real stellar streams,” said lead author Arpit Arora, a UW postdoctoral scholar in astronomy. “Now that we can predict what the host galaxy does on its own, we can start isolating the part that dark matter is responsible for.”
The study was published in
The Astrophysical Journal
Galaxies alone can disrupt stellar streams
The distortions arose from the structure of the galaxies themselves. Stars were distributed somewhat unevenly across each simulated disk, creating regions of greater and lesser density similar to those in a real galaxy. As stellar streams passed through denser areas, the uneven gravitational landscape bent and tore at them.
Arora had expected the galaxies to produce some irregularities, but not nearly so many.
“We found that almost all of the streams had some sort of structural variation,” Arora said. “So this idea that streams are naturally thin and smooth wasn’t really necessarily true.”
The simulations produced wiggles, kinks, spurs, branches, gaps, and clumps. Some streams were completely torn apart by the gravitational froth of their host galaxies. Those orbiting closer to the galactic core encountered dense, clumpy regions more often and developed more irregularities.
Stream irregularities may have another source
The result complicates efforts to use stellar streams to investigate dark matter, a theorized substance that does not interact with light or normal matter except through gravity.
“Dark matter makes up most of the mass in the universe and forms the scaffolding that galaxies grow on, but we still don’t know what it is,” said co-author Nora Shipp, a UW assistant professor of astronomy. “The Milky Way is one of the best laboratories we have for figuring that out, and stellar streams are one of the sharpest tools inside it.”
A selection of virtual stellar streams shows the variety of bends, wiggles, kinks and gaps that the simulations produced. Out of roughly 15,000 streams, only 70 were featureless. Credit: Arora et. al/The Astrophysical Journal
Most stars in the Milky Way lie in a relatively flat plane, while stellar streams follow different paths around the galaxy. A stream forms when a group of stars crashes into a galaxy and becomes trapped by its gravity. As the stars orbit, the
galaxy stretches the cluster into a long, thin filament
. Most galaxies host stellar streams, though those around the Milky Way are the most visible to astronomers.
Many stellar streams in our galaxy contain gaps and kinks. Astronomers have proposed that some of these features could result from encounters with dark matter subhalos. If so, their distortions could provide information about the composition of dark matter. The new simulations show that astronomers must first account for similar features produced by the host galaxy itself.
Dark matter fingerprints remain to be isolated
Arora now plans to add dark matter clumps to future simulations and test whether they create patterns that can be distinguished from those caused by the galaxy alone.
New observations could help make that distinction. The Simonyi Survey Telescope at the NSF-DOE Vera C. Rubin Observatory is expected to discover many more stellar streams in the Milky Way. Those observations could help astronomers classify stream features and search for signatures that can be more confidently linked to dark matter.
“Sadly there’s no magic wand to reveal the structure of dark matter,” said James Davenport, a research assistant professor of astronomy at the UW. “Streams are complex systems, but they’re still the most interesting way to study the dark matter close to home.”
Reference: “No Stream Left Unscathed: The Imprint of a Host Galaxy” by Arpit Arora, Peter S. Ferguson, Jacob Nibauer, Nora Shipp, Videep Reddy, Eugene Vasiliev, Jack Kohm, Laurella C. Marin, Adrian M. Price-Whelan, Denis Erkal, Sarah Pearson, Andrew Wetzel, Jeremy Bailin and Robert Feldmann, 27 August 2026,
The Astrophysical Journal
DOI: 10.3847/1538-4357/ae89af
This research was funded by the Gordon and Betty Moore Foundation.
Never miss a breakthrough:
Join the SciTechDaily newsletter.
Follow us on
Google News
Astronomy
Astrophysics
Dark Matter
Milky Way
University of Washington
Articles
Dark Matter Dynamics: Exploring the Strange Milky Way Satellite, Crater 2
Galactic Surprise: Milky Way’s Slower Outer Stars Suggest Dark Matter Overestimated
Dark Matter and Galactic Collisions: Harvard Astronomers Explain the Milky Way’s Mysterious Warp
Strange Galactic Signal Coming From the Center of the Galaxy Has Potential New Explanation
Ancient Dwarf Galaxy Shredded in a Collision With the Milky Way May Help in Search for Dark Matter
Strangely Massive Black Hole Discovered in Milky Way Satellite Galaxy
Dark Matter “Counterweight” Is Slowing the Spin of the Milky Way’s Galactic Bar
New All-Sky Map of Milky Way’s Outer Reaches Released – Could Offer a New Test of Dark Matter Theories
Milky Way’s Dark Side Revealed by Measurements of Pulsar Acceleration
Comments",full,,dom_or_structured_full_text,https://scitechdaily.com/galaxies-may-be-mimicking-the-dark-matter-signals-astronomers-have-been-hunting/,scitechdaily,综合科技,无,2026-09-03T23:53:10+00:00,基础科学与环境 > 天文与空间科学,基础科学与环境,天文与空间科学,"[{""path"":[""基础科学与环境"",""天文与空间科学""],""path_text"":""基础科学与环境 > 天文与空间科学"",""confidence"":0.96,""reason"":""模拟恒星流研究暗物质信号的基础天文学研究""}]",classified,2026-09-04T00:35:37.054244+00:00,glm-5.2,2026-08-14,
New AI Detects Hidden Warning Signs of Solar Eruptions Hours Before They Emerge,2026-09-03,"An NJIT-led research team has developed an AI system that can spot faint warning signals of solar active regions, potential precursors to solar storms, nearly nine hours before they become visible. Credit: NASA’s Goddard Space Flight Center/SDO
AI detected faint signs of emerging solar active regions about nine hours before they became visible on average.
Before a sunspot darkens the Sun’s visible surface, the magnetic activity that creates it is already developing out of sight. Those early changes are faint, but researchers say artificial intelligence can now recognize them hours before a new solar active region becomes visible.
A model called EarlyDetect detected signs of emerging active regions an average of nearly nine hours ahead of their appearance. The system was developed by a New Jersey Institute of Technology (NJIT) led research team and described Aug. 14 in the
Journal of Geophysical Research: Machine Learning and Computation
EarlyDetect searches for precursor patterns in both the Sun’s acoustic activity and magnetic field, signals that scientists have previously struggled to identify reliably.
NJIT undergraduate researcher Jonas Tirona, the study’s corresponding author, developed the model with computer scientists and solar physicists at NJIT and collaborators from Princeton University and NASA’s Ames Research Center. The work used observations collected by NASA’s Solar Dynamics Observatory (SDO).
“The most valuable thing this work shows is that we can use machine learning to predict when solar active regions will emerge in advance,” said Tirona, an incoming senior computer science major and Albert Dorman Honors College scholar. “That early warning could allow satellite communications companies or power grid companies to prepare and potentially mitigate damage from solar storms.”
This visualization shows the emergence of solar active region AR11158 using magnetic-field, continuum-intensity, and acoustic-power observations. A drop in acoustic power appears first, providing an early sign of emergence, followed by changes in intensity and magnetic field. The visualization demonstrates the data-analysis pipeline behind EarlyDetect, a machine-learning model being developed to forecast active-region emergence. The model is not yet operational. Credit: Irina N. Kitiashvili (NASA Ames Research Center) and Spiridon Kasapis (Princeton University).
Faint solar vibrations reveal hidden activity
Active regions are areas of intense magnetic activity where sunspots develop. Their emergence unfolds over several hours, while complete development can require anywhere from one to several days.
Before those regions reach the surface, rising magnetic fields subtly alter acoustic waves moving through the Sun. Scientists can study these vibrations using helioseismology, which examines waves inside the Sun to learn about processes that cannot be observed directly.
EarlyDetect searches for these signals by analyzing hourly maps of acoustic power together with measurements of the solar magnetic field from NASA’s Solar Dynamics Observatory.
The acoustic maps come from sound wave measurements recorded every 45 seconds by the Helioseismic and Magnetic Imager (HMI) aboard SDO.
“The main difficulty is that an active region begins developing beneath the Sun’s visible surface, where we cannot directly observe the magnetic structure,” said Alexander Kosovichev, distinguished professor of physics at NJIT and co-principal investigator of the project. “Instead, we’re looking for very small changes in the magnetic field and in the pattern of acoustic waves continually traveling through the Sun. It’s more like detecting a slight change in rhythm within a very noisy orchestra.”
Removing noise made forecasts worse
EarlyDetect is built around a Transformer architecture, the same broad type of AI technology used by large language models such as ChatGPT. Instead of learning statistical patterns in language, however, this model searches solar measurements for patterns that precede changes in the Sun’s activity.
When Tirona joined the project last year, the researchers were using a filtering method intended to make important solar patterns easier for the model to recognize. Testing revealed the opposite. Filtering the observations actually reduced the quality of the forecasts.
“That surprised us most,” Kosovichev said. “We initially expected it to help isolate useful short-timescale patterns. Instead, it averaged away the very faint fluctuations that provided the earliest warning.”
“It’s kind of like noise canceling … it normally removes the loud noises so you can see the overall trend better,” Tirona said. “But we found it was detrimental in almost every case. The signals that the filter removed turned out to be really important in helping the model predict when an active region would emerge.”
This video condenses nine days of solar activity into just four minutes, playing 3,240 times faster than real time. Credit: NASA’s Goddard Space Flight Center/SDO Producer: Scott Wiessinger (eMITS) Editor: Scott Wiessinger (eMITS) Visualizer: AJ Christensen (ADNET Systems, Inc.) Science writer: Miles S. Hatfield (Telophase) Music Credit: “Atomic Drift” from the album Molecular Echoes. Written and produced by Lars Leonhard.
EarlyDetect spots signals about nine hours early
After training EarlyDetect with measurements from NASA’s SDO/HMI, the researchers challenged it with active regions that were not included in its training data.
The strongest version of the model detected precursor patterns an average of 9.24 hours before the active regions became visible. Its performance exceeded both a standard Transformer model and an earlier benchmark method.
“Machine learning hasn’t been widely applied to solar activity forecasting yet,” said Mengjia Xu, assistant professor of data science at NJIT and principal investigator of the project. “Our work shows that advanced machine learning models can open new possibilities for future space weather prediction.”
The research was among the first projects supported by NJIT’s Grace Hopper AI Research Institute, which was established in 2025 to support interdisciplinary artificial intelligence research. The work also received support from NASA heliophysics and space weather research grants, including the NASA Science DRIVE Center,
Consequences Of Fields and Flows in the Interior and Exterior of the Sun
(COFFIES).
The researchers also made their data available for others to use. They released the Solar Active Region Emergence Dataset (SolARED), a public collection of active region observations assembled from SDO, as well as the Solar Active Region (SAR) Portal, an interactive platform for exploring the observations.
“This is the first public dataset for solar active region emergence,” Xu said. “It provides a shared resource for both the machine learning and heliophysics communities to develop and test new prediction approaches.”
Real-time forecasting remains out of reach
Despite its performance, EarlyDetect cannot yet serve as an operational real-time forecasting system, Tirona cautioned. It was trained using known emergence events and can still generate false alarms or predictions that arrive too late.
Detecting the emergence of an active region also does not mean that a solar flare or coronal mass ejection is about to happen. Many active regions never generate major eruptions, and the researchers still need to test the model across a much larger number of solar events.
“I hope this project brings more awareness to how machine learning can contribute to heliophysics,” Tirona said. “It would be really cool if a model like this could someday help predict solar weather events. We’re not there yet — but this is an exciting step.”
Reference: “Forecasting Continuum Intensity for Solar Active Region Emergence Prediction Using Transformers” by Jonas Tirona, Sarang Patil, Spiridon Kasapis, Eren Dogan, John Stefan, Irina N. Kitiashvili, Alexander G. Kosovichev and Mengjia Xu, 14 August 2026,
Journal of Geophysical Research: Machine Learning and Computation
DOI: 10.1029/2025JH001207
This work was supported by the New Jersey Institute of Technology (NJIT) Grace Hopper AI Research Institute (GHAIRI) Seed Grant (Grant 179025). This work is supported by the NASA AI/ML HECC Expansion Program, and the NASA Grants 24-HGIO24_2-0101, 23-HGIO23_2-0077, 20-HSR20_2-0037, 80NSSC19K0630, 80NSSC19K0268, 80NSSC20K1870, and 80NSSC22M0162. Xu and Patil were partially supported by the DOE SEA-CROGS project (DE-SC0023191) and the AFOSR project (FA9550-24-1-0231).
Never miss a breakthrough:
Join the SciTechDaily newsletter.
Follow us on
Google News
Artificial Intelligence
Machine Learning
New Jersey Institute of Technology
Solar Storms
Space Weather
Articles
AI Technique Ushers In New Era of High-Resolution Simulations of the Universe
AI “Magic” Just Removed One of the Biggest Roadblocks in Astrophysics
Seeing Quadruple: Artificial Intelligence Leads to Discovery That Can Help Solve Cosmological Puzzles
Doubling the Number of Known Gravitational Lenses Using Artificial Intelligence
Artificial Intelligence Classifies Real Supernova Explosions With Unprecedented Accuracy
Artificial Intelligence Helps Understand the Evolution of Young Stars and Their Planets
Milestone for Planetary Scientists As AI Helps Discover Fresh Craters on Mars
50 New Planets Confirmed in Machine Learning First – AI Distinguishes Between Real and “Fake” Planets
Artificial Intelligence Examines Over 200,000 Galaxies to Confirm Galaxy Mergers Ignite Starbursts",full,,dom_or_structured_full_text,https://scitechdaily.com/new-ai-detects-hidden-warning-signs-of-solar-eruptions-hours-before-they-emerge/,scitechdaily,综合科技,无,2026-09-03T23:53:12+00:00,基础科学与环境 > 天文与空间科学,基础科学与环境,天文与空间科学,"[{""path"":[""基础科学与环境"",""天文与空间科学""],""path_text"":""基础科学与环境 > 天文与空间科学"",""confidence"":0.7,""reason"":""研究太阳活动区早期预警信号，属太阳物理观测研究""}]",classified,2026-09-04T00:35:37.054244+00:00,glm-5.2,2026-08-14,
NASA Breaks the Sound Barrier With New Mars Helicopter Rotors,2026-09-03,"Engineer Jaakko Karras inspects a next-generation Mars helicopter rotor blade prior to testing it at supersonic speeds in the 25-Foot Space Simulator at NASA’s Jet Propulsion Laboratory in November 2025. Credit: NASA/JPL-Caltech
NASA’s new Mars helicopter rotors survived supersonic testing, boosting lift by 30% and paving the way for heavier, more capable aerial explorers on the Red Planet.
engineers have successfully pushed helicopter rotor blades past the speed of sound during tests designed to support future Mars missions. The experiments, conducted in March at NASA’s Jet Propulsion Laboratory (JPL) in Southern California, showed that rotor blade tips could safely exceed Mach 1 inside a chamber built to recreate conditions on the Red Planet. Information collected during 137 test runs will help engineers develop aircraft capable of carrying larger payloads, including scientific instruments.
“NASA had a great run with the Ingenuity Mars Helicopter, but we are asking these next-generation aircraft to do even more at the Red Planet,” said Al Chen, Mars Exploration Program manager at JPL. “That’s not an easy ask. While everything about Mars is hard, flying there is just about the hardest thing you can do. That’s because its atmosphere is so incredibly thin that it is hard to generate lift, and yet Mars has significant gravity.”
Ingenuity made history on April 19, 2021,
when it achieved the first powered and controlled flight on another world
. However, the helicopter was built as a technology demonstration and carried no scientific instruments. NASA’s newly announced SkyFall project and other future Mars aircraft are being designed to transport science tools and sensors that can gather valuable data for future robotic and human exploration missions. These aircraft could also take advantage of low-altitude aerial exploration to study areas that are difficult to reach from the ground.
NASA’s Ingenuity Mars Helicopter does a slow spin test of its blades on April 8, 2021, the 48th Martian day, or sol, of the mission. The rotorcraft, captured here by the Mastcam-Z instrument aboard NASA’s Perseverance rover, completed its historic first flight less than two Earth weeks later. Credit: NASA/JPL-Caltech/ASU/MSSS
For rotorcraft, greater thrust typically comes from either faster rotation speeds or larger rotor diameters. While that principle also applies on Earth, designing helicopters for Mars requires engineers to push the technology much further. Mars’ atmosphere is only about 1% as dense as Earth’s, meaning rotor blades must approach the speed of sound to generate enough lift. On Earth, small rotor systems can spin at extremely high speeds, but the denser atmosphere provides far more air molecules to push against, reducing the need to reach near supersonic conditions.
Why Flying on Mars Is So Difficult
During Ingenuity’s 72 flights on Mars, engineers kept the helicopter’s composite-skinned foam rotor blades below 2,700 rpm for two main reasons. They wanted to avoid the unpredictable effects that occur near the sound barrier and ensure sudden wind gusts, such as those caused by dust devils, would not push the rotor tips into supersonic speeds.
“If Chuck Yeager were here, he’d tell you things can get squirrely around Mach 1,” said JPL’s Jaakko Karras, the rotor test lead. “With that in mind, we planned Ingenuity’s flights to keep the rotor blade tips at Mach 0.7 with no wind so that if we encountered a Martian headwind while in flight, the rotor tips wouldn’t go supersonic. But we want more performance from our next-gen Mars aircraft. We needed to know that our rotors could go faster safely.”
Inside the dark chamber of JPL’s 25-Foot Space Simulator, an engineer examines a test stand used to investigate the performance of next-generation Mars helicopter rotor blades at high speeds. The image was taken in November 2025. Credit: NASA/JPL-Caltech
At sea level on Earth, Mach 1 is about 760 mph (1,223 kph). On Mars, the speed of sound is much lower at roughly 540 mph (869 kph) because of the planet’s thin, cold atmosphere that is rich in carbon dioxide.
Supersonic Rotor Tests Inside NASA’s Mars Chamber
To test the new rotor systems, Karras and his team used a three-bladed rotor built by AeroVironment of Simi Valley, California. The rotor was mounted inside JPL’s historic 25-Foot Space Simulator, a chamber capable of recreating the Martian atmosphere. Engineers removed the air inside the chamber and replaced it with carbon dioxide at pressure levels similar to those found on Mars. The rotor was then exposed to increasing wind speeds while spinning faster and faster.
As a safety measure, parts of the chamber were lined with sheet metal in case the blades shattered during testing. From a nearby control room, engineers monitored live data and video feeds as the rotor speed climbed to 3,750 rpm. At that point, the blade tips were traveling at Mach 0.98. Engineers then introduced strong headwinds into the chamber, increasing the wind speed after each test run.
Eventually, the rotor tips reached Mach 1.08, increasing the aircraft’s lifting capability by 30%. The improvement could allow future Mars helicopters to carry larger scientific payloads, more advanced sensors, and bigger batteries for longer flights.
The team also tested a two-bladed rotor designed for the SkyFall mission concept. Because the blades are slightly longer than the three-bladed design, the rotor only needed to reach 3,570 rpm to achieve similar near-supersonic tip speeds before headwinds were introduced.
SkyFall Helicopters Could Carry Heavier Science Payloads
“The successful testing of these rotors was a major step toward proving the feasibility of flight in more demanding environments, which is key for next-gen vehicles,” said Shannah Withrow-Maser, an aerodynamicist from NASA’s Ames Research Center in Silicon Valley and member of the test team. “We thought we’d be lucky to hit Mach 1.05, and we reached Mach 1.08 on our last runs. We’re still digging into the data, and there may be even more thrust on the table. These next-gen helicopters are going to be amazing.”
The SkyFall mission team has already incorporated the test results into its design requirements. Inspired by Ingenuity, which remains the only aircraft to fly on another planet, the mission is planned to deliver three next-generation Mars helicopters to the Red Planet in December 2028.
The faster-than-sound spin test campaign was funded by the agency’s Mars Exploration Program in pursuit of maximizing the capability of future aircraft flying at the Red Planet.
Never miss a breakthrough:
Join the SciTechDaily newsletter.
Follow us on
Google News
Ingenuity Mars Helicopter
Articles
The Mars Helicopter That Survived 72 Flights and Changed Planetary Exploration
Charting the Red Planet: How Open Science Fuels Mars Exploration
Epic Mars Selfie: NASA’s Perseverance Rover With the Ingenuity Helicopter
NASA’s Ingenuity Mars Helicopter Survives First Frigid Martian Night on Its Own
NASA’s Ingenuity Mars Helicopter Prepares for Takeoff
It’s Cold on Mars – What Temperatures As Low as -130°F Mean for NASA’s Ingenuity Helicopter
NASA Ingenuity Mars Helicopter – With a Piece of the Wright Brothers’ Plane – Prepares for First Flight on Another Planet
NASA’s Ingenuity Helicopter Reports In From Mars
NASA’s Mars Helicopter Gets an Ingenious Name From Alabama High School Student",full,,dom_or_structured_full_text,https://scitechdaily.com/nasa-breaks-the-sound-barrier-with-new-mars-helicopter-rotors/,scitechdaily,综合科技,无,2026-09-03T23:53:14+00:00,通用技术 > 通信和运输 > 航天,通用技术,航天,"[{""path"":[""通用技术"",""通信和运输"",""航天""],""path_text"":""通用技术 > 通信和运输 > 航天"",""confidence"":0.9,""reason"":""核心事件是NASA下一代火星直升机旋翼的超音速测试，属航天器技术研发。""}]",classified,2026-09-04T00:35:44.129291+00:00,glm-5.2,2026-08-14,
First fully solvent-free perovskite-silicon tandem solar cell reaches 27.3% efficiency,2026-09-03,"First fully solvent-free perovskite-silicon tandem solar cell reaches 27.3% efficiency
Researchers at the University of Freiburg's Early-Career Research Group on Optoelectronic Thin-Film Materials (INATECH) and the Fraunhofer Institute for Solar Energy Systems (Fraunhofer ISE), together with Martin Luther University Halle, Universidad Pablo de Olavide, and the King Abdullah University of Science and Technology (KAUST), have fabricated what is described as 'the world's first perovskite-silicon tandem solar cell manufactured entirely without solvents'.
The device reached a champion power conversion efficiency (PCE) of 27.3%, stabilized at 27.0%, and retained 97.06% of its initial efficiency after 6,800 hours of dark storage in a nitrogen atmosphere.
Thermal evaporation offers a solvent-free, industry-compatible route to depositing perovskite films, but the mechanisms governing perovskite formation during sequential evaporation, particularly on the textured silicon substrates used in high-efficiency tandems, have remained poorly understood. Solution-processed single-junction perovskite cells have reached efficiencies as high as 28%, but their limited upscaling potential and reliance on toxic solvents have hindered industrial adoption. Co-evaporation, an alternative vapor-deposition approach, struggles with precise stoichiometric control because of material-flux fluctuations and crosstalk between organic and inorganic precursors inside the deposition chamber. Sequential deposition avoids that problem, since the perovskite precursors mix during or after deposition rather than requiring multiple evaporation rates to be aligned simultaneously, which the researchers say makes it faster and more favorable for industrial scale-up.
At the heart of the work is a wide-bandgap (Cs,FA)Pb(I,Br)
perovskite absorber built entirely by physical vapor deposition: four sequentially evaporated layers, lead bromide, lead iodide, formamidinium iodide, and cesium iodide, deposited onto a silicon heterojunction bottom cell, with the hole-transport layer also evaporated rather than solution-processed. An evaporated ethylenediammonium diiodide (EDAI) passivation layer followed the perovskite, then a 15 nm evaporated C60 electron-transport layer, 20 nm of tin oxide by atomic layer deposition, sputtered indium tin oxide, and silver and magnesium fluoride top contacts. The resulting two-terminal tandem reached an open-circuit voltage of almost 1,900 mV alongside its 27.3% champion efficiency.
To understand how the perovskite phase actually forms during this process, the team fitted in-situ X-ray diffraction directly to their evaporation chamber and combined it with electron microscopy, X-ray photoelectron spectroscopy, and time-of-flight secondary ion mass spectrometry, comparing planar silicon against industry-relevant micro-textured silicon with pyramid features above 1 µm. Textured silicon converted the lead halides into perovskite more completely than planar silicon: the initial lead-halide layers formed more porously on textured surfaces, compared with a compact, distinctly layered structure on planar substrates, letting formamidinium iodide penetrate deeper and react more fully even before annealing. Planar substrates showed greater bromine incorporation into the final perovskite lattice alongside a residual, unreacted layer of lead iodide, while textured substrates showed no detectable residual lead-halide phase.
Achieving high performance required both elevated annealing temperatures and an ambient atmosphere, a combination the researchers found narrows the usable choice of hole-transport layer: two of the four materials they tested, Spiro-TTB and TaTm, degraded under the annealing conditions needed for good device performance. The team's evaporated EDAI passivation layer separately improved surface electronic properties, producing a more uniform surface potential and shifting the work function toward the conduction band, with evidence that the EDAI penetrates below the perovskite surface rather than remaining confined to it.
Fraunhofer ISE and the University of Freiburg frame the result as a foundation for further optimization rather than an end point, noting that the in-situ diagnostic work now gives the team a detailed, mechanistic picture of how the perovskite film forms during deposition and annealing on textured silicon. The institutions describe identifying the right combination of solvent-free deposition methods as a necessary step for moving perovskite-silicon tandems from laboratory demonstrations toward reliable, large-scale, high-throughput industrial manufacturing.
Sep 03,2026 by
Roni Peleg
Similar Entries
DOE announces $12 million space photovoltaics funding opportunity, with strong emphasis on perovskite technology
Simple polymer tweak pushes perovskite solar cell efficiency to 22.8%
University of Sydney receives funding to advance perovskite-silicon tandem solar cells
Dual-molecule passivation boosts inverted perovskite solar cell efficiency to 24.6%
Japan to end silicon solar panel subsidies, quadruple perovskite support for FY2027
Mellow Energy's flexible perovskite roof reaches 19.1% efficiency in on-vehicle validation with FAW
Caesium chloride seed layer boosts evaporated tandem solar cells to 30.3%
Chiral hole-transport molecules lift perovskite solar cell efficiency to 20.64%",full,,dom_or_structured_full_text,https://www.perovskite-info.com/first-fully-solvent-free-perovskite-silicon-tandem-solar-cell-reaches-273,perovskite-info,光伏,LED、量子点、燃料电池、传感器,2026-09-03T23:53:18+00:00,零碳产业 > 能量循环 > 能源测 > 发电技术 > 光伏,零碳产业,光伏,"[{""path"":[""零碳产业"",""能量循环"",""能源测"",""发电技术"",""光伏""],""path_text"":""零碳产业 > 能量循环 > 能源测 > 发电技术 > 光伏"",""confidence"":0.95,""reason"":""核心是无溶剂钙钛矿-硅叠层太阳能电池的制备与效率成果。""}]",classified,2026-09-04T00:35:44.129291+00:00,glm-5.2,2026-08-14,
国家发展改革委召开“六张网”重大项目协调推进机制会-索比光伏网,2026-09-03,"2026年9月2日，国家发展改革委党组成员、副主任岳修虎同志主持召开“六张网”重大项目协调推进机制会，研究完善政银企协作机制和项目库建设。会议专题研究推动各牵头部门和地方加快建设“六张网”项目库，加强与金融机构的信息共享，实现高效“投贷联动”;加快梳理一批具有吸引力的工程项目向社会公开推介，鼓励多元主体参与;更好发挥政府投资的撬动作用，同步完善价费形成等机制和配套支持政策，推动商业模式创新，形成共同推进“六张网”建设的合力。国家发展改革委、工业和信息化部、住房城乡建设部、水利部、国务院国资委、金融监管总局、国家能源局等部门，国家开发银行、中国工商银行、招商银行、中国人寿、国家融资担保基金等金融机构，以及国家信息中心、部分地方发展改革委和企业有关负责同志参加会议。
索比光伏网 https://news.solarbe.com/202609/03/50028587.html",full,,trafilatura_full_text,https://news.solarbe.com/202609/03/50028587.html,索比光伏,光伏,无,2026-09-03T23:53:42+00:00,公共政策与社会治理 > 政策法规 > 产业与能源政策,公共政策与社会治理,产业与能源政策,"[{""path"":[""公共政策与社会治理"",""政策法规"",""产业与能源政策""],""path_text"":""公共政策与社会治理 > 政策法规 > 产业与能源政策"",""confidence"":0.88,""reason"":""国家发改委重大项目协调推进机制会属政府产业投资协调政策。""}]",classified,2026-09-04T00:35:44.129291+00:00,glm-5.2,2026-08-14,
Kongsberg Maritime to equip new Cadeler T-class vessels,2026-09-03,"Kongsberg Maritime will supply an integrated technology package for two
wind turbine installation vessels under a newly secured contract with COSCO
Shipping Offshore.
The new vessels are being built for Cadeler. The company announced the
arrival of the T-class vessels in August as part of its long-term fleet
expansion strategy.
The T-class vessels have been designed to meet growing demand in the offshore
wind industry and will be equipped to support larger and more complex projects.
As part of the agreement, Kongsberg Maritime will supply the electrical,
automation and propulsion package for the vessels. This includes azimuth
thrusters, tunnel thrusters, dynamic positioning technology, power generation
and distribution systems, among other technologies.
The company said the package aims to provide high levels of operational
control, positioning accuracy and energy efficiency throughout the offshore
installation process.
Lisa Edvardsen Haugan, president and CEO of Kongsberg Maritime, said: ""As
offshore wind projects continue to evolve, vessel owners and operators
require systems that support operational performance, energy management
and precise vessel positioning.""
The Offshore Wind Ports Information Database
provides a comprehensive solution for project managers, operators and maintenance
teams in the sector. For more information, click",full,,trafilatura_full_text,https://www.tgs4c.com/news/kongsberg-maritime-to-equip-new-cadeler-t-class-vessels-nid33241.html,4C Offshore,风能,无,2026-09-03T23:54:11+00:00,零碳产业 > 能量循环 > 能源测 > 发电技术 > 风电,零碳产业,风电,"[{""path"":[""零碳产业"",""能量循环"",""能源测"",""发电技术"",""风电""],""path_text"":""零碳产业 > 能量循环 > 能源测 > 发电技术 > 风电"",""confidence"":0.85,""reason"":""两艘海上风电安装船的配套技术包服务于海上风电产业发展。""},{""path"":[""通用技术"",""通信和运输"",""水路运输""],""path_text"":""通用技术 > 通信和运输 > 水路运输"",""confidence"":0.8,""reason"":""新闻核心是新型船舶的推进、动力定位等装备方案。""}]",classified,2026-09-04T00:35:44.129291+00:00,glm-5.2,2026-08-14,
Germany has approved amendments to the Offshore Wind Energy Act,2026-09-03,"Germany has approved amendments to the Offshore Wind Energy Act TGS 4C | 4C Offshore News
Germany has approved amendments to the Offshore Wind Energy Act
Germany's cabinet has approved a draft amendment to the Offshore Wind Energy
Act (WindSeeG) to support a more cost effective expansion of offshore wind
energy while maintaining existing targets.
The reform introduces Contracts for Difference (CfDs) for offshore wind
projects and extends the standard project term from 25 to 35 years. Additional
measures have also been introduced to optimise grid connections.
The government said the changes are intended to improve project economics,
strengthen investment certainty and support energy security.
The draft also incorporates EU Net-Zero Industry Act requirements, including
cybersecurity and resilience criteria.
Federal Minister for Economic Affairs and Energy Katherina Reiche said
the reform will allow for “more investment security, more realistic auctions
and better use of the lines"".
For more information about offshore wind
farm projects across the globe, click",full,,trafilatura_full_text,https://www.tgs4c.com/news/germany-has-approved-amendments-to-the-offshore-wind-energy-act-nid33240.html,4C Offshore,风能,无,2026-09-03T23:54:13+00:00,公共政策与社会治理 > 政策法规 > 产业与能源政策,公共政策与社会治理,产业与能源政策,"[{""path"":[""公共政策与社会治理"",""政策法规"",""产业与能源政策""],""path_text"":""公共政策与社会治理 > 政策法规 > 产业与能源政策"",""confidence"":0.9,""reason"":""德国内阁批准海上风电法修正案属能源产业政策立法。""},{""path"":[""零碳产业"",""能量循环"",""能源测"",""发电技术"",""风电""],""path_text"":""零碳产业 > 能量循环 > 能源测 > 发电技术 > 风电"",""confidence"":0.8,""reason"":""该法案明确指向海上风电产业扩张机制。""}]",classified,2026-09-04T00:35:44.129291+00:00,glm-5.2,2026-08-14,
Tersan marks keel laying milestone for LS Marine cable laying vessel,2026-09-03,"Tersan marks keel laying milestone for LS Marine cable laying vessel TGS 4C | 4C Offshore News
Tersan marks keel laying milestone for LS Marine cable laying vessel
Tersan Shipyard has celebrated the keel laying of Hull No. NB1139, which
is being built for LS Marine Solutions.
The milestone marks the start of the cable laying vessel's construction
The vessel was designed by Norway based Salt Ship Design. The ship is 148
metres long and 31 metres wide, with a carousel capacity of 13,000 tons.
It is capable of installing both high-voltage AC and DC power cables, as
well as fiber-optic cables.
Once completed, the vessel will be named InterOcean and is intended to
support efficient and sustainable operations.
In the announcement, Tersan Shipyard emphasised how the partnership between
the two companies supports innovation in vessel design and construction
within the industry.
To access more information on subsea
cables for offshore wind and interconnector projects, as well as transmission
intelligence, click",full,,trafilatura_full_text,https://www.tgs4c.com/news/tersan-marks-keel-laying-milestone-for-ls-marine-cable-laying-vessel-nid33239.html,4C Offshore,风能,无,2026-09-03T23:54:16+00:00,通用技术 > 通信和运输 > 水路运输,通用技术,水路运输,"[{""path"":[""通用技术"",""通信和运输"",""水路运输""],""path_text"":""通用技术 > 通信和运输 > 水路运输"",""confidence"":0.88,""reason"":""核心事件是海缆铺设船开工建造，属船舶制造。""}]",classified,2026-09-04T00:35:44.129291+00:00,glm-5.2,2026-08-14,
Flotation Energy and Harbour Energy partner on North Sea electrification,2026-09-03,"Flotation Energy and Harbour Energy partner on North Sea electrification TGS 4C | 4C Offshore News
Flotation Energy and Harbour Energy partner on North Sea electrification
Flotation Energy and Harbour Energy have signed a memorandum of understanding
(MoU) to collaborate on the assessment of offshore electrification opportunities
in the North Sea.
The agreement combines Harbour Energy’s experience as a North Sea operator
with Flotation Energy’s expertise in floating offshore wind and electrification.
The collaboration will explore potential scenarios and develop understanding
of the technical, regulatory and commercial considerations associated with
offshore electrification.
The companies will bring together expertise from offshore wind and the
oil and gas sector to assess potential solutions that could support the
UK’s energy transition.
For more information about offshore wind
farm projects across the globe, click",full,,trafilatura_full_text,https://www.tgs4c.com/news/0d0aflotation-energy-and-harbour-energy-partner-on-north-sea-electrification-nid33238.html,4C Offshore,风能,无,2026-09-03T23:54:19+00:00,零碳产业 > 能量循环 > 能源测 > 发电技术 > 风电,零碳产业,风电,"[{""path"":[""零碳产业"",""能量循环"",""能源测"",""发电技术"",""风电""],""path_text"":""零碳产业 > 能量循环 > 能源测 > 发电技术 > 风电"",""confidence"":0.85,""reason"":""核心事件是两家公司合作评估北海海上风电与海上平台电气化方案，属于风电与海上电气化领域""}]",classified,2026-09-04T00:35:56.209469+00:00,glm-5.2,2026-08-14,
Scoping report submitted for the 1.8 GW Bellrock floating wind project,2026-09-03,"It was announced on August 1 that Nadara submitted a Scoping Report and
Habitats Regulations Appraisal (HRA) Screening Report to the Marine Directorate.
The scoping report is for the transmission infrastructure associated with
the proposed 1.8 GW Bellrock
floating offshore wind project.
The Scoping Report seeks a Scoping Opinion on the information to be included
in the Environmental Impact Assessment (EIA) Report for the Bellrock Offshore
Transmission Development Area.
Additionally, the HRA Screening Report will help identify any potential
impacts on European sites of nature conservation importance.
Bellrock Offshore Wind Farm secured development rights for the project
through Crown Estate Scotland's ScotWind leasing round. The proposed floating
wind farm would be located in the central North Sea off the coast of Aberdeenshire
and aims to provide clean energy to 1.7 million homes.
The project comprises three development areas: the Offshore Transmission
Development Area, the Wind Farm Development Area and the Onshore Transmission
Development Area. Separate consent and licence applications are being pursued
for each area.
For more information about offshore wind
farm projects across the globe, click",full,,trafilatura_full_text,https://www.tgs4c.com/news/scoping-report-submitted-for-the-1.8-gw-bellrock-floating-wind-project-nid33237.html,4C Offshore,风能,无,2026-09-03T23:54:21+00:00,零碳产业 > 能量循环 > 能源测 > 发电技术 > 风电,零碳产业,风电,"[{""path"":[""零碳产业"",""能量循环"",""能源测"",""发电技术"",""风电""],""path_text"":""零碳产业 > 能量循环 > 能源测 > 发电技术 > 风电"",""confidence"":0.92,""reason"":""核心事件是1.8GW Bellrock漂浮式海上风电项目提交规划范围报告，属风电项目开发""}]",classified,2026-09-04T00:35:56.209469+00:00,glm-5.2,2026-08-14,
"Rogo, Hebbia Revenue Rises as Claude Finance Threat Looms",2026-09-03,"AI startups that aim to supplant the grunt work of junior bankers, private equity analysts and corporate finance associates have attracted billions of dollars of funding. They also face nagging doubts about whether Anthropic and OpenAI will annihilate them before long. The two most highly valued finance AI startups— Rogo and Hebbia —have been trying to dislodge the naysayers with a blitz of new products, offices and newly announced customers. Both sell software and AI agents that can take written instructions and create a financial model, memo or a hundred-page pitch deck by plugging into the data providers banks pay for and into a firm's own files. Both use models from Anthropic, OpenAI and Google . But their growth has diverged. Rogo recently passed $50 million in annual recurring revenue, according to a person with direct knowledge of its business, up more than three times from $15 million at the end of 2025. The five-year-old startup founded by former investment bankers at Lazard and J.P. Morgan is on track to generate around $100 million in ARR by the beginning of next year, the person said. It employs more than 200 employees and has been hiring in Singapore, Tokyo and Sydney. The New York-based startup has raised $313.57 million from investors including Thrive Capital , Kleiner Perkins and Khosla Ventures , most recently valuing it at $2 billion in April. Meanwhile, Hebbia’s annual recurring revenue has risen to close to $50 million, a person with direct knowledge said. But it’s taken longer to reach that level than Rogo. Hebbia, founded in 2020 by a former Stanford University PhD student, was generating $13 million shortly after announcing its Series B round in July 2024, two people who have seen the pitch deck said. The person with direct knowledge confirmed the figure. Competition between the two firms is likely to heat up. Rogo initially landed customers from the founders’ alma maters as well as banks including Bank of America , Wells Fargo and BNP Paribas . Its flagship product Felix , launched in April, screen deals, write documents used in M&A processes or produce client decks. It’s now moving into selling to private equity, asset management, private credit and corporate development, the person with direct knowledge said. Hebbia, in turn, initially targeted private equity, private credit and hedge funds. It’s now moving into banking, a person close to the company said. A few months ago, Hebbia won a contract with Morgan Stanley that extends to about 5,000 of the investment bank’s workers, after a pilot of at least six months in which Hebbia competed with other vendors including Rogo, a person close to Hebbia said. Morgan Stanley bankers now use Hebbia to to review complex documents, analyze financial data, automate the work of junior banker and scale analysts’ productivity, according to a person close to the bank.  Morgan Stanley is also deploying Matrix , a product Hebbia revamped last week that lets customers build a custom agent and run many copies of it at once. Hebbia hired 100 people since January, opening offices across London, San Francisco and New York, and now employs 180 employees. It raised $159 million from investors including Andreessen Horowitz and Index Ventures , most recently at a valuation of $700 million in October 2024, and has around $70 million of cash left in the bank, according to a person with direct knowledge. The company had exploratory discussions with investors about a fundraising earlier this year but decided to not go through with it, a person close to the company said. Such efforts haven’t dampened persistent rumors about whether Hebbia could be quietly for sale. Hebbia has shot down such claims. “A lot of noise on the market,” as Hebbia CEO George Sivulka noted in a post on X on Tuesday announcing that daily active users had tripled since the launch of Matrix and total usage of large language models had risen fivefold. But neither rival can ignore the threat from the AI labs whose models support their applications. Anthropic launched Claude for Finance in July 2025 and “created the market for AI for finance startups because the models got better,” said Thomas Li , founder of Daloopa , which supplies financial data such as performance indicators or charts to hedge funds and investment professionals, AI labs and AI for finance startups like Rogo and Hebbia. Claude for Finance is “probably bigger than the rest of the market combined,” he said. OpenAI is further behind. But in March it launched a set of tools for financial analysis and investment memos, along with a ChatGPT integration for Excel and connectors to FactSet and S&P Global . In June it added plugins for its coding agent Codex aimed at public equity investors and investment bankers. Rogo and Hebbia argue the labs don‘t know enough about any individual firm to be useful. With agents fed a bank’s own history, Hebbia's agents behave “increasingly like your firm rather than like a generic Claude,” a person close to Hebbia said. The other big headwind comes from the startups’ customers, who are developing their own AI agents using models from Anthropic, OpenAI and others. That said, these AI startups may have room to grow for a while because in-house alternatives aren’t up to speed. Samir Dutta , CEO of Farsight , which competes with Rogo and Hebbia by offering AI-powered agents to make pitch decks and deal documents for investment banks, said financial institutions’ employees are “really good at operating once the use case is very, very well scoped out. But a lot of these banks don't have that yet.” Firms that decide they need no outside help “generally end up coming back full circle,” said Kris Bennatti , founder of Hudson Labs , which uses AI and agents pulls exact figures out of company filings and flags fraud risk to customers such as what kind.— Stephanie Palazzolo contributed reporting. Here’s what else is going on… Overheard Anthropic co-founder Tom Brown called on countries to build more data centers at the G20 Innovation Ministerial in North Carolina on Wednesday, arguing that adding more computing power would be the best way for governments to benefit from AI gains. Elon Musk made similar comments in his virtual remarks at the event on Tuesday. Nscale is telling prospective investors it has about $103 billion of total contracted revenue after clinching a $45 billion computing deal with Anthropic , ahead of an initial public offering for the neocloud that could take place as soon as this month, according to documents shared with investors and reviewed by The Information. Meta is pulling back further from a push to make AI usage a measure of engineers’ performance, telling employees that the company “will not use AI adoption dashboards or token counts to evaluate impact.” In an internal memo Tuesday from executives Maher Saba and Santosh Janardhan , which was reviewed by The Information, Meta announced updated expectations for engineers across the company. The memo removes from Meta’s career expectations guidelines for engineers references to specific AI tools and replaces task-specific AI instructions with expectations focused on work quality and impact. Micro1 , a startup that sells data to improve AI models’ responses, has committed at least $1 million to train former Spirit Airlines employees with AI skills as part of its bid for the bankrupt airline’s corporate data, three people close to the company said. The pledge is part of an effort to convince the court that it will be a better custodian of the corporate data than Google , which in mid-August won an auction for the collapsed carrier’s internal business data and software code. People on the Move Anthony Armstrong , former chief financial officer at SpaceX’s xAI , is joining Coinbase’s board, Coinbase said. Armstrong, who has no relation to Coinbase CEO Brian Armstrong , left xAI as CFO earlier this year after joining last fall. Before joining xAI, Armstrong, a former Morgan Stanley banker, advised on Elon Musk’s Twitter takeover in 2022. In 2025, he worked for Musk’s Department of Government Efficiency . Court Watch The Trump administration backed OpenAI in its legal battle with the New York Times , arguing in a brief that barring AI companies from training their models on publishers’ output would be unfair and hurt U.S. technological competitiveness. The legal brief, filed by lawyers for the Department of Justice with the U.S. District Court for the Southern District of New York , argues that the Times is seeking an overly narrow definition of “fair use” that would improperly restrict how large language models are trained. Earnings Report Microsoft’s cloud unit Azure’s revenue was $101.9 billion in the twelve months ending in June, Microsoft disclosed Wednesday, up 40% from the year prior. Microsoft made the disclosure, and revealed it will start reporting Azure’s revenue quarterly, as part of a broader overhaul of how it reports the financial breakdown of its various businesses. And it comes as Azure’s progress has become a key metric that investors watch to track Microsoft’s AI progress. Broadcom reported 86% higher revenue of $29.6 billion in the quarter ending Aug. 2, a sign that its business helping design AI chips for companies such as Google , Meta and OpenAI is continuing to explode. On an earnings call Broadcom CEO Hock Tan projected that Broadcom would double AI revenue to $115 billion in 2027, from an expected $57 billion this year. And Broadcom has a “line of sight” suggesting AI chip revenue could double again to $230 billion in 2028. Broadcom was on track to exceed $30 in earnings per share in 2028. Last year, Broadcom’s earnings per share was just below $5 a share. Shares of Snowflake rose more than 20% late Wednesday after the database provider surpassed its earlier forecast for product revenue—its most closely watched sales metric—by more than $70 million for the second quarter ending July 31. Snowflake is benefiting as more of its customers use its AI products, which include an AI coding tool and a service for analyzing data to get answers to business questions. More than 9,100 customer accounts are using its AI coding tool, Cortex Code , up from 7,100 customer accounts last quarter. Deals and Debuts See The Information’s Generative AI Database for an exclusive list of private companies and their investors. Nvidia said that it had agreed to acquire open-source model repository Hugging Face for $12.93 billion, confirming a report from The Information. Nscale , an AI cloud company, announced that it had signed a multi-year strategic partnership with humanoid robotics company Figure to deploy up to 100,000 Nvidia Vera Rubin GPUs starting in the second half of 2027. The deal has an initial commitment of $3.5 billion of compute and the intent to scale to over $6 billion, the companies said. Nscale said it would become a FIgure shareholder and preferred compute provider. Cornerstone Robotics , a company that develops robotic systems surgeons use to operate through small incisions, received an approximately $700 million strategic investment from Medtronic . Wonderful , a company whose software acts as a shared control layer that lets a large company run AI agents, automated workflows and AI applications across its whole business rather than one department at a time, raised $550 million in a Series C funding round led by Insight Partners . Palo Alto Networks paid $500 million in cash and stock for Console , whose software lets a company describe an operational goal in plain English and then carries out the work automatically, according to TechCrunch. The US Army awarded Palantir and Anduril a combined $192 million in delivery orders to build eight more TITAN mobile ground stations—trucks carrying software that pulls in data from drones, satellites and ground sensors and turns it into target recommendations for long-range artillery, according to Defense Scoop. Lyte , a company that designs the chips, sensors and software robots use to see where they are and what is moving around them, raised $165 million at a $1.6 billion post-money valuation in a Series C funding round led by Maverick Silicon . iPronics , a company that offers optical switches letting an AI data center rewire the connections between its chips on the fly, raised $125 million in a Series B funding round led by Maverick Silicon and Light Street Capital . HiddenLayer , an Austin-based company whose software watches a business's AI models and agents while they are running and blocks attempts to manipulate them, raised $100 million in a Series B funding round led by Delta-v Capital . Elucid , a company whose software reads ordinary CT scans to measure the plaque in a patient's arteries and estimate the risk of a heart attack or stroke, raised $55 million in a Series D funding round from investors including IAG Capital Partners and Elevage Medical Technologies . Capacity , a company whose software answers customer support questions automatically across chat, phone and messaging, raised more than $54 million in a Series E funding round, bringing total funding past $159 million. Conveo , a company whose AI interviewer runs recorded video conversations with consumers and turns them into market research a company can search in plain language, raised $50 million in a Series A funding round from investors including DST Global, Balderton Capital, Visionaries, 6 Degrees Capital and Y Combinator . SciFin , a company whose software pulls a sales organization's scattered information into one continuously updated picture and answers questions about it, emerged from stealth with $44 million in a seed funding round led by Altimeter and Madrona . Locus Robotics , a company whose robots carry orders around warehouses so workers do not have to walk them, has raised $41.6 million so far in a Series G funding round that is still open, chief executive Rick Faulk told Axios. Aitan , a company that develops ground combat robots that run their own AI on board and coordinate as a group, emerged from stealth with $41 million in a funding round led by Deep33 and Dell Technologies Capital . Lasso Security , a company whose software inspects what a business's AI agents say and do and blocks unsafe requests, raised $30 million in a funding round led by ClearSky . Huskeys , a company whose software gives security teams one place to see and set policy, and telling legitimate AI agents apart from AI-driven attacks, raised $27 million in a Series A funding round led by Blackstone Innovations Investments . Moonshot AI , whose Kimi K3 open-source model has become a global hit, has filed confidentially an application for a Hong Kong initial public offering, Chinese media outlet LatePost reported Wednesday. Meta Platforms announced Wednesday that it’s rolling out another AI model, Muse Spark 1.3 . Meta’s chief AI officer, Alexandr Wang , said in an X post that Muse Spark 1.3, which is available through its coding product Muse Code and the Meta model API, is its “most capable model yet,” with improved agentic and coding capabilities. New From Our Reporters Anthropic Splits From Google, OpenAI Over State AI Safety Bill By Leo Schwartz Why I’m Launching The Information’s AI Show, AI Deep Dive By Rocket Drew Recommended Newsletter The Information Weekend covers what happens when Silicon Valley logs off—the trends and people shaping culture, technology and everything in between. Subscribe for free today. What We’re Reading What's Next After ChatGPT? Fei-Fei Li Has a Plan Silicon Valley’s Big Money Is About to Get a Lot Bigger This Is Flock’s AI Search Tool for Cops Upcoming Events Wednesday, September 23 — AI Agenda Live SF 2026 Join us to explore the technologies and strategies shaping AI’s next era, with insights from Google DeepMind, OpenAI, Atlassian, and more. Tickets are limited—reserve yours today. More details Tuesday, October 27 — The Information’s 2026 WTF Summit The Information’s WTF Summit returns to Napa Valley October 27–28, bringing together the women shaping what’s next across tech, media and finance. Expect two days of candid conversations, unexpected connections and a room built for meaningful exchange. Tickets are selling quickly, with the next price increase coming soon. More details Thank you for reading the AI Agenda Newsletter! I’d love your feedback, ideas and tips: stephanie@theinformation.com . If you think someone else might enjoy this newsletter, please pass it forward or they can sign up here .",full,,rss_full_content,https://www.theinformation.com/newsletters/ai-agenda/rogo-hebbia-revenue-rises-claude-finance-threat-looms,the information,综合科技,科技金融,2026-09-03T23:54:50+00:00,AI与智能科技 > AI软件层 > 工程改进 > AGENT,AI与智能科技,AGENT,"[{""path"":[""AI与智能科技"",""AI软件层"",""工程改进"",""AGENT""],""path_text"":""AI与智能科技 > AI软件层 > 工程改进 > AGENT"",""confidence"":0.78,""reason"":""核心是Rogo和Hebbia提供能执行金融建模、备忘录生成的AI智能体软件""}]",classified,2026-09-04T00:35:56.209469+00:00,glm-5.2,2026-08-14,
"Anthropic Splits From Google, OpenAI Over State AI Safety Bill",2026-09-03,"Anthropic is at odds with other big tech firms over a Massachusetts Senate proposal requiring big AI developers to hire independent evaluators to assess catastrophic risks posed by their models every four months. The Massachusetts proposal could set a new standard for AI regulation, which state legislators across the country are pursuing aggressively even as congressional lawmakers drag their feet on passing federal legislation. The proposal also comes as concerns are mounting about the dangers of rogue AI agents in the wake of the OpenAI–Hugging Face attack, when hundreds of agents figured out how to communicate with each other and coordinate an attack on Hugging Face. Anthropic and safety groups support the AI language in the Senate version of the legislation, which is opposed by companies such as Google and OpenAI. The legislation is tucked into a broader economic development bill before the state upper house. A conference committee of the two Massachusetts chambers is now meeting to finalize the bill, which will determine whether the AI provision advances into the final text. Previous AI-related state bills have established new floors for safety regulation that were later reflected in other states’ efforts. For instance, an Illinois bill passed in May instituted the concept of annual third-party compliance audits. The Massachusetts proposal would likely have a similar impact on other states. It goes further than the Illinois bill by requiring independent evaluations of companies’ models themselves, as well as increasing the frequency of audits. On July 24, after the Massachusetts Senate passed its version, Anthropic head of U.S. state and local policy Cesar Fernandez wrote in a post on X that it “raises the bar on AI safety while ensuring that innovation is able to continue.” Anthropic has previously been a vocal supporter of other state-level AI safety bills. Anthropic is joined by AI safety organizations including Encode and Secure AI Project, which have engaged lawmakers in Massachusetts and recently sent a letter of support to the members of the conference committee, Secure AI Project policy director Scott Wisor told The Information. Meanwhile, OpenAI has voiced its objection to the Massachusetts language. In previously unreported letters sent on Aug. 18 and 19 to the conference committee and Sen. Barry Finegold, who has spearheaded the AI language, OpenAI policy executives wrote that Massachusetts should consider a requirement similar to the Illinois bill, and added that “fragmented oversight” across the country would represent an “unhappy result.” “A confusing jumble of rules will unnecessarily delay getting the most advanced cyber models into the hands of state and local officials before bad actors with their own powerful AI break in and exploit vulnerabilities,” wrote Donnie Fowler, the company’s head of U.S. state policy and partnerships, and Ann O’Leary, its global affairs vice president. In a statement issued after publication, an OpenAI spokesperson said the company supports independent third-party technical assessments but thinks they are “best established at the federal level.” OpenAI and Anthropic are not the only AI giants active on the ground. In an interview with The Information, Finegold said he has also met with representatives from Google and Meta Platforms, though he declined to comment on their conversations. Google is concerned about states setting up additional testing requirements beyond the audits laid out in the Illinois bill, according to a person familiar with the company’s thinking. The lack of standards for testing models creates uncertainty about results, making compliance difficult until those standards are established, the person said. Google has previously withheld products in specific jurisdictions due to regulations—for example, it delayed offering its AI Overviews in many European countries until this summer—raising the possibility that the same scenario could happen with its models across different states. Though most states, including Massachusetts, have wrapped up their legislative sessions for the year, the conference committee’s work reconciling the economic development bill is expected to pick up after Labor Day, according to Finegold and political strategists working in the state. Finegold said he continues to engage with tech companies on the bill. He traveled to California in August to meet with representatives from OpenAI and Anthropic. The companies’ interest in pending legislation from Massachusetts reflects the rising importance of states’ roles in advancing AI policy. While OpenAI has previously advocated for federal preemption of state rules to prevent a fragmented patchwork of laws, it has since softened its position, including backing the Illinois law that included third-party audits. In a July blog post , OpenAI’s chief global affairs officer, Chris Lehane, argued for what he dubbed “reverse federalism,” or states establishing a “shared direction through a common framework.” Some AI safety advocates saw OpenAI’s rejection of the Massachusetts AI provision as backtracking. “This ongoing fight looks an awful lot like regressing to the mean,” Encode founder Sneha Revanur wrote on X in August. In an interview, Encode policy adviser Ben Snyder, who has worked with Massachusetts lawmakers on the bill, said he was optimistic OpenAI would change its position. “They don’t want to be seen as a company that is opposing these measures, and I think for good reason,” Snyder said. Whether other companies, including Google and Meta, will lobby more aggressively against the language remains to be seen. Wisor said he expects to see more opposition emerge in the fall as the conference committee works on the language. Another industry group, the Andreessen Horowitz and Y Combinator–affiliated American Innovators Network, is urging the committee to reject the AI provision. “The Senate bill includes several additional compliance requirements that will create substantial barriers to scaling for small companies while making it more difficult to use open-weight models in the Commonwealth,” Executive Director Jeremy Kudon said in a statement. But even if the AI provision doesn’t make it into the final version of the economic bill, it could reappear as other states take up their own attempts at regulating the sector. On Aug. 30, the California legislature advanced a bill that would establish a framework for independent evaluation organizations, though it doesn’t set up requirements for audits of AI companies. The bill still needs to be signed by Gov. Gavin Newsom. Finegold said he has been in conversations with lawmakers from other states about advancing new legislation. “As the technology evolves, I continue to see each state leapfrogging the other state to make sure that we’re ahead of this,” Finegold said.",full,,rss_full_content,https://www.theinformation.com/articles/anthropic-splits-google-openai-state-ai-safety-bill,the information,综合科技,科技金融,2026-09-03T23:54:52+00:00,公共政策与社会治理 > 政策法规 > 监管、标准与合规,公共政策与社会治理,监管、标准与合规,"[{""path"":[""公共政策与社会治理"",""政策法规"",""监管、标准与合规""],""path_text"":""公共政策与社会治理 > 政策法规 > 监管、标准与合规"",""confidence"":0.92,""reason"":""核心事件是马萨诸塞州AI安全立法提案及其引发的监管标准之争""}]",classified,2026-09-04T00:35:56.209469+00:00,glm-5.2,2026-08-14,
Google’s (Small) Antitrust Victory and Microsoft’s Azure Shift,2026-09-03,"We had lots of news today, including Microsoft’s decision to start breaking out Azure numbers, and Broadcom projecting bonanza growth in its AI chip business in the next couple of years. Oh, and the Trump administration threw its weight behind OpenAI in its copyright lawsuit against The New York Times Co. We have more on all those below. Meanwhile, you’ve heard of the world’s smallest violin. Google may now be playing the world’s smallest trumpet, having won a major victory in what’s arguably the least important antitrust case out there. That would be the ad tech antitrust lawsuit, the second of the two antitrust cases brought by the Justice Department against Google in recent years, and the second the government won —in theory. But as with the first case—over search—the outcome of this one has gone Google’s way. Its punishment for being a monopoly in both cases is so light as to be meaningless. A year after the arguments over how to remedy Google’s ad tech monopoly—we’re talking about the Google ad tools used to sell ad space on independent websites—were heard in a Virginia court, Judge Leonie Brinkema issued a tantalizingly brief ruling on Wednesday. She rejected the government’s proposal for “structural remedies”—that is, forcing Google to divest its ad tech businesses—and accepted most of the proposed “behavioral remedies.” In other words, Google can keep its toys but will have to play nicer with others. Big whoop. These toys aren’t worth much—and their value is degrading by the day. The proportion of ad dollars flowing to independent websites was never great (Google search and YouTube as well as Meta Platforms and Amazon swallow up most ad dollars, after all), and it is shrinking steadily. Some of that is due to AI changes Google made to its search engine, which have reduced the traffic going to websites. But some of it is also that ad money is shifting to video-streaming and mobile apps, two ad markets Google does not dominate. (We explained in this story that Google’s ad tech has fallen behind rivals in those markets.) By the numbers, Google’s network ad revenue—which reflects the ad tech business—accounted for just 9% of its ad revenue in the second quarter (and that’s before Google forks over a majority share to the websites). In 2018, network ads accounted for 17% of total advertising. (Much of the evidence presented by the government stemmed from the 2010s, not the present day.) We don’t know the reasons for Brinkema’s ruling, as the full text won’t be released for a couple of weeks, but during the trial last year , she asked whether forcing Google to divest its ad tech businesses could hurt independent websites. It’s a good bet Brinkema took that into account, just as the judge who heard the search antitrust case took into account AI’s impact in deciding how Google should change its ways. Google’s defense was, in fact, that the open web ad market was in decline. It seems the judge listened. All this is a reminder of the flaws inherent to antitrust enforcement of the tech industry, given how quickly technology-driven markets evolve and how slowly antitrust cases take to wind through the courts. Microsoft’s Idea of Transparency Finally! Microsoft is overhauling how it reports its business segments and will start reporting revenue for its Azure cloud unit quarterly, the software giant said on Wednesday. That’s a big deal. Azure is core to Microsoft’s AI business, so we’ll finally get a better picture of how the company is benefiting from AI. It also means we can compare the big three cloud firms, as both Amazon and Google were already reporting revenue for their cloud units. In the June quarter, for instance, we now know that Amazon Web Services generated $42 billion, Azure generated $29.4 billion and Google Cloud, $24.7 billion. But hold the applause. Microsoft CEO Satya Nadella said the changes in segment reporting aimed to provide “increased transparency to investors.” Anytime a CEO says something about increasing transparency, you know things are about to become more opaque. In this case, the changes make it harder to figure out the profit margins on Microsoft’s individual segments. That’s because Microsoft is collapsing three segments into two. It is putting into one segment both Azure and its Microsoft 365 cloud software businesses, which it previously reported in separate segments. We used to see operating margins for those separate segments—the one with Azure had an operating margin of 41% in the fourth quarter, while the one that included Microsoft 365 had a margin of 58%. In the future, we’ll see revenue for individual units like Azure but not their operating income. That suggests we’re likely to see an operating profit that reflects both cloud and software, making it harder to figure out how the profits of both are separately changing. That’s not ideal. Microsoft’s pitch, though, is that both the Microsoft 365 and Azure units are sharing AI chips and cloud computing capacity, and that argues in favor of treating them as one segment for reporting purposes. In other words, investors won’t have to worry about how Microsoft is dividing up the chips. Fair enough, we guess. Trump Finds New Way to Attack the News Media President Donald Trump’s attacks on the news media are legendary, including defamation lawsuits and calls for TV networks to lose their license over coverage he doesn’t like. But on Wednesday, the Trump administration came up with a new tactic to undermine the news industry. The Justice Department on Wednesday filed a brief with the court hearing The New York Times Co.’s copyright infringement lawsuit against OpenAI, arguing that training AI models on copyrighted material—the core of the Times’ case—doesn’t violate copyright laws. The administration argued that if the Times prevailed, its approach to copyright could hurt the AI sector, which wouldn’t be good for the country. “Rules of law that make it significantly more difficult to develop a robust AI industry in the United States therefore threaten national security and give a competitive advantage to foreign adversaries who are not so encumbered,” the government argued. We wouldn’t want “rules of law” to get in the way of anything! In Other News • Broadcom CEO Hock Tan projected that the AI chip designer would double AI revenue to $115 billion in 2027 and potentially double it again to $230 billion in 2028. He made the projections as Broadcom reported 86% higher revenue of $29.6 billion in the quarter ending Aug. 2, a sign that its business helping design AI chips for companies such as Google, Meta and OpenAI is continuing to explode ( more here ). • Uber is laying off 10% of its workforce, or about 3,400 people, in an effort to streamline the organization by reducing management layers. In making the announcement , Uber CEO Dara Khosrowshahi told staffers that “the vast majority” of remote employees needed to move to an office, reducing the proportion of people who can work fully remotely to about 1%. • Anthropic co-founder Tom Brown called on countries to build more data centers at the G20 Innovation Ministerial in North Carolina on Wednesday, arguing that adding more computing power would be the best way for governments to benefit from AI gains. He also praised President Trump’s “let data reign” post on Truth Social earlier this week. • World Labs, a startup led by Stanford University Professor Fei-Fei Li, on Tuesday unveiled Atlas, a new world model that can generate and modify photorealistic, interactive virtual environments based on text, image and video prompts. • The Supreme Court may wade into a battle between state lawmakers and prediction markets companies after New Jersey regulators filed a petition with the highest U.S. court to rule on whether sports bets offered by startups like Kalshi and Polymarket fall outside state gambling regulations. • Anthony Armstrong, former chief financial officer at SpaceX’s xAI, is joining Coinbase’s board, Coinbase said. • Nscale is telling prospective investors it has about $103 billion of total contracted revenue after clinching a $45 billion computing deal with Anthropic, ahead of an initial public offering for the neocloud that could take place as soon as this month, according to documents shared with investors and reviewed by The Information. • Shares of Snowflake rose more than 20% late Wednesday after the database provider surpassed its earlier forecast for product revenue—its most closely watched sales metric—by more than $70 million for the second quarter ending July 31. More here. • Meta Platforms announced Wednesday that it’s rolling out another AI model, Muse Spark 1.3. More here. Today on The Information’s TITV Check out today’s episode of TITV in which we discuss the security trade-offs OpenAI is making with its new model, Atlas. Recommended Newsletter Start your day with Applied AI , the newsletter from The Information that uncovers how leading businesses are leveraging AI to automate tasks across the board. Subscribe now for free to get it delivered straight to your inbox twice a week. New From Our Reporters Exclusive The Two New Executives Steering KKR’s $10 Billion AI Infrastructure Bet By Dakin Campbell Exclusive OpenAI Technique in ‘Astra’ Model Sparks Security Concerns By Amir Efrati, Stephanie Palazzolo and Rocket Drew The Information Finance Why Regulators Are Scrutinizing Prediction Markets' Trading Arms By Yueqi Yang The Electric Startups Gravitate to a New, Pentagon-backed Battery to Bypass China’s Chokehold By Steve LeVine AI Agenda New Reasoning Strategies Sweep Through OpenAI, Other Developers By Stephanie Palazzolo, Rocket Drew and Amir Efrati Upcoming Events Wednesday, September 23 — AI Agenda Live SF 2026 Join us to explore the technologies and strategies shaping AI’s next era, with insights from Google DeepMind, OpenAI, Atlassian, and more. Tickets are limited—reserve yours today. More details Tuesday, October 27 — The Information’s 2026 WTF Summit The Information’s WTF Summit returns to Napa Valley October 27–28, bringing together the women shaping what’s next across tech, media and finance. Expect two days of candid conversations, unexpected connections and a room built for meaningful exchange. Tickets are selling quickly, with the next price increase coming soon. More details",full,,rss_full_content,https://www.theinformation.com/newsletters/the-briefing/googles-small-antitrust-victory-microsofts-azure-shift,the information,综合科技,科技金融,2026-09-03T23:54:54+00:00,产业经济与组织 > 企业与资本 > 企业经营与公司治理,产业经济与组织,企业经营与公司治理,"[{""path"":[""产业经济与组织"",""企业与资本"",""企业经营与公司治理""],""path_text"":""产业经济与组织 > 企业与资本 > 企业经营与公司治理"",""confidence"":0.7,""reason"":""核心是Google反垄断裁决与微软Azure财报披露等企业经营治理动态""}]",classified,2026-09-04T00:35:56.209469+00:00,glm-5.2,2026-08-14,
"Startups Gravitate to a New, Pentagon-backed Battery to Bypass China’s Chokehold",2026-09-03,"In 2024, the U.S. approved the sale of attack drones to Taiwan, triggering a furious response from China. In retaliation, Beijing blocked the sale of batteries to Skydio, the largest U.S. maker of drones, creating a supply crunch for the company because it had no alternative source of batteries. Beijing’s move, leveraging China’s vast dominance of the world’s battery industry and the supply chain behind it, created worry in Washington and across U.S. businesses. It demonstrated China’s capacity to effectively shut down individual companies, whole industries and some weapons systems. Two years later, SAE International, the standards-setting organization, has released the first formal industry standard for drone batteries. The standard brings uniformity to the dimensions of batteries that power the small drones used most frequently in Ukraine and other war zones. Most Chinese drone batteries are metal cylindrical cells; the new SAE standard version is a flat, rectangular or square battery called a pouch cell. The moves, resembling Thomas Edison’s standardization of the light bulb with the Edison screw, which remains the most common threaded socket, could help juice the small U.S. battery industry by defining the basic building block of drone power systems. If drone makers embrace the standard, battery startups would face lower capital expenses, since it would simplify the cost of setting up and operating a factory. Numerous U.S. battery makers, expecting this drone demand, have already made plans to produce such standard batteries. The standard will also get a boost from the Department of Defense, which backed the effort and appears likely to adopt the standard for the Drone Dominance Program, under which the Pentagon seems likely to eventually buy millions of drones per year. “We want to build an industry outside of China,” said Lisa King, vice chair of the SAE committee that handled the standardization, and head of advanced battery strategy for Leap Manufacturing, a consultancy. King told me that not long after the Chinese blacklisting of Skydio in October 2024, she was leading a battery industry conference in Dayton, Ohio, at which she got into a conversation with an executive from the company. The executive related Skydio’s battery trouble in China and his search for an alternative supply. Skydio was using the Chinese cylindrical cell, known as the 2170 because of its dimensions—21 millimeters in diameter and 70 in length—in addition, in some drones, to a flat pouch cell. The executive was seeking a Western version of the  pouch version. After the conference, King spoke with a Pentagon official whose unit in part funded Leap, the consultancy where she works. This official suggested the standardization effort to bypass China’s battery chokehold, noting that pouch cells were increasingly popular with drone startups for the accommodation of next-generation battery chemistries; such batteries weighed less than the 2170s, a crucial factor in aviation. With the Pentagon’s blessing, King, starting in February last year, began holding conference calls with a group of around two dozen Western companies to decide what the standard should be. The result, in July, was the standard announced by the SAE : The new standard pouch cell would be roughly the same size as the incumbent 2170s when the 2170s were used in groups of six, as is typical in drones. “It is really, really risky to have one single point [of] failure, and that is China, for something as important as power sources,” King said. “Ninety percent of power cells are made in China.” Several battery makers already have plans to make the standard cell. Jaehee Sweeney, chief business development officer at South Korea’s BEI, said the next-generation lithium-metal battery maker already makes one battery that fits the standard and intends to add others. Tom Stepien, CEO of Amprius Technologies, said the silicon battery startup would use the standard cell in an ultrahigh-energy battery it will release in the fourth quarter. The battery will deliver energy density of 500 watt-hours per kilogram, almost twice that of conventional lithium-ion batteries, substantially increasing flight time, Stepien said. Adrian Yao, CEO of Indiana-based battery maker EnPower, told me that even before the SAE standard had been finalized, he began retooling the company’s factory to make more than 2 million of the new pouch cells annually, starting in the middle of next year. He said EnPower has no firm contracts for the batteries but expects them to emerge. He predicts that more battery makers in the U.S. and South Korea will make the standard cell. Drones will not be their only use: “I’m evangelizing this form factor as well for applications like industrial robots, [ranging from the] nonhumanoid to the humanoid,” Yao said. “This is a world in which pouch cells are better than cylindrical cells.” Yao said standardization solves one of the largest problems of getting a battery factory going. When a customer wants to fiddle with a battery’s chemistry or the thickness of the electrodes, it’s no big deal. But changing the dimensions of a cell, even slightly, can involve monstrous cost increases because replacing the manufacturing equipment can cost $30 million. Fixing the dimensions gets rid of that uncertainty. “If we want low costs, if we want to compete, we have to standardize,” he said.",full,,rss_full_content,https://www.theinformation.com/newsletters/the-electric/startups-gravitate-new-pentagon-backed-battery-bypass-chinas-chokehold,the information,综合科技,科技金融,2026-09-03T23:54:56+00:00,公共政策与社会治理 > 政策法规 > 监管、标准与合规,公共政策与社会治理,监管、标准与合规,"[{""path"":[""公共政策与社会治理"",""政策法规"",""监管、标准与合规""],""path_text"":""公共政策与社会治理 > 政策法规 > 监管、标准与合规"",""confidence"":0.85,""reason"":""核心事件是SAE发布首个无人机电池行业标准以统一尺寸规格""},{""path"":[""零碳产业"",""能量循环"",""能量存储"",""电化学储能"",""二次电池"",""锂电池""],""path_text"":""零碳产业 > 能量循环 > 能量存储 > 电化学储能 > 二次电池 > 锂电池"",""confidence"":0.7,""reason"":""标准对象是无人机用软包锂电池，涉及电池制造与供应链""}]",classified,2026-09-04T00:35:56.209469+00:00,glm-5.2,2026-08-14,
"Why I’m Launching The Information’s AI Show, AI Deep Dive",2026-09-03,"The Information has become the most trusted source on the AI business by breaking news about the biggest deals in the industry. Now we’re expanding that coverage with a new show called “AI Deep Dive” that will give you a more sophisticated understanding of the technology itself. “AI Deep Dive” will complement our daily coverage with long-form conversations with the researchers and founders working on the frontier of AI. I’m your host. I’ve written about AI at The Information for the past two years, taking advantage of my technical background to uncover and translate highly technical stories in AI and robotics. I studied computer science in college, briefly worked as a programmer and received a crash course in AI research while working at MATS, a mentorship program for AI safety researchers. These days I keep up with AI research in part by discussing a new machine learning paper every week with a reading group. That experience sets me up to guide technical conversations with our guests. To kick off the series, I’ll be talking to Noam Brown, a research scientist at OpenAI, about the challenges involved in creating AI agents that can autonomously take actions on a computer. Each of the following episodes will break down a hard problem on the technological frontier, from training AI models to control robots to studying the neuroscience of their “brains.” As AI barrels ahead, bringing new developments every week, separating hype from real progress has never been more valuable. Understanding which technical problems have researchers stumped and what makes those problems so hard is the best inoculation against the hype. TITV will remain our home for daily coverage of the biggest stories in tech. If you want to better understand the technology behind the business, I hope you’ll tune in when the first episode of “AI Deep Dive” airs on Sept. 14.",full,,rss_full_content,https://www.theinformation.com/articles/launching-informations-ai-show-ai-deep-dive,the information,综合科技,科技金融,2026-09-03T23:54:58+00:00,未分类,,,[],unclassified,2026-09-04T00:36:03.823727+00:00,glm-5.2,2026-08-14,
Why Regulators Are Scrutinizing Prediction Markets' Trading Arms,2026-09-03,"Fast-growing prediction markets like Kalshi and Polymarket are well known for their consumer apps, where people can bet on everything from sports and elections to the weather and stock prices. But those companies do more than operate consumer apps. Behind the scenes, several prediction markets operate their own exchanges and clearinghouses for the contracts, and some even have trading firms that make bets using the same contracts that are available to customers. Those kinds of setups have caught the attention of U.S. regulators, which have been examining potential conflicts of interest in recent years following the 2022 collapse of crypto exchange FTX and its Alameda Research trading arm. The FTX implosion highlighted the crypto firm’s entanglements between in-house trading and its exchange. Those functions are generally kept separate in traditional financial markets—stock exchanges, for example, typically don’t own the market makers trading on them. More recently, the CFTC has included prediction markets in that scrutiny. The Commodity Futures Trading Commission, which oversees prediction markets including Kalshi and Polymarket US, is now seeking comments on proposed rules aimed at preventing exchanges from giving affiliated trading firms an advantage over customers. They would require trading and exchange businesses to operate independently and would bar the trading firms from making speculative bets against customers. “It’s really to address a different type of market structure that’s being used by crypto and prediction markets,” said Gabe Rosenberg, a partner at Davis Polk who advises financial institutions. “It’s about how many functions in the market can be done by one affiliated group and what protections need to be in place.” Though the rules would apply across U.S. derivatives markets, the CFTC highlighted prediction markets as an area with recent “practical significance.” The agency said it knows of at least six exchanges that allow trading by affiliated firms, which can be a significant source of liquidity for prediction markets. The CFTC comment period ends in early October, after which the agency could revise the proposal and move toward final rules. For now, some of the most popular prediction markets say their setups provide a level playing field for customers, and any affiliated trading firms are market makers that provide liquidity so contracts can trade easily. In the case of Polymarket, a company spokesperson said it doesn’t have its own market maker, either for its U.S. platform or for its separate, blockchain-based platform for international users. Kalshi, which is the biggest U.S. prediction market and is close to raising fresh cash at a $40 billion valuation , operates its own exchange and also owns Kalshi Trading, which trades on that exchange. A Kalshi spokesperson said the company supports the CFTC’s efforts. “Kalshi Trading is unprofitable and represents a very small percentage of our volume. This is a very common and regulated practice in our industry,” the spokesperson said. Kalshi Trading doesn’t receive preferential treatment and doesn’t share personnel, office space or communication channels with Kalshi, the spokesperson said. “Like any financial market, including the stock market, market makers are industry standard because they help bootstrap liquidity,” the Kalshi spokesperson said. Institutional market makers, including outside trading firms as well as Kalshi Trading, represent less than 5% of volume on the exchange’s most liquid contracts, the spokesperson said. Robinhood until recently relied on outside exchanges, including Kalshi’s. Last year, it invested in Rothera, a joint venture exchange between Robinhood and trading giant Susquehanna International Group, with each holding a 45% stake. Robinhood has since been routing some customers’ orders to the new exchange, and Susquehanna makes markets on the exchange. “In compliance with CFTC regulations, we provide a level playing field with fair, transparent and impartial access for all participants,” a Rothera spokesperson said. The rule proposal comes at a time when prediction betting is starting to resemble serious Wall Street markets, drawing outside market makers and sophisticated traders looking to profit from shifting odds. Prices on prediction contracts can change constantly, especially around short-term outcomes such as who will win the next set of a U.S. Open match. In its rule proposal, the CFTC noted concerns that prediction firms could give their own trading operation preferential treatment over other traders or access to nonpublic information. That could put everyday traders and other market participants at a disadvantage, the CFTC said. Under the proposed rules, an exchange would need to disclose any affiliated trading firm and keep its office space, personnel and information systems separate from those of the exchange. Any exchange that offers an incentive program to affiliate trading firms would have to ensure that unaffiliated members can participate on equally favorable terms. The exchanges also can’t give preferential treatment to affiliated firms under the proposal. For instance, if an independent trader puts in a buy or sell order at a given price, the exchange would have to fill their order first even if an affiliated firm placed the same order earlier. Affiliated trading firms wouldn’t be allowed to make directional bets and would need to put in both buy and sell orders for contracts rather than just taking a one-sided position. The CFTC’s focus on the affiliated trading firms comes amid separate regulatory battles prediction markets are facing over the sports-related trading that makes up the bulk of their trading activity. Kalshi, Polymarket and others are under scrutiny over whether their sports contracts are unregistered gambling offerings that should be subject to state-level registrations. Part of the firms’ argument that prediction markets should fall under federal rather than state regulation’ is that, unlike sportsbooks, they don’t trade against customers and are merely matching orders. The fact that some prediction markets also have affiliated trading firms arguably undercuts that logic. Even if the firms are simply market makers providing liquidity, they’re nonetheless taking the other side of customers’ bets on each trade. That underlines the challenge for regulators as they grapple with how prediction markets fit in with existing financial and gambling rules. New From Our Reporters Exclusive Anthropic Considers Letting Shareholders Sell In IPO, Departing from SpaceX Playbook By Cory Weinberg and Valida Pau Exclusive Polymarket Woos Sports Leagues For High-Speed Data Amid Regulatory Questions By Michael Roddan Exclusive The Two New Executives Steering KKR’s $10 Billion AI Infrastructure Bet By Dakin Campbell",full,,rss_full_content,https://www.theinformation.com/newsletters/the-information-finance/regulators-scrutinizing-prediction-markets-trading-arms,the information,综合科技,科技金融,2026-09-03T23:55:00+00:00,公共政策与社会治理 > 政策法规 > 监管、标准与合规,公共政策与社会治理,监管、标准与合规,"[{""path"":[""公共政策与社会治理"",""政策法规"",""监管、标准与合规""],""path_text"":""公共政策与社会治理 > 政策法规 > 监管、标准与合规"",""confidence"":0.9,""reason"":""核心事件是美国监管机构审查预测市场的自营交易业务及潜在利益冲突。""}]",classified,2026-09-04T00:36:03.823727+00:00,glm-5.2,2026-08-14,
A Decade Ago I Bet Big on China Coverage. I'd Do It Again.,2026-09-03,"I landed in Beijing in March of 2016, Ubered around dozens of tech companies a week and had nightly drinks with Chinese and U.S. investors at the Rosewood in Beijing. On the weekends, I visited the startups that worked Saturdays (they all did) and wandered the malls and parks. I hopped to Hong Kong for some parties and hikes and barely stopped eating! I was in reporting heaven. I was also confused. By my count, there were as many tech reporters covering Uber in San Francisco as there were reporters for U.S. publications covering technology in Beijing. As an entrepreneur, that gap thrilled me. So even as the entire staff of The Information barely filled a tiny San Francisco office, I decided to invest big in Hong Kong just a few months later. Our coverage stood out instantly. Our reporting on Uber’s withdrawal from China was followed by our coverage of the rise of ByteDance, when only a few knew its name . We broke ByteDance’s revenue and product plans annually and revealed the secret deals Tim Cook was striking with the Chinese government, a historic scoop . Our chronicling of China’s crackdown on its own internet companies, was followed by the rise of Shein and Temu and the oft-discussed “decoupling” of the U.S. and China markets. And all that before the current era of the AI cold war with Nvidia at the center , the rise of DeepSeek and, just this week, China’s new strides in chips . Ten years later, even as the U.S. and China tech worlds have changed dramatically, I am in awe of the team that has done this all and keeps on going. And that same coverage gap—the lack of in-depth reporting about China’s tech businesses—still enthralls me. Other news outlets have pulled back from Hong Kong and Beijing, amid real pressures on the press. We take those threats seriously but are pushing ahead independently. This week, we are celebrating another milestone in the bureau: welcoming our first team member in Singapore, Claudia Chong. Jing Yang, our Asia bureau chief, is a force and keeps pushing ahead. Jing reminds me, 10 years after we first opened the bureau, that the urgency of business leaders globally to understand the China market has never been more intense. And our team is on the front lines. It’s funny to look back and remember how it all began: a plane ticket, some phone numbers to try and the naivete that I could pay for things in China with a credit card. And as The Information has grown into an 80-person global news organization, I’m a bit nostalgic for traffic-jammed Beijing days when I managed to make it from Tsinghua University to Xiaomi before staying up way too late meeting with entrepreneurs who didn’t leave the office until midnight. As a reporter and editor, I’ve been lucky to travel the world. But nothing quite compares to my full China immersion, which looking back was one of the most fruitful periods of my professional life. Within a month after my return to the U.S., I was also pregnant with my first son, an ordeal that had taken longer than I had wanted. Two lessons stand out—both for journalists and entrepreneurs. Take the long game and be patient. The Information’s leadership position in Asia tech today dates back more than a decade to my messaging random entrepreneurs on WeChat. While our reporters have done the hard work, without my decision to pack up and get out, I wouldn’t have found the conviction to build a business there—a decision I’ve committed to again and again as the market has changed. And, especially when reporters can direct growing armies of bots to gather all sorts of information from the comfort of their desks, remember to leave your office and wander far. It is then that you are more likely to see something others don’t. And all good stories—and business ideas—come from that.",full,,rss_full_content,https://www.theinformation.com/newsletters/the-takeaway/decade-ago-bet-big-china-coverage,the information,综合科技,科技金融,2026-09-03T23:55:02+00:00,未分类,,,[],unclassified,2026-09-04T00:36:03.823727+00:00,glm-5.2,2026-08-14,
The Download: rethinking child safety and fossil-fueled farming,2026-09-03,"This is today's edition of
The Download
our weekday newsletter that provides a daily dose of what's going on in the world of technology.
Child-monitoring apps might need a reboot
Digital harms have become the defining fear of American parents. In response, they’re increasingly turning to content-monitoring apps that scan their children’s texts, photos, emails, and chats, issuing alerts whenever an algorithm flags something it deems dangerous.
These tools have had genuine successes, preventing suicide attempts, intercepting predators, and averting school shootings. But they can also cause harm themselves, from false alarms and unnecessary interventions to damaged trust and anxiety.
Child-safety researchers say better approaches exist.
Here’s what they think those could look like
—Kelly Clancy
is from our latest print magazine, which is all about kids.
Subscribe now
to get every issue as soon as it lands.
Agriculture relies on fossil fuels. It’s costing us.
Fertilizer prices have been on a roller coaster this year, driven in part by trade disruptions and high natural-gas prices. That’s because natural gas is both an energy source and a chemical input in the production of ammonia, a key fertilizer ingredient.
The war in Iran has pushed natural-gas prices higher and disrupted fertilizer trade through the Strait of Hormuz—and its closure could make access harder still for some of the world’s poorest countries.
Let’s take a closer look at the surging fertilizer prices, and how a few climate-friendly alternatives could bring farmers some relief
—Casey Crownhart
is from The Spark, our weekly climate tech newsletter.
to receive it in your inbox every Wednesday.
The must-reads
I’ve combed the internet to find you today’s most fun/important/scary/fascinating stories about technology.
1 New York City has banned AI in elementary and middle schools
The one-year moratorium will affect 600,000 students. (
Politico
+  It applies to any software using student-facing generative AI.
+ Here’s how kids feel about AI, in their own words.
MIT Technology Review
2 Taiwan has uncovered a hidden Chinese network targeting its chip sector
It’s linked 166 cases to illegal operations and talent poaching. (
Rest of World
+ Taiwan's president says its chip prowess is built on democracy.
+ But its “silicon shield” could be weakening.
MIT Technology Review
3 Uber has launched the UK’s first commercial robotaxi service
It’s using tech from UK startup Wayve and, initially, safety drivers. (
+ But in the US, Uber has allied with driver unions to slow robotaxis.
And, back in the UK, Uber’s being sued over algorithmic pay.
Guardian
4 Google has avoided a breakup of its ad tech business
A US judge rejected the government’s demand to force a sale. (
Guardian
+ But it must change how it treats rivals and shares information.
The decision is a big deal for antitrust investigations
5 Serbians have been targeted with mercenary spyware after elections
Targets included student activists, lawmakers and a local councilor. (
6 The Trump administration has backed OpenAI in its NYT lawsuit
The Justice Department says AI training can be fair use. (
+ It added that national security depended on US tech dominance.
+ The US is also urging G20 countries to allow AI training on creators' work
+ Does AI know too much?
MIT Technology Review
7 Public housing tenants are suing over sensors monitoring their homes
The devices collect minute-by-minute data on noise and motion. (
8 Anthropic seems to have won back the Trump administration’s trust
The commerce secretary said the firm is “back on the right side.” (
9 Humble exoskeletons are proving more useful than combat supersuits
Smaller devices are assisting workers, patients, and athletes. (
Economist
10 AI food slop has made its way onto real restaurant menus
It’s providing cheap images, which frequently look revolting. (
NBC News
Quote of the day
“I think this will be the end of an era of the US trying to break up platforms this complex. The courts remain hesitant to dismantle these really complex tech systems, even when finding conduct that is anticompetitive.”
—Nikhil Lai, a principal analyst at Forrester,
tells the New York Times
that Google’s legal win against antitrust enforcers trying to break up its ad business is a seminal victory.
One more thing
COURTESY OF COLOSSAL BIOSCIENCES
Colossal Biosciences said it cloned red wolves. Is it for real?
Last year, Colossal Biosciences announced that it had cloned four red wolves, surprising scientists working to save the species and even people whose canids supplied the DNA. They also disagreed about the company’s big idea: de-extinction.
Colossal kept the location of the mystery clones secret, and even their purpose was murky to some scientists. Just how they might restore red wolf populations was unclear. Perhaps the most curious question, though, was whether the company had cloned red wolves at all.
Can cloning really help save the red wolf? And what should we really be trying to preserve?
Read the full story to find out
—Boyce Upholt
We can still have nice things
A place for comfort, fun, and distraction to brighten up your day. (Got any ideas?
Drop me a line
+ Zelda gets a very British makeover in this charming
Wallace and Gromit parody
+ The “ugliest shark on the planet” has been
spotted alive in its natural habitat
for the first time.
+ The Euclid space telescope has captured
the most detailed image yet of the Milky Way's heart
+ Take a tour through the history of web browsers on game consoles in this
illuminating dive into a corner of juvenile web
Deep Dive
The Download
The Download: Claude’s inner workings and OpenAI’s “super app”
Plus: OpenAI has unveiled its long-awaited ""super app.""
Thomas Macaulay
archive page
The Download: Claude’s inner workings, and the future of world models
Plus: New York has become the first state to enact a data center moratorium.
Thomas Macaulay
archive page
The Download: AI’s self-improvement problem, and what’s driving the heat
Plus: OpenAI has paused some model work over safety concerns.
Thomas Macaulay
archive page
The Download: Google’s AI shake-up and Meta’s rogue model
Plus: Meta has become the latest firm to say its AI hacked another company.
Thomas Macaulay
archive page
Stay connected
Get the latest updates from
MIT Technology Review
Discover special offers, top stories,
upcoming events, and more.",full,,dom_or_structured_full_text,https://www.technologyreview.com/2026/09/03/1143385/the-download-rethinking-child-safety-online-fossil-fuels-farming/,MIT Technology Review,综合科技,无,2026-09-03T23:55:09+00:00,公共政策与社会治理 > 安全与治理 > 社会治理、伦理与隐私,公共政策与社会治理,社会治理、伦理与隐私,"[{""path"":[""公共政策与社会治理"",""安全与治理"",""社会治理、伦理与隐私""],""path_text"":""公共政策与社会治理 > 安全与治理 > 社会治理、伦理与隐私"",""confidence"":0.75,""reason"":""核心议题之一是儿童监控应用的隐私与伦理风险及更优方案。""},{""path"":[""零碳产业"",""物质循环"",""有机物（碳循环）"",""有机工业"",""生物过程"",""农林""],""path_text"":""零碳产业 > 物质循环 > 有机物（碳循环） > 有机工业 > 生物过程 > 农林"",""confidence"":0.7,""reason"":""另一核心议题是农业对化石燃料和化肥价格的依赖及影响。""}]",classified,2026-09-04T00:36:03.823727+00:00,glm-5.2,2026-08-14,
Agriculture relies on fossil fuels. It’s costing us.,2026-09-03,"Agriculture relies on fossil fuels. It’s costing us.
Could new fertilizers help combat high prices?
If you’ve had to fill up your vehicle’s gas tank or buy a plane ticket lately, you’ve probably felt the effects of rising fossil-fuel prices. But farmers buying fertilizer for their crops are especially aware of just how far the ripple effects of the conflict in Iran have spread.
Fertilizer prices have been on a roller coaster this year, kicked off in part by trade disruptions and high prices for natural gas, a key ingredient in fertilizer production. Let’s take a closer look at why conventional fertilizer prices are so sky-high, and how a few more climate-friendly alternatives could bring farmers some relief.
As fossil-fuel prices go up, nearly all industries are affected, since most of our economy relies on these fuels to move goods and people around.
But fertilizer is even more intertwined with these fluctuations, because natural gas is used as both an energy source and a chemical input in the production of ammonia, a key fertilizer ingredient. So as natural-gas prices have spiked in recent months because of the war in Iran, fertilizer prices have followed. (It’s worth briefly noting here that fertilizer production is also a major source of greenhouse-gas emissions, accounting for about 2% of the global total.)
Fertilizer trade is being directly affected as well, since about one-third of global seaborne trade in fertilizers passes through the Strait of Hormuz, which has been effectively closed to commercial traffic because of the conflict. Access to fertilizer could get worse for some of the poorest countries around the world because of the strait’s closure, according to a report from the World Bank. While the US largely meets demand for nitrogen fertilizers with domestic production, some imports do come from the Persian Gulf.
At one point in April, the price of urea (the most commonly applied fertilizer) climbed above $850 per metric ton. That’s 80% higher than it was before the conflict and the highest level since 2022, when the Russian invasion of Ukraine and the resulting conflict caused fertilizer costs to hit record highs. Prices have come down significantly, but forecasts remain uncertain.
“There’s just this out-of-control supply chain that’s a lot more volatile than it’s ever been,” says Travis Frey, chief technology officer of Pivot Bio, a company making fertilizer with genetically edited microbes. (For more on these microbes, how they work, and what research is still needed, check out my latest story here.)
Pivot says its products are cost-competitive with chemical fertilizers today. And because they don’t use natural gas as an input, they aren’t subject to the same price spikes. When the war in Iran started, Pivot increased the volume it planned to produce, dropped prices, and allowed farmers to lock in prices for three years, Frey says.
That could be a major help for those farmers, because high prices could be here to stay for a while. Some fertilizer prices could remain high through at least 2028, according to a report from CoBank, one of the largest banks for the agriculture industry in the US.
That’s partly because the war has caused long-lasting damage: 31 ammonia plants in the Middle East have been affected or shut down completely. That’s on top of 20 ammonia plants that have been damaged in Russia in recent years.
Ongoing high prices can be extremely challenging for farmers. “The fertilizer price spikes, and because farmers have paper-thin margins, this is a real problem,"" says Tim Schnabel, founder and CEO of Switch Bioworks, another company working on advanced microbe fertilizers.
Higher costs can help push food prices higher, causing all of us to pay more at the grocery store. (It’s not just fertilizer, by the way. Farmers are also getting hit with wild diesel prices this year.) As long as we’re relying on fertilizers made with fossil fuels, food prices will be tied up with energy prices.
Switch and Pivot are among the companies looking to make alternative fertilizers that use microbes to provide nitrogen to plants. There’s a limit to how much synthetic fertilizers these products can actually replace: Depending on the crop and conditions, Pivot says, its products can replace about 25% of synthetic fertilizer today, and the company hopes to reach 40% to 50% of the total. But these alternatives could be a start to untangling fossil fuels and food.
“We can’t keep doing it like this,” Switch’s Schnabel says. “There’s no way we can build a society where the basis of the food chain depends on fossil fuels.”
This article is from The Spark, MIT Technology Review’s weekly climate newsletter. To receive it in your inbox every Wednesday, sign up here.
Deep Dive
Climate change and energy
Four nuclear reactors hit a big milestone in the US
Achieving criticality is just the first step toward power for the grid.
Why worms (and microbes) are catching on as a manure pollution solution
At least in California, which has become a test bed for emerging means of cleaning up livestock emissions.
Why heat pumps are still so hot in the US
A key tax credit in the US ended, but heat pump sales are still going strong.
How lasers could help provide fuel for nuclear reactors
Companies are developing new enrichment technology that could unlock previously overlooked resources.
Stay connected
Get the latest updates from
MIT Technology Review
Discover special offers, top stories, upcoming events, and more.",full,,trafilatura_full_text,https://www.technologyreview.com/2026/09/03/1143320/fertilizer-prices-fossil-fuels/,MIT Technology Review,综合科技,无,2026-09-03T23:55:11+00:00,零碳产业 > 物质循环 > 有机物（碳循环） > 有机工业 > 热化学过程 > 天然气化工,零碳产业,天然气化工,"[{""path"":[""零碳产业"",""物质循环"",""有机物（碳循环）"",""有机工业"",""热化学过程"",""天然气化工""],""path_text"":""零碳产业 > 物质循环 > 有机物（碳循环） > 有机工业 > 热化学过程 > 天然气化工"",""confidence"":0.85,""reason"":""文章核心是以天然气为原料合成氨生产化肥及其价格与替代方案。""},{""path"":[""零碳产业"",""物质循环"",""有机物（碳循环）"",""有机工业"",""生物过程"",""农林""],""path_text"":""零碳产业 > 物质循环 > 有机物（碳循环） > 有机工业 > 生物过程 > 农林"",""confidence"":0.8,""reason"":""围绕农业化肥成本高涨及其对农民和种植的影响展开。""}]",classified,2026-09-04T00:36:03.823727+00:00,glm-5.2,2026-08-14,
Scaling agentic AI pilots across the enterprise,2026-09-03,"Scaling agentic AI pilots across the enterprise
As agentic AI moves from pilots to enterprise-wide deployment, orchestration, data, governance, and clear business objectives are becoming critical for scaling, says chief operating officer at NiCE Arun Chandra.
In partnership withNiCE
As agentic AI moves from experimentation toward enterprise deployment, the challenge is figuring out how agents can work together, connect to the systems and data they need, and operate safely across the workflows that run a business. Although agentic AI has been adopted by some 80% of Fortune 500 companies, progress toward meaningful scale remains uneven, with many organizations still working through isolated pilots.
For Arun Chandra, chief operating officer at NiCE, the first step is moving beyond experimentation for its own sake. “Everybody's trying to figure out what can we do with this technology?” he says. But scaling requires a clearer connection to business strategy: Organizations need to define whether they are trying to increase revenue, reduce costs, or pursue another strategic or financial objective. From there, they need to rethink the workflows where agents will operate instead of just layering AI onto existing processes. “The last thing you want to do is to apply AI on an outdated or an inefficient workflow,” Chandra says.
That shift requires organizations to treat agentic AI as a cohesive system. Agents need access to the data, knowledge, and context required to make effective decisions, as well as connections to back-end systems if they are expected to take action. Fragmented information can undermine those capabilities: “The efficacy of these AI agents is purely a function of the context, the knowledge, and the data they can ingest and use,” Chandra says.
The organizational implications are equally noteworthy. Scaling agents can create a new form of fragmentation if teams build isolated systems that don’t connect with one another, while governance, privacy, security, and change management become more important as agents take on more consequential work. Chandra argues that AI agents should ultimately be held to the same standards as human workers, with organizations thinking of their workforce as a combination of humans and AI agents.
Looking ahead, that connected approach could enable agents to work proactively and even communicate with other agents to resolve customer needs. For organizations making the transition from pilots to scale, the priority is not to “boil the ocean,” Chandra says, but to instead build a connected strategy around high-value use cases, workflows, workforce changes, and measurable outcomes.
This webcast is produced in partnership with NiCE.
This content was produced by Insights, MIT Technology Review’s custom content arm, not its editorial staff. It was researched and written by humans, with any AI tools that may have been used limited to production processes under human oversight.
Keep Reading
Most Popular
A fundamental flaw leaves LLMs strikingly vulnerable to attack
It makes it easy to trick them into doing things they shouldn’t, such as telling you how to sabotage an aircraft’s navigation system.
Anthropic found a hidden space where Claude puzzles over concepts
A new technique has let the company probe deeper than ever into the weird workings of an LLM.
Sperm donors need limits, says a European fertility group
Some donor-conceived people are finding hundreds of siblings. An international cap on donations could help prevent that.
AI is more likely than humans to form biases when hiring
AI doesn’t just learn stereotypes from its training. It can cook up new ones, too.
Stay connected
Get the latest updates from
MIT Technology Review
Discover special offers, top stories, upcoming events, and more.",full,,trafilatura_full_text,https://www.technologyreview.com/2026/09/03/1142868/scaling-agentic-ai-pilots-across-the-enterprise/,MIT Technology Review,综合科技,无,2026-09-03T23:55:13+00:00,AI与智能科技 > AI软件层 > 工程改进 > AGENT,AI与智能科技,AGENT,"[{""path"":[""AI与智能科技"",""AI软件层"",""工程改进"",""AGENT""],""path_text"":""AI与智能科技 > AI软件层 > 工程改进 > AGENT"",""confidence"":0.92,""reason"":""核心事件是智能体AI从试点走向企业级规模化部署的编排、数据与治理。""}]",classified,2026-09-04T00:36:03.823727+00:00,glm-5.2,2026-08-14,
Amazon signs tolling agreement for 50 MW/200 MWh BESS in Australia - Energy Storage,2026-09-03,"US tech giant Amazon has signed a tolling agreement with Anza Power, an Australian subsidiary of US infrastructure investment firm I Squared Capital, for the under-development 50 MW/200 MWh Bairnsdale battery energy storage system (BESS) in Victoria , Australia. The agreement grants Amazon access to energy stored in the Bairnsdale BESS, as well as rights to control charging and discharging and use grid arbitrage. In return, Amazon will pay Sydney-headquartered Anza Power a regular fixed fee without the responsibility of building or maintaining the facility. Significantly, the agreement is a first globally for Amazon for a standalone BESS, and for Australia, represents a first tolling agreement for a non-energy business. Other companies entered into BESS tolling agreements in Australia include gentailers or developers such as EnergyAustralia and Akaysha Energy, which has a 12-year virtual tolling agreement with the Orana BESS. The Bairnsdale BESS will connect directly to the electricity grid as a standalone asset, providing dedicated storage capacity independent of a solar or wind farm. Anza Chief Executive Officer Carlo Frigerio said the agreement reflects the growing demand from major energy purchasers for dedicated storage solutions that support a reliable, low-carbon grid. “Bairnsdale demonstrates our ability to deliver flexible energy infrastructure that respond to the evolving needs of both the market and our customers,” Frigerio said. “We look forward to building on the momentum we have established since launching Anza earlier this year.” Anza and Amazon have other existing agreements including five solar-plus-battery storage power purchasing agreements (PPAs). The Bairnsdale BESS marks the seventh energy agreement signed since Anza was formed and launched by I Squared Capital in January 2026 with a AUD 418.5 million ($300 million) equity commitment through I Squared Capital’s ISQ Growth Markets Infrastructure Fund II. From pv magazine Australia The post Amazon signs tolling agreement for 50 MW/200 MWh BESS in Australia appeared first on Energy Storage .",full,,rss_full_content,https://www.ess-news.com/2026/09/03/amazon-signs-tolling-agreement-for-50-mw-200-mwh-bess-in-australia/,ESS News,储能,储能项目/应用,2026-09-04T00:10:24+00:00,通用技术 > 通信和运输 > 电网技术 > 配电和电力交易,通用技术,配电和电力交易,"[{""path"":[""通用技术"",""通信和运输"",""电网技术"",""配电和电力交易""],""path_text"":""通用技术 > 通信和运输 > 电网技术 > 配电和电力交易"",""confidence"":0.88,""reason"":""核心事件是亚马逊签订独立电池储能的tolling协议，通过电网套利和充放电控制获取储能容量，属于电力交易与商业模式。""},{""path"":[""产业经济与组织"",""企业与资本"",""企业经营与公司治理""],""path_text"":""产业经济与组织 > 企业与资本 > 企业经营与公司治理"",""confidence"":0.72,""reason"":""亚马逊作为非能源企业首次签订独立BESS tolling协议，涉及企业战略与商业合同安排。""}]",classified,2026-09-04T00:36:18.719762+00:00,glm-5.2,2026-08-14,
"D.TRADING, Capalo AI to offer bankable BESS revenue deals - Energy Storage",2026-09-03,"D.TRADING, the energy trading unit of Ukraine’s DTEK Group, and Finnish battery optimizer Capalo AI said they have started working together to offer structured revenue arrangements for battery energy storage and hybrid renewable projects in Europe, combining D.TRADING’s offtake capabilities with Capalo AI’s multi-market trading platform. Under the partnership, D.TRADING will act as the contractual counterparty and offtaker, providing fixed revenue structures and credit support, while Capalo AI will provide market access and trade assets across day-ahead, intraday and ancillary service markets through its Zeus VPP platform, the companies said. Asset owners will enter a single contractual relationship with D.TRADING while drawing on both companies’ capabilities, according to the release. The companies said the offering supports standalone BESS and hybrid renewable projects under multiple commercial structures, including merchant, floor-and-upside-share and tolling agreements. Dmytro Sakharuk, the CEO of D.TRADING, said battery storage is becoming fundamental to how Europe balances its power system and integrates renewable energy, and that the partnership aims to give developers and investors greater revenue certainty without limiting their assets’ market potential. Henri Taskinen, CEO and co-founder of Capalo AI, said the partnership removes a trade-off battery storage projects often face between multi-market optimization and the revenue certainty lenders require, combining D.TRADING’s financial strength with Zeus VPP’s trading capabilities across day-ahead, intraday and ancillary markets. The partnership will initially target battery storage projects in the Balkans, with potential expansion into wider Central, Eastern and South-Eastern European markets where both companies have an established presence, the companies said. Capalo AI manages 1.6 GW of batteries and 460 MWp of solar under its Zeus VPP platform, of which 600 MW and 300 MWp are already live under trading and optimization, according to the company. It operates in six European markets – Bulgaria, Finland, Lithuania, Latvia, Poland and Sweden – and plans to expand into Estonia, Greece, Portugal and Spain in 2026. The Helsinki-based company recently agreed to trade and optimize two Baltic hybrid solar-storage projects for Danish developer European Energy in Lithuania and Latvia, and separately announced a partnership earlier this month with Future Energy to optimize a 56 MW/168 MWh standalone battery storage project in Raseiniai, Lithuania – one of the country’s first commercial battery systems capable of storing and supplying power for up to three hours. The Raseiniai project, delivered by EPC contractor MT Group and valued at more than €30 million ($34.8 million), is expected to reach commercial operation in the first quarter of 2027. The post D.TRADING, Capalo AI to offer bankable BESS revenue deals appeared first on Energy Storage .",full,,rss_full_content,https://www.ess-news.com/2026/09/03/d-trading-capalo-ai-to-offer-bankable-bess-revenue-deals/,ESS News,储能,储能项目/应用,2026-09-04T00:10:26+00:00,通用技术 > 通信和运输 > 电网技术 > 配电和电力交易,通用技术,配电和电力交易,"[{""path"":[""通用技术"",""通信和运输"",""电网技术"",""配电和电力交易""],""path_text"":""通用技术 > 通信和运输 > 电网技术 > 配电和电力交易"",""confidence"":0.9,""reason"":""核心是两家公司合作提供BSS多市场（日前、日内、辅助服务）交易和收益结构服务，依托VPP平台参与电力市场。""},{""path"":[""产业经济与组织"",""企业与资本"",""企业经营与公司治理""],""path_text"":""产业经济与组织 > 企业与资本 > 企业经营与公司治理"",""confidence"":0.65,""reason"":""企业间合作协议与商业结构安排构成本事件的次要实质内容。""}]",classified,2026-09-04T00:36:18.719762+00:00,glm-5.2,2026-08-14,
Floor‑agreement structure anchors 140 MW Alytus BESS deal in Lithuania - Energy Storage,2026-09-03,"Czech-headquartered technology company Second Foundation has partnered with BLEnergy and Shamir Energy on one of Lithuania’s largest standalone battery energy storage systems (BESS), signing an optimization agreement for a to-be-built 140 MW facility in Alytus, Lithuania, south of Kaunas. Commissioning of the project is planned for 2027; BLEnergy told ESS News the Alytus BESS is expected to begin commercial operation in the third quarter of that same year. The company also stated that investment costs for the project are approximately €60 million. Rather than a conventional optimization contract, the parties agreed on a floor agreement – a revenue-protection mechanism where a minimum level of return is guaranteed but allowing for a share in higher returns. This structure is a growing trend in Europe’s battery storage market . The Alytus project combines operational and trading capabilities from the three partners. BL Energy and Shamir Energy bring development and asset-management experience, while Second Foundation contributes algorithmic optimization, along with monetizing experience across energy and ancillary service markets. About the companies involved Israel-based storage developer BLEnergy, part of the Blilious Group, has a project pipeline exceeding 7 GWh in both the Israeli market and several European countries. It has additional facilities in various stages of planning, construction, or operation. The company’s storage systems are based on market-leading technology from CATL . Shamir Energy is also Israel based, developing renewable energy projects with a pipeline of approximately 410 MW of solar, and 2 GWh of storage. Second Foundation operates in nine locations from the USA to Japan, boasting more than 500 analysts, engineers, data scientists, and technology experts managing more than 3 GW of renewable energy – 600 MW of BESS is under construction according to the company. The post Floor‑agreement structure anchors 140 MW Alytus BESS deal in Lithuania appeared first on Energy Storage .",full,,rss_full_content,https://www.ess-news.com/2026/09/03/floor-agreement-structure-anchors-140-mw-alytus-bess-deal-in-lithuania/,ESS News,储能,储能项目/应用,2026-09-04T00:10:29+00:00,通用技术 > 通信和运输 > 电网技术 > 配电和电力交易,通用技术,配电和电力交易,"[{""path"":[""通用技术"",""通信和运输"",""电网技术"",""配电和电力交易""],""path_text"":""通用技术 > 通信和运输 > 电网技术 > 配电和电力交易"",""confidence"":0.88,""reason"":""核心事件是140 MW电池储能项目的收益保底协议与算法定价优化，涉及储能资产市场化交易。""},{""path"":[""产业经济与组织"",""企业与资本"",""企业经营与公司治理""],""path_text"":""产业经济与组织 > 企业与资本 > 企业经营与公司治理"",""confidence"":0.68,""reason"":""三方合作开发约6000万欧元的储能项目并采用新型商业合同结构。""}]",classified,2026-09-04T00:36:18.719762+00:00,glm-5.2,2026-08-14,
"Google backs 100 MWh zinc, 280 MWh lithium storage capacity in US - Energy Storage",2026-09-03,"MN8 Energy said it will build “Mammoth Solar,” an 86 MW solar project in Kanawha County, West Virginia, paired with 70 MW/280 MWh of lithium-ion storage and 10 MW/100 MWh of Eos Energy Enterprises’ Z3 zinc-based LDES system. Google will purchase the energy, capacity and clean energy attributes of the project under a long-term agreement, according to MN8. A company spokesperson told ESS News that the project is the same Mammoth Solar development previously permitted in Kanawha County, with battery storage added during the Public Service Commission review process after initial permitting. Google’s participation as offtake partner came after the project was already in development, but the tech giant helped shape the technologies that were ultimately selected. The megawatt allocation for the project’s Eos storage component is drawn directly from MN8 and Eos’ previously announced master supply agreement, said the spokesperson. The project is built on a reclaimed coal mine site. MN8 said it will own and operate the integrated portfolio, which the company says is designed to convert intermittent solar generation into a single dispatchable resource matched to the load profile of Google’s regional data centers, including a planned West Virginia facility. MN8 said the Eos Z3 system is designed to provide 10 hours of discharge duration, extending the availability of solar generation beyond the shorter-duration lithium-ion storage in the portfolio. The company said this marks Google’s first project using Eos’ Z3 technology. The solar component is expected to reach commercial operation in 2028, the lithium-ion storage in 2029 and the Eos LDES system in 2030, MN8 said. The company said the project represents the first commercial-scale LDES deployment in West Virginia. MN8 estimates the project represents up to $350 million in capital investment and will generate approximately $4 million in property tax revenue for the county and local schools over its first 20 years of operation. Construction is expected to create approximately 200 jobs, said the company. Lucia Tian, director of advanced energy technologies at Google, said the company is committed to backing solutions that serve its data center capacity needs while accelerating progress toward cleaner, more affordable energy systems, adding that the collaboration with MN8 and Eos aims to deploy a portfolio of round-the-clock technology solutions to help power its digital infrastructure. Company officials said the project reflects MN8’s approach of building a solution around a customer’s specific energy profile, engineering proven and emerging technologies into a single dispatchable resource. The Z3 system is designed to extend the value of clean generation across more hours, strengthen the overall portfolio and deliver more dependable capacity when the grid needs it most, they said. The post Google backs 100 MWh zinc, 280 MWh lithium storage capacity in US appeared first on Energy Storage .",full,,rss_full_content,https://www.ess-news.com/2026/09/03/google-backs-100-mwh-zinc-280-mwh-lithium-storage-in-us/,ESS News,储能,储能项目/应用,2026-09-04T00:10:31+00:00,零碳产业 > 能量循环 > 能量存储 > 电化学储能 > 二次电池 > 其它电池体系,零碳产业,其它电池体系,"[{""path"":[""零碳产业"",""能量循环"",""能量存储"",""电化学储能"",""二次电池"",""其它电池体系""],""path_text"":""零碳产业 > 能量循环 > 能量存储 > 电化学储能 > 二次电池 > 其它电池体系"",""confidence"":0.88,""reason"":""项目核心亮点之一是Eos锌基长时储能系统（100 MWh）的应用部署。""},{""path"":[""零碳产业"",""能量循环"",""能量存储"",""电化学储能"",""二次电池"",""锂电池""],""path_text"":""零碳产业 > 能量循环 > 能量存储 > 电化学储能 > 二次电池 > 锂电池"",""confidence"":0.8,""reason"":""项目配套70 MW/280 MWh锂离子电池储能系统。""},{""path"":[""零碳产业"",""能量循环"",""能源测"",""发电技术"",""光伏""],""path_text"":""零碳产业 > 能量循环 > 能源测 > 发电技术 > 光伏"",""confidence"":0.75,""reason"":""项目主体为86 MW Mammoth太阳能电站并与储能联合调度。""}]",classified,2026-09-04T00:36:18.719762+00:00,glm-5.2,2026-08-14,
Grenergy completes $475 million sale of Chilean solar-storage project - Energy Storage,2026-09-03,"Grenergy has completed the sale of its 272 MW solar and 1.1 GWh battery storage project in Chile to CVC DIF for an enterprise value of $475 million. The transaction was first announced in September 2025, when Grenergy disclosed a value of up to $475 million and said the transfer was conditional on the asset entering operation. At the time, Gabriela was under construction and expected to reach commercial operation in the first half of 2026. The facility combines 272 MW of solar PV capacity with 1,100 MWh of battery storage. Grenergy announced its energization in February, paving the way for commissioning and completion of the sale. Gabriela is also backed by a 15-year hybrid power purchase agreement (PPA). Construction was financed through a $324 million green loan provided by BNP Paribas, Natixis, Société Générale, Scotiabank, SMBC, Bank of America, BBVA, JPMorgan, KfW IPEX, Rabobank and ICO. Under the terms of the transaction, Grenergy will continue providing operations and maintenance (O&M) services for the assets for five years. Oasis de Atacama is Grenergy’s hybrid solar and storage platform in northern Chile, comprising multiple PV plants paired with battery systems. The company currently plans up to 2.5 GW of solar and 14 GWh of storage across several phases, including Gabriela, Víctor Jara, Quillagua and Elena, with long-term power supply contracts associated with some of the facilities. The Gabriela sale follows Grenergy’s December 2024 sale to ContourGlobal, a KKR-backed company, of the Víctor Jara and Quillagua I and II phases. That transaction covered 451 MW of solar and 2.5 GWh of storage and had a value of up to $962 million. Grenergy said the two transactions together represent around 25% of the Oasis de Atacama platform and have a combined enterprise value of nearly $1.5 billion. The divestments form part of Grenergy’s asset rotation strategy under its 2026-2028 strategic plan, which targets €800 million in proceeds from asset sales during the period. The company updated the plan in May, increasing its planned investment through 2028 to €3.7 billion. It also announced expansions of its Oasis platforms in Chile and the development of Iberian Oasis in Spain. Together, the platforms are expected to reach 5 GW of solar and 22 GWh of storage. From pv magazine LatAm The post Grenergy completes $475 million sale of Chilean solar-storage project appeared first on Energy Storage .",full,,rss_full_content,https://www.ess-news.com/2026/09/03/grenergy-completes-475-million-sale-of-chilean-solar-storage-project/,ESS News,储能,储能项目/应用,2026-09-04T00:10:33+00:00,产业经济与组织 > 企业与资本 > 投融资、并购与资本市场,产业经济与组织,投融资、并购与资本市场,"[{""path"":[""产业经济与组织"",""企业与资本"",""投融资、并购与资本市场""],""path_text"":""产业经济与组织 > 企业与资本 > 投融资、并购与资本市场"",""confidence"":0.85,""reason"":""核心事件是Grenergy以4.75亿美元企业价值向CVC DIF完成出售智利光储项目。""},{""path"":[""零碳产业"",""能量循环"",""能源测"",""发电技术"",""光伏""],""path_text"":""零碳产业 > 能量循环 > 能源测 > 发电技术 > 光伏"",""confidence"":0.72,""reason"":""交易标的为272 MW光伏电站及1.1 GWh配套储能资产。""}]",classified,2026-09-04T00:36:18.719762+00:00,glm-5.2,2026-08-14,
AI-powered drone system for autonomous PV fault detection - pv magazine Global,2026-09-03,"A research group from Poland and Spain has developed a novel framework for autonomous unmanned aerial vehicle (UAV)-based inspection of PV installations. The system combines thermal and multispectral imaging with AI-based anomaly detection using multi-frame analysis of drone-acquired imagery.
“The central research problem addressed in this work concerns the automated detection of thermal and visual anomalies using drone-acquired imagery,” the researchers said. “Importantly, the thermal module is used for relative anomaly detection rather than absolute temperature measurement. Thermal images are treated as visual patterns, and anomalies are confirmed through multi-frame consistency across different viewing angles.”
The researchers developed a custom hexacopter equipped with a FLIR Boson 640 radiometric thermal camera and a MicaSense Altum multispectral camera. The FLIR camera operates in the 7.5–13.5 μm long-wave infrared range, has a resolution of 640 × 512 pixels at 30 Hz, and offers thermal sensitivity below 50 mK. The MicaSense Altum simultaneously captures RGB, thermal, and multispectral imagery. The aircraft and sensor payload were powered by dedicated power supplies, enabling flight times of approximately 25 minutes.
Using this setup, the researchers conducted multiple autonomous flight campaigns over a small residential PV installation and a large industrial-scale facility under varying atmospheric conditions. The flights took place during daylight hours at ambient temperatures ranging from 12 C to 22 C, mostly under clear or partly cloudy skies and with wind speeds below 12 m/s.
The UAV operated at altitudes ranging from 18 m to 30 m to maintain a ground sampling distance of approximately 2.5 cm to 4.0 cm per pixel. The researchers also adjusted flight speed and track spacing to ensure sufficient image overlap.
The researchers used imagery collected during the flight campaigns to build the model dataset. It comprised 1,950 proprietary flight images, 190 images from the publicly available Kaggle “Solar Panel Images” repository, and 260 laboratory images depicting controlled contamination.
They first removed blurred, overexposed, excessively noisy, and irrelevant frames before normalizing the remaining images and segmenting and cropping individual PV modules.
The researchers manually labeled anomalous modules as exhibiting dust, sand, bird droppings, or hotspots, while classifying normal modules as clean. They allocated 81.25% of the images to training, 7.92% to validation, and 10.83% to testing.
The researchers then compared four convolutional neural network (CNN) architectures: EfficientNet-B0, ResNet18, MobileNetV3-Small, and RegNet-Y16GF.
EfficientNet-B0 delivered the best overall performance, with precision of 0.903, recall of 0.907, a macro F1 score of 0.904, and a weighted F1 score of 0.927. The F1 score represents the balance between precision and recall.
Performance varied by anomaly class. The model achieved precision, recall, and F1 scores of 1.000 for both hotspots and clean modules. It recorded an F1 score of 0.907 for sand and 0.889 for bird droppings. Dust proved the most difficult anomaly to identify, with precision of 0.711, recall of 0.751, and an F1 score of 0.732.
“The modular design of the system enables straightforward extension toward coordinated multi-UAV operation and enhanced multi-sensor fusion, offering a pathway toward next-generation, high-throughput PV-monitoring platforms,” the researchers concluded. “The methodological transparency introduced in this work – including detailed sensor specification, dataset composition, and anomaly-classification procedures – ensures that the system can be reliably reproduced and further developed in future studies.”
The researchers presented the framework in “
Automated UAV thermal imaging and AI-based detection of hotspots and surface contamination in photovoltaic panels
,” published in
Measurement
. The research team included scientists from Rzeszow University of Technology in Poland and Spain’s
Valencia Polytechnic University",full,,dom_or_structured_full_text,https://www.pv-magazine.com/2026/09/03/ai-powered-drone-system-for-autonomous-pv-fault-detection/,pv magazine C&I PV,光伏,工商业光伏,2026-09-04T00:12:03+00:00,零碳产业 > 能量循环 > 能源测 > 发电技术 > 光伏,零碳产业,光伏,"[{""path"":[""零碳产业"",""能量循环"",""能源测"",""发电技术"",""光伏""],""path_text"":""零碳产业 > 能量循环 > 能源测 > 发电技术 > 光伏"",""confidence"":0.9,""reason"":""核心是面向光伏电站的无人机热成像与AI热斑、污染缺陷自动检测方法。""}]",classified,2026-09-04T00:36:18.719762+00:00,glm-5.2,2026-08-14,
Brazil approves law linking data center incentives to renewable energy use - pv magazine Global,2026-09-03,"On Tuesday, Brazil’s Federal Senate approved Bill 278/2026, establishing the Special Taxation Regime for Data Center Services (Redata). The text, approved without substantive changes to the version passed by the Chamber of Deputies, now goes to the president for sanction.
Among the conditions for accessing the tax benefits, data centers must meet their contracted electricity demand through supply agreements or self-generation using renewable or low-emission energy sources.
The Senate’s amendment was primarily a change in wording. The text replaced “clean or renewable sources” with “renewable or low-emission sources,” broadening the language of the original proposal and leaving the applicable criteria to be defined in subsequent regulations. The Senate cites solar and wind as examples of renewable sources, and hydropower, biomass and biogas as low-emission sources.
The requirement puts electricity procurement at the center of Brazil’s policy to attract investment in digital infrastructure and could add to demand already growing in the country’s free electricity market.
A survey by Clean Energy Latin America (CELA) identified 11 long-term contracts between renewable energy generators and data centers in Brazil from 2021 to 2024, totaling 330 MW and approximately BRL 7.7 billion ($1.4 billion) in transactions. Seven of the deals were structured under the self-generation model, while four were power purchase agreements (PPAs).
Solar and wind gain new demand potential
The combination of growing digital infrastructure and renewable energy procurement requirements could expand the market for generation projects developed to serve large loads.
For data center developers, long-term contracts with generators can link the expansion of computing capacity to a more predictable electricity procurement strategy. For generators, large, high-consumption loads can provide significant offtake opportunities for new projects.
The trend is already emerging in Brazil. According to CELA, the contracts identified through 2024 involved solar and wind generation and were structured primarily through self-generation arrangements and PPAs in Brazil’s Free Contracting Environment (ACL).
Self-generation and PPAs
Self-generation is likely to remain relevant for large-scale projects, particularly where consumers can establish partnerships with generation projects.
PPAs, meanwhile, allow data centers to contract electricity directly from generators over long periods, providing greater cost and supply predictability while supporting investment in new generation capacity.
CELA’s survey indicates the potential scale of the market. The 330 MWavg contracted by data centers from 2021 to 2024 represented approximately BRL 7.7 billion in transactions.
Incentives and obligations
Redata suspends federal taxes on equipment and components acquired domestically or imported for use in data centers. The suspension covers import duties, PIS/Cofins, PIS/Cofins-Import and the Tax on Industrialized Products (IPI), and will apply for five years.
In return, participating companies must allocate at least 10% of their installed data processing, storage and handling capacity to the Brazilian market; comply with sustainability criteria; meet contracted electricity demand through supply agreements or self-generation using renewable or low-emission sources; comply with water-efficiency limits for cooling systems; and invest in Brazil an amount equivalent to 2% of the value of products acquired under the tax incentive.
For the electricity sector, the most significant potential impact comes from the combination of growing digital loads and the requirement to procure electricity from renewable or low-emission sources.
If sanctioned, Redata could strengthen the role of data centers as a new class of large-scale electricity consumers in Brazil and increase demand for generation projects, long-term contracts and flexibility solutions as the country’s digital infrastructure expands.",full,,dom_or_structured_full_text,https://www.pv-magazine.com/2026/09/03/www-pv-magazine-com-2026-09-03-brazilian-senate-approves-law-linking-data-center-incentives-to-renewable-energy-use/,pv magazine C&I PV,光伏,工商业光伏,2026-09-04T00:12:05+00:00,公共政策与社会治理 > 政策法规 > 产业与能源政策,公共政策与社会治理,产业与能源政策,"[{""path"":[""公共政策与社会治理"",""政策法规"",""产业与能源政策""],""path_text"":""公共政策与社会治理 > 政策法规 > 产业与能源政策"",""confidence"":0.93,""reason"":""核心事件是巴西立法将数据中心税收优惠与可再生能源用电挂钩的产业政策""},{""path"":[""AI与智能科技"",""AI硬件层"",""数据中心""],""path_text"":""AI与智能科技 > AI硬件层 > 数据中心"",""confidence"":0.82,""reason"":""政策直接规范数据中心的电力采购与数字基础设施投资""}]",classified,2026-09-04T00:36:27.761482+00:00,glm-5.2,2026-08-14,
Data Centres and the clean energy imperative: Powering India’s digital economy sustainably - pv magazine Global,2026-09-03,"India’s digital economy is entering a phase in which computing growth and power infrastructure can no longer be planned separately. Artificial intelligence, cloud services, digital payments and data localisation are increasing demand for computing capacity, while data centres are becoming larger and more power intensive.
India illustrates the scale of this shift. Data-centre capacity increased fourfold from about 375 MW in 2020 to around 1,500 MW by 2025. The Economic Survey 2025–26 cites industry estimates of around 4 GW by 2030. The IEA also expects India’s electricity demand to grow by an average 6.4% a year between 2026 and 2030. Data centres will therefore expand within a power system already responding to industrialisation, cooling demand and wider electrification.
The clean-energy imperative is becoming central to where data centres are located, how quickly they can be commissioned and whether they can operate reliably at scale.
Power is becoming part of the investment case
A data-centre asset creates value only when sufficient, reliable power is available to support computing capacity. That makes time-to-power a strategic investment variable alongside land, fibre connectivity and construction economics.
Grid capacity, connection timelines, substation requirements, transmission constraints, renewable sourcing and future load growth need to be assessed before development assumptions become fixed. A location that appears attractive can become commercially difficult if network reinforcement takes years or if the power architecture cannot scale with demand.
Renewable generation and storage can often be deployed modularly and, under suitable conditions, on shorter timelines than large conventional generation or major network reinforcement. Actual delivery schedules, however, still depend on site readiness, permitting and grid connectivity.
Annual renewable-energy procurement can reduce the carbon intensity of electricity consumption, but it does not guarantee clean power every hour. Solar output is concentrated during daylight; wind varies by location and season; and grid congestion can emerge when reliability matters most. Data centres operate continuously and have very limited tolerance for interruption.
The requirement is an integrated portfolio: renewable generation, battery energy storage systems, firm grid supply, substations, transmission capacity and backup arrangements. Depending on the facility’s criticality, renewable energy supported by storage can form a significant part of the supply mix, while firm grid supply and standby generation provide additional resilience.
Data-centre technology is also changing rapidly. Higher-density computing, evolving cooling requirements and compressed development schedules mean power planning must begin earlier.
Reliability and decarbonisation must be designed together
Battery energy storage can improve resilience while shifting renewable generation, managing demand peaks and supporting power quality.
The engineering challenge is to ensure these technologies operate as one system. Storage duration, degradation, dispatch strategy, protection settings, backup architecture and grid-code compliance influence performance and investment returns. Decisions taken in isolation can create costly interface problems later.
Engineering confidence and independent technical assurance
The scale and speed of data-centre development can create pressure to commit capital before energy risks are fully understood. That makes independent engineering and technical advisory important.
The approach starts with the investment question rather than the equipment list: what power is required, how quickly can it be connected, how should renewable generation and storage be configured, where are the interface risks, and can the system expand without compromising reliability?
Independent technical oversight helps keep these decisions aligned with long-term availability, bankability and asset performance. Technical due diligence, Owner’s Engineering, grid studies, EPCM, quality assurance and operational performance review are most effective when they operate as one connected lifecycle framework.
India can build a cleaner digital advantage
India combines renewable resources with a deep engineering base and capability to execute digital and power infrastructure at scale. Developers, utilities, investors and technology companies need credible demand forecasts so grid connections, renewable supply, storage and network infrastructure can be planned ahead of congestion.
India’s digital economy will ultimately be supported by physical systems: substations, transmission lines, renewable plants, batteries and control platforms. If these systems are planned with the same precision and urgency as the computing infrastructure they serve, data-centre growth can strengthen both economic competitiveness and the clean-energy transition.
The clean-energy imperative is becoming part of the core engineering and investment logic of India’s digital economy for the decade ahead.",full,,dom_or_structured_full_text,https://www.pv-magazine.com/2026/09/03/data-centres-and-the-clean-energy-imperative-powering-indias-digital-economy-sustainably/,pv magazine C&I PV,光伏,工商业光伏,2026-09-04T00:12:07+00:00,AI与智能科技 > AI硬件层 > 数据中心,AI与智能科技,数据中心,"[{""path"":[""AI与智能科技"",""AI硬件层"",""数据中心""],""path_text"":""AI与智能科技 > AI硬件层 > 数据中心"",""confidence"":0.85,""reason"":""核心议题是印度数据中心扩容及其电力与清洁能源供应""},{""path"":[""公共政策与社会治理"",""政策法规"",""产业与能源政策""],""path_text"":""公共政策与社会治理 > 政策法规 > 产业与能源政策"",""confidence"":0.72,""reason"":""文中讨论数据中心与电力系统规划的产业政策取向""}]",classified,2026-09-04T00:36:27.761482+00:00,glm-5.2,2026-08-14,
Hiring more women deemed a remedy to energy transition workforce shortages - pv magazine Global,2026-09-03,"Based on industry surveys, shortages in critical energy transition occupations, can be improved with better employment strategies and culture, as well as addressing insufficient skills development to meet the pace of change.
Powering Skills Organisation’s (PSO’s) estimated target of 42,000 new qualified workers being required, has found workforce pressures beyond the demands of an energy transition now top heavy with rapid growth in artifiical intelligence (AI) data centre developments, is at risk of being derailed by skilled worker shortages.
Australia-headquartered energy sector workforce policy entity PSO’s High Load, Short Supply 2026 Targeted
Workforce Update
report says workforce growth is also constrained by limited training capacity and business confidence.
“As revealed by engagement with more than 400 employers, employees, training providers, industry bodies, unions and apprentices through PSO’s 2026 energy skills and workforce survey, and national roadshows,” the report cites.
“Regional stakeholders also identified persistent challenges relating to workforce mobility, training access, supervision capacity and thin labour markets. Across the engagement, stakeholders consistently called for structural reforms to support stronger workforce growth, mobility and coordination.”
Among surveyed employers, 55% continued to carry vacancies in the past 12 months, and 52% had positions unfilled for longer than six months.
Having only one pathway into the licensed electrical workforce via a Cert III in Electrotechnology, is hindered further by school leavers abandoning apprenticeships early, being underprepared by the education system for the literacy and numeracy demands of the training.
PSOs research found 59% of electrotechnology apprenticeships cancellations occur in the first year of study, and 26% in the second.
Completion rates however are at 70% and the larger barrier is the creation of apprenticeship opportunities, the report says.
The largest burden for apprentice employment falls to small and medium electrical contracting businesses, which in term boilds down to the practicalities of commercial viability.
Workplace culture can be a constraint where significant talent pools, including
, First Nations peoples and culturally and linguistically diverse communities are underutilised.
PSO has developed a solutions-focussed framework, outlined in the report, which addresses four recurrent themes to have emerged from its survey of the energy sector.
The Four Cs framework covers capacity, which defines the scale of the workforce required, capability covering the skills needed by that workforce, culture that could offer inclusive and safe workplaces to attract and retain talent, and confidence, which opens the door to investment and
certainty",full,,dom_or_structured_full_text,https://www.pv-magazine.com/2026/09/03/hiring-more-women-deemed-a-remedy-to-energy-transition-workforce-shortages/,pv magazine C&I PV,光伏,工商业光伏,2026-09-04T00:12:09+00:00,公共政策与社会治理 > 科教与人才 > 教育与人才发展,公共政策与社会治理,教育与人才发展,"[{""path"":[""公共政策与社会治理"",""科教与人才"",""教育与人才发展""],""path_text"":""公共政策与社会治理 > 科教与人才 > 教育与人才发展"",""confidence"":0.9,""reason"":""核心是能源转型行业技能人才培养与劳动力短缺对策""},{""path"":[""公共政策与社会治理"",""政策法规"",""产业与能源政策""],""path_text"":""公共政策与社会治理 > 政策法规 > 产业与能源政策"",""confidence"":0.68,""reason"":""报告涉及能源行业劳动力政策与投资信心议题""}]",classified,2026-09-04T00:36:27.761482+00:00,glm-5.2,2026-08-14,
"Electric Hydrogen to supply electrolysers in Karratha, Western Australia",2026-09-03,"Electric Hydrogen to supply electrolysers in Karratha, Western Australia
Perdaman’s Project Helios secures agreement for 120 tons per day of renewable hydrogen
Projected to be Australia’s largest domestic ammonia and urea manufacturing facility, Perdaman’s Project Ceres is located in Karratha, Western Australia. With production targets of 2.3 million tons of urea per year, using gas supplied by Woodside and offtake agreements with Incitec Pivot, the project also utilises 5MW of solar energy.
Towards decarbonised ammonia production, Perdaman’s Project Helios is in charge of delivering 1GW of solar power to produce at least 120 tons per day of renewable hydrogen for ammonia production at Project Ceres. In the most recent news, Perdaman has announced Electric Hydrogen (EH2) as the preferred electrolyser supplier. This agreement follows a successful pre-FEED partnership.
When we began Project Ceres, our vision was to strengthen Australia’s manufacturing future. Project Helios is the next step in that journey, advancing the decarbonisation of Australian industry through clean, Australian-made hydrogen.
Vikas Rambal, Chairman, Perdaman in his organisation’s press release, 17 Aug 2026
Perdaman is building a state-of-the-art urea production facility on the Burrup Peninsula near Karratha. Electric Hydrogen’s economically viable large scale HYPRplant electrolysis solution will enable Perdaman to address Australia’s critical need for low-carbon, domestically produced fertilizer. We’re excited to partner with Perdaman on this important mission
Raffi Garabedian, CEO, Electric Hydrogen in Perdaman’s press release, 17 Aug 2026
Perdaman is an multi-national company, based in Western Australia with expertise in numerous sectors including fertiliser production and sustainable energy solutions. Perdaman is investing AU$6.5 billion in Project Ceres aiming to develop and support Australia’s sovereign fertiliser industry and food security. The Australia Government is backing the work with AU$475 million in loans. Perdaman was one of four companies the West Australian state government allocated land to with the vision of a Pilbara Hydrogen Hub.
EH2, based in Massachusetts, USA, specialises in decarbonisation at the 100 MW-scale with its modular HYPRPlant electrolyser that produces renewable, low-cost hydrogen.",full,,trafilatura_full_text,https://ammoniaenergy.org/articles/electric-hydrogen-to-supply-electrolysers-in-karratha-western-australia/,Ammonia Energy Association,氨能,氨能源/燃料/产业应用,2026-09-04T00:12:13+00:00,零碳产业 > 能量循环 > 能量存储 > 化学能 > 氢基能源,零碳产业,氢基能源,"[{""path"":[""零碳产业"",""能量循环"",""能量存储"",""化学能"",""氢基能源""],""path_text"":""零碳产业 > 能量循环 > 能量存储 > 化学能 > 氢基能源"",""confidence"":0.93,""reason"":""核心是大型电解槽供应与绿氢生产项目""},{""path"":[""零碳产业"",""能量循环"",""能量存储"",""化学能"",""可再生燃料""],""path_text"":""零碳产业 > 能量循环 > 能量存储 > 化学能 > 可再生燃料"",""confidence"":0.75,""reason"":""绿氢用于低碳氨和尿素生产，涉及可再生氨燃料产业""}]",classified,2026-09-04T00:36:27.761482+00:00,glm-5.2,2026-08-14,
Ammobia and Lummus partner to licence and deploy new ammonia production technology,2026-09-03,"Ammobia and Lummus partner to licence and deploy new ammonia production technology
“Haber Bosch 2.0” ready to commercialise
Texas-based Lummus Technology and California-based Ammobia have signed a new agreement to licence and deploy Ammobia’s next-generation ammonia production technology. The technology, dubbed “Haber-Bosch 2.0”, delivers a capital-efficient synthesis loop (synloop), low-cost ammonia production, and versatility in energy source. The modular design presents the opportunity for medium-sized ammonia production plants to decrease the global reliance on traditional megaprojects in addition to retrofitting options.
Lummus and Ammobia are initially targeting 50-500 tons per day ammonia production plant operators looking to supply low-cost ammonia to sectors including maritime fuels and in-demand power generation.
Lummus will help de-risk and accelerate the roll out of Ammobia’s production process with an established customer base and globally demonstrated expertise in the engineering and technology aspects of developing process technologies. This is Lummus’ first venture into ammonia technology, which complements and integrates with its feedstock flexible hydrogen portfolio providing varied and flexible decarbonisation choices for customers.
Ammobia changes the economics of producing ammonia from any energy source and does it in modules rather than the world-scale plants that have defined this industry for a century. Customers can add capacity through a greenfield project or an upgrade to an existing operating site. Lummus brings the engineering rigor, project delivery, and global relationships required to deploy it, which lets Ammobia stay focused on advancing the core process. Together we can make ammonia’s newest applications, from resilient power to clean maritime fuel, commercially viable.
Karen Baert, Co-founder and CEO, Ammobia in her organisation’s press release, 27 Aug 2026
We have a long track record of partnering with innovators to scale breakthrough technologies that address the evolving needs of the global energy market. Ammobia’s technology is an important addition to Lummus’ portfolio and a leap forward for the industry. This cutting-edge solution has the power to transform ammonia production to be more economical and lower carbon, support emissions reductions in the shipping industry, and significantly reduce project costs.
Leon de Bruyn, President and CEO, Lummus Technology, in Ammobia’s press release, 27 Aug 2026
Ammobia’s technology boasts low-temperature (300°C) and relatively low-pressure (20 bar) ammonia production. The company integrates low-temperature ammonia catalysts with solid sorbents for ammonia separation for up to 80% single pass conversion in its reactor and predicts scale up to 50 kilograms per day plant (TRL 6) in 2026.",full,,trafilatura_full_text,https://ammoniaenergy.org/articles/ammobia-and-lummus-partner-to-licence-and-deploy-new-ammonia-production-technology/,Ammonia Energy Association,氨能,氨能源/燃料/产业应用,2026-09-04T00:12:15+00:00,零碳产业 > 能量循环 > 能量存储 > 化学能 > 可再生燃料,零碳产业,可再生燃料,"[{""path"":[""零碳产业"",""能量循环"",""能量存储"",""化学能"",""可再生燃料""],""path_text"":""零碳产业 > 能量循环 > 能量存储 > 化学能 > 可再生燃料"",""confidence"":0.88,""reason"":""核心是新一代低碳氨合成技术的商业化许可与部署""},{""path"":[""通用技术"",""催化剂""],""path_text"":""通用技术 > 催化剂"",""confidence"":0.7,""reason"":""技术核心包括低温低压氨催化剂与吸附分离体系""}]",classified,2026-09-04T00:36:27.761482+00:00,glm-5.2,2026-08-14,
Enapter wins electrolyzer order from US drone manufacturer | Hydrogen Tech World.com,2026-09-03,"The order comprises units from its 4.1 series of AEM electrolyzers and is scheduled for delivery in the fourth quarter of 2026.
The AEM modules will be integrated into mobile, all-terrain refueling systems that generate hydrogen directly at the point of operation from water and solar power, without a grid connection. This approach removes the need to transport and store hydrogen in large compressed gas cylinders, which has been among the main obstacles to operating hydrogen-powered drones in remote areas.
According to Enapter, hydrogen propulsion gives drones significantly longer flight and mission times compared with battery-electric propulsion, along with rapid refueling capability.
The order is structured as a pilot project. Enapter said it opens up a field of application in which the modular design of AEM technology is well suited, citing a compact footprint, robust operation, and the ability to scale hydrogen production by adding further modules.
Dr Jürgen Laakmann, Chief Executive Officer of Enapter , said: “This order underlines how far the applications of our technology reach beyond classic industrial use. In this case hydrogen is generated flexibly where it is needed – free of complex supply chains and of any fuel logistics. That is exactly what our modular, low-maintenance AEM technology was built for. We see considerable growth potential in mobile refuelling solutions and are pleased to be developing this field together with a technologically leading customer.”
Enapter said the market for drones with long range and long flight times is growing strongly worldwide, and that the pilot project opens up a field of application with scalable demand for the company.",full,,trafilatura_full_text,https://hydrogentechworld.com/enapter-wins-electrolyzer-order-from-us-drone-manufacturer,Hydrogen Tech World,氢能,技术/产业新闻,2026-09-04T00:12:25+00:00,零碳产业 > 能量循环 > 能量存储 > 化学能 > 氢基能源,零碳产业,氢基能源,"[{""path"":[""零碳产业"",""能量循环"",""能量存储"",""化学能"",""氢基能源""],""path_text"":""零碳产业 > 能量循环 > 能量存储 > 化学能 > 氢基能源"",""confidence"":0.9,""reason"":""核心是AEM电解槽制氢与现场移动加氢系统订单""},{""path"":[""通用技术"",""通信和运输"",""航空""],""path_text"":""通用技术 > 通信和运输 > 航空"",""confidence"":0.65,""reason"":""应用场景为氢动力无人机的远程加注""}]",classified,2026-09-04T00:36:27.761482+00:00,glm-5.2,2026-08-14,
CRAFT低温系统6 kW@4.5 K氦制冷机调试成功,2026-09-03,"2026-09-03 15:20 来源：中国科学院等离子体物理研究所
CRAFT低温系统
近日，CRAFT磁体平台氦制冷系统建设取得重要进展。CRAFT低温系统6kW@4.5K氦制冷机主体现场调试及性能测试顺利完成，各项指标均达到设计验收要求。
调试工作重点围绕氦制冷机冷箱的制冷性能、液化能力、控制系统、安全联锁以及关键低温设备运行状态等内容展开系统验证。验收测试期间，氦制冷机在设计工况下完成了连续12小时稳定运行，同时实现了6kW@4.5K+50K@GHe的制冷能力。除设计工况外，项目团队还开展了氦液化工况性能测试，相关温度、压力、流量、加热功率以及杜瓦液位等参数均保持在相应运行范围内，这一结果验证了氦制冷机在复杂负荷条件下的制冷能力和运行稳定性，为后续根据超导负载需求灵活调整运行模式提供了重要技术基础。在性能测试基础上，项目团队对氦制冷机安全功能进行了验证，模拟了停电或紧急停机后的系统重启、真空系统运行等工况，进一步检验了冷箱及相关子系统之间的协同控制、安全保护和故障恢复能力，为系统长期连续、稳定可靠运行提供了保障。
6kW@4.5K级氦制冷机是CRAFT低温系统的重要核心子系统。此次主体性能调试成功，全面检验了氦制冷机在大制冷量、液化等不同运行模式下的综合性能，以及冷箱、压缩机站、控制系统和相关辅助系统的协同运行能力。这一重要节点标志着CRAFT低温系统由设备建设安装阶段进一步迈向系统联调和应用运行阶段。该系统将为超导磁体及相关低温实验装置的系统联调、性能验证和稳定运行提供可靠的深低温条件，并为大型超导磁体、先进低温技术及相关重大科研装备开展实验研究提供重要基础支撑。
此次调试成功，得益于团队在低温工程、自动控制等多学科领域的协同攻关，也为后续承担更大规模低温系统建设与运行任务奠定了人才和技术基础，进一步验证了等离子体所大科学团队在大型氦制冷装备集成、调试及运行保障方面的综合技术能力。
CRAFT低温系统压缩机组",full,,dom_or_structured_full_text,https://www.cinie.net/article/64183.html,中国核电信息网-国内,核电,国内核电,2026-09-04T00:13:55+00:00,零碳产业 > 能量循环 > 能源测 > 发电技术 > 核电,零碳产业,核电,"[{""path"":[""零碳产业"",""能量循环"",""能源测"",""发电技术"",""核电""],""path_text"":""零碳产业 > 能量循环 > 能源测 > 发电技术 > 核电"",""confidence"":0.88,""reason"":""CRAFT聚变磁体平台的大型氦低温制冷系统建设调试，属于核聚变科研工程核心设施进展。""}]",classified,2026-09-04T00:36:35.737468+00:00,glm-5.2,2026-08-14,
广东太平岭核电3号机组完成堆腔池池壁模块吊装,2026-09-03,"2026-09-03 08:55 来源：惠众核谐
中广核惠州核电有限公司消息，近日，中广核广东太平岭核电项目3号机组堆腔池池壁模块顺利完成吊装，为后续工程建设推进创造了条件。
堆腔池池壁是反应堆厂房内的关键不锈钢覆面结构，也是反应堆重要的安全冷却屏障。此次吊装完成后，3号机组反应堆厂房相关关键结构施工取得阶段性进展，为机组投产后的安全运行奠定了基础。",full,,dom_or_structured_full_text,https://www.cinie.net/article/64037.html,中国核电信息网-国内,核电,国内核电,2026-09-04T00:13:57+00:00,零碳产业 > 能量循环 > 能源测 > 发电技术 > 核电,零碳产业,核电,"[{""path"":[""零碳产业"",""能量循环"",""能源测"",""发电技术"",""核电""],""path_text"":""零碳产业 > 能量循环 > 能源测 > 发电技术 > 核电"",""confidence"":0.95,""reason"":""太平岭核电站反应堆厂房关键结构施工取得阶段性进展，核心事件为核电工程建设。""}]",classified,2026-09-04T00:36:35.737468+00:00,glm-5.2,2026-08-14,
秦山核电格栅清理机械手臂完成大修验证,2026-09-03,"秦山核电格栅清理机械手臂完成大修验证
秦山核电维修四处机械团队自主研发的“无人机智能巡检+机械臂自动清理”设备——格栅清理机械手臂，近日在秦二厂312大修中完成现场验证。该设备面向海水系统取水格栅清理场景，可将原本依赖人工进入深井的作业方式，转变为地面远程监控下的无人化作业。
取水格栅是核电厂冷却水系统的重要屏障，其通畅状态关系机组运行稳定。传统清理方式中，作业人员需要进入地下二十余米的狭窄井道，在受限空间内开展检查和清理，存在作业强度大、效率低以及高处坠落、缺氧窒息等安全风险。
针对这一运维难点，秦山核电维修四处机械团队开展了为期8个多月的技术攻关，形成了集无人机巡检、智能识别和机械臂清理于一体的作业系统。作业前端由搭载高清传感设备的无人机完成格栅区域扫描和识别，生成可视化作业图谱;随后，机械臂依据回传数据自主规划路径，执行抓取、清运等操作，技术人员在地面进行远程监控和指挥。
在秦二厂312大修试用过程中，该机械手臂及时发现一处SEC格栅条破损缺陷，为后续处理争取了时间，降低了大修期间相关安全风险。现场验证结束后，研发团队对设备性能进行了评估，并梳理出后续优化方向。
据介绍，该系统应用后，作业人员无需进入深井，可从源头减少受限空间高风险作业;同时，原本可能需要数小时的清理工作，可压缩至数分钟内完成，有助于降低相关作业对机组运行和检修组织的影响。
此次验证表明，秦山核电在复杂环境下无人机稳定巡检、狭小空间机械臂精准操作等方面取得了阶段性应用成果。该技术路线也可为市政排水深井、大型水利设施、化工能源等存在受限空间作业需求的场景提供参考。",full,,trafilatura_full_text,https://www.cinie.net/article/64052.html,中国核电信息网-国内,核电,国内核电,2026-09-04T00:14:01+00:00,零碳产业 > 能量循环 > 能源测 > 发电技术 > 核电,零碳产业,核电,"[{""path"":[""零碳产业"",""能量循环"",""能源测"",""发电技术"",""核电""],""path_text"":""零碳产业 > 能量循环 > 能源测 > 发电技术 > 核电"",""confidence"":0.92,""reason"":""秦山核电研发的格栅清理机械手臂完成大修现场验证，核心是核电机组运维技术。""}]",classified,2026-09-04T00:36:35.737468+00:00,glm-5.2,2026-08-14,
生态环境部总结核电厂防汛防台经验,2026-09-03,"2026-09-03 15:59 来源：生态环境部核电安全监管司
为筑牢防汛防台安全防线，认真总结核电厂应对台风有关工作，持续提升极端天气条件下核安全保障能力，近日，生态环境部核电安全监管司组织召开白龙、太平岭核电厂应对台风有关情况讨论及经验总结线上会议，相关营运单位代表参加。
会上，营运单位分别汇报了应对台风“美莎克”、“红霞”等工作开展情况，重点介绍了台风预警响应、人员撤离安置、构筑物与设备防护、应急物资储备、取水安全保障等方面的具体举措，结合实际案例深入剖析了工作中存在的薄弱环节，明确了改进方向，分享了在防汛防台中形成的良好实践。
会议强调，针对近年来超强台风数量明显增多的趋势，营运单位要定期评估防汛防台相关方案，确保各项措施落实落细。一是要求设计单位对于临建相关设施等应充分考虑台风影响，整体提升防台设计标准，同时应充分考虑重要设备防水性能和防水保护措施。二是加强对核电现场设备模块的保护，提高厂房防护等级。三是加强核电厂建造和运行管理，持续完善气象灾害应急预案，保证人员安全，做好设备保护，提升应急电源和取水可靠性。
核电安全监管司将以此次会议为契机，进一步健全监管协同机制，强化信息通报和资源共享，推动行业做好针对性经验反馈，凝聚防汛防台工作合力，切实筑牢核安全防线，以高水平安全保障核电高质量发展。",full,,dom_or_structured_full_text,https://www.cinie.net/article/64213.html,中国核电信息网-国内,核电,国内核电,2026-09-04T00:14:03+00:00,公共政策与社会治理 > 政策法规 > 监管、标准与合规,公共政策与社会治理,监管、标准与合规,"[{""path"":[""公共政策与社会治理"",""政策法规"",""监管、标准与合规""],""path_text"":""公共政策与社会治理 > 政策法规 > 监管、标准与合规"",""confidence"":0.85,""reason"":""生态环境部核电安全监管司组织总结核电厂防汛防台经验，属监管与安全治理活动。""},{""path"":[""零碳产业"",""能量循环"",""能源测"",""发电技术"",""核电""],""path_text"":""零碳产业 > 能量循环 > 能源测 > 发电技术 > 核电"",""confidence"":0.7,""reason"":""会议核心对象是核电厂极端天气下的核安全保障。""}]",classified,2026-09-04T00:36:35.737468+00:00,glm-5.2,2026-08-14,
重齿公司牵头编制核电海水循环泵齿轮箱国家标准,2026-09-03,"2026-09-03 10:34 来源：重庆齿轮箱有限责任公司
近日，由重齿公司牵头编制的国家标准《核电海水循环泵用立式齿轮箱设计规范》首次制定工作组会议顺利召开。此次会议的召开，不仅是一场技术规范研讨，更代表重齿公司实现了从产品制造向规则制定的重要跨越，标志着核电核心装备迈入“领跑定义”的新阶段。
本次牵头制定国家标准，充分彰显重齿公司的技术实力，更体现出公司的产业担当。只有将研发过程中的技术经验通过标准的形式沉淀下来，才能为整个行业的技术进步和产业升级提供可复制、可推广的技术参考。
从技术突围到标准引领，《核电海水循环泵用立式齿轮箱设计规范》国家标准的制定落地，明确了设计路径、验证方法和质量准则，将为我国核电装备自主化、标准化、规模化发展奠定坚实基础，从而带动全产业链制造能力整体提升，加速核电装备国产化替代进程，切实守护国家能源安全。",full,,dom_or_structured_full_text,https://www.cinie.net/article/64169.html,中国核电信息网-国内,核电,国内核电,2026-09-04T00:14:05+00:00,公共政策与社会治理 > 政策法规 > 监管、标准与合规,公共政策与社会治理,监管、标准与合规,"[{""path"":[""公共政策与社会治理"",""政策法规"",""监管、标准与合规""],""path_text"":""公共政策与社会治理 > 政策法规 > 监管、标准与合规"",""confidence"":0.85,""reason"":""核心事件是核电装备齿轮箱国家标准制定的启动，属行业标准工作。""},{""path"":[""零碳产业"",""能量循环"",""能源测"",""发电技术"",""核电""],""path_text"":""零碳产业 > 能量循环 > 能源测 > 发电技术 > 核电"",""confidence"":0.75,""reason"":""标准对象为核电海水循环泵关键装备，直接关系核电装备自主化。""}]",classified,2026-09-04T00:36:35.737468+00:00,glm-5.2,2026-08-14,
国核自仪45台核级无纸记录仪顺利完成批量发货,2026-09-03,"2026-09-03 09:02 来源：国核自仪
国产核级显控设备
8月27日，国核自仪45台核级无纸记录仪通过出厂验收，顺利发货。本次批量交付，标志着该产品已完成全流程技术迭代，全链条生产环节全面走向标准化，国产核级显控设备已具备持续稳定的批量供货能力，市场认可度持续提升。
核级无纸记录仪是基于FPGA(现场可编程门阵列)架构的高可靠显控平台核心产品，产品运行全流程无CPU和操作系统参与，从根源上解决了传统显控设备操作系统验证难、易受病毒攻击的行业痛点，天然具备防病毒、不死机、秒启动、响应速度快等优势。源代码完全自主可控，支持图形化二次开发与模块化灵活扩展，可快速开发出适用于各种场景的系列化显控设备。采用模块化技术，支持IO扩展，可实现无耗材高精度数据采集、存储与全链路溯源。自2024年推向集团外市场以来，累计供货量近150台，持续稳定的批量交付能力与久经核电严苛工况验证的过硬品质，充分彰显了产品的成熟度与可靠性。
该技术成果已获得国内行业权威认定。2026年6月，中国核学会组织召开了科技成果鉴定会，由叶奇蓁、于俊崇等4位院士及技术专家组成的专家组一致认定：该成果整体技术达国际领先水平。此外，该成果核心技术斩获上海市优秀发明选拔赛二等奖、全国电力行业管理创新成果一等奖、电力行业高价值专利奖等多项荣誉，获行业权威充分认可。
目前，核级无纸记录仪已广泛应用于核电工程领域的显控场景。下一步，公司将在保障现有订单稳定交付的基础上，以该技术成果为核心，积极拓展核电及核能综合利用等高端工业领域市场，打破场景与客户局限，持续输出国产化高可靠解决方案，助力更多工业场景数智化升级。",full,,dom_or_structured_full_text,https://www.cinie.net/article/64048.html,中国核电信息网-国内,核电,国内核电,2026-09-04T00:14:07+00:00,零碳产业 > 能量循环 > 能源测 > 发电技术 > 核电,零碳产业,核电,"[{""path"":[""零碳产业"",""能量循环"",""能源测"",""发电技术"",""核电""],""path_text"":""零碳产业 > 能量循环 > 能源测 > 发电技术 > 核电"",""confidence"":0.88,""reason"":""核心事件是核级无纸记录仪批量交付，核电显控装备产业化进展。""}]",classified,2026-09-04T00:36:35.737468+00:00,glm-5.2,2026-08-14,
瑞典1.2吉瓦BWRX-300核电项目确定战略合作方,2026-09-03,"BWRX-300
小型模块化反应堆
Studsvik
斯图兹维克公司 (Studsvik AB) 9月3日宣布，已在竞争性评估后选择GE Vernova日立核能公司 (GE Vernova Hitachi Nuclear Energy) 和三星物产 (Samsung C&T) 作为其在瑞典首个核电项目的战略合作伙伴。项目计划在斯图兹维克位于尼雪平的现有许可厂址，或位于瓦尔德马斯维克的Målma厂址推进。
根据安排，各方将与GE Vernova金融服务业务以及DS投资伙伴公司 (DS Investment Partners) 合作，推进瑞典首个由4台BWRX-300机组组成的核电项目，总装机容量约1.2吉瓦。首台机组预计在21世纪30年代中期投入运行。
该项目属于斯图兹维克旗下ReFirm新核能开发平台。ReFirm是一个面向多厂址小型模块化反应堆及先进核电项目的平台，斯图兹维克今年早些时候通过收购Kärnfull Next (KNXT) 获得该项目。KNXT自2022年起一直与GE Vernova日立核能公司合作，推动BWRX-300在瑞典部署，并于2024年12月与三星物产签署战略合作协议。
在尼雪平，斯图兹维克目前运营着一处已获许可的核设施。在瓦尔德马斯维克，该公司已于2026年3月提交申请，这是瑞典相关新规生效后，核设施建设项目首次依据新要求申请政府批准。首个项目的最终选址将在后续开发过程中确定。
各方表示，项目将采用分阶段、多机组推进方式，以提高设计、采购、施工和后续运营环节的标准化水平，并将早期机组建设经验用于后续机组，从而改善成本、工期和施工效率。这一模式也将为瑞典本土企业参与工程设计、设备采购、建设和长期运营创造条件，并支持面向后续项目的供应链建设。
本次协议为独家合作协议，设有固定期限，并可由各方续签。协议标志着项目进入联合开发阶段，但不构成最终投资决定，也不等同于建设许可。独家合作期内，各方将围绕商业模式、技术方案、监管许可和融资安排开展工作。
根据分工，斯图兹维克将负责许可审批、环境影响评估、场地权益、社区沟通以及与瑞典政府的对接。GE Vernova日立核能公司将负责反应堆工程、许可支持和成本估算，并担任工程技术权威机构;该公司还将与三星物产共同组成项目执行团队，为建设和交付提供统一责任安排。独家谈判期间，DS投资伙伴公司将牵头投资工作，GE Vernova金融服务业务将以顾问和财务结构顾问身份参与。
各方还计划成立一家项目公司，负责核电站开发、融资、建设、所有权和运营等工作，具体安排将在最终协议中确定。
瑞典正依据2026年生效的新法律扩大核电发展空间。新规允许在现有三座核电站以外的地点建设反应堆，但每座反应堆仍需获得政府批准，并可在国家贷款、双向差价合约等融资框架下获得支持。",full,,dom_or_structured_full_text,https://www.cinie.net/article/64208.html,中国核电信息网-国际,核电,国际核电,2026-09-04T00:14:57+00:00,零碳产业 > 能量循环 > 能源测 > 发电技术 > 核电,零碳产业,核电,"[{""path"":[""零碳产业"",""能量循环"",""能源测"",""发电技术"",""核电""],""path_text"":""零碳产业 > 能量循环 > 能源测 > 发电技术 > 核电"",""confidence"":0.95,""reason"":""核心事件为瑞典BWRX-300小型模块化反应堆核电项目确定战略合作方并推进开发。""}]",classified,2026-09-04T00:36:41.675363+00:00,glm-5.2,2026-08-14,
乌兹别克斯坦拟将核电项目本地化率提高至30%以上,2026-09-03,"乌兹别克斯坦拟将核电项目本地化率提高至30%以上
乌兹别克斯坦计划提高吉扎克州综合核电站项目的本地化水平，目标是将本国生产的商品和设备占比由初步估算的21%提升至至少30%。该项目总投资约95亿美元，被乌兹别克斯坦视为未来重要的基荷电力来源之一。
乌兹别克斯坦总统沙夫卡特·米尔济约耶夫 (Shavkat Mirziyoyev) 在视察项目建设现场及规划中的核工业人员卫星城时表示，现有本地化比例仍需提高，并要求扩大本国企业在设备供应、工程建设和配套基础设施中的参与度。按项目总投资测算，若本地化率达到30%，本国供应商品和设备价值将约为28.5亿美元。
该综合核电站项目已于6月4日进入积极建设阶段。目前，反应堆厂房土方开挖已完成，开挖量超过100万立方米;基础底板混凝土浇筑量达916立方米;施工安装基地100公顷范围内的土方工程也已完成。现场约有450名工人和专家参与施工，并投入100余台专用设备。
按照计划，项目将使用约3000种产品和设备。乌兹别克斯坦方面要求，本国企业承担65%的建设和安装工作，项目建设还将需要约7000名当地工人和专业人员。米尔济约耶夫强调，施工质量和核安全必须作为优先事项，所有工作须符合国际原子能机构 (IAEA) 要求和相关国际标准。
为支撑核电项目本地化，乌兹别克斯坦拟在法里什区建设一座占地200公顷的工业区，重点发展建筑材料等配套产业。规划显示，园区内预计将引入至少100家合资企业，并通过技术转让推动15个领域实现本地化生产。相关部门被要求在年底前提交决定草案，为入驻企业提供税收和海关优惠。
项目外部基础设施建设同步推进，内容包括388公里输电线路、一座110千伏变电站、21公里饮用水管道、120公里技术供水管网、39.5公里公路和11公里铁路。乌兹别克斯坦方面提出，相关基础设施采购中的本地产品和服务占比应达到60%至70%。
国际原子能机构于6月22日至26日对乌兹别克斯坦国家核基础设施发展情况开展综合评估任务，并对有关工作作出积极评价。与此同时，乌兹别克斯坦正推进核电人才培养。自2023年以来，俄罗斯国立核能研究大学 (MEPhI) 塔什干分校已有216名学生毕业，其中83人继续赴中国、匈牙利、法国、意大利和韩国高校攻读硕士及博士学位，另有100名专业人才正在乌兹别克斯坦四所高校接受培养。
配套生活设施方面，乌兹别克斯坦计划为核电项目工人、专家及其家属建设一座占地200公顷的卫星城。该城镇规划建设约1万套公寓，可容纳近3.3万人，一期将建设3000套公寓，并配套学校、幼儿园、医疗、体育、文化和休闲设施。项目还计划采用现代隔热技术、替代能源和智能照明系统。",full,,trafilatura_full_text,https://www.cinie.net/article/64161.html,中国核电信息网-国际,核电,国际核电,2026-09-04T00:15:01+00:00,零碳产业 > 能量循环 > 能源测 > 发电技术 > 核电,零碳产业,核电,"[{""path"":[""零碳产业"",""能量循环"",""能源测"",""发电技术"",""核电""],""path_text"":""零碳产业 > 能量循环 > 能源测 > 发电技术 > 核电"",""confidence"":0.92,""reason"":""核心事件是乌兹别克斯坦核电站项目本地化与建设推进。""}]",classified,2026-09-04T00:36:41.675363+00:00,glm-5.2,2026-08-14,
美国PACMAN人工智能框架实现聚变等离子体毫秒级控制,2026-09-03,"PACMAN人工智能框架
聚变等离子体控制
DIII-D国家聚变设施
美国能源部普林斯顿等离子体物理实验室 (PPPL) 与普林斯顿大学 (Princeton University) 研究人员开发的PACMAN人工智能框架，已在真实聚变实验系统中完成五项实验验证。该框架可在约20毫秒内完成数据处理、状态预测和控制指令输出，用于应对聚变等离子体中快速发展的不稳定性。
这是艺术家对PACMAN融合系统人工智能框架的诠释。(插图来源：Kyle Palmer / PPPL通信部)
PACMAN全称为“基于机器学习的预测与控制”。相关设计和初步实验结果已发表于《核聚变》期刊。研究团队表示，托卡马克装置中的等离子体温度、密度和稳定性需要持续调节，加热系统、磁体和气体注入等参数都可能影响放电状态。部分等离子体扰动可在毫秒级时间内增长，传统人工操作难以及时响应。
该框架的核心是将多个机器学习模型和控制器接入同一控制回路。系统首先采集托卡马克的实时测量数据，包括温度、密度和磁信号;随后检查数据误差并完成整理;机器学习模型据此预测等离子体当前状态或即将出现的变化;控制器再计算加热束调节等操作指令;最后由输出环节协调不同控制器之间的指令冲突，执行硬件安全限制，并将控制指令发送至装置。
研究团队在美国DIII-D国家聚变设施 (DIII-D National Fusion Facility) 的托卡马克装置上完成了五项实验。实验中，PACMAN实现了由强化学习训练的人工智能模型对加热系统的控制，预测了等离子体边缘能量突发，探测并调控了由高速粒子驱动的等离子体波，还对等离子体密度和旋转状态进行了调节，使其接近预设目标。
在一项实验中，机器学习模型提前约200毫秒预测到撕裂模不稳定性，使系统能够在不稳定性形成前调整等离子体状态。研究人员称，传统控制器通常只能在撕裂模出现后进行抑制，可能导致等离子体性能明显下降。PACMAN还同时调控了DIII-D装置的六个回旋管，通过实时调整回旋管镜面方向和功率，完成预设控制目标。
研究人员强调，PACMAN并不意味着由人工智能完全取代人类操作。该框架内置硬件和运行安全限制，人工智能模型提出的控制建议仍需在既定边界内执行;每次实验后，物理学家还会审查数据，并据此调整下一轮实验的控制参数。
由于PACMAN采用模块化架构，新的机器学习模型和控制器可在不影响其他模块的情况下接入系统。研究团队认为，这一方式有望从DIII-D扩展到不同尺寸、不同构型和不同诊断配置的托卡马克装置，为后续聚变等离子体控制研究提供可复用的软件基础。",full,,dom_or_structured_full_text,https://www.cinie.net/article/64137.html,中国核电信息网-国际,核电,国际核电,2026-09-04T00:15:03+00:00,零碳产业 > 能量循环 > 能源测 > 发电技术 > 核电,零碳产业,核电,"[{""path"":[""零碳产业"",""能量循环"",""能源测"",""发电技术"",""核电""],""path_text"":""零碳产业 > 能量循环 > 能源测 > 发电技术 > 核电"",""confidence"":0.85,""reason"":""PACMAN用于托卡马克聚变等离子体的实时控制，属核聚变发电研发。""},{""path"":[""AI与智能科技"",""AI软件层"",""工程改进"",""AGENT""],""path_text"":""AI与智能科技 > AI软件层 > 工程改进 > AGENT"",""confidence"":0.75,""reason"":""核心是机器学习模型自主预测与控制聚变装置的AI框架。""}]",classified,2026-09-04T00:36:41.675363+00:00,glm-5.2,2026-08-14,
俄罗斯与哈萨克斯坦签署首座核电站建设合同,2026-09-03,"俄罗斯与哈萨克斯坦签署首座核电站建设合同
俄罗斯原子能建设出口公司(Atomstroyexport)与哈萨克斯坦核电站公司(KNPP)签署巴尔喀什核电站建设合同。该项目将采用VVER-1200反应堆，是哈萨克斯坦规划建设的首座核电站。签字仪式在东方经济论坛期间举行，俄罗斯国家原子能公司(Rosatom)首席执行官阿列克谢·利哈乔夫(Alexey Likhachev)和哈萨克斯坦原子能机构主席阿尔马萨达姆·萨特卡利耶夫(Almassadam Satkaliyev)出席。
根据规划，巴尔喀什核电站将建设两台采用VVER-1200三代+反应堆技术的机组，总装机容量为2.4吉瓦。项目厂址位于哈萨克斯坦阿拉木图州江布尔区乌尔肯村附近。
该核电项目的前期准备已持续数年。2025年6月，俄罗斯国家原子能公司与哈萨克斯坦原子能机构批准项目路线图，内容包括工程勘测、设计文件编制以及EPC总承包合同签订等工作。同年8月，项目在乌尔肯村附近启动工程勘测，以确定最佳厂址。相关勘测工作计划于2027年完成，随后将开展机组运行许可证申请所需文件的编制工作。
合同签署后，俄罗斯国家原子能公司将作为国际财团牵头方，负责项目全周期实施，涵盖设计、建设以及竣工设施交付等环节。
阿列克谢·利哈乔夫表示，俄罗斯国家原子能公司正推进设计收尾工作，并组建国际设备供应商联盟。项目各阶段将围绕建设和投运符合国际安全与效率标准的核电站展开。他表示，俄罗斯核技术将为哈萨克斯坦能源独立和可持续发展提供支撑。",full,,trafilatura_full_text,https://www.cinie.net/article/64187.html,中国核电信息网-国际,核电,国际核电,2026-09-04T00:15:05+00:00,零碳产业 > 能量循环 > 能源测 > 发电技术 > 核电,零碳产业,核电,"[{""path"":[""零碳产业"",""能量循环"",""能源测"",""发电技术"",""核电""],""path_text"":""零碳产业 > 能量循环 > 能源测 > 发电技术 > 核电"",""confidence"":0.95,""reason"":""核心事件是俄罗斯与哈萨克斯坦签署首座核电站(VVER-1200)建设合同。""}]",classified,2026-09-04T00:36:41.675363+00:00,glm-5.2,2026-08-14,
俄罗斯Energopotok工厂8月向多座核电站交付241台设备,2026-09-03,"俄罗斯Energopotok工厂8月向多座核电站交付241台设备
位于俄罗斯萨罗夫优先发展区的能源波托克公司 (Energopotok) 工厂继续向俄罗斯国内及海外核电项目供应设备。8月，该公司向阿库尤核电站、埃尔达巴核电站和库尔斯克核电站共交付241台设备。
此次供货产品包括截止阀、波纹管阀、节流控制装置、闸阀、止回阀和单向阀等，主要用于俄罗斯设计核电站相关系统。
能源波托克公司目前已将生产布局扩展至萨罗夫优先发展区，并在当地推进投资项目，重点生产面向俄罗斯设计核电站的截止阀产品。
萨罗夫优先发展区位于俄罗斯下诺夫哥罗德州，于2017年4月20日依据俄罗斯联邦第473-FZ号法律设立。目前，该发展区登记居民企业9家，由Atom-TOR公司 (Atom-TOR) 负责管理，Atom-TOR-Sarov有限责任公司 (Atom-TOR-Sarov LLC) 在区内开展运营。",full,,trafilatura_full_text,https://www.cinie.net/article/64199.html,中国核电信息网-国际,核电,国际核电,2026-09-04T00:15:08+00:00,零碳产业 > 能量循环 > 能源测 > 发电技术 > 核电,零碳产业,核电,"[{""path"":[""零碳产业"",""能量循环"",""能源测"",""发电技术"",""核电""],""path_text"":""零碳产业 > 能量循环 > 能源测 > 发电技术 > 核电"",""confidence"":0.9,""reason"":""核心事件是向多座核电站供应核电专用阀门设备。""}]",classified,2026-09-04T00:36:41.675363+00:00,glm-5.2,2026-08-14,
国际原子能机构完成芬兰核与放射性应急准备审查,2026-09-03,"国际原子能机构完成芬兰核与放射性应急准备审查
国际原子能机构 (IAEA) 专家组近日结束对芬兰核与放射性应急准备和响应框架的审查。此次应急准备审查 (EPREV) 应芬兰政府请求开展，由芬兰辐射与核安全管理局 (STUK) 承办，任务时间为8月24日至9月2日。
审查组重点评估了芬兰应对核与放射性紧急情况的安排和能力，并与国际原子能机构安全标准进行比对。芬兰目前在洛维萨核电站和奥尔基洛托核电站两个厂址运行5台核电机组。其中，洛维萨核电站位于赫尔辛基东北约90公里处，奥尔基洛托核电站位于赫尔辛基西北约270公里处。奥尔基洛托厂址还建有翁卡洛乏燃料地质处置库，这是全球首个用于乏燃料最终处置的地质处置设施。
除核电领域外，放射源还广泛应用于芬兰医疗、工业和科研等领域。审查期间，EPREV团队会见了负责核与放射性应急准备和响应的主要政府部门、国家和地区警察救援部门以及地方公共机构，并参观了奥尔基洛托核电站，审查了洛维萨核电站场外应急响应安排。团队还走访了萨塔赛拉拉医院化学、生物、放射性和核培训中心、食品安全实验室、赫尔辛基市救援部门和民防避难所。
此次国际审查组由法国核安全与辐射防护局 (ASNR) 应急准备与响应副局长奥利维耶·伊斯纳尔 (Olivier Isnard) 率领，成员来自阿根廷、奥地利、加拿大、法国、荷兰、斯洛文尼亚和南非。伊斯纳尔表示，芬兰在核与放射性应急方面投入了大量资源，相关机构展现出较强专业能力;进一步加强国家层面以及不同应急阶段、不同部门之间的系统协调，将有助于更有效发挥现有能力。
审查组认为，芬兰核与放射性应急框架具有多项优势，包括通过国家机制统筹公共机构、行业组织和非政府组织，保障紧急情况下关键社会功能连续运行;萨塔赛拉拉医院也已建立培训计划，用于处置在紧急情况下可能受到放射性污染的人员。
审查组同时提出若干改进建议。相关建议包括：在准备阶段建立更完善的国家协调机制;依据国际原子能机构安全标准制定国家辐射应急计划，明确各级别、各阶段响应中的角色、责任和协调安排;制定管理核事故或放射性事故去污活动所产生放射性废物的法律规定;进一步完善公众保护、应急和救援人员防护、公共信息沟通以及国际援助纳入国家响应体系的安排;提升实验室对环境、食品和水样品的分析能力。
芬兰核安全局局长卡里姆·佩尔托宁 (Karim Peltonen) 表示，EPREV任务提出的观察意见将为芬兰完善核与放射性应急准备安排提供重要参考，尤其有助于加强参与准备和响应各方之间的协调。",full,,trafilatura_full_text,https://www.cinie.net/article/64203.html,中国核电信息网-国际,核电,国际核电,2026-09-04T00:15:10+00:00,公共政策与社会治理 > 安全与治理 > 公共安全与应急管理,公共政策与社会治理,公共安全与应急管理,"[{""path"":[""公共政策与社会治理"",""安全与治理"",""公共安全与应急管理""],""path_text"":""公共政策与社会治理 > 安全与治理 > 公共安全与应急管理"",""confidence"":0.85,""reason"":""核心事件是IAEA对芬兰核与放射性应急准备和响应框架的审查。""},{""path"":[""零碳产业"",""能量循环"",""能源测"",""发电技术"",""核电""],""path_text"":""零碳产业 > 能量循环 > 能源测 > 发电技术 > 核电"",""confidence"":0.7,""reason"":""审查对象涉及芬兰核电机组及乏燃料处置库的核应急安排。""},{""path"":[""公共政策与社会治理"",""政策法规"",""监管、标准与合规""],""path_text"":""公共政策与社会治理 > 政策法规 > 监管、标准与合规"",""confidence"":0.7,""reason"":""审查以IAEA安全标准比对各国核应急合规安排。""}]",classified,2026-09-04T00:36:41.675363+00:00,glm-5.2,2026-08-14,
俄罗斯科拉核电站启动核能制氢试验综合体建设,2026-09-03,"俄罗斯科拉核电站启动核能制氢试验综合体建设
俄罗斯国家原子能公司 (Rosatom) 旗下科拉核电站 (Kola NPP) 已在厂区内启动制氢台架试验综合体建设，项目计划于明年完工。
该综合体将用于验证大规模水电解制氢技术，以及氢气处理、储存和运输相关技术路线。项目的一项主要特点是使用核电站提供的低碳电力，以减少制氢过程对碳氢化合物燃料的依赖。
根据设计方案，该台架试验综合体制氢能力为每小时200标准立方米。项目将分两阶段实施：第一阶段投运每小时50标准立方米的电解装置，并建设氢气储存和处理基础设施;第二阶段将产能提升至每小时200标准立方米的设计水平。建设过程中，项目将重点采用俄罗斯国产现代化设备。
科拉核电站被选为试点场址，主要基于其备用电力容量、电价条件、既有基础设施以及运行人员经验等因素。科拉核电站主管基本建设的副厂长尼古拉·鲁萨科夫 (Nikolai Rusakov) 表示，利用该核电站的条件开展技术验证，有助于在较高效率下推进项目实施。
水电解制氢是通过直流电使水分子在电解槽内分解为氢气和氧气的电化学过程，其中阴极析出氢气，阳极析出氧气。该工艺不使用碳氢化合物原料;若电解装置由低碳电源供电，制氢过程的二氧化碳排放可进一步降低。
氢气在能源和工业领域已有广泛应用。例如，在电力行业，氢气常用于大型汽轮发电机冷却;在化工领域，氢气可作为生产氨、化肥和甲醇的重要原料;在炼油行业，氢气用于加氢精制和重质原料深加工;在冶金领域，氢气也可用于铁矿石直接还原等工艺。
科拉核电站位于俄罗斯摩尔曼斯克州波利亚尔内耶佐里市，是俄罗斯核电站运营公司 (Rosenergoatom) 的分支机构。该站位于摩尔曼斯克市以南约200公里的伊曼德拉湖畔，现有4台VVER型反应堆机组在运，单机容量440兆瓦，发电量约占当地电力平衡的60%。",full,,trafilatura_full_text,https://www.cinie.net/article/64129.html,中国核电信息网-国际,核电,国际核电,2026-09-04T00:15:12+00:00,零碳产业 > 能量循环 > 能量存储 > 化学能 > 氢基能源,零碳产业,氢基能源,"[{""path"":[""零碳产业"",""能量循环"",""能量存储"",""化学能"",""氢基能源""],""path_text"":""零碳产业 > 能量循环 > 能量存储 > 化学能 > 氢基能源"",""confidence"":0.9,""reason"":""核心事件是核电站建设水电解制氢试验综合体，验证制氢、储运技术，属低碳氢制取与储运。""},{""path"":[""零碳产业"",""能量循环"",""能源测"",""发电技术"",""核电""],""path_text"":""零碳产业 > 能量循环 > 能源测 > 发电技术 > 核电"",""confidence"":0.7,""reason"":""项目依托科拉核电站低碳电力与设施开展，核电是重要支撑场景。""}]",classified,2026-09-04T00:36:50.186288+00:00,glm-5.2,2026-08-14,
Verdera Energy拟出售美国新墨西哥州Treeline铀矿项目全部权益,2026-09-03,"Verdera Energy拟出售美国新墨西哥州Treeline铀矿项目全部权益
Verdera Energy Corp.近日宣布，已与Americas Uranium Corp.签署矿产资源购买和出售协议，拟出售其位于美国新墨西哥州的Treeline铀矿项目100%权益，交易仍受相关特许权使用费安排约束。
根据协议，Americas Uranium将收购Treeline矿产及相关产权的全部权益。交易对价包括交割时支付10万美元现金，以及在交割后36个月内分期支付总额为200万加元的Americas Uranium普通股，其中90%的股份对价将在该期限内分阶段完成支付。此外，Verdera将保留该项目铀矿净收益1.5%的特许权使用费，以及项目所产其他矿物1.5%的冶炼厂净收益特许权使用费。该特许权使用费可通过向Verdera支付40万加元降至1.0%。
Treeline铀矿项目位于美国新墨西哥州西博拉县和麦金利县。该地区具有铀矿勘探和开采历史，项目东南方向的圣马特奥矿曾开展采矿活动。根据Axiom Exploration Group查阅的2005年1月历史报告，Treeline矿区估计含有102万磅U₃O₈。Verdera同时说明，该估算属于历史估算，并不构成当前NI 43-101标准下的矿产资源量或储量;合格人士尚未完成足够工作将其归类为当前矿产资源，公司也未将其作为当前矿产资源使用。
Verdera首席执行官Janet Lee-Sheriff表示，Treeline项目具有继续扩大历史矿化范围的勘探潜力，但公司当前商业计划将重点放在四个大型矿产项目推进上。她表示，此次交易可为公司及股东带来即时价值，同时公司将继续推进包括West Largo项目NI 43-101技术报告编制在内的重点工作，并对其包含超过20万条钻孔记录的数据库开展数据挖掘，以寻找更多潜在机会。
Verdera Energy Corp.称，公司专注于开发新墨西哥州原地浸出(ISR)铀矿资产，持有约400平方英里的私人矿权，并拥有重要的专有铀数据库。该公司表示，其业务重点与美国国内铀资源开发需求相关。",full,,trafilatura_full_text,https://www.cinie.net/article/64088.html,中国核电信息网-国际,核电,国际核电,2026-09-04T00:15:14+00:00,产业经济与组织 > 企业与资本 > 投融资、并购与资本市场,产业经济与组织,投融资、并购与资本市场,"[{""path"":[""产业经济与组织"",""企业与资本"",""投融资、并购与资本市场""],""path_text"":""产业经济与组织 > 企业与资本 > 投融资、并购与资本市场"",""confidence"":0.9,""reason"":""核心事件是铀矿项目全部权益的出售交易及对价安排。""}]",classified,2026-09-04T00:36:50.186288+00:00,glm-5.2,2026-08-14,
保加利亚能源部长呼吁协调应对多瑙河低水位影响,2026-09-03,"保加利亚能源部长呼吁协调应对多瑙河低水位影响
保加利亚能源部长伊娃·彼得罗娃 (Eva Petrova) 9月2日在索非亚出席国民议会能源委员会会议时表示，多瑙河水位持续偏低已对沿岸核电站运行产生影响，各国虽已分别采取应对措施，但仍有必要加强区域层面的协调。
彼得罗娃说，多瑙河目前处于极低水位状态，导致沿河核电站发电量下降，其中包括保加利亚科兹洛杜伊核电站 (Kozloduy Nuclear Power Plant)。她表示，相关预测显示，类似严峻情况今后可能会更加频繁出现。
她介绍，科兹洛杜伊核电站近几个月已积累了低水位条件下的运行经验。能源部近期同电站团队进行了沟通，电站方面已对可能出现的情况作出预判，并形成了在多瑙河极低水位条件下维持运行的实践经验。
彼得罗娃还表示，多瑙河当前水位与一个月前基本相同，科兹洛杜伊核电站团队对此已有应对准备。能源部正对相关情况进行全天候监测，并持续维护有关设施。她说，保方认为后续形势有望趋于稳定，不会出现更为严峻的情况。",full,,trafilatura_full_text,https://www.cinie.net/article/64165.html,中国核电信息网-国际,核电,国际核电,2026-09-04T00:15:16+00:00,零碳产业 > 能量循环 > 能源测 > 发电技术 > 核电,零碳产业,核电,"[{""path"":[""零碳产业"",""能量循环"",""能源测"",""发电技术"",""核电""],""path_text"":""零碳产业 > 能量循环 > 能源测 > 发电技术 > 核电"",""confidence"":0.75,""reason"":""核心事件是多瑙河低水位导致沿河核电站发电量下降及运行应对。""}]",classified,2026-09-04T00:36:50.186288+00:00,glm-5.2,2026-08-14,
日本伊方核电站1号机组退役第二阶段获县委员会认可,2026-09-03,"日本伊方核电站1号机组退役第二阶段获县委员会认可
日本爱媛县“伊方核电站环境安全管理委员会”9月2日在松山市召开会议，围绕四国电力公司 (Shikoku Electric Power) 计划推进伊方核电站1号机组退役第二阶段工作进行讨论。该机组位于爱媛县伊方町，目前正处于退役过程中。
伊方核电站1号机组的退役工作被划分为四个主要阶段。四国电力此前已就进入下一阶段向爱媛县和伊方町提出事前协商，并获得地方同意，同时向日本原子能规制委员会 (NRA) 提交相关申请。今年7月，原子能规制委员会批准了该申请。
在2日的会议上，爱媛县方面说明，依据国家审批结果，县专家小组已编制完成关于第二阶段安全保障措施的报告。报告认为，国家层面的审查程序和结论总体适当。
报告同时要求四国电力采取必要措施，避免第二阶段退役过程中产生的低放射性废物在厂址内长期滞留;在作业实施过程中，应加强放射性物质扩散防控，并确保辐射管理信息的透明性。
会议最终在未提出异议的情况下通过了该报告。爱媛县表示，委员会审议结果将提交知事。知事将在听取县议会和伊方町意见后，决定是否同意四国电力推进伊方核电站1号机组退役第二阶段工作。",full,,trafilatura_full_text,https://www.cinie.net/article/64082.html,中国核电信息网-国际,核电,国际核电,2026-09-04T00:15:18+00:00,零碳产业 > 能量循环 > 能源测 > 发电技术 > 核电,零碳产业,核电,"[{""path"":[""零碳产业"",""能量循环"",""能源测"",""发电技术"",""核电""],""path_text"":""零碳产业 > 能量循环 > 能源测 > 发电技术 > 核电"",""confidence"":0.88,""reason"":""核心事件是核电机组退役第二阶段工作获地方委员会认可。""}]",classified,2026-09-04T00:36:50.186288+00:00,glm-5.2,2026-08-14,
乌兹别克斯坦一体化核电站完成反应堆厂房基坑开挖,2026-09-03,"乌兹别克斯坦一体化核电站完成反应堆厂房基坑开挖
乌兹别克斯坦总统新闻处9月2日发布消息称，由俄罗斯国家原子能公司 (Rosatom) 承建的一体化核电站项目已完成反应堆厂房基坑开挖，累计清运土方超过100万立方米。
乌兹别克斯坦总统沙夫卡特·米尔济约耶夫 (Shavkat Mirziyoyev) 听取了该核电站建设进展汇报。该项目于今年6月正式启动，目前施工人员已在占地100公顷的施工安装基地完成场地开挖，并浇筑916立方米基础混凝土。项目现场共有450名工人和100台设备参与施工，项目总投资为95亿美元。
根据汇报，核电站配套工人居住区规划占地200公顷，将建设1万套公寓，可容纳近3.3万人。居住区内还将配套建设节能型多层住宅、幼儿园、学校、医疗设施、体育文化设施以及休闲娱乐空间，并采用替代能源和智能照明系统。
该核电站项目还将同步建设388公里输电线路、一座变电站、供水网络，以及近50公里公路和铁路。项目规划配套建设一个工业区，计划引入至少100家从事建筑材料生产的合资企业。
人才培养也是项目推进内容之一。乌方消息称，自2023年以来，俄罗斯国立核研究大学 (MEPhI) 乌兹别克斯坦分校已有216名毕业生，另有100名学生正在乌兹别克斯坦其他高校相关专业学习。
俄罗斯与乌兹别克斯坦于2018年签署在乌建设核电站的政府间合作协议。2024年，双方签署协议修订议定书，将合作范围扩大至在乌兹别克斯坦建设采用俄罗斯设计的小型核电站。按现有规划，小型核电站和大型核电站将在同一场址建设，乌方称该项目将成为世界首座一体化核电站。",full,,trafilatura_full_text,https://www.cinie.net/article/64105.html,中国核电信息网-国际,核电,国际核电,2026-09-04T00:15:20+00:00,零碳产业 > 能量循环 > 能源测 > 发电技术 > 核电,零碳产业,核电,"[{""path"":[""零碳产业"",""能量循环"",""能源测"",""发电技术"",""核电""],""path_text"":""零碳产业 > 能量循环 > 能源测 > 发电技术 > 核电"",""confidence"":0.95,""reason"":""核心事件是乌兹别克斯坦一体化核电站完成反应堆厂房基坑开挖等建设进展。""}]",classified,2026-09-04T00:36:50.186288+00:00,glm-5.2,2026-08-14,
罗马尼亚切尔纳沃德核电站9月10日前难以重启,2026-09-03,"罗马尼亚切尔纳沃德核电站9月10日前难以重启
罗马尼亚切尔纳沃德核电站 (Cernavodă Nuclear Power Plant) 预计难以在9月10日前恢复运行。罗马尼亚能源部 (Romanian Ministry of Energy) 国务秘书克里斯蒂安·布索伊 (Cristian Bușoi) 表示，虽然多瑙河流量正在回升，但核电站周边水位尚未达到安全、稳定重启所需条件。
布索伊在近日受访时说，为避免外界形成不切实际的预期，目前可以确认的是，9月10日前切尔纳沃德核电站尚不具备重启条件。他解释称，核电站运行依赖稳定水源，以保障反应堆冷却系统正常工作。河流水量短期增加并不足以支持机组恢复生产，若重启后水位再次下降，核电站仍可能在数日内被迫停运。
约三周前，受多瑙河水位显著下降影响，切尔纳沃德核电站暂停发电。为保障进水口水量，当地随后采取应急措施，包括清除一块阻碍水流的岩石，并有意沉没4艘驳船，以引导更多水流进入核电站取水区域。
此次停运暴露出在长期低水位条件下，罗马尼亚部分电力基础设施对河流水文状况的依赖。高温天气和用电需求上升，也进一步放大了电力供应压力。布索伊表示，政府目标是确保切尔纳沃德核电站两台反应堆在今年秋季和初冬保持运行，以应对预计增长的电力需求。
此外，切尔纳沃德核电站1号机组计划于明年启动大规模现代化改造，届时该机组将停运两年以上。因此，在寒冷季节到来以及1号机组长期停运前，保障核电站稳定运行对罗马尼亚电力供应具有重要意义。
目前，当局将运行安全置于优先位置。多瑙河水位能否持续稳定，仍是切尔纳沃德核电站恢复运行的关键条件。",full,,trafilatura_full_text,https://www.cinie.net/article/64157.html,中国核电信息网-国际,核电,国际核电,2026-09-04T00:15:22+00:00,零碳产业 > 能量循环 > 能源测 > 发电技术 > 核电,零碳产业,核电,"[{""path"":[""零碳产业"",""能量循环"",""能源测"",""发电技术"",""核电""],""path_text"":""零碳产业 > 能量循环 > 能源测 > 发电技术 > 核电"",""confidence"":0.9,""reason"":""核心事件是核电站因多瑙河低水位停运及重启条件和改造计划。""}]",classified,2026-09-04T00:36:50.186288+00:00,glm-5.2,2026-08-14,
日本川内核电站完成新燃料运抵,2026-09-03,"日本川内核电站完成新燃料运抵
九州电力株式会社 (Kyushu Electric Power Co.) 9月2日发布消息称，日本川内核电站1号、2号机组所需新燃料已完成运抵。此次运输工作于2026年8月30日开始，至9月2日结束。
根据九州电力公布的信息，本次运抵的新燃料由原子燃料工业株式会社 (Nuclear Fuel Industries, Ltd.) 加工制造。其中，川内核电站1号机组新燃料为24组，使用12具运输容器;2号机组新燃料为28组，使用14具运输容器。
此次新燃料运输采用陆路与海路相结合的方式进行。九州电力表示，相关燃料已按计划运抵川内核电站。",full,,trafilatura_full_text,https://www.cinie.net/article/64195.html,中国核电信息网-国际,核电,国际核电,2026-09-04T00:15:24+00:00,零碳产业 > 能量循环 > 能源测 > 发电技术 > 核电,零碳产业,核电,"[{""path"":[""零碳产业"",""能量循环"",""能源测"",""发电技术"",""核电""],""path_text"":""零碳产业 > 能量循环 > 能源测 > 发电技术 > 核电"",""confidence"":0.93,""reason"":""核电站新燃料运抵属于核电燃料循环与运营环节。""}]",classified,2026-09-04T00:36:55.932543+00:00,glm-5.2,2026-08-14,
伊朗拟推进一座大型和一座小型核电站项目,2026-09-03,"伊朗拟推进一座大型和一座小型核电站项目
俄罗斯国家原子能公司 (Rosatom) 首席执行官阿列克谢·利哈乔夫 (Alexey Likhachev) 表示，伊朗布什尔核电站厂区目前已恢复平稳状态，俄罗斯专家正陆续返回现场，参与相关机组建设与维护工作。
据利哈乔夫介绍，目前已有45名俄方人员在布什尔核电站现场，另有约30人正准备抵达。按照计划，9月现场俄方人员将增至100人，主要包括建设项目经理和施工监督人员。
在推进既有项目的同时，俄伊双方正在讨论新的核电合作。此前，双方已就建设另一座大型核电站签署协议。伊朗方面近期又提出建设小型核电站的设想，并已收到一份小型核电站政府间协议草案。
布什尔核电站一号机组的维护工作也在推进。俄方一批专家已抵达伊朗，参与该机组计划于9月中旬开展的预防性检修，检修内容包括更换部分燃料组件。相关燃料已运抵现场。
利哈乔夫表示，双方沟通正在进行，相关工作按计划推进。尽管外部环境仍存在不确定性，俄方认为伊朗核电项目仍有继续发展的空间，并将参与后续合作。",full,,trafilatura_full_text,https://www.cinie.net/article/64191.html,中国核电信息网-国际,核电,国际核电,2026-09-04T00:15:26+00:00,零碳产业 > 能量循环 > 能源测 > 发电技术 > 核电,零碳产业,核电,"[{""path"":[""零碳产业"",""能量循环"",""能源测"",""发电技术"",""核电""],""path_text"":""零碳产业 > 能量循环 > 能源测 > 发电技术 > 核电"",""confidence"":0.94,""reason"":""核心事件是伊朗大型与小型核电站项目建设与机组维护合作。""}]",classified,2026-09-04T00:36:55.932543+00:00,glm-5.2,2026-08-14,
俄罗斯库尔斯克核电站完成2026年检修工作,2026-09-03,"俄罗斯库尔斯克核电站完成2026年检修工作
俄罗斯库尔斯克核电站 (Kursk NPP) 2026年检修工作已全部完成。该电站在最后阶段将检修工期压缩23.5天，预计可增加发电量约5亿千瓦时。
2026年8月27日，库尔斯克核电站4号机组在提前完成带现代化改造内容的计划预防性检修后，已恢复至额定功率运行。此次检修在确保安全和质量的前提下较原计划提前20天完成。
本轮主要检修工作集中在反应堆厂房和汽轮机厂房，内容包括多重强迫循环回路设备、反应堆应急冷却系统、吹扫与冷却系统检修，以及7号、8号汽轮发电机组检修。反应堆石墨砌体也完成了主要现代化改造工作，以保障其运行参数符合要求。
库尔斯克核电站维修副总工程师谢尔盖·济斯金 (Sergey Zyskin) 表示，检修工期的优化得益于成熟的检修管理技术、俄罗斯国家原子能公司 (Rosatom) 生产体系工具的应用以及人员配置优化。用于清洗7号、8号汽轮发电机凝汽器换热管的机器人设备技术性能也得到改进，核电站与承包单位人员协同完成了相关工作。
除4号机组外，3号机组也同步停机，对保障库尔恰托夫市稳定供热的热力装置进行联合检修。该项工作同样提前3.5天完成。至此，库尔斯克核电站2026年度检修计划全部收官。
截至目前，库尔斯克核电站3号、4号RBMK-1000机组以及7号VVER-TOI机组按调度计划功率运行。1号、2号机组因达到规定运行期限，处于无发电运行状态。截至2026年9月2日，库尔斯克核电站发电量较国家任务计划进度超出5.6%。
库尔斯克核电站及周边地区辐射水平处于机组正常运行范围内，未超过天然本底值。该电站隶属于俄罗斯核电运营公司 (Rosenergoatom)，是俄罗斯中央电力系统的重要节点之一。作为RBMK机组替代项目，库尔斯克核电站二期 (Kursk NPP-2) 正在建设采用VVER-TOI技术路线的新机组。",full,,trafilatura_full_text,https://www.cinie.net/article/64133.html,中国核电信息网-国际,核电,国际核电,2026-09-04T00:15:28+00:00,零碳产业 > 能量循环 > 能源测 > 发电技术 > 核电,零碳产业,核电,"[{""path"":[""零碳产业"",""能量循环"",""能源测"",""发电技术"",""核电""],""path_text"":""零碳产业 > 能量循环 > 能源测 > 发电技术 > 核电"",""confidence"":0.95,""reason"":""库尔斯克核电站年度检修与机组现代化改造属核电运营安全工程。""}]",classified,2026-09-04T00:36:55.932543+00:00,glm-5.2,2026-08-14,
印度被敦促调整绿色金融规则以支持核电扩张,2026-09-03,"印度被敦促调整绿色金融规则以支持核电扩张
印度官员和行业人士近日表示，印度若要实现到2047年将核电装机容量提升至100吉瓦的目标，需要重新审视现有绿色金融规则，并加快培养核能领域专业人才。
印度国家转型委员会 (NITI Aayog) 成员阿巴伊·卡兰迪卡尔 (Abhay Karandikar) 在新德里举行的印度电力展上表示，印度主权绿色债券框架、绿色存款以及相关融资规则目前尚未覆盖核能投资，应进行审查和调整。他说，包括世界银行在内的一些全球金融机构已经开始重新评估相关安排，以支持核能项目投资。
印度目前核电装机容量约为8.8吉瓦。按照规划，该国希望到2047年将这一规模提高至100吉瓦。为实现这一目标，印度核能行业预计需要近2100亿美元投资。印度去年已向私营企业开放长期严格管控的核能行业，以吸引外国技术和资本进入。
除融资规则外，人才储备不足也被认为是印度核电扩张面临的重要制约。行业人士指出，印度清洁能源行业已出现人才短缺，核能领域在专业教育和培训方面的问题更为突出。
法国电力公司 (EDF) 核能项目印度私人有限公司 (EDF Nuclear Projects India Private Limited) 总经理S·卡利拉詹 (Kalirajan S) 表示，印度从中小学到顶尖大学，除少数一流院校外，核能课程设置仍然不足。他说，法国电力公司正与印度供应商开展认证项目，并计划进一步扩大相关工作，以推动当地核能供应链发展。
卡兰迪卡尔表示，印度国家转型委员会已成立一个专门委员会，研究印度如何在技术人员培养、工程能力建设和研发等不同层面扩大核能专业能力。",full,,trafilatura_full_text,https://www.cinie.net/article/64125.html,中国核电信息网-国际,核电,国际核电,2026-09-04T00:15:30+00:00,公共政策与社会治理 > 政策法规 > 产业与能源政策,公共政策与社会治理,产业与能源政策,"[{""path"":[""公共政策与社会治理"",""政策法规"",""产业与能源政策""],""path_text"":""公共政策与社会治理 > 政策法规 > 产业与能源政策"",""confidence"":0.88,""reason"":""核心是印度绿色金融规则调整以支持核电投资的能源政策。""},{""path"":[""零碳产业"",""能量循环"",""能源测"",""发电技术"",""核电""],""path_text"":""零碳产业 > 能量循环 > 能源测 > 发电技术 > 核电"",""confidence"":0.8,""reason"":""政策明确指向印度核电装机扩张目标。""}]",classified,2026-09-04T00:36:55.932543+00:00,glm-5.2,2026-08-14,
美国Realta Fusion与MGE拟合作开发200兆瓦聚变电站,2026-09-03,"美国Realta Fusion与MGE拟合作开发200兆瓦聚变电站
从事磁镜聚变能源技术开发的瑞尔塔聚变公司 (Realta Fusion) 9月2日宣布，已与麦迪逊天然气电力公司 (Madison Gas and Electric, MGE) 及其母公司MGE能源公司 (MGE Energy, Inc.) 建立战略合作伙伴关系，双方将共同评估在美国威斯康星州联合开发一座200兆瓦电功率级聚变能源发电厂的可能性。
根据合作安排，第一阶段内容包括MGE能源公司对瑞尔塔聚变公司进行直接股权投资。MGE还同意向瑞尔塔聚变公司提供设备、工程和技术支持，并在项目选址、许可、并网和融资等方面提供协助，为拟建200兆瓦聚变发电项目推进前期工作。
瑞尔塔聚变公司首席执行官基兰·弗隆 (Kieran Furlong) 表示，与MGE共同探索建设聚变电站，显示聚变能源正向实际应用迈进。他说，聚变能源有望成为满足零碳电力需求的重要来源，MGE的参与将为相关技术走向工程化提供支持。
MGE董事长、总裁兼首席执行官杰夫·基布勒 (Jeff Keebler) 表示，实现净零碳排放需要创新、合作以及对新兴技术的持续探索。瑞尔塔聚变公司正在麦迪逊开发聚变技术，此次合作体现了MGE评估新兴无碳能源技术的意愿，相关技术未来有望为客户和社区提供可靠、全天候的无碳电力。
该合作也延续了双方此前的联系。瑞尔塔聚变公司近期宣布，计划租赁约25万平方英尺办公和工业空间，用于建设其研发中心Realta Forge。该中心位于MGE服务区域内，所在地为OM Station，即原奥斯卡·梅尔公司 (Oscar Mayer) 工厂及总部旧址。
MGE将减少碳排放列为核心目标之一。2019年，MGE成为美国较早承诺到2050年实现净零碳电力的公用事业公司之一。该公司表示，持续投资无碳发电是其能源战略的一部分，目标是保障未来能源供应安全、可靠、经济并具备可持续性。
瑞尔塔聚变公司总部位于威斯康星州麦迪逊市，正在开发基于磁镜聚变概念的紧凑型、可扩展、模块化CoSMo聚变能源系统。该公司获得科斯拉风险投资公司 (Khosla Ventures) 和未来风险投资公司 (Future Ventures) 支持，是美国能源部“里程碑式聚变开发计划”入选企业之一，并被世界经济论坛评为2026年技术先锋企业。瑞尔塔聚变公司还在威斯康星大学麦迪逊分校物理科学实验室运行威斯康星高温超导轴对称磁镜聚变装置。
MGE为威斯康星州戴恩县约17万用户发电和配电，并向威斯康星州中南部及西部七个县约18万用户采购和供应天然气。其母公司MGE能源公司在麦迪逊地区已有150多年运营历史。",full,,trafilatura_full_text,https://www.cinie.net/article/64117.html,中国核电信息网-国际,核电,国际核电,2026-09-04T00:15:32+00:00,零碳产业 > 能量循环 > 能源测 > 发电技术 > 核电,零碳产业,核电,"[{""path"":[""零碳产业"",""能量循环"",""能源测"",""发电技术"",""核电""],""path_text"":""零碳产业 > 能量循环 > 能源测 > 发电技术 > 核电"",""confidence"":0.9,""reason"":""核心是核聚变发电厂联合开发评估，属核电领域。""},{""path"":[""产业经济与组织"",""企业与资本"",""投融资、并购与资本市场""],""path_text"":""产业经济与组织 > 企业与资本 > 投融资、并购与资本市场"",""confidence"":0.72,""reason"":""合作第一阶段包含MGE对聚变公司的直接股权投资。""}]",classified,2026-09-04T00:36:55.932543+00:00,glm-5.2,2026-08-14,
叙利亚未申报核设施获国际原子能机构确认,2026-09-03,"叙利亚未申报核设施获国际原子能机构确认
一份联合国机构机密报告显示，国际原子能机构 (IAEA) 核查人员今年8月访问叙利亚多个地点后，确认叙利亚前当局未按《不扩散核武器条约》保障监督协定要求申报相关核材料、核设施和核活动。
报告称，相关信息包括代尔祖尔一座曾处于建设中的核反应堆、一处燃料制造设施，以及前政府时期用于燃料储存的另一处地点。长期以来，外界一直怀疑叙利亚曾秘密推进核计划，其中代尔祖尔省一处设施被认为是由朝鲜协助建设的核反应堆。该设施在2007年遭以色列空袭摧毁后才被公开关注，随后被叙利亚方面夷平。
国际原子能机构此前已于2024年在代尔祖尔地点采集样本，并在去年报告称样本中发现铀颗粒。叙利亚新当局同意该机构进入疑似前核设施开展核查，并表示有意发展民用核能计划;在叙境内发现的任何核材料，将在国际保障监督下由叙利亚保管。
国际原子能机构在报告中说，核查人员于8月29日访问代尔祖尔遗址，以监督挖掘工作进展。根据现场观察，该机构确认，目前发现的冷却基础设施与核反应堆冷却系统特征相符。
报告还指出，有三个地点与代尔祖尔核设施存在“功能关联”。其中一处涉及“转化和/或燃料制造活动”，一处用于“临时存放建筑材料”，另一处用于临时存放进出该设施的建筑材料，并与“计划中的后处理活动”有关。
访问期间，国际原子能机构总干事拉斐尔·格罗西 (Rafael Grossi) 及高级核查员团队还前往叙利亚一处此前未申报地点。叙利亚方面曾在7月17日致信通知该机构该地点存在，并邀请其与叙方合作，对该地点及可能发现的核材料进行检查和核实。
国际原子能机构称，新发现地点存有以燃料棒和包壳形式存在的天然铀金属。经核实，该地点约有73吨天然铀金属。目前，相关核材料均处于国际原子能机构的严密控制和监控之下。",full,,trafilatura_full_text,https://www.cinie.net/article/64113.html,中国核电信息网-国际,核电,国际核电,2026-09-04T00:15:34+00:00,未分类,,,[],unclassified,2026-09-04T00:36:55.932543+00:00,glm-5.2,2026-08-14,
保加利亚批准科兹洛杜伊核电站采购俄制设备,2026-09-03,"保加利亚批准科兹洛杜伊核电站采购俄制设备
保加利亚政府新闻部门9月2日通报，政府已向科兹洛杜伊核电站 (Kozloduy NPP) 颁发特别许可，允许其从俄罗斯采购维持电站持续安全运行所需的设备和材料。
保加利亚政府表示，保障核安全和机组无事故发电，需要定期从核电站设备的设计方、工程方和制造方获取零部件。由于科兹洛杜伊核电站大部分系统和设备来自俄罗斯，围绕5号、6号机组可靠安全运行所需设备供应的多项合同，已经或即将与俄罗斯供应商签订。
政府还授权保加利亚国家电力公司与俄罗斯原子能建设出口公司 (Atomstroyexport) 签订新合同，为贝莱内核电站 (Belene NPP) 1号、2号机组已交付设备的重新封存工作提供技术指导，以确保相关设备处于安全状态。合同内容显示，俄罗斯专家需参与该项工作。
目前，贝莱内核电站长周期设备重新封存技术指导合同将于2026年12月31日到期。保加利亚方面计划依据公共采购法续签该合同。贝莱内项目于2009年停工后，已交付的俄罗斯VVER-1000型反应堆设备仍留在保加利亚。2012年3月，保加利亚方面放弃继续建设该核电站。
科兹洛杜伊核电站是保加利亚唯一在运核电站，发电量占该国总发电量的三分之一以上。为满足加入欧盟的相关要求，保加利亚分别于2002年和2006年关闭了该电站前四台机组。目前，科兹洛杜伊核电站5号、6号机组保持运行，总装机容量为2000兆瓦。",full,,trafilatura_full_text,https://www.cinie.net/article/64109.html,中国核电信息网-国际,核电,国际核电,2026-09-04T00:15:37+00:00,零碳产业 > 能量循环 > 能源测 > 发电技术 > 核电,零碳产业,核电,"[{""path"":[""零碳产业"",""能量循环"",""能源测"",""发电技术"",""核电""],""path_text"":""零碳产业 > 能量循环 > 能源测 > 发电技术 > 核电"",""confidence"":0.9,""reason"":""核心事件是科兹洛杜伊核电站设备采购与贝莱内核电项目设备封存，属核电运营与工程安全。""}]",classified,2026-09-04T00:37:04.485395+00:00,glm-5.2,2026-08-14,
俄罗斯称尚未收到匈牙利保克什二期核电站谈判邀请,2026-09-03,"俄罗斯称尚未收到匈牙利保克什二期核电站谈判邀请
9月2日，俄罗斯国家原子能公司 (Rosatom) 首席执行官阿列克谢·利哈乔夫 (Alexey Likhachev) 在符拉迪沃斯托克举行的东方经济论坛 (Eastern Economic Forum) 期间表示，Rosatom尚未收到匈牙利政府就保克什二期核电站建设项目进行谈判的邀请。
利哈乔夫称，Rosatom已表明愿意以“任何文明的方式”参与有关项目参数的讨论。他表示，公司一贯将合作伙伴和客户利益置于重要位置，并准备对项目技术方案的有效性以及相关财务、经济影响作出说明和论证。
他同时表示，Rosatom多个项目曾经历外部压力考验，但公司认为，这些项目对有关国家民众仍具有价值。",full,,trafilatura_full_text,https://www.cinie.net/article/64100.html,中国核电信息网-国际,核电,国际核电,2026-09-04T00:15:39+00:00,零碳产业 > 能量循环 > 能源测 > 发电技术 > 核电,零碳产业,核电,"[{""path"":[""零碳产业"",""能量循环"",""能源测"",""发电技术"",""核电""],""path_text"":""零碳产业 > 能量循环 > 能源测 > 发电技术 > 核电"",""confidence"":0.88,""reason"":""围绕保克什二期核电站建设项目的谈判进展，属核电工程建设领域。""}]",classified,2026-09-04T00:37:04.485395+00:00,glm-5.2,2026-08-14,
吉林油田45万千瓦风光发电项目全容量并网投产--中国能源新闻网,2026-09-03,"吉林油田45万千瓦风光发电项目全容量并网投产--中国能源新闻网
中国能源传媒集团
中电传媒股份有限公司主办
能源中国IOS版
吉林油田45万千瓦风光发电项目全容量并网投产
8月30日，中国石油吉林油田45万千瓦风光发电项目正式宣告全容量并网投产。
吉林油田45万千瓦风光发电项目充分盘活油田闲置土地、低效井场、排涝区等空间，统筹采用""光伏+风电""复合布局，推行“分期开工、分步实施”模式，10万千瓦光伏和35万千瓦风电两部分“并肩战斗”，全力保障建设效率与效益。
“风电项目于2025年12月16日正式开工建设，10万千瓦光伏部分今年2月实现投产，截至目前，项目累计发电8762.5万千瓦时。”吉林油田新能源建设项目部副经理曲乃涛说，项目开工建设以来，新能源生产一线广大干部员工直面极寒施工、大风吊装、征地协调等诸多难题，锚定投产节点，质量与安全同步推进，进度与合规协同管控，从而圆满完成了各项攻坚任务，为区域绿色低碳发展注入强劲新动力。
这座“绿色电站”投产后，每年将向电网输送清洁电力约8.75亿千瓦时，这相当于节约标准煤约26万吨，减排二氧化碳约72万吨。
学习贯彻四中全会精神
“十四五”能源高质量发展
西藏曲松县罗布沙850兆瓦光伏一期项目竣工
青海油田新能源年发电量超8亿千瓦时
中国汽车市场迈入“新能源主导”新阶段
工信部回应新能源汽车“内卷”：要坚守住产品质量底线
新能源等行业专场招聘提供近10.4万人次用人需求
供需缺口持续扩大 碳酸锂板块景气上行
政策加码保障 新能源车下乡更具“含金量”
宁东能源化工基地纳入国家氢能综合应用试点",full,,dom_or_structured_full_text,https://cpnn.com.cn/news/xny/202609/t20260903_1912670.html,中国电力新闻网-新能源,综合新能源,新能源,2026-09-04T00:16:08+00:00,零碳产业 > 能量循环 > 能源测 > 发电技术 > 风电,零碳产业,风电,"[{""path"":[""零碳产业"",""能量循环"",""能源测"",""发电技术"",""风电""],""path_text"":""零碳产业 > 能量循环 > 能源测 > 发电技术 > 风电"",""confidence"":0.88,""reason"":""45万千瓦项目中风电占35万千瓦，风光复合项目全容量并网是核心事件。""},{""path"":[""零碳产业"",""能量循环"",""能源测"",""发电技术"",""光伏""],""path_text"":""零碳产业 > 能量循环 > 能源测 > 发电技术 > 光伏"",""confidence"":0.85,""reason"":""项目含10万千瓦光伏部分并网投产，是核心发电组成之一。""}]",classified,2026-09-04T00:37:04.485395+00:00,glm-5.2,2026-08-14,
科学网-武汉大学通报一教授遭长文举报：学校纪委已启动调查,2026-09-03,"武汉大学通报一教授遭长文举报：学校纪委已启动调查
9月3日，武汉大学在微博发布情况通报，通报称，学校关注到网上对化学与分子科学学院教师曾某某的举报信息，高度重视，第一时间研究，加快推进调查工作。该举报人曾于8月19日向学校纪委提交举报材料，学校纪委已正式受理、启动调查，并告知了举报人。
相关举报事项一经查实，将依规依纪依法严肃处理，绝不姑息。学校将及时向社会公布调查处理结果。
特别声明：本文转载仅仅是出于传播信息的需要，并不意味着代表本网站观点或证实其内容的真实性；如其他媒体、网站或个人从本网站转载使用，须保留本网站注明的“来源”，并自负版权等法律责任；作者如果不希望被转载或者联系转载稿费等事宜，请与我们接洽。",full,,dom_or_structured_full_text,http://news.sciencenet.cn/htmlnews/2026/9/570853.shtm,科学网新闻,综合科技,科技新闻,2026-09-04T00:16:53+00:00,公共政策与社会治理 > 安全与治理 > 社会治理、伦理与隐私,公共政策与社会治理,社会治理、伦理与隐私,"[{""path"":[""公共政策与社会治理"",""安全与治理"",""社会治理、伦理与隐私""],""path_text"":""公共政策与社会治理 > 安全与治理 > 社会治理、伦理与隐私"",""confidence"":0.7,""reason"":""核心是高校教师被举报及纪委调查，属学术伦理与治理事件。""}]",classified,2026-09-04T00:37:04.485395+00:00,glm-5.2,2026-08-14,
何林：在漫长试错中追逐绿色合成之梦,2026-09-03,特别声明：本文转载仅仅是出于传播信息的需要，并不意味着代表本网站观点或证实其内容的真实性；如其他媒体、网站或个人从本网站转载使用，须保留本网站注明的“来源&rdqu...,incomplete,truncated_ending,rss_excerpt,http://news.sciencenet.cnhttps://news.sciencenet.cn/htmlnews/2026/9/570798.shtm,科学网新闻,综合科技,科技新闻,2026-09-04T00:17:07+00:00,未分类,,,[],unclassified,2026-09-04T00:37:04.485395+00:00,glm-5.2,2026-08-14,
科学网-陕西多所高校领导班子调整,2026-09-03,"陕西多所高校领导班子调整
9月2日，陕西省人民政府发布发布一批任免职通知，涉及西安建筑科技大学等多所高校。
西安建筑科技大学
省政府2026年8月24日决定，免去王快社西安建筑科技大学副校长职务。
省政府2026年8月24日决定，免去奚家米延安大学校长职务。
省政府2026年8月24日决定，免去戴鸿西安工程大学副校长职务。
省政府2026年8月24日决定，免去权雅宁商洛学院院长职务。
省政府2026年8月24日决定，任命余劲为西安财经大学副校长。
特别声明：本文转载仅仅是出于传播信息的需要，并不意味着代表本网站观点或证实其内容的真实性；如其他媒体、网站或个人从本网站转载使用，须保留本网站注明的“来源”，并自负版权等法律责任；作者如果不希望被转载或者联系转载稿费等事宜，请与我们接洽。",full,,dom_or_structured_full_text,http://news.sciencenet.cn/htmlnews/2026/9/570851.shtm,科学网新闻,综合科技,科技新闻,2026-09-04T00:17:09+00:00,公共政策与社会治理 > 科教与人才 > 教育与人才发展,公共政策与社会治理,教育与人才发展,"[{""path"":[""公共政策与社会治理"",""科教与人才"",""教育与人才发展""],""path_text"":""公共政策与社会治理 > 科教与人才 > 教育与人才发展"",""confidence"":0.8,""reason"":""多所高校领导班子任免属高校治理与人才任用管理。""}]",classified,2026-09-04T00:37:04.485395+00:00,glm-5.2,2026-08-14,
科学网-61岁，他再上科考一线,2026-09-03,"61岁，他再上科考一线
文｜《中国科学报》记者孙滔
2017年8月，拉萨。第二次青藏高原综合科学考察研究启动仪式刚结束，古生物科考队就要向藏北出发。临行前，苏涛问周浙昆：“周老师，这一次去吗？”“去！”这位中国科学院西双版纳热带植物园（以下简称版纳植物园）研究员答得干脆。
此行并不轻松。队伍要去的伦坡拉盆地平均海拔4650米，化石点多在4800米上下。那里氧气含量不到平原的一半，弯腰、起身、快走这些平常动作，都足以让人气喘吁吁；夏天也会寒风刺骨，冰雹说来就来。
而那一年，周浙昆61岁。曾经的学生苏涛已经是版纳植物园古生态研究组组长，成了他的领导。
此前，他并未离开科研一线，只是行政和社会事务占去了不少时间。此刻，那些职务已陆续卸下。他知道，如果还想亲自读懂青藏高原这本“大书”，就不能只坐在实验室里等待标本被送回来。
周浙昆将这次科考的幕后故事写进了他新近出版的著作《追寻远古的香格里拉：青藏高原科考寻踪》。“老牛自知夕阳晚。”他写道，“我深知若是此时不行，恐今后就真的不行了。”
▲2018年，周浙昆在西藏南木林县欧布堆村化石剖面。
周浙昆与青藏高原的缘分，早在上世纪90年代便已开始。
1992年9月至1993年5月，他在西藏墨脱进行了9个多月的植物学野外考察。那时候，墨脱还是全国唯一不通公路的县。出入大山，要翻垭口、走栈道；没有手机信号，和单位、家人联系并不容易。今天，墨脱是徒步爱好者口中的“圣地”，但在当年的科考队员看来，走路不是体验，更不是浪漫，而是完成任务的唯一办法。
“那个时候走路就是任务。”周浙昆说，“如果有车坐，我们绝对不徒步。”
2005年起，他所在研究组逐渐将研究方向聚焦于地球环境与植物多样性的协同演化，他的目光也自然转向青藏高原。
在地质学尺度上，6500万年并不算长。但在这段时间里，印度板块持续向北挤压，山脉隆起、峡谷填平，水汽输送和气候格局被改写，植物和动物随之迁移、适应、兴盛或消失。对研究古植物、古生态的人而言，青藏高原留下了罕见而密集的证据。
“我们的实验室是在大自然中间。”周浙昆说。
这句话，也是他61岁仍要上高原的根本理由。作为第二次青藏高原综合科学考察研究古生物科考队的副队长，他当然可以把更多工作放在后方：整理标本、组织讨论、撰写论文。但他相信，科学家不亲自到野外，就难以获得一流成果。化石可以运回实验室，产地的地层、地貌、周围的植物，以及一块石头从哪里被敲出，却很难被完整转运。
他还有一个可以效法的背影。导师吴征镒院士参加第一次青藏高原综合科学考察时，60岁生日就是在林芝度过的。
“年龄只是生理时间走到了那里。”周浙昆说，“老不老，是由各人的身体状态、心态和人生态度所决定的。”
2017年第一次重返藏北前，他最担心的是身体。高原反应并非完全没有——吃饭不香，夜里睡不踏实，“似乎是睡着了，似乎又是醒着”，还好症状不算强烈。于是，后来的考察季，他继续报名，继续出发。
高原并不因一位61岁的研究员而降低门槛。2018年，队伍在藏北作业时，多名年轻队员陆续发生高原反应，一多半人被提前送回拉萨，科考一度接近“全军覆没”。随队多年的云南司机罗师傅又突发肠胃炎。两名藏族司机连夜开车3个多小时，顶着冰雹赶到班戈县医院；凌晨1点，罗师傅才得到救治。过后，3名司机坐成一排打针、吃药。
但高原也有它的补偿。周浙昆说，自己有几次出门前还咳嗽，到了野外反而慢慢好了。他笑称：“我看来就是为出野外而生的。”
▲2017年8月，周浙昆在西藏伦坡拉盆地采集植物化石。
“追寻远古的香格里拉”
找化石，并不是沿路见石便敲。
“找到化石是喜事，找不到也是常事。”这不是一句抽象的自我鼓励。材料不完整、想找的化石没出现，常常意味着下一次还要再来。
“最难的不是鉴定不出来。”周浙昆说，“最难的是你要找化石点，结果根本找不到。”
2016年夏天，伦坡拉盆地的一群藏野驴正在荒原上漫步，研究人员就在不远处工作。有人抡起撬杠翻石，有人用地质锤劈开岩面，有人俯身查看石头新鲜的断口。
当时还是博士生的黄健忽然叫了一声。大家以为他砸到了手，围过去才看见地上露出半片扇状叶化石。它像棕榈。
在海拔近4700米的藏北荒原发现起源于热带或亚热带的棕榈，此中反差，简直不可思议。环顾四周，只有低矮草甸和裸露地面；阳光、沙滩、棕榈树所代表的热带想象，与眼前的高寒高原几乎毫不相关。
队员们立即停止其他工作，围着这块化石细心发掘。近4个小时后，整块化石被取出，相关岩石碎片也被尽数收集。化石运回西双版纳后，周浙昆与苏涛再一点点剥开正反两面，拼接碎片。一件叶片与叶柄总长接近1米的棕榈化石，最终显露出来。
“打开化石上下两个面的时候，真有一点打开埃及法老古墓的感觉。”周浙昆写道。
后来，这块化石被鉴定为一个新种——西藏似沙巴棕。若只到这里，这项工作不过是证明“青藏高原曾有棕榈”。周浙昆不讳言，古生物学常被外界形容为“集邮”或博物学：发现一块新化石、给它定名、放入标本柜。
但他认为，真正的古生物研究不应止于此。
围绕这块棕榈化石，团队将古植物分类、生态学、古气候重建和数值模拟结合起来。
一片叶子，成为重建古地貌的“高度计”。2019年，这项研究发表在《科学进展》（Science Advances）上。他们得出推断：约3900万年前，今天的伦坡拉盆地并不是近4800米的高寒荒原，而可能是谷底海拔约2800米的中央谷地；南北两侧的冈底斯山脉和羌塘山脉，则可能已超过4000米。
在新著《追寻远古的香格里拉》中，周浙昆写下了3900万年前藏北的想象：东西向峡谷的谷底有深湖，湖里攀鲈游弋，岸边是香蒲和芦苇；远处有棕榈、栾树、兔耳果，甚至有犀牛。随着印度板块持续挤压，峡谷逐渐被填平，高原缓缓升起，最后一株棕榈倒下，今天的世界屋脊终于形成。
中国科学院古脊椎动物与古人类研究所原所长邓涛为这本书写了序言。读到这段文字的时候，他不禁感慨：“让人有欣赏电影的感觉。”
小龙潭煤矿的起点
周浙昆与化石的第一次真正相遇，发生在云南开远小龙潭煤矿。
1983年初春，他刚进入中国科学院南京地质古生物研究所（以下简称南京古生物所）读研不久。导师为他的硕士论文选定题目：研究云南开远小龙潭中新世植物。这个题目看起来顺理成章——小龙潭曾有植物化石记录，周浙昆又在云南长大，去现场方便。
但当时的他并不是一名熟练的化石采集者。进入南京古生物所前，周浙昆“一块化石都没见过”。他学的是生物学，采石、识别地层、寻找产地，则是另一套需要从头学习的本领。
小龙潭是一座露天煤矿。开采时，煤层上方的顶板岩石会被剥离，植物化石可能保存在煤层上部的泥灰岩中。周浙昆背着地质包，带着地质锤，独自在矿坑中寻找。他知道化石可能就在这里，却不知道究竟在哪一层、哪一块岩石里。
几天过去，他空手而归；一个星期过去，仍没有收获。矿区内的泥灰岩有几十米厚，分布在数平方公里范围内。采不到化石，就无法完成论文。他没有给导师打电话诉苦，也没有退回去换题目，只能继续。
一天清晨，他敲开一块泥灰岩，一枚带着长果柄的豆荚清晰地印在石面上。
“天啊，终于找到了！”
这枚化石后来被鉴定为单籽豆。周浙昆给它起过一个带些幽默意味的名字：“憨豆”。它像给困在荒漠里的人送来一口水。循着发现地点继续寻找，他又找到不少化石后，意识到自己撞上了一个“化石窝子”——化石相对集中的地点。
20多天里，他采集了800多块化石，为硕士论文奠定了第一块基石。之后，他从标本中鉴定出48个种类，涉及18科、39属。
这枚豆荚的重要性，不只在于帮他完成学位论文。周浙昆后来回望，自己选择古生物学本无多少“必然”。1978年恢复高考后，他进入云南大学生物系，选择生物学，是听了一位工友的建议；大学毕业后报考南京古生物所研究生，也更多是想离开昆明，去看看更大的世界。
“我和古生物，算是先结婚后恋爱。”周浙昆后来常用这句话形容自己的学术道路。
最初选择古生物学，并非出于少年时代的梦想。真正吸引他的，是一次次发现带来的惊喜。从小龙潭的单籽豆开始，每一次新的化石出现，都像打开一扇新的门。
小龙潭的单籽豆，后来又延伸出长达40多年的研究线索：单籽豆何时出现、从哪里起源、如何扩散，又为何消失？从一枚豆荚出发，问题越问越远，科学家的路也越走越深。
世界上多了一个名为浙昆栎的新物种
2024年10月3日，世界植物区系中多了一个新物种：Quercus zhekunii M. Deng & J. Huang，中文名“浙昆栎”。
它生长在广西西南部热带石灰岩山地的悬崖峭壁上，是壳斗科栎属植物。发现并描述它的，是周浙昆的两位学生——云南大学教授邓敏和如今已是版纳植物园副研究员的黄健。
“zhekunii”取自周浙昆的名字。
以人的名字命名新物种，是植物分类学界表达敬意的一种方式。它不是简单地把名字附在拉丁名上，而是意味着命名者认同被纪念者在相关领域的工作。学生在论文中写道，周浙昆长期从事东亚壳斗科植物的系统分类、生物地理与化石历史研究，新种以其名字命名。
周浙昆说自己“受之有愧”。但这份命名确实连着一条清晰的学术脉络。
早年，他曾把壳斗科作为主要研究方向之一，三分之一左右的论文与这一类群相关。后来，他的研究重心转向古植物和青藏高原，不过学生仍在继续壳斗科研究。黄健读博士时，研究文山植物群，发现其中有不少喀斯特特有成分。周浙昆建议他补充一些喀斯特地区植物群落的叶相数据。黄健由此跑遍多地喀斯特地区，采集大量标本，最终在石灰岩山地发现浙昆栎。
▲浙昆栎，这也是现在周浙昆微信的头像。
今年，周浙昆已经退休。他把退休生活概括为六个字：“轻松、愉悦、充实。”
不再被会议和行政事务追赶，他写书、写博文，陪伴小孙子，也继续整理西藏和云南新生代植物的研究成果。每周游泳两三次，每次800米到1000米。
但他并没有真正离开野外。
这些年，AI和大数据迅速进入科学研究。周浙昆并不担心它们会削弱古生物学的价值。相反，他相信，大数据能够帮助科学家发现过去难以识别的规律，AI也会成为越来越重要的研究工具。
只是找化石、挖化石始终不会被AI所替代。
化石不会自己走进实验室。一块重要标本从哪里来，一处化石点隐藏在什么地方，一片叶子为何会出现在不该出现的地方，最终仍需要有人走到现场，弯下腰，敲开岩石。
“你不能指望运气来到实验室。”他说。
特别声明：本文转载仅仅是出于传播信息的需要，并不意味着代表本网站观点或证实其内容的真实性；如其他媒体、网站或个人从本网站转载使用，须保留本网站注明的“来源”，并自负版权等法律责任；作者如果不希望被转载或者联系转载稿费等事宜，请与我们接洽。",full,,dom_or_structured_full_text,http://news.sciencenet.cn/htmlnews/2026/9/570850.shtm,科学网新闻,综合科技,科技新闻,2026-09-04T00:17:12+00:00,基础科学与环境 > 考古与人类历史,基础科学与环境,考古与人类历史,"[{""path"":[""基础科学与环境"",""考古与人类历史""],""path_text"":""基础科学与环境 > 考古与人类历史"",""confidence"":0.85,""reason"":""核心是古植物学家赴青藏高原开展古生物化石科考与古生态演化研究。""}]",classified,2026-09-04T00:37:13.104420+00:00,glm-5.2,2026-08-14,
科学网-中国科学院上海微系统所刘文柱：攻坚柔性叠层电池，织就太空供电“羽翼” | 专家访谈,2026-09-03,"中国科学院上海微系统所刘文柱：攻坚柔性叠层电池，织就太空供电“羽翼” | 专家访谈
如今，低轨卫星、随身穿戴电子、轻型航天飞行器越来越多，各行各业都盼着能用上轻薄柔软、发电给力还不贵的太阳能电池。
但现有的光伏产品存在明显短板：普通光伏板硬邦邦不能弯曲收纳；就算把硅片做薄，轻轻弯折就容易断裂；常用的大颗粒金字塔纹路会让电池内部受力不均，膜层轻易破损。特别是在空间应用中，高能电子、质子的持续辐射以及航天器发射、运行中的反复弯折与震动，对光伏器件的抗辐射能力和力学可靠性提出了严苛要求。
钙钛矿叠硅太阳能电池发电上限更高，是太空供电、柔性新能源的核心发展方向。可长久以来，科学家始终找不到办法，让电池同时做到发电效率高、还耐弯折不易坏。
近日，中国科学院上海微系统与信息技术研究所（以下简称“上海微系统所”）刘文柱研究员团队在中国工程院Engineering集群分刊
ENGINEERING Energy
期刊发表了一项重要研究成果——通过均匀亚微米金字塔结构同步提升柔性钙钛矿/硅叠层太阳能电池的光电转换效率与机械柔性，为面向空间应用的轻质、低成本、高可靠柔性光伏器件的发展提供了全新技术路径。
围绕该研究的核心突破、未来的工业落地前景，以及个人的科研经历，我们近日特别邀请到了论文通讯作者刘文柱研究员及课题组博士后王非、李君君进行深度访谈。以下为专访内容。
刘文柱，中国科学院上海微系统所，研究员、博导，纳米材料与器件实验室副主任、闵行区经委副主任（挂职）、民进上海市科技系统委员会委员。专注单晶硅太阳电池基础研究与应用开发（空间飞行器用）。以第一作者兼通讯作者发表
Nature Energy
等研究论文。近五年主持国家重点研发计划项目、国家自然科学基金优青项目、国家自然科学基金面上项目、国家自然科学基金青年项目、中国科学院上海分院“抢占制高点青年攀登计划”等。近三年入选《麻省理工科技评论》“35岁以下科技创新35人”、中国可再生能源学会科学技术人物奖、国际光伏科学与工程会议青年科学家奖、上海市技术发明奖一等奖、中国科学院青年科学家奖、中国科学院青年五四奖章、全国颠覆性技术创新大赛卓越奖等。
Q：请您介绍一下这项研究工作的主要内容及核心亮点。
刘文柱：这项工作属于面向空间应用的超薄柔性硅/钙钛矿叠层电池前置基础研究，并非地面光伏使用。空间环境中存在大量高能电子、质子，超薄硅片能大幅提升器件抗辐射能力；同时航天器会持续弯折、震动。针对这些需求和难点，我们先重点解决器件力学易断裂的问题，后续再攻关辐射可靠性、热循环、热冲击等系列难题。
李君君：论文核心亮点聚集于亚微米尺寸的金字塔绒面工艺开发。传统大尺寸金字塔绒面会谷底局部应力集中，弯折时电池极易碎裂。我们制备出高度500-700nm、均匀性优异的金字塔绒面，一举解决三大问题：其一，分散应力，提升硅片的整体弯折耐受能力，克服脆性断裂的难题；其二，该均匀金字塔结构有助于超薄硅片上非晶硅薄膜的保形覆盖，进而增强了表面钝化效果。其三，提升钙钛矿薄膜成膜质量，减少了薄膜缺陷，最终实现了力学稳定性和器件光伏性能的协同优化。
Q：研究一共经历了多久？过程中最大的难点是什么，你们是如何解决的？
李君君：硅片减薄、力学性能及绒面结构的协同调控是一项系统性工作，硅片减薄虽能增强力学柔韧性，但因表面层占比大幅增加，表面钝化对器件性能的主导作用显著增强，钝化难度急剧上升，同时对制程兼容性构成更大挑战。我们借助等离子体处理和边缘圆化技术，在钝化与力学性能间取得平衡，整个优化周期历时约五个月。
王非：整个研究分为硅基底力学优化、叠层光电匹配优化两大模块，整体周期难以统一核算。最大技术卡点是超薄硅片带来的叠层电流失配问题：硅片减薄后底电池光生电流下降，叠层电池电流由电流更低的子电池限制，大幅压低整体效率。我们通过调控上层钙钛矿顶电池的组分、膜层厚度与加工工艺，精准匹配上下电池吸光能力，消除电流短板效应，实现更高叠层效率。
Q：这项研究是否有明确的工程应用场景？下一步想推进的方向是什么？
刘文柱：应用落地分两步走。第一阶段先在20000–100000米高度的临近空间飞行器开展实测，该高度辐射强度温和，是理想中间验证平台；技术验证通过后，终极目标是搭载几百千米轨道的低轨卫星，后续拓展至空间算力基站。
后续，我们将继续攻克高能粒子辐射耐受、剧烈高低温冲击、原子氧腐蚀、强紫外老化等空间极端环境适配技术，同步开发可低成本、大规模量产的柔性叠层光伏器件。
Q：为何选择ENGINEERING Energy来发表这项工作？
刘文柱：我们希望支持国内本土优质期刊。ENGINEERING Energy由中国工程院主办，契合能源工程前沿成果定位，因此选择将本项前沿成果发表于此刊。
Q：您在沙特阿拉伯阿卜杜拉国王科技大学做了博士后研究，这段经历看起来很特别。为什么选择去沙特阿拉伯深造呢？这段经历带给了您哪些收获？
刘文柱：原本我计划前往洛桑理工EPFL深造，临近博士毕业时，我的意向导师告诉我他即将入职沙特阿卜杜拉国王科技大学，问我是否一同前往。从沟通到确定入职仅3天，面试完成后便敲定行程。
收获蛮多的。首先，学校科研环境非常国际化，那里汇聚了全球百余个国家的研究者，多元文化碰撞拓宽了我的科研与思维视野。整体科研氛围宽松，没有硬性短期论文考核、非升即走的压力，让我拥有充足时间深度思考科研问题。并且，学校为纯研究型院校，仅招收硕博、博士后，人均科研资源非常丰富。对青年研究人员来说，这是一个很大的优势。
Q：您2021年当选中国可再生能源学会青年委员，是学会第一个“90”后青年委员。为何选择在可再生能源领域深耕？
刘文柱：光伏本身属于可再生能源核心分支，我长期深耕硅基太阳电池，研究方向天然契合学会范畴。回国后经同事推荐，就顺利当选学会青年委员了。
当下科研高度交叉，我还同时担任IEEE高级会员、旗下期刊副主编、中国电子学会会员，参与多项跨学科学术工作。国家自然科学基金委专门设立交叉科学部，光伏融合材料、微电子、力学等多学科，长期深耕具备重大战略价值，这也是我坚持扎根该领域的核心原因。
Q：您曾获上海市技术发明一等奖，将实验室论文转化为技术应用过程中最难的是哪个部分？
刘文柱：成果产业化远比实验室科研更难。因为实验室环境是比较理想化的，但太空、户外实际工况是很复杂的，震动、温差、腐蚀等干扰都会导致实验室最优工艺直接失效。而且科学家思维与工程师思维差异很大，科研人员习惯追求完美成品再落地，但产业端允许产品迭代试错，在不断试错中实现升级、应用落地。这种思维需要尽快适应并掌握。
Q：您深耕太阳电池领域十余载。目前我国在该领域的科技攻关上面临哪些问题？科学家该如何突破？
刘文柱：地面民用晶硅光伏产业我国是稳居全球第一的，在转换效率、量产工艺、全套生产设备、产能规模等方面我国都是全部领先。
当下核心攻关的难点多集中在空间光伏赛道：因为太空存在多重极端工况，地面成熟硅电池工艺无法直接用于低轨卫星。目前国内规划约20万颗卫星，行业急需低成本、可大规模量产、在轨稳定服役5–10年的光伏器件，轨道与频谱资源竞争十分紧迫。
Q：上海微系统所在产学研转化方面积累了丰富经验，在您看来，所里最有利于此的一种生态、一种文化或一项制度是什么？
刘文柱：我们所设立了专门的产业化转化部门，由专人负责专利运营、企业对接、项目孵化，全链条推动技术落地。同时，我们有清晰的双线管理制度：基础科研、离岗创业分开管理。科研人员坚守在研究所，承接国家科研任务，不参与企业薪酬分配；由博士后、专职研发人员全职入驻转化企业负责工程化，双方可联合申报项目、共享技术成果。
Q：在您看来，怎样才算一项好的研究工作？您选择研究题目的标准是什么？
刘文柱：评判优质研究有两个核心标准：第一，研究要有明确应用驱动，我不喜欢无落地价值、单纯为发论文开展的自娱式研究；但如果纯基础科学存在颠覆性突破潜力，同样值得深耕。第二，课题需具备行业挑战性，低门槛、易复刻的简单课题仅适合学生完成毕业指标，博士后与青年研究员一定要主攻领域公认的难题，这也是我常向学生强调的。
Q：您和学生的关系非常好，团队成果频出。您带团队的理念是什么？
刘文柱：要注重人才梯队的培养。一个队伍中各个阶段的研究人员都要有，大家可以一同协助指导学生，分层分担项目工作，避免一人包揽全部事务，这样效率很低，也不利于团队发展。而且我充分信任自己的团队，他们都来自国内很好的院校，水平都很高，我尽力给予他们自主性。
而且，要注重扶持青年科研人员独立成长。比如平时有项目申报、媒体报道或者一些学术展示的机会，我都优先给到团队里的年轻人，弱化自己，这样他们的综合素质才能得到锻炼，尽早成长为独立课题负责人。
▌文章标题：Enhanced performance and flexibility of perovskite/silicon tandem solar cells via uniform submicron pyramids
▌文章DOI：10.1007/s11708-026-1070-4
https://journal.hep.com.cn/fie/EN/10.1007/s11708-026-1070-4
ENGINEERING Energy
ENGINEERING Energy
Frontiers in Energy
）是中国工程院院刊能源分刊，由中国工程院、上海交通大学和高等教育出版社共同主办。翁史烈院士和倪维斗院士为名誉主编，中国工程院院士黄震、周守为、苏义脑、彭苏萍担任主编。加拿大皇家科学院、加拿大工程院、中国工程院外籍院士张久俊，美国康涅狄格大学校长、教授Radenka Maric，上海交通大学教授Nicolas Alonso-Vante和巨永林担任副主编。
ENGINEERING Energy
已被SCIE、Ei Compendex、CAS、Scopus、INSPEC、Google Scholar、CSCD(中国科学引文数据库)、中国科技核心期刊等数据库收录。2025年影响因子为8.1, 处于JCR Q1区。
ENGINEERING Energy
免收版面费，且对于录用的文章提供免费语言润色以保障出版质量。第一轮审稿周期约30天。
更多信息请访问：
http://journal.hep.com.cn/fie（国内免费开放）
https://link.springer.com/journal/11708
特别声明：本文转载仅仅是出于传播信息的需要，并不意味着代表本网站观点或证实其内容的真实性；如其他媒体、网站或个人从本网站转载使用，须保留本网站注明的“来源”，并自负版权等法律责任；作者如果不希望被转载或者联系转载稿费等事宜，请与我们接洽。",full,,dom_or_structured_full_text,http://news.sciencenet.cn/htmlnews/2026/9/570849.shtm,科学网新闻,综合科技,科技新闻,2026-09-04T00:17:14+00:00,零碳产业 > 能量循环 > 能源测 > 发电技术 > 光伏,零碳产业,光伏,"[{""path"":[""零碳产业"",""能量循环"",""能源测"",""发电技术"",""光伏""],""path_text"":""零碳产业 > 能量循环 > 能源测 > 发电技术 > 光伏"",""confidence"":0.92,""reason"":""核心成果是柔性钙钛矿/硅叠层太阳能电池的效率与机械柔性提升。""}]",classified,2026-09-04T00:37:13.104420+00:00,glm-5.2,2026-08-14,
科学网-我国专家成功借量子纠缠提取粒子信息,2026-09-03,"我国专家成功借量子纠缠提取粒子信息
中新社上海9月3日电 (记者 陈静)复旦大学3日披露，该校现代物理研究所学者罗涛团队与合作者成功借量子纠缠提取粒子信息。这项研究成果于北京时间2026年9月2日晚间在《自然》(Nature)发表。
量子纠缠被称为“幽灵般的超距作用”。该研究团队首次在对撞机实验中利用量子纠缠与极化信息提取了卡比博—小林—益川(CKM)矩阵元|Vus|，为精确检验标准模型开辟了一条全新路径，即量子纠缠帮助科学家将看不见的粒子信息转化为可计算的数值，从而填补实验物理的空白。
标准模型是粒子物理学中一套描述强力、弱力及电磁力这三种基本力及所有组成物质的基本粒子的理论。在标准模型中，构成万物的基本粒子可以分为两大类：夸克和轻子。
团队将量子纠缠和极化信息引入研究，创造性地开发了一套独特的联合角分布多变量拟合研究方法，初步攻克了衰变过程的测量难题——对于“看不见”的反中微子，团队可利用能量动量守恒反推它的行踪。“看得见”与“看不见”的两方面信息结合，可使原本模糊的物理图像清晰可辨。
团队利用北京谱仪III(BESIII)实验采集数据，数据以原始电信号形式存储，BESIII合作组成员将每个电信号转化为粒子的动量、能量等可分析信息。此后，罗涛研究团队又从100亿个对撞事例中像“大海捞针”一般筛选出有价值的信号，以便后续分析。
上述突破性成果不仅验证了量子纠缠在高能物理实验中的关键作用，还展示了极化测量在精确检验方面的巨大潜力。该方法已拓展应用至其他的重子衰变研究，后续的研究将为下一代大科学装置发展提供重要方法论支撑。
中国科学院院士、华东师范大学/复旦大学教授马余刚表示，罗涛团队的研究是一项开创性工作，其突破不依赖于先进的设备去堆叠数据量，而在于用更精妙的思路让已有数据“焕发新生”。(完)
（原题：中国专家成功借量子纠缠提取粒子信息）
特别声明：本文转载仅仅是出于传播信息的需要，并不意味着代表本网站观点或证实其内容的真实性；如其他媒体、网站或个人从本网站转载使用，须保留本网站注明的“来源”，并自负版权等法律责任；作者如果不希望被转载或者联系转载稿费等事宜，请与我们接洽。",full,,dom_or_structured_full_text,http://news.sciencenet.cn/htmlnews/2026/9/570848.shtm,科学网新闻,综合科技,科技新闻,2026-09-04T00:17:17+00:00,基础科学与环境 > 物理与化学基础研究,基础科学与环境,物理与化学基础研究,"[{""path"":[""基础科学与环境"",""物理与化学基础研究""],""path_text"":""基础科学与环境 > 物理与化学基础研究"",""confidence"":0.9,""reason"":""核心是利用量子纠缠在对撞机实验中精确测量CKM矩阵元的基础物理研究。""}]",classified,2026-09-04T00:37:13.104420+00:00,glm-5.2,2026-08-14,
科学网-中泰、中塞两个深空探测联合实验室成立,2026-09-03,"中泰、中塞两个深空探测联合实验室成立
9月3日，在安徽合肥召开的2026年深空探测（天都）国际会议开幕式上，深空探测实验室分别与泰国国家天文研究所、塞尔维亚贝尔格莱德天文台举行揭牌仪式，正式成立中泰、中塞两个深空探测联合实验室。这是深空探测实验室继牵头成立国际深空探测学会后，打造的又一重要国际科技合作平台。
中泰联合实验室将重点围绕月球与深空技术、月表机器人、科学载荷与微纳探测器研发、深空动力学与天体地质学、跨境VLBI联合探测等方向开展联合研究，为中泰深空探测任务提供先进解决方案。中塞联合实验室将依托贝尔格莱德天文台的百年观测积累，在月球与行星科学、太阳和空间环境、小天体动力学等基础研究领域开展联合研究，并通过远程联合观测与数据共享，打造深空数据共享平台。
两个联合实验室还将通过联合科研项目与学术交流互访，培养青年科学家与工程师，培育高水平深空科研人才。
据悉，深空探测实验室是由国家航天局、安徽省人民政府、中国科学技术大学三方共建的新型研发机构，2022年6月正式运行。泰国国家天文研究所是东南亚地区核心天文研究机构，拥有东南亚最大口径的射电望远镜（40米）。贝尔格莱德天文台成立于1887年，是巴尔干地区历史最悠久的天文台之一，也是塞尔维亚唯一的专业天文科研机构。",full,,dom_or_structured_full_text,http://news.sciencenet.cn/htmlnews/2026/9/570847.shtm,科学网新闻,综合科技,科技新闻,2026-09-04T00:17:19+00:00,公共政策与社会治理 > 科教与人才 > 科研管理与学术活动,公共政策与社会治理,科研管理与学术活动,"[{""path"":[""公共政策与社会治理"",""科教与人才"",""科研管理与学术活动""],""path_text"":""公共政策与社会治理 > 科教与人才 > 科研管理与学术活动"",""confidence"":0.8,""reason"":""核心事件是两个深空探测国际联合实验室的成立与科研合作平台建设。""},{""path"":[""通用技术"",""通信和运输"",""航天""],""path_text"":""通用技术 > 通信和运输 > 航天"",""confidence"":0.75,""reason"":""实验室研究方向聚焦月球与深空探测技术及行星科学。""}]",classified,2026-09-04T00:37:13.104420+00:00,glm-5.2,2026-08-14,
科学网-国际期刊《深空探测（英文）》创刊,2026-09-03,"国际期刊《深空探测（英文）》创刊
9月3日，在安徽省合肥市召开的2026年深空探测（天都）国际会议开幕式上，国际学术期刊《深空探测（英文） 》（Deep Space Exploration）正式创刊。该刊由国际深空探测学会、哈尔滨工业大学和深空探测实验室共同主办，旨在打造深空探测领域具有国际影响力的学术交流高地。
《深空探测（英文）》实行国际通行的同行评审制度，重点刊载空间科学、航天工程与技术、前沿交叉学科以及战略政策与治理等方向的高质量原创研究论文、综述文章及学术评论，及时反映全球深空探测领域的最新科学进展、技术突破及重大应用成果。
作为国际深空探测学会会刊，《深空探测（英文）》由中国工程院院士吴伟仁、陈杰共同担任主编，来自全球23个国家与地区深空探测领域57位专家学者组建首届期刊编委会。
据悉，创刊号已收录多篇中外高水平学术论文，涵盖月球探测、火星探测、小行星防御及行星科学等前沿热点。即日起，全球读者可通过网络平台在线阅读并下载全文，共享深空探测领域的最新科研智慧。",full,,dom_or_structured_full_text,http://news.sciencenet.cn/htmlnews/2026/9/570846.shtm,科学网新闻,综合科技,科技新闻,2026-09-04T00:17:21+00:00,公共政策与社会治理 > 科教与人才 > 科研管理与学术活动,公共政策与社会治理,科研管理与学术活动,"[{""path"":[""公共政策与社会治理"",""科教与人才"",""科研管理与学术活动""],""path_text"":""公共政策与社会治理 > 科教与人才 > 科研管理与学术活动"",""confidence"":0.85,""reason"":""核心事件是深空探测领域国际学术期刊创刊。""}]",classified,2026-09-04T00:37:13.104420+00:00,glm-5.2,2026-08-14,
科学网-2026年深空探测（天都）国际会议在合肥开幕,2026-09-03,"2026年深空探测（天都）国际会议在合肥开幕
9月3日，以“可持续深空探测——机遇与挑战”为主题的2026年深空探测（天都）国际会议在安徽合肥开幕。安徽省委书记梁言顺、中国国家航天局总工程师李国平、中国科协党组成员罗晖、联合国外空司副司长德里斯·艾尔
哈达尼，北京航空航天大学教授、神舟十六号乘组航天员桂海潮，亚太空间合作组织秘书长江辉、拉美和加勒比航天局秘书长奥斯卡
冈萨雷斯、国际宇航联合会执行主任克里斯汀·费希廷格等出席开幕式并致辞。
2026年深空探测（天都）国际会议现场。深空探测实验室供图
开幕式现场举行了一系列重要合作签约与揭牌仪式。深空探测实验室与国际月球村协会、泰国国家天文研究所、塞尔维亚贝尔格莱德天文台、西安交通大学、中钢集团马鞍山矿山研究总院举行了国际月球村中心（中国）及4家联合实验室揭牌仪式；并与华为技术有限公司、电子工业出版社签署战略合作协议。
开幕式上，国际深空探测学会与香港理工大学、拉美和加勒比航天局签署合作备忘录。大会向15个新会员单位代表颁发会员证书。现场还举行了《深空探测》国际期刊首刊发布仪式。中国工程院院士、国际深空探测学会理事长、深空探测实验室主任吴伟仁向中国科学技术大学等单位赠送了其新书《星际航行与探测》。
吴伟仁作题为《深空探测：趋势、前沿与挑战》的大会主旨报告，系统梳理了深空探测发展历程与未来趋势，深入剖析当前发展新特点，针对深远空间极端环境挑战，提出深空探测前沿技术体系与发展路线。
大会主论坛上，中国科学院院士、中国科学院国家空间科学中心主任王赤，中国科学院院士、中国地质科学院深地探测与矿产勘查全国重点实验室主任侯增谦，北京航空航天大学教授、神舟十六号乘组航天员桂海潮，蓝箭航天空间科技股份有限公司副总裁刘建，分别就行星探测重大科学问题、天问三号火星取样返回任务、地月空间可持续探索关键轨道问题、朱雀三号可复用运载火箭研制与回收进展作主题报告。欧洲科学院院长、北京航空航天大学创新研究院首席科学家唐纳德·布鲁斯
丁韦尔，联合国外空委月球活动协商行动小组联合主席乌尔比娅·埃琳娜
博特扎图，塞内加尔航天局局长玛拉姆·凯利，分别围绕月球表面工程地质基础、联合国外空委月球活动协商行动小组最新进展、利用恒星掩星开展空间探测等议题分享研究成果。
此次大会会期2天，汇聚来自全球40多个国家、地区和国际组织的约100名外宾，以及国内有关航天机构、科研院所、高校的专家学者的约300人参会。会议期间还将举办工程、技术、科学、法规、科普等系列分论坛，将广泛凝聚共识，深入推进国际深空探测交流合作，为构建外空领域人类命运共同体作出新的贡献。",full,,dom_or_structured_full_text,http://news.sciencenet.cn/htmlnews/2026/9/570845.shtm,科学网新闻,综合科技,科技新闻,2026-09-04T00:17:23+00:00,公共政策与社会治理 > 科教与人才 > 科研管理与学术活动,公共政策与社会治理,科研管理与学术活动,"[{""path"":[""公共政策与社会治理"",""科教与人才"",""科研管理与学术活动""],""path_text"":""公共政策与社会治理 > 科教与人才 > 科研管理与学术活动"",""confidence"":0.85,""reason"":""核心事件是深空探测国际学术会议的举办及多项合作签约。""},{""path"":[""通用技术"",""通信和运输"",""航天""],""path_text"":""通用技术 > 通信和运输 > 航天"",""confidence"":0.7,""reason"":""会议议题围绕深空探测、运载火箭与地月空间探索等航天科技。""}]",classified,2026-09-04T00:37:13.104420+00:00,glm-5.2,2026-08-14,
科学网-基金委征集国家自然科学基金共享航次计划考察需求,2026-09-03,"基金委征集国家自然科学基金共享航次计划考察需求
关于征集2028年度国家自然科学基金共享航次计划考察需求的通知
国家自然科学基金共享航次计划（以下简称共享航次计划）用于资助海洋科学考察船和潜水器，为需要进行海洋和极地科学考察的国家自然科学基金资助项目提供稳定、可靠的调查设施保障，以确保考察任务的实施，获取海洋和极地现场观测资料，推动海洋科学调查资料共享，培养和增强海洋科技人才出海考察能力，促进我国海洋科学考察设施资源合理利用。征集2028年度共享航次计划的考察需求包括以下两方面：一是申请搭载年度常规航次（普惠型航次）的考察需求，二是提出重大科学技术问题的考察需求（以下简称重大科学考察需求）。针对重大科学考察需求的航次可以不同于普惠型航次，但也鼓励在普惠型航次基础上强化突出重大科学考察需求。
一、搭载年度常规航次申请条件
拟搭载共享航次进行科学考察的项目（以下简称搭载项目），需符合以下条件：
1.在研、2026年度获批准即将实施或2027年度拟提交申请的国家自然科学基金项目。
2.考察海区和观测内容应与该基金项目研究方案中明确列出的海区和内容一致。
3.搭载申请提交人应为该项目负责人，实际出海考察人员应具备出海考察的基本能力，且为该项目的主要参与者。优先满足搭载项目负责人（特别是青年科学基金）本人出海考察的搭载申请。
4.搭载项目负责人应承诺遵守共享航次计划资料汇交、使用和共享等规定，并对资料汇交、使用和共享负有直接责任。
5.凡搭载过共享航次计划的搭载申请人在提交申请时须按申请提示填报近5年使用共享航次计划资料且标注/致谢共享航次计划的成果。如未按照要求进行填报的，指导专家组将根据情况限制其继续参加共享航次计划。
二、重大科学考察需求航次建议人条件
重大科学考察需求航次建议人，需符合以下1-3条件之一及条件4-6：
1.近3年主持国家自然科学基金重点项目、重大项目、重大研究计划项目（重点支持项目或集成项目）、联合基金项目（重点支持项目或集成项目）、青年科学基金项目（A类或B类）、创新研究群体项目、卓越研究群体项目、国家重大科研仪器研制项目、重点国际（地区）合作研究项目或直接费用大于200万元/项的组织间国际（地区）合作研究项目等。
2.在任的国家自然科学基金委员会科学部专家咨询委员会成员、涉海重大研究计划指导专家组成员、共享航次计划指导专家组成员。
3.近3年担任过共享航次计划科学考察项目的首席科学家。
4.重大科学考察需求航次建议人须在提交建议前自行召集搭载需求，组织搭载项目负责人和有关专家对拟解决重大科学技术问题和航次需求必要性进行论证，明确考察的科学目标、研究内容以及拟解决的关键科学问题及航次的初步安排等，并在建议书中反映相关情况。
5.重大科学考察需求航次建议人原则上应为当年建议的重大科学考察航次的拟任首席科学家（共享航次计划指导专家组成员除外），并作为主要参与者参加科学考察项目申请、负责航次项目总体设计、搭载召集和海上考察任务的实施，并对该项目科学目标、预期成果、资料汇交、使用和共享负主要责任。
6.共享航次计划指导专家组成员任期内不得申请和参与申请共享航次计划科学考察项目。确因工作岗位调整，符合科学考察项目申请资格且有申请意愿的，须在年度项目指南论证会前向地球科学部报告，经批准后退出指导专家组。
考察需求征集时间为2026年9月5日至10月31日。
五、申请注意事项
1.搭载年度常规航次的考察需求申请所填的观测期限为2028年1月1日至12月31日。同时需明确指出期间需要出海观测的具体时间、海区、所需的仪器设备以及其他特殊的技术需求，切忌含糊、笼统。可以附图说明研究海区和观测站位设置等。鼓励搭载共享航次开展海洋新装备海试工作。
2.同一年度同一搭载项目搭载申请不超过2项（即2个海区），须准确填写所依托的在研国家自然科学基金项目的批准号和研究期限。研究截止日期为2027年12月31日及以前的项目不能作为搭载项目进行考察需求申请。
3.提交年度常规航次搭载需求时须提出拟出海考察人员名单。对未遵守相关规定的项目，指导专家组可以取消其当年搭载资格。
4.搭载年度常规航次的考察需求申请和重大科学考察需求建议均应符合本《通知》要求，否则不予受理。
5.共享航次计划年度项目指南发布后，搭载项目负责人须向专家组办公室提交首席科学家预评估意见表。未按时提交首席科学家预评估意见表的搭载项目视为自动放弃搭载。
6.对于在资料汇交、标注有共享航次计划的成果产出等方面有良好记录的搭载项目，在搭载审批时将给予优先考虑；对未遵守资料汇交、使用和共享相关规定的搭载项目，指导专家组将限制其继续参加共享航次计划。
7. 共享航次计划自2022年起进一步扩大调查资料的分级、分类开放共享，资料使用者可登录青岛海洋科学资料共享服务中心（https://www.nsfcodc.cn/）浏览开放共享的资料目录，按需提交资料使用申请。
8.搭载项目负责人和了解并遵守《国家自然科学基金共享航次计划实施方案（试行）》、《国家自然科学基金共享航次计划调查资料管理与共享服务办法（试行）》。
国家自然科学基金委员会地球科学部
电话：010-62326909
特别声明：本文转载仅仅是出于传播信息的需要，并不意味着代表本网站观点或证实其内容的真实性；如其他媒体、网站或个人从本网站转载使用，须保留本网站注明的“来源”，并自负版权等法律责任；作者如果不希望被转载或者联系转载稿费等事宜，请与我们接洽。",full,,dom_or_structured_full_text,http://news.sciencenet.cn/htmlnews/2026/9/570844.shtm,科学网新闻,综合科技,科技新闻,2026-09-04T00:17:25+00:00,公共政策与社会治理 > 科教与人才 > 科研管理与学术活动,公共政策与社会治理,科研管理与学术活动,"[{""path"":[""公共政策与社会治理"",""科教与人才"",""科研管理与学术活动""],""path_text"":""公共政策与社会治理 > 科教与人才 > 科研管理与学术活动"",""confidence"":0.9,""reason"":""基金委征集共享航次计划考察需求属于科研项目计划的申报与管理安排。""},{""path"":[""基础科学与环境"",""地球与环境科学""],""path_text"":""基础科学与环境 > 地球与环境科学"",""confidence"":0.7,""reason"":""核心内容围绕海洋和极地科学考察与观测资料共享。""}]",classified,2026-09-04T00:37:24.093841+00:00,glm-5.2,2026-08-14,
科学网-国家自然科学基金数学天元基金项目申请指南发布,2026-09-03,"国家自然科学基金数学天元基金项目申请指南发布
关于发布2026年度国家自然科学基金数学天元基金项目申请指南的通告
2026年度国家自然科学基金数学天元基金项目申请指南已通过科学基金网络信息系统（https://grants.nsfc.gov.cn）发布，包括天元数学青年探索项目、天元数学国际交流项目、产业中的关键数学问题凝练专项项目、天元数学前沿重点专项项目、天元数学交叉重点青年专项项目等五类项目的申请指南。请依托单位和申请人登录科学基金网络信息系统，在“项目管理-项目指南”模块查看。
国家自然科学基金委员会
特别声明：本文转载仅仅是出于传播信息的需要，并不意味着代表本网站观点或证实其内容的真实性；如其他媒体、网站或个人从本网站转载使用，须保留本网站注明的“来源”，并自负版权等法律责任；作者如果不希望被转载或者联系转载稿费等事宜，请与我们接洽。",full,,dom_or_structured_full_text,http://news.sciencenet.cn/htmlnews/2026/9/570843.shtm,科学网新闻,综合科技,科技新闻,2026-09-04T00:17:27+00:00,公共政策与社会治理 > 科教与人才 > 科研管理与学术活动,公共政策与社会治理,科研管理与学术活动,"[{""path"":[""公共政策与社会治理"",""科教与人才"",""科研管理与学术活动""],""path_text"":""公共政策与社会治理 > 科教与人才 > 科研管理与学术活动"",""confidence"":0.95,""reason"":""国家自然科学基金数学天元基金申请指南发布属于基金项目申报管理。""}]",classified,2026-09-04T00:37:24.093841+00:00,glm-5.2,2026-08-14,
科学网-司美格鲁肽可能让小鼠更长寿,2026-09-03,"司美格鲁肽可能让小鼠更长寿
一项研究显示，接受胰高血糖素样肽-1受体（GLP-1R）激动剂司美格鲁肽（Ozempic和Wegovy中的活性成分）治疗的老年雌性小鼠，显示出生理、代谢和认知功能的改善，以及寿命的延长。相关研究结果9月2日发表于《自然》。
研究结果表明，其中一些效果可能与热量限制的效果重叠；热量限制是与多个物种健康改善和寿命延长相关的一种干预措施。不过，研究人员也报告了不能仅归因于减少热量摄入的其他影响。GLP-1R激动剂是否会对人类衰老和寿命产生类似影响仍有待长期临床研究。
一些药物可通过激活激素受体来模拟肠道激素GLP-1活性，有助于调节食欲和胰岛素释放。这类药物主要用于治疗2型糖尿病和肥胖，但也与其他健康获益有关，包括降低心血管、肾脏和肝脏疾病负担，对神经退行性疾病也会产生相关作用。然而，这些结果背后的生物学基础尚不清楚。限制热量摄入与健康和长寿获益也相关；由于GLP-1R激动剂有助于减少热量摄入，美国加利福尼亚大学伯克利分校的Danica Chen和同事研究了热量摄入减少是否有助于解释这类药物所报道的一系列其他健康获益。
老年雌性小鼠（20月龄）接受了司美格鲁肽或生理盐水（对照组）处理，并被分为不同组别，用于研究其至生命结束时的寿命和健康结局。持续的司美格鲁肽治疗延长了寿命；接受司美格鲁肽治疗的小鼠中位寿命为834天，而对照组小鼠为742天。接受司美格鲁肽治疗3个月的小鼠表现出生理和认知功能改善，包括在新环境中的运动和探索活动多于对照组小鼠。
与对照组小鼠相比，接受司美格鲁肽治疗的小鼠还显示出多种衰老标志物水平降低，这些标志物包括基因组不稳定性、炎症、细胞衰老（即细胞停止分裂）、线粒体功能障碍、蛋白质稳态失衡以及衰老相关的干细胞功能障碍。作者报告称，在大脑中一个名为齿状回的区域，神经干细胞活性和新神经元形成的标志物增加，这为此前关于GLP-1类药物可能产生神经退行性疾病相关作用的证据提供了补充。
研究人员表示，这些发现可能有助于解释与GLP-1R激活有关的一些额外获益，其中部分获益可能与热量限制相关作用重叠。但他们强调，仍需在老年人群中开展衰老相关结果的长期临床研究，尤其是在未被诊断为肥胖或年龄相关疾病的人群中，以确定GLP-1R激活是否能调节人类的衰老和寿命。
相关论文信息：https://doi.org/10.1038/s41586-026-10940-7",full,,dom_or_structured_full_text,http://news.sciencenet.cn/htmlnews/2026/9/570842.shtm,科学网新闻,综合科技,科技新闻,2026-09-04T00:17:30+00:00,生命科学与健康 > 生物医药 > 药物研发与产业,生命科学与健康,药物研发与产业,"[{""path"":[""生命科学与健康"",""生物医药"",""药物研发与产业""],""path_text"":""生命科学与健康 > 生物医药 > 药物研发与产业"",""confidence"":0.85,""reason"":""核心研究考察GLP-1R激动剂司美格鲁肽对衰老和寿命的药理效果。""}]",classified,2026-09-04T00:37:24.093841+00:00,glm-5.2,2026-08-14,
科学网-科技赋能2026中国国际福祉博览会在京开幕,2026-09-03,"科技赋能2026中国国际福祉博览会在京开幕
9月3日，2026中国国际福祉博览会暨中国国际康复博览会在京开幕。本届博览会是“十五五”开局之年举办的行业盛会，延续“科技赋能，共享福祉”主题，集中展示辅助器具产业发展成果，全面助推辅助器具领域技术创新和产业创新融合发展。
本届福祉博览会展览面积约2.8万平方米，吸引全球504家企业及机构参展，展出1万余种用于残疾人、失能老年人日常生活和专业服务的用品用具、设备和技术。华为、科大讯飞、强脑科技、翔宇医疗、奥托博克等众多国内外知名企业悉数亮相，浙江大学、天津大学、北京脑科学与类脑研究所等多家高校和科研机构展出自主研发的助残科技成果，展商数量创下历史新高。
博览会展示辅助器具产业发展成果 李映/摄
本届博览会首次设立脑机接口专区，集中展示穿戴式脑控康复机械手、脑控康复辅助自理系统、脑机接口视觉重建系统、高通量侵入式脑机接口等前沿技术在残疾人辅助器具领域的创新应用，轻量化可穿戴脑控康复机器手、移动式脑控康复与辅助自理系统、脑-脊髓-机接口产品等多项创新成果，也将在本届博览会脑机接口专区进行首发首秀。
本届博览会开设辅助器具创新产品首发大舞台，有61款全球、全国首创新品现场发布，覆盖智慧出行、智能助视、无障碍沟通、精准康复、未来养老等五大场景，全方位呈现人工智能、脑机接口、机器人等前沿技术的最新突破。
博览会吸引来自俄罗斯、德国、法国、美国等17个国家和地区的88家国际企业与机构参展，400余个国际机构买家到场参加商贸对接。联合北京市商务局创新打造“辅具市集”，集中展示落地应用的前沿康养科技，让高端助残适老科技走出实验室、走进大众视野，让群众近距离、沉浸式感受科技赋能残健融合、智慧养老的全新成果，打通前沿辅具从产业端走向普通家庭的“最后一公里”。
中国国际福祉博览会自2007年以来已成功举办18届，成为国内外具有重要影响力的辅助器具专业展会，在服务提升残疾人辅助器具服务水平和推动康复辅助器具产业发展方面发挥着日益重要的作用。",full,,dom_or_structured_full_text,http://news.sciencenet.cn/htmlnews/2026/9/570841.shtm,科学网新闻,综合科技,科技新闻,2026-09-04T00:17:32+00:00,AI与智能科技 > 其它智能科技 > 脑机接口,AI与智能科技,脑机接口,"[{""path"":[""AI与智能科技"",""其它智能科技"",""脑机接口""],""path_text"":""AI与智能科技 > 其它智能科技 > 脑机接口"",""confidence"":0.8,""reason"":""博览会首次设立脑机接口专区并集中展示脑控康复与侵入式脑机接口成果。""}]",classified,2026-09-04T00:37:24.093841+00:00,glm-5.2,2026-08-14,
科学网-第十一届“创客中国”陕西省中小企业创新创业大赛落幕,2026-09-03,"第十一届“创客中国”陕西省中小企业创新创业大赛落幕
9月2日至3日，由陕西省工业和信息化厅主办、陕西省中小企业服务中心承办的第十一届“创客中国”陕西省中小企业创新创业大赛暨第八届“创客陕西”中小企业创新创业大赛省级复赛在西安成功举办。
大赛紧扣“围绕产业链、部署创新链、配置资金链、培育人才链”主题，历经区域赛、省级初赛的层层遴选，最终共有116个优质项目晋级省级复赛，其中企业组项目86个，包含50家中小企业、36家专精特新及专精特新“小巨人”企业，创业团队项目30个。各参赛主体通过现场路演、答辩评审的形式，全方位展示项目的产品创新、核心技术、商业模式、市场前景及发展优势。经评审专家组现场严谨打分、综合评议，最终择优评选出36个优质项目，成功晋级省级决赛。
第十一届“创客中国”陕西省中小企业创新创业大赛落幕。主办方供图
相关负责人表示，本次复赛不仅是全省创新创业项目同台竞技、比拼实力的擂台，更是行业交流互鉴、创客成长提升的优质平台。下一步，将依托“创客中国”赛事平台优势，聚焦全省重点产业链布局与中小企业高质量发展需求，持续为广大中小企业、创新创业团队搭建成果展示、项目孵化、产融对接、资源聚合的专业化服务平台。
同时，大赛将充分发挥创新赋能、培育赋能作用，助力中小企业转型升级、提质增效，推动更多优质中小企业向专精特新企业、专精特新“小巨人”企业梯度培育升级，持续为陕西省现代化产业体系建设积蓄创新动能、注入鲜活活力。",full,,dom_or_structured_full_text,http://news.sciencenet.cn/htmlnews/2026/9/570840.shtm,科学网新闻,综合科技,科技新闻,2026-09-04T00:17:34+00:00,公共政策与社会治理 > 科教与人才 > 科研管理与学术活动,公共政策与社会治理,科研管理与学术活动,"[{""path"":[""公共政策与社会治理"",""科教与人才"",""科研管理与学术活动""],""path_text"":""公共政策与社会治理 > 科教与人才 > 科研管理与学术活动"",""confidence"":0.7,""reason"":""创新创业大赛属于成果展示与人才培育的赛事活动。""}]",classified,2026-09-04T00:37:24.093841+00:00,glm-5.2,2026-08-14,
科学网-国际月球村中心（中国）及4个深空探测联合实验室在合肥揭牌,2026-09-03,"国际月球村中心（中国）及4个深空探测联合实验室在合肥揭牌
中新社合肥9月3日电(记者 张俊)2026年深空探测(天都)国际会议3日在安徽省合肥市开幕。国际月球村中心(中国)及4个深空探测联合实验室在会上揭牌。
本次会议以“可持续的深空探测——机遇与挑战”为主题，吸引近50个国家和地区的政府部门、航天机构、国际组织及科研院校代表参会。
国际月球村中心(中国)是国际月球村协会设立的区域合作平台，未来将推动月球探测领域的国际学术交流、人才培养与项目对接。
此次揭牌的4个深空探测联合实验室，由深空探测实验室分别与西安交通大学、中钢集团马鞍山矿山研究总院、泰国国家天文研究所、塞尔维亚贝尔格莱德天文台合作共建。联合实验室将汇聚中外科研资源，聚焦月球探测、行星科学等深空探测前沿方向开展技术联合攻关，为深空探测重大任务提供支撑。
中国国家航天局总工程师李国平致辞表示，中国正持续推进嫦娥七号、嫦娥八号任务，积极布局国际月球科研站、天问三号火星取样返回、天问四号木星系探测等工程，力争将航天器探测边界延伸至更远的深空。中国国家航天局始终秉承平等互利、和平利用、包容发展原则，愿与各国在载荷搭载、月球样品联合研究、资源技术协同攻关等领域深化合作。(完)
特别声明：本文转载仅仅是出于传播信息的需要，并不意味着代表本网站观点或证实其内容的真实性；如其他媒体、网站或个人从本网站转载使用，须保留本网站注明的“来源”，并自负版权等法律责任；作者如果不希望被转载或者联系转载稿费等事宜，请与我们接洽。",full,,dom_or_structured_full_text,http://news.sciencenet.cn/htmlnews/2026/9/570839.shtm,科学网新闻,综合科技,科技新闻,2026-09-04T00:17:36+00:00,通用技术 > 通信和运输 > 航天,通用技术,航天,"[{""path"":[""通用技术"",""通信和运输"",""航天""],""path_text"":""通用技术 > 通信和运输 > 航天"",""confidence"":0.9,""reason"":""国际月球村中心及深空探测联合实验室服务月球探测等航天工程任务。""},{""path"":[""公共政策与社会治理"",""科教与人才"",""科研管理与学术活动""],""path_text"":""公共政策与社会治理 > 科教与人才 > 科研管理与学术活动"",""confidence"":0.7,""reason"":""核心事件是联合实验室揭牌及国际深空探测学术会议召开。""}]",classified,2026-09-04T00:37:24.093841+00:00,glm-5.2,2026-08-14,
科学网-遗传变异可能影响五大人格,2026-09-03,"遗传变异可能影响五大人格
一项涉及100多万人的荟萃分析识别出1000多个与人类人格相关的遗传变异。该研究探究了DNA变异与人格差异之间的潜在联系，重点关注了5种人格特质：外向性、宜人性、尽责性、神经质和开放性。这项研究结果并非表明可直接利用DNA预测人格，而是提示某些变异可能会影响行为特质，尽管其他环境因素可能仍会对人格发展产生更大影响。相关研究结果9月2日发表于《自然》。
人类人格特质可分为五大类，被称为“五大人格”，即外向性（包括社交性、果断性和精力水平等特征）、宜人性（包括同情心、尊重和信任）、尽责性（包括条理、效率和责任感）、神经质（包括焦虑、抑郁和情绪波动）以及开放性（包括想象力、好奇心和审美敏感度）。
过去100年间，有许多研究表明遗传和环境因素都会导致人格差异。然而，识别与人格特质相关的遗传特征具有挑战性，因为这可能涉及多个基因，而且需要非常大的参与者样本量才能建立有意义的关联。
在这项研究中，美国密歇根州立大学的Ted Schwaba和同事报告了对46个队列的全基因组关联研究结果进行的荟萃分析，这些队列共涵盖114万名参与者。
他们的分析发现了1260个与人格相关的遗传变异，其中包括824个此前未发现的与人格相关的新变异。这些关联较为复杂，每种特质都与多个变异的组合相关，但适用于不同的人群，如按年龄或地理位置划分的类别。每种人格特质在人群中的差异，约有7.4%至10.6%与人群中常见的可测量遗传变异有关。不过，环境等其他因素可能会对人类人格特质产生强烈影响。
作者总结说，这些发现可能有助于进一步研究影响人格的因素。
相关论文信息：https://doi.org/10.1038/s41586-026-10992-9",full,,dom_or_structured_full_text,http://news.sciencenet.cn/htmlnews/2026/9/570838.shtm,科学网新闻,综合科技,科技新闻,2026-09-04T00:17:38+00:00,生命科学与健康 > 生命科学 > 基础生命科学与遗传,生命科学与健康,基础生命科学与遗传,"[{""path"":[""生命科学与健康"",""生命科学"",""基础生命科学与遗传""],""path_text"":""生命科学与健康 > 生命科学 > 基础生命科学与遗传"",""confidence"":0.9,""reason"":""核心事件是百万人全基因组荟萃分析揭示与五大人格相关的遗传变异。""}]",classified,2026-09-04T00:37:35.587209+00:00,glm-5.2,2026-08-14,
科学网-联合国报告承认全球变暖将突破1.5℃阈值,2026-09-03,"联合国报告承认全球变暖将突破1.5℃阈值
将全球变暖幅度控制在1.5℃以内以避免气候变化最危险后果的目标，已正式宣告无法达成。据《自然》报道，根据9月1日联合国环境规划署（UNEP）发布的一份报告，按照当前的排放趋势，本世纪全球气温较工业化前水平上升约1.8℃，已是能期望的最好结果。
今年6月热浪期间，德国科隆的一处降温站为民众提供了避暑之所。图片来源：Ina Fassbender
“我们在气候问题上一直拖延。”UNEP的执行主任Inger Anderson表示，“当我们启动《联合国气候变化框架公约》时，我们就清楚必须采取哪些行动，但我们没有以本可以做到的速度采取行动。”
2015年签署《巴黎气候协定》的近200个国家同意快速削减温室气体排放，使全球平均气温相对于工业化前的升幅“远低于”2℃，并设定了将升幅控制在1.5℃以内的更高目标。根据联合国政府间气候变化专门委员会（IPCC）的说法，一旦超过1.5℃这一阈值，触发气候系统危险临界点的风险将急剧上升，且每超过该阈值0.1度，风险就会进一步增加。尽管各国未实现达成这一目标所需的大幅减排承诺，但1.5℃的目标仍然是联合国气候谈判中一个重要数字。
然而，UNEP发布的最新报告承认，各国将无法避免越过这一临界点。“这是联合国机构发布的首份明确指出鉴于温室气体减排行动不力，我们将在未来几年内突破1.5°C的报告。”报告作者、澳大利亚国立大学气候研究员Andy Reisinger说。
报告发现，即使在最乐观的排放情景下，本世纪全球气温升幅也将“超过”1.5℃，达到至少约1.8℃。该情景要求全球排放在未来十年内减半，并在本世纪中叶实现净零排放——这远比目前各国正式的减排承诺更为雄心勃勃，因为按照目前的承诺，到2100年全球气温将升高2.5℃。
报告指出，如果气温升幅在1.8°C左右趋于平稳，那么在最乐观的减排情景下，再辅以大力推进从大气中去除二氧化碳的举措，到本世纪末气温升幅或许仍有可能回落到1.5°C以下。这将涉及扩大森林面积，并应用从空气中捕获二氧化碳并将其永久封存的技术。
自IPCC认定二氧化碳移除策略对实现气候目标必不可少以来，这一领域受到的关注日益增多。但报告强调，要让气温升幅回落到1.5℃以下，需要未来数十年每年从空气中移除数百亿吨二氧化碳，而这一数量是二氧化碳去除技术迄今移除数量的数千倍。",full,,dom_or_structured_full_text,http://news.sciencenet.cn/htmlnews/2026/9/570837.shtm,科学网新闻,综合科技,科技新闻,2026-09-04T00:17:41+00:00,基础科学与环境 > 地球与环境科学,基础科学与环境,地球与环境科学,"[{""path"":[""基础科学与环境"",""地球与环境科学""],""path_text"":""基础科学与环境 > 地球与环境科学"",""confidence"":0.9,""reason"":""核心是联合国报告对全球变暖突破1.5℃阈值的气候科学评估。""},{""path"":[""公共政策与社会治理"",""政策法规"",""产业与能源政策""],""path_text"":""公共政策与社会治理 > 政策法规 > 产业与能源政策"",""confidence"":0.7,""reason"":""报告核心涉及全球温室气体减排目标与政策承诺的评估。""}]",classified,2026-09-04T00:37:35.587209+00:00,glm-5.2,2026-08-14,
科学网-为什么科学家让1000人埋下自己的内裤,2026-09-03,"为什么科学家让1000人埋下自己的内裤
土壤滋养我们赖以生存的粮食，储存水分、碳与养分，同时为地球上数量庞大的生物提供栖息地。科学家估算，全球超过一半的生物多样性蕴藏于地下。但世界各地的土壤生物多样性正在衰退，对农业、粮食安全及生态系统的正常运转构成了威胁。
一条全新棉质内裤埋入地下两个月后，经土壤生物分解，呈现出明显的降解痕迹（右）。图片来源：
Nicolas Zonvi
为探索地下的隐秘世界，瑞士苏黎世大学与瑞士联邦农业研究院的研究人员于2021年发起一项公民科学项目——“内裤作证”。该项目旨在提高公众对土壤生态系统的认知，同时产出科研数据。
按照统一标准化流程，1000名志愿者在瑞士境内约1000个点位，埋下2000多条棉质内裤和1.2万袋茶包。两个月后，他们将其挖出、拍照，再把这些物品连同土壤样本一并送往实验室开展后续研究。
这项8月26日发表于《植物、人类与星球》的研究成果，绘制出瑞士土壤生物活性的大范围分布图，这是瑞士覆盖面最广的土壤生物数据集之一。研究人员发现，棉质内裤的降解速度随埋藏地点不同而差异巨大。这是衡量地下生物活跃程度的简易指标，土壤生物越活跃，棉质材料就
私人花园里的内裤降解速度最快。研究同时发现，花园土壤有机质含量最高，为蚯蚓、真菌、细菌及其他土壤生物营造了优越的生存环境。草坪土壤的生物活性最低。农田与草甸的活性介于花园和草坪两者之间。
“我们的结果表明，土壤管理方式会显著影响土壤生物与土壤质量。具备生物活性的健康土壤，对土壤肥力、养分循环及各类生态系统服务功能都至关重要。”论文共同通讯作者、苏黎世大学的Marcel van der Heijden表示。
研究人员指出，有多种措施可以促进土壤生物活力，如保持土壤持续覆盖、施用堆肥、采用多样化轮作，以及减少化肥与农药使用。
在所研究的各类影响因素中，土地利用类型对内裤降解速度的影响最大。一块土地是花园、草甸、耕地还是草坪，相比大部分实测土壤生化指标，更能解释降解速度的差异。
土壤化学性质同样发挥了作用，例如养分水平会对土壤生物活性产生明显影响。内裤快速降解往往对应土壤肥沃、养分充足。对于农业用地而言，这类条件十分有利，可以助力作物生长。
“并不是所有生态系统都追求最高的降解速度。”论文第一兼通讯作者、瑞士联邦农业研究院的Franz Bender指出，“在森林这类接近自然的生境中，养分水平过高往往意味着平衡遭到破坏。即便是花园，内裤降解过快也可能暗示养分供给过量。”出现这种情况时，园艺爱好者就需要反思是否施肥过多。
此外，土壤生物活性还会受到温度、湿度的强烈影响。土壤过冷或者过于干旱，土壤生物活性就会大幅下降。
该工作证明，埋藏棉质内裤是一种简单却实用的手段，可以对比不同土壤的生物活性与肥力水平。研究人员提议建立一套“内裤指数”，帮助普通大众理解土壤的各类生化过程，同时呼吁重视保护健康土壤。
相关论文信息：https://doi.org/
10.1002/ppp3.70259",full,,dom_or_structured_full_text,http://news.sciencenet.cn/htmlnews/2026/9/570836.shtm,科学网新闻,综合科技,科技新闻,2026-09-04T00:17:43+00:00,生命科学与健康 > 生命科学 > 生物多样性与生态,生命科学与健康,生物多样性与生态,"[{""path"":[""生命科学与健康"",""生命科学"",""生物多样性与生态""],""path_text"":""生命科学与健康 > 生命科学 > 生物多样性与生态"",""confidence"":0.88,""reason"":""通过公民科学项目研究瑞士土壤生物活性与土壤生态健康状况。""}]",classified,2026-09-04T00:37:35.587209+00:00,glm-5.2,2026-08-14,
科学网-“三把钥匙”打开青藏高原3900万年前“洪堡之谜”,2026-09-03,"“三把钥匙”打开青藏高原3900万年前“洪堡之谜”
山脉隆升，如何孕育生命之繁盛？两个世纪前，德国博物学家洪堡在考察南美洲钦博拉索山时，首次系统思考山地物种多样性的成因，开启了生物地理学持续探讨的核心命题——“洪堡之谜”。近日，中国科学院院士、中国科学院青藏高原研究所（以下简称青藏高原所）研究员丁林领衔的合作团队在《通讯-地球与环境》发表的研究成果中，通过多学科交叉手段，为这一谜题提供了来自深时地质记录的答案。
研究者通过哺乳动物化石、牙釉质稳定同位素、木化石年轮等多把“钥匙”，揭示了青藏高原东部生物热点的起源：在约3900万年前的始新世，这里已建立起由森林与多样化哺乳动物共生的高海拔生态系统。这一发现将横断山生物多样性热点的起源时间大幅向前推进，并为理解山地生物多样性如何响应长期构造-气候变化提供了全新参照。
研究团队在野外工作。青藏高原所供图
解码“洪堡之谜”的天然实验室
以横断山脉为主体的青藏高原东部，高山深谷并列，海拔和水热条件在短距离内剧烈变化，是热带之外生物多样性最丰富的热点地区，也是探究“洪堡之谜”的天然实验室。
然而，要解构今日生物多样性格局，仅描述现今地形和物种分布远远不够，必须追溯山地环境梯度何时形成，以及早期生态系统如何组装。此前，相关认识主要来自植物化石和分子系统学，而早期哺乳动物群出现的年代、栖息海拔及其水文气候背景，仍缺少直接的年代约束和可相互检验的地质记录。
位于横断山腹地的热鲁盆地，保存了约5000万至3400万年前较为连续的陆相沉积，是藏东古近纪盆地群中的关键年代锚点。盆地内，约4500万至4000万年前形成的热鲁组一段保存了丰富植物化石，以桉属、榆属和狭叶梅属等为代表；约3900万至3400万年前形成的热鲁组二段，则产出了1293件脊椎动物化石，涵盖石炭兽类、雷兽类、犀类等大型森林适应型植食哺乳动物，以及中兽类、啮齿类和陆龟等至少9科14属。
动植物记录交织，使热鲁盆地成为从生态系统层面认识藏东始新世生物群落及其环境背景的关键窗口。
研究团队在寻找化石。青藏高原所供图
化石里的“时钟”“海拔”和“气候”
热鲁盆地缘何汇聚如此丰富的物种？这里的生物多样性起源于何时？又经历了怎样的地质与气候演变？科学家通过三把“钥匙”回答了这些“洪堡之谜”的核心问题。
一直以来，由于热鲁盆地陆相红层通常缺少可直接定年的火山灰等材料，哺乳动物化石的年代多依赖生物地层对比，难以获得精确的绝对年龄。
针对这一问题，丁林与合作者转而关注保存于化石松质骨内部的“地质时钟”——骨腔方解石。“动物遗骸进入沉积物后，近地表孔隙水可进入骨骼原有孔腔并沉淀方解石。如果这些形成于初始埋藏阶段的早成岩方解石没有受到后期改造，它的结晶年龄便可直接约束含化石层的早期埋藏时间。”论文第一作者、青藏高原所博士何松林说。
经岩相学、阴极发光、元素面扫和团簇同位素分析筛选后，研究团队对15件碳酸盐样品开展原位铀铅定年。其中，他们还对含哺乳动物化石层位的骨腔方解石年龄与同层成壤碳酸盐结核、下伏凝灰质砂岩锆石最大沉积年龄及地层关系进行了交叉检验。多项年代约束相互吻合，将热鲁哺乳动物群的沉积-埋藏时代限定在约3920万~3810万年前。“这意味着，热鲁动物群是目前青藏高原报道的年代最早、具有直接放射性年代约束的新生代哺乳动物群。”丁林说，这一结果也为陆相地层中缺乏火山灰时的哺乳动物化石精确定年提供了范例。
动物颌骨。青藏高原所供图
知道了热鲁盆地早期生物多样性的起源时间，那么当时的海拔如何的？研究团队尝试从牙釉质中寻找答案。“牙釉质晶体致密，能较好保存动物引用地表水氧同位素的信息，而降水同位素会随水汽爬升逐渐‘变轻’，因而可以反演古海拔。”何松林解释说。研究团队分析了49枚大型植食哺乳动物牙齿化石的牙釉质碳氧同位素组成，并结合始新世藏东水汽分馏模型，重建出热鲁动物群在3920万~3810万年前的平均栖息地古海拔为3463米。
更关键的是，研究发现，牙釉质、骨腔方解石和同层成壤碳酸盐结核记录的古降水信号在误差范围内相互一致，为高海拔解释提供了独立的水文交叉检验。这一结果与同期高海拔森林化石相互印证，表明至迟在约3900万年前，藏东已存在由森林与多样化的哺乳动物共存的高海拔生态群落。
时空坐标确定了，那么当时的气候如何呢？木化石年轮是回答这一问题的关键。研究团队发现，热鲁盆地约4150万年前的柏型木属木化石，在连续十余个生长轮中保存了稳定的轮内密度波动——单个年轮内出现双晚材带，外侧为冬季低温终止生长形成的真年界，内侧则是夏季干旱生长季中途停滞形成的“伪年轮”。
研究人员找到的树木化石。青藏高原所供图
结合树木形成层的生长机制和数值模拟，他们认为，春季降水促进早材形成；夏季水分胁迫使生长暂停并形成伪年轮；秋季降水恢复后树木重新生长；冬季低温最终终止年度生长并形成真年界。
丁林表示，木材解剖、古植物证据和气候模拟相互印证，表明藏东至少在约4150万年前已形成夏季干旱、春秋降水双峰的“地中海型”降水季节性，与现代亚洲季风以夏季集中降水为主要特征的季节分配明显不同。“这是一条独立于气候模拟、能够直接观察并定年的地质证据，为认识高原隆升如何重组区域水文气候提供了关键约束。”他说。
从沙漠到森林，生物多样性渐丰
根据年代、古高度与水文气候三条“证据链”，研究团队勾勒出藏东始新世的生态环境演变过程：约5000万年前，藏东以低海拔沙漠环境为主；约4500万~4000万年前地表持续升高，区域环流和地形降水随之重组，山地森林不断扩展；至约3900万年前，热鲁动物群已生活在平均海拔约3500米的森林环境中，一个由植物、植食动物和捕食者共同组成的高海拔生态系统已然建立。
研究认为，隆升形成的海拔梯度，以及随后发展的地貌切割和水系网络，显著扩大了生境异质性；春秋多雨、夏季干旱的季节性水分供给，则形成了干湿交替的生态节律。二者共同拓展了生态位空间，为动植物群落组装和区域多样化提供了有利条件。
这一发现将横断山特殊生物多样性的萌芽时间，比此前普遍认为的中新世起源提前了约2000万年。“这项研究为理解‘洪堡之谜’提供了新的深时地质约束，也为认识全球山地生物多样性如何响应长期构造—气候变化提供了新的参照。”丁林说，在当今气候变化背景下，了解深时生物多样性对环境变化的响应机制，对于预测和应对未来生态挑战具有重要借鉴意义。
野外科考工作中。青藏高原所供图
https://doi.org/10.1038/s43247-026-03967-1",full,,dom_or_structured_full_text,http://news.sciencenet.cn/htmlnews/2026/9/570835.shtm,科学网新闻,综合科技,科技新闻,2026-09-04T00:17:45+00:00,基础科学与环境 > 地球与环境科学,基础科学与环境,地球与环境科学,"[{""path"":[""基础科学与环境"",""地球与环境科学""],""path_text"":""基础科学与环境 > 地球与环境科学"",""confidence"":0.88,""reason"":""研究以深时地质记录、化石和同位素重建青藏高原古环境演变。""},{""path"":[""生命科学与健康"",""生命科学"",""生物多样性与生态""],""path_text"":""生命科学与健康 > 生命科学 > 生物多样性与生态"",""confidence"":0.8,""reason"":""核心命题是横断山生物多样性热点的起源与演化机制。""}]",classified,2026-09-04T00:37:35.587209+00:00,glm-5.2,2026-08-14,
AI打开服务消费市场空间,2026-09-03,"当前，我国服务消费进入扩容升级快车道。数据显示，今年前7个月，我国服务零售额增长5.0%，快于商品零售额增速3.9个百分点。消费结构正从商品消费主导向服务消费主导转变。商务部等8部门印发的《关于加快“人工智能+消费”发展的实施意见》，明确推动人工智能（AI）与居家、养老、文旅、餐饮、教育等服务深度融合，培育消费新增长点。这既是顺应消费升级趋势的必然要求，更是释放内需潜力的关键引擎。
AI正加速向服务消费领域渗透，催生出新产品、新场景、新需求。借助数字孪生等技术，将名医、名师等高水平服务能力转化为低成本、规模化的标准供给，让优质服务有效突破地域限制。如广州荔湾区构建了覆盖全区的远程心电AI诊断协同网络，累计为20万人次完成心电诊断，及时预警382位急危患者并实施转诊救治。
多模态用户画像的深度应用，使智能服务精准匹配大众消费需求，实现从“千人一面”到“一人千面”的跃升。如浙江上线全国首个省级入境游智慧服务平台“嗨游”，以智能算法快速生成个性化线路，集成即时互译、打车租车等特色功能，2025年接待入境过夜游客同比增长24.6%。
AI通过跨界融合，还能孵化出全新行业。闲鱼平台上的AI服务订单快速增长，AI技能本身成为可交易的服务商品，催生出“AI轻创业”等新业态，展现出可观的市场空间。
应当清楚看到，AI与服务消费深度融合仍面临多重难题。数据采集、标注、流通等环节不够顺畅，行业大模型训练缺乏高质量语料支撑，制约了服务智能化向纵深拓展。智能算力资源与模型服务成本偏高，大量中小微企业面临“用不起、用不好”的现实困境。面向AI新业态的监管机制、权责边界、质量标准尚不完善，对服务消费市场健康发展形成制约。破解上述难题，亟须企业、政府、社会多方协同发力。
强化要素支撑，夯实智能底座。完善消费领域数据要素流通机制，建立数据分级分类管理规则，培育壮大数据标注、数据合成等产业，建设一批高质量垂类语料库。加快推进行业模型建设，统筹智能算力布局与开源生态培育，有效降低中小企业应用门槛，推动智能技术底座更牢固、更普惠。加强人工智能复合型人才培养，鼓励企业与高校开展定向培养与岗位实训，加强人力资本支撑。
创新应用场景，激活消费需求。聚焦文旅、养老、托育、家政、医疗、教育等重点领域，加快发展智能原生应用，拓展体验消费、个性化消费、情感消费等服务消费新场景。加强虚拟现实、增强现实等技术应用，打造数字演艺、互动展览、虚拟街区等沉浸式数字消费新场景。搭建数字消费品展示与供需对接平台，促进AI消费产品与服务推广。设立人工智能产业引导基金，鼓励经营主体探索商业模式，引导更多资本投向民生类智能服务赛道。
健全制度体系，筑牢安全底线。建立跨部门联合监管机制，对AI服务新业态包容审慎监管，积极推广监管沙盒试点。制定重点领域智能服务质量规范，针对生成式人工智能等新业态，明确平台、商家、技术提供方三方责任边界。健全算法治理制度规范，压实平台主体责任，持续推进算法备案与透明度建设，推动技术创新与权益保护动态平衡。
（作者系浙江省发展规划研究院党组书记、院长 李 军）",full,,dom_or_structured_full_text,https://www.news.cn/tech/20260903/165d726234ea472eb424e1c4a47be3a2/c.html,新华网科技,综合科技,科技新闻,2026-09-04T00:17:51+00:00,公共政策与社会治理 > 政策法规 > 产业与能源政策,公共政策与社会治理,产业与能源政策,"[{""path"":[""公共政策与社会治理"",""政策法规"",""产业与能源政策""],""path_text"":""公共政策与社会治理 > 政策法规 > 产业与能源政策"",""confidence"":0.85,""reason"":""核心是'人工智能+消费'实施意见及AI服务消费产业发展举措。""}]",classified,2026-09-04T00:37:35.587209+00:00,glm-5.2,2026-08-14,
北京亦庄机器人快步“跑”进市场,2026-09-03,"上图 8月19日，观众在2026世界机器人大会长木谷展位了解一款骨科手术机器人。
右图 在北京人形机器人创新中心展位，天轶机器人在进行实景应用展示。
本报记者 刘月杨摄
从上半年的人形机器人半程马拉松到刚刚落幕的2026世界机器人大会，都让北京亦庄跟机器人、具身智能越来越紧密地联系在一起。这个位于北京东南部的国家级经济技术开发区，正以更加开放的创新资源、更加完备的产业链条、更加丰富的应用场景、更加高效的服务保障，加快建设具备全球竞争力的机器人与具身智能产业高地。
首发首创组团亮相
在2026世界机器人大会上，来自北京亦庄20余家企业携近百款新品亮相同期举办的2026世界机器人博览会，展品覆盖前沿机器人整机、多元应用场景及核心零部件等，展现了亦庄“机器人天团”的硬核实力。
北京人形机器人创新中心首次亮相的天工Omni现场上演梅花桩、上下楼梯、匍匐爬行等挑战。同步发布的还有具身多模态大模型Pelican-Unify 1.0。北京人形机器人创新中心大模型负责人鞠笑竹说，将进一步推动大模型与机器人本体、真实场景的深度融合，在理解、推理、想象、行动等维度同时达到全球顶尖水平，具身智能从“功能拼凑”迈入“协同进化”。
星海图（北京）人工智能科技有限公司致力于让机器人从实验室走向真实世界。在现场，星海图带来机器人前置仓演示。消费者随机下单，依托G0.5具身基础模型，机器人即可在京东物流真实前置仓中自主完成拣选、导航、打包、放置全流程调度。该公司合伙人、首席财务官罗天奇告诉记者：“物流前置仓已经在多个城市落地。”
北京云迹科技股份有限公司首度亮相的煮面机器人，将取面、投面、抖面、煮面、捞面、盛面、加汤一气呵成。云迹科技首席产品官段炎彪说：“这台机器人在酒店早餐档口曾收获极高人气。”
在京东600平方米的沉浸式展区，大咖骑行机器马尤其吸睛，这款售价28万元的全地形智能坐骑，已在京东平台启动预约。京东机器人采销经理方佩说，京东展区有45款行业新品集中首发，大咖骑行机器马、宇树载人变形机甲GD01这类新奇特展品占比超六成。京东已形成从选型适配、智能升级到运维保障的全链路闭环能力。“以前，机器人维修要么是企业工程师出差，要么是客户把机器人寄回厂家，成本高、时效差。现在，京东国内八大维修中心有众多自营机器人维修工程师，可以就近带着零部件上门维修。”方佩说。
机器人“组团”亮相，彰显亦庄在相关领域实力。截至目前，北京亦庄已聚集知名机器人与具身智能生态企业300余家，构建起完善的产业体系，产业链规模超200亿元，是全国领先的机器人产业发展集聚区。
产业生态厚积薄发
去年，亦庄推出的全球首家具身智能机器人4S店成了不少人心目中的网红打卡地。自营业至今，该店已吸引超10万访客，从机器人展示、互动，到产品销售、场景对接，营业额超6000万元，链接渠道合作厂商150多家。
“机器人行业普遍面临供需难对接的问题。”北京亦庄机器人科技产业发展有限公司商业运营事业部总监孟炎培告诉记者，“我们将Robot Mall打造为机器人新品展示、场景验证、用户体验和市场反馈的平台，推动更多机器人从‘展品’变成‘商品’。”近期，该店面完成新一轮升级换展，进一步丰富机器人在生活服务、医疗康养、文体娱乐等领域的应用展示，逐步形成连接机器人企业、应用场景、渠道资源和终端客户的综合服务平台。
今年，亦庄持续为机器人产业提供全链条支撑。在展示、互动平台之外，针对机器人多样化应用场景、千差万别的需求，北京亦庄建设了全国首个具身智能机器人全栈式开发者社区——未来机域，孵化二次开发项目。
这个社区的特色在于“全栈式”和“实体化”。北京亦庄机器人科技产业发展有限公司生态项目运营总监、未来机域开发者社区负责人、供应链平台负责人梁楠告诉记者：“2026年计划聚集开发者超2.5万人，举办技术成长营、具身智能开发者挑战赛等近百场高质量社区活动，激发生态活跃度。”
目前，未来机域E-Bot Hub线上平台及小程序已经上线。位于北京市机器人产业园（亦庄）的线下社区则配备共享实验室、办公区等多功能区域，开发者可免费或低成本使用实验设备、机器人本体，并享受供应链打样、选型等一站式服务。
今年刚硕士毕业的张至清已在未来机域社区安家。作为“亦智杯”金奖得主“清剑若行”团队队长，他坦言，未来基于这个平台，可根据每个小组需要提供个性化设备，尝试更多可能，“我们正完善智能药库从入库到出库流程。社区提供机器人本体、技术、资金、场地多方面支持，若可能，将推进产业化进程”。
研发迭代快了，供应链也得跟得上。2小时响应、48小时交付的“机因工场”，实现了供应链快速响应。“以前，京津冀企业在研发原型机时得赴珠三角选购零部件，非标件打样周期更是长达2周至4周。”梁楠说，“现在，我们用共享模式实现核心环节就近配套、一站式服务。”
“机因工场”位于北京市机器人产业园（亦庄）的线下空间，首期“开园即满驻”，已吸纳百川集团、地瓜机器人、广和通等行业领军企业入驻，覆盖全品类关键环节。上海青瞳视觉科技有限公司销售总监刘雪飞说，“上下楼就是上下游的感觉很好，对接得快、理解得快，执行落地也快。业绩之外，还能和客户一起做科研工作”。
从展销体验，到协同研发、极速供应，再到场景验证，北京亦庄正以“展—研—产—用”全链路服务模式，为机器人产业探索一条从实验室到市场的“高速公路”。
要素集聚实验场景
8月15日，“2026 E-Town机器人消费节”正式启动，北京亦庄统筹1800万元专项促消费资金，成功打通“观展、体验、消费”全链条，让前沿机器人变为可体验、可购买、可普及的民生产品，持续推动机器人技术从科研走向规模化、生活化、商业化应用。
在北京经济技术开发区机器人和智能制造产业局副局长马宁眼中，亦庄将持续深化“赛事牵引、场景赋能、平台支撑”体系，打造一批高价值场景，吸引更多企业落地，加速机器人赋能千行百业。
政策创新同样引人关注。8月20日，北京经济技术开发区为三家企业颁发《具身机器人演出“沙盒审批”准入证明》，同步上线全国首个机器人沙盒审批全流程管理系统。这是亦庄在新业态审批监管领域推出的又一开创性举措。从数字人到具身机器人，从制度创新到场景落地，北京亦庄“沙盒审批”改革持续走深走实。下一步将推动成熟经验向工业生产、商业服务、民生保障、公共治理等具身机器人重点应用领域复制推广，为具身机器人分梯度、全场景落地提供持续稳定的制度供给。
“北京亦庄要打造链条完备的整机智造新范式。”北京经开区工委委员、管委会副主任李全日前发布了“北京机域”——人机共融具身智能新社会建设构想。今后，北京亦庄将加快实现10万台（套）级具身智能机器人规模量产，形成100万套关键核心零部件生产能力。未来，将以12平方公里“北京机域”具身智能制造引领区为重要承载，把25万平方米机器人产业园区空间拓展至300万平方米，让研发、制造、应用等环节在亦庄新城就近配套、协同联动。
此前，北京亦庄实施具身智能社会实验计划，开放城市场景，推动机器人在酒店、公园、养老驿站等场景中“上岗”。接下来，将布局要素集聚的全域社会实验场，建设机器人公寓、机器人公园、机器人演艺团等新消费新场景，推动机器人进工厂，加快打造百款可实际落地的特色机器人产品，推动在千种细分领域实现应用。（记者 杨学聪）",full,,dom_or_structured_full_text,https://www.news.cn/tech/20260903/ae2c27b2145645d7aa02f2e3957068a0/c.html,新华网科技,综合科技,科技新闻,2026-09-04T00:17:53+00:00,AI与智能科技 > 具身智能 > 硬件和控制,AI与智能科技,硬件和控制,"[{""path"":[""AI与智能科技"",""具身智能"",""硬件和控制""],""path_text"":""AI与智能科技 > 具身智能 > 硬件和控制"",""confidence"":0.9,""reason"":""报道核心是亦庄机器人整机、核心零部件产业与量产落地。""},{""path"":[""AI与智能科技"",""具身智能"",""模型和具身操作系统""],""path_text"":""AI与智能科技 > 具身智能 > 模型和具身操作系统"",""confidence"":0.7,""reason"":""文中发布具身多模态大模型与具身基础模型并强调与本体融合。""}]",classified,2026-09-04T00:37:35.587209+00:00,glm-5.2,2026-08-14,
“本源悟空”破解量子随机存储器扩展难题,2026-09-03,"记者2日从安徽省量子计算芯片重点实验室获悉，本源量子联合中国科学技术大学、合肥综合性国家科学中心人工智能研究院等科研团队，在“本源悟空”自主超导量子计算机上成功研发出面向桶式量子随机存储器（QRAM）的“相干量子路由系统”，相当于为数据中心架设了“快速路”，有效解决了QRAM扩展的行业难题。相关论文日前发表于国际期刊《物理评论X》。
如果把量子计算机比作“智慧城市”，那么QRAM就是其中存储和调度数据的“数据中心”。QRAM是实现量子搜索、量子机器学习等算法的重要功能模块，其核心是量子路由器——它负责根据地址指令将数据准确送达目标位置。随着路由网络规模增大，传统方案每增加一个节点就需大量标准量子门层层分解指令，导致线路深度剧增、误差累积，限制了QRAM的扩展。
针对这一难点，研究团队提出了一种基于辅助能级的量子路由器构建方案。“相干量子路由系统”利用超导量子比特的辅助能级，将复杂的受控交换操作转化为由少量双比特跃迁门构成的浅线路等效实现，相当于在拥堵的数据通道上方架设了“快速路”，让数据绕过冗余节点直达目的地，大幅削减线路深度并降低误差。
研究团队在“本源悟空”自主超导量子计算机上实际搭建了3个独立量子路由器和一套两层量子路由网络进行测试。结果显示，单个量子路由器的信息传输效率高达98%，两层路由网络整体传输效率也能达到93%。在随机访问测试中，单个量子路由器的平均保真度达到94.8%，两层路由网络的平均保真度达到82.4%。数据表明，该方案能够实现由量子地址控制的相干、可逆路由，并具备向更大规模网络扩展的潜力。
研究人员表示，此次突破不仅为在现有超导硬件上构建可扩展QRAM提供了新路径，更标志着我国量子计算研发从单一性能优化迈向复杂量子功能在真实硬件上的落地验证阶段，依托量子器件本身特性可实现更低成本、更高效率的运算，为量子芯片与线路协同优化开辟了新思路。（记者吴长锋）",full,,dom_or_structured_full_text,https://www.news.cn/tech/20260903/e2f803dabc174d6cb5c8a959727792c1/c.html,新华网科技,综合科技,科技新闻,2026-09-04T00:17:55+00:00,AI与智能科技 > 其它智能科技 > 量子信息,AI与智能科技,量子信息,"[{""path"":[""AI与智能科技"",""其它智能科技"",""量子信息""],""path_text"":""AI与智能科技 > 其它智能科技 > 量子信息"",""confidence"":0.95,""reason"":""核心事件是在超导量子计算机上实现量子路由系统、突破QRAM扩展难题，属量子计算硬件研究。""}]",classified,2026-09-04T00:37:41.634222+00:00,glm-5.2,2026-08-14,
市场最前沿｜产销两旺 我国集成电路产业迎来快速增长,2026-09-03,"新华社北京9月2日电
题：产销两旺 我国集成电路产业迎来快速增长
新华社记者周圆、吴慧珺、胡林果
7月份，规模以上工业企业集成电路产量达530亿块，相当于日均生产约17亿块；前7个月集成电路出口额已超去年全年……当前，全球人工智能技术变革带来的高端算力芯片和存储芯片的需求爆发，中国集成电路产业正迎来新一轮高速增长。
四川顺芯半导体科技有限公司生产车间内，多条自动化生产线高速运转，芯片封装、检测等工序有条不紊推进，全新添置的智能设备整齐排布，成品源源不断发往各地市场。
“今年目标产值为2亿元，是去年的两倍，上半年已圆满完成既定生产任务。”公司总经理张晓花介绍，依托稳定可靠的产品品质，企业市场口碑持续向好，订单量稳步提高，当下在手订单充足。
行业的高景气度也沿着产业链加速传导。记者走访了解到，不少封测装备企业、印制电路板（PCB）生产企业的订单已经排到年底甚至数年后。
从行业整体看，上半年，我国规模以上工业企业的集成电路产量同比增长23.1%；国内主要晶圆代工企业产能利用率均保持在90%以上，各类工艺产能逐步放量，满足车规级、工业级等多类芯片制造需求。前7个月，集成电路制造业投资同比增长11.5%。
集成电路产业链各环节骨干企业业绩普遍向好。截至8月27日，已披露财报的上市公司上半年营收同比增长12.8%，净利润同比增长99%；相关企业积极布局新技术研发，研发费用同比增长13.4%。
生产端马力全开，出口端同样节节攀升。
江苏扬贺扬微电子科技有限公司专注于芯片的研发、设计和销售，产品应用于消费类电子、车载中控等领域。今年上半年，公司产销量双双大增，芯片出口量达到2000万颗。
“我们做的是小容量存储芯片，互联网、AI的产品都会用到我们的芯片。相较于去年同期，出口金额涨了6至8倍。”公司运营总监陈程说。
宏观数据进一步印证了出口的火热。海关总署数据显示，前7个月，我国集成电路出口总额达2160亿美元，同比增长99.5%，已超2025年全年2019亿美元的出口总额。
再看出口结构，在人工智能算力基建需求的驱动下，存储芯片成为集成电路出口产品中最大的品类。对外经济贸易大学数字经济实验室发布的《中国芯片产品贸易月度监测报告》显示，前7个月，中国芯片产品出口额排名前三的产品为存储器、处理器及控制器、其他集成电路，其中存储器占芯片产品贸易出口总额的70.1%，同比增速为221.7%。
“今年以来，集成电路出口快速增长，是中国半导体产业深度融入全球供应链、竞争力稳步提升的生动体现。”集成电路与手机行业门户网站集微网创始人王艳辉认为，这巩固了中国作为全球重要半导体生产基地的地位，带动了本土材料、设备、封测等配套环节协同发展。
展望未来，我国集成电路产业的增长动能依然充沛。
9月1日，国内多家手机厂商统一调价，多款手机涨幅在500元至1000元之间，部分高端机型价格门槛大幅提升。
业内人士表示，此轮手机涨价的核心动因正是上游存储芯片价格的持续高涨。当前人工智能算力需求持续爆发、终端应用场景不断拓宽，加之汽车电子、工业控制等需求多点开花，中国集成电路产业有望维持高速增长。
不久前，市场研究机构Omdia发布的最新预测报告大幅上调了2026年中国半导体行业增长预期，预计全年中国整体市场规模能达到8120.8亿美元，将同比增速预期上调至92.9%。
“中国拥有超大规模市场、完备产业体系和丰富人才资源，集成电路产业发展基础坚实、空间广阔、动能充沛，正在加快成长为具备全球竞争力的新兴支柱产业。”国家发展改革委政策研究室副主任李超说。
“十五五”规划纲要围绕“集成电路”作出一系列安排：“加快发展关键装备、材料和零部件”“聚焦战略必争领域和产业链供应链薄弱环节，采取超常规措施”等。
李超表示，接下来将继续聚焦“十五五”规划纲要部署要求，发挥新型举国体制优势，全链条推动集成电路关键核心技术攻关取得决定性突破，促进集成电路产业高质量发展。",full,,dom_or_structured_full_text,https://www.news.cn/tech/20260903/833ba5b68b414778839a06a6a8b3a33d/c.html,新华网科技,综合科技,科技新闻,2026-09-04T00:17:57+00:00,AI与智能科技 > AI硬件层 > 半导体,AI与智能科技,半导体,"[{""path"":[""AI与智能科技"",""AI硬件层"",""半导体""],""path_text"":""AI与智能科技 > AI硬件层 > 半导体"",""confidence"":0.93,""reason"":""新闻核心是我国集成电路产业产销与出口高速增长，属半导体产业链。""},{""path"":[""AI与智能科技"",""AI硬件层"",""芯片""],""path_text"":""AI与智能科技 > AI硬件层 > 芯片"",""confidence"":0.75,""reason"":""AI算力芯片和存储芯片需求是增长主要驱动力。""}]",classified,2026-09-04T00:37:41.634222+00:00,glm-5.2,2026-08-14,
高温超导带材用上更结实“骨架”,2026-09-03,"高温超导带材有了更便宜、更结实的“骨架”。记者2日从中国科学院理化技术研究所获悉，该所科研团队成功研制出高温超导带材新型“骨架”——铁基合金基带（DW01）。用该基带制备的超导带材关键性能指标显著优于传统哈氏合金基带产品，标志着我国在实现高温超导带材核心材料自主可控上迈出重要一步。
高温超导带材是一种能在大电流、强磁场下几乎无电阻导电的先进材料，主要用在可控核聚变、超导电力、超导加速器等领域。它看起来像一条薄薄的金属带，但其实里面一层层叠了好几样东西，真正导电的超导层非常薄，底下必须有一个结实耐用的“底座”，也就是基带。这个基带就像人体的骨架，得能扛得住弯折、拉伸和温度剧烈变化。
过去几十年，这个“骨架”几乎全用哈氏合金（C276）。这种合金里超过一半是较贵的镍，还有钼、钨、钴等稀有金属，便宜的铁只占百分之五，所以原料成本一直很高。
针对这一难题，中国科学院理化技术研究所李来风研究员、师莉研究员团队，联合首钢技术研究院和北京北冶新材料公司，从铁基合金入手，用3年多时间研发出DW01基带，主要成分是常见的铁，原材料成本仅为C276基带的四分之一。
便宜还不够，关键是性能。今年5月，上海超导科技股份有限公司用DW01基带成功制备出产品级超导带材。测试显示，新“骨架”更耐用，不容易在弯折或受力时损坏超导层。
此外，DW01基带的磁性能和电阻性能也优于C276基带，有助于降低使用中的能量损耗。团队已经围绕DW01基带的成分和制作方法申请了6项发明专利。目前，DW01基带的厚度精度、表面质量等关键指标都已达到供货标准，可满足工业化生产要求。 （记者陆成宽）",full,,dom_or_structured_full_text,https://www.news.cn/tech/20260903/fc72046186554c94a259508525e24419/c.html,新华网科技,综合科技,科技新闻,2026-09-04T00:17:59+00:00,通用技术 > 材料工程 > 其它先进材料,通用技术,其它先进材料,"[{""path"":[""通用技术"",""材料工程"",""其它先进材料""],""path_text"":""通用技术 > 材料工程 > 其它先进材料"",""confidence"":0.9,""reason"":""核心成果是高温超导带材的铁基合金基带材料，属先进材料与超导材料领域。""}]",classified,2026-09-04T00:37:41.634222+00:00,glm-5.2,2026-08-14,
Token消耗量激增 智能体批量上线 上市银行半年报里的“AI竞赛”,2026-09-03,"随着2026年A股上市银行半年报收官，一组数字勾勒出金融业智能化转型的加速态势——招商银行上半年日均Token吞吐量同比增幅超过78%，平安银行Token消耗量超过53亿、同比增长约130%，中信银行AI落地场景超过1900个，南京银行累计建成156个AI智能体……
记者梳理半年报发现，六大国有银行在AI场景落地上已全面铺开，工行、建行落地场景均超过600个，中行智能化助手超2200个；股份制银行则在Token消耗量、智能体数量等量化指标上密集披露，AI应用的规模化和活跃度首次有了可横向对比的硬数据。巨额投入与量化产出背后，不难看出，人工智能已从“技术探索”的前沿概念，转变为写入财报核心指标、直接贡献经营效率的价值引擎。
AI规模化落地提速
AI部署的全面规模化是2026年上半年的显著特征。
工商银行“工银智涌”大模型技术体系落地场景超过600个，金融市场业务的智能询价交易占比已突破96%，审核效率是引入该工具前的5倍。建设银行生成式人工智能已覆盖超过600个应用场景，应用于智能营销、智能客服及智能管理等核心业务领域。招商银行落地1386个AI场景，中信银行超过1900个。中国银行构建了超过2200个智能化助手，部署3800多个RPA自动化流程场景。邮储银行发布“邮智”金融行业大模型，已落地超370个大模型应用场景。
数据层面，Token消耗量正成为衡量AI应用规模和活跃度的关键量化指标。招商银行上半年日均Token吞吐量同比增幅超过78%，领域模型数量较去年末增长40%，AI带来1388万小时的等效人工工时贡献。平安银行Token消耗量超过53亿，同比增长约130%，跨境业务放款效率较上年末提升约30%。兴业银行已上线主流大模型21个，日均调用量超210万笔，累计部署智能策略2.18万个，触客5.97亿人次，带动综合金融资产1784.59亿元。邮储银行日均交互词元超百亿。微众银行日均Token消耗量超200亿，较2025年底实现数倍增长。
投入策略上，银行因“行”施策。国有大行体系化推进：工商银行建设“数智工行（AI-ICBC）”，建设银行制订“人工智能+”三年发展规划。股份制银行强调可衡量性与敏捷性：招商银行董事会已审议通过2027年至2028年AI算力投入规划；兴业银行由分散探索转向集约统筹。浙商银行将“科技兴行”定位从“保持同业相对领先”调整为“局部相对领先”。城商行、农商行偏好分场景轻量化采购，重庆银行近期启动3479万元“高性能算力服务扩容项目”及400万元“AI大模型应用场景研发项目”采购。
如果说2025年是银行大模型部署的元年，那么2026年上半年，智能体已成为AI落地的核心载体。智能体是以大模型为认知引擎、能理解目标、拆解任务、调用工具并自主完成工作的数字化体系，不只是“能对话的AI”，更是“能办事的AI”。
从半年报看，智能体正在批量“上岗”。中信银行重点探索投研分析、智能交易、客户服务等核心领域AI应用，搭建公司级智能体管理平台。平安银行上半年上线140个运营审核类智能体，覆盖55个业务场景，助力反洗钱尽职调查、账户审核、跨境汇款等作业效率提升。南京银行新增30个高价值业务智能体，累计建成156个AI智能体，覆盖营销、运营、风控和办公等重点领域。微众银行已有80多位数字员工“入职”，7×24小时在线，承担多岗位实际工作。其中研发数字员工可将安全工单上线时间从两周缩短至30分钟，效率提升超10倍。
中国社会科学院金融研究所支付清算研究中心主任杨涛指出，国有大行在智能体数量和能力建设上相对领先，股份制银行围绕重点场景形成体系化布局，城商行、农商行侧重特色场景与数字员工。天府立言金融研究院院长曾刚认为，传统流程自动化难以处理非结构化资料和复杂决策，而智能体可将理解、规划、执行串联，在净息差承压背景下具有很强吸引力。
不过，行业仍处于“场景验证向规模化复制”的过渡阶段。多数智能体集中于内部助手、客服辅助、信贷材料处理等低至中风险环节，自主执行核心金融交易的案例较少，授信、审批等高风险环节仍由人工最终把关。曾刚强调，未来的突破口是建立可信数据底座、权限与审计机制、人机协同闭环及评测体系，使智能体从“能对话”走向“可控、可用、可问责”。从半年报看，中信银行、浙商银行等已明确提出“智能体平台”建设进展。
AI深度应用正推动银行组织架构和运营模式变化。AI转型从科技条线上升为全行级战略议题，越来越多银行由董事长或行长牵头设立AI专班；交付模式转向跨职能共创；运营模式转向人机协同，重复性工作交给智能体，人类负责例外处理和客户沟通；人才需求从专业分工转向复合经验。专家指出，真正的分水岭，不是上线多少智能体，而是能否在安全合规前提下重构端到端的运营效率。（记者 向家莹）",full,,dom_or_structured_full_text,https://www.news.cn/tech/20260903/7accb478e07c495a9c882c01b30fafad/c.html,新华网科技,综合科技,科技新闻,2026-09-04T00:18:01+00:00,AI与智能科技 > AI软件层 > 工程改进 > AGENT,AI与智能科技,AGENT,"[{""path"":[""AI与智能科技"",""AI软件层"",""工程改进"",""AGENT""],""path_text"":""AI与智能科技 > AI软件层 > 工程改进 > AGENT"",""confidence"":0.85,""reason"":""核心事件是银行批量上线AI智能体并披露Token消耗等量化指标。""}]",classified,2026-09-04T00:37:41.634222+00:00,glm-5.2,2026-08-14,
第四届网络空间安全（天津）论坛在津开幕,2026-09-03,"9月2日，第四届网络空间安全（天津）论坛在天津拉开帷幕，论坛以“共建网络安全 共治网络空间”为主题，近800名嘉宾齐聚一堂，共同研判全球网络安全风险态势，分享前沿治理理念，共商网络安全务实对策。
据了解，本届论坛由天津市人民政府主办，国家计算机病毒应急处理中心、天津市公安局、天津市滨海新区人民政府承办，国家网络与信息安全信息通报中心协办。论坛立足国家网络安全战略全局，持续巩固上海合作组织天津峰会成果，汇聚全球技术、人才、智力资源，推动各方深化交流互鉴。
新华社音视频部制作",full,,dom_or_structured_full_text,https://www.news.cn/tech/20260903/efad93806ab0493c99a3e05d9fd10c59/c.html,新华网科技,综合科技,科技新闻,2026-09-04T00:18:03+00:00,数字科技与消费 > 数字安全 > 网络安全与数据治理,数字科技与消费,网络安全与数据治理,"[{""path"":[""数字科技与消费"",""数字安全"",""网络安全与数据治理""],""path_text"":""数字科技与消费 > 数字安全 > 网络安全与数据治理"",""confidence"":0.9,""reason"":""核心事件是网络安全论坛，聚焦全球网络安全风险与治理。""}]",classified,2026-09-04T00:37:41.634222+00:00,glm-5.2,2026-08-14,
中国科技馆推出脑科学主题展览,2026-09-03,"【简介】9月2日，中国科技馆自主策划的脑科学主题展览“沟壑的交响”正式开放。依托“脑”这一充满科技性和人文性的选题，展览呈现脑基础研究、脑健康守护、类脑技术的全景脉络，后续还将结合重要节日、前沿科技成果与创新产品体验等，开展多元化、持续性的现场活动。据悉，展览免费面向公众开放，预计展出至2026年12月中旬。
新华社国内部出品",full,,dom_or_structured_full_text,https://www.news.cn/tech/20260903/0f57b4acf8e54944aeadf342a837a2db/c.html,新华网科技,综合科技,科技新闻,2026-09-04T00:18:04+00:00,公共政策与社会治理 > 科教与人才 > 教育与人才发展,公共政策与社会治理,教育与人才发展,"[{""path"":[""公共政策与社会治理"",""科教与人才"",""教育与人才发展""],""path_text"":""公共政策与社会治理 > 科教与人才 > 教育与人才发展"",""confidence"":0.75,""reason"":""核心是面向公众的脑科学科普展览，属科学素养与教育活动。""}]",classified,2026-09-04T00:37:41.634222+00:00,glm-5.2,2026-08-14,
2026“人工智能+”行业应用创新案例征集启动,2026-09-03,"当前，人工智能赋能千行百业已成为产业转型核心抓手。各领域AI落地实践不断涌现，从智能制造到数字财税，从城市治理到民生服务，人工智能通过重构生产要素、生产关系、生产模式，加速新质生产力发展。各地各部门积极探索人工智能与实体经济、民生服务、社会治理深度融合的实践路径，涌现出一批可复制、可推广的典型经验与创新模式。
为挖掘优质创新应用成果、重点宣传和推广先进落地模式、赋能产业数智化转型升级，基于新华网“数智样板工程”，新华网联合中国软件评测中心（工业和信息化部软件与集成电路促进中心）共同发起“‘人工智能+’行业应用创新案例征集”活动。此次征集旨在推动和引导“人工智能+”行业应用创新和可持续健康发展，培育人工智能融合应用新场景、新赛道，汇聚政产学研用多方优质资源，构建人工智能发展及应用智能化评测和创新应用交流平台，为后续出台产业政策、优化产业布局、推进人工智能治理提供数据和实践支撑。
新华网已连续5年基于“数智样板工程”开展案例征集、调研及研究报告发布，积累了行业口碑和影响力。拟在今年12月初举行的2026企业家博鳌论坛上发布“人工智能+”行业应用研究报告，并诚邀部分案例代表齐聚论坛现场，分享人工智能赋能行业高质量发展的实践经验。
面向从事人工智能技术研发、产品创新、场景落地、行业服务的企事业单位、高校科研院所、政务服务机构、产业园区及相关社会组织，支持独立申报或多家单位联合申报（联合申报单位不超过3家）。
聚焦“人工智能+”全行业融合应用场景，重点征集以下领域应用案例：
1. 人工智能+装备制造：智能生产、智能质检、设备运维、数字孪生工厂、机器人、具身智能、工业大模型应用等装备制造场景；
2. 人工智能+政务与城市治理：智慧城市、一网统管、智慧政务、城市精细化管理、应急预警、公共资源智能调配等场景；
3. 人工智能+民生服务：智慧教育、智慧医疗、智慧文旅、智能养老、智慧交通、智慧社区等便民服务场景；
4. 人工智能+现代农业：智慧种植养殖、农产品智能溯源、农业灾害预警、农机智能管控等场景；
5. 人工智能+商贸金融：电子商务、智能营销、智慧物流、金融智能风控、智能客服、供应链智能管理等场景；
6. 人工智能+绿色低碳：智慧电网、新能源智能调度、节能降耗管控、基建智能巡检等场景；
7. 人工智能+科技创新：科研智能辅助、数据智能分析、模型创新应用、数字安全防护等创新场景；
8. 人工智能+算力数据：智算集群、算电协同、国产AI芯片/算力平台、行业高质量数据集、数据治理、AI开源社区、可信数据空间等场景；
9. 其他“人工智能+”特色创新应用场景。
1. 案例须已落地应用，具有明确的实施主体和周期；
2. 案例应具备创新性、实用性和可复制推广性，能够体现人工智能技术的深度融合与价值创造；
3. 案例应注重实效，有可量化的成效指标或显著的经济社会效益；
4. 申报单位须对案例拥有合法知识产权，无权属争议。
（一）案例申报阶段
自本公告发布之日起至2026年10月30日，接受各单位线上申报。
申报单位需如实填写《“人工智能+”行业应用创新案例申报表》并发送至指定邮箱。按表格要求完整提交案例概况、技术创新点、实施方案、落地成效、应用价值、推广前景等核心内容，要求内容详实、数据准确、逻辑清晰。
（二）审核筛选阶段
对申报案例进行资格审核、材料初审，筛选符合标准的有效案例。由行业专家、技术学者组成专家组，组织开展综合评审，择优遴选优秀创新案例。
（三）发布推广阶段
将典型应用案例编入“人工智能+”行业应用研究报告，并组织会议，集中发布、推广。
（一）案例调研报道：组织专家、记者走进典型案例应用一线，开展实地调研和报道，通过新华网各平台端口进行宣传推广；
（二）案例发布：拟于12月初在2026企业家博鳌论坛发布研究报告。部分典型案例将在会议现场进行个性化推介；
（三）案例推广：“人工智能+”行业应用研究报告刊印后将向有关政府部门、行业协（学）会、研究机构等赠阅。研究报告电子版同步更新至新华网“数智样板工程”专题页面，进行常态化宣传展示；
（四）智能化评测服务：结合典型案例自身业务属性，推荐参与由中国软件评测中心组织的AI智能体服务能力等级评定、具身智能评测、政务大模型评测、人工智能企业能力等级评定等评测服务。
“人工智能+”行业应用创新案例申报表",full,,dom_or_structured_full_text,https://www.news.cn/tech/20260903/5d7b2412311643ceb34548b3d5b27220/c.html,新华网科技,综合科技,科技新闻,2026-09-04T00:18:06+00:00,公共政策与社会治理 > 政策法规 > 产业与能源政策,公共政策与社会治理,产业与能源政策,"[{""path"":[""公共政策与社会治理"",""政策法规"",""产业与能源政策""],""path_text"":""公共政策与社会治理 > 政策法规 > 产业与能源政策"",""confidence"":0.82,""reason"":""核心事件是政府相关机构发起人工智能行业应用案例征集，为产业政策和治理提供支撑。""}]",classified,2026-09-04T00:37:50.990448+00:00,glm-5.2,2026-08-14,
国际新能源网-太阳能光伏行业专业门户网站,2026-09-03,"日期：2026-09-03
国际太阳能光伏网
2026年9月1日，孟加拉国政府通过能源、电力和矿产资源部发布通知，推出一项针对居民太阳能发电盈余并入电网的上网电价补贴计划。
该计划主要依赖电池储能技术，使太阳能发电能够在白天以外的时间也能使用。
像Ascend Analytics这样的专业公司正在大规模部署这项技术，该公司在北美管理着超过5.2吉瓦的电池储能容量。由于国内天然气长期短缺以及进口液化天然气供应中断，电力供需缺口进一步扩大。
根据当地媒体转述的政府说法，近期电力产量下降主要归因于国内因素——天然气终端中断和煤炭处理受限——而非地区冲突对国家能源供应的直接机械性影响。面对这种情况，当局选择加快部署家用储能太阳能系统，因为该系统比大型地面太阳能项目更容易实施。
该方案基于现有的净计量框架，该框架由前任政府制定并由现任政府继续沿用。并入电网的电力回购价格通过在当局设定的生产成本上限基础上加上利润和溢价计算得出。根据通知中所述的条款，安装成本低于该上限的电力系统的消费者可以将差价作为自己的利润。
尽管孟加拉国在2026年2月经历了政治过渡，但这种监管的连续性表明该国能源政策的稳定性。在世界上人口最稠密的国家之一，可用于大规模安装的土地仍然稀缺，因此，当局认为，与大型地面安装式太阳能项目相比，带储能功能的住宅太阳能是一种部署速度更快的解决方案。
这项电价激励措施是国家战略的一部分，旨在到2030年提高可再生能源在电力结构中的占比，并重申了2040年的中期目标。然而，为实现这一目标所需的新增装机容量规模，因所采用的来源和需求增长假设的不同，估计结果存在差异。自2026年2月17日接替穆罕默德·尤努斯领导的过渡政府担任总理以来，塔里克·拉赫曼已将电力供应列为政府的优先事项之一。能源、电力和矿产资源部长伊克巴尔·哈桑·马哈茂德和自2026年2月起接替纳斯鲁尔·哈米德担任同一职务的国务部长阿南迪亚·伊斯兰·阿米特正在监督该计划的实施。
由于当局试图证明其有能力保障国家电力供应，部分民众对反复停电仍感到不满，社会氛围依然紧张。2026年9月1日的通知中并未披露生产成本上限的具体水平以及奖励金额。
国际太阳能光伏网
光伏资讯一手掌握，关注国际能源网 ""
看资讯 / 读政策 / 找项目 / 推品牌 / 卖产品 / 招投标 / 招代理 / 发文章
太阳能光伏资讯热点排行
提升度电收益，AI光储协同助力凌志新材料降本增效
美国宣布新禁令，逆变器概念股大跌！是市场焦虑还是行业变局？
招标 | TOPCon/HJT 343MW！大唐集团老挝项目光伏组件招标
光伏「周事迹」事关光伏指标/新能源项目/分布式光伏/光伏新增装
光伏价格趋势：组件均价0.75元/W！大EPC分布式2.66元/W，集中式2
马斯克、印度、土耳其三面合围！谁动了中国光伏的海外蛋糕？
华润新能源副总变动！
江苏常州市：“十五五”新能源发电装机累计达1000万千瓦左右
中国华能集团有限公司董事长、党组书记调整
大唐新能源董事长调整
华能集团董事长、党组书记调整
中国华能集团有限公司董事长、党组书记调整
大唐新能源董事长调整
本周多晶硅成交依旧清淡 观望情绪仍存
中国中煤成立新能源公司
中标 | 隆基、天合、阿特斯、晶澳中选铁科院咨询公司光伏组件补
2.28GW！山西下发拟废止2026年第二批风光项目清单
8月34条政策落地：上半年光伏新增并网容量72GW；山东存量场站未",full,,dom_or_structured_full_text,https://solar.in-en.com/html/solar-2463579.shtml,国际太阳能光伏网,光伏,光伏新闻,2026-09-04T00:18:14+00:00,公共政策与社会治理 > 政策法规 > 产业与能源政策,公共政策与社会治理,产业与能源政策,"[{""path"":[""公共政策与社会治理"",""政策法规"",""产业与能源政策""],""path_text"":""公共政策与社会治理 > 政策法规 > 产业与能源政策"",""confidence"":0.88,""reason"":""核心是孟加拉国出台居民光伏上网电价补贴计划这一能源政策。""},{""path"":[""零碳产业"",""能量循环"",""能源测"",""发电技术"",""光伏""],""path_text"":""零碳产业 > 能量循环 > 能源测 > 发电技术 > 光伏"",""confidence"":0.8,""reason"":""政策对象为居民太阳能发电及并网光伏系统。""}]",classified,2026-09-04T00:37:50.990448+00:00,glm-5.2,2026-08-14,
国际新能源网-太阳能光伏行业专业门户网站,2026-09-03,"日期：2026-09-03
国际太阳能光伏网
墨西哥联邦电力公司（CFE）计划到2030年投资6510亿墨西哥比索（约合329亿美元），安装18.6GW的新增发电装机容量，其中82%为可再生能源。该计划包括确定的5.48GW太阳能项目，并提及电池储能，但并未设定具体的储能容量或投资目标。
墨西哥国家电力公司联邦电力委员会（CFE）发布了其2026-2030年发展计划，概述了在此期间对发电、输电和配电领域6510亿墨西哥比索（329亿美元）的投资。其中，发电项目投资4673亿墨西哥比索（234亿美元），涵盖52个项目，新增装机容量18.6GW。
根据该文件，计划新增发电量中，15.2GW（占82%）将来自墨西哥联邦电力公司（CFE）归类为可再生能源的技术。这其中包括1.69GW的热电联产，该公司将其归入此类是因为其不产生污染排放。剩余的3.39GW将主要来自新建的联合循环发电厂。
大部分新增可再生能源装机容量将采用混合投资模式开发，并引入私营部门参与。墨西哥联邦电力公司（CFE）计划根据这些安排建设约13.8GW的可再生能源项目，主要包括太阳能和风能项目。
该计划确定了 30 个混合投资太阳能项目，总装机容量为 4.90 GW，计划于 2028 年至 2030 年间并网发电。此外，索诺拉州的普埃尔托佩尼亚斯科太阳能发电厂第三期和第四期工程也包含在内，这两期工程总装机容量为 580 兆瓦，预计将于 2028 年开始运营。该计划明确确定的太阳能项目总装机容量为 5.48 GW。
该计划还包括八个总装机容量为 3.13 GW的混合投资风电项目、582 兆瓦的地热发电容量、两个总装机容量为 150 兆瓦的聚光太阳能发电 (CSP) 项目，以及另外 4.15 GW的混合投资项目，但其技术尚未确定。
根据墨西哥联邦电力公司（CFE）纳入该文件的更广泛的电力行业发展计划（PLADESE），太阳能是墨西哥国家电力系统（SEN）预计新增装机容量的主要来源。预计到2030年，太阳能发电将新增12.31GW的装机容量，占该系统规划新增28.00GW装机容量的44%。风能发电占6.58GW，而联合循环发电厂则贡献了5.44GW。
截至2025年12月，墨西哥已接入国家电网（SEN）的太阳能发电容量为8.44GW，约占该系统总装机容量91.07GW的9%。其中，墨西哥联邦电力公司（CFE）直接拥有433MW太阳能发电容量。2025年，该公司新增约307MW太阳能发电容量，主要得益于纳奇-科科姆（Nachi-Cocom）电站的投产以及普埃尔托佩尼亚斯科（Puerto Pe?asco）项目二期工程的竣工。
国际太阳能光伏网
光伏资讯一手掌握，关注国际能源网 ""
看资讯 / 读政策 / 找项目 / 推品牌 / 卖产品 / 招投标 / 招代理 / 发文章
新增太阳能装机容量
新增太阳能装机容量统计
新增太阳能装机容量
新增太阳能装机容量统计
太阳能光伏资讯热点排行
提升度电收益，AI光储协同助力凌志新材料降本增效
美国宣布新禁令，逆变器概念股大跌！是市场焦虑还是行业变局？
招标 | TOPCon/HJT 343MW！大唐集团老挝项目光伏组件招标
光伏「周事迹」事关光伏指标/新能源项目/分布式光伏/光伏新增装
光伏价格趋势：组件均价0.75元/W！大EPC分布式2.66元/W，集中式2
马斯克、印度、土耳其三面合围！谁动了中国光伏的海外蛋糕？
华润新能源副总变动！
江苏常州市：“十五五”新能源发电装机累计达1000万千瓦左右
中国华能集团有限公司董事长、党组书记调整
大唐新能源董事长调整
华能集团董事长、党组书记调整
中国华能集团有限公司董事长、党组书记调整
大唐新能源董事长调整
本周多晶硅成交依旧清淡 观望情绪仍存
中国中煤成立新能源公司
中标 | 隆基、天合、阿特斯、晶澳中选铁科院咨询公司光伏组件补
2.28GW！山西下发拟废止2026年第二批风光项目清单
8月34条政策落地：上半年光伏新增并网容量72GW；山东存量场站未",full,,dom_or_structured_full_text,https://solar.in-en.com/html/solar-2463575.shtml,国际太阳能光伏网,光伏,光伏新闻,2026-09-04T00:18:16+00:00,零碳产业 > 能量循环 > 能源测 > 发电技术 > 光伏,零碳产业,光伏,"[{""path"":[""零碳产业"",""能量循环"",""能源测"",""发电技术"",""光伏""],""path_text"":""零碳产业 > 能量循环 > 能源测 > 发电技术 > 光伏"",""confidence"":0.9,""reason"":""核心是墨西哥新增发电装机规划，太阳能项目占比最大且为核心内容。""},{""path"":[""公共政策与社会治理"",""政策法规"",""产业与能源政策""],""path_text"":""公共政策与社会治理 > 政策法规 > 产业与能源政策"",""confidence"":0.75,""reason"":""新闻主体为国家电力公司2026-2030年电力发展规划这一能源产业政策。""}]",classified,2026-09-04T00:37:50.990448+00:00,glm-5.2,2026-08-14,
国际新能源网-太阳能光伏行业专业门户网站,2026-09-03,"日期：2026-09-03
国际太阳能光伏网
据最新报告显示，印度从依赖进口90%以上的太阳能组件，转变为世界第二大太阳能组件制造中心，截至2026年6月，其产能将达到233吉瓦。然而，产能扩张速度超过了市场需求，导致工厂的利用率仅为35%至40%，低于通常认为可持续运营所需的50%至65%。
据美国能源经济与金融分析研究所 (IEEFA) 和 JMK Research 发布的一份新报告《评估
光伏制造市场的产能过剩风险》发现，印度目前的组件制造能力几乎是其电池产能的7倍，是其硅锭和硅片产能的116倍。这导致电池、硅片和多晶硅等上游环节相对落后，供应链依赖进口原材料，主要来自中国。
“印度新增组件产能的速度超过了市场消化能力，”JMK Research高级顾问兼该报告的主要作者普拉巴卡尔·夏尔马表示。“目前已有约135吉瓦的新增产能正在规划或建设中，而工厂的开工率仅为35%至40%，这将加剧产能利用率、利润率和回报方面的压力。独立组件制造商面临着资产搁浅的切实风险。”
报告指出，这种不平衡状况到2030年不太可能缓解。印度的太阳能部署预计将强劲增长，但速度不足以消化已承诺的制造产能。
报告指出，到2030年，数据中心、绿色氢气和氨的生产以及出口带来的额外需求可能新增17至22吉瓦的能源需求。绿色氢气是潜在新增需求的最大来源，因为其生产需要专门的可再生能源发电能力。然而，研究人员表示，这些新增需求不足以完全消化已规划的制造业扩张。
因此，出口可能发挥越来越重要的作用。报告显示，印度的组件出口高度集中于美国，2026财年美国出口量约占印度总出口量的97%。
由于美国对大多数印度制造商征收超过200%的综合关税，该市场受到冲击。报告称，这些措施导致印度对美国的出口额较2024财年的峰值下降了44%至47%。欧盟可能提供一个中期替代方案，因为其供应链和采购政策日益鼓励多元化。
“如果印度太阳能光伏制造商能够通过投资研发和多晶硅、硅锭、硅片和电池的生产，有效地与中国制造商竞争，那么印度就有机会开拓新的出口市场，”能源经济与金融分析研究所 (IEEFA) 首席能源专家、该报告的撰稿人之一 Charith Ko
报告预计，产能与需求之间日益扩大的差距将推动整个行业的变革。规模较小、非一体化的制造商可能面临更大的压力，而规模较大、垂直一体化的生产商则可能更能抵御较低的产能利用率。
研究人员还预计，印度制造业将进一步向上游发展，从组件到电池、晶圆，最终到多晶硅，从而减少对进口原材料的依赖。
Tewani表示，激励措施应该更均匀地分配到电池、晶圆和多晶硅上，而不是集中在组件上，同时加强产业研究合作，并为出口商提供有针对性的、有时限的支持。
该报告还呼吁加快输电线路建设和通行权（RoW）清理，以支持国内太阳能项目部署，并制定老旧太阳能项目改造框架。
研究人员得出结论，目前组件生产的过剩可能是印度快速扩张的太阳能产业的一个过渡阶段。他们表示，更强劲的需求、行业整合以及对上游制造环节更审慎的投资，将有助于在未来十年内实现该行业的平衡。
国际太阳能光伏网
光伏资讯一手掌握，关注国际能源网 ""
看资讯 / 读政策 / 找项目 / 推品牌 / 卖产品 / 招投标 / 招代理 / 发文章
太阳能光伏资讯热点排行
美国宣布新禁令，逆变器概念股大跌！是市场焦虑还是行业变局？
光伏「周事迹」事关光伏指标/新能源项目/分布式光伏/光伏新增装
光伏价格趋势：组件均价0.75元/W！大EPC分布式2.66元/W，集中式2
江苏常州市：“十五五”新能源发电装机累计达1000万千瓦左右
广东能源集团成立新能源公司
山东加快推动新能源配储：存量场站未按承诺配储弃电时段优先压降
中国华能集团有限公司董事长、党组书记调整
2.28GW！山西下发拟废止2026年第二批风光项目清单
中国华能集团有限公司董事长、党组书记调整
大唐新能源董事长调整
华能集团董事长、党组书记调整
中国华能集团有限公司董事长、党组书记调整
大唐新能源董事长调整
下游需求减弱  本周单晶硅片承压运行
本周多晶硅成交依旧清淡 观望情绪仍存
中国中煤成立新能源公司
中标 | 隆基、天合、阿特斯、晶澳中选铁科院咨询公司光伏组件补
2.28GW！山西下发拟废止2026年第二批风光项目清单",full,,dom_or_structured_full_text,https://solar.in-en.com/html/solar-2463574.shtml,国际太阳能光伏网,光伏,光伏新闻,2026-09-04T00:18:18+00:00,零碳产业 > 能量循环 > 能源测 > 发电技术 > 光伏,零碳产业,光伏,"[{""path"":[""零碳产业"",""能量循环"",""能源测"",""发电技术"",""光伏""],""path_text"":""零碳产业 > 能量循环 > 能源测 > 发电技术 > 光伏"",""confidence"":0.9,""reason"":""核心是印度太阳能组件制造产能扩张与过剩风险分析。""},{""path"":[""产业经济与组织"",""企业与资本"",""企业经营与公司治理""],""path_text"":""产业经济与组织 > 企业与资本 > 企业经营与公司治理"",""confidence"":0.72,""reason"":""内容涉及制造商产能利用率、利润率和市场退出压力等企业经营状况。""}]",classified,2026-09-04T00:37:50.990448+00:00,glm-5.2,2026-08-14,
国际新能源网-太阳能光伏行业专业门户网站,2026-09-03,"日期：2026-09-03
国际太阳能光伏网
近日，MN8 Energy、Eos Energy Enterprises Inc和 Google 宣布建立合作伙伴关系，将在美国 PJM 电网中交付一个 86 兆瓦的
位于西弗吉尼亚州卡纳瓦县的猛犸太阳能项目（Mammoth）将由独立电力生产商 MN8 所有并运营。该项目将配备 70 MW/280MWh锂离子
，以及由美国制造商 Eos 提供的 10MW/100MWh锌基长时储能系统 (LDES)。
谷歌将购买该项目的电力，为其在该地区（包括西弗吉尼亚州的一个规划项目）的数据中心供电。该交易也是谷歌加速LDES技术商业化举措的一部分。
该项目总投资额高达3.5亿美元（3.02亿欧元），将建在已复垦的煤矿上。太阳能部分预计将于2028年投入运营，锂离子电池储能系统将于2029年投入运营，低压配电系统将于2030年投入运营。
这是首个采用Eos美国制造的Z3技术并获得谷歌支持的项目。该项目也是MN8与Eos此前宣布的主供货协议下的首个项目。
与此同时，美国地热开发商 Fervo Energy 周二宣布与谷歌达成协议，将从其位于犹他州的 Cape Station GeoCluster 项目中向这家科技集团供应 396 兆瓦电力。
国际太阳能光伏网
光伏资讯一手掌握，关注国际能源网 ""
看资讯 / 读政策 / 找项目 / 推品牌 / 卖产品 / 招投标 / 招代理 / 发文章
太阳能光伏资讯热点排行
美国宣布新禁令，逆变器概念股大跌！是市场焦虑还是行业变局？
光伏「周事迹」事关光伏指标/新能源项目/分布式光伏/光伏新增装
光伏价格趋势：组件均价0.75元/W！大EPC分布式2.66元/W，集中式2
江苏常州市：“十五五”新能源发电装机累计达1000万千瓦左右
广东能源集团成立新能源公司
山东加快推动新能源配储：存量场站未按承诺配储弃电时段优先压降
中国华能集团有限公司董事长、党组书记调整
2.28GW！山西下发拟废止2026年第二批风光项目清单
中国华能集团有限公司董事长、党组书记调整
大唐新能源董事长调整
华能集团董事长、党组书记调整
中国华能集团有限公司董事长、党组书记调整
大唐新能源董事长调整
下游需求减弱  本周单晶硅片承压运行
本周多晶硅成交依旧清淡 观望情绪仍存
中国中煤成立新能源公司
中标 | 隆基、天合、阿特斯、晶澳中选铁科院咨询公司光伏组件补
2.28GW！山西下发拟废止2026年第二批风光项目清单",full,,dom_or_structured_full_text,https://solar.in-en.com/html/solar-2463572.shtml,国际太阳能光伏网,光伏,光伏新闻,2026-09-04T00:18:20+00:00,零碳产业 > 能量循环 > 能源测 > 发电技术 > 光伏,零碳产业,光伏,"[{""path"":[""零碳产业"",""能量循环"",""能源测"",""发电技术"",""光伏""],""path_text"":""零碳产业 > 能量循环 > 能源测 > 发电技术 > 光伏"",""confidence"":0.9,""reason"":""核心项目为86兆瓦猛犸太阳能电站及购电协议。""},{""path"":[""零碳产业"",""能量循环"",""能量存储"",""电化学储能"",""二次电池"",""锂电池""],""path_text"":""零碳产业 > 能量循环 > 能量存储 > 电化学储能 > 二次电池 > 锂电池"",""confidence"":0.85,""reason"":""项目配备70MW/280MWh锂离子电池储能系统。""},{""path"":[""零碳产业"",""能量循环"",""能量存储"",""电化学储能"",""二次电池"",""其它电池体系""],""path_text"":""零碳产业 > 能量循环 > 能量存储 > 电化学储能 > 二次电池 > 其它电池体系"",""confidence"":0.8,""reason"":""项目包含Eos提供的锌基长时储能系统及其商业化。""}]",classified,2026-09-04T00:37:50.990448+00:00,glm-5.2,2026-08-14,
国际新能源网-太阳能光伏行业专业门户网站,2026-09-03,"日期：2026-09-03
国际太阳能光伏网
泰国能源部日前宣布，取消此前针对数据中心设置的2000兆瓦直接
交易上限，并将适用范围由数据中心扩大至各类产业，以进一步推动
发展、满足企业日益增长的绿色电力需求。
本次政策的核心抓手是第三方输电接入机制（TPA，Third Party Access）。在泰国长期以国有电力机构为主导的电力格局下，企业过去购电高度依赖国家电网统一转售。新政下，企业可直接向可再生能源发电企业采购清洁电力，不再完全依赖国有机构供电，相当于在企业与
发电商之间打开了“点对点”直购通道。
对跨国科技与制造业巨头而言，这条通道意义不小，其数据中心的绿地投资普遍有明确的绿电采购（RE100/碳中和）要求，能否“直购绿电”直接影响项目落地决策。
这次变化可以拆成两层看：
取消2000兆瓦上限——此前即便数据中心能直购绿电，也受总量额度约束，存在“抢额度”问题；
从数据中心扩展至各类产业——制造业、化工等大型工商业同样可参与，让直购从“点状试点”升级为面向全市场的开放通道。
需求侧放开，往往能撬动供给侧。绿电直购市场打开，有望带动泰国可再生能源新增装机，也让购售电价更多由买卖双方协商形成、倒逼批发电价机制更趋市场化，绿电可得性也成为泰国吸引外资与数据中心的新卖点。
当然，开放不等于马上落地。需求放开若快于新能源装机和输电通道供给，TPA能否真正跑通要打问号；以光伏、风电为主的直购绿电若无储能配套，供电稳定性与辅助服务成本如何分摊，也需后续细则跟上。并网、计量、绿证归属等执行条款仍待进一步明确。
这一动向背后是一条东南亚共同脉络，为承接AI与数据中心需求、同时兑现减碳承诺，多国正陆续放开“企业绿电直购/购电协议”大门。
对中国企业而言，既意味着出海建厂/建数据中心时绿电可得性上升、更易满足国际客户减碳要求，也提示光伏、风电、储能出海的海外业主市场正在扩大。
反过来看，以市场化机制撬动绿电消纳，已是区域共识，也值得国内绿电市场与PPA机制演进对照思考。
国际太阳能光伏网
光伏资讯一手掌握，关注国际能源网 ""
看资讯 / 读政策 / 找项目 / 推品牌 / 卖产品 / 招投标 / 招代理 / 发文章
太阳能光伏资讯热点排行
提升度电收益，AI光储协同助力凌志新材料降本增效
美国宣布新禁令，逆变器概念股大跌！是市场焦虑还是行业变局？
招标 | TOPCon/HJT 343MW！大唐集团老挝项目光伏组件招标
光伏「周事迹」事关光伏指标/新能源项目/分布式光伏/光伏新增装
光伏价格趋势：组件均价0.75元/W！大EPC分布式2.66元/W，集中式2
马斯克、印度、土耳其三面合围！谁动了中国光伏的海外蛋糕？
华润新能源副总变动！
江苏常州市：“十五五”新能源发电装机累计达1000万千瓦左右
中国华能集团有限公司董事长、党组书记调整
大唐新能源董事长调整
华能集团董事长、党组书记调整
中国华能集团有限公司董事长、党组书记调整
大唐新能源董事长调整
本周多晶硅成交依旧清淡 观望情绪仍存
中国中煤成立新能源公司
中标 | 隆基、天合、阿特斯、晶澳中选铁科院咨询公司光伏组件补
2.28GW！山西下发拟废止2026年第二批风光项目清单
8月34条政策落地：上半年光伏新增并网容量72GW；山东存量场站未",full,,dom_or_structured_full_text,https://solar.in-en.com/html/solar-2463561.shtml,国际太阳能光伏网,光伏,光伏新闻,2026-09-04T00:18:22+00:00,公共政策与社会治理 > 政策法规 > 产业与能源政策,公共政策与社会治理,产业与能源政策,"[{""path"":[""公共政策与社会治理"",""政策法规"",""产业与能源政策""],""path_text"":""公共政策与社会治理 > 政策法规 > 产业与能源政策"",""confidence"":0.88,""reason"":""核心是泰国放开绿电直接交易上限并扩大适用范围的能源政策。""},{""path"":[""通用技术"",""通信和运输"",""电网技术"",""配电和电力交易""],""path_text"":""通用技术 > 通信和运输 > 电网技术 > 配电和电力交易"",""confidence"":0.8,""reason"":""政策核心为第三方输电接入机制和企业绿电直购交易机制。""},{""path"":[""零碳产业"",""能量循环"",""能源测"",""发电技术"",""光伏""],""path_text"":""零碳产业 > 能量循环 > 能源测 > 发电技术 > 光伏"",""confidence"":0.7,""reason"":""绿电直购主要面向光伏风电，将带动可再生能源新增装机。""}]",classified,2026-09-04T00:37:50.990448+00:00,glm-5.2,2026-08-14,
"Blacktail, RayGen team up on large hybrid park in Texas",2026-09-03,"US geothermal energy company Blacktail Energy Holdings Inc and Aussie solar and thermal hydro storage provider RayGen Resources Pty Ltd have signed a memorandum of understanding (MoU) to collaborate on a geothermal, solar and energy storage project at a planned large-scale energy hub in Texas.
The partnership concerns Blacktail's 4,480-acre Wonders Site in El Paso County, where the company is developing a multi-technology hybrid energy hub with a contemplated total generation capacity of around 1,220 MW. The broader project is planned to combine geothermal, solar, long-duration energy storage and natural gas-fired generation.
Under the MoU, Blacktail and RayGen will explore the integration of Blacktail's geothermal and Organic Rankine Cycle (ORC) power generation capabilities with RayGen's PV Ultra solar generation and Thermal Hydro storage technologies.
The companies will initially advance engineering for a RayGen deployment comprising about 20 MW to 30 MW of ORC capacity and 40 MW to 50 MW of PV Ultra capacity.
A joint technical working group will assess key integration and shared asset utilisation opportunities, in particular domestic ORC package supply and integration, secondary heat re-use, dual cold reservoir utilisation and initial phased deployment.
“Through this partnership, we are accelerating project development toward financial close and construction, providing a clear path to deliver synchronous, high-quality power ahead of schedule,” said Joe Navar, CEO of Blacktail Energy.",full,,nextjs_embedded_full_text,https://renewablesnow.com/news/blacktail-raygen-team-up-on-large-hybrid-park-in-texas-1300602/,Renewables Now,综合新能源,可再生能源,2026-09-04T00:19:20+00:00,零碳产业 > 能量循环 > 能源测 > 发电技术 > 其他发电技术,零碳产业,其他发电技术,"[{""path"":[""零碳产业"",""能量循环"",""能源测"",""发电技术"",""其他发电技术""],""path_text"":""零碳产业 > 能量循环 > 能源测 > 发电技术 > 其他发电技术"",""confidence"":0.88,""reason"":""核心是地热与ORC发电技术混合能源枢纽项目开发""},{""path"":[""零碳产业"",""能量循环"",""能源测"",""发电技术"",""光伏""],""path_text"":""零碳产业 > 能量循环 > 能源测 > 发电技术 > 光伏"",""confidence"":0.8,""reason"":""项目集成RayGen聚光PV Ultra太阳能发电系统""},{""path"":[""零碳产业"",""能量循环"",""能量存储"",""储热"",""其他储热技术""],""path_text"":""零碳产业 > 能量循环 > 能量存储 > 储热 > 其他储热技术"",""confidence"":0.75,""reason"":""项目采用RayGen热 hydro 长时储热技术方案""}]",classified,2026-09-04T00:37:59.505166+00:00,glm-5.2,2026-08-14,
EDF power solutions opens 150-MW/600-MWh battery in Belgium,2026-09-03,"Luminus, a subsidiary of EDF power solutions, on Tuesday inaugurated its 150-MW/600-MWh Navagne battery storage facility at Lixhe in Belgium.
Representing an investment of EUR 160 million (USD 186m), the project is the largest battery storage facility in Wallonia, the unit of French utility EDF Group said.
The four-hour battery is located close to the Lixhe hydroelectric power plant and is directly connected to Elia’s high-voltage grid.
Luminus partnered with investment fund I4B – The Belgian Infrastructure Fund to deliver the project. I4B
invested
EUR 30 million in the development in 2025.
“With 150 MW of power and 600 MWh of storage capacity, this battery storage facility brings new flexibility capacity to our electricity system. This is essential to strengthen the integration of renewable energies, better balance the grid, and ensure the security of our supply,” said Mathieu Bihet, Federal Minister for Energy.
(EUR 1 = USD 1.162)",full,,nextjs_embedded_full_text,https://renewablesnow.com/news/edf-power-solutions-opens-150-mw600-mwh-battery-in-belgium-1300655/,Renewables Now,综合新能源,可再生能源,2026-09-04T00:19:24+00:00,零碳产业 > 能量循环 > 能量存储 > 电化学储能 > 二次电池 > 锂电池,零碳产业,锂电池,"[{""path"":[""零碳产业"",""能量循环"",""能量存储"",""电化学储能"",""二次电池"",""锂电池""],""path_text"":""零碳产业 > 能量循环 > 能量存储 > 电化学储能 > 二次电池 > 锂电池"",""confidence"":0.9,""reason"":""大型电网级电池储能电站投运，属锂电池储能应用""}]",classified,2026-09-04T00:37:59.505166+00:00,glm-5.2,2026-08-14,
Volta Polska building 15-MWh standalone BESS in Poland,2026-09-03,"Renewable energy producer Volta Polska said it has started construction of a 6-MW/15-MWh standalone energy storage system (BESS) in southern Polaniec.
The project is Volta Polska's entry into the standalone energy storage market, the company added in a press release. The facility is scheduled for completion in early 2027. Directly connected to the grid, it will contribute to its stability, supporting the integration of renewable energy sources.
So far, Volta has been co-initiator and strategic partner for the planned renewable energy installations of the Lobzenica energy hub, Wielkopolskie province. For four years, it has been developing a portfolio of
photovoltaic
, wind and energy storage projects in the region with a total capacity of 150 MW, the company said earlier.
Volta Polska is owned by French sector player Volta Group and its local partners. The group is supported by the Eiffel Essential fund launched in 2021 by the Eiffel Investment Group.",full,,nextjs_embedded_full_text,https://renewablesnow.com/news/volta-polska-building-15-mwh-standalone-bess-in-poland-1300640/,Renewables Now,综合新能源,可再生能源,2026-09-04T00:19:27+00:00,零碳产业 > 能量循环 > 能量存储 > 电化学储能 > 二次电池 > 锂电池,零碳产业,锂电池,"[{""path"":[""零碳产业"",""能量循环"",""能量存储"",""电化学储能"",""二次电池"",""锂电池""],""path_text"":""零碳产业 > 能量循环 > 能量存储 > 电化学储能 > 二次电池 > 锂电池"",""confidence"":0.9,""reason"":""独立电池储能系统BESS建设，属锂电池储能项目""}]",classified,2026-09-04T00:37:59.505166+00:00,glm-5.2,2026-08-14,
Northium Energy advances work on its first German battery project,2026-09-03,"Northium Energy, a Danish developer of grid-connected energy storage systems, announced the completion of the delivery of the battery units needed for its first project in Germany, a 20.7-MW/52-MWh facility in Lower Saxony.
Project Ems is already under construction, targeting commissioning by the end of 2026. Once operational, it will provide flexibility and grid services to the German market. The battery energy storage system (BESS) is set to become the company’s first operational asset.
Horning-based Northium is backed by Danish energy trading company MFT Energy, which
acquired a majority stake
in the business in January in a push to expand its operations into physical energy assets.
“As part of MFT Energy, we are building a platform of flexible energy infrastructure, with Project Ems marking the first project in a wider pipeline,” Northium noted in the press statement.",full,,nextjs_embedded_full_text,https://renewablesnow.com/news/northium-energy-advances-work-on-its-first-german-battery-project-1300638/,Renewables Now,综合新能源,可再生能源,2026-09-04T00:19:31+00:00,零碳产业 > 能量循环 > 能量存储 > 电化学储能 > 二次电池 > 锂电池,零碳产业,锂电池,"[{""path"":[""零碳产业"",""能量循环"",""能量存储"",""电化学储能"",""二次电池"",""锂电池""],""path_text"":""零碳产业 > 能量循环 > 能量存储 > 电化学储能 > 二次电池 > 锂电池"",""confidence"":0.9,""reason"":""电网级电池储能系统建设交付，属锂电池储能应用""}]",classified,2026-09-04T00:37:59.505166+00:00,glm-5.2,2026-08-14,
German govt adopts offshore wind amendment,2026-09-03,"The German government approved on Wednesday a draft law aimed at making the country's offshore wind energy expansion more cost-effective and optimised, but the local sector association called for improvements during the parliamentary process.
The amendment to the Wind Energy at Sea Act (WindSeeG), proposed by the economy ministry, is designed to maintain Germany’s goal of
at least 70 GW of offshore wind energy by 2045
and introduce bilateral contracts for difference (CfDs).
The key provisions involve the reduction of the system costs of offshore wind farms by optimising grid connections, the German government said. In addition, the draft law provides for an extension of the operating period from 25 to 35 years. Under the planned CfD system, operators will be guaranteed a minimum electricity price. If they achieve revenue above this level, the sum will be reclaimed by the government.
Furthermore, requirements related to cybersecurity and resilience will be introduced, while marine nature conservation will remain a central component of the approval procedures, the government added.
Germany’s Offshore Wind Energy Association (BWO), however, sees room for improvement in the proposed law. According to current plans, auctions for offshore wind sites will continue to begin with a dynamic bidding process without a price cap. A CfD auction will follow only if no bid is accepted at this stage. According to the BWO, this model continues to pose market and marketing risks for project developers, financing and the supply chain. A CfD-only procedure would lower these risks.
The association also criticised the lack of
an option to return projects
from the tender years 2023 to 2025, for which no final investment decision has yet been made. The affected sites have a project and procurement volume of up to EUR 50 billion (USD 58.06bn). After a return, the sites are to be put out to tender again promptly, the BWO said.
At the same time, the association welcomed the planned reduction in tender areas to between 1 GW and 1.2 GW from up to 2 GW previously. “Smaller areas can strengthen competition and increase the diversity of market participants,” it said.
The BWO also sees positively that the government is examining the possibility of indexing the CfD award value.
The planned amendment is aimed to enter into force on January 1, 2027. The law changes became urgently needed after
an offshore wind auction in 2025 failed
and tenders in 2026
were suspended
, while the implementation of already awarded projects is
uncertain
.
(EUR 1 = USD 1.161)",full,,nextjs_embedded_full_text,https://renewablesnow.com/news/german-govt-adopts-offshore-wind-amendment-1300596/,Renewables Now,综合新能源,可再生能源,2026-09-04T00:19:34+00:00,公共政策与社会治理 > 政策法规 > 产业与能源政策,公共政策与社会治理,产业与能源政策,"[{""path"":[""公共政策与社会治理"",""政策法规"",""产业与能源政策""],""path_text"":""公共政策与社会治理 > 政策法规 > 产业与能源政策"",""confidence"":0.9,""reason"":""德国政府通过海上风电法案修正案为核心政策事件""},{""path"":[""零碳产业"",""能量循环"",""能源测"",""发电技术"",""风电""],""path_text"":""零碳产业 > 能量循环 > 能源测 > 发电技术 > 风电"",""confidence"":0.85,""reason"":""政策明确指向海上风电产业扩张与成本优化""}]",classified,2026-09-04T00:37:59.505166+00:00,glm-5.2,2026-08-14,
Nadara files scoping report for Bellrock's offshore transmission,2026-09-03,"European independent power producer Nadara has lodged a Scoping Report for the offshore transmission infrastructure for its 1.8-GW Bellrock floating wind project in Scotland.
The report, submitted to the Marine Directorate, seeks a scoping opinion on the details to be included in the Environmental Impact Assessment (EIA) Report for the project’s offshore transmission development area.
The Scoping Report is accompanied by a Habitats Regulations Appraisal (HRA) Screening Report, which contains information on potential impacts on European sites of nature conservation importance to inform the HRA process.
The submission of these reports for the offshore transmission infrastructure comes after
in April 2026
, the developer filed Section 36 Consent and Marine Licence applications to the Scottish government for the project’s offshore generating infrastructure.
The offshore transmission infrastructure will involve up to six fixed-bottom offshore substations, up to five interconnector cables, between two and six offshore export cables, as well as a landfall at Cowie, Aberdeenshire.
Nadara was awarded the site as part of the ScotWind leasing round in 2022. The project will be located in the North Sea, 120 km east of Stonehaven on Scotland’s northeastern coast.",full,,nextjs_embedded_full_text,https://renewablesnow.com/news/nadara-files-scoping-report-for-bellrocks-offshore-transmission-1300648/,Renewables Now,综合新能源,可再生能源,2026-09-04T00:19:38+00:00,零碳产业 > 能量循环 > 能源测 > 发电技术 > 风电,零碳产业,风电,"[{""path"":[""零碳产业"",""能量循环"",""能源测"",""发电技术"",""风电""],""path_text"":""零碳产业 > 能量循环 > 能源测 > 发电技术 > 风电"",""confidence"":0.9,""reason"":""核心为1.8GW漂浮式海上风电项目送出工程环评推进""},{""path"":[""通用技术"",""通信和运输"",""电网技术"",""其它电网技术""],""path_text"":""通用技术 > 通信和运输 > 电网技术 > 其它电网技术"",""confidence"":0.7,""reason"":""项目涉及海上变电站、互联与出口电缆等输电基础设施""}]",classified,2026-09-04T00:37:59.505166+00:00,glm-5.2,2026-08-14,
"Heerema completes foundation installation for Baltyk 2, 3 in Poland",2026-09-03,"Polish offshore wind projects Baltyk 2 and Baltyk 3, developed jointly by Polenergia (WSE:PEP) and Equinor (OSE:EQNR), have passed through the offshore foundation installation stage.
Works, which
started
in May, involved the deployment of foundations for 100 wind turbines and two offshore substations, project company Baltyk said in a press release. Responsible for installing them was one of the world’s largest heavy-lift vessels, Thialf, operated by Dutch-based Heerema Marine Contractors.
The turbine foundations consist of 70-metre-long monopiles driven into the seabed, along with transition pieces mounted on top to connect them with the future turbine tower. The turbines will have a capacity of 14.4 MW each and height of 260 metres.
The construction of the two projects is being carried out both offshore and onshore, with export cable installation, substation development and turbine preparations all progressing towards first power in 2027.
Once operational, the Baltyk 2 and Baltyk 3 will be capable of meeting the annual demand of more than 2 million households. Full commercial operations is expected in 2028.",full,,nextjs_embedded_full_text,https://renewablesnow.com/news/heerema-completes-foundation-installation-for-baltyk-2-3-in-poland-1300633/,Renewables Now,综合新能源,可再生能源,2026-09-04T00:19:41+00:00,零碳产业 > 能量循环 > 能源测 > 发电技术 > 风电,零碳产业,风电,"[{""path"":[""零碳产业"",""能量循环"",""能源测"",""发电技术"",""风电""],""path_text"":""零碳产业 > 能量循环 > 能源测 > 发电技术 > 风电"",""confidence"":0.95,""reason"":""核心事件是波兰海上风电项目Baltyk 2和3完成100台风机基础安装。""}]",classified,2026-09-04T00:38:13.020982+00:00,glm-5.2,2026-08-14,
"Green tick sought for solar, BESS at 1.4-GW Bungaban wind farm",2026-09-03,"Windlab Pty Ltd is seeking environmental approval for a plan that envisages expanding its 1.4-GW Bungaban wind project in Queensland with the addition of a solar park of up to 500 MW and co-located batteries.
According to official documents, the project was submitted for review under the federal government’s Environment Protection and Biodiversity Conservation (EPBC) Act. It was put forward by Bungaban Hold Trusco Pty Ltd, a 50/50 joint venture between Windlab’s owner Federation Asset Management and Squadron Energy.
Windlab is the original developer of both the wind and the solar-storage projects. Apart from the photovoltaic (PV) farm and battery energy storage system (BESS), the size of which has not been specified, the scheme also calls for the installation of a transmission line linking the complex to an existing substation. The solar park infrastructure will cover a 1,532-hectare plot in Iman Country, Western Downs region.
A development application for the solar scheme was submitted to Western Downs Regional Council in 2025.
The Bungaban wind project,
a winner
in Australia's seventh Capacity Investment Scheme (CIS) tender, is backed by a
power purchase agreement
(PPA) with Rio Tinto for 80% of its output. Estimated at some AUD 3.9 billion (USD 2.79bn/EUR 2.41bn), it is expected to be operational by 2030.
(AUD 1.0 = USD 0.717/EUR 0.618)",full,,nextjs_embedded_full_text,https://renewablesnow.com/news/green-tick-sought-for-solar-bess-at-1-4-gw-bungaban-wind-farm-1300588/,Renewables Now,综合新能源,可再生能源,2026-09-04T00:19:48+00:00,零碳产业 > 能量循环 > 能源测 > 发电技术 > 风电,零碳产业,风电,"[{""path"":[""零碳产业"",""能量循环"",""能源测"",""发电技术"",""风电""],""path_text"":""零碳产业 > 能量循环 > 能源测 > 发电技术 > 风电"",""confidence"":0.85,""reason"":""核心是Bungaban 1.4GW风电项目扩建规划及环境审批。""},{""path"":[""零碳产业"",""能量循环"",""能源测"",""发电技术"",""光伏""],""path_text"":""零碳产业 > 能量循环 > 能源测 > 发电技术 > 光伏"",""confidence"":0.75,""reason"":""扩建方案包含500MW光伏电站，是实质性规划内容。""},{""path"":[""公共政策与社会治理"",""政策法规"",""监管、标准与合规""],""path_text"":""公共政策与社会治理 > 政策法规 > 监管、标准与合规"",""confidence"":0.7,""reason"":""新闻核心事件是项目提交联邦EPBC法环境审批。""}]",classified,2026-09-04T00:38:13.020982+00:00,glm-5.2,2026-08-14,
Cypress Creek cuts ribbon on 80-MW solar project in Washington,2026-09-03,"US independent power producer Cypress Creek Energy said today it has started commercial operation at its 104 MWdc/80 MWac Ostrea Solar project in Yakima County, Washington.
The USD-180-million (EUR 155m) project was inaugurated on Wednesday. Microsoft, which is based in Redmond, Washington, will offtake energy and environmental products from the project under a long-term power purchase agreement (PPA).
The developer noted the solar park is located in a state that led the US in economic growth during the first quarter of the year. ""Washington's economy is growing, and that growth requires more electricity,"" said Cypress Creek Energy CEO Kevin Smith. ""Ostrea shows how we can responsibly bring new power online quickly and affordably, while creating lasting benefits for the communities where we operate, and caring for the land for generations to come.""
Cypress Creek will own and operate the facility for up to 40 years. Its land stewardship efforts include adjusting the project design to conserve 275 acres of critical shrubsteppe habitat, creating wildlife corridors to maintain migratory pathways through the project area, including for Rocky Mountain elk, and restoring native vegetation across the site.
Cypress Creek has been a portfolio company of EQT since 2021. The company says it has so far commercialised 19 GW of projects. Now, it has over 6.8 GW in operation or under construction, plus a 19-GW development pipeline.
(USD 1 = EUR 0.860)",full,,nextjs_embedded_full_text,https://renewablesnow.com/news/cypress-creek-cuts-ribbon-on-80-mw-solar-project-in-washington-1300657/,Renewables Now,综合新能源,可再生能源,2026-09-04T00:19:52+00:00,零碳产业 > 能量循环 > 能源测 > 发电技术 > 光伏,零碳产业,光伏,"[{""path"":[""零碳产业"",""能量循环"",""能源测"",""发电技术"",""光伏""],""path_text"":""零碳产业 > 能量循环 > 能源测 > 发电技术 > 光伏"",""confidence"":0.94,""reason"":""核心事件是80MW光伏项目投运并与微软签署PPA。""}]",classified,2026-09-04T00:38:13.020982+00:00,glm-5.2,2026-08-14,
UK developer wins consent for 15-MW Cheshire solar farm,2026-09-03,"UK renewable energy developer Renewable Connections has secured planning consent for a 15-MW solar farm in Cheshire, northwest England, to be delivered in partnership with the UK unit of European Energy.
The Cheshire West and Chester Council's planning committee has approved the Chads Solar Farm project, which will be built in Tushingham, the company said.
The solar farm will occupy an area of around 28 hectares and is expected to generate enough electricity to meet the power needs of up to 5,000 homes annually. The project proposal includes the creation of a wetland area, aimed at improving the condition and long-term resilience of peatland at the site.
Renewable Connections specialises in solar and storage technologies, as well as asset management, power purchase agreements (PPA) and business and energy solutions.",full,,nextjs_embedded_full_text,https://renewablesnow.com/news/uk-developer-wins-consent-for-15-mw-cheshire-solar-farm-1300650/,Renewables Now,综合新能源,可再生能源,2026-09-04T00:19:55+00:00,零碳产业 > 能量循环 > 能源测 > 发电技术 > 光伏,零碳产业,光伏,"[{""path"":[""零碳产业"",""能量循环"",""能源测"",""发电技术"",""光伏""],""path_text"":""零碳产业 > 能量循环 > 能源测 > 发电技术 > 光伏"",""confidence"":0.93,""reason"":""核心事件是英国15兆瓦光伏电站项目获规划许可。""}]",classified,2026-09-04T00:38:16.247950+00:00,glm-5.2,2026-08-14,
"Metlen, Coca-Cola Tria Epsilon sign 12-MW solar PPA",2026-09-03,"Greek energy and industrial group Metlen Energy & Metals (ATH:MYTIL) said today it has signed a 10-year bilateral power purchase agreement (PPA) with Coca-Cola Tria Epsilon, tied to a 12-MW solar power plant in Greece.
Under the agreement, Coca-Cola Tria Epsilon, member of the Coca-Cola HBC, will offtake the entire generation of the project, which is located in the Mikro Perivolaki area in Velestino, in the Prefecture of Magnesia, east central Greece. The facility is estimated to produce 16.5 GWh a year.
Coca-Cola Tria Epsilon already covers 100% of the electricity used at its production facilities with renewable energy, in line with Coca-Cola HBC’s goal of achieving net-zero carbon emissions by 2040. According to the announcement, via the PPA with Metlen, Coca-Cola Tria Epsilon “will secure the supply of a 'higher quality' green energy, while also supporting the development of new renewable energy projects in pursuit of a more sustainable future for all.”
Metlen has a 0.5 GW operating renewables portfolio in Greece, while globally the company has completed or is executing 11.4 GW of projects. Its Renewable Energy Aggregator manages a renewable energy portfolio of over 3.2 GW across Greece, Italy and Romania.",full,,nextjs_embedded_full_text,https://renewablesnow.com/news/metlen-coca-cola-tria-epsilon-sign-12-mw-solar-ppa-1300627/,Renewables Now,综合新能源,可再生能源,2026-09-04T00:19:58+00:00,零碳产业 > 能量循环 > 能源测 > 发电技术 > 光伏,零碳产业,光伏,"[{""path"":[""零碳产业"",""能量循环"",""能源测"",""发电技术"",""光伏""],""path_text"":""零碳产业 > 能量循环 > 能源测 > 发电技术 > 光伏"",""confidence"":0.9,""reason"":""核心事件是围绕12兆瓦光伏电站签订长期购电协议。""},{""path"":[""通用技术"",""通信和运输"",""电网技术"",""配电和电力交易""],""path_text"":""通用技术 > 通信和运输 > 电网技术 > 配电和电力交易"",""confidence"":0.7,""reason"":""PPA属于电力交易与售电范畴，新闻重点之一是绿电购电协议。""}]",classified,2026-09-04T00:38:16.247950+00:00,glm-5.2,2026-08-14,
EU approves Germany's capacity mechanism worth up to EUR 35bn,2026-09-03,"The European Commission said on Wednesday it has approved Germany's electricity capacity mechanism, which could cost up to EUR 35.2 billion (USD 40.8bn) and will remunerate power generation, storage and demand-response capacity from 2031.
The market-wide design will ensure Germany has sufficient capacity to meet electricity demand and will be open to existing and new generation, storage and demand-response technologies, as well as cross-border capacity, Brussels said.
Under the mechanism, providers of capacity will be awarded contracts of up to 15 years through competitive auctions. All supported capacity will be required to operate in a climate-neutral way by 2045 at the latest, the Commission said.
The measure is estimated to cost between EUR 15.6 billion and EUR 35.2 billion overall. Costs are expected to range from EUR 1 billion to EUR 3 billion in 2031, depending on auction results, and from EUR 0.9 billion to EUR 2.3 billion annually between 2032 and 2045.
The first auctions under the approved capacity mechanism will be held in 2026 and, if they are undersubscribed, in 2027. These initial tenders will be reserved for additional long-term capacity located in Germany, with capacity to be delivered from 2031.
Further auctions planned for 2027 and 2029 will be open to existing and additional capacity and to all technologies. Foreign capacity will also be eligible, provided it is located in an EU member state directly connected to Germany's power grid, except for the initial tenders.
New gas-fired power plants seeking 15-year capacity contracts must be hydrogen-ready, while Germany will separately hold tenders to support the conversion of gas-fired capacity to hydrogen.
Separately, Germany plans decarbonisation tenders to support the conversion of 2 GW of gas-fired capacity to hydrogen by 2040. These tenders are due to be completed by the end of 2027, while tenders for a further 2 GW of conversion capacity, targeted for 2043, will be held between 2032 and 2035. The hydrogen tenders are separate from the capacity mechanism and were not covered by the Commission's decision.
Germany also intends to introduce a separate structural capacity mechanism in 2027 to address electricity supply risks from 2032 onwards. That mechanism is also outside the scope of Wednesday's state aid decision and will have a separate budget.
The Commission said the mechanism that was approved was necessary and proportionate under EU State aid rules. Since capacity will be selected through transparent and non-discriminatory competitive bidding, based on the amounts that bidders request, impact on competition and trade between member states will be limited.
The EU executive said capacity mechanisms can help secure electricity supplies during the transition to a decarbonised power system, provided they do not lead to higher consumer prices, unduly favour energy operators or restrict cross-border electricity flows.
(EUR 1.0 = USD 1.159)",full,,nextjs_embedded_full_text,https://renewablesnow.com/news/eu-approves-germanys-capacity-mechanism-worth-up-to-eur-35bn-1300583/,Renewables Now,综合新能源,可再生能源,2026-09-04T00:20:02+00:00,公共政策与社会治理 > 政策法规 > 产业与能源政策,公共政策与社会治理,产业与能源政策,"[{""path"":[""公共政策与社会治理"",""政策法规"",""产业与能源政策""],""path_text"":""公共政策与社会治理 > 政策法规 > 产业与能源政策"",""confidence"":0.92,""reason"":""欧盟批准德国电力容量机制属能源政策与监管审批。""}]",classified,2026-09-04T00:38:16.247950+00:00,glm-5.2,2026-08-14,
Enapter wins pilot electrolyser order to serve hydrogen-powered drones,2026-09-03,"German electrolyser manufacturer Enapter AG (FRA:H2O) has received a pilot order worth around EUR 500,000 (USD 580,000) from an unnamed US drone manufacturer to supply equipment for mobile hydrogen refuelling systems.
The order covers Enapter's anion exchange membrane (AEM) electrolysers of the 4.1 series and is scheduled for delivery in the fourth quarter of 2026.
The electrolysers will be integrated into mobile, all-terrain refuelling systems designed to produce hydrogen from water and solar power directly at drone operating sites without a grid connection. The set-up is intended to eliminate the need to transport and store hydrogen in compressed gas cylinders.
The pilot project marks Enapter's entry into an application targeting drones requiring long range and flight times. The company said its modular electrolyser technology could allow hydrogen production capacity to be expanded by adding further modules.
Enapter develops and supplies AEM electrolysers for green hydrogen production. Its patented technology does not rely on expensive and rare raw materials such as iridium and has a modular design, allowing scalable production.
(EUR 1 = USD 1.159)",full,,nextjs_embedded_full_text,https://renewablesnow.com/news/enapter-wins-pilot-electrolyser-order-to-serve-hydrogen-powered-drones-1300630/,Renewables Now,综合新能源,可再生能源,2026-09-04T00:20:05+00:00,零碳产业 > 能量循环 > 能量存储 > 化学能 > 氢基能源,零碳产业,氢基能源,"[{""path"":[""零碳产业"",""能量循环"",""能量存储"",""化学能"",""氢基能源""],""path_text"":""零碳产业 > 能量循环 > 能量存储 > 化学能 > 氢基能源"",""confidence"":0.9,""reason"":""核心事件是AEM电解槽用于现场绿氢制取与移动加氢系统，属氢制取与加氢基础设施。""}]",classified,2026-09-04T00:38:33.026556+00:00,glm-5.2,2026-08-14,
Montenegro utility EPCG advances 21-MW Gvozd 2 wind project,2026-09-03,"Montenegro's state-owned utility Elektroprivreda Crne Gore (EPCG) is pouring foundations for the second phase of its Gvozd wind farm, a project that will add 21 MW of capacity to the Balkan nation’s electricity system.
The nearly EUR-26-million (USD 32.2m) Gvozd 2 project is being built on the Krnovo plateau, where the second of three turbine foundations is nearing completion, EPCG said on Wednesday.
Three wind turbines that will fit there
were ordered
from Germany’s Nordex SE (ETR:NDX1) earlier this year. The machines will enable Gvozd 2 to generate around 63 GWh of electricity annually.
Nordex was also
the turbine supplier for the first-phase project
.
Once the second phase starts operation, the Gvozd wind farm will have total installed capacity of 75.6 MW and estimated annual production of more than 200 GWh, enough to cover the electricity needs of about 35,000 households, the utility said.
The project is part of EPCG's investment programme to increase domestic generation capacity and accelerate Montenegro's energy transition, the company said.
(EUR 1.0 = USD 1.160)",full,,nextjs_embedded_full_text,https://renewablesnow.com/news/montenegro-utility-epcg-advances-21-mw-gvozd-2-wind-project-1300620/,Renewables Now,综合新能源,可再生能源,2026-09-04T00:20:19+00:00,零碳产业 > 能量循环 > 能源测 > 发电技术 > 风电,零碳产业,风电,"[{""path"":[""零碳产业"",""能量循环"",""能源测"",""发电技术"",""风电""],""path_text"":""零碳产业 > 能量循环 > 能源测 > 发电技术 > 风电"",""confidence"":0.93,""reason"":""核心事件是Gvozd 2风电项目建设，涉及风机基础施工与产能并网。""}]",classified,2026-09-04T00:38:33.026556+00:00,glm-5.2,2026-08-14,
Levanta gets investment nod for 40-MW wind project in Vietnam,2026-09-03,"Levanta Renewables, a portfolio company of UK investment firm Actis, has secured the green light to invest in the construction of a 40-MW wind farm in the Gia Lai province of Vietnam.
The Ia Dreng 1 project has received an Investment Policy Approval from the Gia Lai Provincial People’s Committe, the developer said on Thursday, months after being issued an investment registration certificate for the scheme, along with its local partner SCI Group.
Ia Dreng 1 will be installed in Vietnam’s Central Highlands to feed electricity into the national grid and is scheduled for commissioning in the second half of 2028. Once online, it is expected to produce around 120 GWh of green power annually, meeting the electricity demand of around 60,000 households and offsetting about 80,000 tonnes of carbon dioxide emissions.
The wind project is being implemented by Levanta and SCI Group. Construction works are planned to be launched in the first half of next year.",full,,nextjs_embedded_full_text,https://renewablesnow.com/news/levanta-gets-investment-nod-for-40-mw-wind-project-in-vietnam-1300590/,Renewables Now,综合新能源,可再生能源,2026-09-04T00:20:24+00:00,零碳产业 > 能量循环 > 能源测 > 发电技术 > 风电,零碳产业,风电,"[{""path"":[""零碳产业"",""能量循环"",""能源测"",""发电技术"",""风电""],""path_text"":""零碳产业 > 能量循环 > 能源测 > 发电技术 > 风电"",""confidence"":0.92,""reason"":""核心是越南40MW风电场项目获投资许可并将于2028年并网发电。""}]",classified,2026-09-04T00:38:33.026556+00:00,glm-5.2,2026-08-14,
2.28GW！山西公示2026年第二批拟废止风光项目规模清单-索比光伏网,2026-09-03,"山西省能源局关于公示2026年第二批拟废止风电光伏发电项目规模的清单
为加快推进存量新能源建设，优化电网接入与资源配置，提高项目落地转化率，省能源局组织各市对存量风电、光伏发电项目进行梳理，相关地市上报了拟废止规模项目清单。经我局汇总，拟对大同市云冈50MW风力发电等40个项目、规模228.38万千瓦进行废止，现予以公示。如有异议，请向相关市能源局提出书面意见，并在公示期(5个工作日)内，由市能源局上报省能源局。
公示时间：2026年9月2日至2026年9月8日。
反馈电话：0351-3916509
附件：2026年第二批拟废止风电光伏发电项目规模清单
索比光伏网 https://news.solarbe.com/202609/03/50028547.html",full,,trafilatura_full_text,https://news.solarbe.com/202609/03/50028547.html,索比光伏-综合新闻,光伏,光伏综合新闻,2026-09-04T00:21:14+00:00,公共政策与社会治理 > 政策法规 > 产业与能源政策,公共政策与社会治理,产业与能源政策,"[{""path"":[""公共政策与社会治理"",""政策法规"",""产业与能源政策""],""path_text"":""公共政策与社会治理 > 政策法规 > 产业与能源政策"",""confidence"":0.9,""reason"":""核心事件是山西省能源局公示拟废止风光项目规模，属新能源项目管理政策。""},{""path"":[""零碳产业"",""能量循环"",""能源测"",""发电技术"",""风电""],""path_text"":""零碳产业 > 能量循环 > 能源测 > 发电技术 > 风电"",""confidence"":0.7,""reason"":""政策对象为存量风电项目规模的清理废止。""},{""path"":[""零碳产业"",""能量循环"",""能源测"",""发电技术"",""光伏""],""path_text"":""零碳产业 > 能量循环 > 能源测 > 发电技术 > 光伏"",""confidence"":0.7,""reason"":""政策对象同时包含存量光伏发电项目。""}]",classified,2026-09-04T00:38:33.026556+00:00,glm-5.2,2026-08-14,
湖北：大力发展新能源 推动风光水火储一体化开发建设-索比光伏网,2026-09-03,"近日，湖北省人民政府印发《湖北省美丽中国先行区建设实施方案》。
其中提到，构建清洁高效新型能源体系。大力发展新能源，推动风光水火储一体化开发建设，深化武汉都市圈国家氢能区域试点，打造长江中游大型清洁能源基地。建设全国重要电力调蓄中心，拓展“绿电入鄂”通道，推进千万千瓦抽水蓄能、新型储能电站建设，建设数智化坚强电网。实施新一代煤电升级，注重煤电向支撑性、调节性电源转型，支持自备燃煤机组实施清洁能源替代。优化能源供应结构和消费结构。开展余热资源利用。
湖北省人民政府关于印发《湖北省美丽中国先行区建设实施方案》的通知
各市、州、县人民政府，省政府各部门：
现将《湖北省美丽中国先行区建设实施方案》印发给你们，请认真贯彻执行。
(此件删减公开)
湖北省美丽中国先行区建设实施方案
为深入贯彻落实党中央、国务院关于全面推进美丽中国建设的决策部署，推动长江流域绿色低碳发展，协同推进降碳减污扩绿增长，高质量完成中部地区加快崛起战略、深化生态文明体制改革任务，加快建成中部地区崛起的重要战略支点，建成美丽中国建设先行样板，制定本方案。到2027年，生态环境质量明显改善，细颗粒物(PM2.5)年均浓度降至34微克/立方米，地表水优良水体比例达到国家要求，碳排放强度持续下降，生态承载力明显提升，形成一批示范引领性强、可复制、可推广的实践与制度创新成果。到2030年，生态环境质量全面改善，碳达峰目标如期实现，长江中游生态安全屏障更加稳固，生态文明制度体系更加完备，省域美丽中国先行区基本建成。
一、实施长江大保护行动，打造新时代长江流域高水平保护典范
(一)建设长江千里生态廊道。扎实做好长江大保护“治、修、护、防、转、优、通、美”八篇文章。实施岸线保护工程，开展长江、汉江、清江岸线修复和生态廊道保护，打造滨水空间新典范。实施生态系统保护和修复工程，加强重点生态功能区管控，抓好山体生态修复，实施丹江口库区、幕阜山北麓等山水林田湖草沙一体化保护和修复，推进神农架国家公园创建设立和“华中水塔”建设。全面推进绿色矿山建设。建设武汉国际湿地城市，推动湿地保护与城市融合发展。实施生物多样性保护重大工程，抓好长江十年禁渔，实施江豚、金丝猴、水杉等濒危物种拯救行动，开展保护鸟类活动和打击非法捕猎贩卖鸟类专项行动，建成一批国家生物多样性体验地。
(二)守牢国家战略水源地安全。实施水源涵养能力提升工程，开展丹江口库周生态防护带、消落区生态湿地、重点区域物理隔离设施建设。实施污染源头治理工程，“一河一策”整治丹江口库区入库主要支流，实施库区总磷削减、化肥农药精准使用提质增效、污水治理设施扩能提标行动，源头治理重金属污染，加快三峡库区水土保持和城乡污水收集处理设施建设。实施多维一体智慧安防工程，全面排查整治丹江口尾矿库风险隐患，推进危化品运输“一路一策一图”试点，建设丹江口水库国家环境应急物资储备库，建立“技防+人防+物防”的全流域水环境动态监测和风险预警监管系统。丹江口水库、三峡水库库区水质稳定保持Ⅱ类。
(三)提升江河湖泊安全韧性。实施入河排污口整治提升工程，建立长江干支流、湖库重点排污口分级分类数字化监管体系，开展全流域“一口一策”整治和精细化管理。实施重点湖泊治理攻坚工程，注重“控源、截污、活水、修复、转型”多措并举，开展洪湖、梁子湖等生态保护治理，持续改善湖泊水生态，打造江汉平原湖泊治理“洪湖样板”。实施“荆楚安澜”现代水网建设工程，加快推进引江补汉及输水沿线补水、汉江流域水安全能力提升等项目，构建互联互通安全韧性现代水网。到2030年，省级水网覆盖度达到90%。
二、实施污染防治攻坚行动，打造生态环境质量改善标杆
(四)全面推进美丽蓝天建设。实施美丽蓝天工程，坚持抑尘控排减污，开展大气污染防治三年攻坚，加快淘汰砖瓦、铸造等行业落后产能和设备。实施重点行业环保绩效提级，完成钢铁、水泥等行业和生活垃圾焚烧企业超低排放改造，重点城市燃煤电厂基本完成全负荷脱硝改造，平板玻璃、建筑陶瓷行业基本完成清洁能源替代。到2030年，B级及以上企业达到1000家以上。加强移动源治理，优化调整高排放非道路移动机械禁用区，严格柴油货车等机动车尾气检验维修、车辆道路禁限行、重点企业门禁管控，实现磷铵、砂石骨料等行业清洁运输。基本淘汰国四及以下营运货车和国二及以下非道路移动机械，港口、机场、物流园区等新增或更新的作业车辆、机械实现新能源化。强化面源精细化防控，加强秸秆禁烧精准管控和综合利用。严格落实建设工地、道路抛洒等扬尘防治“六化”要求，推广全封闭生态施工。开展工业涂装、餐饮油烟等“绿岛”集中治理，建设“无异味工业园区”。到2030年，细颗粒物(PM2.5)浓度降至32.4微克/立方米。
(五)深化水生态环境综合治理。实施城镇污水整治，推动城镇生活污水“厂网一体”建设，选择条件较好的市州打造管网全覆盖样板区，建设污水处理绿色低碳标杆厂。推动工业园区污水收集处理提质增效，开展重点行业企业污水治理与排放水平绩效分级。实施农业面源污染防治，优化畜禽、水产养殖规模布局，开展江汉平原地区农业面源污染综合治理示范，打造“鱼米之乡”绿色养殖新模式。实施流域精细化管理，建立水体—入河排污口—污染源精准溯源响应机制，开展跨乡(镇)水体断面水质监测与评价。到2030年，基本消除县乡黑臭水体，优良水体比例达到88.6%，美丽河湖建成率达到65%。
(六)统筹土壤和固体废物污染防治。实施土壤与地下水专项整治工程，整县推进农用地土壤重金属污染溯源整治，实施沿江化工腾退污染地块、“一区两场”地下水污染专项治理。加快钢铁、化工企业等腾退地块分片分期风险管控和修复。实施固体废物综合治理工程，深化长江经济带清废行动，提高城乡生活垃圾无害化处理能力。全面实行危险废物全过程信息化管理。深入推进新污染物治理。
三、实施绿色低碳转型行动，打造中部地区崛起高质量发展高地
(七)构建绿色低碳现代产业体系。全面实施碳排放双控，开展固定资产投资项目节能审查和碳排放评价，以绿色低碳赋能“51020”先进制造业产业集群全面升级。实施传统产业焕新，打好汽车、钢铁、化工转型“三大战役”，接力实施纺织、食品、建材“新三大战役”。促进绿色动力产业聚链成群，发展绿电直连、算电协同等新模式、新业态，高标准建设荆门国家级零碳园区，在武汉、宜昌等地打造一批零碳工厂、零碳园区。
(八)突破性发展循环经济。循环高效利用工业资源，促进新型废弃物循环利用，加强磷石膏等典型工业固废规模化资源化利用，推进从工业固废向功能材料转化，做强节能环保产业集群。循环发展生态农林业，强化畜禽粪污、农产品加工副产物等农林废弃物和水产养殖尾水高效利用，推行种养结合、农牧结合等生态循环农业模式，开展特色农产品碳足迹管理，发展立体林业经济。壮大循环经济服务业，广泛推行产品绿色设计，发展绿色物流、再生资源回收分拣加工等专业技术服务，推进大型活动碳中和。
(九)构建清洁高效新型能源体系。大力发展新能源，推动风光水火储一体化开发建设，深化武汉都市圈国家氢能区域试点，打造长江中游大型清洁能源基地。建设全国重要电力调蓄中心，拓展“绿电入鄂”通道，推进千万千瓦抽水蓄能、新型储能电站建设，建设数智化坚强电网。实施新一代煤电升级，注重煤电向支撑性、调节性电源转型，支持自备燃煤机组实施清洁能源替代。优化能源供应结构和消费结构。开展余热资源利用。
(十)建设绿色高效交通运输体系。加快构建互联互通、快联快通的多式联运体系，加强长江、汉江航道整治，调整运输结构，加快天河+花湖机场、阳逻港等交通枢纽联动发展，建设三峡水运新通道和汉湘桂内河航运大通道湖北段，打造汉襄宜“金三角”绿色交通廊道。推进电化气化氢化长江，开展长江干线船舶电动化示范，探索打造沿江氢能船舶示范场景，加快港口岸电和船舶大功率充换电等设施改造，规模化应用甲醇、LNG等新能源清洁能源船舶，引领长江绿色航运发展。到2027年，建成全国绿色智能船舶应用先行区。
(十一)建设全国碳市场核心枢纽。建设碳市场重要基础设施，拓展全国碳排放权注册登记结算系统功能，健全碳市场资金清算机制，打造安全高效稳定的碳市场功能平台，协助完成全国碳市场扩围增量。推进湖北试点碳市场创新，持续开展“降门槛、扩行业、增品种、提质效”，培育壮大交易主体，提升碳市场活力。增强碳市场辐射带动功能，构建“碳交易服务、碳金融创新、碳普惠应用、碳科技转化、碳产业培育”一体化增值服务体系。大力发展低碳服务产业，培育环沙湖双碳经济带等低碳产业集聚区。注重产品碳足迹管理、碳标识认证与绿电绿证应用，拓展绿色贸易。
四、实施生态文明体制改革行动，打造生态环境治理现代化示范区
(十二)推进全领域资源环境要素市场化配置综合改革。健全资源环境要素市场化交易机制，做优资源环境权益交易服务平台，探索跨行业要素交易，推动长江中游城市跨省交易。到2027年，建成中部领先、辐射全国的资源环境权益交易中心。健全生态产品价值实现机制，推进生态产品调查监测，优化自然资源管控与确权，建立生态产品动态数据库。发展绿色水经济，丰富森林碳汇等“生态+”特色产品。创新生态系统生产总值核算与生态环境导向的开发模式。深化十堰国家生态产品价值实现机制试点。创新绿色金融服务，构建“绿色资源—绿色资产—绿色金融”循环制度，深化气候投融资试点，创新碳金融产品和衍生工具，支持开展绿色资产融资、绿色消费信贷。到2027年，碳金融发展处于全国领先水平。
(十三)构建全链条生态环境治理体系。健全生态环境责任体系和监管机制，落实各级党委及政府领导干部生态环境保护责任，推进生态环境分区管控与国土空间规划衔接，实施生态环境承载能力监测预警。全面实行排污许可制“一证式”闭环管理。完善生态环境损害赔偿、环境信息披露等制度。探索开展重点区域生态环境健康风险评估。深化行政执法与刑事司法联动，推进生态警务，深化“河湖长、林长+警长+检察长”以及生态环境保护与纪检监察协同。构建重点行业“绿色标尺”机制，分行业开展重点企业、园区节能增效、减污降碳、环保绩效等综合评价，打造一批减污降碳协同标杆工程。深化生态环境科技创新机制，发挥武汉区域科创中心作用，加快多污染物协同治理、碳捕集利用和封存等领域核心技术攻关，打造中部地区生态环境领域科技创新高地。
(十四)构建全方位生态环境协同体系。强化流域区域生态环境联保共治机制，深化长江、汉江、清江等重点流域跨省市联防联治和污染应对。巩固大气联防联控，建立长江中游城市群预警预测中心，完善城市群及周边区域联防联控机制，提升武汉都市圈和“襄荆荆宜”区域应对水平。深化生态保护补偿机制，拓展生态保护补偿要素和方式，强化秦岭地区跨区域生态保护协同合作，推动三峡库区、丹江口库区、武陵山区等重点生态功能区共保联管。
(十五)健全地方生态法规制度体系。推进完善法规体系，全面实施生态环境法典，配套修订地方性法规制度。推动完善综合性立法、区域流域协同立法，出台湖北省试点碳市场建设促进条例、废弃物循环利用及处理条例等。健全绿色标准体系，制修订生活垃圾焚烧、工业窑炉等重点领域以及化工、家具制造等重点行业地方污染物排放标准。鼓励制定重点行业温室气体排放等绿色发展领域推荐性标准和技术指南。支持有条件、特色鲜明的地区开展生态环境基准研究与应用。到2030年，形成覆盖环境全要素、多领域的地方标准体系。
五、实施美丽系列建设行动，打造美丽湖北建设特色样板
(十六)建设绿色低碳美丽城市。整体提升城市功能，以“平、明、绿、美、净、齐、畅、宁”为目标，实施城市更新，全域推进“无废城市”建设，深化绿色智能建造试点并推广，智能应用噪声地图。支持武汉、宜昌、十堰等地建设美丽城市示范标杆，推动长江中游城市群联动发展。
(十七)建设宜居宜业美丽乡村。整县推进美丽乡村建设，统筹乡村生态振兴和农村人居环境整治，推行星级美丽乡村试点，解决好农村改厕、生活污水、垃圾围村等问题，打造江汉平原美丽乡村样板。传承弘扬乡村生态文化，强化传统村落、非物质文化遗产等传承保护和活化利用，塑造“荆楚派”村镇风貌。
(十八)实施美丽细胞工程。健全生态文明示范建设“育选管用”长效机制。建设国家级生态工业园区，打造一批绿色工厂和园区、生态公园等示范载体。到2027年，累计争创400家绿色工厂和18家绿色工业园区。厚植生态文明理念，开展美丽湖北建设全民行动，推广丹江口库区环保志愿者和社会组织服务经验。鼓励绿色消费和绿色出行。到2030年，城区常住人口100万以上城市绿色出行比例超过70%。
建立美丽中国先行区省级推进工作机制。各地各部门要强化工作责任落实，细化年度任务清单，推进工作落地见效。按规定用好相关专项资金，加强对美丽中国先行区建设支持，加强财政、金融、产业、价格等政策工具运用。将先行区建设纳入美丽湖北建设成效考核和省级生态环境保护督察，相关情况作为各级领导班子和领导干部综合考核评价、奖惩任免的重要参考。健全评价体系，开展动态跟踪评估。强化宣传引导和典型选树，营造美丽中国先行区建设的浓厚氛围。
索比光伏网 https://news.solarbe.com/202609/03/50028540.html",full,,trafilatura_full_text,https://news.solarbe.com/202609/03/50028540.html,索比光伏-综合新闻,光伏,光伏综合新闻,2026-09-04T00:21:15+00:00,公共政策与社会治理 > 政策法规 > 产业与能源政策,公共政策与社会治理,产业与能源政策,"[{""path"":[""公共政策与社会治理"",""政策法规"",""产业与能源政策""],""path_text"":""公共政策与社会治理 > 政策法规 > 产业与能源政策"",""confidence"":0.9,""reason"":""核心是湖北省政府印发的能源体系建设与新能源开发政策方案。""}]",classified,2026-09-04T00:38:33.026556+00:00,glm-5.2,2026-08-14,
Wood Mackenzie：2025年全球光伏运维市场规模348GW，CR15占比57%-索比光伏网,2026-09-03,"Wood Mackenzie 分析数据显示，2025 年全球新增光伏运维（O&M）市场规模 61GW，总规模达到 348GW。
前 15 家光伏运维服务商管理的项目容量合计达到 200GW，占全球市场的 57%。
2025 年全球新增光伏运维市场规模2025 年新增 61GW，总规模达 348GW。（TaiyangNews 制图）
Wood Mackenzie 在《2026 全球光伏运维服务商报告（Global Solar PV O&M Service Provider Dynamics 2026 report）》中指出，2025 年全球光伏运维市场显著增长，纳入评估的市场容量达到 348GW，其中 2025 年新增 61GW。报告跟踪了美洲、除中国以外的亚太地区，以及欧洲、中东和非洲地区的 130 多家运维服务商；其中，全球前 15 家运维服务商在 2025 年新增管理规模 41GW，合计管理容量达到 200GW。
截至 2025 年底，Novasource Power Services 以 38.4GW 的管理规模位居全球第一，其后依次为 RES Energy Global Services、SOLV Energy、Solarig Energy Services 和 Recurrent Energy，排名前五的企业均在推进跨区域扩张。Sterling & Wilson 的管理规模增长 53%，达到 13.5GW，排名升至全球第六。BayWa r.e. Services 和 Origis Energy Services 也进入全球前 15 名，管理规模分别增加 2.6GW 和 1.8GW。报告指出，不同运维服务商之间的增长幅度差异明显；其中，Engie 的运维管理规模在 2025 年增加一倍以上，全球排名升至第八位，其美洲地区管理规模增长 172%。
在第二梯队服务商中，FRV 旗下独立运维业务 megaom 的管理规模增长 243%，达到 3.8GW，并首次进入全球前 30 名。Wood Mackenzie 研究分析师 Khalif Ahmad Zikri 表示：“全球运维市场正快速向一批具备规模的核心服务商集中，但不同地区的市场动态存在明显差异。”
区域市场表现同样不均衡。由于竞争加剧，北美地区全包式光伏运维合同成本同比下降 18%；与此同时，中东和非洲地区的光伏运维业务量在 2025 年接近翻番，且持续有新的服务商进入市场。
索比光伏网 https://news.solarbe.com/202609/03/50028550.html",full,,trafilatura_full_text,https://news.solarbe.com/202609/03/50028550.html,索比光伏-综合新闻,光伏,光伏综合新闻,2026-09-04T00:21:17+00:00,零碳产业 > 能量循环 > 能源测 > 发电技术 > 光伏,零碳产业,光伏,"[{""path"":[""零碳产业"",""能量循环"",""能源测"",""发电技术"",""光伏""],""path_text"":""零碳产业 > 能量循环 > 能源测 > 发电技术 > 光伏"",""confidence"":0.92,""reason"":""核心是全球光伏电站运维市场规模与企业格局分析，属光伏产业运营。""}]",classified,2026-09-04T00:38:33.026556+00:00,glm-5.2,2026-08-14,
多晶硅：成交依旧清淡 观望情绪仍存-索比光伏网,2026-09-03,"本周国内多晶硅市场延续观望态势，厂家守价意愿较强，主流企业报价仍以全成本为底线，未出现主动降价破位行为；但下游需求跟进不足，新单签订偏少，市场整体仍处于观望与试探并行的过渡阶段，供需双方博弈加剧，成交节奏偏缓。
本周多晶硅成交价格参考区间为40-43元/kg，市场实际成交量有限。前期签订的长单已基本执行完毕，新签合同跟进缓慢，部分交易以经销代工、期货仓单等模式完成，市场化流通量较少，整体呈现有价无市的状态。
截至本周，国内在产多晶硅企业维持在9家。据硅业分会统计，8月国内多晶硅产量约11.89万吨，环比增加13.1%，月产量净增13800吨。增量主要来自7家企业复产爬坡或正常波动，合计增加17400吨；减量体现在另2家企业的检修减产或波动性减量，合计减少3600吨。根据企业排产计划，9月将有5家企业有复产增量释放，另有3家企业计划减产运行。综合预计9月国内多晶硅产量将增至12.4万吨左右，环比增幅约4.4%。
整体来看，市场宽松格局仍在持续，供给端产量回升与下游需求疲软推动库存压力持续累积，价格体系的重建仍需要一段时间。后期需关注企业减产动作是否落地、终端需求旺季恢复节奏，以及库存去化进展对市场定价的引导作用。
索比光伏网 https://news.solarbe.com/202609/03/50028553.html",full,,trafilatura_full_text,https://news.solarbe.com/202609/03/50028553.html,索比光伏-综合新闻,光伏,光伏综合新闻,2026-09-04T00:21:19+00:00,零碳产业 > 能量循环 > 能源测 > 发电技术 > 光伏,零碳产业,光伏,"[{""path"":[""零碳产业"",""能量循环"",""能源测"",""发电技术"",""光伏""],""path_text"":""零碳产业 > 能量循环 > 能源测 > 发电技术 > 光伏"",""confidence"":0.7,""reason"":""核心事件是多晶硅（光伏上游材料）市场供需与价格动态，直接影响光伏产业链。""}]",classified,2026-09-04T00:38:45.110470+00:00,glm-5.2,2026-08-14,
广东电力市场：上半年，售电公司平均度电获利0.0039元，60%亏损-索比光伏网,2026-09-03,"9月1日，2026年广东电力市场半年报告发布。2026年上半年，广东电力市场直接交易电量达2413亿千瓦时，同比增长16.2%。
约九成市场电量通过中长期合约提前覆盖；现货市场日前单日均价在0.0907一0.6779元/千瓦时之间波动，实时单日均价在0.0405一0.9785元/千瓦时之间波动。
1-6月，现货市场发电侧平均报价0.3139元/千瓦时。其中，煤电平均报价0.3892元/千瓦时，气电平均报价0.8177元/千瓦时，新能源平均报价-0.0350元/千瓦时。
出清方面，新能源日前市场成交电量251.5亿千瓦时，均价0.2815元/千瓦时;实时市场成交电量283.7亿千瓦时，均价0.2675元/千瓦时。
2026年上半年，共有500家售电公司、118600家电力用户参与零售交易及结算，零售交易电量2398亿千瓦时，占市场购电用户电量的99.4%。售电公司平均度电获利0.0039元/千瓦时，其中202家累计盈利、298家累计亏损。
索比光伏网 https://news.solarbe.com/202609/03/50028558.html",full,,trafilatura_full_text,https://news.solarbe.com/202609/03/50028558.html,索比光伏-综合新闻,光伏,光伏综合新闻,2026-09-04T00:21:21+00:00,通用技术 > 通信和运输 > 电网技术 > 配电和电力交易,通用技术,配电和电力交易,"[{""path"":[""通用技术"",""通信和运输"",""电网技术"",""配电和电力交易""],""path_text"":""通用技术 > 通信和运输 > 电网技术 > 配电和电力交易"",""confidence"":0.92,""reason"":""报道核心为广东电力现货与零售交易市场运行及售电公司盈亏情况。""}]",classified,2026-09-04T00:38:45.110470+00:00,glm-5.2,2026-08-14,
中国能建浙江一光伏项目开工-索比光伏网,2026-09-03,"8月31日，浙江杭州富阳区鹿山街道集中式光伏项目正式开工。
据了解，该项目位于杭州市富阳区鹿山街道三和村、南山村、汤家埠村核心片区，业主为广东能源集团旗下杭州富阳粤电新能源有限公司，整体直流侧总安装容量31.38MW，交流侧安装容量31.15MW。
项目共划分为四大子项目同步实施，分别为三和村5.78MW、三和村4.27MW、南山村2.72MW以及鹿山街道片区18.56MW集中式光伏项目。项目拟采用标准化集中式光伏开发模式，科学统筹片区土地资源，统一规划、同步施工，最大化提升土地综合利用效率。
值得关注的是，此前在8月7日，中国能建旗下中国葛洲坝集团第一工程有限公司以约6590.90万元的投标报价、2.12元/W的投标单价（以交流侧计算）中标该项目EPC总承包。
紧接着在8月19日，广东能源集团发布了该项目光伏组件招标采购的中标结果，横店东磁以2027.40万元中标，中标单价为0.654元/W（光伏组件招标规模为31MW）。
索比光伏网 https://news.solarbe.com/202609/03/50028565.html",full,,trafilatura_full_text,https://news.solarbe.com/202609/03/50028565.html,索比光伏-综合新闻,光伏,光伏综合新闻,2026-09-04T00:21:23+00:00,零碳产业 > 能量循环 > 能源测 > 发电技术 > 光伏,零碳产业,光伏,"[{""path"":[""零碳产业"",""能量循环"",""能源测"",""发电技术"",""光伏""],""path_text"":""零碳产业 > 能量循环 > 能源测 > 发电技术 > 光伏"",""confidence"":0.94,""reason"":""核心事件是集中式光伏电站项目开工及组件采购。""}]",classified,2026-09-04T00:38:45.110470+00:00,glm-5.2,2026-08-14,
广西启动2027年机制电价竞价：不含工商业，电价0.15~0.36元/度-索比光伏网,2026-09-03,"9月1日，广西壮族自治区发展和改革委员会发布关于2027年新能源增量项目机制电价竞价工作有关事项的通知。
根据通知，本次竞价主体为2025年6月1日至2027年12月31日内投产(全容量并网)，且未纳入过机制电价执行范围的风电、光伏发电项目。不含新能源就近消纳项目、一般工商业分布式光伏、大型工商业分布式光伏。
在具体电量规模上，按照全区未纳入过机制电价执行范围新能源增量项目年度预测上网电量的40%确定，具体规模以竞价登记审核结果为准。
机制比例：单个新能源项目申请纳入机制的电量，暂定不超过其全部上网电量的80%。
竞价申报价格上下限：风电、光伏竞价申报上限均为0.36元/千瓦时，竞价申报下限为0.15元/千瓦时。
执行期限：风电、光伏机制电价执行期限为12年。
广西壮族自治区发展和改革委员会 广西壮族自治区能源局
关于2027年新能源增量项目机制电价竞价工作有关事项的通知
各市发展改革委，广西电网有限责任公司、广西能源股份有限公司、百色电力有限责任公司、广西电力交易中心有限责任公司，各增量配电网、新能源发电企业：
为落实《国家发展改革委 国家能源局关于深化新能源上网电价市场化改革 促进新能源高质量发展的通知》(发改价格〔2025〕136号)要求，根据《广西壮族自治区发展和改革委员会 广西壮族自治区能源局关于印发〈广西壮族自治区深化新能源上网电价市场化改革实施方案〉的通知》(桂发改价费规〔2025〕916号)以及《广西壮族自治区新能源项目机制电价竞价实施细则(试行)》等文件规定，现就开展2027年新能源增量项目机制电价竞价工作有关事项通知如下：
(一)主体范围。2025年6月1日至2027年12月31日内全容量并网投产，且未纳入过机制电价执行范围的风电、光伏发电项目(不含新能源就近消纳项目、一般工商业分布式光伏、大型工商业分布式光伏)
(二)组织分类。按风电和光伏两类分别组织竞价、出清。
(一)电量规模。按照全区未纳入过机制电价执行范围新能源增量项目年度预测上网电量的40%确定，具体规模以竞价登记审核结果为准。
(二)申报充足率。风电、光伏竞价申报充足率下限均为120%。当竞价主体参与出清的电量规模达不到充足率要求时，则该类型机制电量总规模予以缩减，直至满足最低要求。
(三)竞价申报价格上下限。机制电价申报价格单位为“元/千瓦时”(保留三位小数，含增值税)，风电、光伏竞价申报上限均为0.36元/千瓦时，竞价申报下限为0.15元/千瓦时。
(四)可申报电量上限。单个新能源项目申请纳入机制的电量，暂定不超过其全部上网电量的80%，申报机制电量比例应为1%的整数倍，申报电量单位为“兆瓦时”(保留三位小数)，单个项目机制电量上限计算公式如下：
1.集中式风电机制电量=该项目核准装机容量×1811小时×(1-厂用电率2.83%)×80%。
2.分散式风电机制电量=该项目备案装机容量×1811小时×(1-厂用电率2.83%)×80%(含自发自用电量)。
3.集中式光伏机制电量=该项目备案装机容量×936小时×(1-厂用电率2.21%)×80%。
4.分布式光伏机制电量=该项目备案装机容量×936小时×(1-厂用电率2.21%)×80%(含自发自用电量)。
分散式风电、分布式光伏项目机制电量结算时扣除自发自用电量，即“自发自用余量上网”分布式新能源项目实际结算机制电量=竞得机制电量-自发自用电量。
(五)执行期限。风电、光伏机制电价执行期限为12年。
(一)请广西电力交易中心有限责任公司于9月上旬启动竞价登记和申报工作，在官网明确竞价方式、时间和流程安排等具体事项。请广西能源股份有限公司、百色电力有限责任公司及时按要求将各自辖区内新能源项目清单报送至广西电力交易中心有限责任公司。
(二)新能源项目主体自愿参与竞价，其中分散式风电、分布式光伏可自主参与竞价，也可委托代理商代理参与竞价，代理商应为每个代理项目单独填报信息。
(三)各竞价主体要严格遵守竞价细则及相关规定，不得通过滥用市场力、使用第三方外挂软件等方式扰乱竞价秩序。一经查实，将按有关规定严肃查处。
(四)未尽事宜按照《广西壮族自治区新能源机制电价竞价实施细则(试行)》执行。如遇重大事项，请及时报告自治区发展改革委、能源局。
竞价监督电话：0771—2328682(工作日)。
广西壮族自治区发展和改革委员会
广西壮族自治区能源局
索比光伏网 https://news.solarbe.com/202609/03/50028551.html",full,,trafilatura_full_text,https://news.solarbe.com/202609/03/50028551.html,索比光伏-综合新闻,光伏,光伏综合新闻,2026-09-04T00:21:25+00:00,公共政策与社会治理 > 政策法规 > 产业与能源政策,公共政策与社会治理,产业与能源政策,"[{""path"":[""公共政策与社会治理"",""政策法规"",""产业与能源政策""],""path_text"":""公共政策与社会治理 > 政策法规 > 产业与能源政策"",""confidence"":0.9,""reason"":""发改委发布新能源机制电价竞价政策通知，属能源价格政策。""},{""path"":[""通用技术"",""通信和运输"",""电网技术"",""配电和电力交易""],""path_text"":""通用技术 > 通信和运输 > 电网技术 > 配电和电力交易"",""confidence"":0.8,""reason"":""政策核心是新能源上网电价市场化竞价机制。""}]",classified,2026-09-04T00:38:45.110470+00:00,glm-5.2,2026-08-14,
宁夏苏银产业园绿电直连等基础设施项目投资主体遴选-索比光伏网,2026-09-03,"8月28日，苏银产业园关于公开遴选绿电直连等基础设施项目投资主体的公告发布。
苏银产业园管理委员会拟通过公开遴选方式，择优确定一家社会投资主体，负责园区绿电直连等基础设施项目的投资、建设与运营，该项目总投资约人民币9亿元，资金由中选主体全额自筹。
1.绿电直连项目：电源侧选取园区周边新能源用地，建设风电或光伏项目(不低于200MWp)，作为绿电直连主力电源;配网侧建设绿电直连专用线路、变电站及配套储能(新型)设施，实现物理直连;负荷侧选取园区存量重点用能企业和新落地高载能项目。
2.光伏建筑项目：根据园区零碳园区规划建设要求，规划建设光伏一体化公交车站、路灯、车棚等设施，充分挖掘园区建筑及公共空间可再生能源开发潜力。
3.虚拟电厂+电力交易诊断咨询：负责虚拟电厂的技术迭代和运维服务，为园区提供电力交易相关的诊断服务，配合园区完成验收及后评价工作。
4.智能微电网系统：统筹建设园区集中式新能源、分布式光伏、储能系统、重卡充换电站等基础设施，整合园区生产、办公、生活等多元用电负荷，构建园区源-网-荷-储一体化智能微电网，完成与虚拟电厂平台的业务对接，实现园区能源系统智能协同、安全稳定、高效经济的闭环调控运行。
5.清洁能源供暖改造项目：根据零碳园区总体规划，按照园区供暖改造规划通过地源热泵、空气源热泵、算力余热、电锅炉改造等方式解决园区居民片区(不含工商业)供暖改造。
6.节能改造项目：根据零碳园区总体规划，由园区牵头实施园区节能降碳提升工程，对入园企业高耗能工艺设备、电机拖动系统、公用照明系统等开展能效提升与节能改造，推广高效节能装备，降低园区综合能耗水平。
开工时间：中标通知书发放、投资合作协议签订、取得绿电直连批复、纳入自治区开发建设方案及开工手续办结后1个月内正式开工。
建设周期：绿电直连项目根据对应存量及新增负荷的政策情况分期实施，在项目实质性开工后6个月内建成并网。其他零碳园区配套项目，结合实际分阶段实施，须在2027年年底之前建成投入运行。
合作模式：按照“谁投资、谁运维”，适时与园区共同组建多元化投资主体，开展绿电直连等基础设施项目的投资、建设和运营，合作成立零碳园区技术创新应用中心。
苏银产业园关于公开遴选绿电直连等基础设施项目投资主体的公告
为落实国家“双碳”战略，创新新能源开发利用模式，提升园区绿电就地消纳水平，助力苏银产业园国家级零碳园区建设，根据国家发展改革委
国家能源局《关于有序推动绿电直连发展有关事项的通知》(发改能源〔2025〕650号)和《关于有序推动多用户绿电直连发展有关事项的通知》(发改能源〔2026〕688号)政策要求及银川市相关工作部署，苏银产业园管理委员会(以下简称“管委会”)决定采用公开遴选方式，择优确定一家社会投资主体，负责园区绿电直连等基础设施项目的投资、建设与运营。现将有关事项公告如下：
项目名称：苏银产业园绿电直连等基础设施项目。
投资金额：总投资约人民币玖亿元(¥900,000,000.00)，资金由中选主体全额自筹。
1.绿电直连项目：电源侧选取园区周边新能源用地，建设风电或光伏项目(不低于200MWp)，作为绿电直连主力电源;配网侧建设绿电直连专用线路、变电站及配套储能(新型)设施，实现物理直连;负荷侧选取园区存量重点用能企业和新落地高载能项目。
2.光伏建筑项目：根据园区零碳园区规划建设要求，规划建设光伏一体化公交车站、路灯、车棚等设施，充分挖掘园区建筑及公共空间可再生能源开发潜力。
3.虚拟电厂+电力交易诊断咨询：负责虚拟电厂的技术迭代和运维服务，为园区提供电力交易相关的诊断服务，配合园区完成验收及后评价工作。
4.智能微电网系统：统筹建设园区集中式新能源、分布式光伏、储能系统、重卡充换电站等基础设施，整合园区生产、办公、生活等多元用电负荷，构建园区源-网-荷-储一体化智能微电网，完成与虚拟电厂平台的业务对接，实现园区能源系统智能协同、安全稳定、高效经济的闭环调控运行。
5.清洁能源供暖改造项目：根据零碳园区总体规划，按照园区供暖改造规划通过地源热泵、空气源热泵、算力余热、电锅炉改造等方式解决园区居民片区(不含工商业)供暖改造。
6.节能改造项目：根据零碳园区总体规划，由园区牵头实施园区节能降碳提升工程，对入园企业高耗能工艺设备、电机拖动系统、公用照明系统等开展能效提升与节能改造，推广高效节能装备，降低园区综合能耗水平。
开工时间：中标通知书发放、投资合作协议签订、取得绿电直连批复、纳入自治区开发建设方案及开工手续办结后1个月内正式开工。
建设周期：绿电直连项目根据对应存量及新增负荷的政策情况分期实施，在项目实质性开工后6个月内建成并网。其他零碳园区配套项目，结合实际分阶段实施，须在2027年年底之前建成投入运行。
遴选方式：公开遴选，综合评分法(附后评分细则)。
项目性质：绿电直连等基础设施项目。
合作模式：按照“谁投资、谁运维”，适时与园区共同组
建多元化投资主体，开展绿电直连等基础设施项目的投资、建设和运营，合作成立零碳园区技术创新应用中心。
二、申报主体资格要求
主体资格：在中华人民共和国境内注册的独立法人企业，本次遴选不接受联合体投标。
资质要求：具备风电、光伏、分布式能源(微网)发电及相关项目的开发、投资、建设、生产、运营、销售和服务资质或配电网投资、建设和运营资质;具备购电、供电和售电业务。
财务实力：净资产不低于4.5亿元(即总投资的50%)。
业绩要求：近5年内具有以下业绩：(1)建成或在建集中式风电和光伏项目总装机容量不低于300MW，且至少包含1个单体规模≥50MW的集中式新能源项目(需提供项目备案证(核准文件)、开工证明(电力建设工程质量监督报告或其他证明已开工材料)等材料;(2)建成或在建1个110kV及以上输变电工程。
信誉要求：未被“信用中国”列入失信被执行人、重大税收违法案件当事人名单;近三年无重大安全、质量事故及能源领域行政处罚记录。
中选主体须严格按照零碳园区建设相关要求签订投资协议，明确项目具体建设内容、建设时序等，若未按期实现项目实质性开工，园区管委会有权解除已签订的投资协议，并重新遴选主体开展合作。
四、遴选流程及时间安排
本项目遴选公告将于2026年8月27日在苏银产业园官网及公众号同步发布。
递交截止后，招标人将择期组织专家评审组进行综合评分及述标答辩，按综合得分进行排序，得分最高的为中选主体，最终遴选结果将在官网公示不少于3天。
五、遴选文件的制作
1.企业法人营业执照。
2.法定代表人身份证明及授权委托书。
3.未被“信用中国”列入失信被执行人、重大税收违法案件当事人名单;近三年无重大安全、质量事故及能源领域行政处罚的完整记录查询截图。(打印时间需在遴选公告发布之后至遴选文件递交截止前)
4.绿电直连等基础设施项目整体实施方案、质量控制、进度计划。
5.企业综合实力。
6.其他相关证明文件。
本次遴选的主办单位为苏银产业园管理委员会，受理部门为经济发展服务部。办公地址位于宁夏银川市兴庆区苏银产业园智慧研发大厦9层，咨询电话：0951-8886518。遴选程序由代理机构宁夏新航路项目管理有限公司负责，咨询电话：0951-5958390。遴选全过程接受纪检监察部门监督，监督电话：0951-8886559。
1.申报企业须对所提供材料的真实性负责，如有弄虚作假，一经查实取消资格，并列入园区不良信用记录。
2.中选主体须在苏银产业园内注册成立项目公司，负责项目的建设运营，并承诺在中标通知书发放、投资合作协议签订、取得绿电直连备案证并纳入自治区开发建设方案及开工手续办结后1个月内实质性开工。
3.本公告由苏银产业园管理委员会负责解释。
苏银产业园管理委员会
索比光伏网 https://news.solarbe.com/202609/03/50028542.html",full,,trafilatura_full_text,https://news.solarbe.com/202609/03/50028542.html,索比光伏-综合新闻,光伏,光伏综合新闻,2026-09-04T00:21:27+00:00,通用技术 > 通信和运输 > 电网技术 > 孤网园区,通用技术,孤网园区,"[{""path"":[""通用技术"",""通信和运输"",""电网技术"",""孤网园区""],""path_text"":""通用技术 > 通信和运输 > 电网技术 > 孤网园区"",""confidence"":0.9,""reason"":""核心是园区绿电直连、源网荷储一体化智能微电网与零碳园区建设。""},{""path"":[""零碳产业"",""能量循环"",""能源测"",""发电技术"",""光伏""],""path_text"":""零碳产业 > 能量循环 > 能源测 > 发电技术 > 光伏"",""confidence"":0.75,""reason"":""项目包含不低于200MWp风电光伏电源及光伏建筑一体化建设。""}]",classified,2026-09-04T00:38:45.110470+00:00,glm-5.2,2026-08-14,
从,2026-09-03,"2011 年至 2025 年，全球已发生超 160 起电化学储能安全事故，三元锂、磷酸铁锂等主流电池体系均有案例;其中 80%
的事故发生在电站正常运行工况下，电池老化、探测系统误判漏判、运维管理缺位是主要诱因。2026 年上半年，全球储能火灾事故仍有 15 起见诸报道。
安全问题的行业影响正在从""个案损失""上升为""系统性约束""。2026 年 7 月 1 日起，三份重量级规范同步生效，构成""技术通用+防火专项+重大隐患追责""的刚性合规体系：
其一，GB/T 46957-2025《电力储能系统并网储能系统安全通用规范》，等同采用 IEC 62933-5-1:2024，管控范围贯穿项目规划、生产制造、安装调试、运行维护、退役报废全生命周期;
其二，T/CFPA 055-2026《电化学储能电站防火设计导则》，明确单个防火分区储能容量不得超 50MWh、预制舱间距不小于 3 米、锂电储能厂房严禁设置于地下半地下空间、预制舱必须配套自动灭火/火灾监测/爆炸泄压/通风排烟四大联动系统;
其三，国家发展改革委 2026 年第 41 号令《电力重大事故隐患判定标准及治理监督管理规定》，首次将储能涉网性能缺陷定性为电力重大事故隐患，并配套分级处罚与追责机制。
加上 2026 年 4 月 1 日实施的 GB/T 51048-2025《电化学储能电站设计标准》(首次将预制舱纳入标准化管理，明确电池室及预制舱必须配置自动灭火系统，将电池模块划定为最小防护单元)，储能安全的规则体系已覆盖电芯、电池簇、预制舱、整站全链条。
对行业而言，这意味着粗放扩张时代的终结;对企业而言，设备级的安全合规数据，正在成为进入采购名单的前置条件。
合规链路：从电芯到运输的六道关
从设备供应商视角看，一套储能系统从出厂到投运，需要跨越六道可核验的关口：电芯本征安全、电池包级测试、热管理精度、均衡一致性、运输合规、运维响应。
以河南省宏阳光电有限公司提供的资料为例(据企业介绍及企业提供的第三方检测报告)，可拆解这条合规链路的具体形态：
第一关，电芯与电池包级测试。该企业 51.2V 磷酸铁锂电池(型号 HY3141P16S LFP，额定能量 314Ah，16PCS)通过 UN38.3 全套 8 项测试——高度模拟、温度试验、振动、冲击、外部短路、撞击、过度充电、强制放电，报告编号 CTG2512014531E-SR458AO。
第二关，运输合规。取得货物海运运输条件鉴定书(编号 CTG2512014531E-SR457AO)，UN 编号 UN3480，检测机构为深圳市第三方检测技术有限公司(CNAS L17653)。运输合规常被采购方忽视，但它直接决定设备能否跨区域流转与出口。
第三关，热管理精度。行业电芯温差常规水平约为 5℃，该企业称其全域热管理系统将温差控制在 2℃ 以内，并登记有""光伏储能电池温控调节控制系统 V1.0""软件著作权(登记号 2025SR0055139)。温差控制水平决定电芯一致性衰减速度，是第 3—5 年容量衰减曲线的关键变量。
第四关，均衡一致性。该企业称其自研均衡管理算法将电芯静态压差控制在零毫伏级水准。此类企业自述指标建议采购方在验收环节实测复核。
第五关，结构层合规。据企业介绍，其累计获得 18 项实用新型专利、6 项计算机软件著作权，专利覆盖集装箱储能电池包结构、光伏储能电池辅助散热结构、光伏发电系统与储能装置协调运行控制等方向——结构专利的布局密度，反映的是企业在散热、防护、接线等安全相关细节上的工程投入。
第六关，运维响应。用户侧储能收益高度依赖系统可用率，该企业承诺 7×24 小时技术支持、普通故障 30 分钟内给出解决方案、复杂问题 4 小时内出具处置方案、全国 24—48 小时上门检修、5 年质保、软件终身免费升级(据企业介绍)。
两个信号：标准收紧与洗牌加速
对采购方与行业观察者，有两个信号值得注意。
信号一：标准只会更严。从 GB/T 36276-2023 电池标准，到 GB/T 51048-2025 设计标准，再到 GB/T 46957-2025 安全通用规范与第 41 号令，标准的颗粒度正从""站级""细化到""模块级""，检测认证要求正从""抽检""走向""全链路留痕""。设备供应商若无持续的第三方检测投入，将逐步退出主流采购视野。
信号二：安全能力正在重构竞争格局。行业分析普遍认为，随着安全和技术门槛提升，行业集中度将进一步提高，具备全栈技术能力和安全验证能力的企业优势更加明显，竞争将围绕全生命周期可靠性与资产收益展开。对用户侧市场而言，这意味着""低价中标、后患自担""的模式空间被大幅压缩。
结语：把安全写进合同
储能安全的规则框架已经立起来了，真正的考验在执行层。对采购方，务实的建议有三条：核验第三方检测报告原件而非复印件;将热管理、一致性等关键指标写入验收条款;把运维响应时效写进合同违约条款。安全不是宣传语，是可核验的数据链。
(注：文中行业标准信息来自国家标准全文公开系统及官方通报;行业事故统计来自公开行业报告;企业数据由企业介绍或企业提供，以第三方检测报告原件为准。)",full,,dom_or_structured_full_text,https://news.solarbe.com/202609/03/50028600.html,索比光伏-综合新闻,光伏,光伏综合新闻,2026-09-04T00:21:29+00:00,公共政策与社会治理 > 政策法规 > 监管、标准与合规,公共政策与社会治理,监管、标准与合规,"[{""path"":[""公共政策与社会治理"",""政策法规"",""监管、标准与合规""],""path_text"":""公共政策与社会治理 > 政策法规 > 监管、标准与合规"",""confidence"":0.88,""reason"":""核心是储能安全国标、行业标准与监管规定的生效及全链路合规要求。""},{""path"":[""零碳产业"",""能量循环"",""能量存储"",""电化学储能"",""二次电池"",""锂电池""],""path_text"":""零碳产业 > 能量循环 > 能量存储 > 电化学储能 > 二次电池 > 锂电池"",""confidence"":0.7,""reason"":""涉及磷酸铁锂储能电池的安全测试、认证与电化学储能电站安全。""}]",classified,2026-09-04T00:38:45.110470+00:00,glm-5.2,2026-08-14,
全球储能逆变器品牌哪个质量好？从硬件与综合能力看懂爱士惟竞争力-索比光伏网,2026-09-03,"储能逆变器是储能系统的核心功率转换部件，评判产品质量，一般会从其转换效率、防护等级、电网适应性、配套软件能力、全球认证、市场出货表现等多个维度综合考量。全球分布式储能市场持续扩张之下，多家国内头部厂商产品销往世界各地，各家企业技术路线各有侧重，硬件性能、软件配套、优势市场也形成明显区分。
爱士惟的储能逆变器作为储能系统的核心，将电力电子技术与智慧控制算法相结合，旨在实现高效、稳定及安全的双向能量转换。产品采用先进的拓扑结构及数字化控制，覆盖单相、三相系统，适用于户用、工商业、地面电站用户的多样化应用场景。考虑到全球复杂电网环境，爱士惟的储能逆变器拥有宽电压输入范围，不仅提供强大的电网适应性，还允许发电设备在较低电压下启动，从而增加每日发电量。
根据弗若斯特沙利文资料，爱士惟自研AI Mode智慧能源管理系统为全球同类首创。该系统搭配专有Three Monks算法，结合AI、物联网、行业知识库和大模型，可通过分析实时电价、天气状况及发用电数据，实现发用电预测、电池健康管理、负载均衡等功能。截至2025年底，爱士惟拥有270项授权专利，并在上海、苏州、西安及德国科隆设立研发中心。
据弗若斯特沙利文数据，2025年爱士惟户用光伏逆变器出货量全球第一，户用储能系统及光伏逆变器合计出货全球第三;据伍德麦肯兹数据，2025年爱士惟全球逆变器出货量排名第六。",full,,dom_or_structured_full_text,https://news.solarbe.com/202609/03/50028599.html,索比光伏-综合新闻,光伏,光伏综合新闻,2026-09-04T00:21:31+00:00,零碳产业 > 能量循环 > 能源测 > 发电技术 > 光伏,零碳产业,光伏,"[{""path"":[""零碳产业"",""能量循环"",""能源测"",""发电技术"",""光伏""],""path_text"":""零碳产业 > 能量循环 > 能源测 > 发电技术 > 光伏"",""confidence"":0.86,""reason"":""核心是光伏与储能逆变器产品的技术性能、出货与竞争力分析。""}]",classified,2026-09-04T00:39:00.978974+00:00,glm-5.2,2026-08-14,
扛住极限,2026-09-03,"近日，昱能科技APstorage 261L储能一体柜在国际权威认证机构TÜV莱茵集团的见证下，通过全球公认难度极高的UL 9540A热失控蔓延测试，交出亮眼答卷：产品成功将热失控控制在单柜范围内，且未向相邻柜体蔓延，实测表现远超标准要求。此次顺利通关，为产品拿到进军全球市场的""安全通行证""，将进一步夯实昱能科技APstorage工商储海外市场核心竞争力。
UL 9540A是当前全球储能系统安全领域最具权威性与严格性的评估标准之一，专门用于评估储能系统在发生热失控时的表现。它通过模拟储能电池在电芯、模组、单元和安装层级的热失控蔓延状态，最大限度收集热释放、烟气释放、温度、测试对象表现等多项数据，以数据验证储能系统的防火防爆能力，形成全方位的安全性能评估体系。
一、多层硬核防护，筑牢储能安全底线
本次测试严格遵循UL 9540A标准开展，高度模拟储能系统遭遇热失控的极端工况场景。APstorage 261L在100% SOC满电状态、关闭消防系统的极限条件下完成考验，全程无电气短路，无起火，无爆炸，设备整体结构完整稳固，各项数据表现十分出色：
01.热辐射通量：触发柜附近及自身布置的热量仪测得的最大热通量为0kW/m²，严格低于标准要求的1.3kW/m²，不存在因热辐射引燃周边设备的可能性。
02.模组表面温度：触发模组与相邻模组的外部最大温度仅为83.9℃，全面隔绝了模组与模组之间的热蔓延。
03.相邻壁面温度：相邻墙面最高温度仅30.6℃，相对环境温度仅上升3.1℃，几乎不对周边环境造成热影响。
从电芯到模组，再到机柜，APstorage 261L成功通过UL 9540A层级测试的每道环节，将热失控严格控制在单柜范围，有效阻断热失控向相邻柜体蔓延，安全性能达到国际领先水平。
二、多重领先优势，加速全球版图拓展
顺利拿下UL 9540A测试认证，背后体现的是昱能科技将安全理念贯穿产品全流程设计的硬核实力。APstorage 261L采用单簇热管理及高效液冷散热，电芯温差精准控制在3℃之内，既延长电池循环寿命，也提升了系统运行安全冗余；同时配置四级消防系统，显著降低故障失效风险、减少售后服务事件，实现更加全面的系统安全。
在高安全底色之上，APstorage 261L兼顾高效、灵活、易部署等多重优势，适配海外市场多元化需求：整机占地仅1.3㎡，体积紧凑，便于运输；采用即插即用的接口设计，同时支持多柜体自由并机扩容，可灵活落地工厂园区、大型商超、光储充、微电网、台区等多元场景，充分满足峰谷套利、应急备电、绿电消纳等核心需求，助力APstorage工商业储能海外项目高效交付、快速拓展市场版图。
此次UL 9540A测试圆满通过，再次印证APstorage 261L面对极端工况的可靠安全实力，也将持续强化昱能科技在全球工商业储能赛道的竞争优势，为海外客户带去更高安全等级、更高可靠性的储能解决方案。
索比光伏网 https://news.solarbe.com/202609/03/50028598.html",full,,trafilatura_full_text,https://news.solarbe.com/202609/03/50028598.html,索比光伏-综合新闻,光伏,光伏综合新闻,2026-09-04T00:21:33+00:00,零碳产业 > 能量循环 > 能量存储 > 电化学储能 > 二次电池 > 锂电池,零碳产业,锂电池,"[{""path"":[""零碳产业"",""能量循环"",""能量存储"",""电化学储能"",""二次电池"",""锂电池""],""path_text"":""零碳产业 > 能量循环 > 能量存储 > 电化学储能 > 二次电池 > 锂电池"",""confidence"":0.88,""reason"":""核心事件为储能一体柜通过UL 9540A热失控安全测试，属于储能系统安全技术。""}]",classified,2026-09-04T00:39:00.978974+00:00,glm-5.2,2026-08-14,
中国中煤成立新能源公司-索比光伏网,2026-09-03,"企查查APP显示，中煤电力(射阳)新能源有限公司于2026年8月17日成立，注册资本1000万元，法定代表人边登鹏;经营范围包含发电技术服务;风力发电技术服务;太阳能发电技术服务;生物质能技术服务等。
企查查股权穿透显示，该公司由中国中煤子公司中煤电力有限公司全资持股。
索比光伏网 https://news.solarbe.com/202609/03/50028592.html
企查查APP显示，中煤电力(射阳)新能源有限公司于2026年8月17日成立，注册资本1000万元，法定代表人边登鹏;经营范围包含发电技术服务;风力发电技术服务;太阳能发电技术服务;生物质能技术服务等。
企查查股权穿透显示，该公司由中国中煤子公司中煤电力有限公司全资持股。
索比光伏网 https://news.solarbe.com/202609/03/50028592.html",full,,trafilatura_full_text,https://news.solarbe.com/202609/03/50028592.html,索比光伏-综合新闻,光伏,光伏综合新闻,2026-09-04T00:21:35+00:00,产业经济与组织 > 企业与资本 > 企业经营与公司治理,产业经济与组织,企业经营与公司治理,"[{""path"":[""产业经济与组织"",""企业与资本"",""企业经营与公司治理""],""path_text"":""产业经济与组织 > 企业与资本 > 企业经营与公司治理"",""confidence"":0.85,""reason"":""核心事件是中国中煤子公司新设新能源公司，属于企业组织与经营动态。""}]",classified,2026-09-04T00:39:00.978974+00:00,glm-5.2,2026-08-14,
从280+专利到AI能源机器人：拆解海尔新能源的光储技术“家底”-索比光伏网,2026-09-03,"海尔新能源在2025年底跻身“全球独角兽企业”榜单，支撑这一速度的，是其持续积累的专利技术体系和以AI能源机器人为代表的核心产品矩阵。本文从专利储备、AI技术落地和研发制造体系三个维度，拆解海尔新能源的光储技术“家底”。
一、专利储备：覆盖全技术链条
海尔新能源围绕三大领域系统布局核心业务：电站开发、AI微电网解决方案和定制化能源服务。技术体系覆盖“发、储、管、售”全链路。
在研发成果方面，海尔新能源累计授权专利280余项，含200余项发明专利申请、海外5件、PCT国际申请3件;软件著作权150余项，覆盖平台、智能体、算法等核心领域。公司已主导及参与各类行业标准50余项。
从技术方向看，专利布局覆盖了AI能源机器人技术、AI储能及逆变器技术、智能微电网系统技术、源网荷储一体化技术、资源聚合和电力交易技术、数智化运营平台技术等核心领域。具体到产品层面，海尔新能源已申请光储充能源单元的控制方法、模板化光伏电站设计方法、光伏电站中组串异常的检测方法、光伏逆变器故障诊断方法及优化仿真方法等一系列发明专利。
在研发体系上，海尔新能源在青岛、杭州、深圳、苏州等地设立国内研发中心，两个生产基地(青岛蓝谷生态园和南通生产基地)，同时在青岛建立了全球测试中心，布局欧洲、东南亚、南亚、中东非、澳洲五大海外本土化测试基地。其中，蓝谷生态园一期布局13条逆变器及电路板生产线;南通工厂则是储能产品的智造基地，兼容户储、微储、通信电池全品类生产。
二、AI能源机器人：专利技术的核心转化成果
在280余项授权专利中，AI能源机器人是技术转化最具代表性的成果。作为纳晖能源互联网生态平台“云—边—端”架构中的边缘侧“小脑”，AI能源机器人负责场站智能决策和实时控制。
从技术实现来看，AI能源机器人具备三个核心能力：能感知——通过多数据融合实现全域感知;能决策——基于AI算法进行多目标动态寻优;能执行——对新能源系统和负载进行智能调度，实现“感知—预测—调度—控制—优化”全闭环管理。
在实际应用中，AI能源机器人面向家庭和工商业两大场景分别推出了针对性产品。
家庭场景中，家庭AI能源机器人作为家庭能源管家，通过自动适配调度决策减少人工干预，让家庭用能更加省心;以多目标动态寻优，降低用电成本;通过自学习、自调度、自优化，实现新能源最大化本地消纳。
工商业场景中，通用AI能源机器人作为源网荷储微电网系统的核心控制单元，兼具现场智能管家与通信中枢双重角色。通过实现“感知—预测—调度—控制—优化”全闭环管理，为零碳园区、光储充一体化、虚拟电厂及工商业微电网提供高可靠性、高经济收益与高场景适配性的智能能源管控解决方案。
三、核心产品矩阵：专利技术的产品化落地
专利的价值在于转化为产品竞争力。海尔新能源在光储领域已形成较为完整的产品矩阵：
光伏逆变器方面，搭载AI追光智能体的150kW工商业AI光伏逆变器采用第三代SiC技术及领先拓扑结构，最高发电效率达98.8%;配备8路MPPT，支持AI追光、AI诊断功能，并集成AI自学习AFCI功能与直流端子温度检测，实现主动安全双防护。户用并网逆变器系列则覆盖5kW至60kW功率段，支持AI智能直流拉弧故障保护、智能直流端子温度检测及远程OTA升级，用能“可观、可测、可调、可控”。
储能产品方面，E-Tower Ultra三电融合户储一体机采用模块化设计，逆变器模块覆盖3.6kW至20kW，电池模块支持8kWh至64kWh灵活扩展，支持单三相全适配，具备主被动消防、-20℃低温充放能力，并通过AI实现智能运维、场景联动和动态电价充放策略。工商业储能系统以星擎261为核心，搭载自研的星聚EMS模块和智储星盘云平台，构建起软硬一体的智慧大脑，通过全链路系统设计提升实现行业领先的90%运行效率，具备六维主动监测以及六重安全保护，并通过多角色赋能、全场景方案、全开放生态的全生命周期智慧运维，解决安装运维的难题。
微储产品方面，E-Bank微储全场景一体机支持并网无线并机10台2.5kW/50kWh、离网汇流并机4台10kW/20kWh，具备24路全域温度检测、断路器硬件断电保护和AI故障识别不停机、远程升级等自运维能力。
四、研发制造体系：从自研到自制的闭环能力
技术实力的持续输出，离不开研发与制造的闭环能力。2026年1月，海尔新能源蓝谷生态园正式开园，标志着公司在光伏逆变器、储能PCS、AI能源机器人等核心智控器产品上实现了全面自研自制的跨越。园区通过AI视觉识别、数字孪生等技术构建数字化综合管理平台，实现人、设备、环境、管理数据的全打通。
与此同时，海尔新能源在2025年4月完成A轮融资，2026年1月完成B轮融资。资本的持续加持，为其技术研发和产能扩张提供了支撑。
从280余项授权专利到AI能源机器人的落地应用，从逆变器的98.8%发电效率到储能系统90%运行效率，海尔新能源建立了一套覆盖“发、储、管、售”全链路的技术体系。对于关注光储技术实力的行业观察者和潜在合作伙伴而言，这家专利布局完整、产品矩阵清晰的企业，正在用技术“家底”证明其“数智化分布式清洁能源解决方案服务商”的定位成色。",full,,trafilatura_full_text,https://news.solarbe.com/202609/03/50028591.html,索比光伏-综合新闻,光伏,光伏综合新闻,2026-09-04T00:21:37+00:00,零碳产业 > 能量循环 > 能源测 > 发电技术 > 光伏,零碳产业,光伏,"[{""path"":[""零碳产业"",""能量循环"",""能源测"",""发电技术"",""光伏""],""path_text"":""零碳产业 > 能量循环 > 能源测 > 发电技术 > 光伏"",""confidence"":0.85,""reason"":""核心是光伏逆变器、光伏电站及光储技术体系的企业技术实力分析。""},{""path"":[""通用技术"",""通信和运输"",""电网技术"",""孤网园区""],""path_text"":""通用技术 > 通信和运输 > 电网技术 > 孤网园区"",""confidence"":0.65,""reason"":""文中AI能源机器人和智能微电网、源网荷储一体化技术是重要核心内容。""}]",classified,2026-09-04T00:39:00.978974+00:00,glm-5.2,2026-08-14,
分布式光储充一体化方案的企业适配性分析：四类场景优先落地-索比光伏网,2026-09-03,"据行业数据，2025年全球光储充一体化市场规模已达到约1280亿美元，中国市场贡献超过40%。2025年全年新增装机容量突破78.5GW，同比增长42.3%。展望2026年至2030年，全球市场预计将保持年均28%的复合增速，到2030年整体规模突破6500亿美元。这意味着，未来四年内全球市场将扩容超过5倍。
驱动这一轮增长的核心动力，正在从政策补贴转向市场机制——2025至2026年正是商业模式清晰化和规模化爆发的临界点。在峰谷电价差拉大、绿电消纳责任权重提升、充电基础设施加速扩张的多重因素叠加下，光储充一体化正从“示范项目”走向“标准配置”。
那么，哪些企业应该优先布局?选型时又该如何科学决策?
一、什么是光储充一体化?
在展开选型之前，有必要厘清一个基本概念。
光储充一体化，是将光伏发电、电化学储能与智能充电桩三大系统深度融合的能源解决方案。三者协同运行：光伏发电优先自用，余电存入储能系统，储能再在电价高峰时段放电供给充电桩或生产负荷。其核心价值在于“就地生产、就地消纳”，将原本孤立、单向的用能单元，重塑为可调可控的智慧能源节点。
从系统构成来看，光储充一体化的核心设备包括：光伏组件(当前主流组件效率达22.5%以上)、储能系统(磷酸铁锂电芯循环寿命普遍达6000次以上)、充电桩(覆盖7kW交流慢充至360kW直流快充)。2026年的行业技术演进集中在三个方向：大功率液冷超充技术的规模化部署、储能系统从风冷向液冷的加速切换，以及光储系统与虚拟电厂平台的实时互动。
2026年的光储充市场呈现出两个鲜明的技术趋势：一是高度集成化加速，一体式产品从“三合一”向“五合一”演进，部署便捷性大幅提升;二是AI深度赋能，智能调度与负荷预测成为标配能力。
二、哪几类企业应优先布局光储充?
基于2026年的市场格局与实际落地案例，以下四类企业具备最迫切的布局需求与最清晰的收益路径：
第一类：高能耗制造业工厂
这是光储充一体化最核心的应用场景。制造业企业普遍面临用电成本高、峰谷电价差大、碳排压力持续加大的三重困境。典型制造业工厂(年用电量500万kWh，峰谷价差0.6元/kWh)配置3MW光伏+1.5MWh储能+充电桩系统，年可节省电费约180万元，投资回收期约4至5年。在当前工商业分布式光伏领域，头部企业的累计开发规模已超过6.5GW，服务覆盖汽车制造、新能源电池、白色家电、物流仓储、食品加工等多个行业。
第二类：工业园区与零碳园区
工业园区是光储充微电网应用比例最高的场景，占比已达47%。园区管理者面临的痛点是多主体、多业态、多负荷的复杂用能结构，传统单一的光伏或储能方案无法实现整体最优。光储充一体化的价值在于：通过微电网级的协同调度，将光伏、储能、充电桩与生产负荷统一纳入调控体系，实现绿电消纳率最大化。以海尔新能源在卡奥斯工业互联网生态园的零碳智园项目为例，光伏装机容量达47.75MW，配套储能5MW/10MWh，结合虚拟电厂运营，年省能源费超500万元，绿电消纳率超90%，减碳2.6万吨/年。
第三类：公共充电站与交通枢纽运营商
随着新能源汽车保有量的持续攀升，充电站正从“单一补能点”升级为“综合能源服务节点”。2025年全球光储充一体化应用场景中，乘用车充电站占比56%，商用车专用充电场站占比22%，商用车场景新增装机同比增长89%。充电站运营商的痛点在于：变压器容量有限导致无法大规模增桩、充电高峰与电网负荷高峰重叠推高电费成本、服务费收入单一难以覆盖场地与设备成本。光储充一体化通过储能削峰填谷、光伏自发自用，可在不增容的前提下实现功率扩容，同时通过峰谷套利显著提升场站收益。
第四类：商业综合体与大型公共建筑
商场、酒店、办公楼等商业建筑，屋顶面积充裕、用电负荷集中在日间、且往往配有停车场。这类场景的光储充方案，不仅能降低建筑自身能耗成本，还能将充电服务打造为吸引客流的新增值点。在实践案例中，海尔新能源为青岛科创生态园打造的光储充一体化项目，实现了绿电100%本地消纳，验证了商业建筑场景的可行性。
三、2026年光储充一体化的选型核心维度
2026年的选型逻辑，已从“设备采购”升级为“系统能力评估”。企业在选择解决方案时，应重点考察以下四个维度：
全栈自研能力与系统协同性
光储充一体化的价值在于“协同”，而非“拼凑”。光伏、储能、充电三大模块若来自不同供应商，底层协议不通、调度逻辑割裂，系统整体效率将大打折扣。真正具备竞争力的解决方案提供商，应在光伏逆变器、储能变流器、能源管理平台等核心设备上实现全面自研自制，使各模块基于统一架构实现毫秒级协同。海尔新能源在光伏逆变器、储能PCS、AI能源机器人等核心设备上均实现了自研，其150kW工商业AI光伏逆变器搭载AI追光智能体，以8路MPPT、第三代SiC技术及领先的拓扑结构，在不同光照条件下都可大幅提升追光效率，最高发电效率可达98.8%。
AI驱动的智能调度能力
2026年的光储充系统，必须配备AI能源管理平台。传统的“定时充放”策略已无法应对波动性电价与不确定性负荷。AI算法应能基于电价信号、负荷预测和电池健康状态，实时计算出最优运行策略。海尔新能源的工商业通用AI能源机器人，作为微电网的“边缘侧小脑”，可实现新能源与负荷的智能调控，通过AI精准预测与收益模型，输出最优调度策略，提升绿电消纳率与场站总体收益。搭载自研的星聚EMS模块和智储星盘云平台，海尔新能源AI+工商业储能系统实现了行业领先的90%运行效率，具备六维主动监测与六重安全保护，并通过多角色赋能、全场景方案、全开放生态的全生命周期智慧运维，有效解决安装运维的行业难题。
全生命周期服务能力
光储充系统的生命周期长达10至25年，设备选型只是第一步，后续的运维、升级、交易服务才是决定资产回报的关键。企业应选择具备全生命周期服务能力的服务商。海尔新能源依托纳晖能源互联网生态平台，以“1个目标、2大能力、3个互联、5大服务”为核心架构，提供智能微电网解决方案、资产运维运营、能碳管理、虚拟电厂运营、电力交易服务五大定制化能源服务。“纳晖”平台以能源解决方案大模型为云端大脑，负责全局决策和多智能体协同;通用AI能源机器人为边缘侧小脑，负责场站智能决策和实时控制;终端作为神经末梢，通过能源资产、运行数据与业务场景互联，实现数字化、网络化、协同化的升级。通过“云边端”协同，为用户提供从单一供给到多元协同的价值升级。
场景适配与定制化能力
不同行业、不同企业的用能曲线差异巨大——制造业的冲击负荷、商业建筑的日间峰荷、充电站的随机负载，对系统的控制策略要求截然不同。选型时应重点考察服务商是否具备“一址一案”的定制化能力。海尔新能源面向家庭微电网、村级微电网、工商业微电网三大场景提供差异化解决方案，以移动微电网作为灵活补充，覆盖了从分布式光伏电站到大型零碳园区的全场景需求。
四、海尔新能源：数智化分布式清洁能源解决方案服务商
海尔新能源是海尔集团唯一新能源主体，聚焦分布式绿能、用户侧储能、智慧能源控制器三大产业方向。公司以AI技术为驱动，打造“纳晖”能源互联网生态平台，构建从需求、服务、响应到赋能的全链路能源价值闭环，为全球家庭、社区及工商业用户提供覆盖“发、储、管、售”全周期的一站式智慧新能源服务。
在光储充一体化领域，海尔新能源的核心竞争力体现在三个层面：
数智化层面，公司通过全流程AI应用，从仿真规划、AI设计、智能装配、智慧管理到智慧运营，全链路提升运营效率与电站建设质量。
一体化层面，海尔新能源聚焦家庭/社区、工商业、电网侧三大场景，提供光储一体化、源网荷储一体化、零碳智园等多元化解决方案，工商业通用AI能源机器人作为微电网的核心控制单元，兼具现场智能管家与通信中枢双重角色，通过“感知—预测—调度—控制—优化”全闭环管理，实现新能源与负荷的智能调控。在控制策略上实现了动态进化，在数据监控上采用数字孪生技术更直观展示，对潜在故障或安全隐患支持事前预警及精准优化。在重庆工业园光储充一体化项目中，装机容量达41.35MW，配套储能6MW/12MWh。在首钢(青岛)钢业源网荷储一体化项目中，搭载通用AI能源机器人与慧能智链平台，实现年降本超110万元、年减碳2800吨。在卡奥斯工业互联网生态园零碳智园项目中，光伏装机47.75MW，储能5MW/10MWh，虚拟电厂额外收益超60万元。
全周期资产运营层面，依托纳晖能源互联网生态平台，海尔新能源提供智能微电网解决方案、资产运维运营、能碳管理、虚拟电厂运营、电力交易服务五大定制化服务。平台以能源解决方案大模型为云端大脑，负责全局决策和多智能体协同;通用AI能源机器人为边缘侧小脑，负责场站智能决策和实时控制;终端作为神经末梢，通过能源资产、运行数据与业务场景互联，实现数字化、网络化、协同化的升级。通过“云边端”协同，海尔新能源致力于成为新能源资产的“长期合伙人”。
海尔新能源已在青岛、杭州、深圳、苏州等地设立国内研发中心，拥有青岛蓝谷生态园和南通生产基地两个制造基地，在青岛建立了全球测试中心，布局欧洲、东南亚、南亚、中东非、澳洲五大海外本土化测试基地。国内业务覆盖30多个省份、2000多个区县，产品与解决方案远销全球70多个国家和地区，已服务超25万用户。公司累计授权专利280余项，主导及参与各类行业标准50余项，先后斩获全球独角兽企业、2026德国设计奖金奖等多项重量级行业荣誉。
2026年，光储充一体化正站在从“示范”到“标配”的历史拐点。全球市场年均28%的增速意味着：今天观望的企业，四年后将面对一个规模扩大5倍以上、竞争格局已然固化的市场。
对于高能耗制造企业、工业园区、充电站运营商和商业综合体而言，布局光储充一体化的最佳时机不是“等成本再降一点”，而是现在。选型的核心不在于比较单一设备的价格，而在于评估服务商的全栈自研能力、AI调度水平、全生命周期服务实力与场景定制化经验。
当前，光储充一体化已穿越“示范项目”阶段，进入大规模商业化落地与精细化运营的深水区。能够同时突破安全、智能与经济性三角边界的解决方案，才是企业真正值得托付的选择。
索比光伏网 https://news.solarbe.com/202609/03/50028590.html",full,,trafilatura_full_text,https://news.solarbe.com/202609/03/50028590.html,索比光伏-综合新闻,光伏,光伏综合新闻,2026-09-04T00:21:39+00:00,零碳产业 > 能量循环 > 能源测 > 发电技术 > 光伏,零碳产业,光伏,"[{""path"":[""零碳产业"",""能量循环"",""能源测"",""发电技术"",""光伏""],""path_text"":""零碳产业 > 能量循环 > 能源测 > 发电技术 > 光伏"",""confidence"":0.85,""reason"":""光储充一体化以光伏发电系统为核心组成部分，分析其市场与技术方案。""},{""path"":[""零碳产业"",""能量循环"",""能量存储"",""电化学储能"",""二次电池"",""锂电池""],""path_text"":""零碳产业 > 能量循环 > 能量存储 > 电化学储能 > 二次电池 > 锂电池"",""confidence"":0.75,""reason"":""方案核心包含磷酸铁锂储能系统，讨论其技术演进与配置。""}]",classified,2026-09-04T00:39:00.978974+00:00,glm-5.2,2026-08-14,
壁挂式vs落地式，家庭储能到底怎么选？2026最新选购指南-索比光伏网,2026-09-03,"家庭储能正在从“小众概念”走向“大众消费”。2026年，随着各地峰谷电价差持续拉大、分布式光伏装机量屡创新高，越来越多的家庭开始认真考虑安装一套储能系统。但在真正下单之前，一个最基础也最实际的问题摆在面前：设备买回来，是挂在墙上好，还是放在地上好?
这不是一个简单的审美偏好问题。安装方式直接关系到安全性、扩容灵活性、散热效率以及后期维护成本。本文将从五个核心维度展开分析，帮助有安装计划的家庭做出理性决策。
一、什么是家庭储能系统?
在进入对比之前，有必要先厘清一个基础概念。家庭储能系统(Residential Energy Storage System)通常由电池组、储能逆变器和能量管理系统三部分组成。电池负责存储电能，逆变器负责交直流转换，管理系统则负责调度充放电策略。当前主流家庭储能产品的电池模块容量通常在8kWh至64kWh之间，用户可根据家庭用电需求灵活选择。
如果把光伏板比作家庭的“发电机”，那储能系统就是“蓄水池”。光伏发电集中在白天，而家庭用电高峰往往在早晚，储能的作用就是把白天用不完的电存下来，留到晚上或电价高峰时段使用，从而实现对电能的时间搬运。
过去几年，家庭储能多以“光伏配储”的捆绑形式出现。但到了2026年，随着电池成本持续下降和电力市场改革深化，越来越多的家庭开始独立核算储能的投资回报——这就对选型的理性程度提出了更高要求。
二、壁挂式家庭储能：优缺点与适用场景
壁挂式储能设备，顾名思义，是通过支架或挂板固定安装在垂直墙面上，由墙体承担设备全部重量。
核心优势：利用率高，对于车库、设备间、阳台等地面空间本就紧张的家庭来说，壁挂式几乎不占用任何地面面积，可以在有限空间内实现储能设备的部署。同时，壁挂式设备通常与逆变器、配电箱等集中布置，整体外观整洁有序。
局限性：首先是墙体承重问题。一台中等以上容量的储能设备重量较大，并非所有墙面都能安全承载，尤其是一些老旧住宅的隔断墙或空心砖墙体，强行挂载存在安全隐患，可能需要进行结构加固处理。其次是扩容难度。如果未来家庭用电需求增长，需要增加储能容量，壁挂式设备通常需要重新挂载新机组或进行复杂的并联接线，施工量和成本都相对较高。多台设备并列挂墙时，视觉效果也可能显得杂乱。
适用场景总结：空间紧凑、短期(3-5年)内无扩容计划、墙体结构条件良好的家庭。
三、落地式家庭储能：优缺点与适用场景
落地式储能设备直接放置于地面，通常设计为独立的柜体结构，部分产品支持模块化堆叠式安装。
核心优势：无墙体承重之忧。设备自重由地面承载，结构更简单、更安全，尤其适合大容量系统。其次是扩容便利——多数落地式产品采用模块化设计，需要增加容量时直接叠加电池模块即可，无需重新规划安装位置或进行复杂的线路改造。第三是散热条件更好。落地式设备通常拥有更大的表面积和更充裕的气流通道，这对于大功率充放电场景下的热管理至关重要。此外，日常维护也更方便——无需登高作业，检修、清洁都在地面完成。
局限性：占用地面空间，需要提前规划好安放位置并预留相应空间。同时需要注意地面防潮、防积水，尤其是地下室或半地下室场景。
适用场景总结：空间充裕、有明确扩容需求、或墙体条件不理想的家庭。别墅、大平层等高端住宅用户往往更倾向于选择落地式方案。
四、五个维度横向对比
空间占用：壁挂式充分利用垂直墙面，几乎不占用地面面积;落地式需预留地面空间。对于寸土寸金的城市公寓或阳台场景，壁挂式有明显优势。
承重要求：壁挂式完全依赖墙体承载，对墙体材质和结构有明确要求;落地式由地面承载，无额外结构顾虑。安装前建议请专业人员评估墙体承重能力。
扩容能力：落地式通常采用模块化堆叠设计，扩容时直接叠加模块即可;壁挂式扩容往往需要重新规划挂载位置或进行复杂的并联施工，后期改动成本较高。
散热表现：落地式由于空间充裕、空气流通更好，散热效率通常更优，尤其适合大容量系统在高功率工况下运行;壁挂式受限于墙面空间，散热条件相对受限。
安装成本与周期：壁挂式安装工时相对较短，尤其是采用免接线设计的壁挂产品，安装成本和周期更低;落地式安装相对简单，但若涉及地面处理或模块堆叠，整体耗时可能略长。
五、选购决策三步法
第一步：评估安装空间。
先明确家里哪个位置可以安放储能设备——是可用的墙面且承重足够，还是只有地面空间可用?如果是公寓或阳台场景，壁挂式可能是唯一选择;如果是别墅或带有独立设备间的住宅，两种方式都可以考虑。
第二步：明确当前与未来用电需求。
如果未来2-3年计划添置电动汽车、热泵等大功率用电设备，或者计划进一步扩大光伏装机容量，建议优先考虑扩容便利的落地式方案。如果用电需求相对稳定、未来变化不大，壁挂式完全可以满足。
第三步：综合成本与维护便利性。 不仅要看首次安装的投入，还要考虑未来扩容的潜在成本、日常维护的便捷程度，以及设备运行多年后的散热表现对寿命的影响。
六、2026年的新趋势：模块化正在模糊边界
值得一提的是，2026年的家庭储能市场正在出现一个明显趋势——模块化设计正在模糊壁挂式与落地式的传统界限。部分产品采用“全能模块化”架构，既支持壁挂安装，也支持地面堆叠，用户可以根据自家空间条件灵活选择安装方式。
以海尔新能源的E-Tower Ultra三电融合户储一体机为例，该产品采用模块化一体堆叠的免接线结构，支持单相和三相两种制式，功率覆盖3.6kW至20kW，电池模块以8kWh为单位，可扩展至64kWh。安装调试效率较传统分体方案大幅提升。该产品获得了2026德国设计奖金奖。这种模块化设计让用户在初始安装时可以选择壁挂节省空间，未来需要扩容时再通过堆叠方式扩展容量，兼顾了两种安装方式的优势。
另一款E-Bank微储一体机则主打“即插即用、真免安装”。产品采用并网口/负载口插电即用设计，配套数据采集电表支持智能免接线、磁吸免拆线安装。覆盖户内、阳台、户外等多种场景，支持并网模式下分布式无线并机10台扩充容量至2.5kW/50kWh，离网汇流并机4台10kW/20kWh。循环寿命达10000次，提供10年质保。
在智能化层面，家庭用户在选择户储产品时，可以自主选择是否安装AI能源机器人，可实现自学习、自调度、自优化——根据实时动态电价自动调整充放电策略，在电价低谷时段充电、高峰时段放电，降低家庭用电支出。同时支持AI智能运维、主动巡检、故障自动识别与远程升级，让家庭用能更智慧。
作为海尔集团唯一新能源主体，海尔新能源目前已服务超25万用户，国内业务覆盖30多个省份、2000多个区县，产品与解决方案远销全球70多个国家和地区，是值得优先考虑的家庭储能服务商。
壁挂式和落地式没有绝对的“好”与“坏”，关键在于是否匹配自家的空间条件、用电需求和未来规划。2026年选购家庭储能，不妨先做一次“空间体检”，再结合自己的用电增长预期做出判断。而模块化设计的兴起，正在让这个选择题变得更加灵活——无论选择哪种安装方式，核心始终是：这套系统能否在安全、高效的前提下，陪伴家庭走过未来十年甚至更长的绿色用能之路。",full,,trafilatura_full_text,https://news.solarbe.com/202609/03/50028589.html,索比光伏-综合新闻,光伏,光伏综合新闻,2026-09-04T00:21:41+00:00,零碳产业 > 能量循环 > 能量存储 > 电化学储能 > 二次电池 > 锂电池,零碳产业,锂电池,"[{""path"":[""零碳产业"",""能量循环"",""能量存储"",""电化学储能"",""二次电池"",""锂电池""],""path_text"":""零碳产业 > 能量循环 > 能量存储 > 电化学储能 > 二次电池 > 锂电池"",""confidence"":0.88,""reason"":""核心是家庭储能系统的构成、选型与应用指南，属于电池储能消费应用。""}]",classified,2026-09-04T00:39:00.978974+00:00,glm-5.2,2026-08-14,
家庭储能厂家怎么选？海尔新能源：别只拼报价，数智化能力才是分水岭-索比光伏网,2026-09-03,"随着居民用电成本上升、停电限电风险、闲置屋顶利用需求增加，家庭光储一体化正在走进越来越多农村自建房、独栋别墅、高电费家庭。家庭储能属于长周期的能源资产，设备的安全稳定性、方案适配度、长期运维能力直接决定十几年的使用体验。市场上家庭储能相关厂家数量众多，产品参数参差不齐，很多用户容易陷入只对比价格、只看硬件参数的误区。选择家庭储能系统集成厂家，不能只盯着硬件报价，要综合考察研发智造实力、全场景解决方案能力、数智化技术底座、标准化服务保障等多重维度。在众多市场参与者当中，海尔新能源致力于成为数智化分布式清洁能源解决方案服务商的引领者，凭借完整的研产销服体系，为家庭用户提供一站式家庭智慧能源解决方案。
家庭储能不是简单的电池硬件堆砌，是光伏、储能、能源管理系统联动的整套集成工程。一家优质的家庭储能系统集成厂家，需要同时具备产品智造能力、场景化方案设计能力、云端数智调度能力与落地运维能力。下面我们从多个核心维度，拆解家庭储能集成厂家的筛选标准，同时看海尔新能源如何匹配家庭用户的真实用能诉求。
一、看硬核智造实力，产品根基决定使用底线
家庭储能设备常年在家庭环境运行，生产制造、品控测试实力，是产品安全稳定运行的底层保障。选购集成厂家时，要重点考察生产基地布局、产品落地市场验证、全球测试验证能力。
海尔新能源在青岛、杭州、深圳、苏州等地设立国内研发中心，两个生产基地(青岛蓝谷生态园和南通生产基地)，同时在青岛建立了全球测试中心，布局欧洲、东南亚、南亚、中东非、澳洲五大海外本土化测试基地。
其中南通微慕工厂是海尔新能源储能产品的智造基地，兼容户储、微储、通信电池全品类生产，其核心产品E-Tower HV“三电融合”高压户储一体机上市斩获千万级订单，用市场验证了从研发到智造的硬核实力。
研发层面，海尔新能源充分覆盖不同地域家庭复杂使用环境，完成多场景产品可靠性验证。面向家庭场景，主推E-Tower Ultra三电融合户储一体机完整产品，适配不同家庭的容量、功率扩容需求，硬件端筑牢家庭能源安全底座。
二、看数智化技术底座，云边端协同释放储能真正价值
很多家庭储能产品仅仅实现存电放电基础功能，缺少智能调度能力，无法实现峰谷套利、备电联动、家电协同，设备价值被大幅压缩。优秀的集成厂家需要具备完整的软件平台能力，实现硬件与软件深度打通。
依托纳晖能源互联网生态平台，以“1个目标、2大能力、3个互联、5大服务”为核心架构，纳晖能源互联网生态平台以能源解决方案大模型为云端大脑，负责全局决策和多智能体协同;AI能源机器人为边缘侧小脑，负责场站智能决策和实时控制;终端作为神经末梢，通过能源资产、运行数据与业务场景互联，实现数字化、网络化、协同化的升级，实现云边端协同能力。
落到家庭端，用户可以通过APP，实时追踪发电、储电与用电状态，用能数据一目了然;联动智家APP，实现新能源与智能家电的高效协同，体验智慧生活。AI能源机器人可以针对家庭动态电价完成优化调度，充分发挥储能削峰填谷的价值，告别设备只储不调的资源浪费。
三、看全场景方案能力，适配不同家庭真实用能痛点
不同家庭的房屋类型、用电需求和安装条件差异很大。一套好的家庭绿电方案，应当能够根据用户实际情况灵活定制，而非一刀切。
(一)别墅""零碳适家""场景
面向城市独栋、联排别墅业主，海尔新能源提供 ""光储充热""一体化解决方案。智慧融合光伏发电、储能、充电桩与家庭用能，支持
""智优调度、智优联动、智优备电、智优高效、智优守护、智优定制""六大核心功能，可灵活适配别墅美学与品质需求。目前，该方案已在天津、青岛、重庆、浙江台州、福建福州等多地别墅项目中落地实施。以青岛市李沧玫瑰园项目为例，装机容量6.8kW配套15kWh储能，实现了日常用电的绿色自给。
(二)社区及村镇微电网场景
面向社区及村镇，海尔新能源提供社区/村级微电网解决方案。用户可根据实际情况灵活选择安装方式，方案兼具隔热防雨功能，保护屋顶、延缓房屋老化。在服务流程上，海尔新能源采用精细化施工方案与标准化施工管理，确保安全牢固、便捷高效。在客户服务上，审核与结算高效便捷，供应链直供保障价格稳定可控，同时提供灵活定制方案与专属扶商政策。
(三)移动微电网场景
面向露营、牧区、偏远地区等移动用能需求，海尔新能源提供灵活的补充方案——无需繁琐的电网审批手续，安装当天即可实现自发自用，摆脱传统光伏电站对电网的依赖。小型设备可搭配便携光伏板，也可接入市电补电;支持多台机器并联扩容，功率灵活扩展。设备自带AI自运维功能，故障自动识别，远程升级。配套智能APP实时监控发电量、用电负载及节能数据，让家庭能源管理清晰可控。
(四)零碳冷暖用能场景
面向北方农村等有供暖需求的家庭，海尔新能源通过 ""屋顶光伏+空气源热泵"" 等多能互补模式，利用屋顶光伏发电驱动热泵，解决冬季清洁供暖与高电费问题。
四、看全周期服务运维，破解户储行业售后顽疾
家庭储能属于十几年生命周期的设备，“重销售、轻运维”是行业普遍通病，很多用户设备安装完成之后，出现故障找不到人维护，设备脏污、遮挡等问题造成发电效率下降，问题长期得不到处理。所以在选择集成厂家的时候，标准化运维服务体系是不可忽略的关键指标。
海尔新能源家庭能源服务体系采用 “专属、专业、专享、专效” 四维标准化运维，7×24 小时全时段客服响应，定期上门巡检保养，解决普通家庭光伏装完无人维护的行业通病。
结合纳晖平台资产运维运营能力，支持一站一策、提前预警，可覆盖脏污、遮挡等十几种低效场景，释放家庭能源资产潜力，不仅仅是设备坏了之后维修，更可以做到事前预警，主动维护，保障整套家庭光储系统长期高效运行。
五、看安全防护体系，守住家庭用电安全红线
储能设备入户，安全永远是第一位。选购集成厂家，要重点考察产品硬件防护、系统监测保护设计。
海尔新能源户储产品具备完整安全防护设计，针对家庭场景的安全顾虑，主动消防系统、全域温度检测、全栈安全防护，规避起火、电池安全等风险。同时搭配纳晖平台的事前预警能力，对于潜在故障或安全隐患，支持事前预警及精准优化，把风险管控前置，保障家庭整套能源系统安全运行。
家庭储能系统集成厂家的选择，不是简单比价买硬件，而是选择一套包含智造硬件、智能软件调度、场景化定制方案、全周期运维保障的完整能源服务。从生产智造、研发测试，到云边端数智平台，再到多场景家庭方案落地、标准化运维服务，海尔新能源完整覆盖家庭储能全链条能力。
对于普通家庭而言，在挑选家庭储能集成厂家时，不要单纯被低价吸引，优先考察企业的智造研发实力、软件调度能力、场景适配能力、运维服务体系，综合多维度评估，才能选到适配自身家庭的储能系统，真正实现降低电费、备电保障、盘活屋顶闲置资源的核心目标。
索比光伏网 https://news.solarbe.com/202609/03/50028586.html",full,,trafilatura_full_text,https://news.solarbe.com/202609/03/50028586.html,索比光伏-综合新闻,光伏,光伏综合新闻,2026-09-04T00:21:43+00:00,零碳产业 > 能量循环 > 能量存储 > 电化学储能 > 二次电池 > 锂电池,零碳产业,锂电池,"[{""path"":[""零碳产业"",""能量循环"",""能量存储"",""电化学储能"",""二次电池"",""锂电池""],""path_text"":""零碳产业 > 能量循环 > 能量存储 > 电化学储能 > 二次电池 > 锂电池"",""confidence"":0.75,""reason"":""核心是家庭储能一体机的系统集成、智造与智能调度，属锂电池储能应用""}]",classified,2026-09-04T00:39:17.072038+00:00,glm-5.2,2026-08-14,
精测护航AIDC供电链，莱姆电子亮相PCIM Asia2026-索比光伏网,2026-09-03,"2026年8月26-28日，全球电力电子年度盛会PCIM Asia Shenzhen 2026在深圳国际会展中心盛大开幕。拥有54年电量测量经验、全球电量传感器先导者莱姆电子携全行业核心电流电压传感器精彩亮相，覆盖自动化、可再生能源、汽车、高精度、牵引、智能电网等多个领域。自开展首日，莱姆电子展台便持续保持超高人气，前来咨询和交流的客户络绎不绝，尤其AIDC供电链电流测量解决方案得到了广大客户的高度关注。
随着AI技术在各行业的广泛应用，市场对算力的需求呈指数级增长，AIDC供电系统作为支撑AI算力稳定运行的关键基础设施，其规模不断扩大，设备密度持续增加，确保供电系统在高负荷下仍能够稳定运行已成为亟待解决的问题。而在整条供电链中，电流测量作为非常关键的环节，始终为控制、保护、能效和安全提供可靠依据。
莱姆电子FAE工程师楼晗芬在接受中国工控网的采访时对此进行了详细的介绍，她表示：“AIDC完整供电链路的每一个环节，都需要进行电流监测与采集。无论是主推的高压直流供电架构，还是以UPS为核心的传统不间断电源供电架构，整条链路内的各类电力电子器件、功率变换单元、直流配电监测，都有电流采样的场景，而莱姆电子的产品在全链路中发挥着重要作用。”
“在电流密度提升的场景下，市场对传感器的尺寸和电流采集能力提出更高要求，莱姆电子最新推出的系列传感器既能满足小型化、高功率密度需求，同时为了应对AIDC供电稳定、快速响应、有长期可靠性的场景，也具备了快速响应和非常可靠的生命周期管理的特点。”楼工继续说道。
提到莱姆电子绿色与韧性供电链电流测量解决方案，楼工解释道：“当前的新能源基建与AIDC的数据中心供电架构是可以融合的，其最大特点就是绿色以及韧性。目前，以智算和超算为代表的数据中心用电需求非常大，且实时负载存在显著的波动性，因此数据中心严格要求不能断电，保障稳定可靠，而莱姆电子在储能、光伏等领域上的多款绿色产品在技术中不断创新迭代，且都能够适配高压直流架构，从而提高整体供电链韧性。”
莱姆电子产品工程师曾建新介绍道：“在整个AIDC供电链路中，莱姆电子拥有多款适配不同场景的产品，其中包括最新推出的三款ICS集成式电流传感器。GXM AT具备高带宽、高精度、响应快的特点，在PSU板载电源应用中发挥着良好的性能优势;GXM AN可在全工作温度范围内保持极低漂移，实现高精度电流测量;GXL AN采用QFN封装、厚度仅0.9毫米，在紧凑型板载方案中非常有优势。整体来看，这三款产品具备强劲的市场竞争力，已经获得行业广大客户的认可。”
展会收官当日，欧洲电力电子中心主席Mr.Leo Lorenz专程到访莱姆电子展台，莱姆电子中国区总经理陈铂全程陪同，并对核心产品和应用方案进行了详细的介绍，双方就电力电子行业发展趋势展开了充分交流。
从AIDC供电链关键节点的测量优化，到传感器的多元化场景适配，莱姆电子始终秉持着“绿色 节能 高效”的品牌理念，将电量测量专业技术转化为可靠的创新解决方案。未来，莱姆电子将继续加强研发，加速创新迭代，推出更多贴合行业需求的定制化产品，携手全球产业链合作伙伴，为电力电子产业的高效、安全、智能化升级注入源源不断的感知动力。
索比光伏网 https://news.solarbe.com/202609/03/50028585.html",full,,trafilatura_full_text,https://news.solarbe.com/202609/03/50028585.html,索比光伏-综合新闻,光伏,光伏综合新闻,2026-09-04T00:21:45+00:00,AI与智能科技 > AI硬件层 > 数据中心,AI与智能科技,数据中心,"[{""path"":[""AI与智能科技"",""AI硬件层"",""数据中心""],""path_text"":""AI与智能科技 > AI硬件层 > 数据中心"",""confidence"":0.65,""reason"":""核心事件是为AIDC数据中心供电链提供电流测量与供电保障方案""}]",classified,2026-09-04T00:39:17.072038+00:00,glm-5.2,2026-08-14,
光储一体化家庭储能设备安装哪家公司专业？选海尔新能源实力看得见-索比光伏网,2026-09-03,"随着绿色能源理念不断普及，越来越多农村自建房业主、城市独栋/联排别墅业主开始布局家庭光储一体化系统。闲置屋顶变身发电载体，储能设备存下富余电能，既可以缓解高额电费压力，也能够应对停电、限电带来的生活困扰。但市面上家庭储能服务商鱼龙混杂，不少用户在选择的时候会遇到产品品质参差不齐、安装流程混乱、后期运维缺位等难题。
在众多服务商之中，海尔新能源致力于成为数智化分布式清洁能源解决方案服务商的引领者，依托完备的研发智造实力、全场景家庭能源解决方案、标准化运维服务，为家庭用户打造一站式光储一体化落地服务，是家庭布局清洁能源的优质选择。
一、硬核研发智造底座，筑牢家庭储能产品根基
一套靠谱的家庭光储一体化设备，源头的研发与生产制造能力是第一道保障，直接决定产品安全性、稳定性与使用寿命。
海尔新能源在青岛、杭州、深圳、苏州等地设立国内研发中心，拥有两个生产基地(青岛蓝谷生态园和南通生产基地)，同时在青岛建立了全球测试中心，布局欧洲、东南亚、南亚、中东非、澳洲五大海外本土化测试基地，搭建起完整的研发、生产、测试体系。
其中南通微慕工厂是海尔新能源储能产品的智造基地，兼容户储、微储、通信电池全品类生产，其核心产品ETower Ultra“三电融合”户储一体机上市斩获千万级订单，用市场验证了从研发到智造的硬核实力。面向家庭用户，主力产品为ETower Ultra三电融合户储一体机，模块化的产品设计，降低家庭安装的施工难度，适配不同家庭的屋顶条件、用电负荷需求。
依托强大硬件基础，海尔新能源打造纳晖能源互联网生态平台，以能源解决方案大模型为云端大脑，负责全局决策和多智能体协同;AI能源机器人为边缘侧小脑，负责场站智能决策和实时控制;终端作为神经末梢，通过能源资产、运行数据与业务场景互联，实现数字化、网络化、协同化的升级。通过“云边端”协同，把数智化能力下沉到家庭能源场景，让家庭能源不再只是简单的发电存电，实现智能调度管控。
二、全场景家庭能源方案，适配不同家庭真实用能需求
不同家庭的房屋条件、用电痛点存在明显差异，有的别墅家庭追求光储充热一体化，有的农村村镇需要集体微电网，还有部分用户有户外移动用能的需求。海尔新能源面向农村自建房业主、城市独栋/联排别墅业主、高电费家庭，提供从屋顶光伏、户用储能到AI能源管理的全场景智慧家庭能源解决方案，让每个家庭都能成为绿色能源的""产消者""。
零碳适家方案，别墅家庭光储一体化优选
零碳适家方案融合光储充热全场景，支持智优调度、智优联动、智优备电、智优高效、智优守护、智优定制六大核心功能，智慧融合光储充热全场景能源，可灵活适配别墅美学与品质需求，构建节能、便捷、安全的别墅零碳适家能源体系，解决别墅家庭电费高、停电焦虑等痛点。
家庭用户可以通过APP，实时追踪发电、储电与用电状态，用能数据一目了然;联动智家APP，实现新能源与智能家电的高效协同，体验智慧生活。
社区/村级微电网解决方案，适配村镇大规模家庭用能
针对农村用电痛点，社区/村级微电网解决方案支持审核与结算高效便捷办理，供应链直供保障、价格稳定可控，提供灵活定制方案、专属扶商政策与多元增值服务，构建省心、稳定、高收益的能源体系，适合村镇集中推进家庭光储一体化建设，惠及众多普通家庭用户。
移动微电网解决方案，多元特殊场景灵活供电
移动微电网解决方案无需繁琐的电网审批手续，安装当天即可实现自发自用，摆脱传统光伏电站对电网的依赖。小型设备可以搭配便携光伏板，也可接入市电补电;支持多台机器并联扩容，功率灵活扩展。支持户外设备供电，照明、监控、小型加工设备均可适配。设备自带AI自运维，故障自动识别，远程升级。配套智能APP实时监控发电量、用电负载及节能数据，一键查看当日省电收益，支持用电异常报警，让家庭能源管理清晰可控，适配露营、牧区等特殊家庭及户外用能场景。
三、安全+标准化运维，破解家庭储能行业常见痛点
很多家庭用户担心，光储设备安装完成之后，后续无人维护，设备出现故障、组件脏污遮挡等问题无法及时处理，导致发电储能效率下降。海尔新能源搭建“专属、专业、专享、专效”四维标准化运维服务体系，7×24 小时全时段客服响应，定期上门巡检保养，解决普通家庭光伏装完无人维护的行业通病。
在产品安全层面，产品具备六维主动监测以及六重安全保护，保障储能系统持续安全稳定运行，面对潜在故障或安全隐患，支持事前预警及精准优化，最大程度规避家庭储能设备的安全风险。
同时依托纳晖能源互联网生态平台，资产运维运营服务支持一站一策、提前预警，可覆盖脏污、遮挡等十几种低效场景，释放家庭能源资产潜力，从技术后台为千家万户的光储设备保驾护航。
四、完整全链路服务，覆盖家庭能源全生命周期
选择专业的家庭储能安装服务商，不只是采购硬件设备，更要看重全生命周期的服务能力。海尔新能源依托纳晖能源互联网生态平台，以“1个目标、2大能力、3个互联、5大服务”为核心架构，除了硬件产品之外，还可以为家庭衍生出更多增值可能，包含智能微电网解决方案、资产运维运营、能碳管理、虚拟电厂运营、电力交易服务五大定制化能源服务。
对于家庭用户而言，家庭光储系统不仅是发电储能设备，更是一整套绿色能源服务体系。用户可享受从安装前屋顶勘测、方案定制，到家庭微电网建设、设备安装，再到后期智慧运维的全周期服务，让绿色能源轻松融入日常生活，真正打造零碳、省心、舒适的绿色家庭。
家庭光储一体化设备安装，考验企业的研发智造实力、场景方案能力，更考验后期运维服务的落地能力。面对市场上五花八门的服务商，家庭用户需要擦亮双眼，优先选择拥有完整研发测试基地、成熟落地案例、标准化运维体系的品牌。
海尔新能源立足家庭用户真实痛点，以硬核智造实力为基础，多元的场景方案适配不同家庭，搭配四维标准化运维体系，兼顾产品安全与后期服务，为农村自建房、别墅等高电费家庭提供一站式光储一体化解决方案，助力更多家庭轻松拥抱绿色清洁能源。
索比光伏网 https://news.solarbe.com/202609/03/50028584.html",full,,trafilatura_full_text,https://news.solarbe.com/202609/03/50028584.html,索比光伏-综合新闻,光伏,光伏综合新闻,2026-09-04T00:21:47+00:00,零碳产业 > 能量循环 > 能量存储 > 电化学储能 > 二次电池 > 锂电池,零碳产业,锂电池,"[{""path"":[""零碳产业"",""能量循环"",""能量存储"",""电化学储能"",""二次电池"",""锂电池""],""path_text"":""零碳产业 > 能量循环 > 能量存储 > 电化学储能 > 二次电池 > 锂电池"",""confidence"":0.75,""reason"":""核心是户储一体机与家庭储能系统的产品、安装与运维服务""}]",classified,2026-09-04T00:39:17.072038+00:00,glm-5.2,2026-08-14,
华能陕西神木100MW光伏项目全容量并网-索比光伏网,2026-09-03,"2026年8月31日，华能陕西神木10万千瓦光伏发电项目实现全容量并网发电，标志着华能陕西新能源分公司装机容量突破300万千瓦。
自神木项目开工建设以来，面对陕北风沙天气多、地形地貌复杂、施工条件受限、工期节点紧张等多重挑战，全体建设者凝心聚力、攻坚克难、精益求精。严格落实安全生产与质量管控要求，科学统筹施工计划，优化施工工艺流程，有序推进升压站建设、光伏支架安装、组件铺设、集电线路敷设、设备调试校验等各项重点工作。通过精细化管理、标准化施工、常态化攻坚，高效破解建设过程中的各类难点堵点，稳步推进项目建设进度，圆满完成从首次并网到全容量并网的完美收官，充分彰显了华能速度、华能担当与华能品质。
追风逐光不止步，绿色发展启新章。立足全新发展起点，新能源分公司将始终锚定“双碳”战略目标，深耕陕北优质风光资源，持续加大新能源项目开发建设力度，以实干笃行践行责任担当，奋力书写“十五五”新能源高质量发展的崭新篇章。
索比光伏网 https://news.solarbe.com/202609/03/50028588.html",full,,trafilatura_full_text,https://news.solarbe.com/202609/03/50028588.html,索比光伏-综合新闻,光伏,光伏综合新闻,2026-09-04T00:21:49+00:00,零碳产业 > 能量循环 > 能源测 > 发电技术 > 光伏,零碳产业,光伏,"[{""path"":[""零碳产业"",""能量循环"",""能源测"",""发电技术"",""光伏""],""path_text"":""零碳产业 > 能量循环 > 能源测 > 发电技术 > 光伏"",""confidence"":0.95,""reason"":""核心事件是100MW光伏发电项目全容量并网""}]",classified,2026-09-04T00:39:17.072038+00:00,glm-5.2,2026-08-14,
徕卡发布 Summicron-M 66mm f/2 镜头：1.09 万美元，全球限量 660 枚,2026-09-03,"感谢IT之家网友 Hanschen2007 的线索投递！
IT之家 9 月 3 日消息，徕卡今天宣布推出 Summicron-M 66mm f/2 镜头。这款产品是 20 世纪 60 年代经典名镜 Elcan 66mm f/2 的复刻版，全球限量 660 枚，售价 10,900 美元（IT之家注：现汇率约合 73,428 元人民币）。
据介绍，Elcan 66mm 这款镜头最初为美国海军设计，一般与徕卡 KE-7A（M4 的军事版本）相机搭配使用，专为需要极致细节的隐蔽拍摄场合设计，当时只生产了 200 枚，是 M 卡口最罕见的镜头之一。
规格方面，Summicron-M 66mm f/2 遵循了原作的光学结构和镜身设计，但针对现代 M 系统进行优化。该产品采用 5 组 6 片结构，光圈调节范围为 f/2-f/16，配备 9 片光圈叶片。镜头长宽约为 60.1*60，重 456g。
此外，这款镜头的机械结构与普通产品有所不同，其光圈环的旋转方向与标准 M 口镜头相反，距离标尺排布遵循军用规格。官方宣称，这款镜头能在全开光圈时呈现“柔和虚化和高对比度”，收缩光圈后可带来“细腻画质表现”。",full,,trafilatura_full_text,https://www.ithome.com/0/998/201.htm,IT之家,综合媒体,科技新闻,2026-09-04T00:21:55+00:00,数字科技与消费 > 智能终端 > 消费电子与智能硬件,数字科技与消费,消费电子与智能硬件,"[{""path"":[""数字科技与消费"",""智能终端"",""消费电子与智能硬件""],""path_text"":""数字科技与消费 > 智能终端 > 消费电子与智能硬件"",""confidence"":0.85,""reason"":""徕卡相机镜头新品发布属消费电子产品发布""}]",classified,2026-09-04T00:39:17.072038+00:00,glm-5.2,2026-08-14,
谷歌 DeepMind 发布 WeatherNext 3：分辨率最高 5 公里，号称全球最先进、精准 AI 天气预报模型,2026-09-03,"9 月 3 日消息，谷歌 DeepMind 和 Google Research 今天宣布推出
WeatherNext 3
，号称是目前最先进、最准确的全球气象模型。该模型可直接从实时观测中学习，能够为影响人类的天气事件提供更及时、更本地化的预测。
该模型可以原始卫星数据为基础，每小时生成一次高分辨率预报，为全球谷歌产品提供可靠的天气预报。
根据介绍，天气预报的实用性往往取决于细节，以及时间和空间的分辨率。WeatherNext 3 可生成多种空间分辨率的每小时预报，从广阔的全球风型到局部地形都能保持物理一致性。
借助 WeatherNext 3，谷歌能够以 5 公里分辨率呈现温度、湿度等关键地表变量，其他地表变量分辨率为 10 公里，风速等大气变量分辨率为 25 公里。
WeatherNext 3 通过接入
实时全球地球静止卫星数据拼图
，让模型能够获得丰富、持续更新的大气视图，使模型可以每小时生成一次新预报，每次预报都基于最新的卫星观测数据，最高分辨率可达 5 公里。
这一点至关重要，因为极端天气往往发展迅速。当风暴、锋面或降水系统突然出现时，快速更新周期和更高分辨率能够提供更早、更详细的洞察，帮助人们采取有效应对措施。
WeatherNext 3
采用稀疏气象站观测数据训练
，这使得模型能够在 5 公里网格上生成全球预报，并充分考虑地形等区域细节。这一突破对于拉美、非洲、亚太地区尤其重要。由于传统区域模型需要高昂的超级计算成本，这些地区历史上一直缺乏高分辨率天气预报。该模型将为这些地区数十亿人和本地企业带来本地化、高保真天气预报。
除了提升分辨率和预报频率，该模型还专门
针对可再生能源生产引入了针对性预测
。模型可以预测 100 米高度（IT之家注：大致对应风力涡轮机高度）的风速，从而精准预测风电产量，同时还能提供高分辨率云量和太阳辐射数据，帮助太阳能电场估算地面接收到的光照。
这些数据对于全球清洁能源规划至关重要，能够帮助电网运营商和可再生能源开发商准确预测清洁能源资产的发电量，并匹配用户需求。
即日起，WeatherNext 3 将正式为谷歌搜索、Gemini 应用、谷歌地图、谷歌地图平台气象 API 和谷歌 Earth Engine 提供气象能力支持。",full,,dom_or_structured_full_text,https://www.ithome.com/0/998/198.htm,IT之家,综合媒体,科技新闻,2026-09-04T00:21:57+00:00,AI与智能科技 > AI软件层 > 底座大模型 > 多模态模型,AI与智能科技,多模态模型,"[{""path"":[""AI与智能科技"",""AI软件层"",""底座大模型"",""多模态模型""],""path_text"":""AI与智能科技 > AI软件层 > 底座大模型 > 多模态模型"",""confidence"":0.85,""reason"":""核心是融合卫星与气象站观测数据的多模态AI天气预报基础模型""}]",classified,2026-09-04T00:39:17.072038+00:00,glm-5.2,2026-08-14,
准系统 2399 元：铭凡推出 UM750 Neo 迷你主机，锐龙 Z1 处理器、16GB 板载内存,2026-09-03,"IT之家 9 月 3 日消息，铭凡现已推出 UM750 Neo 迷你主机，新品采用 AMD 锐龙 Z1 处理器，主打日常生产力体验，准系统（不含硬盘）售价 2399 元。
据介绍，这款迷你主机搭载锐龙 Z1 处理器，采用 6 核心 12 线程，带有 16MB L3 缓存，最高频率可达 4.9GHz，满足日常办公、多任务处理、视频会议、轻度娱乐等需求。
同时，这款迷你主机集成 AMD Radeon Graphics 集成显卡，可游玩 1080P 主流网游。配备 LPDDR5 6400MT/s 板载内存，拥有 2 个 M.2 2280 PCIe 4.0 固态硬盘插槽，应用相变散热材料。
此外，这款迷你主机还带有 2.5GbE 以太网口，带有 USB4 接口，支持 PD 65-100W 主机输入供电，方便不同场景需求。预装 Windows 11 操作系统，配备 USB-A、DP 1.4、HDMI 2.1 等接口。
IT之家附该迷你主机详细配置如下：
目前该迷你主机已在京东开售，准系统（不含硬盘）版 2399 元，16GB+500GB 版 2999 元，16GB+1TB 版本 3599 元。
广告声明：文内含有的对外跳转链接（包括不限于超链接、二维码、口令等形式），用于传递更多信息，节省甄选时间，结果仅供参考，IT之家包含外链的文章均包含本声明。",full,,trafilatura_full_text,https://www.ithome.com/0/998/200.htm,IT之家,综合媒体,科技新闻,2026-09-04T00:21:58+00:00,数字科技与消费 > 智能终端 > 消费电子与智能硬件,数字科技与消费,消费电子与智能硬件,"[{""path"":[""数字科技与消费"",""智能终端"",""消费电子与智能硬件""],""path_text"":""数字科技与消费 > 智能终端 > 消费电子与智能硬件"",""confidence"":0.9,""reason"":""核心事件是迷你主机消费硬件新品发布及售价配置。""}]",classified,2026-09-04T00:39:23.837214+00:00,glm-5.2,2026-08-14,
AMD 推送肾上腺素驱动 26.9.1 可选更新：支持两款新游戏，修复部分游戏崩溃,2026-09-03,"IT之家 9 月 3 日消息，AMD Software: Adrenalin Edition 26.9.1 可选版显卡驱动今日发布，带来新游戏支持与问题修复，同时公布了目前存在的已知问题。
新游戏支持与性能优化
- 新增支持《鬼武者：剑之道》
- 新增支持《黎明行者之血》
- 修复了 AMD Radeon RX 9000 系列显卡运行《星空》和《Apex 英雄》时可能出现的间歇性游戏崩溃问题
- 部分无法正常访问 HuggingFace 和 GitHub 的地区，可能出现安装 AI 组件包失败的问题
- Windows 10 系统下，安装该驱动后可能出现 AMD 智能显存访问（Smart Access Memory）被自动禁用的问题
- 在《共鸣：瘟疫传说传承》中关闭“帧生成”后，AMD Software 中 Anti-Lag 2 可能会显示为未激活状态
- 《赛博朋克 2077》要求显卡最低配备 6GB 显存，使用 AMD Radeon RX 9050 4GB 版本的玩家若遇到问题，建议将高负载图形选项设置为低或关闭
该驱动为可选测试版更新，适用于 AMD Radeon 系列显卡产品，用户可通过 AMD 肾上腺素软件或官方网站下载更新。",full,,trafilatura_full_text,https://www.ithome.com/0/998/199.htm,IT之家,综合媒体,科技新闻,2026-09-04T00:22:00+00:00,数字科技与消费 > 数字内容 > 游戏、影视与流媒体,数字科技与消费,游戏、影视与流媒体,"[{""path"":[""数字科技与消费"",""数字内容"",""游戏、影视与流媒体""],""path_text"":""数字科技与消费 > 数字内容 > 游戏、影视与流媒体"",""confidence"":0.7,""reason"":""核心内容是显卡驱动为多款游戏提供支持和修复游戏崩溃问题。""}]",classified,2026-09-04T00:39:23.837214+00:00,glm-5.2,2026-08-14,
英特尔 Arc 显卡驱动 32.0.101.8992 测试版发布：支持两款新游戏，修复多款游戏画面异常问题,2026-09-03,"IT之家 9 月 3 日消息，英特尔 Graphics Software 32.0.101.8992 显卡驱动（适用于 Arc）今日发布。
本次为 Non-WHQL 测试版本，为英特尔 Arc B 系列、A 系列独立显卡以及英特尔酷睿 Ultra 系列集成 Arc 核显提供支持，新增两款新游戏支持，修复了多款游戏存在的画面异常问题。
IT之家附官方公告链接（https://www.intel.com/content/www/us/en/download/785597/intel-arc-graphics-windows.html）。
新游戏支持与性能优化
- 为《鬼武者：剑之道》提供支持
- 为《黎明行者之血》提供支持
- 修复《失落星船：马拉松》（DX12）在各产品线中，使用各向异性过滤时游戏过程中部分物体出现间歇性画面异常
- 修复《刺客信条：启示录》（DX9）中出现画面闪烁异常的问题
- 修复《007：初露锋芒》（DX12）第 8 章游戏过程中出现全屏画面异常的问题
- 英特尔酷睿 Ultra 系列 3 集成 Arc 核显：《四海兄弟：故乡》（DX12）游戏过程中可能出现应用崩溃
- 英特尔 Arc B 系列独立显卡：《暗区突围：无限》（DX12）开启地形表面细分时可能出现应用崩溃；PugetBench for Davinci Resolve Studio* 运行基准测试时可能出现间歇性应用崩溃，官方建议将超时滑块调整到 1500 秒或更高
- 英特尔 Arc A 系列独立显卡：《暗区突围：无限》（DX12）开启地形表面细分时可能出现应用崩溃；PugetBench for Davinci Resolve Studio 运行基准测试时可能出现间歇性应用崩溃，官方建议将超时滑块调整到 1500 秒或更高
- 英特尔酷睿 Ultra 系列 1 集成 Arc 核显：《NBA 2K26》（DX12）首次启动游戏时可能出现应用崩溃；《007：初露锋芒》（DX12）首次启动游戏时可能出现间歇性应用崩溃
- 英特尔 Graphics Software：显示页面的三点选项菜单可能无响应
- 英特尔 Graphics Software 性能调节（BETA）：多 GPU 场景中，性能调节页面可能尝试同时对一个或多个设备应用更改，而非根据 GPU 选择器单独调整
本次驱动包包含英特尔显卡驱动 32.0.101.8992 、Intel Media SDK Runtime 21.0.1.35 、Intel oneVPL GPU Runtime 21.0.2.17 等组件，支持 DirectX 12 、Vulkan 1.4 、OpenGL 4.6 等 API，兼容 Windows 10 64 位 2022 十月更新及之后的 Windows 10 系统，以及从 Windows 11 64 位 2021 十月更新到 2025 九月更新（ 25H2 ）的全系列 Windows 11 操作系统。
广告声明：文内含有的对外跳转链接（包括不限于超链接、二维码、口令等形式），用于传递更多信息，节省甄选时间，结果仅供参考，IT之家包含外链的文章均包含本声明。",full,,trafilatura_full_text,https://www.ithome.com/0/998/179.htm,IT之家,综合媒体,科技新闻,2026-09-04T00:22:02+00:00,数字科技与消费 > 数字内容 > 游戏、影视与流媒体,数字科技与消费,游戏、影视与流媒体,"[{""path"":[""数字科技与消费"",""数字内容"",""游戏、影视与流媒体""],""path_text"":""数字科技与消费 > 数字内容 > 游戏、影视与流媒体"",""confidence"":0.7,""reason"":""核心内容是Arc显卡驱动支持新游戏并修复游戏画面问题。""}]",classified,2026-09-04T00:39:23.837214+00:00,glm-5.2,2026-08-14,
Epic 喜加一：原价 42 元的科幻冒险游戏《Alone With You》免费领,2026-09-03,"IT之家 9 月 3 日消息，Epic 本周送出的游戏是《Alone With You》，下周送出的游戏是《Luftrausers》和《Astral Ascent》。
领取链接：《Alone With You》
Epic 商城页面显示，本作是一款科幻冒险游戏，原价 42 元，不支持中文。该游戏最低配置要求为酷睿 2 Duo 处理器、4GB 内存、 HD 4000 集显和 750MB 存储空间。
IT之家附《Alone With You》游戏简介如下：
这是一款直击心灵、苦甜交织的科幻冒险游戏。
作为太空殖民地的最后幸存者，你必须在星球坍缩前逃离这里。装备扫描仪后，你将揭开线索，解开谜题，探索二十多名殖民者的命运，以及他们交织在一起的人生秘密。
白天，你将在殖民地那个心事重重的 AI 协助下，探索这个细节丰富的世界；每当夜幕降临，你将与数字全息伴侣共度一段难忘时光，建立深厚的羁绊，进一步洞察这片殖民地悲惨陨落的真相。
体验十几项丰富任务，涵盖生机勃勃的水培设施、宏大的科研实验室，以及寂静的令人毛骨悚然的舱室
结识 Pierre、Winnie、Jean 和 Leslie，通过独特而自然的社交系统，帮助他们实现各自的宿命
多结局与分支对话，让你的每一次游玩都能解锁全新的视角
震撼的原创音乐，融合了充满活力的曲目与极具氛围感的旋律
广告声明：文内含有的对外跳转链接（包括不限于超链接、二维码、口令等形式），用于传递更多信息，节省甄选时间，结果仅供参考，IT之家包含外链的文章均包含本声明。",full,,trafilatura_full_text,https://www.ithome.com/0/998/192.htm,IT之家,综合媒体,科技新闻,2026-09-04T00:22:03+00:00,数字科技与消费 > 数字内容 > 游戏、影视与流媒体,数字科技与消费,游戏、影视与流媒体,"[{""path"":[""数字科技与消费"",""数字内容"",""游戏、影视与流媒体""],""path_text"":""数字科技与消费 > 数字内容 > 游戏、影视与流媒体"",""confidence"":0.92,""reason"":""核心事件是Epic商城免费赠送游戏及游戏内容介绍。""}]",classified,2026-09-04T00:39:23.837214+00:00,glm-5.2,2026-08-14,
辉能宣布 381 Wh/kg 锂陶瓷全固态电池量产,2026-09-03,"IT之家 9 月 3 日消息，中国台湾地区电池制造商辉能 (ProLogium) 本月 2 日宣布，其 Gen 3.5 锂陶瓷全固态电池已于其岛内 Giga-level 工业平台量产。
辉能的 185.4Ah 大容量电芯实现了 381 Wh/kg 的质量能量密度、903 Wh/L 的体积能量密度，120℃ 真空环境放置 6hr 后失重率低于 0.05%。
辉能的 Logithium 电芯架构以陶瓷隔层搭配特殊材料边缘框胶，在正负极隔离之外形成额外的隔离结构，包覆电极边缘可能产生的毛刺，兼具密封与绝缘功能。
而在未来，辉能计划在 Gen 4 锂陶瓷电池中采用全无机超流体化电解质系统；进一步导入可在高温下主动钝化活性材料的主动安全机制，达到“零热失控”；强化低温性能，提升材料与制造成本竞争力，扩展应用范围。",full,,trafilatura_full_text,https://www.ithome.com/0/998/196.htm,IT之家,综合媒体,科技新闻,2026-09-04T00:22:05+00:00,零碳产业 > 能量循环 > 能量存储 > 电化学储能 > 二次电池 > 锂电池,零碳产业,锂电池,"[{""path"":[""零碳产业"",""能量循环"",""能量存储"",""电化学储能"",""二次电池"",""锂电池""],""path_text"":""零碳产业 > 能量循环 > 能量存储 > 电化学储能 > 二次电池 > 锂电池"",""confidence"":0.95,""reason"":""核心事件是锂陶瓷全固态电池的量产与性能指标。""}]",classified,2026-09-04T00:39:23.837214+00:00,glm-5.2,2026-08-14,
（更新：已恢复正常）ChatGPT、Grok、Claude、Cursor 集体突发故障,2026-09-03,"感谢IT之家网友
SpectreAX
【9 月 4 日 1:13 更新】目前文中提到的模型 / AI 工具官网“Status”主页均显示已经恢复正常。
9 月 3 日消息，据IT之家网友投稿反馈，ChatGPT、Grok、Claude、Cursor 等多款 AI 模型今晚突发故障。此外，用户请求 Codex 会出现“404 Not Found”错误。
IT之家查询 Downdetector 报告获悉，美国用户使用 OpenAI、Claude、Grok、Cursor 服务时均出现问题。目前已有超过 12,000 份用户报告指出 OpenAI 存在问题，关于 Claude 的问题报告约有 1,200 份，关于 Grok 的问题报告约有 1,000 份。
OpenAI：ChatGPT 和 Codex 目前正出现问题。
Anthropic：正在调查 Claude 出现的错误，将致力于修复工作。
SpaceXAI：Grok 目前出现故障，正在调查服务中断。",full,,dom_or_structured_full_text,https://www.ithome.com/0/998/195.htm,IT之家,综合媒体,科技新闻,2026-09-04T00:22:07+00:00,AI与智能科技 > AI软件层 > 底座大模型 > 文本模型,AI与智能科技,文本模型,"[{""path"":[""AI与智能科技"",""AI软件层"",""底座大模型"",""文本模型""],""path_text"":""AI与智能科技 > AI软件层 > 底座大模型 > 文本模型"",""confidence"":0.85,""reason"":""事件核心是ChatGPT、Claude、Grok等大语言模型服务突发故障。""}]",classified,2026-09-04T00:39:23.837214+00:00,glm-5.2,2026-08-14,
发布会前夕，特斯拉 Cybercab 车队现身美国多地,2026-09-03,"IT之家 9 月 3 日消息，特斯拉 Cybercab 的现身范围正不断扩大，早已不局限于得克萨斯州奥斯汀市中心。公司计划北京时间明日凌晨 05:45 在得克萨斯州发布这款纯电动双座车型，自动驾驶是本次发布的核心。
特斯拉将在得克萨斯州奥斯汀举办专场活动，向一小部分受众开放 Cybercab，目前外界关于这场活动的公开信息还比较少。
不过，随着特斯拉 2026 年自动驾驶业务推进节奏加快，Cybercab 的布局早已跳出奥斯汀市中心，正向美国各地铺开。近日，多组拍摄于不同地点的 Cybercab 车队实拍图开始在网络流传。
最受关注的一组画面，出现在佛罗里达州迈阿密国际机场，现场至少停放着 20 辆 Cybercab。这批车队于当地时间昨晚被人拍到，规模可观，预示着只要完成各项监管审批，Cybercab 就距离正式投放不远。
特斯拉的 Robotaxi 平台已经在迈阿密运营数月，而机场这批 Cybercab，有望在拿到审批后接入该网约车平台。
另有一批 Cybercab 现身宾夕法尼亚州费城近郊的德文市特斯拉展厅。此前已经有多台 Cybercab 在费城都会区开展路测，这点十分值得关注，目前特斯拉在宾夕法尼亚州还没有启用任何 Robotaxi 地理围栏运营区域。
据IT之家了解，费城游客密集、城市幅员辽阔，非常适合开展网约车测试，同时也便于和当地其他网约车企业展开竞争。
综合现有迹象判断，今年余下时间里，规模庞大的 Cybercab 车队会陆续出现在美国各大城市及其周边。特斯拉的态度十分明确：Cybercab 将会大力度、快速落地，但仍会保持理性节奏。安全依旧是特斯拉的首要考量，因此测试阶段还会持续一段时间，普通民众还要再等一等，才能把 Cybercab 当作个人代步出行工具。",full,,trafilatura_full_text,https://www.ithome.com/0/998/194.htm,IT之家,综合媒体,科技新闻,2026-09-04T00:22:08+00:00,通用技术 > 通信和运输 > 陆路运输,通用技术,陆路运输,"[{""path"":[""通用技术"",""通信和运输"",""陆路运输""],""path_text"":""通用技术 > 通信和运输 > 陆路运输"",""confidence"":0.9,""reason"":""核心事件是特斯拉Cybercab纯电动自动驾驶车辆在美国多地的部署与Robotaxi运营推进。""}]",classified,2026-09-04T00:39:30.131066+00:00,glm-5.2,2026-08-14,
领克 10 EM-P 将继续销售现款车型，官方确认 2026 年没有车型更新计划,2026-09-03,"感谢IT之家网友 Autumn_Dream 的线索投递！
IT之家 9 月 3 日消息，针对“网传领克 10 EM-P 今年会有新年款”的问题，领克官方今日发文回应。
公告称，领克 10 EM-P 自上市以来受广大用户的喜爱，凭借原创外观设计与舒享豪华空间、全系标配 eAWD 智电四驱系统、LYNK FlymeAuto2 智能座舱系统，吸引了大量高价值用户群体，成为 2026 年上半年中大型高端混动轿车销量冠军。上市以来领克 10 EM-P 售价、权益保持长期稳定，大家可以放心选购。
官方确认，领克 10 EM-P 将继续销售现款车型，2026 年没有车型更新计划。今年四季度，领克 10 EM-P 将通过 OTA 系统升级持续优化用车体验。相关产品信息请以官方发布内容为准。
IT之家注意到，领克 10 EM-P 于 2025 年 9 月正式上市，限时价 16.38 万元起。该车搭载全新一代 1.5T Evo 电混专用引擎，系统综合最大功率 390kW，系统综合最大扭矩 755N・m。此外，该车还全系标配激光雷达，搭载千里浩瀚 H7 智能辅助驾驶系统，20 万级轿车首搭英伟达 Thor 芯片，具有 700TOPS 超高算力。",full,,trafilatura_full_text,https://www.ithome.com/0/998/193.htm,IT之家,综合媒体,科技新闻,2026-09-04T00:22:10+00:00,通用技术 > 通信和运输 > 陆路运输,通用技术,陆路运输,"[{""path"":[""通用技术"",""通信和运输"",""陆路运输""],""path_text"":""通用技术 > 通信和运输 > 陆路运输"",""confidence"":0.85,""reason"":""核心是领克10 EM-P混动轿车产品与销量情况的官方确认，属汽车产业新闻。""}]",classified,2026-09-04T00:39:30.131066+00:00,glm-5.2,2026-08-14,
涉及应用适配：华为鸿蒙 HarmonyOS 7 系统沉浸光感新增生效约束,2026-09-03,"IT之家 9 月 3 日消息，华为开发者官网 OS 平台行为变更说明今日迎来更新，宣布沉浸光感新增生效约束。针对此次变更，华为官方也给出了原因和影响：
变更原因：为确保性能和功耗体验最优，规范沉浸光感组件使用，沉浸光感对部分组件新增生效范围的约束。
变更影响：此变更涉及应用适配（此变更涉及的接口为 26.0.0 Beta 版本新增接口，因此变更仅在应用的 targetSdkVersion 设置为大于等于 26.0.0 时生效）。
IT之家附变更前后区别如下：
变更前：针对支持开启沉浸光感的所有组件，沉浸光感开启后，沉浸光感效果生效。
弹窗类组件（AlertDialog、ActionSheet、CustomDialog、CalendarPickerDialog、DatePickerDialog、TimePickerDialog、TextPickerDialog、SelectionMenu、AlphabetIndexer 弹窗、Text 设置 copyOption 后长按或双击触发的文本菜单）和弹窗类接口（PromptAction、ArkUI_NativeDialog、@ohos.promptAction (弹窗)、Popup 控制、Tips 控制、菜单控制、半模态转场）以及按钮与选择类组件（Slider、Toggle、Select）仍可在页面内全部区域生效，与变更前无变化。
其他组件仅在 Navigation / NavDestination 标题栏或横向 Tab 中 barPosition 为 BarPosition.End 的底部 TabBar 中生效。在其他区域中设置沉浸光感效果不生效。
变更前，Column 组件通过 systemMaterial 设置了沉浸光感，沉浸光感效果生效。示例图片如下：
变更后，Column 组件通过 systemMaterial 设置了沉浸光感，由于不处于生效范围内，沉浸光感效果不生效。示例图片如下：
变更的接口 / 组件除以下清单以外的所有 ArkUI 组件：
弹窗类组件（AlertDialog、ActionSheet、CustomDialog、CalendarPickerDialog、DatePickerDialog、TimePickerDialog、TextPickerDialog、SelectionMenu、AlphabetIndexer 弹窗、Text 设置 copyOption 后长按或双击触发的文本菜单）。
弹窗类接口（PromptAction、ArkUI_NativeDialog、@ohos.promptAction (弹窗)、Popup 控制、Tips 控制、菜单控制、半模态转场）。
按钮与选择类组件（Slider、Toggle、Select）。
华为官方表示，变更后，如果组件需要沉浸光感效果，需要将该组件放置于 Navigation / NavDestination 标题栏或 Tabs 的底部 TabBar。",full,,trafilatura_full_text,https://www.ithome.com/0/998/191.htm,IT之家,综合媒体,科技新闻,2026-09-04T00:22:12+00:00,未分类,,,[],unclassified,2026-09-04T00:39:30.131066+00:00,glm-5.2,2026-08-14,
惊悚游戏《直到黎明 2》明年 1 月 28 日发售：下周预购开启，PS5 独占,2026-09-03,"感谢IT之家网友 补药吖、x0oo0_0oo0x 的线索投递！
IT之家 9 月 3 日消息，由 Firesprite 和 AdHoc Studio 开发、索尼互娱发行的惊悚游戏《直到黎明 2》今日亮相新一期 State of Play 发布会，本作将于 2027 年 1 月 28 日发售，独占 PS5 平台，9 月 10 日开启预购。
据介绍，本作是 2015 年经典游戏《直到黎明》的续作，主打独立故事线，带来全新角色阵容，呈现充满悬疑、情感的现代恐怖体验。
剧情方面，本作将以名为 Dead True 的灵异探险团队展开。他们前往神秘的昭岛探索超自然事件。岛屿表面看似风景优美，却隐藏着延续数百年的黑暗秘密和危险存在。
IT之家注意到，本作采用多角色叙事手法，玩家将在游戏中扮演 Dead True 团队的不同成员。游戏中带有分支剧情机制，不同决定会改变人物之间的关系、剧情发展乃至最终结局。部分选择可能直接导致角色死亡，并影响之后的剧情。",full,,trafilatura_full_text,https://www.ithome.com/0/998/190.htm,IT之家,综合媒体,科技新闻,2026-09-04T00:22:13+00:00,数字科技与消费 > 数字内容 > 游戏、影视与流媒体,数字科技与消费,游戏、影视与流媒体,"[{""path"":[""数字科技与消费"",""数字内容"",""游戏、影视与流媒体""],""path_text"":""数字科技与消费 > 数字内容 > 游戏、影视与流媒体"",""confidence"":0.95,""reason"":""核心事件是惊悚游戏《直到黎明2》的发布与发售计划。""}]",classified,2026-09-04T00:39:30.131066+00:00,glm-5.2,2026-08-14,
沙特 HUMAIN 公布前沿阿语模型 humain-m3，由 MiniMax 受托开发,2026-09-03,"感谢IT之家网友 LL J 的线索投递！
IT之家 9 月 3 日消息，沙特阿拉伯主权财富基金 PIF 旗下人工智能企业 HUMAIN 当地时间今日公布了前沿阿拉伯语模型 humain-m3。该模型由 MiniMax 受托开发。
humain-m3 基于 MiniMax 自家 MiniMax-M3 构建，并进行了 T 级阿拉伯语原生文本 Token（词元）规模的预训练。其在 7 个公开的阿拉伯语基准测试中取得了参测前沿模型中的最高平均分。
humain-m3 率先在 HUMAIN Node 平台以研究和评估预览版本提供。HUMAIN 后续将发布开放权重版本。
HUMAIN 首席执行官 Tareq Amin 表示：
阿拉伯语的使用人口达数亿，但在人工智能前沿领域，它的代表性仍然严重不足。我们正通过 humain-m3 项目来改变这一现状。同时，通过 HUMAIN Node，我们将这种智能技术开放给开发者、研究人员和创新者，让他们能够进行实验、在此基础上进行开发，并创造下一代阿拉伯语人工智能体验。",full,,trafilatura_full_text,https://www.ithome.com/0/998/189.htm,IT之家,综合媒体,科技新闻,2026-09-04T00:22:15+00:00,AI与智能科技 > AI软件层 > 底座大模型 > 文本模型,AI与智能科技,文本模型,"[{""path"":[""AI与智能科技"",""AI软件层"",""底座大模型"",""文本模型""],""path_text"":""AI与智能科技 > AI软件层 > 底座大模型 > 文本模型"",""confidence"":0.93,""reason"":""核心是阿拉伯语前沿大语言模型humain-m3的预训练与发布。""}]",classified,2026-09-04T00:39:30.131066+00:00,glm-5.2,2026-08-14,
HTC 推出 AI 智能眼镜 VIVE Eagle：主打隐私保护，499 美元起,2026-09-03,"IT之家 9 月 3 日消息，HTC 今天（3 日）通过官方新闻稿宣布，最新 AI 智能眼镜 VIVE Eagle 正式登陆欧洲、北美和澳大利亚市场，主打时尚设计、AI 功能和隐私保护。VIVE AI 不仅支持语音和文字实时翻译，还能连接智能手机上的 AI 执行操作。
VIVE Eagle 配备蔡司镜片，太阳镜片提供 Cat3 UV400 防护，同时可选择蓝光防护镜片和变色镜片，也能配装处方镜片。
VIVE Eagle 将主打让用户摆脱屏幕和双手操作的限制。眼镜支持语音指令和可编程实体按键，无论在公园骑行还是探索陌生城市，用户都可以继续关注眼前环境，同时记录照片和视频。
隐私保护也是 VIVE Eagle 的一项核心设计。拍摄照片或视频时，LED 灯会常亮或闪烁，并根据环境自动调整亮度，确保周围人员能够看到。多传感器机制可以检测提示灯状态，如果 LED 灯被遮挡、损坏或失效，眼镜将无法拍摄；没有佩戴眼镜时，同样无法录像。用户还可以开启一项功能，让周围不希望入镜的人直接说出“停止拍摄”，VIVE Eagle 随后便会停止录像。
VIVE Eagle 配备 1200 万像素摄像头，最高支持 3K 视频和慢动作录像，同时利用电子防抖和 AI 优化照片与视频。
VIVE Eagle 还可以通过图像转文字翻译识别 70 多种语言，帮助用户快速理解眼前内容。
眼镜配备 4 个麦克风，其中 1 个为指向性麦克风，并结合降噪算法改善视频和通话时的收音效果。
VIVE Eagle 达到 IP54 防护等级，可以应对徒步、参观户外遗迹等使用场景。
VIVE Eagle 配备 4 GB 运行内存，集成多项生产力功能，其中实时翻译支持 96 种以上语言，可以帮助不同语言的用户直接交流。会议期间，用户可以专注于交流本身，再通过 VIVE Eagle 的录音功能获得详细会议笔记。
VIVE Eagle 还可以连接谷歌 Gemini，调用 Android 手机的原生功能；连接 iOS 设备时则可使用 Siri。
音频方面，VIVE Eagle 采用开放式定向扬声器，在增强低音和提供立体声的同时控制声音外泄。用户可以进行私人通话或听音乐，同时保持对周围环境的感知。
VIVE Eagle 连续使用时续航为 4 至 6 小时，待机时间可达 36 小时。眼镜采用磁吸触点充电设计，可以一边佩戴一边充电，无需像部分设备那样摘下后放入充电盒。
即日起，VIVE Eagle 正式通过 vive.com 和指定渠道开放订购，起售价为 499 美元（IT之家注：现汇率约合 3,361 元人民币）。",full,,trafilatura_full_text,https://www.ithome.com/0/998/188.htm,IT之家,综合媒体,科技新闻,2026-09-04T00:22:17+00:00,数字科技与消费 > 智能终端 > 消费电子与智能硬件,数字科技与消费,消费电子与智能硬件,"[{""path"":[""数字科技与消费"",""智能终端"",""消费电子与智能硬件""],""path_text"":""数字科技与消费 > 智能终端 > 消费电子与智能硬件"",""confidence"":0.92,""reason"":""核心是HTC面向消费者的AI智能眼镜产品发布及其功能与市场。""}]",classified,2026-09-04T00:39:30.131066+00:00,glm-5.2,2026-08-14,
消息称苹果计划推出全新 MacBook 机型：13.8 寸单层 OLED 面板，定位介于 Air 和 Pro 之间,2026-09-03,"IT之家 9 月 3 日消息，研究机构 Omdia 近日发文称，苹果可能会在将来推出一款全新 MacBook 机型，定位介于 LCD 面板的 MacBook Air 和 OLED 的 MacBook Pro 之间。
Omdia 最新公布的产品路线图显示，这款全新 MacBook 有可能在 2029 年面世，采用单层 OLED 面板。
韩媒 ZDNet Korea 曾在今年 6 月报道称，苹果曾向三星显示、乐金显示（IT之家注：LG Display）和京东方了解过 13.8 英寸笔记本 OLED 面板。当时外界普遍认为，这块面板可能与苹果首款 OLED MacBook Air 有关。
然而，Omdia 这次的产品路线图却将 OLED MacBook Air 删除，取而代之的是上文提到的全新 MacBook。
以当前阶段的消息来说，我们很难判断这款 MacBook 的面板究竟有哪个厂家供货。不过 Omdia 认为，这款全新 MacBook 有望成为苹果笔记本产品线的重要机型。",full,,trafilatura_full_text,https://www.ithome.com/0/998/187.htm,IT之家,综合媒体,科技新闻,2026-09-04T00:22:18+00:00,数字科技与消费 > 智能终端 > 消费电子与智能硬件,数字科技与消费,消费电子与智能硬件,"[{""path"":[""数字科技与消费"",""智能终端"",""消费电子与智能硬件""],""path_text"":""数字科技与消费 > 智能终端 > 消费电子与智能硬件"",""confidence"":0.95,""reason"":""核心是苹果新MacBook机型及OLED屏幕的产品规划消息。""}]",classified,2026-09-04T00:39:33.967123+00:00,glm-5.2,2026-08-14,
微信鸿蒙版 App 获 8.0.21.38 尝鲜升级，灰度“折叠发图”等功能,2026-09-03,"IT之家 9 月 3 日消息，微信鸿蒙版 App 今日在华为应用市场（App Gallery）开启了 8.0.21.38 (8394022) 版本尝鲜升级（可能量少，如果未抢到尝鲜版本，须等待官方“补货”），测试时间为 2026/9/3-2026/10/3。
和往常一样，本次更新的说明依旧为“修复了一些已知问题”。据用户反馈，8.0.21 版本的微信新增了如下特性：
私聊设置打开免打扰之后支持折叠聊天；
设置-通用-辅助功能新增微信支付商家助手；
通讯录-公众号 / 服务号列表左滑新增“不再关注”；
视频号等界面点击分享后按钮 UI 优化，视频号分享新增“复制链接”；
视频号发起直播时支持直播带货，路径：发起直播-更多-商品；
发现-直播新增右侧红点推荐消息提醒；
发现-视频号-个人中心-设置新增“谁可以看我的视频号内容”、“谁可以发评论”、“谁可以向我打招呼”设置项；
可从电脑端微信唤起，支持鸿蒙端导入单个指定聊天记录至电脑端；
聊天记录空间管理支持管理聊天中的文件；
登录或切换账号支持用其他手机辅助登录；
灰度听一听-个人歌单右上角新增沉浸听歌空间，支持共享电台，个人歌单新增解锁分类；
灰度设置-朋友权限新增“常用打招呼语”，支持设置常用打招呼内容；
灰度新版相机界面，新增焦段和微距按钮，支持按住滑动选择精确焦段；
灰度新版转发弹窗，支持转发留言输入表情；
灰度表情搜索框，支持搜索表情专辑和表情；
灰度观看直播时支持连麦；
灰度收付款底部“添加到桌面”按钮；
灰度“折叠发图”功能，三张以上图片可以合并展示，可以左右滑动调整预览图；
修复了一些已知问题。
据IT之家此前报道，微信鸿蒙版 App 于 2025 年 1 月正式登陆华为鸿蒙应用市场 App Gallery，已支持基础通讯、社交、微信支付、公众号、小程序、视频号、直播等主要功能。值得一提的是，微信鸿蒙版 App 今年 8 月再迎里程碑时刻 —— 安装量正式突破 7000 万（最新数据显示安装量为 7569 万次）。
大家在IT之家微信号回复“微信”两字，即可获取当前最新官方内部版微信下载。
广告声明：文内含有的对外跳转链接（包括不限于超链接、二维码、口令等形式），用于传递更多信息，节省甄选时间，结果仅供参考，IT之家包含外链的文章均包含本声明。",full,,trafilatura_full_text,https://www.ithome.com/0/998/185.htm,IT之家,综合媒体,科技新闻,2026-09-04T00:22:20+00:00,数字科技与消费 > 智能终端 > 消费电子与智能硬件,数字科技与消费,消费电子与智能硬件,"[{""path"":[""数字科技与消费"",""智能终端"",""消费电子与智能硬件""],""path_text"":""数字科技与消费 > 智能终端 > 消费电子与智能硬件"",""confidence"":0.85,""reason"":""新闻核心是微信鸿蒙版App功能更新，属智能终端应用生态，无更匹配的软件分类。""}]",classified,2026-09-04T00:39:33.967123+00:00,glm-5.2,2026-08-14,
卢伟冰确认小米 18 Fold 折叠屏手机起售价过万,2026-09-03,"感谢IT之家网友
偏科骚黄4100只眼
Autumn_Dream
软媒用户1238620
9 月 3 日消息，小米集团合伙人、总裁卢伟冰今晚在 IFA 直播中透露，小米 18 Fold 折叠屏手机要一万多元起步。另据博主 @数码闲聊站 透露，这款新机的配色有特别版，
16GB+1TB 版本采用长鑫 LPDDR6
小米 18 Fold 将于 9 月 7 日 19:00 发布，
首发搭载玄戒 O3 AI 旗舰 SoC
，配备徕卡 2 亿超清主摄（1/1.56″大底传感器）+ 徕卡 5000 万潜望长焦（3.5 倍光学变焦）+ 徕卡 5000 万超广角，内置 6000mAh 小米金沙江电池，支持 67W 有线秒充 + 50W 无线秒充。
小米 18 Fold 搭载 5.38 英寸外屏 + 7.58 英寸内屏，新色命名「西野红」，后置镜头模组为横条设计。新机采用极窄四等边 + 超椭圆大 R 角设计，主打“线条优雅”；后置跑道型 Deco + 侧边纯平包裹式中框，主打“利落纯粹”。
IT之家注意到，9 月 1 日，有报道称小米已向全渠道头部经销商明确：小米 18 Fold 全版本售价均将超万元，起售版本定价在 12,000 元左右。
小米 18 Fold 有望成小米首款起价破万元的手机
小米秋季旗舰新品发布会专题",full,,dom_or_structured_full_text,https://www.ithome.com/0/998/181.htm,IT之家,综合媒体,科技新闻,2026-09-04T00:22:22+00:00,数字科技与消费 > 智能终端 > 消费电子与智能硬件,数字科技与消费,消费电子与智能硬件,"[{""path"":[""数字科技与消费"",""智能终端"",""消费电子与智能硬件""],""path_text"":""数字科技与消费 > 智能终端 > 消费电子与智能硬件"",""confidence"":0.95,""reason"":""核心是小米折叠屏手机的定价与硬件配置发布。""}]",classified,2026-09-04T00:39:33.967123+00:00,glm-5.2,2026-08-14,
浩瀚展示新形态手持云台相机 Eyepic：相机本体能拆下来独立使用,2026-09-03,"感谢IT之家网友
软媒新友2071489
9 月 3 日消息，浩瀚（Hohem）在 IFA 2026 期间展示了 Eyepic 手持云台相机，与大疆、影石 Insta360 等品牌的现有产品拉开差异。该机基本形态与大疆 Osmo Pocket 4、影石 Insta360 Luna Ultra 等设备相似，采用可旋转预览屏，并通过三轴云台稳定小型相机模块。
其特殊之处，在于相机模块采用
，取下后可以独立作为一台微型相机使用，也可以固定在其他位置或直接佩戴。
Eyepic 最高支持 4K 60 fps 视频拍摄。旋转手柄上的 2.51 英寸触摸屏即可在横拍和竖拍之间切换，手柄还配有摇杆和拨杆，分别用于手动调整构图和变焦倍率。不过，续航时间、内置存储空间、追踪功能和价格目前尚未公布。
需要拍摄更具动感的免手持画面时，用户可以
取下 Eyepic 相机模块
，将其夹在衣服上、通过随附挂绳佩戴，或磁吸在兼容表面。据IT之家了解，相机模块本身没有屏幕，支持将 1080p 实时画面传输至 Eyepic 触摸屏，用户最远可在 9.8 米外查看构图并远程调整设置。手柄和云台不具备防水能力，可拆卸相机模块则完全防水，防水深度超过 9.8 米。
IFA 2026 柏林国际消费电子展专题",full,,dom_or_structured_full_text,https://www.ithome.com/0/998/180.htm,IT之家,综合媒体,科技新闻,2026-09-04T00:22:23+00:00,数字科技与消费 > 智能终端 > 消费电子与智能硬件,数字科技与消费,消费电子与智能硬件,"[{""path"":[""数字科技与消费"",""智能终端"",""消费电子与智能硬件""],""path_text"":""数字科技与消费 > 智能终端 > 消费电子与智能硬件"",""confidence"":0.95,""reason"":""核心是浩瀚新形态手持云台相机的产品展示。""}]",classified,2026-09-04T00:39:33.967123+00:00,glm-5.2,2026-08-14,
《地铁 2039》游戏 2027 年 2 月 4 日发售，PS5/PS5 Pro 版支持光追,2026-09-03,"感谢IT之家网友 补药吖、x0oo0_0oo0x 的线索投递！
IT之家 9 月 3 日消息，索尼今天在新一期 State of Play 发布会确认，《地铁 2039》游戏将于 2027 年 2 月 4 日发售，本作的主机版实机演示也一同公布，画面均采集自 PS5 Pro 游戏机。
IT之家了解到，《地铁 2039》游戏由 4A Games 开发、Deep Silver 发行。本作采用自有引擎 4A Engine 打造，可在 PS5、PS5 Pro 平台启用光线追踪，启用性能模式后可带来 60 FPS 丝滑体验。
《地铁：2039》是一款单人游玩、剧情驱动的第一人称射击游戏（FPS），玩家将在游戏中扮演陌生人，在密集废墟环境中进行紧张探索。
游玩过程中，玩家需要管理好辐射值和装备，遇到敌人时可选择各种武器和工具应对。你可以为 Shatun 步枪充能，悄无声息地爆头；可以使用燃烧瓶清理房间；或者穿梭于不断崩塌的建筑碎片之间，利用 Duplet 双管霰弹枪给予敌人致命一击。
广告声明：文内含有的对外跳转链接（包括不限于超链接、二维码、口令等形式），用于传递更多信息，节省甄选时间，结果仅供参考，IT之家包含外链的文章均包含本声明。",full,,trafilatura_full_text,https://www.ithome.com/0/998/178.htm,IT之家,综合媒体,科技新闻,2026-09-04T00:22:25+00:00,数字科技与消费 > 数字内容 > 游戏、影视与流媒体,数字科技与消费,游戏、影视与流媒体,"[{""path"":[""数字科技与消费"",""数字内容"",""游戏、影视与流媒体""],""path_text"":""数字科技与消费 > 数字内容 > 游戏、影视与流媒体"",""confidence"":0.95,""reason"":""核心是《地铁2039》游戏的发售日期与内容公布。""}]",classified,2026-09-04T00:39:33.967123+00:00,glm-5.2,2026-08-14,
《最终幻想 7：启示录》官宣 2027 年 4 月 8 日发售，最新实机演示公布,2026-09-03,"感谢IT之家网友
x0oo0_0oo0x
9 月 3 日消息，在今天的 PlayStation State of Play 发布会上，Square Enix 公布了《最终幻想 7：启示录》的大量全新游戏实机内容，并确认游戏将于 2027 年 4 月 8 日登陆 PlayStation 5。
这款备受期待的动作 RPG 将成为《最终幻想 7》重制系列最终篇，为始于《最终幻想 7 重制版》、并在《最终幻想 7 重生》中延续的故事画上史诗般的句号。
《最终幻想 7：启示录》将打造一个规模前所未有的开放世界，玩家可以驾驶经典的“Highwind”飞艇，在广阔的星球上展开探索。探索方式并不局限于飞艇。玩家还可以再次依靠忠实的陆行鸟伙伴 Piko。这一次，Piko 不仅可以作为坐骑，还能直接参与战斗。随着队伍不断成长，Piko 也会逐渐变强，并解锁新的能力，在探索和战斗过程中提供更多帮助。
战斗系统也迎来了大幅扩展，游戏加入了全新的“功能集成战术服”（Function-Integrated Tactical Suitwear），简称 FITS 系统。FITS 可以通过配备拥有独特招式组合的新制服，让玩家自由定制战斗风格。
游戏目前提供四种专门化 FITS，分别是战士（Warrior）、骑士（Knight）、黑魔法师（Black Mage）和召唤师（Summoner）。不同 FITS 会大幅改变队伍成员的能力和战斗定位，为玩家带来全新的战术选择。在此次公布的加长版实机演示中，玩家可以看到 Cid 穿戴骑士 FITS、Vincent 穿戴召唤师 FITS 的战斗表现。
FITS 改变的不只是角色的战斗能力，角色的外观也会随之发生变化。这些“outFITS”同样会成为角色展示个性的时尚装扮。
《最终幻想 7：启示录》还将加入全新的动态角色切换功能。玩家在探索开放世界时，可以即时在不同队伍成员之间切换。
游戏的移动和探索系统也得到进一步升级。新增的抓钩枪可以帮助玩家快速登上屋顶，并以更加灵活、帅气的方式穿梭于城市之中。
玩家还可以自行决定由哪名队伍成员负责特定任务。不同选择会影响部分剧情事件和游戏场景的发展，让玩家的决定真正塑造出不同的故事体验。
对于喜欢卡牌游戏的玩家来说，广受粉丝喜爱的小游戏“Queen's Blood”也将在《最终幻想 7：启示录》中回归。这一次，游戏将围绕 Red XIII 展开一条全新的重要剧情线。
玩家将面对实力更强的新对手以及独特的玩法挑战，进一步拓展这款策略卡牌游戏的核心机制。全新的 Queen’s Blood 剧情战役还会加入一些能够大幅改变对局节奏的特殊对手，即使是已经熟悉这套玩法的老玩家，也将面临新的挑战。
《最终幻想 7：启示录》现已在 PlayStation Store 开启预购。所有版本均提供特别预购奖励，提前购买游戏的玩家将获得“机甲陆行鸟与莫古利”召唤魔晶石（Mecha-Chocobo & Moogle Summon Materia）。
此外，游戏还将推出《最终幻想 7：启示录》Premium Edition 高级版，其中包含游戏本体、剧情扩展通行证（Story Expansion Pass）以及提前体验资格。拥有提前体验资格的玩家可以在正式发售前 24 小时进入游戏。
Premium Edition 还包含一件游戏内饰品“Reclaimant Choker”，以及一套可用于帮助玩家度过游戏初期阶段的消耗品。
顾名思义，剧情扩展通行证将提供两款以剧情为核心的 DLC，官方将在之后公布更多相关信息。
《最终幻想 7：启示录》Premium Plus Edition 则包含 Premium Edition 的全部内容，并额外提供数字美术设定集、数字迷你原声带、“Polydroid Alexander”召唤魔晶石、一件游戏内防具“Nymphwing Bracelet”，以及一件游戏内饰品“Risk Taker’s Choker”。
凭借更加广阔的开放世界探索、更深入的战斗系统、全新的壮丽区域以及围绕角色展开的个性化剧情，官方称《最终幻想 7：启示录》有望成为整个重制三部曲中规模最大、内容最丰富的一作。
IT之家注意到，官方只确认了游戏的 PS5 版本，但《最终幻想 7：启示录》将登陆所有目标平台并同步发售，因此 PC、任天堂 Switch 2 以及 Xbox Series X/S 版本也预计会在同一天推出。",full,,dom_or_structured_full_text,https://www.ithome.com/0/998/177.htm,IT之家,综合媒体,科技新闻,2026-09-04T00:22:26+00:00,数字科技与消费 > 数字内容 > 游戏、影视与流媒体,数字科技与消费,游戏、影视与流媒体,"[{""path"":[""数字科技与消费"",""数字内容"",""游戏、影视与流媒体""],""path_text"":""数字科技与消费 > 数字内容 > 游戏、影视与流媒体"",""confidence"":0.95,""reason"":""核心是《最终幻想7：启示录》发售日期与游戏内容公布。""}]",classified,2026-09-04T00:39:33.967123+00:00,glm-5.2,2026-08-14,
欧阳明高院士站台！五粮液入局！全固态电芯项目在四川宜宾启动,2026-09-03,"全固态电芯项目正式启动。广州融捷能源、四川新能源汽车创新中心、华宜清创核心嘉宾共同按下启动球，标志着项目进入实质性攻坚与落地阶段。
图片来源：华宜清创
四川华宜清创新材料科技有限公司（简称“华宜清创”）消息显示，9月1日，欧阳明高院士工作站生态成果暨华宜清创-普华新材硅碳负极产品发布会在四川宜宾举行。本次活动聚焦新能源电池材料技术创新与产业转化，重磅发布全新硅碳负极、高安全高能量密度全固态电芯系列产品，同步完成多项战略合作签约，并正式启动全固态电芯项目。
中国科学院院士、清华大学教授欧阳明在致辞中指出，以院士工作站孵化的华宜清创为载体，团队依托宜宾本土资源，构建起独具特色的技术创新体系。其中一项创新成果深度联动五粮液，立足本地酒糟资源探索生物制造新范式。由杨敏博士牵头的团队与五粮液开展深度合作，摒弃传统工艺，创新采用生物发酵造孔、低温催化的全新流程，开发出综合性能优于现有产品、成本优于椰壳基产品的多孔碳材料。
在产品发布核心环节，华宜清创董事长、宜宾普华新材料科技有限责任公司（简称“普华新材”）总经理杨敏正式推出了由酒糟转化的新型生物质基多孔碳及硅碳相关产品。该款多孔碳以白酒酿造副产物酒糟为原料，采用微生物发酵造孔与低温催化工艺进行制备，依托固废原料的循环利用，不仅实现了大幅降本，更兼具成本与低碳双重优势。据杨敏介绍，该材料具备高电导率、高颗粒强度、高比表面积的优势，能够有效缓冲硅在充放电过程中带来的体积膨胀，从而显著延长电池的循环寿命，可广泛适配消费电子、动力电池等应用场景，加速推动硅碳负极的商业化落地，助力锂电产业高质量发展。
随后，杨敏发布了“启辰”系列全固态电池。该产品采用新型硫化锂正极、一步法硅碳负极及固-固界面工程技术，能量密度突破400Wh/kg，热失控阈值超400℃，较主流高镍三元体系提升150℃，放热值降低50%。新型硫化锂正极比容量超1000mAh/g；自研硅碳负极比容量超2500mAh/g，循环寿命超1500次。
活动压轴环节，全固态电芯项目正式启动。广州融捷能源、四川新能源汽车创新中心、华宜清创核心嘉宾共同按下启动球，标志着项目进入实质性攻坚与落地阶段。
据悉，华宜清创是欧阳明高院士工作站落地宜宾的重点科技成果转化企业，长期深耕低成本、高比容量、长寿命锂离子电池硅碳负极材料研发与生产。企业依托院士工作站顶尖科创平台与人才资源，创新研发“一步法”硅碳负极制备工艺，技术路线行业领先，产品性能广受市场认可，有效推动高能量密度锂电池技术商业化落地与硅碳负极材料全电池产业化进程。
本次活动中全新亮相的普华新材，成立于2026年8月，由普什集团、华宜清创联合五粮液环保产业、五粮液新能源投资、普什建材共同发起设立，背靠五粮液集团雄厚产业资源与平台优势。公司聚焦高性能硅碳负极材料核心赛道，专注新能源电池材料研发、生产与市场化应用，依托各方联合研发积淀，已自主攻克多款多孔碳、硅碳负极材料核心产品，持续突破行业技术壁垒，助力全固态电池产业迭代升级。
更多行业价值资讯浏览、分享，欢迎扫描下方二维码关注我爱电车网官方微信（xevcar）！",full,,dom_or_structured_full_text,http://www.xevcar.com/gongsi/0Z315LE2026.html,我爱电车网,电池,新能源汽车/储能,2026-09-04T00:24:20+00:00,零碳产业 > 能量循环 > 能量存储 > 电化学储能 > 二次电池 > 锂电池,零碳产业,锂电池,"[{""path"":[""零碳产业"",""能量循环"",""能量存储"",""电化学储能"",""二次电池"",""锂电池""],""path_text"":""零碳产业 > 能量循环 > 能量存储 > 电化学储能 > 二次电池 > 锂电池"",""confidence"":0.93,""reason"":""核心事件是硅碳负极与全固态电芯产品发布及项目启动，属锂电池材料与电芯技术。""}]",classified,2026-09-04T00:39:42.914373+00:00,glm-5.2,2026-08-14,
追觅放弃汽车量产计划！曾要“造世界上速度最快的车”,2026-09-03,"9月1日，有消息称，追觅科技相关人士表示，追觅汽车业务已经放弃量产计划，只做相应技术储备。汽车相关业务将并入公司产业研究院管理，未来主要聚焦通用技术的探索与研究，持续做好相关技术产投研落地。
近日，追觅科技发布《关于公司战略聚焦及业务发展的说明》，提及将进一步聚焦智能家庭、户外庭院、智能出行、具身智能四大主营业务方向，全文未提及汽车业务。
叠加追觅科技汽车团队近期多轮裁员消息，市场针对追觅造车计划是否终止的传闻议论纷纷。
9月1日，有消息称，追觅科技相关人士表示，追觅汽车业务已经放弃量产计划，只做相应技术储备。汽车相关业务将并入公司产业研究院管理，未来主要聚焦通用技术的探索与研究，持续做好相关技术产投研落地。
资料显示，追觅科技成立于2017年，总部位于江苏苏州，是一家以高速数字马达、智能算法、运动控制技术为核心的全球高端消费电子及智能制造公司。公司主营产品涵盖无线吸尘器、扫地机器人、智能洗地机、高速吹风机等品类，业务遍及全球超100个国家和地区。
就在一年前，2025年8月，追觅科技官宣造车，称要造世界上速度最快的车。2026年4月，北京车展期间，追觅星空计划曾亮相两款车，分别是轿跑和SUV。
不仅如此，今年3月，追觅星空计划还对外发布“星空晶核”全固态动力电池，称该固态电池容量为60Ah，单体能量密度已大于450Wh/kg，计划今年实现小批量交付，明年推进大规模量产。
更多行业价值资讯浏览、分享，欢迎扫描下方二维码关注我爱电车网官方微信（xevcar）！",full,,dom_or_structured_full_text,http://www.xevcar.com/gongsi/0Z315LH2026.html,我爱电车网,电池,新能源汽车/储能,2026-09-04T00:24:22+00:00,产业经济与组织 > 企业与资本 > 企业经营与公司治理,产业经济与组织,企业经营与公司治理,"[{""path"":[""产业经济与组织"",""企业与资本"",""企业经营与公司治理""],""path_text"":""产业经济与组织 > 企业与资本 > 企业经营与公司治理"",""confidence"":0.9,""reason"":""核心事件是追觅科技战略调整、放弃汽车量产并重组业务，属企业经营战略新闻。""}]",classified,2026-09-04T00:39:42.914373+00:00,glm-5.2,2026-08-14,
30亿元正极项目之后 超钠新能源6GWh钠电池项目再落四川绵竹,2026-09-03,"早在2024年1月，超钠新能源就曾在四川绵竹落户钠离子电池正极材料项目，项目规划总投资30亿元。
图片来源：绵竹市人民政府
据绵竹市人民政府消息，8月28日上午，湖州超钠新能源科技有限公司（简称：超钠新能源）年产6GWh钠离子电池生产线项目签约仪式在四川绵竹举行，绵竹高新区管委会与超钠新能源签订《投资协议书》。
电池网注意到，早在2024年1月，超钠新能源就曾在四川绵竹落户钠离子电池正极材料项目，项目规划总投资30亿元，建设年产8万吨钠离子电池正极材料，其中一期项目投资5亿元，实现年产2万吨钠离子电池正极材料。
资料显示，超钠新能源成立于2021年8月，以浙大教授团队为公司核心，实现多平台研发资源整合，拥有超100项钠离子电池核心技术与专利，是行业内少有的拥有钠离子电池核心研发能力的企业之一，已完成中建八局、国家能源集团、国家电网钠离子储能商业项目应用，台铃两轮车及旭派电源启动电源项目应用。
今年5月，超钠新能源还与巴基斯坦RIC集团签署战略合作协议。双方将基于钠离子电池技术、硅基新能源材料、储能系统解决方案、本地化生产与市场推广等领域开展全方位深度合作。其中，超钠新能源将向巴基斯坦市场输出自研普鲁士蓝钠离子电池、核心正极材料及全套储能系统解决方案，并依托RIC集团优质硅矿资源优势，打通新能源上游材料产业链。
更多行业价值资讯浏览、分享，欢迎扫描下方二维码关注我爱电车网官方微信（xevcar）！",full,,dom_or_structured_full_text,http://www.xevcar.com/gongsi/0Z315LD2026.html,我爱电车网,电池,新能源汽车/储能,2026-09-04T00:24:23+00:00,零碳产业 > 能量循环 > 能量存储 > 电化学储能 > 二次电池 > 钠电池,零碳产业,钠电池,"[{""path"":[""零碳产业"",""能量循环"",""能量存储"",""电化学储能"",""二次电池"",""钠电池""],""path_text"":""零碳产业 > 能量循环 > 能量存储 > 电化学储能 > 二次电池 > 钠电池"",""confidence"":0.95,""reason"":""核心事件为年产6GWh钠离子电池生产线项目签约及正极材料产业布局。""}]",classified,2026-09-04T00:39:42.914373+00:00,glm-5.2,2026-08-14,
蜂巢能源携122Ah户储、6.29MWh大储、285kWh工商储亮相迪拜MEE！,2026-09-03,"从家用屋顶到沙漠电站，从工业园区到新能源基地，蜂巢能源展示的是一套能征服热浪黄沙的全场景储能解决方案。这背后，是叠片技术、双面液冷、CTR集成等核心技术的持续深耕。
在烈日与黄沙交织的中东大地，一场属于能源的“极限挑战赛”正进入白热化阶段。随着“去石油化”战略加速、地缘政治催生的能源自主需求飙升，以及极端气候下电网稳定的刚需，
储能在这里已从“锦上添花”变为“生存刚需”
。当地时间9月1日，
蜂巢能源携其全矩阵“沙漠特种兵”家族重磅亮相2026年中东迪拜国际太阳能及储能展览会（MEE）
，用硬核技术直面50℃高温、强风沙与巨大温差的极限考验，为全球能源转型最艰难的场景之一，交出了一份来自中国的“高可靠性答卷”。
开展首日，蜂巢能源展台便吸引了来自中东、非洲、欧洲等地的众多客商驻足问询。客户的核心关切高度一致：
在50℃高温、强风沙、大温差的极端环境下，储能系统能否保持安全、高效、长寿命运行？
蜂巢能源给出的回答，是一支经过严苛工况淬炼的“沙漠特种兵”产品矩阵——
122Ah户储电芯、6.29MWh大储系统、285kWh工商储系统
全阵容出击，在这片热土上建立起差异化的品牌护城河。
122Ah户储电芯：超宽温域，超多场景
作为全球户用储能市场的明星“大单品”，
122Ah叠片电芯已进入全球TOP5户储客户供应链，月出货量超百万支。
依托车规级短刀叠片技术，它成功攻克了户储在极端气候下的热管理难题：
支持-20℃充电、-30℃放电及60℃高温稳定运行，无惧沙漠酷暑与高原严寒。
低内阻叠片工艺兼顾长循环与低损耗，搭配无风扇设计，运行噪音＜30dB，为家庭提供安静、安全的清洁能源体验。
6.29MWh大储系统：三舱独立+双层液冷，把安全刻入物理结构
针对大型地面电站这一安全挑战最高的场景，蜂巢能源展出了采用
行业首创的短刀CTR叠片技术
的6.29MWh大储系统。其设计逻辑直击大容量电芯的散热与安全痛点：
l 空间效率，寸土必争：
行业首创短刀CTR叠片技术，体积利用率提升20%，占地减少36%；配合AB镜像设计，支持背靠背排布，进一步节省30%占地面积，为沙漠腹地的大型电站大幅降低基建与土地成本。
l 物理隔绝，杜绝蔓延：
独创“三舱独立”设计（电池、电气、水机物理隔离），配合“火电分离”技术，从结构上杜绝热失控蔓延。
l 极限温控，长寿命保障：
双面液冷技术，将单电芯内温差由传统的15℃大幅降至7℃（降低50%），有效支撑系统循环寿命超10,000次。
l 高温实战，规模验证：
目前，蜂巢能源短刀液冷储能系统已在北纬23°高温地区实现大规模应用，并网侧效率超过91%，以高安全、长寿命、高效率的实战表现，适配大型地面储能场景。
285kWh工商储一体机：CTR+双面液冷+AI-BMS，让储能投资“算得清”
工商业主的竞争已转向“价值精算”时代。蜂巢能源带来的
285kWh工商储一体机
，凭借极致集成与智能策略，重新定义了投资回报率：
采用短刀CTR无模组设计，零部件减少36%，直材成本直降10%。
l 精准热管理：
双面液冷将电芯温差降低50%，循环寿命再提升10%。
搭载AI-BMS系统动态优化充放电策略，运维效率提升60%，让每一度电的投资回报清晰可算。
从家用屋顶到沙漠电站，从工业园区到新能源基地，蜂巢能源展示的是一套
能征服热浪黄沙的全场景储能解决方案
叠片技术、双面液冷、CTR集成等核心技术
的持续深耕。迪拜展正在火热进行中，
欢迎莅临蜂巢能源展台（展位号：H6.B10），近距离感受“沙漠特种兵”的硬核实力，共同探讨中东非能源转型可靠之道。
更多行业价值资讯浏览、分享，欢迎扫描下方二维码关注我爱电车网官方微信（xevcar）！",full,,dom_or_structured_full_text,http://www.xevcar.com/gongsi/0Z315LI2026.html,我爱电车网,电池,新能源汽车/储能,2026-09-04T00:24:25+00:00,零碳产业 > 能量循环 > 能量存储 > 电化学储能 > 二次电池 > 锂电池,零碳产业,锂电池,"[{""path"":[""零碳产业"",""能量循环"",""能量存储"",""电化学储能"",""二次电池"",""锂电池""],""path_text"":""零碳产业 > 能量循环 > 能量存储 > 电化学储能 > 二次电池 > 锂电池"",""confidence"":0.92,""reason"":""蜂巢能源展示户储、大储、工商储锂电芯与系统，核心为锂电储能产品技术。""}]",classified,2026-09-04T00:39:42.914373+00:00,glm-5.2,2026-08-14,
10亿元！国创中心湖南一新能源产业基地迎新动态,2026-09-03,"湘江智能网联产业园P19-A81地块（面积约126.2亩）由长沙矿山研究院有限责任公司竞得，将用于建设战略性稀有金属矿产高效开发国家技术创新中心新能源与智能装备检测基地。
图片来源：湖南湘江新区
“湖南湘江新区”消息显示，9月1日，湘江智能网联产业园P19-A81地块（面积约126.2亩）由长沙矿山研究院有限责任公司竞得，将用于建设战略性稀有金属矿产高效开发国家技术创新中心新能源与智能装备检测基地（简称“国创中心检测基地”），总投资约10亿元，投产后预计新增就业岗位450个。
该基地规划布局数字算力中心等18个专项实验室、4大功能中心及235台套专业检测设备，重点开展矿山智能装备、矿用机器人、新能源运载工具及下一代通信智联系统的检验检测与仪器制造认证业务。
项目选址湘江智能网联产业园，主要基于技术同源与产业协同优势。据悉，该园区聚焦智能网联及低空经济，与基地检测方向高度契合；同时周边电力、物流及公辅配套可满足大型装备检测需求。项目负责人表示，将积极借鉴园区智能网联汽车测试标准，优先对接园区内整车、核心零部件、新能源装备及机器人企业，并联合第三方机构推动标准共建与试验资源共享，带动传感器、控制器、工业软件等上下游企业集聚。
更多行业价值资讯浏览、分享，欢迎扫描下方二维码关注我爱电车网官方微信（xevcar）！",full,,dom_or_structured_full_text,http://www.xevcar.com/gongsi/0Z315L622026.html,我爱电车网,电池,新能源汽车/储能,2026-09-04T00:24:27+00:00,通用技术 > 检测和表征 > 先进科学仪器,通用技术,先进科学仪器,"[{""path"":[""通用技术"",""检测和表征"",""先进科学仪器""],""path_text"":""通用技术 > 检测和表征 > 先进科学仪器"",""confidence"":0.78,""reason"":""核心项目是建设检测基地，开展装备检验检测与仪器制造认证业务。""}]",classified,2026-09-04T00:39:42.914373+00:00,glm-5.2,2026-08-14,
总投资约7亿元！河北张家口一储能电站正式投运,2026-09-03,"河北燕赵沽源储能示范项目由建投储能（沽源）电力有限责任公司投资建设，总投资约7亿元。
据沽源县融媒体中心消息，近日，位于河北省张家口市沽源县西辛营乡的河北燕赵沽源储能示范项目实现全容量并网，300兆瓦/600兆瓦时独立储能电站正式投运。
据悉，该项目由建投储能（沽源）电力有限责任公司投资建设，总投资约7亿元。项目今年4月10日正式开工，面对坝上高寒、施工窗口期短等不利条件，参建各方抢抓工期，于6月30日首次并网，近日实现全容量并网。
项目采用磷酸铁锂电化学储能技术，设置48组6.25兆瓦/12.5兆瓦时标准化储能单元，配套新建220千伏升压站及送出线路，电能经升压后接入白土窑500千伏变电站，并入冀北主电网。整套系统配置电池管理、储能变流、能量管理平台，依靠智能化技术实时监测电池健康状态，模块化设计便于调度运维，系统安全性能处于行业先进水平。
更多行业价值资讯浏览、分享，欢迎扫描下方二维码关注我爱电车网官方微信（xevcar）！",full,,dom_or_structured_full_text,http://www.xevcar.com/gongsi/0Z315L592026.html,我爱电车网,电池,新能源汽车/储能,2026-09-04T00:24:29+00:00,零碳产业 > 能量循环 > 能量存储 > 电化学储能 > 二次电池 > 锂电池,零碳产业,锂电池,"[{""path"":[""零碳产业"",""能量循环"",""能量存储"",""电化学储能"",""二次电池"",""锂电池""],""path_text"":""零碳产业 > 能量循环 > 能量存储 > 电化学储能 > 二次电池 > 锂电池"",""confidence"":0.85,""reason"":""核心为300MW/600MWh磷酸铁锂电化学储能电站建成投运。""}]",classified,2026-09-04T00:39:42.914373+00:00,glm-5.2,2026-08-14,
Bentley’s First EV Will Be Its Quickest Car. But It Doesn’t Matter,2026-09-03,"Bentley’s First EV Will Be Its Quickest Car. But It Doesn’t Matter
The Torcal will out-accelerate every Bentley before it, but Crewe says the numbers matter less than how effortlessly it delivers them.
- The Torcal will be Bentley’s quickest, most powerful car, but its output will remain below 1,000 hp.
- It shares its 800-volt platform, 113-kWh battery—and possibly more—with the Porsche Cayenne Electric.
- Bentley says comfort and effortless power, not headline numbers, will distinguish the Torcal from its Porsche sibling.
Bentleys have traditionally felt understressed with ample performance in reserve thanks to their powerful engines. As Bentley moves into the electric age, it wants to imbue its EVs with the same kind of character. In fact, electric power may suit Bentley’s character even better than combustion both in terms of effortlessness and outright performance.
The Crewe-based manufacturer has just revealed that its first EV, the Torcal SUV, will be its most powerful and quickest-accelerating vehicle ever. That means it will sprint even faster than the 771-horsepower Continental GT Speed, which can hit 62 mph (100 km/h) from a standstill in 3.1 seconds.
We don’t know how much quicker the Torcal will be, but we don’t have long to wait since it will officially be unveiled on September 23. A lot is riding on its shoulders, since it may be Bentley’s only EV until 2030, after the manufacturer reportedly abandoned plans to build four out of five EVs.
But as quick as the Torcal will be, Bentley spends little time celebrating this record. In the press release accompanying these teaser shots, it says the Torcal’s performance has been engineered “within the limits of comfort.” Its defining quality is supposed to be how its power arrives: instantly, seamlessly, like in any performance EV, but in this case also without disturbing the people inside.
However, occupants will certainly feel the combined forces from its strong acceleration and cornering ability. The Torcal is built on the same 800-volt platform as the Porsche Cayenne Electric, sharing its 119-inch wheelbase and113-kilowatt-hour battery pack with 108 kWh of usable capacity.
The Cayenne EV delivers bonkers acceleration, especially in Turbo trim with a combined output of 1,139 hp and 1,106 lb-ft (1,500 Nm), sending the 5,831-pound (2,645-kg) SUV to 62 mph in 2.5 seconds. It was independently tested to 60 mph (96 km/h), which it reached in a face-bending 2.1 seconds.
However, the Torcal won’t be quite that quick. Speaking to Evo on the sidelines of a prototype ride event, Torcal product line director Martin Page said Bentley had avoided chasing figures for their own sake and that “there won’t be a model with 1000 horsepower.”
Page confirmed the Torcal would have over 370 miles of WLTP range and more than 838 hp and 738 lb-ft (1,000 Nm), but didn't give exact figures.
Porsche Cayenne Turbo Electric configuration
Comparing photos of camouflaged Torcal prototypes with the already released Cayenne, it appears their connection may run deeper than a shared platform. From the side, the shape of their greenhouse appears virtually identical, as do the doors and the side windows. We’ll have to see both side by side in person to really tell if that's so, but the Torcal may be more of a Porsche than Bentley would like to admit.
It looks like the Torcal has different front and rear ends, and Bentley has changed the overhangs to give it a longer tail and shorter nose, making it look more distinct and more like a traditional Bentley.
Inside, the Torcal will share the Cayenne’s unusual Flow Display, but the rest of the interior will be typical Bentley. It will be available with the finest leathers but also Merino wool upholstery, as well as wood veneer made from walnut offcuts and recycled paper. Its artificial acceleration soundtrack was created from orchestral instruments rather than sampled engine (or motor) noise.
Making an EV accelerate quickly is the easy part. We’ll have to wait and see how the UK manufacturer adopts and adapts the Cayenne EV’s bones and tunes the platform to deliver a distinctly Bentley experience. It needs to be calmer, richer, and more special in order to justify its predictably higher price tag than the Cayenne’s, which starts at $111,350 and goes up to $170,350 before you so much as look at the options list.
RECOMMENDED FOR YOU
Kia’s Bigger Electric Van Looks Ready For More Than Just Deliveries
Electric Cars Were The UK's Best-Selling Powertrain Last Month
The Production McMurtry Speirling Will Not Look Like The Prototypes
Slate Deliveries Could Start As Soon As December: Report
Dacia’s Tiny EV Keeps Its Name, But Not Much Else
How Much Range The Tesla Model 3 And Model Y Lose After Almost 100,000 Miles
Europe’s New Big Electric SUV Solves A Problem American Families Know Well",full,,trafilatura_full_text,https://insideevs.com/news/807025/torcal-ev-quickest-bentley-ever/,INSIDEEVs,电池,电动汽车,2026-09-04T00:25:21+00:00,通用技术 > 通信和运输 > 陆路运输,通用技术,陆路运输,"[{""path"":[""通用技术"",""通信和运输"",""陆路运输""],""path_text"":""通用技术 > 通信和运输 > 陆路运输"",""confidence"":0.9,""reason"":""宾利首款纯电动车型Torcal的性能、平台与产品定位属于汽车电动化领域""}]",classified,2026-09-04T00:39:55.005951+00:00,glm-5.2,2026-08-14,
New Jersey Just Legalized Cheap Plug-In Balcony Solar Panels,2026-09-03,"Under the new law, landlords and local governments can no longer block residents and tenants from installing plug-in solar panels.
Photo by:
Yuma Solar
5:26am ET
A fresh New Jersey law cuts red tape, enabling residents to legally install solar panels that plug directly into a household outlet.
The bill bars local governments and landlords from blocking residents and tenants from installing balcony solar systems.
The legislation, signed by Gov. Mikie Sherrill, empowers people to cut their monthly energy bills after minimal investment.
Another American state is making it legal to install cheap balcony solar systems that can lower energy bills. New Jersey Governor Mikie Sherrill signed legislation this week that bars municipalities and landlords from restricting the installation of portable solar panels.
The law, which will go into effect six months from now, allows residents and tenants to install solar systems with a maximum power output of up to 1,200 watts without having to pay additional fees for installation or go through all sorts of approvals.
The legislation, which was approved unanimously in the Senate and Assembly in late June, is aimed at cutting residents’ power costs as electricity prices continue to climb across the state.
Landlords, homeowners associations, housing cooperatives, and similar entities must still be notified about the installation of a plug-in solar system 14 days in advance, and landlords are still allowed to restrict the placement and size of the solar units. However,
the new law
bars local governments from requiring licensing or approvals to install such systems.
“Balcony solar is the ultimate win-win,” said Gov. Mikie Sherrill (D) at a bill signing ceremony in Trenton. “It’s accessible, affordable, safe, and sustainable. These units cost a fraction as much as rooftop solar, but they can still shave up to $50 off the typical monthly bill.”
With a plug-in photovoltaic system, the solar panels are connected either to a microinverter or a bigger unit that also includes batteries for storage. The “brain” of the system is then plugged in directly into a household outlet, with the inverter making sure that no power is sent back to the grid when there’s an outage. That’s important for the safety of the linemen working to restore power for everyone affected.
Stay informed with our newsletter every weekday
Balcony solar systems, which are extremely popular in Germany, where over one million systems are online, require a much smaller initial investment compared to rooftop solar and a simpler installation. In New Jersey, for instance, the 1.2 kW limit means that two or three solar panels can be plugged into a compliant inverter, keeping costs down for apartment dwellers.
""Plug-in solar can save a family hundreds of dollars a year, every year, with no cost to the ratepayers,” said Hannah Birnbaum, Co-Founder and Chief of Advocacy at Permit Power. ""Governor Sherrill has been going after energy costs since her first day in office, and this law hands families a tool they can use themselves, including the roughly 40 percent of New Jerseyans who rent or live in apartments and have never had a way to lower their own power bill.""
More Stories Like This
Facebook
LinkedIn
Flipboard
WhatsApp
RECOMMENDED FOR YOU
Electric Cars Were The UK's Best-Selling Powertrain Last Month
My First Walmart EV Charging Experience Was A Disaster
Slate Deliveries Could Start As Soon As December: Report
Bentley’s First EV Will Be Its Quickest Car. But It Doesn’t Matter
How Much Range The Tesla Model 3 And Model Y Lose After Almost 100,000 Miles
Uber And Wayve Beat Waymo To London With UK’s First Robotaxi Service
Can Xiaomi Take On Porsche On Its Home Turf? It’s About To Try",full,,dom_or_structured_full_text,https://insideevs.com/news/807007/new-jersey-plug-in-balcony-solar-law/,INSIDEEVs,电池,电动汽车,2026-09-04T00:25:23+00:00,公共政策与社会治理 > 政策法规 > 产业与能源政策,公共政策与社会治理,产业与能源政策,"[{""path"":[""公共政策与社会治理"",""政策法规"",""产业与能源政策""],""path_text"":""公共政策与社会治理 > 政策法规 > 产业与能源政策"",""confidence"":0.88,""reason"":""新泽西州立法放开插电式阳台太阳能安装属于能源政策""},{""path"":[""零碳产业"",""能量循环"",""能源测"",""发电技术"",""光伏""],""path_text"":""零碳产业 > 能量循环 > 能源测 > 发电技术 > 光伏"",""confidence"":0.8,""reason"":""政策核心对象是户用插电式光伏系统""}]",classified,2026-09-04T00:39:55.005951+00:00,glm-5.2,2026-08-14,
Uber And Wayve Beat Waymo To London With UK’s First Robotaxi Service,2026-09-03,"Uber And Wayve Beat Waymo To London With UK’s First Robotaxi Service
The first Ford Mustang Mach-E EVs fitted with Wayve’s autonomous driving tech can now be hailed in London on the Uber app.
- Uber and Wayve beat Waymo to the punch, launching the United Kingdom’s first public robotaxi service.
- The autonomous Ford Mustang Mach-E EVs can be hailed through the Uber app in London starting today.
- The cars can travel anywhere in the capital, apart from airports.
Uber is the first company to offer autonomous taxi rides in the United Kingdom, after the initial batch of driverless cabs hit the streets of London today, beating Waymo to the punch. Uber’s electric Ford Mustang Mach-E taxis are fitted with Wayve’s autonomous driving technology and can navigate anywhere in the city, except for airports, the ride-hailing company said.
It’s a big deal for the firm that has invested massively in several robotaxi endeavors, and it paves the way for other firms to offer autonomous cab rides in the region. That said, the initial rollout includes licensed private hire drivers sitting behind the steering wheel, acting as safety monitors.
Uber and Wayve's autonomous Ford Mustang Mach-E in London, UK
Wayve, the UK startup that has developed the hardware and software stacks for the vehicles, said that it’s starting with a small number of vehicles, and that the fleet will grow “thoughtfully” over time in line with rider demand, readiness, and regulation.
To ride in an autonomous Mustang Mach-E, Uber users who want to hail an UberX, Uber Electric, or Uber Comfort have to use their app as always. The app may match them with a Wayve ride at no extra cost, but there’s no guarantee that a robotaxi will pick them up. If one does show up in the app, riders have the option to accept or switch to a regular, non-AV ride before the car arrives.
To boost their chances of being matched with a Wayve robotaxi, Uber riders in London can go to the app’s Trip Preferences page under the settings section and opt in for AVs. Once the robotaxi arrives, the doors can be unlocked, and the trip can be started from the smartphone app.
The hardware setup fitted by Wayve to the Mustang Mach-E crossovers doesn’t use lidars and doesn’t require pre-made high-definition maps to navigate, much like Tesla’s vision-only approach. Wayve’s sensor stack includes radars, but the company said that the system was designed to be hardware agnostic, thanks to software that can run on whatever sensors and chips an automaker uses.
Like Tesla’s Robotaxi, Wayve’s AV2.0 system learns while driving, taking in new information with every trip and adapting to all of the weird and wonderful scenarios that can happen on the road.
In London, the electric Ford crossovers will be serviced by Uber in partnership with Otto Car, a UK fleet operator, while Wayve will manage the autonomous driving system.
Waymo, the biggest player in the American robotaxi game, said it will launch its driverless cab service in London by the end of the year.
RECOMMENDED FOR YOU
Ford Wants Its $30,000 EV Truck To Do Something Only Tesla Has Done
Electric Cars Were The UK's Best-Selling Powertrain Last Month
Ford’s $30,000 Fathom EV Truck Appears More Conventional Than Expected
Slate Deliveries Could Start As Soon As December: Report
This Study Covered 500,000 EV Batteries. Some Models Aged Much Better Than Others
How Much Range The Tesla Model 3 And Model Y Lose After Almost 100,000 Miles
A New Kind Of Hybrid Is Coming. See The 10 Extended-Range EVs Hitting America Soon",full,,trafilatura_full_text,https://insideevs.com/news/806984/uber-wayve-robotaxi-london-uk-first/,INSIDEEVs,电池,电动汽车,2026-09-04T00:25:25+00:00,通用技术 > 通信和运输 > 陆路运输,通用技术,陆路运输,"[{""path"":[""通用技术"",""通信和运输"",""陆路运输""],""path_text"":""通用技术 > 通信和运输 > 陆路运输"",""confidence"":0.9,""reason"":""Uber与Wayve在伦敦推出自动驾驶出租车服务属于智能交通应用""}]",classified,2026-09-04T00:39:55.005951+00:00,glm-5.2,2026-08-14,
"Ford Wants Its $30,000 EV Truck To Do Something Only Tesla Has Done",2026-09-03,"Ford Wants Its $30,000 EV Truck To Do Something Only Tesla Has Done
Ford wants to sell 100,000 Fathom pickups in its first year. It won’t be easy.
- Ford has an ambitious sales plan with its affordable new EV pickup, the Fathom.
- The American automaker reportedly wants to sell over 100,000 units in the first year.
- No other car company except Tesla has ever managed such a performance with a single electric model.
Ford is shooting for the stars with its upcoming Fathom electric pickup truck. The American automaker wants to sell over 100,000 units of the affordable EV in its first year of production, The Wall Street Journal reported on Thursday, citing people familiar with the matter.
So far in the U.S., only Tesla has managed to crack 100,000 units annually for an EV. Hitting that goal would quickly make the $30,000 pickup one of the country's top-selling electric models. Setting it signals that Ford is still serious about the EV game, despite canceling the F-150 Lightning along with projects that were in development for years. Whether or not customers will actually show up at dealerships and make this target a reality is still up in the air.
Ford Fathom Prototypes in Las Vegas
It will be a tall task. The end of the $7,500 EV tax credit about a year ago has dampened demand for EVs. Even before all the policy changes, growth in U.S. sales had slowed. As major automakers waded into the U.S. EV market over the last several years with ambitions of taking on Tesla, none of their products managed to come close to the EV leader's sales volumes. The best-selling EV not made by Elon Musk last year was the Chevy Equinox EV, which racked up some 58,000 sales.
Ford itself has overpromised and underdelivered before; at one point, it targeted annual F-150 Lightning production of 150,000 units. In its best year, the truck did about a fifth of that. Now Ford is betting that a lower price point and a new way of making EVs will allow it to crack the EV market like it never has before.
Ford is betting on a new EV platform for its $30,000 Fathom truck.
With the budget Fathom, set to kick off production in the fall of next year, the Blue Oval has reworked the way it makes electric vehicles specifically, and cars more broadly. The goal was to make the truck as cost-effective as possible, as opposed to the previous-generation EVs that the company struggled to turn a profit on.
The first model using Ford's new Universal Electric Vehicle platform, the truck will be produced using a novel assembly technique where the front, middle, and rear of the vehicle are built out on separate lines, then joined together at the end. Ford calls it an ""assembly tree,"" rather than a typical ""assembly line,"" and says it should make churning out EVs more efficient.
Following in the footsteps of Tesla, the carmaker has also employed the use of large castings to keep the number of individual parts as low as possible. The truck's electrical architecture has been developed from the ground up. It will be powered by lithium iron phosphate batteries, which are cheaper than high-nickel options and can be charged to 100% frequently without issue.
Jim Farley, Ford’s CEO, has said in the past that the Fathom will offer more interior space than a Toyota RAV4, which is one of the best-selling crossovers in the country. The company has always referred to the upcoming truck as being mid-sized, but people who have seen the prototypes up close have said that the Fathom is similar in size to the compact, gas-powered Maverick. The pickup will also be available with either rear-wheel drive or all-wheel drive, and the infotainment system will integrate Apple Maps natively–a first for the company.
Ford Fathom Prototypes in Las Vegas
There’s still a lot we don’t know about the Fathom, and Ford is still trickling out information without revealing anything big. We should learn more in the next few months as the truck gets closer to the streets; orders open up in early 2027, and the pickup will be made at Ford’s assembly plant in Louisville, Kentucky, where the Ford Escape and Lincoln Corsair were built until last year. What's clear already is that Ford thinks it has a hit on its hands.
RECOMMENDED FOR YOU
Ford’s $30,000 Fathom EV Truck Appears More Conventional Than Expected
Electric Cars Were The UK's Best-Selling Powertrain Last Month
EV Reveals Have Gotten Way, Way Too Drawn Out. The Ford Fathom Proves It
Slate Deliveries Could Start As Soon As December: Report
Uber And Wayve Beat Waymo To London With UK’s First Robotaxi Service
How Much Range The Tesla Model 3 And Model Y Lose After Almost 100,000 Miles
This Study Covered 500,000 EV Batteries. Some Models Aged Much Better Than Others",full,,trafilatura_full_text,https://insideevs.com/news/806974/ford-fathom-ev-sales-plan/,INSIDEEVs,电池,电动汽车,2026-09-04T00:25:27+00:00,通用技术 > 通信和运输 > 陆路运输,通用技术,陆路运输,"[{""path"":[""通用技术"",""通信和运输"",""陆路运输""],""path_text"":""通用技术 > 通信和运输 > 陆路运输"",""confidence"":0.85,""reason"":""福特3万美元电动皮卡Fathom的推出与销量目标属于汽车电动化产业""},{""path"":[""产业经济与组织"",""企业与资本"",""企业经营与公司治理""],""path_text"":""产业经济与组织 > 企业与资本 > 企业经营与公司治理"",""confidence"":0.75,""reason"":""核心是福特对新电动车型的经营与销量战略""}]",classified,2026-09-04T00:39:55.005951+00:00,glm-5.2,2026-08-14,
Scout Reveals Two New Traveler SUV Concepts As Production Nears,2026-09-03,"Scout Reveals Two New Traveler SUV Concepts As Production Nears
Each of the concepts show off both sides of the electric SUV: rugged and luxurious.
- Scout Motors revealed two new concepts of its debut vehicle, the Traveler SUV.
- Scout says customer deliveries will start in 2028.
- The company will lead with the extended-range version of the SUV due to high demand.
Scout Motors wants to show off the duality of its electric Traveler SUV with two new concepts: the Mountainside and the trail-ready concept. The former spotlights the SUV's refinement and comfy cabin, while the latter shows off its ability to get dirty. Both will make their debuts at the Jazz Aspen Snowmass Labor Day Experience jazz festival, for fans to see in person.
According to Scout, the Moutainside concept is supposed to be a ""warm, refined interpretation"" of the electric SUV. It has a cool, sophisticated looking Morning Dusk paint that's apparently a deep ""charcoal-brown"" with gold metallic flakes. Its 22-inch dish wheels are awesome, if a bit menacing. I'll never say no to a dish wheel, though.
The Scout Traveler Mountainside is a sophisticated SUV with high-end-looking wood trim.
Inside, the light brown leather combines with gray fabric and recycled walnut wood trim to make an interesting combo. It's luxurious but in a snow cabin kind of way. The intricately textured wood looks like a cork board from afar.
The trail-ready concept gets a Galvanized Steel paint, which is supposed to look like bare metal, but the roof is finished in a contrasting paint called Canvas. To prove how tough and capable it is, the trail-ready Traveler gets full-metal front and rear bumpers, an elevated roof rack with trail lights, an integrated front winch, and 18"" black beadlock wheels with 35"" off-road tires.
Scout's ""trail-ready"" concept is a rugged off-roader with 35-inch tires.
Its interior's Denim District design will make Jay Leno run for his wallet, and the brick-red leather adds a bit of spice. It's a much more aggressive model than the Mountainside but, again, these two concepts are designed to show off both of the Traveler's personalities.
Both of these Scout Traveler concepts look good, but that's no surprise—the Traveler is a good looking SUV. It walks that line between luxurious and rugged as well as anything from Land Rover, Lexus, and Rivian. Will Scout sell these concepts as packages when the Traveler finally goes on sale? That's unclear. But hopefully Scout will at least sell some of these features as options, like the bead lock wheels and cool roof rack.
Scout says initial production of the Traveler will start next year, with customer deliveries following in 2028. Owing to outsized demand compared with the EV variant, the company has said it'll kick things off with the range-extended Harvester trim of the Traveler. It pairs a four-cylinder generator with a 63-kilowatt-hour lithium iron phosphate battery pack and should deliver 500 miles of range.
RECOMMENDED FOR YOU
Electric Cars Were The UK's Best-Selling Powertrain Last Month
My First Walmart EV Charging Experience Was A Disaster
Slate Deliveries Could Start As Soon As December: Report
Bentley’s First EV Will Be Its Quickest Car. But It Doesn’t Matter
How Much Range The Tesla Model 3 And Model Y Lose After Almost 100,000 Miles
New Jersey Just Legalized Cheap Plug-In Balcony Solar Panels
Can Xiaomi Take On Porsche On Its Home Turf? It’s About To Try",full,,trafilatura_full_text,https://insideevs.com/news/806941/scout-traveler-electric-concepts/,INSIDEEVs,电池,电动汽车,2026-09-04T00:25:29+00:00,通用技术 > 通信和运输 > 陆路运输,通用技术,陆路运输,"[{""path"":[""通用技术"",""通信和运输"",""陆路运输""],""path_text"":""通用技术 > 通信和运输 > 陆路运输"",""confidence"":0.9,""reason"":""Scout发布电动Traveler SUV概念车并推进量产，属于电动汽车产品领域""}]",classified,2026-09-04T00:39:55.005951+00:00,glm-5.2,2026-08-14,
Think Chinese Cars Aren't Safe? These New Crash Tests Say Otherwise,2026-09-03,"Think Chinese Cars Aren't Safe? These New Crash Tests Say Otherwise
The Cupra Raval gets four stars, while its recently tested Chinese competition earns five.
- The Leapmotor B05, Aion UT, and Geely E2 all earned five stars in the latest Euro NCAP testing round.
- Volkswagen's Cupra Raval only earned four stars, but the score rises to five if an optional safety pack is purchased.
- Euro NCAP gave the Leapmotor and Aion lower safe driving scores because their touchscreen infotainment systems lack buttons.
Westerners have historically been skeptical of the quality and safety of Chinese cars. And the concern isn't entirely unwarranted, either. Just look at videos from the 2000s of cars like the Chery Amulet or Geely CK; these compact sedans failed miserably at crash tests. This perception has been a big black eye for Chinese brands that want to sell in Europe. But recent crash tests show that things are very different now.
Euro NCAP, the region's main vehicle-testing organization, on Wednesday released the test results for four new small electric cars, including three Chinese ones. The Geely EX2, Leapmotor B05, and Aion UT all earned five-star ratings. The Cupra Raval, the VW Group brand's take on the new Volkswagen ID. Polo, got four.
The star rating can be adjusted up or down, depending on other features that don’t necessarily have to do with the vehicle’s crash structure or deformation performance. The results also include accident avoidance. The Raval doesn’t have some of the standard crash avoidance features that come on the other cars, like forward traffic alert or adaptive cruise control. Euro NCAP did say that if an optional package of safety features is installed, it performs admirably and raises the overall score to five stars.
The EX2, B05, and UT all have those functions as standard, and they perform admirably. The Aion UT and Leapmotor B05’s crash avoidance scores of 74% and 77%, respectively, beat the Raval’s 72%. The Geely E2 matches the Cupra's with the option package.
It’s hard not to be impressed by the quality, design, or value of Chinese cars, especially for the prices they’re selling for. For example, the Geely E2 starts just under €20,000 (about $23,000), making it one of the cheapest new EVs on sale in Europe. These lower prices have caused some to wonder if these brands are cutting corners on safety or build quality. But the data shows otherwise.
This doesn’t mean that Chinese cars are perfect. Euro NCAP criticized both the B05 and UT for being too touchscreen-heavy when it came to vehicle functions. This is reflected in the safe driving score, a part of the overall test that measures driver and occupant monitoring software, as well as the ease of use for vehicle functions on the move. The Aion and Leapmotor scored only 66% in this category. The team liked that the Geely has a few more buttons for key functions in its infotainment interface than the others, boosting its safe driving score to 79%.
At home, the Chinese government has made safety and quality a bigger priority after years of lightning-fast car releases from dozens of brands. Top government agencies are now scrutinizing potentially problematic car designs—like the electronic door handles that were the subject of a massive recall—more intensely. Plus, they are mandating factory audits to ensure these quickly developed cars aren't cutting corners on safety.
RECOMMENDED FOR YOU
Geely Is Testing A Solid-State Battery With Over 621 Miles Of Range. It Could End Up In A Volvo
Electric Cars Were The UK's Best-Selling Powertrain Last Month
VIDEO: I Drove China's Best Selling Car. It's Really Good
Slate Deliveries Could Start As Soon As December: Report
After Driving Over 25 Chinese Cars, These Are The 6 I Would Buy
How Much Range The Tesla Model 3 And Model Y Lose After Almost 100,000 Miles
This Tiny New EV Motor Cuts Weight And Size For Impressive Efficiency",full,,trafilatura_full_text,https://insideevs.com/news/806923/cupra-leapmotor-crash-euroncap-test/,INSIDEEVs,电池,电动汽车,2026-09-04T00:25:32+00:00,公共政策与社会治理 > 政策法规 > 监管、标准与合规,公共政策与社会治理,监管、标准与合规,"[{""path"":[""公共政策与社会治理"",""政策法规"",""监管、标准与合规""],""path_text"":""公共政策与社会治理 > 政策法规 > 监管、标准与合规"",""confidence"":0.8,""reason"":""Euro NCAP碰撞测试评级属于车辆安全标准与认证""},{""path"":[""通用技术"",""通信和运输"",""陆路运输""],""path_text"":""通用技术 > 通信和运输 > 陆路运输"",""confidence"":0.75,""reason"":""测试对象为多款中国及欧洲电动汽车产品""}]",classified,2026-09-04T00:39:55.005951+00:00,glm-5.2,2026-08-14,
The U.S. Is A Curbside Charging Laggard. San Francisco Wants To Change That.,2026-09-03,"The U.S. Is A Curbside Charging Laggard. San Francisco Wants To Change That.
Only 100 curbside chargers will be installed by 2030, so not everyone will get a charger near their home.
- San Francisco wants to have 100 curbside public chargers by 2030.
- It's a win for people who live in apartments without home chargers.
- Residents can pitch the city to get a Level 2 charger on their block.
EVs may be perfect for city driving—but they aren't always perfect for city living. City-dwellers without a parking garage or driveway often need to rely on public plugs, which can be inconvenient or far away. Using DC fast chargers frequently can get expensive, too.
But having a Level 2 charger right on one's block could make electric car ownership a lot smoother. Which is why San Francisco is looking to grow its infrastructure to 100 public curbside EV chargers by 2030. And it's allowing residents to apply to get one on their street.
Compared with some European cities, for example, the U.S. is behind the curve on curbside charging. Much of the focus and investment in the States has been on roadside fast chargers. Those are important, but they're most valuable for long trips where charging quickly is paramount. With more Level 2 charging at the curb, cars could charge slowly for all those hours during which they're sitting unused.
London has tons of curbside chargers. Or consider Oslo, Norway; the world's EV capital is brimming with slower charging posts where people already park. (To be sure, the U.S. has the clear edge when it comes to detached homes with on-site parking, which is its own advantage in the EV transition.)
The San Francisco initiative, announced in late August, is called the Curbside Electric Vehicle Charging Permit program. It's been developed by the San Francisco Municipal Transportation Authority (SFMTA) for residents who don't have access to a private garage. The 100 chargers will be built and installed by qualified vendors, like Hetch Hetchy Power, PG&E, and CleanPowerSF. However, they'll be public chargers to be used on a first come, first serve basis, so even if you apply for one on your street and get it, that doesn't mean you'll always have access to it.
“Starting today, San Francisco has a clear process to bring accessible curbside charging to our residents. This program is a common-sense way to make it easier for San Franciscans to own an electric vehicle and help us achieve our climate goals together,” San Francisco Mayor Daniel Lurie said in a press release.
This is the result of a pilot program from April 2025 that brought a few curbside chargers to the city. The year-long pilot informed the city about what EV drivers wanted, and what others needed to make the switch over to clean EVs. The answer was simple: more public charging.
It's Electric, a Brooklyn startup, installed San Francisco's first curbside chargers in April 2025.
“We heard from the community that one of the biggest barriers to wider EV ownership is the availability of charging stations. With this new program, we will be making it easier for people who rent or live in apartments and condos to charge their car,"" said SFMTA Director of Transportation, Julie Kirschbaum.
In addition to formal applications, San Franciscans can also use a feedback tool to recommend certain streets for public charging. It features a map of the city with a form to fill out, so the SFMTA can get an even better understanding of where chargers will be most useful.
New York, too, recently announced plans to add 600 curbside chargers across the city, on top of the 88 already in place. The new focus on curbside infrastructure comes as startups launch new hardware targeted towards those kinds of installations. It's Electric makes sleek bring-your-own-cord charging piles that it says are more simple to energize than other chargers. Voltpost specializes in solutions that bolt on to existing lamp posts.
RECOMMENDED FOR YOU
Electric Cars Were The UK's Best-Selling Powertrain Last Month
My First Walmart EV Charging Experience Was A Disaster
Slate Deliveries Could Start As Soon As December: Report
Bentley’s First EV Will Be Its Quickest Car. But It Doesn’t Matter
How Much Range The Tesla Model 3 And Model Y Lose After Almost 100,000 Miles
New Jersey Just Legalized Cheap Plug-In Balcony Solar Panels
Can Xiaomi Take On Porsche On Its Home Turf? It’s About To Try",full,,trafilatura_full_text,https://insideevs.com/news/806931/san-francisco-curbside-charger-application/,INSIDEEVs,电池,电动汽车,2026-09-04T00:25:34+00:00,通用技术 > 通信和运输 > 陆路运输,通用技术,陆路运输,"[{""path"":[""通用技术"",""通信和运输"",""陆路运输""],""path_text"":""通用技术 > 通信和运输 > 陆路运输"",""confidence"":0.9,""reason"":""核心事件是旧金山扩建路边电动车充电基础设施，属交通电动化的充换电应用。""}]",classified,2026-09-04T00:40:06.011522+00:00,glm-5.2,2026-08-14,
Passenger Screens Are Everywhere. A Third Of Owners Never Even Use Them,2026-09-03,"Passenger Screens Are Everywhere. A Third Of Owners Never Even Use Them
A new study shows that 35% of owners who bought a new car with a passenger screen have never even used it.
- More and more new cars are coming equipped with passenger screens.
- A new study shows that more than a third of owners have never actually used them.
- It turns out that while flashy features might help to sell cars, drivers just want under-the-radar tech that actually works.
Automakers have spent the better part of a decade turning the dashboard into something that rivals the television aisle at your local Costco. Tablet-sized infotainment screen! Actually, make it bigger. Not enough? Passenger screen! Might as well digitize the climate control, too. Still need more? Might as well just unify everything across the entire dash.
All of those screens are starting to feel a bit redundant—especially the passenger screen. In fact, according to a recent study by JD Power's 2026 U.S. Tech Experience Index study, a third of drivers who have a car equipped with a passenger screen have never even used it.
Yes, never. Not occasionally, not one time on a road trip. Never. In fact, only 6% of the JD Power's 68,084 owners surveyed who own a car with a passenger screen report that it gets used every time they drive it. We've seen Tesla remove hardware for similar reasons, yet these flashy screens still remain.
Oddly enough, infotainment systems with passenger screens also generate the most user complaints—21.3 problems per 100 vehicles. The results from JD Power show that these screens generated a high number of reported infotainment-related problems in its separate 2026 Initial Quality Study.
One other interesting point that the study calls out is that the boring, low-key tech—smart ignition, climate control, and driver preferences, to name a few—resulted in higher overall satisfaction ratings among drivers while also producing the fewest problems.
Even adding complexity to driver-assistance features moved the needle in the wrong direction for owners. For example, Level 2+ hands-free driver assistance generated lower overall experience and execution scores versus hands-on Level 2 systems. This might just speak to how comfortable drivers are with in-car tech, or it could reflect the real teething issues that come with adding complexity to the cars we use every day.
As for the screens, that's not to say they're completely useless. Having the ability for a passenger to control their own HVAC controls or watch a movie while on a long road trip can be valuable.
While they might not get used, display tech is a relatively cheap and easy way to dress up an otherwise bland dashboard and also make a car appear to be more tech-forward. But the message (or rather lack thereof) from owners is that screens don't make the car—consistent, predictable tech does.
RECOMMENDED FOR YOU
Electric Cars Were The UK's Best-Selling Powertrain Last Month
My First Walmart EV Charging Experience Was A Disaster
Slate Deliveries Could Start As Soon As December: Report
Bentley’s First EV Will Be Its Quickest Car. But It Doesn’t Matter
How Much Range The Tesla Model 3 And Model Y Lose After Almost 100,000 Miles
New Jersey Just Legalized Cheap Plug-In Balcony Solar Panels
Can Xiaomi Take On Porsche On Its Home Turf? It’s About To Try",full,,trafilatura_full_text,https://insideevs.com/news/806768/passenger-screen-third-unused-evs/,INSIDEEVs,电池,电动汽车,2026-09-04T00:25:36+00:00,通用技术 > 通信和运输 > 陆路运输,通用技术,陆路运输,"[{""path"":[""通用技术"",""通信和运输"",""陆路运输""],""path_text"":""通用技术 > 通信和运输 > 陆路运输"",""confidence"":0.75,""reason"":""新闻核心是汽车副驾屏幕等智能座舱配置的使用情况调研，属汽车智能化领域。""}]",classified,2026-09-04T00:40:06.011522+00:00,glm-5.2,2026-08-14,
总投资2.5亿！0.5GWh高性能钠电池生产基地落户四川,2026-09-03,"8月30日，北京希倍动力科技有限公司（简称：希倍动力）高性能钠离子电池生产基地项目签约落户四川自贡高新区。
据介绍，本次希倍动力落地自贡高新区的项目总投资2.5亿元，建成达产后，可形成年产0.5GWh高性能钠离子电池的生产规模，预计实现年销售收入5亿元。企业将根据市场节奏分步扩产，远期规划10GWh产能规模。
1、EnergyTrend-集邦新能源网」包含的内容和信息是根据公开资料分析和演释，该公开资料，属可靠之来源搜集，但这些分析和信息并未经独立核实。本网站有权但无此义务，改善或更正在本网站的任何部分之错误或疏失。
2、任何在「EnergyTrend-集邦新能源网」上出现的信息（包括但不限于公司资料、资讯、研究报告、产品价格等），力求但不保证数据的准确性，均只作为参考，您须对您自主决定的行为负责。如有错漏，请以各公司官方网站公布为准。
3、「EnergyTrend-集邦新能源网」信息服务基于""现况""及""现有""提供，网站的信息和内容如有更改恕不另行通知。
4、「EnergyTrend-集邦新能源网」尊重并保护所有使用用户的个人隐私权，您注册的用户名、电子邮件地址等个人资料，非经您亲自许可或根据相关法律、法规的强制性规定，不会主动地泄露给第三方。
「EnergyTrend-集邦新能源网」所刊原创内容之著作权属于「EnergyTrend-集邦新能源网」网站所有，未经本站之同意或授权，任何人不得以任何形式重制、转载、散布、引用、变更、播送或出版该内容之全部或局部，亦不得有其他任何违反本站著作权之行为。
7.8亿元！睿恩新能源拟塞尔维亚建高性能电芯工厂
电池消费税9月起执行，明确储能系统不需要缴纳消费税
超43GWh，亿纬锂能等5企储能项目签约、开工、投产
中创新航等3企加码锂电储能产能
超215亿元，固德威等8企储能/固态电池产能布局加速",full,,dom_or_structured_full_text,https://www.energytrend.cn/news/20260903-148522.html,EnergyTrend储能,储能,储能/电池/光伏,2026-09-04T00:25:42+00:00,零碳产业 > 能量循环 > 能量存储 > 电化学储能 > 二次电池 > 钠电池,零碳产业,钠电池,"[{""path"":[""零碳产业"",""能量循环"",""能量存储"",""电化学储能"",""二次电池"",""钠电池""],""path_text"":""零碳产业 > 能量循环 > 能量存储 > 电化学储能 > 二次电池 > 钠电池"",""confidence"":0.92,""reason"":""核心事件是钠离子电池生产基地项目签约落户。""},{""path"":[""产业经济与组织"",""企业与资本"",""投融资、并购与资本市场""],""path_text"":""产业经济与组织 > 企业与资本 > 投融资、并购与资本市场"",""confidence"":0.65,""reason"":""总投资2.5亿元的产业基地投资签约事件本身。""}]",classified,2026-09-04T00:40:06.011522+00:00,glm-5.2,2026-08-14,
德业股份、上能电气等4企2026半年度储能业绩速览,2026-09-03,"集邦光储观察获悉，近日，德业股份、上能电气、南都电源、珠海冠宇等4企相继披露2026年半年报。各家储能企业经营情况分化，呈现出业绩高增、增收不增利、大幅亏损等不同的发展态势。
德业股份：半年营收首次超过100亿
8月26日，德业股份披露2026年半年度报告。2026年上半年，德业股份实现营收106.41亿元，同比增长92.23%；归母净利润27.17亿元，同比增长78.53%；扣非净利润25.70亿元，同比增长75.81%。
据悉，这是德业股份半年营收首次超过100亿元。关于营业收入的变动原因，德业在半年报中表示，这主要是因为市场需求增长，储能电池包业务规模快速扩大，逆变器业务保持增长带来的业绩增长。
2026年上半年，德业逆变器和储能电池包产品合计贡献了90%以上的收入，其中，储能电池包收入同比增长244.12%。具体如下：
逆变器产品实现营收51.32亿元，占公司主营业务收入的48.36%，同比增长94.09%。储能电池包产品实现营收48.94亿元，占公司主营业务收入46.12%，同比增长244.12%。2026年上半年德业总计销售115.30万台逆变器，其中户用储能逆变器57.03万台，工商储6.05万台。
德业表示，公司逆变器产品在户用光伏及储能安装商群体中积累的客户资源和渠道网络，为储能电池包产品的导入提供了销售基础。已采购公司逆变器的存量客户，在配置或升级储能系统时，对公司储能电池包的接受度和选配率相对较高。
在系统集成方面，德业逆变器与储能电池包在通信协议、能量管理策略和安全保护机制方面完成系统适配，能够为终端用户提供即插即用的系统解决方案，降低安装调试成本，提升系统运行稳定性。
上能电气：海外营收占比超六成
8月27日，上能电气发布2026年中报。上半年，上能电气营收为28.58亿元，同比增长30.84%；归母净利润为2.16亿元，同比增长7.96%；扣非净利润为1.98亿元，同比增长1.98%。
从产品结构来看，上能电气上半年光伏业务营收为21.98亿元，占总营收的76.90%；储能业务营收为5.99亿元，占比20.95%。
分地区来看，上半年，中国大陆营收11.28亿元，占比39.48%；海外营收（包含中国港澳台）为17.30亿元，占比60.52%，占据超五分之三的比例。
ST南都：在手订单未能按期履约执行
8月29日，ST南都发布2026年中报。上半年，南都电源营收为16.99亿元，同比下降56.71%；归母净利润为-11.11亿元，同比下降378.10%；扣非净利润-11.16亿元，同比下降346.53%。
南都电源表示，报告期内，公司因内控被出具否定意见而实施其他风险警示，叠加持续的流动资金紧张、供应链衔接不畅等因素，导致公司生产排产受限、项目交付能力不足，大量在手订单未能按期履约执行，整体业务开展受阻，营收规模同比大幅收缩。
为应对当前经营困境、优化经营质量，南都电源基于现有资源现状主动调整经营策略，进行人员及业务结构性优化，优先保障核心业务生产交付。
同时，公司对2025年度内部控制审计报告否定意见所涉事项予以高度重视，成立整改工作小组，组织各相关部门推进整改工作，争取尽快申请撤销公司股票其他风险警示。
珠海冠宇：半年度营收增长20.16%
8月26日，珠海冠宇披露半年报。2026年上半年，珠海冠宇营收为73.27亿元，同比增长20.16%；归母净利润-2.03亿元，同比减少273.94%；扣非净利润为-3.01亿元，同比减少767.70%。
对于净利润业绩的原因，珠海冠宇表示，主要系受美元兑人民币汇率持续下行影响，汇兑损失显着增加，导致财务费用大幅增长。
另外，珠海冠宇生产成本因原材料价格上涨并处于高位而持续承压，而下游客户同时面临存储芯片等元器件价格攀升的压力，进一步加大成本传导阻力，使得公司产品销售价格的调整相较于原材料价格的上涨存在一定的滞后性。此外，电池产品出口退税率下调，进一步增加外销成本。
上半年，珠海冠宇主营动力及储能类业务的子公司浙江冠宇实现总营业收入为16.20亿元，同比增长66.54%。为了更好地适应市场的快速变化，公司适时调整动力和储能电池项目的建设进度，严格控制产能释放节奏。
报告披露，珠海冠宇将延缓浙江年产10GWh锂离子动力电池二期项目、德阳一期25GWh动力电池生产项目建设进度，避免过度投资导致资源浪费，并有助于公司更加灵活地应对市场需求的变化，保持健康的财务状况和发展势头。后续将根据市场需求，综合评估项目的实施条件后再决定是否恢复建设。
集邦光储观察整理
1、EnergyTrend-集邦新能源网」包含的内容和信息是根据公开资料分析和演释，该公开资料，属可靠之来源搜集，但这些分析和信息并未经独立核实。本网站有权但无此义务，改善或更正在本网站的任何部分之错误或疏失。
2、任何在「EnergyTrend-集邦新能源网」上出现的信息（包括但不限于公司资料、资讯、研究报告、产品价格等），力求但不保证数据的准确性，均只作为参考，您须对您自主决定的行为负责。如有错漏，请以各公司官方网站公布为准。
3、「EnergyTrend-集邦新能源网」信息服务基于""现况""及""现有""提供，网站的信息和内容如有更改恕不另行通知。
4、「EnergyTrend-集邦新能源网」尊重并保护所有使用用户的个人隐私权，您注册的用户名、电子邮件地址等个人资料，非经您亲自许可或根据相关法律、法规的强制性规定，不会主动地泄露给第三方。
「EnergyTrend-集邦新能源网」所刊原创内容之著作权属于「EnergyTrend-集邦新能源网」网站所有，未经本站之同意或授权，任何人不得以任何形式重制、转载、散布、引用、变更、播送或出版该内容之全部或局部，亦不得有其他任何违反本站著作权之行为。
当AIDC遇上电网，光储巨头们看到了什么？
晶科、宁德时代加码巴西储能市场
超10GWh！比亚迪、海博思创等4企获储能项目及订单
超2.3GWh！楚能新能源等6企储能订单集中落地
电池消费税9月起执行，明确储能系统不需要缴纳消费税",full,,dom_or_structured_full_text,https://www.energytrend.cn/news/20260903-148519.html,EnergyTrend储能,储能,储能/电池/光伏,2026-09-04T00:25:44+00:00,产业经济与组织 > 企业与资本 > 企业经营与公司治理,产业经济与组织,企业经营与公司治理,"[{""path"":[""产业经济与组织"",""企业与资本"",""企业经营与公司治理""],""path_text"":""产业经济与组织 > 企业与资本 > 企业经营与公司治理"",""confidence"":0.9,""reason"":""核心是多家储能企业半年度业绩披露与经营分化。""},{""path"":[""零碳产业"",""能量循环"",""能量存储"",""电化学储能"",""二次电池"",""锂电池""],""path_text"":""零碳产业 > 能量循环 > 能量存储 > 电化学储能 > 二次电池 > 锂电池"",""confidence"":0.7,""reason"":""企业主营明确为储能电池包与逆变器，涉及锂电池储能业务。""}]",classified,2026-09-04T00:40:06.011522+00:00,glm-5.2,2026-08-14,
7.8亿元！睿恩新能源拟塞尔维亚建高性能电芯工厂,2026-09-03,"集邦光储观察获悉，8月31日，江苏睿恩新能源科技有限公司与塞尔维亚政府、因吉亚市政府正式签署框架协议，计划在塞尔维亚因吉亚建设高性能电芯制造工厂，项目一期计划投资超过1亿欧元（约合人民币7.8亿元）。
据悉，塞尔维亚总统武契奇对该项目给予了高度重视。他明确表示，塞尔维亚政府将积极支持该项目的推进，并承诺在基础设施建设及投资政策等方面为中方合作伙伴提供实质性支持。
据了解，睿恩新能源此次在塞尔维亚投资建厂，是公司海外制造布局的进一步推进。随着海外客户及市场范围扩大，公司计划通过在当地建设生产基地，进一步完善海外产能配置，并提升对欧洲及其他海外市场的供应和交付能力。
目前，睿恩新能源已在国内布局电芯制造产能，此次塞尔维亚项目落地后，公司制造基地将进一步向海外延伸。项目具体产能规模及建设进度等信息，尚待后续公布。
集邦光储观察整理
1、EnergyTrend-集邦新能源网」包含的内容和信息是根据公开资料分析和演释，该公开资料，属可靠之来源搜集，但这些分析和信息并未经独立核实。本网站有权但无此义务，改善或更正在本网站的任何部分之错误或疏失。
2、任何在「EnergyTrend-集邦新能源网」上出现的信息（包括但不限于公司资料、资讯、研究报告、产品价格等），力求但不保证数据的准确性，均只作为参考，您须对您自主决定的行为负责。如有错漏，请以各公司官方网站公布为准。
3、「EnergyTrend-集邦新能源网」信息服务基于""现况""及""现有""提供，网站的信息和内容如有更改恕不另行通知。
4、「EnergyTrend-集邦新能源网」尊重并保护所有使用用户的个人隐私权，您注册的用户名、电子邮件地址等个人资料，非经您亲自许可或根据相关法律、法规的强制性规定，不会主动地泄露给第三方。
「EnergyTrend-集邦新能源网」所刊原创内容之著作权属于「EnergyTrend-集邦新能源网」网站所有，未经本站之同意或授权，任何人不得以任何形式重制、转载、散布、引用、变更、播送或出版该内容之全部或局部，亦不得有其他任何违反本站著作权之行为。
总投资2.5亿！0.5GWh高性能钠电池生产基地落户四川
电池消费税9月起执行，明确储能系统不需要缴纳消费税
超43GWh，亿纬锂能等5企储能项目签约、开工、投产
中创新航等3企加码锂电储能产能
2026上半年全球储能电芯出货TOP10排名 | 集邦咨询",full,,dom_or_structured_full_text,https://www.energytrend.cn/news/20260903-148517.html,EnergyTrend储能,储能,储能/电池/光伏,2026-09-04T00:25:46+00:00,产业经济与组织 > 企业与资本 > 投融资、并购与资本市场,产业经济与组织,投融资、并购与资本市场,"[{""path"":[""产业经济与组织"",""企业与资本"",""投融资、并购与资本市场""],""path_text"":""产业经济与组织 > 企业与资本 > 投融资、并购与资本市场"",""confidence"":0.88,""reason"":""核心事件是企业在塞尔维亚投资建设电芯工厂的框架协议。""},{""path"":[""零碳产业"",""能量循环"",""能量存储"",""电化学储能"",""二次电池"",""锂电池""],""path_text"":""零碳产业 > 能量循环 > 能量存储 > 电化学储能 > 二次电池 > 锂电池"",""confidence"":0.72,""reason"":""项目对象为高性能电芯制造，属锂/储能电芯产业布局。""}]",classified,2026-09-04T00:40:06.011522+00:00,glm-5.2,2026-08-14,
当AIDC遇上电网，光储巨头们看到了什么？,2026-09-03,"AI大模型爆发，先砸中的不是芯片，而是电网。GW级算力数据中心的突发性负载，对现有电力系统的物理稳定性构成了前所未有的冲击。
与此同时，全球贸易壁垒持续抬升，行业从单纯的规模与价格竞争，迈入算电协同与深度本地化的新阶段，光储产业已全面驶入下半场。
在近期举办的2026新能源及新型电力系统先进技术论坛上，TÜV莱茵、阳光电源、上能电气、三晶电气、优优绿能等产业代表性企业，围绕未来3—5年光储产业的核心发展方向展开了深入讨论。
综合各方观点，集邦光储观察梳理出三大演进趋势：AI算力倒逼供电架构重构、出海模式从产品销售升级为标准输出、国内商业闭环亟待机制改革。光储产业的竞争维度，正从制造能力转向标准的定义权。
AI算力倒逼电网重构，算电协同打开新增市场
算力数据中心（AIDC）的高功率密度与突发性负载，对现有电力系统的物理稳定性带来了前所未有的冲击。
阳光电源AIDC电源事业部总裁张迪指出，在电网发生剧烈扰动时，算力中心若缺少故障穿越能力，服务器电源会因自保机制瞬间切断连接。GW级算力负载瞬间离网所带来的甩负荷效应，会对电网稳定造成严重冲击。
这一矛盾促使美洲NERC、PJM规范及国内电网，将具备故障穿越能力列为算力中心的硬性准入标准。尽管电网侧并未对算力中心做“强制配储”的硬性规定，但在“东数西算”节点与高可靠性诉求下，绿电直连与“源网荷储”一体化的算电协同微电网正加速成为行业标配。
储能的定位由此改变，不再只承担削峰填谷，更是保障算力运行与电网稳定的关键缓冲设施。
在供电架构上，阳光电源张迪表示，阳光电源正推进35kV交流直降整流至800V直流的固态变压器方案预研，并结合800V高压直流机柜电源与板载电源的协同预研，打通从发电侧到芯片的“源到芯”全栈架构。
优优绿能副总经理陈玉龙补充道，优优绿能正将其成熟的800V充电模块平台技术平移至AIDC领域，通过高压直流模块支撑系统集成商，将AIDC打造成公司的第二增长曲线。
然而，技术路线的快速迭代正遭遇检测与标准滞后的现实瓶颈。TÜV莱茵大中华区太阳能与商业产品服务总经理董斌指出，储能与AIDC交织，产品的快速迭代与标准制定滞后的矛盾日益凸显。
更为严峻的是检测资源的短缺，测试平台需求功率从1兆瓦提升至10兆瓦，测试范围也从单电芯热失控扩展至集装箱级大规模燃烧，短期内资质平台建设难度极高。未来AIDC的认证体系需从单一设备的电气安全与EMC，跨越至信息安全、功能安全、电池安全、消防防爆以及系统可用性等多维评估。
全球化迈入本地化2.0，从轻资产运营到标准规则输出
随着拉美、南亚等市场关税政策收紧，及欧美本土化制造门槛提高，传统的国内生产、销往全球的出海模式已难以为继。
三晶电气董事长欧阳家淦研判，本土化运营会是未来很长一段时间的大趋势，但在中东等地区自建工厂重资产投入风险很高。企业可行的思路是打造代工等轻资产制造模式，例如采用本地代工、精简产品SKU、统一产品技术平台，适配不同国家小批量、高效率的本地化生产需求。
此外，除了供应链形态的轻量化与本地化，出海升级还体现在从卖产品转变到标准话语权的建设。行业真正的竞争壁垒，在于掌握规则话语权。
上能电气副总经理孙建峰强调，中东、中亚等弱电网区域对构网型技术需求迫切，实际上，海外市场有需求但缺乏标准。国内头部企业正通过与当地企业沟通，共同制定标准，将成熟的技术方案转化为招投标规范，再逐步推动上升为当地国家技术标准，实现技术标准的输出。
TÜV莱茵董斌对此补充道，当前新兴市场存在标准体系不成熟的现状，TÜV莱茵的做法就是协助企业快速梳理过往相应的标准，并引导当地监管机构通过IEC标准转换或借鉴欧美先进标准理念，制定符合当地情况的并网标准等。
国内光储商业闭环临近，市场化交易是关键变量
把视角转回国内，光伏经济性已经十分突出，储能在“十四五”后期实现规模增长，但工商业光储项目普遍面临盈利测算不稳定的现实困境。
三晶电气欧阳家淦强调，当前国内工商业储能主要依赖固定的分时电价峰谷套利，这种静态机制难以实时反映电力供需的动态波动，限制了光储系统在实时调节中的多元价值释放。
欧阳家淦指出，随着新能源渗透率持续提升，电力现货市场与实时动态电价机制有望在未来几年内加速普及。一旦实时电价信号与市场化交易全面打通，光伏、储能及虚拟电厂的多重收益闭环将被激活，国内工商业储能也将迈入高质量发展阶段。
面对AI算力带来的电力新需求，国内光储产业拥有全球最完整的产业链，市场反应也足够灵敏。光储下半场的角逐，扩充产能已不再是绝对优势。对复合应用场景的物理理解、跨国资源的轻资产整合，以及参与行业标准制定的能力，才是各家企业比拼的核心。
集邦光储观察原创
1、EnergyTrend-集邦新能源网」包含的内容和信息是根据公开资料分析和演释，该公开资料，属可靠之来源搜集，但这些分析和信息并未经独立核实。本网站有权但无此义务，改善或更正在本网站的任何部分之错误或疏失。
2、任何在「EnergyTrend-集邦新能源网」上出现的信息（包括但不限于公司资料、资讯、研究报告、产品价格等），力求但不保证数据的准确性，均只作为参考，您须对您自主决定的行为负责。如有错漏，请以各公司官方网站公布为准。
3、「EnergyTrend-集邦新能源网」信息服务基于""现况""及""现有""提供，网站的信息和内容如有更改恕不另行通知。
4、「EnergyTrend-集邦新能源网」尊重并保护所有使用用户的个人隐私权，您注册的用户名、电子邮件地址等个人资料，非经您亲自许可或根据相关法律、法规的强制性规定，不会主动地泄露给第三方。
「EnergyTrend-集邦新能源网」所刊原创内容之著作权属于「EnergyTrend-集邦新能源网」网站所有，未经本站之同意或授权，任何人不得以任何形式重制、转载、散布、引用、变更、播送或出版该内容之全部或局部，亦不得有其他任何违反本站著作权之行为。
德业股份、上能电气等4企2026半年度储能业绩速览
超10GWh！比亚迪、海博思创等4企获储能项目及订单
阳光电源、比亚迪等4企半年业绩盘点：储能海外收入成亮点
阳光电源、创维等3企储能订单传新动态
华宝新能拟参设2.5亿产业基金，拓展光储等产业布局",full,,dom_or_structured_full_text,https://www.energytrend.cn/news/20260903-148514.html,EnergyTrend储能,储能,储能/电池/光伏,2026-09-04T00:25:48+00:00,AI与智能科技 > AI硬件层 > 数据中心,AI与智能科技,数据中心,"[{""path"":[""AI与智能科技"",""AI硬件层"",""数据中心""],""path_text"":""AI与智能科技 > AI硬件层 > 数据中心"",""confidence"":0.85,""reason"":""核心场景是GW级算力数据中心对供电架构和能耗的冲击与应对。""},{""path"":[""通用技术"",""通信和运输"",""电网技术"",""其它电网技术""],""path_text"":""通用技术 > 通信和运输 > 电网技术 > 其它电网技术"",""confidence"":0.8,""reason"":""讨论算电协同、源网荷储一体化对电网稳定与准入标准的影响。""},{""path"":[""零碳产业"",""能量循环"",""能量存储"",""电化学储能"",""二次电池"",""锂电池""],""path_text"":""零碳产业 > 能量循环 > 能量存储 > 电化学储能 > 二次电池 > 锂电池"",""confidence"":0.7,""reason"":""储能被定位为保障算力与电网稳定的关键缓冲，光储产业为讨论主体之一。""}]",classified,2026-09-04T00:40:06.011522+00:00,glm-5.2,2026-08-14,
能链智电携手湖南安快通，优化长沙新能源车充电服务网络 - NE时代,2026-09-03,"能链智电携手湖南安快通，优化长沙新能源车充电服务网络
近日，能链智电（NASDAQ：NAAS）与湖南安快通科技有限公司（以下简称“安快通”）签署战略合作协议，双方将围绕长沙充电网络互联互通、场站数字化运营、车主充电服务互通等展开深度协作，共同提升区域充电基础设施服务效率，助力长沙新能源汽车产业发展。
长沙是中国中部地区重要的新能源汽车产业基地。公开数据显示，2025年长沙全年汽车产量已超百万辆，连续第二年突破百万辆大关，其中新能源车产量83万辆，占比达80%。另据长沙市发展改革委数据，截至2025年11月底，长沙当年新建公共充电桩超过3000个，已实现乡乡有充电站。
与此同时，区域内充电场站分属不同运营商、各平台相互独立，车主跨平台找桩、比价、支付体验较为割裂，部分中小运营商也面临流量渠道有限、充电桩利用率不均等压力，充电网络互联互通成为现实需求。
根据战略合作协议，安快通在长沙运营的近百把充电枪将整体接入能链智电聚合充电网络。接入后，车主在能链智电充电平台即可完成站点查询、导航、启停充电、费用结算全流程；双方还将完成充电协议适配与设备状态监测对接，保障充电数据实时准确。
安快通是国家级高新技术企业，自主研发“小马快电”充电智慧管理平台，兼容主流充电桩设备，可服务公共场站、社区、物流、公交等多元场景，并支持光储充一体化调度；公司建有覆盖全国的运维网络与全天候客服机制，场站数据同步接入省、市两级安全监管平台，满足监管合规要求。
能链智电作为新能源充电资产运营服务商，提供充电网络聚合、场站数字化对接、线上用户服务、场站运维与供应链升级的全产业链一站式服务，基于目前已对接的大量公共充电基础设施资源，既为车主打造一站式便捷充电入口，也为车企、运营商输出补能生态解决方案，以AI供需匹配和数字化工具提升场站运营效率及利润水平。
本次合作中，安快通可拓宽流量来源、提升充电桩利用效率与经营收益，能链智电则进一步深化长沙本地网络布局、增强在中部核心城市的覆盖能力。未来双方将持续推进资源整合与技术协同，完善本地化充电服务网络，助力区域交通领域低碳转型。
凌骁超充电池加持，零跑A05入局亲民价位!
还在为电车续航短、充电时间长、电池不安全而烦恼吗？凌骁能源用「大电量+极速超充+越级安全」三重硬核实力，直接改写入门纯电市场规则，让高端电车配置不再只属于高价车型！NO.1高集成CTC动力电池同级唯一CTC2.0Plus电池底盘一体化方案：电池结构和底盘结构高度集成设计，零件数量减少8%，电池可布置...
能链智电与陕西能科智联达成战略合作，完善西安充电网络互联互通
近日，能链智电（NASDAQ：NAAS）与陕西能科智联科技有限公司（以下简称“能科智联”）正式达成战略合作，双方将围绕西安地区充电网络对接、场站数字化运营、用户充电服务互通等展开合作，共同提升区域充电基础设施服务效率，助力西安新能源汽车产业发展。西安是全国重要的新能源汽车产业基地。根据《2025年西...
中国充电联盟丨2026年6月全国电动汽车充换电基础设施运行情况
2026年6月全国电动汽车充换电基础设施运行情况1公共充电基础设施运行情况，截至2026年6月底，我国电动汽车充电基础设施（枪）总数达到2305.7万个，同比增长43.2%。其中，公共充电设施（枪）500.9万个，同比增长22.3%，额定总功率达到2.47亿千瓦，单枪平均功率约为49.35千瓦；私人...
3分41秒！红旗超快充电池实现重大技术突破！
近日，红旗品牌联合中汽新能自主开发的超快充电池完成25℃充电性能测试。实测数据显示，该电池10%-70%SOC仅需3分41秒，10%-97%SOC仅需8分3秒，指标行业领先。12C超充电芯技术该电池搭载高效超快充负极，突破电芯充电倍率瓶颈，实现峰值12C充电；自研低去溶剂化能电解液，有效降低锂离子迁...
小竹“加电”！佑驾创新与星星充电达成合作，打造无人物流补能枢纽
近日，佑驾创新（2431.HK）与万帮星星充电科技有限公司（以下简称“星星充电”）达成战略合作。双方将围绕无人自动驾驶综合补能枢纽建设开展深度协同，构建“车端自动驾驶+场站自动能源”一体化全无人运营体系，面向全行业开放基础设施标准，打通无人城配、园区物流、L4自动驾驶乘用车补能生态。无人物流行业目前...
蔚来充电站突破5000座 充电桩超28800根
5月19日消息，蔚来又新增两座能源站点正式投入运营，分别是上海闵行儿科医院换电站，以及诸暨润达二手车交易市场二期超充站。随着新站点落地，蔚来全国充换电网络规模再创新高。截至目前，蔚来在全国已经建成8874座充换电站，构成85条加电风景线。其中换电站达到3851座，其中1036座布置在高速公路服务区。...
强强联合，启源芯动力与星星充电达成全方面战略合作
4月23日，上海启源芯动力科技有限公司与万帮数字能源股份有限公司（星星充电）在常州签署战略合作框架协议。启源芯动力副总经理王若蒙、万帮数字能源总经理范利及双方相关核心团队出席本次签约仪式，携手开启协同发展全新篇章。此次签约标志着两家新能源与交通电动化领域头部企业正式达成战略合作伙伴关系，双方立足各自...
黑磷快充电池关键技术取得重要突破
随着新能源汽车与大规模储能系统对超快充、高容量电池的需求日益迫切，传统石墨负极材料的电池性能已逼近理论极限。黑磷（BP）作为负极材料具有极高的储锂容量，却因导电性差、反应动力学迟缓、充放电过程体积膨胀剧烈等固有缺陷，导致电池快充性能快速衰减。近日，电工研究所马衍伟团队成功突破这一技术瓶颈，创新性提出...
雷诺集团发布充电方案全新品牌名称 —— Plug Inn
此前隶属于“MobilizeBeyondAutomotive”品牌的充电业务现已全面整合至雷诺集团的商业运营体系中。此举旨在增强集团的战略协同性和运营效率，并提升客户对品牌的认知。▋雷诺集团旗下所有充电解决方案现已统一归入“PlugInn”品牌旗下：PlugInnFastCharge：超高速充电网络...
聚焦充电与用能协同，电装展示EV能源管理解决方案
近日，电装携手电装解决方案在“可持续经营WEEK春季2026”上，围绕电动汽车（EV）应用中的充放电与能源管理，展示了相关技术与产品，呈现电动化进程中用能协同（即充电与用电的统筹管理）的实现路径。电装与电装解决方案联合展台在移动出行社会向低碳方向持续演进的过程中，电动化应用正在不断拓展。与此同时，围...
2026第六届全球xEV驱动系统技术暨产业大会
AGIBOT WORLD Community X ｜新起航，共进化
东方印象设计哲思 铸旗舰造物格局
高能预告丨全新第四代博越L i-HEV系列技术解读
星瑞L PLUS智闯8D魔幻城
上海恩翌信息科技有限公司
沪ICP备17041240号-4",full,,dom_or_structured_full_text,https://www.ne-time.cn/web/article/39617,NE时代,电池,新能源汽车/智能汽车,2026-09-04T00:26:01+00:00,通用技术 > 通信和运输 > 陆路运输,通用技术,陆路运输,"[{""path"":[""通用技术"",""通信和运输"",""陆路运输""],""path_text"":""通用技术 > 通信和运输 > 陆路运输"",""confidence"":0.9,""reason"":""核心事件是新能源车充电服务网络的互联互通与数字化运营，属电动汽车补能基础设施。""},{""path"":[""产业经济与组织"",""企业与资本"",""企业经营与公司治理""],""path_text"":""产业经济与组织 > 企业与资本 > 企业经营与公司治理"",""confidence"":0.75,""reason"":""两家充电服务企业签署战略合作，涉及市场布局与经营协同。""}]",classified,2026-09-04T00:40:14.672422+00:00,glm-5.2,2026-08-14,
奥迪创新技术中心落户上海 - NE时代,2026-09-03,"奥迪创新技术中心落户上海
2026年9月3日，奥迪创新技术中心（AUDI Innovation & Technology Center, AITC）于上海正式成立。作为奥迪股份公司与上汽集团共同组建的新合资公司，奥迪创新技术中心是专为AUDI品牌打造、具备整车开发与端到端能力的研发实体。AITC总部设于上海，此举彰显了奥迪深耕中国市场的长期承诺，更确立了AUDI品牌进一步加强在华产品布局的战略步伐。
奥迪创新技术中心是奥迪在华双品牌战略的重要基石。继AUDI品牌及首批两款车型奥迪E5 Sportback和奥迪E7X成功推出后，奥迪与上汽集团进一步深化合作，将“美美与共”的愿景提升至全新高度。通过融合奥迪百年积淀的精密工程技术实力、上汽领先的本土创新能力，以及中国供应链优势与深刻的市场洞察，此次合作进一步强化了奥迪对中国市场坚定不移的战略聚焦。
奥迪·上汽战略合作CEO、奥迪创新技术中心董事会主席舒睿泽（Fred Schulze）表示：“这是AUDI品牌发展的历史性里程碑。全新的奥迪创新技术中心将成为我们下一代产品的创新驱动力。随着奥迪ADP 2.0智能数字平台的开发推进，我们正在为中国市场量身打造全新的产品基因。”
奥迪中国总裁罗英瀚博士（Dr. Johannes Roscheck）表示：“奥迪创新技术中心（AITC）彰显了奥迪对中国市场的长期承诺。我们将奥迪德国工程的严谨精湛，与本土市场创新能力相结合，打造以客户为中心的高端出行解决方案。我们持续强化的研发布局，将进一步提升奥迪在中国市场的核心竞争力，充分彰显独有的奥迪品牌基因。”
上汽集团副总裁、总工程师祖似杰表示：“奥迪创新技术中心是上汽与奥迪深化战略合作的又一重要里程碑。我们将立足本土，放眼全球，以新思维、新模式、新技术，为AUDI品牌注入强劲创新动能，打造智能豪华电动车新标杆。”
面向软件定义汽车（Software-Defined Vehicles, SDV）与AI定义汽车（AI-Defined Vehicles, AIDV）的未来，奥迪创新技术中心将聚焦智能电动化技术研发与整车开发。其核心研发重点将包括整车与驾控性能，以及专为中国高端车型用户量身打造的沉浸式AI智能座舱和下一代高级驾驶辅助系统。
奥迪与上汽将基于专为未来智能网联汽车打造的专属架构——奥迪ADP 2.0智能数字平台（Advanced Digitized Platform），联合开发四款全新AUDI车型。新产品矩阵将拓展并补充AUDI品牌在华现有产品阵容，首款车型计划于2028年问世。
为统筹推进该项新业务，奥迪方面任命冯思远（Matthias Pfister）担任奥迪创新技术中心总经理，上汽方面任命单云伟担任副总经理。冯思远拥有德国与中国汽车研发环境的成熟领导经验，此前曾任上汽大众上海预批量中心负责人，对本土研发动态拥有深刻洞察。他将全面负责奥迪创新技术中心的运营战略、研发整合及业务拓展。双方将携手领导一支由约300名顶尖人才组成的团队，打造下一代AI驱动的豪华出行体验。冯思远表示：“奥迪创新技术中心令我们得以将本土与国际专家汇聚一堂，为我们的产品提供快速、可靠、创新的高端技术解决方案，并真正诠释‘美美与共’的品牌理念。”
奥迪创新技术中心的成立，是奥迪股份公司与上汽集团紧密合作的又一力证。通过融合德国精工能力与中国创新速度，新合资公司将进一步推动面向中国消费者的智能出行体验向前发展
SAIC快讯 | 上汽集团与通用汽车，再续20年，共赴新境！
【NE快讯】采埃孚全球电子助力转向系统产量突破1亿；上汽通用五菱与上海汇众达成战略签约；特斯拉Model S/X设计资料全面开放
NE|快讯◎采埃孚全球电子助力转向系统产量突破1亿◎上汽通用五菱与上海汇众达成战略签约◎特斯拉ModelS/X设计资料全面开放01.采埃孚全球电子助力转向系统产量突破1亿近日，采埃孚全球电子助力转向系统（EPS）产量突破1亿。自2001年首次推出以来，采埃孚EPS从传统液压转向的替代方案，逐步发展为...
【NE快讯】上汽通用汽车宣布高层人事变动；小鹏集团发布澳大利亚战略规划；佛瑞亚海拉新一代阳光雨量传感器在华量产
01.上汽通用汽车宣布高层人事变动近日，上汽通用汽车有限公司通过官方渠道宣布高层人事变动：原华域汽车系统股份有限公司总经理徐平接替卢晓，出任上汽通用汽车总经理；卢晓同日调任上汽乘用车总经理，接替王骏，王骏留任上汽集团副总经济师兼上汽乘用车党委书记。徐平自1998年起长期深耕上汽通用与泛亚汽车技术中心...
上汽仇杰：能量域集成，是混动和电动车共同的下一步
仇杰丨上汽集团副总工程师、研发总院副院长混动和电动车的竞争，正在进入一个更难讲清楚、也更难做出来的阶段。过去，行业容易把焦点放在某一个零部件上：发动机热效率、电机功率密度、电控效率、电池能量密度、热管理方案。每个指标都重要，但车企面对的压力，已经从单点指标扩展到系统效率、成本、可靠性、法规、出海和制...
上汽将在西班牙建立其在欧盟的首家工厂
MG的母公司上汽集团已确认计划在西班牙建立其首个欧洲大陆制造工厂，选择加利西亚的港口城市费罗尔作为一座价值2亿欧元（2.27亿美元）的工业和物流综合体的选址，该综合体将整合车辆生产、研发、零部件供应和物流运营。随着该项目（最初由加利西亚地区政府宣布，现已由MG汽车确认）的推进，又一家中国制造商将在西...
【NE快讯】上汽集团突破亿辆大关；FPT与三菱汽车签署MOU；舍弗勒与中科创达签订战略合作协议
01.上汽集团突破亿辆大关5月25日，上汽集团宣布即将在5月28日举行全球第一亿位用户的交车仪式，标志着上汽成为中国首家累计产销量突破一亿辆的汽车集团。此次交车仪式将以上海为起点，通过直播连线全球，展现上汽集团旗下品牌在全球的交付现场。上汽集团自1955年成立至今，已发展成为拥有全球170多个国家和...
上汽、中芯争相入局，宁德时代加持的机器人力传感器企业再获数亿融资
2026年，国内具身智能赛道的资本风向正在发生明显转变。此前，行业资本大多扎堆人形机器人整机、AI大模型等热门领域，而今年以来，资本开始深度下沉至机器人核心零部件赛道。凭借扎实的全栈自研技术、成熟的量产能力和广泛的产业落地场景，蓝点触控开启了极速融资节奏。短短不足半年时间，公司接连拿下三轮亿元级融资...
上汽MG正考虑在西班牙自建电动汽车工厂
近日，据媒体报道，上汽集团旗下MG汽车品牌的管理层正在考虑在西班牙建设一座电动汽车工厂。此前匈牙利曾是首选候选地，但目前规划重心已转向伊比利亚半岛。MG汽车方面未回应媒体的置评请求，且据知情人士透露，最终决定尚未作出，投资金额、产能规模和时间表等关键细节仍在商讨之中。规避欧盟关税的迫切需求MG汽车在...
上汽与奥迪深化合作，携手开发AUDI品牌下一代车型
4月17日，基于双方长期稳固的合作根基，上汽集团与奥迪正式签署战略合作协议，进一步深化合作。协议聚焦AUDI品牌未来车型的全价值链布局，核心覆盖整车研发领域，并将在上海设立奥迪创新技术中心。AUDI品牌自2024年发布以来，始终坚持“美美与共”的核心理念，凭借协同合作的优势，在中国市场成功触达全新用...
全谱系供应！上汽通用五菱与宁德时代达成战略合作
近日，上汽通用五菱汽车股份有限公司（以下简称“上汽通用五菱”）与宁德时代在福建宁德签署战略合作协议。双方将围绕产业规模化、乘商兼容换电、联合出海与生态协同四大方向开展深度合作。上汽通用五菱副总经理赵肖斌与宁德时代市场体系联席总裁韩伟代表双方签署协议，上汽通用五菱总经理吕俊成与宁德时代董事长曾毓群共同...
2026第六届全球xEV驱动系统技术暨产业大会
AGIBOT WORLD Community X ｜新起航，共进化
东方印象设计哲思 铸旗舰造物格局
高能预告丨全新第四代博越L i-HEV系列技术解读
星瑞L PLUS智闯8D魔幻城
上海恩翌信息科技有限公司
沪ICP备17041240号-4",full,,dom_or_structured_full_text,https://www.ne-time.cn/web/article/39615,NE时代,电池,新能源汽车/智能汽车,2026-09-04T00:26:03+00:00,产业经济与组织 > 企业与资本 > 企业经营与公司治理,产业经济与组织,企业经营与公司治理,"[{""path"":[""产业经济与组织"",""企业与资本"",""企业经营与公司治理""],""path_text"":""产业经济与组织 > 企业与资本 > 企业经营与公司治理"",""confidence"":0.85,""reason"":""核心事件是奥迪与上汽成立合资研发实体，属企业战略与组织布局。""},{""path"":[""通用技术"",""通信和运输"",""陆路运输""],""path_text"":""通用技术 > 通信和运输 > 陆路运输"",""confidence"":0.72,""reason"":""该中心聚焦智能电动整车开发与智能座舱、辅助驾驶，属汽车产业技术。""}]",classified,2026-09-04T00:40:14.672422+00:00,glm-5.2,2026-08-14,
辉能科技全固态电池进入量产，能量密度达381Wh/kg - NE时代,2026-09-03,"辉能科技全固态电池进入量产，能量密度达381Wh/kg
9月2日，辉能科技 Technology（辉能科技）宣布，其第三代半（Gen 3.5）锂陶瓷电池（LCB）已在中国台湾Giga级生产基地进入量产阶段，标志着其高能量密度全固态电池由实验室及试产阶段进一步迈向规模化生产。
根据第三方TÜV测试报告，辉能科技一款185.4Ah大尺寸电芯的重量能量密度达到381Wh/kg，体积能量密度达到903Wh/L，可在相同储能需求下进一步降低电池的重量和体积。
此外，UL Solutions依据中国《GB/T 43568-2026》相关测试方法对该电芯进行测试。结果显示，电芯在120℃真空环境下放置6小时后的失重率低于0.05%，低于标准规定的0.5%上限，因此可按照该标准归类为全固态电池。该标准目前也已提交国际电工委员会（IEC），作为国际标准化参考。
从试产到量产，持续推进制造能力升级
辉能科技于2012年确定LCB平台，此后持续推进电池技术及制造工艺升级，目前已形成4代电池技术和3代制造技术。
2013年，辉能科技开始采用Sheet-by-Sheet生产线进行商业化生产，早期主要面向消费电子、可穿戴设备、医疗设备及半导体设备等细分市场。2017年，公司推出第二代Roll-to-Roll生产线，进一步提升自动化程度、产能及生产一致性。
2024年，辉能科技第三代Giga级制造平台投入运营，并开始支持大尺寸电芯生产。公司表示，自2013年商业化生产以来，LCB平台累计出货量已超过240万颗。
在汽车领域，辉能科技于2022年取得IATF 16949汽车质量管理体系认证。目前，其LCB产品已应用于车载音响系统，并装配于日本汽车厂商的车型中。公司表示，相关客户累计下单超过175次，累计交付量超过90万颗。
与此同时，辉能科技也已进入无人系统市场，并获得相关订单，产品主要面向对高能量密度、高倍率放电及快速充电能力有需求的应用场景。
Gen 4延续现有生产平台，进一步向全无机体系升级
在下一代产品方面，辉能科技正在推进Gen 4 LCB。该产品采用全无机超流体电解质体系，同时沿用现有Logithium电芯架构及制造工艺。
辉能科技预计，现有Giga级生产线及相关设备中，仅约10%需要进行改造，即可用于Gen 4电芯生产。公司表示，这种平台化制造方式可以在升级电解质及材料体系的同时，减少对既有生产基础设施的重复建设。
据介绍，Gen 4在保持高能量密度、高功率及快充性能的基础上，还将加入主动安全机制（ASM），用于降低高温条件下的热失控风险。同时，公司预计该产品在低温性能及材料、制造成本方面也将进一步改善。
应用方面，辉能科技计划将Gen 4拓展至AI数据中心、电动车、海事及航空航天等市场。
加快全球产能布局
在产能布局方面，辉能科技计划以中国台湾作为技术开发及制造验证基地，并在法国推进规模化生产，同时逐步拓展北美本地化供应及制造能力。
其中，法国敦刻尔克工厂已于2026年2月举行一期项目开工仪式。一期规划年产能4GWh，并计划逐步在2030年前达成；整个厂区最大设计产能可达44GWh。
辉能科技表示，未来将结合中国台湾、法国及北美的生产与供应链布局，推动锂陶瓷电池进一步商业化，并通过现有制造平台持续导入新一代电池技术。
赛科动力发布下一代高安全及全固态电池产业化成果
9月2日，作为2026世界动力电池大会同期特色活动，欧阳明高院士工作站先进电池安全创新成果发布会在宜宾三江新区隆重举行。大会云集院士专家、宜宾市相关领导，产业链企业代表、在宜高校院所师生、市属国企负责人以及中央、省级、行业媒体共200余人。本次大会由清华大学车辆与运载学院副教授、清华大学电池安全实验...
一汽联合东方理工大学发布低压固态电池成果
界面接触一直固态电池面临的一个大难题，尤其固态电池还需要高的能量密度，采用的还是高镍的材料。当前的解决方案是通过外部施加压力，让固体界面发生塑性变形，从而增加接触面积。所以固态电池在使用中也需要施加不小的外部压力。通常在10-30MPa之间。所以这也就是一汽和东方理工大学孙学良院士团队联合发布的这篇...
【NE快讯】固态电池领域首个国际标准立项；小鹏G9L首发第二代VLA；佛瑞亚海拉Ignite联合51Sim
NE|快讯◎固态电池领域首个国际标准立项◎小鹏G9L首发第二代VLA◎佛瑞亚海拉Ignite联合51Sim01.固态电池领域首个国际标准立项近日，由我国提出的国际标准提案《电动汽车驱动用二次锂离子电池固态电池应用指南、测试项目及条件》在国际电工委员会（IEC）成功立项。该标准是固态电池领域全球首个国...
欣界能源完成超1亿美元B轮融资 将用于建设3GWh固态电池量产线等
欣界能源本轮资金将主要用于锂金属固态电池量产和持续交付、研发团队扩建，以及新增3GWh高能量高安全固态电池量产线。新增产线预计于2026年底至2027年初陆续投产。图/欣界能源据普华资本8月14日消息，近日，深圳欣界能源科技股份有限公司（简称：欣界能源）宣布完成超1亿美元（约合6.74亿人民币）B轮...
先进方形全固态电池中试产线启动建设！
8月13日，先进方形全固态电池产业化项目在苏州签约，标志着这一前沿技术正式进入中试阶段。项目由中国科学院物理研究所与中科低碳城市发展（苏州）有限公司合作，依托中科裕廊低碳科技产业发展（苏州）有限公司承建，首期219亩产业用地已落地苏州工业园区。中国科学院物理研究所李泓研究员担任项目负责人，牵头组建专...
固态电池企业排队IPO：量产前夜的“血包”争夺战
导语继续输血，走向量产。继卫蓝新能源冲刺A股、清陶能源赴港之后，辉能科技表示将通过并购的方式在纳斯达克上市。三家头部企业密集递表，是不是也释放出了一个强烈的产业信号？固态电池的“概念时代”正在落幕，真刀真枪的“量产时代”已然来临。01.从实验室到工厂：一条“烧钱不眨眼”的路当前的固态电池正处于“固液...
固态电池挺进千亿 AIDC 赛道！
2026年7月18日，北京卫蓝新能源子公司浙江卫蓝数能科技有限公司正式揭牌，该公司注册于湖州南太湖新区。本次盛典以“启新程・共未来”为主题，政企领导、行业龙头、产业链生态伙伴齐聚现场，落地两项重磅算力产业战略合作，标志着卫蓝新能源正式进军AIDC储能黄金赛道。大模型浪潮催生全球算力需求指数级爆发，行...
总投资5.5亿元，全固态电池项目落地天宁经开区
7月15日，全固态电池智能制造产线总装基地项目签约落地江苏天宁经开区，项目总投资5.5亿元。此次签约的全固态电池智能制造产线总装基地项目，源自西安交大材料化工研究所，是全球固态电池干法智造和整线工艺赛道龙头装备企业，掌握从材料到电芯的整体工艺交付能力，具备干法制造全流程解决方案交付能力，拥有独家“原...
恩力动力安徽固态电池先进智造基地如期达产
今年4月，恩力动力安徽首个2GWh固态电池先进智造基地在滁州凤阳启动投产，迈出固态电池产业化落地的坚实一步。时隔不足三月，这座以工业4.0标准打造的智造基地再传捷报——截至7月初，安徽恩清基地已完成产能爬坡目标，达到设计产能。从首批投料至合格品下线仅14天，从投产启动到达成产能目标不足三月，恩清基地...
产线复用降本提效｜巨湾固态电池量产驶入快车道
当下，固态电池凭借高能量密度、高安全、超快充电等核心优势，成为下一代动力电池技术的重要方向。在行业普遍认知里，固态电池制造工艺与传统液态锂电池制造工艺存在较大差异，想要实现规模化量产，重资产建厂、超长投产周期、居高不下的量产成本，成为全行业固态电池商业化落地需要翻越的三座大山，也是制约固态电池快速商...
2026第六届全球xEV驱动系统技术暨产业大会
AGIBOT WORLD Community X ｜新起航，共进化
东方印象设计哲思 铸旗舰造物格局
高能预告丨全新第四代博越L i-HEV系列技术解读
星瑞L PLUS智闯8D魔幻城
上海恩翌信息科技有限公司
沪ICP备17041240号-4",full,,dom_or_structured_full_text,https://www.ne-time.cn/web/article/39614,NE时代,电池,新能源汽车/智能汽车,2026-09-04T00:26:06+00:00,零碳产业 > 能量循环 > 能量存储 > 电化学储能 > 二次电池 > 锂电池,零碳产业,锂电池,"[{""path"":[""零碳产业"",""能量循环"",""能量存储"",""电化学储能"",""二次电池"",""锂电池""],""path_text"":""零碳产业 > 能量循环 > 能量存储 > 电化学储能 > 二次电池 > 锂电池"",""confidence"":0.92,""reason"":""核心是全固态锂陶瓷电池量产与能量密度、安全性能进展。""}]",classified,2026-09-04T00:40:14.672422+00:00,glm-5.2,2026-08-14,
日本汽车零部件商借EV转型“脱系列”，向中国寻商机 - NE时代,2026-09-03,"日本汽车零部件商借EV转型“脱系列”，向中国寻商机
汽车电动化的推进将为日本汽车零部件供应商带来新的商机，但也迫使他们面对仅靠依赖本土大型整车厂商的“系列”关系将无法生存下去这一现实……
尽管外界不断出现“纯电动汽车（EV）失速”的论调，但全球市场以EV为前提的竞争仍在稳步推进。这一局面令日本零部件供应商倍感艰难。原因是相比发动机汽车，EV的零部件数量减少了3～4成，加之日本整车厂商的困境正直接影响到供应商的业绩。整车厂商的筛选标准也变得比以往更加严苛。如今，“系列”（Keiretsu）（注）已不再是供应商的“保护伞”。究竟应该走向“升级”还是“自立”？ 汽车零部件供应商同样处于重大变革的漩涡之中。
（编者注：“系列”（Keiretsu）在日本主要指以某家大型整车厂为核心，由长期稳定合作的零部件供应商组成的企业网络）
日本零部件商加快“脱系列”，寻求“自立”
总部位于岐阜县的本田系企业J-MAX凭借获得全球最大的车载电池制造商、中国宁德时代新能源科技（CATL）的电池壳体订单为契机，正逐步摆脱此前仅依赖本田的“单一打法”。
J-MAX以生产车身骨架等为主业，为应对中国市场快速的电动化，率先着手开发车载电池壳体。其产品不仅适用于电池电动汽车（BEV），还可广泛用于混合动力车（HV）和插电式混合动力车（PHV），通用性是其优势。
2023年，J-MAX投入60亿日元在福建省新建工厂，以扩大面向宁德时代的电池壳体的产能。文章开头的照片正是该公司于2023年4月在福建省设立的新工厂。该公司社长山崎英次回顾称：“虽然（建厂）风险很大，但要填补日系厂商业务下滑带来的缺口，没有其他选择”。
2014财年（截至2015年3月），J-MAX对本田的销售额占比高达87%，但到2025财年已降至49%。公司还在持续推进向丰田汽车等其他厂商扩大销售的战略。在中期经营计划中，该公司将“转型为电动化供应商”作为主题，正以宁德时代为中心，扩大与新兴车载电池制造商的合作。山崎社长表示：“依赖单一汽车制造商或单一动力总成存在较大风险”。
如果仍依赖总部主导的开发模式和日本式“系列”体系，已完全无法抗衡在开发速度上占据压倒性优势的当地企业。在瞬息万变的市场环境中，究竟该如何生存？在中国市场，这一点也正是对日本供应商的直接考验。
“仍有战胜中国企业的机会”，Jatco推进组织变革
为日产汽车、三菱汽车和铃木供应变速箱的Jatco（位于静冈县富士市），正通过组织改革走上“升级”之路。该公司新设立了“制造部门”，调整人员配置，以应对中国厂商的开发速度。
早在2020年代，Jatco就已开始全面推进电动化转型。其提出的目标是在2030年前将面向EV的单元年产能提升至500万台。2025年1月，该公司在英国桑德兰成立了新公司，到2026年具备了生产约34万台电动动力总成的体制。此外，2025年3月，该公司还出售了位于静冈县挂川市、原本生产发动机汽车变速箱的工厂。为了专注于电动动力总成的生产，投入了经营资源。
然而，除EV需求放缓外，日产的销售低迷也日益加剧。其影响波及Jatco。公司原计划在英国进行的动力总成生产已被搁置。“在EV市场遇到的困境超出了预期”，该公司首席技术官（CTO）大曾根龙也流露出无奈。
大曾根表示“如果在中国以外的工厂生产，价格上会变得相当接近”
尽管如此，Jatco仍计划维持到2030年生产500万电动单元的目标。原因是该公司的电动动力总成“X-in-1”正在推进面向EV和日产的HV技术“e-POWER”的零部件通用化，能够灵活应对市场需求的变化。
另一方面，与中国企业的竞争正日益激烈。大曾根承认“在中国市场取胜很困难”。但他认为在海外市场仍有胜算，“我们的价格竞争力足够强。要保持竞争力，关键在于推进数字化、提高开发速度。不过，在这方面仍落后于中国厂商”。
为了提升开发速度，Jatco于2026年实施了大规模组织重组，将开发、生产、采购等部门合并，新设“制造部门”。据称，过去各部门之间的协调耗时较长，而通过此次整合，实现了决策的快速化以及跨部门协作的强化。
另外，Jatco还从过去以EV、HV等产品为单位划分人员的方式，转变为以电机开发、齿轮开发等功能为单位配置人员的架构。这样一来，能够根据业务环境的变化和客户需求的变化，灵活调配人才与研发资源。大曾根信心十足地表示：“我们必须同时推进组织改革和数字化。未来一年将是关键时期”。
座椅供应商TS TECH要实现“两条腿走路”
日本汽车座椅大型供应商TS TECH营业收入的约9成来自本田。该公司正力争扩大对铃木和德国宝马（BMW）等本田以外整车厂商的销售。
该公司从本财年开始实施的第16次中期经营计划提出的是“恢复盈利能力”。2026年4月就任社长的鸟羽英二表示：“对本田销售额正在持续下滑。要扩大营收，就必须争取其他厂商”。
该公司计划扩大除本田以外的OEM（整车厂商）业务，使营收中约70%来自本田，约30%来自其他OEM客户，实现“两条腿走路”。
与此同时，该公司还将积极向中国汽车厂商提供产品。鸟羽表示：“我们认为有望向广汽集团和长安马自达供货。从长安马自达来看，甚至有可能将采用范围扩展到其母公司长安汽车集团”。
另一方面，TS TECH也致力于扩大在本田内部的份额。该公司并未改变本田属于重要客户的定位。鸟羽社长强调称：“我们与本田的合作已持续60多年。今后也将继续作为主要供应商积极提供支持”。目前，正努力提高现有的供货份额，力争在本田的汽车座椅业务中获得超过70%的份额。
鸟羽表示“我们没有不打算削减本田业务。而是在提升营收整体的基础上调整占比”
扩大销售渠道的关键在于加强销售能力。不能再像以往那样单独推销座椅，而是根据不同汽车厂商的需求提供定制化座椅和车门产品，从整个座舱的角度提出方案，推动“座舱整体解决方案”。 例如开发能够随着音乐产生振动的座椅等，通过关注乘客在车内的体验来提高产品附加值。鸟羽微笑着说：“通过提出这样的解决方案，更容易获得厂商的采用”。
TS TECH为了提升盈利能力，还将同步推进成本削减。公司正逐步推进人员和基地的优化、供应链的调整，以确保价格竞争力。鸟羽表示：“特别是在海外，若不充分利用本地供应商，将难以立足”。鸟羽称：“某中国汽车商向多家企业采购零部件，且每半年要求重新报价。一旦被认为缺乏价格竞争力，订单本身就可能被取消”。
通过这种销售额的扩大和成本削减，TS TECH力争在2028财年之前将营业利润率从2025财年的2.3%提升至5%。能否从依赖本田一家企业的状况中脱身，并进一步强化经营基础？这对TS TECH来说，未来三年将成为决定成败的关键。
汽车电动化的推进将为日本供应商带来新的商机，另一方面，也迫使他们面对仅靠传统的“系列”关系将无法生存下去这一现实。适应变化的能力决定企业命运的时代已经到来。
丰田将在中国率先生产最新EV
丰田将在中国先行推出轻量化的下一代纯电动汽车，图为丰田目前面向中国市场的纯电SUV围绕下一代EV，丰田一直在日本推进“轿跑车”的开发，但今年春季停止。丰田将于2027年秋季在中国生产下一代EV，全球新一代汽车的竞争中心已从欧美和日本转移至中国……日本丰田将于2027年秋季在中国生产下一代纯电动汽车（...
采购车辆1%将为氢燃料汽车！日本筹建“氢能大动脉”, 推出“氢能1%采购宣言”
据日本氢能协会JH2A官网，当地时间8月28日，该协会在福岛县召开了一次区域筹备会议，主要是打造日本“氢能大动脉”（会议由日本汽车制造商协会（JAMA）联合主办，福岛县支持），并落实“氢气1%采购宣言”暨福岛县采购采购公务用车总量的1%---13台氢燃料电池汽车。据悉，JH2A正在推进“氢能大动脉”...
比亚迪将把在日本打造的技术推向全球
比亚迪将灵活运用专门为日本市场开发的纯电动轻型车“Racco”的技术比亚迪专为日本市场开发的轻型EV“Racco”为了在有限的轻型汽车的规格范围内兼顾车内空间与碰撞安全性，开发了自研电池包等。这些技术将转用，在欧洲等全球市场销售……中国纯电动汽车（EV）大企业比亚迪（BYD）将把在日本推出的轻型汽车...
1.99MW/8.35MWh！瑞浦兰钧日本首个储能项目正式并网投运
近日，瑞浦兰钧在日本的多个储能项目陆续进入并网调试阶段。其中，位于栃木县鹿沼市的项目率先完成并网，成为公司在日本首个正式投运的独立电网侧储能项目。栃木鹿沼项目规模为1.99MW/8.35MWh，核心设备采用瑞浦兰钧提供的417kWh液冷户外直流储能柜，以整柜形式供应。作为独立储能电站，该项目通过参与...
墨西哥要在EV巴士领域减轻依赖中国
在墨西哥EV巴士市场，宇通客车和比亚迪等中国企业被认为掌握超过八成份额。墨西哥国产EV巴士的开发已正式启动，计划超过70%的零部件在墨西哥本土制造，还力争未来实现出口……墨西哥国产纯电动（EV）巴士的开发已正式启动。计划超过70%的零部件在墨西哥本土制造，旨在夺回被中国制造商席卷的纯电动巴士国内市场...
25年全球EV价格低于HV：中企出海、日企逆风
在泰国展示的比亚迪的EV（Reuters）2025年全球纯电动汽车（EV）均价约为3.7万美元（约人民币24.96万元），混合动力车（HV）约为3.9万美元（约人民币26.32万元）。除了电池降价外，中国EV通过大规模生产降低了成本……　　2025年全球纯电动汽车（EV）的平均价格已低于混合动力车（...
日本7月进口车销量下滑10%，比亚迪创新高
比亚迪“海狮8”（资料图）7月进口汽车销量（不含日本本土品牌）为1万7079辆，同比减少10%。路虎、比亚迪、兰博基尼等7个品牌7月的在日销量创下单月数据历史新高……日本汽车进口商协会（JAIA）8月6日公布的7月进口汽车销量（不含日本本土品牌）为1万7079辆，同比减少10%，时隔两个月出现下滑。...
澳企扩大锂生产，迎接EV市场回暖
锂价在暴跌后触底反弹（Reuters）2026年的锂价处于复苏态势。霍尔木兹海峡封锁导致燃料价格上涨，EV销售势头强劲。市场上有很多观点认为，锂的供不应求将持续到2030年前后……澳大利亚企业正在扩大用于车载电池等的重要矿产锂的生产。由于2024年前后的行情低迷，许多工厂停产，但随着当前市场复苏，又...
比亚迪轻型EV“Racco”在日订单超700辆
比亚迪推出的轻型EV“Racco（海獭）”（7月，东京都港区）轻型EV“Racco（海獭）”于7月28日在日本上市，比亚迪8月3日表示订单量已超过700辆。7月的Racco销量在上市后的4天里达到了125辆……　　比亚迪（BYD）8月3日表示，7月28日在日本上市的轻型纯电动汽车“Racco（海獭）...
中国EV产业结构：电池强势，整车承压
、宁德时代的钠离子电池展示（4月下旬，北京市）在以发动机汽车为中心的过去，形成了以生产发动机的整车制造商为顶点、零部件供应商共同构成的金字塔式产业结构。但在世界上最早推进EV转型的中国，这一结构正在被颠覆……中国车载电池制造商宁德时代新能源科技（CATL）的业绩表现强劲。搭载于纯电动汽车（EV）的电...
2026第六届全球xEV驱动系统技术暨产业大会
AGIBOT WORLD Community X ｜新起航，共进化
东方印象设计哲思 铸旗舰造物格局
高能预告丨全新第四代博越L i-HEV系列技术解读
星瑞L PLUS智闯8D魔幻城
上海恩翌信息科技有限公司
沪ICP备17041240号-4",full,,dom_or_structured_full_text,https://www.ne-time.cn/web/article/39613,NE时代,电池,新能源汽车/智能汽车,2026-09-04T00:26:08+00:00,通用技术 > 通信和运输 > 陆路运输,通用技术,陆路运输,"[{""path"":[""通用技术"",""通信和运输"",""陆路运输""],""path_text"":""通用技术 > 通信和运输 > 陆路运输"",""confidence"":0.85,""reason"":""核心是汽车电动化转型下日本零部件供应商向中国电池产业寻求商机的产业动态。""},{""path"":[""产业经济与组织"",""企业与资本"",""企业经营与公司治理""],""path_text"":""产业经济与组织 > 企业与资本 > 企业经营与公司治理"",""confidence"":0.7,""reason"":""报道聚焦零部件企业的战略转型、建厂与客户结构调整。""}]",classified,2026-09-04T00:40:14.672422+00:00,glm-5.2,2026-08-14,
亿航智能赴南昌与市委书记会谈，提速江西低空示范样本建设 - NE时代,2026-09-03,"亿航智能赴南昌与市委书记会谈，提速江西低空示范样本建设
9月1日，亿航智能创始人、董事长兼首席执行官胡华智带队赴南昌市，与江西省委常委、南昌市委书记、赣江新区党工委书记盛秋平见面会谈。双方围绕低空经济产业布局、示范场景建设、行业生态培育等议题展开深度交流，共同擘画南昌低空经济高质量发展蓝图。南昌市副市长、市委秘书长高辉红，副市长候选人陈艳，亿航智能中国区总经理李晓娜、副总裁贺天星等共同参会。
南昌市委书记盛秋平会见亿航智能董事长胡华智一行
（图片来源洪观新闻）
双方高层互动凝聚共识
合作基础持续夯实
会谈中，盛秋平指出，南昌正紧跟未来交通产业前沿方向，积极布局低空经济等细分赛道，全面拥抱智能经济新形态，加快培育多元创新应用场景，不断丰富航空产业发展生态。亿航智能作为低空领域的龙头企业，技术领先、实力雄厚。希望亿航智能积极抢抓南昌低空经济发展势头，充分依托自身在行业内的资源优势和技术积淀，助力南昌完善低空经济产业生态，携手打造低空经济示范标杆，为南昌高质量发展注入强劲动能。
胡华智介绍了企业在研发迭代、技术攻关、适航取证、产线建设、融合示范场景落地等方面的进展和行业实践经验。他表示，南昌生态禀赋独特、工业底蕴深厚，空域资源充裕、应用场景丰富，与亿航智能的发展战略高度契合，双方合作基础良好、合作前景广阔。期待双方进一步加强沟通对接，聚焦重点领域持续深化交流合作，推动双方合作迈向更高层次、更宽领域，努力实现共赢发展。
江西省委书记尹弘、广东省省长孟凡利一行参观亿航智能科技展厅
今年以来，亿航智能与江西省市两级政企互动持续深化。5月，江西省委书记尹弘率考察团到访亿航智能总部，实地调研企业无人驾驶航空器技术研发及低空生态建设成果，对亿航智能的技术路径与运行模式给予充分肯定。7月，盛秋平书记在南昌红谷滩区调研科技创新工作，专程考察亿航智能江西省级合作平台展示中心，详细了解企业在赣发展布局与应用落地进展，鼓励企业持续强化研发创新，深化行业融合应用。此次再度会面，既是对前期合作共识的落地跟进，也释放出南昌市加速布局低空经济新赛道、深化与行业龙头协同的明确信号。
盛秋平书记考察亿航智能江西省级合作平台展示中心
统筹江西全域布局
打造南昌强省会示范标杆
亿航智能助力江西打造全国低空经济发展战略高地，目前已在位于抚州灵谷峰的江西省首个标准化eVTOL运营中心实现EH216-S的常态化飞行，并在萍乡武功山、宜春铜鼓天柱峰、南昌滕王阁等多个核心景区进行空中游览布局与联动飞行，形成 “一省多地联动” 的低空协同发展格局。
未来，亿航智能计划在南昌设立全自主低空飞行及立体交通融合场景运营中心，紧扣滕王阁与赣江水面低空文旅走廊，构建空中观光、物流运输、应急消防、无人机编队表演等场景落地。
亿航智能EH216-S在南昌市滕王阁飞行
依托江西深厚的航空工业底蕴、优越的空域资源与丰富的应用场景，亿航智能正携手当地合作伙伴，以 “政府引领、国资搭台、企业主导、市场运营” 的发展原则，统筹推进全省低空经济布局，探索可复制、可推广的产业发展模式。
以此次会谈为契机，亿航智能将进一步围绕江西强省会发展战略，夯实南昌在江西全域布局中的核心支点地位，以“省会牵引、省会示范、省会标杆”赋能南昌低空经济建设，联动全省各地资源，逐步构建完善的低空服务网络与产业链生态，助力江西从 “航空大省” 向 “航空强省” 跨越，为全国低空经济高质量发展打造省级实践样板。
首批国家新兴产业示范企业出炉，亿航智能领衔低空装备赛道
9月1日，工业和信息化部公示第一批国家新兴产业发展示范基地创建对象初步名单。亿航智能设备（广州）有限公司入选“低空装备”示范企业创建对象。连同近期收获的中国专利优秀奖以及2026年广东省制造业单项冠军企业，亿航智能接连拿下多项重要荣誉，标志着企业在技术创新、制造实力、产业示范层面获得权威认可。此次低...
亿航智能EH216-S完成香港公开首飞,携手特区政府加速推进“监管沙盒X”低空新范式
2026年8月28日，全球领先的城市空中交通科技企业亿航智能宣布，其自主研发的EH216-S无人驾驶载人电动垂直起降（eVTOL）航空器在香港数码港成功完成公开首飞。作为香港特区政府自8月中旬启动低空经济“监管沙盒X”试点项目以来的首阶段首次公开飞行展示，本次首飞标志着粤港澳大湾区低空立体交通网络建...
亿航智能携手中建六局布局低空基建，海南临高低空走廊项目率先动工
全球领先的先进空中交通（AAM）科技平台企业亿航智能宣布，已与大型基建与城市综合开发央企——中国建筑第六工程局有限公司（下文简称""中建六局""）签署战略合作意向框架协议。双方计划围绕低空经济基础设施建设和运营场景规划建立合作，以跨海低空走廊（海南临高段）项目为首个落地工程，构建基建与运营闭环的低空经济...
【NE快讯】金杯延锋拟收购延锋汽车饰件系统（沈阳）有限公司100%股权；国轩高科电池首次陆路直发欧洲；亿航智能推出全球Fast Track计划
01.金杯延锋拟收购延锋汽车饰件系统（沈阳）有限公司100%股权近日，金杯汽车发布公告，公司控股子公司沈阳金杯延锋汽车内饰系统有限公司拟通过公开摘牌方式，参与收购延锋国际汽车技术有限公司在上海联合产权交易所公开挂牌转让的延锋汽车饰件系统（沈阳）有限公司（以下简称“沈阳子”）100%股权，交易底价1....
亿航智能推出全球Fast Track计划，斯里兰卡成为首个落地国家
全球领先的先进空中交通（AAM）科技企业亿航智能宣布，正式推出全球FastTrack计划，为海外市场开展无人驾驶电动垂直起降航空器（eVTOL）运营评估与落地提供一套体系化的加速实施路径。斯里兰卡为本计划首个落地市场，斯里兰卡港口与民航部、斯里兰卡民航局（CAASL）已采纳该FastTrack计划，...
亿航智能加速泰国eVTOL立体交通商业化生态建设
3月19日，亿航智能创始人、董事长兼首席执行官胡华智携公司首席运营官王钊、首席财务官杨嘉宏，副总裁兼华东区域总经理李晓娜、研发副总裁王栋等公司管理层，与泰国看守政府副总理兼交通部长PhipatRatchakitprakarn、交通部常务副部长PunyaChupanit，泰国运输和交通政策与规划办公室...
亿航智能携手土耳其电信、Argela 共拓土耳其先进空中交通新生态
亿航智能宣布与土耳其领先的通信及数字化解决方案提供商土耳其电信（TürkTelekom）及其科技子公司Argela签署战略合作协议。图：亿航智能与土耳其电信及Argela签署战略合作协议本次战略合作签约仪式在2026年世界移动通信大会（MWC）现场举行。土耳其电信集团首席执行官EbubekirŞah...
亿航智能与西班牙皇家汽车俱乐部（RACE）签署战略合作，携手推动先进空中交通与赛车运动创新
全球领先的先进空中交通（AdvancedAirMobility，AAM）科技平台企业亿航智能宣布，与西班牙领先的汽车俱乐部和国际汽车联合会（FIA）的创始成员——西班牙皇家汽车俱乐部（RealAutomóvilClubdeEspaña，RACE）正式签署战略合作备忘录（MoU），双方将围绕城市空中交...
亿航智能VT35在合肥完成首次公开飞行
全球领先的先进空中交通（AAM）科技企业亿航智能宣布，2025年12月28日在安徽省合肥市肥东白龙机场成功完成VT35新一代长航程复合翼无人驾驶载人eVTOL首次公开飞行，充分验证了其安全、稳定及可靠的飞行性能，也标志着亿航智能与合肥市低空经济战略合作的进一步深化，迈入多元化落地的新阶段。图：亿航智...
亿航智能实现欧洲城市内首次多条点对点航线飞行，完成欧盟项目U-SAVE打造城市空中应急响应新标杆
全球领先的先进空中交通（AAM）科技企业亿航智能宣布，其EH216-S无人驾驶航空器（eVTOL）在西班牙萨拉戈萨市中心成功完成里程碑式点对点城市飞行，这是欧洲首次无人驾驶eVTOL在应急响应场景下的城市飞行，为欧洲应急响应服务解决方案树立了全新标杆。图：亿航智能EH216-S西班牙萨拉戈萨实现点对...
2026第六届全球xEV驱动系统技术暨产业大会
AGIBOT WORLD Community X ｜新起航，共进化
东方印象设计哲思 铸旗舰造物格局
高能预告丨全新第四代博越L i-HEV系列技术解读
星瑞L PLUS智闯8D魔幻城
上海恩翌信息科技有限公司
沪ICP备17041240号-4",full,,dom_or_structured_full_text,https://www.ne-time.cn/web/article/39611,NE时代,电池,新能源汽车/智能汽车,2026-09-04T00:26:10+00:00,通用技术 > 通信和运输 > 航空,通用技术,航空,"[{""path"":[""通用技术"",""通信和运输"",""航空""],""path_text"":""通用技术 > 通信和运输 > 航空"",""confidence"":0.9,""reason"":""核心是eVTOL企业亿航智能的低空经济产业布局与示范场景建设。""},{""path"":[""产业经济与组织"",""企业与资本"",""企业经营与公司治理""],""path_text"":""产业经济与组织 > 企业与资本 > 企业经营与公司治理"",""confidence"":0.7,""reason"":""企业与地方政府会谈推动区域合作，属企业经营战略动态。""}]",classified,2026-09-04T00:40:14.672422+00:00,glm-5.2,2026-08-14,
低空观察丨7—8月低空政策盘点，哪些新动向值得关注？ - NE时代,2026-09-03,"低空观察丨7—8月低空政策盘点，哪些新动向值得关注？
7-8月，低空经济相关政策法规持续更新。从国家部委到重点地区，相关规划、规章及配套文件陆续发布。本期「低空观察」重点关注三个方面：
规划部署：工信部再次明确低空经济为“十五五”新兴支柱产业，《民用航空发展“十五五”规划》将“低空民航能力提升工程”列入七大重点工程。
法规与应用：两部通用航空管理新规落实“两证合一”，《体育强国建设“十五五”规划》明确提出发展低空等户外运动。
地方实践：上海、深圳前海、海南分别围绕低空产业布局、金融支持和低空交通等方面作出部署。
规划部署 丨“十五五”低空发展部署逐步深化
低空经济再次明确为“十五五”新兴支柱产业
8月26日上午，国务院新闻办公室举行“开局起步‘十五五’”系列主题新闻发布会，工业和信息化部副部长辛国斌在会上明确表示，今后五年的目标任务已经明确，接下来的关键是要全力抓好落实。
加快打造集成电路、航空航天、生物医药、低空经济、新型储能、智能机器人等新兴支柱产业，推动量子科技、生物制造、氢能和核聚变能、脑机接口、具身智能、6G等未来产业成为新的经济增长点。
此次发布会再次明确低空经济作为“十五五”新兴支柱产业的发展定位，并进一步释放出加快培育壮大新兴产业、推动相关部署落地的政策信号。随着“十五五”开局起步，低空经济新兴支柱产业的发展也将进一步进入落实阶段。
《民用航空发展“十五五”规划》
“低空民航能力提升工程”列入七大重点工程
8月7日，中国民航局、国家发展改革委、交通运输部联合印发《民用航空发展“十五五”规划》。该规划为“十五五”时期民航业发展的纲领性文件，明确到2030年行业发展的总体目标，并围绕安全、服务、基础设施等方面部署“六大体系”建设任务。
规划在“全力构建自主可控的创新支撑体系”中明确提出“推动低空民用航空安全发展”，并将“低空民航能力提升工程”列入“十五五”民航发展的七大重点工程。
《民用航空发展“十五五”规划》政策解读节选
本次规划进一步明确了低空民用航空在“十五五”民航发展体系中的位置。一方面，提出“推动低空民用航空安全发展”；另一方面，将“低空民航能力提升工程”列入七大重点工程，进一步强化低空民航能力建设，为低空经济安全有序发展提供民航体系支撑。
法规与应用丨通航运营新规落地，应用领域持续拓展
两部通用航空管理新规施行
通航运营准入实现“两证合一”
7月1日，《通用航空运营许可程序规定》（13号令/CCAR-120）与《通用航空经营管理规定》（14号令/CCAR-290-R4）公布并施行，作为新修订《中华人民共和国民用航空法》的配套规章，完善通用航空运营管理制度；原《通用航空经营许可管理规定》（CCAR-290-R3）同步废止。
此次调整的核心变化之一，是通用航空运营准入实现“两证合一”。此前，经营性通用航空活动涉及经营许可和运行许可两项许可管理；新规实施后，两项许可统一为通用航空运营许可。企业取得通用航空运营许可证及相应运营规范后，可按照获批范围开展运营。
13号令/CCAR-120 原文
两部新规分别聚焦“准入”和“经营”
《通用航空运营许可程序规定》
（13号令/CCAR-120，主管“准入”）
明确运营许可证及运营规范的申请、颁发和管理要求，设置10项运行种类和载客、载人、载货、培训、其他5类经营活动，明确企业“可以开展什么业务”。
《通用航空经营管理规定》
（14号令/CCAR-290-R4，主管“经营”）
由原《通用航空经营许可管理规定》修订更名，将经营许可相关内容调整至13号令，进一步聚焦事中事后监管；对应上述5类经营活动，分别明确各类企业在经营过程中的法律义务和监管要求，规范企业“取得许可后如何经营”。
14号令/CCAR-290-R4 原文
14号令/CCAR-290-R4
两部新规落实“两证合一”，形成“准入+经营”的监管分工，进一步完善通用航空从市场准入到经营监管的制度体系，为各类通用航空活动规范运营和商业化发展提供制度支撑。
《体育强国建设“十五五”规划》
国家体育总局明确提出发展低空等户外运动
7月22日，国家体育总局印发《体育强国建设“十五五”规划》。规划明确提出“大力发展山地、水上、冰雪、低空等户外运动”，并提出推进水域、空域、山地等自然资源向户外运动安全有序开放，统筹建设高质量户外运动目的地，培育户外运动消费新增长点，有力服务低空经济和海洋经济发展。
《体育强国建设“十五五”规划》原文
此次规划进一步打开了低空经济与体育消费融合发展的政策空间。一方面，将低空明确纳入重点发展的户外运动类型，拓展了低空经济在体育领域的应用方向；另一方面，提出推进空域等自然资源安全有序开放，为低空户外运动发展提供了更明确的政策支持。
地方实践 丨产业布局、金融支持、低空交通加快推进
《上海市战略性新兴产业发展“十五五”规划》
推进低空产业、基础设施与应用场景布局
7月29日，上海市人民政府办公厅印发《上海市战略性新兴产业发展“十五五”规划》，将低空经济列入新兴支柱产业细分赛道，重点发展先进低空飞行器、低空装备关键部件和低空基础设施，并提出拓展低空生产作业和公共治理应用，丰富文旅运动等消费业态，逐步释放低空物流潜力。
《上海市战略性新兴产业发展“十五五”规划》印发通知
《上海市战略性新兴产业发展“十五五”规划》原文
规划从低空装备、基础设施和应用场景等方面，对上海“十五五”时期低空经济发展作出部署。
前海低空经济金融十二条
金融支持覆盖产业发展全周期
8 月 14 日，深圳市前海深港现代服务业合作区管理局印发低空经济金融十二条，提出为前海低空经济产业提供全链条、全周期、全场景金融支持。措施涵盖保险保障、融资支持和跨境服务等方面，对承保“首次飞行”“首次运营”及深港澳跨境“首条航线”等项目的保险机构给予奖励， 并通过 信贷 、 融资租赁 、跨境金融等方式支持低空经济企业发展。
《十二条措施》政策解读节选
《十二条措施》覆盖低空经济产业发展的多个环节和场景，通过多种金融工具，进一步强化前海低空经济产业全生命周期的金融支持。
《海南省“十五五”综合交通运输规划》
构建低空交通基础设施与航路网络
7月30日，海南省人民政府印发《海南省“十五五”综合交通运输规划》。《规划》提出构建“环岛跨海、多点组网、全域监管”低空飞行体系，打造“通用机场+起降点+航路网+保障网”四位一体低空网络。
“十五五” 期间，海南规划实施36个低空基础设施重大工程；提出到2030年，低空公共航路里程力争达到200公里，民用低空航空器飞行总量力争达到170万小时。
《海南省“十五五”综合交通运输规划》印发通知
《海南省“十五五”综合交通运输规划》原文
《规划》不仅明确了海南低空交通的发展方向，还进一步细化到基础设施工程、航路网络和量化发展指标。从低空飞行体系构建，到36个重大工程及2030年发展目标，海南“十五五”时期低空交通发展的重点任务与建设目标进一步明确。
政策持续更新，产业发展不断向前。
随着规划、制度与实践不断落地，低空经济的发展路径正逐步清晰。
比亚迪2025年销量盘点
2025年，比亚迪国内终端上险数据为339.7万，其中年度销量超过10万的车型有14款之多，仍然遥遥领先。但从7月份开始，销量持续同比下跌，全年同比下滑7%。比亚迪王传福在2025年12月的临时股东会上对这些情况做出了回应，认为主要原因是技术领先度拉开的差距不够、营销宣传效果一般。但是海外创新高，预...
《年终盘点系列》之2019年十大人事变动
2019年，中国汽车市场整体销量下滑9.6%，市场环境的逼仄也为整个行业带来了更大的压力。适逢国六排放标准的提前实施、新能源补贴退坡、关税的波动等行业性事件，行业内的从业人员，无论一线员工还是职业经理人，在压力下都有些焦虑，业内也出现了比往年更高频的人事变动。在聚光灯下指点江山的汽车经理人以及幕...
2019年造车新势力热点人物盘点
2019年，整个汽车圈笼罩在一个行业不太景气的寒冬氛围中，车企也在这一年开始大刀阔斧地降本。对于造车新势力来说，生存下去都有些许艰难。但是，即便步履维艰，也有很多人和观点依旧值得我们回味。 “难”人李斌需要我们更多的耐心在打造蔚来的前后，李斌一直顶着一个好人的光环，以个人名义扛下易车所有债务，给蔚来...
中国特色氢能技术路线！盘点国内氢燃料重卡汽车及相关企业
据相关数据统计，2018年，全国重卡实现销售114.80万辆，同比增长3%，整个市场服役期内的存量重卡也接近400万辆，而所有重卡中，95%左右是柴油发动机车型，剩下的5%主要是LNG驱动。随着近年氢能产业不断发展与成熟，长续航、大载重的重卡领域，被普遍认为是氢燃料电池未来重要的应用场景。2018年...
2019年全球车市半年盘点
根据LMC汽车的统计，2019年1-6月份，全球共售出4515.9万辆轻型车，同比下跌6.6%。其中，中国、西欧和北美三大核心市场，都出现了不同程度的销量下滑。中国市场上半年的销量为1207.6万辆，同比下滑12.4%；西欧市场的销量为869.9万辆，同比下滑2.9%；美国市场销量为843.2万辆，...
盘点十大自主品牌，电动化谁跑在了最前面？
2018年，中国新能源电动车销量超过125万辆，在中国车市出现28年来首降的情况下，唯有新能源汽车成为萎靡市场中的一抹亮色，逆势上扬。目前，自主品牌新能源产品已经经历了发展初期，其在电池密度、续航里程方面已经超过了部分合资新能源品牌，甚至能够做到反哺合资新能源电动产品。自主品牌新能源产品正朝向更高端...
2026第六届全球xEV驱动系统技术暨产业大会
AGIBOT WORLD Community X ｜新起航，共进化
东方印象设计哲思 铸旗舰造物格局
高能预告丨全新第四代博越L i-HEV系列技术解读
星瑞L PLUS智闯8D魔幻城
上海恩翌信息科技有限公司
沪ICP备17041240号-4",full,,dom_or_structured_full_text,https://www.ne-time.cn/web/article/39609,NE时代,电池,新能源汽车/智能汽车,2026-09-04T00:26:12+00:00,公共政策与社会治理 > 政策法规 > 产业与能源政策,公共政策与社会治理,产业与能源政策,"[{""path"":[""公共政策与社会治理"",""政策法规"",""产业与能源政策""],""path_text"":""公共政策与社会治理 > 政策法规 > 产业与能源政策"",""confidence"":0.9,""reason"":""核心是低空经济相关规划、法规与地方政策盘点。""},{""path"":[""通用技术"",""通信和运输"",""航空""],""path_text"":""通用技术 > 通信和运输 > 航空"",""confidence"":0.8,""reason"":""政策对象为低空民航与通用航空产业，明确指向航空领域。""}]",classified,2026-09-04T00:40:14.672422+00:00,glm-5.2,2026-08-14,
中汽新能源：建成600kW级超大功率燃料电池堆测试平台 - NE时代,2026-09-03,"中汽新能源：建成600kW级超大功率燃料电池堆测试平台
近日，中汽研新能源汽车检验中心（天津）有限公司打造的600kW级超大功率燃料电池堆专业测试平台正式建成并投入使用。该平台实现测试能力跨越式升级，将原有0-200kW级测试能力提升至600kW级，补齐了大功率氢能装备测试领域的关键能力短板。
近年来，我国燃料电池技术发展迅速，从传统车用场景，拓展至重卡、船舶等重型动力装备。不同应用场景工况差异巨大，对电堆综合性能提出更为严苛的验证要求。行业急需构建大功率、全工况的专业测试体系作为技术支撑。应用场景的迭代升级，也直接推动燃料电池电堆的功率需求实现跨越式提升。
中汽新能源氢能与燃料电池部电堆领域负责人冀雪峰说：“燃料电池的技术还在持续进步，前些年我们所测试的电堆主要集中在60-200KW左右。近些年，随着燃料电池技术的飞速发展，在轨道机车、船舶、固定式发电、重卡等方向上，对电堆的功率需求越来越高，现在已经进入了400kW，甚至1MW级别。”
为此，中汽新能源搭建了600kW级超大功率燃料电池堆测试平台。该平台配备-60℃至110℃超宽温域环境仓、氢空双路独立预冷系统与专业倾斜摇摆台，可精准模拟高低温极端环境、多姿态耦合的复杂运行工况，全方位完成燃料电池堆冷启动、全工况稳态运行、极限性能验证等各类测试试验。同时，设备支持整堆、单片电池的交流阻抗实时监测，能够精准捕捉电堆运行数据，为大功率燃料电池的技术迭代、结构优化、可靠性升级提供精细化数据支撑。依托完备的硬件架构与全工况模拟能力，大幅拓宽了燃料电池产品的测试应用领域。
中汽新能源氢能与燃料电池部电堆领域负责人冀雪峰表示：“几年前，我们测试的燃料电池堆主要应用在车端。随着氢能的发展，我们围绕固定发电、船舶以及轨道机车等氢能各应用领域进行了提前布局，搭建完善了在线倾斜摇摆测试、低温冷启动测试、高低温存储测试、高低温运行测试、大功率EIS阻抗测试等技术能力。”
此次600kW级超大功率燃料电池堆测试平台的落地投用，标志着中汽新能源氢能检测能力实现跨越式提升，进一步夯实了企业在国内氢能与燃料电池检测领域的领先地位。该平台将持续为大功率燃料电池装备的产业化落地保驾护航。
2026第六届全球xEV驱动系统技术暨产业大会
AGIBOT WORLD Community X ｜新起航，共进化
东方印象设计哲思 铸旗舰造物格局
高能预告丨全新第四代博越L i-HEV系列技术解读
星瑞L PLUS智闯8D魔幻城
上海恩翌信息科技有限公司
沪ICP备17041240号-4",full,,dom_or_structured_full_text,https://www.ne-time.cn/web/article/39608,NE时代,电池,新能源汽车/智能汽车,2026-09-04T00:26:15+00:00,零碳产业 > 能量循环 > 能源测 > 发电技术 > 燃料电池,零碳产业,燃料电池,"[{""path"":[""零碳产业"",""能量循环"",""能源测"",""发电技术"",""燃料电池""],""path_text"":""零碳产业 > 能量循环 > 能源测 > 发电技术 > 燃料电池"",""confidence"":0.95,""reason"":""核心事件是600kW级燃料电池堆测试平台建成，直接服务于燃料电池电堆测试验证。""}]",classified,2026-09-04T00:40:20.636267+00:00,glm-5.2,2026-08-14,
蜂巢能源携122Ah户储、6.29MWh大储、285kWh工商储亮相迪拜MEE！ - NE时代,2026-09-03,"蜂巢能源携122Ah户储、6.29MWh大储、285kWh工商储亮相迪拜MEE！
在烈日与黄沙交织的中东大地，一场属于能源的“极限挑战赛”正进入白热化阶段。随着“去石油化”战略加速、地缘政治催生的能源自主需求飙升，以及极端气候下电网稳定的刚需，
储能在这里已从“锦上添花”变为“生存刚需”
。当地时间9月1日，
蜂巢能源携其全矩阵“沙漠特种兵”家族重磅亮相2026年中东迪拜国际太阳能及储能展览会
，用硬核技术直面50℃高温、强风沙与巨大温差的极限考验，为全球能源转型最艰难的场景之一，交出了一份来自中国的“高可靠性答卷”。
开展首日，蜂巢能源展台便吸引了来自中东、非洲、欧洲等地的众多客商驻足问询。客户的核心关切高度一致：
在50℃高温、强风沙、大温差的极端环境下，储能系统能否保持安全、高效、长寿命运行？
蜂巢能源给出的回答，是一支经过严苛工况淬炼的“沙漠特种兵”产品矩阵——
户储电芯、6.29MWh大储系统、285kWh工商储系统
全阵容出击，在这片热土上建立起差异化的品牌护城河。
户储电芯：超宽温域，超多场景
作为全球户用储能市场的明星“大单品”，
122Ah叠片电芯已进入全球TOP5户储客户供应链，月出货量超百万支。
依托车规级短刀叠片技术，它成功攻克了户储在极端气候下的热管理难题：
支持-20℃充电、-30℃放电及60℃高温稳定运行，无惧沙漠酷暑与高原严寒。
低内阻叠片工艺兼顾长循环与低损耗，搭配无风扇设计，运行噪音＜30dB，为家庭提供安静、安全的清洁能源体验。
大储系统：三舱独立+双层液冷，把安全刻入物理结构
针对大型地面电站这一安全挑战最高的场景，蜂巢能源展出了采用
行业首创的短刀CTR叠片技术
的6.29MWh大储系统。其设计逻辑直击大容量电芯的散热与安全痛点：
空间效率，寸土必争：
行业首创短刀CTR叠片技术，体积利用率提升20%，占地减少36%；配合AB镜像设计，支持背靠背排布，进一步节省30%占地面积，为沙漠腹地的大型电站大幅降低基建与土地成本。
物理隔绝，杜绝蔓延：
独创“三舱独立”设计（电池、电气、水机物理隔离），配合“火电分离”技术，从结构上杜绝热失控蔓延。
极限温控，长寿命保障：
双面液冷技术，将单电芯内温差由传统的15℃大幅降至7℃（降低50%），有效支撑系统循环寿命超10,000次。
高温实战，规模验证：
目前，蜂巢能源短刀液冷储能系统已在北纬23°高温地区实现大规模应用，并网侧效率超过91%，以高安全、长寿命、高效率的实战表现，适配大型地面储能场景。
工商储一体机：CTR+双面液冷+AI-BMS，让储能投资“算得清”
工商业主的竞争已转向“价值精算”时代。蜂巢能源带来的
285kWh工商储一体机
，凭借极致集成与智能策略，重新定义了投资回报率：
采用短刀CTR无模组设计，零部件减少36%，直材成本直降10%。
双面液冷将电芯温差降低50%，循环寿命再提升10%。
搭载AI-BMS系统动态优化充放电策略，运维效率提升60%，让每一度电的投资回报清晰可算。
从家用屋顶到沙漠电站，从工业园区到新能源基地，蜂巢能源展示的是一套
能征服热浪黄沙的全场景储能解决方案
叠片技术、双面液冷、CTR集成
等核心技术的持续深耕。迪拜展正在火热进行中，
欢迎莅临蜂巢能源展台（展位号：H6.B10），近距离感受“沙漠特种兵”的硬核实力,共同探讨中东非能源转型可靠之道。
动力电池联盟丨2026年7月动力电池月度信息
2026年7月动力电池月度信息产量方面：7月，我国动力和储能电池合计产量为218.0GWh，环比增长5.8%，同比增长62.9%。1-7月，我国动力和储能电池累计产量为1286.9GWh，累计同比增长54.9%。销量方面：7月，我国动力和储能电池销量为185.2GWh，环比下降5.5%，同比增长45...
工信部：推动新一代动力电池、车规级芯片、车用操作系统创新应用
工业和信息化部印发《工业绿色低碳发展“十五五”规划》，其中指出，巩固提升绿色优势产业。加快新能源汽车、新能源装备、新型储能等重点行业技术迭代、场景拓展。推动新一代动力电池、车规级芯片、车用操作系统创新应用，面向干线运输、中短途运输、城建物流以及矿场、港口等场景推广新能源重型货车。大幅提高多晶硅生产绿...
从8C超充到混合固液6C再到飞叠4.0，蜂巢能源全球合作伙伴峰会秀出全场景技术“交付硬实力”
7月16日，蜂巢能源全球合作伙伴峰会在常州召开，距离1月电池日恰好半年。这半年间，三项核心技术从蓝图走进现实：蜂行短刀3.0以8C刷新铁锂快充上限，10%-80%SOC补能缩至5.25分钟；升级款大电量混合固液电池2027年量产交付；飞叠4.0完成2D/3D设计冻结，年内量产交付。三项集中兑现的技术...
【NE快讯】蜂巢能源湖北大冶工厂首台PACK电池包正式下线；辰致安奇与优湃能源签订框架合作协议
01.蜂巢能源湖北大冶工厂首台PACK电池包正式下线近日，蜂巢能源湖北大冶工厂首台PACK电池包正式下线。黄石市政府党组成员、副市长郭宝与蜂巢能源科技股份有限公司高级副总裁杨永旺共同为首台新能源电池下线揭幕。杨永旺致辞时表示，蜂巢能源湖北大冶工厂是蜂巢能源立足华中、辐射全国市场的核心配套基地，也是蜂...
蜂巢能源湖北大冶工厂首台PACK电池包正式下线
7月20日，蜂巢能源湖北大冶工厂首台PACK电池包正式下线。黄石市政府党组成员、副市长郭宝与蜂巢能源科技股份有限公司高级副总裁杨永旺共同为首台新能源电池下线揭幕。市委书记孙辄出席活动，市委副书记、市长潘小进主持活动。杨永旺致辞时表示，蜂巢能源湖北大冶工厂是蜂巢能源立足华中、辐射全国市场的核心配套基地...
蜂巢能源首款中镍混合固液电池三季度量产，2027年冲刺7万台！
动力电池行业对全固态电池寄予厚望，但从实验室样品走向规模化生产，远比提高能量密度指标复杂。成本能否下降、固固界面是否稳定、制造良率能否达到商业要求，都决定着全固态电池何时真正进入市场。蜂巢能源董事长杨红新认为，液态电池不会很快退出市场，混合固液电池也不是短暂的过渡产品。未来较长一段时间，液态、混合固...
蜂巢能源122Ah叠片户储电芯：为7-14度电定制“快”与“冷”双答案
SNEC2026展会现场，蜂巢能源展台户储展区人流如织。不同区域的客户有着各自明确的不同诉求：欧洲客户关注低温性能，澳洲客户在意补贴适配，而东南亚客户则更看重快充能力。蜂巢能源122Ah叠片户储电芯的展台前，这些来自全球的提问反复出现。这款已进入全球TOP5供应链、率先实现规模化交付的叠片产品，给出...
【NE快讯】蜂巢能源与德方纳米签署战略合作协议；东芝开始提供新款SmartMCD™系列IC样品；福瑞泰克携手英飞凌全球首发8T8R
01.蜂巢能源与德方纳米签署战略合作协议近日，蜂巢能源与深圳市德方纳米科技股份有限公司（下称“德方纳米”）签署战略合作框架协议。根据协议，双方将围绕供应链保障、联合降本、技术协同及业务拓展等方向展开合作，确保纳米磷酸铁锂等磷酸盐系正极材料的稳定供应与成本优化。此前，德方纳米在蜂巢能源2025全球合作...
蜂巢能源与德方纳米签署战略合作协议，强化正极材料供应链韧性
5月13日，在第十八届深圳国际电池技术交流会（CIBF2026）期间，蜂巢能源与深圳市德方纳米科技股份有限公司（下称“德方纳米”）签署战略合作框架协议。蜂巢能源董事长兼CEO杨红新与德方纳米董事长孔令涌共同出席签约仪式。当前动力电池行业上游原材料价格波动加剧，供应链安全风险凸显。蜂巢能源此次与德方纳...
动力电池联盟丨2026年4月动力电池月度信息
2026年4月动力电池月度信息产量方面：4月，我国动力和储能电池合计产量为183.9GWh，环比增长3.5%，同比增长55.6%。1-4月，我国动力和储能电池累计产量为671.3GWh，累计同比增长51.0%。销量方面：4月，我国动力和储能电池销量为164.2GWh，环比下降6.2%，同比增长39....
2026第六届全球xEV驱动系统技术暨产业大会
AGIBOT WORLD Community X ｜新起航，共进化
东方印象设计哲思 铸旗舰造物格局
高能预告丨全新第四代博越L i-HEV系列技术解读
星瑞L PLUS智闯8D魔幻城
上海恩翌信息科技有限公司
沪ICP备17041240号-4",full,,dom_or_structured_full_text,https://www.ne-time.cn/web/article/39607,NE时代,电池,新能源汽车/智能汽车,2026-09-04T00:26:17+00:00,零碳产业 > 能量循环 > 能量存储 > 电化学储能 > 二次电池 > 锂电池,零碳产业,锂电池,"[{""path"":[""零碳产业"",""能量循环"",""能量存储"",""电化学储能"",""二次电池"",""锂电池""],""path_text"":""零碳产业 > 能量循环 > 能量存储 > 电化学储能 > 二次电池 > 锂电池"",""confidence"":0.92,""reason"":""蜂巢能源展出户储电芯、大储与工商储系统，核心为锂电池储能产品与应用。""}]",classified,2026-09-04T00:40:20.636267+00:00,glm-5.2,2026-08-14,
李飞飞的Atlas来了，「全球首个多模态世界模型」新在哪儿？ - NE时代,2026-09-03,"李飞飞的Atlas来了，「全球首个多模态世界模型」新在哪儿？
◎ Atlas：生成画面，也重建世界。
△ 撰文：董志洋
把相机转到照片没有拍到的地方，AI还能接着生成同一个场景吗？
换个角度后，物体之间的位置关系不能乱，原来被遮挡的部分也要补出来。相机继续移动，前后画面还要对得上。
9月1日，World Labs发布新一代世界模型Atlas。
公司在社交平台称，Atlas是全球首个能够以像素级相机控制生成图像和视频帧、并进行三维重建的多模态世界模型。
World Labs联合创始人兼CEO李飞飞强调，Atlas从零开始训练，它原生处理文字、图像、视频和三维信息，覆盖生成、重建与仿真辅助等任务。
在这次展示中，Atlas能从一张照片生成不同角度的画面，按照指定路线生成视频，也能从实拍中重建三维环境。
几部普通手机记录的动态事件，可以重新选择观察角度；虚拟机器人沿不同路线运动时，Atlas还会生成机身相机沿途看到的图像和深度信息。
同一处空间既供人安排镜头，也能输出三维几何，或用于准备机器人训练环境。
Atlas的技术重点，是让这些任务使用共同的空间信息：前面输入的照片、相机位置和深度，能够继续约束后面的生成结果。
多模态，统一的是空间
Atlas把相机位置与朝向作为原生输入。
用户可以指定从哪里观察、看向哪里，再设计相机的移动路线。每张图像和深度图都对应明确的相机位姿，也就是拍摄位置与朝向，这些信息共同组成“空间上下文”。
团队展示过这样一种用法：选取两张彼此不相关的图片，分别指定它们在三维空间中的位置。
Atlas在两张图片之间生成连接区域，补出门口、走廊或转角，让相机沿连续路线从一处移动到另一处。
两张参考图可以决定两处空间的外观，相机位姿则提供它们之间的位置关系。
对于一间屋子，相机绕到侧面后，家具在画面中的大小和遮挡关系会变化；模型需要根据新的观察位置生成画面，同时与已经看到的部分保持一致。
Atlas采用多模态自回归扩散Transformer。
模型根据已有序列逐个生成新的元素，每个元素可以属于不同的数据类型；生成图像等连续数据时，则通过逐步去噪完成输出。
视频以图像序列的形式处理，图像和深度都与相应的相机位姿关联。
不同任务可以通过不同的输入、输出序列来组织。
团队也可以借用语言模型和视觉生成模型已有的优化方法，例如通过缓存减少重复计算，或调整去噪步数，在推理速度与生成质量之间取舍。
这套设计同时处理两件事：根据此前的内容继续生成，以及让新生成的视觉信息对应明确的空间位置。
文字负责描述内容，相机位姿负责指定观察条件，图像与深度则提供场景外观和几何信息。
团队用少量参考图和人工设计的相机路线，生成了最长1分钟、1440p的视频。
同一个场景还可以生成多条观察路径，改变相机运动的速度、长度和复杂程度。创作者可以先安排取景与路线，再让模型生成对应画面。
对需要反复调整镜头的工作，这种控制方式更接近先安排拍摄、再查看结果。
创作者修改路线时可以继续使用已有参考图，让镜头强调场景的不同部分，或调整经过同一区域的速度。
World Labs围绕运镜进行了比较：每次给出一张输入图片，以及包含一至三种镜头运动的目标路线。Atlas直接接收相机路径，其他模型接收描述相应运镜的文字，再由第三方评审判断哪段结果更符合指定路线。
在与五个模型的比较中，选择Atlas的比例为75%至94%。
其中，与Gemini Omni Flash相比为81%，与Seedance 2.5相比为94%；公司还观察到，随着相机轨迹变复杂，Atlas在运镜遵循上的优势扩大。
生成与重建共用一个模型
团队先给Atlas一张花园照片，让模型从空中观察这处环境。花园之外的建筑没有出现在输入中，Atlas便补出周围景物。随后加入真实小屋照片，小屋进入重建结果；再加入主屋照片，主屋也按照新增信息调整。
用户提供的信息较少时，模型补充较多未知内容；照片增加后，真实信息对空间的约束随之增强。
创作虚构场景可以从少量参考图出发，还原真实地点则可以继续补拍，把关键区域的位置与外观交给模型。
World Labs称，Atlas通常用两三张图片就能获得较忠实的重建，也可以利用超过100张图像构成空间上下文。
斯坦福主广场的展示使用2至25张地面照片，逐步将入口草地、建筑和教堂立面的细节纳入同一个场景，再生成空中观察路径。
Atlas能够同时生成新视角画面和估计几何。
对于真实空间的视频，它预测各帧深度，再将这些结果组合成点云重建。模型还会填补未被相机覆盖的区域，并进一步形成3D高斯泼溅场景。
点云记录空间中各个点的位置，3D高斯泼溅场景则支持在设备本地以较高分辨率和帧率渲染。World Labs现有产品Marble采用同类表示，Atlas生成的场景可以与这一产品体系衔接。
输出三维场景，给后续使用者保留了重新选择观察位置的自由。镜头不必固定在已经生成的视频里，开发者可以根据设计、展示或仿真任务安排新的路线。对于机器人应用，几何信息也为生成不同位置的视觉观测提供了基础。
团队评估了稀疏图像三维重建能力：给模型输入图片及相机位姿，要求预测各像素对应的三维点。测试按统一流程复现对比模型结果，以平均绝对相对误差AbsRel衡量三维点图重建，数值越低越好。
以10⁻³为计量尺度，Atlas平均误差为25.3，使用位姿信息的Pi3X为28.7，π³为34.7。Atlas同时承担生成与重建任务，在这组测试的平均误差上优于参与比较的专用重建模型。
动态事件也可以重新选择观察角度。
团队用三至五个普通手机或运动相机视角记录事件，再用Atlas重建，生成类似“子弹时间”的效果。观看者可以定格其中一个时刻，将视角移到现场没有架设相机的位置；拍摄使用普通三脚架和夹具。
拍摄结束后重新取景，模型需要把不同相机记录的动态过程联系起来，在同一时刻维持多个视角之间的关系。观看者移动视角时，观察的仍是同一个事件。
Atlas还支持通过文字生成图像，以及用文字或图片生成360度全景，展示了不同视觉风格和画面文字生成能力。
World Labs称，团队训练了不同模型规模、使用不同训练算力的版本，并观察到增加算力带来了新的能力，后续将继续扩大训练。
真实场景成为可变的训练环境
机器人在虚拟环境中移动时，相机的位置和朝向随身体变化，训练系统需要提供与这些变化对应的图像和深度。重建好环境后，还要让机器人从自己的位置观察它。
World Labs用手机视频记录两个大型环境，各选取24帧进行重建。随后，不同形态的虚拟机器人沿不同路线运动，Atlas根据机身相机的位置生成RGB图像和深度数据。环境重建与机器人视角的观测由同一个模型提供。
这种用法让同一批实拍能够支持多种观察条件。机器人可以沿新的路线移动，生成画面也随之变化，而不必局限于手机原来的拍摄轨迹。场景信息与观察位置共同决定了训练系统需要生成什么。
英伟达GEAR研究团队联合负责人Jim Fan在公开评价Atlas时，将其称为机器人领域从真实世界走向仿真的重要一步。
除了导航，World Labs还展示了机器人装盒的操作案例，包含放入物品、合盖，以及提起盒子放入篮筐等动作。
演示先呈现真实拍摄与多个相机视角，再展示Atlas生成画面、简化几何的物理仿真，以及加入渲染的物理仿真。盒盖开合、物体移动和最终放入篮筐的过程，在实拍和仿真画面中呈现。
Atlas根据少量实拍辅助建立涉及刚体、带关节物体和可变形物体的仿真。任务建立后，可以改变物体种类、位置和机器人动作，也可以调整光照与背景。演示中，盒子、提手和篮筐出现了不同实例，同一操作还被放入多个环境。
改变物体位置，机器人面对的抓取位置随之改变；调整背景与光照，相机获得的视觉信息也会变化。研究者可以沿着已有任务设置不同条件，增加训练情境，或者比较同一策略在不同条件下的表现。
导航侧重沿运动路线持续提供环境观测，操作还涉及物体之间的交互。Atlas展示的两类应用，都从真实采集开始，再生成新的观察视角或任务条件。
对机器人团队来说，已有记录可以继续用于设计实验，而不只是回看当时的执行过程。
World Labs此前已经在推进这类工作。
2026年7月21日，公司宣布收购SceniX；7月28日，又介绍了衔接真实采集、仿真训练与真机部署的流程。Atlas此次展示了空间重建、视觉观测生成和场景变化在这一方向上的应用。
公司在2026年2月宣布获得10亿美元新融资，参与方包括Autodesk、AMD和英伟达等，其中Autodesk投资2亿美元。
Atlas将用于未来版本的Marble及其他产品，目前面向选定合作伙伴开放早期访问。
World Labs同时面向创作工具与机器人研发，客户使用空间的方式也不同。前者需要安排镜头和生成三维内容，后者需要提供传感器观测、调整任务条件。共同的基础模型要进入这些工作，还需要通过具体产品和仿真流程供开发者调用。
对机器人团队，后续更换策略或调整任务时，已有场景能继续支持实验，才会减少重复采集和准备环境的工作。
世界模型的产品价值，也会越来越多地体现在这种持续使用中：一次建立的空间，能够服务后续多少轮研发。
2026年11月，HRTC 2026人形机器人技术与产业大会将在上海举办。本届大会以“场景落地·生态协同”为主题，围绕家庭服务、工业制造等场景实践及核心零部件技术，汇聚整机、供应链、集成开发企业与应用客户，探讨部署运营、量产交付及可靠性等问题，推动供需对接与产业协作，促进人形机器人商业化落地。
李飞飞署名！机器人动手之前，先让世界模型看一遍结果
◎机器人动手前，TrAct先让世界模型看一遍结果。△撰文：董志洋机器人执行任务时，策略模型通常根据当前画面和语言指令，直接输出下一组动作。动作是否合适，要等机器人真正执行以后才能看到结果。世界模型提供了另一种思路。它可以根据候选动作预测接下来可能出现的画面，让机器人在动手之前比较不同结果。但机器人控...
李飞飞：机器人训练，走不了大语言模型的老路
◎李飞飞：机器人训练，不能照搬大语言模型。△撰文：DONG.ZY机器人行业已经做出不少精彩演示，难题是让机器人在真实现场稳定工作。7月21日，李飞飞创办的WorldLabs宣布收购机器人与仿真公司SceniX。一周后，在一场由a16z的MartinCasado主持的交流中，李飞飞与SceniX联合创...
2026第六届全球xEV驱动系统技术暨产业大会
AGIBOT WORLD Community X ｜新起航，共进化
东方印象设计哲思 铸旗舰造物格局
高能预告丨全新第四代博越L i-HEV系列技术解读
星瑞L PLUS智闯8D魔幻城
上海恩翌信息科技有限公司
沪ICP备17041240号-4",full,,dom_or_structured_full_text,https://www.ne-time.cn/web/article/39606,NE时代,电池,新能源汽车/智能汽车,2026-09-04T00:26:19+00:00,AI与智能科技 > AI软件层 > 底座大模型 > 多模态模型,AI与智能科技,多模态模型,"[{""path"":[""AI与智能科技"",""AI软件层"",""底座大模型"",""多模态模型""],""path_text"":""AI与智能科技 > AI软件层 > 底座大模型 > 多模态模型"",""confidence"":0.93,""reason"":""Atlas是原生多模态世界模型，核心是图像、视频与三维信息的多模态生成与重建。""},{""path"":[""AI与智能科技"",""具身智能"",""模型和具身操作系统""],""path_text"":""AI与智能科技 > 具身智能 > 模型和具身操作系统"",""confidence"":0.7,""reason"":""Atlas可用于机器人训练环境与动作预测，涉及具身智能仿真与世界模型。""}]",classified,2026-09-04T00:40:20.636267+00:00,glm-5.2,2026-08-14,
东风岚图正式落子巴西 中式风范邂逅桑巴激情 - NE时代,2026-09-03,"东风岚图正式落子巴西 中式风范邂逅桑巴激情
遇上美洲桑巴热情
东风汽车的全球化版图
近日，东风汽车旗下
高端智慧新能源品牌
正式进军巴西市场
岚图知音、岚图追光L
亮相圣保罗英特拉格斯赛道
将东方设计、豪华质感
与前沿新能源技术
“天际扬帆”计划
也是中国高端新能源出海的
本次登陆巴西的两款车型
均是经过市场检验
主打家庭纯电出行
三电系统、舒适配置、车内空间
打造宽适“大三居式”纯电座舱
20万级纯电市场的热门车型
搭载全域800V智能超混技术
5C超充与63kWh大容量电池
纯电续航表现优异
高端旗舰轿车的代表性产品
源于硬核技术积累
岚图汽车依托东风
全价值链自主掌控的技术体系
在三电、底盘、智能座舱
智能驾驶、整车制造
SUV、MPV、轿车
的高端新能源产品矩阵
是岚图汽车产品大年
岚图泰山X8、岚图追光S……
多款新品陆续推出
“央国企高端新能源第一品牌
新时代旗舰MPV
不止追求工艺细节
更将东方文化融入其中
诠释东方高级审美
左右滑动查看更多
接下来，东风汽车将
继续稳步推进“天际扬帆”计划
加快开拓更多海外市场
导入适配当地需求的车型
完善本地化服务体系
绿色、智能、安全
先进出行解决方案
带到更多国家和地区
助力全球汽车产业绿色转型
前方高能！东风岚图追光S成功挑战360°隧道大回环！
推新 | 限时22.39万起！东风岚图追光S今日燃“擎”上市！
东风汽车与中国黄金签署战略合作协议
7月22日东风汽车与中国黄金在北京签署战略合作协议双方将围绕产业创新、品牌共建海外业务协同、绿色智能转型等领域全方位深化战略合作本次战略合作协议的签订，是双方积极履行央企责任，强化央企跨界战略共赢，推动高质量发展的具体行动，也是双方从董事会工作合作深化拓展到战略合作的有益探索，标志着双方战略合作正式...
东风汽车&欣旺达再出重大合作成果！东昱欣晟120Ah超充电芯正式投产
5月25日东昱欣晟120Ah超充电芯投产活动在宜昌举行标志着东风汽车与欣旺达在动力电池领域战略合作再次取得重大阶段性成果为东风新能源转型纵深推进华中地区动力电池产业升级注入强劲动力东风汽车董事长、党委书记杨青，欣旺达创始人王明旺，跃创科技党委书记、董事长夏晓川，欣旺达动力科技副总裁王华文、叶智林等共...
六方注资超80亿赋能神龙公司新发展！东风汽车携手Stellantis集团开启新一轮战略合作
5月15日以“新合资新跨越”为主题东风汽车联合长江产业投资集团有限公司武汉金融控股（集团）有限公司武汉经开产业投资集团有限公司斯泰兰蒂斯集团神龙汽车有限公司签署战略合作协议根据协议，本次合作总投资额超80亿元人民币，以产业资本赋能新能源智能网联技术创新，同时依托产业链集群协同优势，整合全球化品牌与市...
抢占技术蓝海！东安动力与岚图汽车共建联合创新中心
近日，东风汽车高端新能源品牌岚图汽车与东安动力携手举行“岚图汽车—东安动力新能源动力联合创新中心”揭牌仪式，标志着双方合作正式从“产品配套”迈入“技术共创”的战略新阶段。双方高层及相关核心团队成员出席仪式。岚图汽车👉多款产品搭载东安动力M15NTDE、M15NTE系列增程发动机，凭借高热效率构筑起...
东安动力携手岚图汽车打造联合创新中心
1月15日，东风汽车高端新能源品牌岚图汽车与东安动力携手举行“岚图汽车-东安动力新能源动力联合创新中心”揭牌仪式，标志着双方合作正式从“产品配套”迈入“技术共创”的战略新阶段。双方高层及相关核心团队成员出席仪式。联合创新中心岚图汽车党委书记、董事长卢放东安动力党委书记、董事长陈笠宝共同揭牌此次联合创...
东风汽车固态电池实现中试下线，350Wh/kg固态电池样车开启冬测
1月14日，东风汽车在武汉举办固态电池样车冬测发车仪式，搭载350Wh/kg固态电池的寒区试验样车正式启程，前往漠河寒区试验基地进行冬季标定测试。图片来源：东风汽车本次冬测搭载的固态电池已完成材料及电化学体系验证，并实现中试下线。该电池能量密度350Wh/kg，可支撑整车超1000公里续航；安全性能...
【NE快讯】再创新高，2025年中国汽车产销累计完成3453.1万辆和3440万辆；岚图汽车港股上市获批；Wolfspeed实现300mm碳化硅技术突破
01.再创新高，2025年中国汽车产销累计完成3453.1万辆和3440万辆1月14日，中国汽车工业协会发布2025年中国汽车全年数据，其中累计产销分别完成3453.1万辆和3440万辆，同比分别增长10.4%和9.4%，再创历史新高，连续17年稳居全球第一。汽车出口733.1万辆，同比增长25.7...
【NE快讯】优必选再签3000万人形机器人大单，总订单已逼近4.3亿；东风汽车与腾讯达成战略合作；斯年智驾完成数亿元B+轮融资；
01.东风汽车与腾讯达成战略合作共建“汽车+互联网”智能新生态9月28日，东风汽车与腾讯在武汉举行战略合作签约仪式。此次合作将深度整合双方核心优势——依托东风汽车在汽车研发、生产与营销领域的丰富经验，借力腾讯在智能化、数字化等领域的优势，精准赋能东风汽车“一核双基双元”智能化体系及国际化跃迁战略落地...
【NE快讯】追觅科技德国建厂推进；德赛西威成功完成43.99亿元定增发行；东风汽车与华为高层会谈
01.追觅科技德国建厂推进2025年9月，据德媒报道，追觅科技正考虑在德国勃兰登堡州特斯拉工厂附近建设电动车工厂，该州州长DietmarWoidke于9月23日证实双方已就此事接洽，但强调项目需充分审慎准备。追觅创始人兼CEO俞浩此前已考察厂址且倾向该区域，计划工厂规模略大于特斯拉格伦海德超级工厂，...
【NE快讯】联合电子首款PHEV热管理集成模块量产；基本半导体与东芝达成战略合作；华中科技大学与东风汽车联手
01.联合电子首款PHEV热管理集成模块量产近日，联合电子成功下线首款PHEV热管理集成模块。PHEV热管理集成模块采用高度整合的系统级解决方案，实现能效优化与可靠性提升。产品通过能效优化、紧凑设计与智能控制，精准适配PHEV双动力系统的复杂需求。并且高效利用发动机余热与多工况匹配，相比传统分散式系...
2026第六届全球xEV驱动系统技术暨产业大会
AGIBOT WORLD Community X ｜新起航，共进化
东方印象设计哲思 铸旗舰造物格局
高能预告丨全新第四代博越L i-HEV系列技术解读
星瑞L PLUS智闯8D魔幻城
上海恩翌信息科技有限公司
沪ICP备17041240号-4",full,,dom_or_structured_full_text,https://www.ne-time.cn/web/article/39605,NE时代,电池,新能源汽车/智能汽车,2026-09-04T00:26:21+00:00,通用技术 > 通信和运输 > 陆路运输,通用技术,陆路运输,"[{""path"":[""通用技术"",""通信和运输"",""陆路运输""],""path_text"":""通用技术 > 通信和运输 > 陆路运输"",""confidence"":0.9,""reason"":""岚图新能源车型进军巴西市场，核心是电动汽车产品与海外市场拓展。""}]",classified,2026-09-04T00:40:20.636267+00:00,glm-5.2,2026-08-14,
千伏电控的决胜点，正在从芯片挪到封装 - NE时代,2026-09-03,"千伏电控的决胜点，正在从芯片挪到封装
近日，比亚迪半导体推出一款面向 1000V 平台的车规级 SiC 功率模块，采用 V-305B 封装，主攻大功率电驱与车载快充场景。官方发布资料显示，模块阻断电压大于 1500V，
模块寄生电感约 5.5nH
，1000V 工况下输出电流达 650Arms 以上，匹配外围拓扑后，整机系统杂散电感可控制在 10nH 以内。
千伏平台量产进入第二年
2025 年 3 月，比亚迪超级e平台首发，乘用车全域千伏高压架构落地，1500V 车规 SiC 芯片同期量产装车，为当时行业量产电压等级最高的车规碳化硅芯片。
此后一年多，千伏平台从发布进入上量阶段，高压快充与高效电驱成为整车升级主线，高压平台路线已被多家车企跟进。整车电压往上走，电驱与车载快充对功率器件的低电感、高集成、高可靠要求同步抬升。
功率器件竞争的重心，正从单颗芯片延伸到模块封装环节。
V-305B 的模块账
V-305B 封装的设计重心在电感控制。模块 DC 正负极端子采用叠层引出结构，正负母排贴近走线，把功率回路面积压到最小。芯片到端子的功率连接以激光焊接替代传统键合线，接触阻抗更低，路径更短。
官方口径下，模块寄生电感约 5.5nH，匹配外围拓扑后，整机系统杂散电感可控制在 10nH 以内。
把模块自身的电感压到 5.5nH 量级，等于给高压高频场景下的开关性能留出充足空间。
性能提升数据来自官方对比口径。相较杂散电感 20nH 以上的传统模块方案，V-305B 可使开关尖峰电压与开关损耗分别降低约 30%，
同时功率密度提升 15%
，系统级 10nH 以内的数值以匹配外围母线设计为前提，这与功率模块行业的通行做法一致。
模块把自身指标做足，系统侧按规范设计即可兑现性能，这样的交付界面更贴近工程落地。
可靠性方面，1500V 阻断电压适配 1000V 平台应用，电压裕量用于吸收开关尖峰与母线波动。芯片采用双面银烧结，热阻更低，可靠性更高。基板选用氮化硅 AMB，导热系数高，冷热冲击耐受强。
散热底板为椭圆分段结构，散热面积大，流阻小，与基板之间用高可靠焊片连接，进一步提升冷热冲击能力。外框与基板采用超声焊接，抗振能力强。灌封硅凝胶
玻璃化转变温度（Tg）达 200℃。驱动回路对称布局，保证并联芯片电流均衡。
从芯片互联、基板材料到结构连接，每个环节对应明确的可靠性收益，组合起来是面向车规长寿命运行的成套保障。
大功率电驱与车载快充正是千伏平台放量的直接受益环节。1000V 工况下 650Arms 以上的单体输出，覆盖高压大电流的主功率路径。
模块单体电流能力越强，系统侧并联需求越低，电控集成设计越简单，整车快充体验、能耗效率与系统小型化都能同步受益。
比亚迪半导体是国内少数覆盖芯片设计、晶圆制造、模块封装与整车系统验证的 IDM，器件、封装与整车验证在同一条链路上推进，产品节奏贴着超级e平台的整车迭代走。
千伏平台持续上量，
模块侧能力会越来越直接地决定电控系统的落地表现，这种成套先发布局的优势，会随着平台放量逐步显现。
这颗模块在电驱与快充系统里的实际表现，值得持续关注。
【NE快讯】比亚迪半导体发布全新一代车规级1000VSiC功率模块；Melexis推出MLX90381的5V版本；日产汽车与Honda 签署联合开发协议
NE|快讯◎比亚迪半导体发布全新一代车规级1000VSiC功率模块◎Melexis推出MLX90381的5V版本◎日产汽车与Honda签署联合开发协议01.比亚迪半导体发布全新一代车规级1000VSiC功率模块近日，比亚迪半导体发布全新一代车规级1000VSiC功率模块，以DC叠层端子搭配激光焊接工...
车规感知再提速 | 比亚迪半导体新一代车规级4D毫米波雷达芯片
随着智能辅助驾驶从L2向L2+、L3级高阶智驾快速渗透，环境感知系统正面临全天候、高可靠、低成本的多重考验。毫米波雷达凭借全天候工作、测速测距精准等天然优势，已成为智能驾驶感知体系的核心。然而，传统毫米波雷达缺乏俯仰角信息，难以应对复杂城市路况，成为高阶智驾落地的感知短板。作为国内领先的车规级半导体...
突破封装瓶颈，比亚迪半导体SOP-9解锁新一代功率器件解决方案
在新能源汽车、工业控制、数据中心等领域，功率器件正朝着高密度、高效率、高可靠、小型化的方向快速迭代。传统封装在散热效率、空间占用和集成度上的瓶颈，已成为制约系统性能提升的关键因素。针对以上瓶颈，比亚迪自主研发出了多款产品，如SOP-9封装的碳化硅半桥模块。该产品采用顶部散热设计，可集成内绝缘技术与高...
比亚迪半导体 || 车规级多通道半桥驱动芯片BF1112D强势来袭
随着新能源汽车产业的强势崛起，汽车行业正迎来一场深刻的智能化与电气化变革浪潮。在这一趋势的推动下，整车电子电气架构不断升级，各类电机、继电器以及LED车灯等关键电子元器件的应用数量显著增加，对驱动控制的精度、响应速度及系统集成度提出了更高要求。为应对日益复杂的控制需求，比亚迪半导体推出了高性能半桥驱...
比亚迪半导体最新推出SOT-227封装产品
半导体行业的技术发展方向可归纳为更高的功率密度、开关频率，以及更小的导通压降、开关损耗、芯片尺寸、模块体积。越来越多的器件开始追求精细化，对元器件体积的要求也更加严格，SOT-227封装就是一个典型例子。SOT-227封装介于单管和模块之间，M4螺丝法蓝底板安装4个引出端口，属于内绝缘封装的一种，常...
比亚迪半导体参与完成的项目荣获国家科技进步二等奖
2021年11月3日上午，备受关注的2020年度国家科学技术奖在北京人民大会堂举行。由比亚迪股份有限公司牵头完成的《高性能电动汽车动力系统关键技术及产业化》项目荣获国家科学技术进步奖二等奖。 高性能电动汽车动力系统关键技术及产业化项目，在电池系统、电驱核心部件IGBT和驱动总成三方面取得了重大突破，...
创新引领未来，比亚迪半导体SiC功率模块斩获2021年度“全球电子成就奖”
据报道，11月3日，由全球电子技术领域知名媒体集团ASPENCORE主办的2021全球CEO峰会暨全球电子成就奖（WEAA）颁奖典礼在深如期举办。比亚迪半导体三相全桥碳化硅功率模块荣膺2021全球电子成就奖之“年度功率半导体/驱动器”！芯生态 比亚迪车规级半导体整体解决方案2021全球CEO峰会聚焦...
比亚迪：香港联交所同意分拆比亚迪半导体至创业板上市
10月25日晚间，比亚迪股份有限公司发布公告称，10月22日，香港联交所同意公司分拆所属子公司比亚迪半导体股份有限公司至深交所创业板上市，并同意豁免公司向公司股东提供保证配额。比亚迪分别于2020年12月30日、2021年5月10日及2021年6月16日召开的第七届董事会第四次会议、第七届董事会第十...
大浪淘沙始见金 比亚迪半导体SiC功率模块累计装车行业领先
7月20日，比亚迪汉第100000辆新车在深圳比亚迪全球总部重磅下线，创中国品牌中大型轿车最快下线速度，成为产量最快突破10万辆的中国品牌中大型轿车。汉一上市就持续热销，得益于它在行业标杆级的产品力和高品质。评价一辆车性能是否足够优秀，漂亮的性能参数虽具有一定的参考意义，但更重要的是在参数的背后，一...
【电驱动大事记】比亚迪半导体有望在今年内上市 英搏尔2020年年度权益分派方案 方正电机子公司与华阳合资成立新公司研究复合材料
01 方正电机子公司与华阳集团合资成立新公司研究复合材料等方正电机2021年6月3日公告显示，其全资子公司上海海能汽车电子有限公司与吉林省华阳集团有限公司签署《合资协议》。双方拟合计认缴出资1亿元，设立孙公司上海润阳新型复合材料有限公司(暂定名，最终以工商登记机关核准的为准)，主要从事复合材料、碳纤...
2026第六届全球xEV驱动系统技术暨产业大会
AGIBOT WORLD Community X ｜新起航，共进化
东方印象设计哲思 铸旗舰造物格局
高能预告丨全新第四代博越L i-HEV系列技术解读
星瑞L PLUS智闯8D魔幻城
上海恩翌信息科技有限公司
沪ICP备17041240号-4",full,,dom_or_structured_full_text,https://www.ne-time.cn/web/article/39604,NE时代,电池,新能源汽车/智能汽车,2026-09-04T00:26:23+00:00,AI与智能科技 > AI硬件层 > 半导体,AI与智能科技,半导体,"[{""path"":[""AI与智能科技"",""AI硬件层"",""半导体""],""path_text"":""AI与智能科技 > AI硬件层 > 半导体"",""confidence"":0.92,""reason"":""核心是车规级SiC功率模块的封装技术与可靠性，属功率半导体器件。""}]",classified,2026-09-04T00:40:20.636267+00:00,glm-5.2,2026-08-14,
20余家企业「组队」，中国具身智能Tier 1产业联盟成立！ - NE时代,2026-09-03,"20余家企业「组队」，中国具身智能Tier 1产业联盟成立！
2026年9月2日，中国具身智能产业迎来里程碑式时刻——
灵心巧手共同发起，联合奥比中光、法奥机器人、福莱新材、禾赛科技、华威科、讯飞机器人超脑平台、览沃科技、灵猴机器人、珞石机器人、迈尔微视、钕娲创造、泉智博、森云智能、速腾聚创、他山、无问智科、鑫精诚、移远通信、知行具身，纵贯线20余家产业链核心企业
的“中国具身智能Tier 1产业联盟”正式成立
成员完整覆盖具身大脑、灵巧手、语音交互、激光雷达、视觉感知、触觉感知、机械臂、底盘、无线通信、热管理等关键环节，旨在围绕跨硬件适配、跨本体部署、场景验证三大主轴，构建面向下一代智能机器人的Tier 1协同产业生态。
产业共识：从独自探索到共攀高峰
当前，具身智能正加速走出实验室，步入工业制造、物流仓储、商业服务等真实场景。然而，产业的规模化落地不仅依赖单项技术的极致突破，更取决于感知、决策、执行等软硬件链条的全栈协同。在这一进程中，
硬件接口不统一、适配成本高、系统验证周期长等共性问题，正成为制约行业从“样机可用”迈向“产品好用”
基于这一产业共识，20余家来自不同技术赛道的企业选择携手同行。各家成员都在自身领域深耕多年，并在与上下游协作中深切感受到：唯有将 “各自的最优解”转化为“系统的最优解”，才能让具身智能真正释放价值。
中国具身智能Tier 1产业联盟的成立，正是产业链从“竞争性合作”走向“共生性协同”的一次主动选择。
联盟倡导的是互为技术伙伴、互为能力延伸。从产品定义阶段即展开联合验证，围绕真实场景的刚性需求进行协同优化，使每一项创新都能更顺畅地融入整机体系，加速技术成果向产品力转化。
系统协同：以适配、部署、验证夯实产业基础
中国具身智能Tier 1产业联盟将围绕跨硬件适配、跨本体部署和场景验证三大方向，推进系统性协同。
以真实应用场景为牵引，组织成员企业开展联合适配与协同调优，降低重复适配成本，提升系统整体效率。
联盟将推动成员围绕典型场景组建联合小组，建立适配经验与测试结果的共享机制，使各企业在不重复建设基础设施的前提下，将分散的适配工作量转化为可复用的系统知识，从而让每一家伙伴都能将更多资源投入核心创新，而非重复“造轮子 ”。
生态共赢：让系统协同成为规模化落地的坚定基石
具身智能的技术路线仍在快速演进——感知架构如何弹性扩展、软硬件解耦的边界如何界定、系统架构如何支撑千行百业的定制化部署，这些关键命题亟需产业链最前沿的头脑共同求解。
随着具身智能进入产业深水区，竞争的天平正从单一技术创新转向“技术×供应链×场景落地”的综合能力较量。星源智将依托具身大脑与端侧算力平台，连接感知、交互、执行等关键环节，牵引产业链伙伴从“单点能力”走向“系统协同”。联盟也将围绕下一代机器人的技术架构与应用方向开展联合预研与早期验证，在同一个坐标系中思考、在同一套原型上验证，共同回答“下一代机器人应该怎样被构建”这一时代命题。
联盟的成立，不仅为成员企业搭建了高效的协同桥梁，也为整个行业探索出一条
降低适配成本、缩短研发周期、提升系统可靠性的新路径
，致力于成为中国具身智能产业从“单点领先”迈向“系统领先”的助推器。
中国具身智能Tier 1产业联盟，愿与行业同行者一道，让具身的未来，从此刻开始，可期、可行、可及。
不造本体，星源智要「复制」机器人的生产力
◎星源智刘东：具身智能的拐点，是复制生产力。△撰文：董志洋会做一个动作的机器人越来越多，能把同一套能力装进不同设备、带到不同现场的公司仍然不多。2026世界机器人大会（WRC）期间，星源智创始人兼CEO刘东在“智造现场·具身智能的工业试炼论坛”上说：“机器人能够完成任务，并不等于已经成为生产力工具。...
灵心巧手与奥比中光达成战略合作，共同打造“手眼协同”具身智能标杆产品
8月18日，全球灵巧手领军企业灵心巧手（Linkerbot）与行业领先的机器人视觉及AI视觉科技公司奥比中光正式达成战略合作。双方将围绕具身智能“手眼协同”开展标杆产品与解决方案的共研共创，推动灵巧操作与视觉感知从单点能力走向深度协同，加速具身智能产业落地。01长期合作基础共筑手眼协同新起点事实上，...
灵心巧手战略并购京灵智康，推动智能仿生手普惠化落地
近日，全球灵巧手领军企业灵心巧手（LinkerBot）正式完成对京灵智康团队的战略并购。双方将围绕智能仿生手、康复辅助与人机交互等方向展开深度协同，推动高性能仿生手在民生康复与普惠场景中的规模化落地，让更多需要帮助的人，以更低门槛获得先进技术带来的便利与支持。此次并购，也意味着灵心巧手在机器人行业之...
无问智科与灵心巧手宣布达成深度战略合作，携手打造行业最大规模高质量灵巧操作数据集
近日，无问智科与灵心巧手正式宣布达成深度战略合作。双方将充分发挥各自在具身智能数据基础设施构建和末端操作通用平台能力方面的优势，面向具身智能时代的核心瓶颈——高质量灵巧操作数据稀缺——联合打造行业最大规模的灵巧操作数据集，同时基于无垠数据基座打造行业最专业的灵巧手操作评测体系，双方以高自由度灵巧手X...
2026第六届全球xEV驱动系统技术暨产业大会
AGIBOT WORLD Community X ｜新起航，共进化
东方印象设计哲思 铸旗舰造物格局
高能预告丨全新第四代博越L i-HEV系列技术解读
星瑞L PLUS智闯8D魔幻城
上海恩翌信息科技有限公司
沪ICP备17041240号-4",full,,dom_or_structured_full_text,https://www.ne-time.cn/web/article/39603,NE时代,电池,新能源汽车/智能汽车,2026-09-04T00:26:25+00:00,AI与智能科技 > 具身智能 > 硬件和控制,AI与智能科技,硬件和控制,"[{""path"":[""AI与智能科技"",""具身智能"",""硬件和控制""],""path_text"":""AI与智能科技 > 具身智能 > 硬件和控制"",""confidence"":0.9,""reason"":""联盟覆盖灵巧手、机械臂、底盘、传感器等具身智能硬件与控制环节的产业协同。""},{""path"":[""AI与智能科技"",""具身智能"",""模型和具身操作系统""],""path_text"":""AI与智能科技 > 具身智能 > 模型和具身操作系统"",""confidence"":0.65,""reason"":""联盟涉及具身大脑与跨本体部署，属具身智能系统软件生态。""}]",classified,2026-09-04T00:40:20.636267+00:00,glm-5.2,2026-08-14,
国轩高科GotionGuard荣膺全国动力电池安全预警算法大赛双料大奖 - NE时代,2026-09-03,"国轩高科GotionGuard荣膺全国动力电池安全预警算法大赛双料大奖
近日，第三届全国新能源汽车动力电池安全预警算法大赛颁奖仪式在重庆举行。国轩高科自主研发的 GotionGuard —— 全场景电池安全智能预警监控平台，一举斩获三元电池赛道特等奖、磷酸铁锂电池赛道二等奖，成为本届大赛唯一在三元赛道获特等奖的头部电池企业，也是极少数在两个主流技术路线上同时获奖的电池企业。
本次大赛严格对标团体标准T/CAAMTB 381—2026《电动汽车电池系统安全预警模型评价方法》，围绕查准率、查全率及多故障模式F1值等核心指标展开比拼。国轩高科在磷酸铁锂和三元两个赛道全面获奖，印证了国轩高科跨材料体系的电池安全预警技术覆盖能力。
GotionGuard以“数据+机理”深度融合为核心路径，基于大数据、人工智能技术及电池机理知识，构建覆盖6大场景、20余种故障工况的百项预警算法库，以端云融合主动服务模式，从被动应对走向主动防控，全面覆盖车载与储能多元应用场景。平台累计获得国内专利近百项、国际专利3项、软著2项及商标1个，形成完整知识产权布局。
此次获奖及平台的大规模落地，标志着国轩高科已全面掌握覆盖三元、磷酸铁锂两大主流技术路线的电池安全预警核心技术。未来，国轩高科将持续深耕电池安全预警与智能决策技术，与国家技术创新中心协同推动动力电池安全技术突破升级，为新能源汽车产业高质量发展注入动能。
【NE快讯】金杯延锋拟收购延锋汽车饰件系统（沈阳）有限公司100%股权；国轩高科电池首次陆路直发欧洲；亿航智能推出全球Fast Track计划
01.金杯延锋拟收购延锋汽车饰件系统（沈阳）有限公司100%股权近日，金杯汽车发布公告，公司控股子公司沈阳金杯延锋汽车内饰系统有限公司拟通过公开摘牌方式，参与收购延锋国际汽车技术有限公司在上海联合产权交易所公开挂牌转让的延锋汽车饰件系统（沈阳）有限公司（以下简称“沈阳子”）100%股权，交易底价1....
打通中欧绿色物流通道 国轩高科电池首次陆路直发欧洲
近日，“中欧新干线绿色新动能”国轩高科电池中欧陆运首发仪式在合肥基地举行。该批高性能电池从合肥启程，由30多辆重卡组成的车队承运，其中部分车辆为搭载“电啦啦”移动换电系统的换电重卡，车队将经亚欧大陆桥发往欧洲多地。这是公司首次以陆运方式向欧洲市场批量供应电池产品，标志着国轩高科中欧绿色能源物流通道正...
国轩高科G行电池携手联合重卡电麒麟 打造“两高一低”纯电重载解决方案
在“双碳”战略全面推进、矿山、港口、城际倒短物流加速电动化转型的浪潮下，重载运输行业对新能源重卡提出高安全、长续航、快补能、低能耗等核心诉求。国轩高科携手奇瑞商用车联合重卡，以G行电池赋能明星车型电麒麟，针对矿区场内转运、港口短途倒短、中短途资源运输等场景深度定制，三电系统一体化协同调校，打造高安全...
一图读懂国轩高科启晨三代磷酸锰铁锂电池
一图读懂国轩高科金石全固态电池
国轩高科获得西班牙电池项目9200万欧元资助
于推进其在巴利亚多利德的两个电池相关项目。两个项目的总投资额合计超过9.443亿欧元。第一个项目为电池正极材料生产工厂，计划投资5.328亿欧元，获得的临时资助金额为969万欧元。第二个项目为电池回收工厂，计划投资4.115亿欧元，获得的临时资助金额为8330万欧元。该回收工厂将用于回收“黑质”，这...
国轩高科成立低空经济公司
爱企查APP显示，近日，赣州国轩低空经济有限公司成立，注册资本为5000万元，经营范围包含：新能源原动设备制造，智能无人飞行器制造，机械电气设备制造，电池制造，智能无人飞行器销售等。企查查股权穿透显示，该公司由国轩高科间接全资持股。
国轩高科携手巴斯夫，持续推动固态电池技术迭代升级
近日，国轩高科与巴斯夫在合肥签署战略合作备忘录，共同开发下一代固态电池技术。此次合作将充分整合双方在材料创新与电池研发领域的核心优势，标志着国轩高科在下一代固态电池赛道的布局迈向规模化、系统化新阶段。巴斯夫大中华区董事长兼总裁楼剑锋、国轩高科董事长李缜现场见证签约据协议，双方将以协同创新为核心，聚焦...
【NE快讯】国轩高科携手巴斯夫推动固态电池技术迭代升级；爱芯元智正式在港股敲钟上市；时代智能与地平线签署战略合作协议
01.国轩高科携手巴斯夫推动固态电池技术迭代升级近日，国轩高科与巴斯夫在合肥签署战略合作备忘录，共同开发下一代固态电池技术。此次合作将充分整合双方在材料创新与电池研发领域的核心优势，标志着国轩高科在下一代固态电池赛道的布局迈向规模化、系统化新阶段。据协议，双方将以协同创新为核心，聚焦下一代固态电池高...
恩捷股份与国轩高科签署战略合作协议 共拓新局
1月27日，恩捷股份旗下上海恩捷新材料科技有限公司与国轩高科股份有限公司在合肥正式签署战略合作协议。双方将在隔膜、固态电解质等新能源电池关键材料领域展开全面协同，并共同推进零碳工厂、智能移动储能充电桩等新能源场景建设，携手迈向电池技术低碳化、高端化新阶段。签约仪式由国轩高科董事长李缜博士、执行总裁王...
2026第六届全球xEV驱动系统技术暨产业大会
AGIBOT WORLD Community X ｜新起航，共进化
东方印象设计哲思 铸旗舰造物格局
高能预告丨全新第四代博越L i-HEV系列技术解读
星瑞L PLUS智闯8D魔幻城
上海恩翌信息科技有限公司
沪ICP备17041240号-4",full,,dom_or_structured_full_text,https://www.ne-time.cn/web/article/39602,NE时代,电池,新能源汽车/智能汽车,2026-09-04T00:26:28+00:00,零碳产业 > 能量循环 > 能量存储 > 电化学储能 > 二次电池 > 锂电池,零碳产业,锂电池,"[{""path"":[""零碳产业"",""能量循环"",""能量存储"",""电化学储能"",""二次电池"",""锂电池""],""path_text"":""零碳产业 > 能量循环 > 能量存储 > 电化学储能 > 二次电池 > 锂电池"",""confidence"":0.9,""reason"":""新闻核心是国轩高科跨三元与磷酸铁锂体系的动力电池安全预警平台获奖，属锂电池技术与应用。""}]",classified,2026-09-04T00:40:28.174888+00:00,glm-5.2,2026-08-14,
赣锋锂电发布全新战略 专注技术创新与场景应用 - NE时代,2026-09-03,"赣锋锂电发布全新战略 专注技术创新与场景应用
近年来，随着一系列的政策调整、技术迭代与产品升级，锂电行业正由高速增长期迈入高质量发展期。在此关键节点，赣锋锂电正式启动全新战略规划，并于近日召开战略宣贯会，正式发布公司未来五年战略蓝图。
本次战略升级始于2026年4月，在历经20周、7轮战略研讨会的充分碰撞后，赣锋锂电明确了储能业务全面发展、动力业务抢占关键市场的战略方向，致力于成为储能电池领域的领先企业、动力电池垂直领域的领导品牌，将产品与场景深度结合，依托母公司赣锋锂业生态布局，构建从资源开发到终端应用的全产业链闭环。
大力发展储能业务，冲击全球第一梯队
2025年以来，全球储能市场持续爆发式增长，行业格局加速重塑。面对这一变局，赣锋锂电将战略从单一电池制造商，向“电池+场景+服务”的解决方案商转型。公司以储能电池为核心增长极，以母公司赣锋锂业的资源优势作为供应保障，并形成回收业务的稳定原料来源，盘活集团全产业链优势，构建覆盖资源保障、技术研发、AI数字化平台、智能制造和循环回收的完整闭环。
在产品端，赣锋锂电自主研发的新一代大容量电芯已配套高能量密度储能系统方案，全场景适配新型电力系统对储能设备的高标准要求；户储及工商领域亦形成覆盖多种容量需求的完整产品矩阵，循环寿命达到行业领先水平；在系统集成层面，公司着力打造“电芯—模组—系统”一体化解决方案，提升终端交付能力和客户价值；加强电站开发及运营能力，以真实场景反哺电芯及系统的产品升级；提升优质产能，加速推进新建产线的落地与爬坡，统筹国内国际两个市场，确保高质量交付能力。
动力与固态专注垂直场景，形成差异化竞争
在固态电池方面，赣锋以固态电池的研发与商业化作为核心目标，从低空经济、机器人等新兴应用场景切入，构建细分市场的技术领先优势，并加速商业化进程。目前，面向电动航空（eVTOL）等低空经济场景的赣锋高比能、高功率电芯已成功搭载于国内领先飞行器平台并完成载人试飞验证；同时，加速向机器人、高端消费电子等领域拓展。
在动力电池领域，赣锋锂电聚焦具体场景，致力成为两轮车高端动力电池与工程机械动力电池系统等细分领域的领导品牌；并加大重卡市场的拓展力度，以车电分离+电池银行等新模式，构建“运力+车+电池+光储充+电池租赁+回收再制造”全产业链闭环生态。
以七大举措保障战略落地
战略目标的实现离不开核心能力支撑。
战略宣贯会上，赣锋锂电同步发布了涵盖技术创新、规模化制造、供应链成本、质量售后、市场洞察、数字化平台及组织人才七大维度的关键举措：
持续聚焦下一代电池材料、电芯结构、安全体系等前沿领域，构筑长期技术壁垒，依靠技术代差建立产品先发竞争优势；
扩张高质量产能规模并实现高效交付，通盘兼顾储能、动力市场需求，结合行业供需、政策与竞品动态，动态优化产能扩张节奏与布局规划；
升级集团化战略采购体系，依托集团整体资源禀赋，利用先进工具搭建原材料价格研判预判模型，并通过规模化等方式压降原材料综合成本；
搭建覆盖研发、制造、交付、运维全生命周期的质量体系，建立快速响应、闭环处置的客户服务机制，全面提升客户体验；
构建覆盖行业趋势与政策导向、竞手动态与策略对标、客户需求与场景痛点、前沿技术与产品竞争力的洞察体系，为企业战略提供持续可靠的决策输入；
打造企业级数据中台和智能制造运营平台，引入AI技术打通数据孤岛，提升生产效率与质量，实现从订单到成品的全链路追溯与质量闭环；
明确权责利，优化核心流程，构建高效组织协同，打造业务为中心的组织与人才梯队，落实系统性的人才培养、晋升与激励机制。
🔼 锂电战略会后合影
按照战略落地时间表，赣锋锂电下一步将进入战略解码与执行阶段，将战略目标分解为可执行、可衡量的行动计划，从高层共识转化为全员行动。
从传统液态电池到下一代固态电池，从上游资源到下游场景，赣锋锂电将始终专注于技术创新与终端应用，为行业提供最适宜的产品与最贴合的解决方案，助力行业迈向更高效、更可靠、更可持续的低碳未来。
1.99MW/8.35MWh！瑞浦兰钧日本首个储能项目正式并网投运
近日，瑞浦兰钧在日本的多个储能项目陆续进入并网调试阶段。其中，位于栃木县鹿沼市的项目率先完成并网，成为公司在日本首个正式投运的独立电网侧储能项目。栃木鹿沼项目规模为1.99MW/8.35MWh，核心设备采用瑞浦兰钧提供的417kWh液冷户外直流储能柜，以整柜形式供应。作为独立储能电站，该项目通过参与...
超3GWh！宁德时代天恒储能系统独供澳洲NEM最大在运储能项目
近日，由Quinbrook开发的澳大利亚Supernode储能项目二期正式投入商业运营，三期4.69亿澳元融资同步完成交割。至此，项目一、二期(520MW/1858MWh)已全面商业化运营。三期建成后，总储能规模将突破3GWh，成为澳大利亚国家电力市场(NEM)规模最大的在运电池储能项目。作为该项目...
零整改通关！孚能科技储能产品通过新国标全项认证
近日，孚能科技自主研发的3.2V180Ah（P180B）储能专用电池，一次性高标准通过我国首部储能强制安全国标《电能存储系统用锂蓄电池和电池组安全要求》（GB44240—2024）全项测试，全程无任何整改项，标志着公司储能产品安全性能全面达到国家级强制合规标准，为规模化拓展国内外储能市场筑牢核心准入...
亿纬锂能与省油灯深化轻量化便携储能领域合作
近日，亿纬锂能与深圳市省油灯网络科技有限公司（以下简称“省油灯”）举行战略合作签约仪式。省油灯技术总监陈信开、市场总监孙运广、采购经理李晶晶，亿纬锂能圆柱电池产品线总裁尚迎梅、销售部副总经理崔杰、圆柱电池研究院杨成、战略经营部总监孙西西等双方领导出席并见证签约；省油灯副总经理钟秋香与亿纬锂能圆柱电池...
海辰储能斩获澳大利亚421MWh大型储能项目 携手GPG深耕澳洲新能源市场
8月12日，海辰储能正式与西班牙国家燃气集团（NATURGYGroup）旗下国际可再生能源发电企业环球电力集团（GlobalPowerGeneration,GPG）达成合作，签署电池储能系统供货协议，将为澳大利亚昆士兰州弗雷泽海岸（FraserCoast）项目提供总规模421MWh的储能系统，助力澳...
欣旺达移动储能车正式交付省运会，以绿色科技为“拼搏”加电
8月4日，广东省第十七届运动会欣旺达移动储能车交付仪式在茂名奥林匹克体育中心举行。作为本届省运会官方新能源合作伙伴，欣旺达向省运会组委会正式交付“欣纪元”液冷一体式移动储能车1台，以清洁、稳定、便捷的电力保障，护航本届省运会圆满举行。茂名市委常委、副市长王小慧，市人大常委会副主任廖述毅；欣旺达联席总...
众钠能源两大储能项目成功投运
2026年7月，众钠能源海内外两个储能项目相继交付：7月6日，中石油旗下天津盛通科技园区光储一体化和离网备电系统顺利投运；7月15日，中国援塞拉利昂渔码头项目正式交付启用。首个海外微电网项目顺利并网，让稳定电力走进非洲渔港塞拉利昂地处西非滨海区域，当地公共电网基础设施薄弱，海外施工营地面临供电不稳定...
宁德时代与Alfen签5GWh钠电储能大单
近日，宁德时代与欧洲领先的新能源集成商AlfenN.V.签署谅解备忘录。双方计划自2027年起，在荷兰等西欧国家部署5GWh的天恒钠电储能系统。天恒钠电储能系统拥有25年超长寿命，系统整体RTE提升近2%，全生命周期成本更低。同时，其可兼容磷酸铁锂系统，这能让Alfen在电池材料选择上更加灵活，降低...
亿华通交付首套储能系统
近日，亿华通正式向客户交付储能系统，这也是亿华通成立储能公司以来，交付的首套储能系统。从零到一的突破，是亿华通在新型储能商业化应用领域迈出的实质性一步。亿华通储能系统服务于一个分散式风力发电项目，能够对风电出力进行实时平滑调节，实现削峰填谷、跟踪计划出力，并具备一次调频和电压支撑能力。系统投运后，将...
晶科储能于Intersolar斩获400MWh东欧大储项目，携手Taliva推进能源基建
全球领先的储能企业晶科储能，作为晶科能源股份有限公司的子公司，近日在慕尼黑IntersolarEurope展会期间，与清洁能源开发商TalivaEnergy正式完成签约，达成东欧区域总计400MWh的大型储能系统项目合作。TalivaEnergy深耕罗马尼亚、土耳其等欧洲核心市场，专注于大型能源基础...
2026第六届全球xEV驱动系统技术暨产业大会
AGIBOT WORLD Community X ｜新起航，共进化
东方印象设计哲思 铸旗舰造物格局
高能预告丨全新第四代博越L i-HEV系列技术解读
星瑞L PLUS智闯8D魔幻城
上海恩翌信息科技有限公司
沪ICP备17041240号-4",full,,dom_or_structured_full_text,https://www.ne-time.cn/web/article/39601,NE时代,电池,新能源汽车/智能汽车,2026-09-04T00:26:30+00:00,产业经济与组织 > 企业与资本 > 企业经营与公司治理,产业经济与组织,企业经营与公司治理,"[{""path"":[""产业经济与组织"",""企业与资本"",""企业经营与公司治理""],""path_text"":""产业经济与组织 > 企业与资本 > 企业经营与公司治理"",""confidence"":0.85,""reason"":""核心事件是赣锋锂电发布未来五年公司战略规划与业务方向调整。""},{""path"":[""零碳产业"",""能量循环"",""能量存储"",""电化学储能"",""二次电池"",""锂电池""],""path_text"":""零碳产业 > 能量循环 > 能量存储 > 电化学储能 > 二次电池 > 锂电池"",""confidence"":0.8,""reason"":""战略内容聚焦储能与动力锂电池、固态电池产品及产业链布局。""}]",classified,2026-09-04T00:40:28.174888+00:00,glm-5.2,2026-08-14,
东风OpenVAN首批订单正式交付，无人运力迈入新阶段 - NE时代,2026-09-03,"东风OpenVAN首批订单正式交付，无人运力迈入新阶段
东风汽车全新无人物流车品牌
东风OpenVAN
并一举签下4000+订单
东风OpenVAN首批车辆
于东风股份襄阳基地下线
这是从“品牌发布、战略签约”
走向“落地运营”的关键跨越
也是“东方风起2030”计划
又一重要落地成果
首批车辆缓缓驶下生产线
合作伙伴、客户及员工代表
共同见证了这一时刻
源于对东风57年
整车制造底蕴的信任
全场景实力的认可
每一台无人物流车
都经过上千项严苛测试验证
从城市道路到园区场景
全程严控质量标准
为每一位用户托底
说到做到，使命必达
无人物流车到底好不好用？
就是一套能落地、能增效、能省钱的
无人运力解决方案
以开放平台为基础
「车辆+云控平台+运维服务+备件保障」
整车买断、融资租赁
按公里计费运力服务
适配不同企业资产投入节奏
基于城配、园区等真实业务模型测算
相比传统有人轻卡
DF‑8综合运营成本
最高可下降30%以上
东风OpenVAN搭载全冗余安全底盘
配备九识智驾系统
拥有5G云控运维能力
依托5G云控与云端AI运维平台
一名调度人员可远程完成
任务下发、状态监控、异常处置
实现规模化车队高效管理
省去司机招聘、人员管理的繁琐
车队运营效率直接提升
经过持续实车测试与验证
商业化运营的可靠性基础
可覆盖末端配送、园区转运、城市配送
针对行业普遍担心的
「买回去没人管」痛点
东风从硬件、云端、服务、运营
四个维度构建保障闭环
7×24小时服务响应
线下支撑覆盖到位
AI平台监测、故障预警、远程OTA升级
云端动态守护车辆状态
同时提供场景标定
人员培训、全托管运力等可选服务
硬件+云端+现场三位一体
实打实解决运营顾虑
更惠及城市与你我
从示范测试迈向商业化运营
东风OpenVAN首批交付
串联起技术研发、制造体系
客户需求与运营服务
为国内城配、园区无人化
提供了可复制的落地样本
不止让快递配送更高效
还能让城市运输更安全
道路交通更低碳绿色
后续，东风汽车将按计划
推进战略订单分批交付
车型矩阵与运营场景
迭代「车、云、服」一体化能力
“东方风起2030”计划
“全球领先的无人运力品牌”
为更多用户创造价值
东风汽车与中国黄金签署战略合作协议
7月22日东风汽车与中国黄金在北京签署战略合作协议双方将围绕产业创新、品牌共建海外业务协同、绿色智能转型等领域全方位深化战略合作本次战略合作协议的签订，是双方积极履行央企责任，强化央企跨界战略共赢，推动高质量发展的具体行动，也是双方从董事会工作合作深化拓展到战略合作的有益探索，标志着双方战略合作正式...
东风汽车&欣旺达再出重大合作成果！东昱欣晟120Ah超充电芯正式投产
5月25日东昱欣晟120Ah超充电芯投产活动在宜昌举行标志着东风汽车与欣旺达在动力电池领域战略合作再次取得重大阶段性成果为东风新能源转型纵深推进华中地区动力电池产业升级注入强劲动力东风汽车董事长、党委书记杨青，欣旺达创始人王明旺，跃创科技党委书记、董事长夏晓川，欣旺达动力科技副总裁王华文、叶智林等共...
六方注资超80亿赋能神龙公司新发展！东风汽车携手Stellantis集团开启新一轮战略合作
5月15日以“新合资新跨越”为主题东风汽车联合长江产业投资集团有限公司武汉金融控股（集团）有限公司武汉经开产业投资集团有限公司斯泰兰蒂斯集团神龙汽车有限公司签署战略合作协议根据协议，本次合作总投资额超80亿元人民币，以产业资本赋能新能源智能网联技术创新，同时依托产业链集群协同优势，整合全球化品牌与市...
东风汽车固态电池实现中试下线，350Wh/kg固态电池样车开启冬测
1月14日，东风汽车在武汉举办固态电池样车冬测发车仪式，搭载350Wh/kg固态电池的寒区试验样车正式启程，前往漠河寒区试验基地进行冬季标定测试。图片来源：东风汽车本次冬测搭载的固态电池已完成材料及电化学体系验证，并实现中试下线。该电池能量密度350Wh/kg，可支撑整车超1000公里续航；安全性能...
【NE快讯】优必选再签3000万人形机器人大单，总订单已逼近4.3亿；东风汽车与腾讯达成战略合作；斯年智驾完成数亿元B+轮融资；
01.东风汽车与腾讯达成战略合作共建“汽车+互联网”智能新生态9月28日，东风汽车与腾讯在武汉举行战略合作签约仪式。此次合作将深度整合双方核心优势——依托东风汽车在汽车研发、生产与营销领域的丰富经验，借力腾讯在智能化、数字化等领域的优势，精准赋能东风汽车“一核双基双元”智能化体系及国际化跃迁战略落地...
【NE快讯】追觅科技德国建厂推进；德赛西威成功完成43.99亿元定增发行；东风汽车与华为高层会谈
01.追觅科技德国建厂推进2025年9月，据德媒报道，追觅科技正考虑在德国勃兰登堡州特斯拉工厂附近建设电动车工厂，该州州长DietmarWoidke于9月23日证实双方已就此事接洽，但强调项目需充分审慎准备。追觅创始人兼CEO俞浩此前已考察厂址且倾向该区域，计划工厂规模略大于特斯拉格伦海德超级工厂，...
【NE快讯】联合电子首款PHEV热管理集成模块量产；基本半导体与东芝达成战略合作；华中科技大学与东风汽车联手
01.联合电子首款PHEV热管理集成模块量产近日，联合电子成功下线首款PHEV热管理集成模块。PHEV热管理集成模块采用高度整合的系统级解决方案，实现能效优化与可靠性提升。产品通过能效优化、紧凑设计与智能控制，精准适配PHEV双动力系统的复杂需求。并且高效利用发动机余热与多工况匹配，相比传统分散式系...
智能化赛道的“双向奔赴”，德赛西威与东风汽车签署战略协议
8月18日，德赛西威、东风汽车战略合作签约仪式在武汉举行。德赛西威董事长高大鹏，东风汽车集团副总经理、党委常委黄勇等双方领导层出席此次签约仪式。德赛西威与东风汽车拥有深厚的合作基础。多年以来，德赛西威积极发挥自身在智慧出行领域的软硬件开发集成优势，以及敏捷、高效的研发与供应链保障能力，助推东风汽车新...
东风汽车研发总院领导班子成员调整，陈涛任副院长
7月28日，东风汽车集团有限公司研发总院召开干部会议。东风汽车集团有限公司党委组织部部长郑红艺宣布东风汽车集团有限公司研发总院领导班子成员调整的决定：陈涛任东风汽车集团有限公司研发总院副院长。
东风汽车首款轴向磁通分布式电驱动总成样机下线
12月17日，东风汽车首款轴向磁通分布式电驱样机在智新科技1号园区下线。活动号召全体智新人以担当、实干、协作、创新的态度，以打造行业第一动力总成的决心，以客户需求为导向，同心协力，助力后续产品量产落地。智新科技副总经理曹永军、岚图汽车新能源开发部高级总监黄敏、岚图汽车新能源开发部总监方程、智新科技研...
2026第六届全球xEV驱动系统技术暨产业大会
AGIBOT WORLD Community X ｜新起航，共进化
东方印象设计哲思 铸旗舰造物格局
高能预告丨全新第四代博越L i-HEV系列技术解读
星瑞L PLUS智闯8D魔幻城
上海恩翌信息科技有限公司
沪ICP备17041240号-4",full,,dom_or_structured_full_text,https://www.ne-time.cn/web/article/39600,NE时代,电池,新能源汽车/智能汽车,2026-09-04T00:26:32+00:00,通用技术 > 通信和运输 > 陆路运输,通用技术,陆路运输,"[{""path"":[""通用技术"",""通信和运输"",""陆路运输""],""path_text"":""通用技术 > 通信和运输 > 陆路运输"",""confidence"":0.9,""reason"":""核心事件是东风无人物流车首批交付并进入商业化运营，属物流车辆智能化运输领域。""}]",classified,2026-09-04T00:40:28.174888+00:00,glm-5.2,2026-08-14,
【NE数据】2026年7月乘用车电驱系统、电机、电控、OBC装机量：各家都在押注下半年？ - NE时代,2026-09-03,"【NE数据】2026年7月乘用车电驱系统、电机、电控、OBC装机量：各家都在押注下半年？
NE时代根据新能源乘用车终端数据统计，2026年7月电驱系统装机量超过了84万套，同比增长了7.36%。电控装机量达到114万套，同比下降了-5.32%。定子（驱动+发电）装机量达到139万套，同比下降了-7.46%。OBC装机量达到91万套，同比下降了-5.24%。
电驱系统装机量依旧增长，凌昇动力、蔚来驱动科技、星驱科技和上汽变速器分别增长106.7%、66.8%、44.0%和260.4%。零跑当前已形成A、B、C、D四个产品系列，多车型同时放量，使其自研电驱系统获得了较大的内部配套基础。蔚来驱动科技则受益于蔚来、乐道和萤火虫三个品牌共同增长。
■ 定子领域，联合动力、联合电子、博格华纳和信质集团也分别有不同程度的下降。星驱科技、华域电动、索恩格、中车电驱和方正电机则实现增长，定子订单随整车客户和电驱总成项目重新分配的特征较为明显。其中方正电机明确将业绩改善归因于驱动电机下游量产项目增加，新项目已经开始进入收入和配套兑现阶段。另外，信质集团年产300万台新能源汽车定转子总成项目也在7月进入建设收尾阶段，计划9月中下旬投产。
■ 电控领域，凌昇动力同比增长107.3%，与零跑汽车7月交付量同比增长102%的走势接近。蔚来驱动科技同比增长66.8%，也与蔚来公司7月交付同比增长71%高度接近。另外，臻驱科技也同比增长了62.8%，其混动双电控、分布式功率砖等产品此前已进入量产阶段，同时其也正在为更大规模的产业化和国际客户拓展准备资源。随着整车企业加强电驱软硬件自研，第三方电控企业需要依靠多客户平台、功率模块能力和软件标定经验来保持规模。
■ OBC领域，富特科技同比增长53.0%，其800V平台产品已经批量量产，客户覆盖蔚来、小米、广汽、零跑等整车企业。欣锐科技同比增长16.6%，其仍在加大技术和人才投入。
PS：该数据是NE时代根据国内整车终端销售数据为统计口径整理，不含进出口数据，统计结果可能会与相关零部件企业的实际出货数据存在差异。
鉴于部分企业的业务模式具有独特性，当前的数据统计方式难以全面、精准地反映其业务规模，故而这部分企业的排名未予体现。如有疑问，请扫描文末二维码联系我们。
新能源整车与零部件的供配关系时常变动，如有疏漏，欢迎相关企业联系指正。
11月NE时代主办的两场会，你打算去哪一场？
11月上海，NE时代有两场行业活动。一场聊动力电池，一场聊人形机器人。第一场，2026第六届xEV电池技术论坛，主题是智能电池与AI。论坛采用公开论坛加定向闭门会的双日结构。第一天公开论坛围绕下一代智能动力电池展开，上午聊整车需求趋势与Pack系统定义，下午聊智能化BMS、车云协同与热失控预警这些软...
【NE数据】2026上半年乘用车电驱系统、电机、电控、OBC装机量：到底谁能穿越周期？
NE时代根据新能源乘用车终端数据统计，2026年上半年（1-6月）电驱系统装机量超过了413万套，同比增长了1%。电控装机量达到568万套，同比下降了-11.97%。定子（驱动+发电）装机量达到691万套，同比下降了-14.49%。OBC装机量达到449万套，同比下降了-13.21%。电驱系统装机量...
跟着NE时代“云逛”PCIM，超有料！
2026年8月26-28日，PCIMAsiaShenzhen2026将在深圳国际会展中心（宝安新馆）14及16号馆盛大举行。本届展会展览面积扩大至30,000平方米，预计汇聚300+家境内外优质展商，聚焦电气化交通、AI数据中心、可再生能源与智慧能源三大高增长应用市场。作为本次PCIMAsiaShe...
【NE数据】2026年5月乘用车电驱系统、电机、电控、OBC装机量：电驱前五只有一家第三方！
NE时代根据新能源乘用车终端数据统计，2026年5月电驱系统装机量超过了82万套，同比增长了7.29%。电控装机量达到112万套，同比下降了-6.99%。定子（驱动+发电）装机量达到137万套，同比下降了-9.5%。OBC装机量达到91万套，同比下降了-3.84%。电驱系统装机量这个月依旧增长，这次...
【NE数据】2026年4月乘用车电驱系统、电机、电控、OBC装机量：电驱系统同比增长！
NE时代根据新能源乘用车终端数据统计，2026年4月电驱系统装机量超过了74万套，同比增长了6.91%。电控装机量达到101万套，同比下降了-5.89%。定子（驱动+发电）装机量达到121万套，同比下降了-9.25%。OBC装机量达到81万套，同比下降了-3.96%%。电驱系统装机量今年来首次达到增...
【NE数据】2026年3月乘用车电驱系统、电机、电控、OBC装机量：蔚来驱动/上汽变速器/方正电机逆势增长
NE时代根据新能源乘用车终端数据统计，2026年3月电驱系统装机量达到72万套，同比下降了-4.8%。电控（驱动+发电）装机量达到98万套，同比下降了-14.9%。定子装机量达到118万套，同比下降了-17.2%。OBC装机量达到79万套，同比下降了-16.9%。在行业整体调整的背景下，蔚来驱动科技...
200万台下线！蔚来电驱系统的四代迭代
2026年3月5日，蔚来公司第200万台电驱动在蔚来合肥第二电驱动制造工厂下线，作为蔚来智能电动汽车12项核心技术全栈的重要组成部分，蔚来坚持电驱动系统自研自产。高集成度的共壳体设计与新材料、新工艺和新结构的持续深耕探索，使蔚来电驱动系统在高性能、小型化和轻量化方面不断取得突破，并保持行业领先地位。...
星驱科技新一代超集成电驱系统项目正式签约
2025年8月20日，星驱科技与无锡惠山经济技术开发区管理委员会正式签署新一代超集成电驱系统项目合作协议，无锡市代市长蒋锋与吉利汽车集团CEO淦家阅一行进行了工作会谈，并共同见证项目签约。副市长周文栋，市政府秘书长陈寿彬，吉利控股集团高级副总裁王召兴，吉利汽车集团首席政府事务官李伟平，诚通基金党委副...
效率跃升20%！宝马发布第六代电驱系统
2025年2月21日，宝马集团在德国兰茨胡特举行了盛大的科技日，重点展示了其第六代eDrive电驱技术、大圆柱电池以及全新的“能量智控系统”等前沿科技。◎电驱方面，采用励磁同步和异步电机新组合，其前为桥异步电机具备宽泛调速范围。后桥励磁同步电机运用自适应磁场削弱控制技术，可提升高速区间效率。左：励磁...
研发速递 | 红旗M220-01双电机电驱系统首台A样机成功试制下线！
近日，红旗自主研发的M220-01双电机电驱系统首台A样机提前45天成功试制下线！该样机集高性能、强操控与极致安全于一体，为红旗越野车型赋予卓越的全地形适应能力，树立红旗新能源越野技术领域新标杆！01灵活稳定极致安全M220-01双电机电驱系统通过SiC功率模块与高压平台协同，实现毫秒级动态扭矩分配...
2026第六届全球xEV驱动系统技术暨产业大会
AGIBOT WORLD Community X ｜新起航，共进化
东方印象设计哲思 铸旗舰造物格局
高能预告丨全新第四代博越L i-HEV系列技术解读
星瑞L PLUS智闯8D魔幻城
上海恩翌信息科技有限公司
沪ICP备17041240号-4",full,,dom_or_structured_full_text,https://www.ne-time.cn/web/article/39599,NE时代,电池,新能源汽车/智能汽车,2026-09-04T00:26:34+00:00,通用技术 > 通信和运输 > 陆路运输,通用技术,陆路运输,"[{""path"":[""通用技术"",""通信和运输"",""陆路运输""],""path_text"":""通用技术 > 通信和运输 > 陆路运输"",""confidence"":0.88,""reason"":""报道新能源乘用车电驱系统、电机、电控等动力系统装机量数据，属汽车电动化产业。""}]",classified,2026-09-04T00:40:28.174888+00:00,glm-5.2,2026-08-14,
11月NE时代主办的两场会，你打算去哪一场？ - NE时代,2026-09-03,"11月NE时代主办的两场会，你打算去哪一场？
11月上海，NE时代有两场行业活动。一场聊动力电池，一场聊人形机器人。
第一场，2026第六届xEV电池技术论坛，主题是智能电池与AI。
论坛采用公开论坛加定向闭门会的双日结构。第一天公开论坛围绕下一代智能动力电池展开，上午聊整车需求趋势与Pack系统定义，下午聊智能化BMS、车云协同与热失控预警这些软硬件议题。第二天闭门会转向细分场景，储能出海、重卡电动化、钠电与固态电池，都是产业链正在找答案的问题。
第二场，HRTC 2026人形机器人技术与产业大会，主题是场景落地与生态协同。
大会为期两天。第一天聚焦场景落地，上午研判市场机会与趋势，下午复盘已经落地的实践案例。第二天转入核心零部件技术，灵巧手、关节模组、力控与散热，整机厂和零部件厂坐在一起把需求聊透。
2026第六届xEV电池技术论坛
HRTC 2026人形机器人技术与产业大会
跟着NE时代“云逛”PCIM，超有料！
2026年8月26-28日，PCIMAsiaShenzhen2026将在深圳国际会展中心（宝安新馆）14及16号馆盛大举行。本届展会展览面积扩大至30,000平方米，预计汇聚300+家境内外优质展商，聚焦电气化交通、AI数据中心、可再生能源与智慧能源三大高增长应用市场。作为本次PCIMAsiaShe...
NE时代&凌傲咨询 | 2023xEV电池技术论坛暨2023新能源光储充融合产业大会正式开启
整体日程安排第1天11月8日会场一全天动力电池技术论坛会场二上午光储深度融合及趋势会场三下午储能系统解决方案会场四下午光伏先进材料及装备智造晚上2023电池产业Top企业颁奖盛典（仅限特别VIP定向邀请参加）第2天11月9日会场一 全天动力电池高压快充及热安全技术会场二 全天动力电池系统电子电气技术...
NE时代：新能源汽车产业一站式服务平台
NE时代2022活动安排&往届论坛回顾
2022NE活动计划2021论坛回顾2021首届长三角锂电人联谊会暨动力电池技术闭门交流会2021年10月30日，由NE时代主办的“2021首届长三角锂电人联谊会暨动力电池技术闭门交流会”在上海嘉定圆满召开。大会围绕""整车及动力电池系统技术趋势及解决方案""、“电芯及工艺技术趋势及解决方案”两大主题方...
NE时代曾丽平：中国新能源汽车及动力电池市场及技术趋势
2021年4月21日-22日，由NE时代和励展博览集团联合举办的“AWC2021第三届新能源汽车三电系统开发与测试技术大会”在上海世博展览馆顺利召开。以下为此次论坛中NE时代创始人、NE研究院院长曾丽平发表的关于“中国新能源汽车及动力电池市场及技术趋势”的主题演讲，供诸位参考。更多咨询及合作请联系往...
俺搜与NE时代战略合作，携手推进汽车产业链数据生态化发展
5月22日，上海迪塔班克数据科技有限公司（旗下产品“俺搜”）和上海恩翌信息科技有限公司（以下简称“NE时代”）于俺搜嘉定总部签订战略合作协议，双方就合作推进“汽车供应链数据服务”项目达成战略共识。俺搜CEO柯廷文、NE时代创始人曾丽平出席签约仪式。此次合作，俺搜与NE时代将基于双方在汽车产业链数据开...
NE时代官网正式上线！
http://www.ne-times.com/NE时代 官网NE时代是为新能源时代而生的一站式服务平台，下设咨询、数据和媒体三大业务，连通供应商与OEM的从业人员和企业。NE官网是NE时代创设的一个汇聚新能源汽车产业资讯、数据和活动的专业网站。产业资讯1产业资讯覆盖第一时间快讯、深度分析、数据解...
NE时代关于新能源汽车及BMS市场和趋势探讨
应众多朋友的要求，NE时代将此前发布的BMS报告原文发布出来，供诸位参考。主要观点：从2014-2019年大家看中间是电池BMS公司，有非常明显市场份额在扩大，独立BMS以前非常大，现在变小，目前趋于稳定的态势。目前动力电池做BMS优势非常明显，因为动力电池做PACK，做BMS产业链是非常完整的一条...
NE时代曾丽平：新能源汽车及BMS的现状与未来趋势
随着新能源整车和电池行业市场会进一步洗牌，BMS行业会加速淘汰，未来很多企业市场份额会越来越小甚至消失，对于BMS企业来说，选择可持续发展客户非常重要。本文为励展博览集团及NE时代于8月28-29日联合主办的""第二届AWC2019新能源汽车关键元器件技术大会""演讲嘉宾的现场实录。 演讲嘉宾：曾丽平N...
NE时代韩家骅：新能源汽车高压元器件市场现状与发展
​对于车企来说必须要做驱动系统的高压化，无论走插混路线还是强混路线，这是必然要走的路。本文为励展博览集团及NE时代于8月28-29日联合主办的""第二届AWC2019新能源汽车关键元器件技术大会""演讲嘉宾的现场实录。演讲嘉宾：韩家骅 NE时代高级分析师 演讲主题：新能源汽车高压元器件市场现状与发展韩家...
2026第六届全球xEV驱动系统技术暨产业大会
AGIBOT WORLD Community X ｜新起航，共进化
东方印象设计哲思 铸旗舰造物格局
高能预告丨全新第四代博越L i-HEV系列技术解读
星瑞L PLUS智闯8D魔幻城
上海恩翌信息科技有限公司
沪ICP备17041240号-4",full,,dom_or_structured_full_text,https://www.ne-time.cn/web/article/39598,NE时代,电池,新能源汽车/智能汽车,2026-09-04T00:26:36+00:00,公共政策与社会治理 > 科教与人才 > 科研管理与学术活动,公共政策与社会治理,科研管理与学术活动,"[{""path"":[""公共政策与社会治理"",""科教与人才"",""科研管理与学术活动""],""path_text"":""公共政策与社会治理 > 科教与人才 > 科研管理与学术活动"",""confidence"":0.75,""reason"":""核心内容是NE时代主办的动力电池与人形机器人两场行业技术论坛活动。""}]",classified,2026-09-04T00:40:28.174888+00:00,glm-5.2,2026-08-14,
AWS Wires a New US AI Route Across the Pacific,2026-09-03,"Amazon Web Services is building a 420 Tbps subsea cable between Japan and Washington State, adding a new trans-Pacific route as hyperscalers expand the networks connecting their computing infrastructure.
The Sta’O’Nuk cable will use 20 fiber pairs and is slated to enter service in 2029. AWS says the cable will support bandwidth-intensive applications such as distributed large language model training, financial transactions, edge computing, and video streaming.
The project provides AWS with a new US landing point for trans-Pacific traffic. Toptana Technologies is developing a landing station in Ocean Shores, Washington, designed to initially accommodate up to four subsea cable systems, with the potential for expansion.
As AI data center capacity spreads across regions, the networks connecting that compute are becoming a larger part of the infrastructure buildout. AWS is pairing the 420 Tbps cable with the new landing station and terrestrial routes into the Pacific Northwest.
But AI is adding to an infrastructure market that hyperscalers already dominated before the current buildout.
“Even before the rise of AI investments, hyperscalers were among the primary consumers of subsea cables and capacity,” said Jimmy Yu, vice president at Dell’Oro Group. The surge in AI demand should further drive demand for both terrestrial and submarine networks, he said.
AWS’s choice of Washington reflects the importance of connecting
subsea infrastructure
directly to major data center hubs, Yu added, improving connectivity while increasing route diversity and network resilience.
AI Puts More Pressure on Network Capacity
Large AI models can require terabit-scale data transport between distributed training clusters and inference locations, noted Ron Westfall, vice president and practice lead for networking and infrastructure at HyperFrame Research. As hyperscalers spread computing across regions, network backhaul and interconnect capacity could become a constraint alongside power availability, he said.
While power availability can determine where operators
build large AI facilities
, the network determines how effectively those facilities connect to other computing resources, cloud regions, and customers.
Washington Gets a New Cable Landing
Toptana says the Ocean Shores landing station will connect international subsea cables with terrestrial fiber and initially support four cable vaults, with room to expand to 16.
The company plans to connect the landing station to Seattle and Hillsboro, Oregon, through a terrestrial backhaul network along the Interstate 5 corridor. That will carry traffic from the coast into two of the Pacific Northwest’s major data center and network markets.
The company described the station as the first new cable landing station in Washington in more than 25 years. The Quinault Indian Nation owns Toptana, which is developing the project as an Indigenous-owned telecommunications infrastructure facility. Assured Communications serves as the project’s strategic partner, program manager, and operations service provider.
AWS Adds Another Pacific Route
AWS said Sta’O’Nuk will provide geographic diversity between North America and Japan. More than 30 trans-Pacific subsea cables currently operate between the two regions, with existing US landing sites concentrated along the California and Oregon coasts, according to AWS. A Washington landing point gives AWS another path into the Pacific Northwest and reduces reliance on established landing corridors. The inland connection to Toptana’s planned terrestrial network to Seattle and Hillsboro is key because international cable capacity has limited value if operators cannot move traffic efficiently from the coast into data centers and inland network infrastructure.
Hyperscalers Build the Network Too
AWS says its global network spans more than 20 million kilometers of fiber. Sta’O’Nuk extends that strategy into another piece of physical infrastructure under AWS’s direct control.
The cable will use quantum-safe optical encryption at Layer 1, MACsec at Layer 2, and TLS, SSL, or QUIC at Layer 4, according to AWS. The company plans to armor and bury the cable in vulnerable areas, including at depths of up to 1,500 meters, and to use horizontal directional drilling to protect the cable near landing sites.
AWS estimates that roughly 200
subsea cable cuts
occur worldwide each year, mostly from fishing activity and dragging anchors, making route diversity and physical protection important design considerations.
Washington’s last two subsea cables were laid in 1999, according to Data Center Dynamics: Pacific Crossing-1 at Harbour Pointe and Alaska United East connecting Washington with Alaska.
Sta’O’Nuk would put Washington back on the trans-Pacific cable map while giving AWS another route into the Pacific Northwest.
The Network Becomes Part of the AI Buildout
AWS’s project shows how hyperscalers are extending AI infrastructure beyond the data center campus. Power generation and transmission, data center capacity, terrestrial fiber, and international connectivity all support the computing behind AI services.
AI is adding pressure across that infrastructure stack. For network operators, the question is how much additional capacity distributed training, inference, and other AI workloads will require as hyperscalers build computing across multiple regions.
AWS is preparing for that demand with a 420 Tbps trans-Pacific cable, a new Washington landing site, and terrestrial routes into the Pacific Northwest. The cable is only one piece of the investment. The landing station’s capacity for additional systems provides a platform for more international connectivity into the region over time.",full,,dom_or_structured_full_text,https://www.datacenterknowledge.com/cables/aws-wires-a-new-us-ai-route-across-the-pacific,Data Center Knowledge,综合科技,数据中心/AI基础设施,2026-09-04T00:34:07+00:00,AI与智能科技 > AI硬件层 > 数据中心,AI与智能科技,数据中心,"[{""path"":[""AI与智能科技"",""AI硬件层"",""数据中心""],""path_text"":""AI与智能科技 > AI硬件层 > 数据中心"",""confidence"":0.85,""reason"":""AWS建设跨太平洋海底光缆连接日美AI数据中心基础设施，属AI算力基础设施扩建。""}]",classified,2026-09-04T00:40:28.174888+00:00,glm-5.2,2026-08-14,
Could Fiber Be the Next Big Bottleneck in Data Center Growth?,2026-09-03,"It’s no secret that water and power availability can limit data center expansion. There’s another, less-discussed constraint that now matters just as much: access to enterprise-grade fiber. As facilities scale, scarce connectivity can restrict both where data centers are built and how large they can grow.
The good news is that operators have ways to mitigate fiber constraints. Doing so requires an up-to-date view of local and regional networks, realistic lead times for new builds, and, in some cases, creative approaches to securing capacity.
Why Fiber Now Rivals Power and Water
Fiber has underpinned data centers for decades because it delivers high throughput with low latency at a favorable cost compared to copper alternatives. As facilities and workloads have grown, so has demand for bandwidth.
According to Zayo’s 2025 Bandwidth Report, total bandwidth purchased by data centers
grew roughly 330%
in the early 2020s. The increase was driven in part by data-intensive workloads, such as real-time AI inference, which move massive volumes of data with minimal latency.
Related:
Zayo Locks Up Corning Fiber Capacity for AI Network Buildout
That demand places fiber connectivity alongside
electricity
as a foundational input for sustained data center growth.
Where Fiber Becomes the Constraint
Unfortunately, like power and water, fiber can be in short supply, especially in places where developers most want to build.
While overall fiber availability has
steadily increased
in recent years, it’s unclear whether supply is keeping pace with demand. A
shortage of skilled installers
and splicers is one constraint. More fundamentally, many telecommunications providers still
lack strong economic incentives
to expand fiber infrastructure beyond densely populated areas.
This dynamic is less problematic in established hubs such as Northern Virginia, coastal California, and major Texas metros. But in
emerging markets
, last-mile and long-haul bandwidth often lag behind the needs of large-scale facilities, complicating site selection and capacity planning.
What Data Center Operators Can Do
Most operators can’t directly control where and when fiber is built. Outside of the largest hyperscalers, few have the mandate or capital to deploy their own networks. Operators also typically need connections to multiple independent telcos to support resilient, high-performing Meet-Me Rooms, which means a single high-bandwidth agreement rarely suffices.
Even so, several practical steps can reduce risk:
Prioritize fiber availability when
choosing a data center site
. Assess existing bandwidth capacity and expected future growth.
Map competitive demand. Evaluate planned facilities and carrier commitments in the area and understand whether you’ll be competing for the same crews, rights-of-way, and bandwidth.
Structure incentives with carriers. Because fiber deployment often suffers from chicken-and-egg dynamics – low demand discourages buildouts, and limited buildouts suppress demand – operators can improve the business case for carriers by committing to minimum spend or bandwidth thresholds, aligning timelines, and coordinating on permitting and construction windows.
Related:
AI Data Center Networking: Scaling Up, Out, and Across with 102.4T Ethernet
Thinking Beyond Telcos: Hyperscale Fiber as a Connectivity Option
Traditional carriers aren’t the only path to high-bandwidth connectivity. Public cloud providers offer services – such as AWS SiteLink and Azure ExpressRoute Global Reach – that can interconnect data centers without requiring workloads to run inside the hyperscalers’ facilities. These offerings are typically software-defined and billed on a pay-as-you-go basis, which differs from conventional telco contracts. However, they may also offer high-bandwidth networking in areas where telcos don’t provide service.
The Near-Term Outlook
Over the long term, fiber constraints are likely to ease, much as power grid upgrades are expected to alleviate energy bottlenecks. In the near term, however, fiber remains a critical – and often overlooked – limiting factor on data center growth. Operators that treat connectivity as a core site criterion, plan for multi-carrier route diversity, and explore creative sourcing options will be best positioned to keep building at the pace their workloads demand.
Related:
Zayo, Nvidia Target Fiber Capacity as AI Infrastructure Spreads",full,,dom_or_structured_full_text,https://www.datacenterknowledge.com/networking/could-fiber-be-the-next-big-bottleneck-in-data-center-growth-,Data Center Knowledge,综合科技,数据中心/AI基础设施,2026-09-04T00:34:11+00:00,AI与智能科技 > AI硬件层 > 数据中心,AI与智能科技,数据中心,"[{""path"":[""AI与智能科技"",""AI硬件层"",""数据中心""],""path_text"":""AI与智能科技 > AI硬件层 > 数据中心"",""confidence"":0.9,""reason"":""核心事件是数据中心扩张面临的企业级光纤连接资源瓶颈。""}]",classified,2026-09-04T00:40:30.718417+00:00,glm-5.2,2026-08-14,
How AI Is Changing Fire Protection in Modern Data Centers,2026-09-03,"Artificial intelligence is driving one of the fastest periods of data center growth in history. As data centers become more power-dense and incorporate advanced electrical and cooling technologies, fire protection engineers are encountering risks that were uncommon only a few years ago. AI training workloads and other high-performance computing (HPC) applications concentrate significantly more computing power within a smaller footprint, creating electrical and thermal demands that differ from those of traditional data centers.
The fundamental principles of fire protection have not changed, but the environments in which they are being applied are evolving rapidly. Fire protection designers must now account for how these emerging technologies affect the
fire risk within a facility
and whether traditional detection and suppression strategies remain appropriate.
Higher Power Density
The growth of AI infrastructure is driving a sharp increase in the amount of power delivered to individual equipment racks. Although most data centers still operate at lower densities, some high-performance systems now exceed 40 kW per rack, and certain newer AI installations may exceed 100 kW per rack.
Related:
Fault in Data Center Alley Triggered 3 GW Load Drop
Higher rack density
does not inherently increase the likelihood of a fire, but concentrating more power and heat in a smaller area can change how fire risks should be evaluated. Potential concerns include:
Overloaded electrical equipment
Damaged connections
Insulation failures
Cooling interruptions
This makes coordination especially important; fire protection engineers should be involved early in the design process. Airflow patterns should be considered when locating detection devices, particularly in areas with high rates of air movement. Sprinkler and suppression system layouts should also account for potential obstructions that could interfere with discharge patterns. Addressing these considerations early allows fire protection strategies to be better integrated into the overall facility design.
New Power and Cooling Technologies
Lithium-ion batteries are increasingly being used in
uninterruptible power supply (UPS) systems
because they generally require less space and offer different maintenance and performance characteristics than traditional lead-acid batteries. Their use also introduces several fire protection concerns:
Thermal runaway
Combustible gas production
Fire propagation
Potential for reignition
Lithium-ion battery installations require consideration beyond the traditional battery room approach. Engineers need to understand the project-specific battery system and how its characteristics may influence the overall fire protection strategy. Installation requirements depend on whether the battery system is part of a UPS or classified as a stationary energy storage system. UL 1778 addresses UPS equipment, while UL 9540 applies to energy storage systems and equipment. UL 9540A provides a test method for evaluating thermal runaway fire propagation in battery energy storage systems. NFPA 855 may also apply to stationary energy storage installations.
Related:
Google Cloud Disruptions Continue After India Data Center Fire
Cooling technology
is changing as well. Data center designers and operators are considering direct-to-chip liquid cooling and immersion cooling to manage the heat generated by high-density computing. These technologies introduce new considerations for fire protection. The properties of the cooling fluid and the potential for leaks near energized equipment should be evaluated as part of the design. Changes in airflow may also affect how quickly traditional smoke detection systems detect an event.
The answer is not necessarily to add more fire protection systems. The protection strategy should instead be based on the specific hazards associated with the technology being used.
Lessons from a Real-World Incident
2021 fire
at a data center campus in Strasbourg, France, offers a useful real-world lesson. A French government investigation identified an electrical fault involving a UPS and the connected batteries near the area where the fire began. The affected building had fire detection but lacked an automatic extinguishing system. Investigators also concluded that building construction features and the proximity of nearby structures contributed to the spread of the fire.
Related:
Outage Report: AI Boom Threatens Years of Data Center Resiliency Gains
Approximately an hour and a half after the initial alarm, the building was
reported
to be fully involved. The fire destroyed one data center and disrupted operations across other buildings on the campus.
This incident demonstrates that protecting individual equipment or a battery room is only one part of the problem. The ability to contain an event can depend on much more than the protection provided for the equipment itself. How a facility is constructed and separated from surrounding buildings can significantly affect the extent of fire spread.
For owners and operators, the lesson goes beyond code compliance. Data centers must protect people, but they must also maintain critical services and limit operational losses. Fire protection planning should consider:
Emergency procedures
System commissioning
Impairment planning
Coordinated shutdown procedures
Emergency response training and drills
While every data center is unique, this incident serves as a reminder that resilience depends on more than code compliance alone.
Fire Protection Planning
The growing demand for high-performance computing to support artificial intelligence is reshaping the way data centers are designed, powered, and cooled. Over the next several years, data centers are expected to consume a growing share of US electricity as AI and digital services expand. As computing densities increase, liquid cooling is expected to become more widely used. Owners may also look to on-site generation and energy storage to improve power reliability.
Fire protection strategies will need to evolve with these systems. The most effective approach will not rely on a single suppression technology or prescriptive solution. Instead, fire protection should be integrated into the design process early, with input from other disciplines involved in the project. Testing and commissioning are equally important to confirm that these systems perform as intended.
The fundamentals remain familiar: control ignition sources, detect problems early, limit fire spread, and provide effective suppression. The challenge moving forward is applying those fundamentals as the technology inside data centers continues to evolve.",full,,dom_or_structured_full_text,https://www.datacenterknowledge.com/outages/how-ai-is-changing-fire-protection-in-modern-data-centers,Data Center Knowledge,综合科技,数据中心/AI基础设施,2026-09-04T00:34:13+00:00,AI与智能科技 > AI硬件层 > 数据中心,AI与智能科技,数据中心,"[{""path"":[""AI与智能科技"",""AI硬件层"",""数据中心""],""path_text"":""AI与智能科技 > AI硬件层 > 数据中心"",""confidence"":0.88,""reason"":""讨论AI高功率密度数据中心对消防设施与设施安全设计的新挑战。""}]",classified,2026-09-04T00:40:30.718417+00:00,glm-5.2,2026-08-14,
