title,published_at,content,content_status,content_issue,content_extraction,content_policy,url,source_name,domain,sub_domain,crawled_at,industry_primary_path,industry_top_level,industry_leaf,industry_classifications,industry_classification_status,industry_classified_at,industry_classifier_model,industry_taxonomy_version,industry_classification_error
Samsar upcycles EV battery from 1000th Nissan Leaf - electrive.com,2026-09-25,"EV battery remanufacturing startup Samsar Resources is celebrating a key milestone: it has now repurposed 1000 Nissan Leaf batteries into new energy storage.
Image: Samsar
According to the US company, it has now returned over 25 MWh of battery capacity ‘to the field’ through its remanufacturing programme. Samsar operates out of a facility in Sugar Land, Texas, where it dismantles Leaf battery packs, tests their individual cells and modules, and refurbishes them for future use. It says it has now reached the 1000-pack milestone after three years of remanufacturing, during which it has experienced an uptick in production; in 2022, it processed just 20 Nissan battery backs, before exceeding 300 in 2025. Samsar now expects to have remanufactured 2000 battery packs in 2027.
Arguing that a battery’s removal from a vehicle is not “the end of its useful life”, the Samsar team assesses the remaining capacity of a battery pack’s individual components before embarking on a process that it claims can capture around 90 per cent of the value of each pack. This is done by reducing the packs to modules then carrying out cell-level quality control. The remanufactured batteries can then be used for a variety of applications including stationary energy storage, marine and worksite power. Samsar has called Nissan Leaf batteries “the perfect fit” for this process thanks to their air-cooled architecture and “well-understood” lifetime performance.
“When I joined the team in 2022 we didn’t know if this was going to work,” said Guillermo Garcia, founder and CEO of Samsar. “We had this amazing opportunity with Nissan to do something with all the thousands of batteries that were coming out of old Nissan Leafs every year. But every process we developed, every step in building a factory for re-manufacturing EV batteries was new. There was no playbook. It was a lot of sweat, tears, and late nights”.
Samsar’s work can be linked to wider efforts to give used Leaf batteries a second life.
Earlier this year
, electrive reported that 12 decommissioned 30 kWh Nissan Leaf battery packs were being repurposed in a stationary energy storage system at the Port of Vigo in Spain.
0 Comments
about „Samsar upcycles EV battery from 1000th Nissan Leaf“
Also read",full,,dom_or_structured_full_text,,https://www.electrive.com/2026/09/25/samsar-upcycles-ev-battery-from-1000th-nissan-leaf/,electrive,电池,电气化交通工具,2026-09-26T00:24:07+00:00,零碳产业 > 物质循环 > 资源回收利用与排放治理 > 梯次利用,零碳产业,梯次利用,"[{""path"":[""零碳产业"",""物质循环"",""资源回收利用与排放治理"",""梯次利用""],""path_text"":""零碳产业 > 物质循环 > 资源回收利用与排放治理 > 梯次利用"",""confidence"":0.95,""reason"":""核心事件是将退役EV电池重新用于储能的梯次利用业务里程碑。""}]",classified,2026-09-26T00:49:36.516716+00:00,glm-5.2,2026-09-10,
Mercedes tests new Gen4 battery cells from ProLogium - electrive.com,2026-09-25,"Mercedes-Benz is expanding its collaboration with ProLogium and is gaining preferential access to its new Gen4 battery technology. The cells will now be comprehensively tested for their suitability for potential future vehicle applications.
ProLogium is planning to build a cell factory in Dunkirk with up to 44 GWh annual capacity.
Image: ProLogium
The focus is on ProLogium’s so-called Gen4 Superfluidized Inorganic Next-Generation Lithium Ceramic Battery. Mercedes will examine the cells electrically, thermally, and for safety in its own testing facilities, as well as at specialised external institutes.
No decision on series production has been made yet. The tests aim first to determine whether the technology is fundamentally suitable for future Mercedes models. ProLogium claims its Gen4 cells offer high energy density, fast-charging capability, high power output, and strong low-temperature performance. According to the company, the safety architecture includes a non-flammable inorganic electrolyte, ceramic separators, and its own active safety concept. However, ProLogium has not disclosed specific figures for energy density or charging power for the cells currently being tested by Mercedes in its latest announcement.
Mercedes and ProLogium have collaborated since 2016. In
, Mercedes invested a high double-digit million euro amount in the Taiwanese battery developer and agreed on joint cell development. Even then, the automaker envisaged the potential use of the technology in selected models. Since then, the cooperation has expanded significantly. According to ProLogium, pouch and prismatic cell formats, as well as bipolar technology, have been tested, among other things. Mercedes remains a strategic investor and is represented by a member on ProLogium’s Board of Directors.
Collaboration dates back to 2016
In parallel, Mercedes is pursuing other development paths for solid-state batteries. As early as
, the company invested in US developer Factorial Energy and also entered into a development cooperation there. The new
testing agreement with ProLogium
is therefore part of a broader technology portfolio and not yet a commitment to a single cell approach.
ProLogium has so far produced its battery cells primarily at its
Taoke Gigafactory in Taiwan
. According to the company, it has validated GWh-scale production there and manufactures, among other things, C-samples and cells for demonstration vehicles.
At the same time, ProLogium is also expanding its European production. A Gigafactory is being built in the French city of
, with the first phase designed for an annual capacity of 4 GWh. This capacity is to be achieved gradually by 2030. In the long term, the site is planned to have a capacity of up to 44 GWh.
For Mercedes, the agreement is not only technically interesting but also with a view to a potential European supply chain. If the Gen4 technology proves itself in the tests, ProLogium could prospectively supply cells from its European production. However, the companies have not yet announced a concrete timeline for series production or specific vehicle platforms.
0 Comments
about „Mercedes tests new Gen4 battery cells from ProLogium“
Also read
PowerCo postpones battery cell production in Canada
Automobile
€600 million for Renault’s Spanish production sites
Geely counters BYD with 2.25 MW charging system",full,,dom_or_structured_full_text,,https://www.electrive.com/2026/09/25/mercedes-tests-new-gen4-battery-cells-from-prologium/,electrive,电池,电气化交通工具,2026-09-26T00:24:09+00:00,零碳产业 > 能量转化 > 能量存储 > 电化学储能 > 二次电池 > 传统蓄电池 > 固态电池,零碳产业,固态电池,"[{""path"":[""零碳产业"",""能量转化"",""能量存储"",""电化学储能"",""二次电池"",""传统蓄电池"",""固态电池""],""path_text"":""零碳产业 > 能量转化 > 能量存储 > 电化学储能 > 二次电池 > 传统蓄电池 > 固态电池"",""confidence"":0.95,""reason"":""核心事件是奔驰测试ProLogium Gen4锂陶瓷固态电池技术。""}]",classified,2026-09-26T00:49:36.516716+00:00,glm-5.2,2026-09-10,
PowerCo postpones battery cell production in Canada - electrive.com,2026-09-25,"Volkswagen subsidiary PowerCo has significantly delayed the timeline for its battery cell production in St. Thomas, Canada. Whereas construction was initially set to begin in 2027, the company now expects operations to begin in 2029.
Construction site of PowerCo's cell factory in St. Thomas
Image: PowerCo
PowerCo announced this delay almost in passing, as part of the appointment of a general contractor for the construction project in St. Thomas – more on that below. But what is undoubtedly more significant is that Volkswagen’s battery subsidiary has now drastically pushed back the start of
the factory announced in 2023
The plant in the province of Ontario, which was once set to have an annual production capacity of up to 90 GWh, was originally scheduled to begin operations in 2027. PowerCo also reaffirmed this last year,
when three major buildings entered construction
. The battery cells produced there are primarily intended for use in the Volkswagen Group’s electric vehicles manufactured in North America, including those of the revived
brand, which plans to begin customer deliveries in 2028 – though not yet with cells from St. Thomas.
Instead of 2027, production is now expected to begin roughly two years later: the St. Thomas facility is now projected to start operations in 2029. PowerCo cites several reasons for the delay: shifting market demand, technological advancements, and the Volkswagen Group’s long-term strategy.
VW seeking PowerCo investor
This delayed start to production is ostensibly meant to enable the direct integration of “next-generation battery technology” while ensuring flexibility for future scaling in line with market developments. Additionally, Volkswagen
is known to be seeking a partner or investor for PowerCo
, which could be another reason for the delay. Recently, there have been rumours that the Chinese cell manufacturer Gotion might
join PowerCo’s cell factory in Sagunt, Spain
Joel Karlsberg, Chief Procurement Officer of PowerCo Canada, clarifies: “The St. Thomas gigafactory remains a cornerstone of our North American strategy. We are continuing to build now while determining how and when the facility scales over time. This is about getting the pacing right—not stepping back—to protect our long-term investment, support regional jobs, and position Canada, Ontario, and St. Thomas to benefit in a dynamic and evolving market.”
A brief note on the new general contractor for the St. Thomas construction site: it is EllisDon, a leading Canadian construction company. According to PowerCo, this appointment allows work on-site to continue, building on the steady progress made since the groundbreaking in 2025. Construction is now entering the core infrastructure and structural phases, which will support future production. Currently, around 60 EllisDon employees are on-site; this number is expected to rise to approximately 1,300 during the peak phase, in addition to further personnel supporting concurrent project activities.
0 Comments
about „PowerCo postpones battery cell production in Canada“
Also read
Mercedes tests new Gen4 battery cells from ProLogium
Automobile
€600 million for Renault’s Spanish production sites
Geely counters BYD with 2.25 MW charging system",full,,dom_or_structured_full_text,,https://www.electrive.com/2026/09/25/powerco-postpones-battery-cell-production-in-canada/,electrive,电池,电气化交通工具,2026-09-26T00:24:10+00:00,零碳产业 > 能量转化 > 能量存储 > 电化学储能 > 二次电池 > 传统蓄电池 > 有机体系 > 锂电,零碳产业,锂电,"[{""path"":[""零碳产业"",""能量转化"",""能量存储"",""电化学储能"",""二次电池"",""传统蓄电池"",""有机体系"",""锂电""],""path_text"":""零碳产业 > 能量转化 > 能量存储 > 电化学储能 > 二次电池 > 传统蓄电池 > 有机体系 > 锂电"",""confidence"":0.9,""reason"":""核心事件是大众PowerCo锂电芯工厂投产延期。""}]",classified,2026-09-26T00:49:36.516716+00:00,glm-5.2,2026-09-10,
€600 million for Renault's Spanish production sites - electrive.com,2026-09-25,"Automobile
French automaker Renault has announced plans to invest a total of €600 million by 2030 to modernize its Spanish plants in Valladolid and Palencia. Five new models, including two EVs, will be produced there. Additionally, a battery assembly line will be established in Valladolid.
Christian Stein, Renault's Spain Chief
Image: Renault
The recently announced investment in Renault’s Spanish plants clearly reflects
plans leaked in March
for future plant utilisation. At that time, a high-ranking Renault manager confirmed that three new models were planned for the Palencia plant, including two all-electric models and a range-extender version. According to a media report at the time, these were to include the second generation of the
Scenic E-Tech Electric
, the all-electric successor to the Rafale, and a range-extender version of the Scénic.
While Renault Spain does not name the models in its current press release, the details align: the statement confirms that the Valladolid and Palencia plants will produce five new models under the
futuREady strategy plan
, including two C-segment electric vehicles. Additionally, the bodywork plant in Valladolid will also receive a new battery assembly line.
Deploying the new RGEV Medium 2.0 platform
At the same time, the company confirms that the new electric models will be based on the new RGEV Medium 2.0 platform. Unlike Renault’s current EV platforms, the RGEV Medium 2.0 features an 800-volt architecture, designed to underpin vehicles from the B+ to D segments. According to the French manufacturer, the platform will be so flexible that it supports all body styles – from sedans and SUVs to vans and MPVs.
Renault highlights the RGEV Medium 2.0’s WLTP range of up to 750 km, as well as up to 1,400 km in vehicles with a range extender. Additionally, fast-charging times of just 10 minutes are said to be possible.
Returning to the investment sum of €600 million: this comprises Renault Group’s own funds as well as national and regional subsidies for industrial transformation and sustainable mobility. The investment is supported by the Spanish government and the regional government of Castile and León. The funds are intended to improve the competitiveness of the Valladolid and Palencia plants, accelerate the development of cutting-edge technologies, and support the transformation of business activities across the country. The announcement follows the signing of a collective bargaining agreement through 2028, securing 6,000 jobs at Renault’s Spanish sites.
“Spain is a strategically important location for the Group, not only in terms of production and distribution but also because of the ecosystem surrounding our core business, which includes suppliers of components, energy, and mobility. In these turbulent times for the industry, the Renault Group is demonstrating its commitment to the Spanish plants and the continuity of our business activities—thanks to the expertise of our teams, the social agreement, and the support of the institutions. Our goal is to remain a leading manufacturer in Spain and at the European level,” says Christian Stein, CEO of Renault Group Spain.
BEV production focused in France
Renault initially focused its electric vehicle production in France, starting with the series production of the Zoe in 2012 in Flins. Later, the focus shifted to the ElectriCity centre in the north of the country. In Douai, the Mégane E-Tech has been rolling off the production line since 2021, joined more recently by the Scénic E-Tech, the Renault 5 E-Tech, and the Alpine A290. In neighbouring Maubeuge, the electric Kangoo has been built since 2011, and the Renault 4 E-Tech since 2025.
Meanwhile, Renault is expanding its EV production beyond France: in Novo Mesto, Slovenia, production of the first Twingo Electric began in 2020, and in 2026, the new
Twingo E-Tech Electric
will be produced there. With the now-announced €600 million investment in Spain, another country is being added to Renault’s EV production network.
(link in Spanish)
0 Comments
about „€600 million for Renault’s Spanish production sites“
Also read
Automobile
Audi A6 e-tron travels 1,338 km without recharging
Automobile
VW postpones US return of the ID. Buzz to 2028
Mercedes tests new Gen4 battery cells from ProLogium",full,,dom_or_structured_full_text,,https://www.electrive.com/2026/09/25/e600-million-for-renaults-spanish-production-sites/,electrive,电池,电气化交通工具,2026-09-26T00:24:12+00:00,通用技术 > 通信和运输 > 物质运输 > 陆路运输,通用技术,陆路运输,"[{""path"":[""通用技术"",""通信和运输"",""物质运输"",""陆路运输""],""path_text"":""通用技术 > 通信和运输 > 物质运输 > 陆路运输"",""confidence"":0.85,""reason"":""核心事件是雷诺西班牙工厂投资并生产含电动车在内的新车型。""}]",classified,2026-09-26T00:49:36.516716+00:00,glm-5.2,2026-09-10,
Closing the knowledge gap — why Colombo matters – Batteries International,2026-09-25,"There are certain, rudimental, questions people already working in the lead industry might sometimes hesitate to ask. What is the difference between melting and smelting? What happens inside a battery breaker? Why does desulphurisation matter? How does the London Metal Exchange connect with the physical metal changing hands? And what, in practice, separates responsible recycling from the informal operations that continue to cause damage? The 10th International Secondary Lead & Battery Recycling Conference (10ILSC) in Colombo, Sri Lanka, will feature something new: a training academy intended to educate participants on the industry’s many foundations, open its knowledge to a younger generation and give delegates time to ask the questions that conference programmes rarely accommodate. Michael Halls discovers what the inaugural Emerging Leaders Programme has to offer.. For Mark Stevenson, organiser of 10ILSC, the number and range of those questions point to a problem that has been building across the industry. Companies may have people with expertise in one part of the business, but too few are being given a grounding in the whole lead value chain. Knowledge is picked up piecemeal, over years, from colleagues, plant visits and conversations between conference sessions. Colombo will attempt something more deliberate. The 10th International Secondary Lead & Battery Recycling Conference takes place at Cinnamon Life at City of Dreams from October 26-27, with an informal reception on the evening of October 25. At lunchtime on the second day, the conference format will give way to the Lead Training Academy’s Learning Lead Course, which runs through the afternoon of October 27 and all day on October 28. The combination is central to the concept Stevenson has developed. The conference will examine where secondary lead is heading; the academy will step back and explain how the industry works. Together they are intended to serve established operators, specialists whose knowledge is concentrated in one field, younger recruits, and people in government, NGOs and public health who need to understand an industry they may encounter through its environmental and social consequences. Mark Stevenson: Lead battery industry veteran, chair of the 10ILSC and founder of the Emerging Leaders Programme “I kept receiving calls from a surprisingly wide range of people about lead,” Stevenson says. “It made me realise that the foundations aren’t there in many cases. People know their own area, but there can be gaps in their understanding of smelting, OH&S, batteries and the wider industry. The academy is an attempt to start filling those gaps.” That distinction explains the choice of the word academy. Stevenson doesn’t see this as a workshop in which experienced delegates exchange opinions about subjects they understand. It is meant to teach. Several academy sessions have been given 35, 40 or 50 minutes, rather than the 10 or 20-minute slot common at industry meetings, and question periods and panels are built into the programme. “The lecturers have time to explain themselves; they don’t have to rush,” he says. “This isn’t company-centric and it isn’t a series of sales presentations. If we discuss a battery breaker, the purpose is to explain how a breaker works, not to compare one manufacturer’s machine with another.” The agenda The academy begins with a welcome from Battery Council International executive director, Roger Miksad,  and then Stevenson will introduce the “life and times of element 82”. Huw Roberts of CHR Metals will put primary and secondary lead supply and demand into their global perspective; Edric Koh of the LME will explain how the exchange serves the physical market; and João Jorge of the International Lead and Zinc Study Group will show how it builds its statistics and forecasts. The programme then moves from context to consequences. Steve Binks of the ILA will give a toxicological overview of lead. Randall Reyer of EnerSys and Jim Anderson of Crown Battery will examine ways of reducing workers’ blood-lead levels. Glencore Technology metallurgist Stuart Nicol will discuss the chemistry of secondary smelting, under the title “The Silent Killer”. On the second day, Ecotech Energy Solutions chief Michael McDonagh will explain how a lead battery is made before Stevenson turns to “life in the furnace”. Daniele Silla of Engitec will cover battery breaking, desulphurisation and crystallisation; Benny Liu of Hunan RE Technology will introduce secondary smelting; and Alberto Bergamaschini of STC will consider recycling-plant design. The final afternoon. Andreas Manhart of Oeko-Institut will address compliance monitoring and standard operating procedures for environmentally sound management of used lead batteries. Vinay Pathak of 3M will cover respiratory protection. Stevenson and L Pugazhenthy of the India Lead Zinc Development Association will examine waste, slag and informal smelting, while the BCI’s Roger Miksad will introduce Lead Battery 360°, the assurance programme intended to encourage responsible practice across the value chain. A 45-minute closing panel asks one of the most difficult questions of all: what drives informal collection and smelting? It is a syllabus for a day and a half, and Stevenson says it can’t cover everything. Subjects such as alloys and the Basel Convention could each consume more time. The ambition for Colombo isn’t to turn every delegate into a metallurgist, environmental manager and commodities analyst, but to provide a framework into which knowledge can fit. Delegates will receive course notes and information about the lecturers and subject specialists. A glossary is being considered to explain chemical formulae, compounds and the industry’s shorthand. “There’ll be gaps because we can’t do everything the first time,” Stevenson says. “But we want people to leave with a better understanding of lead, and to know who  they can speak to when they need to go further. We want them to tell us what a second course should cover. If this works, a future academy could become a separate two or three-day programme.” The conference The conference preceding the academy provides the contemporary setting. Nearly two decades after the first event in Macau in 2009, secondary production now accounts for more than 70% of world lead output and has moved from being treated as an adjunct to primary production to playing a defining role in supply, quality and price. That growing importance has brought scrutiny as well as opportunity. Colombo’s conference sessions reflect both. The agenda spans the 2026-2027 market outlook, prospects for the next decade, conditions in India, China, Japan and sub-Saharan Africa, US policy, new technology and responsible sourcing. Trafigura’s Norman Mukwakwami will explain the trader’s approach to refined lead. Equipment suppliers, recyclers, analysts, manufacturers, trade associations, researchers and NGOs will share the same platform. That breadth matters because secondary lead’s achievement as a circular industry sits beside a reality. In well-run plants, used batteries can be collected, broken and processed under controlled conditions, with lead, plastics and acid recovered or treated. Elsewhere, batteries are dismantled and smelted informally — effectively illegally. AdobeStock Estimates vary but they suggest that between six million and 16.8 million people in low and middle-income countries are exposed to dangerous concentrations of lead around informal battery-recycling operations. The figure includes workers, their families and neighbouring communities living around as many as 30,000 poorly controlled processing sites. The total remains uncertain: informal smelting is rarely registered, environmental monitoring is limited and few affected communities have routine access to blood-lead testing. Stevenson sees a second purpose for the academy: bringing newer people into the industry’s community. Large conferences of 700 or 800 delegates can be intimidating. Younger attendees listen from the edge while longstanding colleagues talk among themselves. A smaller, education-led meeting offers more scope to approach an expert after a lecture, continue the discussion over dinner or a beer, and ask a basic question without feeling it is wasting anyone’s time. At the time of our conversation, Stevenson said the Academy had attracted about 120 registrations. For a training course created from scratch, it has been well supported, particularly from the BCI and Roger Miksad. Miksad has worked alongside the conference team to build the academy, including the development of the program. Longer-term possibilities include recorded lectures and remote learning, although Stevenson wants to see what works in Colombo before promising what comes next. His immediate aim is to pass on his knowledge accumulated over almost half a century in lead smelting and batteries, and persuade other experienced figures to do the same. “I wanted to leave something useful to the industry,” he says. “A specialist council might have helped a select few solve problems. Training can reach many more people, especially the young. If we can build their foundations, let them meet the older heads and give them the confidence to ask questions, they’ll become part of the lead community more quickly.” That may be what makes Colombo special. Delegates will hear the forecasts, policy arguments and technology papers expected of an international conference. But they will be offered something less common: permission to return to first principles, connect the pieces and learn how to ask better questions. Emerging Leaders Programme The Emerging Leaders Programme offers incentives to attend. A limited number of registrations are being offered at $850 to those under 30, or under 35 with fewer than five years’ industry experience. Successful applicants receive entry to both the conference and Academy, their technical sessions and networking events, as well as a reduced rate for the 2027 BCI Convention and Power Mart Expo in the US. The post Closing the knowledge gap — why Colombo matters appeared first on Batteries International .",full,,rss_full_content,,https://www.batteriesinternational.com/news/closing-the-knowledge-gap-why-colombo-matters/,Batteries International,电池,无,2026-09-26T00:24:27+00:00,零碳产业 > 物质循环 > 资源回收利用与排放治理 > 物质回收,零碳产业,物质回收,"[{""path"":[""零碳产业"",""物质循环"",""资源回收利用与排放治理"",""物质回收""],""path_text"":""零碳产业 > 物质循环 > 资源回收利用与排放治理 > 物质回收"",""confidence"":0.85,""reason"":""核心会议主题是二次铅与废旧电池回收产业的知识与培训。""}]",classified,2026-09-26T00:49:36.516716+00:00,glm-5.2,2026-09-10,
Battery sector scrambles for traceability as EU ‘forced labour’ crackdown looms – Batteries International,2026-09-25,"Global battery supply chain firms and intermediaries are among those at heightened risk of financial and criminal sanctions under sweeping new European laws aimed at tackling forced labour, research by Batteries International has revealed. European Union member states are expected to propose potentially swingeing fines by the end of this year — ahead of full enforcement of the Force Labour Regulation (FLR) starting in December 2027. Analysts have warned companies and individuals involved in supply chains for batteries, BESS and clean energy tech should act now or risk falling foul of FLR, which will impact complex international sourcing arrangements, high-risk jurisdictions and long lead times. Meanwhile, a call for tenders giving the Commission supply chain traceability and risk detection systems for forced labour investigations closes on September 28, 2026. European Commission guidance published earlier this month said fines could be calculated based on the total value of goods (in violation of an FLR ban decision) on the EU market, or on the annual global turnover of the company concerned. Other sanctions Individual EU nations may also decide to impose additional sanctions — all adding up to potentially highly-damaging penalties. Under the FLR, batteries and other products could be banned from being marketed or sold in the EU if violations are found. Exports from the EU could also be prohibited and companies forced to dispose of affected products. Customs authorities will also be empowered to block circulation of products if what European Commission guidance describes as ‘risk management systems’ determine that a product entering or leaving the EU might violate FLR. Breaches of the regulation could also lead to potential criminal action. Companies found to have breached FLR “must in no way benefit” economically from the disposal of banned products and would also have to provide detailed evidence relating to disposal — such as recycling or making products “inoperable”. Products with suspected links to forced labour imposed by nation states will be a particular priority for investigators. And just by being part of a Commission agreement or a project involving the battery sector would not exempt companies from investigation or penalties. New risk Peter Hood, a partner with London-headquartered multinational law firm Fieldfisher, told Batteries International on September 18 that his own analysis showed that for businesses operating in the clean energy, battery and BESS sectors, FLR presents more than a compliance issue — it also has the potential to create material supply chain and project delivery issues. Hood, a lawyer who leads Fieldfisher’s international business and human rights team, said FLR creates a new market access risk for all products linked to forced labour. While clean energy, battery and BESS supply chains are not formally singled out, their use of high-risk products, critical minerals, complex multi-tier sourcing and long project lead times makes them obvious candidates for scrutiny. Battery cells, modules, inverters, power electronics, solar products and critical minerals all move through complex, multi-tier supply chains crossing jurisdictions where documented instances of forced labour are high and the ability to conduct due diligence is limited, Hood said. “Nevertheless, if a product or component is found to be linked to forced labour at any stage in its upstream value chain, the consequences can include withdrawal and disposal, leading to project delay, financing issues and contractual claims.” According to Hood, the most exposed businesses will be those that discover too late that their supplier contracts and due diligence processes do not provide the access, traceability data or evidence needed to satisfy an authority, lender, customer or public-sector counterparty. Warranties Clean energy projects depend on long-lead equipment and tightly sequenced procurement, construction, grid connection, commissioning and financing milestones. That means a forced labour investigation could trigger consequences well beyond a probe by regulators. If battery cells, modules, inverters, solar modules or grid equipment cannot be imported, used, sold or exported as planned, the impact may flow through engineering, procurement and construction obligations, procurement commitments, financing conditions, availability warranties, delay liquidated damages, insurance notifications and exit processes. Hood said battery and BESS businesses should align FLR readiness with the separate due diligence obligations under the EU Batteries Regulation . Those obligations, due to apply from August 18, 2027, require relevant economic operators placing batteries on the EU market or putting them into service to operate battery due diligence policies covering the sourcing, processing and trading of cobalt, natural graphite, lithium and nickel used in battery manufacturing. They include management systems, supply chain risk identification and mitigation, third-party verification by notified bodies and public reporting. The two regimes are different. The Batteries Regulation imposes a positive, battery-specific due diligence obligation for specified raw materials, while the FLR creates a market access prohibition for products made with forced labour. “In practice, however, the evidence base will overlap,” Hood said. He has urged business to use the period before December 2027 to move from policy-level commitments to product-level evidence. Contractual exposure Those that can demonstrate credible traceability and risk-based due diligence will be better placed to respond to regulatory scrutiny, protect project timelines and manage contractual exposure. “Businesses should avoid building separate compliance silos and instead create one evidence-ready supply chain programme for priority battery products and materials.” Global advocacy group Human Rights Watch (HRW) and 12 civil society organisations and trade unions said in a September 2 joint letter to the European Commission that its guidelines are an important step toward rights-respecting supply chains, but need further strengthening to eliminate forced labour from the EU market. Hélène de Rengervé, senior advocate for corporate accountability at HRW, said: “The guidelines should caution against any overreliance on the audits many companies use to assess forced labour risks at their factories or suppliers. These often fail to accurately represent workers’ real experience. ‘Misleading testimony’ “Conflicts of interest between the auditors and the company in question and the risk that factories hide evidence or coerce workers to provide misleading testimony often undermine these audits.” According to a case study published earlier this year by UK BESS developer Field, in conjunction with supply chain risk platform Inosys, a typical LFP battery supply chain “spans six or more discrete industrial stages”, through which critical materials (lithium, graphite, copper, iron, and phosphate) pass through successive rounds of processing, refining, manufacturing, and cross-border logistics before reaching a BESS project site. Field’s approach to procuring BESS systems includes making time-critical decisions that sit alongside preferred-bidder approvals and lender requirements. The company said it needs confidence that ESG risks are understood before it commits. “The challenge is that the highest-impact risks often sit upstream, and suppliers don’t always publicly disclose the detail we need. Our approach starts with a structured screen, asking targeted follow-up questions, testing ‘red line’ issues, and then building material requirements into the contract, with ongoing reporting to maintain lender confidence and track impact.” CEO Amit Gudka said ethical sourcing enhances bankability, reduces risk, and strengthens the integrity of the industry. The post Battery sector scrambles for traceability as EU ‘forced labour’ crackdown looms appeared first on Batteries International .",full,,rss_full_content,,https://www.batteriesinternational.com/news/battery-sector-scrambles-for-traceability-as-eu-forced-labour-crackdown-looms/,Batteries International,电池,无,2026-09-26T00:24:29+00:00,零碳产业 > 能量转化 > 能量存储 > 电化学储能 > 二次电池 > 传统蓄电池 > 有机体系 > 锂电,零碳产业,锂电,"[{""path"":[""零碳产业"",""能量转化"",""能量存储"",""电化学储能"",""二次电池"",""传统蓄电池"",""有机体系"",""锂电""],""path_text"":""零碳产业 > 能量转化 > 能量存储 > 电化学储能 > 二次电池 > 传统蓄电池 > 有机体系 > 锂电"",""confidence"":0.8,""reason"":""核心事件是欧盟强制劳动法规对电池及BESS供应链可追溯性的影响。""}]",classified,2026-09-26T00:49:36.516716+00:00,glm-5.2,2026-09-10,
Battery X Metals Appoints Lithium-Ion Battery and Electric Vehicle Entrepreneur William Fan as President to Advance Development of Its Patent-Pending Lithium-Ion Battery Rebalancing Technology Platform and Corporate Growth Initiatives - Batteries News,2026-09-25,"Battery X Metals Appoints Lithium-Ion Battery and Electric Vehicle Entrepreneur William Fan as President to Advance Development of Its Patent-Pending Lithium-Ion Battery Rebalancing Technology Platform and Corporate Growth Initiatives
Battery X Metals Appoints Lithium-Ion Battery and Electric Vehicle Entrepreneur William Fan as President to Advance Development of Its Patent-Pending Lithium-Ion Battery Rebalancing Technology Platform and Corporate Growth Initiatives
News Release Highlights:
Battery X Metals appoints electric vehicle and lithium-ion battery entrepreneur William Fan as President to advance its patent-pending lithium-ion battery rebalancing technology development, expand strategic industry relationships, advance corporate development initiatives, including evaluating complementary opportunities within the broader battery ecosystem, and support the Company’s capital markets initiatives.
Mr. Fan previously led a bid to acquire the intellectual property and operating assets of ElectraMeccanica Vehicles Corp., a Nasdaq-listed electric vehicle manufacturer at the time, and brings experience spanning the electric vehicle, lithium-ion battery, energy storage, corporate development, and capital markets sectors, complemented by manufacturing training at automotive production facilities in North America, Europe, and South Korea.
Mr. Fan brings experience across lithium-ion battery recycling, reverse logistics, battery supply chain, and energy storage initiatives. He was an early startup member of the Volta Foundation, was selected as a member of Canada’s 2022 delegation to the G20 Young Entrepreneurs’ Alliance Summit, and has participated in international sustainability initiatives, including the United Nations Climate Change Conference (COP28), and has been invited to speak at TEDx on sustainable transportation.
VANCOUVER, BC /
ACCESS Newswire
/ August 13, 2026 / Battery X Metals Inc. (CSE:BATX)(OTCQB:BATXF)(FSE:5YW0, WKN:A41RJF) (“Battery X Metals” or the “Company”) an energy transition resource exploration and technology company, announces the appointment of Mr. William Fan as President of the Company, effective August 13, 2026.
The appointment of Mr. Fan reflects Battery X Metals’ continued evolution as the Company advances its technology development, strategic partnerships, corporate development, and broader capital markets initiatives. The appointment follows continued progress across the Company’s battery technology initiatives, including technology development, real-world electric vehicle performance trials, the expansion of vehicle platform compatibility, and ongoing engagement with industry participants. Mr. Fan brings experience across the electric vehicle, lithium-ion battery, energy storage, corporate development, and capital markets sectors to his role as President and the Company’s ongoing technology and corporate development initiatives.
As President, Mr. Fan is expected to lead the execution of Battery X Metals’ technology and corporate development strategy, with a focus on advancing the Company’s patent-pending lithium-ion battery rebalancing technology, an integrated hardware and software platform (the “
Rebalancing Technology
“), expanding strategic partnerships throughout the electric vehicle and battery industries, pursuing corporate development initiatives, including evaluating opportunities within the broader battery ecosystem that are complementary to the Company’s existing battery technology initiatives, strengthening investor engagement, and supporting the Company’s long-term capital markets objectives. Mr. Fan brings experience across electric vehicles, lithium-ion batteries, energy storage, strategic partnerships, corporate development, and public markets to these responsibilities.
Pioneer in the Lithium-Ion Battery and Electric Vehicle Industry
Mr. Fan is an entrepreneur with extensive experience spanning the electric vehicle, lithium-ion battery recycling, reverse logistics, battery supply chain, energy storage, corporate development, and capital markets sectors. Throughout his career, he has focused on advancing technologies, strategic partnerships, and business models that support the global transition toward sustainable electrification and the circular battery economy.
Mr. Fan’s experience in the electric vehicle sector includes involvement with Solo Automotive Inc., a Canadian electric vehicle manufacturer with production operations in Europe. In 2023, he led a bid to acquire the intellectual property and operating assets of ElectraMeccanica Vehicles Corp., a Nasdaq-listed electric vehicle manufacturer at the time. Through these and other industry activities, Mr. Fan has developed experience across vehicle manufacturing, battery technologies, corporate development, and the broader electric vehicle industry.
Complementing his industry experience, Mr. Fan has received hands-on manufacturing training at automotive production facilities in North America and Europe, as well as production plants operated by Kia and Hyundai in South Korea. This exposure has provided him with practical insight into global automotive manufacturing processes, production systems, quality control standards, and operational best practices across several of the world’s leading vehicle manufacturers.
Recognizing the long-term importance of battery lifecycle management well before it became a central focus of the electric vehicle industry, Mr. Fan entered the lithium-ion battery recycling sector in 2018. Through a strategic partnership with IT Asset Partners, Inc., a leading global reverse logistics technology company, he helped develop channel distribution strategies, battery supply chain solutions, and energy storage system initiatives serving Fortune 1000 organizations. His work focused on advancing innovative circular economy solutions designed to maximize the value of lithium-ion batteries through reuse, repurposing, recycling, and sustainable resource recovery, providing him with broad experience across the battery value chain and a unique perspective on the rapidly evolving battery ecosystem.
In 2020, Mr. Fan was an early startup member of the Volta Foundation, which has since grown into a global network of more than 100,000 battery professionals.
The organization plays an important role within the global battery ecosystem by connecting stakeholders across the battery value chain, convening battery experts and leading engineers from around the world, and facilitating industry collaboration, knowledge exchange, and engagement across the broader battery community. Mr. Fan’s early involvement further expanded his exposure to the global battery industry and its network of professionals, innovators, and industry stakeholders.
Complementing his operating and entrepreneurial experience, Mr. Fan also developed a foundation in corporate development and capital markets through his role as an Associate at TriView Capital Ltd., a Canadian exempt market dealer. There, he worked with growth-oriented companies on corporate finance, capital formation, strategic transactions, and retail and institutional investor engagement, gaining practical experience in supporting emerging public companies in the execution of their corporate growth strategies.
Beyond his commercial and entrepreneurial accomplishments, Mr. Fan has remained actively engaged in entrepreneurship, sustainable transportation, and the global energy transition. In 2022, he was selected as a member of Canada’s delegation to the G20 Young Entrepreneurs’ Alliance Summit in Hamburg, Germany. He has also participated in international sustainability initiatives, including the United Nations Climate Change Conference (COP28), and has been invited to speak at TEDx on sustainable transportation, sharing his perspectives on electric mobility, battery circularity, and the future of sustainable energy systems.
Management Commentary
William Fan,
President of Battery X Metals, said:
Battery X Metals has developed a technology platform focused on addressing battery cell imbalance and other challenges across the lithium-ion battery lifecycle,
“The Company continues to advance its lithium-ion battery rebalancing technology through ongoing development, real-world electric vehicle performance trials, and the expansion of vehicle platform compatibility. I am pleased to join Battery X Metals at this stage of its development and look forward to working closely with Massimo, the Board, and the broader team to advance the Company’s technology initiatives, expand strategic industry relationships, strengthen its corporate development capabilities, and support its broader capital markets objectives.”
Massimo Bellini Bressi
, Chief Executive Officer and Director of Battery X Metals, said:
William’s appointment strengthens Battery X Metals’ executive leadership as we continue to advance our technology development, strategic industry relationships, and broader corporate and capital markets initiatives,
“His experience across the electric vehicle, lithium-ion battery, energy storage, manufacturing, corporate development, and capital markets sectors is aligned with the Company’s strategic priorities. I look forward to working alongside William as we continue the development of our lithium-ion battery rebalancing technology, expand our industry relationships, and execute the Company’s strategic objectives.”
Positioning Battery X Metals for Its Next Phase of Growth
Battery X Metals has established a diversified battery technology platform focused on addressing challenges throughout the lithium-ion battery lifecycle. The Company’s battery technology initiatives include its lithium-ion battery diagnostics and rebalancing technology, designed to extend remaining useful battery lifespan, as well as proprietary battery recycling technologies under development.
As Battery X Metals continues the development and real world performance trials of its Rebalancing Technology and advances its broader battery technology initiatives, the appointment of Mr. Fan strengthens the Company’s executive leadership with experience spanning the electric vehicle and lithium-ion battery industries, strategic partnerships, corporate development, and capital markets.
As President, Mr. Fan will work alongside Mr. Bellini Bressi, Chief Executive Officer, with their respective roles bringing together operational and technical expertise with industry, corporate development, and capital markets experience. Mr. Fan’s responsibilities will include supporting the Company’s technology development initiatives, expanding strategic industry relationships, advancing corporate development activities, evaluating opportunities within the broader battery ecosystem that are complementary to the Company’s existing battery technology initiatives, strengthening investor engagement, and supporting the Company’s broader capital markets objectives.
Together, Mr. Fan and Mr. Bellini Bressi will lead Battery X Metals’ ongoing technology development, strategic industry relationships, and broader corporate initiatives as the Company continues the development and advancement of its battery technologies.
the latest
Batteries News
shaping the battery market
Battery X Metals Appoints Lithium-Ion Battery and Electric Vehicle Entrepreneur William Fan as President to Advance Development of Its Patent-Pending Lithium-Ion Battery Rebalancing Technology Platform and Corporate Growth Initiatives,
Business Development",full,,dom_or_structured_full_text,,https://batteriesnews.com/battery-x-metals-appoints-lithium-ion-battery-and-electric-vehicle-entrepreneur-william-fan-as-president-to-advance-development-of-its-patent-pending-lithium-ion-battery-rebalancing-technology-platfor/,Batteries News,电池,综合电池新闻/市场情报,2026-09-26T00:24:37+00:00,零碳产业 > 能量转化 > 能量存储 > 电化学储能 > 二次电池 > 传统蓄电池 > 有机体系 > 锂电,零碳产业,锂电,"[{""path"":[""零碳产业"",""能量转化"",""能量存储"",""电化学储能"",""二次电池"",""传统蓄电池"",""有机体系"",""锂电""],""path_text"":""零碳产业 > 能量转化 > 能量存储 > 电化学储能 > 二次电池 > 传统蓄电池 > 有机体系 > 锂电"",""confidence"":0.85,""reason"":""人事任命的核心目的是推进其锂离子电池再平衡技术平台开发""}]",classified,2026-09-26T00:49:43.515378+00:00,glm-5.2,2026-09-10,
Battery cell production at Ohio plant to restart for GM EVs - Batteries News,2026-09-25,"Battery cell production at Ohio plant to restart for GM EVs
DETROIT, Aug 12 (Reuters) – A factory jointly owned by ‌General Motors and LG Energy ‌Solution in northeast Ohio is scheduled to ​restart production of battery cells next week after a seven-month shutdown.
On Monday, a majority of laid-off workers will ‌resume making batteries ⁠at the Ultium Cells joint-venture plant, Tom Gallagher, vice ⁠president of operations for Ultium, said in an interview.
In total, 1,400 ​will be ​working at the ​facility.
The company ceased ‌battery-cell production there in January because of a drop in consumer demand for electric vehicles.
• The other GM and LG JV plant, in ‌Tennessee, now makes energy ​storage system batteries instead ​of ​EV batteries.
• Earlier this week, ‌battery manufacturer Samsung SDI ​purchased GM’s ​stake in the joint venture the companies had formed to make ​EV ‌battery cells at an under-construction Indiana ​plant.
(Reporting by Kalea Hall; Editing ​by Aurora Ellis)
the latest
Batteries News
shaping the battery market
Battery cell production at Ohio plant to restart for GM EVs,
Battery Production",full,,dom_or_structured_full_text,,https://batteriesnews.com/battery-cell-production-at-ohio-plant-to-restart-for-gm-evs/,Batteries News,电池,综合电池新闻/市场情报,2026-09-26T00:24:38+00:00,零碳产业 > 能量转化 > 能量存储 > 电化学储能 > 二次电池 > 传统蓄电池 > 有机体系 > 锂电,零碳产业,锂电,"[{""path"":[""零碳产业"",""能量转化"",""能量存储"",""电化学储能"",""二次电池"",""传统蓄电池"",""有机体系"",""锂电""],""path_text"":""零碳产业 > 能量转化 > 能量存储 > 电化学储能 > 二次电池 > 传统蓄电池 > 有机体系 > 锂电"",""confidence"":0.9,""reason"":""核心事件是GM与LG合资工厂重启EV锂电池电芯生产""}]",classified,2026-09-26T00:49:43.515378+00:00,glm-5.2,2026-09-10,
X-raying batteries under load - Batteries News,2026-09-25,"X-raying batteries under load
Highly dynamic X-ray technology reveals what happens inside large battery cells in fractions of a second under load—accelerating the development of safer next-generation cells for the European automotive industry.
What happens inside a battery cell when it fails? Until now, cell manufacturers and
vehicle integrators have had to rely on simulations, destructive testing methods, and indirect measurements. The Fraunhofer Institute for High-Speed Dynamics, Ernst-Mach-Institut, EMI, has developed a globally unique high-speed X-ray system that makes dynamic processes inside large-format prismatic cells visible in real time for the first time. Together with the German cell manufacturer PowerCo, a Volkswagen Group company, Fraunhofer EMI is now bringing this technology into industrial use.
The system combines high-performance X-ray technology with a specially designed battery test chamber and advanced sensor systems that simultaneously capture temperature, pressure, voltage, and gas flow. Recording up to 1,000 images per second, it reveals processes such as gas formation, material displacement, and crack propagation inside the cell at extremely high resolution—events that until now have remained hidden from view.
Dr. Sebastian Schopferer,
Head of Battery Safety at Fraunhofer EMI, said:
Our in-situ method allows us to see what happens inside a cell in fractions of a second—in real time and at the highest resolution,
“This fundamentally changes how we understand battery design and safety.”
A key engineering milestone was the development of a protective chamber that reliably shields sensitive X-ray components from the extreme conditions generated during lithium-ion cell thermal runaway.
Proven in practice and already in use within the Volkswagen Group
This technology is more than theory: Fraunhofer EMI has already used it for several German car manufacturers, including VW and Audi, to characterize material ejection during thermal runaway and propagation behavior in multi-cell configurations. The resulting data enables engineers to assess cell designs based on directly observed processes and refine simulation models with greater precision—delivering direct added value for product development and certification processes.
Transfer to industry by 2028
In the next phase, Fraunhofer EMI and PowerCo will transfer the technology into industrial use. Fraunhofer EMI brings expertise in materials research, battery abuse testing, and high-speed imaging. PowerCo contributes production requirements and access to real-world cell types.
Initial results from the collaboration are already feeding into the development of optimized production cells at PowerCo, accelerating the path from research to industrial implementation. The system is scheduled for installation at PowerCo’s Salzgitter site in 2028.
Designed as a modular platform, the system can be scaled to different cell formats and new cell chemistries—an important advantage for future battery development.
HW Vassen,
CTO of PowerCo, said:
With in-situ high-speed X-ray imaging, we are taking battery research to a new level,
“For the first time, we can make the dynamic processes inside cells visible in real time and in slow motion. This unprecedented depth of insight allows us to optimize battery cell safety and design in a highly targeted way and bring innovations into industrial use much faster. Together with Fraunhofer EMI, we are advancing high technology made in Europe and are strengthening Europe’s role in the battery industry.”
the latest
Batteries News
shaping the battery market
X-raying batteries under load,
Innovation",full,,dom_or_structured_full_text,,https://batteriesnews.com/x-raying-batteries-under-load/,Batteries News,电池,综合电池新闻/市场情报,2026-09-26T00:24:40+00:00,通用技术 > 检测和表征 > 先进科学仪器,通用技术,先进科学仪器,"[{""path"":[""通用技术"",""检测和表征"",""先进科学仪器""],""path_text"":""通用技术 > 检测和表征 > 先进科学仪器"",""confidence"":0.88,""reason"":""核心对象是高速X射线成像与多参量传感的检测仪器系统""},{""path"":[""零碳产业"",""能量转化"",""能量存储"",""电化学储能"",""二次电池"",""传统蓄电池"",""有机体系"",""锂电""],""path_text"":""零碳产业 > 能量转化 > 能量存储 > 电化学储能 > 二次电池 > 传统蓄电池 > 有机体系 > 锂电"",""confidence"":0.8,""reason"":""高速X射线技术用于大型棱柱锂电池的负载检测以提升安全性""}]",classified,2026-09-26T00:49:43.515378+00:00,glm-5.2,2026-09-10,
DuPont Direct Lithium Extraction Team Named 2026 Sustainability Squad by Business Intelligence Group - Batteries News,2026-09-25,"DuPont Direct Lithium Extraction Team Named 2026 Sustainability Squad by Business Intelligence Group
Recognition highlights the collaborative efforts behind DuPont’s recently launched end-to-end direct lithium extraction portfolio, helping accelerate the development of lithium resources needed for electrification and energy storage.
WILMINGTON, Del., Aug. 13, 2026 /PRNewswire/ — DuPont (NYSE:
) today announced that its Direct Lithium Extraction (DLE) team has been named a “Sustainability Squad” in the Business Intelligence Group’s
2026 Sustainability Awards
. The DuPont DLE team was recognized for its work over the past year helping develop, validate, and commercialize direct lithium extraction technologies that support effective and efficient lithium recovery and support scalable lithium production amid accelerating global demand.
Announced in July 2026, DuPont’s end-to-end DLE portfolio comprises more than 20 products across multiple technologies, including lithium-selective sorbents, nanofiltration and reverse osmosis membranes, and ion exchange resins. Designed to address the complexity and variability of lithium brine resources around the world, the portfolio allows customers to implement complete end-to-end solutions or select individual technologies tailored to their specific process requirements and brine compositions. A key differentiator is DuPont’s ability to optimize the entire lithium extraction flowsheet rather than treating process steps in isolation.
The “Sustainability Squad” award recognizes the collaborative efforts of a global team, spanning research and development, technical service, commercial strategy, and marketing. Over the past year, the team supported customer pilots and projects across major lithium-producing regions while helping translate laboratory innovation into commercial solutions through testing, process modeling, piloting support, and application expertise.
Dr. Martin Deetz,
Senior R&D Laureate, DuPont Water Solutions, said:
This recognition reflects the dedication of our global team working with the support of our collaborators across the industry to help bring DuPont’s direct lithium extraction technologies to market,
“By combining lithium-selective sorbents, membranes, ion exchange resins, and technical expertise into a full end-to-end approach, we are helping customers optimize the entire lithium extraction process while addressing the unique challenges of lithium brine resources around the world. We’re proud to see our team recognized for its contribution to the global energy transition.”
As demand for lithium continues to grow, producers are seeking technologies that can efficiently recover lithium from a wide range of brine resources. Through its integrated DLE portfolio and technical expertise, DuPont helps customers evaluate, validate, and implement solutions designed for their specific process requirements, supporting the development of the lithium supply chains needed for electric vehicles and energy storage systems.
the latest
Batteries News
shaping the battery market
DuPont Direct Lithium Extraction Team Named 2026 Sustainability Squad by Business Intelligence Group,",full,,dom_or_structured_full_text,,https://batteriesnews.com/dupont-direct-lithium-extraction-team-named-2026-sustainability-squad-by-business-intelligence-group/,Batteries News,电池,综合电池新闻/市场情报,2026-09-26T00:24:42+00:00,零碳产业 > 物质循环 > 资源获取 > 开采技术,零碳产业,开采技术,"[{""path"":[""零碳产业"",""物质循环"",""资源获取"",""开采技术""],""path_text"":""零碳产业 > 物质循环 > 资源获取 > 开采技术"",""confidence"":0.82,""reason"":""直接提锂技术组合旨在高效回收和规模化生产锂资源""},{""path"":[""零碳产业"",""能量转化"",""能量存储"",""电化学储能"",""二次电池"",""传统蓄电池"",""有机体系"",""锂电""],""path_text"":""零碳产业 > 能量转化 > 能量存储 > 电化学储能 > 二次电池 > 传统蓄电池 > 有机体系 > 锂电"",""confidence"":0.7,""reason"":""提锂技术面向电动汽车和储能用锂电池供应链""}]",classified,2026-09-26T00:49:43.515378+00:00,glm-5.2,2026-09-10,
SSE secures planning consent for revised Mullafarry Battery Energy Storage System in North Mayo - Batteries News,2026-09-25,"SSE secures planning consent for revised Mullafarry Battery Energy Storage System in North Mayo
Consent enables SSE to significantly increase the project’s energy storage potential to 320MWh –
SSE has secured planning consent from Mayo County Council to revise plans for its proposed Mullafarry Battery Energy Storage System (BESS) project near Killala, North Mayo.
The planning consent marks a significant milestone for the project. Subject to a final investment decision by SSE, the facility would provide vital electricity storage needed to support a cleaner, more affordable and secure homegrown energy system for Ireland. Its delivery would also support job creation during construction and local economic investment through commercial rates payments during operation.
Mullafarry BESS is being developed on an SSE-owned site in Killala Business Park, adjacent to the company’s existing 104MW Tawnaghmore Power Station. The approved project comprises up to 64 battery storage units, together with associated heating, ventilation and air conditioning systems and supporting infrastructure.
Battery storage technology helps support the integration of renewable electricity onto the grid while enhancing security of supply. Mullafarry’s 80MW / 320MWh battery storage system would be capable of storing up to four hours of reserve electricity capacity. By providing flexibility to store and release electricity in response to grid needs, the facility would provide Ireland’s transmission system operator with access to a reliable and flexible power reserve, helping support security of electricity supply, maintain grid stability and enable more renewable electricity to connect to Ireland’s national grid.
If approved for delivery by SSE, construction would be expected to take up to two years, creating jobs during construction and supporting the local supply chain. Once operational, the battery storage facility would contribute commercial rates payments to Mayo County Council, helping improve local infrastructure and services.
Ghislain Demeuldre,
Head of Onshore Wind, Solar and Battery Development at SSE Renewables, said:
We welcome Mayo County Council’s decision to approve our revised plans for the proposed Mullafarry Battery Energy Storage System.
”This decision gives SSE the potential to significantly increase the energy output we can deliver through the project. By storing electricity when supplies are high and making it available when needed, Mullafarry could help support a more secure, affordable and homegrown electricity system for Ireland. The project would also support jobs and local economic development during construction and operation. Through projects such as Mullafarry, SSE continues to play a leading role in Ireland’s energy transition.”
Mullafarry is part of SSE’s growing portfolio of energy infrastructure sites and projects in the Northwest. In addition to the operational Tawnaghmore Power Station at Killala Business Park, SSE is progressing the proposed Glenora and Sheskin South wind farm projects in North Mayo with partner FuturEnergy Ireland. In West Sligo, SSE has recently submitted plans for the proposed Crumhach Wind Farm project at the site of the existing Kingsmountain and Dunneill wind farms in West Sligo.
the latest
Batteries News
shaping the battery market
SSE secures planning consent for revised Mullafarry Battery Energy Storage System in North Mayo,
Battery Storage",full,,dom_or_structured_full_text,,https://batteriesnews.com/sse-secures-planning-consent-for-revised-mullafarry-battery-energy-storage-system-in-north-mayo/,Batteries News,电池,综合电池新闻/市场情报,2026-09-26T00:24:43+00:00,零碳产业 > 能量转化 > 能量存储 > 电化学储能 > 二次电池 > 传统蓄电池 > 有机体系 > 锂电,零碳产业,锂电,"[{""path"":[""零碳产业"",""能量转化"",""能量存储"",""电化学储能"",""二次电池"",""传统蓄电池"",""有机体系"",""锂电""],""path_text"":""零碳产业 > 能量转化 > 能量存储 > 电化学储能 > 二次电池 > 传统蓄电池 > 有机体系 > 锂电"",""confidence"":0.78,""reason"":""核心事件是320MWh电池储能系统项目获规划许可""}]",classified,2026-09-26T00:49:43.515378+00:00,glm-5.2,2026-09-10,
Avocet Battery Materials Secures DRIVE35 Funding to Accelerate DryTab Surface Technology - Batteries News,2026-09-25,"Avocet Battery Materials Secures DRIVE35 Funding to Accelerate DryTab Surface Technology
UK Government funding to support the next stage of DryTab development
Avocet Battery Materials (ABM)
is pleased to announce that it has secured grant funding through the UK Government’s DRIVE35 programme, delivered by the Department for Business and Trade in partnership with the Advanced Propulsion Centre UK (APC) and Innovate UK.
The funding will support the continued development and commercialisation of DryTab, ABM’s proprietary next-generation surface technology for battery lead tabs, helping accelerate research, development and industrialisation of a more sustainable approach to battery manufacturing.
This milestone represents an important step in bringing innovative UK-developed battery technologies closer to commercial adoption while strengthening the UK’s battery supply chain.
Why Surface Technology Matters
Although battery lead tabs represent only a small component of a lithium-ion pouch cell, their performance has a direct influence on long-term reliability of the cell. Therefore, failure at the lead tab can result in adverse failure of the cell.
Conventional manufacturing methods often rely on wet chemical surface treatment processes that require multiple processing stages, significant energy consumption and chemical waste management.
As battery manufacturers continue to seek more sustainable and cost-effective production methods, opportunities exist to rethink how these critical components are manufactured.
Introducing DryTab
DryTab is Avocet Battery Materials’ proprietary surface technology that has been under development for the past two years.
Rather than relying on conventional wet chemical treatments, it has been designed as a completely dry production process, offering a simpler and more environmentally responsible alternative.
Potential benefits include:
High resistance to electrolyte corrosion
A 100% dry manufacturing process
Elimination of hazardous chemicals
Lower energy consumption
A significantly smaller production footprint
Compatibility with both anode and cathode tabs
Optimised performance on bare copper, reducing the need for traditional nickel plating
A fast, scalable manufacturing process designed for cost-effective production
As battery manufacturing continues to evolve, technologies such as this one have the potential to improve both manufacturing efficiency and sustainability.
Accelerating Development
This government funding will allow Avocet Battery Materials to continue advancing DryTab through the next stages of development and build an investment ready business case for the commercialisation of the technology.
While the project remains in its early phases, the investment will help support further research and validation as the technology progresses towards commercial readiness.
The funding also demonstrates confidence in UK innovation and reinforces the importance of developing advanced battery manufacturing technologies domestically.
Looking Ahead
At Avocet Battery Materials, we remain committed to developing practical innovations that help battery manufacturers improve performance while reducing environmental impact.
Receiving support through the DRIVE35 programme is an exciting milestone, not only for this project, but also for our wider mission of developing advanced battery materials that contribute to the future of electrification.
We look forward to sharing further updates as the project progresses.
the latest
Batteries News
shaping the battery market
Avocet Battery Materials Secures DRIVE35 Funding to Accelerate DryTab Surface Technology,
Business Development",full,,dom_or_structured_full_text,,https://batteriesnews.com/avocet-battery-materials-secures-drive35-funding-to-accelerate-drytab-surface-technology/,Batteries News,电池,综合电池新闻/市场情报,2026-09-26T00:24:45+00:00,零碳产业 > 能量转化 > 能量存储 > 电化学储能 > 二次电池 > 传统蓄电池 > 有机体系 > 锂电,零碳产业,锂电,"[{""path"":[""零碳产业"",""能量转化"",""能量存储"",""电化学储能"",""二次电池"",""传统蓄电池"",""有机体系"",""锂电""],""path_text"":""零碳产业 > 能量转化 > 能量存储 > 电化学储能 > 二次电池 > 传统蓄电池 > 有机体系 > 锂电"",""confidence"":0.85,""reason"":""核心是软包锂电池极耳表面处理技术的研发资助""}]",classified,2026-09-26T00:49:43.515378+00:00,glm-5.2,2026-09-10,
RWE to build 400 MW battery to ease grid congestion in Noord-Brabant - Batteries News,2026-09-25,"RWE to build 400 MW battery to ease grid congestion in Noord-Brabant
RWE has taken final investment decision to build one of the largest battery storage systems in the Netherlands: a 400 MW/1,100 MWh battery at Moerdijk power station
It will be able to supply enough electricity to cover evening peak demand of around 500,000 households
Commissioning planned for second quarter of 2028
Battery contributes to system integration of OranjeWind offshore project by supporting optimal use of renewable electricity
Geertruidenberg, 21 September 2026
The Moerdijk power station site will be home to a flagship large-scale battery system in the Netherlands. RWE has taken the final investment decision to build a 400 megawatts (MW) and 1100 megawatt-hours (MWh) battery storage system at the site. It will consist of 208 containers with lithium-ion batteries and can deliver its full output for almost three hours. Construction is scheduled to start in due course, commissioning is planned for second quarter of 2028.
Nikolaus Valerius, CEO of RWE Generation SE:
“This battery marks a major milestone for reliable power supply and grid relief in Noord-Brabant. As one of the largest and most powerful battery systems in the Netherlands, it will be capable of covering the evening peak demand of around 500,000 households for almost three hours. At the same time, it can absorb surplus electricity from the grid within seconds. Battery storage plays a crucial role in building a resilient energy system that can accommodate a growing share of renewables.”
Mark Lentjes,
Regional Director of TenneT Southern Netherlands, said:
We are pleased that RWE intends to contribute to a more efficient use of the electricity grid in West Brabant with a large-scale battery that acts as a congestion reliever.
”RWE’s large-scale battery is located close to the 150,000-volt high-voltage substation at Moerdijk-Noord, where it will help to alleviate the regional bottleneck, which in turn has an impact on congestion across the whole of Noord-Brabant.“
Moerdijk battery to relieve grid congestion
The new battery system will make best use of the existing infrastructure: It will be connected to the national grid via the existing substation at the RWE power plant in Moerdijk. Through capacity steering agreements with Transmission System Operator TenneT, the battery will be dispatched to relieve congestion in the Noord-Brabant region. Thanks to this development, space is being created on the grid for parties on the waiting list who wish to purchase electricity. TenneT, together with the regional grid operator Enexis, will be investigating what this means in the coming period. The grid operator will take this development, along with other developments in the region, into account when reviewing
the congestion management study in December of 2026
. The new battery system will also be equipped to provide advanced grid services such as instantaneous reserve (inertia). The Moerdijk site already hosts the first
synthetic inertia battery
connected to the continental European grid, with a capacity of 7.5 MW/11 MWh.
Matching offshore wind with onshore flexibility
RWE and TotalEnergies’ 795 MW offshore wind project off the Dutch coast, is designed to combine offshore wind generation with onshore flexibility solutions that help align renewable power production with electricity demand. At Moerdijk, the battery projects play an important role here by storing electricity when wind output is high and feeding it back into the system when needed, helping to balance fluctuations and optimise the use of renewable power. Together with technologies such as electrolysis, e-boilers and smart charging, it supports OranjeWind’s ambition to integrate offshore wind more effectively into the Dutch energy system.
Battery storage at RWE
As a driver of the energy transition, RWE develops, builds and operates
battery storage systems
in the US, Europe and Australia. In the Netherlands, RWE currently operates two battery storage systems. In addition to the existing battery at Moerdijk, RWE operates a 35 MW/41 MWh battery at Eemshaven power plant. Globally, RWE currently operates battery storage systems with a total capacity of around 1.7 gigawatts (GW) and 3 GW are under construction. As an integral part of its growth strategy, RWE plans to significantly expand its battery storage capacities worldwide.
the latest
Batteries News
shaping the battery market
RWE to build 400 MW battery to ease grid congestion in Noord-Brabant,
Battery Storage",full,,dom_or_structured_full_text,,https://batteriesnews.com/rwe-to-build-400-mw-battery-to-ease-grid-congestion-in-noord-brabant/,Batteries News,电池,综合电池新闻/市场情报,2026-09-26T00:24:47+00:00,零碳产业 > 能量转化 > 能量存储 > 电化学储能 > 二次电池 > 传统蓄电池 > 有机体系 > 锂电,零碳产业,锂电,"[{""path"":[""零碳产业"",""能量转化"",""能量存储"",""电化学储能"",""二次电池"",""传统蓄电池"",""有机体系"",""锂电""],""path_text"":""零碳产业 > 能量转化 > 能量存储 > 电化学储能 > 二次电池 > 传统蓄电池 > 有机体系 > 锂电"",""confidence"":0.9,""reason"":""核心事件是RWE投建400MW大型锂电池储能系统，属于锂电储能项目。""},{""path"":[""零碳产业"",""能量转化"",""能量分配与运输"",""电网相关技术""],""path_text"":""零碳产业 > 能量转化 > 能量分配与运输 > 电网相关技术"",""confidence"":0.7,""reason"":""该项目用于缓解电网拥堵并支持海上风电并网消纳。""}]",classified,2026-09-26T00:49:49.859553+00:00,glm-5.2,2026-09-10,
DHL ramps up battery logistics network worldwide as electrification reshapes automotive and energy supply chains - Batteries News,2026-09-25,"DHL ramps up battery logistics network worldwide as electrification reshapes automotive and energy supply chains
Integrated logistics platform combines manufacturing logistics, transportation, warehousing, and aftermarket services across a growing global network of EV and Battery Centers of Excellence
Expanded capabilities support automakers, battery manufacturers, and energy companies as electrification reshapes global supply chains
– DHL is expanding its global battery logistics network to support the rapid growth of the electrified value chain, spanning electric mobility, battery manufacturing, industrial equipment, and energy storage systems. Combining capabilities across DHL Supply Chain, DHL Global Forwarding and DHL Express, the company is building an integrated network of EV (electric vehicle) and Battery Centers of Excellence that connects manufacturing, transportation, warehousing, aftermarket, and battery lifecycle services across key markets worldwide. The network today already connects more than 20 sites globally, with further expansion planned.
Growing demand for specialized battery logistics
Demand for electric vehicles, battery energy storage systems and renewable energy solutions is creating new supply chains that require specialized handling, regulatory expertise and global coordination. As electrification expands beyond passenger vehicles into industrial equipment, mining applications and energy infrastructure, logistics requirements are becoming increasingly complex, with many battery systems weighing over 50 tons. These shifts are driving demand for advanced battery logistics capabilities across all regions, including Europe, Asia-Pacific, the Americas, the Middle East and Africa.
Francisco Milián
, Head of Inbound to Manufacturing, DHL Supply Chain EMEA and member of the DHL New Energy Board, said:
Battery logistics is fundamentally different from traditional supply chains,
“Customers need specialized capabilities throughout the entire battery lifecycle, from inbound logistics and manufacturing support to storage, distribution, refurbishment, returns and recycling. By building a connected global network that combines supply chain and transport expertise, we can bring these capabilities closer to production sites, energy projects and end markets while ensuring the safety, compliance and responsiveness that battery supply chains require.”
Christopher Ong,
Managing Director Singapore and New Energy Board Member for Express, said:
As electrification accelerates, our customers need to move high-value battery shipments quickly, safely and in full compliance with dangerous goods regulations
“Through our Heavy Weight Express service and dangerous goods expertise across our global air and intra-European road networks, DHL Express is helping high-energy battery shippers move time-critical shipments reliably between production sites, customers, and end markets. We continue to invest in the network capacity, compliance expertise, and specialized equipment that this fast-growing segment demands across Europe and around the world.”
New trade corridors emerge as electrification accelerates
The expansion reflects profound structural changes in global trade flows. While a significant share of battery manufacturing capacity and new energy production is concentrated in Asia, demand continues to grow rapidly across Europe and other regions. New giga-factories are emerging around the world, creating demand for logistics solutions spanning capital equipment, raw materials, battery chemicals and finished battery products. Meanwhile, geopolitical uncertainty, energy security concerns and the push for decarbonization are accelerating investment in electrification and renewable energy infrastructure. DHL is helping customers establish resilient battery trade corridors between manufacturing hubs, emerging gigafactory clusters and energy infrastructure projects worldwide.
Hendrik Venter,
Global CEO, DHL Supply Chain, said:
The energy transition is creating entirely new trade corridors and supply chain patterns,
“Customers are redesigning global supply chains to support electric mobility, energy storage and renewable energy deployment at scale. As manufacturing, consumption and infrastructure investments evolve across regions, companies need logistics partners capable of connecting markets seamlessly. DHL’s global network and cross-divisional expertise enable us to support customers from component manufacturing, transportation, warehousing all the way to aftermarket and circularity solutions.”
These facilities dedicated to battery logistics combine specialized warehousing with technical services such as battery diagnostics, testing, charging, conditioning, repair, reverse logistics, and recycling preparation. In Halle, Germany, DHL recently made 13,000 square meters of battery-ready warehouse space available to support growing customer demand. In Hungary, an additional specialized battery logistics facility is being prepared and is expected to become operational in 2027.
Many locations also integrate transportation, customs and cross-border logistics services, creating end-to-end solutions for battery manufacturers, automotive companies, and energy providers. Battery logistics is also becoming a key enabler of mining electrification and critical mineral value chains, supporting both resource extraction and decarbonization goals.
As battery and energy storage supply chains become more complex, customers increasingly seek a single partner capable of managing multiple stages of the value chain. For example, regulatory requirements are becoming more detailed at national and local levels, making documentation, dangerous goods management and customs compliance and classification critical competitiveness factors.
Supporting large-scale energy storage and infrastructure projects
Beyond battery manufacturing and automotive applications, DHL is increasingly supporting the deployment of utility-scale Battery Energy Storage Systems (BESS), grid infrastructure and renewable energy projects, where specialized project logistics and heavy-lift capabilities are critical.  In the first half of 2026, DHL delivered more than 1,100 BESS units worldwide.
Martyn Lawns,
CEO of DHL Industrial Projects and Senior Vice President of Growth for New Energy at DHL Group, said:
Electrification is creating logistics requirements that range from global battery supply chains to the deployment of grid-scale energy infrastructure.
”Through DHL Global Forwarding and its DHL Industrial Projects unit, we combine international freight expertise, dangerous goods compliance, project logistics and heavy-lift execution into a single solution. Whether moving battery materials across continents or delivering energy storage systems to remote project sites, we help customers accelerate the energy transition,”
New Energy is one of DHL Group’s designated growth sectors under Strategy 2030. Through its DHL New Energy Logistics sector brand, the Group is developing end-to-end logistics solutions across eight segments: wind, solar, EVs and batteries, Battery Energy Storage Systems, EV charging, grid infrastructure, hydrogen and alternative fuels. The Group is investing in capabilities across these segments worldwide. DHL aims to grow its New Energy business to EUR3 billion by 2030, supported by rising investment in electrification, renewable energy, energy storage, and resilient energy infrastructure.
the latest
Batteries News
shaping the battery market
DHL ramps up battery logistics network worldwide as electrification reshapes automotive and energy supply chains,
Business Development",full,,dom_or_structured_full_text,,https://batteriesnews.com/dhl-ramps-up-battery-logistics-network-worldwide-as-electrification-reshapes-automotive-and-energy-supply-chains/,Batteries News,电池,综合电池新闻/市场情报,2026-09-26T00:24:49+00:00,未分类,,,[],unclassified,2026-09-26T00:49:49.859553+00:00,glm-5.2,2026-09-10,
CATL kicks off trial production of battery cells in Hungary - Batteries News,2026-09-25,"CATL kicks off trial production of battery cells in Hungary
DEBRECEN, Hungary, Sept. 22, 2026 /PRNewswire/ — CATL begins trial production on 22 September 2026 in its newly built cell factory in Debrecen as the company had fulfilled all preconditions required to commence trial run. The purpose of trial production is to set up, optimise and validate the production equipment and manufacturing processes ahead of the start of series production. CATL Debrecen continues cooperating and working closely with the government and the authorities in order to keep high standards on the environmental issues as well as the health and safety of its employees.
CATL announced the construction of its second European battery plant in Debrecen in August 2022, with the aim of integrating to the European automotive and e-mobility supply chain and better serve leading European automakers. Construction of the first cell building started in summer 2023 and by spring 2026 the building had been equipped with the most advanced technology. After obtaining the occupancy permit in August 2026, the company obtained all relevant permits and completed all pre-conditions required by its IPPC permit prior to start trial operations from 22 September on the first two production lines of its cell manufacturing facility.
Prior to issuing the occupancy permit, the Hajdú-Bihar County Government Office carried out regular on-site inspections at CATL’s facilities in order to follow up on previous issues creating serious worries in local inhabitants. Authority representatives confirmed that the company had resolved all deficiencies identified earlier in the permitting process.
As a strategic manufacturing hub, CATL’s Debrecen plant will supply the most well-known, leading European automakers, which have already built significant electric vehicle production capacity in Hungary in recent years. As a global technology leader CATL implemented the most advanced, flexible production lines in Debrecen in order to fulfil the needs of its valued clients at all times. The company has already been manufacturing battery modules since autumn 2024 in Debrecen and has already produced 537,000 modules ever since. Once all facilities ready, the Hungarian plant will be CATL’s largest manufacturing base outside China with a 100 GWH capacity.
Alongside obtaining the permits and completing pre-conditions required to launch trial operations, CATL Debrecen remains committed to working closely with the Government and the authorities to prioritize the health and safety of its employees. Furthermore, employee health, safety and environmental factors will be thoroughly monitored during the trial operation as well, and results will be submitted to the Authority proactively. CATL’s investment is not only important for Debrecen and its region, but also for the Hungarian economy and the European e-mobility supply chain. CATL is committed to transparency and welcomes the authorities to visit its site at any time.
the latest
Batteries News
shaping the battery market
CATL kicks off trial production of battery cells in Hungary,
Battery Production",full,,dom_or_structured_full_text,,https://batteriesnews.com/catl-kicks-off-trial-production-of-battery-cells-in-hungary/,Batteries News,电池,综合电池新闻/市场情报,2026-09-26T00:24:50+00:00,零碳产业 > 能量转化 > 能量存储 > 电化学储能 > 二次电池 > 传统蓄电池 > 有机体系 > 锂电,零碳产业,锂电,"[{""path"":[""零碳产业"",""能量转化"",""能量存储"",""电化学储能"",""二次电池"",""传统蓄电池"",""有机体系"",""锂电""],""path_text"":""零碳产业 > 能量转化 > 能量存储 > 电化学储能 > 二次电池 > 传统蓄电池 > 有机体系 > 锂电"",""confidence"":0.92,""reason"":""CATL匈牙利电池工厂开始试生产，是锂电池制造产业核心事件。""}]",classified,2026-09-26T00:49:49.859553+00:00,glm-5.2,2026-09-10,
Closing the Loop: Battery Recycling Pilot Uses 100% Recycled Critical Minerals to Power New GM EVs - Cirba Solutions - Batteries News,2026-09-25,"Closing the Loop: Battery Recycling Pilot Uses 100% Recycled Critical Minerals to Power New GM EVs – Cirba Solutions
DETROIT and CHARLOTTE, N.C., Sept. 22, 2026 /PRNewswire/ — Reintroducing critical minerals recovered from end-of-life batteries and manufacturing scrap into the domestic supply chain is vital to building a stronger circular battery economy. One way the electric vehicle (EV) industry is putting this approach into practice is by creating closed-loop supply chains, with battery recycling serving as the catalyst.
This month, through a strategic collaboration between
General Motors
Cirba Solutions
and partners, they have successfully completed a closed-loop EV battery recycling pilot. Using materials recovered from end-of-life GM EV battery packs to produce new battery cells, these are the first GM EV batteries made with cathode active material (CAM) containing 100 percent recycled nickel, cobalt and manganese.
Closing the Loop
GM partnered with Cirba Solutions, the leading battery recycling materials and management company in North America, to disassemble and process end-of-life EV battery packs as part of this program. The EV battery materials were transported to Cirba Solutions’ lithium-ion recycling and recovery facility in Ohio to be processed into Black Mass, a concentrated intermediate material rich in critical minerals that is produced when lithium-ion batteries are shredded and processed.
Recovering the critical minerals through recycling is the first step. Critical minerals like nickel, cobalt and manganese help determine a battery’s performance, and before any recycled materials from end-of-life batteries can go into manufacturing new EV cells, those materials must meet the same standards as virgin minerals. This was successfully achieved through a strategic partnership to further refine the premium-quality Black Mass produced by Cirba Solutions, validating its performance, to produce new CAMs – made entirely with 100 percent recycled nickel, cobalt and manganese.
Today, this industry-leading collaboration has produced new EV battery cells using recycled CAM through Ultium Cells, a joint venture between GM and LG Energy Solution. GM manufacturing teams assembled these cells into battery modules and packs at GM’s Factory ZERO and Spring Hill assembly centers. This month, the first EVs rolled off the line, powered by GM’s first battery cells containing CAM made with these recycled critical minerals, and are now headed to consumers.
Melissa Flaherty,
Director of Sustainable EV Battery Ecosystem at GM, said:
This pilot shows that the value of an EV battery can extend well beyond its first life – and that strong partnerships across the battery ecosystem are essential to building a more circular, resilient future for battery technology,
Enhancing Domestic Supply Chains
14 million EV batteries
are projected to reach end-of-life globally by 2040 and the global demand for lithium-ion batteries is expected to reach approximately
4.2 to 6.8 terawatt-hours
annually over the next decade. This program between GM and Cirba Solutions demonstrates that recycled material can be recovered and used in new EV batteries. Increasing domestic processing capabilities opens opportunities for advancing closed-loop models for all battery formats including EVs, energy storage systems, data centers, consumer devices and more.
David Klanecky
, President and CEO of Cirba Solutions, said:
Battery recycling is an important, intersecting component across the battery supply chain, and this program effectively demonstrates the value that recycling end-of-life batteries brings to creating a closed-loop supply of critical minerals,
“The global battery supply chain is an interconnected network of innovative and collaborative organizations – and engaging in partnerships like this with GM shows us how this work can truly strengthen our supply chains, manufacturing, global competitiveness and national security.”
Through partnerships like this, the recovery and reuse of critical minerals can help support lower-cost batteries over time, leave positive impacts on the environment, reduce reliance on newly mined materials, advance manufacturing and ultimately strengthen supply chain resilience.
the latest
Batteries News
shaping the battery market
Closing the Loop: Battery Recycling Pilot Uses 100% Recycled Critical Minerals to Power New GM EVs – Cirba Solutions,
Business Development",full,,dom_or_structured_full_text,,https://batteriesnews.com/closing-the-loop-battery-recycling-pilot-uses-100-recycled-critical-minerals-to-power-new-gm-evs-cirba-solutions/,Batteries News,电池,综合电池新闻/市场情报,2026-09-26T00:24:52+00:00,零碳产业 > 物质循环 > 资源回收利用与排放治理 > 物质回收,零碳产业,物质回收,"[{""path"":[""零碳产业"",""物质循环"",""资源回收利用与排放治理"",""物质回收""],""path_text"":""零碳产业 > 物质循环 > 资源回收利用与排放治理 > 物质回收"",""confidence"":0.9,""reason"":""核心事件是报废电池闭环回收，用100%回收镍钴锰再造电池。""}]",classified,2026-09-26T00:49:49.859553+00:00,glm-5.2,2026-09-10,
Cummins - Accelera Expands Battery Production in Europe - Batteries News,2026-09-25,"Cummins – Accelera Expands Battery Production in Europe
Today, at its IAA Transportation 2026 press conference, Cummins Inc. (NYSE: CMI), a global power solutions leader, and Accelera™ by Cummins announced plans to expand battery manufacturing in Europe, while highlighting a broad portfolio of technologies designed to give customers more choice as they navigate the evolving transportation landscape.
Accelera Expands Battery Production in Europe
Amy Davis,
president of Accelera and Components, said:
We’re seeing growing demand for battery-electric solutions in the European commercial vehicle market, and our customers are looking for partners who can help them scale with confidence,
“Manufacturing in Spain strengthens our ability to support customers locally, while positioning us for long-term growth in the region.”
The Spain facility will produce the Advanced LFP (lithium iron phosphate) battery platform, designed specifically for demanding commercial vehicle applications, including buses and trucks. The batteries are engineered to help customers meet operational requirements, while advancing their decarbonization goals. The investment reflects a long-term commitment to the European market and supports the growing adoption of battery-electric commercial vehicles throughout the region.
Advancing Engine Innovation with Cummins HELM™ Platforms
The press conference also highlighted Cummins HELM™ platforms, a portfolio designed to provide customers with more technology and fuel options, while reducing complexity for original equipment manufacturers (OEMs). HELM platforms support multiple markets, applications and selected fuel types, helping customers navigate evolving emissions requirements while maintaining performance, reliability and operational flexibility.
Brett Merritt,
president, Engine Business, said:
Our customers need solutions that help them succeed today, while preparing for the future,
“We’re excited to showcase how Cummins is delivering through a broad portfolio of power solutions, deep engineering expertise and continued innovation. Whether customers are focused on improving performance, lowering total cost of ownership or advancing their decarbonization goals, we’re committed to helping them navigate the path forward with confidence.”
Among the technologies on display is the new Cummins HELM™ B7.2 engine, which builds on one of the company’s most successful engine platforms. The B7.2 is designed to meet evolving emissions requirements without sacrificing performance, reliability or uptime. Cummins is also showcasing the X15N heavy-duty natural gas engine in Europe for the first time, providing customers with a lower-carbon solution that can be deployed today.
Additionally, Cummins is demonstrating the hybrid capability of its X10 platform – the first Cummins HELM™ platform engine to launch in Europe. The X10 uses a common engine architecture designed to support advanced diesel and potential future fuel variants as market requirements evolve. Engineered for demanding global emissions standards, including Euro 7, the X10 combines high power density with improved fuel efficiency and can enable operators to downsize from larger 11-liter and 13-liter engines.
Together, the B7.2, X10 and X15N demonstrate Cummins’ commitment to providing multiple pathways to help customers achieve their business and sustainability goals.
Components Technologies Enhance Performance and Efficiency
Cummins’ Components business will showcase a broad portfolio of integrated technologies designed to work across the vehicle and powertrain to enhance performance, efficiency and reliability while supporting future emissions requirements and helping reduce total cost of ownership.
The flexible U-Module aftertreatment system, designed to meet Euro 7, NS-VII and BS-VII emissions regulations, will be featured alongside the X10 and B7.2 engines. Also on display will be the Meritor® 17X HE Class 8 single rear drive axle and the MIS-09 ProTec™ Independent Front Suspension for bus and coach applications.
Together with integrated engine technologies spanning turbochargers, valvetrain solutions, fuel systems, software and electronics, these technologies demonstrate how Cummins’ system-level expertise can help optimize overall engine and vehicle performance.
Explore Cummins’ Broad Portfolio of Power Solutions
Throughout the show, attendees can visit the Cummins booth (Hall 19/20, Stand A21) to explore the company’s broad portfolio of power solutions- from hybrid solutions and advanced diesel to natural gas and battery electric- whatever your path, Cummins is your trusted partner.
the latest
Batteries News
shaping the battery market
Cummins – Accelera Expands Battery Production in Europe,
Business Development",full,,dom_or_structured_full_text,,https://batteriesnews.com/cummins-accelera-expands-battery-production-in-europe/,Batteries News,电池,综合电池新闻/市场情报,2026-09-26T00:24:54+00:00,零碳产业 > 能量转化 > 能量存储 > 电化学储能 > 二次电池 > 传统蓄电池 > 有机体系 > 锂电,零碳产业,锂电,"[{""path"":[""零碳产业"",""能量转化"",""能量存储"",""电化学储能"",""二次电池"",""传统蓄电池"",""有机体系"",""锂电""],""path_text"":""零碳产业 > 能量转化 > 能量存储 > 电化学储能 > 二次电池 > 传统蓄电池 > 有机体系 > 锂电"",""confidence"":0.85,""reason"":""Cummins Accelera扩建欧洲LFP电池产能，属锂电池制造。""},{""path"":[""通用技术"",""通信和运输"",""物质运输"",""陆路运输""],""path_text"":""通用技术 > 通信和运输 > 物质运输 > 陆路运输"",""confidence"":0.7,""reason"":""该LFP电池平台专为商用车、客车和卡车电动化应用设计。""}]",classified,2026-09-26T00:49:49.859553+00:00,glm-5.2,2026-09-10,
Fraunhofer IIS Develops Automated X-Ray Analysis for Electric Vehicle Batteries - Batteries News,2026-09-25,"Fraunhofer IIS Develops Automated X-Ray Analysis for Electric Vehicle Batteries
Fürth – The Fraunhofer Institute for Integrated Circuits IIS has developed a software library for the automated analysis of 2D X-ray images of vehicle batteries as part of the AIR project. The technology enables the non-destructive assessment of mechanical abnormalities in battery systems, supporting both second-life applications and the safe handling of electric vehicles involved in accidents.
Reusing vehicle batteries can play an important role in conserving resources and lowering CO₂ emissions. Batteries that retain adequate performance and meet safety requirements can be repurposed for stationary second-life applications, ranging from residential energy storage to commercial and grid-scale storage systems.
Researchers at the Development Center X-ray Technology of Fraunhofer IIS and the Hochschule München , developed the AIR system to assess the mechanical integrity of used and accident-damaged high-voltage batteries without opening the battery pack or dismantling components. The system automatically detects cylindrical, prismatic, and pouch cells and identifies geometric irregularities that may indicate cell displacement, deformation, or swelling.
Mechanical Integrity as a Complement to State-of-Health Assessment
The electrical and electrochemical condition of a battery is typically assessed using the so-called State of Health (SoH). However, mechanical integrity is also an important consideration when deciding on battery reuse, transportation, or further diagnostic testing. Aging, vibrations, accidents, or deformation can affect battery cells and modules and may therefore have safety implications. To date, these aspects can only be assessed non-destructively to a limited extent in closed battery packs.
The AIR system addresses this challenge by enabling X-ray inspection of complete battery packs and providing additional information about their internal geometry and potential structural irregularities. The resulting X-ray findings form part of an overall assessment and do not replace electrical testing or case-specific safety evaluations.
Automated Analysis of 2D X-Ray Projections
The AIR system is designed as an X-ray scanning system. Depending on the inspection setup, either a battery pack or an entire vehicle is moved through the X-ray beam. The software developed as part of the project automatically analyzes the resulting 2D X-ray projections. In the test environment used, the evaluation of a battery pack took approximately five minutes. The actual total inspection time depends on several factors, including the size of the battery pack, the inspection setup, and the number of projections acquired.
Case Study: VW ID.3 Following a Frontal Collision
The performance of the AIR system was evaluated in a case study involving a VW ID.3. Prior to the investigation, the vehicle had been subjected to a frontal crash test under laboratory conditions at DEKRA. During the test, the ID.3 collided with the rear of a stationary VW Tiguan at a speed of 79 km/h.
Despite substantial deformation damage to the front section of the vehicle, the X-ray examination of the high-voltage battery installed in the vehicle’s underbody revealed no safety-critical structural irregularities visible in the analyzed projections.
The radiographic analysis of the nine battery modules revealed a uniform cell arrangement. Cell boundaries remained parallel in the X-ray projections examined, and no overlaps or bulging were detected. The image analysis software automatically identified the pouch cells and compared the curvature of selected cell edges. No critical deviations indicative of structural damage were observed.
The X-ray examination was complemented by a hazard assessment conducted in accordance with DEKRA guidelines, an evaluation of the Event Data Recorder (EDR) data, analysis of battery management system data, and additional electrical testing.
Based on the overall assessment, the high-voltage battery was classified as EUCAR Hazard Level 0, the lowest hazard category, and deemed suitable for continued use in this particular case.
Cylindrical Cells: Automated Detection of Severe Battery Deformation
The method was also tested on a traction battery containing cylindrical cells following a crash. The AIR system analyzed an X-ray top view of the battery pack and automatically determined the positions of the individual cells.
The analysis revealed a region that had undergone significant deformation due to mechanical loading. Compared with a reference dataset, several cells were visibly displaced. The automated position analysis detected these deviations and delineated the affected area. No indications of cell swelling were observed in the X-ray projections examined.
Despite the absence of indications of swelling, further use of this traction battery is not recommended due to the clearly identifiable mechanical deformation. The findings demonstrate that X-ray analysis can automatically identify damaged areas and thereby support decisions regarding further diagnostic testing, safe storage, transportation, or recycling.
Potential for Battery Reuse, Safety, and Resource Conservation
The results of the AIR project can help improve the assessment of used vehicle batteries for second-life applications. A more comprehensive evaluation of mechanical integrity can also support the handling of accident-damaged vehicles and batteries, for example during transportation, storage, or further diagnostic testing.
The technology may also be relevant for future inspection concepts in the context of periodic vehicle inspections for electric vehicles. Looking ahead, the planned Giant-Eye CT system at the Fraunhofer IIS Development Center X-ray Technology in Fürth is expected to further expand the possibilities for three-dimensional analysis of complete electric vehicles.
the latest
Batteries News
shaping the battery market
Fraunhofer IIS Develops Automated X-Ray Analysis for Electric Vehicle Batteries,
Business Development",full,,dom_or_structured_full_text,,https://batteriesnews.com/fraunhofer-iis-develops-automated-x-ray-analysis-for-electric-vehicle-batteries/,Batteries News,电池,综合电池新闻/市场情报,2026-09-26T00:24:56+00:00,通用技术 > 检测和表征 > 先进科学仪器,通用技术,先进科学仪器,"[{""path"":[""通用技术"",""检测和表征"",""先进科学仪器""],""path_text"":""通用技术 > 检测和表征 > 先进科学仪器"",""confidence"":0.88,""reason"":""核心成果是自动化X射线无损检测分析系统，属先进检测表征仪器。""},{""path"":[""零碳产业"",""物质循环"",""资源回收利用与排放治理"",""梯次利用""],""path_text"":""零碳产业 > 物质循环 > 资源回收利用与排放治理 > 梯次利用"",""confidence"":0.7,""reason"":""该技术用于评估退役车用电池机械完整性，支撑二次寿命梯次利用。""}]",classified,2026-09-26T00:49:49.859553+00:00,glm-5.2,2026-09-10,
HPQ Silicon - French Army Technical Section (STAT) Awards Novacium a Contract to Supply High-Capacity Prototype Batteries for Tactical Radios - Batteries News,2026-09-25,"HPQ Silicon – French Army Technical Section (STAT) Awards Novacium a Contract to Supply High-Capacity Prototype Batteries for Tactical Radios
Novacium was selected for its high-capacity GEN 3 and GEN 4 cylindrical cells, designed for high-capacity battery applications. The contract was awarded at the end of June 2026
MONTREAL, Canada
— HPQ Silicon Inc. (“HPQ” or the “Company”) (
TSX-V: HPQ
OTCQB: HPQFF
FRA: 8PY1
), is pleased to inform its shareholders that its strategic partner, NOVACIUM SAS, a French deep-tech company specializing in green engineering of materials for energy applications, has announced that the French Army Technical Section (“STAT”) awarded it a contract [1] at the end of June 2026 for the development and supply of high-capacity prototype batteries to be evaluated in tactical radios. For procedural reasons, the award could not be announced prior to today.
In August 2024, STAT, the French Army organization responsible for evaluating and qualifying equipment for land forces, contacted Novacium after reviewing published results from cells developed using its silicon-based anode material. The organization sought to evaluate the possibility of integrating Novacium’s cells into the batteries used in its tactical radios.
Following six months of internal development, Novacium’s teams developed two battery prototypes, which were provided to STAT in April 2025. The initial results were conclusive: with comparable form factors and interfaces, energy capacity increased by 23% compared with the reference battery.
Building on these results, in September 2025 Novacium met with France’s Directorate General of Armaments (DGA), Defence Innovation Agency (AID), and STAT to propose a work program to develop very high-capacity prototype batteries.
Several months of discussions followed to refine the program around an ambitious objective: significantly increasing, or potentially doubling, the energy capacity of tactical radio batteries without modifying existing connectors, chargers, or interfaces. This work resulted in a contract award to Novacium at the end of June 2026.
Selection Based on the Performance of Novacium’s High-Capacity Cells
Novacium was selected based on the performance of its very high-capacity GEN 3 and GEN 4 cylindrical cells, designed for high-capacity battery applications. This distinctive energy density made it possible to propose a solution capable of meeting STAT’s objective: significantly increasing the operating time of tactical radios without disrupting existing charging infrastructure, procedures or the logistics chain.
The contract provides for delivery in successive batches, structured around operational field feedback (RETEX). The first batch of prototypes will undergo an evaluation campaign under operational conditions, after which STAT and Novacium will jointly prepare a detailed RETEX. Lessons learned from this evaluation will guide design adjustments before production of a second batch that will better reflect a series-production configuration.
Dr. Jed Kraiem,
Ph.D., Chief Operating Officer of Novacium, said:
The award of this contract by STAT represents an important recognition of Novacium’s expertise in designing high-performance cells and batteries for demanding environments.
”We were selected because our GEN 3 and GEN 4 cells offer a distinctive energy density capable of meeting particularly demanding specifications. This program illustrates our strategy: applying our materials and battery expertise to critical defence and security applications,”
Potential Applications with Other Allied Forces
The expertise deployed under this program (high-capacity cell integration, battery management system adaptation and enclosure design) could be applied to other battery formats for tactical radios used by the armed forces of NATO member countries. A successful evaluation by STAT could serve as a technical reference to support this approach. However, each adaptation would remain subject to the relevant platform’s specific requirements, qualification testing, and separate procurement decisions.
Bernard Tourillon,
President and CEO of HPQ Silicon Inc., which serves as President of Novacium, said:
Novacium’s selection by the French Army’s technical organization responsible for equipment evaluation and qualification represents an important step in validating its expertise,
“If the evaluation phase confirms the expected performance, this program could become a relevant technical reference for presenting the solution to other allied forces with comparable requirements. For HPQ, every advance Novacium makes in the defence sector also strengthens the strategic value of our 36.8% interest in Novacium, as well as the potential to commercialize in North America the technologies covered by our licensing agreement.”
This contract is part of the continued development of Novacium’s activities in the defence and autonomous systems sectors. It follows the
August 19, 2026
, announcement of a first order for battery packs intended to power drones to be delivered to a French Army regiment through LN’INNO
the latest
Batteries News
shaping the battery market
HPQ Silicon – French Army Technical Section (STAT) Awards Novacium a Contract to Supply High-Capacity Prototype Batteries for Tactical Radios,
Business Development",full,,dom_or_structured_full_text,,https://batteriesnews.com/hpq-silicon-french-army-technical-section-stat-awards-novacium-a-contract-to-supply-high-capacity-prototype-batteries-for-tactical-radios/,Batteries News,电池,综合电池新闻/市场情报,2026-09-26T00:24:57+00:00,零碳产业 > 能量转化 > 能量存储 > 电化学储能 > 二次电池 > 传统蓄电池 > 有机体系 > 锂电,零碳产业,锂电,"[{""path"":[""零碳产业"",""能量转化"",""能量存储"",""电化学储能"",""二次电池"",""传统蓄电池"",""有机体系"",""锂电""],""path_text"":""零碳产业 > 能量转化 > 能量存储 > 电化学储能 > 二次电池 > 传统蓄电池 > 有机体系 > 锂电"",""confidence"":0.85,""reason"":""核心事件是Novacium高容量圆柱电池原型获法国陆军合同，属于锂电池技术与产品供应。""}]",classified,2026-09-26T00:49:54.967371+00:00,glm-5.2,2026-09-10,
How Maersk Will Optimise PUMA's US Fulfilment Network,2026-09-25,"How Maersk Will Optimise PUMA's US Fulfilment Network
Prioritise Us
on Google
Maersk has assumed direct management of PUMA's North American distribution network. Credit: PUMA
Helmut Leibbrand, SVP of Supply Chain Management and Logistics Americas at PUMA, says expanding with Maersk will optimise its US distribution network
Maersk has assumed direct management of PUMA's North American distribution network, taking operational control of three automated fulfilment centres across California, Arizona and Indiana.
Totalling 2.3 million square feet, the trio of facilities supports PUMA's wholesale partners, retail stores and
ecommerce channels
The partnership aims to boost fulfilment performance, maximise throughput speed and streamline regional product movement by combining robotics technology with integrated logistics expertise.
“This next phase of our partnership strengthens our ability to move products more efficiently across channels, improve responsiveness to changing demand and create greater value from the investments we've made in our US distribution infrastructure,” says Helmut Leibbrand, Senior Vice President of Supply Chain Management and Logistics Americas at PUMA.
Maersk-PUMA Partnership
Maersk now manages three automated PUMA distribution centres across California, Arizona and Indiana
The facilities total approximately 2.3 million square feet
The Torrance, California site will become Maersk's first multi-client AutoStore deployment in North America
Starting in 2027, Torrance will support additional brands with capacity for roughly 20 million units annually
Maersk operates more than 70 fulfilment facilities across North America, totalling 22.5 million square feet
Helmut Leibbrand, Senior Vice President of Supply Chain Management & Logistics Americas at PUMA. Credit: Helmut Leibbrandt via LinkedIn
Automating PUMA’s US distribution
Under the agreement, Maersk will operate three strategic locations equipped with AutoStore cube-based robotics.
AutoStore is an automated storage and retrieval system that combines proven cube-based
automation with advanced software
Inventory is stored within a compact grid and automatically retrieved by robots, bringing goods directly to employees at workstations for
picking and packing
In 2024, Deloitte surveyed 600 executives from large manufacturing companies with headquarters or operations in the US and 46% of respondents ranked process automation as the first or second priority for investment within the next two years.
Maersk says: “AutoStore helps improve speed, efficiency and workplace productivity while making better use of available warehouse space.
“Its flexible and scalable design also helps operations adapt to changing demand and maintain consistent fulfilment performance across ecommerce, retail and wholesale channels.”
We are creating a more flexible and scalable fulfilment model
Dave Hune, North America Head of Maersk Contract Logistics
Maersk’s North American network
According to Maersk, it operates more than 70
fulfilment facilities
covering approximately 22.5 million square feet in North America.
Maersk provides a variety of logistics services to help PUMA reach its consumers around the world.
These services include warehousing and distribution, including fulfilment, air freight, customs services and inland transportation.
Moving forward, this next phase of the partnership aims to strengthen
PUMA's US distribution network
In 2027, Maersk plans to launch its first multi-client AutoStore operations in North America at the Torrance site, utilising excess capacity to process up to 20 million units annually for other brands.
""By combining our logistics network with PUMA's automated infrastructure, we are creating a more flexible and scalable fulfilment model that maximises asset utilisation while reducing total operational costs,"" says Dave Hune, North America Head of Maersk Contract Logistics.
Key companies
Headquarters: Copenhagen, Denmark
CEO: Vincent Clerc
A global leader in integrated logistics, Maersk operates across 130 countries, connecting ocean freight, port terminals and landside distribution. The company leverages digital platforms, cold-chain logistics and green-fuel fleets to deliver end-to-end supply chain management for global containerised commerce.
Headquarters: Herzogenaurach, Germany
CEO: Arthur Hoeld
PUMA is a leading global sportswear brand designing, developing and marketing athletic footwear, apparel and accessories. The company continuously drives omnichannel supply chain efficiency through highly automated distribution networks, smart warehouse technology and integrated multi-client fulfilment platforms.
Company portals
Executives
Dave Hune
North America Head of Maersk Contract Logistics
Helmut Leibbran
Senior Vice President of Supply Chain Management & Logistics Americas",full,,dom_or_structured_full_text,,https://supplychaindigital.com/news/how-maersk-will-optimise-pumas-us-fulfilment-network,Supply Chain Digital,综合媒体,关键原材料/矿产,2026-09-26T00:25:43+00:00,未分类,,,[],unclassified,2026-09-26T00:49:54.967371+00:00,glm-5.2,2026-09-10,
Climate Week NYC: Building Resilient Food Supply Chains,2026-09-25,"Climate Week NYC: Building Resilient Food Supply Chains
Prioritise Us
on Google
Leaders at Climate Week NYC explore the food supply chain. Credit: Unsplash
As ongoing climate events start impacting the food supply chain, leaders from Nestlé, Fair Trade and more convened at the Food Forum at Climate Week NYC
Food is an incredibly important resource, but it is also facing growing risk. Despite its critical nature, it can be overlooked when discussing climate action and the impact of climate change.
At Climate Week New York, senior leaders took to The Food Forum to explore the food supply chain and where businesses can
improve traceability
Speakers took part in a meaningful discussion, looking at where collaboration can make a difference.
A critical period
In recent years, external shocks have made their impact on food supply chains around the world. An increase in
extreme weather events
has put pressure on food production in various ways. Floods and unseasonable rainfall have resulted in food rot, crops have been ruined due to fires and drought and early harvests have been a result of higher temperatures.
The UK Government has declared food security as a national security issue, and other governments around the world are beginning to explore their own strategies.
The food supply chain covers agriculture, manufacturing, storage, distribution, wholesale and retail. As a highly interconnected system, it is incredibly complex, relying on time-sensitive deliveries, temperature-controlled storage, managing supply and demand and picking crops at the exact right time.
Agriculture timelines need to be planned years in advance, but recent weather disturbances have meant crops are ready to harvest earlier than expected, or yields are at a much lower intake. This has led to the growing disruption to food supply chains, with no signs of return to normal production.
As a result, business leaders around the world are looking to strengthen resilience and do their part to minimise environmental impact. Through improving traceability and reducing waste, leaders are working to make a food supply chain that lasts.
Key numbers
The agri-food sector supported 4.1 million jobs across Great Britain in 2025 (National Audit Office)
17% of GHG emissions come from agriculture
UK farmers are preparing for price increases of up to 70%
Nestle now sources 30% of its raw materials from farmers using regenerative agriculture practices
Nestle is committed to sourcing 50% of raw materials from regenerative agriculture practises by 2030
Fair Trade has mobilised more than US$1.4bn directly in fair trade premiums to community development funds in the past 30 years
75% of nitrous oxide emissions comes from agriculture
Responsible farming
The Food Forum at
Climate Week NYC
hosted leaders from a range of organisations over a series of panels. The recurring topics were traceability, expense and governmental policy.
Suzanne Sengelmann, CEO of Lundberg Family Farms, explained that moving to organic or
regenerative organic farming
is a risk for the farmer, as large-scale transitions can take more than three years before they are fully in place. At this time, there is a lack of profitability, as there is no official seal demonstrating these farmers are using these practises. As a result, they are enduring the added costs without seeing the benefit.
“For any farmer trying to start making the transition, it's expensive and a huge risk. So they need capital and they need secured demand,” Suzanne says.
Suzanne Sengelmann, CEO of Lundberg Family Farms
However, conversation on regenerative farming and other sustainable changes continues, exploring the long-term benefits of making this change. Though the initial cost is significantly higher, it is both better for the environment and for establishing long term resilience.
Yann Wyass, Global Head of Public Affairs at Nestlé looks at developing resilience from a global organisation’s perspective. Nestlé sells one billion products a day, around the world, showing the immense scale of the company.
“We are working very hard on regenerative agriculture and there are two main reasons for that,” he explains.
Yann Wyass, Global Head of Public Affairs at Nestlé
“The first reason is for climate resilience, but the second is for business resilience. Fertiliser price hikes, for example, have impacted a lot of farmers recently.
“We are very mindful that the transition from conventional or traditional farming to regenerative agriculture farming is and can be a risk to farmers. So we also combine what we do on Regen Ag with income, living income activities.”
Traceability is key to any claim. If you don't know where your food has come from, any claim you make about it is nonsense.
Chris Ninnes, CEO, Aquaculture Stewardship Council
Policy concerns
Despite this, many consumers and businesses around the world are limited. There are so many external factors which go into determining how people shop, or what they prioritise in their farming.
“You can't just say it's an individual consumer choice because
people's choices are shaped by policy
. They're shaped by how poor they are or the markets they have exposure to, the products that are marketed at them,” explains Paloma Lopez, Chief Sustainability and Communications Officer, North America Bel Group.
“There's no room to blame or shame individuals into making better choices for the planet. Our job is to figure out how we enable those consumer choices that are going to reshape our food production systems.”
Paloma Lopez, Chief Sustainability and Communications Officer, North America Bel Group
The world is currently facing a super El Niño, meaning food security is going to get worse in the approaching years. As a food supply chain is years in the making, the impact is a long-term issue.
This year, vulnerabilities in the food chain have been exposed, unveiling where organisations have dependencies on certain products or processes, or where they have crucial data points missing. The global food supply chain is at a crucial stage, with opportunities to become more domestic and more sustainable.
Traceability is crucial in this step. A leader can only make a positive impact with their supply chain, if they can track their supply chain. Every part needs to be visible, allowing leaders to fully understand their product and its impact.
The forum points to data visibility and technology as a core driver to change, but small organisations are limited without thoughtful policy and large-scale backing.
Climate change impacts
every part of the food system, from the growth of the product, to how it is delivered or the way the consumer receives the product. Resilience in this industry is not just about ensuring quantity, but also nutritional value and diversity of food sources.
Experts switched out on panels at the Food Forum at Climate Week. Credit: Climate Week
Key companies
CEO: Philipp Navratil
HQ: Vevey, Switzerland
Global food and beverage leader with one billion products sold daily worldwide. The company sources 30% of raw materials from regenerative agriculture practices and aims for 50% by 2030, investing in farmer income programs and climate resilience initiatives across global supply chains.
Lundberg Family Farms
CEO: Suzanne Sengelmann
HQ: California, US
Organic rice producer pioneering regenerative agriculture transitions. The family-owned company focuses on supporting farmers through the costly three-year transition period to organic certification, providing both capital and secured demand commitments to reduce financial risk.
Fair Trade
CEO: Felipe Arango
HQ: California, US
Global certification organization mobilizing US$1.4bn in community development funds over 30 years. The organization connects farmers with premium pricing structures and ensures ethical sourcing standards while supporting sustainable agricultural practices and farmer livelihoods.
Aquaculture Stewardship Council
CEO: Chris Ninnes
HQ: Utrecht, Netherlands
Leading certification body for responsible aquaculture. The organization establishes traceability standards across seafood supply chains, ensuring environmental sustainability and social responsibility while enabling transparent claims verification for consumers and businesses.
Company portals
Aquaculture Stewardship Council
Bel Group
Lundbergs Family Farms
Executives
Chris Ninnes
Paloma Lopez
Chief Sustainability and Communications Officer, North America
Suzanne Sengelmann
Chief Executive Officer
Yann Wyss
Global Head, Public Affairs",full,,dom_or_structured_full_text,,https://supplychaindigital.com/news/climate-week-nyc-building-resilient-food-supply-chains,Supply Chain Digital,综合媒体,关键原材料/矿产,2026-09-26T00:25:45+00:00,未分类,,,[],unclassified,2026-09-26T00:49:54.967371+00:00,glm-5.2,2026-09-10,
Amazon Invests $100m in Indiana Robotics Manufacturing,2026-09-25,"Amazon Invests $100m in Indiana Robotics Manufacturing
Prioritise Us
on Google
Amazon has announced plans to invest more than US$100m in a new 585,000 square-foot advanced manufacturing facility in Greenwood, Indiana. Credit: Amazon
Holly Sullivan, VP of Economic Development at Amazon, says a $100m Greenwood facility strengthens its robotics supply chain while creating 300 skilled jobs
Amazon has announced plans to invest more than US$100m in a new 585,000 square-foot
advanced manufacturing
facility in Greenwood, Indiana.
The investment will create 300
skilled manufacturing
and engineering jobs, with average salaries of nearly US$100,000 annually.
According to Amazon, it supports more than 27,000 direct jobs and 40,000 indirect jobs across the state, contributing more than US$35bn to Indiana's GDP.
“We're thrilled to bring 300 advanced manufacturing jobs to Greenwood, Indiana, and to continue investing in growth and opportunities across the state,” says Holly Sullivan, Vice President of Economic Development at Amazon. “This facility represents a significant investment in the Indianapolis community that will create jobs with a median salary well above the regional average.”
Amazon's Greenwood Investment
Amazon is investing more than US$100m in a new manufacturing facility in Greenwood, Indiana
The facility will create 300 skilled manufacturing and engineering jobs
Workers will earn an average salary of nearly US$100,000 per year
The 585,000-square-foot site is expected to launch by 2028
Amazon has invested more than US$40bn in Indiana since 2008
Holly Sullivan, VP of Economic Development at Amazon. Credit: Jacky Akbari via LinkedIn
Inside Amazon's Greenwood manufacturing plant
The facility will integrate advanced fabrication, robotic welding, automated powder coating and assembly capabilities under one roof, supported by AWS and
AI-powered
smart manufacturing systems.
New roles will include CNC operators, welders, powder coating technicians, assemblers, manufacturing engineers, quality assurance specialists, controls engineers and programme managers.
The facility will produce products that power Amazon's fulfilment and robotics network across North America and is expected to launch by 2028.
The investment builds on nearly two decades of Amazon activity in Indiana, where the company has invested more than US$40bn since 2008.
Amazon has invested more than US$230bn in US manufacturing goods and equipment since 2010, while manufacturing more than one million robots domestically.
robots are now deployed
across more than 300 facilities across the globe.
This facility represents a significant investment in the Indianapolis community.
Holly Sullivan, VP of Economic Development at Amazon
Strengthening supply chains through robotics
Amazon's decision to manufacture its own robotics components domestically highlights how large operators are approaching supply chain resilience.
In 2025, Ocado Group announced that it would manufacture and deploy
its own proprietary robotics systems
, such as its On-Grid Robotic Pick arms and autonomous mobile robots.
Robotics and automation
have become central to that strategy because of the measurable returns they deliver.
McKinsey research on AI-enabled distribution operations found reductions of 20 to 30% in inventory levels, 5 to 20% in logistics costs and 5 to 15% in procurement spend among companies that have embedded AI and automation into their supply chain workflows.
Key companies
Headquarters: Washington, US
CEO: Andy Jassy
Amazon is a global technology leader dominating e-commerce and cloud computing. The company continuously drives supply chain innovation through proprietary robotics, AI-driven fulfilment systems, and autonomous infrastructure to maximise operational efficiency and delivery speed.
Ocado Group
Headquarters: Hertfordshire, UK
CEO: Tim Steiner
Ocado Group is a British technology pioneer specialising in automated logistics and grocery fulfilment. The company designs, builds, and licenses proprietary robotics and software platforms globally, transforming warehouse operations for major international grocery retailers.
Company portals
Ocado Group
Executives
Holly Sullivan",full,,dom_or_structured_full_text,,https://supplychaindigital.com/news/amazon-invests-100m-in-indiana-robotics-manufacturing,Supply Chain Digital,综合媒体,关键原材料/矿产,2026-09-26T00:25:47+00:00,未分类,,,[],unclassified,2026-09-26T00:49:54.967371+00:00,glm-5.2,2026-09-10,
Mars Advances Resilience and Traceability in Supply Chain,2026-09-25,"Mars Advances Resilience and Traceability in Supply Chain
Prioritise Us
on Google
Mars is working to strengthen resilience in cocoa supply chains. Credit- Mars
Mars invests in traceability and climate-smart agriculture to strengthen cocoa supply chains and support responsible sourcing across global origins
Mars is working to build more
resilient cocoa supply chains
through its Cocoa for Generations strategy, which addresses sourcing standards, climate risk and the distribution of resources across its procurement network.
The company's 2025 Progress Report details investments in traceability systems, agroforestry distribution and supply chain mapping. Mars reports that suppliers sourced a volume of responsibly sourced cocoa equivalent to 98% of what the business required for Mars-branded products in 2025.
The business fell short of its full 2025 responsible sourcing targets but says it continues to fund initiatives designed to address interconnected supply chain challenges. As
Mars looks beyond 2025,
it is placing greater emphasis on professionalising cocoa farming and diversifying where and how cocoa is produced and sourced.
Supply chain traceability standards
Mars' Cocoa for Generations strategy uses third-party verification, farm mapping and supply chain traceability to support responsible production across its procurement network.
All responsibly sourced cocoa is required to be
deforestation and conversion-free
, according to Mars. The Responsibly Sourced Cocoa Programme applies verification processes intended to monitor compliance across the supply chain.
In West Africa, suppliers implemented child labour monitoring and remediation systems for all cocoa volume produced and purchased from participating farmers in 2025. Mars acknowledges that its use of mass balance means cocoa from compliant sources may be mixed with other cocoa during processing, storage and transportation.
The company cannot guarantee the origin of the cocoa in a specific product because of how mass balance functions in its supply chain. This could mean that Mars-branded products contain cocoa from sources outside the verified network, even when the company procures an equivalent volume from compliant suppliers.
""Our progress is important because the challenges facing the cocoa sector are interconnected. Farmer prosperity, productivity, climate resilience, forest protection, community well-being and long-term supply security must be addressed together,"" says Benjamin Guilbert, Global Senior Vice President, Mars Cocoa Enterprise, in Mars' Cocoa for Generations 2025 progress report.
""Meaningful progress requires collaboration with stakeholders in the cocoa sector, integrated solutions, sustained investment and a commitment to continuous learning and improvement.""
Benjamin Guilbert, Global Senior Vice President, Cocoa Enterprise at Mars
Climate risk and tree distribution
Mars funded the distribution of more than five million trees in Côte d'Ivoire and Ghana in 2025, supporting efforts to restore damaged land and improve biodiversity across cocoa-growing regions.
These initiatives aim to make cocoa farms more
resilient to climate change
Across Latin America, Mars launched its first climate-smart agriculture programme with suppliers in Ecuador, the Dominican Republic and Peru. The programme helps farmers improve soil health and crop yields while supporting land-use and emissions reduction objectives.
The company is working to expand regenerative farming approaches that can help protect ecosystems and strengthen the productivity of cocoa-growing landscapes. Mars states that its cocoa footprint has been reduced by approximately 1.5 million tonnes of CO₂e compared with its 2015 baseline.
""A global supply chain demands global effort,"" says Nupur Parikh, Global Senior Director, Cocoa Sustainability, Mars, in the report.
""Through programs that support cocoa farmers in origins across West Africa, Latin America and Southeast Asia, we're helping to advance climate-resilient practices, create more economic opportunities and secure the future of cocoa.""
Nupur Parikh, Global Senior Director, Cocoa Sustainability, Mars
Cocoa for Generations
To date, 37 cocoa clones have been registered by the Mars Center for Cocoa Science with Brazil’s Ministry of Agriculture.
There were 14 modules available through the Grower Toolkit in 2025, covering four languages.
It’s stated that 28 weeks is the effective period of the lychee-based attractant developed to help monitor cocoa pod borer populations in Southeast Asia.
Approximately 1.5 million tonnes of CO₂e is Mars’ estimated reduction in its cocoa footprint compared with its 2015 baseline.
Technology and procurement improvements
Science, innovation and farmer capability-building form part of Mars' efforts to improve productivity and resilience across its supply chain.
The company has developed improved cocoa planting materials in Brazil and Indonesia, alongside research into disease-resistant varieties. Mars has also developed tools to help farmers identify crop diseases earlier in the production cycle.
Digital initiatives include AI-powered applications designed to detect cocoa diseases and assess bean quality. These tools help farmers and processing facilities identify issues and take corrective action before supply is affected.
Mars is developing integrated pest management approaches and tools that can help farmers prioritise non-chemical interventions, including pruning and the removal of infected cocoa pods. To date, 37 cocoa clones have been registered by the Mars Center for Cocoa Science with Brazil's Ministry of Agriculture.
Programmes like this encourage Mars to ""strengthen the cocoa supply chain from the ground up"", explains Srikanth Ramachandran, Vice President, Global Cocoa Category, Mars, in the report.
The main goals include ""professionalising cocoa farms of all sizes"" and ensuring supply chains are more resilient, according to Srikanth. Through its Grower Toolkit, the company is sharing farming knowledge and best practices across cocoa-growing origins.
There were 14 modules available through the Grower Toolkit in 2025, covering four languages. The toolkit supports more informed decisions and the adoption of practices intended to improve agricultural productivity and supply reliability.
It is stated that 28 weeks is the effective period of the lychee-based attractant developed to help monitor cocoa pod borer populations in Southeast Asia. This monitoring tool aims to reduce crop losses and protect supply volumes in the region.
Mars is working to strengthen the cocoa supply chain. Credit: Getty
Meaningful progress requires collaboration with stakeholders in the cocoa sector, integrated solutions, sustained investment and a commitment to continuous learning and improvement.
Benjamin Guilbert, Global Senior Vice President, Mars Cocoa Enterprise
Sourcing diversification and partnerships
Mars' strategy recognises the importance of economic resilience and financial inclusion in cocoa-growing regions, which could affect the stability of its supply base.
Through initiatives such as Women for Change and the Journey to Thrive Programme, the company supports household livelihoods and women's economic participation. These programmes combine agricultural support with community-level interventions, including savings and loans associations and professional farm services.
""Combining the technical knowledge Mars has developed over the years with
ofi's on the ground expertise
is key to enabling precision agriculture practices tailored to the needs of small and medium-sized farmers,"" explains David Sandoval, Program Coordinator at ofi.
""The Grower Toolkit program has allowed us to share our knowledge in good agricultural practices and sustainability in cocoa, providing the field staff practical tools and recommendations to continue supporting and motivating cocoa farmers to implement more responsible and efficient practices.""
Mars intends to focus on professionalising cocoa farming, helping farmers improve productivity, strengthen farm management and build more reliable income streams. This could help stabilise supply volumes and reduce volatility in the procurement network.
The company plans to support the diversification of cocoa production and sourcing through climate-smart and regenerative approaches intended to improve soil health and protect biodiversity. Mars says these efforts are designed to strengthen the resilience of cocoa supply chains and reduce dependence on single-origin sourcing.
Looking forward, Mars is placing emphasis on geographical diversification and improved supply chain transparency. The business continues to
invest in traceability systems
, farmer training and climate adaptation measures across West Africa, Latin America and Southeast Asia.
Mars is emphasising geographical diversification. Credit: Mars
Partnering with Mars
Imperial College London
Mars joined Imperial Business Partners to collaborate with researchers on challenges including packaging, recycling, nutrition and agriculture, translating scientific research into practical applications.
Mars Petcare partnered with Calm to explore the relationship between pets and human wellbeing, launching a pet-inspired collection of Sleep Stories, meditations and mindfulness tools.
ADM, Mars Petcare and Royal Canin partnered to support regenerative agriculture across more than 100,000 US acres, incentivising farmers to adopt practices that improve soil health and resilience.
BVA - 2019
Mars Petcare and the British Veterinary Association partnered to explore pet obesity, examining nutrition, human behaviour and healthy body weight through research, awareness and education.
World Food Programme - 2015
Mars and the World Food Programme have collaborated since 2015 to strengthen food safety systems, train smallholder farmers and improve access to safe, nutritious food.
FAO - 2015
Mars and the Food and Agriculture Organization have collaborated since 2015 to strengthen food safety standards, improve mycotoxin management and address emerging food safety threats through science-based approaches.
Company portals
Executives
Benjamin Guilbert
Benjamin Guilbert, Global Senior Vice President, Cocoa Enterprise at Mars
David Sandoval
Program Coordinator
Nupur Parikh
Global Senior Director, Cocoa Sustainability",full,,dom_or_structured_full_text,,https://supplychaindigital.com/news/mars-advances-resilience-and-traceability-in-supply-chain,Supply Chain Digital,综合媒体,关键原材料/矿产,2026-09-26T00:25:49+00:00,未分类,,,[],unclassified,2026-09-26T00:49:54.967371+00:00,glm-5.2,2026-09-10,
Amazon & WEF: Innovation in Fashion Supply Chains,2026-09-25,"Amazon & WEF: Innovation in Fashion Supply Chains
Prioritise Us
on Google
A cross-industry initiative has been launched to innovate fashion supply chains
In a cross-industry initiative, the Climate Pledge Fashion Coalition has been launched, bringing together Amazon, Stella McCartney and World Economic Forum
Fashion supply chains are vast, interconnected networks which include raw material sourcing, design and final sale. Along the way, manufacturing and distribution are involved, adding further complexities to the chain.
The fashion industry faces significant challenges, including
major traceability gaps
beyond Tier-1, resulting in labour malpractices and poor environmental solutions.
In order to make the industry more responsible, The Climate Pledge Fashion Coalition has been founded.
Supply chain collaboration
At present,
the fashion industry
accounts for 2-8% of global greenhouse gas emissions, as well as contributing to significant plastic use, clothing waste, pollution, water consumption and microplastics. Within leading fashion brands, more than 95% of GHG emissions are Scope 3, caused by fragmented supply chains with poor transparency.
As climate events become more widespread, organisations need to act in order to reduce their impact and develop sustainable solutions for a more resilient future.
In a cross-industry collaboration, The Climate Pledge, Amazon, Stella McCartney and Canopy have co-founded The Climate Pledge Fashion Coalition. The coalition has support from the World Economic Forum and supports more than 60 Climate Pledge signatories.
It is a mass collaborative coalition, including fashion brands, manufacturers, retailers and innovators.
The aim is to support each other and reach net-zero carbon by 2040. By integrating new financing models and tools such as the Fashion Coalition Lever Library, the coalition aims to scale the use of sustainable materials and manufacturing processes across the industry. In doing so, the fashion supply chain environmental impact should be significantly reduced.
""Transitions of this scale don't happen brand by brand, they happen when an industry moves together,” explains Nicole Rycroft, Founder and Executive Director of Canopy.
“By diversifying fashion's fibre basket with emerging Next Gen materials, this coalition builds more resilient supply chains, reduces sourcing risk and keeps vital forests standing.”
Nicole Rycroft, Founder and Executive Director of Canopy
Industry figures
The fashion industry produces 2-8% of global greenhouse gas emissions annually
Scope 3 emissions account for 95% of leading fashion brands' total carbon footprint
More than 60 Climate Pledge signatories receive support through the coalition
30+ brands and suppliers collaborated to build The Fashion Coalition Lever Library
92 million tonnes of textile waste is generated worldwide each year (UNEP, 2024)
Fashion supply chains operate across 60+ industries through coalition partnerships
Sustainability innovation
At present, the materials and processes that could make a positive impact are too fragmented, costly or too scarce to be able to be implemented at scale. The coalition, therefore, is working to target early innovation, making it a standard process in the industry.
“Making sustainable materials the default rather than the premium choice requires entire value chains to move together,” says Clemence Schmid, Head of Circular Economy Transformation & Director, Global Plastic Action Partnership at World Economic Forum.
“The Climate Pledge Fashion Coalition is designed to enable that alignment to ultimately increase the confidence that can unlock investment to scale. This is how we can accelerate adoption today, not a decade from now.”
Clemence Schmid, Head of Circular Economy Transformation & Director, Global Plastic Action Partnership at World Economic Forum
The coalition will be supporting development, commercialisation and adoption of more sustainable materials and processes. This includes using waste feedstocks in materials, as well as driving processes that reduce water use and emissions.
Through changing industry standards, the coalition aims to transform the industry.
""For over two decades, I've worked alongside innovators proving that fashion can be made differently. The solutions already exist. What's been missing is the industry-wide commitment to help them scale,” explains Stella McCartney, Founder and Creative Director at Stella McCartney.
“The Climate Pledge Fashion Coalition is about turning innovation into infrastructure, creating real demand for the next generation of materials and giving the pioneers a pathway from
breakthrough to industry standard
Stella McCartney, founder Stella McCartney
Cross-industry impact
The Climate Pledge was co-founded by Amazon and Global Optimism in 2019 and has since grown to include more than 700 signatories across more than 60+ industries. Much of these industries have some relation with the fashion supply chain, creating a complex cross-sector network.
The coalition builds on a
model of collaboration
, with an industry that relies so heavily on a wealth of resources. Organisations across every part of the fashion supply chain are brought into this network, working towards the development of practical tools and lower-carbon supply chains, through innovative materials and technologies.
""Fashion has no shortage of ambition on sustainability,” states Kara Hurst, Chief Sustainability Officer at Amazon.
Kara Hurst, Chief Sustainability Officer at Amazon
“People are already looking for more sustainable options when they shop, and now the industry needs to deliver at scale. Through The Climate Pledge, we're bringing together more than 60
fashion and retail brands
, manufacturers, and innovators to help make that happen.""
WEF is helping the coalition to develop blended financing mechanisms which will help unlock large-scale investments. As a result, it will be easier to make sustainable materials competitive and grow them to scale.
More than 30 brands and suppliers consulted on the development of the Fashion Coalition Lever Library – a network to help companies identify the solutions, innovators and materials which will have a strong impact on their supply chain.
The coalition demonstrates how networks can come together to make a difference, offering real-world evidence for environmental transformation.
Through this, the fashion industry is working in tandem to remove waste from its supply chain and minimise its negative impact on the environment.
This is how we can accelerate adoption today, not a decade from now.
Clemence Schmid, Head of Circular Economy Transformation & Director, Global Plastic Action Partnership at World Economic Forum
Key companies
CEO: Andy Jassy
HQ: Washington, US
Amazon is a multinational technology company founded by Jeff Bezos in 1994, initially as an online bookstore. It has evolved into the world's largest e-commerce platform, offering cloud computing services (AWS), streaming entertainment, and artificial intelligence solutions. Amazon also operates physical retail stores and has made significant investments in sustainable initiatives, including co-founding The Climate Pledge to achieve net-zero carbon emissions.
Stella McCartney
CEO: Tom Mendenhall
HQ: London, UK
Stella McCartney is a British luxury fashion house founded in 2001 by designer Stella McCartney. The brand is renowned for pioneering sustainable and ethical practices in high fashion, never using leather, fur, feathers, or skin. McCartney emphasizes innovative materials, circular design, and transparency. The company partners with environmental organizations and uses regenerative agriculture practices, setting industry standards for responsible luxury fashion.
The Climate Pledge
The Climate Pledge is a commitment co-founded by Amazon and Global Optimism in 2019, pledging to achieve net-zero carbon emissions by 2040—ten years ahead of the Paris Agreement. Signatories commit to regular reporting, carbon elimination strategies, and credible offset measures. The initiative encourages cross-industry collaboration, with hundreds of companies participating. It represents a business-led approach to combating climate change through measurable, accountable action.
World Economic Forum
CEO: Alois Zwinggi
HQ: Cologny, Switzerland
The World Economic Forum is an international organization founded in 1971, headquartered in Geneva, Switzerland. It brings together political, business, cultural, and societal leaders to shape global, regional, and industry agendas. Best known for its annual meeting in Davos, the WEF addresses critical issues including economic development, climate change, healthcare, and technology. It facilitates public-private cooperation and promotes stakeholder capitalism.
Founder and Executive Director: Nicole Rycroft
HQ: Vancouver, Canada
Canopy is a Canadian environmental nonprofit organization founded in 1999, dedicated to protecting ancient and endangered forests. The organization collaborates with over 750 companies to develop forest-friendly supply chains, particularly in fashion, packaging, and publishing industries. Canopy's CanopyStyle initiative works with brands to eliminate ancient forest fiber from fabrics. Their innovative solutions include supporting Next Generation alternatives like agricultural residue-based materials.
Anna Sui
CEO: Anna Sui
HQ: New York, US
Anna Sui is an American fashion designer and brand founded in 1980, known for bohemian-inspired designs blending vintage Americana, rock-and-roll aesthetics, and global influences. Sui's distinctive style features bold prints, rich colors, and eclectic patterns. The brand has expanded to include cosmetics, accessories, and fragrances. Sui has received numerous accolades, including the CFDA Geoffrey Beene Lifetime Achievement Award, solidifying her iconic status.
Bananatex
CEO: Hannes Schoenegge
HQ: Zug, Switzerland
Bananatex is the world's first technical fabric made entirely from banana plants, developed by Swiss bag brand QWSTION in collaboration with yarn specialist Lean Plastics Technologies. The durable, waterproof material is cultivated in the Philippines using natural ecosystem forestry, requiring no pesticides or additional water. Bananatex is biodegradable and compostable, offering a sustainable alternative to petroleum-based technical fabrics for bags, accessories, and outdoor gear.
Vestiaire Collective
CEO: Bernard Osta
HQ: Paris, France
Vestiaire Collective is a global online marketplace for pre-owned luxury fashion founded in 2009 in Paris. The platform enables buying and selling authenticated designer items, promoting circular fashion and extending garment lifecycles. With millions of members worldwide, Vestiaire authenticates products, ensuring quality and legitimacy. The company has achieved B Corporation certification, demonstrating commitment to sustainability by reducing fashion waste and encouraging conscious luxury consumption.
Company portals
Stella McCartney
World Economic Forum
Executives
Clemence Schmid
Head, Circular Economy Transformation
Kara H. Hurst
Vice President, CSO, Worldwide Sustainability
Nicole Rycroft
Founder and Executive Director
Stella McCartney",full,,dom_or_structured_full_text,,https://supplychaindigital.com/news/amazon-wef-innovation-in-fashion-supply-chains,Supply Chain Digital,综合媒体,关键原材料/矿产,2026-09-26T00:25:51+00:00,未分类,,,[],unclassified,2026-09-26T00:49:54.967371+00:00,glm-5.2,2026-09-10,
Wegmans' US$110m Investment to Overhaul Distribution Network,2026-09-25,"Wegmans' US$110m Investment to Overhaul Distribution Network
Prioritise Us
on Google
Wegmans Food Markets has unveiled a landmark US$110m investment to overhaul its distribution network and scale operational capacity. Credit: Getty Images
Brian Olney, Senior Vice President of Supply Chain at Wegmans, outlines a US$110m distribution overhaul to boost capacity and streamline operations
Wegmans Food Markets has unveiled a landmark US$110m investment to overhaul its distribution network and scale operational capacity.
The company says its investment will elevate employee working environments and optimise store-level service.
Brian Olney, Senior Vice President of Supply Chain & Food Safety at Wegmans, says: “Modernising our network is essential to continuing to build a safe, more efficient, and more
resilient supply chain
“These investments will give our people the tools and facilities they need to better serve our stores today while creating the capacity to support Wegmans' continued growth for years to come.”
Wegmans Rochester Investment
Wegmans is building a new refrigerated facility in Rochester to support perishable operations
The company will relocate its return centre from Winton Road to a modernised Rochester building
Wegmans' Winton Road distribution centre will be consolidated into its Pottsville, Pennsylvania site
The consolidation is expected to be completed by spring 2027
Winton Road is Wegmans' oldest leased distribution facility, no longer meeting future service needs
Danny Wegman (third generation) serves as chairman, Colleen Wegman (fourth generation) is president and CEO, and Nicole Wegman (fourth generation) is president of Wegmans Brand. Credit: Wegmans
Wegmans Rochester investment
At the heart of the investment is a state-of-the-art refrigerated facility in Rochester, New York.
This specialised hub will manage high-velocity,
temperature-controlled categories
, including fresh produce, meat, seafood, deli and prepared restaurant products.
Alongside this facility upgrade, Wegmans will relocate and modernise its return centre operations site in Rochester.
""Rochester is our hometown and an important part of who we are as a company,"" says Colleen Wegman, President and CEO of Wegmans
Food Markets
. ""By continuing to invest in our stores and facilities here, we're strengthening our operations, creating long-term opportunities for our people, and ensuring Wegmans continues to grow in the community we're proud to call home.""
The company is also planning to consolidate its Winton Road general merchandise hub, which is Wegmans’ oldest leased facility.
Wegmans says it will consolidate its Winton Road general merchandise distribution centre to its facility in Pottsville, Pennsylvania by Spring 2027.
Rochester is our hometown and an important part of who we are as a company
Colleen Wegman, President and CEO of Wegmans Food Markets
In-housing grocery fulfilment logistics
Wegmans’ investment in Rochester represents an industrial shift across the
retail sector
Multiple businesses are aiming to increase control over their end-to-end supply chain systems, due to issues including costs around third party logistics.
According to research by McKinsey & Company, consumer goods and retail businesses that systematically optimise their distribution networks and end-to-end operational planning achieve a 10% to 15% supply chain cost advantage over industry average.
In April 2024, major grocer Ahold Delhaize USA completed a US$480m supply chain transformation to convert its East Coast distribution system into a fully integrated, self-distributed model.
Key companies
CEO: Colleen Wegman
Headquarters: New York, US
Wegmans Food Markets is a regional supermarket chain renowned for high-volume superstores, fresh food offerings, and service. Operating across the eastern United States, the enterprise manages integrated logistics, temperature-controlled distribution and private-label production to support community store networks.
Ahold Delhaize USA
CEO: Claire Peters
Headquarters: Massachusetts, US
Ahold Delhaize USA is a leading retail group operating local supermarket brands including Food Lion, Giant Food, The GIANT Company, Hannaford and Stop & Shop. The enterprise manages integrated fulfilment networks and omnichannel digital solutions to supply fresh grocery products.
Company portals
Ahold Delhaize USA
Executives
Brian Olney
Senior Vice President of Supply Chain & Food Safety
Colleen Wegman
President and CEO",full,,dom_or_structured_full_text,,https://supplychaindigital.com/news/wegmans-110m-investment-to-overhaul-distribution-network,Supply Chain Digital,综合媒体,关键原材料/矿产,2026-09-26T00:25:53+00:00,未分类,,,[],unclassified,2026-09-26T00:50:00.818683+00:00,glm-5.2,2026-09-10,
"Tesla ramps Optimus to hundreds a week, but the robots can't generalize",2026-09-25,"Tesla Optimus
Fred Lambert
| Sep 25 2026 - 7:45 am PT
Tesla is now building several hundred Optimus humanoid robots per week at Fremont, roughly 10 times its Q2 output, according to a new report. But the robots coming off the line still can’t handle generalized tasks – limiting their usefulness.
The report also describes fragile hands, misaligned parts on the assembly line, and suppliers that can’t hold quality at volume. Those are the two problems that decide whether humanoid robots make money: generalization and reliability.
Hundreds of robots, mostly for Tesla
The Information reported this morning
(paywalled) that Tesla went from a few dozen Optimus units a week during small-batch testing in Q2 to several hundred a week in August. Managers are reportedly aiming for a continuous automated line capable of more than 1,000 robots a week by the end of the year, with an eventual target of about 20,000 a week.
That line lives where the Model S and Model X used to be built. Tesla ended production of its two flagship vehicles in early May and
converted the Fremont line to Optimus
, pulling workers and engineers from S/X, and dozens more from Model Y, onto the robot program.
So where are all these robots going? Mostly nowhere. According to the report, most units are used internally for testing, training, and data collection. The ones working inside Tesla’s factories are confined to tightly controlled, supervised areas, and they’re programmed for specific tasks rather than running as general-purpose machines.
And the V3 robots Tesla is building now aren’t even the version it plans to commercialize. That one still has to pass stricter durability and reliability thresholds.
The hands are the hard part
Musk has promised human-level dexterity for Optimus. Getting there at scale is proving painful.
Per The Information, the hand and forearm contain over 100 screws and small components that workers still assemble by hand. Fixtures on several stations, including hands, joints, and electronics testing, can’t consistently line up parts that are far smaller and tighter-tolerance than anything on a car. The result is more robots needing rework after coming off the line.
Durability is its own problem. Some of the hand’s touch sensors have had reliability issues, and Tesla’s fix is a replaceable “sensing glove” that it plans to add next year so it doesn’t have to swap the whole hand.
Then there’s the supply chain. Tesla relies on outside suppliers, many in China, for motors and the precision gears that drive the joints. Some of them can make good parts in prototype quantities but struggle to keep quality consistent at higher volume.
Days to learn a basic task
The bigger issue is the brain. Three people familiar with the system told The Information that Optimus’ AI can’t yet reliably handle a wide range of tasks, and that its behavior can be unpredictable in situations it hasn’t been trained on.
Tesla is trying to build a library of basic movements the robot can recombine for new jobs. But it still reportedly takes several days for Optimus to learn even basic tasks.
To feed the models, Tesla has over 500,000 hours of training data and wants to double that by year-end. It has moved much of its self-driving data annotation team to Optimus, hired dedicated data collectors wearing camera helmets and motion-capture suits, and set up training hubs in Colorado, Arizona, and Florida.
The plan for customers follows the same logic. Tesla reportedly intends to lease, not sell, Optimus to a short list of companies whose factories and warehouses look like its own, so the robots have an easier time adapting, and to use data from those deployments to improve the AI. That’s the FSD playbook: ship the hardware, collect the fleet data, and promise the software will catch up.
This is also a far cry from what Musk was saying last year. In January 2025, he said Tesla would build about 10,000 Optimus robots in 2025 and that “several thousand” would be doing useful work by year-end. A year later, he
admitted that zero Optimus robots were doing useful work at Tesla
. He also promised a V3 reveal by mid-2026. It’s late September, and that demo still hasn’t happened.
And competitors aren’t waiting.
XPeng started running an automated IRON humanoid production line
in Guangzhou this month, targeting commercial sales in 2027.
Electrek’s Take
We think humanoid robots will become a big new category of robots. But we also think they’ll be a small fraction of the overall robotics industry. For most jobs, a robot designed for that specific job, like a robotic arm on a line or a wheeled warehouse bot, will be several times more efficient than a robot shaped like a human. The humanoid’s only real advantage is that it can theoretically do anything in a space built for people.
That advantage only exists if two things happen. First, the AI needs to generalize. A humanoid that has to be trained for days on each task and kept in a fenced-off area is just an expensive, less efficient specialized robot. Nobody has cracked generalization yet, and it’s extremely hard to predict when anyone will. Second, the robot needs to be reliable enough over years of use to pay for itself. Touch sensors failing and 100+ hand-assembled parts per arm aren’t a great start.
Based on this report, Tesla has problems with both.
But it wouldn’t be the first time Tesla made big product decisions based on AI breakthroughs that haven’t happened yet. In 2016, it started telling customers every car it built had the hardware for full self-driving. It has since admitted HW3 cars will need an upgrade, and “Full Self-Driving” still requires supervision nearly a decade later. Now Tesla has killed the Model S and Model X to build a robot whose AI can’t do what the product needs it to do.
Maybe Tesla gets there. But the company is again betting its factory lines on a software timeline it can’t predict. How many times does that need to happen before investors start pricing it in?
If you’re following the AI and robotics boom, you’ve probably noticed what it’s doing to electricity demand and rates. With electricity rates up almost 10% last year and expected to keep climbing, going solar is one of the best ways to protect yourself against rising costs. And with lease and PPA options, you can do it with zero upfront cost and start saving immediately. If you want to find the best deal, check out
EnergySage
. It’s a free service with hundreds of pre-vetted installers competing for your business, so you save 20 to 30% compared to going it alone. No sales calls until you pick an installer.
Get your free quotes here
Featured
Subscribe to Electrek on YouTube for exclusive videos
and subscribe to the
Comments
Fred is the Editor in Chief and Main Writer at Electrek.
Through Zalkon.com, you can check out Fred’s portfolio and get monthly green stock investment ideas.
Fred Lambert's favorite gear
Combat Edge
Get an edge on MMA with the best stats
EnergySage
EnergySage helps you get the best price possible on a home solar installation for free and without hassel.",full,,dom_or_structured_full_text,,https://electrek.co/2026/09/25/tesla-optimus-production-ramp-hands-ai-generalization-problems/,Electrek,电池,EV,2026-09-26T00:26:20+00:00,AI与智能科技 > 具身智能 > 硬件和控制,AI与智能科技,硬件和控制,"[{""path"":[""AI与智能科技"",""具身智能"",""硬件和控制""],""path_text"":""AI与智能科技 > 具身智能 > 硬件和控制"",""confidence"":0.95,""reason"":""核心事件是人形机器人Optimus的量产爬坡、产线与硬件可靠性问题。""}]",classified,2026-09-26T00:50:00.818683+00:00,glm-5.2,2026-09-10,
Lexus' electric 3-row SUV makes its first public appearance,2026-09-25,"Peter Johnson
| Sep 25 2026 - 6:53 am PT
The 2027
Lexus TZ
is the first purely electric three-row SUV from Toyota’s luxury brand. Ahead of its upcoming launch, the electric TZ was spotted driving in public for the first time.
When is Lexus launching the electric TZ?
We got our first look at the
new 2027 Lexus TZ
in May, an upscale sibling to the upcoming Toyota Highlander BEV.
It’s based on the same platform as the electric Highlander and will be available with two battery pack options: 76.96 kWh and 95.82 kWh, which Lexus said will deliver a driving range of up to 300 miles on a single charge.
Unlike Toyota’s 3-row SUV, all 2027 Lexus TZ models come with an “evolved” version of its DIRECT4 AWD system.
The dual-motor all-wheel drive (AWD) setup packs a combined 420 horsepower and enables it to tow up to 3,500 lbs. Drivers will be able to choose from five unique drive modes that will automatically optimize drive settings: normal, sport, eco, range, and rear comfort.
2027 Lexus TZ electric three-row SUV (Source: Lexus)
Although it uses the same platform as the Highlander EV, Lexus said the TZ will stand apart with its signature driving experience. In fact, Lexus claimed the electric TZ has the quietest cabin of any of its SUVs to date, with a fine-tuned suspension, dynamic rear steering, and a reinforced body structure.
Inside, the TZ features the latest Lexus Interface Multimedia system. The system now includes customizable apps and widgets, plus an updated “Hey Lexus” voice assistant.
The infotainment system now offers full-screen navigation and added EV charging functions, like EV Routing and an EV Range Map.
At 200.8″ long, 78.3″ wide, and 67.1″ tall, with a 120.1″ wheelbase, the Lexus TZ is about the size of other three-row EV SUVs, including the
Hyundai IONIQ 9
and Volvo EX90.
With charging speeds of up to 150 kW, the electric TZ can charge from 10% to 80% in about 35 minutes. It also has a NACS port, so drivers can charge at Tesla Superchargers without needing a separate adaptor.
The 2027 Lexus TZ is expected to go on sale in late 2026 or early 2027. With its official launch coming up, the electric SUV was spotted driving in Toronto while filming a commercial.
A few images and a video of the TZ were posted on the #Torontocarspotting Facebook group (via Rigun KG) on Thursday.
Lexus has yet to announce prices for the 2027 TZ. Given that the
2027 Toyota Highlander BEV
is expected to start in the mid-$50,000 range, the Lexus TZ will likely start in the mid-$60,000 range as a more upscale option.
Featured
Subscribe to Electrek on YouTube for exclusive videos
and subscribe to the
Comments
Peter Johnson is covering the auto industry’s step-by-step transformation to electric vehicles. He is an experienced investor, financial writer, and EV enthusiast. His enthusiasm for electric vehicles, primarily Tesla, is a significant reason he pursued a career in investments. If he isn’t telling you about his latest 10K findings, you can find him enjoying the outdoors or exercising",full,,dom_or_structured_full_text,,https://electrek.co/2026/09/25/lexus-electric-3-row-suv-first-public-appearance/,Electrek,电池,EV,2026-09-26T00:26:22+00:00,通用技术 > 通信和运输 > 物质运输 > 陆路运输,通用技术,陆路运输,"[{""path"":[""通用技术"",""通信和运输"",""物质运输"",""陆路运输""],""path_text"":""通用技术 > 通信和运输 > 物质运输 > 陆路运输"",""confidence"":0.92,""reason"":""核心是雷克萨斯纯电三排SUV的电动化产品进展。""}]",classified,2026-09-26T00:50:00.818683+00:00,glm-5.2,2026-09-10,
Geely's AI fast charging 'heals' EV batteries for 20% more cycle life,2026-09-25,"Geely says its new AI-powered fast charging system can reverse some of the battery damage caused by fast charging, using micro-pulse currents to add up to 20% more cycle life.
Charging a car in under 5 minutes is great, but not if it wears the battery out years early. Geely claims that its ‘Smart Charging’ addresses that and it is using something that sounds like sorcery.
A 2.25 MW charger was only half the story
Earlier this week, we reported that Geely one-upped BYD with a 2.2 MW charger capable of 4-minute EV charges. The full announcement came on Wednesday in Ningbo, and the fifth-generation Geely Smart Charging Station is rated at up to 2,250 kW peak.
Geely also shared real-world results. In testing, the battery used in the Lynk & Co 10 and Zeekr 001 went from 10% to 70% in 4 minutes 30 seconds, and from 10% to 97% in 8 minutes 40 seconds.
That’s a hair quicker than BYD. Its 1,500 kW Flash Charging network, now at over 10,000 stations, takes Blade Battery 2.0 from 10% to 70% in 5 minutes and to 97% in 9 minutes.
But Geely spent most of its presentation on something else: what all that power does to the battery.
Micro-pulses to undo fast-charging damage
The main way fast charging hurts a lithium-ion cell is lithium plating. Push current in too fast and some lithium ions pile up on the surface of the anode (the negative electrode) instead of slotting into it. That lithium stops cycling, and the pack slowly loses capacity.
Geely’s answer is what it calls “lithium-ion pulse restoration technology.” The system sends micro-pulse currents through the cells to “reactivate” the lithium ions that accumulated at the negative electrodes during repeated fast charging.
Combined with AI-managed charging, Geely claims this increases battery cycle life by 20%. The bullet points in its press release say “up to 20%,” so treat that as a best case.
There’s also a home charging component. Geely says it developed a low-rate charging strategy that “gradually” fixes degradation from repeated fast charging while you’re plugged in at home overnight.
So the idea is that you fast charge on road trips, and your slow charger at home cleans up after it.
AI that predicts heat 30 seconds ahead
The brain behind all of this is Xingrui PowerMind, an energy AI model Geely co-developed with Chinese AI startup StepFun. It coordinates the vehicle, battery, charger, cloud, grid, and the station’s energy storage system.
Most EVs today cut charging power once the pack is already hot. Geely says PowerMind looks up to 30 seconds into the future instead, forecasting where battery temperature is heading and dialing power down before it gets there. Every car and battery gets its own profile, with the AI constantly changing how much current goes in, how hard the cooling works, and how long the session runs.
The targets: an average battery temperature of 55°C during charging, and a peak under 65°C.
To hit those numbers at 2.25 MW, Geely added what it calls the industry’s first five-point liquid cooling system. It cools the station’s energy storage battery, the charging pile, the cable, the charging port, and the battery pack, so no single link in the chain becomes the bottleneck.
A 6C battery for cheaper EVs
Geely also listed two batteries. The Shendun Golden Battery, the one used in the Lynk & Co 10 and Zeekr 001 tests, supports a peak charging rate of 12C.
And the one that matters more for most buyers is the Next-Gen Ultra Short Blade Battery. It’s meant for Geely’s more affordable models. Thanks to laser welding Geely developed for the cell tabs and covers, the company says the pack generates 10% less heat while charging, and peak charging rate goes up to 6C.
If it holds up, that brings 10-minute-class charging to cars that don’t cost Zeekr money.
Electrek’s Take
Top comment by Beario
It is impressive that a company is even considering this as it is something that adds longevity to your car. That being said, it is equally impressive the scale at which companies in China continue to innovate and make the technology better. Long term dependability certainly inspires confidence in making a purchase. Being aware of these technologies being developed and constantly being improved overseas is a sobering reality check that here in the US we are not only getting further and further behind, but makes you wonder what is in store for consumers here from our automakers.
If you thought that battery and charging technology were plateauing, think again. The pulse restoration claim is the most interesting part of this announcement, and it straight up sounds like magic.
Lithium plating is real, and the fast charging arms race in China makes it a bigger problem every quarter. Automakers know it. Tesla has been limiting Supercharging speeds on packs with a high number of DC fast charges since 2017 to protect them. Geely trying to fix the problem instead of just throttling around it is the right approach.
And most EVs in the US still top out well below 350 kW. How long before an automaker here even needs to worry about this?
If you’re buying an EV, charging it at home with power from your own rooftop solar is the cheapest and gentlest way to fill it up. With electricity rates up almost 10% last year and expected to keep climbing, going solar is one of the best ways to protect yourself against rising costs. And with lease and PPA options, you can do it with zero upfront cost and start saving immediately. If you want to find the best deal, check out EnergySage. It’s a free service with hundreds of pre-vetted installers competing for your business, so you save 20 to 30% compared to going it alone. No sales calls until you pick an installer. Get your free quotes here. – ad*
FTC: We use income earning auto affiliate links. More.",full,,trafilatura_full_text,,https://electrek.co/2026/09/25/geely-ai-fast-charging-heals-ev-batteries-pulse-restoration/,Electrek,电池,EV,2026-09-26T00:26:23+00:00,零碳产业 > 能量转化 > 能量存储 > 电化学储能 > 二次电池 > 传统蓄电池 > 有机体系 > 锂电,零碳产业,锂电,"[{""path"":[""零碳产业"",""能量转化"",""能量存储"",""电化学储能"",""二次电池"",""传统蓄电池"",""有机体系"",""锂电""],""path_text"":""零碳产业 > 能量转化 > 能量存储 > 电化学储能 > 二次电池 > 传统蓄电池 > 有机体系 > 锂电"",""confidence"":0.8,""reason"":""核心是快充对锂电池寿命的损伤与修复延长循环寿命。""},{""path"":[""通用技术"",""通信和运输"",""物质运输"",""陆路运输""],""path_text"":""通用技术 > 通信和运输 > 物质运输 > 陆路运输"",""confidence"":0.7,""reason"":""该兆瓦级充电系统面向电动汽车补能应用。""}]",classified,2026-09-26T00:50:00.818683+00:00,glm-5.2,2026-09-10,
"Green Water & Power powers up its 10,000th EV charger in just 3 years",2026-09-25,"EV Charging
Jo Borrás
| Sep 25 2026 - 6:01 am PT
The developers and electricians at Green Water & Power are celebrating a significant EV charging milestone this month with the deployment and energization of its 10,000th electric vehicle charging port –
in just three years
Green Water & Power (GWP) and their hardware partners, Autel, started rolling out L2 chargers together nationwide in 2023. Earlier this month, the companies powered up their 10,000th charger. That’s a headline number – but the real story is just how quickly they got there: 10,000 chargers.
For those of you doing the math, that’s nearly 10 chargers going online each day, every day, including Sunday, Thanksgiving, Christmas, and New Years’, for three (3) solid years. And, for what it’s worth, they don’t seem to be slowing down.
“From the outset,
we designed our charging hardware and supporting software to deliver reliability and flexibility at scale
,” said Michelle Luo, CEO of Autel Energy. “GWP has demonstrated what that looks like in practice by consistently exceeding industry benchmarks across their entire network. This partnership shows how dependable technology and strong execution can accelerate EV adoption nationwide.”
Getting charging to work, and home
DCFC, by Green Water & Power.
Green Water & Power is currently contracted to install over 3,000 additional Level 2 chargers and more than 100 DC fast chargers (shown, above) in the coming months, with other projects in various stages of development.
To their credit, however, GWP is quick to point out that speed of deployment doesn’t mean much if the network isn’t reliable.  “Property owners and drivers don’t care about how many chargers we’ve installed,” explains Danny Gold, President of Green Water & Power. “
They care that the one in front of them works every time they need it
. That reliability is what’s made Autel Energy a great partner for us since day one, and it’s what let us scale into every vertical our customers operate in, from hotels and apartments to schools and hospitals.
We’re just getting started
The company claims its network has delivered a combined 16.6 million kWh to date, maintaining an average uptime of 99.72%
and displacing more than 22,000 metric tons of CO2 emissions
If you’re considering going solar, it’s always a good idea to get quotes from a few installers. To make sure you find a trusted, reliable solar installer near you that offers competitive pricing, check out
EnergySage
, a free service that makes it easy for you to go solar. It has hundreds of pre-vetted solar installers competing for your business, ensuring you get high-quality solutions and save 20-30% compared to going it alone. Plus, it’s free to use, and you won’t get sales calls until you select an installer and share your phone number with them.
Your personalized solar quotes are easy to compare online and you’ll get access to unbiased Energy Advisors to help you every step of the way.
Get started here
Featured
Subscribe to Electrek on YouTube for exclusive videos
and subscribe to the
Comments
I’ve been involved in the electric vehicle transition in one way or another since 1997, and have covered the industry as a journalist since 2008. You can catch more of my work on Quick Charge and The Heavy Equipment Podcast with Mike Switzer.
NOTE: any opinions expressed here are solely my own and do not necessarily reflect those of the Federal government, the State of Illinois, Electrek, or anyone else. Nothing here should be interpreted as a statement of official policy, legal guidance, or an endorsement unless expressly labeled as such.
Jo Borrás's favorite gear
ENERGYSAGE
Find a reliable home solar and battery installer and save 20-30% compared to going it alone.
Qmerit makes electrification easy — connecting you with trusted pros who get it done right.",full,,dom_or_structured_full_text,,https://electrek.co/2026/09/25/green-water-power-powers-up-its-10000th-ev-charger-in-just-3-years/,Electrek,电池,EV,2026-09-26T00:26:25+00:00,通用技术 > 通信和运输 > 物质运输 > 陆路运输,通用技术,陆路运输,"[{""path"":[""通用技术"",""通信和运输"",""物质运输"",""陆路运输""],""path_text"":""通用技术 > 通信和运输 > 物质运输 > 陆路运输"",""confidence"":0.9,""reason"":""核心事件是电动汽车充电桩的大规模部署里程碑。""}]",classified,2026-09-26T00:50:00.818683+00:00,glm-5.2,2026-09-10,
"Wheel-E Podcast: South Park e-bikes, Honda eMTB, more",2026-09-25,"Wheel-E Podcast
Micah Toll
| Sep 25 2026 - 5:37 am PT
This week on
Electrek
’s Wheel-E podcast, we discuss the most popular news stories from the world of electric bikes and other nontraditional electric vehicles. This time, that includes new e-bikes from Segway and Honda, South Park takes on e-bikes, Rivian’s e-bikes are rolling out to everyone except for customers, Royal Enfield’s e-moto gets a Western price, and more.
The Wheel-E podcast returns every two weeks on
Electrek
’s YouTube channel
, Facebook, Linkedin, and Twitter.
As a reminder, we’ll have an accompanying post, like this one, on the site with an embedded link to the live stream. Head to the
YouTube channel
to get your questions and comments in.
After the show ends, the video will be archived on
and the audio on all your favorite podcast apps:
Apple Podcasts
Overcast
Pocket Casts
We also have
a Patreon
if you want to help us to avoid more ads and invest more in our content. We have some awesome gifts for our Patreons and more coming.
Here are a few of the articles that we will discuss during the Wheel-E podcast today:
Honda just unveiled an electric mountain bike, and it looks serious
Segway’s new 28 MPH MUXI Pro cargo e-bike gets automatic shifting and regen braking
South Park just took on America’s e-bike problem – and surprisingly nailed a lot of it
Rivian’s ALSO e-bikes are finally hitting the road – but not for frustrated customers
Royal Enfield’s Flying Flea electric motorcycle finally goes global, revealing its Western price
The world’s largest EV company just partnered with an African electric motorcycle company
SONDORS’ abandoned 3-wheeled electric car just showed up for sale on eBay
Here’s the live stream for today’s episode starting at 9:00 a.m. ET (or the video after 10:00 a.m. ET):
Featured
Subscribe to Electrek on YouTube for exclusive videos
and subscribe to the
Comments
Micah Toll is a personal electric vehicle enthusiast, battery nerd, and author of the Amazon #1 bestselling books
DIY Lithium Batteries
DIY Solar Power,
The Ultimate DIY Ebike Guide
The Electric Bike Manifesto
The e-bikes that make up Micah’s current daily drivers are the
$999 Lectric XP 2.0
$1,095 Ride1Up Roadster V2
$1,199 Rad Power Bikes RadMission
, and the
$3,299 Priority Current
. But it’s a pretty evolving list these days.
Micah Toll's favorite gear
Lectric XP4 e-bike sale
Best $999 electric bike ever!
Ride1Up sales
Great e-bikes at great prices!",full,,dom_or_structured_full_text,,https://electrek.co/2026/09/25/wheel-e-podcast-south-park-e-bikes-honda-emtb-more/,Electrek,电池,EV,2026-09-26T00:26:27+00:00,通用技术 > 通信和运输 > 物质运输 > 陆路运输,通用技术,陆路运输,"[{""path"":[""通用技术"",""通信和运输"",""物质运输"",""陆路运输""],""path_text"":""通用技术 > 通信和运输 > 物质运输 > 陆路运输"",""confidence"":0.85,""reason"":""内容围绕电动自行车等新型电动交通工具的新闻盘点。""}]",classified,2026-09-26T00:50:00.818683+00:00,glm-5.2,2026-09-10,
"Tesla Semi finally enters volume production, 7 years behind schedule",2026-09-25,"Tesla Semi
Fred Lambert
| Sep 25 2026 - 5:31 am PT
Image: Tesla
Tesla officially launched high-volume production of the Tesla Semi last night at its new dedicated factory in Nevada, a plant it says can build 50,000 electric trucks per year.
The Class 8 truck was unveiled in 2017 with production promised for 2019. Seven years later, Tesla says deliveries “start now,” and it detailed a heavily redesigned truck in a
13-post thread on X
A factory built only for Semi
Tesla held the launch event at the Semi factory next to Gigafactory Nevada in Sparks, where
the first truck came off the high-volume line back in April
According to Tesla, the plant covers 1.8 million square feet and builds every variant (Standard, Long Range, and a European spec) on the same line. Tesla called it “our first factory built for Semi.”
Tesla Semi factory in Nevada (Image: Tesla)
Tesla leaned hard on vertical integration. It says it stamps parts and builds the batteries, drive axles, high-voltage distribution, cooling modules, and even the seats in-house, while “most truck plants just assemble.” It also claims the first powder-coated Class 8 truck and one of its most automated battery lines to date.
“Vertical integration is the only real way to bring cost down,” Tesla wrote.
4680 cells, a cheaper motor, and electric steering
The truck itself has changed a lot since PepsiCo got the first hand-built units in late 2022. Tesla says it spent four years redesigning the Semi “for true volume.”
The biggest change is the battery. Tesla moved from 2170 cells to its in-house 4680 cells, which it says means “less battery mass & fewer kWh with no compromise on range.” Tesla didn’t give a new pack size. When it
released the final Semi specs in February
, it listed 325 miles for the Standard Range and 500 miles for the Long Range at 82,000 lbs, with consumption of 1.7 kWh per mile.
The Semi drive unit now uses a steel-caged rotor and a bar-wound stator shared with Cybertruck (Image: Tesla)
The drivetrain was reworked too. Tesla swapped the carbon-fiber-sleeved rotor for a steel-caged rotor that it says is cheaper, more reliable, and more efficient. The bar-wound stator is now shared with Cybertruck, a part Tesla already builds at volume.
Tesla also says Semi is the first heavy-duty truck with electric steering, which gets rid of the hydraulic pumps and fluids that leak and need servicing. And it’s upfront about why that matters beyond maintenance: it “lays the groundwork for future autonomy.”
Thermal management now runs through what Tesla calls a “Megamanifold,” a heat pump that handles cabin HVAC plus all powertrain heating and cooling. It’s the same thermal system Tesla uses in Cybercab.
Image: Tesla
Inside, there’s acoustic glass, a roll-down window, and a cabin you can stand up in. Tesla also automated parts of the pre-trip inspection and can generate electronic logs of when those checks were done. That’s a real quality-of-life feature for drivers.
Uptime, charging, and the diesel math
Tesla claims its Semi fleet has had over 98% uptime so far in 2026 and says the truck “requires almost no maintenance.”
On a Megacharger, Tesla says drivers get up to 60% of their range back in 30 minutes. It shared a map of Megacharger sites along major freight corridors, heavily concentrated in California, Texas, and the East Coast, with big gaps across the Mountain West and the Plains.
Tesla Megacharger sites along US freight routes (Image: Tesla)
Tesla’s economic pitch came down to one chart: fuel cost per mile for a diesel truck at 7 mpg versus a Semi at 1.7 kWh per mile using transportation electricity rates.
Fuel cost per mile: diesel at 7 mpg vs. Semi at 1.7 kWh/mi (Image: Tesla)
Based on Tesla’s chart, diesel has spiked back to roughly $0.80 per mile this year, while electricity has stayed in the $0.20 to $0.30 range. That gap is the whole business case, and it has widened in 2026.
Who’s buying
Deliveries start now, according to Tesla, which also says it will use Semis to haul its own freight.
Image: Tesla
Customer trucks at the event carried logos from PepsiCo, DHL, US Foods, ABF, Einride, IMC Logistics, and WattEV, among others. The big one came earlier this week:
the ZET SCALE alliance picked Tesla as primary supplier for 2,500 electric trucks
, an order that would nearly double the number of electric Class 8 trucks on US roads. That follows Einride’s 500-truck order in August.
Pricing is also a big advantage. Tesla hasn’t confirmed pricing since the event, but Electrek previously reported that Tesla has been
quoting $290,000 for the 500-mile Semi
and about $260,000 for the Standard Range. That’s up roughly 60% from the $180,000 Tesla advertised in 2017, but still about $145,000 below the average price of an electric Class 8 truck.
Electrek’s Take
As I have been saying for years, Tesla Semi is the last Tesla vehicle program that gets me excited, and despite the many delays, it is finally here.
The Semi is real, it’s in volume production, and on paper it’s the best electric Class 8 truck you can buy. It’s cheaper than the competition by six figures, and the efficiency claims have held up with fleets like PepsiCo.
Tesla can clearly build the trucks. Now it has to sell them, and the Megacharger network has to fill in fast enough outside California and Texas to make long-haul routes work. Diesel at $0.80 a mile helps a lot.
We’ll be watching the delivery numbers closely over the next few quarters. If Tesla ships 5,000 Semis in 2027, it’s a real business. If it ships 1,500, that factory is going to look awfully big.
If you’re following the shift to electric trucks, the same math that makes the Semi work (cheap electrons beating expensive fuel) applies at home too. With electricity rates up almost 10% last year and expected to keep climbing, going solar is one of the best ways to protect yourself against rising costs. And with lease and PPA options, you can do it with zero upfront cost and start saving immediately. If you want to find the best deal, check out
EnergySage
. It’s a free service with hundreds of pre-vetted installers competing for your business, so you save 20 to 30% compared to going it alone. No sales calls until you pick an installer.
Get your free quotes here
Featured
Subscribe to Electrek on YouTube for exclusive videos
and subscribe to the
Comments
Fred is the Editor in Chief and Main Writer at Electrek.
Through Zalkon.com, you can check out Fred’s portfolio and get monthly green stock investment ideas.
Fred Lambert's favorite gear
Combat Edge
Get an edge on MMA with the best stats
EnergySage
EnergySage helps you get the best price possible on a home solar installation for free and without hassel.",full,,dom_or_structured_full_text,,https://electrek.co/2026/09/25/tesla-semi-volume-production-launch-nevada-factory/,Electrek,电池,EV,2026-09-26T00:26:28+00:00,通用技术 > 通信和运输 > 物质运输 > 陆路运输,通用技术,陆路运输,"[{""path"":[""通用技术"",""通信和运输"",""物质运输"",""陆路运输""],""path_text"":""通用技术 > 通信和运输 > 物质运输 > 陆路运输"",""confidence"":0.93,""reason"":""核心事件是Tesla Semi电动卡车量产启动，属于卡车电动化与陆路运输产业。""}]",classified,2026-09-26T00:50:08.940762+00:00,glm-5.2,2026-09-10,
"Chinese PV Industry Brief: Growatt raises inverter, battery prices by up to 10% - pv magazine Global",2026-09-25,"Markets & Policy
Growatt is following Sungrow in raising inverter and storage system prices, with increases of 5% to 10% being planned from Oct. 8.
Vincent Shaw
25 Sep 2026
Markets & Policy
Inverters
said it will raise prices for string inverters, hybrid and storage inverters, commercial and industrial (C&I) storage cabinets, and residential storage systems by around 5% to 10% from Oct. 8. The company attributed the adjustment to higher raw-material costs, tighter supplies of some core components and rising manufacturing expenses.
had already implemented price increases of around 5% to 15% for several categories of solar inverters from Sept. 20.
China South-to-North Water Diversion Group
finalized its 2026-27 module framework procurement this week, covering 1.3 GW of products. The tender includes 1 GW of TOPCon modules at an average awarded price of around CNY 0.72 ($0.10)/W and 300 MW of back-contact (BC) modules at about CNY 0.778/W.
Aiko Solar
GCL System Integration
were among the winners of the BC lot. The roughly CNY 0.058/W difference gives BC modules an average premium of about 8.1% over TOPCon products under the same procurement framework.
Longi Leye Photovoltaic Technology
, a core cell and module subsidiary of Longi, completed a capital increase this week as part of a previously announced CNY 2.4 billion (US$353 million) market-oriented debt-to-equity swap. Its registered capital increased from CNY 3.6 billion to around CNY 4.11 billion, with bank-affiliated financial asset investment companies linked to China Merchants Bank and China CITIC Bank, as well as a fund backed by Shaanxi Financial Asset Management, joining as new shareholders. The transaction gives the manufacturer an additional financing channel to reduce leverage and introduce longer-term capital.
600 MW solar desertification-control project
in Yecheng county, Xinjiang, has returned to tender after the original engineering, procurement and construction (EPC) winner failed to sign the contract within the required period and lost the award. The project has approximately 720 MWp of DC-side capacity and includes 60 MW/120 MWh of battery storage. The previous EPC contract was valued at around CNY 1.828 billion ($269 million). The retendering comes amid growing scrutiny of contractor capability, commercial terms and project delivery risks following years of intense price competition in China’s renewable energy sector.
PV ribbon manufacturer
YourBest New-type
Materials
said this week that it will terminate a planned 20,000-ton-per-year expansion project at its Anhui manufacturing base. The project had originally been allocated about CNY 357 million ($52.5 million) in proceeds, of which roughly CNY 183 million, or 51.3%, had been invested by mid-September. The remaining approximately CNY 185 million will be permanently redirected to working capital. The company cited temporary supply-demand imbalances across the solar value chain, pressure on PV ribbon profitability and uncertainty stemming from rapid changes in solar cell technologies.",full,,dom_or_structured_full_text,,https://www.pv-magazine.com/2026/09/25/chinese-pv-industry-brief-growatt-raises-inverter-battery-prices-by-up-to-10/,pv magazine,综合新能源,光伏、氢能、储能,2026-09-26T00:26:46+00:00,零碳产业 > 能量转化 > 能源测 > 一次能源转化 > 太阳能转化 > 光伏,零碳产业,光伏,"[{""path"":[""零碳产业"",""能量转化"",""能源测"",""一次能源转化"",""太阳能转化"",""光伏""],""path_text"":""零碳产业 > 能量转化 > 能源测 > 一次能源转化 > 太阳能转化 > 光伏"",""confidence"":0.94,""reason"":""核心为光伏逆变器、组件和储能系统的价格与招标动态，属光伏产业市场新闻。""}]",classified,2026-09-26T00:50:08.940762+00:00,glm-5.2,2026-09-10,
EWS reports 14% higher winter wheat yield at Austrian agrivoltaic site - pv magazine Global,2026-09-25,"Applications & Installations
Austrian agrivoltaics provider EWS has reported a 14% increase in winter wheat yield at its Sonnenfeld research site in Bruck an der Leitha compared with a control area without PV modules. The company attributes the result partly to shading and changes in the microclimate beneath its tracking PV arrays.
Petra Hannen,
Emiliano Bellini
25 Sep 2026
Applications & Installations
Utility-scale
According to EWS, soybeans and biodiversity strips at its Sonnenfeld Pischelsdorf site have developed well despite the summer drought.
Austrian agrivoltaics specialist EWS has reported a 14% increase in winter wheat yield at its Sonnenfeld research site in Bruck an der Leitha compared with a control area without PV modules. The company attributes the result partly to shading and changes in the microclimate beneath its tracking PV arrays.
The result was recorded in the site’s 12-meter-wide cultivation strips during the dry summer of 2026, according to EWS. The company said partial shading from the PV modules can provide some protection for crops and soil during periods of high temperatures and affect factors including soil moisture and temperature.
The Bruck an der Leitha facility, built in 2022, is a research and demonstration project developed with the support of the University of Natural Resources and Life Sciences Vienna (BOKU). The agrivoltaic array incorporates different row spacings to assess their impact on electricity and agricultural production. EWS said the movable module tables are installed at center-to-center distances of 8 meters, 11 meters and 14 meters in different research zones, corresponding to cultivation widths of 6 meters, 9 meters and 12 meters.
Earlier results indicate that crop response can vary with the spacing between module rows. In 2024, winter wheat yields in the 6-meter and 9-meter cultivation zones were close to those of the unshaded control area, while the 12-meter zone produced around 10% more yield, according to results published by EWS.
The company has now reported a 14% yield increase for winter wheat in the 12-meter cultivation strips in 2026 compared with the control area without PV modules. The result remains under evaluation, however. EWS said BOKU is analyzing this year’s winter wheat harvest and that the findings are expected to be incorporated into the research project’s final report, due by the end of 2026.
EWS noted that agricultural yields depend on multiple factors and that longer-term research is still needed to establish the effects of agrivoltaics. Site characteristics, crop type, weather conditions and soil compaction during construction can all influence results.
The system uses trackers that follow the sun during normal operation. For agricultural work, farmers can move the modules into a horizontal position. During harvesting, the module rows can also be tilted away from each other by up to 70 degrees to provide clearance for agricultural machinery. EWS says its tracker rows can reach heights of up to 2.8 meters.
The company is also operating an agrivoltaic facility in Pischelsdorf am Engelbach, Upper Austria. The 4.58 MW project allocates around 80% of its area to agriculture, 18% to biodiversity measures such as flower strips, bee pastures and fallow areas, and 2% to PV system components. Agricultural cultivation strips are 9 meters wide.
EWS said soybeans at the Pischelsdorf site developed well during the particularly dry summer of 2026, along with the site’s biodiversity areas. The company attributed this partly to protection from intense solar radiation provided by the elevated PV modules. It has not yet published soybean yield data, however, so the effect of the system on the harvest remains to be determined.",full,,dom_or_structured_full_text,,https://www.pv-magazine.com/2026/09/25/ews-reports-14-higher-winter-wheat-yield-at-austrian-agrivoltaic-site/,pv magazine,综合新能源,光伏、氢能、储能,2026-09-26T00:26:48+00:00,零碳产业 > 能量转化 > 能源测 > 一次能源转化 > 太阳能转化 > 光伏,零碳产业,光伏,"[{""path"":[""零碳产业"",""能量转化"",""能源测"",""一次能源转化"",""太阳能转化"",""光伏""],""path_text"":""零碳产业 > 能量转化 > 能源测 > 一次能源转化 > 太阳能转化 > 光伏"",""confidence"":0.9,""reason"":""核心是农光互补（agrivoltaic）光伏系统对作物产量的影响研究。""}]",classified,2026-09-26T00:50:08.940762+00:00,glm-5.2,2026-09-10,
Solar panel waste silver turned into catalyst for carbon monoxide production - pv magazine Global,2026-09-25,"Research & Development
South Korean researchers have recovered high-purity silver from end-of-life silicon solar panels and used it to produce electrocatalysts for converting carbon dioxide into carbon monoxide. The recycled-silver electrode sustained CO production for more than 600 hours, with its rough surface helping to prevent electrolyzer flooding.
Lior Kahana
25 Sep 2026
Research & Development
Cells & modules
Raw Materials
Silver powder is a component in the silver paste that is applied to wafers as a conductor.
Researchers in South Korea have developed a new method to upcycle high-purity silver nanoparticles recovered from end-of-life silicon solar panels into electrocatalysts for high-rate carbon monoxide (CO) production. CO is an important industrial feedstock used in the production of chemicals and fuels, including methanol, acetic acid and synthetic hydrocarbons.
The recovered silver formed a rough catalyst surface that helped prevent flooding inside the electrolyzer, allowing it to sustain CO production for more than 600 hours.
“This work highlights that upcycled photovoltaic waste can serve as a highly durable and scalable alternative to resource-intensive commercial catalysts, pushing forward the practical implementation of sustainable carbon dioxide (CO₂) conversion,” the academics said. “This work underscores the potential of integrating electronic waste valorization with electrocatalytic carbon utilization.”
The researchers collected end-of-life silicon solar panels and mechanically processed them using a commercial separation system operated by Reset Company. After removing the aluminum frames, tempered glass and backsheets, they heated the remaining solar cell fragments to 800 C to decompose the ethylene-vinyl acetate (EVA) encapsulant.
They then immersed the fragments in nitric acid, dissolving the metals and separating the silicon residue. In a first alkaline treatment, they precipitated impurities including copper, aluminum and lead. A second alkaline treatment precipitated the silver as silver oxide.
The team then dispersed the silver oxide in ethanol with stearic acid and applied laser irradiation to reduce it to metallic silver nanoparticles. The researchers mixed the recovered particles with a Nafion ionomer solution and isopropanol before spray-coating the ink onto a carbon gas diffusion layer at 70 C.
Using the same preparation method and a target silver loading of 1 mg/cm², they fabricated a comparison electrode from commercial silver nanoparticles. Both electrodes were tested in a 10 cm² zero-gap membrane electrode assembly (MEA) electrolyzer, with a potassium bicarbonate solution circulating on the anode side and CO₂ supplied to the cathode.
The researchers used microscopy and chemical analyses to examine the particles’ size, shape, crystal structure and purity, and then compared the surfaces of the two coated electrodes. In the electrolyzer, they measured CO production and selectivity at increasing current densities and conducted extended tests to assess durability.
They also measured how strongly water droplets and CO₂ bubbles adhered to each electrode. Finally, they used a transparent electrolyzer to observe liquid entering the gas diffusion layers during operation, allowing them to compare the electrodes’ resistance to flooding.
“Physical characterizations and surface analyses revealed that the hydrometallurgical recovery coupled with laser photoreduction naturally creates a highly crystalline metallic Ag state with a unique, multi-scale nano-to-micro morphological distribution,” the researchers said. “While this hierarchical polydispersity induces a minor trade-off in the initial electrochemical active surface area (ECSA) compared to uniform commercial counterparts, it acts as a critical structural asset during high-rate MEA operations.”
According to the results, the end-of-life silver (EoL-Ag) gas diffusion electrode demonstrated high flooding tolerance, sustaining continuous, stable CO₂ electrolysis in a 10 cm² zero-gap cell for more than 600 hours at 100 mA/cm². It also operated for 55 hours at an industrially relevant current density of 200 mA/cm², while maintaining CO selectivity of around 95%.
The article “
Upcycling photovoltaic silver waste into hierarchically structured electrocatalysts for flooding-resistant zero-gap CO2-to-CO electrolysis
” was published in the
Journal of CO2 Utilization
Researchers from South Korea’s
Korea Institute of Science and Technology (KIST)
, RESET Company,
Sungkyunkwan University (SKKU)
Korea University of Science and Technology (UST)
Yonsei University
contributed to the study.",full,,dom_or_structured_full_text,,https://www.pv-magazine.com/2026/09/25/solar-panel-waste-silver-turned-into-catalyst-for-carbon-monoxide-production/,pv magazine,综合新能源,光伏、氢能、储能,2026-09-26T00:26:50+00:00,零碳产业 > 物质循环 > 资源回收利用与排放治理 > 物质回收,零碳产业,物质回收,"[{""path"":[""零碳产业"",""物质循环"",""资源回收利用与排放治理"",""物质回收""],""path_text"":""零碳产业 > 物质循环 > 资源回收利用与排放治理 > 物质回收"",""confidence"":0.85,""reason"":""核心事件是从废弃光伏组件中回收高纯银并再利用。""},{""path"":[""通用技术"",""材料工程"",""特种功能材料"",""催化材料""],""path_text"":""通用技术 > 材料工程 > 特种功能材料 > 催化材料"",""confidence"":0.8,""reason"":""回收银被制成CO2还原电催化剂，是该成果的技术核心之一。""}]",classified,2026-09-26T00:50:08.940762+00:00,glm-5.2,2026-09-10,
Inclusive leadership: turning diverse perspectives into innovation and impact - pv magazine Global,2026-09-25,"Markets & Policy
At Solar & Storage Live UK 2026, Women in Solar+ Europe (WiSEu) explored the leadership behaviours that help diverse teams contribute, challenge ideas and drive innovation. A Solar+ Leaders panel extended the conversation to the trust and responsibility needed to deliver lasting impact.
pv magazine
25 Sep 2026
Markets & Policy
Solar and storage are advancing rapidly. But are the ways we lead people evolving at the same pace? That question brought industry leaders together for WiSEu and Solar+ panels at Solar & Storage Live UK.
The discussion around inclusion moved beyond whether people feel welcome. It examined whether they can influence decisions, contribute ideas and take ownership of solutions. For a sector that needs to attract talent, innovate and grow responsibly, inclusive leadership is a practical capability.
Belonging creates the conditions for contribution
“Belonging on its own just gets you a room where everyone feels welcome. It doesn’t get you the breakthrough,” said Liam Tattershall, Group CEO at Solarport. What moves a team from comfort to innovation, he argued, is whether people feel able to challenge each other and build on each other’s ideas.
At Solarport, cross-departmental “sandpit sessions” put real problems in front of people from every part of the business. Some of the company’s best breakthroughs have come from people who sit nowhere near the innovation team. Its suggestion scheme follows the same principle: every idea receives feedback, and the ideas taken forward are championed by the people who proposed them.
Tattershall also made the case for widening access to the industry. A sector growing this quickly cannot keep recruiting from the same small pool. It needs career changers, people entering through less conventional routes and people who have not previously seen someone like them in a leadership role.
Hollie Carek, General Manager UK and Head of Partner Experience at OpenSolar, questioned whether established ways of working are keeping pace with technological change. Top-down decisions, layers of approval and measuring people by hours rather than outcomes can all limit their ability to contribute. “We work in an industry that’s constantly pushing boundaries on technology, but I’m not sure we always challenge ourselves in the same way when it comes to how we lead people,” she said.
For Carek, empowerment means giving people room to act as well as permission to challenge. It also depends on everyday habits: inviting quieter voices into the discussion, rotating who leads meetings, asking “what are we missing?” and recognising the person behind an idea.
Make room for expertise at every level
Liz Cammack, Non-Executive Director at Solar Energy UK, cautioned against treating seniority as a measure of expertise, particularly as solar increasingly intersects with other sectors. “The role of an experienced leader should not always be to provide the answer,” she said. “Sometimes it is to ask the right questions, bring together the right people and create the conditions in which a better answer can emerge.”
Ruth Nash, Senior HR Business Partner and DEI Lead at NextEnergy Group, urged leaders to examine the quick assumptions that can prevent talent and ideas from being heard. She described how NextEnergy Group puts inclusion into practice through NEXTogether. The programme brings together belonging groups for women, neurodivergent colleagues and LGBTQ+ colleagues, while giving employees at every level a voice in shaping priorities. Senior leaders opened its first education sessions by sharing why each topic mattered to them personally.
“The biggest differentiator is authentic leadership sponsorship,” Nash said. “The organisations that succeed combine visible leadership commitment with genuine employee ownership. That’s when DEI becomes part of the culture rather than just a programme.”
That commitment is tested when projects face pressure. Tattershall warned that speed and cost can become reasons to set inclusive practices aside. When that happens repeatedly, people lose opportunities to contribute and develop as leaders. The effect reaches beyond a single project: the sector weakens the leadership pipeline it will need for future growth.
“Inclusive leadership is what turns diverse talent into collective intelligence,” said Carmen Madrid, founder of Women in Solar+ Europe and Solar+ Leaders, closing the panel. “When people can challenge decisions, contribute their expertise and see their ideas taken seriously, we create stronger teams and better solutions for the energy transition.”
The Solar+ Leaders panel the previous day took the conversation beyond the organisation, asking how leadership decisions shape the experiences of customers, communities and partners. It returned to a theme from the WiSEu discussion: better outcomes depend on whose perspectives are heard and how much influence those people have.
That responsibility cannot rest with a few individual champions. Stephen Rosser, Investment Director and UK Legal Counsel at NextEnergy Capital, described leadership as creating the conditions for change across organisations and the wider sector. “Our job as leaders is to create the environments, within and outside our organisations, where the change we’re driving becomes an inevitability,” he said.
For communities, having influence starts with being involved in how projects are developed. “The energy transition will be judged less by the gigawatts we build than by whether people believe it was done with them, rather than to them,” said Alessandra De Zottis, Head of Government and Regulatory Affairs at Sonnedix.
Public trust also depends on how the sector communicates as solar becomes a larger part of the power mix. Molly Morgan, Senior Market Analyst at SolarPower Europe, noted that solar has long enjoyed broad public support, but its growing visibility also makes it a greater target for misinformation and disinformation. Clearly communicating its benefits for the climate, energy costs and energy independence is a responsibility that comes with leadership.
“Our sector has the difficult task of helping Europe out of this crisis, standing out as a solution for governments, businesses and citizens, while ensuring strong support from the general public,” she said.
Gemma Buckley, General Counsel and Chief Corporate Officer at Solarport, brought a supplier’s perspective. She leads the company’s Legal, People and ESG teams and recently helped guide Solarport to become the first solar mounting systems and carport specialist to achieve B Corp certification.
For Buckley, the process demonstrated what it takes to turn stated values into decisions and accountability. It requires attention to the whole supply chain and the local economy, as well as honest questions about the gap between the industry’s sustainability commitments and the factors that drive purchasing decisions. “Leadership only counts when it becomes what you actually do, not what you say,” she said.
Leadership that gives others influence
Across the two panels, a common principle emerged: people need more than an invitation to participate. They need the opportunity to influence what happens next.
That applies to a team member whose idea challenges an established approach, and to a community whose experience should shape how a project is delivered. The energy transition will need technology and investment. Its long-term success will also depend on leaders who make space for expertise, share ownership and act on what they hear.
The views and opinions expressed in this article are the author’s own, and do not necessarily reflect those held by
pv magazine",full,,dom_or_structured_full_text,,https://www.pv-magazine.com/2026/09/25/inclusive-leadership-turning-diverse-perspectives-into-innovation-and-impact/,pv magazine,综合新能源,光伏、氢能、储能,2026-09-26T00:26:52+00:00,未分类,,,[],unclassified,2026-09-26T00:50:08.940762+00:00,glm-5.2,2026-09-10,
"The Hydrogen Stream: Germany, Austria and Luxembourg launch €2.12 billion program for sustainable aviation fuel - pv magazine Global",2026-09-25,"Markets & Policy
In other news, African green hydrogen projects secure new funding and Mauritania advances the Aman project. Moreover, Ansaldo Green Tech is expands electrolyzer manufacturing, as Toyota, Iveco and Hyster advances hydrogen-powered heavy-duty transport.
Sergio Matalucci
25 Sep 2026
Markets & Policy
Energy Storage
Hydrogen
Utility-scale
Hydrogen-powered airplanes developed by Airbus
Germany, Austria and Luxembourg
have launched a dual-auction mechanism to support the European market ramp-up of renewable electricity-based sustainable aviation fuel (eSAF). The mechanism will bring producers and buyers together, with public subsidies covering the remaining price gap between supply and demand. Germany will provide up to €2 billion ($2.28 billion), while Austria and Luxembourg will each contribute up to €60 million. The supported eSAF volumes are expected to be marketed in the three countries in proportion to their respective funding contributions. The mechanism uses a double-auction model in which eSAF producers compete to offer fuel at the lowest price, while buyers bid for supplies on the demand side. An intermediary concludes longer-term contracts with producers and shorter-term agreements with buyers, with public funding covering the resulting price gap. This is designed to provide producers with the long-term revenue certainty needed to finance new eSAF plants while limiting subsidies through competitive bidding.
Mauritania’s
Ministry of Energy and Petroleum has signed an agreement with
CWP Global
for the development of the Aman green hydrogen project, establishing the long-term contractual framework for its next phases, as well as its fiscal, economic and development terms. CWP Global Chairman Mark Crandall said the project has reached the front-end engineering design (FEED) stage, with a final investment decision targeted before 2030.
African Development Bank Group (AfDB)
will provide $20 million in reimbursable grants to support four green hydrogen and low-carbon iron projects in Africa. Egypt’s Ra project will receive $3.55 million, Morocco’s Guelmim Green Hydrogen Valley $5.28 million, Namibia’s Hyphen project $5.93 million, and South Africa’s Saldanha Hydrogen DRI project $5.24 million. The AfDB said the four projects represent an estimated $23 billion in investment and include the equivalent of 20 GW of solar and wind generation capacity, 7 GW of electrolyzer capacity, and 2,950 MWh of battery energy storage capacity.
Ansaldo Green Tech
has completed a new production line for anion exchange membrane (AEM) electrolyzer stacks at its facility in Genoa, Italy. The company said the line has an annual production capacity of more than 300 MW. Its modular portfolio ranges from a 1 MW containerized system capable of producing about 500 kg of hydrogen per day to multi-megawatt systems for large-scale industrial applications.
have agreed to collaborate under an EU-funded Horizon Europe project to develop zero-emission heavy-duty vehicles. Toyota will supply a 300 kW fuel cell system for Iveco’s new fuel cell electric vehicles (FCEVs), while Iveco will lead vehicle development, integration and validation. The companies said the trucks will have a driving range of more than 900 km, with on-road trials scheduled to begin in the first half of 2027.
has delivered a hydrogen fuel cell-powered reachstacker to the Port of Tilbury in Essex, England, describing it as the first hydrogen fuel cell container handler to become fully operational in a real-world port application in the United Kingdom. The reachstacker uses a 60 kW fuel cell engine from Nuvera Fuel Cells to generate electricity for a 130 kWh lithium-ion battery. Hyster and Nuvera said they optimized and resized the fuel cell system based on experience from an earlier hydrogen reachstacker pilot at the Port of Valencia in Spain.",full,,dom_or_structured_full_text,,https://www.pv-magazine.com/2026/09/25/the-hydrogen-stream-germany-austria-and-luxembourg-launch-e2-12-billion-program-for-sustainable-aviation-fuel/,pv magazine,综合新能源,光伏、氢能、储能,2026-09-26T00:26:54+00:00,零碳产业 > 能量转化 > 能量存储 > 化学能 > 氢基能源 > 可再生燃料 > 绿色油品,零碳产业,绿色油品,"[{""path"":[""零碳产业"",""能量转化"",""能量存储"",""化学能"",""氢基能源"",""可再生燃料"",""绿色油品""],""path_text"":""零碳产业 > 能量转化 > 能量存储 > 化学能 > 氢基能源 > 可再生燃料 > 绿色油品"",""confidence"":0.9,""reason"":""核心是德奥卢三国支持电子可持续航空燃料eSAF的拍卖补贴计划。""}]",classified,2026-09-26T00:50:08.940762+00:00,glm-5.2,2026-09-10,
India adds 50.6 GW of solar module and 9.7 GW of cell manufacturing capacity in 1H - pv magazine Global,2026-09-25,"Markets & Policy
As of June 2026, India’s cumulative solar module manufacturing capacity stood at 261.7 GW, while cell manufacturing capacity reached 36.6 GW.
Uma Gupta
25 Sep 2026
Markets & Policy
Highlights
solar cells
Premier Energies solar cell facility
India added 50.6 GW of solar module and 9.7 GW of cell manufacturing capacity in the first half (1H) of 2026, taking its cumulative solar module manufacturing capacity to 261.7 GW and cell manufacturing capacity to 36.6 GW as of June 2026, according to Mercom India’s recently released report, State of Solar PV Manufacturing in India 1H 2026.
As of the report’s release, cumulative module capacity under the Approved List of Models and Manufacturers (ALMM) List-I stood at 225.5 GW, against nearly 35.5 GW of cumulative cell capacity under ALMM List-II.
“Domestic cell shortages have become the biggest near-term challenge for India’s solar market. Module capacity has expanded rapidly, but cell supply has not kept pace, tightening availability and pushing up prices for compliant modules and sharply slowing project activity. Many module manufacturers are struggling to maintain production because of limited domestic cell availability,” said Raj Prabhu, CEO at Mercom Capital Group.
Prabhu said that the installed cell capacity overstates actual availability, as new lines take months to reach stable commercial production. ALMM List-II has intensified the pressure by increasing dependence on domestic cell supply before enough capacity was commercially available.
TOPCon accounted for 80% of the total ALMM-listed module manufacturing capacity as of June 2026, followed by monocrystalline PERC/TOPCon at 11% and mono PERC at 4%. HJT accounted for 3%, while thin-film technology represented 2% of the total ALMM-listed capacity.
“Until commercially available cell supply catches up with demand, the entire industry will remain under pressure, with manufacturers facing production constraints and developers facing commissioning delays,” added Prabhu.
Gujarat remained the most favorable destination for solar module manufacturing, accounting for nearly 45% of the cumulative capacity as of June 2026. Rajasthan and Tamil Nadu followed with module production capacities of 26.1 GW and 23.4 GW.
Gujarat also held the largest annual solar cell production capacity at 37%. Tamil Nadu and Telangana were other top states, with capacities of 4.3 GW and 4.2 GW, respectively.
In 1H 2026, India’s imports of solar cells and modules increased 18% compared to 1H 2025. Cells accounted for 81% of total imports, while modules accounted for 19%.
The U.S. remained India’s largest solar export destination in 1H 2026, accounting for 92% of total exports.",full,,dom_or_structured_full_text,,https://www.pv-magazine.com/2026/09/25/india-added-50-6-gw-of-solar-module-and-9-7-gw-of-cell-manufacturing-capacity-in-1h-2026-says-mercom/,pv magazine,综合新能源,光伏、氢能、储能,2026-09-26T00:26:56+00:00,零碳产业 > 能量转化 > 能源测 > 一次能源转化 > 太阳能转化 > 光伏,零碳产业,光伏,"[{""path"":[""零碳产业"",""能量转化"",""能源测"",""一次能源转化"",""太阳能转化"",""光伏""],""path_text"":""零碳产业 > 能量转化 > 能源测 > 一次能源转化 > 太阳能转化 > 光伏"",""confidence"":0.97,""reason"":""核心事件是印度光伏组件和电池制造产能扩张，属于光伏产业链新闻。""}]",classified,2026-09-26T00:50:14.119441+00:00,glm-5.2,2026-09-10,
Weaker monsoon lifts irradiance in western India as August storms dim the east - pv magazine Global,2026-09-25,"Markets & Policy
In a new weekly update for
pv magazine
, Solcast, a DNV company, reports that northwestern and southern India and Pakistan recorded above-average solar irradiance during the 2026 summer monsoon, benefiting major PV-producing regions, while tropical depressions drove irradiance sharply below average across eastern and central India. Favorable solar conditions helped support Indian PV generation and electricity exports to Nepal after late-August floods damaged hydropower plants and other energy infrastructure there.
pv magazine
25 Sep 2026
Markets & Policy
Utility-scale
Northwestern and southern India and Pakistan saw above-average solar irradiance during the 2026 summer monsoon, while August tropical depressions reduced irradiance in eastern and central India, according to analysis using the
Solcast API
. Fortunately, the majority of India’s utility-scale PV capacity is in the regions with favourable conditions. After late-August flood damage in Nepal, India began exporting electricity there, supported in part by Indian PV generation.
The monsoon arrived slowly in June and rainfall has been below average in the sunnier regions. Early June–September analysis, using forecasts out to the end of September, puts irradiance around 5% above the long-term average in those areas, whilst August saw up to 10% above average. The weaker monsoon is consistent with the strong El Niño that has developed throughout 2027. These effects are also influenced by a marginal positive Indian Ocean Dipole, an Indian Ocean temperature pattern that can counteract El Niño’s influence.
Accumulated irradiance at Jodhpur, near Rajasthan’s PV-producing areas, is provisionally tracking as the second-highest year since 2007. Bahawalpur, near solar installations in Pakistan’s Punjab province, is tracking at the top of its comparison years since 2007.
Eastern and central India followed a different course. Several tropical depressions, or low-pressure systems formed over the Bay of Bengal in August and moved northwest across land, carrying cloud and heavy rain. August irradiance in the affected areas was 20–30% below the monthly average. The provisional June–September estimate is around 10% below average across Chhattisgarh, Jharkhand, Odisha, eastern Madhya Pradesh and
Maharashtra.
Spot analysis of time-series data in impacted locations demonstrates the impact this has for local solar production, revealing the impacts of the onset of the monsoon. Seen below, Nagpur started above average after the late monsoon onset, but August rain pushed its seasonal total below average. Abikapur, in Chhattisgarh, is tracking toward its lowest accumulated summer-monsoon irradiance in the comparison record after an average start.
Less PV capacity is deployed in these eastern areas than in India’s main solar-producing regions in the northwest. The sharp local irradiance decline therefore had a more limited bearing on national PV production potential than the August irradiance data alone might suggest.
Late-August floods in Nepal and Tibet, attributed glacial collapse, damaged 12 hydropower plants, PV facilities and transmission lines. Nepal’s generating capacity fell by 10%. Normally an exporter of hydropower to India during the summer monsoon, Nepal instead began importing electricity from India after the damage. Indian PV generation supported those exports, alongside the favourable irradiance across India’s main solar-producing
regions.
produces these figures by tracking clouds and aerosols at 1-2km resolution globally, using satellite data and proprietary
AI/ML algorithms
. This data is used to drive irradiance models, enabling Solcast to calculate irradiance at high resolution, with typical bias of less than 2%, and also cloud-tracking forecasts. This data is used by more than 350 companies managing over 350 GW of solar assets globally.
The views and opinions expressed in this article are the author’s own, and do not necessarily reflect those held by
pv magazine",full,,dom_or_structured_full_text,,https://www.pv-magazine.com/2026/09/25/weaker-monsoon-lifts-irradiance-in-western-india-as-august-storms-dim-the-east/,pv magazine,综合新能源,光伏、氢能、储能,2026-09-26T00:26:58+00:00,零碳产业 > 能量转化 > 能源测 > 一次能源转化 > 太阳能转化 > 光伏,零碳产业,光伏,"[{""path"":[""零碳产业"",""能量转化"",""能源测"",""一次能源转化"",""太阳能转化"",""光伏""],""path_text"":""零碳产业 > 能量转化 > 能源测 > 一次能源转化 > 太阳能转化 > 光伏"",""confidence"":0.9,""reason"":""核心内容是印度各区域太阳辐照对光伏发电的影响。""}]",classified,2026-09-26T00:50:14.119441+00:00,glm-5.2,2026-09-10,
China and U.S. module prices hold ahead of Golden Week and Section 232 price floors - pv magazine Global,2026-09-25,"Markets & Policy
In a new weekly update for
pv magazine
, OPIS, a Dow Jones company, provides a quick look at the main price trends in the global PV industry.
25 Sep 2026
Markets & Policy
China mainstream TOPCon modules held steady for another week as market liquidity remained thin ahead of China’s Golden Week holiday, with market participants reluctant to commit to transactions amid uncertainty over forward price direction toward year-end.
According to the OPIS Global Solar Markets Report released on Sept. 22, the Chinese Module Marker (CMM), the OPIS benchmark assessment for TOPCon modules below 645W from China, was unchanged at $0.108/W Free-On-Board (FOB) China.
Manufacturer offers remained wide-ranging, reflecting differing expectations for prices in the coming months. Industry participants also pointed to continued availability of lower-priced, less-efficient modules as a factor weighing on the overall module market.
Weak domestic installations since the start of the year have further pressured module demand and prices. China’s cumulative solar installations totaled 97.19 GW in January-August, down more than 57.9% from the same period in 2025. August additions totaled 11.04 GW, down 21.6% month-on-month.
Some industry participants said that weak domestic module demand has also made local module prices more sensitive to broader market fluctuations, prompting manufacturers to place emphasis on overseas sales. This shift in focus may explain the relative stability in export module prices, sources said.
Since the start of August, domestic ex-works (EXW) China mainstream TOPCon module prices have risen around 3.4%, while FOB China prices have remained flat.
The forward curve has also weakened over the past few months. OPIS assessed FOB China TOPCon module prices for Q1 2027 loading at a $0.02/W discount to spot prices this week, compared with a slight $0.01/W premium in late June.
In the U.S., imported module spot prices held steady as market participants continued to weigh the impact of Section 232 minimum import prices (MIPs), set to take effect Dec. 4.
Delivered duty paid (DDP) U.S. prices for TOPCon modules 645W and below were unchanged at $0.290/W, with quotes for Southeast Asian cargoes at $0.277/W and Indian cargoes at $0.332/W.
Quotes for U.S.-assembled TOPCon modules with imported cells, delivered on a domestic DDP U.S. basis, rose 0.63% to $0.321/W.
The Section 232 proclamation from early August continued to be reflected in the U.S. forward curve. DDP indications for TOPCon modules in the first two quarters of 2027 were assessed at $0.345/W, compared with $0.29/W in July.
Post-December supplier pricing remained unsettled, however, with a distributor saying the company had yet to receive firm prices as suppliers waited to see how competitors priced their products.
Uncertainty continued over whether the proclamation’s “first arm’s-length sale” rule would subject U.S.-assembled modules using imported cells to the $0.38/W module MIP. In OPIS’s Sept. 15 report, a source at a U.S. manufacturer questioned whether U.S. Customs and Border Protection would accept imported-cell transactions priced at the $0.22/W cell MIP plus the 15% tariff. If accepted, that treatment could allow U.S.-assembled modules to sell below the module MIP, the source said.
A policy source at a major supplier instead anticipated strict enforcement of the new price controls and argued that workarounds would undermine the mandate’s intent.
Views also differed on whether the enforcements would eliminate import demand. The distributor expected demand for imports to disappear, arguing that officials would raise tariff rates further if the announced controls failed to discourage imports.
The policy source, by contrast, believed imports could retain some cost competitiveness even if U.S. assemblers sold modules made with imported cells at $0.38/W, citing slim assembly margins.
For now, an early-stage project developer believed U.S. customers remained in contact with overseas suppliers and expected those discussions to continue while import prices stayed close to U.S.-assembled levels.
Beyond trade policy, the developer expected the industry to go on hiatus for a while after the final safe-harbor push for investment tax credit (ITC) eligibility, saying developers had stopped offering new projects when they no longer believed they could complete them before eligibility expired.
OPIS, a Dow Jones company, provides energy prices, news, data, and analysis on gasoline, diesel, jet fuel, LPG/NGL, coal, metals, and chemicals, as well as renewable fuels and environmental commodities. It acquired pricing data assets from Singapore Solar Exchange in 2022 and now publishes the
OPIS APAC Solar Weekly Report
The views and opinions expressed in this article are the author’s own, and do not necessarily reflect those held by
pv magazine",full,,dom_or_structured_full_text,,https://www.pv-magazine.com/2026/09/25/china-and-u-s-module-prices-hold-ahead-of-golden-week-and-section-232-price-floors/,pv magazine,综合新能源,光伏、氢能、储能,2026-09-26T00:27:00+00:00,零碳产业 > 能量转化 > 能源测 > 一次能源转化 > 太阳能转化 > 光伏,零碳产业,光伏,"[{""path"":[""零碳产业"",""能量转化"",""能源测"",""一次能源转化"",""太阳能转化"",""光伏""],""path_text"":""零碳产业 > 能量转化 > 能源测 > 一次能源转化 > 太阳能转化 > 光伏"",""confidence"":0.95,""reason"":""核心事件是中美光伏组件价格走势，属于光伏市场新闻。""}]",classified,2026-09-26T00:50:14.119441+00:00,glm-5.2,2026-09-10,
Spain awards €265 million for 49.9 GWh of pumped hydro storage - pv magazine Global,2026-09-25,"Markets & Policy
Pumped hydroelectric energy storage is advancing in Spain, with 11 projects backed by €265 million in public subsidies from a government program.
Pilar Sánchez Molina
25 Sep 2026
Markets & Policy
Energy Storage
The Cortes-La Muela pumped storage complex located on the Júcar River in Valencia, Spain
Spain has awarded €265 million ($302 million) to 11 pumped hydro energy storage projects totaling almost 4.1 GW / 49.9 GWh across two rounds of its Boralmac funding program.
The two rounds, resolved between 2024 and 2026, support new pumped hydro facilities as well as projects using existing infrastructure. The projects are spread across seven Spanish autonomous communities and are expected to be completed by 2035.
The first Boralmac round, resolved in July 2024, awarded the full €100 million available to four projects totaling almost 2 GW of turbine capacity and 28.85 GWh of storage.
The largest award, €44.9 million, went to the BOREAL project in Alcántara, Extremadura, for the new José María de Oriol II pumped hydro plant using the existing Alcántara II and Cedillo reservoirs.
Two projects in Castilla y León will make use of drainage water from abandoned mines. The Navaleo pumped hydro project in Torre del Bierzo received €35.3 million, while the Velilla del Río Carrión project in Palencia was awarded €10.7 million.
The fourth project, EcoEbre in Tarragona, received €9.1 million for a closed-loop pumped hydro facility between two reservoirs.
The original completion deadline for Boralmac 1 projects was the end of 2030. An amendment from the Institute for the Diversification and Saving of Energy (IDAE), approved in January 2026, allows the deadline to be extended to Dec. 31, 2035.
Boralmac 2 initially had a €90 million budget, but this was increased to €165 million following 16 applications seeking a combined €440 million in funding. Seven projects were ultimately selected, representing 2.07 GW of turbine capacity and 21.09 GWh of storage, against more than €755 million in eligible project costs.
The second-round projects include the 545 MW / 4.29 GWh Baells facility in Barcelona and the 354 MW / 4.74 GWh La Barca project in Asturias, which has the largest energy storage capacity among the seven projects.
Other awards went to the 440 MW / 3.52 GWh Meirama project in A Coruña, the 357 MW / 2.97 GWh Los Guajares project in Granada, the 247 MW / 3.81 GWh Grandas de Salime project in Asturias, and the 95 MW / 772 MWh Dehesa de Ganaderos project in Zaragoza.
The 33 MW / 991 MWh TORREALII project in Cáceres is the only Boralmac 2 project that will use existing infrastructure rather than construct a new pumped hydro plant.
All seven BORALMAC 2 projects must be completed by June 30, 2035. The second round is funded through the REPowerEU component of Spain’s Recovery, Transformation and Resilience Plan, while Boralmac 1 was funded separately under the plan’s electricity infrastructure, smart grids, flexibility and storage component.
IDAE said the projects were assessed on economic viability, technical characteristics, permitting maturity and their ability to support renewable integration and provide system services, including inertia and black-start capability.",full,,dom_or_structured_full_text,,https://www.pv-magazine.com/2026/09/25/spain-awards-e265-million-for-49-9-gwh-of-pumped-hydro-storage/,pv magazine,综合新能源,光伏、氢能、储能,2026-09-26T00:27:02+00:00,零碳产业 > 能量转化 > 能量存储 > 其它储能技术,零碳产业,其它储能技术,"[{""path"":[""零碳产业"",""能量转化"",""能量存储"",""其它储能技术""],""path_text"":""零碳产业 > 能量转化 > 能量存储 > 其它储能技术"",""confidence"":0.94,""reason"":""核心事件是西班牙资助11个抽水蓄能项目，抽水蓄能属该储能类别。""}]",classified,2026-09-26T00:50:14.119441+00:00,glm-5.2,2026-09-10,
German developer tests roe deer passages at solar park - pv magazine Global,2026-09-25,"Research & Development
German solar developer Südwerk has integrated roe deer passages into the perimeter fencing of its 20 MW Memmelsdorf solar park in Bavaria to preserve existing wildlife corridors. The company plans to consider similar measures in future projects following the experience gained at the site.
Petra Hannen
25 Sep 2026
Research & Development
Utility-scale
Roe deer passages are integrated into the fencing at several locations and are intended to allow roe deer to enter and leave the enclosed area without stress.
German solar developer Südwerk has integrated three dedicated roe deer passages into the perimeter fencing of a 20 MW solar park under construction in Memmelsdorf, Bavaria. The openings are designed to maintain existing wildlife corridors through the project site.
Südwerk said the idea originated with local hunters, who identified routes regularly used by roe deer in the area. German mounting system and solar infrastructure provider ZPV subsequently developed the fence design.
The passages are made primarily from standard components already used in solar park fencing and can be incorporated into the perimeter fence without custom fabrication.
The project’s ecological measures also include hedgerows, wildflower strips and extensively managed grassland, covering a combined area of around 15,600 square meters.
Südwerk said it plans to use the experience gained at Memmelsdorf in future projects and assess the feasibility of similar wildlife passages during the early planning stages.
The Memmelsdorf community solar park is nearing completion and is expected to begin commercial operations by spring 2027 at the latest. The ground-mounted array will have an installed capacity of 20 MW and occupy approximately 16.9 hectares.
A second construction phase is scheduled for autumn 2027 and is set to include a battery energy storage system. Südwerk has not disclosed the planned power or storage capacity of the battery system.",full,,dom_or_structured_full_text,,https://www.pv-magazine.com/2026/09/25/german-developer-tests-roe-deer-passages-at-solar-park/,pv magazine,综合新能源,光伏、氢能、储能,2026-09-26T00:27:03+00:00,零碳产业 > 能量转化 > 能源测 > 一次能源转化 > 太阳能转化 > 光伏,零碳产业,光伏,"[{""path"":[""零碳产业"",""能量转化"",""能源测"",""一次能源转化"",""太阳能转化"",""光伏""],""path_text"":""零碳产业 > 能量转化 > 能源测 > 一次能源转化 > 太阳能转化 > 光伏"",""confidence"":0.9,""reason"":""核心是光伏电站建设中的生态通道设计，属光伏电站项目新闻。""}]",classified,2026-09-26T00:50:14.119441+00:00,glm-5.2,2026-09-10,
World's largest cluster of 18-MW wind turbines now fully operational,2026-09-25,"China has brought its first large offshore wind project built around 18-megawatt (MW) turbines into full operation, marking a major step in the country’s push toward higher-capacity offshore power generation.China General Nuclear Power Corporation (CGN) announced the milestone on Thursday for the Fanshi offshore wind power project in Yangjiang, Guangdong Province. The project is designed to supply electricity to the Guangdong-Hong Kong-Macao Greater Bay Area while supporting China’s expansion of large offshore wind farms.131 turbines deployed offshoreThe Fanshi project contains 131 wind turbines and is located about 50 miles (81 kilometers) offshore. Among them are 33 ultra-large turbines in the 18-MW class.The deployment makes the project the world’s largest large-scale cluster of offshore turbines using such a high single-unit capacity, according to CGN. The project demonstrates how larger turbines can increase electricity production while reducing the number of turbine positions required across an offshore site.Each 18-MW turbine has a rotor diameter of 958 feet (292 meters). Its swept area covers about 66,000 square meters, or roughly 16.3 acres. CGN compares that area with the size of nine standard soccer fields.The scale of the machines allows each turbine to produce substantial amounts of electricity from a single offshore position.One rotation can power a homeUnder full-load conditions, one rotation of an 18-MW turbine’s rotor can generate about 43 kilowatt-hours (kWh) of electricity. CGN says that amount is enough to cover the electricity needs of an ordinary household for about nine days.A single turbine can produce up to 56 million kWh of electricity annually, according to the company. Using larger turbines across the project can also reduce the number of offshore foundations and turbine sites needed for a given generation capacity.Fewer turbine positions can lower construction requirements for submarine cables and offshore foundations. It can also reduce the amount of sea area required for the project.6.6 billion kWh of annual clean powerOnce fully operational, the Fanshi project can send more than 6.6 billion kWh of clean electricity to the grid each year, CGN said.That output is equivalent to saving about 1.92 million metric tons of standard coal annually. The company estimates the project will also cut carbon dioxide emissions by about 5.1 million metric tons.Offshore wind has become an important part of China’s low-carbon energy transition because projects located near the coast can supply electricity close to major centers of consumption.“Offshore wind is a key driver of China’s low-carbon energy transition. Located near coastal load centers, offshore wind can supply clean power close to major energy consumption centers. It reduces fossil fuel dependence and helps energy-intensive regions achieve early carbon reduction,” said Sun Chuanwang, a professor at Xiamen University, as reported by Global Times.China expands offshore wind capacityChina’s wider wind power sector has also continued to expand. By the end of August, the country’s total installed power generation capacity reached 4.10 billion kilowatts, up 11.1 percent year over year, according to National Energy Administration data.Installed wind power capacity increased 19.6 percent to 693 million kilowatts during the same period.An industry report released in Shanghai on June 17 found that China accounted for 78 percent of newly grid-connected offshore wind capacity worldwide in 2025, according to CCTV News.The Fanshi project adds to that expansion while highlighting the industry’s move toward larger turbines and higher output from individual offshore installations.",full,,dom_or_structured_full_text,,https://interestingengineering.com/energy/18-mw-wind-project-operational,interesting engineering,综合科技,无,2026-09-26T00:27:14+00:00,零碳产业 > 能量转化 > 能源测 > 一次能源转化 > 风电,零碳产业,风电,"[{""path"":[""零碳产业"",""能量转化"",""能源测"",""一次能源转化"",""风电""],""path_text"":""零碳产业 > 能量转化 > 能源测 > 一次能源转化 > 风电"",""confidence"":0.96,""reason"":""核心事件是18MW海上风机集群全面投运，属海上风电项目。""}]",classified,2026-09-26T00:50:14.119441+00:00,glm-5.2,2026-09-10,
New vertical quantum sensor probes materials in strong magnetic fields,2026-09-25,"Researchers at the University of Twente in the Netherlands have built a vertical quantum sensor that can measure nanoscale patterns in quantum materials and works in a magnetic field of 1 Tesla, which is 20,000 times stronger than that of the Earth. Recent advancements in our understanding of quantum technologies and the properties of quantum materials have led to rapid advancements in new applications. To further refine these applications and bring them into the real world, scientists need to understand further how currents and magnetic fields operate in these materials. Since quantum technologies run at nanoscales, scientists also need to build sensors that can work at these scales. A Superconducting QUantum Interface Device (SQUID) is an ultra-sensitive magnetometer that can measure extremely weak magnetic fields. However, magnetic fields weaken with distance, so the sensor must stay very close to the material to make measurements. A sensor lying flat in the plane of a quantum chip cannot capture details of the magnetic fields several micrometers away. So, a research team led by Hans Hilgenkamp, a professor of Applied Physics and Nanotechnology at the University of Twente, built a vertical sensor by putting it on a pyramid and bringing it as close to quantum chips as possible to see whether quantum materials do their work. How was the sensor built? Instead of building the pyramid, the research team hollowed it out from a slice of silicon. To do this, they used a liquid to etch out pits shaped like pyramids and placed a thin film of glass-like material on it. When the film is removed, the material remains only at the edges. The technique is known as corner lithography and leaves only a frame of extremely thin wires running along the edges of the pyramid. When the surrounding silicon is removed, the pyramid is left standing upright at the end of a thin arm. The researchers then added a layer of niobium, a superconducting metal, over the wires and then split the two constrictions on top into a ring using a beam of charged particles to complete the sensor. Conventionally, chips are made in flat planes, and while stacking is becoming more common, it can only be achieved layer by layer. The building of the quantum sensor shows that three-dimensional structures with working electronics inside them can also be made. Advantages of the sensorQuantum material research often takes place in areas with strong magnetic fields. However, this does not work well for a superconducting sensor since strong magnetic fields destroy its superconductivity, making them rather useless when you really need them. The pyramid sensor works reliably at 1 Tesla, which is 20,000 times stronger than the Earth’s magnetic field. Another advantage is that the sensor frame has four wires but needs only two for magnetic field measurements. The researchers use the other two tips for steer the sensor and tune it sensitivity during the scanning process. Much of the work in building a SQUID sensor has been done by hand so far. This research shows that building these sensors at scale from a silicon wafer, much like computer chips are made, is also now possible. The researchers added that hundreds of these sensors could be made in a single run, with nearly 90 percent of the chips being usable. The researchers published the findings in the journal Physical Review Applied.",full,,dom_or_structured_full_text,,https://interestingengineering.com/science/scientists-build-vertical-quantum-sensor,interesting engineering,综合科技,无,2026-09-26T00:27:17+00:00,通用技术 > 检测和表征 > 传感器,通用技术,传感器,"[{""path"":[""通用技术"",""检测和表征"",""传感器""],""path_text"":""通用技术 > 检测和表征 > 传感器"",""confidence"":0.9,""reason"":""新闻核心对象是可在强磁场中工作的纳米尺度量子传感器及其量产制造。""},{""path"":[""AI与智能科技"",""其它智能科技"",""量子信息和量子计算""],""path_text"":""AI与智能科技 > 其它智能科技 > 量子信息和量子计算"",""confidence"":0.82,""reason"":""核心事件是量子传感器（SQUID）在强磁场下探测量子材料的研发进展。""}]",classified,2026-09-26T00:50:22.519877+00:00,glm-5.2,2026-09-10,
California to house a 500-tonne annual output rare earth metal plant,2026-09-25,"Solcoa Industries has raised $75 million to build a commercial rare earth metalmaking plant in California, aiming to reduce the US reliance on China for materials used in electric vehicles, robotics, and defense systems.The financing will support construction of Solcoa One, a facility planned to begin operations in July 2027 with an annual production capacity of 500 tonnes of rare earth metals. The company says the plant will be among the largest rare earth metallization operations in the Western world.The funding includes $45 million in equity led by Bain Capital Ventures, with participation from Gigascale Capital, Long Journey, Felicis and other investors. Another $30 million comes from debt and equipment financing anchored by JPMorgan.A bottleneck in the rare earth supply chainRare earth metals are used to manufacture high-performance permanent magnets that help power electric vehicles, industrial robots, wind turbines and defense equipment. However, converting refined rare earth oxides into usable metals, a process known as metallization, remains a major bottleneck in the global supply chain.According to Solcoa, China controls approximately 95% of global rare earth metallization capacity. The company says conventional metalmaking methods are expensive, hazardous and difficult to permit, limiting the development of production facilities elsewhere.The issue is particularly significant for US defense suppliers. Under the Defense Federal Acquisition Regulation Supplement, restrictions already prohibit certain contractors from purchasing samarium-cobalt and neodymium-iron-boron magnets produced in China, Russia, Iran or North Korea.Beginning January 1, 2027, the restrictions are scheduled to extend to magnets containing rare earth materials mined, refined, separated, melted, or produced in those countries. That creates additional pressure on manufacturers to establish compliant supply chains for the metals used in high-performance magnets.A different approach to metalmakingFounded in 2025, Solcoa is developing an alternative to conventional molten-salt electrolysis, the process commonly used to convert rare earth oxides into metals.The company says its technology uses halide-free chemistries and modular reactors designed and manufactured at its Alameda, California, facility. According to Solcoa, the process is faster, consumes less energy, and costs less than legacy methods.The company also claims its approach produces no harmful emissions, including toxic fluoride gases and perfluorocarbons associated with conventional metallization. These performance and environmental claims have been made by Solcoa and have not been independently established in the supplied announcement.Rather than relying on a single large industrial facility, Solcoa says its modular approach lets be added production capacity incrementally, with individual reactors taking weeks to manufacture.The company reports that it has already scaled from a laboratory research reactor to producing more than 10 tonnes of magnet-grade metal annually. It says it is among the few companies outside China that can produce neodymium-praseodymium (NdPr) and samarium metal, and is already shipping material from Alameda.Scaling to 500 tonnes annuallyThe new financing will fund construction and commissioning of Solcoa One, expand reactor manufacturing in Alameda, and hire across engineering and research teams. At its planned 500-tonne annual capacity, the facility could produce enough NdPr metal to supply magnets for up to one million electric vehicles, the company says.Solcoa CEO Hooman Reza Nezhad said the company intends to develop a fundamentally different metalmaking process rather than replicate China’s existing industrial methods.For US manufacturers, the challenge extends beyond mining and refining rare earths to establishing the intermediate processing capacity required to turn those materials into usable metals. Solcoa’s next milestone will be demonstrating that its existing production technology can operate at commercial scale. The company is targeting July 2027 for Solcoa One to begin operations, although the planned start date and production capacity remain company projections.",full,,dom_or_structured_full_text,,https://interestingengineering.com/innovation/solcoa-75-million-us-rare-earth-metal-plant,interesting engineering,综合科技,无,2026-09-26T00:27:20+00:00,零碳产业 > 物质循环 > 资源加工 > 无机物 > 金属 > 稀土产业,零碳产业,稀土产业,"[{""path"":[""零碳产业"",""物质循环"",""资源加工"",""无机物"",""金属"",""稀土产业""],""path_text"":""零碳产业 > 物质循环 > 资源加工 > 无机物 > 金属 > 稀土产业"",""confidence"":0.95,""reason"":""核心事件是融资建设年产500吨稀土金属冶炼厂，直接属于稀土产业链。""}]",classified,2026-09-26T00:50:22.519877+00:00,glm-5.2,2026-09-10,
"8,157-ton nuclear attack submarine commences sea trials in UK",2026-09-25,"HMS Agamemnon, the Royal Navy’s newest nuclear-powered attack submarine, has left BAE Systems’ Barrow-in-Furness shipyard for the first time. She is heading to HM Naval Base Clyde in Scotland, where she will undergo trials and crew training before joining the operational fleet.The voyage comes more than 13 years after her keel was laid in July 2013. Although Agamemnon was commissioned in September 2025, she remained at the shipyard while work on her reactor plant and other systems continued.The submarine is the sixth of seven planned Astute-class boats for the Royal Navy.A long road to the first voyageWhen the submarine’s name was announced in 2013, the UK Ministry of Defence expected her to enter service in 2022. Her first departure from Barrow comes more than four years after that original target.Agamemnon was rolled out of the shipyard’s Devonshire Dock Hall in October 2024. King Charles III commissioned her into the Royal Navy on September 22, 2025, but the ceremony did not mark the end of testing at Barrow.Over the following year, work included testing and commissioning her reactor plant and completing other final tasks. The submarine conducted her first trim dive in October 2025, allowing her crew and builders to assess how she behaved in the water. She has now sailed from the shipyard one year and two days after her commissioning.Trials before operational serviceOnce Agamemnon reaches Faslane, she will begin an extensive programme of sea trials, weapons testing and crew training. Leaving the shipyard is a major milestone, but it does not mean the submarine is ready for operational deployments.HMS Anson, the previous Astute-class submarine, offers an indication of how long the process could take.Anson left Barrow on February 19, 2023, and subsequently underwent trials in UK waters and at the US Navy’s AUTEC test range in the Bahamas. She became fully operational around June 2024.A similar timetable would place Agamemnon’s operational readiness in the latter part of 2027. That remains an estimate: the Ministry of Defence does not disclose planned in-service dates for individual submarines, and Agamemnon’s own trials will determine her progress.A new boat amid a gap at seaAgamemnon’s departure follows a period in which no operational Royal Navy attack submarine was known to be underway. HMS Anson returned from an Indo-Pacific deployment to Devonport on May 27, 2026, and has remained alongside. That left a 120-day gap before Agamemnon sailed, although the new submarine is not yet operational.HMS Audacious, another Astute-class submarine, is nearing the end of a maintenance period at Devonport and is expected to return to sea in the near future.At 97 metres long and displacing 7,400 tonnes, Agamemnon carries Spearfish heavyweight torpedoes and Tomahawk land-attack cruise missiles. She is the sixth Royal Navy vessel named for Agamemnon, the legendary Greek king who commanded forces in the Trojan War.",full,,dom_or_structured_full_text,,https://interestingengineering.com/military/8157-ton-nuclear-attack-submarine-leaves-uk-shipyard-for-first-sea-trials,interesting engineering,综合科技,无,2026-09-26T00:27:22+00:00,未分类,,,[],unclassified,2026-09-26T00:50:22.519877+00:00,glm-5.2,2026-09-10,
US' South 8 begins making lithium batteries that work in extreme cold,2026-09-25,"South 8 Technologies has started operating a semi-automated battery cell manufacturing line at its facility in San Diego, California. The line will make cylindrical cells for defense and specialty applications that need reliable power in extreme cold.The expansion supports production of South 8’s ARCTIC AE35 18650 cell. The company says the line will support 5 MWh of annual production in 2027 as it scales capacity for customers including 3ME Technology and Galvion.The cell uses South 8’s LiGas liquefied gas electrolyte, which enables it to charge and discharge across a stated temperature range of −76°F (−60°C) to 140°F (60°C).Building cells for cold-weather equipmentBattery performance becomes a practical concern for equipment expected to work in freezing conditions. South 8 is positioning the AE35 for customers that build battery packs and platforms used in unmanned systems, communications equipment, remote sensing, and soldier power.The operational line gives the company a way to increase production of the cells while serving defense and specialty markets. South 8 identified 3ME Technology and Galvion as defense customers commercializing battery solutions that use its LiGas electrolyte. The company said the new line creates a path from cell qualification to production as it scales capacity through 2027. South 8 has not stated that the newly operational line is producing at that rate today.Domestic production and sourcingSouth 8 will produce both the AE35 cells and its proprietary electrolyte at its San Diego facility. Alongside the line’s launch, the company said it has established supplier agreements for key cell materials and components.Those agreements are intended to support a supply chain that avoids reliance on foreign entities of concern. For defense customers, the location of cell production and the sourcing of materials can matter alongside performance in the field.South 8 said its supply chain was selected with emerging sourcing rules in mind. It described the domestic line as a pathway toward meeting applicable National Defense Authorization Act requirements once those rules are finalized. The company did not claim that the cells have already been certified as compliant with finalized rules.Scaling for defense customers“Customers need battery cells that perform in extreme environments while also reducing supply chain risk,” said Rusty Heffner, South 8’s vice president of strategy.“South 8 is scaling production of the AE35 cell to address both needs. We provide the cold weather performance our customers require while building cells domestically with a supply chain that was selected to comply with the NDAA Section 842 rules,” he added.“We enhance the capability of our customers’ products and give them confidence that they will have a reliable domestic source of battery cells that meets emerging DOW regulations,” Heffener continued. The launch marks an operational manufacturing step for South 8, while its planned 2027 output remains ahead. Its customers can now work toward using domestically made AE35 cells in equipment designed for demanding cold-weather environments.",full,,dom_or_structured_full_text,,https://interestingengineering.com/energy/us-battery-maker-5-mwh-cell-line,interesting engineering,综合科技,无,2026-09-26T00:27:24+00:00,零碳产业 > 能量转化 > 能量存储 > 电化学储能 > 二次电池 > 传统蓄电池 > 有机体系 > 锂电,零碳产业,锂电,"[{""path"":[""零碳产业"",""能量转化"",""能量存储"",""电化学储能"",""二次电池"",""传统蓄电池"",""有机体系"",""锂电""],""path_text"":""零碳产业 > 能量转化 > 能量存储 > 电化学储能 > 二次电池 > 传统蓄电池 > 有机体系 > 锂电"",""confidence"":0.9,""reason"":""核心事件是采用液化气电解液的锂电池产线投产，服务极端低温应用。""}]",classified,2026-09-26T00:50:22.519877+00:00,glm-5.2,2026-09-10,
US firm hits 30 entangled logical qubits on its Sqale quantum computer,2026-09-25,"A Colorado-based company has announced a major milestone in quantum computing. Infleqtion’s Sqale quantum computer has demonstrated 30 entangled logical qubits using just 80 physical qubits. The 30-logical-qubit demonstration represents an important data point in the industry’s effort to move from isolated quantum experiments toward machines capable of executing increasingly long and reliable computations.Infleqtion becomes first neutral-atom quantum computing company to reach 30 logical qubitsThis achievement makes Infleqtion the first neutral-atom quantum computing company to reach 30 logical qubits on a commercial system. Infleqtion revealed that the breakthrough combines hardware and software co-design with an AI-assisted discovery that halves the physical gates needed for a key logical operation. By entangling 30 logical qubits in a single, coherent quantum state, Infleqtion has validated the core architecture of its Sqale hardware and Superstaq software, on its roadmap to deliver 100 logical qubits by 2028.“Getting 30 logical qubits to work together is hard, and our team has done it,” said Matt Kinsella, CEO of Infleqtion. “Co-design between our hardware and software enabled this demonstration with just 80 physical qubits. We’re moving quickly toward our target of 100 logical qubits in 2028, and we’re already developing applications with customers. The goal is to give them a quantum computer that can take on problems they can’t solve today.”Unlike fragile physical qubits, which suffer rapid calculation decay from environmental noise, logical qubits group multiple physical qubits together using software protocols to ensure computational stability and accuracy. Infleqtion’s achievement of 30 logical qubits was experimentally confirmed by a signal that is approximately 1000x stronger than underlying noise, according to a press release.Infleqtion has three customers for logical qubit circuits on the Sqale platform. Among them is the Wellcome Leap Quantum for Bio (Q4Bio) program, where Infleqtion pioneered and demonstrated on hardware a quantum neural network approach with training on GPU and inference on QPU for biomarker discovery. That work, first demonstrated at 12 logical qubits, extends directly into today’s result, as per the release.“Getting 30 logical qubits to work together is hard, and our team has done it,” said Matt Kinsella, CEO of Infleqtion. “Co-design between our hardware and software enabled this demonstration with just 80 physical qubits. We’re moving quickly toward our target of 100 logical qubits in 2028, and we’re already developing applications with customers. The goal is to give them a quantum computer that can take on problems they can’t solve today.”Breakthrough is powered by Infleqtion’s Superstaq quantum softwareThe company also revealed that the breakthrough is powered by Infleqtion’s Sqale QPU hardware and Superstaq quantum software platform, which unite individual qubit-addressing capabilities with dynamically reconfigurable atom arrays. This unique combination maintains all-to-all connectivity while minimizing the typical pitfalls of atom movement, including error accumulation, atom loss, and runtime delays.",full,,dom_or_structured_full_text,,https://interestingengineering.com/innovation/us-firm-entangled-logical-qubits-quantum-computer,interesting engineering,综合科技,无,2026-09-26T00:27:26+00:00,AI与智能科技 > 其它智能科技 > 量子信息和量子计算,AI与智能科技,量子信息和量子计算,"[{""path"":[""AI与智能科技"",""其它智能科技"",""量子信息和量子计算""],""path_text"":""AI与智能科技 > 其它智能科技 > 量子信息和量子计算"",""confidence"":0.95,""reason"":""核心事件是中性原子量子计算机实现30个纠缠逻辑量子比特的里程碑。""}]",classified,2026-09-26T00:50:22.519877+00:00,glm-5.2,2026-09-10,
China develops 360 feet high-performance recyclable wind turbine blade,2026-09-25,"A Chinese company has completed production of a 360 feet recyclable wind turbine blade. Developed by CRRC, the blade achieves a recovery rate exceeding 95% for key raw materials.The milestone marks a significant step toward the commercial-scale recycling of ultra-large wind turbine blades and provides a solution for managing blades at the end of their service life.Blade represents breakthrough in both materials and recycling technologyCRRC revealed that the blade represents a breakthrough in both materials and recycling technology. It uses a recyclable material system centered on a high-efficiency, debondable infusion resin. While fully meeting the demanding performance requirements for high strength, stiffness and fatigue life, the blade uses reversible chemical debonding technology to separate the resin efficiently from the reinforcing fibers. Once recovered, materials including the resin and fibers can be reused in wind equipment, automotive manufacturing, infrastructure construction and other high-value applications. This moves wind turbine blades beyond the traditional “single-use” model, enabling closed-loop recovery and high-value reuse of their constituent materials, according to CRRC.Recyclable blade system can support efforts to meet sustainabilityThe recyclable blade system can support customers’ efforts to meet international sustainability objectives and reporting obligations, including those under the EU’s Corporate Sustainability Reporting Directive (CSRD). It is also well suited to high-capacity offshore wind turbines and combines safety, environmental performance and cost-effectiveness. Together, these advantages strengthen CRRC’s position as it brings its offshore wind equipment to international markets and competes in the global renewable energy sector, according to a press release.CRRC claims its new blade uses a recyclable material system based on a high-efficiency, debondable infusion resin. The technology is designed to allow the resin to be separated from reinforcing fibres through reversible chemical debonding.This approach is significant because conventional wind-turbine blades rely heavily on composite materials that are engineered for strength and durability. Those characteristics make the blades suitable for decades of operation but can also make them difficult to dismantle and recycle once they reach the end of their useful lives.CRRC estimates that more than 470 GW of new onshore and offshore wind installations could be added in the coming years. At the same time, the company says that more than 30,000 wind turbines in China could be retired by 2030, representing approximately 44.73 GW of capacity and generating about 947,900 metric tons of wind-related solid waste.Last year, CRRC said it had developed China’s first TMT82 recyclable thermoset-resin blade. The company described the technology as using reversible chemical bonds to facilitate the depolymerization and separation of resin and fibres while maintaining the mechanical properties required for wind-turbine operation.The 360 feet blade is also aimed at the requirements of high-capacity offshore wind turbines.Offshore projects increasingly use larger turbines because greater rotor size can increase electricity generation from each installation. However, transporting, maintaining and eventually decommissioning components of this scale presents additional logistical and environmental challenges.",full,,dom_or_structured_full_text,,https://interestingengineering.com/energy/high-performance-recyclable-wind-turbine-blade-built,interesting engineering,综合科技,无,2026-09-26T00:27:28+00:00,零碳产业 > 能量转化 > 能源测 > 一次能源转化 > 风电,零碳产业,风电,"[{""path"":[""零碳产业"",""能量转化"",""能源测"",""一次能源转化"",""风电""],""path_text"":""零碳产业 > 能量转化 > 能源测 > 一次能源转化 > 风电"",""confidence"":0.93,""reason"":""核心事件是360英尺可回收风电叶片制造完成，面向海上大型风机。""},{""path"":[""零碳产业"",""物质循环"",""资源回收利用与排放治理"",""物质回收""],""path_text"":""零碳产业 > 物质循环 > 资源回收利用与排放治理 > 物质回收"",""confidence"":0.7,""reason"":""叶片核心卖点是关键原材料回收率超95%的可回收技术与材料分离。""}]",classified,2026-09-26T00:50:22.519877+00:00,glm-5.2,2026-09-10,
World's first isotope refinery project can transform fusion innovation,2026-09-25,"A London-based company is building the world’s first isotope refinery, which can enable the next era of medicine and fusion energy.For this, StandardX has raised £10m seed funding. The step is expected to radically increase production of the rare isotopes that will enable the next century of innovation in medicine and energy.“Isotopes underpin the next era of innovation across several key sectors, but all share the same constraints around supply,” said Richard Pearson, StandardX CEO.“Shortages are most acute in cancer medicine, already impacting patients today, and stalling progress in the development of next-generation treatments. This problem will only get worse, with new cancer cases projected to increase 67% by 2050. So we’re building the platform the world needs to address this.”Isotope refinery will turn chronic scarcity into reliable and abundant supplyIsotopes enabling a new generation of cancer treatments, particularly targeted alpha therapies, which attacks cancer directly whilst sparing the healthy tissue around tumours, are so scarce that clinical trials have been paused or delayed across the UK, Europe and beyond.StandardX’s isotope refinery will turn this chronic scarcity into a reliable and abundant supply. Its proprietary accelerator system replaces today’s patchwork of narrow, isotope-specific infrastructure. Deployable and built on a standard industrial footprint, each machine is capable of manufacturing the full isotope portfolio at commercial scale, supporting a distributed model of supply with production sited close to demand, according to a press release.Production will begin with isotopes for cancer diagnosis and therapy, servicing two markets: the supply hospitals rely on today, and the ones drug-makers need to invent tomorrow’s treatments, some of which are not commercially available at any scale today. StandardX will supply first isotopes to a medical research partner in 2027, as per the release.The company also revealed that the same accelerator platform will later scale to isotopes for other advanced industries, including tritium, the incredibly scarce fuel that fusion energy runs on: only 25kg of tritium exists globally today but tens of kilograms are needed to run just a single fusion power plant for a year. StandardX has already signed agreements with leading fusion developers to manufacture tritium to support their missions in bringing fusion power to the grid.“StandardX began with a problem: isotope supply limited by legacy infrastructure. This raise moves us from concept into engineering, physics into hardware, and conversations into delivery,” said Ross Allen, CTO StandardX. “Our immediate priority is our industrial site in London, where we will deploy our first isotope refinery system and work closely with clinicians and researchers to start building a reliable supply chain.”The £10m seed round is led by European deep tech investors Vsquared Ventures and East X Ventures, who have backed some of Europe’s most successful deep tech pioneers.“Radiopharma is approaching an extraordinary inflection point, but isotope supply simply hasn’t kept pace,” said Lise Rechsteiner, General Partner at Vsquared.“StandardX is building a fundamentally flexible production platform that can move with the science, from the isotopes medicine needs today to those that will define the next generation of cancer treatment. We believe it can become critical infrastructure for the next era of radiopharma and Richard and Ross have the rare technical expertise and ambition to build it. Being located in London puts StandardX at the heart of one of Europe’s leading ecosystems for cancer research and clinical trials.”",full,,dom_or_structured_full_text,,https://interestingengineering.com/energy/world-first-isotope-refinery-fusion-innovation,interesting engineering,综合科技,无,2026-09-26T00:27:31+00:00,通用技术 > 基础学科 > 医学&生物学,通用技术,医学&生物学,"[{""path"":[""通用技术"",""基础学科"",""医学&生物学""],""path_text"":""通用技术 > 基础学科 > 医学&生物学"",""confidence"":0.7,""reason"":""核心是同位素提炼平台用于癌症等医疗领域，属医学健康相关产业进展""}]",classified,2026-09-26T00:50:32.637261+00:00,glm-5.2,2026-09-10,
"Geared turbofan jet engine to boost 5,400-mile range jet's thrust",2026-09-25,"A US-based aerospace equipment producer has reportedly delivered the first aircraft powered by its brand new GTF Advantage turbofan engine, which offers up to twice the time on wing and up to 8 percent more takeoff thrust.Connecticut-based Pratt & Whitney, an RTX business, announced on September 24 that its GTF Advantage engine has entered service aboard an Airbus A321XLR delivered to United Airlines. It is expected to bring greater efficiency to the whole A320neo family.According to RTX, a global manufacturer of aerospace and defense systems that was formerly known as Raytheon Technologies, the jet engine will offer greater durability, more thrust, and longer-range capability aboard the Airbus A321XLR.The A321XLR is a long-range single-aisle jet that can fly up to 5,400 miles (8,700 kilometers). It is built to link destinations that were previously difficult to reach with single-aisle jets. “The first delivery of a GTF Advantage-powered aircraft to United Airlines signifies a new chapter in our relationship that spans nearly a century,” Rick Deurloo, Pratt & Whitney commercial engines president, stated. Improved engine durabilityDeurloo said that the new engine delivers between four and eight percent more takeoff thrust than the current GTF model. According to the manufacturer, the additional power helps enable longer-range operations. United is the first airline to get an aircraft with the novel engine standard. The GTF Advantage is also more durable and can deliver up to twice the time on wing. This refers to how long an engine can operate before it needs maintenance.The Pratt & Whitney GTF Advantage engine.Credit: RTXAt the same time, the GTF Advantage features what the company describes as the most advanced hot section in the single-aisle aircraft market. The hot section has parts exposed to some of the highest temperatures inside a jet engine.Despite the changes, the GTF Advantage remains compatible with the current GTF engine. This could simplify operations for carriers that operate aircraft with both engine standards. Pratt & Whitney aims to transition its entire PW1100G-JM production line to the GTF Advantage specification by 2028.“GTF-powered aircraft are helping us reduce fuel burn and improve reliability as we add new destinations around the world for our customers,” Ankit Gupta, United Airlines senior VP and chief air operations officer, added. Updating the existing fleetRTX revealed that operators of existing GTF engines will also have access to some of the durability improvements. Pratt & Whitney plans to offer its GTF Hot Section Plus, or HS+, upgrade for the current PW1100G-JM engine.According to the firm, the upgrade will allow existing engines to reach up to 90-95 percent of the durability benefits offered by the GTF Advantage. Meanwhile, the HS+ option is set to become available for installation during maintenance visits early next year.The engine the first in a new line that builds on the baseline GTF engine.Credit: RTX“We are excited to welcome Pratt & Whitney’s newest GTF engine to our fleet,” Gupta concluded in a press release. “Pratt & Whitney has been a key supplier for United Airlines throughout our long, shared history, powering multiple United aircraft types.”Pratt & Whitney has been developing aircraft propulsion technologies since 1925. The company currently supports more than 90,000 engines worldwide through its maintenance, repair, and overhaul network.",full,,dom_or_structured_full_text,,https://interestingengineering.com/transportation/world-longest-range-jet-turbofan,interesting engineering,综合科技,无,2026-09-26T00:27:33+00:00,通用技术 > 通信和运输 > 物质运输 > 航空,通用技术,航空,"[{""path"":[""通用技术"",""通信和运输"",""物质运输"",""航空""],""path_text"":""通用技术 > 通信和运输 > 物质运输 > 航空"",""confidence"":0.95,""reason"":""核心事件为新型涡扇发动机投入商用航空服务""}]",classified,2026-09-26T00:50:32.637261+00:00,glm-5.2,2026-09-10,
3-mm implants use body tissue to send signals without Bluetooth,2026-09-25,"Georgia Tech engineers have developed a wireless networking system that lets tiny implants communicate through body tissue, potentially allowing sensors in one part of the body to trigger treatment somewhere else.The Smart Wireless Autonomous Networking System, or SWANS, uses the body’s natural ionic conductivity to transmit electrical signals between implanted and wearable devices. The approach avoids conventional wireless technologies such as Bluetooth and near-field communication, which can struggle to transmit signals through human tissue.The low-power technology allowed the researchers to build implants smaller than 3 millimeters, making them small enough to be delivered using a syringe rather than requiring surgery. The devices can communicate with other implants as well as an external wearable hub.Researchers demonstrated the system in rats by creating a network linking sensors and neural interfaces across the body. When a sensor detected movement in a rat’s front paw, another device was automatically activated to stimulate a hind-leg muscle, producing a contraction that mimicked part of the animal’s natural walking motion.Body becomes the networkSWANS works by sending electrical pulses through surrounding tissue. Each implant can be programmed to recognize pulses with specific voltages and durations, allowing the network to selectively activate individual devices.The system could therefore separate where a biological signal is detected from where treatment is delivered.“With our system, you can now place sensors in the best possible place to detect a biological signal and place actuators in the best possible place to perform a therapeutic action,” said Alex Abramson, the study’s senior author and an assistant professor at Georgia Tech.“They don’t need to be connected, aligned, or even near each other; they can just send signals to each other through the surrounding tissue.”Traditional wireless systems present challenges for very small implants because their antennas and power requirements can increase device size. SWANS instead relies on the conductivity of biological tissue to carry its signals, reducing the hardware and energy required for communication.The implants use passive electronic components that consume essentially no power while waiting for a signal. They activate when triggered and can then perform a programmed action.Tiny implants coordinate treatmentThe researchers estimate that a small actuator activated once per day could operate for about a year before requiring replacement. Tests also found that the electrical pulses used for communication did not damage tissue samples.SWANS is not designed to move large quantities of information. Instead, implants exchange simple signals, such as whether a particular condition has been detected or whether an action should be triggered.More demanding data processing can take place on an external wearable hub. The hub can combine readings from multiple implants and coordinate therapeutic responses from devices elsewhere in the body.That architecture could eventually enable networks in which sensors monitor biological conditions continuously and automatically activate treatments when needed. Potential applications include neural stimulation and drug delivery, although the technology remains at the research stage.The researchers also demonstrated communication across different parts of the body, including devices positioned deep inside the stomach.“Our ultimate hope is to be able to fully automate human health — to be able to deliver a therapy exactly when it’s needed, where it’s needed, and to do so in a coordinated fashion across the body,” Abramson said.The study was published in the journal Science.",full,,dom_or_structured_full_text,,https://interestingengineering.com/health/tiny-implants-body-tissue-wireless-network,interesting engineering,综合科技,无,2026-09-26T00:27:35+00:00,通用技术 > 检测和表征 > 传感器,通用技术,传感器,"[{""path"":[""通用技术"",""检测和表征"",""传感器""],""path_text"":""通用技术 > 检测和表征 > 传感器"",""confidence"":0.85,""reason"":""核心是体内微型植入传感器的通信系统研发""},{""path"":[""通用技术"",""基础学科"",""医学&生物学""],""path_text"":""通用技术 > 基础学科 > 医学&生物学"",""confidence"":0.8,""reason"":""应用于体内治疗触发与健康监测的植入式医疗器械研究""}]",classified,2026-09-26T00:50:32.637261+00:00,glm-5.2,2026-09-10,
eFlyer 2 all-electric aircraft takes first flight with 80% lower costs,2026-09-25,"Bye Aerospace has put its eFlyer 2 into the air for the first time, opening the flight-test campaign for an all-electric aircraft aimed at U.S. pilot training. The Colorado-based company says the aircraft could cut operating costs by as much as 80 percent while producing no in-flight emissions.Chief Test Pilot Elliot Seguin flew the aircraft through its planned test profile from Centennial Airport near Denver. Engineers used the flight to gather early data on handling, aerodynamics, and propulsion performance.The first flight now gives Bye Aerospace a working aircraft for the next stage of development. It also moves the eFlyer 2 closer to FAA certification and eventual customer deliveries.Electric aircraft enters testingThe eFlyer 2 pairs an electric propulsion system with a lightweight composite airframe. Its design targets the economics of flight training, where fuel and maintenance can make every flight expensive.Bye Aerospace says the aircraft can reduce operating costs by up to 80 percent. That figure could become important for U.S. flight schools facing high training costs and pressure to keep aircraft flying. The aircraft also removes combustion emissions during flight. Its electric architecture could help operators reduce their exposure to volatile aviation fuel prices.Rod Zastrow, CEO of Bye Aerospace, said the first flight delivered strong results across several areas. “The first flight of eFlyer 2 exceeded all our expectations,” Zastrow said. He cited the aircraft’s aerodynamics, handling, and propulsion performance. The flight also recorded no maintenance discrepancies, according to the company.Designed around pilot trainingFlight schools represent the primary market for the eFlyer 2. Bye Aerospace also expects interest from air taxi operators and private owners.Pilot training creates a particularly demanding environment for aircraft. Students need predictable handling, while operators need high availability and manageable maintenance costs.The eFlyer 2 seeks to address both requirements through its electric powertrain and lightweight structure. Bye Aerospace also designed the aircraft around safety and repeatable handling for student pilots.Seguin said the aircraft handled well during the first flight. He added that the test validated years of engineering and ground testing.The program arrives as aviation faces persistent demand for new pilots. Lower operating costs could give training organizations more flexibility as they build flight hours for students.FAA certification work beginsThe first flight marks the beginning of a broader flight-test program. Bye Aerospace plans to progressively expand the aircraft’s flight envelope as testing continues.Engineers will collect additional performance data during those flights. The results will help establish the handling characteristics required for certification and training operations.The eFlyer 2 also brings together components from a broad aerospace supply chain. Suppliers include Safran Electrical and Power, magniX, Siemens, Toray, Garmin and Sensenich Propeller.Other partners include Composite Approach, Electro.Aero, Flying S, M4 Engineering, ACME Aero and Risse Racing. Their systems and components contribute to the aircraft’s electric propulsion, avionics, structure, and other functions.The next phase will test the aircraft across increasingly demanding conditions. Each flight should add data needed to support the FAA certification process.",full,,dom_or_structured_full_text,,https://interestingengineering.com/transportation/eflyer-2-all-electric-aircraft-first-flight,interesting engineering,综合科技,无,2026-09-26T00:27:38+00:00,通用技术 > 通信和运输 > 物质运输 > 航空,通用技术,航空,"[{""path"":[""通用技术"",""通信和运输"",""物质运输"",""航空""],""path_text"":""通用技术 > 通信和运输 > 物质运输 > 航空"",""confidence"":0.94,""reason"":""核心事件为全电动教练机首飞，属电动航空器进展""}]",classified,2026-09-26T00:50:32.637261+00:00,glm-5.2,2026-09-10,
256-qubit quantum computer to power research at Florida university,2026-09-25,"US quantum computing company IonQ will install a 256-qubit trapped-ion quantum computer at Florida International University, giving researchers and students direct access to its sixth-generation quantum hardware.The Superion system is expected to be installed at FIU in Miami in late 2027 after the university completes a specialized on-campus data center. It will be the first Superion 256 system sold and deployed in Florida.The machine will use 256 physical trapped-ion qubits and support research spanning materials science, cybersecurity, health, logistics, artificial intelligence and power grid management. Faculty, students, visiting researchers and affiliated research centers will have access to the system.The agreement also makes FIU IonQ’s flagship academic partner in Florida, with the university planning to use the system for quantum research, education and workforce development across the region.Quantum hardware comes campus“This key partnership with Florida International University represents a major milestone in expanding direct physical access to IonQ’s industry-leading, high-performance quantum hardware,” said Niccolo de Masi, chairman and CEO of IonQ.“By housing our Superion 256 system directly on campus, FIU will lead the region in quantum research and training.”Unlike quantum systems accessed exclusively through cloud platforms, the agreement will place the hardware physically at FIU. Researchers will therefore have direct access to the university-based system for developing and running quantum computing workloads.IonQ’s Superion uses trapped-ion technology, in which electrically charged atoms are isolated and manipulated to serve as qubits. Such systems use electromagnetic fields to hold ions in place and lasers to control their quantum states and perform computational operations.FIU President Jeanette M. Nuñez said the system would provide the university’s researchers and students with direct access to advanced quantum computing infrastructure.“Having this 256-qubit quantum computer right on campus positions FIU researchers at the forefront of national quantum innovation,” Nuñez said.Research meets quantum trainingThe university expects the system to support both research and training. FIU has about 56,000 students and 1,200 faculty members, while regional industry partners are also expected to gain access through the initiative.Researchers could use the machine to investigate computational problems in areas ranging from materials and healthcare to cybersecurity and energy infrastructure.“The 256 physical qubits system located in Miami will enable our team to run complex computational workflows,” said Andres G. Gil, FIU senior vice president for research and economic development.FIU also plans to develop quantum computing curricula, degree programs and certificates while working with industry partners in South Florida and elsewhere.The university maintains a research showcase and briefing center in Washington, D.C., which could also help connect the program with federal agencies pursuing quantum technology initiatives.For IonQ, the deal expands physical deployment of its quantum hardware beyond cloud access. The Maryland-based company provides quantum computing systems and also develops technologies across quantum networking, sensing and security.Installation remains more than a year away, however, and depends on completion of FIU’s planned data center. Once installed, the 256-qubit machine is expected to serve as a regional hub for quantum research and training.",full,,dom_or_structured_full_text,,https://interestingengineering.com/science/256-qubit-quantum-computer-florida-university,interesting engineering,综合科技,无,2026-09-26T00:27:41+00:00,AI与智能科技 > 其它智能科技 > 量子信息和量子计算,AI与智能科技,量子信息和量子计算,"[{""path"":[""AI与智能科技"",""其它智能科技"",""量子信息和量子计算""],""path_text"":""AI与智能科技 > 其它智能科技 > 量子信息和量子计算"",""confidence"":0.96,""reason"":""核心是256量子比特离子阱量子计算机的校园部署""}]",classified,2026-09-26T00:50:32.637261+00:00,glm-5.2,2026-09-10,
New fiber-based system raises $7M to extract uranium from seawater,2026-09-25,"Fluxnium has raised $7 million to develop a technology that could recover uranium directly from seawater. The startup says its approach could create a new domestic source for the U.S. nuclear industry.Congruent Ventures led the seed round, with participation from Constellation Technology Ventures and Active Impact Investments. Fluxnium will use the funding for technology development, pilot testing, and scale-up.The company is developing a specialized fiber that captures dissolved uranium as seawater flows across its surface. Fluxnium developed the material with a U.S. national laboratory.The approach targets a difficult engineering problem. Oceans contain enormous quantities of uranium, but the element exists at extremely low concentrations.Fiber targets ocean uraniumSeawater contains an estimated 4.5 billion metric tons of uranium. That resource dwarfs currently identified deposits on land.Extracting it economically remains difficult because uranium atoms are spread across vast volumes of water. Fluxnium’s system focuses on capturing those atoms without pumping seawater through a large processing facility.Its fiber provides a large surface area for uranium adsorption. The material can sit inside longline systems deployed in open water.Fluxnium modeled the infrastructure on marine farming systems. Seaweed and mussel operations already use similar longline structures in offshore environments.Operators would retrieve the fiber after it collects uranium. Processing would then recover the uranium before crews redeploy the material.That cycle could allow production capacity to grow through additional fiber deployment. It could also avoid the lengthy development process associated with opening new uranium mines.U.S. nuclear fuel supplyThe technology arrives as the United States looks to strengthen its nuclear fuel supply chain. Fluxnium says the country currently imports more than 90% of its uranium.Jeff Green, Fluxnium’s CEO and founder, said rising electricity demand could increase pressure on nuclear fuel supplies.“Fluxnium is developing a new domestic and sustainable supply of uranium,” Green said. He pointed to offshore infrastructure as a potential path toward competitive production.The company also argues that seawater extraction could avoid some impacts associated with conventional uranium mining. Those include mine tailings and groundwater concerns.Economic performance will remain a major test for the technology. Fluxnium says its projected costs could compete with conventional uranium mining.Constellation sees the technology as another potential option for future nuclear fuel supplies. Jason Murphy, its vice president of nuclear fuels, said new domestic uranium sources could support growing nuclear demand.Scaling offshore systemFluxnium now needs to demonstrate that its laboratory-developed material can perform reliably at larger scales. Offshore deployment introduces engineering challenges beyond simply capturing uranium.The fiber must operate in seawater while surviving marine conditions. Engineers must also develop practical methods for retrieval, processing, and redeployment.Fluxnium’s seed funding will support that next stage. The company says its system could expand output by adding more collection infrastructure.That model could give uranium production a different path to expansion. Instead of developing another mine, operators could add more offshore collection capacity.The concept remains under development, however. Commercial viability will depend on extraction rates, material durability, processing costs, and performance at pilot scale.",full,,dom_or_structured_full_text,,https://interestingengineering.com/energy/7m-absorb-uranium-from-seawater-fluxnium,interesting engineering,综合科技,无,2026-09-26T00:27:43+00:00,零碳产业 > 物质循环 > 资源获取 > 开采技术,零碳产业,开采技术,"[{""path"":[""零碳产业"",""物质循环"",""资源获取"",""开采技术""],""path_text"":""零碳产业 > 物质循环 > 资源获取 > 开采技术"",""confidence"":0.72,""reason"":""核心是从海水中提取铀的新型资源获取技术及其产业化开发""}]",classified,2026-09-26T00:50:32.637261+00:00,glm-5.2,2026-09-10,
US advances nuclear fuel plant with 5-metric-ton uranium capacity,2026-09-25,"X-energy has completed the main structure of a new U.S. facility designed to manufacture advanced nuclear fuel for small modular reactors, moving the project toward equipment installation and commercial production.The 214,000-square-foot TX-1 facility in Oak Ridge, Tennessee, is being developed by TRISO-X, a wholly owned subsidiary of X-energy. The company said completing vertical construction clears the way for interior work, installation of fuel fabrication equipment and construction of supporting facilities.Once operational, TX-1 is expected to manufacture about 700,000 TRISO fuel pebbles each year, using roughly 5 metric tons of uranium. That output would be enough to supply as many as 11 of X-energy’s Xe-100 advanced reactors.The project is expected to become the first new commercial-scale advanced nuclear fuel fabrication facility built in the U.S. in more than 50 years. Earlier this year, the Nuclear Regulatory Commission granted the plant a 40-year Special Nuclear Material License, which X-energy says is the first NRC Category 2 fuel fabrication license for processing high-assay low-enriched uranium, or HALEU.Fuel plant takes shape“Completing vertical construction is a major milestone for TX-1 and another tangible demonstration of the progress our team is making in Oak Ridge,” said Joel Duling, president of TRISO-X.“We are moving from constructing the core and shell of the facility to building out the interior utilities, installing manufacturing equipment, and constructing key support capabilities.”Clark Construction Group is handling construction and will now focus on the process equipment and administration building, fuel manufacturing equipment and an adjacent graphite matrix powder building.TRISO, or tristructural isotropic fuel, consists of tiny uranium fuel particles surrounded by multiple layers of carbon- and ceramic-based materials. These coatings are designed to contain fission products and allow the fuel to tolerate temperatures considerably higher than conventional nuclear fuel.X-energy’s Xe-100 is a high-temperature gas-cooled small modular reactor designed around TRISO fuel. Each reactor module is designed to produce 80 megawatts of electricity, with four modules forming a standard 320-megawatt plant.Reactors drive fuel demandTX-1 is initially intended to supply fuel for X-energy’s planned Xe-100 deployment at Dow’s UCC Seadrift Operations manufacturing site in Texas. The project is being advanced through the U.S. Department of Energy’s Advanced Reactor Demonstration Program.The company is also pursuing Xe-100 projects with Energy Northwest, Amazon and Centrica, creating a potential future market for fuel produced at the Oak Ridge facility.TRISO-X has meanwhile expanded its Oak Ridge nuclear fuel campus by about 70 acres and extended its research partnership with Oak Ridge National Laboratory. It has also started construction of TX-L, a separate research and development facility.Finishing the building’s main structure does not mean TX-1 is ready to manufacture fuel. The company must now complete its interior systems, install and commission specialized production equipment and prepare the facility for commercial operations.For X-energy, bringing TX-1 online would establish a domestic manufacturing source for the specialized fuel needed to support deployment of its planned Xe-100 reactor fleet.",full,,dom_or_structured_full_text,,https://interestingengineering.com/energy/x-energy-tx1-triso-nuclear-fuel-facility,interesting engineering,综合科技,无,2026-09-26T00:27:45+00:00,零碳产业 > 能量转化 > 能源测 > 一次能源转化 > 核电 > 裂变,零碳产业,裂变,"[{""path"":[""零碳产业"",""能量转化"",""能源测"",""一次能源转化"",""核电"",""裂变""],""path_text"":""零碳产业 > 能量转化 > 能源测 > 一次能源转化 > 核电 > 裂变"",""confidence"":0.92,""reason"":""核心事件是建造小型模块化反应堆TRISO燃料制造厂，直接服务裂变核电产业供应链。""}]",classified,2026-09-26T00:51:14.394241+00:00,glm-5.2,2026-09-10,
This tiny wedgelock could have slowed US Navy's powerful SPY-6 radar,2026-09-25,"A small mechanical component inside the U.S. Navy’s SPY-6 radar had emerged as a potential production constraint. Lyntris has now qualified a domestic source for the component as Raytheon ramps up radar manufacturing.The component, known as a wedgelock assembly, sits inside the radar’s Radar Modular Assembly (RMA). It helps hold electronic hardware in place and supports thermal management around high-power components.Lyntris completed the qualification after nearly two years of manufacturing development and testing with Raytheon. The work gives the radar program another source for a component that can face long lead times.Small part, big roleSPY-6 forms the backbone of the Navy’s modern shipboard radar architecture. The radar family can detect and track aircraft, surface vessels, ballistic missiles, and electronic warfare threats.Its modular design allows Raytheon to adapt the system for several classes of Navy ships. Those platforms include destroyers, aircraft carriers, amphibious ships, and frigates.Each SPY-6 array relies on RMAs as common building blocks. The assemblies contain the electronics responsible for generating and processing radar signals.That hardware also produces substantial heat during operation. The wedgelock helps secure the electronics within the chassis while supporting heat transfer from high-power components.Manufacturing the part requires precise machining and controlled assembly. It also depends on reliable access to specific raw materials.Those requirements have contributed to lengthy lead times among suppliers. Raytheon therefore asked Lyntris to examine the RMA supply chain for potential production constraints.The review identified the wedgelock as one component that could affect build rates. Lyntris subsequently developed processes to manufacture and test the assemblies. A shortage involving a relatively small component can create delays when larger assemblies depend on its availability.Preparing SPY-6 for scaleLyntris has now qualified its wedgelock assemblies against U.S. Navy requirements. The qualification establishes the company as a scalable source for the component.The work also taps manufacturing infrastructure Lyntris already uses for radar and electronic warfare programs. Its facilities combine precision manufacturing, electronics packaging, and testing capabilities.That setup could help the company address similar supply problems across other sensing systems. Long-lead components can create production challenges even when the larger system remains ready for manufacturing.Brian Morrison, Lyntris CEO, said the qualification followed targeted investment and extensive work with Raytheon. He described the effort as part of a broader push to strengthen domestic defense supply chains.Matt Parisi, Lyntris vice president of business development, said early supplier involvement helped identify the component before production requirements intensified. He said the company can now control and scale its manufacturing process.The qualification also gives Raytheon another established source as demand for SPY-6 grows. That could reduce dependence on a limited supplier base for a component that sits inside every radar array.SPY-6 is moving deeper into production as the Navy expands its use across the fleet. That shift places greater importance on the availability of every component within the radar’s manufacturing chain.A wedgelock may lack the sophistication of the radar electronics around it. Yet its availability can still influence how quickly those much larger systems reach production.",full,,dom_or_structured_full_text,,https://interestingengineering.com/military/lyntris-raytheon-spy-6-radar-wedgelock,interesting engineering,综合科技,无,2026-09-26T00:27:47+00:00,未分类,,,[],unclassified,2026-09-26T00:51:18.881614+00:00,glm-5.2,2026-09-10,
China's 339-meter carrier could fly 90 jets to top largest US warship,2026-09-25,"China appears to be building an aircraft carrier that could rival the US Navy’s largest warships in length. New satellite imagery also points to a growing logistics fleet designed to keep China’s future carrier groups supplied far from home.Imagery from September 4 shows work underway on the bulbous bow of the unidentified carrier at Dalian Shipyard. Measurements suggest the finished vessel could stretch between 336 and 339 meters.That would put it close to the 333-meter USS Gerald R. Ford, according to Janes. At its projected maximum length, the Chinese carrier would slightly exceed the Ford by up to 6 meters. The ship would also exceed China’s Fujian by roughly 20 meters. Beijing has not confirmed the ship’s designation or specifications. Analysts generally refer to the vessel as the Type 004.Larger carrier takes shapeThe extra hull length could give China considerably more internal space. A larger ship can support additional aircraft and expand aviation fuel storage.Lyle Goldstein, director of the Asia program at Defence Priorities, estimated a potential air wing of 75 to 90 aircraft. He compared that with roughly 50 to 60 aircraft for the Fujian.The larger hull could also accommodate stronger defensive systems. However, another analyst familiar with China’s naval development cautioned against reading too much into the length increase. The propulsion system could prove more important. Janes has reported that the ship’s size supports earlier indications of nuclear propulsion.Goldstein told South China Morning Post that nuclear power could represent a significant step in China’s carrier development. It could improve the ship’s endurance, speed and ability to sustain operations.Nuclear propulsion would also free some space otherwise needed for conventional propulsion systems. That space could support additional aviation fuel or ammunition.Logistics reveal bigger ambitionsA carrier’s range depends on more than its reactor or fuel tanks. Aircraft operations consume large amounts of fuel and ammunition. Escort ships also require regular replenishment during extended deployments.China appears to be preparing for that challenge. Satellite imagery from July showed a large support ship under construction at the Comec Longxue shipyard near Guangzhou.The vessel measures roughly 271 meters long and 37 meters wide. Workers launched it between July 9 and July 12. New imagery from September 15 appears to show another hull taking shape at the same shipyard. An open-source imagery analyst identified it as a second ship of the same design.The support ships could become important assets for future carrier groups. The first vessel appears to be a larger version of China’s Type 901 fast replenishment ship.Sustaining operations far offshoreChina has fewer overseas military bases than the United States. That makes underway replenishment particularly important for extended naval deployments.Goldstein said China has steadily expanded its replenishment fleet over many years. The navy also regularly trains to resupply ships at sea. Those capabilities could support carrier deployments across the wider Asia-Pacific. They could also extend operations toward the Indian Ocean.The carrier’s eventual size alone does not determine its reach. Its aircraft, escorts, replenishment ships and propulsion system will collectively shape how long it can remain deployed.Even a nuclear-powered carrier would still need frequent resupply during sustained combat operations. The emerging support fleet suggests China is preparing for precisely that challenge.",full,,dom_or_structured_full_text,,https://interestingengineering.com/military/china-nuclear-carrier-339-meters-90-aircraft,interesting engineering,综合科技,无,2026-09-26T00:27:50+00:00,未分类,,,[],unclassified,2026-09-26T00:51:18.881614+00:00,glm-5.2,2026-09-10,
Google sends TPU chips into orbit to test future space data centers,2026-09-25,"In a move that could scale AI compute in space, Google is preparing to send its Tensor Processing Units (TPUs) into orbit for the first time to determine whether powerful computing hardware could eventually operate beyond Earth.The prototype satellite will fly aboard SpaceX’s upcoming Transporter-18 rideshare mission and test how Google’s chips withstand launch forces, radiation, and extreme temperature conditions in low Earth orbit. The mission was developed with satellite company Planet.The flight is the first orbital hardware test under Project Suncatcher, Google’s research effort exploring whether clusters of satellites could one day host large-scale machine learning infrastructure. Satellites in low Earth orbit can access near-continuous sunlight and potentially generate up to eight times more solar power than comparable systems on Earth, according to Google.The immediate goal is more basic: find out whether hardware designed for terrestrial data centers can reliably survive launch and continue operating in the harsh environment of space.Chips face orbital extremesA trip to low Earth orbit subjects a spacecraft to intense vibration and sustained acceleration reaching about 10 times Earth’s gravity. Individual components, including TPU chips, can experience forces of 50 to 100 g.Google subjected its satellite hardware to vibration tests along all three axes to reproduce frequencies encountered during a rocket launch. The company said the hardware survived those tests.Radiation poses another problem. Cosmic rays and solar activity can interfere with electronics and cause errors such as bit flips. Google tested its Trillium TPUs using a proton beam at UC Davis’ Crocker Nuclear Laboratory while the processors ran machine learning workloads.The company said initial results showed the chips could withstand a total ionizing radiation dose greater than what they would be expected to receive during a five-year space mission.Cooling could prove equally challenging. TPUs concentrate considerable heat into a small area, while the vacuum of space eliminates the airflow used by conventional cooling systems.Google is testing combinations of heat pipes and radiators to move heat away from the processors. The cooling hardware has already undergone testing inside a thermal vacuum chamber designed to reproduce conditions in space. The upcoming mission will provide the first opportunity to see how the system performs in orbit.Lasers link future clustersProject Suncatcher ultimately envisions satellites carrying dozens of TPU chips and operating together in tightly coordinated clusters. Such a system would require extremely fast communication between spacecraft to distribute computing workloads.Google plans to use laser links for those connections. Unlike existing optical satellite links designed primarily to communicate across long distances, the proposed system would need very high bandwidth between satellites flying relatively close together.Keeping those links aligned will require precise knowledge of each satellite’s position relative to its neighbors. Google compares the challenge to hitting a coin-sized target from miles away while both points are moving.That part of the project will receive its own orbital test in 2027, when Google plans to launch two satellites and evaluate the inter-satellite communication system.For now, the Transporter-18 mission will focus on the fundamentals: determining how TPUs behave during launch and in the radiation, vacuum, and thermal conditions of orbit. The results will help Google refine the hardware before attempting more complex satellite-based computing systems.",full,,dom_or_structured_full_text,,https://interestingengineering.com/ai-robotics/google-project-suncatcher-tpu-chips-space-test,interesting engineering,综合科技,无,2026-09-26T00:27:53+00:00,AI与智能科技 > AI硬件层 > 芯片,AI与智能科技,芯片,"[{""path"":[""AI与智能科技"",""AI硬件层"",""芯片""],""path_text"":""AI与智能科技 > AI硬件层 > 芯片"",""confidence"":0.9,""reason"":""核心事件是谷歌TPU芯片首次入轨测试其在轨环境下的可靠性""},{""path"":[""AI与智能科技"",""AI硬件层"",""数据中心""],""path_text"":""AI与智能科技 > AI硬件层 > 数据中心"",""confidence"":0.85,""reason"":""项目目标是探索在太空部署大规模机器学习数据中心的可行性""},{""path"":[""通用技术"",""通信和运输"",""物质运输"",""航天""],""path_text"":""通用技术 > 通信和运输 > 物质运输 > 航天"",""confidence"":0.7,""reason"":""事件通过卫星发射与低轨在轨试验开展""}]",classified,2026-09-26T00:51:24.441767+00:00,glm-5.2,2026-09-10,
US' anti-submarine ops to get boost as tiltrotor deploys undersea sensors,2026-09-25,"System can detect and track undersea threats
“Our primary focus in the quality assurance program is making sure the sonobuoys delivered to the fleet perform exactly as expected,”
Navy Capt. Greg Hinkle, program manager of the Air Anti-Submarine Warfare Systems Program Office.
“By utilizing the [Osprey] for this type of mission, we are reinforcing our supply chain and ensuring front line aircrews have the mission-ready stores they need to detect and track undersea threats.
Historically, the Navy has relied on P-3C Orion aircraft assigned to Air Test and Evaluation Squadron 30 to conduct these quality assurance drops using automated launch systems. The introduction of the Osprey as an alternative platform provides an additional option when the primary aircraft are unavailable.
This flexibility could help prevent testing backlogs and reduce disruptions to sonobuoy delivery schedules, ultimately supporting the availability of mission-ready stores for operational units.
The test also highlighted a significant difference between operating the Osprey and the P-3C Orion for sonobuoy deployment.
The Orion uses automated launch containers operated from the cockpit. The Osprey, by contrast, requires its crew to manually release the sonobuoys through the aircraft’s open rear cargo ramp.
“From an aircrew standpoint, this event provided an invaluable opportunity for our pilots and crew chiefs to build proficiency working through the mechanics of manual sonobuoy drops in a controlled setting,” said Marine Corps Lt. Col. Brandon Pope, Osprey pilot and advanced projects lead assigned to the Marine Operational Test and Evaluation Squadron 1.
“Hand-launching from an open ramp requires split-second coordination; the crew must be deliberate with timing, airspeed control and internal communication. This test demonstrated how the [Osprey’s] range, speed and versatility can support broader maritime domain awareness and distributed fleet operations.”
During the test, crew chiefs removed container caps and inverted launch tubes before releasing the sonobuoys into the aircraft’s slipstream. This process requires considerably more coordination among the flight crew and cargo-bay personnel.
Manual deployment also produces greater intervals between individual buoy releases. To compensate, the evaluation aircrew reduced the aircraft’s speed, allowing them to maintain the required spacing and target pattern for acoustic testing.
The procedure therefore became more than simply a test of the sonobuoys themselves. It also provided the Marine Corps with practical experience in operating the Osprey in a mission profile different from its traditional transport and assault-support roles.
The test demonstrated the importance of precise coordination when launching sonobuoys from the Osprey’s rear ramp.
The pilot must maintain stable flight parameters while the copilot manages navigation, timing and communications. At the same time, crew chiefs in the cargo compartment must prepare, program and release the sonobuoys according to the required sequence.",full,,dom_or_structured_full_text,,https://interestingengineering.com/military/us-anti-submarine-warfare-osprey-sonobuoy,interesting engineering,综合科技,无,2026-09-26T00:27:55+00:00,未分类,,,[],unclassified,2026-09-26T00:51:24.441767+00:00,glm-5.2,2026-09-10,
Moon Cities Could Face a Surprisingly Serious Water Problem,2026-09-25,"Lunar cities could transform the Moon from a destination for brief missions into a place where people live and work for years. Access to local water, solar energy, and raw materials may make that possible, but sustaining large populations would demand highly efficient recycling and resource use. Credit: Shutterstock
Water ice could sustain small lunar communities for centuries, but supporting cities may require additional supplies or more efficient water use.
Water ice in the Moon’s polar craters has given people planning lunar settlements a reason to think beyond short visits. With water available locally, residents could grow food, take showers, and use toilets without having every necessity delivered from Earth. Whether that supply could keep a growing community going for generations is a harder question.
An initial feasibility estimate examined how much water and electricity lunar cities of 100,000 or 1 million people would need. Even with a generous starting reserve of 1 billion tons of water, a city that did not recycle its supply would exhaust it in just a few years.
Matching the International Space Station’s ability to recycle 98% of its water would extend that lifetime considerably. Under those conditions, a million residents could make the billion-ton reserve last just over a century. Recycling would recover most of the water after each use, but the small fraction lost would keep adding up.
Current estimates put the Moon’s water supply at roughly one-thirtieth of that generous starting amount, shortening the time before it runs out by the same factor. Even a small city could then exhaust its supply in about a decade. Spread among a village of 1,000 people or a town of 10,000, however, the water could last several centuries or more.
That puts a question of scale at the heart of ambitions that now stretch from lunar bases to heavy industry and entire cities. Jeff Bezos has envisioned moving heavy industry to the Moon, while Elon Musk has proposed “self-growing cities” there. Supporting that growth would require finding more water or making the known reserves go much further.
3-D illustration of an imagined space base on a lunar landscape. Credit: Frontiers
Frozen craters, sunlit rims
The attraction of the poles is that they bring water and a potential source of electricity close together. Deep inside some craters, ice remains protected from sunlight, while the rims above receive sunlight almost continuously. A settlement could potentially draw on the frozen resource below and generate solar power above.
This arrangement owes much to the asteroid bombardment that marked the Moon’s early history. Impacts soon after its formation left the surface covered in craters, and some of those asteroids also delivered water. Near the poles, dozens of crater floors have now gone about 4 billion years without direct sunlight.
Many of these “pits of eternal darkness” stay below 110 kelvin, about minus 262 degrees Fahrenheit or minus 163 degrees Celsius. At such low temperatures, they act as cold traps. Ice there would lose no more than about a millimeter, or 0.04 inch, of thickness in a billion years through sublimation, the process of turning directly from ice into vapor, even in the vacuum at the lunar surface.
Since 2013, a succession of missions orbiting the Moon has established that water remains in these polar regions and mapped its likely locations in increasing detail. The prospect of using that water helped set off the rush to establish settlements nearby.
The sunlit crater rims offer a way to power those settlements without necessarily needing nuclear reactors. Sometimes called “peaks of eternal light,” they receive nearly continuous illumination, although the nickname overstates it slightly. Towers a kilometer, or about 3,300 feet, tall and covered in solar arrays could generate three gigawatts of electricity along these bright rims.
With plenty of silicon available on the Moon, manufacturing solar panels locally may also be possible. Electricity from the illuminated peaks could potentially support AI data centers nearby, creating an economic activity alongside the settlements. In the feasibility estimate, supplying power appears more manageable than keeping a large population supplied with water.
More lunar water may lie deeper
Stretching the water reserve could involve reducing losses during recycling by a factor of five or more, or lowering demand through techniques such as vertical farming, which grows crops in stacked layers. Importing water, probably from accessible asteroids, is another possibility.
Finding more water may offer the most promising route because existing surveys reach only a few meters below the surface. The Moon’s regolith, the loose, rubble-like rock covering its surface, typically extends tens of meters down. Within the cold traps, that deeper material may hold water beyond the reach of current measurements.
Reference: “No cities on the Moon: a billion tons of water is not enough for sustainability” by Martin Elvis and Jonathan C. McDowell, 13 September 2026,
Frontiers in Space Technologies
DOI: 10.3389/frspt.2026.1894104
Never miss a breakthrough:
Join the SciTechDaily newsletter.
Follow us on
Google News
Frontiers
Planetary Science
Space Exploration
Sustainability
Articles
NASA’s Exploration Campaign: Back to the Moon and on to Mars
Io’s Volcanoes Are Not Located Where Scientists Expected
Pre-existing Mineral Deposits on the Moon Can Survive Lunar Impacts
Presence of Water in the Primary Crust Indicates That the Early Moon Was Wet
Saturn-Like Rings May Have Formed Solar System’s Moons
New Theoretical Models Salvage Moon-Forming Impact Theory
Simulation May Explain Saturnian System
Catalog of Moon’s Craters May Reveal Ice Beyond Moon’s Poles
Phobos May Provide Evidence of Life on Mars",full,,dom_or_structured_full_text,,https://scitechdaily.com/moon-cities-could-face-a-surprisingly-serious-water-problem/,scitechdaily,综合科技,无,2026-09-26T00:28:59+00:00,未分类,,,[],unclassified,2026-09-26T00:51:24.441767+00:00,glm-5.2,2026-09-10,
"The Solar System’s First Worlds Were Built From Fire, Not Ice",2026-09-25,"This artist’s concept shows a very young star encircled by a disk of gas and dust, the raw materials from which rocky planets such as Earth are thought to form. Credit: NASA/JPL-Caltech
A study led by Yale provides the first chemical evidence that gas began sorting the building materials for the solar system’s earliest solid bodies sooner than previously known.
If the outer solar system’s first solid bodies had come with a recipe, it would have called for a generous helping of chondrules, millimeter-sized beads of rock forged by heat, and very little icy dust. That dust, known as matrix, carried water ice and organic molecules, yet only a small share made it into the earliest bodies researchers studied.
A Yale-led team has now found the first geochemical evidence that this preference for chondrules was already established within the solar system’s first million years. Previous evidence of such sorting came from objects that formed 2 to 4 million years after the solar system began.
Reconstructing that early mixture meant looking for ingredients that no longer physically survive. The researchers examined iron meteorites from parent bodies that had melted completely, destroying the chondrules inside them. Chemical traces preserved through that melting allowed the team to work backward to the original proportions. The findings were published September 18 in
Nature Astronomy
“These ubiquitous little beads of rock are the basic building blocks from which the planets themselves were eventually assembled,” said study first author Damanveer Grewal, an assistant professor of Earth and planetary sciences in Yale’s Faculty of Arts and Sciences. “And now we know they were already being sorted and incorporated into the first generation of solid bodies from the very start.”
Damanveer Grewal. Credit: Dan Renzetti
Two tracers recover the original recipe
Those early bodies, called planetesimals, had accumulated enough radioactive aluminum-26 to generate the heat responsible for their melting. No preserved bodies from the first million years retain their original, unmelted mixture of chondrules and matrix, so the researchers needed another way to determine their composition.
Grewal and his colleagues used two independent chemical tracers linked to matrix. Sulfur is concentrated in matrix, so it can help reveal how much dust a parent body originally contained. The oxidation state of iron, a measure of its chemical condition, provides a separate indication of how much water ice and oxidized dust went into that body.
Both measurements pointed to an original matrix content of just 8% to 17%, lower than that found in any known chondrites, the primitive meteorites that still contain chondrules.
“Both tracers independently tell the same story: these early planetesimals were remarkably matrix-poor,” Grewal said. “That convergence is what makes the result robust.”
Chondrules dominated the earliest bodies
The reconstruction reaches further back in time than the evidence preserved in carbonaceous chondrites from the outer solar system. These primitive, stony meteorites contain organic compounds and water alongside silicate minerals. Researchers already knew that earlier-forming carbonaceous chondrites had more chondrules and less matrix than those that formed later. That pattern suggested that the regions where planetesimals assembled favored the rocky beads over icy dust, but it could not establish the mixture in the first generation of bodies.
“Our work shows that this assembly process was remarkably selective from the very beginning,” Grewal said. “The earliest bodies in the outer solar system were built from 83% to 92% chondrules, with very little of the icy, volatile-rich dust that dominates later-forming objects.”
The chondrules preserved in chondrites offer a tangible connection to this ancient process. Chondrites are the most primitive meteorites in geological collections, allowing researchers to examine material that escaped the complete melting experienced by the iron meteorites’ parent bodies.
“You can hold them in your hand and know that they began as part of a process that started billions of years ago,” Grewal said. “It’s a timescale that’s hard to wrap your head around.”
The findings also help explain why older chondrules are scarce in the meteorite record, Grewal said. They were incorporated into early bodies that subsequently melted, erasing the beads while leaving chemical clues to their former presence.
Reference: “Planetesimal compositions governed by aerodynamic sorting from the onset of Solar System formation” by Damanveer S. Grewal, Zhongtian Zhang and Joanna Drążkowska, 18 September 2026,
Nature Astronomy
DOI: 10.1038/s41550-026-02976-6
Funding for the research came from Yale University.
Never miss a breakthrough:
Join the SciTechDaily newsletter.
Follow us on
Google News
Geochemistry
Planet Formation
Planetary Science
Solar System
Yale University
Articles
Earth May Not Be a Cosmic Fluke, New Simulations Suggest
Astronomers Discover a Low-Mass Planet with a Highly Inconsistent Orbit
Pebble-Size Particles May Represent a New Class of Interstellar Particles
Study Reveals That Diamond Planets May Be More Common Than Prevoiusly Thought
NASA Study Reveals Debris Disks Don’t Need Planets to Form Patterns
Hubble Reveals Evidence of a Planet Forming 7.5 Billion Miles from Its Star
New Theoretical Models Salvage Moon-Forming Impact Theory
Diogenites Provide Clues of the Earliest Days of Our Solar System
Researchers Present New Model for Planetary Accretion",full,,dom_or_structured_full_text,,https://scitechdaily.com/the-solar-systems-first-worlds-were-built-from-fire-not-ice/,scitechdaily,综合科技,无,2026-09-26T00:29:01+00:00,未分类,,,[],unclassified,2026-09-26T00:51:30.302003+00:00,glm-5.2,2026-09-10,
"More Men Are Getting MRI Before Prostate Biopsy, but a Major Gap Remains",2026-09-25,"Pre-biopsy prostate MRI helps doctors identify suspicious areas before collecting tissue samples, improving how biopsies are targeted. Its growing use reflects a broader shift toward more precise prostate cancer detection. Credit: Shutterstock
MRI use before a first prostate biopsy has risen sharply, yet about one-third of men still undergo the procedure without a scan.
For a man facing a prostate biopsy, an MRI scan can give doctors a clearer idea of where to look for cancer before they collect tissue samples. That approach has become much more common at U.S. hospitals. A new study found that 64% of men undergoing their first biopsy had an MRI beforehand in the first half of 2026, up from 14% in 2017.
The shift follows evidence from multiple randomized trials showing that scanning the prostate first and then targeting suspicious areas finds more aggressive cancers. Those results have led guidelines to increasingly recommend MRI before biopsy. How widely that evidence had reached everyday practice, however, was less clear.
“This is a well- recognized national problem which to a certain extent has been related to access and issues with insurance coverage. I still regularly see patients biopsied at other institutions who did not have an MRI first, but the scope of the problem is, to a large extent, unknown. The best prior data came from insurance claims through 2022 and suggested MRI was used in only about 30% of biopsies. We wanted a current, national picture: how many men are getting an MRI before biopsy today, and is everyone benefiting equally?” said senior author Jonathan Shoag, MD, chief of the Division of Urologic Oncology and director of the Prostate Cancer Program at University Hospitals.
To get that more recent picture, the researchers, including Stephen Rhodes, lead clinical research biostatistician at the UH Urology Institute, examined more than 505,000 prostate biopsies performed at U.S. hospitals between January 2017 and June 2026. They used Epic Cosmos, a database of electronic health records from many health systems. The study was published in
JAMA Oncology
MRI use also increased among men whose previous biopsy had found no cancer, the group for whom evidence supporting the scans emerged earliest. In that group, use rose from 38% in 2017 to 67% in the first half of 2026.
“That is a genuinely rapid shift, and the timing tracks closely with the publication of the major trials and their results adoption into guidelines,” said Rhodes.
Who still goes without prostate MRI?
About one-third of men undergoing their first prostate biopsy still do not receive an MRI beforehand.
Men facing a biopsy should ask whether an MRI is appropriate for them. The scan can affect whether a biopsy is needed as well as where tissue samples are taken.
Health systems can measure gaps in care by reviewing their MRI use across patient groups and acting on the differences they find.
MRI use was lower among men over 80 and those with very high levels of prostate-specific antigen, or PSA, a protein measured in a blood test. Those patterns may reflect reasonable clinical judgment in some cases, but they warrant examination rather than assumptions.
Rising MRI use is a positive development, although gaps in access and problems with scan quality remain.
Connecting prostate scans with follow-up care
“As we’ve expanded access to advanced prostate cancer diagnostics, we’ve also worked to streamline the patient journey,” said Shoag. “Our prostate program helps navigate patients with elevated PSA levels through evaluation and decision-making, while our point-of-service scheduling initiative ensures imaging and follow-up appointments before patients leave the office. By combining early detection, personalized navigation, and improved access to care, we’re helping patients move more efficiently from concern to diagnosis and, when necessary, treatment.”
The hospital also tracks how its MRI scans perform against biopsy results. Its biopsy options include the transperineal approach, in which needles pass through the skin between the scrotum and anus to reach the prostate.
“At University Hospitals, we have really invested in rigorously tracking our MRI quality and performance, and how it relates to biopsy outcomes. We have established workflows for giving patients access to the latest and greatest technology and biopsy techniques, like the transperineal approach. We were actually part of the clinical trials that established this as a standard, and have built a program to offer this with sedation to all our patients,” explained Shoag. “We were also one of the first to really adopt MRI and make it accessible to all our patients, and we are currently involved in multiple studies testing new tools to improve prostate cancer diagnosis.”
Reference: “Trends in Prebiopsy MRI Utilization for Prostate Cancer Detection” by Stephen Rhodes, Spyridon P. Basourakos, Jim C. Hu, Christopher E. Barbieri, Angela Y. Jia, Soumyajit Roy, Daniel E. Spratt, Lee Ponsky and Jonathan E. Shoag, 17 September 2026,
JAMA Oncology
DOI: 10.1001/jamaoncol.2026.3620
Never miss a breakthrough:
Join the SciTechDaily newsletter.
Follow us on
Google News
Medical Imaging
Oncology
Prostate Cancer
Articles
Men Who Skip Prostate Screenings Face a 45% Higher Risk of Death
Clinical Trial: Mushroom Supplement May Halt Prostate Cancer Growth
Advanced PSMA-PET/CT Imaging for Improved Treatment of Prostate Cancer
Hormone Therapy Treatments May Increase Survival Rate in Prostate Cancer Patients
New RNA Strategy Against Treatment-Resistant Prostate Cancer Identified
New Concept Drug Successfully Hunts Down Late-Stage Prostate Cancer
New Blood Test Improves Prostate Cancer Screening – Can Reduce the Number of MRIs Performed
Destroying Prostate Cancer With Novel Noninvasive MRI-Guided Ultrasound Treatment
UCLA Researchers ID New Kidney Cancer Subtypes",full,,dom_or_structured_full_text,,https://scitechdaily.com/more-men-are-getting-mri-before-prostate-biopsy-but-a-major-gap-remains/,scitechdaily,综合科技,无,2026-09-26T00:29:02+00:00,通用技术 > 基础学科 > 医学&生物学,通用技术,医学&生物学,"[{""path"":[""通用技术"",""基础学科"",""医学&生物学""],""path_text"":""通用技术 > 基础学科 > 医学&生物学"",""confidence"":0.85,""reason"":""核心事件是前列腺癌活检前MRI检查的临床应用趋势研究，属于医学领域。""}]",classified,2026-09-26T00:51:30.302003+00:00,glm-5.2,2026-09-10,
Researchers Discover What May Be Fueling One of the World’s Most Common Spine Disorders,2026-09-25,"Lumbar spinal stenosis is a condition in which the spinal canal in the lower back narrows, placing pressure on nearby nerves. It can cause pain, numbness, weakness, and difficulty walking, and often becomes more common with age. Credit: Shutterstock
Newly identified stem cells help explain ligament overgrowth in lumbar spinal stenosis, with mouse experiments pointing to calcium signaling as a possible treatment target.
When ligaments in the lower back grow too thick, they can press on spinal nerves, causing pain, numbness, and difficulty walking. This narrowing of the spinal canal, called lumbar spinal stenosis, affects an estimated 103 million people worldwide. Researchers are now investigating whether controlling the cells that produce ligament tissue could help treat the condition before surgery becomes necessary.
A team at
Weill Cornell Medicine
and Hospital for Special Surgery has identified stem cells that generate tendons and ligaments. Tendons connect muscles to bones, while ligaments connect bones to one another. The researchers found that these stem cells become unusually numerous and active in spinal ligaments affected by stenosis. In mice, they also found a way to block the resulting tissue overgrowth.
The study, published in the journal
, points to a possible treatment strategy involving calcium signaling, a system cells use to control their activity.
“Identifying these specialized stem cells unlocks a new area of research that allows us to address this disease much more mechanistically, rather than just waiting until a patient’s condition worsens and requires surgery to relieve the nerve compression,” said study co-corresponding author Dr. Sravisht Iyer, an associate professor of orthopedics at Weill Cornell and a spine surgeon at Hospital for Special Surgery (HSS). “The findings are exciting for their potential to change the way we deliver spinal care.”
An image of the Achilles tendon in mice where a new tool marks the tendon stem cell and its daughter cells in green and all other cells in red. Credit: Greenblatt Lab
Calcium signaling offers a treatment target
To investigate the cells’ involvement in stenosis, the team compared spinal ligament samples from patients with the condition against samples from patients who had herniated discs but no signs of stenosis. All patients provided informed consent before surgery.
Ligaments from patients with stenosis contained more of the stem cells. When transplanted into mice, those cells also produced more tendon cells than stem cells from ligaments without stenosis.
“Though spinal stenosis is a complex condition, this really showed us that these cells are contributing to the pathology,” said co-corresponding author Dr. Matthew Greenblatt, an associate professor of pathology and laboratory medicine at Weill Cornell and a pathologist at NewYork-Presbyterian/Weill Cornell Medical Center.
The researchers then examined what was different about the cells’ activity. Stem cells associated with stenosis had higher levels of calcium signaling than their healthy counterparts. Genetically increasing that signaling in stem cells from healthy ligaments triggered tissue overgrowth. Reducing it in a mouse model of lumbar spinal stenosis blocked cell overgrowth.
That result raises the possibility of repurposing calcium channel blockers, a class of drugs already used to treat high blood pressure. Clinical studies are still needed to determine whether these drugs could treat spinal stenosis.
“This is probably the first work that’s shown a potential therapeutic target for one of the most common spine conditions in the world,” Iyer said.
Ligament stem cells resemble their neighbors
Before the team could investigate this connection to disease, it had to establish which cells were responsible for making and maintaining tendons and ligaments. Greenblatt and his colleagues had previously identified several stem cell populations in bone. In 2018, they found a stem cell in the
outer layer of bone
that initiates fracture repair. Later work identified stem cells that form the
Tendons and ligaments presented a different challenge. Their cells look much alike, resembling fibroblasts, the cells that produce the supporting material in connective tissue. Appearance alone offered little help in distinguishing a stem cell from its neighbors.
“While previous studies had proposed several candidate stem cells, none had definitively shown that a single cell population could both self-renew and generate the full spectrum of tendon and ligament cell types,” said Greenblatt, the Rohr Family Research Scholar and a member of Weill Cornell’s Sandra and Edward Meyer Cancer Center.
MRI image of spinal stenosis with two arrows indicating narrowing of the spinal canal. Credit: Dr. Sravisht Iyer
“We analyzed thousands of individual cells and sorted them into individual cell types. Then we identified which one had the properties we associate with ‘stemness,’” Greenblatt said.
These cells could replenish their own population and produce the mature cells that build and maintain tendons and ligaments.
In mice, the researchers located this rare population in a distinct region within tendon and ligament tissue that acts as a reservoir for growth and repair. Characterizing those cells gave them a way to look for a human equivalent in ligament samples Iyer had removed during surgery with patients’ informed consent.
The team, including first author Dr. Lingling Hu, a postdoctoral fellow in Greenblatt’s and Iyer’s labs, confirmed that the human cells could both renew themselves and produce ligament cells.
“We looked in the kneecap ligament; we looked at the Achilles tendon; and everywhere we looked, we found this cell,” Greenblatt said. “So, we think this is the universal stem cell for tendons and ligaments throughout the body.”
That possible wider role gives researchers several other conditions to investigate. Greenblatt hopes to study whether the cells contribute to Marfan syndrome, a genetic disorder affecting connective tissue.
“Given that this cell appears to be the ultimate origin of all tendon and ligament cells, defects in this cell are likely at the heart of a wide range of tendon and ligament disorders,” Greenblatt said.
Reference: “Identification of the tendon/ligament stem cell in mice and humans” by Lingling Hu, Jun Sun, Kyle W. Morse, Seoyeon Bok, Yimin Zheng, Un In Chan, Han Choi, Eugenie Macfarlane, Alisha R. Yallowitz, Michelle Cung, Ting Cong, Peyton Lee Carpen, Federico La Manna, Shawon Debnath, Haiyin Li, Tim Xu, Lipeng Wang, Yangkang Zheng, Takeshi Hirose, Ryan N. Serio, Billy Lu, Ryan J. Chaffee, Armin Scheben, Ling J. Zheng, Jason McCormick, Daniel Shinn, Anthony Pajak, Kasra Araghi, Eric Zhao, Anna Yemelyanova, Chike Cao, Geoffrey S. Pitt, Scott A. Rodeo, Dawid G. Nowak, Sravisht Iyer and Matthew B. Greenblatt, 7 September 2026,
DOI: 10.1016/j.cell.2026.08.018
This work was supported in part by the Marfan Foundation’s Victor A. McKusick Fellowship, a Kellen Scholars Award, the Children’s Tumor Foundation (CTF-2023-01-005), the Arthritis National Research Foundation (1065843), a Jumpstart award from Weill Cornell, a National Research Foundation of Korea (NRF) award funded by the Ministry of Education (NRF-2021R1A6A3A14038667), the National Institutes of Health (grants T32-AR078751 and T32-AR071302-07), a MIND Prize from the Pershing Square Foundation, a Mary Kay Ash Foundation Award, an Innovator Award from the Marfan Foundation and a Burroughs Wellcome Career Award for Medical Scientists.
Never miss a breakthrough:
Join the SciTechDaily newsletter.
Follow us on
Google News
Cell Biology
Regenerative Medicine
Stem Cells
Weill Cornell Medicine
Articles
Survival of Critically Ill COVID-19 Patients Doubled by Birth Cord Stem Cell Treatment
Uprooting Cancer: Innovative Hydrogel Rapidly Reverts Cancer Cells Back to Cancer Stem Cells
New Stem Cell-Based Topical Solution Helps Bald People Regrow Hair
How Dietary Fat Affects Stem Cell Differentiation
Researchers Generate Blood-Forming Stem Cells in the Lab Using Pluripotent Stem Cells
MIT Research Shows How Diet Influences Colon Cancer
Scientists Discover Protein That Can Accelerate Recovery
Researchers Show that GDF11 Improves Functioning of Aged Brains and Muscles
Scientists Demonstrate Efficient Method for Converting Fat Cells to Liver Cells",full,,dom_or_structured_full_text,,https://scitechdaily.com/researchers-discover-what-may-be-fueling-one-of-the-worlds-most-common-spine-disorders/,scitechdaily,综合科技,无,2026-09-26T00:29:04+00:00,通用技术 > 基础学科 > 医学&生物学,通用技术,医学&生物学,"[{""path"":[""通用技术"",""基础学科"",""医学&生物学""],""path_text"":""通用技术 > 基础学科 > 医学&生物学"",""confidence"":0.9,""reason"":""核心是发现腰椎管狭窄症相关干细胞及钙信号机制的生物医学研究。""}]",classified,2026-09-26T00:51:30.302003+00:00,glm-5.2,2026-09-10,
Where Does Fat Go When You Lose Weight? The Answer May Surprise You,2026-09-25,"Losing body fat involves far more than simply shrinking fat cells. As stored fat is broken down for energy, its chemical components undergo a series of metabolic reactions that determine how the lost mass ultimately leaves the body. Credit: Stock
The surprising final step of fat loss happens in the lungs, where most burned fat appears to leave as carbon dioxide.
In order to lose weight, most of us know it’s a matter of eating less and being more physically active. By putting our body into a calorie deficit, we “burn” more calories than we’re taking in—and so we lose weight.
But while most of us are familiar with how to make weight loss happen, we rarely think about where the weight actually goes when we lose it—other than off the scale and away from our waistlines.
If you’re not sure where the weight goes, you’re not alone—there’s even
confusion among dietitians and doctors
. But if you want a hint at the answer, you’re going to want to take a deep breath and exhale.
How the Body Stores Fat
When we lose weight, we primarily lose body fat. This fat has been taken from the foods we eat and stored by the body.
Any fat we consume is broken down by our digestive system into its smallest components, called fatty acids. These fatty acids are then transported around the body to
help maintain its normal functions
, including supporting cell structure, regulating hormones, protecting our organs, and acting as a vital energy store.
The body stores any remaining fatty acids in the
form of triglycerides
. These triglycerides are then stored within our fat cells (adipocytes) for
later use
, such as when we need extra energy or when there’s limited food available.
two main forms of stored fat
: subcutaneous fat, which sits under our skin (such as on our tummy and legs), and visceral fat, which sits deeper in our body (including around our organs). Most of the fat we lose is subcutaneous fat, as this is where
most of our body fat is stored
When the body is under metabolic stress (such as during a calorie deficit), it begins relying on its energy stores. The fat cells, which have stored this energy, receive signals from specific neurotransmitters and hormones in the body to trigger the process of
lipolysis
During lipolysis, the triglycerides stored in our fat cells are broken back down into fatty acids. These fatty acids are then taken up into our cells’ mitochondria (their energy production center), where they are used to provide energy via the fat-burning process of beta-oxidation.
How Lost Fat Leaves the Body
The beta-oxidation process essentially cuts carbon dioxide molecules from the fatty acids,
leaving a compound called acetyl-CoA
. This acetyl-CoA is then converted into adenosine triphosphate (ATP), an extremely important molecule that provides the energy needed for
almost every process
that happens in the body.
As a consequence of the beta-oxidation process—and the subsequent production of carbon dioxide that occurs—we actually end up
breathing out
the majority of the fat we lose during weight loss. A lesser proportion of the weight we lose is water, which is expelled in our sweat.
Some researchers have suggested that
around 84% of the fat we lose
is exhaled as carbon dioxide, and 16% is excreted as water via sweat. But the exact proportions are difficult to estimate directly due to the logistical challenge of measuring possible human outputs over the amount of time required to observe fat loss.
Turning Fat Burning Into Weight Loss
So overall, metabolic stress from diet (calorie intake), exercise (calorie expenditure), or a combination of the two can increase beta-oxidation (fat burning) to provide energy. When we lose fat, that fat is lost from our body either in the air we breathe out or in our sweat.
So if you want to trigger the fat-burning process and lose weight, the simple age-old message remains. Eat a little less and prioritize healthy foods. Exercise can also aid in fat loss as well as improve muscle mass.
Adapted from an article originally published in
The Conversation
Never miss a breakthrough:
Join the SciTechDaily newsletter.
Follow us on
Google News
Calorie Restriction
Metabolism
The Conversation
Weight Loss
Articles
Scientists Discover Hidden “Switch” That Burns Fat and Could Treat Bone Disease
The Next Ozempic? Scientists Discover Gut Hormone That Tells Brain to Burn Fat
Unlocking Your Body’s Natural Weight Loss System That Works Like Wegovy, Ozempic and Mounjaro
Potential Treatment for Obesity Discovered: Drug Prevents Weight Gain and Reduces Blood Sugar
Removing Belly Fat Before It Sticks to You: University Researchers Produce Fat-Busting Proteins
Caffeine May Be the Way to Offset Health Risks of High in Fat, Sugar Diets
Secret Behind Metformin’s Weight Loss and Anti-Aging Benefits Revealed
Compound Found Only in Avocados May Help Manage Obesity, Prevent Diabetes
Fat Metabolism Can Now Be Monitored Down to the Individual Liver Cell",full,,dom_or_structured_full_text,,https://scitechdaily.com/where-does-fat-go-when-you-lose-weight-the-answer-may-surprise-you/,scitechdaily,综合科技,无,2026-09-26T00:29:06+00:00,通用技术 > 基础学科 > 医学&生物学,通用技术,医学&生物学,"[{""path"":[""通用技术"",""基础学科"",""医学&生物学""],""path_text"":""通用技术 > 基础学科 > 医学&生物学"",""confidence"":0.85,""reason"":""核心是减重时脂肪代谢途径与二氧化碳排出的生理学机制科普。""}]",classified,2026-09-26T00:51:30.302003+00:00,glm-5.2,2026-09-10,
"Even After 300 Years, Scientists Find Recovering Grasslands Can Remain Fundamentally Different",2026-09-25,"India’s savannas shrunk from 100 million acres in 1880 to 60 million acres in 2010, according to one estimate. Credit: Ashish Nerlekar
Even centuries after disturbance, recovering grasslands can remain dominated by a different kind of plant than the old-growth ecosystems they replaced.
Even after centuries of recovery, a grassland can still support a noticeably different plant community from an ancient landscape that was never plowed.
A global analysis of 742 plant species found that secondary grasslands, those regrowing after farming or other disturbance, tend to favor taller, faster-growing plants. Old-growth grasslands, by contrast, are more likely to support slow-growing, long-lived perennials with traits that help them withstand drought, fire, and grazing.
The pattern appeared across six continents despite enormous differences among the grasslands themselves. “Our analysis indicates that differences between old-growth and secondary grasslands are remarkably consistent around the globe,” said Lars Brudvig, a Michigan State University professor and co-author of the new study, published in the
Proceedings of the National Academy of Sciences
The findings help explain a puzzle scientists have documented for years: grassland vegetation can return after land is plowed or otherwise converted without fully recovering the biological character of the ecosystem that was lost.
Previous work
The Cerrado of Brazil is considered the most biodiverse savanna in the world. But because so little of it is protected, tens of thousands of acres are cleared each year for agriculture. Credit: Angeladepaula, Wikimedia Commons
Recovery favors faster-growing plants
new study
investigated why recovery can be so slow. Nerlekar, Brudvig, Michigan State professor Lauren Sullivan, and a global group of collaborators compared old grasslands that had never been plowed or converted to farmland with younger grasslands at different stages of recovery.
They found that disturbance tends to favor a different kind of plant.
When old-growth grasslands are plowed, the species that disappear are often tough, slow-growing perennials with leathery leaves. “These traits help them deal with stressful situations like droughts, or being eaten by herbivores, or burned,” Brudvig said.
Those same survival strategies can become a disadvantage after the landscape is disturbed.
Many of the plants characteristic of old grasslands “are also very slow-growing,” Nerlekar added. “And that prevents them from competing in the post-destruction grasslands.”
White-top aster flowers in a longleaf pine savanna in the Econ River Wilderness Area, near Orlando, Florida. Credit: Nash Turley, Pennsylvania State University
Instead, recovering grasslands tend to fill with species built for speed. They grow rapidly, reproduce more quickly, and are better able to capture resources.
The contrast shows up in individual species. Wiregrass (
Aristida stricta
), a tough, drought-tolerant perennial characteristic of pine savannas in the southeastern United States, was not a defining feature of secondary grasslands. Regrowing sites were more associated with fast-reproducing annuals such as white goosefoot (
Chenopodium album
), which is better able to compete for water and nutrients.
Plants in secondary grasslands also tended to grow taller, giving them an advantage in the competition for sunlight.
“When they reproduce the next generation does the same and they quickly take over,” said Nerlekar, who is currently at the Indian Institute of Science Education & Research-Pune.
Plant differences can persist for centuries
Those differences can persist for remarkably long periods. In one case, plants in secondary grasslands remained taller than their old-growth counterparts even after 300 years.
That matters because grasslands are far more than open land without trees. Their extensive root systems can
reduce runoff and erosion, and grasslands
store roughly
of Earth’s terrestrial carbon.
They also support livestock and distinctive communities of
and animals, from American bison and African wildebeests to Asia’s great bustards. Grasslands cover
nearly a quarter
of Earth’s land and help support the livelihoods of more than a
billion people
They include some of the planet’s most expansive landscapes, from the roughly 5,000-mile Eurasian steppe stretching from Hungary to China to the prairies of North America’s Great Plains and the African savanna.
Old-growth savannas of western Maharashtra, India. Credit: Ashish Nerlekar
Ancient grasslands are disappearing worldwide
But many ancient grasslands have been converted to cropland, tree plantations, and urban development over the past two centuries. Brazil’s species-rich Cerrado, for example, loses an area the size of London
every three months
. India’s savannas shrank from 100 million acres in 1880 to 60 million acres in 2010,
according to one study
less than half
of North America’s historical grassland acreage remains.
At the same time, millions of acres of farmland are being abandoned worldwide, creating opportunities for
secondary grasslands to develop
That raises an increasingly important question: if grass returns, does the original ecosystem return with it?
The findings suggest that the answer is often no, at least when judged by the kinds of plants that characterize the recovering landscape.
“But these findings clearly show that secondary grasslands are really different from old-growth grasslands,” Brudvig said.
Researchers still do not know exactly what those lasting shifts mean for functions such as removing heat-trapping carbon dioxide from the atmosphere or cycling nutrients through ecosystems. More research is needed to determine whether secondary grasslands perform those functions differently from old-growth systems.
Grassland recovery may need intervention
The results nevertheless have practical implications for restoration. Allowing previously cultivated land to recover on its own may not recreate the plant community that existed before disturbance.
“What these findings suggest is that we need to be taking an active hand in grassland recovery — doing things like sowing seeds and transplanting — if we want secondary grasslands to function like the old-growth ones,” Brudvig said.
The findings also underscore the importance of protecting ancient grasslands before they are lost.
“Preserving and conserving existing old-growth grasslands matters because you don’t quickly get back what is lost,” Nerlekar said.
Reference: “Grassland destruction causes shifts in plant traits that persist during recovery” by Ashish N. Nerlekar, André Giles, Norbert Hölzel, Mário Cava, Julien Piqueray, Natashi Pilon, Brenda Molano-Flores, Megha Ojha, Jin Hua Li, Gregory Mahy, Omofomwan Kingsley Osazuwa, Emma Ladouceur, Thierry Dutoit, Jutta Stadler, Daniela Boecker, Rafael S. Oliveira, Xi Zhou, Renaud Jaunatre, Klára Řehounková, Wenjin Li, Deepak Barua, Michal Hájek, Soizig Le Stradic, Frances Siebert, Eszter Ruprecht, Ellen I. Damschen, Elise Buisson, Karel Prach, Forest Isbell, John L. Orrock, Giselda Durigan, Lauren L. Sullivan and Lars A. Brudvig, 24 August 2026,
Proceedings of the National Academy of Sciences
DOI: 10.1073/pnas.2533967123
This research was supported by grants from the São Paulo Research Foundation FAPESP, (2016/13232-5, 2018/03755-6, 2019/07773-1, 2020/01378-0, 2020/09257-8), the Brazilian National Council for Scientific and Technological Development, (309709/2020-2), China’s Gansu Provincial Science and Technology Major Projects (23ZDNA009), the Strategic Environmental Research and Development Program of the U.S. Department of Defense (SERDP Project RC-1695), the Czech Science Foundation (31-25-18351S and 25-15235S), France’s Regional Conservatory of Natural Spaces and the Region Sud-Paca, French National Research Agency (ANR-23-CE02-0034 – BEF-Cerrado), DAAD German Academic Exchange Service (DBo), the Association for Tropical Biology and Conservation, the South Africa Environmental Observation Network (SAEON), the Indian Institute of Science Education and Research, Pune, India, Ndlovu Node and the Unit for Environmental Sciences and Management, North-West University, South Africa, and a Michigan State University EEB Presidential postdoctoral fellowship.
Never miss a breakthrough:
Join the SciTechDaily newsletter.
Follow us on
Google News
Biodiversity
Environmental Science
Michigan State University
Articles
Billions of Invasive Fish Have Taken Over the Great Lakes. Scientists Say We Can Still Stop Their Next Invasion
This “Mushroom” Isn’t a Fungus at All – It’s One of the Strangest Plants on Earth
North America’s Largest Native Fruit Shakes Up Local Ecosystems
Back From the Dead: Up to 32 Species Thought To Be Extinct Are Still Surviving
New Study Links Expanding Human Population to Threats of Animal Extinction
The Effects of Ice Retreat and Biodiversity in the Arctic Deep Sea
Biodiversity on Earth Increases With Global Warming
Extinctions Due to Habitat Loss are Proportional to the Area Destroyed
Scientists Reconstruct Ancient Permian Ecosystem from Ash-Covered Plants",full,,dom_or_structured_full_text,,https://scitechdaily.com/even-after-300-years-scientists-find-recovering-grasslands-can-remain-fundamentally-different/,scitechdaily,综合科技,无,2026-09-26T00:29:08+00:00,通用技术 > 基础学科 > 医学&生物学,通用技术,医学&生物学,"[{""path"":[""通用技术"",""基础学科"",""医学&生物学""],""path_text"":""通用技术 > 基础学科 > 医学&生物学"",""confidence"":0.8,""reason"":""核心是关于原生与次生草地植物群落差异的全球生态学分析，属生命科学研究。""}]",classified,2026-09-26T00:51:30.302003+00:00,glm-5.2,2026-09-10,
Human Sperm Is Rewriting DNA Earlier Than We Realized,2026-09-25,"Some genetic variation in sperm may begin earlier in development than scientists previously recognized. New evidence suggests that DNA repair before meiosis can subtly reshape inherited sequences. Credit: Shutterstock
Some of the genetic differences that make every child unique may arise in a father’s sperm years earlier than scientists thought.
Researchers have discovered that some genetic reshuffling in human sperm occurs before meiosis, the specialized cell division that creates reproductive cells. The finding pushes the origins of certain inherited differences further back in sperm development than previously recognized.
The study, published in
, was conducted by scientists at the Wellcome Sanger Institute, the University of Cambridge, and collaborating institutions. It focused on non-crossover gene conversion, a subtle process in which one chromosome copies a short DNA sequence from its matching partner.
How Sperm DNA Is Reshuffled
Every child inherits one set of chromosomes from each parent, but those chromosomes are not passed down as untouched copies. During the production of sperm and eggs, recombination rearranges genetic material to create combinations that are different from those found in either parent.
Two main processes contribute to this mixing. Crossovers exchange large chromosome segments in a two-way swap, while non-crossover gene conversion copies a much shorter stretch of DNA in one direction. Gene conversion does not necessarily create a new DNA sequence, but it can change which inherited version is present at a particular location.
Scientists have traditionally placed both processes within meiosis. Before entering meiosis, however, the precursor cells that eventually produce sperm undergo repeated rounds of ordinary cell division, or mitosis. These cells must be continually maintained so that sperm production can continue throughout adulthood.
Thousands of Events Found in Sperm
To determine whether gene conversion might begin during this earlier stage, the researchers examined 15 sperm samples from 13 donors between the ages of 24 and 74. Highly accurate long-read sequencing allowed them to analyze extended sections of individual DNA molecules and identify small recombination events that are difficult to detect with conventional methods.
The team found 7,143 crossovers and 2,382 non-crossover gene conversion events directly in sperm DNA. They then compared these patterns with long-read genomic data from blood and information reported in earlier studies.
A substantial proportion of the gene conversions appeared to have formed before meiosis began. Their molecular signatures differed from those produced during meiosis and instead closely resembled DNA repair activity seen in ordinary body tissues.
Even Identical Twins Show Differences
Gene conversion patterns varied in both frequency and location from one person to another. Differences also appeared between identical twins, despite their nearly identical inherited genomes. This suggests that sperm diversity is influenced not only by genetic instructions but also by biological events that unfold independently within each individual.
The results support a two-stage model of recombination in sperm. Some DNA copying occurs during the routine cell divisions that preserve sperm-producing cells, while additional reshuffling takes place later during meiosis.
This earlier activity adds another layer to the process that makes each sperm genetically distinct. It also challenges the long-standing assumption that nearly all meaningful recombination in sperm begins only after cells enter meiosis.
Fragile DNA Sites and Inherited Disease
Many of the newly identified copying events occurred in parts of the genome that are naturally vulnerable to breakage. Repairing these unstable regions can protect the genome, but mistakes during that process may produce changes that can be transmitted to the next generation.
Studying how these changes develop could offer new clues about inherited diseases and the processes that protect reproductive health and DNA integrity.
A New Window Into Sperm Diversity
“We found that gene conversion in sperm does not appear to come from a single process. Alongside the familiar meiotic pathway, there is a substantial component with features consistent with DNA repair before meiosis. Being able to see thousands of these events directly in sperm gives us a new window into how genetic diversity is generated,” said Dr. Regev Schweiger, first author at the Gray Faculty of Medical and Health Sciences, Tel Aviv University.
“High-accuracy long-read sequencing lets us observe both crossovers and the much harder-to-detect non-crossovers directly in sperm. This gives us far greater power to study recombination within individuals and has revealed biology that would be very difficult to resolve from previous data,” said Professor Richard Durbin, co-senior author at the University of Cambridge and associate faculty at the Wellcome Sanger Institute.
“Understanding where and when genetic variation arises is fundamental to understanding how the human genome maintains integrity while generating diversity. Our findings show that DNA repair before meiosis contributes more to genetic diversity in sperm than previously appreciated and opens new opportunities to investigate why these processes vary between individuals and how they shape the variation passed to the next generation,” said Dr. Raheleh Rahbari, co-senior author at the Wellcome Sanger Institute.
Reference: “Long-read sequencing reveals pre-meiotic gene conversion in sperm” by Regev Schweiger, Sangjin Lee, Chenxi Zhou, Tsun-Po Yang, Stacy Li, Rashesh Sanghvi, Matthew Neville, Katie Smith, Kirsty Roberts, Ayrun Nessa, Sam Wadge, Kerrin S. Small, Peter J. Campbell, Kristian Almstrup, Peter H. Sudmant, Raheleh Rahbari and Richard Durbin, 26 August 2026,
DOI: 10.1038/s41586-026-10901-0
Never miss a breakthrough:
Join the SciTechDaily newsletter.
Follow us on
Google News
Genetics
Reproductive Biology
Wellcome Trust Sanger Institute
Articles
New Genetic Variations Discovered in Swimming Behavior of Sperm Cells
Sperm Evolution Becomes Supercharged Only When They Swim Inside Females
Some Sperms Poison Their Competitors: A Genetic Factor Helps Sperm Cells Outcompete Their Peers
How to Quickly and Easily Find Mutated Sperm? Just Go FISH
Anti-Aphrodisiac: Male Butterflies Mark Their Mates With Repulsive Smell During Sex to “Turn Off” Other Suitors
Over-Exchange of DNA in Sperm and Eggs Results in Chromosome Defects That Can Increase Infertility
Gene-Edited Livestock “Surrogate Sires” Successfully Created by Scientists to Transform Animal Breeding
New Sex Hormone Discovered by Biologists
Researchers Study Regulatory Gene’s Role in Sperm Quality Control",full,,dom_or_structured_full_text,,https://scitechdaily.com/human-sperm-is-rewriting-dna-earlier-than-we-realized/,scitechdaily,综合科技,无,2026-09-26T00:29:09+00:00,通用技术 > 基础学科 > 医学&生物学,通用技术,医学&生物学,"[{""path"":[""通用技术"",""基础学科"",""医学&生物学""],""path_text"":""通用技术 > 基础学科 > 医学&生物学"",""confidence"":0.9,""reason"":""核心是人类精子中减数分裂前基因转换重塑遗传序列的发现，属遗传生物学研究。""}]",classified,2026-09-26T00:51:30.302003+00:00,glm-5.2,2026-09-10,
Stanford Researchers Discover That the Human Brain May Be Two Separate Organs Fused Together,2026-09-25,"Researchers have uncovered an unexpected split in early brain development that allowed them to grow functional human hindbrain motor neurons in the lab. Credit: Stock
A split in early brain development helped researchers grow human hindbrain neurons that could shed light on SMA and ALS.
The human hindbrain, the region at the back of the brain that helps control breathing and swallowing, has been difficult to study in the laboratory. For decades, scientists have struggled to grow its neurons, leaving them without an important tool for investigating diseases that gradually take away those abilities.
Researchers led by
Stanford Medicine
have now grown functional human hindbrain motor neurons, the nerve cells that control muscles, by identifying a developmental split that begins as an embryo takes shape. Their work suggests that making these cells requires a different starting point from the one that produces the brain’s other major regions.
The team began with human pluripotent stem cells, which can become any cell type in the body, and guided them along the newly identified pathway. The resulting neurons generated action potentials, the electrical signals nerve cells use to communicate. They also produced proteins characteristic of the hindbrain regions that control facial and swallowing muscles.
Hindbrain neurons offer a disease model
Having access to these cells could help researchers investigate spinal muscular atrophy, or SMA, and amyotrophic lateral sclerosis, or ALS, also known as Lou Gehrig’s disease. Scientists cannot obtain brainstem tissue from living patients, and the difficulty of growing human hindbrain neurons has severely limited their ability to study how these diseases affect the cells.
SMA is a leading genetic cause of death in children younger than 1. ALS, often diagnosed between ages 40 and 70, affects both the hindbrain and the forebrain, the region responsible for higher-level thinking. In both diseases, certain hindbrain neurons gradually stop functioning. Patients lose the ability to swallow, allowing food or liquid to enter the lungs and cause pneumonia. Eventually, they lose the ability to breathe.
Rayyan Jokhai. Credit: Stanford Medicine
“Now we have a model to better understand these devastating diseases, and work toward regenerative therapies for them,” said Rayyan Jokhai, a Stanford graduate student and co-first author of the study. “This is a very exciting new frontier in brain research.”
Two starting points for one brain
To work out how to grow the neurons, Jokhai and fellow graduate student and co-first author Carolyn Dundes returned to gastrulation, the early stage of embryonic development when the body first takes shape.
“In stem cell biology, people are always fixated with creating the end cell type, like the neuron,” Jokhai said. “But it’s important to begin at the earliest stages of embryonic development. Our careful attention to that early time point allowed us to find this fundamental split in brain development.”
For decades, the prevailing model held that a single kind of progenitor, or precursor, cell gave rise to the entire brain. Under that model, the adult brain’s three main regions, the forebrain, midbrain, and hindbrain, all shared the same developmental starting point.
Those regions eventually take on different roles. The forebrain supports language, consciousness, and abstract reasoning, including abilities such as mathematics and poetry. The hindbrain regulates automatic functions such as heartbeat, breathing, sleep, and hunger. Its neurons also control muscles in the face, tongue, and throat involved in speech and swallowing.
Examining developing mouse embryos, the researchers identified two separate populations of brain progenitor cells. Cells expressing a gene called Otx2 went on to form the forebrain and midbrain. Cells expressing another gene, Gbx2, were committed to becoming the hindbrain. The populations did not overlap, even at the earliest stages the team examined. The hindbrain pathway ran alongside the pathway producing the forebrain and midbrain rather than branching from it.
“We’ve shown for the first time that the front of the brain arises from a totally different progenitor cell than the back of the brain,” said Kyle Loh, PhD, an associate professor of developmental biology and the study’s senior author. “Our discovery means that we can now grow neurons from the back of the brain, the hindbrain, in a petri dish and study their functions.”
The distinction also appeared in the cells’ chromatin, the packaging that makes some parts of DNA accessible while keeping others bundled away. Because that packaging influences which genes a cell can use, it helps determine what the cell can become.
Carolyn Dundes. Credit: Stanford Medicine
The anterior neural ectoderm, the embryonic tissue destined to produce the forebrain and midbrain, had a fundamentally different chromatin configuration from the posterior neural ectoderm, which produces the hindbrain. Those differences locked the progenitors into their respective developmental paths, offering an explanation for why earlier laboratory efforts had struggled.
“Previous attempts to make hindbrain neurons likely tried to coax forebrain and midbrain progenitors into hindbrain cells, which our study shows is not possible,” Jokhai said.
Did two nervous systems become one?
The findings, published in
Nature Neuroscience
, also raise a question about the brain’s evolutionary history. If its front and back develop separately, could they have begun as separate nervous systems?
Looking across more than 550 million years of evolutionary history, the researchers found the same pattern of two developmental origins in chickens, zebrafish, and acorn worms. These small ocean-floor animals share a distant common ancestor with humans. Jellyfish, whose lineage diverged from the human lineage about 600 to 700 million years ago, have two nervous systems at different ends of their bodies.
The researchers interpret the evidence as suggesting that the brain brings together two ancient nervous systems that evolved independently over hundreds of millions of years.
“Our research suggests that evolution took two existing neural systems and pushed them together spatially,” Loh said. “Having the brain as one organ would probably be more efficient, but we rely on this primordial way to make the brain as two separate pieces.”
“I was surprised at our findings because the word ‘brain’ implies a contiguous organ that likely has a singular origin,” Jokhai said. “But even 500 million years ago, there were these separate neural systems, which now almost operate as one, which is very cool.”
Beyond diseases affecting movement, swallowing, and breathing, the hindbrain’s role in regulating hunger connects the research to obesity treatment. Weight-loss drugs such as semaglutide act on hunger-regulating circuits in this region.
The team plans to investigate the developmental origins of the spinal cord and determine exactly how SMA and ALS impair hindbrain neurons.
Reference: “Two parallel neural ectoderm progenitors contribute to the developing brain” by Rayyan T. Jokhai, Carolyn E. Dundes, Hadia S. Ahsan, Rachel S. Kang, Rachel E. A. Salomon-Shulman, Arjun Rajan, Yoon Seok Kim, Liam J. Stanton, Christine Xu, Stephanie Do, Brennan D. McDonald, José Miguel Andrade López, Hugo A. Urrutia, Hannah Greenfeld, Alicia Wong, Yimiao Qu, Andrew S. Petkovic, Yi Miao, K. Christopher Garcia, Michelle Monje, Daniel E. Wagner, Marianne E. Bronner, Christopher J. Lowe and Kyle M. Loh, 18 September 2026,
Nature Neuroscience
DOI: 10.1038/s41593-026-02433-7
This work was supported by the National Institutes of Health (grants DP5OD024558, DP2GM146258, R00GM121852, R01DK115728, R01DE027538, T32GM119995, T32GM007365, T32GM007790 and F31DE031154); the National Science Foundation; the California Institute for Regenerative Medicine; the Spinal Muscular Atrophy Foundation; a Stanford Maternal and Child Health Research Institute grant; the Stanford Beckman and Ludwig Centers; the Siebel Stem Cell Institute; a Stinehart-Reed Foundation grant; the Gatsby Charitable Foundation; the Howard Hughes Medical Institute; the Packard Foundation; the Pew Charitable Trusts; the Baxter Foundation; the Human Frontier Science Program; and the anonymous, Fickel, Gilbert, and Stinehart-Reed families.
Never miss a breakthrough:
Join the SciTechDaily newsletter.
Follow us on
Google News
Neuroscience
Regenerative Medicine
Stanford University
Stem Cells
Articles
Experiments Show How Sugar Molecules Can Be Used To Track Stem Cells in the Brain
Human Brain Organoids Grown in Lab With “Eyes” That Respond to Light
“Mindwriting” – Software Is Able to Turn Thoughts About Handwriting Into Words and Sentences
New Stem Cell Innovation Could Someday Help Treat Parkinson’s
Scientists Demonstrate Efficient Method for Converting Fat Cells to Liver Cells
Transplanted Neural Cells From a Monkey’s Skin Develop Into Mature Brain Cells
Locomotion Restored in Mice With Huntington’s-Like Condition
Scientists Create Brain Cells from Skin Cells
Researchers Use fMRI to Study How Humor Activates Kids’ Brain Regions",full,,dom_or_structured_full_text,,https://scitechdaily.com/stanford-researchers-discover-that-the-human-brain-may-be-two-separate-organs-fused-together/,scitechdaily,综合科技,无,2026-09-26T00:29:11+00:00,通用技术 > 基础学科 > 医学&生物学,通用技术,医学&生物学,"[{""path"":[""通用技术"",""基础学科"",""医学&生物学""],""path_text"":""通用技术 > 基础学科 > 医学&生物学"",""confidence"":0.95,""reason"":""核心事件是斯坦福团队揭示早期大脑发育机制并体外培养人后脑运动神经元，属神经科学基础研究。""}]",classified,2026-09-26T00:51:35.793942+00:00,glm-5.2,2026-09-10,
Healthy Eating May Slow Biological Aging – but There Isn’t a Single “Best” Diet,2026-09-25,"Despite their differences, healthy diets appeared to influence many of the same biological pathways involved in aging and chronic disease. Credit: Shutterstock
Ten healthy dietary patterns were linked to slower biological aging, suggesting that eating for healthy aging can accommodate different tastes and traditions.
Mediterranean, Nordic, and plant-based diets offer different ways to eat healthily, yet a study by DZNE found that all three were linked to slower biological aging. The association appeared across all 10 dietary patterns the researchers examined, including DASH, a diet designed to help lower blood pressure. The team assessed aging through chemical changes in DNA that occur over a person’s lifetime.
The findings, published in
Nature Communications
, draw on blood samples and dietary information from about 7,500 women and men. Researchers first identified the results among 6,470 participants in DZNE’s Rhineland Study in Bonn. They independently confirmed the key findings using data from 1,034 participants in the EPIC-Potsdam Study, run by the German Institute of Human Nutrition Potsdam-Rehbrücke (DIfE).
No single standard for healthy eating
Rather than assigning each person to a single diet, the researchers scored everyone’s eating habits against the recommendations of all 10 patterns. Each score reflected how closely a participant’s food choices matched that particular diet.
“One and the same person could therefore rank high on one diet score and low on another. In other words: People who ate healthily by one standard were often not the same people who ate healthily by another. According to our data, hardly anyone counts as a healthy eater by every standard at once,” says Juliana Tavares, a doctoral researcher at DZNE and the study’s lead author.
Higher scores were nevertheless associated with slower biological aging under every dietary pattern studied. For Prof. Monique Breteler, Director of Population Health Sciences at DZNE and head of the Rhineland Study, that leaves people with choices.
“Importantly, there is probably no single ‘correct’ diet. According to our data, various dietary patterns are associated with slower aging, some more, some less. That is an encouraging finding, because it leaves room to tailor healthy eating to personal and cultural preferences, budget, and taste.”
The aging link was strongest in smokers
The strength of the association also varied among participants. It was most pronounced in smokers, even though they did not eat more healthily than nonsmokers. The researchers do not yet know the biological reason for that difference.
“Smoking is very harmful to health,” says Tavares, “One explanation for our findings might be that there is just more health benefit to gain for smokers by eating healthy because of the enormous detrimental effects of smoking.”
Different diets share biological pathways
To assess biological aging, the researchers analyzed DNA methylation, chemical modifications to DNA that influence gene activity. These modifications change systematically over a lifetime, allowing researchers to use their patterns as molecular indicators of aging.
“We applied three different approaches, so-called epigenetic clocks, to read biological aging from DNA methylation,” explains Tavares. “To this end, we leveraged state-of-the-art technology, which allowed us to cover about 850,000 sites in the DNA. This is roughly twice as many as in most previous studies.”
Each dietary pattern was associated with a distinct set of methylation sites. But when the researchers examined the biological pathways connected to those sites, meaning related processes within cells, they found considerable overlap.
“More than 70 percent of the affected biological pathways were shared across all diets. These involve cell structure, cell signaling and metabolism—processes central to aging and chronic disease. Therefore, it is understandable that the dietary patterns we examined were all linked with a slowing of biological aging,” says Tavares.
“While there are measurably differences between the diets, they are modest in absolute terms. It’s the big picture what matters,” she says. “In summary: When it comes to slowing down the aging process, there isn’t just one healthy diet, but indeed a whole repertoire of possible diets with a positive effect.”
The analysis establishes associations between eating habits and molecular markers of aging. It does not, by itself, show that the diets caused aging to slow or reduced participants’ risk of disease. Breteler places the findings in the broader context of prevention.
“Our study suggests that healthy eating goes hand in hand with slower biological aging. The effects are not massive, but they are measurable and relevant for prevention. By slowing the aging process, the risk of age-related diseases such as dementia or cardiovascular disorders can be reduced. Thus, healthy eating contributes to healthy aging,” she says.
Alongside the shared biological pathways, the analysis identified differences that could help researchers investigate whether particular eating patterns have more targeted effects. Tavares explains:
“A few pathways were diet-specific, and they matched each diet’s main objectives: heart-related pathways were unique to the DASH diet, and pathways related to cognition and memory were unique to the so-called MIND diet, which aims to support brain health. You don’t need a perfect diet — that may be the most practical message here. But moving forward, the diet-specific pathways point to future research on targeted dietary interventions. This could be helpful in designing targeted health recommendations.”
Reference: “Associations between diet quality, epigenetic aging and epigenome in two population-based cohorts” by Juliana F. Tavares, Dan Liu, Valentina Talevi, Fabian Eichelmann, Franziska Jannasch, Matthias B. Schulze, N. Ahmad Aziz, Ute Nöthlings and Monique M. B. Breteler, 29 August 2026,
Nature Communications
DOI: 10.1038/s41467-026-77064-4
This work was supported through the Federal Ministry of Education and Research under the Diet-Body-Brain Competence Cluster in Nutrition Research (grant numbers 01EA1410C and 01EA1809C) and in the framework “PreBeDem – Mit Prävention und Behandlung gegen Demenz” (grant number 01KX2230), the Deutsche Forschungsgemeinschaft (DFG, German Research Foundation) under Germany’s Excellence Strategy (EXC 2151—390873048), and through SFB1454—project number 432325352, and the Helmholtz Association under the 2023 and 2024 Innovation Pool.
Never miss a breakthrough:
Join the SciTechDaily newsletter.
Follow us on
Google News
Epigenetics
Longevity
Nutrition
Articles
A Vegan Diet May Begin Changing Gene Activity in Just 4 Weeks
Researchers Reveal the Surprisingly Easy Habit Linked to Longer Healthier Lives
Children of Centenarians Share One Surprising Habit That May Boost Longevity
Mediterranean Diet May Activate Secret Anti-Aging Proteins Inside Your Cells
Are Meat Eaters Really More Likely To Live to 100 Than Non-Meat Eaters?
The Secret to a Longer Life Might Be in Your Next Meal
Scientists Identify Key Pathway for Brain Health Boost via Ketogenic Diet
Turn Back Time: Lifestyle Program Reverses Biological Age
Fountain of Youth: Cutting Calories and Eating at the Right Time of Day Leads to a Longer Life",full,,dom_or_structured_full_text,,https://scitechdaily.com/healthy-eating-may-slow-biological-aging-but-there-isnt-a-single-best-diet/,scitechdaily,综合科技,无,2026-09-26T00:29:13+00:00,通用技术 > 基础学科 > 医学&生物学,通用技术,医学&生物学,"[{""path"":[""通用技术"",""基础学科"",""医学&生物学""],""path_text"":""通用技术 > 基础学科 > 医学&生物学"",""confidence"":0.93,""reason"":""研究健康饮食模式与DNA甲基化测量的生物衰老速度的关系，属健康与生命机理研究。""}]",classified,2026-09-26T00:51:35.793942+00:00,glm-5.2,2026-09-10,
Scientists Say This Simple Habit Could Help Protect Your Brain for Life,2026-09-25,"Researchers at the University of Cambridge say reading for pleasure may support mental well-being and cognitive health across the lifespan, with studies linking it to changes in stress, memory, attention, and brain structure. Credit: Shutterstock
Picking up a book is a familiar way to unwind, and researchers at the
University of Cambridge
say reading for pleasure may offer benefits that extend across a lifetime. Studies have linked it to better mental health, stronger thinking skills, and a lower risk of dementia in older adults. The researchers argue that what people read, and how they read it, matters less than finding something they enjoy, whether that is a Jane Austen classic or a
Heartstopper
graphic novel.
In a review published in
Psychological Medicine
, Professor Barbara Sahakian and Dr. Christelle Langley from Cambridge’s Department of Psychiatry examine this evidence with Vicki Perrin, CEO of The Queen’s Reading Room, the charity founded by Her Majesty The Queen. Their collaboration supports efforts to encourage reading at every age during the
National Year of Reading
Sahakian and Langley became interested in the breadth of reading’s possible benefits while writing their 2025 book,
Brain Boost: Healthy Habits for a Happier Life
. They also found that research on reading for pleasure remained surprisingly limited. Most studies identify associations, meaning they cannot establish that reading itself caused the differences observed.
Fiction may offer quick stress relief
Among adults, surveys link reading with less stress, better relaxation, greater empathy, and more understanding of other people’s perspectives. In survey findings, 38% of adults, nearly two in five, chose books as their preferred way to unwind, making reading the most popular method of stress relief. Another survey found that 35% turned to books for comfort, compared with 31% who chose wine and 10% who preferred a hot bath.
A neuroscience study commissioned by The Queen’s Reading Room in 2024 suggested that even a brief period of reading could help. It found that five minutes of fiction could reduce stress by up to 20%, improve concentration and problem-solving skills, and help readers feel less lonely.
Reading linked to lower dementia risk
For older adults, research has also linked mentally stimulating leisure activities, particularly reading, with slower declines in thinking and memory and a reduced risk of dementia. One study followed almost 5,500 adults aged 55 and older for five years. Those who frequently took part in activities that included reading were significantly less likely to develop cognitive impairment, or difficulties with abilities such as memory and thinking. A separate study associated reading newspapers, magazines, and books with a 33% lower risk of Alzheimer’s disease.
Reading with other people may provide an additional benefit through social contact, which matters for both mental and physical well-being, particularly in later life.
Sahakian said: “Shared reading groups and book clubs appear to provide additional benefits through social interaction. They can help people feel less isolated and more connected to others, which has been shown to reduce the risk of dementia.
“While these clubs can be fun and beneficial at any age, they’re perfect for older people who may be not so mobile – they might not be able to go out as an exercise group or a cycling group, but a reading group is something most people can enjoy.”
Her Majesty Queen Camilla. Credit: Hugo Burnand
Connecting readers was part of The Queen’s Reading Room’s purpose when it launched on social media in January 2021, sharing book recommendations during lockdown. It has since reached more than 12 million people in 184 countries. Alongside its festival and neuroscience study, the charity works in homeless shelters and domestic violence refuges, using shared reading as a therapeutic tool to support recovery.
Perrin said: “At The Queen’s Reading Room, we have seen first-hand the transformative power of individual and shared reading to change lives. Books truly do make life better, and we’re excited to do our bit to help everyone, everywhere, make more room for reading.”
Reading gains accompany brain changes
Brain imaging provides clues to the connections between reading and cognitive health. Studies associate reading with greater volume and cortical surface area in regions involved in language, learning, managing emotions, and executive control, the abilities that help people focus, plan, and manage tasks. Researchers have also found greater thickness in language-related areas of the cortex, the brain’s outer layer, and stronger connections through white matter, the nerve fibers that carry signals between brain regions and support language processing.
Intervention studies offer some evidence that reading can help bring about structural changes. In one small study, 11 children with dyslexia, a condition that affects reading, completed eight weeks of training at ages 7 to 11. The program combined mental imagery, articulation, and tracing letters, groups of letters, and words. Their reading skills improved significantly, accompanied by increases in gray matter volume in key brain regions. Gray matter contains nerve cell bodies and connections involved in processing information.
Children read less despite potential benefits
Broader evidence from childhood comes from a study by Sahakian, Langley, and colleagues involving more than 10,000 young people.
Children who began reading for pleasure early in life
had better attention, memory, and executive functioning, as well as greater academic achievement. They also had fewer mental health problems and healthier lifestyles, including more sleep and less screen time.
The academic associations extend beyond literacy. Reading is also linked to achievement in math, which draws on some of the same mental abilities, including language skills, memory, and executive function.
Sahakian said: “Reading is a great way to support our brain health, develop important cognitive skills, and boost our well-being. It’s something we ought to be encouraging from an early age, given the increasing evidence of its benefits, particularly to children, but really, it’s never too late to start, and it can bring benefits throughout our lives and into old age.”
Despite those potential benefits, surveys show that reading among children and adolescents has fallen to its lowest levels since records began. The decline is particularly pronounced among adolescent boys and children from disadvantaged backgrounds. Even among young people who say they enjoy reading the least, nearly half recognize that it helps them learn new words or discover new things.
The researchers argue that sharing a book with a parent can add to the benefits of reading, just as a book club can for adults. Encouraging children to read also means paying attention to what already interests them.
Langley said: “Given how beneficial reading for pleasure is at a young age, we should be doing everything we can to introduce children and young people to reading. The important thing is to find something they’d really enjoy reading about – it might be a TV program or a game – and use this as a way in. Reading comics and graphic novels could also be a helpful introduction as they might be seen as less intimidating, maybe less boring, than novels.”
Reference: “Reading and associations with brain health, cognition, well-being, and mental health” by Barbara J. Sahakian, Vicki Perrin and Christelle Langley, 15 September 2026,
Psychological Medicine
DOI: 10.1017/S0033291726105625
All research at the Department of Psychiatry in the University of Cambridge is supported by the NIHR Cambridge Biomedical Research Centre (NIHR203312) and the NIHR Applied Research Collaboration East of England.
Never miss a breakthrough:
Join the SciTechDaily newsletter.
Follow us on
Google News
Cognition
Dementia
Mental Health
University of Cambridge
Articles
Pioneering the Fight Against Dementia: 20,000 Volunteers Join Groundbreaking Study
Scientists Identify the Cause of Alzheimer’s Progression in the Brain – Very Different Than Previously Thought
Scientists Grow “Mini Brains” in the Lab – Find Potential Treatment Path for Fatal Neurological Disease
COVID Lockdown Wellbeing: Children Who Spent More Time in Nature Fared Best
Artificial Intelligence Can Detect Dementia Years Before Symptoms Appear
Autistic People More Likely to Use Recreational Drugs to Self-Medicate
Teenagers at Greatest Risk of Self-Harming Can Be Identified Almost a Decade Earlier
Single Brain Region Links Depression, Anxiety and Heart Disease
Brain Inflammation Is a Significant Factor in More Types of Dementia Than Previously Thought",full,,dom_or_structured_full_text,,https://scitechdaily.com/scientists-say-this-simple-habit-could-help-protect-your-brain-for-life/,scitechdaily,综合科技,无,2026-09-26T00:29:15+00:00,通用技术 > 基础学科 > 医学&生物学,通用技术,医学&生物学,"[{""path"":[""通用技术"",""基础学科"",""医学&生物学""],""path_text"":""通用技术 > 基础学科 > 医学&生物学"",""confidence"":0.9,""reason"":""核心是阅读与心理健康、认知健康及大脑结构变化关联的研究综述，属医学与生物学范畴。""}]",classified,2026-09-26T00:51:35.793942+00:00,glm-5.2,2026-09-10,
Pancreatic Cancer Disappears in Mice After New mRNA Immunotherapy,2026-09-25,"An experimental mRNA treatment triggered unusually durable responses in a mouse model of pancreatic cancer, with some tumors disappearing long after therapy ended. Credit: Shutterstock
Pancreatic tumors vanished in roughly half of mice given an experimental mRNA therapy and did not return for up to a year after treatment stopped.
Researchers at UMass Chan Medical School developed an experimental treatment for pancreatic cancer that uses a cocktail of messenger RNAs (mRNA) to activate immune defenses, break through the protective tissue surrounding tumors, and help immune cells recognize cancer cells as threats. Inspired by work at the school’s RNA Therapeutics Institute and advances in COVID vaccines, the approach combines several immune signals and tumor-associated antigens in a single formulation.
The study, published in
Nature Communications
, combined mRNAs encoding five immune cytokines with three tumor-associated antigens in one injectable treatment. Approximately 50 percent of mice with pancreatic ductal adenocarcinoma experienced complete tumor regression and remained disease-free for a year, including after therapy was discontinued.
“It’s unheard of to get a response like this in these models of pancreatic cancer,” said Dr. Parikh, a recent PhD graduate from the Ruscetti Lab. “There have been a lot of drugs tried in the lab that have had good initial responses in mice, but ultimately the cancer always comes back. This is the only study I’ve seen that has achieved durable tumor protection.”
A Rare Response in Pancreatic Cancer
Results in mice do not guarantee that a treatment will succeed in people, particularly against a cancer as biologically complex as pancreatic ductal adenocarcinoma. Ruscetti nevertheless believes the strategy is promising enough to pursue toward clinical testing.
Dr. Ruscetti, associate professor of molecular, cell & cancer biology, added, “Going from mice into patients takes a huge effort and is never a sure thing. However, if there was one approach I had to bet on being successful, this is the one. And that’s what we’re doing.”
Chaitanya Naimesh Parikh, PhD’26, and Marcus Ruscetti, PhD. Credit: Bryan Goodchild
Pancreatic ductal adenocarcinoma is the most common and aggressive form of pancreatic cancer. It begins in the narrow ducts that carry digestive fluids out of the pancreas. Early symptoms are often subtle or absent, allowing tumors to grow or spread to other organs before they are detected. The five-year survival rate is 3 percent for stage IV disease and 13 percent when all stages are combined.
Why Immunotherapy Often Falls Short
Immunotherapies have transformed care for certain cancers by directing the body’s defenses against malignant cells. Pancreatic tumors, however, have largely resisted these treatments because they create an unusually hostile environment around themselves.
One major obstacle is a thick layer of fibrotic tissue surrounding the tumor. This structure functions like a castle wall, limiting the ability of immune cells to reach and attack the cancer. Even when immune cells enter, they must remain active long enough to mount a defense and distinguish tumor cells from healthy tissue.
“All these steps are lacking in pancreatic cancer,” said Ruscetti. “That’s where the mRNA comes into play.”
Delivering Immune Signals Where They Matter
Cytokines are small signaling proteins, including interleukins, interferons, and tumor necrosis factors, that recruit and activate immune cells. Researchers experimented with cytokines as cancer treatments during the 1980s and 1990s, but the drugs often stimulated immune activity throughout the body. The resulting system-wide reactions could cause dangerous side effects while still failing to eliminate most tumors.
Scientists now have a clearer understanding of which cytokines mobilize immune responses against particular threats, including pancreatic cancer. The remaining challenge is delivering the right signals where they are needed. “What we need is a way to get these immune signals to the tumor so they can do their job,” said Ruscetti.
mRNA offers a temporary set of genetic instructions that cells can translate into proteins. Rather than supplying cytokine and antigen proteins directly, the experimental treatment instructs cells to produce them. The cytokine mRNAs are intended to activate an immune attack, while the tumor antigen mRNAs help immune cells “see” pancreatic cancer as foreign material that should be removed.
After the mice received the combination of five cytokine mRNAs and three tumor antigen mRNAs, the researchers observed less fibrotic material around the tumors and increased tumor cell necrosis. These findings indicate that the treatment both weakened the tumor’s physical defenses and promoted cancer cell death.
Immune Memory May Keep Cancer Away
Approximately half of the treated mice achieved complete remission that continued for up to one year after treatment stopped. The prolonged protection suggests that their immune systems may have developed a long-term “memory” of the cancer cells, potentially allowing them to recognize and attack the disease if it returned.
Researchers could potentially change the mRNA sequences to produce cytokines and antigens suited to other tumors, creating different versions of the treatment for cancers that resist existing immunotherapies.
“This is a first-of-its-kind approach combining cytokine mRNAs with tumor-associated antigen mRNA that could pave the path for effective immunotherapy for pancreatic ductal adenocarcinomas,” said Parikh. “Beyond this cancer, this mRNA immunotherapy strategy has the capacity to be modular and can potentially be used as a platform to treat other types of immune-resistant cancers simply by swapping out different mRNA sequences.”
Reference: “Multiplexed cytokine and antigen mRNA administration generates durable anti-tumor immunity against pancreatic cancer” by Chaitanya N. Parikh, Kelly D. DeMarco, Nikita Bhalerao, Hadiya K. Giwa, Griffin I. Kane, Ronnie W. Dinnell, Boyang Ma, Haruka Mori, Meghan L. Brassil, Katherine C. Murphy, Zhen Zhao, Calvin Johnson, Shriram Ramani, Lin Zhou, Loretah Chibaya, Youwei Qiao, Kai Hu, Lihua Julie Zhu, Brian C. Lewis, Wen Xue, Jason R. Pitarresi, Prabhani U. Atukorale and Marcus Ruscetti, 19 June 2026,
Nature Communications
DOI: 10.1038/s41467-026-74574-z
Initial funding for the study was provided by the Worcester-based Pancreatic Cancer Alliance, a patient advocacy group that supports pancreatic cancer research at UMass Chan. Researchers are now developing a potential IND-ready product of the cocktail in preparation for future clinical trials.
Never miss a breakthrough:
Join the SciTechDaily newsletter.
Follow us on
Google News
Immunotherapy
Articles
Revolutionizing Cancer Treatment: Key to Prolonging CAR T Cell Life Uncovered
Why Does Immunotherapy Not Always Work? New Research Sheds Light
New Hope for High-Risk Prostate Cancer – Promising Immunotherapy Agent Proven To Be Safe
Cancer Breakthrough: “Hard To Lose” Mutations in Tumors May Predict Response to Immunotherapy
Supercharged T Cells: A New Way To Kill Pancreatic Cancer With Minimal Side Effects
A Simple Way To Improve Cancer Treatment Effectiveness: Timing
New Discovery Could Lead to Improved Cancer Treatment
The Double Advantage of Killer T-Cells To Prevent Cancer Metastases
A New Way To Stop Cancer: Researchers Combine Radiotherapy With Exosomes",full,,dom_or_structured_full_text,,https://scitechdaily.com/pancreatic-cancer-disappears-in-mice-after-new-mrna-immunotherapy/,scitechdaily,综合科技,无,2026-09-26T00:29:16+00:00,通用技术 > 基础学科 > 医学&生物学,通用技术,医学&生物学,"[{""path"":[""通用技术"",""基础学科"",""医学&生物学""],""path_text"":""通用技术 > 基础学科 > 医学&生物学"",""confidence"":0.95,""reason"":""核心事件为mRNA免疫疗法在小鼠胰腺癌模型中消除肿瘤，属生物医学研究进展。""}]",classified,2026-09-26T00:51:35.793942+00:00,glm-5.2,2026-09-10,
"BOE names glass-based perovskite solar one of four pillars in its five-year, $131 billion optoelectronics plan",2026-09-25,"BOE names glass-based perovskite solar one of four pillars in its five-year, $131 billion optoelectronics plan
BOE Technology Group
plans to invest more than CNY80 billion (about US$11.9 billion) in R&D and CNY800 billion (about US$119.3 billion) in procurement over the next five years as part of a broader push into what chairman Chen Yanshun called ""integrated optoelectronics"". The plan spans four technology areas: glass-based perovskite solar cells, glass substrates for advanced semiconductor packaging, Micro-LED optical interconnects, and foldable glass.
Glass-based perovskite photovoltaics is one of the four, alongside chip-packaging substrates aimed at AI and high-performance computing hardware, Micro-LED-based optical interconnects intended to ease bandwidth and power bottlenecks in chip-to-chip connections, and foldable glass developed with Corning. BOE said its perovskite solar cell line, already running at pilot scale, is shipping product - consistent with the company's
earlier updates
accelerating that pilot line
toward mass production.
Chen also said BOE has built a full-process perovskite PV R&D platform spanning lab-scale research through pilot production, and that the company has set four world records for module efficiency along the way. On the packaging side, BOE has produced and submitted large-size, high-layer-count glass substrate samples for customer evaluation, and expects to meet the conditions for a mass-production investment decision by the first half of 2027; Chen said BOE plans to define its investment approach for mass-production lines for both glass-based perovskite devices and glass-based packaging substrates within the next year.
Most of the R&D and procurement spending BOE outlined is not specific to perovskite; the bulk of the plan centers on chip-packaging glass substrates and optical interconnects, with perovskite named as one line of a larger optoelectronics strategy rather than the target of a dedicated budget. Still, the announcement is notable for tying BOE's perovskite ambitions explicitly to the company's broader semiconductor and display roadmap.
Sep 25,2026 by
Roni Peleg
Similar Entries
Perovskia Solar begins shipping custom perovskite cells, signs India MoU for space applications
Yanhe's flexible perovskite solar module begins in-orbit testing aboard a Chinese satellite
Long-lived 'hot' electrons in tin perovskites could push solar cells past 33% efficiency
China sets first national testing standard for perovskite solar cells
Swapping tin oxide for aluminum oxide enables perovskite tandem cells hit 26.9% efficiency
Researchers outline roadmap for turning perovskite solar cells into products
UNIST develops vacuum-deposited passivation layer for 26.05%-efficient perovskite solar cells
Co-assembly strategy breaks SAM symmetry to lift perovskite solar cell efficiency to 26.32%",full,,dom_or_structured_full_text,,https://www.perovskite-info.com/boe-names-glass-based-perovskite-solar-one-four-pillars-its-five-year-131,perovskite-info,光伏,LED、量子点、燃料电池、传感器,2026-09-26T00:29:21+00:00,零碳产业 > 能量转化 > 能源测 > 一次能源转化 > 太阳能转化 > 光伏,零碳产业,光伏,"[{""path"":[""零碳产业"",""能量转化"",""能源测"",""一次能源转化"",""太阳能转化"",""光伏""],""path_text"":""零碳产业 > 能量转化 > 能源测 > 一次能源转化 > 太阳能转化 > 光伏"",""confidence"":0.95,""reason"":""BOE五年战略将玻璃基钙钛矿太阳能电池列为四大支柱之一，核心为钙钛矿光伏技术与量产推进。""}]",classified,2026-09-26T00:51:35.793942+00:00,glm-5.2,2026-09-10,
"Perovskia Solar begins shipping custom perovskite cells, signs India MoU for space applications",2026-09-25,"Perovskia Solar begins shipping custom perovskite cells, signs India MoU for space applications
Perovskia Solar
has announced a transition from lab-scale development to commercial-scale manufacturing and commenced shipping custom-designed perovskite cells to customers. The company previously launched the Sun-a-Wear UV tracker, which it describes as the first commercially available product powered by perovskite photovoltaics, and now supplies cells to customers developing energy-autonomous electronics such as IoT sensors and other smart devices, including a US-based customer building a tracking device. CEO and Founder Anand Verma said the company also has proof-of-concept projects underway with industrial and tech partners across Europe and Asia.
Perovskia has also signed a memorandum of understanding with Indian company AkashaLabdhi to explore its perovskite photovoltaic technology for space applications. Verma was careful to frame the scope of the agreement: ""At this stage, we are working to provide cells for evaluation and qualification purposes, rather than confirming their deployment on future Indian satellites or space stations. Space-grade applications require extensive testing, and this partnership is a crucial first step.""
Alongside the MoU, the company is developing flexible perovskite cells with an improved power-to-weight ratio for space use, targeting a minimum viable prototype by the end of 2026 and a test flight to space by the fourth quarter of 2027, following what Verma described as basic space qualification.
Sep 25,2026 by
Roni Peleg
Similar Entries
Researchers outline roadmap for turning perovskite solar cells into products
University of Sydney receives funding to advance perovskite-silicon tandem solar cells
New POP-PV project to advance Power Roll's micro-groove perovskite solar film toward commercialization
China’s Xi’an Tianjiao New Energy to build 1 GW flexible perovskite solar cell line in Xianyang
Amosolar launches 520–550 W perovskite solar module for residential and commercial projects
CATL and CECEP expand partnership to commercialize perovskite solar technology
China highlights two perovskite projects in 2026 national smart PV case list
Trina Solar secures first commercial order for perovskite-silicon tandem modules",full,,dom_or_structured_full_text,,https://www.perovskite-info.com/perovskia-solar-begins-shipping-custom-perovskite-cells-signs-india-mou-space,perovskite-info,光伏,LED、量子点、燃料电池、传感器,2026-09-26T00:29:23+00:00,零碳产业 > 能量转化 > 能源测 > 一次能源转化 > 太阳能转化 > 光伏,零碳产业,光伏,"[{""path"":[""零碳产业"",""能量转化"",""能源测"",""一次能源转化"",""太阳能转化"",""光伏""],""path_text"":""零碳产业 > 能量转化 > 能源测 > 一次能源转化 > 太阳能转化 > 光伏"",""confidence"":0.95,""reason"":""Perovskia Solar实现钙钛矿电池定制量产发货并拓展太空等应用，核心是钙钛矿光伏产业化。""}]",classified,2026-09-26T00:51:35.793942+00:00,glm-5.2,2026-09-10,
Dreekant foundation design contract has been awarded to SLPE,2026-09-25,"SLPE has been awarded a contract by EnBW to provide wind turbine foundation
engineering services for the planned 1 GW Dreekant
Offshore Wind Farm.
Dreekant will be located in the German Exclusive Economic Zone and cover
approximately 80 km².
The site has water depths ranging from 37 to 46 metres.
Under the contract, SLPE will deliver concept, front-end engineering design
(FEED) and detailed design services for the wind turbine foundations. The
company will also support the project during the fabrication, installation
and commissioning phases.
Joseph Hilton, managing director of SLPE, said: ""This is a significant
milestone for SLPE and reflects the strength of our engineering capability,
our growing reputation in the offshore wind sector and the trust our clients
place in our team.""
A final investment decision for the project is not expected before 2029.
For more information about offshore wind
farm projects across the globe, click",full,,trafilatura_full_text,,https://www.tgs4c.com/news/dreekant-foundation-design-contract-has-been-awarded-to-slpe-nid33328.html,4C Offshore,风能,无,2026-09-26T00:29:55+00:00,零碳产业 > 能量转化 > 能源测 > 一次能源转化 > 风电,零碳产业,风电,"[{""path"":[""零碳产业"",""能量转化"",""能源测"",""一次能源转化"",""风电""],""path_text"":""零碳产业 > 能量转化 > 能源测 > 一次能源转化 > 风电"",""confidence"":0.95,""reason"":""核心事件是为1GW海上风电场提供风机基础工程设计服务，属风电产业项目进展。""}]",classified,2026-09-26T00:51:42.960663+00:00,glm-5.2,2026-09-10,
Ocean Winds marks milestone with O&M base development,2026-09-25,"Ocean Winds has announced a milestone for the BC-Wind project, with construction
of the operations and maintenance (O&M) base in Władysławowo now
underway.
On 23 September, the foundation deed was signed and the cornerstone was
laid, marking an important step in the development of both the offshore
wind project and Ocean Winds' long-term presence in Poland.
The base is expected to operate for around 30 years, supporting local operations
and maintenance activities for the 390 MW offshore wind farm. Once completed,
the project is expected to generate enough electricity to power more than
488,000 homes and businesses.
The company highlighted the role of the facility in supporting knowledge
sharing, developing local expertise and strengthening Poland's offshore
wind capabilities.
For more information about offshore wind
farm projects across the globe, click",full,,trafilatura_full_text,,https://www.tgs4c.com/news/ocean-winds-marks-milestone-with-o26m-base-development-nid33327.html,4C Offshore,风能,无,2026-09-26T00:29:57+00:00,零碳产业 > 能量转化 > 能源测 > 一次能源转化 > 风电,零碳产业,风电,"[{""path"":[""零碳产业"",""能量转化"",""能源测"",""一次能源转化"",""风电""],""path_text"":""零碳产业 > 能量转化 > 能源测 > 一次能源转化 > 风电"",""confidence"":0.95,""reason"":""核心事件是波兰390MW海上风电项目运维基地建设，属风电场开发运营。""}]",classified,2026-09-26T00:51:42.960663+00:00,glm-5.2,2026-09-10,
NeuConnect announce next stage of construction,2026-09-25,"NeuConnect has announced that it has entered the next phase of construction
for what is expected to become one of the world's largest interconnectors.
This stage of the project will involve the installation of mechanical and
electrical systems at the converter stations in the UK and Germany, supporting
the development of the first direct energy link between the two countries.
The £2.4 billion project is being led by investors Meridiam, Allianz, Kansai
Electric Power and TEPCO.
Converter stations are being built on the Isle of Grain in Kent and Wilhelmshaven,
northern Germany, and will be connected by 725 km of subsea cable. Once
completed the link will have a capacity of 1.4 GW, enough to power up to
1.5 million homes.
NeuConnect CEO Arnaud Grévoz said: ""With our onshore converter stations
taking shape and offshore cabling works also well over halfway, we are
making good progress and remain firmly on track.""
Internal mechanical and electrical fit-out works are currently underway
at both converter stations, including the installation of cable trays,
ladders, and heating, ventilation and air conditioning (HVAC) systems throughout
the facilities.
For more intelligence on component trends
for turbines, installation vessels, specifications and supply & demand
analysis, click",full,,trafilatura_full_text,,https://www.tgs4c.com/news/neuconnect-announce-next-stage-of-construction-nid33326.html,4C Offshore,风能,无,2026-09-26T00:30:00+00:00,零碳产业 > 能量转化 > 能量分配与运输 > 电网相关技术,零碳产业,电网相关技术,"[{""path"":[""零碳产业"",""能量转化"",""能量分配与运输"",""电网相关技术""],""path_text"":""零碳产业 > 能量转化 > 能量分配与运输 > 电网相关技术"",""confidence"":0.92,""reason"":""核心事件是英德跨国直流互联电网项目建设，包括换流站和海缆，属电网输电技术。""}]",classified,2026-09-26T00:51:42.960663+00:00,glm-5.2,2026-09-10,
PaxOcean and Ulstein sign contract for offshore wind SOV,2026-09-25,"PaxOcean Group
and Ulstein Design & Solutions AS have signed a contract for the design
of a service operation vessel (SOV) for NYK Line, the ULSTEIN SX222. The vessel will
support offshore wind construction, operations and maintenance activities.
Measuring 89.6 metres in length with a beam of 19.2 metres, it is designed
to provide accommodation and logistical support for up to 120 personnel.
The SOV will feature
Ulstein’s TWIN X-STERN hull design, which is intended to improve manoeuvrability,
station-keeping performance and energy efficiency. The vessel will
be prepared for methanol and fully electric operations and will carry dual
classification from DNV and CR. As a part of the
agreement Ulstein Design & Solutions AS will provide the vessel design
and engineering package, while Ulstein Power & Control AS will deliver
an integrated DC-based hybrid power and automation system. Delivery of the
vessel is currently scheduled for 2029.
The Offshore Wind Ports Information Database
provides a comprehensive solution for project managers, operators and maintenance
teams in the sector. For more information, click",full,,trafilatura_full_text,,https://www.tgs4c.com/news/paxocean-and-ulstein-sign-contract-for-offshore-wind-sov-nid33325.html,4C Offshore,风能,无,2026-09-26T00:30:02+00:00,通用技术 > 通信和运输 > 物质运输 > 水路运输,通用技术,水路运输,"[{""path"":[""通用技术"",""通信和运输"",""物质运输"",""水路运输""],""path_text"":""通用技术 > 通信和运输 > 物质运输 > 水路运输"",""confidence"":0.85,""reason"":""核心事件是设计建造海上风电运维服务船（SOV），属船舶装备与低碳航运。""},{""path"":[""零碳产业"",""能量转化"",""能源测"",""一次能源转化"",""风电""],""path_text"":""零碳产业 > 能量转化 > 能源测 > 一次能源转化 > 风电"",""confidence"":0.7,""reason"":""该船主要用于海上风电建设与运维，服务风电场运营。""}]",classified,2026-09-26T00:51:42.960663+00:00,glm-5.2,2026-09-10,
LD Armateurs announces delivery of new DP2 multipurpose vessel,2026-09-25,"LD Armateurs has announced the expansion of its specialised fleet with
the delivery of the DP2 multipurpose support vessel TVO Mariner.
Delivered to its subsidiary, LD TravOcean, the vessel is designed for subsea
cable installation and protection and is intended to strengthen the company's
ability to provide fully integrated solutions.
The vessel will support not only offshore wind projects but also telecommunications
cable installations and cable repair operations.
Samira Draoua, CEO of LD Armateurs, said: ""It reflects our strategy
to invest in targeted assets serving all our markets while strengthening
the group's commitment to the energy transition and the resilience of critical
infrastructure.""
Adding: ""The TVO Mariner gives us full control over project execution
for submarine cable installation and repairs, trenching services and deepwater
ROV operations.""
Built in 2011, the TVO Mariner features a deck capacity of 2,500 tons and
a 950 square metre working deck, along with removable cargo rails and an
advanced dynamic positioning system.
The vessel is also designed to improve efficiency while reducing its environmental
impact, with an optimised hull design and propulsion systems intended to
lower fuel consumption.
The Offshore Wind Ports Information Database
provides a comprehensive solution for project managers, operators and maintenance
teams in the sector. For more information, click",full,,trafilatura_full_text,,https://www.tgs4c.com/news/ld-armateurs-announces-delivery-of-new-dp2-multipurpose-vessel-nid33324.html,4C Offshore,风能,无,2026-09-26T00:30:04+00:00,通用技术 > 通信和运输 > 物质运输 > 水路运输,通用技术,水路运输,"[{""path"":[""通用技术"",""通信和运输"",""物质运输"",""水路运输""],""path_text"":""通用技术 > 通信和运输 > 物质运输 > 水路运输"",""confidence"":0.85,""reason"":""核心事件是交付海底电缆铺设与保护的多功能作业船，属专业船舶装备。""},{""path"":[""零碳产业"",""能量转化"",""能源测"",""一次能源转化"",""风电""],""path_text"":""零碳产业 > 能量转化 > 能源测 > 一次能源转化 > 风电"",""confidence"":0.65,""reason"":""该船主要用于海上风电项目的海底电缆安装与运维支持。""}]",classified,2026-09-26T00:51:42.960663+00:00,glm-5.2,2026-09-10,
"Tesla’s Optimus Hits Snags in Hands, Suppliers as Scale-Up Begins",2026-09-25,"Tesla has ramped up production of its Optimus humanoid robot roughly tenfold in recent months, but the company is still struggling to manufacture the machines reliably at scale. Its production lines are grappling with problems involving the robot’s intricate hands, automated equipment and supplier constraints, according to people familiar with the project. Last month, Tesla produced several hundred robots a week, up from a few dozen robots per week during the second quarter when the company was doing small batch testing for production, according to two people familiar with the work. Managers have told staffers the company wants to set up a continuous automated production line capable of producing more than a thousand robots a week by the end of the year, the people said. That is still far short of its eventual plan to produce around 20,000 a week. Tesla CEO Elon Musk has repeatedly characterized Optimus as the company’s most important product—pitching the humanoid robot as likely to take over everything from manufacturing and data center upkeep to everyday tasks like cooking and cleaning. Tesla primarily earns its revenue through vehicle sales, but Musk has said Optimus will help Tesla pivot further into becoming an AI company. Tesla has repeatedly shifted the timeline for the robot. In 2022, less than a year after Musk first announced plans to build a humanoid robot, he said the robot could be production-ready as soon as the following year. In January, Musk said during the World Economic Forum that Tesla could begin selling Optimus by late 2027. In April, he said “we should be able to show” off the upcoming version of Optimus by the middle of the year,” but that date passed with no demonstration. To be sure, Musk has also been clear that manufacturing Optimus “is a very complex problem to solve,” as he said in July on an earnings call, adding that “the production scaling challenge is very substantial.” At the time, he said that Optimus production would start “soon.” Much still has to be done to produce a robot Tesla can sell. The robots coming off its Fremont, Calif., factory line—known as Optimus V3—are not the exact version the company plans to sell to customers, the people said. The company is still fine tuning that version, which will have to meet stricter durability and reliability thresholds before Tesla offers it commercially. The V3 is lighter, equipped with more cameras and designed to look more human than earlier versions of the robot, two people familiar with the design said. Most of the robots now being made are being used internally for testing, training and data collection, including at Tesla’s offices in Palo Alto, Calif. At its factories, Tesla uses the robots in tightly controlled areas where their movements and tasks can be closely supervised, according to one of the people. In these settings, the robots are programmed for specific tasks rather than operating as generalized or remotely controlled machines, the person said. The company plans to gradually expand the robots’ operating areas as their performance becomes more reliable over time, they said. Tesla plans to lease the robots initially to outside commercial customers rather than sell them, allowing the company to retrieve, upgrade or refurbish the machines after the lease period, one person said. The company also plans to use data collected by the robot in customers’ factories and warehouses to improve its AI system, they said. Tesla has drawn up a short list of companies whose operations might make them suitable customers for the robots, typically businesses that have factory or warehouse setups similar to Tesla’s facilities, which would make it easier for the robots to adapt to their new environments. Tesla did not respond to a request for comment. Cars to Robots In early May, Tesla shut down the Fremont production lines for its Model S and Model X vehicles after the company discontinued the vehicles and began moving some of its factory workers and engineers onto the test line for Optimus, another person familiar with the work said. It also moved dozens of engineers from its Model Y line to help, they said. But as production ramped up, problems began to emerge. At several stations on the production line, including the ones that assemble the robot’s hands and joints and those that install software and test its electronics, the equipment that holds parts in place can’t line them up precisely every time. Not only are the Optimus production lines new, but the Optimus parts are much smaller and have to fit together far more precisely than car parts. The end result is that more robots coming off the line need fixing, the people said. Moreover, some newly developed tooling and automated equipment doesn’t always work properly when the line runs fast, one of the people said. One of the most difficult aspects of production has been building Optimus’ hands so they can be manufactured at scale. Musk has said the hands will have the same dexterity as a human’s. The hand and forearm have more than 100 screws and other small components that currently require a worker to assemble manually, one of the people said. It’s also proving difficult to make the hand durable enough for sustained use. Some of its touch sensors have had reliability problems, one of the people said. Tesla has developed a “sensing glove” containing the hand’s touch sensors that can be replaced without requiring replacement of the entire hand, and it plans to incorporate that system into the model next year, the person said. The complexity of the hand design has also contributed to delays and higher costs for the newest version of the robot, according to people familiar with the program. Musk has said Tesla plans to eventually sell Optimus to the public at a price point between $20,000 and $30,000. Tesla is continuing to tweak the design in parallel with construction of the production lines to make sure the product can be built at scale, two people said. Musk has acknowledged the challenges. In July, on an earnings call, he said Optimus will be the hardest Tesla product to scale because the company has had to build much of its supply chain from scratch. Commercial humanoid robotics is a developing industry that does not yet have an established network of suppliers. While Tesla is developing much of the technology in-house, the company is relying on outside suppliers for some components, primarily motors and the precision gears that move the robot’s joints. Much of that work is done in China. Many of the parts that go into humanoid robots are made there, including the motors and sensors, the parts that move the robots’ joints. Some U.S. robotics startups are so dependent on China that they have enlisted people to carry parts from the country to the U.S. in their luggage, The Information reported . Tesla is testing and verifying new suppliers while pushing some to build factories outside China, and it’s offering bigger orders to those that do, the person said. But while some suppliers can produce components successfully in prototypes or small batches, they have struggled to maintain quality and consistency at higher volumes, according to a person familiar with the program. Basic Tasks Another hurdle: The robot’s AI is also not yet capable of reliably handling a wide range of tasks, according to three people familiar with the system. For now, the robot relies heavily on being trained and programmed for specific tasks, the people said. When faced with a task or situation it has not been trained for, its performance can be unpredictable. Tesla is trying to make Optimus adaptable to new environments by teaching it a library of basic movements that can be combined for different tasks, rather than training it from scratch for every job, according to multiple people familiar with the training. But the robots can still take several days to learn even basic tasks. Training a robot’s AI requires an enormous amount of data. For several years, Tesla’s team of data collection operators has been collecting data through remotely operating the robot. Workers wear suits designed to track minute movements, or they record video of colleagues performing tasks such as folding a T-shirt, wiping a table or sorting batteries, to teach Optimus how to perform those tasks. Tesla currently has more than 500,000 hours of training data and aims to double that amount by the end of the year, one person familiar with the efforts said. With that in mind, Tesla has steadily expanded the number of personnel devoted to data collection. In January, the company told workers at its factories in Texas and California it wanted some of them to wear data collection suits that would record their movements to teach the robot how to perform tasks on the factory floor, according to a recording of the meeting. But production workers knew the robots were designed to eventually replace them. Some complained. Tesla began hiring dedicated data collectors to perform tasks on the floor and setting up cameras around the factory to collect data, three people familiar with the work said. It has conducted much of the data collection work in areas separate from active production lines, two of the people said. The workers perform tasks such as sorting parts while the cameras on their helmets and other cameras stationed in the factory record their movements, the people said. In the spring, meanwhile, a large portion of Tesla’s data annotation team working on self-driving software shifted to Optimus work, one person said. Then, over the summer, Tesla began establishing training hubs across the country, including in Colorado, Arizona and Florida. The teams consist of dozens of data collectors who use helmets equipped with cameras and heavy backpacks connected to computers to capture their movements and generate first-person visual data, sometimes with haptic gloves, which track hand movements, five people with knowledge of the work said. The company’s goal is to eventually create a feedback loop in which robots deployed in the real world generate data Tesla can use to improve the software. It can then push those improvements back to the fleet, similar to how the company has trained its driver assist software using millions of customer vehicles, three people said.",full,,rss_full_content,,https://www.theinformation.com/articles/teslas-optimus-hits-snags-hands-suppliers-scale-up-begins,the information,综合科技,科技金融,2026-09-26T00:30:34+00:00,AI与智能科技 > 具身智能 > 硬件和控制,AI与智能科技,硬件和控制,"[{""path"":[""AI与智能科技"",""具身智能"",""硬件和控制""],""path_text"":""AI与智能科技 > 具身智能 > 硬件和控制"",""confidence"":0.92,""reason"":""核心事件是特斯拉人形机器人Optimus的量产制造瓶颈，涉及灵巧手和供应链，属具身智能硬件与量产。""}]",classified,2026-09-26T00:51:42.960663+00:00,glm-5.2,2026-09-10,
Startup Founded by ex-Tesla Dojo Leaders Nears $10 Billion Valuation,2026-09-25,"DensityAI, an AI chip startup founded just a year ago by former leaders of Tesla’s Dojo supercomputer program, is in advanced talks to raise hundreds of millions of dollars in a round that would value it at $10 billion, according to two people with knowledge of the discussions. The valuation is high for a company whose chips appear to be early in their development, meaning they could be years away from mass production. But the company’s leaders have told potential investors they’ve secured an agreement in which Amazon Web Services would purchase eventual chips from DensityAI if they meet certain performance requirements, the people said. Andreessen Horowitz has been in talks to lead the round, the company’s leaders have said, according to one of the people. The funding talks highlight investor interest in startups whose products aim to satisfy voracious demand for compute, even if the chips are far from ready. Four-year-old Etched, which is also designing a specialized chip for AI, raised $700 million in August at a $21 billion valuation in a round led by Jane Street. Etched began shipping its chips over the summer, the company has said. And Andreessen Horowitz last month raised $1.1 billion for a fund to back companies building chips, memory and other physical components of AI. DensityAI’s last valuation couldn’t be learned. It previously raised an undisclosed amount of money from Dolby Family Ventures, South Park Commons, Firestreak Ventures and other investors, including Gradient Ventures. Spokespeople from Amazon and Andreessen Horowitz declined to comment. A representative from DensityAI  didn’t respond to a request for comment. The startup was founded a year ago by Ganesh Venkataramanan, the former head of Tesla’s Dojo team; former Dojo chief system engineer Bill Chang; and former Dojo AI Infrastructure team lead Ben Floering. Tesla originally hoped that its Dojo supercomputer would help to run the AI software behind Tesla’s self-driving vehicles, but Musk’s electric car company temporarily disbanded the group last summer. DensityAI has told potential investors it’s taking a unique approach to arranging memory in its chips to make them faster and more energy-efficient for running AI, one of the people with knowledge of the fundraise said. It’s aiming to use 3D dynamic random-access memory stacking, an emerging approach that stacks memory cells or dies directly on top of the part of the chip that performs the calculations rather than next to it, one of the people said. This arrangement reduces the distance that data need to travel during inference. Chip startup d-Matrix also uses this 3D DRAM stacking in its second-generation chip and plans to improve upon it in future generations. That startup, which has been selling its chips to customers, last raised $275 million at an approximately $2 billion valuation but is in talks to fundraise again, The Information has reported. Nvidia is also exploring new memory technologies, in part via a $500 billion collaboration with memory maker SK Hynix. There are major downsides to 3D DRAM stacking. Most notably, stacking extremely temperature-sensitive DRAM on top of ultra-hot compute is very difficult to accomplish, because the fragile layers could then warp or break. If DensityAI is able to work around this issue, its approach could help AI developers make running their models cheaper and faster. Amazon has developed custom AI chips including Trainium, which aim to be more cost-effective for running and training AI models than Nvidia’s GPUs. But the cloud giant has also signed deals with multiple hardware startups to complement its in-house silicon efforts. In February, the cloud provider signed a deal with Astera Labs to purchase its specialized semiconductor-connectivity hardware for its Trainium chips. In March, Amazon and chip designer Cerebras signed a deal for the two companies to connect their server chips to each other to run different parts of AI inference across the hardware, an approach known as disaggregated inference. It’s not clear whether that has happened yet.",full,,rss_full_content,,https://www.theinformation.com/articles/startup-founded-ex-tesla-dojo-leaders-nears-10-billion-valuation,the information,综合科技,科技金融,2026-09-26T00:30:36+00:00,AI与智能科技 > AI硬件层 > 芯片,AI与智能科技,芯片,"[{""path"":[""AI与智能科技"",""AI硬件层"",""芯片""],""path_text"":""AI与智能科技 > AI硬件层 > 芯片"",""confidence"":0.92,""reason"":""核心事件是AI芯片创业公司融资及与AWS的芯片采购意向，直接属于AI芯片领域。""}]",classified,2026-09-26T00:51:48.729220+00:00,glm-5.2,2026-09-10,
Why Meta’s Moment in the AI Sun Won’t Last,2026-09-25,"If Meta Platforms wants to raise money by selling equity, now is the time. Meta shares have gone on an incredible run lately, jumping 27% since Sept. 8, when the company released its Muse personal AI agent. Meta stock is now up 18% so far this year, a bigger gain than that for Alphabet, Amazon or Microsoft—quite the turnaround for a company that not too long ago was in Wall Street’s doghouse for its seemingly out-of-control AI spending. It’s no secret why investors have fallen back in love with Meta—the company has done a good job of marketing Muse, prompting lots of glowing reviews and headlines about app downloads. Wednesday’s Connect conference, where Meta CEO Mark Zuckerberg unveiled new virtual reality and AI hardware—including a device called Charm designed around Muse—appears to have reinforced the positive sentiment. But let’s not overinterpret the current state of play. In AI, no one stays on top for very long. Remember how OpenAI’s launch of ChatGPT put Google on the back foot, sparking lots of chest-thumping about the bleak future for the tech giant—until Google’s Gemini eventually caught up? Starting around November of last year , Gemini was the hot new model. But Google’s moment in the AI sun didn’t last. With Gemini appearing to lag behind, some now say Google isn’t even in the frontier AI race! Meta has ridden the same roller coaster. Back in late 2023, when Meta released its Llama 2 model, it got such a positive reception that some saw it as taking market share from OpenAI’s GPT models. Reaction to Llama 3 in early 2024 was also upbeat. But Meta’s reputation fell into the toilet in 2025 after the company ran into problems with Llama 4. The current burst of enthusiasm for Meta is a bit nuts. A headline on Bloomberg Opinion on Thursday suggested that the new Charm device “ could be Meta’s iPod moment .” Huh? The iPod was a revolutionary device for listening to music, filling a need everyone had. The Charm offers another way for people to interact with an agent, in addition to their phone and Meta’s AI glasses. Who needs a separate device just to talk to Muse? Chances are Charm will quickly be nicknamed Charmless. Whether Muse’s popularity is enduring is also a big question. We reported earlier this week that more than 500,000 people had tried out Muse a week after launch, which is an encouraging number. But how many of those will still be using it in a month or six months’ time? We have good reason to be skeptical about Muse’s prospects over the long term, given the widespread antipathy consumers are expressing toward AI. And even assuming Muse remains popular, will it make or lose money for Meta? Don’t forget the agent is free to use within certain limits. A report by Rosenblatt Securities on Thursday suggested that for Muse to be profitable, either computing costs would need “to drop substantially” or an average user would have to spend more than $1,000 a month buying stuff through Muse, “well above current e-commerce averages or spending on Amazon.” (Meta plans to take a cut of transactions done through Muse). All that means Meta’s current stock rally won’t last. If Zuckerberg is smart, he’ll get Meta to sell a few billion dollars’ worth of stock, raising much-needed cash for its costly AI expansion. Jensen Huang’s Memory Nvidia CEO Jensen Huang is never out of the news, but he got attention in the past day or so for his claim, in an interview with the New York Times’ Ezra Klein , that he doesn’t know his own address. When Klein expressed doubt, Huang doubled down, saying, “It’s completely true” and insisting that a “few years ago” he had to pump gas and didn’t know his own ZIP code. He also doesn’t know his phone number, he claimed. The Nvidia CEO said, “I forget these things.” (Maybe he has early-onset Alzheimer’s—joke!!!) Huang cites knowing your home address as an example of basic skills people don’t really need in an era of AI. (He puts basic math skills in the same boat). It’s a bit hard for an ordinary being to understand how anyone can go through life not knowing where they live. Sure, a CEO like Huang, who is constantly traveling, likely has people who drive him everywhere and handle his every need. But still, is he really that disconnected from ordinary life? In Other News • Chris Malone, OpenAI’s former head of data centers, joined Nvidia as vice president of its DSX platform this month, according to his LinkedIn profile. DSX is the division that helps customers design and build AI data centers according to Nvidia’s specifications. • Oracle, which is set to lease a New Mexico data center on behalf of OpenAI, sent a notice to the developer asserting its contractual rights to withhold payments if project delays persist, according to Bloomberg . • New York has sued Polymarket for allegedly running an illegal gambling operation, expanding the state’s fight against prediction markets after it earlier sued rival startup Kalshi and others. • Merchants that sell on Amazon can now use Amazon’s software tools to manage their inventory at rival retailers, including Walmart, Shopify, eBay and TikTok, Amazon announced Thursday at its annual conference for sellers. Merchants will be able to update their product listings and track orders for all retailers from their Amazon Sellers Central dashboard. • Databricks is acquiring Row Zero, a five-year-old Microsoft Excel competitor that sells spreadsheet software that’s designed for analyzing massive amounts of data. Today on The Information’s TITV Check out today’s episode of TITV in which we speak with the CEO of Replit about his view on AI safety regulation at our AI Agenda Live conference. Recommended Newsletter Start your day with Applied AI , the newsletter from The Information that uncovers how leading businesses are leveraging AI to automate tasks across the board. Subscribe now for free to get it delivered straight to your inbox twice a week. New From Our Reporters Exclusive Anthropic Seeks Palantir-Style Voting Control for Seven Co-Founders Ahead of IPO By Cory Weinberg, Valida Pau and Julia Hornstein Exclusive One of Tether’s Bank Partners Caught Up in Assets Seizure By Yueqi Yang and Michael Roddan Exclusive Google, OpenAI and Anthropic AI Safety Group Takes Shape By Leo Schwartz and Stephanie Palazzolo Dealmaker Jev Fervor Leads to Talk of Big Valuation Boost By Stephanie Palazzolo, Cory Weinberg and Valida Pau The Information Finance Are GPU Loans Safe From Rising Rates? By Meredith Mazzilli Exclusive DeepSeek’s Annualized Revenue Hits $1 Billion as Startup Finalizes $7.5 Billion Fundraising By Juro Osawa and Qianer Liu AI Summit Open Source, Model Price Cuts Keep AI Costs Under Control By The Information Staff Exclusive Google Nears Release of Flagship Gemini 4 AI Model By Laura Bratton Upcoming Events Thursday, October 8 — AI’s Power Challenge: Building the Infrastructure for the Next Generation of AI Can the grid keep pace with AI? Steve LeVine moderates a live conversation with Delta Electronics' William Mao and Eaton's Allan Schurr on scaling data centers for the AI era. Register now. More details Tuesday, October 27 — The Information’s 2026 WTF Summit The Information's WTF Summit returns to Napa Valley, bringing together the women shaping tech, media and finance. Confirmed speakers include Whitney Wolfe Herd (Bumble), Anne Wojcicki (23andMe Research Institute), Kim Posnett (Goldman Sachs) and comedian & entrepreneur Whitney Cummings, with more to come. Expect candid conversations and a room built for meaningful exchange. Tickets are selling fast, with the next price increase coming soon. More details",full,,rss_full_content,,https://www.theinformation.com/newsletters/the-briefing/metas-moment-ai-sun-last,the information,综合科技,科技金融,2026-09-26T00:30:37+00:00,未分类,,,[],unclassified,2026-09-26T00:51:48.729220+00:00,glm-5.2,2026-09-10,
Anthropic Seeks Palantir-Style Voting Control for Seven Co-Founders Ahead of IPO,2026-09-25,"Anthropic is asking shareholders to approve a new corporate structure that would award CEO Dario Amodei and his six cofounders a special class of shares giving them collective voting control in most corporate matters, according to people familiar with the planning. The new arrangement, which emulates a founder-control structure at Palantir, would grant the co-founders a combined 50.1% of voting power, as long as three of the seven co-founders retain a minimum number of shares in the company, one of the people said. It would mark a major change in Anthropic’s already unusual governance structure, strengthening the clout of a group of founders who own relatively small stakes against the prospect of pressure from outside shareholders once it goes public. One significant exception to the founders’ control is the election of the members of Anthropic’s board of directors, which has seven seats, one of which is currently vacant. The power to appoint a majority of the board rests with Anthropic’s Long-Term Benefit Trust, a group of non-shareholders who include former Federal Reserve chair Ben Bernanke and advises the company on safety and social issues. Under the proposed new structure, the trust would retain that power. The founders currently can appoint two board members. However, that would be expanded to three board members under the new corporate structure. The company is asking shareholders to approve the proposed plan in the coming days. Anthropic is also planning to give employees a special class of stock that would serve as tie-breaker votes on some corporate issues, two of the people said. It has been common for tech founders to get supervoting shares in their companies ahead of IPOs, a phenomenon that has given Mark Zuckerberg sway over Meta Platforms and Elon Musk control at SpaceX. But the collective control approach Anthropic is pursuing is unusual. At Palantir, which uses a similar structure, three of its founders—Peter Thiel, Alex Karp, and Stephen Cohen—control a unique class of stock that they hold through an entity called the Founder Voting Trust. That gives them collectively up to 49.999999% of the company’s voting power, provided their combined ownership remains above a minimum number of shares. Anthropic, valued at $965 billion in a funding round in May, is expected to seek a valuation of at least $1.5 trillion in its eagerly awaited IPO , The Information has reported. The listing, which many investors were expecting to come as early as this month, is now looking more likely to happen in late October or November. The Information reported last month that Anthropic was preparing to give the co-founders a class of stock with extra voting power, but the precise structure wasn’t clear at the time. The new class of shares that founders would get under the proposed structure doesn’t carry any additional economic interest in the company. But the structure could enable the founders to maintain control despite their relatively small equity stakes, while also making good on their pledge to give away 80% of their wealth. Amodei owns only about 2% of Anthropic, The Information previously reported, although that could change if new shares are issued. That would be one of the smallest ownership stakes for any founder-CEO of a startup going public. The other co-founders—who include his sister, Daniela Amodei, who is Anthropic’s president—own similarly sized stakes. Anthropic’s founders would own the stock through a separate limited liability company, one of the people said. The AI model maker is set up as a public benefit corporation, one element of its unusual governance, which means its leaders can pursue societal goals in addition to trying to make money for shareholders. Its IPO, expected in the next month or so, would make it by far the most valuable such company in the U.S. stock market. Anthropic’s co-founders all previously worked closely together at rival OpenAI , leaving in late 2020 and launching the new company the next year with Dario and Daniela Amodei at the helm. The siblings are the only members of the group with seats on Anthropic’s board of directors. The other co-founders are: Tom Brown, who is Anthropic’s chief compute officer; Jack Clark, its head of public benefit; Jared Kaplan, chief science officer; Sam McCandlish, chief architect; and Chris Olah, who leads interpretability research.",full,,rss_full_content,,https://www.theinformation.com/articles/anthropic-seeks-palantir-style-voting-control-seven-co-founders-ahead-ipo,the information,综合科技,科技金融,2026-09-26T00:30:39+00:00,未分类,,,[],unclassified,2026-09-26T00:51:48.729220+00:00,glm-5.2,2026-09-10,
"Businesses Still Don’t See AI Returns, Consulting Exec Says",2026-09-25,"Here’s something worth paying attention to. According to consulting firm EY, businesses are still not seeing substantial revenue gains or cost reductions from using AI. “I haven‘t met any clients that say I wanna slow down my spend on AI. But I have seen a bunch of clients say, ‘I don’t know where my ROI is today,’” said EY executive Dan Diasio in a conversation with Jessica Lessin during The Information’s AI Agenda Live Summit . That’s a striking statement, echoing a complaint from businesses about AI that goes back a year or two. And it highlights why so many software and AI companies are offering discounts and freebies to persuade businesses to use AI tools. What’s made businesses conscious of the returns they’re seeing from AI is usage-based pricing, which Anthropic and other providers began to adopt more widely over the past year. That pricing approach has translated to much higher bills . Companies began to both use the tools more carefully and use open source models more, as we’ve reported . Even so, Diasio said that spending on AI now is still “based on enthusiasm as opposed to that evidence.” Noting EY does a lot of CEO surveys, he said only one in 10 of companies can “actually show where the ROI is happening” in their income statements. He added that “everybody without a doubt would say that AI is significantly increasing the [organization's] productivity.” But from a CFO’s point of view, “productivity needs to translate into one of two things…Are we making more revenue? Or are we taking costs out of the organization?” Some companies, such as Block and Cloudflare, have cited AI as a reason to do major layoffs.  Block executive Owen Jennings said that as a result of AI investment, the company’s gross profit has seen a “meaningful acceleration” because it’s able to deliver products to customers without the same level of spending on employing humans. Echoing comments from Snowflake’s CIO about his own company’s layoffs , Jennings suggested Block used the staff cuts as a “forcing function” to get employees to be more productive using AI tools. “I don't think you can actually get the change without such a massive forcing function,” Jennings told my colleague Amir Efrati on stage. (This kind of rhetoric from corporate America is likely part of the reason why AI seems to be widely disliked by US voters and workers.) Chris Taylor, the CEO of Ode with Anthropic, a joint venture Anthropic formed with Blackstone and other Wall Street firms to help businesses adopt its AI, supported the idea that ROI takes a while to prove. He said on stage that Ode’s clients are just beginning to see returns in their spending on AI, because he said income statements are a lagging indicator of those returns. “It takes a long time for [an AI project] to make its way into production, for it to have the impact, and then for that impact to show up over some period of time in P&L level metrics,” Taylor told my colleague Cory Weinberg at the summit. Clarification: Diasio, citing CEO surveys done by EY, said only one in 10 of companies can “actually show where the ROI is happening” in their income statements. An earlier version misstated Diasio’s comment. Why Atlassian Isn’t Afraid of Competing With OpenAI and Anthropic While some software firms have put up toll gates around their customers’ data, Atlassian has taken the opposite approach. Atlassian, which sells software that lets developers and other teams collaborate on work, in February launched a feature that lets customers use external AI chatbots and coding agents from OpenAI, Anthropic and other providers to access data stored on Atlassian such as work records and transcripts. Tamar Yehoshua, chief product and AI officer at Atlassian, said there was some debate internally about whether to launch the feature. But it turned out to be the right call, as it has increased customers’ usage of Atlassian’s products, she said onstage at The Information’s AI Agenda Live Summit . What underlined Yehoshua’s confidence in launching the feature was skepticism that the big AI labs would eat traditional software firms’ lunch, despite widespread concerns elsewhere in the industry. “There‘s a tendency with technology shifts to believe that the people providing the foundation are just gonna go up the stack because they have nowhere else to go, and that they will take over everything,” Yehoshua said on stage. “And it’s just never happened...and I have a lot of conviction [that it] just isn't gonna happen.” Yehoshua, who previously spent more than eight years as an executive at Google, noted that people used to worry that Google would build on its search market dominance to take over the entire consumer application market, which didn’t come to pass, she said.",full,,rss_full_content,,https://www.theinformation.com/newsletters/applied-ai/businesses-still-see-ai-returns-consulting-exec-says,the information,综合科技,科技金融,2026-09-26T00:30:41+00:00,未分类,,,[],unclassified,2026-09-26T00:51:48.729220+00:00,glm-5.2,2026-09-10,
Jev Fervor Leads to Talk of Big Valuation Boost,2026-09-25,"Silicon Valley has a new AI startup to obsess over—and throw money at. We’re hearing that TypeSafe AI, the startup developing a new kind of model called Jev, has started to talk to investors about raising an enormous round—$1 billion or even more—and that some unnamed investors have offered to put money in at a valuation of $10 billion or more. All this for a startup that said only last week it had raised $40 million, at a valuation, according to PitchBook, of $200 million. Talks are early and a lot could change over the next few days and weeks. But the buzz is palpable: on Wednesday at our AI Agenda Live conference in San Francisco, at least two speakers brought Jev up, with pretty glowing terms. “Incredibly fast,” remarked Nvidia’s senior director of high performance computing, Dion Harris, while noting the model’s limitations. This buzz may be driving up its compute costs, making it more amenable to another round—a scenario that just played out with the startup behind Instinct . If TypeSafe succeeds in raising the funds at such a high valuation, it would demonstrate that investors are still eager to back startups taking on the cost-intensive process of training new AI models, even after a proliferation of such neolabs—many started by Google DeepMind and OpenAI alumni—in the past two years. The startup, co-founded two years ago by an ex-OpenAI researcher, designed Jev to produce outputs of numerical responses and probability estimates. Those estimates indicate how confident the model is in its response as opposed to generating text one word at a time in written out sentences, like OpenAI and Anthropic models do. Venture investors are excited because the model seems purpose-built for interacting with computer agents—rather than interacting with humans, as current foundation models are. Jev’s creators maintain its design makes the model significantly cheaper and faster than traditional large language models. TypeSafe says, in some cases, its model can be nearly 200 times faster than leading frontier models, while costing just one-four-hundredth of the price. A spokesperson for the firm declined to comment. Some users have said that they’re only using Jev for very specific applications, such as classifying emails, monitoring agents or model routing. Jev is “so much cheaper and so much faster,” though it’s not as accurate as some leading LLMs, said Tamar Yehoshua, chief product and AI officer at productivity software provider Atlassian, at the conference on Wednesday. She said the company has been testing it for tasks where it needs some kind of classification, rather than a block of text. “We see a ton of use cases where, it’s not only where we’re using an LLM, but also for places we’re not using an LLM because it wasn’t cost-effective and it was too slow.” TypeSafe was cofounded by former OpenAI researcher Diogo Almeida, former Meta research engineer Sasha Sheng and entrepreneur Erik Gafni. DCVC led the seed funding. TypeSafe is part of a group of startups that have emerged with alternative architectures to the one underlying today’s large language models. That group also includes Core Automation , a startup founded by a former OpenAI senior researcher Jerry Tworek earlier this year that wants to build models that continue learning after they’re trained, and Inception, which is building a language-generating model that takes inspiration from AI that creates images. Companies like Core Automation have had no trouble raising money: the startup, founded in January, has already raised $630 million in funding, most recently at a $3.5 billion valuation, including the investment, according to a person with knowledge of the figures. At the conference Wednesday, Tworek said he made the decision to launch his own startup based in part on his assessment that he’d be able to get more compute to fund his experimental research on his own than at a larger company. Still, if an investor or larger AI company were to see Core Automation’s work and say, “Oh Jerry, what you are doing is really great now, and now I want to fund it with all the GPUs in the world,” Tworek said he’d consider a deal, as long as they have shared values. — Julia Hornstein contributed to this report. (Updates with details on researchers and past funding.) Today on TITV Check out today's episode of TITV in which we speak with the CEO of Replit about his view on AI safety regulation at our AI Agenda Live conference. New From Our Reporters AI Summit Open Source, Model Price Cuts Keep AI Costs Under Control By The Information Staff Exclusive DeepSeek’s Annualized Revenue Hits $1 Billion as Startup Finalizes $7.5 Billion Fundraising By Juro Osawa and Qianer Liu Jane Street-Linked Data Center Debt Sours By Dakin Campbell Recommended Newsletter Every weekday, The Briefing helps executives get smarter about the latest in tech, media and finance. Subscribe for free now . Upcoming Events Thursday, October 8 — AI’s Power Challenge: Building the Infrastructure for the Next Generation of AI Can the grid keep pace with AI? Steve LeVine moderates a live conversation with Delta Electronics' William Mao and Eaton's Allan Schurr on scaling data centers for the AI era. Register now. More details Tuesday, October 27 — The Information’s 2026 WTF Summit The Information's WTF Summit returns to Napa Valley, bringing together the women shaping tech, media and finance. Confirmed speakers include Whitney Wolfe Herd (Bumble), Anne Wojcicki (23andMe Research Institute), Kim Posnett (Goldman Sachs) and comedian & entrepreneur Whitney Cummings, with more to come. Expect candid conversations and a room built for meaningful exchange. Tickets are selling fast, with the next price increase coming soon. More details",full,,rss_full_content,,https://www.theinformation.com/newsletters/dealmaker/jev-fervor-leads-talk-big-valuation-boost,the information,综合科技,科技金融,2026-09-26T00:30:43+00:00,未分类,,,[],unclassified,2026-09-26T00:51:48.729220+00:00,glm-5.2,2026-09-10,
One of Tether’s Bank Partners Caught Up in Assets Seizure,2026-09-25,"On the surface, Tether, the largest stablecoin issuer in the world, might appear to be a formidable force in global finance. It owns more than $100 billion in U.S. Treasury bills, mostly held at Cantor Fitzgerald, the investment bank formerly led by U.S. Secretary of Commerce Howard Lutnick. But a U.S. government seizure of bank accounts held in the name of an obscure company based in Sacramento, Calif., in recent weeks shows how Tether still relies on a web of sometimes unstable intermediaries to facilitate transactions, thanks to challenges it has faced opening accounts directly at major U.S. banks. And that has exposed Tether to problems at those intermediaries. One of them is EQIBank, a Caribbean-based bank that Tether used to process wire transfers from clients for buying and selling tether stablecoins, according to people familiar with the matter. But EQIBank, as a foreign bank, needed to rely on a payment provider in the U.S. to connect to the U.S. banking system. So it used another company, Sacramento-based Capstone Limited, to hold funds and move customer cash. Capstone held EQIBank’s money in accounts at top-tier banks including Wells Fargo and JPMorgan Chase, according to court filings. It was those accounts—holding about $90 million—that the Justice Department seized in July, according to a complaint filed in the U.S. District Court for the Eastern District of California by attorneys for the U.S. government. According to court filings, Capstone told the U.S. banks it was an information technology business, while it was actually using the accounts with the banks to move millions of dollars on behalf of a bank and a stablecoin firm. People familiar with the matter identified the bank as EQIBank and the stablecoin firm as Tether. EQIBank has sued to recover the assets seized by the government. In court filings, it said they represent 80% of its assets, and the seizure has left the bank facing the risk of collapse. EQIBank also said it is an innocent owner of the seized funds. “EQIBank is not a rogue bank that was openly transacting in drug cartel money or funds held by U.S.-sanctioned individuals,” the bank said in a filing. The bank said in a June court filing that the U.S. government has indicated that EQIBank is not a target of the investigation, nor has the government indicated that any of the bank’s depositors are a target or subject of the investigation. In a written statement, Tether confirmed that the company is a customer of EQIBank. “Tether had no knowledge of the conduct by Capstone alleged by the Department of Justice,” the spokesperson said. “Tether’s assets held at [EQIBank] are limited and represent less than 0.034% of the assets of the group.” That would amount to about $64 million, based on Tether’s total assets of $187.8 billion reported as of June 30. Tether would have more than enough money to cover any shortfall, as it reported excess assets of $4.1 billion over the amount of Tether tokens it issued, as of the end of June. A lawyer representing Capstone said the company denied any wrongdoing and planned to challenge the government’s seizure. “Capstone has cooperated with the government’s investigation and hopes to resolve this matter quickly,” said Brian Klein, partner at Cooley LLP. Capstone’s Story EQIBank turned to Capstone in 2024 to get access to the U.S. banking system. Capstone told EQIBank the company had accounts with major U.S. banks and could help move money for the bank’s customers, according to court filings. Capstone presented itself to EQIBank as a “properly registered” money services business that maintained banking relationships with multiple banks, according to court filings. Capstone had registered with the regulatory agency the Financial Crimes Enforcement Network as a money services business. But Capstone didn’t tell the banks it was a money services business. Capstone obtained access to the U.S. financial system by “repeatedly misrepresenting itself,” including answering “no” when asked by banks if was handling funds on behalf of others and if “virtual currency” would be a high risk attribute applicable for the firm, the U.S. alleged in a court filing. By failing to disclose it operated as a money transmitter business, Capstone avoided additional scrutiny applied to money transmitters, the U.S. alleged in a court filing. The U.S. also alleged that Capstone moved money it knew to be derived from fraud. Capstone’s dealings with U.S. banks began to fall apart in May 2025, when Citi found something askew during a regular review of Capstone’s transactions. Citi shut down Capstone’s accounts due to concerns about potential money laundering, court filings allege. Capstone shifted some of its funds and wire transfer activities to Wells Fargo, which last year discovered Capstone’s registration with the FinCEN, according to the court filings. At the same time, JPMorgan discovered that numerous transactions directed to Capstone’s accounts involved victims of suspected impersonation schemes, according to the court filings. Citi declined to comment. Wells Fargo and JPMorgan didn’t have an immediate comment. In one instance, Capstone told JPMorgan a transaction was related to software licensing and related charges, but an executive at Capstone told Miami Beach police that the transaction was related to purchasing tether stablecoins, according to court filings from the U.S. government. In February, the Federal Bureau of Investigations raided the home of Kotaro Shimogori, an entrepreneur running Capstone from Sacramento, alleging that he had used the company’s bank accounts to run a “crypto-for-cash scheme.” Victims of impersonation scams sent money to Capstone bank accounts, and Capstone transferred the equivalent amount of crypto to third parties, the government alleged. Tether has been seeking to expand its banking relationships to protect against these sorts of problems. Last year, it invested in Pave Bank, a commercial bank that holds a banking license from the National Bank of Georgia, in a $39 million funding round led by Accel.",full,,rss_full_content,,https://www.theinformation.com/articles/one-tethers-bank-partners-caught-assets-seizure,the information,综合科技,科技金融,2026-09-26T00:30:45+00:00,未分类,,,[],unclassified,2026-09-26T00:51:48.729220+00:00,glm-5.2,2026-09-10,
The Download: the Pentagon’s AI-powered lie detector and young organ limits,2026-09-25,"The Download: the Pentagon’s AI-powered lie detector and young organ limits
Plus: ChatGPT helped the Tumbler Ridge shooter focus on attack tactics.
This is today's edition of The Download, our weekday newsletter that provides a daily dose of what's going on in the world of technology.
The Pentagon wants $30 million to build an AI-powered lie detector
The US government wants to spend $30.3 million over the next five years on an improved lie detector, according to a Department of Defense budget request.
The program, called “Polygraph+” or “Polygraph Next,” will focus on scoring algorithms that use AI and machine learning, as well as a technique called “standoff sensing,” which can take physiological readings from a person without attaching a device to them.
The project aims to improve the accuracy and reliability of polygraph assessments. But it could just be the latest in a long line of failed attempts to use technology to detect lies.
—Amit Katwala
Young organs may not be a fountain of youth for recipients
Around this time last year, a hot mic caught Vladimir Putin and Xi Jinping discussing the possibility of living forever. “With the developments of biotechnology, human organs can be continuously transplanted, and people can live younger and younger, and even achieve immortality,” Putin reportedly said.
He seemed to be referring to the “replacement” theory of longevity, supported by experiments that involved physically stitching young mice to old ones. Unfortunately for Putin, new research on transplanted hearts pours a little cold water on this idea. But it also offers useful insights for organ transplantation.
Find out what the research reveals about the limits of rejuvenation.
—Jessica Hamzelou
This story is from The Checkup, our weekly biotech newsletter. Sign up to receive it in your inbox every Thursday.
Roundtables: the deadly failures of the virtual border wall
The US has spent billions building a “virtual wall” of surveillance towers along its southern border, promising to detect and apprehend border crossers and save lives. But an MIT Technology Review investigation found more than a thousand people died within the advertised range of the towers without getting caught.
On Monday September 28, our editor-in-chief Mat Honan, senior AI reporter James O’Donnell and senior reporter for features and investigations Eileen Guo will join a subscriber-only conversation about the investigation. They’ll examine the failures of border surveillance technology and uncover the stories of the people who die in the borderlands.
Register now to attend on Monday, September 28 at 7:00pm BST / 2:00pm EDT / 11:00am PDT.
Want to join the conversation? Subscribe to MIT Technology Review for exclusive access to all our Roundtables.
Read the full MIT Technology Review investigation here.
The must-reads
I’ve combed the internet to find you today’s most fun/important/scary/fascinating stories about technology.
1 ChatGPT helped the Tumbler Ridge shooter focus on attack tactics
A new investigation found it also advised on evading safeguards. (Mother Jones)
+ British Columbia is suing OpenAI over its failure to alert police. (BBC)
+ And wants OpenAI to pay for a replacement school. (Ars Technica)
+ Do AI chatbots cause delusions or amplify them? (MIT Technology Review)
2 Ukraine just used drones to drop military robots behind Russian lines
The “world-first” assault sent the devices into enemy territory. (Ars Technica)
+ The robots can attack, scout and clear routes for troops. (Business Insider)
+ Europe has a drone-filled vision for future wars. (MIT Technology Review)
3 Google is about to launch AI chips into space
The satellite will run simple AI queries from orbit. (Reuters $)
+ The project is part of plans to put AI data centers in space. (Gizmodo)
+ Here’s how we could put data centers in space. (MIT Technology Review)
4 A new DNA test can diagnose brain tumors in hours
The technology analyzes a tumor’s DNA to identify its type. (BBC)
5 Tesla’s Semi is finally ready to hit the road
The long-delayed electric truck is reaching customers this week.(Verge)
+ It could be a big deal for electric trucking. (MIT Technology Review)
6 Meta has gained an early lead over OpenAI in the AI device market
The Muse Charm is expected to ship before OpenAI’s hardware. (CNBC)
+ Meta promises to put privacy at the center of the products. (Axios)
7 A mathematician has discovered a rare eight-faced shape
He argues that the strange three-holed object can exist in 3D. (New Scientist $)
8 AI agents are flooding researchers with collaboration requests
Some bots are asking for data, money, and research partnerships. (Nature)
9 Venus may have swallowed its own moon
The planet’s slow rotation could have dragged the moon to its doom. (Wired $)
10 Mark Zuckerberg has finally explained his fashion glow-up
His makeover is intertwined with Meta’s wearables push. (NYT $)
Quote of the day
“They’ve got to inflict an enormous amount of pain and suffering on you so that they can save you. And so I think AI’s kind of like that.”
—Jensen Huang compares AI’s need for fossil fuels to surgery in an interview on The Ezra Klein Show.
One more thing
This scientist rewarmed and studied pieces of his friend’s cryopreserved brain
L. Stephen Coles’s brain sits in a vat at a storage facility in Arizona. It has been held there at a temperature of around −146°C for more than a decade, largely undisturbed. Before he died in 2014, Coles had the brain frozen with an ambitious goal in mind: reanimation.
His friend, cryobiologist Greg Fahy, believes it could be revived one day. But other experts are less optimistic.
Still, Fahy’s research could lead to new ways to study the brain. And using cryopreservation for organ transplantation is becoming a viable reality.
Read the full story to find out what the future holds for the technology.
—Jessica Hamzelou
We can still have nice things
A place for comfort, fun, and distraction to brighten up your day. (Got any ideas? Drop me a line.)
+ A French village recently hosted its annual pig-squealing championship.
+ Things get deliciously unattractive at the Iowa State Fair’s annual ugliest cake contest.
+ Greater Victoria is home to more than 1,000 Little Free Libraries, each with its own personality.
+ A study found that seeing someone dressed as Batman nearly doubled the rate of people giving up their seat to a pregnant woman.
Deep Dive
The Download
The Download: why AI’s latest breakthroughs and fears may be more hype than reality
Plus: 22 nations have called for a new global body to oversee AI.
The Download: AI’s self-improvement problem, and what’s driving the heat
Plus: OpenAI has paused some model work over safety concerns.
The Download: Google’s AI shake-up and Meta’s rogue model
Plus: Meta has become the latest firm to say its AI hacked another company.
The Download: the next big thing in LLMs and how AI academic research is shifting
Plus: Nvidia has secured $500 billion from Wall Street for AI infrastructure.
Stay connected
Get the latest updates from
MIT Technology Review
Discover special offers, top stories, upcoming events, and more.",full,,trafilatura_full_text,,https://www.technologyreview.com/2026/09/25/1145157/the-download-pentagon-ai-lie-detector-young-organ-limits/,MIT Technology Review,综合科技,无,2026-09-26T00:30:52+00:00,未分类,,,[],unclassified,2026-09-26T00:51:55.816546+00:00,glm-5.2,2026-09-10,
The Pentagon wants $30 million to build an AI-powered lie detector,2026-09-25,"EXECUTIVE SUMMARY
The US government wants to spend $30.3 million over the next five years on an improved form of lie detector, according to a
Department of Defense budget request
. The program, called Polygraph+ or Polygraph Next, will focus on scoring algorithms that use artificial intelligence and machine learning and on a technique called “standoff sensing,” which refers to the ability to take physiological readings without attaching a device to a subject’s person.
According to details of the budget document, which were first reported by
Inside Defense
, the project will “modernize federal polygraph and credibility assessment technologies” to improve their accuracy and reliability. But the project may be just the latest in a long line of failed attempts to use technology to detect lies. “It’s a misguided effort to reduce the complex to something that is tangible,” says Kyri Kotsoglou, a legal scholar at Northumbria University in the UK who studies the use of polygraphs in the justice system.
The move comes at a time of high tension within the department. Under Defense Secretary Pete Hegseth, the Pentagon has been increasingly turning to polygraph tests in an attempt to find the sources of alleged leaks to the press. In September, the
New York Times
reported that
around 50 officers
on the Joint Staff had been given polygraph tests after news coverage reported on the depletion of US weapons stockpiles in the war with Iran.
Polygraph+ will be run by the Defense Counterintelligence and Security Agency (DCSA), which conducts background checks for the federal government. According to the budget document, which has not yet been approved by Congress, the new technology will be used for vetting of prospective employees and “insider threat detection.” It is not yet clear which specific technologies will be used, and the DCSA did not respond to a request for more information.
But other Pentagon efforts offer potential clues. In 2023, the department’s Defense Innovation Unit (DIU) ran an open submission process to find companies with products that could be used for deception detection.
It selected
two companies to build prototypes
: Presage Technologies, which claims to be able to measure heart rate and breathing rate using standard cameras, and Altec Research, a medical sensor company now branching out into non-contact sensing technologies. A
screenshot
of Altec’s prototype technology released by the DIU shows that it tracks head movement, facial skin temperature, and pore activity. Presage Technologies and Altec Research did not respond to requests for comment. The DIU declined to comment.
Altec Research has built a prototype that tracks head movement, facial skin temperature, and pore activity.
ALTEC RESEARCH
Current lie detection technology has barely changed since the polygraph was
invented in the 1920s
. Examiners rely on blood pressure, pulse, breathing, and sweat measurements to determine if someone is lying. They make judgments about the veracity of respondents’ replies on the basis of differences in their physiological response to baseline questions like “Is the sky blue?” and target questions like “Have you ever committed a crime?”
The federal government conducts tens of thousands of the tests each year while screening employees, but the reliability of this technology has been repeatedly challenged—and its results are rarely admissible in court. In 1983, Congress’s Office of Technology Assessment
concluded
that there was very limited evidence supporting the polygraph’s use for screening employees, and in
, the US National Research Council (NRC) said evidence for its efficacy was “weak at best.”
Research
suggests humans can spot a lie just over half the time without any technical assistance. The American Polygraph Association
the polygraph is between 80% and 94% accurate. But the 2003 NRC report pointed out that a screening test with this level of accuracy could still lead to a lot of mistakes. The DOD employs 2.8 million people; an imperfect system applied at that scale could end up falsely accusing tens of thousands.
There are other issues too. Polygraph interpretations are often subjective:
Different examiners get wildly different results
, and people from minority groups are more likely to be judged as deceptive. What’s more, with training it’s possible for interviewees to learn a variety of countermeasures that can help beat the test; for example, they may artificially heighten their physiological response to baseline questions by stepping on a pin hidden in their shoe.
“If you know how it works, you can beat it,” says Sophie van der Zee, an associate professor who studies deception at Erasmus University in Rotterdam. She says the machine’s biggest effect is deterrence—often, subjects confess before it even begins. “But that only works if people think a polygraph works,” she points out.
Various new strategies for lie detection have been attempted
over the decades
, with technologies ranging from thermal cameras to pupil trackers to brain scans. None of them have yielded reliable results outside the lab. The problem is that there’s no single telltale sign of lying that’s true for everyone all the time. “There is still no Pinocchio’s nose,” says van der Zee.
AI could theoretically
improve polygraphs
if it could find patterns in the data that examiners can’t. AI algorithms are also more likely to be used for “multi-modal” deception detection, which seeks to combine multiple measurements into an overall deception “score” that is harder for people to game. Three things are happening under the surface that lie detection tries to home in on, van der Zee says: physiological stress, cognitive load, and the conscious efforts people make to conceal the fact that they’re lying. Current polygraph technology tackles only one.
“The more you can have combined methods that approach it from these three different angles, the more successful you will be,” van der Zee says. This isn’t a new concept—in the 2000s, researchers at Manchester Metropolitan University in the UK developed a system called
Silent Talker
that generated a deception score from video footage. This was later folded into iBorderCtrl, an EU-funded pilot program. In the US, a project called AVATAR incorporated eye tracking, voice analysis, and body movement detection into a tool for use at border crossings. All these projects have quietly faded away.
Kotsoglou says combining AI and the polygraph is “the worst of both worlds” because it adds uncertainty on top of invalidity. Even if AI or machine learning can spot previously unseen patterns in physiological data, it won’t be able to reliably link them to lying because there is no real ground truth.
“Even if you have all the records in the world from polygraph tests, you don't know whether those polygraph tests are right or not,” says Marion Oswald, a professor of law who has written with Kotsoglou on the use of polygraphs in the justice system. She fears that new forms of lie detection will, like the polygraph, be used more as a psychological prop than a scientific tool.
“It seems very much a response to the concern of the current administration to leaks and perceived lack of loyalty,” says Oswald. “[Lie detection is] being used as a threat, to intimidate and force people to confess to things, as opposed to anything that's actually getting valid information.”
Deep Dive
Artificial intelligence
A fundamental flaw leaves LLMs strikingly vulnerable to attack
It makes it easy to trick them into doing things they shouldn’t, such as telling you how to sabotage an aircraft’s navigation system.
Will Douglas Heaven
archive page
AI’s recursive self-improvement might not come so quickly after all
AI agents are not yet creative enough to carry out genuinely innovative open-ended AI research, it seems.
Michelle Kim
archive page
Here’s why AI agents lie and cheat to reach their goals
The misbehavior is called reward hacking. This is what you need to know.
Grace Huckins
archive page
These startups are chasing the next big thing in LLMs
Meet the new kids nipping at the heels of the AI giants.
Will Douglas Heaven
archive page
Stay connected
Get the latest updates from
MIT Technology Review
Discover special offers, top stories,
upcoming events, and more.",full,,dom_or_structured_full_text,,https://www.technologyreview.com/2026/09/25/1145144/pentagon-ai-lie-detector/,MIT Technology Review,综合科技,无,2026-09-26T00:30:54+00:00,未分类,,,[],unclassified,2026-09-26T00:51:55.816546+00:00,glm-5.2,2026-09-10,
Young organs may not be a fountain of youth for recipients,2026-09-25,"Young organs may not be a fountain of youth for recipients
New studies pour cold water on a prominent rejuvenation idea.
Around this time last year I was attending an aging conference in Manchester, listening to a talk about fly aging, when my phone started pinging. News outlets were reporting that a hot mic had caught Russia’s and China’s leaders discussing the possibility of living forever.
“With the developments of biotechnology, human organs can be continuously transplanted, and people can live younger and younger, and even achieve immortality,” Russia’s Vladimir Putin reportedly told China’s Xi Jinping.
He seems to have been referring to the “replacement” theory of longevity, which has been supported by multiple experiments that involved physically stitching young mice to old ones. Something about the young blood rejuvenated the old mice. Perhaps young organs could rejuvenate world leaders in their 70s, too.
Unfortunately for Putin, new research pours a little cold water on this idea. Studies on transplanted hearts in both mice and humans suggest that new hearts soon adopt the biological age of the recipient, no matter how young they were to begin with. The finding could be important for transplantation, but it also highlights just how complex aging—and rejuvenation—are.
Jesse Poganik at Brigham and Women’s Hospital in Boston is one of the many scientists trying to understand exactly what it is about the bodies of young mice that rejuvenates old ones. Plenty of research has focused on seeking the secrets of youth in young blood. But what if it’s something about young organs instead?
To find out, he and his colleagues performed a set of heart transplants in mice. In humans, heart transplants typically involve removing a damaged or injured heart and replacing it with another from a donor who is usually much younger than the recipient. (When Poganik assessed hospital records, he found that most recipients were about 20 years older than their donors.)
The mouse transplants were different: Mice received a second heart, implanted in the neck—a procedure that’s slightly simpler and allows scientists to compare the new hearts with the existing ones. In some cases, young adult mice were given a heart from a middle-aged donor. In others, middle-aged mice got young hearts.
The team used a trio of “aging clocks”—molecular tools used to estimate the biological ages of tissues and whole organisms—to assess whether the additional hearts affected the mice in any way. These clocks were good at predicting the chronological age of mice that didn’t get new hearts.
Poganik says he was expecting to see a reciprocal effect, and that young hearts might benefit older animals, for example. In previous work by other members of his team, young mice that got old hearts experienced a buildup of senescent cells in their other organs. These cells are thought to contribute to the aging process, suggesting that receiving an old organ might prematurely age an animal.
But that’s not what he found. When he and his colleagues analyzed the transplanted hearts between four and six months after surgery, they found that the hearts seemed to have adopted the biological age of the recipients. Young hearts got older, and old hearts got younger. “The environment of the transplanted organ really dictates how it seems to behave biologically,” he says. The findings were published online at bioRxiv last week.
The team also looked at each mouse’s blood and other organs—including its original heart—and were surprised to find that they seemed to be unaffected by the presence of the new heart, despite the age of its donor.
The finding was backed up by data from human heart transplants. People who receive a donor heart must typically undergo a series of heart biopsies after surgery. The tiny pieces of heart tissue collected from people who had heart transplants at Brigham and Women’s have been stored for decades. And when Poganik and his colleagues tested their biological ages with the aging clocks, they found a similar pattern: No matter the age of the donor, a new heart quickly adopts the biological age of the person who received it.
It’s not clear why this is, but João Pedro de Magalhães, who studies aging at the University of Birmingham in the UK and was not involved in the study, thinks it might have something to do with the recipient’s immune system. Perhaps immune cells circulating in the blood might affect markers of aging in the new organ, he says.
Perhaps the potential rejuvenating effects of a young heart end up being diluted by all the other aged components of an older body, Poganik suggests. Or maybe a single organ just isn’t enough to see an effect.
Poganik hopes his finding will encourage surgeons to consider using hearts from older donors, many of which are discarded on the assumption they won’t function as well. (Machines used to preserve organs before transplantation are changing that already—and Poganik has worked on another study showing that these devices seem to rejuvenate donor livers to some extent.)
But the study also highlights just how complicated aging is. If organs seem to be getting older by one measure but not by another, how can we get a full picture of the biological age of an organ, or a person?
This complexity means that scientists are not likely to discover a true way to completely reverse aging, says Poganik. “That would mean that every aspect of aging has to go back in time,” he says. Reversing DNA damage, structural damage, and all the other degradations that are part of the aging package, across all our various cells and tissues, presents an enormous challenge.
“There are aspects of biological age that are probably reversible, and there are aspects that are probably not,” he says. Sorry, Putin.
This article first appeared in The Checkup, MIT Technology Review’s weekly biotech newsletter. To receive it in your inbox every Thursday, and read articles like this first, sign up here.
Deep Dive
Biotechnology and health
A startup claims it’s found a drug to make your blood young
Generation Lab claims its drug combo can “stop the spread of aging” around the body. And it’s looking for influencers to give it a try.
Montana’s plan to become an experimental medical hub just pushed forward
The state’s effort to expand the “right to try” is making headway, and the first drugs are about to be reviewed.
This geneticist’s age-reversal tech could help restore sight
Yuancheng (Ryan) Lu is behind one of the buzziest results in rejuvenation science.
Scientists just created female clones of male mice
The sex reversal technique could be used to help rescue endangered species, say the researchers behind the work.
Stay connected
Get the latest updates from
MIT Technology Review
Discover special offers, top stories, upcoming events, and more.",full,,trafilatura_full_text,,https://www.technologyreview.com/2026/09/25/1145083/young-organs-may-not-be-a-fountain-of-youth-for-recipients/,MIT Technology Review,综合科技,无,2026-09-26T00:30:56+00:00,通用技术 > 基础学科 > 医学&生物学,通用技术,医学&生物学,"[{""path"":[""通用技术"",""基础学科"",""医学&生物学""],""path_text"":""通用技术 > 基础学科 > 医学&生物学"",""confidence"":0.9,""reason"":""新闻核心是器官移植与衰老研究的生物学发现。""}]",classified,2026-09-26T00:51:55.816546+00:00,glm-5.2,2026-09-10,
KIT nimmt Hochleistungsrechner HoreKa 2 in Betrieb,2026-09-25,"KIT nimmt Hochleistungsrechner HoreKa 2 in Betrieb
Hinweis zur Verwendung von Bildmaterial: Die Verwendung des Bildmaterials zur Pressemitteilung ist bei Nennung der Quelle vergütungsfrei gestattet. Das Bildmaterial darf nur in Zusammenhang mit dem Inhalt dieser Pressemitteilung verwendet werden. Falls Sie das Bild in höherer Auflösung benötigen oder Rückfragen zur Weiterverwendung haben, wenden Sie sich bitte direkt an die Pressestelle, die es veröffentlicht hat.
Gemeinsame Einweihung des neuen Hochleistungsrechners HoreKa 2Ausführliche Bildunterschrift am Textende
| Quelle:
Cynthia Ruf, KIT
| Copyright:
Cynthia Ruf, KIT
Download
Das Karlsruher Institut für Technologie (KIT) hat den Hochleistungsrechner HoreKa 2 in Betrieb genommen. Das neue System unterstützt Forschende dabei, komplexe wissenschaftliche Fragestellungen etwa zu Klima, neuen Materialien, Teilchenphysik, Energie und Mobilität sowie KI-Forschung schneller zu bearbeiten. Dafür vereint es leistungsstarkes Hochleistungsrechnen und moderne KI-Technologien. Die Gesamtkosten der Anlage belaufen sich auf 17 Millionen Euro.
Den Supercomputer haben Vertreterinnen und Vertreter aus Wissenschaft, Politik und Wirtschaft am KIT-Campus Nord heute, Freitag, 25. September 2026, in einer Feierstunde gemeinsam in Betrieb genommen.
Neue Rechenpower für Forschung und Innovation
Moderne Forschung stellt Fragen, die sich ohne Hochleistungsrechnen nicht mehr beantworten lassen. Ob präzisere Klimamodelle, die Entwicklung neuer Werkstoffe, nachhaltige Technologien oder Anwendungen der nächsten Generation Künstlicher Intelligenz (KI): Für diese Aufgaben müssen große Datenmengen verarbeitet und hochkomplexe Simulationen durchgeführt werden. HoreKa 2 schafft die Voraussetzungen dafür.
Mit mehr als 42 000 Prozessorkernen, 300 KI-Beschleunigern und einer geplanten Spitzenleistung von rund 33 PetaFLOPS ermöglicht HoreKa 2 Berechnungen, die auf herkömmlichen Computersystemen Monate oder Jahre dauern würden. Das KIT stärkt damit seine Forschungsinfrastruktur, aber auch Forschende aus ganz Deutschland können das System nutzen.
„Wer bei Forschung und Innovation vorne bleiben will, braucht auch die beste Rechenleistung. Mit dem neuen Supercomputer HoreKA 2 am KIT bringen wir die nächste Generation des supereffizienten Hochleistungsrechnens an den Start. Das KIT ist als eines von neun bundesweiten Zentren des Nationalen Hochleistungsrechnens (NHR) ein wichtiger Partner und trägt mit seiner Kompetenz zur nationalen und europäischen digitalen Souveränität bei“, sagte Baden-Württembergs Wissenschaftsministerin Petra Olschowski.
„HoreKa 2 stärkt die digitale Leistungsfähigkeit des KIT und verbindet Spitzenforschung mit einem konsequenten Fokus auf Nachhaltigkeit. Damit schaffen wir die Voraussetzungen, um datenintensive Forschung und moderne KI-Anwendungen energieeffizient und nachhaltig zu betreiben“, sagt Professorin Kora Kristof, Vizepräsidentin Digitalisierung und Nachhaltigkeit des KIT.
Hochleistungsrechner für Forschung aller Fachrichtungen
„Von dem neuen System profitieren Forschende aus nahezu allen Fachgebieten“, sagt Professor Martin Frank, Mitglied des Direktoriums des Scientific Computing Center (SCC) des KIT. „Mit dem neuen System verdoppeln wir die Rechenleistung für Simulationen und KI-Anwendungen.“
Neben den Schwerpunkten Erdsystemwissenschaften, Ingenieurwesen, Materialwissenschaften und Teilchenphysik stehen die Rechenkapazitäten auch zahlreichen weiteren Disziplinen zur Verfügung. Die integrierten Grafikprozessoren sind speziell für KI-Anwendungen ausgelegt, die inzwischen in fast allen Bereichen der Wissenschaft zum Einsatz kommen.
Nachhaltiges Hochleistungsrechnen
Bei der Entwicklung und Beschaffung standen Leistungsfähigkeit und Energieeffizienz gleichermaßen im Fokus. HoreKa 2 zählt zu den energieeffizientesten Hochleistungsrechnern seiner Leistungsklasse weltweit. Zur Kühlung nutzt das System Heißwasser, wodurch eine besonders energieeffiziente Betriebsweise und eine ganzjährige freie Rückkühlung möglich sind. Die Stromversorgung am Campus Nord des KIT erfolgt zu 100 Prozent aus erneuerbaren Energien. Zusätzlich leisten die Kraft-Wärme-Kopplungs- und Photovoltaikanlagen einen Beitrag zur nachhaltigen Energieversorgung.
Ausführliche Bildunterschrift:
Gemeinsame Einweihung des neuen Hochleistungsrechners HoreKa 2
(Zu sehen sind (v.l.n.r.): Pascal Friederich, Professor am KIT, Oliver Rootsey, General Manager von Lenovo für Deutschland und Österreich, Kora Kristof, Vizepräsidentin Digitalisierung und Nachhaltigkeit des KIT, Petra Olschowski, Wissenschaftsministerin von Baden-Württemberg und Martin Frank, Direktor des Scientific Computing Center des KIT. (Foto: Cynthia Ruf, KIT)
Im Dialog mit der Gesellschaft entwickelt das KIT Lösungen für große Herausforderungen – von Klimawandel, Energiewende und nachhaltigem Umgang mit natürlichen Ressourcen bis hin zu Künstlicher Intelligenz, technologischer Souveränität und demografischem Wandel. Als Die Universität in der Helmholtz-Gemeinschaft vereint das KIT wissenschaftliche Exzellenz vom Erkenntnisgewinn bis zur Anwendungsorientierung unter einem Dach – und ist damit in einer einzigartigen Position, diese Transformation voranzutreiben. Damit bietet das KIT als Exzellenzuniversität seinen mehr als 10 000 Mitarbeitenden sowie seinen 23 000 Studierenden herausragende Möglichkeiten, eine nachhaltige und resiliente Zukunft zu gestalten. KIT – Science for Impact.
Ähnliche Pressemitteilungen im idw",full,,dom_or_structured_full_text,,https://nachrichten.idw-online.de/2026/09/25/kit-nimmt-hochleistungsrechner-horeka-2-in-betrieb,Informationsdienst Wissenschaft-idw,综合科技,无,2026-09-26T00:31:01+00:00,AI与智能科技 > AI硬件层 > 计算集群,AI与智能科技,计算集群,"[{""path"":[""AI与智能科技"",""AI硬件层"",""计算集群""],""path_text"":""AI与智能科技 > AI硬件层 > 计算集群"",""confidence"":0.92,""reason"":""核心事件是高性能计算与AI融合的超级计算机投运。""}]",classified,2026-09-26T00:51:55.816546+00:00,glm-5.2,2026-09-10,
Hochbau und Bauen im Bestand: Millionenförderung vom Bund für Thüringer Forschungscluster,2026-09-25,"Hochbau und Bauen im Bestand: Millionenförderung vom Bund für Thüringer Forschungscluster
Hinweis zur Verwendung von Bildmaterial: Die Verwendung des Bildmaterials zur Pressemitteilung ist bei Nennung der Quelle vergütungsfrei gestattet. Das Bildmaterial darf nur in Zusammenhang mit dem Inhalt dieser Pressemitteilung verwendet werden. Falls Sie das Bild in höherer Auflösung benötigen oder Rückfragen zur Weiterverwendung haben, wenden Sie sich bitte direkt an die Pressestelle, die es veröffentlicht hat.
Am Freitag, 25. September 2026, überreichte Bundesbauministerin Verena Hubertz den drei Gründungsmitgliedern des Deutschen Forschungszentrums für zukunftsfähiges Bauen (DFZ Bau) in Berlin jeweils eine Millionen Euro Fördermittel.
| Copyright:
Download
Wie lassen sich bestehende Gebäude klimaneutraler, energieeffizienter und resilienter machen? Antworten erforscht das Thüringer Innovationszentrum für nachhaltiges Bauen. Gemeinsam mit der LEG Thüringen werden ab Oktober 2026 neue Bauweisen exemplarisch an Bestandsgebäuden in Erfurt und Gotha erprobt. Dafür erhält das Thüringer Konsortium, bestehend aus Bauhaus-Universität Weimar, Materialforschungs- und Prüfanstalt Weimar und IAB – Institut für Angewandte Bauforschung gemeinsam mit Industriepartnern, rund eine Millionen Euro Fördermittel vom Bund. Es ist das erste Projekt, welches im Rahmen des neu gegründeten Deutschen Forschungszentrums für zukunftsfähiges Bauen (DFZ Bau) umgesetzt wird.
Pro Jahr verursacht der Gebäudesektor in Deutschland rund 100 Millionen Tonnen Treibhausgasemissionen. Dabei ist ein Großteil der Gebäude bereits gebaut. Um Deutschlands Klimaziele bis 2045 zu erreichen, setzt das Bundesministerium für Wohnen, Stadtentwicklung und Bauwesen auf innovative Ansätze aus der Bauforschung. Am Freitag, 25. September 2026, überreichte Bundesbauministerin Verena Hubertz den drei Gründungsmitgliedern des Deutschen Forschungszentrums für zukunftsfähiges Bauen (DFZ Bau) – vertreten durch die Ministerpräsidenten Cem Özdemir und Mario Voigt sowie Dr. Andreas Handschuh, Chef der Sächsischen Staatskanzlei – in Berlin jeweils eine Millionen Euro Fördermittel für initiale Forschungsvorhaben in Sachsen, Baden-Württemberg und Thüringen.
»Bauen im Bestand ist eine zentrale Zukunftsaufgabe des Hochbaus. Gefragt sind Lösungen, die Gebäude nicht nur energieeffizienter machen, sondern sie zugleich an die Folgen des Klimawandels anpassen, Ressourcen schonen und ihre Lebensdauer verlängern. Innovative Bauforschung schafft dafür die Grundlagen: Sie untersucht neue Materialien und Konstruktionsweisen, entwickelt Technologien für die Sanierung und fragt danach, wie Gebäude langfristig klimaneutral, ressourcenschonend und resilient genutzt werden können«, erläutert Robert Fetter, Geschäftsführer des IAB Weimar. Gemeinsam mit Prof. Peter Benz, Präsident der Bauhaus-Universität Weimar vertritt er das Thüringer Innovationszentrum in Berlin. Auch Forschungsvorhaben von Prof. Viktor Mechtcherine (TU Dresden) und Prof. Achim Menges (Universität Stuttgart) werden vom Bund gefördert. Der Projektstart in Sachsen und Baden-Württemberg ist jeweils für Dezember 2026 anvisiert.
Bauwende beginnt in Thüringen
Mit der Gründung des Deutschen Forschungszentrums für zukunftsfähiges Bauen (DFZ Bau) an den drei Standorten Weimar (Thüringen), Dresden (Sachsen) und Stuttgart (Baden-Württemberg) werden dafür aktuell die nötigen Strukturen geschaffen. Bereits im April 2026 wurde der Grundstein für einen Technikumsneubau in Weimar gelegt, das Richtfest folgt im Dezember – diese Geschwindigkeit in der Umsetzung ist einer der Thüringer Erfolgsfaktoren.
Das Besondere: »In Weimar treffen jahrzehntelange Bauforschung, innovative Unternehmen und starke Partner aus Wissenschaft und Praxis aufeinander. Mit dem Deutschen Forschungszentrum für zukunftsfähiges Bauen wollen wir dieses Wissen schneller in konkrete Lösungen übersetzen – vom Labor auf die Baustelle und damit in die Praxis. So kann von Thüringen aus die Bauwende mitgestaltet werden«, erklärt Ministerpräsident Mario Voigt.
Praxistest in Erfurt und Gotha
An realen Bauobjekten sollen nun innovative Lösungen aus der Forschung getestet werden. Dabei handelt es sich um zwei Bauvorhaben der LEG in Erfurt und Gotha. Mithilfe digitaler Technologien soll zunächst der Zustand der Gebäude automatisiert erfasst werden. Aus den Daten wird ein digitales Modell erstellt, mit dessen Hilfe eine computergestützte Planung von Umbau- und Sanierungsprozessen in einem Building Information Model (BIM) ermöglicht wird. Zudem ist das Ziel, die beim Umbau anfallenden lokalen Baustoffe weitgehend vor Ort zu recyceln und Abbruchmaterial als Ersatzbaustoffe für den Wohnungsbau- und die energetische Sanierung einzusetzen sowie neue, klimaneutrale und nachwachsende Baustoffe zu verbauen.
Starker Forschungsverbund in Weimar
Das Thüringer Innovationszentrum für nachhaltiges Bauen (ThiZ-Bau) bündelt die Kompetenzen dreier etablierter Partner: des F.A. Finger-Institut für Baustoffkunde (FIB) an der Bauhaus-Universität Weimar, der Materialforschungs- und -prüfanstalt (MFPA) sowie des IAB Weimar. Gemeinsam decken sie die gesamte Innovationskette von der Grundlagenforschung bis zur anwendungsnahen Entwicklung ab. Mit rund 500 Forschenden verfügt Weimar bereits heute über eine außergewöhnlich hohe Kompetenzdichte im Bereich Bauforschung.
»Die Zukunft des Bauens entscheidet sich ganz wesentlich daran, wie wir mit dem umgehen, was bereits gebaut ist. Für die Bauhaus-Universität Weimar ist es deshalb besonders wichtig, Forschung nicht nur im Labor zu betreiben, sondern gemeinsam mit starken Partnern unter realen Bedingungen zu erproben. Das Thüringer Pilotprojekt zeigt exemplarisch, wofür der Forschungsstandort Weimar steht: Wir verbinden wissenschaftliche Exzellenz in den Bereichen Bauen, Materialien und Digitalisierung mit konkreten gesellschaftlichen Herausforderungen und bringen neue Erkenntnisse möglichst schnell in die Anwendung. Dass das erste Projekt des Deutschen Forschungszentrums für zukunftsfähiges Bauen aus diesem Verbund hervorgeht, unterstreicht die besondere Stärke und das Potenzial unseres Forschungsökosystems in Weimar.«, sagt der Weimarer Universitätspräsident Prof. Peter Benz.
Weitere Informationen zum Innovationszentrum Bau finden Sie unter:
Korrekturen
Korrektur: Der Standort in Sachsen ist die Stadt Bautzen (nicht Dresden)
Ähnliche Pressemitteilungen im idw",full,,dom_or_structured_full_text,,https://nachrichten.idw-online.de/2026/09/25/hochbau-und-bauen-im-bestand-millionenfoerderung-vom-bund-fuer-thueringer-forschungscluster,Informationsdienst Wissenschaft-idw,综合科技,无,2026-09-26T00:31:03+00:00,未分类,,,[],unclassified,2026-09-26T00:51:55.816546+00:00,glm-5.2,2026-09-10,
Vom Schrott zum Schatz: KI bewertet ausgediente Komponenten - Auftakt des EU-Projekts „RESURRECTION“,2026-09-25,"Vom Schrott zum Schatz: KI bewertet ausgediente Komponenten - Auftakt des EU-Projekts „RESURRECTION“
Hinweis zur Verwendung von Bildmaterial: Die Verwendung des Bildmaterials zur Pressemitteilung ist bei Nennung der Quelle vergütungsfrei gestattet. Das Bildmaterial darf nur in Zusammenhang mit dem Inhalt dieser Pressemitteilung verwendet werden. Falls Sie das Bild in höherer Auflösung benötigen oder Rückfragen zur Weiterverwendung haben, wenden Sie sich bitte direkt an die Pressestelle, die es veröffentlicht hat.
Mehr als 30 Fachleute aus ganz Europa kamen zum Kick-off des Forschungsprojekts RESURRECTION an der Hochschule Kempten zusammen
| Quelle:
David Sieblitz
| Copyright:
Hochschule Kempten/David Sieblitz
Download
Reparieren, wiederverwenden, aufbereiten oder recyceln: Was soll mit ausgedienten technischen Produkten und ihren Komponenten geschehen, etwa mit Hochvoltbatterien aus Fahrzeugen, Waschmaschinen oder Industrierobotern? Belastbare Antworten auf diese Frage sucht das europäische Forschungsprojekt „RESURRECTION“. Die Hochschule Kempten entwickelt dafür KI-Verfahren, die den Zustand gebrauchter Komponenten bewerten und vorhersagen, wie lange sie noch genutzt werden können.
Den Kemptener Projektbeitrag leitet Prof. Dr.-Ing. Peter Wurster am EPT – Institut für Effiziente Produktionstechnik. Die Koordination des Verbunds mit 16 Partnern aus elf Nationen liegt bei der Technischen Universität Dortmund. Zum Projektauftakt trafen sich am 22. und 23. September mehr als 30 Fachleute aus ganz Europa in Kempten. Die Europäische Union fördert RESURRECTION im Rahmen des Forschungs- und Innovationsprogramms Horizon Europe für vier Jahre mit knapp sieben Millionen Euro. Auf die Hochschule Kempten entfallen davon rund 581.000 Euro.
Kreislaufwirtschaft braucht verlässliche Entscheidungen
Auch wenn ein Gerät oder eine Maschine ausgedient hat, stecken darin oft noch wertvolle Komponenten. Eine Schlüsselrolle für die Kreislaufwirtschaft spielt deshalb das sogenannte Remanufacturing, also die industrielle Wiederaufarbeitung, bei der gebrauchte Produkte zerlegt, geprüft, instandgesetzt und wieder auf den Stand eines Neuprodukts gebracht werden. Ob sich eine Komponente dafür eignet, beurteilen Fachkräfte bislang meist von Hand. Bei so unterschiedlich beanspruchten Altteilen ist das zeitaufwendig, und die Ergebnisse fallen nicht immer einheitlich aus.
Hier setzt RESURRECTION an: Das Projekt verbindet Robotik, künstliche Intelligenz und digitale Infrastrukturen, um gebrauchte Produkte zu untersuchen, robotergestützt zu zerlegen und fundierte Entscheidungen über ihre weitere Verwendung zu ermöglichen. Eine zentrale Grundlage dafür sind Digitale Produktpässe, die wesentliche Informationen bündeln, und Digitale Zwillinge, die Geräte und Prozesse virtuell abbilden. Damit bleibt über den gesamten Lebenszyklus erkennbar, woher eine Komponente stammt und welche Stationen sie bereits durchlaufen hat.
Ergänzend entstehen Trainingsangebote, die Beschäftigte auf die Zusammenarbeit mit KI- und Robotiksystemen vorbereiten. Erprobt werden die Lösungen in vier Anwendungsbereichen: Hochvoltbatterien aus Elektrofahrzeugen, Waschmaschinen, Industrieroboter und Telekommunikationsgeräte wie Modems. Ziel ist es, Remanufacturing effizienter und in größerem Maßstab umzusetzen, den Wert von Materialien und Komponenten länger zu erhalten und Elektroschrott zu reduzieren.
KI bewertet Zustand und Restnutzungsdauer
Die Hochschule Kempten übernimmt im Projekt die Federführung bei der sogenannten Datenfusion. Dabei werden Kamerabilder und weitere Sensordaten zusammengeführt und ausgewertet. Auf dieser Grundlage entwickelt das EPT-Team KI-basierte Modelle, die den Zustand einer Komponente bewerten und ihre verbleibende Nutzungsdauer vorhersagen. Bei gebrauchten Industrierobotern etwa gilt es abzuschätzen, wie lange Lager und Getriebe noch halten. Die Verfahren sind dabei nicht auf Roboter beschränkt, sondern für alle vier Anwendungsbereiche von Bedeutung, von der Hochvoltbatterie bis hin zum Modem. Zudem erarbeitet das Team Referenzdatensätze sowie Werkzeuge, die die Ergebnisse der KI für Anwenderinnen und Anwender nachvollziehbar machen. Damit liefert das EPT einen inhaltlichen Kern des Gesamtprojekts. Darauf aufbauend entsteht im Verbund ein Entscheidungssystem, das Empfehlungen für den weiteren Weg einer Komponente gibt.
„Die zentrale Herausforderung besteht darin, sehr unterschiedliche Daten aus verschiedenen Sensoren und Produkten entlang der gesamten Wertschöpfungskette zusammenzuführen“, erläutert Projektleiter Prof. Wurster. Gelingt das, können Unternehmen künftig zuverlässig und nachvollziehbar entscheiden, ob sich eine Komponente für die Reparatur, Wiederverwendung, Aufbereitung oder das Recycling eignet.
Erstes Treffen in Kempten
Beim Kick-off lernten sich die beteiligten Wissenschaftlerinnen und Wissenschaftler sowie Fachleute aus der Industrie erstmals persönlich kennen. „Die Kreislaufwirtschaft kann eine wichtige Antwort auf viele der drängendsten Herausforderungen unserer Zeit sein“, betonte Prof. Wurster zur Begrüßung. Entschei-dend sei, technische Lösungen mit den Menschen zu verbinden, die mit ihnen arbeiten.
Das Koordinationsteam der TU Dortmund präsentierte anschließend die Ziele und den Aufbau von RESURRECTION. In kurzen Vorstellungsrunden erläuterten die beteiligten Partner ihre Aufgaben im Projekt und ihre Erwartungen an die Zusammenarbeit.
Das Projekt mit dem vollständigen Titel „Robotics and AI-assisted Decision Support for Efficient and Sustainable Remanufacturing and Refurbishment in Electronics towards Circular Transformation“ läuft bis Ende August 2030.
Über das EPT – Institut für Effiziente Produktionstechnik
Das EPT der Hochschule Kempten ist eine anwendungsorientierte, interdisziplinäre Forschungseinrichtung an der Schnittstelle zwischen Wissenschaft und Industrie. Das Institut arbeitet gemeinsam mit Industriepartnern, anderen For-schungseinrichtungen und Verbänden an einer nachhaltigen Verbesserung von Fertigungsverfahren, einer Optimierung der Produktionstechnologien sowie an der Anpassung der jeweiligen Produkte an markt- und gesellschaftspolitische Anforderungen. www.hs-kempten.de/ept.
Über Horizon Europe
Horizon Europe ist das Rahmenprogramm der Europäischen Union für Forschung und Innovation. RESURRECTION wird im Themenbereich „Integrated approaches for remanufacturing“ der europäischen Partnerschaft „Made in Europe“ gefördert.
Das Projekt RESURRECTION (Finanzhilfevereinbarung Nr. 101294921) wird im Rahmen des Programms Horizon Europe (ko-)finanziert. Die geäußerten Ansichten und Meinungen sind jedoch ausschließlich die der Autorinnen und Autoren und spiegeln nicht notwendigerweise die Ansichten der Europäischen Union oder der European Health and Digital Executive Agency wider. Weder die Europäische Union noch die Bewilligungsbehörde können dafür verantwortlich gemacht
Weitere Informationen:
https://cordis.europa.eu/project/id/101294921
Ähnliche Pressemitteilungen im idw",full,,dom_or_structured_full_text,,https://nachrichten.idw-online.de/2026/09/25/vom-schrott-zum-schatz-ki-bewertet-ausgediente-komponenten-auftakt-des-eu-projekts-resurrection,Informationsdienst Wissenschaft-idw,综合科技,无,2026-09-26T00:31:05+00:00,零碳产业 > 物质循环 > 资源回收利用与排放治理 > 物质回收,零碳产业,物质回收,"[{""path"":[""零碳产业"",""物质循环"",""资源回收利用与排放治理"",""物质回收""],""path_text"":""零碳产业 > 物质循环 > 资源回收利用与排放治理 > 物质回收"",""confidence"":0.85,""reason"":""项目核心是评估退役部件的修复、再利用与回收路径。""}]",classified,2026-09-26T00:51:55.816546+00:00,glm-5.2,2026-09-10,
Wie Plattformen die Stadt verändern,2026-09-25,"Wie Plattformen die Stadt verändern
Weizenbaum-Institut lädt zur Keynote „The City and the Platform“ am 30. September an der TU Berlin ein
Was passiert mit Städten, wenn digitale Plattformen zunehmend bestimmen, wie Menschen Orte wahrnehmen, nutzen und sich über ihr Umfeld austauschen? Mit dieser Frage beschäftigt sich die Keynote „The City and the Platform“ am 30. September 2026 an der TU Berlin. Der Stadtgeograf Professor Justus Uitermark von der Universität Amsterdam und die Kommunikationswissenschaftlerin Dr. Daniela Stoltenberg vom Weizenbaum-Institut diskutieren, wie digitale Plattformen städtisches Leben verändern – und wie Städte und ihre Bewohner*innen darauf reagieren.
Justus Uitermark stellt in seinem Beitrag „Will Cities Survive Platforms?“ das Konzept des „Plattform-Urbanismus“ infrage. Städte und digitale Plattformen seien grundverschiedene komplexe Systeme, die strukturell in Spannung zueinander stehen. Anhand von TikTok, Google Maps und Instagram zeigt Uitermark, wie Plattformlogiken urbane Orte und Netzwerke verändern und unter Druck setzen. Zugleich geht er der Frage nach, wie Städte und ihre Bewohner*innen damit umgehen – etwa durch kollektiven Widerstand oder alltägliche Praktiken, mit denen sie sich den Vorgaben der Plattformen entziehen.
Daniela Stoltenberg forscht an der DFG-geförderten Nachwuchsgruppe „Local Digital Public Spheres“ des Weizenbaum-Instituts zu lokaler politischer Kommunikation in sozialen Medien. Sie untersucht unter anderem Wohnraum-Diskurse, Formen des digitalen Aktivismus und Auseinandersetzungen um politisch umkämpfte Orte. Im Zentrum steht das Konzept der „Platform Affordances“: die Frage, wie technische Möglichkeiten digitaler Plattformen und die Praktiken ihrer Nutzer*innen zusammenwirken und die Bedeutung digitaler Medien für das lokale Zusammenleben beeinflussen.
The City and the Platform – Keynote im Dialog
Wann: 30. September 2026, 17:00–18:30 Uhr
Wo: TU Berlin, Fraunhoferstraße 33–36, 10587 Berlin, Raum FH 804
Die Veranstaltung findet auf Englisch statt und ist öffentlich. Eine Anmeldung ist nicht erforderlich.
Weitere Informationen erteilt Ihnen gern:
Stefanie Terp
Pressesprecherin
TU Berlin",full,,trafilatura_full_text,,https://nachrichten.idw-online.de/2026/09/25/wie-plattformen-die-stadt-veraendern,Informationsdienst Wissenschaft-idw,综合科技,无,2026-09-26T00:31:07+00:00,未分类,,,[],unclassified,2026-09-26T00:52:03.541336+00:00,glm-5.2,2026-09-10,
7. KI-Kongress vom Fraunhofer IPA und der Konradin Mediengruppe,2026-09-25,"7. KI-Kongress vom Fraunhofer IPA und der Konradin Mediengruppe
Hinweis zur Verwendung von Bildmaterial: Die Verwendung des Bildmaterials zur Pressemitteilung ist bei Nennung der Quelle vergütungsfrei gestattet. Das Bildmaterial darf nur in Zusammenhang mit dem Inhalt dieser Pressemitteilung verwendet werden. Falls Sie das Bild in höherer Auflösung benötigen oder Rückfragen zur Weiterverwendung haben, wenden Sie sich bitte direkt an die Pressestelle, die es veröffentlicht hat.
KI-Kongress am 18. November 2026 mit Fokusthema Embodied AI
| Copyright:
Konradin Mediengruppe
Download
Hinweis zur Verwendung von Bildmaterial: Die Verwendung des Bildmaterials zur Pressemitteilung ist bei Nennung der Quelle vergütungsfrei gestattet. Das Bildmaterial darf nur in Zusammenhang mit dem Inhalt dieser Pressemitteilung verwendet werden. Falls Sie das Bild in höherer Auflösung benötigen oder Rückfragen zur Weiterverwendung haben, wenden Sie sich bitte direkt an die Pressestelle, die es veröffentlicht hat.
Humanoide Roboter sind nur ein sehr sichtbares, aber bei weitem nicht das einzige Beispiel für Embodied-AI-Anwendungen.
| Quelle:
Rainer Bez
| Copyright:
Fraunhofer IPA
Download
Embodied AI: Wenn Künstliche Intelligenz die reale Welt versteht und gestaltet
Künstliche Intelligenz verlässt die digitale Welt und wird zum aktiven Teil von Maschinen, Robotern und Produktionssystemen. Wie Unternehmen diese Technologie erfolgreich nutzen können, zeigt der 7. KI-Kongress am 18. November 2026 in Stuttgart. Noch bis 7. Oktober 2026 gilt der Frühbucherpreis.
Künstliche Intelligenz hat in den vergangenen Jahren beeindruckende Fortschritte erzielt. Doch die nächste Entwicklungsstufe industrieller KI geht weit über die bisher primär verbreitete Verarbeitung von Daten hinaus: Sie verbindet digitale Intelligenz mit der physischen Welt. Embodied AI meint KI-Systeme, die ihre Umgebung wahrnehmen, aus Erfahrungen lernen und darauf aufbauend eigenständig handeln. Damit geht Embodied AI über den Begriff Physical AI hinaus, der vor allem die physische Interaktion intelligenter Systeme mit ihrer Umwelt beschreibt.
Dies eröffnet Industrieunternehmen einen neuen Weg zu flexibleren, produktiveren und resilienteren Produktionssystemen sowie große Vorteile im globalen Wettbewerb: »Embodied AI ist aus meiner Sicht die größte, und möglicherweise letzte, Chance für den deutschen Maschinenbau, seine Technologieführerschaft zu behaupten und auszubauen«, sagt Prof. Marco Huber. Er ist wissenschaftlicher Direktor am Fraunhofer-Institut für Produktionstechnik und Automatisierung IPA, hat den KI-Kongress gemeinsam mit Werner Kraus, Forschungsbereichsleiter Automatisierung und Robotik, inhaltlich gestaltet und wird den Kongress mit einer Keynote eröffnen. Wer heute investiere, baue einen Vorsprung auf, der für Nachzügler kaum einholbar sein wird. »Die Frage ist nicht, ob Embodied AI die industrielle Produktion transformiert, sondern wer diese Transformation anführt.«
Welche Potenziale diese Entwicklung bietet und wie Unternehmen davon profitieren können, zeigt das Fraunhofer IPA als wissenschaftlicher Kooperationspartner gemeinsam mit der Konradin Mediengruppe beim 7. KI-Kongress »Embodied AI als Schlüssel für die Industrie« am 18. November 2026 im neuen Gebäude V für »Personalisierte Produktion« in Stuttgart-Vaihingen. Das Ministerium für Wirtschaft, Handwerk und Tourismus Baden-Württemberg hat für den Kongress die Schirmherrschaft übernommen. Ein Video-Grußwort der Ministerin Frau Dr. Nicole Hoffmeister-Kraut eröffnet die Veranstaltung.
Von Embedded Systems zu Embodied AI
Während generative KI heute vor allem digitale Inhalte erstellt und analysiert, geht Embodied AI einen entscheidenden Schritt weiter. Die Technologie verbindet Wahrnehmung, Weltmodellierung, Lernen und physisches Handeln in einem Gesamtsystem. Die KI wird damit zum integralen Bestandteil von Maschinen, Robotern und Anlagen. Sie verarbeitet nicht nur Informationen, sondern interagiert aktiv mit ihrer Umgebung und entwickelt ihre Fähigkeiten durch Erfahrungen kontinuierlich weiter.
Für die Industrie besitzt dieser Ansatz große strategische Bedeutung.
Produktionsunternehmen stehen vor der Herausforderung, immer komplexere Prozesse zu beherrschen, steigende Variantenvielfalt zu bewältigen und gleichzeitig Produktivität und Qualität zu sichern. Herkömmliche Automatisierungskonzepte stoßen dabei zunehmend an Grenzen. Embodied AI schafft neue Möglichkeiten, indem Maschinen Situationen selbstständig erfassen, Zusammenhänge verstehen und ihr Verhalten flexibel an veränderte Bedingungen anpassen können. Dadurch werden Produktionssysteme robuster, autonomer und leistungsfähiger.
Das Fraunhofer IPA treibt diese Entwicklung gezielt voran und hat bereits einen ersten Demonstrator für die additive Fertigung entwickelt. Auch Entwicklungen rund um die KI-basierte und humanoide Robotik veranschaulichen Embodied-AI-Systeme. Als Brücke zwischen Forschung und industrieller Anwendung untersucht das Institut zudem, wie sich Embodied-AI-Konzepte in Robotik, Produktion und Maschinenbau nutzbar machen lassen. Ziel ist es, die traditionellen Stärken des Industriestandorts Deutschland mit den Möglichkeiten moderner KI-Technologien zu verbinden und Unternehmen beim Aufbau wettbewerbsfähiger, intelligenter Produktionssysteme zu unterstützen.
KI-Kongress zeigt Status Quo in Unternehmen
Vor diesem Hintergrund widmet sich der 7. KI-Kongress den aktuellen Entwicklungen an der Schnittstelle von Künstlicher Intelligenz, Robotik und Produktion, denen großes Wachstum vorausgesagt wird: So dürfte das Marktvolumen für Embodied AI laut Marketsandmarkets voraussichtlich von 4,44 Milliarden US-Dollar im Jahr 2025 auf 23,06 Milliarden US-Dollar im Jahr 2030 steigen, was einer durchschnittlichen jährlichen Wachstumsrate (CAGR) von 39 Prozent entspricht.
Beim KI-Kongress zeigen Expertinnen und Experten aus Industrie und Forschung anhand konkreter Anwendungsfälle, wie intelligente Systeme Wahrnehmung, Entscheidungsfindung und physische Handlung miteinander verbinden. Im Fokus stehen unter anderem Fragen danach, wie Roboter über längere Zeiträume hinweg aus Erfahrungen lernen können, wie sich Embodied AI in bestehende Produktions- und IT-Landschaften integrieren lässt und wie agentische Fertigungsprozesse entstehen, die aus realen Produktionsergebnissen lernen. Ebenso wird diskutiert, welche Rolle verkörperte Intelligenz für die nächste Generation industrieller KI-Systeme spielen wird.
Labortour zeigt Embodied-AI-Grundlagen für künftige Anwendungen
Bei einer Tour durch die Labore des Fraunhofer IPA können die Teilnehmerinnen und Teilnehmer des Kongresses technologische Grundlagen für Embodied-AI-Anwendungen kennenlernen. Dazu gehört beispielsweise ein Drucker für die additive Fertigung. In diesem Anwendungsfall kommen Filamente aus recyceltem Material zum Einsatz. Diese Filamente sind nicht homogen. Der Prozess musste bisher ständig manuell nachgesteuert werden, um ein einheitliches Druckerzeugnis zu erhalten. Embodied AI automatisiert dies, indem es im laufenden Druckprozess auf Abweichungen reagieren und die Prozessparameter in Echtzeit anpassen kann. Das steigert die Qualität und senkt gleichzeitig den Materialverbrauch.
Ein weiteres Exponat sind verschiedene Humanoide Roboter in Aktion. »Wir haben mehrere Modelle mit je eigener Kinematik und unterschiedlichen Fähigkeiten«, erklärt Werner Kraus. »Die Gäste erleben die Roboter live und in Aktion und erfahren Möglichkeiten der Anwendungsentwicklung mithilfe von Künstlicher Intelligenz (KI). Und auch offene Fragen wie die Themen Sicherheit, Zuverlässigkeit und Wirtschaftlichkeit werden adressiert.« Weitere Demonstratoren sind in Planung.
Wissenstransfer für die industrielle KI von morgen
Der Kongress richtet sich an Entscheiderinnen und Entscheider, Fach- und Führungskräfte aus Industrie und Produktion, Innovationsverantwortliche sowie Entwicklerinnen, Entwickler und Ingenieurinnen und Ingenieure, die konkrete Einsatzmöglichkeiten für KI identifizieren und die digitale Transformation ihrer Unternehmen aktiv gestalten möchten. Neben Fachvorträgen bietet die Veranstaltung vielfältige Gelegenheiten zum Austausch und einen geführten Rundgang durch die Forschungslabore des Fraunhofer IPA.
Mit seiner Initiative zu Embodied AI und seiner Mitgestaltung des diesjährigen KI-Kongresses schafft das Fraunhofer IPA eine Plattform für den Wissenstransfer zwischen Forschung und Industrie. Ziel ist es, Unternehmen frühzeitig auf die nächste Evolutionsstufe der Künstlichen Intelligenz vorzubereiten und Wege aufzuzeigen, wie sich die Potenziale lernender, handelnder Systeme in konkrete industrielle Wettbewerbsvorteile übersetzen lassen. Denn klar ist: Die Zukunft der industriellen KI wird nicht nur digital sein. Sie wird die reale Welt aktiv mitgestalten.
7. KI-Kongress: „Embodied AI als Schlüssel für die Industrie“
Schnell sein und noch bis 7. Oktober vom Frühbucherpreis profitieren:
Datum: 18. November 2026, 9:00 bis 17 Uhr
Ort: Fraunhofer-Institut für Produktionstechnik und Automatisierung IPA, Stuttgart, Gebäude V
Beteiligte: Im Programm finden sich Vorträge von: Trumpf, Sick, NXAI, Deutz, Limitless Labs, Agile Robots, DFKI und Fraunhofer IPA
Kosten: Bis 7. Oktober Early-Bird-Tarif 490 Euro; ab 8. Oktober regulärer Tarif 490 Euro.
Weitere Informationen:
https://www.ipa.fraunhofer.de/de/veranstaltungen-messen/veranstaltungen/2026/ki-kongress.html
Informationen und Anmeldung
Ähnliche Pressemitteilungen im idw",full,,dom_or_structured_full_text,,https://nachrichten.idw-online.de/2026/09/25/7-ki-kongress-vom-fraunhofer-ipa-und-der-konradin-mediengruppe,Informationsdienst Wissenschaft-idw,综合科技,无,2026-09-26T00:31:09+00:00,未分类,,,[],unclassified,2026-09-26T00:52:03.541336+00:00,glm-5.2,2026-09-10,
BTU-Statiker liefert neue Erkenntnisse zu antikem Palast in Äthiopien,2026-09-25,"BTU-Statiker liefert neue Erkenntnisse zu antikem Palast in Äthiopien
Hinweis zur Verwendung von Bildmaterial: Die Verwendung des Bildmaterials zur Pressemitteilung ist bei Nennung der Quelle vergütungsfrei gestattet. Das Bildmaterial darf nur in Zusammenhang mit dem Inhalt dieser Pressemitteilung verwendet werden. Falls Sie das Bild in höherer Auflösung benötigen oder Rückfragen zur Weiterverwendung haben, wenden Sie sich bitte direkt an die Pressestelle, die es veröffentlicht hat.
Wandkonstruktion am Computer nachgebaut: Die Grafik zeigt, wie die antiken Baumeister Holzbalken (magenta und blau; orange für die nächsthöhere Etage) in das Mauerwerk einbauten, um die Tragfähigkeit der Wände zu gewährleisten.
| Quelle:
Martin Drieschner, BTU
| Copyright:
Martin Drieschner, BTU
Download
Wie hoch könnten Gebäude vor rund 2.800 Jahren gewesen sein? Eine neue, interdisziplinäre Studie des DAI und der BTU liefert dazu erstmals belastbare statische Befunde. Im Juli 2026 erschien im Fachjournal Heritage (MDPI) die Publikation “Numerical Investigations of Timber-Reinforced Wall Constructions with Uncertain Material Parameters for the Ancient Palace Grat Be'al Gibri in Yeha, Ethiopia”.
Im Zentrum der Untersuchung von den Wissenschaftlern Vertr.-Prof. Dr.-Ing. Martin Drieschner, Fachgebiet Statik und Dynamik an der Brandenburgischen Technischen Universität Cottbus-Senftenberg (BTU), und Dipl.-Ing. Mike Schnelle, Außenstelle Sanaa des Deutschen Archäologischen Instituts (DAI), steht der Palast Grat Be'al Gibri in Yeha, im äthiopisch-eritreischen Hochland gelegen. Mit einer Grundfläche von etwa 60 mal 60 Metern gilt er als der größte bekannte Palastbau seiner Zeit in Südarabien und Ostafrika. Datiert auf etwa 800 v. Chr. wurde er bereits in der Antike durch einen Brand zerstört. Erhalten sind heute nur Teile des Erdgeschosses und des Podiums.
Holz-Mauerwerk-Verbund als Bauprinzip
Was den Bau geschichtlich besonders macht, ist sein Wandsystem: In das vermörtelte Bruchsteinmauerwerk wurden systematisch Holzbalken eingelegt und ausschließlich horizontal, abwechselnd in Längs- und Querrichtung der Wand verlegt. Diese und ähnliche Konstruktionsarten, “timber-laced masonry” genannt, sind im ersten Jahrtausend vor Christus in Südarabien und im nordöstlichen Afrika für mehrgeschossige Bauten weit verbreitet gewesen. Sie erinnern an moderne Hybridkonstruktionen unter Verwendung von Holz, wie sie heute etwa in Sydney, Hamburg oder Berlin beim nachhaltigen Hochhausbau eingesetzt werden oder in Planung sind.
3D-Modell unter Berücksichtigung von Materialunschärfe
Bislang beruhten Aussagen zur Höhe solcher Bauten vor allem auf historischen Quellen und bildlichen Darstellungen: Arabische Geschichtsschreiber berichten von Palästen mit bis zu 20 Stockwerken, südarabische Fels- und Wandmalereien zeigen turmartige, mehrgeschossige Gebäude. Eine ingenieurtechnische Überprüfung dieser Überlieferungen fehlte jedoch. Genau hier setzt die Kooperation zwischen dem DAI und der BTU an.
Für die Studie erstellten die Forschenden ein virtuelles 3D-Modell zweier exemplarischer Wandbereiche des Palastes – einer Wandecke und eines Türdurchgangs – und untersuchten deren Tragfähigkeit mithilfe der Finite-Elemente-Methode (FEM). Da viele Materialeigenschaften der antiken Baustoffe nicht exakt bekannt sind, kam ein Verfahren zur Berücksichtigung polymorpher Unschärfe in den Materialparametern zum Einsatz. Für die Berechnung wurde das selbstentwickelte Software-Tool PolyUQ verwendet.
Mindestens 19 Stockwerke statisch möglich
Das Ergebnis: Die Variation der Holzeigenschaften hat nur geringen Einfluss auf die Tragfähigkeit der Wände. Das untersuchte Wandsystem funktionierte robust. Nach ersten Berechnungen wäre eine Bebauung mit mindestens 19 Stockwerken statisch möglich gewesen. Damit hätte der Palast von Yeha durchaus Wolkenkratzer-Dimensionen erreicht. Aus den verbleibenden Tragreserven schließen die Autoren zudem, dass ein außergewöhnliches Ereignis – vermutlich der überlieferte Großbrand – für den Einsturz des Gebäudes verantwortlich gewesen sein muss.
Bauforschung trifft Ingenieurwissenschaft
„Das Projekt zeigt exemplarisch, welchen Erkenntnisgewinn interdisziplinäre Zusammenarbeit bringen kann"", so Vertr.-Prof. Dr.-Ing. Martin Drieschner, Fachgebiet Statik und Dynamik an der BTU. „Für uns als Statiker ist besonders spannend, dass sich unsere Methoden aus dem modernen Ingenieurbau – etwa die Anwendung der FEM und die Modellierung unscharfer Materialparameter – eins zu eins auf eine 2.800 Jahre alte Konstruktion übertragen lassen. Das unterstreicht, wie leistungsfähig numerische Simulation auch jenseits klassischer Bauingenieur-Anwendungen ist.""
Die Kooperation zwischen dem Fachgebiet Statik und Dynamik und der Außenstelle Sanaa des DAI ist Teil eines langfristig angelegten, von der Deutschen Forschungsgemeinschaft (DFG) geförderten äthiopisch-deutschen Forschungsprojekts zur Untersuchung des Fundplatzes Yeha im Norden Äthiopiens.
Publikation: Drieschner, M.; Schnelle, M. (2026): Numerical Investigations of Timber-Reinforced Wall Constructions with Uncertain Material Parameters for the Ancient Palace Grat Be'al Gibri in Yeha, Ethiopia. Heritage, 9(7), 270.
Ähnliche Pressemitteilungen im idw",full,,dom_or_structured_full_text,,https://nachrichten.idw-online.de/2026/09/25/btu-statiker-liefert-neue-erkenntnisse-zu-antikem-palast-in-aethiopien,Informationsdienst Wissenschaft-idw,综合科技,无,2026-09-26T00:31:10+00:00,未分类,,,[],unclassified,2026-09-26T00:52:03.541336+00:00,glm-5.2,2026-09-10,
Australian state approves 200 MWh battery despite 70-plus objections - Energy Storage,2026-09-25,"A 100 MW/200 MWh battery energy storage system (BESS) near Deniliquin in southern New South Wales has secured development consent despite more than 70 public objections. The Deniliquin East project will use approximately 80 containerized lithium-ion battery modules, with 120 MW/240 MWh of total cell capacity above its nominal rating. Applicant Bess Arctic Pty Ltd. lodged the project through Gransolar Development Australia , the Australian arm of Spain-headquartered Gransolar Group. According to the New South Wales Planning Portal, an executive director at the state planning department approved it on Sept. 24. The project was found to provide a range of energy, economic and employment benefits to the local community, including 52 construction and two operational jobs, and AUD 600,000 in community benefits for the approximately 9,000 permanent residents of the Edward River Council area. The site is about 7 km southeast of Deniliquin and 712 km southwest of Sydney. Objectors included several Save Our Surroundings campaign groups, some based as far away as Queensland and Victoria. Community concerns centered on fire risks and hazards, the merits of renewable energy and land-use compatibility. The developer responded with further project refinements, including readiness to comply with Fire and Rescue NSW recommendations. Six public submissions said adequate consultation had not been conducted. Gransolar pointed to the New South Wales Undertaking Engagement Guidelines for State Significant Projects, saying it had consulted government stakeholders, relevant agencies such as Transgrid, and Aboriginal stakeholders including the Deniliquin Local Aboriginal Land Council . It said it had also reached adjacent neighbors and the surrounding community through a newsletter, a community survey, local newspaper notices, pop-up community information sessions, the project website and freely available contact information. Assessors found the project’s 3.53-hectare footprint would result in a negligible loss of agricultural land in the Edward River local government area. The project is expected to operate until 2060. From pv magazine Australia The post Australian state approves 200 MWh battery despite 70-plus objections appeared first on Energy Storage .",full,,rss_full_content,,https://www.ess-news.com/2026/09/25/australian-state-approves-200-mwh-battery-despite-70-plus-objections/,ESS News,储能,储能项目/应用,2026-09-26T00:32:44+00:00,零碳产业 > 能量转化 > 能量存储 > 电化学储能 > 二次电池 > 传统蓄电池 > 有机体系 > 锂电,零碳产业,锂电,"[{""path"":[""零碳产业"",""能量转化"",""能量存储"",""电化学储能"",""二次电池"",""传统蓄电池"",""有机体系"",""锂电""],""path_text"":""零碳产业 > 能量转化 > 能量存储 > 电化学储能 > 二次电池 > 传统蓄电池 > 有机体系 > 锂电"",""confidence"":0.9,""reason"":""核心事件为锂电池储能系统项目的开发审批。""}]",classified,2026-09-26T00:52:03.541336+00:00,glm-5.2,2026-09-10,
"Higher prices, different opportunities: battery revenues in August  - Energy Storage",2026-09-25,"As summer moved into its final stretch, the German power market remained anything but static. While August brought noticeably higher electricity prices, battery trading opportunities developed very differently across wholesale and ancillary service markets. Renewable generation remained high, while negative-price periods became less frequent. For battery operators, this set the stage for another strong month for cross-market optimization. To quantify these developments, we evaluated simulated earnings for a representative 10 MW/20 MWh Grey Standalone Storage in Germany. As in previous months, individual market strategies were benchmarked against Suena’s forecast-based cross-market optimization approach. Wholesale strategies weakened compared with July. Continuous intraday trading remained the strongest individual spot-market strategy at €12,900 ($14,710)/MW per month, although revenues declined about 10%. Day-ahead trading and intraday auctions, both at €12,300/MW per month in July, softened to €10,800/MW and €10,500/MW, respectively. The stacked wholesale strategy followed the same trend, declining from €17,100/MW to €15,400/MW per month. Ancillary services presented a more mixed picture. FCR edged up to €15,300/MW per month, making it the strongest individual strategy in August. Negative aFRR also improved to €14,000/MW per month. Positive aFRR, by contrast, declined markedly to €5,600/MW per month, while the stacked aFRR strategy reached €9,800/MW per month. Revenues from aFRR energy remained comparatively low at about €800/MW per month. The strongest overall result came from cross-market optimization. Suena’s approach generated €25,300/MW per month, 10% more than in July. This was 63% above the combined wholesale benchmark and 65% above FCR, the strongest individual strategy during the month. Negative hours August saw a clear increase in wholesale electricity prices. At over €126/MWh, the average day-ahead price was around €20/MWh higher than in July and roughly €50/MWh above the level recorded in August 2025. Among the main drivers were higher gas prices and tighter supply conditions in neighbouring markets such as France and Poland, where high temperatures, elevated demand and water-related constraints on power generation temporarily reduced the availability of electricity for imports into Germany. Renewables nevertheless remained a defining feature of the German power market, accounting for roughly 70% of electricity generation, only marginally below July’s output. Strong solar output created regular charging opportunities during the day, while the first signs of the seasonal transition became visible. As daylight hours shortened, solar generation began to decline earlier while electricity demand remained elevated in the late afternoon and early evening. As a result, residual demand picked up earlier, making the spread between lower-priced midday hours and higher-priced evening periods more pronounced. At the same time, negative-price periods became less frequent. Day-ahead prices fell below zero for 55 hours, compared with 79 hours in July, with these periods remaining concentrated around midday. This meant fewer deeply negative charging windows, even as higher-priced periods became more pronounced. August also highlighted the importance of forecast accuracy. During the partial solar eclipse on Aug. 12, photovoltaic generation temporarily declined, but because the event was highly predictable, much of the effect could be anticipated by the market. By contrast, unexpected weather deviations produced much sharper price reactions. On  Aug. 28, weaker-than-forecast solar and wind generation created a renewable shortfall of more than 10 GW around midday, pushing intraday hourly prices to around €500/MWh and individual quarter-hours above €3,000/MWh. These changing conditions were also reflected in ancillary service markets. With periods of renewable oversupply becoming less frequent, the need for downward regulation increased in relative terms, supporting stronger revenues in negative aFRR. At the same time, opportunities in positive aFRR became less pronounced than in July. The overall picture was therefore not simply one of higher prices. Rather, the timing of renewable generation, short-term scarcity and forecast deviations increasingly determined where trading opportunities emerged. Beyond price August underlines an important distinction for battery trading. Higher electricity prices do not automatically translate into higher revenues in every market. What matters is how those prices are structured across the day, how quickly market conditions change, and the ability to respond when the opportunities emerge. The month also highlighted the growing importance of forecast accuracy. Predictable changes in renewable generation, such as the partial solar eclipse, can be anticipated by the market. Unexpected deviations, by contrast, can trigger much sharper price movements and create short-lived but valuable trading opportunities. Looking ahead, the transition into autumn is likely to bring another change in market dynamics. Shorter daylight hours will reshape intraday price profiles, while changing weather patterns could increase uncertainty around renewable generation. For battery operators, the key will be to combine accurate forecasting with dynamic cross-market optimization as the timing and shape of value continue to change. The post Higher prices, different opportunities: battery revenues in August appeared first on Energy Storage .",full,,rss_full_content,,https://www.ess-news.com/2026/09/25/higher-prices-different-opportunities-battery-revenues-in-august/,ESS News,储能,储能项目/应用,2026-09-26T00:32:46+00:00,零碳产业 > 能量转化 > 能量分配与运输 > 虚拟电厂与电力交易,零碳产业,虚拟电厂与电力交易,"[{""path"":[""零碳产业"",""能量转化"",""能量分配与运输"",""虚拟电厂与电力交易""],""path_text"":""零碳产业 > 能量转化 > 能量分配与运输 > 虚拟电厂与电力交易"",""confidence"":0.8,""reason"":""核心是储能电池在电力批发与辅助服务市场的交易收益分析。""}]",classified,2026-09-26T00:52:03.541336+00:00,glm-5.2,2026-09-10,
Giga Storage starts construction on 2.8 GWh Belgian BESS - Energy Storage,2026-09-25,"Giga Storage has started construction of its 700 MW / 2.8 GWh Green Turtle battery energy storage system (BESS) in Belgium, a project that will become the country’s largest battery storage site by some margin. The four-hour project is being built on the former site of a zinc factory at the Rotem industrial estate in Dilsen-Stokkem, in Belgium’s Limburg province, at the far east of Belgium’s border with the southern tip of the Netherlands. Preparatory works began in mid-August, with the official start of construction marked on Sept. 17. Commissioning is currently scheduled for the end of March 2028. Green Turtle will comprise 640 Tesla Megapack 3 units and Tesla is acting as EPC contractor, covering engineering and construction as well as battery supply, and will provide long-term maintenance for the project. The Green Turtle site will also include 188 medium-voltage transformers and four high-voltage transformers. The project will connect directly to Belgium’s high-voltage network beside Elia’s 380 kV Van Eyck-Gramme transmission line. Elia is constructing a new high-voltage substation on the Rotem industrial estate for the connection. Giga Storage said the project’s capacity will be made available to Elia and market participants for grid balancing and congestion management. The start of construction follows financial close in July with a mix of borrowed cash and the owner’s own purse. A consortium of 10 banks is providing €450 million ($512.5 million) of debt financing, with the roughly €250 million remainder provided by Giga Storage majority owner InfraVia Capital Partners. Total investment in Green Turtle was said to be around €700 million. The banking group comprises ABN AMRO, ING, Rabobank, Triodos Bank, Triodos Investment Management, a.s.r., Belfius, Hamburg Commercial Bank, Santander and SMBC. Green Turtle will substantially increase the scale of battery storage operating in Belgium. Engie’s 200 MW / 800 MWh four-hour BESS at Vilvoorde became fully operational in November 2025 and is currently among the country’s largest operating projects. Green Turtle will have 3.5 times its energy storage capacity when commissioned. The post Giga Storage starts construction on 2.8 GWh Belgian BESS appeared first on Energy Storage .",full,,rss_full_content,,https://www.ess-news.com/2026/09/25/giga-storage-starts-construction-on-2-8-gwh-belgian-bess/,ESS News,储能,储能项目/应用,2026-09-26T00:32:48+00:00,零碳产业 > 能量转化 > 能量存储 > 电化学储能 > 二次电池 > 传统蓄电池 > 有机体系 > 锂电,零碳产业,锂电,"[{""path"":[""零碳产业"",""能量转化"",""能量存储"",""电化学储能"",""二次电池"",""传统蓄电池"",""有机体系"",""锂电""],""path_text"":""零碳产业 > 能量转化 > 能量存储 > 电化学储能 > 二次电池 > 传统蓄电池 > 有机体系 > 锂电"",""confidence"":0.9,""reason"":""核心事件为大型锂电池储能电站（Tesla Megapack）开工建设。""}]",classified,2026-09-26T00:52:03.541336+00:00,glm-5.2,2026-09-10,
Spain awards €265 million for 49.9 GWh of pumped hydro storage - Energy Storage,2026-09-25,"Spain has awarded €265 million (USD 302 million) to 11 pumped hydro energy storage projects totaling almost 4.1 GW / 49.9 GWh across two rounds of its BORALMAC funding program. The two rounds, resolved between 2024 and 2026, support new pumped hydro facilities as well as projects using existing infrastructure. The projects are spread across seven Spanish autonomous communities and are expected to be completed by 2035. The first BORALMAC round, resolved in July 2024, awarded the full €100 million available to four projects totaling almost 2 GW of turbine capacity and 28.85 GWh of storage. The largest award, €44.9 million, went to the BOREAL project in Alcántara, Extremadura, for the new José María de Oriol II pumped hydro plant using the existing Alcántara II and Cedillo reservoirs. Two projects in Castilla y León will make use of drainage water from abandoned mines. The Navaleo pumped hydro project in Torre del Bierzo received €35.3 million, while the Velilla del Río Carrión project in Palencia was awarded €10.7 million. The fourth project, EcoEbre in Tarragona, received €9.1 million for a closed-loop pumped hydro facility between two reservoirs. The original completion deadline for BORALMAC 1 projects was the end of 2030. An amendment from the Institute for the Diversification and Saving of Energy (IDAE), approved in January 2026, allows the deadline to be extended to Dec. 31, 2035. BORALMAC 2 initially had a €90 million budget, but this was increased to €165 million following 16 applications seeking a combined €440 million in funding. Seven projects were ultimately selected, representing 2.07 GW of turbine capacity and 21.09 GWh of storage, against more than €755 million in eligible project costs. The second-round projects include the 545 MW / 4.29 GWh Baells facility in Barcelona and the 354 MW / 4.74 GWh La Barca project in Asturias, which has the largest energy storage capacity among the seven projects. Other awards went to the 440 MW / 3.52 GWh Meirama project in A Coruña, the 357 MW / 2.97 GWh Los Guajares project in Granada, the 247 MW / 3.81 GWh Grandas de Salime project in Asturias, and the 95 MW / 772 MWh Dehesa de Ganaderos project in Zaragoza. The 33 MW / 991 MWh TORREALII project in Cáceres is the only BORALMAC 2 project that will use existing infrastructure rather than construct a new pumped hydro plant. All seven BORALMAC 2 projects must be completed by June 30, 2035. The second round is funded through the REPowerEU component of Spain’s Recovery, Transformation and Resilience Plan, while BORALMAC 1 was funded separately under the plan’s electricity infrastructure, smart grids, flexibility and storage component. IDAE said the projects were assessed on economic viability, technical characteristics, permitting maturity and their ability to support renewable integration and provide system services, including inertia and black-start capability. The post Spain awards €265 million for 49.9 GWh of pumped hydro storage appeared first on Energy Storage .",full,,rss_full_content,,https://www.ess-news.com/2026/09/25/spain-awards-e265-million-for-49-9-gwh-of-pumped-hydro-storage/,ESS News,储能,储能项目/应用,2026-09-26T00:32:50+00:00,零碳产业 > 能量转化 > 能量存储 > 其它储能技术,零碳产业,其它储能技术,"[{""path"":[""零碳产业"",""能量转化"",""能量存储"",""其它储能技术""],""path_text"":""零碳产业 > 能量转化 > 能量存储 > 其它储能技术"",""confidence"":0.95,""reason"":""核心事件是西班牙资助抽水蓄能项目，抽水蓄能归入其它储能技术。""}]",classified,2026-09-26T00:52:08.479298+00:00,glm-5.2,2026-09-10,
Delta Capacity advances second major Finland BESS this month with Sungrow supply deal - Energy Storage,2026-09-25,"Swiss developer Delta Capacity has confirmed contractors and suppliers for its second major Finnish battery storage project as construction gets underway. Construction has begun on the 125 MW / 300 MWh Kärppiö battery energy storage system (BESS) located in Teuva, western Finland, approximately 370 km northwest of Helsinki. It is being developed by Delta Capacity and the Strioga Family Foundation, with Sungrow supplying the BESS technology. Commissioning is planned for Q4 2027, with Delta Capacity set to serve as long-term asset manager. Delta Capacity confirmed Sungrow’s supply of batteries for the project, along with Nordic electrification specialist NEPower serving as balance-of-plant (BoP) contractor, as well as delivering electrification and substation works. Despro is acting as the local engineering partner. On the revenue front for Kärppiö, and under a different financing model than the AKKU One project, Delta Capacity has a partial tolling agreement with Centrica Energy that will optimize and trade the asset across Nordic power markets. Sungrow’s own press release provided further confirmation that it will also supply the BESS technology but didn’t specify the type, including for the 125 MW / 300 MWh AKKU One project , located in Lapinlahti, approximately 450 km northeast of Helsinki. The AKKU One BESS was acquired by Delta Capacity as a ready-to-build asset from Helios Nordic Energy; construction has already begun. “The Kärppiö and AKKU One projects demonstrate how strong local and international partners can implement large-scale battery storage projects quickly and to a high standard,” said Patrik Hes, CEO of Delta Capacity. “Together, these 600 MWh projects mark an important step in our long-term collaboration and strengthen our position in the Nordic energy market.” Earlier this year, Sungrow and Delta Capacity signed a 1 GWh framework agreement , which Sungrow said has now been fulfilled through supplies for the Karppio and AKKU One projects. The post Delta Capacity advances second major Finland BESS this month with Sungrow supply deal appeared first on Energy Storage .",full,,rss_full_content,,https://www.ess-news.com/2026/09/25/delta-capacity-advances-second-major-finland-bess-this-month-with-sungrow-supply-deal/,ESS News,储能,储能项目/应用,2026-09-26T00:32:52+00:00,零碳产业 > 能量转化 > 能量存储 > 电化学储能 > 二次电池 > 传统蓄电池 > 有机体系 > 锂电,零碳产业,锂电,"[{""path"":[""零碳产业"",""能量转化"",""能量存储"",""电化学储能"",""二次电池"",""传统蓄电池"",""有机体系"",""锂电""],""path_text"":""零碳产业 > 能量转化 > 能量存储 > 电化学储能 > 二次电池 > 传统蓄电池 > 有机体系 > 锂电"",""confidence"":0.92,""reason"":""核心为大型锂电池储能系统项目建设与设备供应。""}]",classified,2026-09-26T00:52:08.479298+00:00,glm-5.2,2026-09-10,
Greenvolt begins building 600 MW/2.4 GWh BESS in Poland - Energy Storage,2026-09-25,"Greenvolt Power has started construction of a 600 MW/2.4 GWh BESS in Siedlce, Poland. It said it expects to begin commercial operations by the end of 2027. BYD Energy Storage will supply the battery technology. The project will use 210 battery containers and 105 transformer containers equipped with power conversion systems to transfer electricity between the batteries and the grid. P&Q will connect the BESS to the transmission network operated by Polskie Sieci Elektroenergetyczne (PSE) at 400 kV. The connection works include a new 400/110 kV substation and 400 kV and 110 kV cable links. The facility will charge during periods of high renewable generation and discharge when electricity demand rises. Greenvolt expects the project to improve system flexibility, support the integration of wind and solar power, and help balance supply and demand. Greenvolt has expanded its battery storage portfolio across Europe, including behind-the-meter systems for commercial and industrial customers through its Greenvolt Next subsidiary. Greenvolt Power already operates a 200 MW/800 MWh battery storage project at Turośń Kościelna in Poland, which entered operation in July 2026. A second 200 MW/800 MWh project at Ełk is scheduled to enter commercial operation in the fourth quarter of 2026. Once Siedlce, Turośń Kościelna and Ełk are operating, Greenvolt will have 1 GW of battery power capacity and 4 GWh of storage capacity in Poland. The portfolio will give the company a larger role in providing flexibility as Poland expands variable renewable generation. From pv magazine France The post Greenvolt begins building 600 MW/2.4 GWh BESS in Poland appeared first on Energy Storage .",full,,rss_full_content,,https://www.ess-news.com/2026/09/25/greenvolt-begins-building-600-mw-2-4-gwh-bess-in-poland/,ESS News,储能,储能项目/应用,2026-09-26T00:32:54+00:00,零碳产业 > 能量转化 > 能量存储 > 电化学储能 > 二次电池 > 传统蓄电池 > 有机体系 > 锂电,零碳产业,锂电,"[{""path"":[""零碳产业"",""能量转化"",""能量存储"",""电化学储能"",""二次电池"",""传统蓄电池"",""有机体系"",""锂电""],""path_text"":""零碳产业 > 能量转化 > 能量存储 > 电化学储能 > 二次电池 > 传统蓄电池 > 有机体系 > 锂电"",""confidence"":0.92,""reason"":""核心为波兰大型锂电池储能电站开工及BYD电池供应。""}]",classified,2026-09-26T00:52:08.479298+00:00,glm-5.2,2026-09-10,
"Decommissioning to drive 23% of solar buildout in the 2040s, says Wood Mackenzie - pv magazine Global",2026-09-25,"Renewing decommissioned solar and wind projects is set to increase annual installations and improve project economics and affordability, according to analysis by
Wood Mackenzie
The consultancy’s
latest report
forecasts that more than 2.5 TW of solar and wind projects worldwide will reach their end of design life by 2040.
Site owners must then choose between upgrading existing equipment or decommissioning the plant by removing end of life infrastructure. Decommissioning can pave the way for installing new equipment at the same time, a process often known as repowering, which may reflect more than 20 years of technological innovation since the original build.
Wood Mackenzie’s analysis explains that wind decommissioning is already happening as the wind industry began rapid deployment earlier than the solar industry. However by 2040, solar will have a larger ageing fleet, defined as equipment older than 20 years.
An owner’s decision to decommission solar or wind equipment and install new equipment involves weighing up the net present value of investing in extending the existing project’s lifespan against completely repowering the asset, the report says.
While there are several ways to repower solar and wind, Wood Mackenzie says the most common is the full decommissioning of the original project and the installation of new modules or turbines on the same site, while retaining some of the associated infrastructure.
Decommissioning is expected to drive 23% of solar buildout and 44% of wind buildout in the 2040s, according to figures from the report.
Wood Mackenzie predicts repowering will hit the countries that were early adopters of renewables disproportionately, with decommissioning driving more than 70% of installations in Europe’s established markets in the 2040s, while new markets in Asia could see as little as 1%.
Repowering will also ensure solar and wind remain a growth business for equipment suppliers, the report continues.
Wood Mackenzie notes that global solar and wind capacity will decline this year and says this would continue without repowering, due to factors including slumping policy report, grid integration issues and high levels of decarbonisation in more mature markets.
While annual net additions of solar and wind are expected to decrease gradually through 2050, Wood Mackenzie forecasts that actual equipment sales in 2050 will be more than 60% higher than in 2026 due to the need to replace ageing equipment.
The report says this points towards a new chapter in the energy transition, which it refers to as energy renewal, that is set to drive increased renewables investment for decades.
“In the 2040s, we forecast the rate of growth in global power demand to slow, but solar and wind installations to increase because of decommissioning,” the report says. “In fact, we are expecting the era of renewal to lead to more installations than ever before.”
The report emphasises that this shift should be influencing policy decisions made today.
“If they do not, governments will miss their targets, suppliers will fail to gear up for future demand and owners will overestimate future power prices and potentially miss out on current opportunities,” the report concludes.",full,,dom_or_structured_full_text,,https://www.pv-magazine.com/2026/09/25/decommissioning-to-drive-23-of-solar-buildout-in-the-2040s-says-wood-mackenzie/,pv magazine C&I PV,光伏,工商业光伏,2026-09-26T00:34:22+00:00,零碳产业 > 能量转化 > 能源测 > 一次能源转化 > 太阳能转化 > 光伏,零碳产业,光伏,"[{""path"":[""零碳产业"",""能量转化"",""能源测"",""一次能源转化"",""太阳能转化"",""光伏""],""path_text"":""零碳产业 > 能量转化 > 能源测 > 一次能源转化 > 太阳能转化 > 光伏"",""confidence"":0.85,""reason"":""报告核心是光伏电站退役与改造对新增装机的影响。""}]",classified,2026-09-26T00:52:08.479298+00:00,glm-5.2,2026-09-10,
Denmark takes first steps toward marine floating PV - pv magazine Global,2026-09-25,"The Danish Energy Agency has granted Denmark-based engineering and consulting company COWI and the
Technical University of Denmark
(DTU) approval to conduct preliminary investigations and install and test three floating PV systems in Roskilde Fjord, near DTU Risø Campus in northern Denmark.
The project aims to determine whether floating PV is technically, environmentally and economically viable under Danish conditions.
The agency determined that the three pilot installations will not require an environmental impact assessment (EIA). It also noted that a provision added to Denmark’s Renewable Energy Act in 2024 allows the Minister for Climate, Energy and Utilities to issue permits for testing renewable energy installations at sea with a maximum capacity of 3 MW. Such projects may be conducted for research, development or demonstration of new technologies and processes within 15 km of the coast and for up to three years.
The pilot project will feature three different floating PV technologies installed side by side for comparison. The systems will be supplied by France-based
HelioRec
, Germany’s
SINN Power
, and Norway’s
Sunlit Sea
. The systems will have capacities and surface areas of approximately 40 kW/410 m², 40 kW/280 m² and 35 kW/230 m², respectively, for a combined capacity of around 115 kW and a total area of approximately 920 m².
The facility will test both monocrystalline PERC and heterojunction (HJT) solar modules. All three systems will use concrete or cement seabed anchors, combined with lines and connectors made from materials including steel and polyester.
The researchers will assess energy yield and operational performance, corrosion and material degradation, maintenance requirements, floating and mounting configurations, impacts on marine ecosystems and biodiversity, investment risks, and overall project economics, including the levelized cost of electricity (LCOE).
One of the project’s key research questions is whether floating PV systems in Danish fjords can outperform comparable ground-mounted installations, as the cooling effect of the surrounding water could enable the modules to operate more efficiently. The researchers will also investigate potential disadvantages associated with the marine environment, particularly whether prolonged exposure to water and moisture accelerates corrosion and material degradation, potentially affecting system durability and long-term performance.
The project will run for approximately three years, beginning with permitting and baseline studies, followed by construction and an 18-month research period, and concluding with final research activities, decommissioning and publication of the results. It has a total budget of approximately DKK 8.0 million ($1.2 million) and is funded primarily by the COWI Foundation, with additional co-financing from DTU.",full,,dom_or_structured_full_text,,https://www.pv-magazine.com/2026/09/25/denmark-takes-first-steps-toward-marine-floating-pv/,pv magazine C&I PV,光伏,工商业光伏,2026-09-26T00:34:24+00:00,零碳产业 > 能量转化 > 能源测 > 一次能源转化 > 太阳能转化 > 光伏,零碳产业,光伏,"[{""path"":[""零碳产业"",""能量转化"",""能源测"",""一次能源转化"",""太阳能转化"",""光伏""],""path_text"":""零碳产业 > 能量转化 > 能源测 > 一次能源转化 > 太阳能转化 > 光伏"",""confidence"":0.93,""reason"":""丹麦海上漂浮式光伏试点项目的核心事件属于光伏领域。""}]",classified,2026-09-26T00:52:08.479298+00:00,glm-5.2,2026-09-10,
US team claims stability record for 16.19%-efficient 2D/3D tin perovskite solar cell - pv magazine Global,2026-09-25,"Researchers at the
University of Toledo
(UToledo) in the United States claim to have fabricated the most air-stable two-dimensional/three-dimensional (2D/3D) tin (Sn) perovskite solar cell to date as part of a research project aimed at identifying lead (Pb)-free perovskite materials for PV applications.
In 2D/3D perovskite solar cells, a 2D perovskite phase is combined with a conventional 3D perovskite absorber, typically at an interface or in a mixed-dimensional structure. The
2D layer can passivate defects
, improve charge-carrier transport and extraction, and suppress ion migration. Cells incorporating 2D materials may also offer greater stability than conventional 3D devices due to the protective effect of their organic ligands.
The architecture may be particularly useful for lead-free tin perovskite solar cells, which continue to face stability challenges. A
2D/3D tin-halide perovskite device unveiled in 2025 achieved a certified efficiency of 16.65%
and operated stably under continuous illumination for more than 1,500 hours. Such architectures could therefore help improve the stability of lower-toxicity tin-based absorbers, although their stability benefits are not exclusive to lead-free perovskites.
“Tin perovskites are considered the leading lead-free alternative, but a key drawback is that tin oxidizes readily when exposed to oxygen and moisture. Our research is significant because it points to a potential solution to this major challenge for tin-perovskite photovoltaics,” the research lead author, Jiahao Xie, told
pv magazine
“In general, Pb-based perovskites are currently more cost-effective than Sn-based perovskites because the lead source materials are less expensive than their tin-based counterparts,” said co-author Lei Chen. “However, Sn-based perovskites are more environmentally friendly than Pb-based perovskites. This consideration is particularly important when evaluating the long-term commercialization potential of perovskite solar cells.”
The current efficiencies of Sn-based perovskite solar cells remain well below their theoretical efficiency. However, the highest reported efficiency for Sn perovskite solar cells is around 17%, and the efficiency achieved in our study remains among the highest reported to date. Therefore, we believe that the results demonstrated in this work is highly competitive and satisfactory given the current state of the field.”
For the proposed solar cell design, the scientists used spacers based on phenethylammonium (PEA) and its halogenated derivatives to protect the perovskite surface, control crystal growth, reduce defects, and limit degradation caused by moisture and oxygen. By changing the halogen attached to PEA, the researchers could tune properties such as hydrophobicity and intermolecular interactions, which allowed them to determine which spacer produces the most crystalline and air-stable tin perovskite.
They identified 4-chlorophenethylammonium iodide (4ClPEA)) as the most effective spacer cation, reportedly producing 2D tin halide perovskites with tight interlayer packing, minimal structural distortion, and strongly reduced oxygen and water diffusion. Adding 4-chlorophenethylammonium to 3D formamidinium tin iodide (FASnI₃) perovskite material also improved film crystallinity, crystal orientation, and surface morphology.
The solar cell was built with a susbstrate made of indium tin oxide (ITO), a hole transport layer (HTL) made of
PEDOT:PSS
, the 2D-3D perovskite absorber, an electron transport layer (ETL) based on
indene-C60 bisadduct (ICBA)
bathocuproine (BCP) buffer layer, and a silver (Ag) metal contact.
The researchers added 5 mol% of different spacer salts to the tin halide perovskite layer, with 4ClPEAI delivering the strongest results. The 4ClPEAI device reached a power conversion efficiency of 16.19%, while average efficiency across 14 devices rose from 10.34% for the control to
The researchers attributed the improvement to enhanced film crystallinity, crystal orientation and morphology. Open-circuit voltage, short-circuit current density and fill factor also improved, while the bandgap remained around 1.44 eV.
The 4ClPEAI devices also showed the highest stability, retaining 95% of their initial efficiency for more than 1,600 hours in dry air. Under continuous one-sun illumination at 55 C in air, they retained 80% after 1,000 hours.
The scientists claim the cells are the most air-stable tin-perovskite of its kind to date.
“It’s just as important as the results that we are able to explain why it works to use a chlorinated molecule as the spacer,” Xie concluded. “This gives us a clear design principle for future lead-free perovskites.”
The novel cell concept was presented in “
A chlorinated organic cation enables stable 2D/3D tin iodide perovskite photovoltaics
,” published in
nature materials
. The research team comprised academics from
University of Wisconsin–Madison
National Laboratory of the Rockies
University of Colorado Boulder
, all based in the United States.",full,,dom_or_structured_full_text,,https://www.pv-magazine.com/2026/09/25/us-team-claims-stability-record-for-16-19-efficient-2d-3d-tin-perovskite-solar-cell/,pv magazine C&I PV,光伏,工商业光伏,2026-09-26T00:34:26+00:00,零碳产业 > 能量转化 > 能源测 > 一次能源转化 > 太阳能转化 > 光伏,零碳产业,光伏,"[{""path"":[""零碳产业"",""能量转化"",""能源测"",""一次能源转化"",""太阳能转化"",""光伏""],""path_text"":""零碳产业 > 能量转化 > 能源测 > 一次能源转化 > 太阳能转化 > 光伏"",""confidence"":0.94,""reason"":""核心是锡基钙钛矿太阳能电池效率与稳定性研究，属于钙钛矿光伏。""}]",classified,2026-09-26T00:52:08.479298+00:00,glm-5.2,2026-09-10,
The impact of phase change material on rear-side PV heat transfer - pv magazine Global,2026-09-25,"A research group at Italy’s
Polytechnic University of Milan
has studied rear-side heat transfer in PV modules equipped with a phase change material (PCM). The year-long experimental study focused on reconstructing and interpreting convective and infrared radiative heat transfer at the rear of the modules. The researchers aimed to determine how PCM integration affects rear-side heat exchange and assess its potential for improving PV module thermal management.
PCMs are substances that can absorb, store and release large amounts of latent heat as they undergo a change of physical state, such as melting and solidification. In PV applications, they are primarily investigated for passive thermal management. PCMs installed at the rear of a module absorb excess heat as temperatures rise, helping to limit module operating temperatures and potentially improve electrical performance. Previous
pv magazine
coverage has highlighted research into
PCM-based PV cooling
multiple PCMs with different melting temperatures
paraffin wax as a passive cooling material
. PCMs can also act as thermal storage media, retaining excess heat from PV modules for later use.
“Our research moved beyond the usual assessment of PV-PCM systems in terms of temperature reduction or electrical performance and looked directly at the rear-side heat-transfer mechanisms,” corresponding author Domenico Mazzeo told
pv magazine
“We experimentally reconstructed and separated convection, long-wave infrared radiation and rear short-wave contributions over almost one year of outdoor operation,” he said. “This allowed us to investigate how PCM integration changes the thermal boundary condition itself, including the effects of thermal storage and thermal memory, rather than considering the PCM simply as an additional passive cooling layer.”
For the experiment, the researchers tested two 305 W monocrystalline PV modules on a rooftop at the Polytechnic University of Milan from June 11, 2024, to May 31, 2025. Each module comprised 60 cells, measured 1,660 mm × 990 mm and was installed at a 30-degree tilt. One served as the reference module, while the other was equipped with 6.83 kg of an inorganic hydrated-salt PCM contained in 258 sealed pockets and designed to melt at around 29 C.
The researchers measured rear-surface temperatures, heat flux and weather conditions and then analyzed synchronized one-minute measurements to estimate heat released through convection and infrared radiation. This enabled them to compare how the two modules dissipated heat over nearly a year of outdoor operation. The dataset comprised 502,364 synchronized records, of which 125,469 met the criteria for paired comparison.
Monthly rear-side heat transfer by airflow (top) and radiation (bottom)
“The most striking result was the very different effect observed on convection and radiation,” Mazzeo said. “The annual median effective convective heat-transfer coefficient was 5.64 W/(m² K) for the PV-PCM module and 9.74 W/(m² K) for the reference PV module, corresponding to a 42.1% reduction at the assembly level. The median convective heat flux was also 45.2% lower. This separation was remarkably persistent across all months, wind-speed ranges and convective regimes, and remained robust in the uncertainty analysis.”
“In other words, PCM integration strongly modified the timing and magnitude of effective convective heat rejection, while the radiative coefficient remained mainly governed by emissivity and absolute temperature,” Mazzeo said.
“Another interesting observation was the importance of thermal history,” the researcher said. “Mixed convection accounted for about 61% of the paired observations, and the PCM rear surface spent approximately 433 hours within the practical 27 C to 31 C transition range. The same surface temperature could occur under different internal thermal states, showing that instantaneous temperature alone is not sufficient to describe the heat-transfer behavior of a PV-PCM system.”
For follow-up research, Mazzeo’s team plans to extend the experiment over multiple years and complement it with direct measurements of local airflow behind the modules, distributed temperature and heat-flux sensing, and a geometrically matched inactive-PCM reference configuration.
“We are also interested in pre- and post-campaign characterization of the PCM and in using these long-term measurements to validate dynamic PV-PCM models driven by multi-year weather data,” Mazzeo concluded. “Ultimately, the objective is to develop more reliable boundary conditions and design tools for predicting the long-term thermal and electrical performance of PV-PCM systems under different climates and configurations.”
The study is described in “
Annual-scale experimental rear-side convective and infrared heat transfer in a tilted photovoltaic module with a phase change material
,” published in
Applied Thermal Engineering",full,,dom_or_structured_full_text,,https://www.pv-magazine.com/2026/09/25/the-impact-of-phase-change-material-on-rear-side-pv-heat-transfer/,pv magazine C&I PV,光伏,工商业光伏,2026-09-26T00:34:28+00:00,零碳产业 > 能量转化 > 能源测 > 一次能源转化 > 太阳能转化 > 光伏,零碳产业,光伏,"[{""path"":[""零碳产业"",""能量转化"",""能源测"",""一次能源转化"",""太阳能转化"",""光伏""],""path_text"":""零碳产业 > 能量转化 > 能源测 > 一次能源转化 > 太阳能转化 > 光伏"",""confidence"":0.9,""reason"":""核心是相变材料对光伏组件背面传热与热管理的实验研究""}]",classified,2026-09-26T00:52:12.195555+00:00,glm-5.2,2026-09-10,
Trane unveils cold-climate heat pump operating down to -29 C - pv magazine Global,2026-09-25,"Ireland-based heating technology manufacturer
has introduced the 20 TruComfort Variable Speed Cold Climate Heat Pump with WeatherGuard, a residential air-source heat pump designed for regions with high heating loads and severe winter temperatures.
Unlike conventional heat pumps sized primarily according to cooling demand, Trane said it designed the new product with higher nominal heating capacity relative to cooling capacity, with the aim of better matching residential loads in colder climates.
The manufacturer said the new system uses R-454B refrigerant and has an outdoor operating temperature range extending from -29 C to 46 C.
The new product is available in nominal sizes of 3 tons, 4 tons and 5 tons.
The smallest, 3-ton unit, dubbed 5TCV0X36A1000A, has a nominal cooling capacity of 26,200 Btu/h and a nominal heating capacity of 33,200 Btu/h. The 4-ton 5TCV0X48A1000A provides 36,000 Btu/h of cooling and 45,000 Btu/h of heating.
Trane is also offering two 5-ton variants. The 5TCV0X60A1000A has rated cooling and heating capacities of 48,500 Btu/h and 55,000 Btu/h, respectively, while the 5TCV0X61A1000A provides 48,000 Btu/h of cooling and 55,500 Btu/h of heating.
According to laboratory data released by the company, the 3-ton unit can supply 107% of its rated heating capacity at -15 C and 85% at -29 C. The 4-ton model provides 100% of rated capacity at -15 C and 67% at -29 C.
Performance varies between the two 5-ton versions. The X60 unit delivers 87% of rated heating capacity at -15 C and 53% at -29 C, while the X61 model provides 100% and 70%, respectively, at the same temperatures.
Trane has not yet disclosed the system’s coefficient of performance (COP), heating seasonal performance factor 2 (HSPF2), or seasonal energy efficiency ratio 2 (SEER2) ratings.
Trane said development of the product grew out of its participation in the US Department of Energy’s Residential Cold Climate Heat Pump Challenge. An early prototype was independently tested at Oak Ridge National Laboratory in 2022 and subsequently underwent field testing.
The company said nine units were field tested in Minnesota, Montana, New York, Pennsylvania, Wisconsin and Texas, accumulating more than 36,900 operating hours, including more than 18,300 hours in heating mode. Minimum temperatures at the test locations ranged from around -29 C to -15 C.
During a January 2026 cold spell, Trane said one 5-ton test unit in La Crosse, Wisconsin, maintained the home’s setpoint without supplemental heat at temperatures as low as -29 C. Another test unit maintained its setpoint without backup heat down to approximately -23 C, after which supplemental heating was used while the heat pump remained in operation.
The company said the heat pump can be installed as part of an all-electric system with an air handler or incorporated into a dual-fuel configuration with a furnace. It is targeting applications in northern US states and other regions where annual heating demand substantially exceeds cooling demand.",full,,dom_or_structured_full_text,,https://www.pv-magazine.com/2026/09/25/trane-unveils-cold-climate-heat-pump-operating-down-to-29-c/,pv magazine C&I PV,光伏,工商业光伏,2026-09-26T00:34:30+00:00,零碳产业 > 能量转化 > 能源测 > 二次能源利用 > 电加热 > 热泵,零碳产业,热泵,"[{""path"":[""零碳产业"",""能量转化"",""能源测"",""二次能源利用"",""电加热"",""热泵""],""path_text"":""零碳产业 > 能量转化 > 能源测 > 二次能源利用 > 电加热 > 热泵"",""confidence"":0.95,""reason"":""Trane发布低温工况运行的空气源热泵产品""}]",classified,2026-09-26T00:52:12.195555+00:00,glm-5.2,2026-09-10,
Solar sleeves turn telecommunications towers into renewable power generators - pv magazine Global,2026-09-25,"Decon Corporation, an Australian infrastructure services company specializing in telecommunications network design, electrical contracting, and clean energy technology, has completed the first month of a proof-of-concept trial of its lightweight, flexible solar laminate panels wrapped around the north facing side of a 40-meter-high nbn Fixed Wireless monopole.
The trial allows renewable energy generation to be integrated into an existing site with minimal impact on structural loading and aims to demonstrate how installing onsite solar generation to power fixed wireless towers can help improve network reliability and
resilience
while reducing energy demand.
Combined with existing battery storage and other energy saving features, the bendable solar laminate solution is designed to run sites equipped with the solar sleeve solution for up to 12 hours during a power
, and maintain connectivity for nearby customers.
Early results indicate the system can generate the equivalent of up to 40% of the site’s total power demand during daylight hours, depending on weather conditions.
Decon Corporation Chief Executive Officer Brett Matheson said a key differentiator of the solution is Decon’s patented mounting technology, which enables solar laminate systems to be integrated onto existing monopoles in a practical, scalable and repeatable way.
Nbn Chief Technology Officer Guy Scott said the solar sleeve trial is an important initiative for the company.
“Through our partnership with Decon, we’re also demonstrating how local innovation, paired with the latest in renewable technology can help strengthen Australia’s connectivity and resilience,” Scott said.
“The initial trial demonstrated the potential of the curved solar solution in reducing our overall carbon footprint through more solar and batteries.”
“Now we’ve moved into the operational phase and believe this solution could help improve the resiliency of the nbn network by keeping selected fixed wireless sites online during mains related outages, keeping local communities connected during times of need.”
Scott added the company is inspired to look at innovative ways to
utilise its existing infrastructure
to generate renewable energy.
nbn will continue to evaluate the performance of this integrated renewable energy solution and explore additional opportunities to strengthen network resilience through the deployment of innovative energy solutions.
The solution is installed on a live nbn fixed wireless site at New Gisborne in Victoria’s Macedon Ranges, located approximately 60 kilometres northwest of Melbourne.",full,,dom_or_structured_full_text,,https://www.pv-magazine.com/2026/09/25/victorian-company-trials-solar-sleeve-on-nbn-fixed-wireless-monopoles/,pv magazine C&I PV,光伏,工商业光伏,2026-09-26T00:34:32+00:00,零碳产业 > 能量转化 > 能源测 > 一次能源转化 > 太阳能转化 > 光伏,零碳产业,光伏,"[{""path"":[""零碳产业"",""能量转化"",""能源测"",""一次能源转化"",""太阳能转化"",""光伏""],""path_text"":""零碳产业 > 能量转化 > 能源测 > 一次能源转化 > 太阳能转化 > 光伏"",""confidence"":0.9,""reason"":""柔性光伏层压板包裹通信塔实现就地发电的试点""}]",classified,2026-09-26T00:52:12.195555+00:00,glm-5.2,2026-09-10,
Fighting coastal corrosion - pv magazine Global,2026-09-25,"The owner of a solar park on Portugal’s Atlantic coast was walking his dog when he noticed something. His solar park was only two years old, but there were rusting bolts. The project was built by a German EPC company with a workmanship guarantee. The owner called the EPC to invoke the warranty, a quality …",incomplete,truncated_ending,dom_or_structured_full_text,,https://www.pv-magazine.com/2026/09/25/fighting-coastal-corrosion-2/,pv magazine C&I PV,光伏,工商业光伏,2026-09-26T00:34:35+00:00,通用技术 > 材料工程 > 防腐蚀技术,通用技术,防腐蚀技术,"[{""path"":[""通用技术"",""材料工程"",""防腐蚀技术""],""path_text"":""通用技术 > 材料工程 > 防腐蚀技术"",""confidence"":0.75,""reason"":""沿海光伏电站紧固件锈蚀及质保处理，核心是防腐蚀问题""},{""path"":[""零碳产业"",""能量转化"",""能源测"",""一次能源转化"",""太阳能转化"",""光伏""],""path_text"":""零碳产业 > 能量转化 > 能源测 > 一次能源转化 > 太阳能转化 > 光伏"",""confidence"":0.7,""reason"":""事件发生在光伏电站场景，涉及光伏项目质量与运维""}]",classified,2026-09-26T00:52:12.195555+00:00,glm-5.2,2026-09-10,
科学网-2026年度兵团科学技术奖提名工作启动,2026-09-25,"2026年度兵团科学技术奖提名工作启动
关于做好2026年度兵团科学技术奖提名工作的通知
各师市科技局、院（校）科研处，各有关单位：
为做好2026年度兵团科学技术奖提名工作，根据《兵团科学技术奖励办法》（新兵发〔2024〕22号，以下简称《奖励办法》）《兵团科学技术奖励办法实施细则》（兵科发〔2024〕11号，以下简称《实施细则》），现将有关事项通知如下：
2026年度兵团科学技术奖的提名类别为兵团科学技术突出贡献奖、兵团科学技术合作奖、兵团自然科学奖、兵团技术发明奖、兵团科学技术进步奖。
兵团科学技术奖实行单位提名和专家提名两种方式。提名单位和提名专家统称为提名者。提名者应当严格按照《奖励办法》《实施细则》相关要求择优提名，对提名材料的真实性和准确性负责，在提名、异议处理等工作中承担相应责任。
1.各师市、院（校）科技管理部门负责本地区、本院（校）的提名工作；兵团机关有关部门、有关学术组织负责本系统的提名工作。
2.提名数量不限。提名单位应建立科学合理的遴选机制，坚持优中选优，注重提名仍在一线工作的杰出科学技术专家或者在本学科、本行业、本师市、本部门的优秀科技成果和人选。
1.具有提名资格的专家包括：中国科学院院士、中国工程院院士；历届兵团最高科学技术奖和兵团科学技术突出贡献奖获得者；国家科学技术奖一等奖前三完成人和国家科学技术奖二等奖第一完成人。提名院士年龄不超过75岁，提名专家年龄不超过70岁。
2.提名专家可以独立或与他人联合提名1项兵团科学技术奖，每位专家限提名1项兵团科学技术奖。联合提名的专家中，与被提名人选或被提名成果任一完成人为同一单位的专家不超过1人。提名专家不能作为2026年度兵团科学技术奖的被提名人选、被提名成果的完成人或者评审专家，应主动回避评审工作。
3.提名专家应在本人熟悉的学科领域范围内进行提名，在提名公示时一并公示提名专家信息。联合提名时，位列第一位的专家为责任专家，对提名资料、答辩、异议处理等负主要责任。
兵团科学技术突出贡献奖和兵团科学技术合作奖不分奖励等级，兵团自然科学奖、技术发明奖、科学技术进步奖设立一等奖、二等奖、三等奖三个等级。兵团自然科学奖、技术发明奖、科学技术进步奖提名等级分为“提名一等奖”、“提名一等或二等奖”、“提名二等奖”、“提名二等或三等奖”、“提名三等奖”五种情况。提名者应当严格依据兵团科学技术奖的评审标准条件提名，说明被提名成果的贡献程度并明确所提名成果的奖励等级。被提名成果纸质版材料正式提交后，提名等级不可变更。
四、被提名成果（人选）标准
被提名成果（人选）必须符合《奖励办法》《实施细则》有关要求，并满足以下条件：
1.被提名兵团科学技术突出贡献奖的人选，截止2026年10月应在兵团工作且连续在兵团工作时间不少于5年。
2.提名自然科学奖的成果，其所提供的代表性论文、论著应当于2024年12月31日前公开发表。提名兵团技术发明奖、科学技术进步奖的成果，应当于2024年12月31日前完成整体技术应用，并取得经济效益或社会效益。
3.提名自然科学奖的成果，其所提供的代表性论文、论著的知识产权应为国内单位所有。被提名成果完成人应当是代表性论文和论著的主要作者，排名前三位的主要完成人应当是代表性论文和论著的第一作者或通讯作者。
4.提名技术发明奖的成果，其核心技术（前三项发明专利）必须于2024年12月31日前取得发明专利授权。成果完成人应当是该项技术发明的全部或者部分创造性技术内容的完成人，排名前三位的主要完成人应当为授权发明专利的发明人（当发明人少于三人时除外）。
5.用于支撑本年度提名成果的标准、专利、论文、专著、动植物新品种、计算机软件著作权、集成电路布图设计权等知识产权，应为本成果独有，且未在已获国家和省部级科学技术奖项目或本年度其他提名成果中出现。
代表性论文和专著以外文发表的，其核心技术内容（包括发现点、发明点、创新点）必须提供中文对照材料。
6.成果来源为各级科技计划的单个项目成果，应当已通过结题验收，提交验收证书；整合组装及自研成果，应当完成成果评价，提交评价报告。所有提名成果，均需要在兵团科技成果转化与技术转移平台（https://cgzh.btstsc.cn/#/index）完成成果登记，提交成果登记证明。
7.同一成果不得在同一年度重复提名自然科学奖、技术发明奖和科学技术进步奖。
8.提名自然科学奖、技术发明奖和科学技术进步奖的完成人，同一年度只能作为一个提名成果的完成人。在科学研究、技术开发项目中仅从事组织管理和辅助服务的工作人员，不得作为提名成果的完成人。各级党政机关的主要负责人不得作为提名成果的完成人。
9.上一年度提名未获奖项目，若无新增技术成果，不得连续提名。
10.提名成果完成单位应具有法人资格，第一完成单位须为兵团单位，第一完成人非兵团全职人员应提供在兵团开展科研的证明，前三完成人至少有一名为兵团全职工作的个人，完成人至少有二分之一的兵团人员。各级党政机关不得作为兵团科学技术奖的完成单位。
11.自然科学奖、技术发明奖只授予成果完成人，提名人数不超过6人。科学技术进步奖授予成果完成人和完成单位，提名一等奖、一等或二等奖成果完成人不超过15人，完成单位不超过10个；提名二等奖、二等或三等奖成果完成人不超过10人，完成单位不超过7个；提名三等奖成果完成人不超过7人，完成单位不超过5个。
若在评审过程中成果等级发生调整，将依据排序从前向后截取对应数量的完成单位和完成人。
12.涉及国家安全类、国防类和其他涉密的项目不得提名；未按法律、行政法规规定取得有关许可证的项目不得提名。
单位提名的，由单位填写《兵团科学技术奖单位提名申请表（2026年度）》并加盖公章，通过电子邮件提交兵团科技局；专家提名的，由责任专家填写《兵团科学技术奖专家提名申请表（2026年度）》并签名，通过电子邮件提交兵团科技局。兵团科技局收到提名申请后3个工作日内，完成提名资格审核并发送提名号和校验码。
被提名成果（人选）应在成果主要完成人、被提名人选所在单位进行公示，公示内容按照《新疆生产建设兵团科学技术奖励提名工作手册（2026年度）》（以下简称《提名工作手册》）要求进行，公示时间不少于7日。公示期间有异议的，在异议处理完毕前，不得提名兵团科学技术奖。
六、提名书填报要求
提名书是兵团科学技术奖评审的主要依据，被提名成果（人选）按照《提名工作手册》要求，客观、如实、完整填写。
提名书包括电子版和纸质版。电子版提名书通过“兵团科技奖励综合管理系统”在线填写，纸质版提名书由系统生成的电子版打印并签章，纸质版提名书与电子版提名书应完全一致，未通过系统自行编写的不予受理。
七、科研诚信和提名责任要求
（一）强化科研诚信
提名者、被提名人选、被提名成果的完成人和完成单位应具备良好的科研诚信，无科研失信行为。被提名人选、被提名成果第一完成人作为第一责任人，对提名材料的真实性、有效性、合法性承担主体责任。如有弄虚作假、冒名顶替、剽窃他人科研成果、侵犯他人知识产权等科研失信行为的，一经查实，按照国家和兵团有关规定处理。
（二）严格落实审核责任
1.被提名人选所在单位、被提名成果第一完成单位应依据《奖励办法》《实施细则》和提名条件对提名材料进行审核，对被提名人选、被提名成果完成人及完成单位排序、知识产权、论文专著、科技成果评价、应用证明、经济社会效益等材料的真实性、完整性、有效性、合法性负责，并作出书面审核承诺。
2.提名者对相关材料的真实性和准确性负责，严格把关，严禁审核走过场、流于形式，被提名成果（人选）出现科研诚信问题，提名者审核职责履行不到位的，视情节轻重，对相应提名者予以批评教育、暂停或取消提名资格等处理。
3.提名者应当就被提名人政治、品行、作风、廉洁等情况听取其所在单位意见，被提名者所在单位应当征求纪检监察部门意见的基础上做好审核把关，由提名者统一出具包含纪检监察部门意见的证明。
4.提名者应当加强对提名成果经济社会效益情况的核查，重点核查经济社会效益测算方法是否科学规范，相关数据是否真实准确完整，应用证明等佐证材料是否真实有效。
5.被提名成果（人选）有下列情形之一的，不得被提名：在科学技术活动中，危害国家安全、损害社会公共利益、危害人体健康、违反伦理道德的；有科研不端行为，按照有关规定被禁止参与国家或者兵团科学技术奖励活动的；被依法列为严重失信主体联合惩戒对象且处于惩戒期的；受到党纪处分或者政纪处分并处于影响期的；国家和兵团科学技术行政部门规定的其他情形。
八、提名材料报送要求
请各提名者按规定做好2026年度兵团科学技术奖提名材料的审核和报送工作。
1.纸质版提名书主件与相关佐证材料、单位公示证明等合订成册，不需另加封面，单双面不限。纸质版提名材料中需加盖公章或亲笔签名的部分（如提名意见、主要完成单位情况表、应用情况及经济效益证明、单位公示证明等），应当提供原件。
2.提名者对评审专家有回避要求的，应提交《兵团科学技术奖回避专家申请表（2026年度）》，详细说明申请回避的理由，提供证明材料并加盖提名单位公章或提名专家签名。
3.提名书经被提名成果（人选）所在单位审核后，提名者进行提名审核，填写提名意见、确认提名等级，并在纸质提名书上加盖提名单位公章或提名专家签字。
九、提名时间要求
1.即日起，提名者通过电子邮件发送提名申请，等待接受提名号及校验码。
2.被提名成果（人选）可于2026年10月24日起登录兵团科技奖励综合管理系统（http://124.117.240.68:8010），按照要求在线填写、上传佐证材料、提名者审核。
3.网上提名时间为2026年10月24日至2026年12月24日，提名者审核截止时间至2026年12月24日。
4.各提名者于2027年1月10日前，将纸质版提名材料原件1份、提名成果汇总表1份（加盖公章或签名）寄送至兵团科技发展促进中心，逾期不予受理。
十、联系人及联系方式
兵团科技发展促进中心马晓梅0991-2609273
兵团科技局政策法规处杨文龙0991-2899404
通信地址：乌鲁木齐市天山区五星南路350号华域大厦1105
邮编：830002
新疆生产建设兵团科学技术奖励提名工作手册（2026年度）.docx
兵团科学技术奖专家提名申请表（2026年度）.docx
兵团科学技术奖单位提名申请表（2026年度）.docx
兵团科学技术奖回避专家申请表（2026年度）.docx
特别声明：本文转载仅仅是出于传播信息的需要，并不意味着代表本网站观点或证实其内容的真实性；如其他媒体、网站或个人从本网站转载使用，须保留本网站注明的“来源”，并自负版权等法律责任；作者如果不希望被转载或者联系转载稿费等事宜，请与我们接洽。",full,,dom_or_structured_full_text,,http://news.sciencenet.cn/htmlnews/2026/9/572135.shtm,科学网新闻,综合科技,科技新闻,2026-09-26T00:38:47+00:00,未分类,,,[],unclassified,2026-09-26T00:52:12.195555+00:00,glm-5.2,2026-09-10,
科学网-海南公布一批省自然科学基金项目验收结果,2026-09-25,"海南公布一批省自然科学基金项目验收结果
海南省科学技术厅关于下达省自然科学基金“紫外光设备辐照眼后极部巩膜胶原交联的应用研究”等项目验收结果的通知
根据海南省科技计划项目管理有关规定，经委托第三方机构组织验收并公示，省自然科学基金“紫外光设备辐照眼后极部巩膜胶原交联的应用研究”等38个项目的验收结论为“通过绩效验收评价”，“间充质干细胞来源的外泌体通过STAT3信号通路调节小胶质细胞极化态促进蛛网膜下腔出血后神经功能恢复”项目的验收结论为“结题”，“介孔硅富集金纳米团簇双模态成像探针在舌鳞状细胞癌诊断与治疗中的应用研究”等3个项目的验收结论为“不通过绩效验收评价”（详见附件）。现将验收结果下达你单位。
省自然科学基金项目验收结果清单（2026年9月）
海南省科学技术厅
（此件主动公开；联系人：李加星，电话：65335205）
特别声明：本文转载仅仅是出于传播信息的需要，并不意味着代表本网站观点或证实其内容的真实性；如其他媒体、网站或个人从本网站转载使用，须保留本网站注明的“来源”，并自负版权等法律责任；作者如果不希望被转载或者联系转载稿费等事宜，请与我们接洽。",full,,dom_or_structured_full_text,,http://news.sciencenet.cn/htmlnews/2026/9/572134.shtm,科学网新闻,综合科技,科技新闻,2026-09-26T00:38:50+00:00,未分类,,,[],unclassified,2026-09-26T00:52:12.195555+00:00,glm-5.2,2026-09-10,
科学网-导师要求写周报，算额外负担吗？一位博士的亲身经历,2026-09-25,"导师要求写周报，算额外负担吗？一位博士的亲身经历
文｜《中国科学报》见习记者 赵婉婷
“服从性测试”——前段时间，科学网公众号转发了北京建筑大学教授王崇臣的科学网博文
《高校教授：学生写周记“很痛苦”，我为什么还执意要求？》
。评论区里，有读者用这五个字概括了写周记这件事。还有人直言，这是学生的“额外负担”。当然，也有读者认为，遇到一位负责任的导师是非常幸运的事。
究竟有没有必要写周记/周报？研究生应当如何看待这类任务？怎样让每周给导师的汇报真正有价值？
带着这些问题，《中国科学报》采访了西湖大学助理研究员刘磊。
今年3月，以刘磊为一作的论文在《自然》发表。当时，刘磊在接受《中国科学报》采访时分享，这项研究的起点就是一份周报中对一类溶剂表现的记录。而这项工作的不断推进，也离不开刘磊与导师基于周报内容的一次次讨论。
刘磊所在的课题组有写周报的传统，今年是他写周报的第6年。现在，他也会协助课题组PI指导学生，并结合周报内容与他们讨论课题进展和遇到的问题。他从自己的经历出发，分享了自己对写周报的理解，也提供了一些能让周报真正发挥价值的实用建议。以下是他的讲述。
和导师交流的切入点
硕士毕业后，我加入了西湖大学王建辉老师课题组读博、做博士后研究，并于今年4月正式出站，成为课题组的助理研究员。
我们课题组做的是新能源储存与转化相关研究，从实验中找规律是我们推进研究的核心，而很多规律往往并非来自单次实验，而是基于大量重复实验与对照分析。因此，对于这样的实验学科来说，定期汇总实验现象、解决遇到的问题，的确很有必要。
在我们课题组，大家通常会定期和导师一对一交流，交流的基础就是周报。
在周报中，我们会对本周内的工作作简单梳理，内容不限于实验进展，还可以是看文献、论文写作或是仪器表征方面遇到的问题，同时附上关键的数据图表。
如果这一周主要是文献整理和论文写作，那么我在周报中梳理这些内容通常只需十几分钟；如果这一周实验量很大，我会在日常实验时随时记录细节，并把数据整理到一个PPT里，后续再汇总成周报，通常一个小时也能完成。
对我来说，写周报不会占用太多时间。当然，也有学生会觉得写周记或周报比较痛苦，或是认为它占用了额外的时间。我觉得这很大程度上取决于怎么看待这件事：如果只把完成它当成一项额外任务，确实容易成为负担；但如果把它作为整理思路、发现问题和与导师沟通的一种方式，感受可能就会不一样。
我更愿意把周报看成科研讨论的一个“切入点”。周报可以帮助自己把基于一周工作的问题和思路理清楚，这样和导师交流时，就能更快进入具体问题，也不容易遗漏实验细节。
明确了写周报的目的之后，它就不再只是一项需要完成的任务。
值得一提的是，很多时候，自己认为与预期不一致的实验“异常”或“失败”，有时反而能引出新的值得探究的问题。在写周报时，有必要把这些数据真实地记录下来，并自己先思考失败的原因是什么、证据是否可以支持猜想。这个过程可以很好地训练科研判断能力，对处在科研生涯早期的学生尤其有用。
当然，哪怕自己分析不出来原因也没关系，可以很直接地写一句：“我感觉这个数据好像不太对，但暂时想不清楚原因。”关键是要让导师知道你遇到的问题与疑惑，与导师一起讨论，才会碰撞出新的想法。
此外，在周报中突出重点也非常重要，能帮助导师更快抓住关键问题，共同把科学研究的工作做得更好。当然，交流也不只限于实验和课题。王老师也会关注我们最近的状态，如果不太好或者生活中遇到一些事情，有时候会自然地聊到。
课题推进的“积累”
我博士和博士后期间一直在推进的一项重要工作的起点，就来自2020年的一份周报记录。
那时，我刚开始读博，想尝试设计一种液态中间层，希望改变负极界面的电化学环境。
最初我只是想围绕这个问题开展一项基础研究，但在筛选了大量溶剂，并把不同类别溶剂的表现做了汇总后，我发现了一些出乎意料的现象，也看到了一些规律。于是，我们进一步深入研究相关性能，并继续探索了这些现象和性能背后的机制。
在后续研究中，我们又进一步比较了不同电解液体系，考察温度、压力、电流密度等条件对电化学行为和界面结构的影响，并结合多种表征手段和不同时间尺度的分析，来验证最初的判断。
如果在实验中只着眼于筛选最优的结果，就很容易忽略中间现象和演变过程，难以形成更完整的认识。不同阶段的实验记录，也能帮助我判断证据能否支持猜想，下一步又应该通过什么实验去验证。
一份份周报记录了我不断寻找证据、推翻假设并重建认知的过程，课题也在一点点积累中不断推进。回过头翻看周报时，我能看到自己最初想要研究的问题，也能看到一路走来的尝试过程，还是颇有感触的。
还有一个例子。博二博三时，我负责一些仪器设备管理，曾设计并搭建过一套用于软包电池的在线压力及位移监测装置。为了便于与导师讨论设计的参数，我把设计图与参数选择详细写进了周报。直到现在，在涉及类似实验设计时，我有时还需要回看一下当时的参数设定，以及背后的原因。此前很多阶段性工作的设计、判断和经验，后来都可能成为新的实验和研究工作的参考。
毕竟，一个课题可能持续两三年，博士阶段的整体研究周期则更长，并且每个人手中通常不止一个课题，实验做多了，总会忘记一些细节。在方便回看数据的同时，周报里记录的思考过程和分析，对之后写毕业论文、写期刊论文都有很大帮助。
让周报回到交流本身
其实，我刚读博入组时，还没有形成一种能够通过周报与导师高效讨论课题的方式。当时会记录很多实验信息，却没有围绕课题的研究主线去组织内容。
现在，我在协助课题组PI指导学生时，发现处于科研生涯早期的学生在写周报时容易踩“坑”，也需要及时给他们适当的引导。
首先是篇幅。在我们课题组，周报主要内容通常在一页以内。具体结果能用图表说明的，就尽量不用大段文字。另外，如果某个板块的实验没有全部完成，就下周继续推进，没有必要为了在周报中体现工作量而刻意赶进度。王老师也会提醒我们，不要因为一时的进度给自己增加太多压力，相比于多一天或少一天，更重要的是保证实验质量，把问题真正做清楚。
其二，如果某一周以阅读文献为主，那尽量不要把文献中的内容直接复制粘贴到周报中，而是要写上自己的理解和思考，否则信息量很低，也会让周报停留在“形式主义”。
其三，有时大家只写了符合预期的进展，会“不好意思”展示那些与预期不符的结果，但这可能不利于在科学研究中实现新突破。及时与导师交流，有助于发现问题、及时修正，或挖掘出异常数据中的“宝藏”。
其四，我们常做实验的人有时会自定义缩写，比如按自己的习惯给众多试剂编号。但把这样的缩写写入周报，导师未必能第一时间理解，反而给交流带来了障碍。
在完成周报的过程中注意这些问题，是为了让学生与导师的每次讨论都有效，避免让周报流于形式主义。我也常与师弟师妹说，周报是为了帮助课题推进，而不是为了周报写得更充实去安排科研工作。
此外，科研工作者的习惯不同、研究领域不同，周报肯定不是唯一的交流方式。能够帮助师生及时、有效沟通，并服务于课题推进，就是合适的方式。
在我们课题组，还有用来交流文献的大组会，以及同方向成员的月度小组会。多人间的交流同样很重要，听听大家是怎么理解问题的、怎么选择研究方法的，也能避免局限于单一的研究视角。
总的来说，科研的反馈周期是漫长的，在论文没有写好并顺利发表之前，那种“未完成”的状态往往会带给人压力。若缺少兴趣与热情的支撑，人的状态也容易受到影响。因此，师生之间及时、有效的沟通也很重要。如果学生和导师都愿意围绕研究课题保持投入和交流，那么基于周报或其他形式的高效沟通，就能够促进发现问题、解决问题，并形成良性循环。
总之，写周报本身并不是目的，我的出发点是希望借助这种方式，更及时地和导师沟通，也把自己感兴趣的研究再往前推进一步。
特别声明：本文转载仅仅是出于传播信息的需要，并不意味着代表本网站观点或证实其内容的真实性；如其他媒体、网站或个人从本网站转载使用，须保留本网站注明的“来源”，并自负版权等法律责任；作者如果不希望被转载或者联系转载稿费等事宜，请与我们接洽。",full,,dom_or_structured_full_text,,http://news.sciencenet.cn/htmlnews/2026/9/572133.shtm,科学网新闻,综合科技,科技新闻,2026-09-26T00:38:52+00:00,未分类,,,[],unclassified,2026-09-26T00:52:18.911129+00:00,glm-5.2,2026-09-10,
科学网-天津大学成立具身智能研究院,2026-09-25,"天津大学成立具身智能研究院
9月24日，天津大学具身智能研究院成立，也标志着天津首个具身智能领域高水平创新研究平台启动建设。
据悉，该研究院将汇聚政产学研金多方力量，推动创新链、产业链、资金链、人才链深度融合。天津大学充分发挥多学科交叉与科研创新优势，集中揭牌5个校级、10个院级联合实验室，形成“校级引领、院级深耕、层层联动、全域创新”的协同创新矩阵；为科技成果转化和产业化提供资本支撑，大会启动总规模20亿元的北洋具身智能创新产业基金，推动一批创新载体集中落地；成立北洋具身智能产教创新联合体，汇聚高校科研力量、行业组织、公共服务机构和产业链骨干企业，促进科研、人才、技术、资本与产业资源协同联动。
未来，天津大学具身智能研究院将立足天津雄厚的先进制造业基础和丰富应用场景，聚焦工业制造、特种作业、军事国防、家庭服务、医疗康养五大领域“急、难、危、重、险、繁”任务中的关键科学问题，强化应用基础研究和共性技术攻关，重点突破“强韧本体、敏捷小脑、柔性大脑”三大核心技术方向，致力于打造高水平科技研发平台、高价值成果转化平台、高质量人才培养平台，赋能天津先进制造业升级和未来产业布局，服务国家重大战略需求。
首届北洋具身智能创新论坛同期举办，设置具身智能教育、具身智能科技、具身智能产业三大平行论坛，汇聚学术界与产业界智慧，围绕创新人才培养、关键技术攻关、成果转化与产业应用展开深入交流，促进教育、科技、人才与产业协同发展，为具身智能创新突破与产业升级凝聚智慧、汇聚合力。
大会同期设置具身智能机器人展区，集中展示研究院及合作企业的创新成果。具身智能人形机器人、移动并联控球机器人、手眼协调系统、仿生皮肤、动捕仿真平台等集中亮相，多维呈现具身智能从本体、感知、控制到场景应用的创新探索。与会嘉宾走进展区，近距离感受人工智能与机器人技术融合发展的最新进展。
大会由天津大学主办，天津大学具身智能研究院承办，天津市南开区科学技术局、天津市机器人产业技术联盟、天津市机器人产业协会、天津市机械工程学会、天津市人工智能学会协办。
成立仪式现场  天津大学供图",full,,dom_or_structured_full_text,,http://news.sciencenet.cn/htmlnews/2026/9/572132.shtm,科学网新闻,综合科技,科技新闻,2026-09-26T00:38:54+00:00,AI与智能科技 > 具身智能 > 模型和具身操作系统,AI与智能科技,模型和具身操作系统,"[{""path"":[""AI与智能科技"",""具身智能"",""模型和具身操作系统""],""path_text"":""AI与智能科技 > 具身智能 > 模型和具身操作系统"",""confidence"":0.75,""reason"":""研究院聚焦具身智能大脑、小脑等核心技术与平台建设""},{""path"":[""AI与智能科技"",""具身智能"",""硬件和控制""],""path_text"":""AI与智能科技 > 具身智能 > 硬件和控制"",""confidence"":0.7,""reason"":""新闻涉及强韧本体、人形机器人等硬件本体方向""}]",classified,2026-09-26T00:52:18.911129+00:00,glm-5.2,2026-09-10,
科学网-一粒水稻好种子交出的八省“答卷”,2026-09-25,"一粒水稻好种子交出的八省“答卷”
稻穗低垂，新米飘香。9月22日，优质高产绿色水稻新品种现场观摩会在浙江德清举行。由南京农业大学教授、中国工程院院士万建民团队育成的“十四五”国家农作物育种联合攻关突破性品种“宁香粳9号”长势喜人，丰收在望。
丰收在望的“宁香粳9号”。南京农大供图
这片农田，是“宁香粳9号”跨区域推广的一个缩影。
自2020年通过江苏省审定以来，该团队联合隆平高科、勿忘农等种业龙头企业，在不同生态区广泛开展引种试验与示范推广，先后完成江苏、安徽、上海、湖北、浙江、云南等省市引种备案，并通过贵州、河南两省审定，成为目前国内粳稻中唯一完成8个省市审定或引种备案的品种。
习惯打“区域战”的南方粳稻，由此走向广阔天地，真正将优质、高产、绿色、广适等优势融为一体。
田间“考卷”：多地验证广适性
“我们当地的粳稻大多晚熟。”据浙江德清星晴家庭农场主沈煜潮介绍，经过三四年的种植，“宁香粳9号
成熟期明显早于当地常规品种，不仅让新米抢鲜上市、占得先机，还为后茬油菜种植留出了充裕的接茬时间。
“从多点试验和示范表现看，‘宁香粳9号’在长江中下游等稻区均表现出较好的稳产性和丰产性。”南京农业大学水稻分子遗传与育种团队副研究员田云录介绍。
种植面积广，并不等于广适。田云录表示，广适性的内涵，是在不同温、光、水、热条件下找到产量、品质与抗性的平衡点。
观摩会现场。南京农大供图
“今年受台风影响，稻飞虱等虫害较为严重，‘宁香粳9号’田间表现依然稳定。稻瘟病抗性是硬指标，要看它在区域整体上稳得住产量、抗得起病害。”田云录表示。
团队要面对的，从来不是一种天气、一方水土：长江中下游平原和水网地区，既有梅雨低温，也有灌浆期高温；河南地处豫南平原，春天干暖、后期温差大；贵州海拔高、天气冷凉；云南更是“一山有四季”，不同海拔的温度、光照差异显著。
“这意味着，每个省份都是一张不同的‘考卷’。”南京农业大学水稻分子遗传与育种团队教授刘喜表示。
适配，不止于区域，更在于品质与产量的平衡。浙江省农业技术推广中心副主任陈叶平说：“在浙江，软米生产常面临产量与品质难以兼顾的问题。‘宁香粳9号’不只是产量高，更以良种良法在品质和产量之间找到了平衡。”
品种决定潜力的上限，栽培决定潜力能否表达。南农大水稻精确定量栽培团队教授江瑜表示：“匀早发、调碳氮、稳灌浆、绿色防控，本质上是围绕群体质量做调控。只有把品种的耐高温、氮高效、抗倒伏等性状转化为田间产量和品质，良种才能真正落地。”
田间地头的“答卷”结果，写在一串串数字里：在浙江平湖，“宁香粳9号”百亩示范片验收亩产757.46公斤；在贵州麻江，全生育期150天、亩产700公斤，创当地高产纪录；在海南三亚，全生育期120天、亩产640公斤，创海南规模种植优质稻高产纪录。
市场“阅卷”：把田间优势转化为产业优势
“好品种是育出来的，大品种是推出来的。科研成果只有走出实验室、走进田间地头，才能真正转化为现实生产力。”南京农业大学党委副书记江嵩在观摩现场表示，“大田里的性状优势，只有经过市场检验，才能变成真正的产业优势。”
田间地头之后，市场是更挑剔的阅卷人。在浙江，“宁香粳9号”凭食味品质和软米特性打开市场；在云贵地区，居民有冷饭团等饮食习惯，格外看重米饭冷却后的质地，“宁香粳9号”以软糯优势精准契合需求，受到这些地区的市场欢迎。
浙江勿忘农种业股份有限公司负责“宁香粳9号”在浙江的推广工作。该公司总经理唐昌华表示：“除了早熟和高产，‘宁香粳9号’更关键的是食味品质优异。当好品质被看见、被选择，品种才能真正从‘种得好’走向‘卖得好’。”
“宁香粳9号”。南京农大供图
在星晴家庭农场，“宁香粳9号”70%的整精米率帮助农场实现了订单变现。这份收益之所以稳得住，靠的是大量米企订单和品牌渠道“接住”了消费者的需求：益海嘉里、中粮集团等国内多家知名米企参与收购，中粮集团“福临门”品牌大米进入各大精品超市，仅安徽白湖米业一家企业去年就收购了6000吨“宁香粳9号”稻米。
南京农业大学副校长刘裕强表示，近年来，“宁香粳9号”在多地田间表现稳定、综合性状突出，正是高校发挥品种选育、技术集成优势，企业发挥加工流通、市场开拓专长，“双链”耦合、协同发力的范例。
据了解，万建民团队将继续瞄准高产、优质、绿色、广适等目标持续攻关，把更多好种子、好品种带给农民和消费者，为保障国家粮食安全、助力农业强国建设做出贡献。",full,,dom_or_structured_full_text,,http://news.sciencenet.cn/htmlnews/2026/9/572131.shtm,科学网新闻,综合科技,科技新闻,2026-09-26T00:38:57+00:00,零碳产业 > 物质循环 > 资源获取 > 种植养殖技术,零碳产业,种植养殖技术,"[{""path"":[""零碳产业"",""物质循环"",""资源获取"",""种植养殖技术""],""path_text"":""零碳产业 > 物质循环 > 资源获取 > 种植养殖技术"",""confidence"":0.9,""reason"":""核心事件是水稻新品种的选育与多省种植推广""}]",classified,2026-09-26T00:52:18.911129+00:00,glm-5.2,2026-09-10,
科学网-第十四届中国工业生物技术创新论坛在津召开,2026-09-25,"第十四届中国工业生物技术创新论坛在津召开
近日，第十四届中国工业生物技术创新论坛暨生物制造产业大会在天津举行。本届大会由中国生物工程学会、中国科学院天津工业生物技术研究所（以下简称天津工生所）和合成生物国家技术创新中心联合主办，低碳合成工程生物学全国重点实验室、中国生物工程学会工程细胞与智能制造专业委员会（筹）等承办。
大会以“合成生物，驱动生物制造”为主题，围绕生物制造前沿创新与产业发展展开深入交流研讨，旨在推动科技创新与产业创新深度融合，赋能新质生产力，为加快合成生物创新策源、推动我国生物制造产业高质量发展凝聚共识与实践合力。
中国科学院副院长、党组成员何宏平，天津市副市长翟立新，中国生物技术发展中心主任张新民，中国生物工程学会秘书长张宏翔出席会议并致辞，天津工生所所长向华主持开幕式。
大会特邀中国科学院院士、复旦大学微生物组中心主任赵国屏，中国工程院院士、天津科技大学教授程博闻，中国工程院外籍院士、山东大学微生物改造技术全国重点实验室主任张友明，天津工生所创始所长马延和研究员，北京大学化学学院博雅特聘教授、北大-清华生命科学联合研究中心资深研究员雷晓光等专家学者出席。赵国屏、程博闻、张友明、雷晓光四位专家分别作大会报告，就生命科学赋能生物制造、生物基纤维材料绿色制备与高值化发展、基因组多位点编辑在细胞工厂性能提升中的应用、超越自然进化的生物合成等进行了系统阐释，并展望了生物制造领域发展前景。
大会围绕“AI赋能生物制造”“工业酶设计与应用”“成果转化与共性工艺”“化学品绿色生物合成”“天然产物微生物重组合成”“工业菌种自主创新”“未来食品生物制造”“非粮原料生物制造”“一碳生物转化利用”等主题设置10个分论坛。期间，天津工生所与天津长芦海晶集团有限公司、天津喜仕莱乳业有限公司、天津开物生物科技有限公司签约，将在(S)-玻色因生物制造技术等方面开展项目合作，共同推动优秀科技创新成果在津落地。
大会期间，天津市科技局相关负责同志宣介了拟于近期出台的《天津市推动生物制造创新发展行动计划（2026-2030年）》，系统化、体系化支持产业发展，打通创新研发、中试转化、产业落地、产品应用全链条，到2030年，全力打造千亿级生物制造产业集群。这是天津市继出台《天津市推动脑机接口创新发展行动计划（2026-2030年）》政策之后，推出的又一项细分赛道专项政策，释放出集全市之力发展生物制造产业的信号，以及天津持续做强未来产业的决心和信心。
会上，天津市生物制造产业联盟正式宣告成立。联盟由天津市科技局联合6部门共同指导，现已汇聚生物制造领域高校、科研机构、行业企业、金融机构、投资机构等130余家成员单位，未来将常态化开展技术对接、供需匹配等活动，带动产业链上下游成龙配套、成链成群。",full,,dom_or_structured_full_text,,http://news.sciencenet.cn/htmlnews/2026/9/572130.shtm,科学网新闻,综合科技,科技新闻,2026-09-26T00:38:59+00:00,未分类,,,[],unclassified,2026-09-26T00:52:18.911129+00:00,glm-5.2,2026-09-10,
科学网-科睿唯安《图书馆的发展脉搏2026》：中国AI应用推进领先,2026-09-25,"科睿唯安《图书馆的发展脉搏2026》：中国AI应用推进领先
科睿唯安日前发布了《图书馆的发展脉搏2026》报告。调查结果显示，中国的图书馆在AI部署方面处于领先地位。受访机构中，有 28% 表示已达到中度至积极实施阶段，这一比例较2024年增长超过一倍，也明显高于全球 16% 的水平。
作为连续第三年开展的全球性调研，本次调查重点考察了图书馆如何应对技术变革，特别是人工智能的发展，以及不断变化的工作重点和日益增长的人力与资源需求。
报告显示，图书馆之间在AI应用成熟度方面的差距正在扩大。一部分图书馆已经从试验探索阶段迈向实际部署，而另一部分仍处于AI应用的最早期阶段。在已经积极部署AI的图书馆中，51%采用图书馆与IT部门联合管理模式；而在全部受访机构中，这一比例仅为26%。这一发现表明，完善的管理机制以及跨部门协作对于推动AI应用至关重要。
科睿唯安学术研究与政府事业部战略与创新高级副总裁 Oren Beit-Arie 表示：“对于图书馆而言，AI 意味着持续性的变革，同时也伴随着一系列艰难的抉择，包括何时采用、何时保持谨慎，以及如何维护学术诚信和图书馆的核心价值。今年研究中最值得关注的一点，是不同图书馆之间正在显现出明显差异。一些图书馆选择积极尝试、持续学习并逐步建立对 AI 的信心；而另一些图书馆则采取观望态度，这可能是主动选择，也可能是受限于资源有限。”
报告其他主要发现还包括：首先，随着 AI 部署的深入，关注重点也在发生变化，隐私与安全、AI 输出中的错误信息以及算法偏见，已成为各图书馆员最关注的问题。值得注意的是，相较于尚未采用AI的图书馆，积极推进 AI 应用的图书馆往往报告了更多担忧；其次，提升员工生产力已成为 AI 应用的重要目标，面对不断变化的服务需求、日益增长的工作负荷以及不断扩大的职责范围，越来越多图书馆开始探索利用 AI 提升整体服务能力和员工工作效率；再次，图书馆仍需兼顾多项优先事宜，除了 AI 之外，受访者还重点提及了以下持续性挑战：开放科学，开放教育资源，图书馆经费保障，科研支持服务，不断变化的用户需求。",full,,dom_or_structured_full_text,,http://news.sciencenet.cn/htmlnews/2026/9/572129.shtm,科学网新闻,综合科技,科技新闻,2026-09-26T00:39:01+00:00,未分类,,,[],unclassified,2026-09-26T00:52:18.911129+00:00,glm-5.2,2026-09-10,
科学网-国家超算互联网核心节点，央视《超级工程》开播,2026-09-25,"国家超算互联网核心节点，央视《超级工程》开播
9月23日，中央广播电视总台大型纪录片《超级工程—曙光8000》启播暨国家超算互联网核心节点（曙光8000）技术解密活动在京举行。
国家超算互联网核心节点（曙光8000）是本季《超级工程》唯一拍摄对象，也是该栏目在记录港珠澳大桥、中国高铁等重大工程后，首次将镜头转向超大规模算力基础设施。四集纪录片于9月25日起每晚19:27在CCTV-9纪录频道连续播出。
启播活动仪式现场。曙光 供图
启播仪式上，超算互联网核心节点（曙光8000）计算、网络、存储、液冷四大子系统负责人同台亮相，解密关键技术攻关路径：如何让十万卡在超大规模下高效协同，把硬件规模转化为可用、好用、易用的系统算力。
超算互联网核心节点投运并非单点技术突破的叠加，而是一场计算、网络、存储、液冷协同创新的系统工程，10万多张国产加速卡、30多亿个电子元器件、1600多公里长的线缆、0.2毫米以内的组装精度，涉及核心技术、系统设计、工程制造等多个环节的技术突破。“斗拱结构启发的高密设计、从跟跑到并跑的自主交换芯片、独创的‘超级隧道’存储技术、金刚石铜材料全球首次大规模应用”等创新都会在纪录片中呈现。
目前，在“四个面向”、“四极”等战略科学与工程计算领域，超算互联网核心节点正在支撑一系列超智融合大应用创新：材料科学领域实现3.16万亿原子DFT动力学精度模拟、流体仿真领域实现328万亿网格湍流超大规模模拟、脑科学领域实现全脑860亿神经元加速模拟等全球突破性成果，以及300多项重点应用的深度优化。",full,,dom_or_structured_full_text,,http://news.sciencenet.cn/htmlnews/2026/9/572128.shtm,科学网新闻,综合科技,科技新闻,2026-09-26T00:39:03+00:00,AI与智能科技 > AI硬件层 > 计算集群,AI与智能科技,计算集群,"[{""path"":[""AI与智能科技"",""AI硬件层"",""计算集群""],""path_text"":""AI与智能科技 > AI硬件层 > 计算集群"",""confidence"":0.93,""reason"":""核心对象为国家超算互联网核心节点的十万卡大规模算力系统""},{""path"":[""AI与智能科技"",""AI硬件层"",""芯片""],""path_text"":""AI与智能科技 > AI硬件层 > 芯片"",""confidence"":0.65,""reason"":""涉及10万余张国产加速卡与自主交换芯片的协同突破""}]",classified,2026-09-26T00:52:18.911129+00:00,glm-5.2,2026-09-10,
科学网-2026年度电力科学技术奖拟获奖人公示,2026-09-25,"2026年度电力科学技术奖拟获奖人公示
电力科学技术奖评审委员会会议于2026年9月24日在京召开，会议评审出2026年度电力科学技术奖拟获奖人共88位，其中“电力科学技术贡献奖”拟获奖人7位，“电力科学技术创新奖”拟获奖人39位，“电力科学技术青年创新奖”拟获奖人42位。
现将拟获奖人名单公布如下。根据有关规定，自公布之日起10日内，任何单位和个人均可对拟获奖人提出书面异议，逾期不予受理。书面异议要陈述异议理由、具体意见，如有附件要列出目录，并将附件原件与书面异议材料一并提交奖励办公室。单位异议的要加盖公章，提供联系人、联系电话和通信地址；个人异议的要签署异议人真实姓名，提供工作单位、联系电话和通信地址。异议者名称或姓名需要保密的，请在异议材料中注明。
电话：010-63414872
地址：北京市西城区白广路二条1号
邮编：100761
2026年度电力科学技术奖拟获奖人公示.pdf
特别声明：本文转载仅仅是出于传播信息的需要，并不意味着代表本网站观点或证实其内容的真实性；如其他媒体、网站或个人从本网站转载使用，须保留本网站注明的“来源”，并自负版权等法律责任；作者如果不希望被转载或者联系转载稿费等事宜，请与我们接洽。",full,,dom_or_structured_full_text,,http://news.sciencenet.cn/htmlnews/2026/9/572127.shtm,科学网新闻,综合科技,科技新闻,2026-09-26T00:39:05+00:00,未分类,,,[],unclassified,2026-09-26T00:52:22.931944+00:00,glm-5.2,2026-09-10,
科学网-2026年度电力科学技术奖拟获奖项目公示,2026-09-25,"2026年度电力科学技术奖拟获奖项目公示
电力科学技术奖评审委员会于2026年9月23日在京召开会议，会议评审出2026年度电力科学技术奖拟获奖项目共167项，其中电力自然科学奖2项（拟授一等奖1项、二等奖1项），技术发明奖9项（拟授一等奖1项、二等奖3项、三等奖5项），科学技术进步奖156项（拟授一等奖31项、二等奖51项、三等奖74项）。
现将拟获奖项目的项目编号、项目名称、主要完成单位及主要完成人名单予以公示。根据有关规定，自公布之日起20日内，任何单位和个人均可对拟获奖项目提出书面异议，逾期不予受理。书面异议要陈述异议理由、具体意见，如有附件要列出目录，并将附件原件与书面异议材料一并提交奖励办公室。单位异议的要加盖公章，提供联系人、联系电话和通信地址；个人异议的要签署异议人真实姓名，提供其工作单位、联系电话和通信地址。异议者名称或姓名需要保密的，请在异议材料中注明。
联系电话：（010）63416339
地址：北京市西城区白广路二条1号
邮编：100761
2026年度电力科学技术奖拟获奖项目公示.pdf
特别声明：本文转载仅仅是出于传播信息的需要，并不意味着代表本网站观点或证实其内容的真实性；如其他媒体、网站或个人从本网站转载使用，须保留本网站注明的“来源”，并自负版权等法律责任；作者如果不希望被转载或者联系转载稿费等事宜，请与我们接洽。",full,,dom_or_structured_full_text,,http://news.sciencenet.cn/htmlnews/2026/9/572126.shtm,科学网新闻,综合科技,科技新闻,2026-09-26T00:39:07+00:00,未分类,,,[],unclassified,2026-09-26T00:52:22.931944+00:00,glm-5.2,2026-09-10,
科学网-我国科学家破解现代野猪起源之谜,2026-09-25,"我国科学家破解现代野猪起源之谜
野猪究竟从哪里来？一个困扰科学家一个半世纪的问题，中国科学家领衔的国际团队给出了最新答案。近日，崖州湾实验室、华中农业大学赵书红院士团队，联合国内外多家科研机构，系统整合全球不同地理区域的野猪与家猪基因组资源，在猪的遗传演化、体型形成与环境适应研究领域取得重要突破。相关研究成果9月25日在《科学》杂志发表。
这是一项里程碑式成果。现代野猪是世界上分布范围最广的大型陆生哺乳动物之一，其起源地一直是演化生物学的核心议题之一。该研究更正了过去多年被写入教科书的“岛屿起源”学说，将现代野猪的起源中心从东南亚岛屿重新定位至亚洲热带大陆。
十多年来，团队通过持续国际合作，对多个地区猪遗传资源的基因组解析，发现南亚及邻近地区的野猪，是所有现代野猪和家猪中最早分化出来的一支。南亚野猪的基因库也最为古老、多样，历史上参与繁殖的个体长期较多、血脉绵延不绝，符合一个起源地种群的特征。
研究据此提出，现代野猪起源于亚洲热带大陆，南亚及我国西南部喜马拉雅区系，才是其早期分化和扩散的真正中心。
为何岛屿野猪一直“看上去更老”？研究团队进一步揭示其中奥妙：东南亚岛屿野猪曾与当地近缘的爪哇疣猪等物种发生种间杂交。这些来自近缘物种的古老遗传成分，更容易保留在基因组高重组率区域，在系统发育分析中呈现出异常古老的“假象”。在排除这些复杂基因交流的影响后，南亚野猪的“始祖”地位才得以昭雪。
同时，该研究还发现了一个约300万至500万年前的古代种间基因渐渗事件，如同一次跨越数百万年的“基因馈赠”，深刻塑造了猪的体型、寒冷适应能力，甚至在数百万年后被人类育种反复利用。
这段帮野猪走出热带的“宝藏基因”，又在家猪身上被“再次启用”。如今，这个古老片段又成了育种的新线索：它携带的基因可作为家猪遗传改良的重要靶点，为培育产肉更多、更能抗逆的猪品种提供依据。
特别声明：本文转载仅仅是出于传播信息的需要，并不意味着代表本网站观点或证实其内容的真实性；如其他媒体、网站或个人从本网站转载使用，须保留本网站注明的“来源”，并自负版权等法律责任；作者如果不希望被转载或者联系转载稿费等事宜，请与我们接洽。",full,,dom_or_structured_full_text,,http://news.sciencenet.cn/htmlnews/2026/9/572125.shtm,科学网新闻,综合科技,科技新闻,2026-09-26T00:39:10+00:00,通用技术 > 基础学科 > 医学&生物学,通用技术,医学&生物学,"[{""path"":[""通用技术"",""基础学科"",""医学&生物学""],""path_text"":""通用技术 > 基础学科 > 医学&生物学"",""confidence"":0.9,""reason"":""核心事件是基于基因组的野猪起源与演化生物学研究""}]",classified,2026-09-26T00:52:22.931944+00:00,glm-5.2,2026-09-10,
科学网-西北工业大学党委原书记李言荣回到四川大学任教,2026-09-25,"西北工业大学党委原书记李言荣回到四川大学任教
四川大学材料科学与工程学院官网“师资队伍”2026年9月24日更新后显示，今年5月卸任西北工业大学党委书记一职的李言荣，已赴四川大学材料科学与工程学院任教。
李言荣，1961年7月生，教授、博导。曾任电子科技大学信息材料工程学院院长、微电子与固体电子学院院长，电子科技大学党委副书记，电子科技大学校长，四川大学校长，西北工业大学党委书记等。
他长期从事电子材料与元器件的教学和科研工作，任电子薄膜与集成器件全国重点实验室主任，主要围绕电子薄膜材料技术与微波器件、传感器件和集成电子器件等的应用开展研究。曾获国家技术发明二等奖3项，2004年获得国家杰出青年科学基金并入选教育部长江学者计划，承担973重大项目等。发表刊物论文300余篇，主编《电子材料导论》《材料物理学概论》和《纳米电子材料与器件》等教材。
近日，四川大学材料科学与工程学院网站发布消息称，9月20日下午，材料科学与工程学院李言荣院士在先进材料科研大楼一楼报告厅为学院师生作了题为“对当前我国大学科技创新的思考”的专题讲座。
消息称，讲座中，李言荣院士立足国家发展战略和高等教育发展规律，对科技革命与大国博弈背景下大学开展科技创新的使命与实施路径进行了深刻阐释，着重强调了科技创新能力对于国家和人民前途命运的关键性作用。围绕教育科技人才一体化发展这一核心问题，李言荣院士以“前瞻性和国际视野”为视角，分享了对大学的本质、大学的使命、大学的科研与大学的教育的认识，强调人才培养工作必须与国家发展需求紧密结合，针对制约我国高校学科建设的突出问题分享了思考。
在互动环节，师生们就科研方向的遴选、原创性研究的推进等问题踊跃提问，与李言荣院士展开深度交流。李言荣结合自身长期实践与工作经历进行了详细解答，现场思辨氛围浓厚。
特别声明：本文转载仅仅是出于传播信息的需要，并不意味着代表本网站观点或证实其内容的真实性；如其他媒体、网站或个人从本网站转载使用，须保留本网站注明的“来源”，并自负版权等法律责任；作者如果不希望被转载或者联系转载稿费等事宜，请与我们接洽。",full,,dom_or_structured_full_text,,http://news.sciencenet.cn/htmlnews/2026/9/572124.shtm,科学网新闻,综合科技,科技新闻,2026-09-26T00:39:12+00:00,未分类,,,[],unclassified,2026-09-26T00:52:22.931944+00:00,glm-5.2,2026-09-10,
科学网-邓稼先与杨振宁跨越半世纪的知己之约,2026-09-25,"邓稼先与杨振宁跨越半世纪的知己之约
中秋月圆之时，人们总念起“但愿人长久，千里共婵娟”，寄愿天涯相隔之人，共赏一轮明月。五十多年前，一封跨越山海的书信，将这句千古佳句改写为“但愿人长久，千里共同途”，承载着邓稼先与杨振宁两位科学巨匠知己相交的深情，以及一脉相通的家国理想。邓稼先与杨振宁的友谊，绵延半个世纪，在科学界传为美谈。二人父辈是交情甚笃的同乡及同事，少年时代，杨振宁和邓稼先在北京崇德中学相识，结为知交，并树立起远大的理想：将来事业有成，一定报效祖国！
1941年12月，邓稼先考入西南联大时的学生注册卡片
杨振宁的西南联大学籍卡
战火纷飞的岁月，二人在西南联大再度重逢，简陋校舍、空袭警报之下，他们一同苦研物理、切磋学业，共同为民族的危亡忧心慨叹。后来，杨振宁远赴美国芝加哥大学攻读博士；在杨振宁的建议下，邓稼先选择在普渡大学深造，杨振宁曾在信中写道，“此校离芝加哥很近，我们两人可以经常见面。”
1949年在美国芝加哥大学，左起：杨振宁、邓稼先、杨振平
1950年，26岁的邓稼先取得博士学位，历尽艰辛回到祖国，到中国科学院从事原子核物理研究。1958年8月，他被调到二机部第九研究所任理论部主任，从此隐姓埋名，投身核武器研制事业。杨振宁则留在美国深耕物理研究。昔日相伴的挚友，隔着浩瀚大洋，长时间失去了联系。1971年，离开祖国26年，杨振宁首次归国。抵达北京，他最想见的友人，就是邓稼先。彼时邓稼先身负绝密任务，在周恩来总理的安排下，他匆匆从西北试验基地赶回北京，与阔别22年的老友重逢。久别相见，心中千言万语，却因工作性质的特殊无法和好友倾心交谈。二人的交谈中邓稼先只是提到“我在外地工作”，或许是因好友之间的默契，杨振宁当时也没有再进一步地问下去。“我相信邓稼先是在做这里面的工作，可是邓稼先到底在中国的原子弹工作里头做了什么事情，我当然不便问，他也并没有跟我讲。”杨振宁回忆道。
1972年在中国科学院，左起：王承书、张文裕、杨振宁、邓稼先、周光召
临别之际，杨振宁问出了萦绕心头许久的疑问：中国的原子弹是不是中国人自己造出来，没有经过外国人的帮忙。邓稼先没有贸然作答，向上请示之后，遵照周总理“如实告知”的指示，写下一封亲笔信，派人专程送到已赶赴上海的杨振宁手中。信中写道，中国的原子武器工程除了最早于1959年底以前曾得到苏联极少的“援助”之外，没有任何外国人参加。信件末尾，邓稼先写下满含惦念的心声：“这次在北京见到你，时间虽然不长，但每天晚上回来后心情总是不很平静，从小在一起，各个时期的情景，总是涌上心头。这次送你走后，心里自然有些惜别之感。和你见面几次，心里总觉得缺点什么东西似的，细想起来心里总是有‘友行千里心担忧’的感觉。因此心里总是盼望着‘但愿人长久，千里共同途’。”
1986年5月在北京301医院住院楼，左起：邓稼先、杨振宁
苏轼笔下的“千里共婵娟”，是中秋时节期盼亲友团圆的美好祈愿。而邓稼先借鉴这句话，表达了祝愿自己的好友平安长久之情。山河远隔，境遇不同，不必朝夕相见，但心中家国理想同归，纵然相隔万里，依然奔赴同一条道路。岁月流转，故人远去。2021年，杨振宁在百年华诞之际，郑重回应昔日挚友“千里共同途”的期许：“我觉得今天五十年以后，我可以跟邓稼先说：稼先，我懂你‘共同途’的意思，我可以很自信地跟你说，我这以后五十年是符合你‘共同途’的瞩望，我相信你也会满意的。”一轮中秋明月，照过古往今来无数思念。邓稼先与杨振宁，山海阻隔，境遇迥异，却一生相知相惜，怀揣着对民族、对科学同样的赤诚。所谓“千里共同途”，从来不是朝夕相伴的空间相守，而是为国求索、躬身实干、薪火相传，奔赴同一条报国之路。正如这皎皎明月，照耀着一代代科技工作者前行的道路。
邓稼先（1924年6月25日—1986年7月29日），中国共产党优秀党员，中国科学院学部委员（院士），核物理学家。
邓稼先是核武器理论研究工作的奠基者之一，他领导了爆轰物理、流体力学、状态方程、中子输运等基础理论研究，通过大量模拟计算，迈出了中国独立研制核武器的第一步。他不仅完成了原子弹的理论方案，还在试验成功后迅速组织氢弹原理攻关，选定技术途径，为中国核武器事业的持续发展作出了重要贡献。
杨振宁（1922年10月1日—2025年10月18日），中国科学院院士，物理学家，诺贝尔物理学奖获得者。
杨振宁是20世纪最伟大的物理学家之一，为现代物理学的发展作出卓越贡献。他与米尔斯提出的“杨－米尔斯规范场论”为后来的粒子物理标准模型奠定了基础，被认为是现代物理学的基石之一，是与麦克斯韦方程和爱因斯坦广义相对论相媲美的最重要的基础物理理论之一。他与李政道合作提出弱相互作用中宇称不守恒的革命性思想，并获得1957年诺贝尔物理学奖，共同成为最早获得诺贝尔奖的中国人。他提出了一维量子多体问题的关键方程式“杨－巴克斯特方程”，开辟了统计物理和量子群等物理和数学研究的新方向。在粒子物理、场论、统计物理和凝聚态物理等物理学多个领域取得诸多成就，产生了深远影响。
[1]杨振宁与邓稼先两位巨人跨越50年的对话：但愿人长久，千里共同途.商务印书馆.2025-10-18.
[2]杨振宁：但愿人长久千里共同途.清华大学校史馆.2021-9-22.
[3]邓稼先与杨振宁：跨越半个世纪的友情.人民周刊.2019年第22期.
中国科学家博物馆出品
特别声明：本文转载仅仅是出于传播信息的需要，并不意味着代表本网站观点或证实其内容的真实性；如其他媒体、网站或个人从本网站转载使用，须保留本网站注明的“来源”，并自负版权等法律责任；作者如果不希望被转载或者联系转载稿费等事宜，请与我们接洽。",full,,dom_or_structured_full_text,,http://news.sciencenet.cn/htmlnews/2026/9/572123.shtm,科学网新闻,综合科技,科技新闻,2026-09-26T00:39:14+00:00,未分类,,,[],unclassified,2026-09-26T00:52:22.931944+00:00,glm-5.2,2026-09-10,
科学网-从“跟跑”到“领跑”，“中国天眼”落成十周年,2026-09-25,"从“跟跑”到“领跑”，“中国天眼”落成十周年
2016年9月25日，“中国天眼”（FAST）正式落成启用。十年后，当我们站在这个节点回望，FAST已成长为世界射电天文领域的核心科研设施。作为“国之重器”，FAST不仅改写了中国射电天文学的历史，更为人类探索宇宙奥秘贡献了不可或缺的中国力量。
01 从梦想到蓝图
FAST的故事，始于1993年。
那年，在日本京都召开的国际无线电科学联盟大会上，各国天文学家发出倡议：要在全球电波环境继续恶化之前，建造新一代射电望远镜。中国科学院北京天文台（现中国科学院国家天文台）的南仁东敏锐地意识到，“这是中国必须抓住的机会”。
1994年，以南仁东为代表的中国天文学家提出利用贵州喀斯特洼地建造500米口径球面射电望远镜的工程构想。同年6月，选址工作正式启动。
此后，南仁东团队先后对比了1000多个洼地，带着300多幅卫星遥感图，徒步踏勘了上百个窝凼，历经十余年的艰辛勘探，最终锁定了贵州平塘县的大窝凼作为最佳台址。
选址工作推进的同时，预研工作也在同步进行。1999年，中国科学院启动重大项目“大射电望远镜FAST预研究”。
彼时，很多国外同行并不看好这一项目，但中国天文学家没有放弃，而是继续完善预研，奋力推进项目。2007年7月10日，国家正式批复立项FAST工程。
02 从蓝图再到现实
2011年3月25日，FAST正式开工建设。
FAST的反射面有30个足球场大，由4450块三角形铝板拼接而成，不仅成为世界上最大的单口径射电望远镜，更在技术上领先世界，灵敏度达到当时最先进的阿雷西博望远镜的2.25倍。
在建设过程中，最大的技术挑战来自索网结构。FAST的索网要支撑起一个500米口径的反射面，而且在整个望远镜生命周期里，索网要在球面和抛物面之间频繁变位，耐疲劳性能必须达到200万次。
当时，世界上没有任何国家生产这种级别的钢索。作为索网系统负责人的姜鹏临危受命，带领团队耗费近两年时间，经历近百次失败，终于研制出在500兆帕应力幅下可实现200万次弯曲的成品钢索，疲劳性能是传统标准的2.5倍。
这一突破催生了12项自主创新专利。FAST索网是当时世界上跨度最大、精度最高的索网结构。2015年2月4日，索网成功合龙，FAST渡过了建设阶段最艰难的一关。
2016年9月25日，FAST正式落成启用。FAST的建成，离不开南仁东和他的团队22年的奋斗与坚持，是他们让FAST从一纸蓝图变为现实。
03 从“跟跑”到“领跑”
FAST落成后不久，便在多个领域产出了重要科学成果。
2017年，FAST公布首批观测成果，成功发现6颗新脉冲星，一举实现我国射电望远镜自主发现脉冲星“零”的突破。
2020年1月通过国家验收后，FAST正式开放运行，开启大规模系统性巡天。截至2026年9月，FAST发现脉冲星总数已达1284颗，远超同期国际上所有其他望远镜发现数量的总和。
2023年6月，中国脉冲星测时阵列（CPTA）研究团队利用FAST对57颗毫秒脉冲星进行长达3年5个月的精密监测，首次获得纳赫兹引力波存在的关键证据，这一成果标志着我国在这一领域达到国际领先水平。
2026年1月，利用长达2年多的观测数据，中国科学院紫金山天文台联合国内外团队，在国际上首次捕捉到重复快速射电暴法拉第旋转量发生剧烈跃变并随后回落的详细演化过程，为“快速射电暴起源于双星系统”假说提供了直接且关键的观测证据。
▲艺术想象图：双星系统中，伴星的星冕物质抛射形成磁化等离子体云，穿过地球与快速射电暴源的观测视线，引发法拉第旋转量的剧烈变化。（图片来源：中国科学院国家天文台）
此外，FAST在地月空间目标探测、脉冲星时间基准以及小行星防御等应用领域取得重要进展，服务于国家空天安全和重大战略需求。
FAST的建成，使中国射电天文研究实现了从“跟跑”到“领跑”的历史性跨越。
FAST始终坚持开放共享的运行模式，全球科学家正基于FAST共享的观测数据开展研究。2021年3月起，FAST正式向全球天文学家开放观测申请。
FAST用十年证明了中国创新的韧性与高度。更重要的是，FAST为中国培养了一大批射电天文领域的青年人才，他们将在天文学研究中持续发挥作用。未来，FAST将继续聚焦脉冲星观测、快速射电暴、中性氢等重要领域，争取产生更多前沿突破。
▲中国天眼FAST全貌。（图片来源：中国科学院国家天文台）
从蓝图到巨眼，FAST的建成还带动了贵州当地的发展——曾经与世隔绝的大窝凼，如今已成为科技新名片，每天都有慕名而来的游客登上山顶观景台，眺望FAST壮观的“身姿”，他们同时也见证了中国天文学的发展从“跟跑”到“领跑”的跨越。苍穹之下，探索不止——FAST的征途，永远是下一片未知的星域。
特别声明：本文转载仅仅是出于传播信息的需要，并不意味着代表本网站观点或证实其内容的真实性；如其他媒体、网站或个人从本网站转载使用，须保留本网站注明的“来源”，并自负版权等法律责任；作者如果不希望被转载或者联系转载稿费等事宜，请与我们接洽。",full,,dom_or_structured_full_text,,http://news.sciencenet.cn/htmlnews/2026/9/572122.shtm,科学网新闻,综合科技,科技新闻,2026-09-26T00:39:16+00:00,未分类,,,[],unclassified,2026-09-26T00:52:22.931944+00:00,glm-5.2,2026-09-10,
国际新能源网-太阳能光伏行业专业门户网站,2026-09-25,"日期：2026-09-25
国际太阳能光伏网
近日，菲律宾奥罗拉太平洋经济区和自由港管理局(APECO)与Huge Energy Co.,Ltd.和Dong-A Global签署了一份谅解备忘录(MOU)，将在奥罗拉省卡西古兰市建设一个价值1.31亿美元（82亿菲律宾比索）的可再生能源项目。
该项目将建设一座1000MW太阳能发电项目，配套建设电池储能系统（BESS）和变电站。预计项目建设周期为三至四年，计划于2027年开工。
APECO总裁兼首席执行官吉尔·塔韦四世副部长表示，稳定可靠的电力供应对于吸引更多投资到该经济区至关重要。
该项目将分三个阶段开发。第一阶段将包括一座太阳能光伏发电设施、一个电池储能系统和一个变电站，初期目标装机容量约为100兆瓦。
第二阶段将通过太阳能和垃圾发电技术增加350兆瓦的发电容量，而第三阶段将再增加550兆瓦。
中国太阳能支架企业厦门友巨新能源将与东亚环球合作，负责该项目的技术和财务事宜。APECO将负责经济区开发、场地管理以及与政府机构的协调工作。
预计这些公司将于今年晚些时候提交可行性研究报告和其他监管文件。
国际太阳能光伏网
光伏资讯一手掌握，关注国际能源网 ""
看资讯 / 读政策 / 找项目 / 推品牌 / 卖产品 / 招投标 / 招代理 / 发文章
太阳能光伏资讯热点排行
招标 | 500MW！中设集团2026-2027年光伏组件集采供应商入围采购
湖南推动多用户绿电直连发展
河南：有序推动绿电直连发展
国家能源局：2026年8月中国绿证价格指数收于202.6点
罗博特科成功赴港上市
辽宁2027年新能源增量项目竞价启动：电价0.18~0.3元/度，单体60%
聚焦清洁能源等重点领域！中广核与四川省人民政府签署战略合作协
99.3927MW！内蒙古乌兰察布市集宁区启动2026年第三季度一般工商
阿特斯总裁调整！
晶澳尹海鹏：标准引领与质量诚信，筑牢光伏行业竞争底线
徐树彪：大力推进“三北”风电光伏基地、西南水风光一体化基地、海上风电基
阿特斯总裁调整！
晶澳尹海鹏：标准引领与质量诚信，筑牢光伏行业竞争底线
中国电建、重庆首瑞建设集团获得云南昭通市315MW光伏指标
市场监管总局无条件批准通威股份收购丽豪清能股权案
中标 | 最低2.047元/W！新疆55万千瓦光伏治沙项目（EPC）评标结
同比上涨50%！8月光伏新增装机11.04GW
云南楚雄州100MW光伏项目竞配启动",full,,dom_or_structured_full_text,,https://solar.in-en.com/html/solar-2464363.shtml,国际太阳能光伏网,光伏,光伏新闻,2026-09-26T00:39:29+00:00,零碳产业 > 能量转化 > 能源测 > 一次能源转化 > 太阳能转化 > 光伏,零碳产业,光伏,"[{""path"":[""零碳产业"",""能量转化"",""能源测"",""一次能源转化"",""太阳能转化"",""光伏""],""path_text"":""零碳产业 > 能量转化 > 能源测 > 一次能源转化 > 太阳能转化 > 光伏"",""confidence"":0.95,""reason"":""核心事件是菲律宾1000MW太阳能发电项目建设，属光伏电站项目。""}]",classified,2026-09-26T00:52:26.748461+00:00,glm-5.2,2026-09-10,
比尔 · 盖茨呼吁美国立法监管 AI 开发：没有人会认为只靠行业自律就够了,2026-09-25,"9 月 25 日消息，据美国 NBC News 北京时间今天（25 日）晚间报道，微软联合创始人、亿万富翁慈善家比尔 · 盖茨呼吁美国国会立法监管人工智能开发。
盖茨在接受 NBC 新闻《Meet the Press》节目采访时直言：“没有人认为靠行业自律就足够了。”
主持人克里斯滕 · 韦尔克问他，华盛顿是否需要通过立法介入时，盖茨回答：“
。执法部门和政界人士必须参与进来，讨论应该设置什么样的安全措施，又该怎样监督，而且这些要求
。这会给行业增加一些负担，但不会显著拖慢他们的工作。”
采访中，盖茨没有否认 AI 可能在几年内毁灭人类的风险。与此同时，他提醒美国人，另一种危险也不容忽视：
恶意群体甚至现在就有能力，借助 AI 造成大规模伤亡
。“AI 的能力当然足以推动某些事件发生，造成 10 亿人死亡。所以，即使要达到 100% 的程度相当困难，也从来没有一种武器能像
把怀有恶意的人与最新 AI 工具结合起来
综合IT之家此前报道，盖茨曾在本月早些时候警示了人工智能未来潜藏的各类风险，他表示，世界上没有任何一个国家的政府，已经准备好应对 AI 将给社会带来的变革。
今年 8 月，盖茨曾在博客文章中为 AI 将如何改变人类未来
，甚至警告这项技术会大量消灭就业岗位，并给经济造成严重冲击。“我很震惊，感觉自己好像是第一个站出来说‘这太疯狂了，简直疯了’的人……”
比尔 · 盖茨：我好像是第一个站出来说“AI 太疯狂了”的人，为此感到震惊
比尔 · 盖茨：各国政府尚未准备好应对 AI 带来的社会变革",full,,dom_or_structured_full_text,,https://www.ithome.com/1/007/253.htm,IT之家,综合媒体,科技新闻,2026-09-26T00:41:03+00:00,未分类,,,[],unclassified,2026-09-26T00:52:26.748461+00:00,glm-5.2,2026-09-10,
畅销小说被指用 AI 创作，法国最有名文学奖龚古尔奖将其移出初选名单,2026-09-25,"IT之家 9 月 25 日消息，据路透社报道，当地时间 25 日，法国最负盛名的文学奖项 —— 龚古尔奖主办方宣布，将海地裔加拿大作家泰利森 · 奥雷利安的畅销小说《C'etait Ca ou Mourir（要么就这样，要么死）》移出初选名单，原因是有人指控奥雷利安使用 AI 创作该书。
奥雷利安否认使用 AI 写作。围绕他的指控随后引发了有关种族、文学价值和原创性的争论，法国文学界也因此出现一场风波。
指控最早由鲜为人知的 X 账号“Balance ton Claude”在本周提出。随笔作家塞缪尔 · 菲图西后来称该账号归自己所有，并由他与其他身份未公开者共同运营。
“Balance ton Claude”称，将小说中的若干段落输入 AI 检测工具 Pangram 后，检测结果显示该书“几乎完全由 AI 写成”。然而也有一些专家认为，AI 检测工具是否可靠仍存在疑问。
AI 争议之后，奥雷利安又被曝早期作品涉嫌抄袭。报道提到，其 2012 年发表的一篇短篇小说抄袭了法国作家路易 · 鲍维尔一本著作中的部分段落，2013 年的一篇评论文章则抄自《菲律宾星报》。
巴黎龚古尔学院称，学院注意到针对奥雷利安的 AI 写作和抄袭指控，因此决定将《要么这样，要么死》移出名单，以维护奖项和学院的公信力。“学院的核心职责，是推广并表彰由人类作者创作的文学作品。”
龚古尔学院还称，希望借此表明学院坚决反对“创作借助 AI 生成的文本”，并将在 10 月 6 日公布短名单前不再发表评论。
《要么这样，要么死》是奥雷利安的首部长篇小说，讲述一名海地移民一路向北穿越拉丁美洲，最终抵达加拿大的故事。该书还获得了多项文学奖，并计划译成多种语言。",full,,trafilatura_full_text,,https://www.ithome.com/1/007/252.htm,IT之家,综合媒体,科技新闻,2026-09-26T00:41:04+00:00,未分类,,,[],unclassified,2026-09-26T00:52:26.748461+00:00,glm-5.2,2026-09-10,
首个入驻纽约时代广场的中国影像品牌，影石首家美国旗舰店开业,2026-09-25,"感谢IT之家网友 不一样的体验 的线索投递！
IT之家 9 月 25 日消息，影石今日宣布，首家美国旗舰店于纽约时代广场正式开业。据此前官方介绍，这也是首个在纽约时代广场开业的中国影像品牌。截至目前，影石在全球体验零售店已超 10000 家，品牌旗舰店超 300 家。
IT之家注意到，国际数据公司（IDC） 9 月 23 日发布 2026 年二季度全球手持智能影像设备市场数据。期内全球销量达 588.7 万台，同比增长 57.24%；销售额 156.89 亿元人民币。其中云台相机增长最快，销量同比激增 86.9% 至 279.3 万台。
中国影像双雄影石、大疆成为本轮增长的核心引擎。影石披露，其相机全球累计出货量已突破 1000 万台，过去一年出货达 470 万台。全景相机领域，影石以 72.5% 的销量领跑行业，实现连续两个季度份额增长。
云台相机赛道，市场消息显示，影石首款产品 Luna Ultra 上市当月拿下美国亚马逊 23% 市场，6-8 月保持两成左右份额，打破行业长期以来的单一竞争格局。
广告声明：文内含有的对外跳转链接（包括不限于超链接、二维码、口令等形式），用于传递更多信息，节省甄选时间，结果仅供参考，IT之家包含外链的文章均包含本声明。",full,,trafilatura_full_text,,https://www.ithome.com/1/007/251.htm,IT之家,综合媒体,科技新闻,2026-09-26T00:41:06+00:00,未分类,,,[],unclassified,2026-09-26T00:52:26.748461+00:00,glm-5.2,2026-09-10,
前 R 星开发者哈特维克：《GTA 6》登陆任天堂 Switch 2“没什么意义”,2026-09-25,"IT之家 9 月 25 日消息，据外媒 Wccftech 今天（25 日）晚间报道，前 R 星开发者杰里米 · 哈特维克认为，考虑到玩家群体和硬件条件等因素，《GTA 6》登陆 Switch 2 并没有太大意义。
哈特维克在 Kiwi Talkz 最新一期采访中直言：“我觉得这么做甚至没有什么意义，因为我不确定《GTA 6》的受众和 Switch 玩家群体有多少重合。如果你是 GTA 粉丝，你大概会直接买一台能玩 GTA 的主机。…… 明知道大家都会为了你的游戏去买 PS5，你还有必要费力做出一个体验很可能缩水的版本吗？毕竟游戏在上面的运行效果并不完全一样。没有必要。”
报道提到，先前《GTA 三部曲：最终版》就已登陆任天堂 Switch 平台，且贡献了“相当一部分”的销量。
哈特维克还提出了一个颇为有趣的可能性：《GTA 6》甚至可以推出手机版。“只要他们下决心去做，你就能在手机上玩《GTA 6》，因为这种技术已经存在，而且经过了验证。”
据IT之家了解，《GTA 6》定于 11 月 19 日发售，首发平台仅有 PS5 和 XBOX Series X|S。",full,,trafilatura_full_text,,https://www.ithome.com/1/007/250.htm,IT之家,综合媒体,科技新闻,2026-09-26T00:41:07+00:00,未分类,,,[],unclassified,2026-09-26T00:52:26.748461+00:00,glm-5.2,2026-09-10,
2026 WSBK 意大利站超级杆位赛：张雪机车德比斯排第八,2026-09-25,"IT之家 9 月 25 日消息，2026 世界超级摩托车锦标赛 WSBK 意大利站 WorldSSP 超级杆位赛今晚结束，来自张雪机车的瓦伦丁 · 德比斯排名第八，卡里卡苏洛排名第二十四，来自川崎的阿尔科瓦拿到本组别个人首杆。
在 9 月初法国站的比赛中，张雪机车 53 号车手瓦伦丁 · 德比斯继第一回合季军登台后，本赛季第 8 次登上领奖台。另一位张雪机车车手卡里卡苏洛，以第 8 名的成绩同样带回积分。
IT之家注意到，目前德比斯积分达到 209 分，排名总榜第二，他的队友卡里卡苏洛积分 27 分，排名总榜第十八。厂商方面，张雪机车以 211 的积分排名总榜第三。
9 月 26 日至 27 日，WSBK 意大利站将继续正赛的较量，张雪机车的表现拭目以待。",full,,trafilatura_full_text,,https://www.ithome.com/1/007/249.htm,IT之家,综合媒体,科技新闻,2026-09-26T00:41:09+00:00,未分类,,,[],unclassified,2026-09-26T00:52:26.748461+00:00,glm-5.2,2026-09-10,
Counterpoint：2025-2030 年间，全球 200 美元以下智能手机年出货将减少超 2.3 亿部,2026-09-25,"9 月 25 日消息，当地时间 24 日，Counterpoint Research 发布的最新《按价格区间划分的智能手机出货量预测》追踪报告预计，2025 年至 2030 年间，全球 200 美元
（IT之家注：现汇率约合 1,343 元人民币）
以下智能手机的年出货量
将减少超过 2.3 亿部
，降幅约 40%。
与此同时，全球智能手机整体市场会逐步恢复，到 2030 年末的出货规模
将接近 2025 年水平
价格段走势出现明显分化，根源在于 2026 年至 2027 年市场低迷带来的结构性冲击。内存和芯片组涨价、最低配置门槛提高，加上 OEM 厂商不再愿意为非战略性市场投入过多资源，都会显著减少入门级手机的供应。
改买价格更高的机型
，另一部分消费者则会
延长现有手机的使用时间
。二手手机也会分流部分需求，而在手机价格本就严重制约移动互联网普及的市场，首次购机人群增速也可能放缓。
到 2030 年，全球智能手机出货量
预计恢复至约 12 亿部
，只比 2025 年略低。200 美元以下机型的出货量预计仍将减少约 40%，200 美元及以上机型则预计增长约 26%。其中，入门级市场会贡献最大部分的降幅，因为这类产品的零部件成本在整机物料成本中占比更高，厂商自行消化成本上涨的余地也更小。
不同价格段到 2030 年的增长走势会明显不同。高端智能手机出货量
预计保持约 7% 的复合年增长率
，较高价格段和中端价格段则基本不增长。中端市场缺乏增长尤其关键。
报告指出，如果低价手机减少只是因为消费者普遍升级到更贵的产品，与入门级市场相邻的价格段本应快速扩张。但预测显示，实际变化同时包含消费者向更高价格段迁移、延后换机以及部分新机需求直接消失。因此，200 美元以下市场减少的出货量
不会全部转移到更高价格段
影响还会延伸到智能手机市场之外。报告称，在中低收入国家，手机价格仍是阻碍移动互联网普及的主要因素之一，低收入消费者受到的影响最大。200 美元以下手机市场萎缩，或减慢消费者
从功能机和多人共用设备转向个人智能手机
的速度，也会让运营商、政府和整个移动产业在扩大有效联网、内容和增值服务覆盖时面临更大困难。
中端智能手机出货量虽然预计总体持平，但战略地位会进一步上升。OEM 厂商会把更多新品、营销预算和渠道资源
投向配置更高的大众市场机型
中端产品也会越来越多地配备
更大的内存和存储容量、5G 连接、更好的摄像头、更长的软件支持周期以及部分端侧 AI 功能
，同时把价格维持在广大消费者能够接受的范围内。",full,,dom_or_structured_full_text,,https://www.ithome.com/1/007/248.htm,IT之家,综合媒体,科技新闻,2026-09-26T00:41:11+00:00,未分类,,,[],unclassified,2026-09-26T00:52:32.842056+00:00,glm-5.2,2026-09-10,
罗永浩回应交个朋友代销劣质溜溜凳：2022 年 5 月已退出管理层，承认严重质量管理事故,2026-09-25,"9 月 25 日消息，罗永浩今日发文回应了交个朋友直播间代销劣质溜溜凳事件，表达了自己的看法。
IT之家附原文如下：
我觉得交个朋友处理得没什么大问题啊：不小心代理销售了劣质产品，依法追究追讨供应商的同时，考虑到这类的官司旷日持久，就先拿钱给消费者做退款不退货的处理。所以我本来确实没想说什么，但是刚才看了一下，逼我表态的媒体 / 自媒体也有不少，那我就说说我的看法：
1. 我虽然 2022 年 5 月就退出了交个朋友管理层，但一直担任交个朋友的首席监督官。再次强调一下，整个交个朋友公司售卖的商品，即便像这次的凳子一样，
不是我自己直播时售卖的，我也一样会负责监督
2. 这件事之前之所以没有引起交个朋友运营部门足够的重视，是因为虽然卖了两三百万，但实际上日常退货及投诉的没有很多，所以他们疏忽大意了。不管怎么样，
这是一起严重的质量管理事故
。感谢媒体和网友们的监督，如果不是上了热搜，有可能到现在还没发现问题的严重性。
3. 我自己的团队又彻底调查了一下这个劣质溜溜凳产品全平台的销售情况，发现俞敏洪老师的东方甄选平台也卖了将近 1000 万，是该产品出货量最大的代理销售商。众所周知，交个朋友产品出了问题有罗永浩负责监督解决，东方甄选的产品出了问题，有俞敏洪老师负责“搞定”“摆平”。所以东方甄选历史上影响巨大的南美白虾、融安金桔、TiQ 西梅汁等等，甚至包括上了央视 315 晚会的槽头肉罐头，全都没有做全量退赔。希望这一次媒体和自媒体，如果没有什么说不出来、见不得人的隐情，也能公平公正公允地做好该做的热搜，承担好媒体监督行业的社会责任，不要义正辞严地“选择性执法”。感谢。
IT之家注意到，近日，有消费者称其在交个朋友直播间购买的一款“万向轮溜溜凳”存在严重质量问题，凳子内部使用的是发霉木板和废旧海绵等来路不明的废弃材料。
今日，针对消费者反映的问题，交个朋友直播间发布声明称第一时间全面下架了该产品，终止了与该品牌的合作，并在第一时间启动了退赔处理流程。该平台承诺，
所有购买过该产品的消费者，均做退款不退货处理
“交个朋友”就所售万向轮溜溜凳木板发霉等致歉：全面下架，启动退赔处理流程",full,,dom_or_structured_full_text,,https://www.ithome.com/1/007/247.htm,IT之家,综合媒体,科技新闻,2026-09-26T00:41:12+00:00,未分类,,,[],unclassified,2026-09-26T00:52:32.842056+00:00,glm-5.2,2026-09-10,
曝特斯拉 Optimus 产量扩至原有规模约 10 倍，规模化量产难题仍未解决,2026-09-25,"感谢IT之家网友
9 月 25 日消息，The Information 今天（25 日）晚间报道称，特斯拉近几个月已将 Optimus 人形机器人的产量
扩大到原来的约 10 倍
（tenfold），然而
稳定规模化生产的难题
多名熟悉 Optimus 项目的人士透露，当前生产线面临的障碍包括
结构复杂的手部、自动化设备以及供应商方面的限制
两名熟悉生产工作的人士称，特斯拉上个月
每周可生产数百台机器人
，而第二季度进行量产前小批量测试时，每周产量只有几十台。管理人员已告知员工，公司希望在年底前建成一条
可连续运行的自动化产线
，将每周产能提升至 1000 台以上。即便如此，距离特斯拉最终计划实现的每周约 20000 台仍相差很远。
特斯拉 CEO 马斯克多次把 Optimus 称为公司最重要的产品。他认为，人形机器人未来可以承担
制造、数据中心维护以及烹饪、清洁
等各种日常工作。
特斯拉目前的营收主要依靠汽车销售，马斯克称，Optimus 将推动公司进一步向 AI 企业转型。
IT之家从报道中获悉，Optimus 的进度表经过了多次调整。人形机器人计划首次官宣还不到一年的 2022 年，马斯克便称 Optimus 最快可在次年做好投产准备。
今年 1 月，马斯克在世界经济论坛期间透露，公司有望在 2027 年底开始销售 Optimus。到了 4 月，他又说，公司“应该”能在年中展示即将推出的新版本，但年中过去了，特斯拉仍未公开演示。
马斯克也承认 Optimus 量产难度很高。他今年 7 月在财报电话会议上坦言，制造 Optimus 是一个非常复杂、需要解决的问题，扩大生产规模面临的挑战也很大。按照当时的预测，Optimus 将“很快”开始生产。
不过，要制造出真正能够销售给客户的机器人，特斯拉仍有大量工作尚待完成。知情人士称，目前从弗里蒙特工厂下线的 Optimus V3
并非最终面向客户销售的版本
。特斯拉仍在完善销售版本，而在正式商业化之前，产品还必须达到更严格的耐用性和可靠性标准。
两名熟悉设计的人士称，
V3 比此前版本更轻，摄像头数量更多，外形也更加接近人类
目前生产的大多数 Optimus 都用于特斯拉内部的测试、训练和数据收集，其中包括位于加州帕洛阿尔托的办公室。一名知情人士称，在特斯拉工厂内，机器人目前只在严格受控的区域工作，方便工作人员密切监督其动作和任务。在这种环境下，Optimus
按照预先设定的程序完成特定任务
，并不会作为通用型机器人运行，也不是由人员远程操控。
知情人士称，随着 Optimus 的运行表现逐步提高并趋于稳定，特斯拉计划逐渐扩大机器人的作业范围。
一名知情人士透露，特斯拉计划在初期向外部商业客户出租 Optimus，而不是直接销售。租期结束后，公司可以收回机器人，对设备进行升级或翻新。据悉，特斯拉计划利用 Optimus 在客户工厂和仓库收集的数据改进 AI 系统。
报道提到，特斯拉拟定了一份潜在客户短名单，入选企业通常拥有与特斯拉相近的工厂或仓库布局，因此 Optimus 进入这些场所后更容易适应新的工作环境。",full,,dom_or_structured_full_text,,https://www.ithome.com/1/007/246.htm,IT之家,综合媒体,科技新闻,2026-09-26T00:41:14+00:00,AI与智能科技 > 具身智能 > 硬件和控制,AI与智能科技,硬件和控制,"[{""path"":[""AI与智能科技"",""具身智能"",""硬件和控制""],""path_text"":""AI与智能科技 > 具身智能 > 硬件和控制"",""confidence"":0.92,""reason"":""核心事件是特斯拉Optimus人形机器人产量扩大及量产制造难题。""}]",classified,2026-09-26T00:52:32.842056+00:00,glm-5.2,2026-09-10,
德国柏林警方借助人工智能监控摄像头打击犯罪，自动识别暴力和破坏行为,2026-09-25,"IT之家 9 月 25 日消息，据央视新闻报道，德国柏林警方 24 日在一处犯罪高发区域启动一项计划，将借助人工智能监控摄像头打击犯罪。
据悉，柏林警方将在这项计划启动的前四周内，在科特布斯门地区安装并调试好人工智能监控摄像头，随后正式投入使用。警方还计划将该方案推广至市内其他犯罪高发区域。
柏林警方发表声明说，该摄像头通过“空间人工智能”技术分析人员动作，以识别潜在犯罪与暴力行为。摄像头配套的显示屏平时处于休眠状态，当人工智能系统自动识别到暴力和破坏行为时，显示屏将亮起并显示相关信息，警员也会收到信息推送，继而判断是否采取行动。
IT之家注意到，这并不是德国第一次寻求将 AI 功能引入到警方工作当中。今年 2 月，德国财政部、内政部和司法部宣布，将推进核心安全机构现代化改革，并引入 AI 技术加强对有组织犯罪的打击，重点聚焦金融犯罪、洗钱和毒品走私。
该国海关与联邦刑事警察局还将建立联合数据分析中心和联合调查团队，共同打击洗钱与毒品犯罪。克林贝尔透露，两部门将实现数据互通，并利用 AI 技术筛选海量数据、锁定犯罪嫌疑人。德国实行联邦制，各州警方负责日常执法与多数刑事案件调查，联邦警察则负责边境、铁路及航空安全。",full,,trafilatura_full_text,,https://www.ithome.com/1/007/245.htm,IT之家,综合媒体,科技新闻,2026-09-26T00:41:16+00:00,未分类,,,[],unclassified,2026-09-26T00:52:32.842056+00:00,glm-5.2,2026-09-10,
小米 18 Fold 中折叠首销情况曝光：9 月 7 日-13 日约 3.97 万台,2026-09-25,"感谢IT之家网友
xxy171070
Autumn_Dream
9 月 25 日消息，长期关注国内手机市场份额的数码博主 @RD观测 今日发文，爆料了小米 18 Fold 手机的首销情况，9 月 7 日-9 月 13 日约 3.97 万台。
IT之家注意到，小米 18 Fold 中折叠手机发布于 9 月 7 日，并于 9 月 10 日 10:00 正式开售，
售价 10999 元起
，主打配色便是“西野红”。
小米 18 Fold 配备
5.38″ 外屏 + 7.58″ 内屏
，内外屏采用约√2:1 标准纸张比例，支持 LTPO 1-120Hz 刷新率。新机首发搭载玄戒 O3 小米 AI 旗舰 SoC，CPU 采用十核全大核设计、GPU 首发 16 核 G2-Ultra NX 图形处理器，率先搭载长鑫 LPDDR6 内存；搭载 6000mAh 小米金沙江电池，支持 67W 有线秒充、50W 无线秒充。
小米 18 Fold 中折叠手机发布：首发玄戒 O3 芯片，10999 元起",full,,dom_or_structured_full_text,,https://www.ithome.com/1/007/244.htm,IT之家,综合媒体,科技新闻,2026-09-26T00:41:17+00:00,未分类,,,[],unclassified,2026-09-26T00:52:32.842056+00:00,glm-5.2,2026-09-10,
北京越野 BJ40 增程 15.6 英寸联屏车型首次 OTA 推送，新增苹果 CarPlay 等,2026-09-25,"感谢IT之家网友 很宅很怕生 的线索投递！
IT之家 9 月 25 日消息，9 月 24 日，北京越野旗下 BJ40 增程 15.6 英寸联屏车型开启首次 OTA 推送，适配版本包括标准版 I / 元境智行版 / 赤兔版 / 长续航版。
IT之家整理如下：
- 新增雷石 KTV，适配版本
- 新增苹果 CarPlay ，适配版本
- 新增车机电子宠物-熊猫奇奇
- 新增 AES 自动紧急转向辅助
- 新增哨兵模式及北京越野 App 远程查看
- 优化 ATS 全地形模式
在售北京越野 BJ40 增程 SUV 指导价 17.98 万元起，车身尺寸为 4790*1940*1964mm，轴距为 2460mm。该车搭载 1.5T 增程器，纯电续航达 252km，综合续航达 1300km。",full,,trafilatura_full_text,,https://www.ithome.com/1/007/243.htm,IT之家,综合媒体,科技新闻,2026-09-26T00:41:19+00:00,通用技术 > 通信和运输 > 物质运输 > 陆路运输,通用技术,陆路运输,"[{""path"":[""通用技术"",""通信和运输"",""物质运输"",""陆路运输""],""path_text"":""通用技术 > 通信和运输 > 物质运输 > 陆路运输"",""confidence"":0.82,""reason"":""核心事件是增程SUV车型的整车OTA软件更新与智能座舱驾驶功能升级。""}]",classified,2026-09-26T00:52:32.842056+00:00,glm-5.2,2026-09-10,
世界第一辆汽车专利申请 140 周年“献礼作”，AMG 首款纯电专属架构 SUV 谍照再曝,2026-09-25,"9 月 25 日消息，梅赛德斯-AMG 即将扩充产品阵容，迎来品牌首款基于专属架构开发的纯电 SUV。官方预告图发布后不久，外媒 Carscoops 今天（25 日）晚间公布了一辆原型车的新谍照，车身伪装相比此前大幅减少。
新车代号 X591，是 AMG GT 四门轿跑车对应的 SUV 车型。车身仍有部分伪装，整体造型却已相当清晰：流畅低伏的车顶配合宽厚有力的肩部线条，使整车兼具
轿跑 SUV 和运动旅行车的视觉特征
最新曝光的原型车可以完整看到座舱玻璃区域。新车还会
通过独有灯组设计强化辨识度
，车头配备 Y 形 LED 灯组和超大尺寸前格栅，车尾采用圆形尾灯。据悉，圆形尾灯或将成为 AMG 最新一批独立车型的代表性设计元素。
黑色铝合金轮毂同样十分醒目，大型制动盘和黄色制动卡钳清晰可见。座舱预计会采用与 AMG GT 四门轿跑车相近的多屏幕布局，同时凭借 SUV 车身为乘员和行李腾出更多空间。
动力部分，新车基于
专属纯电平台打造，采用 800V 电气系统，并搭载 Yasa 开发的轴向磁通电机。电池技术则借鉴 F1 赛车方案，通过液体直接冷却电芯。
以 AMG GT 四门轿跑车为参考，旗舰三电机版本
最大功率可达 860kW（1169 马力），峰值扭矩 2000N·m，0-100km/h 加速约需 2.5 秒
。新车或将提供双电机版本，最大功率 600kW（816 马力），峰值扭矩 1800N·m。
AMG 计划通过 AMGFORCE S+ 系统赋予新车
接近油车的声音和驾驶感受
。车内外扬声器会播放经过细致还原的模拟 V8 声浪，同时加入模拟换挡效果。
电池方面，新车预计沿用 AMG GT 四门轿跑车的 106kWh 电池，直流快充功率最高可达 600kW。充电 10 分钟可补充约 460km 续航。
底盘配置同样会采用 AMG 最新技术，包括带半主动侧倾稳定功能的 AMG Active Ride Control 空气悬架，以及已经在谍照中现身的后轮转向系统。
据IT之家了解，全新 AMG 纯电 SUV 定于 10 月 17 日正式首发，发布活动将在斯图加特奔驰博物馆举行，当天恰逢卡尔 · 本茨为世界第一辆汽车申请专利 140 周年。
品牌首款独立开发 SUV 车型，曝 AMG GT 纯电 SUV 将于 10 月 17 日发布",full,,dom_or_structured_full_text,,https://www.ithome.com/1/007/242.htm,IT之家,综合媒体,科技新闻,2026-09-26T00:41:21+00:00,通用技术 > 通信和运输 > 物质运输 > 陆路运输,通用技术,陆路运输,"[{""path"":[""通用技术"",""通信和运输"",""物质运输"",""陆路运输""],""path_text"":""通用技术 > 通信和运输 > 物质运输 > 陆路运输"",""confidence"":0.9,""reason"":""核心事件是AMG首款纯电架构SUV的发布与性能配置，属电动汽车产品新闻""}]",classified,2026-09-26T00:52:39.375184+00:00,glm-5.2,2026-09-10,
高盛：美国五大云巨头每年 AI 收入 3000 亿美元，才可盈亏平衡,2026-09-25,"IT之家 9 月 25 日消息，据彭博社今天（25 日）晚间报道，高盛集团策略师预计，美国五大超大规模云服务商亚马逊、Alphabet、微软、甲骨文和 Meta 的 AI 基础设施支出将在明年增长超过 50%，达到 1.2 万亿美元（IT之家注：现汇率约合 8.06 万亿元人民币）。
瑞安 · 哈蒙德带领的高盛团队在报告中指出，这一数字高于华尔街对明年资本支出 1.1 万亿美元（现汇率约合 7.39 万亿元人民币）的共识预期。按照高盛的测算，要收回这些投入，未来数年中，五家公司每年需要创造约 3,000 亿美元（现汇率约合 2.02 万亿元人民币）的 AI 收入。
哈蒙德及其同事称：“按照市场共识预期，明年资本支出占 GDP 的比重，将达到 19 世纪末铁路建设热潮以来历次技术投资周期中的最高水平。”
亚马逊、Alphabet、微软、甲骨文和 Meta 预计今年将在 AI 能力建设上投入 8,000 亿美元（现汇率约合 5.37 万亿元人民币）。高盛团队认为，明年的支出仍会大幅增长，但资本支出增速将开始放缓。
策略师指出，与近几个季度相比，资本支出增速，以及实际支出高于市场共识预期的幅度，都将有所下降。
五家公司的资本支出目前超过经营活动现金流，对债务和股权融资的依赖随之增加。电力、劳动力和内存供应不足，以及数据中心建设限制，都可能成为扩张过程中的制约因素。
高盛预计，五家公司的资本支出增速将从今年的接近 100% 降至明年的 54%，2028 年再降至 12%，届时支出规模预计达到 1.4 万亿美元（现汇率约合 9.4 万亿元人民币）。
策略师称，要让五家云服务巨头获得稳健回报，并让应用提供商在承担计算成本后取得较高利润率，AI 用户每年需要在各类应用上支出约 1 万亿美元（现汇率约合 6.72 万亿元人民币）。作为对比，今年全球软件支出约为 1.5 万亿美元（现汇率约合 10.08 万亿元人民币）。
高盛团队指出，目前估算的 AI 收入仍不足以让五家公司收回投入，不过收入增长速度很快。亚马逊、Alphabet、微软和甲骨文的云业务收入增速已从 2024 年的 25% 升至今年第二季度的 48%。此外，亚马逊、Alphabet 和微软公布的云业务待履约收入合计达到 1.7 万亿美元（现汇率约合 11.42 万亿元人民币）。",full,,trafilatura_full_text,,https://www.ithome.com/1/007/232.htm,IT之家,综合媒体,科技新闻,2026-09-26T00:41:22+00:00,AI与智能科技 > AI硬件层 > 数据中心,AI与智能科技,数据中心,"[{""path"":[""AI与智能科技"",""AI硬件层"",""数据中心""],""path_text"":""AI与智能科技 > AI硬件层 > 数据中心"",""confidence"":0.72,""reason"":""核心是云巨头AI基础设施资本支出与回报分析，涉及数据中心建设约束""}]",classified,2026-09-26T00:52:39.375184+00:00,glm-5.2,2026-09-10,
聊天、编程、智能体三合一，微软正式发布新版 Copilot“超级应用”,2026-09-25,"IT之家 9 月 25 日消息，今天（25 日）晚间，微软正式发布新版 Copilot“超级应用”。新版 Copilot 把聊天、编程和智能体三类 AI 能力集中到同一个界面中。
微软为其给出的新定位是“为工作而生的 AI”，甚至把 Copilot 与 Office 当年对生产力的影响相提并论。微软 AI 工作业务首席营销官贾里德 · 斯帕塔罗表示：“正如 Office 定义了 PC 时代的工作方式，新 Copilot 旨在定义 AI 时代的工作方式。”
新版 Copilot 分为 Home、Code 和 Autopilot 三个标签页。Home 把 Copilot Chat 和 Cowork 整合到一起，也是用户打开 Copilot 后默认进入的页面。微软还计划在 Home 中加入 Today 功能，以个性化仪表盘的形式汇总重要邮件、会议请求、Teams 讨论串等信息。
斯帕塔罗介绍说：“Home 帮助你迅速掌握工作进展，让你清楚自己做到哪里并继续向前：查看近期活动，了解 Copilot 可以提供哪些帮助，再从上次停下的地方继续工作。”
借助 Code，任何人都能创建应用、跟踪器、仪表盘或自动化流程，再把成果以云端内部应用的形式分享给同事。Code 采用与 GitHub Copilot 相同的底层技术，在沙盒环境中运行，也可以安全托管在企业租户内。
Autopilot 同样是 Copilot 新增的重要部分，斯帕塔罗称其为“数字队友”。Autopilot 原名 Scout，最初是一款桌面应用；更名后的版本转向云端，让个人 AI 助手即使在用户睡觉时也能继续执行任务。
与其他许多 AI 智能体类似，Autopilot 拥有独立的云端计算机实例，可以监控 Teams 频道、定期执行工作任务，也可以负责后续跟进。
微软按照企业级标准打造了这套产品，目标用户包括大量依赖 Office 和微软身份管理套件的企业。斯帕塔罗解释道：“Autopilot 运行在你的租户中，拥有独立的身份、记忆、计算机和工作区，并以 Microsoft IQ 为基础，因此能够理解你的组织究竟如何运作。Autopilot 会直接进入员工日常使用的 Teams、Outlook、聊天、频道和文档，你可以像 @同事一样 @Autopilot，同时整套系统还具备权限、审计和治理机制。”
新版 Copilot 中的 Cowork、Code 和 Autopilot 都采用按使用量计费的机制，持续运行的智能体功能以及 Astra、Fable 等模型的调用，都将按照实际用量收费。
普通的 Copilot 用户订阅许可证，则覆盖 Chat 以及 Word、Excel、PowerPoint、Outlook 和 Teams 中的 Copilot 功能。
微软通过自动模型选择器为不同任务匹配模型，而 IT 管理员则需要借助新推出的 FinOps for AI 控制 AI 支出，防止智能体用量失控。
据IT之家了解，Home 和 Code 将在“未来几周”开始向微软 Frontier 计划的早期 AI 功能体验用户推送，Autopilot 将在本月晚些时候进入私人预览。Code 还计划于今年晚些时候向 Microsoft 365 Premium 和 Pro 订阅用户开放预览。",full,,trafilatura_full_text,,https://www.ithome.com/1/007/230.htm,IT之家,综合媒体,科技新闻,2026-09-26T00:41:24+00:00,AI与智能科技 > AI软件层 > 工程改进,AI与智能科技,工程改进,"[{""path"":[""AI与智能科技"",""AI软件层"",""工程改进""],""path_text"":""AI与智能科技 > AI软件层 > 工程改进"",""confidence"":0.7,""reason"":""新版Copilot整合聊天、编程与智能体功能，属AI应用工程化产品发布""}]",classified,2026-09-26T00:52:39.375184+00:00,glm-5.2,2026-09-10,
长安汽车：深化与宁德时代合作，钠新换电技术项目立项,2026-09-25,"IT之家 9 月 25 日消息，长安汽车 9 月 24 日公布投资者关系活动记录表，回答了钠电池量产时间等问题。
长安汽车表示，公司在钠离子电池领域已取得阶段性进展，钠离子电池突破高功率极片单点技术，提升极端温况续航体验；此外公司深化与宁德时代合作，钠新换电技术项目立项，共同研发新体系电池。
IT之家注意到，去年 4 月 21 日，宁德时代在首个超级科技日上发布全球首个大规模量产的钠电池 —— 宁德时代钠新，正式开启钠电产品从 0 到 N 的广泛应用。作为宁德时代全新的钠离子电池品牌，宁德时代钠新包含“钠新动力电池”和“钠新-24V 重卡启驻一体蓄电池”两类产品，均可实现零下 40℃ 至零上 70℃ 的全温域征服。
宁德时代此前称，钠新乘用车电池将彻底解决用户在极寒场景下的车辆性能衰减难题。以常见的 2.95 米轴距的车型为例，宁德时代钠新电池在混动车上的纯电续航可突破 200km，纯电车型续航将突破 500km，满足极端低温下的日常通勤和出行需求。",full,,trafilatura_full_text,,https://www.ithome.com/1/007/229.htm,IT之家,综合媒体,科技新闻,2026-09-26T00:41:25+00:00,零碳产业 > 能量转化 > 能量存储 > 电化学储能 > 二次电池 > 传统蓄电池 > 有机体系 > 钠电,零碳产业,钠电,"[{""path"":[""零碳产业"",""能量转化"",""能量存储"",""电化学储能"",""二次电池"",""传统蓄电池"",""有机体系"",""钠电""],""path_text"":""零碳产业 > 能量转化 > 能量存储 > 电化学储能 > 二次电池 > 传统蓄电池 > 有机体系 > 钠电"",""confidence"":0.92,""reason"":""核心事件是长安与宁德时代钠新换电技术项目立项，直接指向钠离子电池""},{""path"":[""通用技术"",""通信和运输"",""物质运输"",""陆路运输""],""path_text"":""通用技术 > 通信和运输 > 物质运输 > 陆路运输"",""confidence"":0.7,""reason"":""钠电池主要应用于乘用车与重卡，属汽车电动化领域""}]",classified,2026-09-26T00:52:39.375184+00:00,glm-5.2,2026-09-10,
英国最大 AI 超算面临供电问题：原定明年上线，或拖到 2030 年代中期,2026-09-25,"IT之家 9 月 25 日消息，据英国《卫报》今天（25 日）报道，英国政府曾大力宣传的埃塞克斯郡劳顿大型数据中心项目将无法按原计划于明年启用，甚至可能拖到 2030 年代中期。
劳顿项目 2025 年公布时被称为英国最大的 AI 超级计算机，但供电难题意味着项目距离投入运行仍有很长一段时间。
当前，该项目因无法在原定 2027 年启用前获得足够电力而面临新的问题。该超算由英国初创企业 Nscale 负责建设，这家企业今年又计划以 350 亿美元（IT之家注：现汇率约合 2,351.04 亿元人民币）估值上市。
报道披露，负责把项目接入当地电网的 UK Power Networks（UKPN）已告知 Nscale，电网要到 2030 年代初至中期才能为数据中心提供足够电力。
Nscale 回应称，劳顿项目仍将推进。供电问题迟迟找不到快速解决办法，也反映出能源供应正成为数据中心建设的一大障碍。
Nscale 还清空了原先的脚手架堆场，同时开始研究场址内自行发电的可行性，以及能否缩短电网接入所需时间。
英国天然气与电力市场办公室（Ofgem）此前警告，电力接入申请已出现积压。数据显示，今年 6 月有 315 座数据中心正在排队接入英国电网，合计用电需求达到 73GW，而英国全国用电高峰需求仅为 45GW。
劳顿项目申请的供电容量最高达到 90MW，相当于约 31.5 万户家庭的用电量。",full,,trafilatura_full_text,,https://www.ithome.com/1/007/228.htm,IT之家,综合媒体,科技新闻,2026-09-26T00:41:27+00:00,AI与智能科技 > AI硬件层 > 算力能源基础设施,AI与智能科技,算力能源基础设施,"[{""path"":[""AI与智能科技"",""AI硬件层"",""算力能源基础设施""],""path_text"":""AI与智能科技 > AI硬件层 > 算力能源基础设施"",""confidence"":0.9,""reason"":""核心事件是AI超算因电网供电不足而延期，属算力能源保障问题""},{""path"":[""AI与智能科技"",""AI硬件层"",""数据中心""],""path_text"":""AI与智能科技 > AI硬件层 > 数据中心"",""confidence"":0.75,""reason"":""事件主体是大型AI数据中心项目的建设与并网延期""}]",classified,2026-09-26T00:52:39.375184+00:00,glm-5.2,2026-09-10,
“交个朋友”就所售万向轮溜溜凳木板发霉等致歉：全面下架，启动退赔处理流程,2026-09-25,"感谢IT之家网友
软媒用户1238620
9 月 25 日消息，今日，针对消费者反映的交个朋友直播间所售万向轮溜溜凳存在木板发霉、填充物不合格等问题，交个朋友直播间发布声明。
IT之家附原文如下：
交个朋友直播间关于万向轮溜溜凳质量问题的正式说明
近日，有消费者反映交个朋友直播间销售的万向轮溜溜凳存在木板发霉、填充物不合格等问题。我们第一时间进行了全面清查，
。经核查，该产品在“交个朋友智能家居爆品榜”等六个直播间销售过，我们在此向购买过该产品的消费者郑重道歉。
事发后，交个朋友旗下所有直播间
第一时间全面下架
了该产品，终止了与该品牌的合作，并在第一时间启动了
对于个别商家在送检、抽检环节提供优质合格品，而实际发货时却以次充好的恶劣行径，我们绝不姑息，一经发现立刻下架商品并永久拉黑该商家。接下来我们对该商家依法追究全部责任的同时，为保证相关的消费者的问题能及时得到解决，我们会即刻启动先行赔付的工作。
我们承诺，所有购买过该产品的消费者，
均做退款不退货处理
。目前正通过平台协助统一办理，消费者无需单独申请。由于做全量退款，需要平台的技术支持，所以需要一点点时间，请谅解。
同时，我们也已启动内部的全面复盘和追责流程，提高品控流程方面的工作质量，尽全力改善服务。
感谢大家的关注。
近日，有消费者称其在交个朋友直播间购买的一款“万向轮溜溜凳”存在严重质量问题，凳子内部使用的是发霉木板和废旧海绵等来路不明的废弃材料。蓝鲸记者联系到消费者。对方介绍，这款凳子购自店铺“交个朋友智能家居爆品榜”，实付价格 89.9 元。拆开后不仅发现内部材料质量低劣，产品还长期散发出异味。",full,,dom_or_structured_full_text,,https://www.ithome.com/1/007/225.htm,IT之家,综合媒体,科技新闻,2026-09-26T00:41:29+00:00,未分类,,,[],unclassified,2026-09-26T00:52:39.375184+00:00,glm-5.2,2026-09-10,
2026 中秋节电影票房破亿：时隔七年重映漫威《复仇者联盟 4》加码臻享版登顶,2026-09-25,"IT之家 9 月 25 日消息，据灯塔专业版，截至今日 18 时 55 分，2026 年中秋节（9 月 25 日）票房突破 1 亿。《复仇者联盟 4：终局之战（加码臻享版）》《欢迎来龙餐馆》《八仙！》暂列票房前三。
IT之家附榜单如下：
- 《复仇者联盟 4：终局之战（加码臻享版）》3586.85 万元
- 《欢迎来龙餐馆》1708.50 万元
- 《八仙！》1062.54 万元
- 《老江湖》925.63 万元
- 《敦煌英雄》711.47 万元
据悉，漫威《复仇者联盟 4：终局之战（加码臻享版）》（加码臻享版）于今日起正式登陆全国影院。此次重映版本总片长 185 分钟，较 2019 年原版的 181 分钟多出约 4 分钟全新内容，覆盖 IMAX、杜比影院、CINITY、中国巨幕等高规格影厅制式，同时提供 2D 与 3D 版本选择。
本次重映是《复仇者联盟 4：终局之战》自 2019 年首映后，时隔七年再次登陆内地院线。该片 2019 年在中国内地收获 42.73 亿元票房，位列当时进口片影史第一。
IT之家小伙伴记得用最会买购买电影票，享受折扣价的同时还可以获得返利，预计每张票可以节省 5~15 元！
广告声明：文内含有的对外跳转链接（包括不限于超链接、二维码、口令等形式），用于传递更多信息，节省甄选时间，结果仅供参考，IT之家包含外链的文章均包含本声明。",full,,trafilatura_full_text,,https://www.ithome.com/1/007/212.htm,IT之家,综合媒体,科技新闻,2026-09-26T00:41:30+00:00,未分类,,,[],unclassified,2026-09-26T00:52:45.631518+00:00,glm-5.2,2026-09-10,
第 48 届世界技能大赛在沪举办，新增 3 项人工智能相关赛项创历届之最,2026-09-25,"IT之家 9 月 25 日消息，据央视新闻报道，9 月 22 日至 27 日，第 48 届世界技能大赛在中国上海举行。本届世赛上，人工智能走进赛题、操作台，成为选手训练和比赛的一部分。
本届世赛 64 个项目中，与 AI 直接相关的赛项有 8 个：智慧安防技术、软件测试、数字交互媒体设计、自主移动机器人、工业 4.0、云计算、网络安全、3D 数字游戏艺术。其中智慧安防技术、软件测试、数字交互媒体设计是本届新增，新增数量创历届之最。
这些赛项的 AI 含量，体现在具体的工作场景里。
- 智慧安防技术，选手要应用深度学习算法和大模型基础原理，让监控系统自动识别异常。
- 软件测试，AI 已从工具升级为协作伙伴，选手调用多个智能体自主进行测试，自己则从更宏观的行业视角分析问题。
- 数字交互媒体设计，要求选手完成沉浸式数字体验，涉及虚拟场景和智能数字创新。
- 自主移动机器人，比的是机器人自主导航、环境识别、智能抓取，是“具身智能”的实战训练。
- 工业 4.0，融合机器学习、数字孪生、增强现实，让设备和系统实现智能协同。
在与世赛同期举行的世界技能大会上，来自各国的嘉宾也会围绕人工智能与技能发展、绿色转型等议题展开深入交流。
IT之家查询获悉，世界技能大赛是由世界技能组织举办，是全球最高层级的职业技能竞赛，每两年举办一届。世赛项目覆盖制造、交通、建筑、信息、创意、服务等 6 大类。既有云计算、机器人系统集成等代表新质生产力的项目，也有健康和社会照护等贴近民生需求的项目。
本届赛事中国代表团共 220 人，其中包括 71 名参赛选手，将参加全部 64 个项目的比赛。参赛选手来自全国 21 个省份，其中男选手 58 名、女选手 13 名，学生 49 名、职工 22 名。选手平均年龄 21 岁，年龄最小的 18 岁，最大的 25 岁。",full,,trafilatura_full_text,,https://www.ithome.com/1/007/206.htm,IT之家,综合媒体,科技新闻,2026-09-26T00:41:32+00:00,未分类,,,[],unclassified,2026-09-26T00:52:45.631518+00:00,glm-5.2,2026-09-10,
陈立武：英特尔会维持在台积电前十大客户之列，我很敬佩张忠谋,2026-09-25,"IT之家 9 月 25 日消息，据台媒《经济日报》今天（25 日）晚间报道，英特尔 CEO 陈立武近期接受采访时称，会维持在台积电前十大客户名单之列。
陈立武表示，美国拥有芯片设计和制造能力十分重要。随着先进制程节点不断微缩、复杂度持续提升，公司将推动相关领域取得进展。同时，英特尔仍是台积电的密切合作伙伴，也是台积电前十大客户之一。
陈立武称，即使自己喜欢赢，也不会把别人视为竞争对手。商业领域往往并非零和博弈，没有人能够把所有事情都包揽下来，因此总是需要寻找合作伙伴，而他自己也相当重视合作伙伴。
IT之家从报道中获悉，陈立武自曝“很敬佩”台积电创始人张忠谋，认为其为半导体产业作出了巨大贡献。英特尔一直与台积电保持密切合作，也是台积电前十大客户之一，今后还会继续保持这种合作关系。",full,,trafilatura_full_text,,https://www.ithome.com/1/007/205.htm,IT之家,综合媒体,科技新闻,2026-09-26T00:41:34+00:00,AI与智能科技 > AI硬件层 > 半导体,AI与智能科技,半导体,"[{""path"":[""AI与智能科技"",""AI硬件层"",""半导体""],""path_text"":""AI与智能科技 > AI硬件层 > 半导体"",""confidence"":0.85,""reason"":""新闻核心是英特尔与台积电的晶圆代工合作及先进制程动态，属于半导体产业链。""}]",classified,2026-09-26T00:52:45.631518+00:00,glm-5.2,2026-09-10,
首批动力电池交付 鑫桥集团与赣锋锂电战略合作项目正式启动,2026-09-25,"仪式现场，赣锋锂电首批130套400kWh动力电池系统正式交付鑫桥集团，标志着双方合作由战略框架协议迈入实质运营落地阶段。
图片来源：赣锋锂电
9月20日，赣锋锂电与鑫桥集团战略合作项目启动仪式在内蒙古乌海市乌达区举行。仪式现场，赣锋锂电首批130套400kWh动力电池系统正式交付鑫桥集团，标志着双方合作由战略框架协议迈入实质运营落地阶段。
据介绍，乌海地处蒙西能源产业腹地，煤炭、焦化等工矿物流运输需求旺盛、运距集中，重卡电动化替换空间广阔，是新能源重卡换电模式的天然试验场。在交付仪式上赣锋锂业董事长李良彬表示：“锂电产业的价值，最终要落地到真实场景、服务实体经济。”通过电池银行模式，助力产业链合作伙伴降低整车购置与项目投资成本，共同构建覆盖动力电池、电驱配套、换电运营等关键环节的新能源重载物流换电生态。
本次交付的400kWh动力电池系统专为北方高寒、工矿重载工况定向开发：在热管理层面具备宽温域运行能力，可在低温环境下维持稳定的充放电性能与能量输出；在结构安全层面，PACK箱体采用高强度结构设计与多重防护体系，满足长时间、高颠簸、高强度运营下的可靠性要求，全面适配重卡、矿卡复杂作业场景。
更多行业价值资讯浏览、分享，欢迎扫描下方二维码关注我爱电车网官方微信（xevcar）！",full,,dom_or_structured_full_text,,http://www.xevcar.com/gongsi/092515Q332026.html,我爱电车网,电池,新能源汽车/储能,2026-09-26T00:43:50+00:00,零碳产业 > 能量转化 > 能量存储 > 电化学储能 > 二次电池 > 传统蓄电池 > 有机体系 > 锂电,零碳产业,锂电,"[{""path"":[""零碳产业"",""能量转化"",""能量存储"",""电化学储能"",""二次电池"",""传统蓄电池"",""有机体系"",""锂电""],""path_text"":""零碳产业 > 能量转化 > 能量存储 > 电化学储能 > 二次电池 > 传统蓄电池 > 有机体系 > 锂电"",""confidence"":0.88,""reason"":""核心事件是400kWh锂动力电池系统的交付与电池银行模式落地。""},{""path"":[""通用技术"",""通信和运输"",""物质运输"",""陆路运输""],""path_text"":""通用技术 > 通信和运输 > 物质运输 > 陆路运输"",""confidence"":0.7,""reason"":""电池系统面向工矿重卡、矿卡换电场景，推动重卡电动化。""}]",classified,2026-09-26T00:52:45.631518+00:00,glm-5.2,2026-09-10,
超19亿元！横店东磁拟于浙江东阳投建10GWh全极耳锂电池项目,2026-09-25,"该项目建设地点位于浙江省金华市东阳市横店镇下莲塘村东磁高新产业园区，用地面积7.67万平方米，建成后可形成年产10GWh全极耳新型高效锂电池的生产能力。项目总投资190,156万元。
据东阳市人民政府官网消息，近日，金华市生态环境局东阳分局拟对横店东磁（002056）年产10GWh全极耳新型高效锂电池项目环评文件作出审批意见。
根据公示信息，该项目建设地点位于浙江省金华市东阳市横店镇下莲塘村东磁高新产业园区，用地面积7.67万平方米，建成后可形成年产10GWh全极耳新型高效锂电池的生产能力。项目总投资190,156万元。
据了解，横店东磁主要围绕“做强磁性、发展新能源”的战略，从事磁材器件、光伏、锂电等相关产品的研发、生产、销售以及提供一站式技术解决方案的服务。其中，公司于2009年进军光伏产业，2016年进军锂电产业。
在锂电业务方面，横店东磁锂电产业立足“聚焦小动力，延伸发展储能”的发展定位，现已具备年产8.5GWh锂电池生产能力，小圆柱电池出货量位居全国前三。产品包括18650和21700型号的三元圆柱电池，广泛应用于电动二轮车、智能家电、电动工具、便携式储能等领域，并积极开拓无人机等新兴领域；同时，公司延伸布局了户储产品，并积极开拓工商业储能等市场。
今年上半年，横店东磁锂电池业务贡献收入17.48亿元，同比大幅增长35.91%，占主营业务收入的比重达到14.33%，出货量超3亿支，同比保持稳步增长。
据研究机构EVTank、伊维经济研究院联合中国电池产业研究院共同发布的
《中国圆柱电池行业发展白皮书（2026年）》
数据显示，2025年全球圆柱电池出货量约142亿颗，未来几年大圆柱电池将快速应用至动力、储能和两轮车等领域，预计到2030年出货量约189.8亿颗。
从竞争格局来看，国内企业凭借在消费领域不断抢占海外企业的市场份额，市占率逐年上涨。以EVE、天鹏、三杰、横店东磁等为代表的企业出货量增长明显。
更多行业价值资讯浏览、分享，欢迎扫描下方二维码关注我爱电车网官方微信（xevcar）！",full,,dom_or_structured_full_text,,http://www.xevcar.com/gongsi/092515Q312026.html,我爱电车网,电池,新能源汽车/储能,2026-09-26T00:43:52+00:00,零碳产业 > 能量转化 > 能量存储 > 电化学储能 > 二次电池 > 传统蓄电池 > 有机体系 > 锂电,零碳产业,锂电,"[{""path"":[""零碳产业"",""能量转化"",""能量存储"",""电化学储能"",""二次电池"",""传统蓄电池"",""有机体系"",""锂电""],""path_text"":""零碳产业 > 能量转化 > 能量存储 > 电化学储能 > 二次电池 > 传统蓄电池 > 有机体系 > 锂电"",""confidence"":0.93,""reason"":""核心事件是横店东磁投建10GWh锂电池产能项目。""}]",classified,2026-09-26T00:52:45.631518+00:00,glm-5.2,2026-09-10,
召开新型储能产业发展座谈会！工信部再出手引导高质量发展,2026-09-25,"会议围绕储能产品及系统质量提升、标准体系建设、行业规范管理等方面听取意见建议，探讨以标准化、安全化举措推动产业高质量发展。
据工业和信息化部网站获悉，为进一步加强新型储能产业上下游工作协同，凝聚合力，引导产业健康有序发展，2026年9月23日，工业和信息化部电子信息司组织召开新型储能产业发展座谈会。会议围绕储能产品及系统质量提升、标准体系建设、行业规范管理等方面听取意见建议，探讨以标准化、安全化举措推动产业高质量发展。工业和信息化部电子信息司杨旭东司长参会并介绍有关情况。
会上，工业和信息化部电子信息司围绕行业发展现状及背景，介绍近期开展工作情况、新型电池“十五五”相关规划和下一步工作考虑。各参会单位结合自身发展实际进行交流发言，并就产业发展面临的形势和问题提出了意见建议。
会议强调，新型储能产业是国家积极培育的新兴支柱产业，当前产业处于高速发展阶段，要坚持目标导向和问题导向，推动产业健康规范发展：一是推动产品质量提升，强化锂离子电池生产质量管理等国家标准落地实施，全面提升储能产品可靠性和安全性。二是完善标准体系建设，补齐细分领域标准短板，加快制定电能存储系统用锂蓄电池组安全等级评价规范等强制性国家标准，以标准引领产业发展。三是强化行业规范管理，完善产业治理机制，常态化推进政企沟通交流，推动产业链上下游健康协同共进。
更多行业价值资讯浏览、分享，欢迎扫描下方二维码关注我爱电车网官方微信（xevcar）！",full,,dom_or_structured_full_text,,http://www.xevcar.com/hangye/092515Q2R026.html,我爱电车网,电池,新能源汽车/储能,2026-09-26T00:43:54+00:00,零碳产业 > 能量转化 > 能量存储 > 电化学储能 > 二次电池 > 传统蓄电池 > 有机体系 > 锂电,零碳产业,锂电,"[{""path"":[""零碳产业"",""能量转化"",""能量存储"",""电化学储能"",""二次电池"",""传统蓄电池"",""有机体系"",""锂电""],""path_text"":""零碳产业 > 能量转化 > 能量存储 > 电化学储能 > 二次电池 > 传统蓄电池 > 有机体系 > 锂电"",""confidence"":0.75,""reason"":""座谈会聚焦锂离子电池储能产品质量与标准体系建设，引导新型储能产业发展。""}]",classified,2026-09-26T00:52:45.631518+00:00,glm-5.2,2026-09-10,
比亚迪泰国工厂第10万辆新能源车下线 将在海外建设6000座闪充站,2026-09-25,"此次第10万辆下线车型为BYD ATTO 3。作为比亚迪首款进入泰国市场的车型，BYD ATTO 3见证了比亚迪从开拓泰国市场到实现本地生产的重要发展历程。
9月21日，比亚迪（002594）泰国工厂迎来第10万辆新能源汽车正式下线。
据悉，此次第10万辆下线车型为BYD ATTO 3。作为比亚迪首款进入泰国市场的车型，BYD ATTO 3见证了比亚迪从开拓泰国市场到实现本地生产的重要发展历程。此次第10万辆新能源汽车下线，标志着比亚迪在泰国本土化发展进程中迈出新的重要一步。
目前，比亚迪泰国工厂95%的员工为泰籍员工，本地化采购比例约50%，已有5款车型获得“泰国制造”认证。
资料显示，比亚迪泰国工厂从开工到投产历时仅16个月，年产能约15万辆，包含整车四大工艺和零部件工厂，将新能源汽车产业链复制到海外。
2025年，比亚迪与腾势品牌在泰国总上牌量超过5万台，同比增长90%。2022年，公司首次进军泰国市场，连续三年稳居销量榜首，以比亚迪为首的中国车企从追赶者正逐渐成长为挑战者，撼动了泰国长期以来由日系品牌主导的汽车市场。
最新数据显示，2026年1-8月，比亚迪计销量已超过266万辆。其中，1-8月，公司海外累计销售约115.8万辆。
此外，截至9月24日，比亚迪已累计建成11,586座闪充站，覆盖341座城市。根据规划，比亚迪将于2026年底完成全国2万座闪充站的建设目标，真正实现“有路的地方，就有闪充”。不仅如此，比亚迪稳步推进闪充全球布局，将在海外建设6000座闪充站，从“闪充中国”迈向“闪充星球”，助力全球汽车电动化转型。
更多行业价值资讯浏览、分享，欢迎扫描下方二维码关注我爱电车网官方微信（xevcar）！",full,,dom_or_structured_full_text,,http://www.xevcar.com/gongsi/092515Q232026.html,我爱电车网,电池,新能源汽车/储能,2026-09-26T00:43:56+00:00,通用技术 > 通信和运输 > 物质运输 > 陆路运输,通用技术,陆路运输,"[{""path"":[""通用技术"",""通信和运输"",""物质运输"",""陆路运输""],""path_text"":""通用技术 > 通信和运输 > 物质运输 > 陆路运输"",""confidence"":0.9,""reason"":""核心事件是比亚迪新能源车海外本地化生产与销量里程碑，属汽车电动化陆路运输领域。""}]",classified,2026-09-26T00:52:54.257097+00:00,glm-5.2,2026-09-10,
"EV Sales Keep Surging In Europe, Now Make Up 29% Of New Car Sales",2026-09-25,"EV Sales Keep Surging In Europe, Now Make Up 29% Of New Car Sales
The market share for EVs keeps climbing, while traditional combustion cars continue to fall from grace.
- European new car buyers are loving EVs more and more.
- Last month, 29% of all new cars sold in the region were electric.
- From the beginning of the year through August, EVs beat both gas and diesel cars.
European car buyers are supercharging the region’s EV adoption rate with continually higher numbers. Last month, 29% of all new cars sold in Europe were electric, bringing the average market share for the January through August period up to 23%, according to the International Council on Clean Transportation (ICCT).
The data is backed by registration numbers published by the European Automobile Manufacturers’ Association (ACEA), the region’s main automotive lobby group, which show that 29.2% of all new cars registered last month in the European Union, UK, and EFTA countries were EVs, up from last year’s 20.2% share. The same lobby group says EVs have a year-to-date market share of 23.2%.
The BMW Group had the biggest share of EV sales, according to the ICCT. That's mostly due to the huge success of the new iX3 crossover.
Meanwhile, traditional combustion passenger cars, powered by either gas or diesel engines, continue to go down in popularity. In August, gas cars accounted for just 18.5% of all registrations, while diesel cars captured just 5.8% of the European market, according to ACEA. Through the first eight months of the year, combustion cars (gas and diesel combined) had a 27.9% market share, per ACEA, while the ICCT says that number was 29%.
That’s clearly more than the 23% share captured by EVs, but the trend is clear. Last year, EVs had 17.7% of the market at the end of August, while gas and diesel accounted for 35.8% of the new car market.
It’s great news for everyone, but especially for people who live in dense urban areas, where studies have shown that replacing combustion cars with EVs leads to significant health benefits.
Things are going so well that Volkswagen has found itself in the awkward situation where it needs to cut back combustion car production and boost EV assembly in its home country, which also happens to be the region’s biggest car market. Thanks to the huge success of the new ID. Polo, VW now has more orders for EVs in Germany than combustion cars, a first for the company.
The Volkswagen ID. Polo and Renault 5 have also been very successful in Europe.
But Europeans aren’t out of the woods yet. Even with hundreds of EV models to choose from, including dozens of affordable options, the gas engine still looms over the region’s car market in the form of mild hybrids and traditional hybrids.
Hybrids are now topping Europe’s car sales charts, getting 32.8% of the market in August. That said, with EVs going as hard as they are right now, the rise of hybrids has been somewhat tame compared to the United States, with a year-to-date market share of 36.3%, up from 34.7% during the same period last year, according to ACEA.
Among local automakers, BMW Group had the biggest share of EVs from January through August, with 30% of all cars sold being electric, the ICCT said. That’s 10 percentage points more than last year.
Norway is still the undisputed leader when it comes to the number of EVs registered, with a whopping 98% of all new cars registered from January to August being electric. Denmark is a close second, with 82%, followed by Finland with 50%, Iceland with 47%, and Sweden with 43%. Meanwhile, Croatia is at the bottom of the list, with only 4% of new cars registered being EVs, according to the ICCT.
RECOMMENDED FOR YOU
The Volkswagen ID.4 Just Got Up to $12,500 Cheaper in America
Inside The Texas Factory Racing To Break China’s Grip On EV Magnets
Volkswagen Bets You'll Pay Up For In-Car Gaming
Tesla Finally Kicks Off Semi Deliveries As Diesel Prices Skyrocket
Volkswagen Delays The ID. Buzz's Return To The U.S. Again
Waymo's Latest Safety Numbers Sure Make Human Drivers Look Bad
The Best EV Lease And Finance Deals In September 2026",full,,trafilatura_full_text,,https://insideevs.com/news/809592/ev-sales-europe-august-market-share/,INSIDEEVs,电池,电动汽车,2026-09-26T00:44:28+00:00,通用技术 > 通信和运输 > 物质运输 > 陆路运输,通用技术,陆路运输,"[{""path"":[""通用技术"",""通信和运输"",""物质运输"",""陆路运输""],""path_text"":""通用技术 > 通信和运输 > 物质运输 > 陆路运输"",""confidence"":0.9,""reason"":""核心事件为欧洲电动车新车销量份额持续上升，属汽车电动化市场动态。""}]",classified,2026-09-26T00:52:54.257097+00:00,glm-5.2,2026-09-10,
"The Volkswagen ID.4 Just Got Up to $12,500 Cheaper in America",2026-09-25,"The Volkswagen ID.4 Just Got Up to $12,500 Cheaper in America
The current-generation ID.4 is on its last legs in the U.S., and Volkswagen is doing everything it can to clear dealer lots.
- Volkswagen is offering some sweet discounts on the ID.4 in the U.S.
- You can get the electric crossover for up to $12,500 less if you’re willing to buy an older model.
- However, even the latest model gets a substantial discount, so be ready to ask your dealer the right questions.
It’s a sad day whenever a car manufacturer decides to discontinue an electric model, but there’s no denying that the move often comes with a big benefit: substantial discounts for cars left in inventory.
That’s exactly what’s happening right now with the Volkswagen ID.4, which is going out of production at the brand’s Chattanooga plant in Tennessee to make room for more gas-powered SUVs.
The German automaker is slashing up to $12,500 off ID.4 EVs left in inventory across the country, turning the perfectly average crossover into a great deal. The massive price cut only applies to the 2025 ID.4, with “very limited inventory available,” according to Volkswagen.
Before the pitchforks come out in the comments section, everyone should know that the 2025 ID.4 is identical to the latest version, so you’re not giving anything up in terms of performance or features. Yes, it’s already one year old, but it’s still a new car at a great price.
But there’s more. If you absolutely want the latest model year, Volkswagen is also slashing the 2026 ID.4’s price by $6,000, which should make everyone happy.
The discount can be applied when leasing or purchasing with cash through participating dealers through November 2, and it’s only available for private customers. Bear in mind that not all dealers will advertise the Customer Bonus, so make sure you ask for it when shopping around.
It’s also worth noting that 2025 models, which can benefit from the bigger discount, are rarer than 2026 models, but I still managed to find a couple of them on VW’s website, and the final price is under $40,000. Most options I found were Pro models with the 77-kilowatt-hour battery and dual-motor all-wheel drive, which are good for 263 miles of range on a full charge.
That price is on par with the entry-level Tesla Model Y All-Wheel Drive, which offers a smidge more range (294 miles), but comes with a stripped-down interior.
Back in 2024, the ID.4 went through a mid-life refresh, which brought more power, more range, a new 12.9-inch infotainment system, and backlit controls for volume and the climate system. Sadly, though, the infuriating driver door window switches stayed the same.
Volkswagen is set to right all the wrongs that came with the ID.4. The updated ID. Tiguan is expected to feature more physical controls and a smoother infotainment system, similar to the ID. Polo.
If the ID.4 isn’t the EV you’re looking for but still want a sweet deal, you can check out our updated list of the best lease and finance deals here.
RECOMMENDED FOR YOU
The Best EV Lease And Finance Deals In September 2026
Inside The Texas Factory Racing To Break China’s Grip On EV Magnets
EV Sales Keep Surging In Europe, Now Make Up 29% Of New Car Sales
Tesla Finally Kicks Off Semi Deliveries As Diesel Prices Skyrocket
Volkswagen Bets You'll Pay Up For In-Car Gaming
Waymo's Latest Safety Numbers Sure Make Human Drivers Look Bad
Volkswagen Delays The ID. Buzz's Return To The U.S. Again",full,,trafilatura_full_text,,https://insideevs.com/news/809539/volkswagen-id4-big-discounts-us/,INSIDEEVs,电池,电动汽车,2026-09-26T00:44:30+00:00,通用技术 > 通信和运输 > 物质运输 > 陆路运输,通用技术,陆路运输,"[{""path"":[""通用技术"",""通信和运输"",""物质运输"",""陆路运输""],""path_text"":""通用技术 > 通信和运输 > 物质运输 > 陆路运输"",""confidence"":0.85,""reason"":""核心事件为大众电动车型的降价清库与停产决策，属电动汽车市场动态。""}]",classified,2026-09-26T00:52:54.257097+00:00,glm-5.2,2026-09-10,
Americans Are Buying Hybrids At A Record Pace. And It's Not Just Toyota Anymore,2026-09-25,"Sure, Toyota is still the main player in the hybrid game. But other brands are stepping up in a big way.
Photo by:
Suvrat Kothari
4:20pm ET
Hybrids are
getting more and more popular in the U.S.
Much of that simply comes down to more automakers expanding their hybrid lineups, but Americans are also warming to the idea of electrification. High fuel prices and improvements in charging infrastructure have are helping people warm up to the idea of alternative fuels. With all of that, hybrids have the highest market share they've ever had, at 16.3% of the U.S. market, according to new data from Cox Automotive. While Toyota is still America's hybrid king through Q2 of 2026, two other brands saw surprising growth: Kia and Subaru.
Toyota still dominates the hybrid segment with 44% market share through Q2, despite dropping 4% from last year. That should come as no surprise, as Toyota practically invented the space. The
is still the most famous hybrid on the planet. However, another big reason why Toyota owns this segment is that it turned two of America's most popular models into hybrids exclusively; the Camry and RAV4. So now the zillions of people who buy those two cars have to buy hybrids.
The big surprise is Kia, though. Its share of the hybrid market is only 9%, but it saw a massive 130% year-over-year hybrid growth in Q3. That's in no doubt helped dramatically by the arrival of the new
Telluride Hybrid
. The Telluride is one of Kia's most popular models and the new hybrid model is arguably the best value in the lineup. The launch of that model last quarter had to have been a massive help, and likely will continue to bolster Kia's hybrid sales for many years to come.
Photo by: Kia
Subaru was behind Kia in terms of market share, with just 4%, but it saw even more proportional growth than Kia, with a 140% year-over-year improvement. That's coming from a low base, as Subaru had zero hybrids in 2024. It has since launched hybrid versions of the Forester and Crosstrek, with Wilderness versions coming, too.
American is clearly buying into electrification and Hybrids are a great gateway, as they allow customers to taste the benefits of it, without having to make a complete lifestyle change over to charging. Hybrids are more convenient for long range driving, too, so they work better for many families. Outside factors like high fuel costs have only further fueled customers' curiosity into electrification, so we should only see these numbers rise in the coming months and years.
Here be some similar stories
Facebook
LinkedIn
Flipboard
WhatsApp
RECOMMENDED FOR YOU
The Best EV Lease And Finance Deals In September 2026
Inside The Texas Factory Racing To Break China’s Grip On EV Magnets
Toyota Is Reportedly Getting Into EREVs. Here's What We Know
Tesla Finally Kicks Off Semi Deliveries As Diesel Prices Skyrocket
Toyota's Hydrogen Pickup Is Coming In 2028 With 248-Mile Range
Waymo's Latest Safety Numbers Sure Make Human Drivers Look Bad
I Drove All The New Toyota EVs. Here’s My Pick—And How To Choose",full,,dom_or_structured_full_text,,https://insideevs.com/news/809482/record-hybrid-growth-america/,INSIDEEVs,电池,电动汽车,2026-09-26T00:44:32+00:00,通用技术 > 通信和运输 > 物质运输 > 陆路运输,通用技术,陆路运输,"[{""path"":[""通用技术"",""通信和运输"",""物质运输"",""陆路运输""],""path_text"":""通用技术 > 通信和运输 > 物质运输 > 陆路运输"",""confidence"":0.85,""reason"":""核心事件是美国混动车销量创纪录及各车企混动产品线扩张，属于汽车电动化市场动态。""}]",classified,2026-09-26T00:52:57.972813+00:00,glm-5.2,2026-09-10,
This Audi EV Set A Guinness World Record By Driving 831 Miles Without Recharging,2026-09-25,"That's an astonishing average efficiency of 8.76 miles per kWh.
Photo by:
2:23pm ET
Audi set a new Guinness World Record for the longest distance traveled in an electric car on a single charge.
The Audi A6 E-Tron went 831 miles without recharging.
The test happened in ""regular traffic,"" but Audi didn't share the average speed.
The latest world record for the longest drive on a single charge didn't come from a Lucid, or Tesla, or even that funky new
Volkswagen thing
. Nope, it came from an ordinary
Audi A6 E-Tron
, the automaker announced on Thursday. Rally driver Miko Marczyk was the one behind the wheel, and he had to go all the way to Hel and back to do it. Hel, Poland, that is.
Marczyk set out in a standard Audi A6 e-tron Sportback on September 11 at 1:55 a.m, and drove it across Poland. The route snaked along the Vistula river to Hel, which sits on a peninsula in the Baltic Sea. He then turned around and came back. On just one charge, his A6 E-Tron Sportback covered 831 miles, making for an average efficiency of 7.09 kWh per 100 km (8.76 miles per kWh). The total drive took 45 hours, with an average ambient temperature of around 15 degrees Celsius.
Last year,
Lucid claimed the Guinness World Record
for the longest drive in an EV, covering 749 miles from Switzerland to Germany. The Air Grand Touring used in that test is America's rangiest EV, with an EPA rating north of 500 miles.
Photo by: Audi
Audi doesn't say what his average speed was, only saying that he drove the car in ""regular traffic."" As with any of these ultra-long EV range tests, we can only assume that slow speeds played a role. Cruising at highway speeds, there's no way the E-Tron would have gone this far. Same goes for the Lucid or the Chevy Silverado EV that GM engineers drove over a thousand miles.
Audi credits this efficiency to aerodynamics. With a drag coefficient of 0.21, the A6 E-Tron is one of the slipperier cars on the market and the most aerodynamic Audi ever. Audi also says that aerodynamic drag accounts for 40% of its electric A6's consumption, so its slippery shape helped it maintain efficiency at higher speeds.
Even with the Audi's pebble-smooth aerodynamics and its 94.9 kWh usable battery, Marczyk was shocked by the results. ""Even for me, a result of 1,338 kilometers was a pleasant surprise,"" he said. It wasn't some slowpoke version of the car, either. It had 367 horsepower and could hit 62 mph in 5.4 seconds, the same as an off-the-shelf A6.
Stay informed with our newsletter every weekday
Does this mean you can achieve 800 miles-plus on a single charge with your Audi A6 E-Tron? Probably not. Marczyk was driving specifically to eke out every single mile possible, and was probably driving far too slow for the average highway driver to handle. Still, it proves that with a careful right foot and some patience, you can get some serious range out of a single charge.
Here are some similar stories
Facebook
LinkedIn
Flipboard
WhatsApp
RECOMMENDED FOR YOU
The Best EV Lease And Finance Deals In September 2026
Inside The Texas Factory Racing To Break China’s Grip On EV Magnets
Audi Developed The A2 E-Tron 21 Months Faster Than Usual. The Secret Wasn’t More Engineers
Tesla Finally Kicks Off Semi Deliveries As Diesel Prices Skyrocket
This Study Covered 500,000 EV Batteries. Some Models Aged Much Better Than Others
Waymo's Latest Safety Numbers Sure Make Human Drivers Look Bad
A New Kind Of Hybrid Is Coming. See The 10 Extended-Range EVs Hitting America Soon",full,,dom_or_structured_full_text,,https://insideevs.com/news/809472/audi-a6-etron-guinness-record/,INSIDEEVs,电池,电动汽车,2026-09-26T00:44:34+00:00,通用技术 > 通信和运输 > 物质运输 > 陆路运输,通用技术,陆路运输,"[{""path"":[""通用技术"",""通信和运输"",""物质运输"",""陆路运输""],""path_text"":""通用技术 > 通信和运输 > 物质运输 > 陆路运输"",""confidence"":0.88,""reason"":""核心事件是奥迪电动轿车单次充电续航创世界纪录，属电动汽车性能与应用。""}]",classified,2026-09-26T00:52:57.972813+00:00,glm-5.2,2026-09-10,
Volkswagen Bets You'll Pay Up For In-Car Gaming,2026-09-25,"VW's new gaming feature will let owners pair their smartphones as game controllers.
Photo by:
Volkswagen
2:05pm ET
Volkswagen will add the ability to game on the infotainment screen on some of its new cars.
20 titles will be available at launch, including Pac-Man, Uno, and Tetris.
Passengers can use their smartphones as controllers.
If your car has an
enormous screen molded into the dashboard
, you might as well use it for more than just checking the time or the weather. Across the board, car companies are teasing out what digital features customers are willing to use—and perhaps more importantly, pay for. Teslas just got Grok Bot, Benzes have ChatGPT, and Cadillacs have HBO.
Volkswagen's latest move: bringing video games to some of its newer cars. The automaker announced on Wednesday that it will expand an existing partnership with AirConsole to several of its vehicles in the U.S. beginning with the 2027 model year. Tesla has had gaming in its cars for years, but this is a little different; passengers can crowd around the
car's central screen
and use their phones as wireless controllers.
Photo by: Volkswagen
Setup seems to be dead simple. Open your smartphone's camera app, scan a QR code, and start tapping away on the virtual controller. Depending on the game, multiple passengers can join in to a single session.
VW says that 20 of AirConsole's
50 games for cars
will be available at launch, including Pac-Mac, Uno, and Tetris. Some of the games will even be customized to the brand—for example, Pac-Man's pellets are Volkswagen logos and the in-game Power Berries are replaced by ""iconic Volkswagen vehicles."" Some of the titles will also integrate with in-car ambient lighting to allow for a more immersive experience.
And before you ask, no, the feature can't be used when the car is in motion.
The car must be parked before firing up the app
Stay informed with our newsletter every weekday
Volkswagen says that the feature will be baked into certain vehicles starting with the 2027 model year, including the
, Atlas, Golf GTI, Golf R, and Tiguan.
The feature also won't be free. It requires an active subscription to VW's In-Vehicle Premium connectivity service, which costs $149 per year. The service also includes connected navigation, a wifi hotspot, premium voice control (on supported models), premium radio, and access to myQ Connected Garage. ID. Buzz buyers get 12 months of connectivity included with their vehicle purchase, while other models receive 3 months.
More Volkswagen EV News
Facebook
LinkedIn
Flipboard
WhatsApp
RECOMMENDED FOR YOU
Volkswagen Delays The ID. Buzz's Return To The U.S. Again
Inside The Texas Factory Racing To Break China’s Grip On EV Magnets
This VW ID. Buzz Finished A 62,000-Mile World Trip With Nearly 96% Battery Health
Tesla Finally Kicks Off Semi Deliveries As Diesel Prices Skyrocket
VW Turned The ID. Buzz Into An Electric Camper Van. The U.S. Is Next.
Waymo's Latest Safety Numbers Sure Make Human Drivers Look Bad
EV Sales Keep Surging In Europe, Now Make Up 29% Of New Car Sales",full,,dom_or_structured_full_text,,https://insideevs.com/news/809461/volkswagen-bets-youll-pay-up-for-in-car-gaming/,INSIDEEVs,电池,电动汽车,2026-09-26T00:44:36+00:00,未分类,,,[],unclassified,2026-09-26T00:52:57.972813+00:00,glm-5.2,2026-09-10,
Low-Frequency Noise and Data Centers: What to Know,2026-09-25,"Most of the
noise that frustrates neighbors
around data centers is audible. But one important factor isn’t: infrasound – low-frequency acoustic energy that most people can’t actually hear, yet may perceive as pressure changes, vibrations, or even building rattle. As communities scrutinize new projects, understanding what infrasound is, where it comes from, and how to control it is increasingly important.
What Is Infrasound?
Infrasound refers to acoustic energy typically below 20 Hz, which sits beneath the usual range of human hearing. Although it’s often inaudible, people can sometimes
sense infrasound
indirectly – as subtle body pressure, vibration in nearby structures, or resonance that causes doors, windows, or fittings to buzz.
Where Infrasound Comes From in Data Centers
Infrasound arises from both natural and human-made sources.
Ocean waves
, storms, and seismic activity all produce low-frequency energy. In data centers, several systems can contribute:
Related:
Delivery Certainty Will Define the Next Phase of Data Center Growth
Cooling towers
and large axial fans
can emit low-frequency sound waves that propagate beyond the site, especially under certain wind or atmospheric conditions.
Standby generators
– through engines, exhaust systems, and enclosures – are common sources of low-frequency noise and infrasound during testing or outages.
Server fans
primarily contribute mid- to high-frequency noise; however, in aggregate, they can also contribute to low-frequency hum through airflow paths and structural resonance. They are typically secondary sources compared to cooling plants and generators.
Why Low-Frequency Noise Matters
Most people can’t hear infrasound, and many ordinances address only audible sound. For these reasons, one might think that the data center industry has little reason to be concerned about high levels of infrasound.
In reality, infrasound is increasingly
part of debates
about the impact of data centers on local communities, with residents complaining that low-frequency noise and infrasound produce
headaches, nausea, anxiety
, and other health problems.
So far, most of these claims have not been fully validated. Measuring infrasound accurately requires specialized equipment, and few communities have conducted the assessments necessary to prove infrasound at high levels – let alone to prove that data centers are the source of the sound or that it’s causing health problems.
Practical Ways to Reduce Infrasound
Data center operators aiming to stay in the good graces of local communities (not to mention politicians and regulators) would do well to invest in strategies for mitigating infrasound emissions from their facilities, whether real or perceived. Many options are practical and not especially costly:
Related:
The AI Data Center Boom Is Here. Can Contractor Safety Keep Pace?
Regularly clean
fans and other mechanical components. Keeping blades and heat exchange surfaces clean helps equipment run smoothly and can reduce low-frequency noise and infrasound generation.
Install larger fans operating at lower speeds where feasible. Larger-diameter fans running at lower speeds can produce less low-frequency energy than smaller fans at higher RPM for equivalent airflow.
Use anti-vibration pads and proper isolation mounts to decouple infrasound-producing equipment from floors, walls, and other structural components. Low-frequency energy travels efficiently through solids, so preventing direct contact can significantly reduce transmission.
Optimize enclosures, mufflers, and silencers. Properly sealed and tuned enclosures around generators and large fans reduce low-frequency output during operations and testing.
Minimize generator runtime. Rely on the grid for normal operations, schedule tests during daytime windows, and
consider battery energy storage
to reduce generator use.
Consider active noise control in constrained paths. It can help in specific, controlled scenarios, but is rarely practical at a facility scale or in open-air environments, especially at very low frequencies. Prioritize source control and isolation first.
Evaluate alternative
cooling approaches
. Liquid cooling can reduce reliance on high airflow and the associated fan noise, but pumps and related components should be mounted and isolated to avoid introducing new low-frequency paths.
Related:
California Judge Orders Full Environmental Review of 330 MW Data Center
Engaging the Community with Data and Transparency
Beyond engineering controls, measurement and communication matter. Operators will likely win more hearts and minds if they have an open conversation about low-frequency noise and infrasound – including what’s been measured and what’s being done – rather than suggesting that the issue lies solely in neighbors’ heads.",full,,dom_or_structured_full_text,,https://www.datacenterknowledge.com/data-center-construction/low-frequency-noise-and-data-centers-what-to-know,Data Center Knowledge,综合科技,数据中心/AI基础设施,2026-09-26T00:45:47+00:00,AI与智能科技 > AI硬件层 > 数据中心,AI与智能科技,数据中心,"[{""path"":[""AI与智能科技"",""AI硬件层"",""数据中心""],""path_text"":""AI与智能科技 > AI硬件层 > 数据中心"",""confidence"":0.9,""reason"":""核心事件是数据中心的次声噪声来源与治理，属于数据中心运营与基础设施问题。""}]",classified,2026-09-26T00:53:04.837254+00:00,glm-5.2,2026-09-10,
本周看什么 | 最近值得一看的 6 部作品 - 少数派,2026-09-25,"👀 N 部作品推荐
- 近期佳作推荐：[美剧] 美国人质、[美剧] 侠女内莉、[电影] 罗斯、[电影] 绽放于巴黎之星、[纪录片] 生命奇观 2、[真人秀] 思想验证区域 第二季
- 几则精彩预告：《侦战》定档预告、《克里夫·布斯的惊险再冒险》正式预告、《野马九号》正式预告、《球状闪电》首支预告
- 几则影视资讯：《敦煌英雄》定档 9 月 25 日、《哥斯拉 -0.0》新海报、《社交清算》新海报、《雨夜之徒》发布海报
往期推荐可 点此 或点击文末 tag #本周看什么，更多主题片单可 点此 查看；想要查看更多深度影视内容，可以关注我们的衍生栏目「看什么 Café」。如有其他建议也欢迎在评论区提出，感谢大家对「看什么」栏目的喜爱和支持。
[美剧] 美国人质
- 关键词：剧情 / 惊悚 / 犯罪
- 又名：American Hostage
- 片长：40-48 分钟不等（单集）× 8 集；豆瓣链接
一个记者，怎么会被一个电话困住呢？
@潘誉晗：1977 年，一位名叫托尼的男子主动向警方打去了电话。电话中，他宣称挟持了一名男子，并在该男子的脖子上，套上了 12 号口径短管自动霰弹枪。霰弹枪的扳机上系着一根与之关联的绝命线。然后他又给 WIBC 电视台打去了电话，要求和记者弗雷德对话。因为弗雷德磁性的声音让人信服，也因为弗雷德尊重事实、实话实说。
美剧《美国人质》早在多伦多电影节时就做过放映，并收获了媒体的不少赞誉。这个根据真人真实改编的故事，聚焦了一个发生在广播时代的危机事故，那时印第安纳波利斯州的电话还没有全线普及，所以这通致命的电话，弗雷德不得不接，这也给他带来了一个很大的纠结点——电话中的内容他该不该转达？不说，人质很大可能会死；说了，势必会给全城带来恐慌。
虽然剧集只播出了两集，但扮演弗雷德的乔恩·哈姆与扮演托尼的吉奥瓦尼·瑞比西，已为我们带来了精湛的演技表现，可放心追。
[美剧] 侠女内莉
- 关键词：剧情 / 动作 / 悬疑 / 惊悚 / 犯罪
- 又名：Neagley
- 片长：47分钟左右（单集，首集 58 分钟）× 8 集；豆瓣链接
都说了不要轻易惹她啊。
@潘誉晗：芝加哥，深夜，地铁站。一名年轻的黑人在站台上脱掉了所有的衣物，然后跳下站台，露出诡异又满足的笑容，走向即将驶来的地铁。这名男子叫汤米，是内莉从小一起成长的伙伴，虽久未见面，但彼此的感情很深。所以听闻这个消息，她怎么也无法相信汤米是自杀的。尤其当内莉得知汤米在留下的信中提到她的名字，还有汤米这几年一直住在一个宛如邪教般的农庄时，她知道这件事势必有蹊跷。
《侠探杰克》衍生剧《侠女内莉》于上周一次性释出，并且收获了很不错的口碑和关注。这位曾和杰克同属于一个部门、一起经历过各种任务的女性，机智、坚韧、身手矫健。而脱离了母剧后，独挑大梁的内莉也完美地撑起了这部剧。区别于母剧对于动作戏的倾向，这部剧的剧情更偏向刑侦的类型，所以剧集利用汤米去世这一案件，带出的真相则是更为黑暗的现实。剧情有悬疑、有精彩的打斗，看得很爽～
- 关键词：剧情
- 又名：Rose
- 片长：94 分钟；豆瓣链接
@利兹与青鸟：十七世纪早期三十年战争结束后，一个名叫罗斯的士兵归乡继承一座荒废已久的庄园，想在这里安顿下来。尽管罗斯的继承合乎法度，但仍因其外来人的身份和脸上被子弹打穿嘴巴的伤痕，被村民视为傻瓜和怪人。但因在一场熊祸中帮助了村民，罗斯得以慢慢融入，让自己的土地焕发生机，还迎娶了合作伙伴的女儿苏珊娜，却没想到一次意外，让罗斯的处境急转直下。
本片将欧洲历史上多起女扮男装的真实事件改编为罗斯的故事，书写性别权力结构、社群审视、宗教礼制对人的摧残，在今年的柏林电影节上斩获金熊奖提名和银熊奖最佳主角。电影采用黑白摄影，配上略带哲思的旁白、唱诗般的配乐，为电影赋予浓厚的艺术气息。森林的严寒、风暴和伺机而动的野兽，披着兽皮戴着面具的村民、弥漫开来的猜忌与流言，都让整个电影伊始就浸透着荒蛮肃杀之感。而影片后半段罗斯的思考与控诉，对比男人们脱下裤子的调笑与暴行，令人如万蚁噬心般痛苦，也为罗斯的平静和苏珊娜的反抗感到震颤。
[电影] 巴黎绽放的星辰
- 关键词：剧情
- 又名：パリに咲くエトワール / L'étoile de Paris en fleur / Samurai Ballerina
- 片长：120 分钟；豆瓣链接
奔流不息的绘卷，跃动不止的舞步。
@SHY：1912 年，从横滨远渡巴黎的少女继田藤子，与五年前有过一面之缘的园井千鹤重逢。分别怀着绘画和芭蕾梦想的两位少女，在异国他乡互相扶持，即使屡屡碰壁，也不停下脚步。然而，随着战争临近，她们的梦想将指向怎样的未来？
以「鲁路修」等一众科幻大作扬名的导演谷口悟朗，还是免不了日本人的「巴黎综合症」，携手金牌编剧吉田玲子，带来了这部专注平实日常的原创剧场版。曾操刀《魔女宅急便》《听到涛声》等名作的吉卜力元老近藤胜也，时隔多年再次担任人设，简洁明了的设计充分传达角色个性，与淡雅的美术相得益彰，打造清新惬意的观看体验。
主创团队实地走访了作中地点，并参考了大量历史资料，翔实的考据为内容添砖加瓦。编舞由巴黎剧团的明星芭蕾舞者担当，同时结合千鹤的设定，融入相对僵硬的薙刀习惯，让动作更具真实感。即使梦想如埃菲尔铁塔一般高耸入云，只要跟随心中按捺不住的悸动，终能触手可得。这则笔触温柔的少女成长故事，焕发美好年代的蓬勃朝气。
[纪录片] 生命奇观 2
人可以毁掉奇观、创造奇观，也能延续奇观。
@利兹与青鸟：纪录片的第二季依旧由中国国家地理团队、以鉴定和科普「网络热门生物」闻名的「无穷小亮」张辰亮，继续探索中国广袤大地上的生命奇观。这次他们将前往内蒙古高原、黄渤海湿地和川西山地，以颇具幽默感的京味碎碎念，在流行梗、引经据典、专业词汇之间来回切换，解说与众不同的地理地质与动植物，让人在欢笑中学到知识。
纪录片每集内容都很丰富，首集的内蒙古他们寻找国内罕见的大规模洄游，哪怕遍体鳞伤，也没有一条小鱼愿意后退；在草原上突兀的砧子山下，透过奇异的岩石追溯 2000 万年前的地质历史；穿过开车像坐船的浩瀚沙漠，研究如冰裂红宝石一般的玫瑰湖为什么那样红；观赏和千百年前如出一辙的美丽花海、变幻莫测又摄人心魄的内蒙古风暴。
与其和《地球脉动》等气势恢宏的大制作纪录片相比，《生命奇观》更像是专业摄影团队与幽默博学的导师带领的一场研学，用接地气的语言拉进知识与普通观众的距离。镜头与配乐相得益彰，突显自然造物之美与生命奇观之伟大。
[真人秀] 思想验证区域 第二季
- 关键词：真人秀
- 又名：더 커뮤니티 2: 보이지 않는 손
- 片长：100 分钟左右（单集）× 10 集；豆瓣链接
文科生的人生综艺。
@潘誉晗：并非有意，只是不自知。每个人在社会上的存在就像是市场中那只看不见的手，只要出现，只要这个人是以自身的利益为出发点行事，就注定会在某种程度上影响身边的人或事。因此，这个人的理念，对这个社区、社会、乃至国家的进步都很重要。那么，你的思想是什么？你敢不敢来这，以你的思想为赌注呢？
2024 年，一部韩国真人秀《思想验证区域》在互联网上引起了一波小范围的讨论。两年后，真人秀的第二部播出，依然得到了关注者们的拥趸。一样是找了一群素人为了奖金展开竞技，但是和以往经济类的综艺不同，这部理论型的真人秀，玩的是高概念。12 位嘉宾聚集在一起生活 9 天，每天都天南地北地聊着，然后通过对话的内容和观察，猜测对方的思想倾向是什么。所以观看这个节目，奖金其实无所谓，看嘉宾们针对政治倾向、阶级等级、男女对立等具体或问题进行高谈阔论，反而成了最有意思的事。
[电影] 求救信号 @利兹与青鸟：冷战开始 40 年后，优秀的飞行员特洛伊被派往苏联的偏远地区，执行间谍侦查行动，却敌军被击落，所幸被一个向往美国的前克格勃特工尼古拉所救，甚至带他踏上了逃亡之路。这是一部十分成熟的商业喜剧片，用稍显荒诞的美式童话外壳，讽刺意识形态对人的影响。瑞安·雷诺兹持续发挥他的贱嘴风格，既有对上世纪文化与政治环境的恶搞，也有不少紧张和搞笑兼具的打斗与飞行画面。
[动画] 请吃红小豆吧！第五季 @利兹与青鸟：红小豆与朋友们每天的工作就是被装点在各式食物上，然后梦想着被吃掉达成豆生成就，却总是事与愿违。营救昏倒的外卖员、在生日蛋糕上过生日、被中介介绍工作，每集一个两三分钟的天马行空小故事，和啼笑皆非的小事故、带着各种口音的配音共同组成动画可爱又搞笑的风格，依然是熟悉的味道！
《侦战》定档预告
9 月 21 日，电影《侦战》发布定档预告，宣布 10 月 1 日上映。影片由孔令政编剧、导演，古天乐、此沙、任达华、谢君豪领衔主演，袁富华、卢慧敏、杨伟伦主演，讲述一名嫌疑人从警署羁押仓离奇消失，却被发现死在另一间反锁的档案库，致命子弹又来自查案探员计子默的配枪。
《克里夫·布斯的惊险再冒险》正式预告
9 月 21 日，电影《克里夫·布斯的惊险再冒险》发布了正式预告，将于 11 月 25 日在北美上映，12 月 23 日上线 Netflix。本作为《好莱坞往事》续集，大卫·芬奇执导，昆汀·塔伦蒂诺编剧，布拉德·皮特主演，讲述特技演员克里夫·布斯在好莱坞斡旋的故事。 来源
《野马九号》正式预告
9 月 23 日，电影《野马九号》发布了正式预告，将于 11 月 6 日在北美上映。马丁·麦克唐纳（《三块广告牌》）执导、编剧，约翰·马尔科维奇、山姆·洛克威尔主演，性格迥异的 CIA 特工克里斯和李被派往复活节岛，这对搭档将执行一项考验彼此信任和忠诚的任务。 来源
《球状闪电》首支预告
9 月 23 日，剧集《球状闪电》发布了「理想者」预告，将于 2026 年内上线爱奇艺。陈思诚监制，戴墨执导，王安宇、杨立新、周一围、童瑶领衔主演，改编自刘慈欣同名科幻小说，命运重新排列，轨迹悄然偏离，球闪光芒亮起，人性与科研的博弈就此展开。 来源
动画电影《雷·古恩》首支预告：布拉德·伯德（《超人总动员》）执导，山姆·洛克威尔、斯嘉丽·约翰逊配音，私家侦探雷蒙德·古恩卷入了一桩棘手的案件，涉及到外星人、谋杀和明星维纳斯·诺瓦，12 月 4 日在北美上映，12 月 18 日上线 Netflix。 来源
电影《纸老虎》正式预告：詹姆斯·格雷执导、编剧，亚当·德赖弗、迈尔斯·特勒、斯嘉丽·约翰逊主演，聚焦一对在追求美国梦过程中深陷泥潭的兄弟，曾经牢不可破的兄弟情谊开始崩塌，背叛也变得近在咫尺，11 月 13 日在北美上映。 来源
电影《初步举证》正式预告：苏珊娜·怀特执导，苏茜·米勒编剧，辛西娅·埃里沃主演，改编自知名话剧，雄心勃勃的辩护律师泰莎熟练地为客户辩护，然而，在被同事强奸后，她发现法律并不能给予正义，11 月 13 日在英国上映。 来源
《反仇专家》新预告：杰西卡·查斯坦主演的 Apple TV 新剧在去年因查理·柯克被刺杀事件而被无限期暂缓开播，如今重新定档，将于明年春季上线。事讲述一个普通的母亲走进网上最黑暗的角落，通过渗透、卧底网络上的仇恨和暴力组织，去化解美国国内恐怖主义酝酿的枪械暴力活动。
📽 影视新闻周报
《敦煌英雄》定档 9 月 25 日
9 月 22 日，电影《敦煌英雄》发布了 定档预告 和海报，将于 9 月 25 日上映。曹盾执导，马伯庸编剧，章宇、窦骁、吕凉领衔主演，安史之乱后的河西，漠州陷入危局，一支临时组成的队伍踏上横穿大漠的求援之路，在风沙、追兵与重重险境中寻找破局之机。 来源
《哥斯拉 -0.0》新海报
9 月 24 日，电影《哥斯拉 -0.0》发布了 IMAX 海报，将于 11 月 3 日在日本上映、11 月 6 日在北美上映。该片为首部为 IMAX 拍摄的日本电影，山崎贵执导、编剧，神木隆之介、滨边美波主演，《哥斯拉 -1.0》两年后，巨兽再次袭来，将人类推向新的绝望深渊。 来源
《社交清算》新海报
9 月 19 日，电影《社交清算》发布了新国际版海报，将于 10 月 9 日在北美上映。凭借《社交网络》斩获奥斯卡金像奖的艾伦・索金带来全新姐妹篇，当科技巨头以「言论自由」为名逃避责任，当算法决定了我们看见的世界，一场权力与良知的终极对决即将上演。 来源
《雨夜之徒》发布海报
9 月 22 日，悬疑犯罪电影《雨夜之徒》发布海报。该片由黄子华主演，周殷廷执导（导演首作），陈颖伦监制，聚焦香港奇案，有「雨夜屠夫」之称的连环杀手林过云。随着重案组警察的不懈追查，一个深藏多年的骇人真相随之浮出水面。
> 简单、好用的 视频下载工具，少数派为你呈现 🚀",full,,trafilatura_full_text,,https://sspai.com/post/114957,少数派,综合科技,数字产品/效率工具,2026-09-26T00:46:06+00:00,未分类,,,[],unclassified,2026-09-26T00:53:04.837254+00:00,glm-5.2,2026-09-10,
“AlphaGo”杀进足球场！自我对弈140年，机器人成“梅西终结者”,2026-09-25,"“AlphaGo”杀进足球场！自我对弈140年，机器人成“梅西终结者”
文婷 发自 凹非寺
量子位 | 公众号 QbitAI
足球界的AlphaGo来了！
在“虚拟世界杯”自我对弈140年后，终于带着球技出山。
视频中的人形机器人“Messinator”穿着阿根廷队服，丝滑地带球过人，一脚射门：
这一成果来自美国具身智能独角兽Skild AI。
有网友看完忍不住感叹：
最妙的是奖励函数只给了进球，盘带、护球、倒地爬起来全是自己“悟”出来的。
AlphaGo那套self-play方法论又在物理世界又走通了一次；
虚拟世界杯踢140年，值了！
那么这个Messinator究竟是一个怎样的机器人？
造出它的Skild AI又是什么来头？
看下去就知道了。
“梅西终结者”，在虚拟世界杯苦练140年
Messinator这个名字拆开看很有意思。
它的前半截是梅西（Messi），后半截来自经典科幻电影《终结者》里的机器Terminator，把这俩合在一起就是“梅西终结者”。（big胆hhh）
它真正大脑是Skild AI此前推出的旗舰机器人基础模型S1。
而S1最核心的能力，就是让机器人像大模型一样“上下文学习”。
我们只需给它看一段任务示范视频，它就能把视频当作“提示词”，逐步理解咱们想完成什么任务，并把视频里的意图和动作转换成适合自己身体的执行方式。
最爽的是，它碰到新任务不用回炉重造，直接就能上手。
不过，会看视频还只是第一步。
Skild AI认为，像S1这样的基础模型主要从人类数据中学习，能力上限难免受人类经验限制。
如果想继续变强，就得让机器人自己创造经验，并尝试着自己去发现人类没教过的动作。
于是，Skild AI又在S1基础上加入了强化学习和self-play，也就是自我对弈。
它的整个训练设置并不复杂，团队把机器人放进了NVIDIA Isaac Sim搭建的虚拟足球场，并只给它设定了一个最终目标：进球，拿到高分。
然后，在整个训练过程中，没有人为盘带单独设置奖励，也没有人为护球、抢断、射门和倒地起身逐一打分。
机器人面对的对手，只是自己此前保存下来的模型版本。
通过新旧版本反复比赛，赢下来的新策略，又会成为下一轮训练中更难对付的对手。
于是，每一次进步，都会为机器人自动制造出下一道难题。
Skild AI技术博客显示，机器人刚进入虚拟球场的前几个月连走路都不利索；
但等它“长到大学生的年纪”，便自行学会了摔倒后重新站起来。
而随着对手不断变强，机器人盘带绕过防守、用身体护球、主动抢断等更复杂的行为也开始陆续出现。
全程没有工程师规定它必须这样做；
它保留下这些动作只有一个初心：它们能帮自己赢球。
这正是self-play最迷人的地方。
当年，AlphaGo正是通过与自己对弈，逐渐发现了一些连顶尖棋手都没预料到的下法，并于2016年4:1一举击败韩国传奇棋手李世石九段，正式拉开了AI变革的序幕。
现在，Messinator也通过自我对弈、在虚拟世界踢了140年世界杯，将足球策略迁移到了真实人形机器人上。
最终，Messinator不仅能走到球前完成射门，还学会了带球、护球、抢断，并在真人对抗中调整自己的位置和动作。
Skild AI通过这场硬核的演示，充分证明了机器人不一定都要由人类亲手教会新动作；
它也可以自己练、自己输、自己总结，再自己变强。
而这，恰好就是Skild AI过去几年一直在押注的方向。
一颗大脑，控制所有机器人
2025年7月，Skild AI正式推出了一套能够跨硬件运行的机器人基础模型——Skild Brain。
它的核心主张是：
Any robot, any task, one brain.
目标是打破“一种身体配一套大脑”的行业桎梏，让不同形态的机器人执行不同任务时都可以使用同一颗大脑。
随后没过两个月，Skild又进一步公开了一组omni-bodied训练成果。
团队在仿真世界中生成了约10万种身体结构各异的机器人，让同一个模型累计训练约1000个仿真年。
到了测试阶段，模型还得直接接管训练时从未见过的机器人。
哪怕机器人突然断腿、关节锁死、轮子卡住，或者背上额外负重，模型也不会立刻“趴窝”，而是会根据身体状态在线调整重心和运动方式。
部分情况下，它甚至只需几秒钟的时间就能重新找回平衡，并摸索出新的移动方法。
这套omni-bodied训练体现了Skild最核心的思路：
机器人见过的身体越多，就越难靠死记硬背过关。
为了能同时控制10万种不同的身体，模型只能尝试理解平衡、关节、重心和动力之间更通用的物理规律，而不是背下一款机器人的固定步态。
如今的Messinator，正是延续了这条技术路线，并进一步叠加了self-play。
其中，Skild Brain负责赋予它控制身体、保持平衡和应对碰撞的基本功；
self-play则负责让它思考“下一步该怎么做，才会更好？”。
而从10万种机器人身体，到140年的虚拟世界杯，Skild这条看似疯狂的技术路线并非横空出世。
把这些想法从论文一路推向真实机器人的，是两位在机器人学习领域深耕多年的卡内基梅隆大学教授。
两位CMU教授，联手造机器人大脑
Skild AI成立于2023年，脱胎于卡内基梅隆大学（CMU）机器人研究体系。
团队成员既包括来自卡内基梅隆大学、斯坦福大学、加州大学伯克利分校等高校的研究人才，也包括曾任职于Meta、Tesla、NVIDIA、Google、Amazon和Everyday Robotics等机构的研究员及工程师。
而联合创始人兼CEO Deepak Pathak的经历，几乎串起了Skild AI的整条技术路线。
他本科毕业于印度理工学院坎普尔校区计算机专业，后赴加州大学伯克利分校攻读计算机博士，师从计算机视觉领域知名学者Alyosha Efros和Trevor Darrell。
博士毕业后，他曾在Meta（前Facebook）AI Research从事研究工作，也曾在伯克利与机器人学习专家Pieter Abbeel合作，担任访问博士后。
此后，他进入卡内基梅隆大学，成为机器人研究所和机器学习系教授。
Deepak Pathak最具代表性的研究之一是“好奇心驱动的探索”。
这项研究等基本思路是，与其让机器只能依赖人类设计的外部奖励，不如赋予它一种内在动力，让它对陌生和难以预测的现象产生“好奇”，并主动探索环境，并在探索中学会新的能力。
Deepak这套研究思路后来又延伸到自监督机器人学习、视觉模仿学习、Sim2Real和自适应控制等方向。
在创办Skild AI之前，Pathak还曾联合创立人脸识别公司VisageMap（该公司后来被FaceFirst收购）。
Skild AI的另一位联合创始人兼总裁Abhinav Gupta，博士毕业于马里兰大学计算机系，现任卡内基梅隆大学机器人研究所教授；
他曾参与建立Facebook AI Research匹兹堡实验室，并担任研究管理和领导职务。
并长期专注于研究大规模视觉学习、自监督学习、终身学习、机器人操作和物理常识，是早期“让机器人通过自主交互收集训练数据”路线的重要研究者。
曾获得斯隆研究奖、PAMI青年研究员奖、IAPR J.K. Aggarwal Prize等奖项。
Anyway，家人们，你们说要是哪天“Messinator”真进化到能踢世界杯，像当年AlphaGo对战柯洁那样，跟梅西来一场世纪人机对决，咱们能受的了吗？
https://x.com/SkildAI/status/2102807731564662797
https://www.skild.ai/blogs/physical-self-play
https://www.skild.ai/blogs/s1
https://www.skild.ai/blogs/building-the-general-purpose-robotic-brain
https://www.skild.ai/blogs/omni-bodied
https://www.cs.cmu.edu/~dpathak/
https://proceedings.mlr.press/v70/pathak17a.html
https://www.cmu.edu/news/stories/archives/2018/july/facebook-ai-research.html
https://www.cs.cmu.edu/news/2021/gupta-wins-aggarwal-prize-self-supervised-learning
- OpenAI闯大祸！GPT竟黑进医保系统，黄仁勋：管不住就关掉2026-09-25
- 给机器人当老师，还能赚外快？“中国版Index”觅蜂派来了2026-09-25
- 实时互动、实时改视频、探索空间视频，Vidu S2一次放了三个大招2026-09-16
- 探索RSI，生数新世界模型让机器人开始自我进化2026-09-14",full,,trafilatura_full_text,,https://www.qbitai.com/2026/09/497278.html,量子位,综合科技,人工智能,2026-09-26T00:47:46+00:00,AI与智能科技 > 具身智能 > 模型和具身操作系统,AI与智能科技,模型和具身操作系统,"[{""path"":[""AI与智能科技"",""具身智能"",""模型和具身操作系统""],""path_text"":""AI与智能科技 > 具身智能 > 模型和具身操作系统"",""confidence"":0.92,""reason"":""核心是机器人基础模型S1结合强化学习自我对弈习得足球技能，属具身模型与学习控制软件。""}]",classified,2026-09-26T00:53:04.837254+00:00,glm-5.2,2026-09-10,
OpenAI闯大祸！GPT竟黑进医保系统，黄仁勋：管不住就关掉,2026-09-25,"< img id=""wx_img"" src=""https://www.qbitai.com/wp-content/uploads/imgs/qbitai-logo-1.png"" width=""400"" height=""400"">
林方舟 发自 凹非寺
量子位 | 公众号 QbitAI
OpenAI：@澳大利亚，不好意思，GPT入侵了你们的国家医保系统。
我知道你很急，但你先别急，因为这是三个月前的事了。
澳大利亚：？？？
6月，澳大利亚国家医保系统的数据库遭到一个Agent的入侵。
结果，一直拖到8月，OpenAI才在自家模型复盘中发现这档子事；
又磨蹭到了9月，才慢吞吞给澳大利亚发了封电子邮件通报。。。
在联合国大会期间，澳大利亚忍不了了，直接炮轰：
通知拖了整整近三个月，这种通报方式更是让人无法接受。
研究机构Transluce称，这是目前全球已知",full,,dom_or_structured_full_text,,https://www.qbitai.com/2026/09/497177.html,量子位,综合科技,人工智能,2026-09-26T00:47:48+00:00,未分类,,,[],unclassified,2026-09-26T00:53:04.837254+00:00,glm-5.2,2026-09-10,
亮出“中国最强AI芯片”还不够，平头哥又甩出一手开源,2026-09-25,"亮出“中国最强AI芯片”还不够，平头哥又甩出一手开源
大厂造芯，正在从交付芯片，走向更广泛的开放共建阶段。
henry 发自 凹非寺
量子位 | 公众号 QbitAI
“这是目前中国算力性能最强的AI芯片，性能达到M890的3倍。”
9月22日的云栖大会上，阿里巴巴集团CEO吴泳铭这样介绍新一代真武V900。
这款最强AI芯片的出鞘，将平头哥的算力「硬实力」推到了聚光灯下。但对于考虑换用真武的客户，还有另一件事要确认：过去写下的代码、积累的工具和开发经验，能不能一起带过来？
芯片之外，软件生态的「软实力」同样决定着客户的选择。
一天后的9月23日，平头哥公布了AI软件栈T-Head SAIL的最新开源进展，进一步扩大框架适配、加速库、工具链和通信库等领域的开放范围。
在平头哥的比喻里，AI芯片是发动机，软件栈则相当于“变速箱+传动系统+驾驶系统”。
发动机性能再强，最终能发挥多少，还取决于软件能否让模型顺利迁移、运行和优化。
现在，这套配套软件正进一步向开发者开放。
据悉，真武AI芯片已服务20多个行业的650多家客户，蚂蚁、小红书、小鹏汽车等头部企业已经开始使用T-Head SAIL。
其中，小红书还基于T-Head SAIL开源代码，开发了模型迁移与算子优化Agent，用来加速生成式推荐模型在真武上的部署。
可以说，平头哥提供基础软件能力，客户则把自己的业务经验写进工具，继续做迁移和优化，芯片背后的生态软实力，也在这样的参与中逐渐积累。
而以阿里为代表的大厂造芯，也正在从交付芯片，走向更广泛的开放共建阶段。
这次，平头哥具体打开了什么？
简单说来，T-Head SAIL可以理解为阿里平头哥围绕真武AI芯片打造的一套类“CUDA”软件栈。
它连接PyTorch等上层AI框架和底层真武硬件，负责模型迁移、编译执行、计算加速和开发调试。
今年7月WAIC上，平头哥宣布启动T-Head SAIL开源，并向开发者提供SDK、驱动、性能分析与调试工具，以及相关技术文档的下载。
两个多月后的云栖大会，团队公布了进一步的开源进展。已开源项目包括PyTorch-for-sail框架适配、sailify源码迁移工具、Triton-for-sail算子开发工具，以及DeepGEMM-for-sail、FlashAttention-for-sail等计算加速项目。
从调试工具、技术文档到开源框架，随着更多工具和资源的开放，SAIL让开发者能够深入了解软件的具体实现，并根据业务需要查看、修改代码。
而这些工具和资源，回应的正是开发者在实际业务中遇到的几个关键问题：
1、先解决迁移：过去攒下来的东西，别因为换芯片全重来。
“最大的诉求，从业务角度来说，就是迁移成本有多大。”在公开演讲时，平头哥半导体软件生态资深总监陆生华这样表示。
这并不难理解。不少客户的软件已经在线上跑了很多年。代码改过一轮又一轮，工具早就用顺手了，团队也有自己的一套调优经验。
换一款芯片，意味着这些积累都要重新接受检验，业务还不能因此中断。
框架适配、源码迁移和算子开发工具，首先要做的就是尽可能保留这些积累。开发者可以继续沿用熟悉的模型开发方式，由迁移工具辅助处理已有代码，再根据新硬件的特点完成必要的适配。
只有过去的积累越容易带走，中国芯片才更有机会成为实际可用的选择。
2、模型跑起来之后，还得继续抠性能。
然而，迁移跑通，只是第一步。如果换了芯片之后，效率只剩原来的30%-40%，那即便模型能跑起来，实际业务里也很难接受。
所以接下来马上就会碰到第二个问题：同一个模型，能不能跑得更快？资源还能不能再省一点？
这时候，只靠厂商把工具做好还不够，DeepGEMM-for-sail、FlashAttention-for-sail这类计算加速项目开源的意义，也就显现出来了。
开源之后，开发者不只是把现成工具下载下来用，还可以直接看到里面是怎么实现的，再根据自己的模型和业务负载继续改。
过去需要交回芯片厂商的问题，现在业务团队有机会自己定位、自己优化。更了解模型的人，可以直接参与决定模型怎样在芯片上运行。
换句话说，T-Head SAIL开源不是多了一个下载入口，而是让开发者真正参与到芯片性能优化里。
3、新模型出来后，最好Day 0就能跑。
对于不少开发者来说，还有一个迫切需求就是——
新模型发布当天，最好就能在自己的算力平台上试起来。
现在模型的更新节奏基本上是几周一更。如果适配慢了一轮，业务团队尝试新技术的时间也会跟着推迟。尽快支持新模型，甚至做到Day 0可用，已经成为客户对算力平台的期待。
平头哥也在持续提供面向真武适配的模型资源。按照现场演讲披露的数据，截至2026年9月，其在ModelScope上已提供39个量化模型，覆盖Qwen、DeepSeek、Kimi等系列，累计下载超过34.8万次。
这些已经完成适配的模型，可以减少用户自行准备的工作，让部署和测试更早开始。
与此同时，TensorFlow、JAX适配版本、自研推理引擎，以及PCCL、DeepEP-for-sail等通信组件和调试监控工具，也还在推进开源。
未来，随着更多代码和工具开放，开发者能够参与的工作也在增加：把原有业务迁到真武上，再按自己的需求修改、优化，甚至开发新的工具。
而这种变化，已经能从小鹏、蚂蚁和小红书等客户的实践中看到。
代码打开之后，开发者开始自己动手
小鹏解决的，是把已有业务迁到新平台上。
借助SAIL，小鹏将原先运行在GPU平台上的业务模型迁到真武云端集群，开展智能驾驶模型训练。
迁移之后，团队继续利用SAIL的性能分析工具定位训练瓶颈，再围绕算子和框架进行优化。
训练任务换了硬件，开发者仍希望沿用熟悉的工作方式。SAIL支持C++、Triton、TileLang等开发方式，目的就是减少重新学习的负担，让团队把精力放在模型和业务本身。
蚂蚁面对的，则是模型适配之后的持续调优。
目前，蚂蚁集团推理服务团队已经基于SAIL，在真武810E和M890上完成主要前沿模型的推理适配。接下来，量化、推理阶段分离、专家并行负载均衡、稀疏注意力接入等工作仍在继续。
模型能返回正确结果，只解决了功能问题。面向真实的推理服务，团队还需要不断改善处理效率和资源开销，软件优化会伴随业务持续进行。
小红书又往前走了一步，把迁移和优化做成了自己的工具。
基于SAIL开源代码，小红书面向真武架构开发了模型迁移与算子优化Agent，用自动化方式辅助优化，加速生成式推荐模型的部署上线。
在这个过程中，客户可以把自己的模型经验和业务需求写进工具，形成适合自身场景的优化方法。厂商提供的基础实现，成为了下一轮开发的起点。
这也回应了陆生华在采访中提到的一个矛盾：
客户想针对芯片开发高性能算子，往往又需要保护自己的算法和知识产权。算法细节不方便交出去，芯片厂商却需要了解这些细节，才能代为优化。
开放软件代码和架构信息后，客户就有条件自己完成这项工作。核心业务逻辑可以留在内部，团队根据公开的硬件信息编写定制算子，再检查和调整软件实现。
涉及核心算法的改动，可以留在企业内部；愿意公开的工具和优化，则可以提交给社区。T-Head SAIL为此建立了贡献流程：
开发者可以提出问题、修改代码、提交贡献，经过自动化测试和维护者、社区评审后，改进可以合入主线，随版本发布。
据介绍，T-Head SAIL开源后，已经有阿里内部和外部客户提交代码贡献。
平头哥收到的反馈也相当具体：有人希望把自己的项目贡献出来，有人需要更多硬件架构信息，以便开发定制算子；还有人希望新模型、新框架得到更快支持。
与此同时，这些需求也在改变平头哥的软件开发安排。
真武的架构信息已经公开，社区治理和贡献规则仍在完善；团队正推动软件组件解耦发布，让不同项目能够分别更新，并将面向真武的适配成果逐步提交回上游社区。
客户自己解决一个问题之后，如何让其他人也用上这项改进，就是代码开放之后需要继续完成的工作。
阿里为什么选择在这个时候进一步开放？
要理解这个时间点，得先回到芯片本身：已经有足够多的人拿到硬件、用进业务，适配和优化的需求才会真正出现。
从2019年的含光800，到2021年的倚天710，再到如今的真武系列，平头哥走了多年。其中一条持续的路径，是从业务需求出发设计芯片，先在阿里内部验证，再通过云等方式服务外部客户。
陆生华谈到，外部客户接触新芯片时，常会先确认一件事：阿里自己用过没有？
淘宝、搜索、推荐、广告等业务承担了早期生产验证的角色。经过实际流量和集群稳定性的考验，产品再逐步向外推广。
到真武M890，团队已经完成两代完整芯片交付。在陆生华看来，软件的成熟度和客户对二次开发的需求，共同促成了此时的开放。
650多家客户意味着产品得到了使用，也意味着厂商要面对越来越多不同的问题。
汽车企业训练模型，互联网企业优化推荐，模型团队尝试新算法，各自的计算方式和性能瓶颈并不相同。同一套基础软件之上，还会有大量贴近具体业务的开发。客户越多，把这些工作全部留给芯片厂商就越难持续。
这时扩大开放，既有经过验证的软件可以拿出来，也有真正需要它、愿意继续开发的用户。
此外，对平头哥来说，还有一笔长期维护的账。
芯片厂商基于主流框架做适配，通常需要修改一部分代码。如果长期维护自己的独立版本，上游每次更新，都要重新同步代码、处理差异、测试验证。独立版本和上游分开的时间越长，这项工作就越重。
把适配和优化提交回PyTorch、vLLM、Triton等上游社区，是为了让真武的支持能够随主流软件一起演进。客户希望更快用上新技术，平头哥也需要减少重复维护，才能腾出精力支持更多模型和业务。
当然，代码开放之后，厂商的工作仍然要继续。原先统一发布的软件包拆成多个独立组件，需要新的检查和测试安排；社区提交的改动，也需要有人评审、维护并对产品质量负责。开放能扩大参与范围，也要求平头哥建立长期协作的能力。
再把视线拉远，SAIL的选择，也与阿里的整体AI布局相接。
今年云栖大会上，吴泳铭明确提出，阿里将长期投入AI模型、AI芯片和AI云。
而早在2025年2月，阿里就宣布了三年内至少投入3800亿元建设云和AI基础设施的计划，随后又提出将在这一计划上进一步增加投入。
模型带来新的算法、计算精度和并行需求，芯片提供计算、内存和互联能力。SAIL通过编译器、算子库和通信库，让模型的这些需求在硬件上得到实现，再由云将整套计算能力组织成服务，交付给用户。
这层软件能否及时跟上，影响着新模型能多快用上硬件的性能，也影响着云上业务的运行效率。
阿里内部已经在做这种协同。按照陆生华的介绍，平头哥正在与千问团队合作，探索让模型生成高性能算子。生成一段功能正确的代码相对容易，要让它充分发挥芯片性能，还需要模型理解底层架构。
但千问的需求无法涵盖所有行业。小红书的生成式推荐、小鹏的智能驾驶训练，各有自己的模型、数据和优化目标。T-Head SAIL进一步开放，是让这些团队也能参与连接模型与硬件的软件开发，把对业务的理解转化为具体实现。
总的来说，阿里在模型、芯片和云上的持续投入，最终要由更多业务来检验。芯片交付之后，软件能否持续跟上，客户能否按自己的需求开发，都会影响这些投入最终能服务多广的市场。
“生死看淡，不服就干”的平头哥，用多年投入积累了造芯和用芯的能力。走到今天，它开始把更多经过业务验证的代码和工具，交到开发者手中。
而大厂造芯，也终于到了生态建设的时刻。
SAIL的全称是Seed of AI Library。按照平头哥的解释，每一行开源代码，都是一颗种子。
芯片已经进入真实业务，接下来，就是期待这些种子在更多开发者手里，长出自己未曾预设的工具、优化和应用。
- 稚晖君把机器人卖到2万元一台，可人可狗可开发！2026-09-23
- 华为首发企业AI白皮书：AI让员工更快了，怎样让整个企业受益？2026-09-20
- 一张3090就能跑！全栈国产模型，把AI办公搬到企业本地2026-09-20
- “留给人类阻止AI的时间不多了”2026-09-19",full,,trafilatura_full_text,,https://www.qbitai.com/2026/09/497108.html,量子位,综合科技,人工智能,2026-09-26T00:47:50+00:00,AI与智能科技 > AI硬件层 > 芯片,AI与智能科技,芯片,"[{""path"":[""AI与智能科技"",""AI硬件层"",""芯片""],""path_text"":""AI与智能科技 > AI硬件层 > 芯片"",""confidence"":0.93,""reason"":""核心是平头哥AI芯片及配套软件栈开源生态，属AI芯片领域。""}]",classified,2026-09-26T00:53:04.837254+00:00,glm-5.2,2026-09-10,
别人忙着卷Code，Kimi抽身反打浏览器插件：网页操作一秒变Skill,2026-09-25,"别人忙着卷Code，Kimi抽身反打浏览器插件：网页操作一秒变Skill
Agent的手越伸越长
鹭羽 发自 凹非寺
量子位 | 公众号 QbitAI
不ber？Kimi你是考古派的啊。。。
都6202年了，怎么还在玩浏览器插件？？？
前脚刚出了个Kimi Code Desktop，把浏览器加塞进了本地窗口，转头又给Chrome安排上了「新」插件。
说新吧，倒也没多新鲜。
老瓶装新酒，就是4个月前发布的Kimi WebBridge，改头换面成了Kimi浏览器扩展。
顺便功能也升了级——
打开网页、读取内容、点击按钮……这些老一套的东西倒都还在，主要新增功能有两处：
一是现在浏览器侧边栏直接可用，二是在网页上做过的事能帮忙录成Skill，方便下次复用。
好好好，这下用Kimi更方便了（doge）
老实说，旧版WebBridge的名字还挺直白的。
“网页桥梁”一头接本地Agent，一头连Chrome或Edge扩展。Agent发来指令，它就能在用户的真实浏览器中跳转页面并完成任务，再把操作结果送回去。
简而言之，它是让Agent用上你的浏览器。
至于新版呢，先是把入口给改了。
现在点击工具栏里的Kimi图标，登录Kimi账号，就能在侧边栏直接对话，让Kimi操作当前网页；原先由本地Agent调用扩展的方式则继续保留。
功能上延续WebBridge，可以完成网页浏览操作与信息抓取。
不过，之前Agent通过WebBridge操作浏览器时，每次都需要迭代调教一段时间，才能高效完成任务。
现在这个问题在新版得到了解决。
新版支持录制用户在网页上的动作，再整理成Skill。
举个栗子，比如我每天都会打开同一个网站，查找当天新闻再导出数据，Kimi浏览器扩展现在就能把这一套网页操作保存成Skill，下次直接调用。
如果某次任务做得很顺利，Kimi也能将此次会话以Skill形式保存下来。
正因如此，新版更适合重复工作。用户随手可用，流程也可以反复调用。
当然，官方也提醒，遇到网页改版、页面动态加载等情况，仍然可能让操作中途卡住。所以遇到复杂页面失败时，可以先截图确认页面状态，再调整指令。
浏览器插件仍能打
AI插件走到这儿，其实也绕了挺长一段路。
Manus团队早年的产品Monica，就把AI放在任意网页边上，帮用户提问、写邮件；豆包插件也一直在强调视频内容筛选、外语网页翻译和论文阅读。
那一代的AI插件主要解决的是「看网页」。
到了「用网页」时期，Manus后来又推出了Browser Operator，让Agent经授权后操作用户的本地浏览器。
Kimi WebBridge做的也是差不多的事情，都是真实浏览器控制。今天的Kimi浏览器扩展则再往前推了一步，能够让做过的网页流程有机会沉淀下来。
所以6202年了，浏览器插件还真得继续做，用户在这儿，痛点也在这儿。
不过，Kimi浏览器扩展紧跟着Kimi Code Desktop前后脚发布，这件事本身就蛮有意思的。
Kimi Code Desktop是专门给Agent做项目的工作台，尤其是内置浏览器，会一路跟着项目走，非常适合改完网页立即看效果。
哪里不对，用户可以直接点选页面元素、附上截图和评论，让Agent打回重做。
同样指向浏览器，一个是项目内部，一个是用户外部应用，将Kimi Code Desktop和浏览器插件结合来看，产品思路就清楚多了：
Agent在桌面端拿到项目文件、终端和改动记录；需要检查自己做出的网页时，打开会话里的内置浏览器；需要进入用户日常使用的网站时，再通过扩展操作已有的Chrome或Edge。
Agent的手越伸越长，也越做越稳。
[1]https://x.com/Kimi_Moonshot/status/2102372557190230244
[2]https://www.kimi.ai/products/kimi-browser-extension
[3]https://mp.weixin.qq.com/s/0x-tXOxlutrxE9YNODng0A
量子位 QbitAI · 头条号签约
关注我们，第一时间获知前沿科技动态
- 华为大模型双子星联手创业，要找物理世界的Scaling Law2026-09-25
- 呃…小扎「自研Manus」刚成Meta太子，就塌房了2026-09-25
- Meta靠自研Manus翻身！股价一夜暴涨11%，登顶苹果商店，增速反超ChatGPT2026-09-24
- 开源Top2！实测阶跃Step 5 Preview，真有点猛啊…2026-09-21",full,,trafilatura_full_text,,https://www.qbitai.com/2026/09/497075.html,量子位,综合科技,人工智能,2026-09-26T00:47:51+00:00,AI与智能科技 > AI软件层 > 工程改进,AI与智能科技,工程改进,"[{""path"":[""AI与智能科技"",""AI软件层"",""工程改进""],""path_text"":""AI与智能科技 > AI软件层 > 工程改进"",""confidence"":0.85,""reason"":""核心是Kimi浏览器插件让网页操作录制为可复用Skill，属Agent工程化工具。""}]",classified,2026-09-26T00:53:04.837254+00:00,glm-5.2,2026-09-10,
华为大模型双子星联手创业，要找物理世界的Scaling Law,2026-09-25,"华为大模型双子星联手创业，要找物理世界的Scaling Law
一场物理世界的基模实验
程浅 发自 凹非寺
量子位 | 公众号 QbitAI
数亿元资金，投向了一场物理世界的基模实验。
Physical AI创业公司息壤开物宣布，公司已经连续完成数亿元种子轮及天使轮融资。
由敦鸿资产领投，华控基金、三花控股、银杏谷资本、泽然资本、本坚基金、天使基石、标朴投资等知名机构跟投，估值达5亿美金。
而站在息壤开物背后的，是华为大模型双子星：
创始人、CEO李寅，前华为云大模型CTO，华为大模型0-1阶段核心成员；
联合创始人张含望教授，前华为多模态首席科学家。
二人此番联手，瞄准了一个具身智能至今尚未解决的底层难题。
“大语言模型之后，面向物理世界的下一阶段，是否仍然需要一个基础模型？”
过去几年，LLM已经通过海量文本预训练，将问答、写作、编程收进了同一个模型。
相较之下，机器人仍重度依赖特定本体、场景和任务做数据采集和增训。
为此，息壤要做LPM（Large Physics Model）。
即先从海量视频、机器人轨迹和真实交互中预训练一个物理基础模型，再让它进入不同本体和任务。
这件事说起来容易，做起来却尤为地难。
除了看重李寅、张含望及团队本身，为什么资本愿意在模型尚未完成预训练时，便下注这个非共识答案？
在息壤的定义里，大语言模型（LLM）代表的是AI 1.0时代，主要学习那些已经被人类抽象为语言、代码和公式的知识。
Physical AI，也就是息壤所说的“AI 2.0”，有质的不同。
这一阶段里，AI会深痛地意识到一件早在上万年前就被野生古猿们发现了的事情：
原来这个世界是连续变化的、可以被行动改变的，而且每一次行动的背面，还存在其他无数种可能……
这种混沌且连续演化的复杂性，是仅仅在离散Token序列中进行概率预测的LLM所无法忍受的。
△连续的运动只有被切分后才能成为模型可读取的序列
物理世界里，没有一套可直接使用的，已经被人类整理好的抽象表征。
所谓表征，是让“某种形式”代替某个对象，使一个系统能够对它进行识别、比较、推理或行动。
如同地图表征城市，鸽子表征和平，人通过观念、图像、概念认识世界。
有些表征很直白，但有些表征却没有唯一答案。
一个人眉头蹙起却嘴角上扬，这是无语、苦笑、讥讽，还是忍痛？不知道，物理世界只提供像素、声音、位置和受力变化。
△表征没有唯一答案
在这无限多的变化和变化的组合之中，或许只有一个信号值得把握。而模型只能从亿万次观察、行动与反馈中自己找到答案。
这就是LPM，Large Physics Model，“大物理模型”将要完成的任务。
相当于再造大小脑。
尽管难度较大，息壤认为这一步有必要完成。
其中原因，很大一部分源于团队在过往工业项目中所深刻意识到的VLA路线局限性。
尽管VLA已经证明，视觉和语言信息可以被进一步映射为机器人动作，但在实际部署中，大量模型仍然要针对特定本体和任务进行增训。
如果机器人要进一步进入家庭和公共服务场景，模型就需要具备通用能力，在进入新环境时保留已经学到的物理知识。
LPM希望提供的正是这样一个能力底座。
目前，息壤在LPM方向上的研究已有了一些乐观信号。
据披露，息壤模型在World Arena 2.0 Track 1中，Trajectory Accuracy单项排名第一，Physical Adherence单项排名第二。
其中，Trajectory Accuracy主要考察模型预测的物体运动轨迹是否准确，Physical Adherence则关注模型生成的未来状态是否符合基本物理规律——均与LPM希望解决的问题具有直接联系。
△息壤模型“RiXin”打榜成绩
另一个信号则来自Scaling effects。
这一观察与LPM的核心假设有关：如果物理智能同样存在Scaling路径，那么模型能力应当能够随着训练规模扩大而持续增长。
据息壤介绍，随着数据规模与训练规模增加，模型性能已经出现初步提升趋势，团队认为值得继续做下去。
华为多模态双子星在Physical AI汇合
要拉长这条技术曲线，找物理世界的Scaling Law，凭借好的想法和积极信号还并不足够。
毕竟万卡集群一开，一个月就要花费上亿元，能在这样的消耗下做持续推进的人并不多。
资金储备量是一方面，对团队组织和技术路线的判断是另一方面。
从息壤的团队构成来看，它要做基模，可能是认真的。
创始人李寅，清华大学毕业，前华为云盘古大模型CTO、行业大模型开发部部长。
她的经历横跨了基模训练与产业交付两个世界。
基模侧，她曾带400人团队，依托百万小时视频数据集，在万卡算力集群上耗时2个月训出了一个8B视频大模型。
产业侧，她负责国内多地具身智能创新中心的落地，还交付了包括智驾、矿山、金融、医疗、气象在内的30个行业的200多家客户，每年带来数亿营收。
在大模型的训练最前沿和落地最末端，所需能力相差不小，但都很复杂。
一方面，在模型训练阶段，基础模型并不是一个单纯的算法问题。
随着训练规模扩大，数据管线、算力调度和集群稳定性都会成为工程约束，任何一个环节的差错都可能影响整个训练周期，带来高昂的算力空转消耗。
但模型一旦走进产业，评判标准马上就变了，工作是否稳定、成本能否控制、能力能否快速复制……
这使得李寅既需要关注模型训练能力，也需要处理成本、稳定性和交付效率。
但也就是这两方面的历史经验，构成了她判断Physical AI路线的背景。
因为从过往的产业落地经验来看，机器人每进入一个新场景都需要重新采集数据并定制模型，具身智能很难实现规模化落地。
为此，息壤必须推进能力复用的问题，在基础模型层去建立可共享的物理能力。
相较于李寅的工程化与产业落地能力，即将出任息壤联合创始人和首席科学家的张含望则更多在理论侧深耕。
张含望教授，前华为多模态首席科学家，南洋理工大学计算与数据科学学院教授、人工智能校长讲席教授。
他长期研究因果机器学习、多模态理解和模型泛化，累计发表论文228篇，被全球引用超4.2万、H-index达81，是“causality（因果性）”这个方向上的华人学者NO.1。
还曾入选IEEE评选的“全球AI领域十大最值得关注的学者”，获得过新加坡总统科技奖青年科学家奖。
他的研究经历与Physical AI所面对的问题存在直接关联。
因为在物理世界中，仅依靠大模型训练中的“统计相关性”并不足以支撑稳定行动。
一个物体在视频中发生移动，可能来自机器人动作，也可能来自重力、碰撞或外部干扰。
模型只有学会理解动作与结果之间的因果关系，才能做出更可靠的判断。
泛化问题同样如此。
如果模型只记住训练数据中的物体外观和机器人姿态，那么更换材质、光照或本体之后，原有能力就可能失效。
Physical AI需要更稳定的表征系统，使模型成功识别不同场景背后的共同结构。
而张含望过去在因果学习和去偏方面的研究，正能减少模型对表面相关性的依赖。
可以说，李寅与张含望二人不同的能力点，分别代表了华为大模型体系中工程产业侧与算法研究侧。
李寅更接近基础模型如何训练、组织和部署的问题；张含望更关注模型稳定认知和迁移能力的形成。
但到了Physical AI阶段，机器最终要进入真实世界时，这两条路径就要开始融合、必须融合了。
如此二人的搭档使息壤既不同于单纯研究算法的实验室，也不同于围绕机器人本体承接项目的交付公司。
理论研究、大规模训练和产业反馈在这里，从一开始就被放进了同一个完整体系内。
实际上，“大模型双子星”也只是这支团队的塔尖。
团队既有参与过上一轮LLM基础模型训练的成熟负责人，也有来自多模态、世界模型和3D交互方向的年轻研究者。
息壤内部一共设置了Model、Data和System Infra三条能力线。
Model团队负责统一生成模型与物理表征；Data团队建立多来源数据管线，并处理仿真与真实数据；System Infra团队则支撑大规模稳定训练和后续推理优化。
如此种种，共同构成了息壤进攻LPM预训练的组织基础。
息壤开物要如何造物理基模？
团队履历只能解释“why”的问题，决定基模能否从理念真正落地的，仍然是“how”。
如前所述，物理基模之难，绝不会在LLM之下。
对于物理世界的模型而言，连续演化的“长程任务”是一个久攻不下的战场。
以收拾桌面为例，机器人需要先识别物体，再判断抓取顺序，规划移动路径，并根据每次动作之后的环境变化不断调整策略。
如前所述，问题在于，每一步都可能存在非常多可能的候选动作。
假设机器人在每个时刻有(b)种选择，完成任务需要连续决策(H)步，可能的行动路径就会增长到b^H。
如果每一步有10种选择，连续决策20步，理论上的路径数量将会爆炸增长到一个无法想象的数量级。
现实中，仅仅是做早饭、洗一件衣服，实际的决策和选择空间就远不止如此了。
这就是长程决策中的“组合爆炸”。
息壤所选择的自回归架构，与对这一问题的理解有关。
按照张含望对这条技术路线的理解，宇宙本身就可以被看作一个持续展开的巨大自回归过程。
任一时刻的世界状态，都承接此前的演化，并与当下发生的行动共同生成下一时刻。
这背后的理论直觉可以追溯到马尔可夫过程与贝尔曼递归。
在马尔可夫框架中，如果当前状态已经包含决策所需的充分信息，那么此前漫长的历史便可以被压缩进“当下”。下一时刻的状态，主要由当前状态与当前动作决定。
△马尔可夫决策过程
贝尔曼递归则在此基础上进一步处理“未来”：一个长期任务的价值，可以被拆解为当前动作带来的即时收益，以及进入下一状态后仍能够获得的未来价值。
在这样的理论框架下，过去不必被逐帧保存，未来也不必被一次穷举，模型只需要在当前状态下选择动作，再根据新的状态继续推演。
△图片系AI生成
棋手不会在落子前穷举世界上所有可能的棋局，而是判断当前局面，选择一步，再根据新的局面继续推演。
这也是息壤所强调的第一性原理，回到物理决策的最基本结构，状态、动作、下一状态，以及行动产生的价值。
在更为具体的架构上，息壤的LPM以Unified AR Transformer作为骨干，让自回归模型将复杂过程拆解为连续的条件预测。
Diffusion则作为可选模块存在，当系统需要把未来状态渲染成连续视频时，Diffusion完成视觉生成。
换句话说，前者负责写剧本分镜，后者负责摄影与后期。
基于这套理论框架，息壤将LPM拆分为六个相互配合的底层能力底座：统一Token、统一模型架构、强化学习算法、数据体系、评测体系和工程基础设施。
△LPM技术架构图
统一Token负责把视觉、动作、触觉和力觉等异构信息转换为模型能够共同处理的表征；
统一架构负责在同一套模型中组织状态理解、推理、行动与未来预测；
强化学习让模型从行动结果中更新策略；
数据体系为上述学习提供材料；
评测体系检验模型到底是学到了真物理规律，还是假表象关系；
最后，工程底座决定了这套方法能否在足够大的数据与算力规模上真正运行起来。
由此形成一个闭环：
不同来源的数据被转换为统一表征，模型生成动作并预测后果，动作进入仿真或真实环境接受检验，奖励与评测系统把结果转化为反馈，成功和失败的经验再重新进入训练。
△息壤开物数据平台demo
按照息壤的规划，第一阶段数据将来自互联网物理视频、Ego第一视角数据、UMI示教、仿真与合成数据，以及公开机器人轨迹和真机反馈。
过去丰富的商业化经验使其有机会进入真实产业场景拿到数据，快速跑出数据飞轮。
在产品规划上，息壤将模型能力划分为L0、L1与L2三个层次。
L0是通用物理基础模型，目标是形成跨任务、跨场景和跨本体的底层能力。
L1是领域模型，进入工业制造等具体领域后，模型还要学习行业中的对象、流程和约束。
L2则进入具体应用，将领域能力转化为可以部署的机器人任务。
其训练成果XIRRA v0.1计划于今年晚些时候亮相，届时，判断物理模型价值的标准或将更新。
而物理世界是否真的存在一个符合Scaling Law的基础模型，也可以拭目以待了。
话说回息壤开物。
“息壤”取自《山海经》。
“土自长息无限，故可以塞洪水也”，息壤可自行生长、不断增殖，最终成为承托浩大工程的神土。
这与千年后的物理智能自身形成了某种呼应。
所有采集数据以及在真实部署中的成功或失败的反馈，重新流入训练，成为模型继续生长的土壤，生生不息。
《周易》言，夫易，开物成务，冒天下之道，如斯而已者也。
揭示万物的道理、促成天下的事务，而由此统摄天地间的一切规律——如果说，物理世界真的存在自己的LPM，大抵如此。
期待息壤开物真的能让智能生于万物，也重新作用于万物吧。
量子位 QbitAI · 头条号签约
关注我们，第一时间获知前沿科技动态
- 别人忙着卷Code，Kimi抽身反打浏览器插件：网页操作一秒变Skill2026-09-25
- 呃…小扎「自研Manus」刚成Meta太子，就塌房了2026-09-25
- Meta靠自研Manus翻身！股价一夜暴涨11%，登顶苹果商店，增速反超ChatGPT2026-09-24
- 开源Top2！实测阶跃Step 5 Preview，真有点猛啊…2026-09-21",full,,trafilatura_full_text,,https://www.qbitai.com/2026/09/497070.html,量子位,综合科技,人工智能,2026-09-26T00:47:53+00:00,AI与智能科技 > 具身智能 > 模型和具身操作系统,AI与智能科技,模型和具身操作系统,"[{""path"":[""AI与智能科技"",""具身智能"",""模型和具身操作系统""],""path_text"":""AI与智能科技 > 具身智能 > 模型和具身操作系统"",""confidence"":0.9,""reason"":""核心事件是打造面向物理世界的基础模型LPM，属具身智能基础模型领域""}]",classified,2026-09-26T00:53:09.927857+00:00,glm-5.2,2026-09-10,
呃…小扎「自研Manus」刚成Meta太子，就塌房了,2026-09-25,"呃…小扎「自研Manus」刚成Meta太子，就塌房了
Jay 发自 凹非寺
量子位 | 公众号 QbitAI
这这这，Meta自研的Manus，咋直接在内部晋升「太子」了啊？？
刚刚结束的Connect大会上，扎克伯格带着Meta全家桶，集体给Meta Muse作陪。
软件层面，狂叠Buff，发了一堆新功能：
Computer Use、独立专属邮箱、实时视频数字分身；
硬件层面，扎总更是亲手把全套装备端了上来——
专属口袋硬件，Muse Charm，安排！
此外，Meta AI眼镜全系入驻，全部给我充当Muse的操作台！！
这资源倾斜力度，可以说是彻底起飞了。
泪目了，Manus，这盛世本该属于你o(╥﹏╥)o（bushi）。
不过小扎，还是先别着急挤牙膏了，你加Muse刚火没几天，好像有点塌房了啊——
路透社爆料，Meta正为Muse内测「真人客服」功能。
当用户让Muse拨打电话时，系统会自动把请求转交给呼叫中心经过培训的人工外包团队，由真人承包商替用户打电话沟通。
小Muse起飞了
这只叫Muse的「亲儿子」，到底是个啥？
继Manus、OpenClaw后，第三个掀起全球狂热的个人智能体。
根据Sensor Tower的数据，上线短短几周，Muse发布两周内下载量就已经突破了250万次，直接霸榜美区应用商店下载榜第一。
什么概念？这么说吧，这个增速已经大幅反超当时的ChatGPT了。
资本市场更是直接用真金白银投票。Muse亮相之后，Meta股价一路狂飙超过20%，市值直接暴涨超过2000亿美元，创下了七个多月以来的最高点。
今天一看，还在涨。。。
咋回事啊，一个AI智能体而已，Codex、Claude Code不强多了。。。
为啥Muse能火成这样？
主要还是产品定位比较吃香吧，Meta不愧是搞社交媒体出身的，用户心智这方面确实有点东西。
高度人格化、云电脑、可通过IM形态发消息。
在扎克伯格的设定里，Muse拥有一个叫Jolly的拟人化身，能够直接打通你的各种应用、账户、邮箱和日历。
说这么多都白说，我直接给你最直白不绕弯子的版本——
就是龙虾版的豆包。
但真别小瞧这些产品上的Trick，事实证明，但凡是有一点点学习成本，对普通用户而言，就是巨大的门槛。
再就是Meta确实适合做这件事吧，可以在战略层面All in。
小扎在演讲台上穿了件印着「BUILDING IS MY LOVE LANGUAGE」的黑T恤，毫不掩饰自己对Muse的偏爱：
我们正在构建的愿景的核心就是Muse。在接下来的几年里，我预计Muse将成长为全球数十亿人用来实现目标、改善生活的个人超级智能。
十亿人，而且还打算不收费。。。
是的，扎克伯格直接宣布，Meta会让Muse在海量Token消耗下保持免费使用。
至于Meta怎么赚钱？
我们期望随着时间推移，通过从交易中收取少量费用来获利。
这是很多人没想到的一点，一直以来，模型厂商都不怎么重视C端用户，这点从办公时代开始后，各家都懒得维护Chat模式这点就能看出来。
确实也没办法，C端需求高频，还很难变现。
但是，你Meta，本身就是一个巨大的B啊！
还是注意力经济那套，把人引到自家平台来，然后开始猛猛上广告。
还能顺便收集一波数据。
神了，完美打通商业模式内循环，Muse也因此得到史诗级加强——
免费、全能、替你跑腿，还能主动跨设备搞定繁琐流程。
难怪大批网友直呼：
这才是大家期待已久的个人Agent形态，这才是真正的OpenClaw。
Manus，这盛世本该属于你
既然是「太子」，Meta在这次的Connect大会，自然把Muse的排面拉到了顶格。
从软件大更新、商业生态狂欢，再到专属硬件，一套组合拳砸下来，小Muse直接全副武装。
在软件层面，一口气迎来了三大进化：
1、直接操控你的Mac电脑。
Meta正式把电脑操作功能Computer Use搬上了Mac平台。你可以把任务一股脑委派给Muse，它能像人类一样，直接在桌面上操作各种应用程序。
Meta首席AI官Alexandr Wang在演讲时说得很直接：
你可以让它帮你经营小型业务，或者只是为你完成工作。你可以离开电脑，它会继续为你处理排好队的所有工作。
2、拥有独立专属邮箱。
Facebook发力了。
Muse，终于有了属于自己的电子邮件地址（Muse Mail）。
以后你在邮件里拉个群，直接把Muse的邮箱加进抄送列表；或者收到一堆复杂的发票、日程、待办，随手转发给Muse，它就能在后台默默替你把事情全办了。
3、实时视频通话与数字分身。
Meta这次还端出了全新的Muse Realtime Avatar模型，配合Muse Realtime Voice实时语音模型，直接给Muse捏了一张脸、一副身体和声音。
过去那个冷冰冰的无形软件，现在变成了可以实时视频连线的数字分身。视频与声音完全同步，响应延迟不到一秒。
但说这么多，大家也知道，个人助理这个方向，模型根本不是重点。
能干成多少事，还得看同行愿不愿意给你放路。
所以除了软件，Meta也在疯狂动员商业巨头帮亲儿子撑场子。
小Muse刚上线的时候，就已经接进了Shopify的全部商品目录和数十家合作伙伴。
而这次，Meta直接拉来了一整个商业阵营当外援。
购物端，新增了沃尔玛（Walmart）、百思买（Best Buy）、American Eagle Outfitters、DICK’S Sporting Goods、Fanatics、Gap、Michael Kors、丝芙兰（Sephora）、Ulta以及Wayfair，支付环节则全面打通了Shop Pay、PayPal和Stripe。
出门差旅，即将接入Expedia帮你搞定行程；买菜补货，有Instacart随时待命；办公协同，Notion、Granola、GitHub和Box已经全部排队就绪。
为了让更多第三方接入，Meta还开放了开发者连接器平台。Alexandr Wang透露，平台开放不到一周，就已经收到了1500多份申请：
我认为这是一个极具时代意义的机遇，可以在一个新平台腾飞之际为其进行开发，到目前为止各方的反响非常热烈。
其实吧，这些都还好，软件OTA本来就快。
但谁能想到，你的扎总，连硬件都给Muse做好了！
发布会末尾，小扎从口袋里，摸出了一个小「钥匙扣」。
是的，就这么小一只，随时能挂裤腰上。
它叫Muse Charm，这是一款专为你和Muse交互打造的口袋级设备，内置最先进的实时语音模型，装在口袋里随时拿出来就能无缝对话。
不仅如此，Muse还将全面常驻Meta的智能眼镜家族。到了今年年底，Meta将提供超过100种AI眼镜选择。
戴上眼镜，看到货架上的商品、墙上的海报、甚至老师发下来的长串清单，呼叫一声Muse，它就能看着你眼前的东西，直接在后台帮你下单或者查资料，你连开口描述都省了。
再加上这次公布的仅重100克（相当于一副扑克牌重）、拿到IMAX Enhanced认证的Meta VR Glasses，甚至能把任何平整表面变成虚拟键盘和触控板，让Muse随时为你开辟私人办公空间。
软件、硬件、生态全开绿灯。
这待遇，霸总小扎的顶级宠溺。
谁能想到，这风头正劲的AI新贵，创业未半，直接在后台「塌房」了。。。
前面不是提到，Muse有个非常强大的打电话功能吗？
按官方宣传，Muse能替你给各种实体商家打电话，无论是预约理发、向水管工要报价，还是打电话给客服扯皮、取消订阅、砍网费，它都能全自动代劳。
结果，路透社突然发出一篇独家调查，直接揭开了遮羞布：
原来Muse所谓的自主打电话，后台居然悄悄安排了真人客服接管（代号human concierge）！
路透社拿到的Meta内部帖子显示，Meta在上周向半数员工开启了一项测试：当用户让Muse拨打电话时，系统会自动把请求转交给呼叫中心经过培训的人工外包团队，由真人承包商替用户打电话沟通。
说好的全自动呢？？？
可能现阶段确实太勉强了吧，让AI帮你打电话，多半不出一两句就会被对方挂断。
MSL副总裁自己在内部帖子里坦白：AI自主拨打的成功率偏低，换成真人外包代打，成功率能升到95%至98%。
这下全网炸锅了。
要知道，Meta在宣传Muse时，大肆强调了顶级的安全和隐私隔离：给每个用户配备专属的云端安全虚拟机（VM），密码等敏感信息单独加密存储。
结果现在用户打电话，随时可能把私人信息一览无余地暴露给外包客服。。。
没等网友发话，有员工直接在内部发帖，仗义言辞：
我实在想不通为什么觉得这项功能值得冒这个险。我们离全盘隐私泄露只有一次bug的距离。
事情曝光后，Meta高管紧急出来道歉灭火，承认在没有合规披露的情况下测试真人代打是一个失误（a miss），并表示已经紧急回滚下线了这项功能，开除了涉事外包人员。
Meta发言人也回应称，目前正在改进通话功能，只有在做好安全隐私防护并给出清晰披露后才会正式推出。
不过，看到这一幕，不少网友绷不住了。
有啥惊讶的，这剧情，不就是梦回十年前的Facebook M吗。。。
当年Facebook在Messenger里大力测试虚拟助手「M」，号称能搞定各种复杂任务，后来被媒体揭底，发现后台足足有约70%的任务其实全是真人在手动代劳。
泪目，十年过去了，大模型进化到了今天，没想到小扎的Agent帝国里，依然保留着对古法的追求o(╥﹏╥)o。
真·「人工」智能公司。
https://www.reuters.com/business/meta-testing-human-concierge-its-new-personal-ai-agent-muse-2026-09-22/
https://about.fb.com/news/2026/09/the-biggest-news-from-connect-2026/
量子位 QbitAI · 头条号签约
关注我们，第一时间获知前沿科技动态
- 别人忙着卷Code，Kimi抽身反打浏览器插件：网页操作一秒变Skill2026-09-25
- 华为大模型双子星联手创业，要找物理世界的Scaling Law2026-09-25
- Meta靠自研Manus翻身！股价一夜暴涨11%，登顶苹果商店，增速反超ChatGPT2026-09-24
- 开源Top2！实测阶跃Step 5 Preview，真有点猛啊…2026-09-21",full,,trafilatura_full_text,,https://www.qbitai.com/2026/09/497060.html,量子位,综合科技,人工智能,2026-09-26T00:47:55+00:00,AI与智能科技 > AI软件层 > 工程改进,AI与智能科技,工程改进,"[{""path"":[""AI与智能科技"",""AI软件层"",""工程改进""],""path_text"":""AI与智能科技 > AI软件层 > 工程改进"",""confidence"":0.75,""reason"":""核心事件是Meta个人智能体Muse的产品与智能体工程落地""}]",classified,2026-09-26T00:53:09.927857+00:00,glm-5.2,2026-09-10,
给机器人当老师，还能赚外快？“中国版Index”觅蜂派来了,2026-09-25,"给机器人当老师，还能赚外快？“中国版Index”觅蜂派来了
林方舟 发自 凹非寺
量子位 | 公众号 QbitAI
叮咚～众包骑手，哦不，众包数采员来新单了！
一边干着家务或上着班，一边轻松地采集具身数据，结束了还能赚一笔外快，真有这样的好事吗？
答案是肯定的。上个月，Figure推出了机器人训练数据众包平台Index，如今，“中国版Index”也来了。
9月23日，觅蜂科技打造的“觅蜂派”亮相，“硬件+App+数据引擎”三位一体，自称是“全球首个全品类高质量物理AI数据众包服务平台”。
普通人下载“觅蜂派”手机软件，申领一台采集设备，领取采集任务，便可以接单采数据了。用户不用额外付出时间，不影响正常的工作和生活。这些数据经治理、分级后，再被售卖，用于机器人训练。
外卖、网约车等行业都靠众包模式取得了成功，甚至连自媒体在某种程度上也是一种众包，那么在天花板更高的具身智能领域，众包数采能跑通吗？
2万台设备，百万小时数据
一条机器人训练的无本体数据，从采集到使用，一共分为几步？
作为一家具身数据服务商，觅蜂给出的答案是：采→懂→译→用，一共4步。
先说第一步——采集。采集所需的硬件设备是一切的基础。
觅蜂自研的MEgo系列无本体采集终端，包括MEgo View和MEgo Gripper两个产品。
MEgo View针对的是Ego数采场景，采用头戴式全景相机+腕部特写相机，头部视角记录周围环境，腕部视角补充操作细节。
而MEgo Gripper是UMI设备，轻量化采集夹爪重不到一斤，标配三维触觉。
我也体验了一下MEgo View，它不是很重，戴在头上感觉跟戴电动车头盔差不多，长时间佩戴也不会有太大压力。而且操作简单，不需要调试，像戴帽子一样自然。
这种轻量化、无线设计对于“In the wild”采集数据非常重要。毕竟，谁也不想像戴个刑具似的，俺们脆皮的肩颈是真的受不了啊！
截至目前，觅蜂已经下线了2万套MEgo设备，这是行业第一次把这类设备做到大规模量产。
行业里的玩家都想早日实现规模化。规模化意味着成本下降，意味着生态有了基础，意味着数据飞轮有望运转……好处有太多太多。
觅蜂董事长兼CEO姚卯青说，电网建成之后，电力才真正改变了世界。如今，具身数据采集也有了属于自己的基础设施。
姚卯青透露，MEgo设备现在的产能达到数万套/月。这意味着，公司可以快速拉升设备的保有量。
如今，这2万套MEgo设备已进入真实场景，累计采集了百万小时有效数据。觅蜂自称是行业首家拥有百万小时级可对外售卖无本体数据的数据服务商。
这些数据全来自开放环境的真实采集，覆盖22大类场景，采集形态包括裸手、腕戴和夹爪，数据模态涵盖彩色图像、深度、惯性测量、触觉和音频等。
手被挡住也没关系
“采下来”只是第一步，接下来还要“看得懂”和“译得准”。
奶茶店员拿起杯子，手指被杯身挡住一大半；美甲师和顾客的手凑在一起，到底哪只手是采集者的；给宠物洗澡，手上全是沐浴露的泡沫……
真实世界的动作天然复杂。高速运动、手部出框、重度遮挡、多人交互等等在实验室里被刻意规避的“雷区”，恰恰是真实世界的日常。
怎么从这些复杂的视频里，准确重建人类手部动作和全身姿态，还要弄清每一步在做什么？
这就是MEgo Engine数据引擎要干的活。它负责对数据做预处理、空间感知、标注和质量评估等一整套工作。
例如，数据引擎中的HandPose高精度手部重建技术，专门处理手部动作这个难点。
它结合五目全景感知、手部追踪和三目深度融合，再通过参数化手部重建、轨迹恢复等技术，还原连续动作。
在遮挡、交互、快速移动等真实作业场景中，它的七项核心指标全部达到SOTA水平。
团队说，在奶茶制作场景中，即便手部可见率低于30%，仍能实现亚厘米级三维重建；美甲时，区分采集者与他人双手不在话下；宠物洗护时，高速运动产生模糊、泡沫改变手部外观，系统也能稳定重建。
这大大解放了采集者，因为采集数据对于他们而言，只是日常工作基础上的锦上添花，总不能要求他们为了采数据，以0.5倍速做本职工作吧。
除了手部，觅蜂还构建了面向头部、身体、机器人末端及环境的空间重建能力。觅蜂自研的统一算法底座MPR，在头部、手部以及夹爪三类位姿重建上，轨迹还原误差均小于1厘米，环境稠密深度重建达到亚厘米级。
“翻车”数据也有用
数据处理好了，接下来就该回答：它能教会模型什么？
觅蜂的办法是先做“因材施教”。只不过，这次需要分班的是数据。
觅蜂的ManiEval多维度质检体系，从数据类型、任务类型、传感器质量、语义质量和动作质量等维度评估数据，再进行S、A、B、C分级，匹配不同训练需求。
动作轨迹精确的数据，可以用于策略模仿学习；场景丰富、任务含义清楚的数据，适合通用预训练和表征学习；操作失误的过程，可以用来训练错误识别；少见的场景和困难样本，则有助于检验、拓展泛化能力。
好家伙，没有废数据，只有放错地方的数据啊（doge）。
觅蜂把这套方法称为“不过滤，只分级”。不过，团队特别解释，这一做法以合规和基本质量要求为前提，并不代表所有原始数据都能直接拿来训练。
围绕具身大脑、视觉-语言-动作模型（VLA）、世界动作模型（WAM），觅蜂正在探索这些数据各自适合的用法。
其中，大规模无本体数据主要承担通用预训练的作用，让模型学习物体、动作、空间关系和任务过程。到了具体机器人上，仍需要对应本体的真机数据进行后训练和优化。
而机器人上岗之后，学习也没结束。
觅蜂自研的REMORA任务进度模型，能让模型理解机器人当前做到哪一步了、哪里出错了；再结合Value Model，筛选真实部署中有训练价值的失败和困难样本，送回数据体系。
也就是说，这次训练翻车了不打紧，经验和教训还可能成为下一轮训练的养料。
由此，觅蜂正在打通“采集—重建—质检—训练—部署—回流”的完整闭环，飞轮这不就转起来了嘛～
人人都能成为机器人训练师
聊完了设备和技术，最后再聊聊我认为觅蜂派最核心的一点——众包模式。
最近一段时间，一些国内外具身公司用无本体数据训练的模型都拿到了大结果。
例如Figure的Helix 2.5，先用Index收集的大规模人类行为数据打基础，再学习具体任务。机器人在30个陌生家庭干家务，加入人类数据预训练后，任务成功率从9%提高到了56%。
虽然具身数据还没有收敛，但在当下的行业内，无本体数据的优先级明显正在提升。
今年不少具身公司都喊出百万小时数据的目标，而到了明年，一些公司的数据规模目标又将提高一个数量级，达到千万小时。
如果具身模型要scaling up，千万甚至上亿小时级别的数据量是必要的，按照目前趋势看，其中大部分或许都是无本体数据。
觅蜂认为，现在集中式、半集中式的数据生产方式，无法满足不断增长的数据需求，成本也比较高，所以要逐步走向社会化采集。
说实话，我没想到用户对众包数采的积极性还挺高的。
觅蜂称，觅蜂派在正式上线前为期一个月的内测中，平台注册用户达到2万人之多，累计提交了1.3万份采集任务。
用户领取任务、佩戴MEgo设备完成指定操作，上传后通过审核，按有效时长获得相应报酬，有人一个月赚了5000多元。
觅蜂派的众包网络，包含“场景网络”和“人群网络”。场景网络连接酒店、餐饮、商超、物流、工厂、医疗、家庭、养老、非遗等真实作业环境；人群网络连接不同年龄、行业和地区的参与者。
觅蜂还给参加众包数采的人取了个专门的名字：机器人训练师。由此，众包网络中的超市店员、酒店清洁工、餐厅服务员，有了一个新的身份。
在大洋彼岸，Figure的Index也在尝试众包这条路。
今年8月，Index从隐身状态浮出水面，四个月内积累了1600万条上传视频，覆盖108个国家，应用下载量突破26.4万次，每周活跃贡献者超过4.3万人，已向参与者支付1500万美元报酬，Figure计划未来一年在数据和算力上投入超过10亿美元。
两家公司的共同判断是：具身智能的数据瓶颈，不能靠堆专职采集员的人力，得把“人人都能成为机器人训练师”这条路跑通。
但觅蜂与Index也有显著差异。
Index是Figure自家训练模型用的，属于“自产自销”；而觅蜂派面向的是各类数据采购客户，按客户需求组织生产，处理后对外交付。
客户多了，需要的场景、任务、数据模态和质量标准也更复杂。要给各行各业的客户提供数据，觅蜂靠啥保证这么多品类？
一方面，中国具有庞大的产业场景基础，有全球规模最大的制造业体系、密度最高的物流仓储网络，还有数一数二丰富的零售和服务业态，这些真实场景是机器人最好的“教室”。
产业场景再丰富，也得有人把它们一个个接进数据生产链路。另一方面，觅蜂也在牵头拓展数据生态。
觅蜂发起了“场景数据联盟”，把场景方、采集网络、机器人和模型企业全拉进群，主打一个从需求、采集到训练、落地的“一条龙”闭环。首批就有50多家企业和机构入伙了。
据觅蜂披露，其百万小时级无本体数据已开始服务腾讯Robotics X实验室、蚂蚁灵波等客户。
- “AlphaGo”杀进足球场！自我对弈140年，机器人成“梅西终结者”2026-09-25
- OpenAI闯大祸！GPT竟黑进医保系统，黄仁勋：管不住就关掉2026-09-25
- 实时互动、实时改视频、探索空间视频，Vidu S2一次放了三个大招2026-09-16
- 探索RSI，生数新世界模型让机器人开始自我进化2026-09-14",full,,trafilatura_full_text,,https://www.qbitai.com/2026/09/497012.html,量子位,综合科技,人工智能,2026-09-26T00:47:57+00:00,AI与智能科技 > 具身智能 > 模型和具身操作系统,AI与智能科技,模型和具身操作系统,"[{""path"":[""AI与智能科技"",""具身智能"",""模型和具身操作系统""],""path_text"":""AI与智能科技 > 具身智能 > 模型和具身操作系统"",""confidence"":0.88,""reason"":""核心是为机器人训练提供物理AI数据的平台，服务于具身模型训练生态""}]",classified,2026-09-26T00:53:09.927857+00:00,glm-5.2,2026-09-10,
