title,published_at,content,content_status,content_issue,content_extraction,url,source_name,domain,sub_domain,crawled_at,industry_primary_path,industry_top_level,industry_leaf,industry_classifications,industry_classification_status,industry_classified_at,industry_classifier_model,industry_taxonomy_version,industry_classification_error
Leclanché granted further extension to release annual report – Batteries International,2026-08-18,"Troubled Swiss energy storage group Leclanché has been granted another temporary exemption from publishing its annual report for 2025 ― the third such extension this year ― but trading of shares remains suspended. Batteries International revealed earlier in August that Leclanché had asked regulators for the latest extension — saying it was not yet able to show its ability to operate as a going concern through at least June 2027. On August 12, SIX Exchange Regulation (SER), which regulates and monitors exchange participants and issuers on the Swiss Stock Exchange, granted Leclanché’s request and gave the firm until August 31 to file the report. In its latest request to SER, Leclanché had said discussions with a new strategic partner about potential additional funding and support to reinforce its going concern assessment through to June 2027 were taking longer than expected. The firm said on August 13 it was confident of meeting the requirements for being treated and viewed as a going concern business. In June 2025, Leclanché announced it was pushing ahead with efforts “to achieve and maintain a positive equity position” and to demonstrate the firm’s ability to continue as a going concern through at least June 2026. The company had said previously that it was in a situation of negative equity as of the end of 2024. The post Leclanché granted further extension to release annual report appeared first on Batteries International .",full,,rss_full_content,https://www.batteriesinternational.com/news/leclanche-granted-further-extension-to-release-annual-report/,Batteries International,电池,无,2026-08-18T22:24:18+00:00,产业经济与组织 > 企业与资本 > 企业经营与公司治理,产业经济与组织,企业经营与公司治理,"[{""path"":[""产业经济与组织"",""企业与资本"",""企业经营与公司治理""],""path_text"":""产业经济与组织 > 企业与资本 > 企业经营与公司治理"",""confidence"":0.9,""reason"":""核心事件是储能电池企业年报延期、持续经营与监管豁免等公司治理问题""},{""path"":[""零碳产业"",""能量循环"",""能量存储"",""电化学储能"",""二次电池"",""锂电池""],""path_text"":""零碳产业 > 能量循环 > 能量存储 > 电化学储能 > 二次电池 > 锂电池"",""confidence"":0.7,""reason"":""涉事企业主营锂电池储能业务""}]",classified,2026-08-18T23:00:27.229739+00:00,glm-5.2,2026-08-14,
Korean EVs Lead Battery Longevity Rankings,2026-08-18,"Automotive & Mobility
EV Batteries
Battery Manufacturing
Battery News
Kia e-Niro and Hyundai Kona lead Swedish study showing mass-market Korean models outperform premium brands in battery health after 62,000 miles of use.
August 17, 2026
4 Min Read
Kia Nero EV
At a Glance
Kia e-Niro retains 97.25% battery capacity after 100,000 km, beating all Tesla and German models.
Hyundai Kona achieves 97.18% battery retention, placing second in comprehensive Swedish analysis.
Battery supplier matters more than brand: Tesla Model 3 variants span 88.2% to 93.3% capacity range.
In an upset that challenges conventional assumptions about automotive quality hierarchies, two mass-market Korean electric vehicles have emerged as the clear winners in battery longevity—outperforming premium German and American rivals by significant margins.
The Kia e-Niro (64 kWh) and Hyundai Kona (64 kWh) retained approximately 97% of their original battery capacity after 100,000 kilometers (62,000 miles), according to a comprehensive
analysis by Swedish EV marketplace Carla
. The analysis covers electric vehicles tested in Sweden between 2022 and 2026 using AVILOO diagnostic systems. Only models with statistically significant sample sizes were included in the rankings.
Related:
10 Best-Selling EVs in the US in the First Half of 2026
The Kia EV6, a newer model with a larger 77.4 kWh battery, claimed third place at 95.95% retention, further cementing the Korean manufacturers' dominance in long-term battery durability.
Hyundai Kona Electric Credit: Hyundai
Complete rankings
The full list of electric vehicle models with the highest battery health after 100,000 km reveals the competitive landscape:
Battery Health After 100,000 km (%)
Kia e-Niro - 64 kWh
Hyundai Kona - 64 kWh
Kia EV6 - 77.4 kWh
Volvo XC40 Recharge - 69 kWh - CATL
Polestar 2 - 78 kWh - CATL
BMW i3 - 120 Ah
Polestar 2 - 78 kWh - LG Chem
Tesla Model 3 - 60.5 kWh - CATL - LFP
Audi e-tron 50 - 71 kWh
Audi e-tron 55 - 95 kWh
Skoda Enyaq iV - 77 kWh SW 3,x,x
Tesla Model 3 - 78.8 kWh - LG Chem - new SW
Tesla Model S - 96 cells
Volkswagen ID4 - 77 kWh
Skoda Enyaq iV - 77 kWh
Tesla Model X - 96 cells
Volkswagen ID4 - 77 kWh SW 3,x,x
Tesla Model Y - 78.8 kWh - LG Chem
Audi Q4 e-tron - 77 kWh
Volkswagen ID3 - 58 kWh
Premium brands cluster in the middle
While the results don't suggest poor performance from European and American manufacturers—most models retained over 92% capacity—the data reveals that badge prestige doesn't necessarily translate to superior battery longevity.
Volvo's XC40 Recharge with CATL batteries performed respectably at 94.70%, placing fourth overall, while sister brand Polestar 2 variants occupied fifth and seventh positions (94.35% and 93.53% respectively, depending on battery supplier).
German premium brands populated the middle of the rankings: Audi's e-tron models retained 92-93% capacity, while Volkswagen's ID series and Audi's Q4 e-tron clustered around 92%.
Tesla's performance proved highly variable, with results spanning nearly 5 percentage points depending on battery chemistry and supplier—a finding that underscores the critical importance of supply chain decisions in determining long-term durability.
Battery chemistry matters more than model
Perhaps most significantly for battery manufacturers and automotive engineers, the study reveals substantial performance variations within the same vehicle model depending on battery supplier and chemistry.
Tesla Model 3 variants demonstrate this clearly across different battery configurations:
Related:
The Race to Onshore Drone Battery Cells for Defense
Battery Supplier/Type
Battery Health After 100,000 km (%)
CATL LFP
Panasonic 77.8 kWh
Panasonic 52.4 kWh
Similarly, the Polestar 2 with CATL batteries (94.35%) outperformed the LG Chem variant (93.53%) of the same model, suggesting that battery pack design and chemistry can be as critical as vehicle architecture in determining long-term durability.
The data also highlights the strong performance of LFP (lithium iron phosphate) chemistry, with the CATL LFP-equipped Tesla Model 3 outperforming other Tesla variants using NMC (nickel manganese cobalt) chemistry from different suppliers.
Implications for the used-EV market
The findings carry significant implications for the growing used EV market, where battery health concerns have historically dampened resale values and consumer confidence—particularly for non-premium brands.
""For anyone considering buying a used electric car, the results provide a clear message: modern electric cars generally retain a large portion of their battery capacity even after high mileage,"" stated Richard Ahlin, Head of Organic Growth at Carla.
The data suggests that brand perception may need recalibration in the EV era, where battery technology and thermal management systems play a more decisive role than traditional automotive engineering prestige.
For Korean manufacturers, the results represent a significant validation of their EV technology investments and could strengthen their position in both new and used vehicle markets as range anxiety and battery degradation remain key consumer concerns.
Related:
GM Exits Samsung SDI Battery Venture as Ohio Ultium Plant Restarts Production
Carla plans to release additional analyses throughout the summer, including battery health comparisons by manufacturer, degradation patterns across different mileage intervals, and the prevalence of severe battery degradation in the Swedish market.
About the Author
Michael C. Anderson
As editor-in-chief of
Battery Technology
, Michael C. Anderson leads the brand’s coverage of advancements in battery technology as well as associated materials and manufacturing techniques across industries such as automotive/EVs, e-mobility, maritime, aerospace, medtech, and consumer electronics.
Mike is also a member of
The Battery Show North America Advisory Board
, where he contributes his expertise to advising on industry trends and speaker selection for The Battery Show North America while helping to shape discussions on battery technology and electrification.
Mike and
Battery Technology
senior editor Maria Guerra De Egui are joint
2025 Neal Award Winners
in the category of ""Best Coverage of the 2024 Election on Your Served Market.""
Mike was a recent guest journalist on the popular automotive-industry webcast, Autoline After Hours.
Mike has been covering manufacturing and transportation technology developments for more than 25 years. At SME (
The Society of Manufacturing Engineers
), he served as lead editor of
Aerospace & Defense Manufacturing
, lead editor of
Medical Manufacturing
, senior editor for
Manufacturing Engineering,
and acting lead editor of
Smart Manufacturing
. He has also been senior editor of
Cutting Tool Engineering
, senior technical editor of Gardener Business Media’s
Automotive Design & Production
, PR manager at B2B advertising/PR agency G. Temple Associates, and editor at the SM Wu Manufacturing Research Center at the University of Michigan.
This all followed more than a decade of teaching English, ESL, literature, and argumentation as a lecturer at Eastern Michigan University (Ypsilanti, MI) and, for five years, at Sakura no Seibo Junior College (Fukushima, Japan).
Mike has a bachelor’s degree in English language and literature and a master’s degree in rhetoric and written communication from Eastern Michigan University.
See more from
Michael C. Anderson",full,,dom_or_structured_full_text,https://www.batterytechonline.com/automotive-mobility/korean-evs-crush-tesla-and-german-rivals-in-battery-longevity-test-with-97-capacity-retention,Battery Tech Online,电池,无,2026-08-18T22:24:45+00:00,零碳产业 > 能量循环 > 能量存储 > 电化学储能 > 二次电池 > 锂电池,零碳产业,锂电池,"[{""path"":[""零碳产业"",""能量循环"",""能量存储"",""电化学储能"",""二次电池"",""锂电池""],""path_text"":""零碳产业 > 能量循环 > 能量存储 > 电化学储能 > 二次电池 > 锂电池"",""confidence"":0.9,""reason"":""核心是电动汽车锂电池容量保持率与耐久性对比研究""}]",classified,2026-08-18T23:00:27.229739+00:00,glm-5.2,2026-08-14,
"Supply Chain LIVE: Q&A With Paul Fox, Globality",2026-08-18,"Supply Chain LIVE: Q&A With Paul Fox, Globality
Prioritise Us
on Google
Paul Fox, Vice President of Customer Success at Globality, speaks to Supply Chain Digital ahead of his workshop at The London Summit
Ahead of Supply Chain LIVE: The London Summit, we speak to Paul Fox, VP of Customer Success at Globality ahead of his workshop on robots in supply chains
Supply chain functions have changed over the past few years, with a growing demand outpacing human capability. An ageing workforce and growing skills gap has meant that organisations are turning towards innovative measures to reach their targets.
Some of this has included automated lines, humanoid robotics and the integrated
use of AI
in behind-the-scenes operations.
At Supply Chain LIVE: The London Summit, leaders will gather to share insights about the current state of global operations, delving into the growing role of robotics and automation in the supply chain.
Join more than 1,000 attendees and learn from more than 50 speakers as the event explores some of the biggest supply chain challenges and most innovative solutions.
To make sure you do not miss out,
secure your ticket today
Ahead of the event, Supply Chain Digital spoke to one of the experts who will be leading a workshop on the role of AI in procurement and supply chain functions.
Paul Fox is Vice President of Customer Success at Globality. For the past 15 years, he has operated in procurement and technology services, helping organisations change how they manage spend and source products or services to ensure resilience. In today's volatile market, supply chains have been prioritising resilience, meaning the role of procurement is more important than ever.
Ensuring traceability and strong relationships are embedded in a supplier contract is key from the very beginning – if there is a loss of visibility, entire organisations can be at risk. Paul's focus now is on how applied
AI can help redefine
sourcing strategy, exploring where technology can accelerate procurement without sacrificing quality or the critical human touch that is key to a high-stakes deal.
Paul will be leading a workshop at Supply Chain LIVE: The London Summit, entitled
The Sourcing Debate: Human, Machine, or Both? with Globality
. This event will explore real-world sourcing scenarios and discussing whether robots really can run supply chains, or whether we need to keep a human-in-the-loop approach.
What are you most looking forward to about being at Procurement LIVE: London?
The conversations in the room, honestly. Every procurement leader I meet is wrestling with the same question: how much should we hand to AI, and how much still needs a human in it? The technology has outpaced the playbooks, and I'm looking forward to comparing notes with peers who are living that tension every day.
What do you think attendees can gain from the Globality workshop?
A sharper instinct for when to trust the machine, and a framework they can take straight back to their own sourcing strategy. Rather than argue one side, we'll walk through real sourcing scenarios and make the case both ways, human control and machine autonomy, then let the room vote. Attendees will leave with a much clearer view of where that line sits for their own organisation.
Take part in The Sourcing Debate: Human, Machine, or Both? with Globality at Supply Chain LIVE: The London Summit
Why is it critical to discuss balancing human workforces and automation?
Because the answer is more nuanced than either the hype or the skepticism suggests, and most organisations are making this call scenario by scenario without a shared framework. Procurement leaders are quietly
navigating trade-offs
like speed versus control and scale versus oversight every day.
If we don't discuss it openly, teams run the risk of either over-automating and losing judgment on high-stakes deals, or under-automating and leaving speed and scale on the table.
How is Globality helping organisations implement autonomous processes without sacrificing the human touch?
Our platform is built so teams can choose, event by event, how much of the process AI runs versus how much stays with a person. In some cases the team stays firmly in the driver's seat, leading supplier conversations directly, with AI providing the intelligence and rigor behind the scenes.
In others, the team sets the scope, the strategy and the guardrails up front, and the platform takes on more of the execution, but the final call, and visibility into how it got there, always sits with the team.
It's not about replacing judgment; it's about giving procurement teams the option to decide where oversight adds the most value and where the technology can be trusted to move faster on its own. And honestly, this is a great time to be having this conversation, there's a lot coming from Globality very soon on what's next in
autonomous sourcing
, so I'm excited to talk about what's new in this space at the show.
Gain key insights from the Globality workshop at Supply Chain LIVE
Can you share any case studies about Globality's solutions?
A few we're proud of: Bristol Myers Squibb sourced more than US$1bn in spend within their first six months on the platform, capturing more than US$100m in savings along the way.
BT has achieved 89%
efficiency gains
across their sourcing process. Finally, Tesco's ""Save to Invest"" program saved £2.2bn (US$2.98bn) over four years. These are the kinds of results that come from giving procurement teams the capacity to competitively source far more of their spend than they could manage manually.
Register your interest
in the workshop now to hear more insights from Paul about applying automation in the supply chain.
The Sourcing Debate: Human, Machine, or Both? with Globality:
9 September
10:30 - 11:30 BST
Location
: Industry Insights
Alongside this,
secure your ticket today
to make sure you do not miss out on Supply Chain LIVE: The London Summit.
Company portals
Globality
Executives
Paul Fox
VP, Customer Success",full,,dom_or_structured_full_text,https://supplychaindigital.com/news/supply-chain-live-q-a-with-paul-fox-globality,Supply Chain Digital,综合媒体,关键原材料/矿产,2026-08-18T22:25:21+00:00,产业经济与组织 > 产业服务 > 供应链、贸易与专业服务,产业经济与组织,供应链、贸易与专业服务,"[{""path"":[""产业经济与组织"",""产业服务"",""供应链、贸易与专业服务""],""path_text"":""产业经济与组织 > 产业服务 > 供应链、贸易与专业服务"",""confidence"":0.9,""reason"":""核心是供应链峰会及供应链自动化与机器人应用的行业讨论""}]",classified,2026-08-18T23:00:27.229739+00:00,glm-5.2,2026-08-14,
Key Leaders Offering Insights at Supply Chain LIVE: London,2026-08-18,"Key Leaders Offering Insights at Supply Chain LIVE: London
Prioritise Us
on Google
Join us at Supply Chain LIVE to experience keynote presentations and fireside chats | Jacqui Rock on stage at Procurement & Supply Chain LIVE London 2025
At Supply Chain LIVE: The London Summit, eight speakers will be taking part in keynote discussions and fireside chats, offering personalised insights
At Supply Chain LIVE: The London Summit, leaders are gathering to share insights on the state of supply chain operations in 2026.
More than 1,000 attendees will gather in person at the QEII Centre in Westminster, taking part in panel discussions, keynote presentations and critical workshops.
In a co-located event with Procurement LIVE, Sustainability LIVE and Manufacturing LIVE, the event will examine all the core disruptors which have taken place across the year, alongside emerging strategies for
developing resilience
and integrating automation.
Supply chains have undergone some significant changes in recent years, driven by endless streams of disruption, including trade wars, climate change,
volatility and inflation
. Now, leaders are looking at embedding resilience strategies throughout their end-to-end operations, working to ensure it is integrated all the way from first conception to final execution.
At Supply Chain LIVE: The London Summit, a range of supply chain leaders will be offering their insights in fireside chats and keynote discussions.
Secure your tickets
today to make sure you do not miss out.
Kim Faulkner, Chief Supply Chain Officer at Tate & Lyle
Kim Faulkner, Chief Supply Chain Officer at Tate & Lyle
Kim Faulkner is conducting the opening keynote of the event, taking place at 10-10:20 am on the 8 September on the Supply Chain Stage. Her presentation,
The Big Rebrand: Supply Chain - The Strategic Growth Engine
will focus on how the supply chain function has changed in recent years.
Kim has more than 25 years of experience in global supply chain, operations and corporate risk management. Throughout this time, she has helped transform local and global supply chains, with a focus on delivering double digit profitability and sales growth.
Before joining Tate & Lyle in 2025, Kim held an extensive career at Colgate-Palmolive, making her way up through the leadership ladder and working around the world.
Frank McKay, Chief Supply Chain Officer at Jabil
Frank McKay, Chief Supply Chain Officer, Jabil
Frank is taking part in a fireside chat with Graham Scott, Chief Procurement Officer at Jabil. The chat,
Built for What’s Next: Creating Optionality Across Procurement and Supply Chain
, will take place on the Supply Chain Stage, on September 8 at 10:20-10:45am. In the chat, Frank and Graham will explore how organisations can build future-ready operations in today's volatile environment.
Frank has worked at Jabil for almost 30 years, becoming Chief Supply Chain Officer in 2022. He leads the company's global supply chain, overseeing strategy and execution across US$25bn in annual spend. He has overseen the integration of digital tools and AI amid ongoing volatility and leads his team as they help organisations move faster and
unlock new opportunities
Graham Scott, Chief Procurement Officer at Jabil
Graham Scott, Chief Procurement Officer at Jabil
The fireside chat with Frank will focus on what flexibility in the supply chain looks like, exploring how to reduce blind spots and use technology to drive resilience and visibility.
Graham has worked at Jabil for more than 20 years, working around the world in various roles of leadership. Graham's focus is on building relationships, ensuring transparency and enabling collaboration across the supply chain. Though he looks to and welcomes technology, Graham understands that the human side of procurement and supply chain functions is critical.
Aurelien Faucheux, Procurement & Supply Chain Director, CPO at Bugatti Rimac
Aurelien Faucheux, Procurement & Supply Chain Director, CPO at Bugatti Rimac
Aurelien is conducting a keynote presentation on
Supplier Management in the 21st Century
, taking place at 14:00-14:15 on 8 September on the Supply Chain Stage.
Throughout his 20 year career in supply chain and procurement, he has seen the sector shift dramatically, transforming into one of constant turbulence and ongoing improvements to
sustainability initiatives
. He has a strong understanding of risk and risk mitigation, as well as strategies for developing long-term resilience.
Dr Maiya Shibasaki, Chief Sustainability Officer at Hitachi Rail
Dr Maiya Shibasaki, Chief Sustainability Officer at Hitachi Rail
On 8 September, 15:30-15:50, Dr Maiya Shibasaki is taking to the Supply Chain Stage for a keynote presentation entitled,
Creating Business Value Through Sustainable Supply Chains
Maiya has a strong history in sustainability, using her 20 years of international experience to guide transformation and ensure governance across operations. Throughout her career, she has worked in a range of sectors including chemical, consumer goods and healthcare, helping organisations navigate rising demands and the move towards
sustainable practises
Stephen Carter, Director of Product Marketing at Ivalua
Stephen Carter, Director of Product Marketing at Ivalua
Stephen is ending Day One with a closing keynote,
Four Candles or Folk Handles: Closing Fun with Ivalua
, taking place on the Supply Chain Stage at 15:50-16:10.
Stephen is a product marketing expert, with a background in procurement, invoicing and supplier relationships. His focus lies on de-risking supply chains, ESG and the benefits of automating supply chain functions. He uses his thorough understanding of history and the historical supply chain to create engaging presentations on his topical discussions.
Alexander Tschentscher, VP Supply Chain Excellence and Supply Chain Strategy at Siemens
Alexander Tschentscher, VP Supply Chain Excellence and Supply Chain Strategy at Siemens
Opening Day Two with a keynote, Alexander Tschentscher will be taking to the Supply Chain Stage at 10:00-10:20. He is a results-driven executive with more than 20 years of experience across an end-to-end supply chain.
He has a thorough understanding of change management and a knowledge of improving
supply chain management
organisations. Through ongoing improvements, he has driven growth and efficiency gains across a range of companies.
Steffen Lang, President, Operations at Novartis
Steffen Lang, President, Operations at Novartis
Steffen will be hosting a Keynote address with Novartis on the Supply Chain Stage at 10:20-10:45 on September 9. Steffen has been part of Novartis for more than 30 years, driving the growth of the manufacturing and supply chain functions within the company.
He has seen how the organisation has changed over the years, particularly with the integration of technology amid growing complexities. He can offer some key insights into supply chain leadership and its transformation over the years.
To hear from these speakers – and more –
secure your tickets
to Supply Chain LIVE: The London Summit now.
Company portals
Bugatti Rimac
Hitachi Rail
Novartis
Tate & Lyle
Executives
Alexander Tschentscher
Head of Supply Chain Excellence & Head of Strategy - Supply Chain & Logistics
Aurelien FAUCHEUX
CEO & Co-Founder
Frank McKay
Chief Supply Chain Officer
Graham Scott
Chief Procurement Officer
Kim Faulkner
Chief Supply Chain Officer
Maiya Shibasaki
Chief Sustainability Officer and Chief Diversity, Equity & Inclusion Officer
Steffen Lang
President, Operations
Stephen Carter
Director of Product Marketing",full,,dom_or_structured_full_text,https://supplychaindigital.com/news/key-leaders-offering-insights-at-supply-chain-live-london,Supply Chain Digital,综合媒体,关键原材料/矿产,2026-08-18T22:25:24+00:00,产业经济与组织 > 产业服务 > 供应链、贸易与专业服务,产业经济与组织,供应链、贸易与专业服务,"[{""path"":[""产业经济与组织"",""产业服务"",""供应链、贸易与专业服务""],""path_text"":""产业经济与组织 > 产业服务 > 供应链、贸易与专业服务"",""confidence"":0.9,""reason"":""核心是供应链行业峰会的演讲者与议程介绍""}]",classified,2026-08-18T23:00:27.229739+00:00,glm-5.2,2026-08-14,
Wildfires & Water Droughts: Climate Impact on Supply Chains,2026-08-18,"Wildfires & Water Droughts: Climate Impact on Supply Chains
Prioritise Us
on Google
Wildfires and droughts around the world have caused supply chain disruption through poor crops and logistics delays. Credit: Unsplash
The heatwaves that have taken place throughout 2026 has resulted in crop failures and re-established supply chains as extreme weather hits operations
Ongoing heatwaves around the world have changed how people and supply chains are operating. The world's oceans hit their hottest ever recorded temperatures in July, with El Niño conditions posing a threat to countries across the globe.
Europe has been burned by constant wildfires, whereas Asia is facing floods and the Amazon is anticipating droughts.
While this is dangerous to people and safety, this extreme weather is also causing major disruption for
global supply chains
, with crop failures and transportation delays.
Disrupted rainfall patterns, elevated temperatures and abnormal weather events could create simultaneous pressure across key commodity markets, increasing risks around availability, pricing and logistics.
Simon Geale, Executive Vice President at Proxima
Increasing supply chain issues
Around the world, temperatures are getting higher and weather conditions are getting less predictable. In the past, extreme weather events were a devastating, but less common, occurrence. Now, they are taking place on a regular basis, but organisations still lack the proper infrastructure to deal with the fall out.
According to the Met Office, the summer of 2026 is on course to the the UK's hottest on records, with heatwaves hitting every month since May, alongside ongoing heat spikes. Since records began in 1836, it has been the driest July in both England and Wales. As a result, drought has been declared in more than two-thirds of England and across all of Wales.
These conditions are being seen around the world. According to The Copernicus Climate Change Service, managed by the European Commission, July 2026 was the highest sea surface temperature ever recorded for the month, with a significant impact from El Niño. Hot and dry conditions across the continent has resulted in a growing number of extreme wildfires.
As a result of these weather events, crops are failing and transportation is being made more difficult. Wildfires are making travel more dangerous, with journeys having to be rerouted, delayed or cancelled. Alongside this, new plans and strategies need to be formed in order to meet demand or ensure consumers remain satisfied.
""When disruption is caused by events such as wildfires, it's easy to focus on whether flights are operating, when in reality that's only one part of the journey,"" explains Ashley Seed, Chief Commercial Officer at CMAC Group.
Ashley Seed, Chief Commercial Officer at CMAC Group
""Even if a flight departs and lands on time, travellers may still face significant disruption after arrival if roads are closed, accommodation has been affected or local transport services are operating differently.
Weather-related disruption
is becoming increasingly common, and incidents rarely affect just one mode of transport. Building flexibility into itineraries, reviewing contingency options and securing access to alternative transport arrangements can make a significant difference when local conditions change rapidly.""
“Organisations need visibility across the entire journey and an understanding of how different parts of the transport network can be affected by the same incident.""
Maersk reports that recent heatwaves resulted in temporary terminal stoppages in Rotterdam, with reductions to handling efficiency and increased delays.
The impact of droughts
The Danube, the river flowing through Central and Southeastern Europe, is currently
drought-stricken
, with record-low water levels reflecting a shocking energy crisis in Hungary. To ensure Paks – a nuclear power station which generates more than one third of Hungary's power – can remain operable, the government is now sinking two barges into the Danube in an attempt to raise the water levels.
Across Europe, nuclear energy facilities have been impacted by the rising temperatures and increasing droughts. Plants have been temporarily shut down, resulting in an energy crisis and people unable to work.
The Rhine – a critical trade route – is also drying up, resulting in freight being moved to land transport. Many of the ships that are still able to pass through the lessening river can only be part-loaded, meaning that trade is becoming less efficient. Rail services and road services are increasing, with an increase of multimodal operations and costs.
""With reports of El Niño conditions strengthening, businesses should be reviewing their resilience plans and assessing exposure across weather-sensitive supply chains,"" explains Simon Geale, Executive Vice President at Proxima.
Simon Geale, EVP at Proxima (Credit: Proxima)
""Disrupted rainfall patterns, elevated temperatures and abnormal weather events could create simultaneous pressure across key commodity markets,
increasing risks
around availability, pricing and logistics.""
Impact of extreme weather
In Europe, more than 580,153 hectares have been burnt since January 2026
More than 1,664 fires have been detected in Europe since January 2026
The UK's mean temperature for the meteorological summer stands at 16.48C (61.66F)
There has been 37 consecutive heatwave days somewhere in the UK in 2026
It is the driest July in Wales and England since 1836
45 million people are currently living in a drought area in England
Lower crop yields
The rising temperatures and lack of rainfall are also impacting food production itself, with drought conditions impacting crop yields. Unseasonable highs in spring resulted in earlier harvests, but sustained temperatures and water shortages have added ongoing operational pressures for farmers around the world.
The cocoa industry is a vulnerable one, with yearly
disruption of climate shifts
and disease. Now, as West Africa is preparing for lower rainfall and heightened temperatures, the industry faces ongoing disruption.
Crops around the world are drying up, meaning lower yields and reduced grass growth, resulting in increased feed costs.
""British farmers are increasingly being forced to manage the consequences of weather extremes, from flooding one season to drought the next,"" explains Ian Burrow, Head of Agriculture at NatWest Group.
Ian Burrow, Head of Agriculture at NatWest Group. Credit: NatWest
""The challenge for many businesses is no longer simply recovering from a single event but building resilience for a future where these conditions are becoming more frequent.""
Farmers around the world are now facing constant disruption, meaning it is no longer enough to react to these events.
Long-term resilience plans
need to be put in place, with investments going into regenerative farming, or temperature controlled greenhouses. Moreover, businesses need to focus on scenario planning and develop alternative routes or solutions for getting the product from its source to the consumer.
As experts predict that temperatures will keep rising, these events may become a constant. Developing strategies to operate alongside these events is key to maintaining supply chain integrity.
Company portals
CMAC Group
European Commission
Met Office
Executives
Ian Burrow
Head of Agriculture
Simon Geale",full,,dom_or_structured_full_text,https://supplychaindigital.com/news/wildfires-water-droughts-climate-impact-on-supply-chains,Supply Chain Digital,综合媒体,关键原材料/矿产,2026-08-18T22:25:27+00:00,产业经济与组织 > 产业服务 > 供应链、贸易与专业服务,产业经济与组织,供应链、贸易与专业服务,"[{""path"":[""产业经济与组织"",""产业服务"",""供应链、贸易与专业服务""],""path_text"":""产业经济与组织 > 产业服务 > 供应链、贸易与专业服务"",""confidence"":0.85,""reason"":""核心是极端天气对全球供应链中断与应对策略的影响""}]",classified,2026-08-18T23:00:27.229739+00:00,glm-5.2,2026-08-14,
Volkswagen EV drivers gain Digital Key access through Samsung Wallet,2026-08-18,"Volkswagen
Peter Johnson
| Aug 18 2026 - 7:15 am PT
Volkswagen
electric vehicle drivers will finally have access to Samsung Wallet with Digital Key, hands-free entry, and more. The service is initially rolling out to select VW ID vehicles in Europe.
Volkswagen EVs can use Digital Key via Samsung Wallet
The ability to use your smartphone as a key to start, lock, or unlock your vehicle is almost essential nowadays.
Nearly everybody carries around a phone, but physical keys are easy to forget. Volkswagen and Samsung Electronics are teaming up to finally allow Digital Key access for those with a compatible Samsung Galaxy smartphone.
Samsung Wallet
is expanding Digital Key access to Volkswagen EVs, including the new ID. Polo, ID. Cross, ID.3 Neo, ID.4, ID.5, ID.7, and ID. Buzz.
“The Digital Key is an important step toward a seamless and connected vehicle experience for our customers,” said Dr Axel Henrich, VW Passenger Cars’ senior vice president of concepts & innovation.
The feature enables drivers to use their Galaxy smartphone to lock, unlock, and start their vehicle without a physical key.
Samsung’s Digital Key supports several access methods, including ultra-wideband (UWB) technology for hands-free entry, plus Near Field Communication (NFC) for tap-based unlocking and starting the engine.
Drivers can also open the trunk using Remote Key Entry. Users can allow others to use the Digital Key through the Samsung Wallet to allow for multiple drivers or short-term access, such as a valet.
The information is protected by “multiple layers of security” and backed by Samsung’s industry-leading security platform, Samsung Knox.
Volkswagen ID. Polo (Source: Volkswagen)
If a driver loses their smartphone with a Digital Key, they can use Samsung Find to manage or remove it remotely.
Users can also store things like credit and debit cards, ID cards, boarding passes, and more directly on Samsung Wallet.
Digital Key access through Samsung Wallet began rolling out to select Volkswagen EVs in Europe running ID. software 6.0.1. Vehicles running the ID. software 6.0.1 were produced on or after April 27, 2026.
Volkswagen ID.3 Neo (Source: VW UK)
Supported markets currently include: Albania, Austria, Belgium, Bosnia and Herzegovina, Bulgaria, Canary Islands, Croatia, Cyprus, Czech Republic, Denmark, Estonia, Finland, France, Germany, Great Britain, Greece, Hungary, Iceland, Ireland, Italy, Latvia, Lithuania, Luxembourg, Malta, Montenegro, Netherlands, North Macedonia, Norway, Poland, Portugal, Romania, Serbia, Slovakia, Slovenia, Spain, Sweden, and Switzerland.
Volkswagen has yet to confirm whether it will offer Samsung Wallet Digital Key access for drivers in the US. However, it is reportedly
planning to offer Apple Wallet’s car key
feature on upcoming vehicles.
Featured
Subscribe to Electrek on YouTube for exclusive videos
and subscribe to the
Comments
Peter Johnson is covering the auto industry’s step-by-step transformation to electric vehicles. He is an experienced investor, financial writer, and EV enthusiast. His enthusiasm for electric vehicles, primarily Tesla, is a significant reason he pursued a career in investments. If he isn’t telling you about his latest 10K findings, you can find him enjoying the outdoors or exercising",full,,dom_or_structured_full_text,https://electrek.co/2026/08/18/volkswagen-ev-drivers-gain-digital-key-access-samsung-wallet/,Electrek,电池,EV,2026-08-18T22:25:57+00:00,数字科技与消费 > 智能终端 > 消费电子与智能硬件,数字科技与消费,消费电子与智能硬件,"[{""path"":[""数字科技与消费"",""智能终端"",""消费电子与智能硬件""],""path_text"":""数字科技与消费 > 智能终端 > 消费电子与智能硬件"",""confidence"":0.85,""reason"":""核心是三星手机钱包数字车钥匙功能向大众电动车开放""},{""path"":[""通用技术"",""通信和运输"",""陆路运输""],""path_text"":""通用技术 > 通信和运输 > 陆路运输"",""confidence"":0.7,""reason"":""应用于大众ID系列电动车的智能网联用车体验""}]",classified,2026-08-18T23:00:27.229739+00:00,glm-5.2,2026-08-14,
Ride1Up unveils new and improved $895 Portola 02 folding e-bike – and I tested it,2026-08-18,"Micah Toll
| Aug 18 2026 - 6:46 am PT
Ride1Up’s Portola
has been one of those e-bikes that make a lot of sense on paper: a compact folding design, useful cargo capability, and the kind of pricing that helped Ride1Up build its reputation for high-value e-bikes in the first place.
Upon its initial release
nearly three years ago
, the Portola was obviously a shot across the bow of the massively popular 20″ wheel folding e-bike market. And now with a major update to the winning model, Ride1Up has shown that they’re here to compete in the booming category.
That’s right, the company is back with the second-generation Portola 02, and I’ve spent the last couple of days riding an early production example ahead of today’s launch.
That isn’t enough saddle time for me to call this a full review, but it is enough to get a pretty good feel for what has changed compared to the original. And while the new Portola still follows the same basic formula (750W motor, 20×3″ wheels, up to 28 mph/45 km/h for Class 3 operation), several of the upgrades make a surprisingly noticeable difference out on the road.
The biggest change, at least from the saddle, is the new pedal-assist system.
Ride1Up has equipped the Portola 02 with its Intui-Drive system, which combines torque and cadence sensing. The original Portola was already a fun little utility bike, but this new setup gives the bike a more refined and natural feeling when pedaling. Instead of assistance simply kicking in based on whether the pedals are turning, the bike can also respond to how hard you’re actually pedaling.
Over my first few rides, the Portola 02 simply felt more responsive and intuitive, especially when starting from a stop or modulating my effort at lower speeds. It still has the easygoing, accessible feel you’d expect from this style of e-bike, but now the power delivery feels a bit more sophisticated.
Ride1Up also redesigned the frame and rear cargo setup. The Portola 02 can be had with a heavy-duty removable rear rack, though the two frame configurations now available let you decide whether to go with or without a welded-on rack.
That’s a nice change for a bike like this because the Portola straddles the line between folding e-bike and compact utility e-bike. Some riders are going to want to load it up and use that rear end for serious cargo duty, while others may prefer a cleaner, lighter setup. With one model, Ride1Up now gets to serve both types of riders
Speaking of lighter, that’s a big part of the launch since there are actually two range versions of the bike, thanks to the choice between a smaller 10Ah and larger 15Ah battery. With the bigger battery, the company says the bike can get up to 60 miles (96 km) of range in pedal assist (though if you use the throttle, expect lower figures).
The Portola 02 with a 15Ah LG battery weighs 59 lb (26.7 kg), while the Portola Lite with a smaller 10Ah LG battery drops the weight to 52 lb (23.6 kg).
Seven pounds (3.1 kg) may not sound like a massive difference until you remember that this is a folding e-bike. If you’re buying one specifically because you expect to regularly pick it up, stuff it into a trunk, carry it up a few stairs, or maneuver it around an apartment, seven pounds absolutely matters.
And of course, going lighter on the Lite version is also going to save you a bit from your wallet. The 10Ah Lite starts at an affordable
, though the larger 15Ah battery with 50% more range only adds $100, bringing the price up to
. The most maxed out version, which is the Portola 02 with the frame-integrated rack and the larger 15Ah battery, is still
only $1,095
, meaning even the most tricked out model is still quite affordable!
I think a lot of people will generally prefer the bigger battery because they’d rather have extra range in their back pocket, but I can definitely see the appeal of the Lite here. Folding bikes are one of the few categories where shaving several pounds can legitimately be more useful than adding battery capacity.
Not everyone needs to go super far on a charge, and if you’ve got a reasonable commute and prefer the lighter weight of a smaller battery, it makes sense.
There are some other welcome tech upgrades as well. Ride1Up has fitted a new large color display, an updated battery management system, and built-in Find My tracking.  That last one is particularly nice to see becoming more common on e-bikes. A tracker obviously isn’t a substitute for a good lock, but having another tool for locating a missing bike is certainly welcome. Having it built into the bike also means that a thief can’t just remove an AirTag and continue on their way.
For wheels and tires, Ride1Up stuck with the 20×3″ size, which I’ve always felt was the best compromise. It works great off-road still, as I determined on plenty of gravel paths, thanks to that extra rubber and air volume.
But at the same time, it’s not overly chunky like a true 4″ fat tire, meaning you still remain fairly agile, at least as far as go-anywhere folding e-bikes are concerned.
To me, this is the best of both worlds, as I really feel like I can take the same bike on everything from a city commute to a local nature trail, and still feel like the bike is well within its capabilities.
Visually, the Portola 02 remains very much a Ride1Up product. The company is offering four colors this time around: Bronze, Gray, White, and Blue.  Ride1Up calls them “vibrant colorways,” though I might gently push back on the vibrant part.
They look good, particularly the blue, but none quite scratch my personal itch for the obnoxiously bright and fun colors I love seeing on e-bikes. Ride1Up has traditionally kept its color palette fairly understated though, so perhaps I shouldn’t have expected electric lime green or traffic-cone orange this time around.
I’m also a bit bummed to see just a simple, basic Shimano Altus derailleur, especially after riding other Ride1Up Models with even nicer components. But I get it: This is an $895 e-bike designed to be accessible. If I want a fancy 9-speed MicroShift, I’ll go hop on my
Ride1Up Roadster V3
. For a more affordable model like the Portola 02 Lite here, the basic Shimano derailleur is probably fine.
After a few days with the Portola 02, my first impression is that Ride1Up didn’t try to reinvent what was already a successful bike. Instead, it seems to have focused on the areas where meaningful improvements could actually be felt: a better pedal-assist experience, more flexibility in the cargo setup, updated electronics, and a choice between maximum battery capacity and lower weight.
So far, the Portola 02 feels less like a ground-up replacement and more like Ride1Up taking one of its best-selling utility e-bikes and sanding down some of the edges, tightening up some of the features, and basically offering us a more refined, more capable version thanks to all the new bike tech that has become available in the last three years.
And based on my first few rides, that approach seems to have worked pretty well!
Featured
Subscribe to Electrek on YouTube for exclusive videos
and subscribe to the
Comments
Micah Toll is a personal electric vehicle enthusiast, battery nerd, and author of the Amazon #1 bestselling books
DIY Lithium Batteries
DIY Solar Power,
The Ultimate DIY Ebike Guide
The Electric Bike Manifesto
The e-bikes that make up Micah’s current daily drivers are the
$999 Lectric XP 2.0
$1,095 Ride1Up Roadster V2
$1,199 Rad Power Bikes RadMission
, and the
$3,299 Priority Current
. But it’s a pretty evolving list these days.
Micah Toll's favorite gear
Lectric XP4 e-bike sale
Best $999 electric bike ever!
Ride1Up sales
Great e-bikes at great prices!",full,,dom_or_structured_full_text,https://electrek.co/2026/08/18/ride1up-unveils-new-and-improved-895-portola-02-folding-e-bike-and-i-tested-it/,Electrek,电池,EV,2026-08-18T22:25:59+00:00,通用技术 > 通信和运输 > 陆路运输,通用技术,陆路运输,"[{""path"":[""通用技术"",""通信和运输"",""陆路运输""],""path_text"":""通用技术 > 通信和运输 > 陆路运输"",""confidence"":0.85,""reason"":""核心事件是新款折叠电动自行车的发布与实测，属于两轮电动交通工具产品。""}]",classified,2026-08-18T23:00:34.242655+00:00,glm-5.2,2026-08-14,
Einride to deploy 500 Tesla Semis in biggest electric truck order yet,2026-08-18,"Tesla Semi
Fred Lambert
| Aug 18 2026 - 6:29 am PT
Einride is putting 500 Tesla Semis on US roads, the largest commitment to Tesla’s electric truck that anyone has made public.
That will takes the Swedish freight company from roughly 250 deployed electric trucks to about 750. First deliveries start next month, with the rest arriving in phases over 24 months.
Einride (Nasdaq: ENRD) announced the deal Tuesday alongside its first-half results. Five states are in scope: California, Texas, New Jersey, Illinois, and Georgia. Amazon is the named customer, and every truck gets managed through Saga, Einride’s software platform for routing and charging windows.
No Tesla Semi commitment announced so far is this big. In May,
WattEV ordered 370 Tesla Semis
for California port drayage, which held the record until today. Einride clears it by 130 trucks.
“This deployment is yet another proof point that we can execute at the scale our customers demand,” Einride CEO Roozbeh Charli said.
Tesla’s Director of Semi, Dan Priestley, stuck to the standard pitch: “EV heavy trucks provide lower costs per mile from fuel savings, reduced maintenance, and better uptime over diesel trucks.”
$145 million in trucks, $77 million in the bank
Here’s the thing. Tesla is quoting roughly $290,000 for the 500-mile Long Range Semi and about $260,000 for the Standard Range version, per the pricing we got when
the first Semi rolled off the high-volume production line
in April. Five hundred trucks puts the hardware bill somewhere between $130 million and $145 million.
Einride closed June with SEK 748 million in cash. That’s about $77 million.
The press release handles the gap in one clause: the deployment is “fully financed with third party financing solutions.” No lender named, no terms given, nothing saying whether the trucks land on Einride’s balance sheet at all.
That’s not automatically a red flag. Asset financing on Class 8 equipment is a mature, boring business, and Einride’s whole model is built on shippers not carrying the capital risk. But one unattributed clause is carrying a lot of weight for a nine-figure commitment.
The $800 million headline number deserves the same scrutiny. Einride frames the deal as converting “approximately USD 800 million in potential long-term annual recurring revenue under joint business plans” into active freight capacity. That exact $800 million also appears in Einride’s H1 report as potential ARR in joint business plans still awaiting conversion. Pipeline, not backlog.
For scale: Einride booked $27 million in revenue in the first half of 2026, up 26% in constant currency, with adjusted EBITDA of negative SEK 363 million.
Tesla needs an anchor customer
Tesla’s side of this is much simpler. The Semi plant next to Gigafactory Nevada is built for 50,000 trucks a year, it’s been ramping since April, and analysts have thrown out 5,000 to 15,000 deliveries for 2026, a range we called way too optimistic at the time.
A single customer taking 500 units on repeatable corridors in five states is the kind of anchor deployment that makes a Megacharger buildout pencil out. Concentrated routes beat scattered pilots every time.
Interestingly, Einride made its name on cab-less autonomous pods, and Tesla is now selling it 500 trucks that were
explicitly designed for autonomy
, with Musk claiming in July that
Semi self-driving is about a year away
. Einride’s thesis is that it owns the intelligence layer sitting on top of somebody else’s hardware.
Electric trucks work because ditching fuel changes the math at scale, and the same is true in your driveway. If you drive an EV, powering it with home solar can cut your fuel costs to nearly zero. With electricity rates up almost 10% last year and expected to keep climbing, going solar is one of the best ways to protect yourself against rising costs. And with lease and PPA options, you can do it with zero upfront cost and start saving immediately. If you want to find the best deal, check out
EnergySage
. It’s a free service with hundreds of pre-vetted installers competing for your business, so you save 20 to 30% compared to going it alone. No sales calls until you pick an installer.
Get your free quotes here
Featured
Subscribe to Electrek on YouTube for exclusive videos
and subscribe to the
Comments
Fred is the Editor in Chief and Main Writer at Electrek.
Through Zalkon.com, you can check out Fred’s portfolio and get monthly green stock investment ideas.
Fred Lambert's favorite gear
Combat Edge
Get an edge on MMA with the best stats
EnergySage
EnergySage helps you get the best price possible on a home solar installation for free and without hassel.",full,,dom_or_structured_full_text,https://electrek.co/2026/08/18/einride-500-tesla-semi-deployment-largest-order/,Electrek,电池,EV,2026-08-18T22:26:01+00:00,通用技术 > 通信和运输 > 陆路运输,通用技术,陆路运输,"[{""path"":[""通用技术"",""通信和运输"",""陆路运输""],""path_text"":""通用技术 > 通信和运输 > 陆路运输"",""confidence"":0.92,""reason"":""核心事件是500辆特斯拉电动半挂卡车的部署订单，属于卡车电动化。""}]",classified,2026-08-18T23:00:34.242655+00:00,glm-5.2,2026-08-14,
"Hyundai IONIQ 5's base price goes up $250 for 2027, but it still starts at just $35,250",2026-08-18,"Hyundai IONIQ 5
Peter Johnson
| Aug 18 2026 - 6:21 am PT
With prices starting at $35,250, the 2027
Hyundai IONIQ 5
is still one of the most affordable EVs on the market.
2027 Hyundai IONIQ 5 prices and range
Just last month, several reports suggested Hyundai dealers were
running out of IONIQ 5 inventory
, with buyers being put on a waitlist.
Since it went on sale in late 2021, Hyundai’s electric SUV quickly became one of the most popular in the US.
For the 2025 model year, Hyundai introduced the first upgraded IONIQ 5, its first EV built in the US at its Metaplant outside of Savannah, GA.
To offset the loss of the $7,500 federal EV tax credit last year, Hyundai
slashed prices on the 2026 IONIQ 5
CarsDirect
, prices for the 2027 Hyundai IONIQ 5 will start at $35,250, or $250 more than the current model.
That’s for the base 2027 Hyundai IONIQ 5 SE Standard Range model with an EPA-estimated driving range of up to 245 miles.
2027 Hyundai IONIQ 5 (Source: Hyundai)
Upgrading to the extended-range SE RWD adds $2,500, starting at $37,750, with up to 318 miles of range. That’s also $250 more than the 2026 model.
Prices for the SEL trim start at $40,200, $400 more than the current IONIQ 5, while the XRT is getting a $250 price hike and now starts at $46,525. The Limited trim is $150 more, priced from $49,125.
2027 Hyundai IONIQ 5 interior (Source: Hyundai)
Hyundai has yet to announce prices for the 2027 IONIQ 5 N, but last month it
cut the 2026 model’s base price
How does the IONIQ 5 stack up to the competition? It’s still more affordable than the Tesla Model Y, which starts at $39,990 for the RWD and has up to 321 miles of range. Even the IONIQ 5 SE RWD, with up to 318 miles of range, is still about $2,000 less.
2027 Hyundai IONIQ 5 interior (Source: Hyundai)
The IONIQ 5 was the
third best-selling EV
in the US in the first half of 2026, behind the Tesla Model Y and Model 3.
Starting at $35,000, Hyundai’s electric SUV is about the same price as competitive models like the
2027 Toyota bZ
and Chevy Equinox EV.
Hyundai IONIQ 5 Trim
Driving Range (miles)
2026 Starting Price*
2027 Starting Price
IONIQ 5 SE RWD Standard Range
245 miles
IONIQ 5 SE RWD
318 miles
IONIQ 5 SEL RWD
318 miles
IONIQ 5 Limited RWD
318 miles
IONIQ 5 SE Dual Motor AWD
290 miles
IONIQ 5 SEL Dual Motor AWD
290 miles
IONIQ 5 XRT Dual Motor AWD
259 miles
IONIQ 5 Limited Dual Motor AWD
269 miles
2026 and 2027 Hyundai IONIQ 5 prices and range by trim (*Does not include $1,600 destination fee**Destination fee still unknown)
Hyundai’s sister company, Kia, has it beat with
2027 EV3 prices
starting at just 30,000. But the IONIQ 5 is bigger and more powerful, offering more interior space for passengers.
Since the 2027 Hyundai IONIQ 5 is a carryover model, not much is changing. Roof rails will be available across all trims and standard on SEL models and above, rather than just the XRT and Limited.
Hyundai HomeLink will be exclusive to Limited trims, while the Cargo Cover will only be offered as an additional accessory.
Outside of that, Hyundai is dropping the Gravity Gold Matte and Sage Silver Matte colors for the 2027 model.
With the 2027 models arriving, you may be able to snag a better deal on the current 2026 Hyundai IONIQ 5. If you’re interested in seeing one in person, you can use our link to
find IONIQ 5 models available near you
(via a trusted affiliate link).
Featured
Subscribe to Electrek on YouTube for exclusive videos
and subscribe to the
Comments
Peter Johnson is covering the auto industry’s step-by-step transformation to electric vehicles. He is an experienced investor, financial writer, and EV enthusiast. His enthusiasm for electric vehicles, primarily Tesla, is a significant reason he pursued a career in investments. If he isn’t telling you about his latest 10K findings, you can find him enjoying the outdoors or exercising",full,,dom_or_structured_full_text,https://electrek.co/2026/08/18/hyundai-ioniq-5-prices-rise-250-2027-starting-35250/,Electrek,电池,EV,2026-08-18T22:26:02+00:00,通用技术 > 通信和运输 > 陆路运输,通用技术,陆路运输,"[{""path"":[""通用技术"",""通信和运输"",""陆路运输""],""path_text"":""通用技术 > 通信和运输 > 陆路运输"",""confidence"":0.88,""reason"":""核心是现代IONIQ 5电动汽车的定价与市场表现，属于汽车电动化产业。""}]",classified,2026-08-18T23:00:34.242655+00:00,glm-5.2,2026-08-14,
Just 10% of California’s EVs could provide 9 GW of grid power,2026-08-18,"California
Electrical grid
Michelle Lewis
| Aug 18 2026 - 6:05 am PT
Image: Nissan
California could turn parked EVs into one of its largest sources of energy storage – but utilities need to make it a lot easier for EV owners to participate.
report from GridLab, Kevala, and Energy and Environmental Economics
estimates that enrolling just 10% of California’s projected EVs in vehicle-to-grid (V2G) programs by 2036 could supply around 9 gigawatts (GW) of power for 12 hours. That’s 108 gigawatt-hours (GWh) of storage, or more than one-third of the state’s long-duration energy storage target for that year, according to the report.
V2G technology allows a compatible EV to send power from its battery back to the grid when demand is high. Drivers can then recharge when electricity is cheaper and more plentiful, such as during periods of strong midday solar generation.
The report, “Unlocking California’s Flexible Load: A Durable Blueprint for Affordability and Reliability,” argues that EVs, home batteries, smart thermostats, water heaters, and commercial buildings could all help California manage electricity demand without relying entirely on new power plants, grid-scale batteries, and expensive grid upgrades.
The equipment is increasingly available. The bigger challenge is that California’s demand flexibility programs have different rules, payment structures, and enrollment requirements across utilities.
“The next generation of grid infrastructure is already sitting in our driveways, homes, and businesses,” said GridLab executive director Ric O’Connell. “The question isn’t whether California has the resources; it’s whether our programs are designed to unlock their full value.”
The report calls for standardized program designs across California, common technical requirements, and payments based on verified grid performance. In other words, customers would be paid for the measurable value their EVs or batteries provide – not simply for signing up.
This is an excellent point, as quantifying the financial impact of one’s participation will encourage others to join and keep customers engaged. I was paid a flat rate by National Grid here in Massachusetts for joining its smart thermostat program; I’d much rather be compensated for measurable value than just receive an email telling me about my “virtual” savings.
It also recommends paying participants less than the utility’s avoided cost. That would leave some of the savings for customers who don’t own an EV, battery, or other flexible device, rather than shifting more grid costs onto them.
That affordability guardrail is significant in California, where debates over rooftop solar compensation have focused heavily on whether incentives paid to participating customers raise everyone else’s bills. In Vermont, for example, Green Mountain Power’s virtual power plant program lowers prices for households with battery storage and for all customers.
The new roadmap builds on a
2024 study by GridLab and The Brattle Group
. That analysis estimated that virtual power plants using technologies already on the market could meet more than 15% of California’s peak electricity demand and save utilities and customers $550 million annually.
Those figures are modeled potential, not savings California is already realizing. EVs must be plugged in and available when the grid needs them, and full V2G participation requires compatible vehicles, chargers, utility programs, and interconnection rules.
But even one-way smart charging can help. Instead of millions of EVs charging during the evening peak, utilities can encourage or automatically schedule charging during lower-cost hours. The California Energy Commission says
automated load flexibility
can reduce the need for more expensive grid infrastructure while helping match electricity use with renewable generation.
California’s challenge isn’t a lack of batteries; it’s creating a statewide system that can actually use them.
Read more:
Massachusetts wants to pay EV drivers for their battery power
If you’ve ever considered going solar, make it easy by finding a trusted, reliable solar installer near you that offers competitive pricing by checking out
EnergySage
. It has hundreds of pre-vetted solar installers competing for your business, ensuring you get high-quality solutions and save 20-30% compared to going it alone. Plus, it’s free to use, and you won’t get sales calls until you select an installer and share your phone number with them.
Your personalized solar quotes are easy to compare online, and you’ll get access to unbiased Energy Advisors to help you every step of the way.
Get started here
Featured
Subscribe to Electrek on YouTube for exclusive videos
and subscribe to the
Comments
Michelle Lewis's favorite gear
MacBook Air
Light, durable, quick: I'll never go back.
Because I don't want to wait for the best of British TV.",full,,dom_or_structured_full_text,https://electrek.co/2026/08/18/just-10-percent-of-californias-evs-could-provide-9-gw-of-grid-power/,Electrek,电池,EV,2026-08-18T22:26:04+00:00,通用技术 > 通信和运输 > 电网技术 > 配电和电力交易,通用技术,配电和电力交易,"[{""path"":[""通用技术"",""通信和运输"",""电网技术"",""配电和电力交易""],""path_text"":""通用技术 > 通信和运输 > 电网技术 > 配电和电力交易"",""confidence"":0.88,""reason"":""核心是电动车V2G向电网反向供电、灵活负荷参与电网调节的报告。""}]",classified,2026-08-18T23:00:34.242655+00:00,glm-5.2,2026-08-14,
"One free app now puts 211,000+ EV chargers in one place",2026-08-18,"EV Chargers
DC fast charging
Octopus Energy
Michelle Lewis
| Aug 18 2026 - 6:00 am PT
Image: Octopus Energy
Octopus Energy is taking a swing at one of the most irritating parts of public EV charging: needing a phone full of apps just to plug in.
The company today launched
Octopus Charge
, a free iOS and Android app that lets drivers find, start, and pay for charging at 211,221 EV chargers across North America.
Its participating networks include some of the biggest names in US and Canadian charging, including ChargePoint, AppleGreen Electric, EVgo, Blink, bp pulse, Shell Recharge, FLO, EV Connect, Circle K, Circuit Électrique, and FPL EVolution. Octopus Charge currently lists 24 partner networks on its website.
Drivers can search by location or ZIP code and filter results by charging speed, connector type, or network. The app also displays live charger availability, compatibility, charging speeds, prices, and nearby amenities, and it includes an EV-specific route planner.
Octopus says joining is free and that it passes through each charging network’s price without marking up the per-kWh cost.
“Driving electric should be simple, wherever the journey leads,” said Nick Chaset, CEO of Octopus Energy US. “Drivers shouldn’t have to juggle multiple apps and accounts just to charge their cars. By bringing public charging into one seamless experience, Octopus Charge gives drivers the confidence to hit the road, making charging one less thing they have to think about while helping remove another barrier to EV adoption.”
Octopus Charge is the North American sibling of Octopus Electroverse, the company’s public charging platform in the UK and Europe. Launched in 2020, Electroverse gives drivers access to more than 1 million public charge points across over 40 countries through one app and account.
Octopus Charge doesn’t yet have anywhere near the reach of its European counterpart. But support for more than 211,000 chargers, including stations on several major networks, gives it a pretty useful footprint from day one.
Read more:
A UK energy giant is investing $1B in California clean tech
If you’re looking to replace your old HVAC equipment, it’s always a good idea to get quotes from a few installers. To make sure you’re finding a trusted, reliable HVAC installer near you that offers competitive pricing on heat pumps, check out
EnergySage
. EnergySage is a free service that makes it easy for you to get a heat pump. They have pre-vetted heat pump installers competing for your business, ensuring you get high quality solutions. Plus, it’s free to use!
Your personalized heat pump quotes are easy to compare online and you’ll get access to unbiased Energy Advisors to help you every step of the way. Get started
Featured
Subscribe to Electrek on YouTube for exclusive videos
and subscribe to the
Comments
Michelle Lewis's favorite gear
MacBook Air
Light, durable, quick: I'll never go back.
Because I don't want to wait for the best of British TV.",full,,dom_or_structured_full_text,https://electrek.co/2026/08/18/one-free-app-now-puts-211000-ev-chargers-in-one-place/,Electrek,电池,EV,2026-08-18T22:26:06+00:00,通用技术 > 通信和运输 > 陆路运输,通用技术,陆路运输,"[{""path"":[""通用技术"",""通信和运输"",""陆路运输""],""path_text"":""通用技术 > 通信和运输 > 陆路运输"",""confidence"":0.85,""reason"":""核心是整合21万多个公共EV充电桩的充电应用，属于电动车充换电生态。""}]",classified,2026-08-18T23:00:34.242655+00:00,glm-5.2,2026-08-14,
Portugal works towards 3 GW battery storage target by 2030 - pv magazine Global,2026-08-18,"Markets & Policy
Portugal looks set to ramp up its battery storage capacity from 20 MW commissioned by the end of last year but the Portuguese Association Of Renewable Energy says success will depend on licensing, grid access and sufficient stable revenue streams.
Patrick Jowett
18 Aug 2026
Markets & Policy
Batteries
Energy Storage
Utility-scale
A solar plant built by Neoen in Portugal
The outlook for storage in Portugal is “positive”, according to analysis from the Portuguese Association Of Renewable Energy (APREN), with deployments set to increase in the coming years in order to meet end of decade targets.
Susana Serôdio, APREN’s Policy and Market Intelligence Coordinator, told
ESS News
that deployment of battery storage systems in Portugal will accelerate after starting from a limited base.
The association’s latest annual review found Portugal had deployed 20 MW of battery storage by the end of 2025. The country’s National Energy and Climate Plan (PNEC 2030) sets a target of 2 GW of battery storage by 2030 but a more recent National Energy Storage Strategy presented by the government has raised the target to 3 GW, before increasing to 4.5 GW by 2040.
The majority of Portugal’s installed large-scale storage capacity is pumped-hydro storage, standing at 2.8 GW by the end of last year, according to APREN’s statistics. Serôdio said pumped hydro accounted for approximately 8.3% of electricity generation in mainland Portugal last year. The country’s National Energy Storage Strategy targets further expansion of the technology, with goals of reaching 3.9 GW of pumped hydro capacity by 2030, before increasing to 5.26 GW by 2040.
In January 2025, Portugal awarded 43 storage projects, representing
approximately 500 MW
, a share of €100 million ($116 million). Serôdio said these projects are expected to become progressively operational.
She added that Portugal’s storage rollout will be supported by two competitive procedures planned for September, alongside plans to develop a
capacity market
for batteries.
The two tenders, one allocating up to 750 MVA of grid capacity to standalone storage facilities, and another allocating up to 300 MVA to new renewable generation projects with co-located storage, represent
of new grid-connected capacity. A tender to expand pumped-hydro storage is also envisaged, Serôdio added, subject to discussions with the European Commission regarding state aid rules.
“The outlook is therefore positive, but progress will depend on the speed of licensing and project delivery, access to the grid and, above all, the creation of sufficiently stable revenue streams,” Serôdio told
ESS News
. “The two announced procedures are fully exposed to market revenues and do not currently include a capacity mechanism remunerating availability, which may create challenges for project bankability.”
In January, Chinese battery maker CALB unveiled plans to build a
lithium-ion battery factory
in Portugal. The company says it is targeting an annual capacity of 15 GWh for the site. The plan has been identified by the Portuguese government as a project of national interest and has obtained special grid access rights.",full,,dom_or_structured_full_text,https://www.pv-magazine.com/2026/08/18/portugal-works-towards-3-gw-battery-storage-target-by-2030/,pv magazine,综合新能源,光伏、氢能、储能,2026-08-18T22:26:27+00:00,公共政策与社会治理 > 政策法规 > 产业与能源政策,公共政策与社会治理,产业与能源政策,"[{""path"":[""公共政策与社会治理"",""政策法规"",""产业与能源政策""],""path_text"":""公共政策与社会治理 > 政策法规 > 产业与能源政策"",""confidence"":0.88,""reason"":""核心是葡萄牙2030年电池储能目标及许可、并网和收益政策分析。""},{""path"":[""零碳产业"",""能量循环"",""能量存储"",""电化学储能"",""二次电池"",""锂电池""],""path_text"":""零碳产业 > 能量循环 > 能量存储 > 电化学储能 > 二次电池 > 锂电池"",""confidence"":0.7,""reason"":""内容围绕锂电池储能系统部署及CALB锂电工厂建设。""}]",classified,2026-08-18T23:00:34.242655+00:00,glm-5.2,2026-08-14,
"Brookfield, La Caisse finalize acquisition of Boralex - pv magazine Global",2026-08-18,"Markets & Policy
Brookfield Renewable Partners and La Caisse have completed their acquisition of Quebec-based renewable energy producer Boralex, with La Caisse holding 30% and Brookfield 70%.
Gwénaëlle Deboutte
18 Aug 2026
Markets & Policy
Utility-scale
As announced in March 2026, global investment group
Brookfield
, through Brookfield Renewable Partners, and Quebec-based institutional investor
La Caisse
have finalized the acquisition of Quebec renewable energy producer
Boralex shareholders approved the transaction at an annual and special meeting on June 4, 2026.
La Caisse, currently Boralex’s largest shareholder with approximately 15% of its outstanding common shares, will increase its stake to 30% following the transaction. Brookfield, which already owns renewable energy producer
, will hold the remaining 70%. The transaction values Boralex at $37.25 per share.
La Caisse previously acquired Quebec renewable energy producer
Innergex
following a process launched in 2024 after a private investment firm expressed interest in the company.
Boralex operates approximately 3.8 GW of wind, solar, hydroelectric and battery storage capacity. More than 90% of its capacity is secured under contracts with an average term of 10 years, across Canada, France, the United States and the United Kingdom. The company also has approximately 300 MW of capacity under construction or ready for construction, along with 750 MW of secured projects.
Boralex will retain its headquarters in Quebec and continue to operate independently following completion of the transaction. However, the company will be delisted from the Toronto Stock Exchange.",full,,dom_or_structured_full_text,https://www.pv-magazine.com/2026/08/18/brookfield-la-caisse-finalize-acquisition-of-boralex/,pv magazine,综合新能源,光伏、氢能、储能,2026-08-18T22:26:29+00:00,产业经济与组织 > 企业与资本 > 投融资、并购与资本市场,产业经济与组织,投融资、并购与资本市场,"[{""path"":[""产业经济与组织"",""企业与资本"",""投融资、并购与资本市场""],""path_text"":""产业经济与组织 > 企业与资本 > 投融资、并购与资本市场"",""confidence"":0.9,""reason"":""核心事件是Brookfield与La Caisse完成对可再生能源公司Boralex的收购交易""}]",classified,2026-08-18T23:00:39.017400+00:00,glm-5.2,2026-08-14,
Malta prepares second 2026 renewable energy auction - pv magazine Global,2026-08-18,"Markets & Policy
The invitation to bid document is due for publication on Monday, ahead of a bid window in early October.
Patrick Jowett
18 Aug 2026
Markets & Policy
Commercial & industrial
Utility-scale
Malta’s energy regulator is preparing to launch a second round of its competitive bidding process (ITB) for renewable energy projects this year.
The country’s Regulator for Energy and Water Services (REWS) says the next ITB round will be open for installations ranging from 40 kW to 10 MW in size.
REWS has said an invitation to bid document will be published on Monday (August 24). Bids will then be submitted between October 5 and October 12.
The ITB scheme is Malta’s competitive support mechanism for providing long-term financial support for renewable energy projects larger to 40 kW. It provides successful bidders with 20-year contracts for difference, with developers bidding the price at which they are willing to supply electricity. The government said in a press release published in April that two 2026 ITB calls for projects could allocate a combined 15 MW, with bids capped at €0.14 ($0.16)/kWh.
The first 2026 ITB round, available to renewable energy projects with a capacity between 40 kW and 200 kW, ran from May 29 to June 5. It attracted three bids, according to REWS data, and two projects, with capacities of 90 kW and 118 kW, were recommended for award at €0.136/kWh each.
Malta also operates a feed-in tariff scheme for smaller renewable energy systems. Since 2021, the scheme has been limited to installations below 40 kW, with the current tariff set at €0.15/kWh.
Malta’s cumulative solar capacity reached 250 MW by the end of last year, according to figures published by the International Renewable Energy Agency (IRENA), a 12 MW increase on the year prior.",full,,dom_or_structured_full_text,https://www.pv-magazine.com/2026/08/18/malta-prepares-second-2026-renewable-energy-auction/,pv magazine,综合新能源,光伏、氢能、储能,2026-08-18T22:26:31+00:00,公共政策与社会治理 > 政策法规 > 产业与能源政策,公共政策与社会治理,产业与能源政策,"[{""path"":[""公共政策与社会治理"",""政策法规"",""产业与能源政策""],""path_text"":""公共政策与社会治理 > 政策法规 > 产业与能源政策"",""confidence"":0.9,""reason"":""核心是马耳他政府启动可再生能源项目竞标拍卖的产业政策""},{""path"":[""零碳产业"",""能量循环"",""能源测"",""发电技术"",""光伏""],""path_text"":""零碳产业 > 能量循环 > 能源测 > 发电技术 > 光伏"",""confidence"":0.7,""reason"":""拍卖对象为光伏等可再生能源装机项目""}]",classified,2026-08-18T23:00:39.017400+00:00,glm-5.2,2026-08-14,
"Germany allocates 2.1 GW in latest ground-mounted PV tender, lowest bid comes in at €0.043/kWh - pv magazine Global",2026-08-18,"Germany’s Federal Network Agency (Bundesnetzagentur) has allocated 2,135 MW of PV capacity in the nation’s latest tender for utility-scale solar. It assigned the capacity across 261 bids. The new allocations exceed the capacity that the Bundesnetzagentur initially planned to hand out. The tender was oversubscribed, with 401 project proposals totaling 3.17 GW. The average price came in at €0.0479 ($0.055)/kWh, with final prices ranging from €0.0438/kWh to €0.0497/kWh. From a regional perspective, the largest volume awarded was in Bavaria (429 MW), followed by Baden-Württemberg (266 MW), and Lower Saxony (225 MW). In the auction finalized in May , the Bundesnetzagentur assigned 2.3 GW of capacity across 268 bids. The average price came in at €0.0494 ($0.0580)/kWh, with final prices ranging from €0.0399/kWh to €0.0510/kWh. In the previous auction , concluded in February, the allocated PV power was 2,328 MW and the average price came in at €0.0500/kWh. In the auction of the same kind held in mid-August 2025, the German authorities allocated 2.27 GW with prices ranging from €0.0400/kWh to €0.0626/kWh. In the previous round, around 2.15 GW of PV capacity was assigned, while prices spanned from €0.0388/kWh to €0.0495/kWh. In the auction concluded in February 2025, the Bundesnetzagentur allocated 2,150 MW of PV capacity across 242 bids. The auction’s average price was €0.0476/kWh, with final prices spanning from €0.0388/kWh to €0.0495/kWh. The post Germany allocates 2.1 GW in latest ground-mounted PV tender, lowest bid comes in at €0.043/kWh appeared first on pv magazine Global .",full,,rss_full_content,https://www.pv-magazine.com/2026/08/18/germany-allocates-2-1-gw-in-latest-ground-mounted-pv-tender-lowest-bid-comes-in-at-e0-043-kwh/,pv magazine,综合新能源,光伏、氢能、储能,2026-08-18T22:26:33+00:00,零碳产业 > 能量循环 > 能源测 > 发电技术 > 光伏,零碳产业,光伏,"[{""path"":[""零碳产业"",""能量循环"",""能源测"",""发电技术"",""光伏""],""path_text"":""零碳产业 > 能量循环 > 能源测 > 发电技术 > 光伏"",""confidence"":0.85,""reason"":""核心事件是德国大型地面光伏项目招标结果与容量分配""},{""path"":[""公共政策与社会治理"",""政策法规"",""产业与能源政策""],""path_text"":""公共政策与社会治理 > 政策法规 > 产业与能源政策"",""confidence"":0.7,""reason"":""招标机制属于政府对光伏产业的补贴支持政策""}]",classified,2026-08-18T23:00:39.017400+00:00,glm-5.2,2026-08-14,
India adds record 27 GW of solar capacity in H1 - pv magazine Global,2026-08-18,"Markets & Policy
The country’s cumulative installed PV capacity reached 165 GW at the end of June, according to new figures released by Mercom.
Uma Gupta
18 Aug 2026
Markets & Policy
Highlights
Utility-scale
Acme Solar’s PV project in Jaisalmer
India installed a record 27 GW of solar capacity in the first half 2026, up 50% year over year from the 18 GW added in H1 2025, according to Mercom India Research’s Q2 and H1 2026 India Solar Market Update. Solar accounted for 76% of the 36 GW of new power capacity added during the period.
According to the report, solar project commissioning in H1 2026 was driven by rising clean energy demand and developers accelerating project completion ahead of key policy changes. Many developers moved projects forward before the June 1 implementation of ALMM List-II for solar cells and the scheduled reduction in the ISTS charge waiver from 75% to 50% in July 2026.
Of the 27 GW added in H1 2026, 12 GW of solar capacity was installed in the second quarter of 2026, making it the second-highest quarterly addition on record, after the 15 GW installed in Q1 2026.
Large-scale projects accounted for 68%, or 8 GW, of all solar installations during Q2 2026, down 20% year-on-year from 10 GW in Q2 2025. Gujarat, Rajasthan, and Maharashtra led utility-scale solar additions in Q2 2026, accounting for 40%, 19%, and 17% of installations, respectively.
“India added record solar capacity in the first half of 2026, supported by strong demand and projects commissioning ahead of key policy changes. The concern now is whether this pace can continue,” said Raj Prabhu, CEO of Mercom Capital Group. “Utility-scale project commissioning is being slowed mainly by limited transmission availability and domestic cell shortages. Several projects are reaching completion but are unable to connect to the grid because evacuation infrastructure is not ready. ALMM List-II has added pressure on domestic cell supply, especially TOPCon, affecting timely procurement and project planning. India’s large project pipeline will not translate into commissioned capacity at current forecasted levels unless these major bottlenecks are addressed.”
As of June 2026, India’s cumulative installed solar capacity had reached 165 GW. Large-scale solar projects represented 83% of the installed capacity, while rooftop solar accounted for the remaining 17%. Solar photovoltaics comprised 30% of India’s total installed power capacity and 57% of its installed renewable energy capacity.
Rajasthan, Gujarat, and Karnataka continued to lead the country in cumulative utility-scale solar capacity, accounting for 31%, 22%, and 11% of total installations, respectively.",full,,dom_or_structured_full_text,https://www.pv-magazine.com/2026/08/18/india-adds-record-27-gw-of-solar-capacity-in-h1/,pv magazine,综合新能源,光伏、氢能、储能,2026-08-18T22:26:35+00:00,零碳产业 > 能量循环 > 能源测 > 发电技术 > 光伏,零碳产业,光伏,"[{""path"":[""零碳产业"",""能量循环"",""能源测"",""发电技术"",""光伏""],""path_text"":""零碳产业 > 能量循环 > 能源测 > 发电技术 > 光伏"",""confidence"":0.92,""reason"":""核心事件是印度上半年新增光伏装机创纪录及市场数据""}]",classified,2026-08-18T23:00:39.017400+00:00,glm-5.2,2026-08-14,
Canadian Solar says patent dispute with Maxeon is formally terminated - pv magazine Global,2026-08-18,"Markets & Policy
Canadian Solar says the dismissal of Maxeon’s U.S. patent infringement lawsuit formally ends the dispute between the two companies. The resolution follows the PTAB’s January decision invalidating the Maxeon patent claims asserted against Canadian Solar.
Emiliano Bellini
18 Aug 2026
Markets & Policy
The building of the United States Court of Appeals for the Federal Circuit in Washington D.C.
Chinese-Canadian solar module manufacturer
Canadian Solar
announced that the United States Court of Appeals for the Federal Circuit has dismissed with prejudice Maxeon’s patent infringement suit in the Federal District Court. The decision formally terminates the remaining litigation between the two companies, following the Patent Trial and Appeal Board’s
January ruling
that invalidated the Maxeon patent claims asserted against Canadian Solar.
“Further, the U.S. Court of Appeals for the Federal Circuit vacated the relevant portion of the Patent Trial and Appeal Board (PTAB) decision relating to Maxeon’s remaining claim,” Canadian Solar said in a statement. “In Final Written Decisions issued in January 2026, the PTAB ruled in Canadian Solar’s favor, finding all Maxeon patent claims asserted against the Company in the federal court litigation invalid. Canadian Solar welcomes the dismissal of the lawsuit and the final resolution of these patent claims. The ruling provides important clarity and reinforces Canadian Solar’s claims of non-infringement.”
Singapore-based
had filed the
patent infringement lawsuit
against Canadian Solar in the US District Court for the Eastern District of Texas in March 2024. The case involved an unspecified TOPCon solar cell technology.
Maxeon previously sued
Canadian Solar
in Japan for patent infringement in 2020. In the lawsuit, Maxeon alleged that Canadian Solar Japan infringed upon its Japan Patent No. JP6642841B2, which is related to its shingled solar modules. The two companies reached a
settlement agreement
in April 2022.
Canadian Solar has faced similar patent claims in the United States. PV manufacturer Solaria filed
three different patent infringement claims against the company
, also related to the process of separating photovoltaic strips from solar cells for use in shingled modules.
Meanwhile, in November 2023, Maxeon also sued Chinese competitor
Aiko Solar Energy
, as well as wholesaler Memedo GmbH, for alleged patent infringement regarding a specific design related to the architecture of back contact solar cells. In May 2025, a
Dutch court rejected Maxeon’s request for a preliminary injunction
, and in December 2025, Maxeon expanded the
legal action to Aiko and its distributors in Germany",full,,dom_or_structured_full_text,https://www.pv-magazine.com/2026/08/18/canadian-solar-says-patent-dispute-with-maxeon-is-formally-terminated/,pv magazine,综合新能源,光伏、氢能、储能,2026-08-18T22:26:37+00:00,公共政策与社会治理 > 政策法规 > 监管、标准与合规,公共政策与社会治理,监管、标准与合规,"[{""path"":[""公共政策与社会治理"",""政策法规"",""监管、标准与合规""],""path_text"":""公共政策与社会治理 > 政策法规 > 监管、标准与合规"",""confidence"":0.85,""reason"":""核心事件是光伏企业间专利侵权诉讼的正式终结与法院裁决""},{""path"":[""零碳产业"",""能量循环"",""能源测"",""发电技术"",""光伏""],""path_text"":""零碳产业 > 能量循环 > 能源测 > 发电技术 > 光伏"",""confidence"":0.7,""reason"":""争议双方均为光伏电池组件制造商，涉及背接触电池专利""}]",classified,2026-08-18T23:00:39.017400+00:00,glm-5.2,2026-08-14,
UNSW researchers build 12.6%-efficient kesterite solar cell with lower open-circuit voltage losses - pv magazine Global,2026-08-18,"Research & Development
UNSW researchers developed a defect-engineering strategy for wide-bandgap CZTS solar cells that suppresses copper out-diffusion and harmful defects, achieving a 12.6% efficiency and 852.8 mV open-circuit voltage. The certified device reached 12.36% efficiency, highlighting the potential of improved defect control for kesterite and tandem photovoltaics.
Emiliano Bellini
18 Aug 2026
Research & Development
Cells & modules
The kesterite solar cell
A research team from the
University of New South Wales
(UNSW) has fabricated a wide-bandgap kesterite (CZTS) solar cell using a defect regulation strategy that reportedly reduces open-circuit voltage losses. Minimizing these losses is a key challenge for kesterite photovoltaics, which are based on earth-abundant elements but have historically suffered from relatively large voltage deficits.
“Voltage is a direct measure of the energy loss inside the solar cells. Every detrimental defect reduces the voltage. Defect control determines the final efficiency and how much energy can be converted from sunlight,” the scientists said in a statement. “Improving the open-circuit voltage of of CZTS beyond its current level is essential to unlock its full potential.”
The researchers explained that previous studies have shown that a copper (Cu)-poor and zinc (Zn)-rich chemical environment can promote the formation of beneficial defects in CZTS while suppressing defects that contribute to carrier recombination. However, the formation of Cu-rich and Zn-poor regions in the CZTS film can alter the local chemical environment and promote unfavorable defects and secondary phases.
To control this process, the team sought to strengthen Cu–S bonding in the precursor, thereby stabilizing Cu and limiting its out-diffusion. In an initial approach, the researchers replaced metallic Cu with copper(I) sulfide (Cu₂S) during the co-sputtering process. Raman and X-ray photoelectron spectroscopy (XPS) measurements indicated that the modified precursor had stronger Cu–S bonding, greater structural order and reduced cation disorder.
However, using Cu₂S throughout the deposition process also increased tin (Sn) loss during sulfurization. This resulted in defects and pinholes in the absorber, making it unsuitable for solar-cell fabrication. To address this issue, the researchers used metallic Cu during the initial stage of precursor deposition and replaced it with Cu₂S during the final minutes. The approach was designed to stabilize Cu near the surface while limiting Sn loss during subsequent sulfurization.
The optimized process significantly reduced Cu out-diffusion and produced a more uniform elemental distribution. Importantly, it helped maintain a Cu-poor and Zn-rich local environment during the early stages of CZTS crystallization, when the defect structure of the absorber is established.
Low-temperature cathodoluminescence measurements showed that the optimized CZTS absorber has lower non-radiative recombination and fewer deep localized defect states than the reference sample. The optimized absorber also exhibited a stronger contribution from transitions involving shallow defects, indicating improved defect quality.
The CZTS solar cell fabricated using the proposed defect-engineering approach achieved a power conversion efficiency of 12.6%, with an open-circuit voltage of 852.8 mV, a short-circuit current density of 21.0 mA/cm² and a fill factor of 70.1%. A certified efficiency of 12.36% was also recorded, with an open-circuit voltage of 846.7 mV measured using a 0.2021 cm² aperture area. The device was also found to maintain stable performance after 231 days of storage in a nitrogen-filled desiccator.
“Whereas reducing photovoltage loss in wide-bandgap semiconductors remains a major challenge, we demonstrate an open-circiut voltage corresponding to 65.3% of the Shockley–Queisser (SQ) limit in this work,” the researchers stated, adding that wide-bandgap kesterite devices have generally achieved open-circuit voltages of around 60% of the corresponding SQ limit.
“The defect control strategy we’ve developed is going to be really useful for designing and optimising other compound semiconductors,” said UNSW researcher Xiaojing Hao. “I hope our defect control technology and principle can really be used by other people who are designing more top-cell candidates for tandem solar cells. The design principle isn’t only about this material. It’s about not only looking at the final recipe, we need to design from when we’re mixing the ingredients and keep them uniformly distributed. The ingredients may change from one semiconductor to another, but the design principle is the same.”
The solar cell was described in “
Early-stage local chemistry regulation enabling open-circuit voltage of 847 mV in wide-bandgap Cu
solar cells
,” published in
nature energy",full,,dom_or_structured_full_text,https://www.pv-magazine.com/2026/08/18/unsw-researchers-build-12-6-efficient-kesterite-solar-cell-with-lower-open-circuit-voltage-losses/,pv magazine,综合新能源,光伏、氢能、储能,2026-08-18T22:26:40+00:00,零碳产业 > 能量循环 > 能源测 > 发电技术 > 光伏,零碳产业,光伏,"[{""path"":[""零碳产业"",""能量循环"",""能源测"",""发电技术"",""光伏""],""path_text"":""零碳产业 > 能量循环 > 能源测 > 发电技术 > 光伏"",""confidence"":0.93,""reason"":""核心是kesterite（CZTS）太阳能电池效率提升的器件研究""}]",classified,2026-08-18T23:00:39.017400+00:00,glm-5.2,2026-08-14,
Solar remains Latvia’s largest electricity source in July - pv magazine Global,2026-08-18,"Markets & Policy
Solar generated 55% of Latvia’s electricity production in July, while total solar capacity now stands in excess of 1.8 GW.
Patrick Jowett
18 Aug 2026
Markets & Policy
Solar was Latvia’s largest source of electricity generation for the third consecutive month in July, producing 235 GWh of electricity, according to figures published by Latvian transmission system operator Augstsprieguma tīkls (AST).
Total electricity production reached 426 GWh last month, with solar accounting for 55%. Hydropower remained the second largest source of electricity generation, accounting for around 28% of total production in July.
With Latvia’s total electricity consumption reaching 586 GWh last month, local electricity production provided 72.65% of total consumption, with the remaining 159 GWh imported from neighboring countries.
AST says that because the number of daylight hours decreased, solar power plants produced 14% less electricity in July than in June, for a level comparable to the level of production recorded in May.
However, the volume of solar produced last month was more than double July 2025, as the number and capacity of solar power plants has grown significantly.
pv magazine
recently reported that Latvia’s installed solar capacity had
surpassed 1.5 GW
and according to AST’s latest update, capacity has now moved past 1.8 GW.
While solar power plants produced 9% of all electricity consumed in Latvia across 2025, its share jumped to 23% across the first half of 2025. This buildout means that for the first time more electricity was generated by solar power plants than using natural gas, according to additional analysis by AST.
AST adds that while electricity prices in July across many parts of Europe were as high as they are in winter due to heat and drought, solar and wind power generation across the Baltic countries helped keep prices comparatively low. The amount of locally-produced electricity in the Baltic States reached 83% of consumption, with 73% provided by solar and wind parks.
The average electricity price in Latvia fell 19% month-on-month in July, standing at €74.95 ($86.76)/MWh. It also fell by 19% in Lithuania, to €75.86/MWh and by 32% in Estonia, to €43.93/MWh.
AST says that as a result of the high share of electricity generated from renewable energy sources, the Baltic region periodically became an exporter of electricity during daylight hours, delivering to the Scandinavian countries and Poland, while importing electricity from these regions during the rest of the day.",full,,dom_or_structured_full_text,https://www.pv-magazine.com/2026/08/18/solar-remains-latvias-largest-electricity-source-in-july/,pv magazine,综合新能源,光伏、氢能、储能,2026-08-18T22:26:42+00:00,零碳产业 > 能量循环 > 能源测 > 发电技术 > 光伏,零碳产业,光伏,"[{""path"":[""零碳产业"",""能量循环"",""能源测"",""发电技术"",""光伏""],""path_text"":""零碳产业 > 能量循环 > 能源测 > 发电技术 > 光伏"",""confidence"":0.95,""reason"":""核心事件是拉脱维亚太阳能发电占比与装机容量统计。""}]",classified,2026-08-18T23:00:45.171583+00:00,glm-5.2,2026-08-14,
AES Andes inaugurates 510 MW solar-plus-storage complex in Chile - pv magazine Global,2026-08-18,"Markets & Policy
The now completed complex, located in the Antofagasta region, comprises various phases developed since 2016 and represents a cumulative investment of over $1.3 billion.
Luis Ini
18 Aug 2026
Markets & Policy
Americas
Utility-scale
AES Andes officially inaugurated the Andes Solar Hub, a photovoltaic generation and battery storage complex located in the Atacama Desert with a combined capacity of 692 MW of solar power and 510 MW of storage. The ceremony took place on August 13 and marks the culmination of a process that began a decade ago with the commissioning of Andes Solar I.
The inauguration does not imply the addition of new capacity to the National Electric System (SEN). The current configuration of the complex was completed in April with the start of commercial operation of Andes Solar III, a 171 MW photovoltaic hybrid plant accompanied by a 171 MW BESS system with a three-hour lifespan, equivalent to 513 MWh. With this addition, AES Andes reported that the Hub reached its current capacity of 692 MW of photovoltaics and 510 MW of storage.
Andes Solar III began commercial operation in April of this year
. Technical data available from the National Electric Coordinator indicates a nominal power of 171 MW for the photovoltaic plant and 171.3 MW / 513 MWh for the battery system.
The Hub is located in the Antofagasta region, at approximately 2,800 meters above sea level, and its development has accumulated an investment of over US$1.3 billion. The complex is also linked to the Andes Substation, a transmission node in the north of the country connected to InterAndes, the electrical interconnection between Chile and Argentina.
One of the details now provided by the Ministry of National Assets is that the facilities occupy 1,181 hectares of state-owned land, granted through six lucrative concessions. The Minister of National Assets, Catalina Parot, participated in the inauguration and highlighted the use of state assets to enable investments in energy infrastructure.
The development of the Hub has been carried out in stages. In July 2023,
Andes Solar IIb, a 180 MW photovoltaic plant, began operations, along with a 112 MW
, five-hour lithium-ion battery storage system supplied by Fluence. The facility also includes
10 MW of Maverick technology , developed by the Australian company 5B using prefabricated modular photovoltaic structures.
Testing of this technology at Andes Solar
was reported in 2020.
In October 2024,
Andes Solar IV, with approximately 211 MW of photovoltaic capacity, was added, along with a 130 MW / 650 MWh BESS
. According to documentation from the National Electric Coordinator, the plant is composed of 388,584 Longi modules of 540 W and 545 W and 54 GPTech inverters.
The last expansion was Andes Solar III, mentioned earlier.
The Ministry of National Assets indicates that there are currently 243 active concessions in Chile, 97.5% of which are concentrated in the northern macrozone. About 65% of the revenue generated through these concessions is transferred to regional governments.
According to the same ministry, Chile has 27,100 MW of installed renewable capacity, of which 9,595 MW are located on state-owned land. The ministry also plans to auction approximately 32 new state-owned properties in the Tarapacá and Antofagasta regions for investment projects, with the bidding process originally scheduled to begin by the end of 2026.",full,,dom_or_structured_full_text,https://www.pv-magazine.com/2026/08/18/aes-andes-inaugurates-510-mw-solar-plus-storage-complex-in-chile/,pv magazine,综合新能源,光伏、氢能、储能,2026-08-18T22:26:44+00:00,零碳产业 > 能量循环 > 能源测 > 发电技术 > 光伏,零碳产业,光伏,"[{""path"":[""零碳产业"",""能量循环"",""能源测"",""发电技术"",""光伏""],""path_text"":""零碳产业 > 能量循环 > 能源测 > 发电技术 > 光伏"",""confidence"":0.93,""reason"":""核心是智利大型光伏加储能综合体的投运。""},{""path"":[""零碳产业"",""能量循环"",""能量存储"",""电化学储能"",""二次电池"",""锂电池""],""path_text"":""零碳产业 > 能量循环 > 能量存储 > 电化学储能 > 二次电池 > 锂电池"",""confidence"":0.75,""reason"":""项目包含510 MW电池储能系统，是新闻核心组成部分。""}]",classified,2026-08-18T23:00:45.171583+00:00,glm-5.2,2026-08-14,
"As Europe overheats, solar module prices cool down - pv magazine Global",2026-08-18,"Markets & Policy
Europe’s record heat is driving up electricity demand while renewable energy deployment remains constrained by policy uncertainty. Solar module prices are broadly stable, with oversupply putting pressure on prices even as installers’ order books remain strong.
Martin Schachinger, pvXchange.com
18 Aug 2026
Markets & Policy
One heatwave follows another, with new temperature records being set across Europe. Forests are burning and rivers are drying up, even in temperate climate zones. What until recently sounded like dystopia from a mediocre science fiction novel has, this summer, become a bitter reality. Europe is feeling the consequences of climate change.
As a result, demand for air conditioning systems and heat pumps capable of providing cooling is rising sharply. This is driving up electricity demand among households, public buildings, and commercial and industrial consumers. High energy costs are a growing concern, particularly as conventional energy supplies based on coal, gas and nuclear power come under pressure globally because of high temperatures and ongoing crises.
The obvious response would be to accelerate the energy transition and make renewable power generation a top priority. Yet governments remain largely silent, offering short-term measures to mitigate the effects of climate change without addressing the bigger picture. Against this backdrop, it is hardly surprising that demand for photovoltaic systems, while not declining, is not growing exponentially either. There are even indications that stagnant solar module sales are largely attributable to “pull-forward effects”: buyers in various regions anticipate a significant deterioration in investment and installation conditions next year, or possibly as early as the fourth quarter of this year.
Nevertheless, module prices have changed little, with some segments even seeing renewed declines. Production surpluses need to be cleared, putting pressure on market prices, particularly for modules intended for large rooftop systems and ground-mounted projects. In the index, these products are primarily represented by the “Mainstream” price category.
However, the basis for data collection had to be adjusted this month. Continued improvements in module efficiency meant that the previous 23% efficiency threshold separating the “Mainstream” and “High Efficiency” categories left almost no price points in the former. The dividing line has therefore been raised to 23.5% efficiency. For small-scale system modules, this corresponds to a nominal output of approximately 470 W. For utility-scale modules, the new threshold places modules above 635 W or 730 W, depending on the form factor, in the “High Efficiency” category.
As a result of the redefinition, modules with efficiencies below 23.5% have shifted from one category to the other, slightly skewing the reported price trends. Lower-efficiency products are typically offered at lower prices than higher-efficiency modules. Without this adjustment, the August price for high-efficiency modules would have remained at the previous month’s level, while less-efficient products would have shown a slight decline.
According to manufacturers, however, module prices are unlikely to fall much further this year for the reasons outlined above. Whether this forecast proves accurate depends, at least in Germany, on developments surrounding the new renewable energy law – EEG 2027 – and the “Grid Package” (Netzpaket) following the summer recess.
Numerous associations have already lodged complaints and called for extensive revisions to the draft legislation. Resistance has also emerged within the governing coalition, particularly among state premiers from federal states with large numbers of renewable energy installations and industrial companies active in the photovoltaic and wind sectors. If the federal government implements the measures outlined in the draft legislation without significant changes, it could lead to substantial job losses, reminiscent of the situation under then-Federal Economics Minister Peter Altmaier (CDU) in the early 2010s.
Uncertainty over the future of EEG is prompting some market participants to adopt a “wait-and-see” approach, while others are rushing to act. As a result, many installers’ order books remain well filled for the time being. How long this surge in demand for photovoltaic systems and energy storage will last, even through the holiday season, depends on how quickly subsidy-free business models gain traction.
Many installations are already financially viable without statutory feed-in tariffs. Mid-sized photovoltaic systems, however, often still rely on the EEG in its current form, at least as a fallback option. A sensibly designed transitional solution could significantly ease the situation — or so the industry hopes.
The USA and India are further regions where “pull-forward” effects—purchases made in anticipation of future changes—are influencing demand, and consequently module availability and pricing. In early August, the US government imposed minimum import prices and additional tariffs on polysilicon and other photovoltaic products from China, set to take effect on December 4, 2026. In the short term, this is triggering increased stockpiling and a resulting outflow of material specifically to that region. Similar moves to tighten existing domestic industry protection measures are also being reported from India; this, too, could lead to a rapid surge in imports from China and, consequently, localized supply shortages. The remainder of the year promises to be eventful, likely holding a few surprises in store for us—and not just regarding further weather-related volatility.
Overview of module price levels by technology for August 2026, including monthly changes (as of August 14, 2026):
About the author:
Martin Schachinger
has studied electrical engineering and has been active in the field of photovoltaics and renewable energy for almost 30 years. In 2004, he set up the pvXchange.com online trading platform. The company stocks standard components for new installations and solar modules and inverters that are no longer being produced.
The views and opinions expressed in this article are the author’s own, and do not necessarily reflect those held by
pv magazine",full,,dom_or_structured_full_text,https://www.pv-magazine.com/2026/08/18/as-europe-overheats-solar-module-prices-cool-down/,pv magazine,综合新能源,光伏、氢能、储能,2026-08-18T22:26:46+00:00,零碳产业 > 能量循环 > 能源测 > 发电技术 > 光伏,零碳产业,光伏,"[{""path"":[""零碳产业"",""能量循环"",""能源测"",""发电技术"",""光伏""],""path_text"":""零碳产业 > 能量循环 > 能源测 > 发电技术 > 光伏"",""confidence"":0.92,""reason"":""核心事件是欧洲光伏组件价格与市场供需分析。""}]",classified,2026-08-18T23:00:45.171583+00:00,glm-5.2,2026-08-14,
Hertha Metals reaches 99.95% iron purity for US based rare-earth magnet production,2026-08-18,"Hertha Metals has produced high-purity iron at 99.95 percent (3N5) using fully domestic US inputs. High-purity iron makes up roughly 70 percent by weight of neodymium magnets used in electric vehicles, wind turbines, and defense systems. Interestingly, a Texas-based startup has become the first U.S. company to achieve 3N5 purity domestically. It meets the strict purity standards set by leading rare-earth magnet producers. The development hits the market at an opportune time. Come January 1, 2027, strict Department of Defense mandates will bar Chinese-origin magnets and constituent materials from US defense platforms. Defense contractors, EV makers, and wind turbine builders are rushing to qualify non-Chinese suppliers before the deadline. “High-purity iron is one of the least visible materials behind the magnets that power everything from electric vehicles to defense systems, and today almost none of it is made in America,” said Laureen Meroueh, CEO and founder of Hertha Metals. “We’ve now demonstrated that we can produce magnet-grade iron domestically, creating a new pathway to build a domestic supply chain.” Single-step process Steel and its byproduct, high-purity iron, are foundational to modern industry, defense systems, and clean technology. Despite their importance, the US is dependent on foreign supply chains, importing 25 percent of its finished steel and over 90 percent of its high-purity iron, primarily from China. Although recycled scrap covers a portion of American steel production, scrap supplies are limited and contain impurities that prevent its use in advanced steel grades. As a result, meeting growing demand requires producing new “virgin” steel, but current domestic manufacturing still depends on a centuries-old, coal-based process that is both costly and accounts for industrial emissions . Hertha cleared the technical bar to become a lower-cost domestic supplier by controlling key chemical and metallic impurities on commercial-grade equipment. Typical ultra-pure iron production requires multi-step electrolytic refining, but Hertha achieves 99.95 percent (3N5) purity in a single continuous pyrometallurgical step with minimal post-processing. The pyrometallurgical process removes oxygen, carbon, nitrogen, phosphorus, sulfur, and metallic impurities in a single continuous step at a lower cost. Cutting emissions and scaling The company isn’t lingering at the proof-of-concept phase. Having already proven its process at a one-ton-per-day demonstration scale, Hertha is shifting gears toward commercial production at its upcoming facility, Chalyx. Groundbreaking is slated for later this year. “Hertha already operates a demonstration-scale facility in Conroe, Texas, producing at a ton-per-day capacity and refining its process using commercial-grade equipment. The company is now prepared on both quality and process to supply magnet manufacturers with cost-effective and domestic high-purity iron , starting with Chalyx, which breaks ground later this year,” the company stated. The upcoming Chalyx facility will be able to scale initial commercial capacity to approximately 9,000–10,000 metric tons per year, with long-term goals targeting 500,000 tons annually. As per the company, it’s flexible-fuel furnace can process low-purity ores (<60%), iron ore fines, and millscale waste, unlocking vast domestic reserves while slashing raw material costs. Operating on abundant natural gas, the system is 30 percent more energy -efficient than standard steelmaking and cuts emissions by at least 50 percent. It can also transition to clean hydrogen with zero hardware modifications, enabling up to a 98 percent reduction in total emissions.",full,,rss_full_content,https://interestingengineering.com/innovation/us-firm-hits-99-95-purity-as-race-to-replace-chinese-origin-magnets-escalates,interesting engineering,综合科技,无,2026-08-18T22:26:53+00:00,零碳产业 > 物质循环 > 无机物 > 黑色金属 > 钢铁,零碳产业,钢铁,"[{""path"":[""零碳产业"",""物质循环"",""无机物"",""黑色金属"",""钢铁""],""path_text"":""零碳产业 > 物质循环 > 无机物 > 黑色金属 > 钢铁"",""confidence"":0.85,""reason"":""核心是美国企业以低碳工艺生产高纯铁用于钕磁体，属铁冶金与低碳炼铁。""}]",classified,2026-08-18T23:00:45.171583+00:00,glm-5.2,2026-08-14,
10 minerals the world needs to secure its high-tech future,2026-08-18,"The world’s most advanced machines depend on materials most people rarely hear about. A pinch of gallium can affect a radar system, a tantalum capacitor can determine whether a satellite works reliably, and a shortage of copper can delay an entire data center. That is what makes the next technology race so unusual: countries may have the software, capital and engineering talent to build something, yet still lack the minerals needed to manufacture it. Here are 10 materials quietly shaping everything from electric cars and power grids to robots, weapons and space systems. 1. Copper: The metal carrying the electric age Wikimedia Commons Copper is hardly exotic, but no other mineral on this list touches as many parts of the modern economy. Power lines, transformers, electric motors, charging stations, renewable-energy projects and data centers all need it. The International Energy Agency (IEA) expects copper demand to rise by about 7 million tonnes by 2040. Based on projects currently planned, the world could face a supply deficit of approximately 25% by 2035. The difficulty is not merely finding copper. New mines can take years to permit and build, while declining ore grades mean companies must process more rock to recover the same amount of metal. 2. Lithium: The mineral inside the battery boom Wikimedia Commons Lithium powers electric vehicles, smartphones, laptops, drones and grid-scale storage systems. The IEA expects demand for it to more than triple by 2040 under its stated-policy scenario. Australia is a major miner, while Chile, Argentina and China supply lithium chemicals and other processed materials. Sodium-ion and other battery chemistries could reduce pressure in some markets, but lithium remains deeply embedded in global battery manufacturing. 3. Graphite: The battery material hiding in plain sight Wikimedia Commons Lithium receives most of the attention, yet conventional lithium-ion batteries also depend on graphite. The material forms the anode, where lithium ions are stored while the battery charges. Several countries possess natural graphite deposits, but producing battery-grade material requires purification, shaping and coating. China dominates much of this processing, meaning another country’s mine cannot immediately replace disrupted Chinese supply. 4. Cobalt: High performance with a human cost Wikimedia Commons Cobalt improves the stability, energy density and lifespan of certain batteries. It is also used in jet-engine superalloys, cutting tools and components expected to survive extreme temperatures. Most mined cobalt comes from the Democratic Republic of the Congo, while China plays a large role in refining it. Reports of child labor, unsafe artisanal mines and pollution have made cobalt one of the technology industry’s most controversial materials. Battery makers are reducing cobalt use where possible, but aerospace and other demanding applications cannot always trade performance for lower cost. 5. Nickel: More range, more environmental pressure Wikimedia Commons Nickel helps some electric-vehicle batteries store more energy without becoming excessively heavy. It also remains essential for stainless steel, gas turbines, chemical equipment and aerospace superalloys. Indonesia has driven much of the recent growth in nickel production and processing. That expansion has brought concerns over deforestation, marine pollution, mining waste and the use of coal-powered processing facilities. 6. Rare earths: The magnets that make machines move Rare earths are a group of 17 elements, although only a handful are central to advanced machines. Neodymium, praseodymium, dysprosium and terbium help produce compact permanent magnets used in EV motors, wind turbines, robots, drones and missile-guidance systems. The real bottleneck comes after mining. Separating rare earths, turning them into metals and manufacturing high-performance magnets requires an industrial chain that China has spent decades building. The IEA estimates that China’s share of rare-earth refining fell from more than 90% in 2023 to 85% in 2025. That remains enough concentration for export restrictions to ripple through automotive, energy and defense industries. 7. Gallium: A small metal with oversized influence Wikimedia Commons Gallium helps create gallium nitride and gallium arsenide, semiconductor materials used in radar, satellites, 5G equipment, LEDs and efficient power electronics. These compounds can perform better than silicon in certain high-frequency and high-power applications. Gallium is usually recovered as a by-product while processing other metals, making supply difficult to expand quickly. A US Geological Survey analysis found that China accounted for as much as 98% of global gallium production in 2023. 8. Germanium: Helping machines communicate and see Wikimedia Commons Germanium supports fibre-optic networks, infrared cameras, night-vision equipment, satellite solar cells and thermal-imaging systems. Its value comes from serving civilian communications and military sensing at the same time. Like gallium, germanium is generally recovered as a by-product rather than extracted from dedicated mines. Disruption at a small number of processing facilities can therefore affect several industries at once. 9. Tungsten: The metal behind the tools Wikimedia Commons Tungsten has the highest melting point of any metal and can retain strength under punishing conditions. It is used in cutting tools, drilling equipment, aerospace parts, furnaces and defense systems. Its importance extends beyond products containing tungsten. Factories rely on tungsten-carbide tools to cut and shape steel, titanium and other difficult materials, making it a quiet enabler of modern manufacturing. The IEA reported that tungsten prices increased sixfold during 2025 and early 2026 amid export controls and stronger demand. 10. Tantalum: Tiny components, serious consequences Wikimedia Commons Tantalum is best known for capacitors that store electrical charge inside remarkably small spaces. They appear in smartphones, servers, medical implants, cars, aircraft and military electronics. Its market is small, but that does not make it unimportant. A missing capacitor can hold up a sophisticated machine worth millions of dollars, while conflict and governance concerns complicate sourcing from parts of Central Africa. The technology race starts below ground The world is unlikely to run out of all 10 minerals at once, but that is not the danger governments are preparing for. The greater risk is losing access to one difficult-to-replace material and discovering that an entire factory, grid project or defense program cannot proceed without it. Owning a deposit will not be enough, because technological power comes from mining, refining and manufacturing working together. The countries that connect those stages – and recover more material through recycling – will have far greater control over what the world can build next.",full,,rss_full_content,https://interestingengineering.com/lists/10-minerals-the-world-needs-to-secure-its-high-tech-future,interesting engineering,综合科技,无,2026-08-18T22:26:53+00:00,零碳产业 > 物质循环 > 无机物 > 有色金属 > 其它有色金属产业,零碳产业,其它有色金属产业,"[{""path"":[""零碳产业"",""物质循环"",""无机物"",""有色金属"",""其它有色金属产业""],""path_text"":""零碳产业 > 物质循环 > 无机物 > 有色金属 > 其它有色金属产业"",""confidence"":0.8,""reason"":""综述高科技所需关键矿物（镓、钽、稀土等）的供应与冶炼加工。""}]",classified,2026-08-18T23:00:45.171583+00:00,glm-5.2,2026-08-14,
U.S. Air Force to use DJI drones as targets at Minuteman III ballistic missile base,2026-08-18,"The U.S. Air Force is seeking to buy Chinese-made DJI drones for counter-drone training at F.E. Warren Air Force Base in Wyoming, home to part of America’s Minuteman III intercontinental ballistic missile force. The unusual procurement is being pursued by the 90th Missile Security Operations Squadron, which is responsible for security across the missile field and supports counter-small-unmanned-aircraft operations. The Air Force wants to use commercially available DJI aircraft as realistic targets so personnel can practice detecting and defeating the kinds of drones they could encounter around the base. According to procurement documents reported by Stars and Stripes , the service is seeking two refurbished DJI Mavic 2 Pro drones, two Mini 3 Pro drones and two Avata 2 systems, along with six payload-release devices and associated equipment. The selection of DJI is deliberate. The Air Force’s justification says DJI accounts for an estimated 80% to 85% of the global commercial drone market and that its aircraft have proprietary radio-frequency signatures, communications protocols and flight characteristics that cannot simply be reproduced by another manufacturer’s drone or a computer simulation. That makes the procurement less about acquiring Chinese technology for operational use and more about training against a specific and widely available threat. Why DJI? Small commercial drones have become an increasingly important security concern for military installations. A 2025 Air Force research program noted 350 reported drone incursions over more than 100 U.S. military installations during 2024, highlighting the scale of the counter-UAS challenge. F.E. Warren is a particularly sensitive location. The base hosts Minuteman III ICBMs, while the 90th Missile Security Operations Squadron supports security of the missile field and counter-small-UAS operations. The Air Force has also been expanding dedicated counter-drone training at the installation and elsewhere across its nuclear missile enterprise. The planned DJI aircraft would therefore serve as realistic training targets for systems and personnel tasked with protecting the missile infrastructure. The procurement comes despite Washington’s restrictions on Chinese-made drones. A July 2025 Pentagon memorandum, “Unleashing U.S. Military Drone Dominance,” emphasized a preference for domestically manufactured drones while also directing the military to train against modern drone threats. The Air Force’s procurement documents cited by Stars and Stripes say the unit can acquire limited quantities of foreign-made drone equipment for electronic-warfare testing, training and counter-drone development. Keeping the Chinese drones isolated The Air Force also plans to modify the aircraft before they are used. According to the procurement justification, the drones will be loaded with RIZER software, creating an air-gapped configuration intended to prevent data from being transferred to foreign entities or sensitive U.S. military networks. That allows personnel to train against the physical aircraft, radio-frequency characteristics and flight behavior of DJI systems while attempting to isolate the drones from external data connections. The procurement also comes as DJI continues to challenge its designation by the U.S. Department of Defense as a “Chinese military company.” In August, a U.S. appeals court ordered a lower court to reconsider part of the case concerning the basis for DJI’s designation. The Pentagon nevertheless continues to list DJI as a designated Chinese military company; a June 2026 Federal Register notice again included Shenzhen DJI Technology Co. Ltd. on the list. The planned purchase at F.E. Warren illustrates the unusual balance facing military counter-drone units. The most useful training target may be a commercial aircraft that the U.S. military would not normally want to procure for operational use. For the personnel protecting America’s ICBM infrastructure , however, accurately reproducing the drones they may have to defeat could be considered more valuable than simply training against a substitute.",full,,rss_full_content,https://interestingengineering.com/military/dji-drones-protect-minuteman,interesting engineering,综合科技,无,2026-08-18T22:26:53+00:00,国防与安全科技 > 国防装备 > 武器与防御系统,国防与安全科技,武器与防御系统,"[{""path"":[""国防与安全科技"",""国防装备"",""武器与防御系统""],""path_text"":""国防与安全科技 > 国防装备 > 武器与防御系统"",""confidence"":0.9,""reason"":""核心是美军采购无人机作为反无人机训练靶标，属防御系统训练采购。""}]",classified,2026-08-18T23:00:45.171583+00:00,glm-5.2,2026-08-14,
"Chinese EV completes 360° tunnel loop at 80.7 mph, uncut footage answers skeptics",2026-08-18,"Chinese automaker Voyah has completed a dramatic 360-degree tunnel loop with its new Passion S EV, drawing attention to the stunt’s authenticity. The automaker, the luxury subsidiary of Chinese state-owned automaker Dongfeng Motor Corporation, released footage showing the vehicle driving through the full inverted loop without visible cuts or special effects. The stunt follows an earlier failed attempt in which a camouflaged Passion S prototype fell from the tunnel ceiling. The crash footage added weight to Voyah’s claim that the loop was performed using a real vehicle rather than created digitally. EV defies gravity Voyah has recreated one of the most famous automotive stunts by driving its electric Passion S through a full 360-degree loop inside a test tunnel in Wuhan, China. The stunt echoes a 2010 Mercedes-Benz SLS AMG commercial featuring Michael Schumacher, but Voyah says its version was performed by a production-spec vehicle in a single continuous run without CGI or special effects. The Passion S entered the curved tunnel at roughly 80.7 mph (130 km/h) while maintaining a steering angle of about 16 degrees. The carefully calculated combination of speed, steering input, and tunnel radius generated enough centripetal force to keep the vehicle pressed against the tunnel surface as it traveled up the wall, across the ceiling, and back down, reports Motor1 . The physics leave little room for error. If the vehicle slows significantly below the required speed, the normal force between its tires and the tunnel surface decreases, increasing the risk of losing contact. Voyah therefore had to establish a precise operating window that allowed the heavy electric crossover to maintain sufficient grip throughout the loop. The stunt also highlights several characteristics of modern EVs . The Passion S uses dual-motor all-wheel drive, with the higher-performance version producing 637 horsepower and 765 Nm of torque. Its battery pack is mounted low in the vehicle, lowering the center of gravity, while electronic traction and stability systems can precisely manage power delivery during the maneuver. Voyah’s uncut proof Voyah claims the vehicle retained its production configuration for the stunt, including its full battery and smart-driving hardware. The company also released uncut footage showing the complete maneuver from entry to exit in an effort to counter skepticism over whether the stunt was genuine. That skepticism is partly rooted in the stunt Voyah chose to recreate. The original Schumacher SLS AMG tunnel sequence became famous after its 2010 release, but viewers have long debated whether the footage involved computer-generated imagery or other production techniques. Voyah faced similar doubts after publishing footage of its Passion S completing the loop. To reinforce its claims, the company highlighted a separate failed attempt involving a camouflaged prototype that fell from the tunnel ceiling. The footage suggested that the company had physically attempted the maneuver and was willing to risk prototype vehicles during testing, reports Autonext . According to experts, the Passion S loop is therefore as much a demonstration of vehicle control as it is a marketing exercise. By combining precise speed and steering control with an electric powertrain capable of rapid torque delivery, Voyah has shown that a production electric crossover can perform a stunt once associated with a high-performance sports car. The company launched the Passion S in China on August 15, with prices starting at 229,900 yuan ($33,800) and reaching 279,900 yuan ($41,200) across three trims. The tunnel stunt gives the new EV an attention-grabbing introduction while showcasing the capabilities of modern EV engineering.",full,,rss_full_content,https://interestingengineering.com/transportation/chinese-ev-completes-360-tunnel-loop-at-80-7-mph-uncut-footage-answers-skeptics,interesting engineering,综合科技,无,2026-08-18T22:26:53+00:00,通用技术 > 通信和运输 > 陆路运输,通用技术,陆路运输,"[{""path"":[""通用技术"",""通信和运输"",""陆路运输""],""path_text"":""通用技术 > 通信和运输 > 陆路运输"",""confidence"":0.9,""reason"":""核心事件是电动汽车完成360度隧道环道特技，展示电动车辆动力性能，属于汽车电动化领域。""}]",classified,2026-08-18T23:00:52.534776+00:00,glm-5.2,2026-08-14,
Supercomputer simulations unravel mystery of chaos in dusty plasma,2026-08-18,"Researchers at the Indian Institute of Technology (IIT) Jammu along side their colleagues at IIT Kanpur used supercomputer simulations to understand the microscopic roots of chaos in specialized state of matter called dusty plasma. The study required tracking of millions of individual particles shedding light on turbulence and opening up new avenues of research in nuclear fusion and astronomy. Basic school science teaches us that matter exists in three states, solids, liquids and gas. However, a fourth state of matter also exists, called plasma, where the smallest unit of matter, the atom is split from the electrons or negatively charged particles that orbit around its positively charged nucleus. The result is a soup of positively charged nuclei surrounded by negatively charged electrons. When tiny grains of solid dust are added to the mix, they pick up the negative charge of the electrons and interact with each other. This is called dusty plasma. When such plasma is strongly coupled, the dust grains can’t fly past each other instead behave like elastic rubber. The grains also create complex swirling patterns that turns this motion into heat, resulting in chaos or turbulence. This can be a major drawback in nuclear fusion reactors, as it prevents them from reaching temperatures necessary for energy production. Types of chaosThe Indian researchers focused two types of chaos typically seen in fluids, the Kelvin-Helmholtz instability and the Rayleigh-Taylor instability. The Kelvin-Helmholtz instability is when two layers of fluids slide past each other at different speeds, much like wind blowing over the sea. In Rayleigh-Taylor instability, the two fluid layers sit on top of each other, with the heavier one sitting on top of the lighter one. The researchers turned to a molecular dynamics tool called Large-scale Atomic/Molecular Massively Parallel Simulator (LAMMPS) that can track every single particle in the dusty plasma and identify the moment when large swirling energy of a vortex begins to jiggle away into microscopic movements of individual particles. The researchers found that energy flow follows a mathematical pattern before setting into a thermal equilibrium and stronger the coupling between dust particles, slower is the process. In strongly coupled states, the delay in heating and mixing causes the plasma to behave like elastic turbulence. Why this study mattersTraditional fluid equations like the Navier-Stokes equations do not take the graininess of matter into account and cannot accurately predict how energy is lost at the smallest scales in complex systems. Using LAMMPS simulator, the team was successful in recovering continuum behavior from the chaotic behavior of billions of individual particles, thereby helping bridge the gap between microscopic particle physics and macroscopic fluid dynamics. Bridging this gap cannot not only help solve nuclear fusion and our quest for clean energy, it also helps us understand our universe a little better. Rayleigh-Taylor instabilities are central to supernova explosions as well as volcanic eruptions and this study will help astronomers and geophysicists alike in predict how energy moves through these systems. The researchers also point out the limitations of their work, since the simulations were conducted in two-dimensions, even though most phenomena in the world are three-dimensional. Even as dusty plasma at small scales organizes itself in two dimensions, the researchers plan to carry to out 3D simulations in the future. The research findings were published in the journal Philosophical Transactions A.",incomplete,public_preview_only,public_preview,https://interestingengineering.com/science/scientists-map-chaos-dusty-plasma-supercomputers,interesting engineering,综合科技,无,2026-08-18T22:26:55+00:00,基础科学与环境 > 物理与化学基础研究,基础科学与环境,物理与化学基础研究,"[{""path"":[""基础科学与环境"",""物理与化学基础研究""],""path_text"":""基础科学与环境 > 物理与化学基础研究"",""confidence"":0.92,""reason"":""核心是利用超级计算模拟研究尘埃等离子体中混沌的微观机理，属于等离子体物理基础研究。""}]",classified,2026-08-18T23:00:52.534776+00:00,glm-5.2,2026-08-14,
Why humanoid robots may not replace industrial robots in factories,2026-08-18,"The humanoid robot has become the new face of factory automation. It can walk between workstations, pick up components, and potentially operate equipment originally designed for people.Yet, away from the carefully edited demonstrations, conventional industrial robots continue to perform most automated factory work. This raises a less glamorous but more important question: Will factories be transformed by human-shaped machines, or by increasingly capable versions of the robots they already use?The answer depends on what manufacturers need. Humanoids promise flexibility, but industrial robots offer something factories value even more: proven productivity.Industrial robots already have a formidable leadIndustrial robots do not need to wait for their breakthrough moment. It happened decades ago.Factories installed 542,000 industrial robots in 2024, while the number operating worldwide reached approximately 4.66 million, according to the International Federation of Robotics. Annual installations have exceeded 500,000 for four consecutive years.That installed base has created an ecosystem of manufacturers, software developers, component suppliers, safety specialists and maintenance technicians. Companies know how to calculate the return on a robotic arm used for welding, painting, palletizing or assembly.Purpose-built robots also have a mechanical advantage. A fixed arm does not need to walk, balance, or understand an entire factory. It only has to perform a defined movement quickly and accurately, sometimes thousands of times a day.When a production task rarely changes, specialization beats versatility. A machine optimized for one operation will usually be faster, more reliable, and easier to maintain than a general-purpose humanoid.Collaborative robots are also weakening one of the main arguments for humanoids. These machines can work closer to people and be reprogrammed for different tasks. Cobots represented 10.5% of industrial robot installations in 2023, the IFR reported.Humanoids, therefore, are not competing against yesterday’s factory robots. They are competing against an established technology that is becoming safer and more adaptable.Humanoids could automate the gapsIndustrial robots are effective when factories can organize work around them. The calculation changes when manufacturers cannot justify rebuilding a production line for one difficult or irregular task.Factories are filled with stairs, carts, shelves, tools and workstations designed for the human body. A humanoid could enter these environments without requiring new conveyors, protective cages or major structural changes.The same robot might also perform several jobs. It could deliver components, tend a machine and inspect parts at different points during a shift. If manufacturers can add abilities through software, one hardware platform could eventually replace several narrowly designed systems. Early deployments show where this opportunity may emerge.Mercedes-Benz is testing Apptronik’s Apollo humanoid for moving components and carrying out initial quality checks. The company is initially concentrating on repetitive intralogistics work rather than core vehicle assembly. In logistics, GXO signed a multiyear agreement with Agility Robotics to deploy Digit. At a Spanx facility, the humanoid moves totes from mobile robots and places them onto conveyors.These are real jobs, but they also reveal the current limits of the technology. Humanoids are beginning with controlled, repetitive material-handling tasks—not roaming factories and independently switching between dozens of operations.The winner will be decided by economicsA humanoid’s humanlike design is useful only when the task requires it. Two legs consume energy and introduce the risk of falling. Dexterous hands add mechanical complexity, while autonomous software must remain dependable throughout production.Battery life presents another hurdle. Agility Robotics said in 2025 that upgrades had extended Digit’s operating time to up to four hours. Continuous factory work may still require charging, battery swaps or multiple robots.Factories ultimately measure machines through output, uptime, safety and cost – not how closely they resemble workers.For that reason, industrial robots will transform factories first. They already operate at scale and remain the better choice for stable, high-volume processes.Humanoids will not sweep them aside. Their opportunity is to automate the spaces between conventional robotic cells: jobs that require mobility, adaptability, and interaction with human-designed surroundings.The future factory will likely use both. Fixed robots will dominate repetitive production, mobile robots will transport goods, cobots will share workstations with people, and humanoids may tackle the stubborn tasks that earlier forms of automation could not reach.",incomplete,public_preview_only,public_preview,https://interestingengineering.com/ai-robotics/humanoid-robots-vs-industrial-robots,interesting engineering,综合科技,无,2026-08-18T22:26:57+00:00,AI与智能科技 > 具身智能 > 硬件和控制,AI与智能科技,硬件和控制,"[{""path"":[""AI与智能科技"",""具身智能"",""硬件和控制""],""path_text"":""AI与智能科技 > 具身智能 > 硬件和控制"",""confidence"":0.88,""reason"":""核心讨论人形机器人与工业机器人在工厂自动化中的本体能力与量产应用对比。""}]",classified,2026-08-18T23:00:52.534776+00:00,glm-5.2,2026-08-14,
California eyes first nuclear power project in 50 years at Long Beach,2026-08-18,"The Port of Long Beach is moving forward with plans to explore small modular reactors (SMRs) that could eventually provide electricity for port operations and ships, potentially bringing a new nuclear power project to California for the first time in five decades.The effort involves Bluecore Energy, a startup developing small nuclear reactors designed to operate on floating barges. The company has leased space at Berth 48 at the Port of Long Beach, where it plans to develop and test its technology. Separately, the port has signed a cooperation agreement with the U.S. Maritime Administration (MARAD) to help establish standards for maritime nuclear power.Bluecore founder and CEO Kofi Asante told CBS News that the company has taken nuclear reactor technology used in power generation and developed a smaller system designed to operate from a barge. The company says one reactor could generate enough electricity to power about 15,000 homes.The proposed system could eventually supply electricity to port terminals, cargo-handling equipment, charging infrastructure and ships. Bluecore has also discussed potential applications for supplying power to other coastal infrastructure.A nuclear reactor on a bargeSmall modular reactors are compact nuclear power systems designed to produce less electricity than conventional large reactors while offering a more modular approach to construction and deployment.Bluecore’s proposed reactor is water-cooled. Like conventional nuclear power systems, the reactor would use heat generated through nuclear fission to produce electricity. The unusual part is where Bluecore wants to put it on a floating barge.That introduces a set of maritime considerations alongside the usual nuclear safety requirements. According to reports, an NRC report identified questions around how maritime nuclear deployments would address hazards including sinking, capsizing and other environmental extremes.The NRC is working on how its existing regulatory framework could apply to maritime nuclear systems, while the Port of Long Beach and MARAD are working with federal agencies including the NRC, U.S. Coast Guard and Department of Energy on operational protocols, safety standards and inspection procedures. MARAD began seeking industry input on U.S.-built, scalable and commercially viable SMRs for the marine transportation system earlier this year.Why Long Beach is interestedThe Port of Long Beach is pursuing zero-emission operations while handling enormous volumes of cargo, creating a growing demand for reliable electricity. Port officials say nuclear power could become one source of the clean, around-the-clock electricity needed as port infrastructure becomes increasingly electrified.The proposed technology also fits into a broader push to investigate how nuclear power could be used in maritime applications. Nuclear reactors have powered naval vessels for decades, while floating nuclear power plants have also been developed internationally. Bluecore’s proposed system, however, would be aimed at commercial applications, rather than military propulsion.The company has said its reactor could eventually provide electricity to ports, ships, data centers and other facilities located near water. For ships, the same basic power-generation system could supply electricity to propulsion systems or onboard equipment.California’s nuclear hurdleThe project is also unfolding against California’s long-standing restrictions on new nuclear power. The state has maintained a moratorium on new nuclear fission reactor construction since 1976, with the policy tied to requirements concerning the long-term disposal of high-level radioactive waste. According to reports, it remains unclear how the restriction could affect Bluecore’s proposed floating reactor.At the federal level, Bluecore has not yet submitted an application to the Nuclear Regulatory Commission for deployment. The company was scheduled to meet with the NRC on August 17 to introduce its reactor design and regulatory plans, according to the Press-Telegram.For now, the Long Beach effort remains at the development and regulatory-planning stage. The port and federal agencies are working to establish the standards and procedures needed for maritime nuclear applications, while Bluecore continues developing its proposed reactor. If the project advances, Long Beach could become an early U.S. test case for using small modular reactors to provide electricity to ports and maritime infrastructure.",incomplete,public_preview_only,public_preview,https://interestingengineering.com/energy/floating-nuclear-power-system-long-beach-port,interesting engineering,综合科技,无,2026-08-18T22:27:00+00:00,零碳产业 > 能量循环 > 能源测 > 发电技术 > 核电,零碳产业,核电,"[{""path"":[""零碳产业"",""能量循环"",""能源测"",""发电技术"",""核电""],""path_text"":""零碳产业 > 能量循环 > 能源测 > 发电技术 > 核电"",""confidence"":0.93,""reason"":""核心是小型模块化反应堆为港口供电的核电项目开发与测试。""}]",classified,2026-08-18T23:00:52.534776+00:00,glm-5.2,2026-08-14,
"US clears 7,800-ton nuclear-powered attack submarine for fleet duty",2026-08-18,"The U.S. Navy has approved the Virginia-class nuclear-powered attack submarine USS Massachusetts for fleet assignments after it finished several months of shakedown trials. Announced on August 17, this decision lets the 377-foot submarine begin operational duties without the planned post-shakedown maintenance.The Navy explained that SSN 798 showed strong condition and combat readiness during tests. By skipping the shipyard period, the submarine can join the fleet sooner, and the Navy’s workforce can focus on other construction and maintenance needs.Trials clear submarine for serviceHII’s Newport News Shipbuilding delivered USS Massachusetts on November 21, 2025, after it passed sea trials. The submarine then spent several months in shakedown operations, testing, and evaluation to check its systems and performance.The submarine was commissioned in Boston Harbor on March 28, 2026. It is the 25th Virginia-class submarine, the seventh Block IV boat, and the 12th Virginia-class submarine delivered by Newport News Shipbuilding.“USS Massachusetts is ready to fight, and that is exactly where we need her, in the hands of our Sailors and available to the Fleet,” said Chief of Naval Operations Adm. Daryl Caudle. “Waiving this availability reflects the exceptional condition of the ship and our determination to deliver combat-ready capability faster. It also allows our shipbuilding workforce to focus its talent and capacity where we need it most, building the next generation of submarines our nation requires.”More time available for missionsThe Virginia class can operate in both shallow coastal waters and deep oceans. Massachusetts is equipped for anti-submarine and anti-surface warfare, intelligence gathering, surveillance, strike missions, special operations, and mine warfare.These submarines employ nuclear power, acoustic stealth, and high-tech sensors so that they can stay underwater for long periods. Their endurance gives commanders a platform that can quietly monitor maritime activity and track other naval forces.“Massachusetts brings unmatched stealth and lethality to the undersea battle force,” said Vice Adm. Rick Seif, Commander, Submarine Forces. “This decision will immediately add combat readiness and capacity to ensure our nation’s ability to dominate and maintain undersea superiority.”Block IV design targets availabilityUSS Massachusetts has a displacement of about 7,800 tons and a 34-foot beam. Its nuclear reactor is built to run for the submarine’s entire planned service life without refueling.As a Block IV submarine, SSN 798 includes updates to reduce major maintenance and boost operational availability. By skipping the post-shakedown maintenance, Massachusetts can focus on starting its operational career.“Waiving a submarine’s post-shakedown availability is an example of driving efficiency, innovation and speed in shipbuilding,” said Vice Adm. Rob Gaucher, Director, Submarine Programs. “While it is a calculated risk, we do it without ever compromising the safety of our sailors or the quality of our submarines. By getting this boat into the fight, we can continue to maintain an absolute advantage in the undersea domain.”Industrial capacity also gets reliefThis decision also affects the U.S. submarine industrial base. The planned shipyard period for Massachusetts would have needed specialized workers, engineering resources, and facility space, which can now be used for other projects.General Dynamics Electric Boat and HII’s Newport News Shipbuilding worked together to build the submarine. Both companies also help produce the Navy’s Virginia-class attack submarines and Columbia-class ballistic-missile submarines.For the fleet, the immediate benefit is greater availability of a modern attack submarine. Massachusetts can now progress toward fleet tasking and training while the Navy continues preparing the wider Virginia-class force for operations.",incomplete,public_preview_only,public_preview,https://interestingengineering.com/military/us-navy-nuclear-uss-massachusetts,interesting engineering,综合科技,无,2026-08-18T22:27:02+00:00,国防与安全科技 > 国防装备 > 武器与防御系统,国防与安全科技,武器与防御系统,"[{""path"":[""国防与安全科技"",""国防装备"",""武器与防御系统""],""path_text"":""国防与安全科技 > 国防装备 > 武器与防御系统"",""confidence"":0.85,""reason"":""核心事件是美国海军核动力攻击潜艇通过试航获准服役，属于军用装备部署。""}]",classified,2026-08-18T23:00:52.534776+00:00,glm-5.2,2026-08-14,
"China completes 53 hot tests on 1,253 MW Haiyang 3 nuclear reactor",2026-08-18,"Before a single grain of uranium goes inside a nuclear reactor, engineers have to make the core feel like it is already splitting atoms. On August 13, engineers performed this initial test at unit 3 of the Haiyang nuclear power plant on China’s eastern coast.Reportedly, the State Power Investment Corporation (SPIC) announced the successful completion of “hot functional testing” at the newly constructed reactor. The milestone moves the unit one step closer to powering homes across Shandong province before the year is out.Unit 3 is a pressurized water reactor with a gross capacity of 1253 MWe. Standard checks prove the hardware works; hot functional tests prove the whole system can handle the heat under real-world pressures.Initial testing of Haiyang 3SPIC said CNNC Fifth Construction Company, a subsidiary of China National Nuclear Corporation, executed the hot functional tests at Haiyang 3. The testing process utilized 11 distinct temperature rise and fall test platforms to simulate real operational conditions and verify system stability systematically.The experts cranked the reactor coolant system to maximum operational temperatures and pressures without using nuclear fuel. The testing phase comprised 53 separate commissioning procedures broken into 308 individual chapters.Most impressively, complex transient checks passed on the first try only. These critical tests included the non-nuclear start-up of the massive steam turbine and main pump coastdown evaluations.The heat was fake, but the performance was real. The successful run follows cold testing completed earlier this spring, where crews pressurized the primary circuit to scrub pipes and test for micro-leaks. Now validated, Haiyang 3 enters its final stretch: nuclear fuel loading and first grid connection, both slated for later this year ahead of full commercial operation in 2027.Haiyang 3 is a CAP1000 reactor. It is said to be China’s localized adaptation of the American Westinghouse AP1000 passive-safety design. First concrete was poured in July 2022, while work on twin unit Haiyang 4 kicked off last year. Once all four existing and under-construction units are operational, the plant will churn out 40 billion kilowatt-hours of electricity every year. That single facility will generate enough juice to power half of Shandong’s roughly 100 million residents.With plans to eventually host six 1,000-megawatt reactors, the Haiyang base stands as a centerpiece in China’s rapid, systematic push toward clean energy dominance.Emission-free alternative Six years ago, the city of Haiyang shifted from coal-fired heating to a zero-emission alternative powered by this nuclear power plant. The facility currently operates two modern pressurized water reactors equipped with advanced safety features. It generates approximately 20 billion kWh of carbon-free electricity annually to supply regional industries while delivering clean thermal heat to surrounding homes.Aside from generating electricity, Haiyang made history by turning its namesake city into China’s carbon-free district heating zone. Surplus steam from the reactors heats water via heat exchangers (with zero radiation contact), replacing 12 local coal-fired boilers and providing energy to over 200,000 homes. Furthermore, the district heating grid has expanded beyond Haiyang to neighboring cities like Rushan and Qingdao. Once all units are live, the heating network aims to cover 200 million square meters (about 2.15 billion square feet), benefiting up to 5 million people.",incomplete,public_preview_only,public_preview,https://interestingengineering.com/energy/chinas-haiyang-nuclear-unit-clears-safety-milestone,interesting engineering,综合科技,无,2026-08-18T22:27:05+00:00,零碳产业 > 能量循环 > 能源测 > 发电技术 > 核电,零碳产业,核电,"[{""path"":[""零碳产业"",""能量循环"",""能源测"",""发电技术"",""核电""],""path_text"":""零碳产业 > 能量循环 > 能源测 > 发电技术 > 核电"",""confidence"":0.95,""reason"":""核心是海阳3号压水反应堆完成热态功能测试，属核电工程建设里程碑。""}]",classified,2026-08-18T23:00:52.534776+00:00,glm-5.2,2026-08-14,
Urine-derived urea helps make key chemical used in EV batteries,2026-08-18,"Researchers at the University of Adelaide have developed an electrochemical method that can turn urea into hydrazine, a chemical used in industries ranging from pharmaceuticals to rocket propulsion. The study could offer a lower-impact approach to producing hydrazine while creating a use for urea-rich waste.The team from the university’s School of Chemical Engineering used electricity and sodium chloride to drive the conversion. Their approach also worked with several urea sources, including pure urea, urea-rich wastewater and human urine.A cleaner route to hydrazineHydrazine is an important industrial chemical and is also being explored for energy applications, including fuel cells and systems designed for long-duration space missions. However, conventional manufacturing methods can require hazardous chemicals and significant amounts of energy.“Hydrazine is industrially synthesized from ammonia or a derivative, urea, created through an established method,” lead author Dr Pengtang Wang said.“These methods have been developed and employed for decades, but they rely on other hazardous chemicals and use a great deal of energy, which makes it costly and environmentally challenging. Developing a new and mild alternative to this conventional process would represent an important step towards greener and more economical hydrazine production.”The researchers designed an electrochemical process that uses electricity to initiate the chemical conversion under relatively mild conditions.Salt helps trigger the reactionUrea was selected as the starting material because it is widely available, including in human urine. The researchers say this could create an opportunity to recover a useful chemical from a readily accessible waste stream.“Urea was chosen as the feedstock because it is abundant in human urine,” he revealed.“Turning this readily available resource into hydrazine could provide a potential pathway for fuel production, including applications in fuel cells and long-duration space missions. Sodium chloride helps drive the reaction by generating adsorbed chlorine species on the electrode surface.”“These chlorine species react with urea to form N-chlorourea, which is then converted into hydrazine through a simple hydrolysis process.”The process therefore uses sodium chloride as part of the reaction pathway while electricity supplies the energy needed to drive the conversion.Process works with waste urea.Testing showed that the technique could achieve high-yield hydrazine production. Its performance was also demonstrated using different urea feedstocks, suggesting the method could potentially handle materials beyond purified laboratory-grade urea.Using wastewater and urine as feedstocks could be particularly useful if the process can eventually operate efficiently at larger scales. It could combine waste treatment with chemical production, although further engineering work is needed before such applications become practical.The researchers caution that the current system still faces technical and economic limitations. These include salt accumulation and the energy required to isolate the hydrazine product after the reaction.More work needed before scale-up“Although this electrochemical strategy enables efficient urea-to-hydrazine conversion, practical engineering challenges and associated cost bottlenecks, including salt accumulation and energy consumption required for product isolation, remain to be addressed,” Wang added.He further mentioned that the researchers will focus on lowering costs, simplifying product separation, improving continuous operation, and developing more practical reactor designs. They believe these advances could help establish a sustainable route for hydrazine production powered by renewable electricity.If those challenges can be resolved, the researchers believe renewable electricity could eventually power a different approach to hydrazine manufacturing while helping turn urea-containing waste into a valuable chemical feedstock. The study was published in the journal Nature Synthesis.",incomplete,public_preview_only,public_preview,https://interestingengineering.com/energy/electricity-urine-derived-urea-hydrazine,interesting engineering,综合科技,无,2026-08-18T22:27:07+00:00,零碳产业 > 物质循环 > 有机物（碳循环） > 有机工业 > 电化学过程 > 有机电合成,零碳产业,有机电合成,"[{""path"":[""零碳产业"",""物质循环"",""有机物（碳循环）"",""有机工业"",""电化学过程"",""有机电合成""],""path_text"":""零碳产业 > 物质循环 > 有机物（碳循环） > 有机工业 > 电化学过程 > 有机电合成"",""confidence"":0.93,""reason"":""核心事件是用电化学方法将尿素转化为肼，属于电催化合成有机化学品。""}]",classified,2026-08-18T23:01:00.322096+00:00,glm-5.2,2026-08-14,
Humanoid robots could get 30% lighter joints with new plastic tech,2026-08-18,"Humanoid robots are driving demand for lighter and more efficient components as manufacturers seek to improve performance and operating endurance.To meet this need, U.S.-based Celanese Corporation and China-based Vigor Precision have partnered to develop lightweight plastic joint solutions for humanoid robots.The companies aim to use high-performance materials to reduce the weight of joint components by more than 30 percent compared with traditional metal designs.Recently, Harvard researchers developed a mathematical framework to optimize rolling contact joints, potentially enabling more capable grippers, personalized assistive devices, and agile, animal-like robots.Lighter plastic jointsHumanoid robot joints are emerging as a key area for materials innovation as manufacturers look for ways to make robots lighter, stronger, and more efficient. To address these demands, Celanese and Vigor are partnering to develop high-performance plastic solutions for robotic joint components, with the companies targeting weight reductions of more than 30 percent compared with conventional metal designs.The partnership focuses on replacing or reducing the use of traditional metal components with advanced engineered plastics capable of handling the demanding operating conditions found in humanoid robots. These joints must withstand rapid starts and stops, high-frequency reciprocating movements, and complex loads while maintaining precise motion over extended periods.Under the agreement, Celanese will provide customized material solutions based on Vigor’s technical requirements. The companies will focus on materials that combine high strength and rigidity with resistance to elevated temperatures and thermal degradation. Other priorities include precision transmission, self-lubricating performance, dimensional accuracy and extreme lightweighting.Self-lubricating materials could be particularly valuable in robotic joints because they can reduce friction and wear between moving components while limiting the need for additional lubrication. This could help improve reliability and reduce maintenance requirements in robots operating through repetitive motion cycles.“Through this partnership, we can bring Celanese materials science, application development and local technical capabilities together with VIGOR’s precision gear design and manufacturing expertise to help enable the next generation of robotic motion systems,” said Todd Elliott, Senior Vice President, Celanese Engineered Materials, in a statement. Smarter robotic motionThe companies also aim to develop materials that maintain their mechanical and dimensional properties under changing temperatures. Thermal stability is important for humanoid robots because actuators and other components can generate significant heat during high-load or continuous operation. Maintaining dimensional accuracy under these conditions is also critical for gears and other precision components, where small variations can affect movement and positioning.The technology development will extend beyond material selection. Celanese said it will support targeted material commercialization, lifecycle validation and consistent performance during mass production. This approach is intended to integrate material development with Vigor’s precision plastic molding, gear design and manufacturing capabilities.“Vigor possesses deep technical expertise in precision plastic molding, while Celanese is a global leader in high-performance materials science. We look forward to working closely together to achieve the precise formulation of high-performance materials for robotic joints, thereby clearing the way for the large-scale deployment of humanoid robots,” said Hoi-sang Chan, CEO of Vigor. The companies believe lighter plastic-based joints could help humanoid robots improve energy efficiency, dynamic response and overall mobility while supporting the industry’s move toward higher-volume production.",incomplete,public_preview_only,public_preview,https://interestingengineering.com/ai-robotics/humanoid-robots-could-get-30-lighter-joints,interesting engineering,综合科技,无,2026-08-18T22:27:10+00:00,AI与智能科技 > 具身智能 > 硬件和控制,AI与智能科技,硬件和控制,"[{""path"":[""AI与智能科技"",""具身智能"",""硬件和控制""],""path_text"":""AI与智能科技 > 具身智能 > 硬件和控制"",""confidence"":0.9,""reason"":""新闻核心是为人形机器人开发轻量化塑料关节部件。""}]",classified,2026-08-18T23:01:00.322096+00:00,glm-5.2,2026-08-14,
US Air Force plans Mach 1.6 drones to test weapons on enemy fighters,2026-08-18,"The U.S. Air Force is exploring a new family of low-cost target drones that can imitate threats ranging from hobbyist quadcopters and drone swarms to stealth fighters, strategic bombers, and airborne early warning aircraft.Through a Request for Information (RFI) open until September 28, the service is asking private companies to propose affordable and scalable systems for testing. The testing includes air-to-air weapons, missile seekers, electronic warfare capabilities, and warhead effectiveness against increasingly sophisticated airborne targets.The Air Force wants the drones to “represent the full range of airborne threats, spanning from inexpensive ‘hobby drones’ to the most advanced adversary fighter and large-scale aircraft,” according to the notice.Mach 1.6 drones to imitate stealth fightersAt the most demanding end of the spectrum, the Air Force needs target drones that can replicate the flight performance and signatures of advanced fighter aircraft.The requirements include “supersonic capabilities (up to and exceeding Mach 1.6 at 40,000 feet), high-agility/high-G combat maneuvers, precise low-observable Radar Cross-section (RCS) profiles, multi-spectral Infrared (IR) signatures, active RF emissions, and integrated Electronic Attack (EA) capabilities.”Rather than simply matching an enemy fighter’s speed, the targets would need to replicate the characteristics modern sensors and weapons encounter in combat. That includes reduced radar visibility, infrared signatures, radio-frequency emissions, and electronic attacks.The service also wants the drones to be inexpensive and simple enough to be “treated as attritable or expendable when required.” Such a design would allow forces to conduct realistic live-fire exercises without risking a costly aircraft every time a target is destroyed.Targets could replicate bombers and AWACS aircraftOther versions would imitate much larger aircraft. A C-130-sized target, for example, would prioritize physical scale, slow subsonic performance, and the propulsion characteristics of multiengine aircraft rather than speed and agility.These targets would generate representative radar, radio-frequency, and infrared signatures, allowing the Air Force to assess whether missile seekers can track large aircraft and whether warheads can inflict sufficient damage.Targets representing strategic bombers and Airborne Warning and Control System aircraft would need to reproduce their enormous dimensions, thermal profiles, and heavy-aircraft radar signatures.The proposed family would also cover multiple classes of unmanned aircraft. Group 5 drone targets must be capable of reaching 50,000 feet, while Group 3 and Group 4 targets should fly between Mach 0.5 and Mach 0.8 and perform maneuvers generating between 3 and 6 Gs.Small Group 1 and Group 2 targets would operate below 150 knots and support swarm missions.Air Force searches beyond its aging targetsThe initiative could address limitations in the Air Force’s existing aerial target fleet. The service has operated the BQM-167A subscale aerial target since 2007. However, at roughly 20 feet long with an 11-foot wingspan, it cannot physically resemble aircraft such as China’s much larger J-20 stealth fighter or H-6 bomber.The Air Force also uses QF-16 aircraft converted from retired F-16 fighters. These provide a full-scale target that can represent fourth-generation combat jets, but they were not built to recreate fifth-generation stealth characteristics or simulate large bombers and support aircraft. Converted fighters are also too valuable to destroy routinely in large numbers.To close that gap, the Pentagon is encouraging proposals involving “commercial, modified commercial, dual-use, and non-developmental solutions.”“The government is particularly interested in non-traditional, commercially derived, or dual-use solutions that offer advantages in cost, scalability, and simplicity over legacy systems,” the RFI said.",incomplete,public_preview_only,public_preview,https://interestingengineering.com/military/us-air-force-plans-mach-1-6-drones,interesting engineering,综合科技,无,2026-08-18T22:27:12+00:00,国防与安全科技 > 军事平台 > 军事航空航天,国防与安全科技,军事航空航天,"[{""path"":[""国防与安全科技"",""军事平台"",""军事航空航天""],""path_text"":""国防与安全科技 > 军事平台 > 军事航空航天"",""confidence"":0.92,""reason"":""核心是美国空军研制模拟敌方战斗机的军用靶机与武器测试。""}]",classified,2026-08-18T23:01:00.322096+00:00,glm-5.2,2026-08-14,
OpenAI's Ohio data center project to have 8 GW of compute capacity,2026-08-18,"OpenAI, SoftBank’s SB Energy, and Nvidia announced a massive 20-year data center site in Pike County, central Ohio. The facility will feature 8 IT gigawatts of computing capacity powered by 10 gigawatts of energy.The project sits partly on federal property once dedicated to enriching uranium. OpenAI stated that the goal is to generate 35,000 construction jobs and 2,500 permanent positions. Running exclusively on Nvidia hardware, the data center will be supported by a $4 billion-plus local energy infrastructure investment from SoftBank and SB Energy. OpenAI expects the data center’s initial computing capacity to come online starting in 2028, marking the first phase in bringing the mega-campus fully operational.“This is going to be a huge site, with enough computing power to help millions of people use AI to do things we can only start to imagine today, from finding new medicines to starting businesses and solving hard problems,” said Sam Altman, CEO of OpenAI. The financial webThis huge structure will be supported by complex financial structure. Nvidia agreed to guarantee up to $105 billion in conditional lease and power payment obligations, stepping in as the financial backstop should OpenAI default. In exchange, Nvidia gets exclusive rights to supply the chips, along with a direct $1.5 billion equity investment in SB Energy. “AI is becoming infrastructure – the foundation for intelligence in every industry – and land, power and shell have become vital in the age of AI. Now is the time to scale the AI infrastructure that will power the next industrial revolution,” said Jensen Huang, founder and CEO of NVIDIA. “We are securing long-lived infrastructure for NVIDIA compute so OpenAI can deploy the most productive AI factories that can be upgraded repeatedly with each new generation delivering more intelligence and better economics,” Huang added in the press statement. Critics immediately flagged the structure, warning it echoes “circular” financing where suppliers, buyers, and investors prop up one another’s balance sheets.Huang pushed back firmly against those concerns. “Is this circular financing? No,” Huang declared, stressing that OpenAI remains directly on the hook for rent payments. According to Huang, Nvidia is simply using its scale and long-term visibility to secure durable physical locations. That strategy allows them to repeatedly upgrade hardware over multiple chip generations at a single mega-site.Push for creating data centers Reportedly, the initiative supports a broader federal effort to convert Cold War nuclear sites into natural gas-backed AI hubs. In July, NextEra Energy and Brookfield revealed preliminary plans with the US Department of Energy to redevelop Kentucky’s decommissioned Paducah uranium enrichment complex. To counter widespread public pushback over data centers‘ heavy electricity and water use, OpenAI and SB Energy pledged that local residents will not bear any energy or infrastructure costs for their new facility. The Ohio campus will launch with 4.25 gigawatts of capacity and an option to expand by 3.75 gigawatts.The new Ohio deal builds on a broader arms race among tech giants to secure huge gigawatt computing infrastructure. It follows last year’s $500 billion “Stargate” announcement, which is a multiyear project led by OpenAI, Nvidia, SoftBank, and Oracle targeting 10 gigawatts across multiple sites.It also surpasses other massive tech investments, including Meta’s planned 5-gigawatt facility in Louisiana and SpaceX’s 1-gigawatt Colossus data center network across Tennessee and Mississippi.",incomplete,public_preview_only,public_preview,https://interestingengineering.com/innovation/openai-new-data-center-nvidia,interesting engineering,综合科技,无,2026-08-18T22:27:14+00:00,AI与智能科技 > AI硬件层 > 数据中心,AI与智能科技,数据中心,"[{""path"":[""AI与智能科技"",""AI硬件层"",""数据中心""],""path_text"":""AI与智能科技 > AI硬件层 > 数据中心"",""confidence"":0.93,""reason"":""核心是OpenAI大型数据中心园区的建设、供能与运营规划。""}]",classified,2026-08-18T23:01:00.322096+00:00,glm-5.2,2026-08-14,
YouTuber turns childhood paper-plane idea into a massive aircraft,2026-08-18,"British YouTuber James Whomsley has built and flown a giant radio-controlled aircraft fitted with circular wings, testing whether the unconventional configuration could perform better than traditional straight wings.Whomsley, better known through his ProjectAir channel, spent a month developing the aircraft after recalling a ring-shaped paper plane he flew as a child. A paper plane is a tool that gives a lot of joy to children, and the same idea encouraged him to try out something bigger.The project progressed from 12-gram rubber-band-powered models to a large RC aircraft that survived several crashes before finally completing a controlled flight.Small circular plane beats straight-wing modelCircular wings produce lift using the same broad principle as conventional airfoils. When the ring moves through the air at an angle of attack, pressure differences between its upper and lower surfaces generate lift.Whomsley began by constructing a lightweight balsa prototype with two circular wings. Testing different configurations showed that the most successful arrangement featured a large lifting ring near the front and a smaller stabilizing ring at the rear.He then built a conventional model with an equivalent wing area to compare the two designs. Each aircraft weighed approximately 12 grams and received 150 winds of its rubber-band motor.In breezy conditions, the straight-wing aircraft remained airborne for seven seconds and was heavily affected by the wind. The circular-wing version flew for just over 10 seconds, travelled farther and repeatedly corrected itself after being pushed off balance.“The stability of this thing is insane,” Whomsley said during the test.Giant balsa aircraft suffers two crashesEncouraged by the results, Whomsley designed a much larger version in computer-aided design software. Its balsa components were individually laser-cut and assembled like a construction kit.The two unfinished wing frames weighed 4.6 pounds (2.13 kg). Whomsley also built a long, box-shaped fuselage with reinforced bulkheads beneath the wings and covered the completed structure with heat-shrinkable film.Unpowered glide tests confirmed that the wings generated lift, although the aircraft required additional nose weight and a high angle of attack.The first powered attempt ended with the main wing hitting the ground and both balsa spars snapping.Whomsley reused the smaller surviving ring, lowered the motors and added a conventional tail. Nevertheless, the aircraft pitched downward again during its second launch, destroying the remaining balsa wing.Redesigned circular plane finally fliesFor the third version, Whomsley replaced balsa with foam and aluminum tubing. The more flexible wing survived its first flight but stretched and distorted while airborne.A central strut was therefore added to prevent the ring from expanding, while the motors were transferred to rigid mounts on the fuselage.The final aircraft launched successfully and cruised around the field for several minutes. Whomsley said it responded like a conventional RC plane but demonstrated greater stability along its roll axis, helping it handle the windy conditions.After its batteries began running low, he brought the aircraft down safely with its structure intact.“I think that proves that a circular wing works,” Whomsley said following the initial successful flight.The experiment does not establish that circular wings are universally superior. However, it demonstrates that a properly reinforced ring-wing aircraft can generate lift, remain controllable and cope surprisingly well with wind.",incomplete,public_preview_only,public_preview,https://interestingengineering.com/innovation/uk-youtuber-giant-plane-ring-shaped-wings,interesting engineering,综合科技,无,2026-08-18T22:27:17+00:00,通用技术 > 通信和运输 > 航空,通用技术,航空,"[{""path"":[""通用技术"",""通信和运输"",""航空""],""path_text"":""通用技术 > 通信和运输 > 航空"",""confidence"":0.85,""reason"":""核心事件是环形翼遥控飞机的设计、制造与试飞验证。""}]",classified,2026-08-18T23:01:00.322096+00:00,glm-5.2,2026-08-14,
Watch: Unitree's 'Superman' humanoid can vertically outjump any person,2026-08-18,"Unitree Robotics has unveiled a new humanoid robot capable of a 6.5 feet (2-meter) standing vertical jump and attaining a top speed of 41.5 feet per second (12.66 meters per second).The Chinese robotics company said the robot, which has legs just 2.7 feet (0.85 meters) long, was developed in slightly over three months and still has significant room for improvement.A video released by Unitree showed the humanoid completing the jump and landing steadily, highlighting the company’s latest effort to push the limits of robotic athletic performance.Recently, Unitree opened its IPO subscription, pricing shares at $22 to raise roughly $900 million on the Shanghai Stock Exchange.Robot breaks recordsUnitree’s new humanoid robot, dubbed “Superman,” claims it can run at 12.66 meters per second and perform a 2-meter standing vertical jump.The robot’s reported top speed equals about 28.3 mph (45.6 km/h), exceeding the 12.42 m/s peak speed recorded by Usain Bolt during his 2009 100-meter world-record run. Its 2-meter standing jump also surpasses the reported human record of 1.8 meters. Unitree said the robot achieved the performance despite having legs only 0.85 meters long. However, the figures have not been independently verified and are based on a company demonstration video.The Hangzhou-based robotics company said the humanoid was developed in just over three months and that its current hardware still has significant room for improvement. Unitree founder Wang Xingxing had previously predicted that humanoid robots could surpass human sprinting speeds by mid-2026, citing advances in cheaper components and improved algorithms, reports Cryptopolitan.“Surpassing the standing high jump and running speed records of all humans around the world. This new machine has only been in development for a little over three months, with significant room for further improvement in the coming months,” reads the description of the video posted on YouTube. Unitree pushes limitsUnitree Robotics is constantly pushing the boundaries of humanoid robot performance. In April, Unitree’s H1 humanoid reached 10 meters per second, approaching Usain Bolt’s peak sprint speed. Tested on an athletics track, the robot reached 10.1 meters per second as it passed a speed-measuring device, although Unitree noted the possibility of measurement errors.The H1 has a combined thigh and calf length of 80 centimeters and weighs about 136 pounds (62 kilograms), roughly comparable to an average human, with captions claiming it achieved world champion-level running speeds.Unitree said on August 12 that it had produced about 18,000 humanoid robots, excluding other humanoid designs and wheeled platforms. Industry analyst Ma Jihua said extreme tests such as high-speed running and jumping act as “stress tests” for a robot’s hardware, software, balance and whole-body coordination, reports the Global Times.Experts said mastering highly dynamic movements could eventually help humanoids operate in difficult terrain, disaster response and other hazardous environments. However, performance records alone do not guarantee practical deployment, with further advances needed in reliability, stability and real-world adaptability.Unitree has also emerged as a major player in the rapidly expanding global humanoid market. Smart Analytics Global data showed the company shipped about 5,900 humanoid robots in the first half of 2026, up 170 percent year-on-year and accounting for 31 percent of global shipments. Unitree has since listed on China’s STAR Market, becoming the first humanoid robotics company to debut on the country’s A-share market. Chinese vendors accounted for more than 97 percent of global humanoid robot shipments during the first half of 2026.",incomplete,public_preview_only,public_preview,https://interestingengineering.com/ai-robotics/china-superman-humanoid-speed-records,interesting engineering,综合科技,无,2026-08-18T22:27:21+00:00,AI与智能科技 > 具身智能 > 硬件和控制,AI与智能科技,硬件和控制,"[{""path"":[""AI与智能科技"",""具身智能"",""硬件和控制""],""path_text"":""AI与智能科技 > 具身智能 > 硬件和控制"",""confidence"":0.94,""reason"":""核心是宇树发布具备极限跳跃奔跑能力的人形机器人本体性能。""}]",classified,2026-08-18T23:01:00.322096+00:00,glm-5.2,2026-08-14,
"China unveils its largest pure electric mining truck with 1,400 kWh batteries",2026-08-18,"China’s largest pure electric mining truck officially rolled off the assembly line last week.The ZL230E (formerly LK350E) is a 350-ton gross weight electric haul truck developed by Zijin Longking for continuous open-pit mining operations. With a 230-ton payload capacity and a 125-cubic-meter cargo box, this massive vehicle combines high-capacity haulage with a zero-emission design built to handle the most demanding mine environments.Through a partnership with Australian autonomous mining developer EACON, the ZL230E fuses heavy electric hardware with autonomous intelligence.The vehicle boosts transport efficiency, slashes operating costs, and advances sustainable green mining practices through its low energy consumption, high reliability, and easy maintenance.“This new vehicle is a powerful tool tailor-made for high-intensity continuous operations in ultra-large open-pit mines,” said Huang Wei, president of Zijinlongjing.Powerful battery packLarge open-pit mining operations rank among the most carbon-intensive industrial activities, mainly because heavy-tonnage haul trucks consume massive quantities of diesel. That’s why battery electric trucks are important. Underneath its high-rigidity frame lies a multi-axle, centrally distributed independent drive architecture powered by dual 800 kW motors. The powertrain matches energy output in real time. It powers up steep mountain inclines without losing momentum.Batteries make or break heavy machinery. Reportedly, the ZL230E houses a colossal 1,400 kWh battery pack. Its long-life, superchargeable battery system rapidly charges to 90 percent in just 25 minutes, minimizing downtime and maximizing overall operational efficiency.Built to handle high-intensity mining conditions, the ZL230E features a patented high-rigidity frame, dual-control chassis design, intelligent energy management, and redundant braking and steering systems. The truck integrates EACON’s cloud-based dispatch, perception, and decision-making technology stack. The result is a fully driverless, zero-emission haulage machine designed for China’s harsh open-pit operations. This integrated technology framework provides comprehensive safety protection across the entire vehicle for stable and secure mine operations.Battery-electric truck expansionDriven by its “dual-carbon” strategy, Zijin Mining expanded its electric mining truck fleet from 13 units in 2020 to 1,719 in 2025, targeting a full transition from diesel to electric within three years. Supporting this transition, Zijin Longjing delivered its first 15 pure electric 150-ton mining trucks to the Julong Copper Mine, achieving an uptime rate above 90 percent, daily haulage over 2,000 tons, and a 17 percent drop in energy consumption. Furthermore, the company plans to pair its electric fleet with wind, solar, and energy storage infrastructure to deliver fully integrated, low-cost green energy solutions for mining operations.Su Zimeng, president of the China Construction Machinery Association, stated the ZL230E rollout as a clear demonstration of China’s advancements in technological innovation and industrial upgrading within the construction machinery sector. The ZL230E rollout took place during an investment promotion event highlighting the “Mining + Intelligent Manufacturing” industry in Xinluo District.Several major global mining companies have recently deployed battery-electric and autonomous haul trucks across their open-pit operations. BHP and Rio Tinto have partnered with Caterpillar to trial Cat 793 XE battery-electric haul trucks at the Jimblebar iron ore mine in Western Australia’s Pilbara region. It evaluated both static and in-motion dynamic charging systems under extreme operating conditions. In parallel, Rio Tinto is trialing a battery-swap electric haulage fleet at the Oyu Tolgoi copper mine in Mongolia, testing rapid battery replacement to minimize downtime and advance zero-emission mining operations.",incomplete,public_preview_only,public_preview,https://interestingengineering.com/transportation/china-unveils-largest-pure-electric-mining-truck,interesting engineering,综合科技,无,2026-08-18T22:27:24+00:00,零碳产业 > 物质循环 > 资源处理 > 开采技术,零碳产业,开采技术,"[{""path"":[""零碳产业"",""物质循环"",""资源处理"",""开采技术""],""path_text"":""零碳产业 > 物质循环 > 资源处理 > 开采技术"",""confidence"":0.9,""reason"":""核心事件是面向露天矿山的大型纯电矿用卡车下线，属于绿色智能开采装备""},{""path"":[""通用技术"",""通信和运输"",""陆路运输""],""path_text"":""通用技术 > 通信和运输 > 陆路运输"",""confidence"":0.7,""reason"":""电动重型运输车辆的电动化与充换电应用""}]",classified,2026-08-18T23:01:05.288319+00:00,glm-5.2,2026-08-14,
3D-printed cellulose hydrogel keeps wearable sensors working at -13°F,2026-08-18,"Wearable sensors could become more reliable in freezing conditions with a new cellulose-based hydrogel that continued detecting movement after being exposed to -13°F for seven days.Researchers developed the flexible material from cotton pulp cellulose, turning an abundant renewable material into an electrically conductive hydrogel. The approach is designed to address a basic problem with conventional hydrogel sensors: water inside them can freeze, making the material stiff and reducing its ability to carry ionic signals.The team used a mixture of zinc chloride and lithium bromide salts to dissolve the cellulose. The combination disrupted the tightly packed crystalline structure of cellulose while protecting the resulting molecular chains from damage. The dissolved material was then formed into a transparent hydrogel called HZ0.3L0.7-C3.The resulting material combined electrical conductivity with mechanical strength and resistance to freezing. Researchers measured an ionic conductivity of 4.48 S/m and a compressive stress of up to 2.48 MPa. Tests between -112°F and 68°F showed no exothermic peaks associated with water crystallization, indicating that ice formation was suppressed in the hydrogel.Cold-proofed wearable sensingThe researchers then subjected the optimized material to a longer cold test. After remaining at -13°F for 168 hours, the hydrogel continued producing repeatable electrical signals when exposed to movements such as finger bending and fingertip pressing.That performance is important for wearable electronics that could operate outdoors, in refrigerated environments, or in other applications where conventional water-rich hydrogels can lose flexibility and conductivity.The material also showed shear-thinning behavior, meaning it could flow under pressure and then retain its shape after being printed. This allowed the researchers to use it as a 3D-printing material and produce structures including five-pointed stars and maple leaves.For use directly on the body, the team added a polydopamine coating to improve skin compatibility. Sensors made from the hydrogel could be attached to fingers, wrists, elbows and the throat to detect movement and pressure.From skin sensors roboticsThe wearable sensor responded in about 100 milliseconds and recovered in roughly 300 milliseconds. It also maintained stable performance through 500 compression cycles at 30 percent strain.The researchers demonstrated the material in a data-glove system that detected hand movements and translated them into corresponding movements on a robotic model in real time. This points to possible uses in human-machine interfaces where sensors must remain flexible while handling repeated deformation.The cellulose base also gives the material a renewable component, while the salt-based formulation provides the ions needed for electrical signal transmission without relying on conventional conductive polymers.The researchers say the work could provide a route to customizable wearable sensors that remain functional in low-temperature environments. However, the material is still at the research and prototype stage, and further testing would be needed before commercial deployment.The study is published in the Journal of Bioresources and Bioproducts.",incomplete,public_preview_only,public_preview,https://interestingengineering.com/innovation/cellulose-hydrogel-wearable-sensors-cold,interesting engineering,综合科技,无,2026-08-18T22:27:26+00:00,通用技术 > 材料工程 > 其它先进材料,通用技术,其它先进材料,"[{""path"":[""通用技术"",""材料工程"",""其它先进材料""],""path_text"":""通用技术 > 材料工程 > 其它先进材料"",""confidence"":0.85,""reason"":""核心是新型纤维素导电水凝胶材料的研发与性能表征""}]",classified,2026-08-18T23:01:05.288319+00:00,glm-5.2,2026-08-14,
Living bacterial transistors perform logic operations inside plants,2026-08-18,"MIT researchers have engineered bacteria that can perform the basic switching functions of transistors. The breakthrough lets them build biological circuits from living cells instead of electronic components.The team printed bacterial colonies onto agar inside Petri dishes. Chemical signals then travel between the colonies, allowing the cells to process information and perform logic operations.The approach could eventually bring computation directly into biological environments. Researchers envision bacteria on plant leaves or roots that detect stress and trigger responses without conventional electronics.Bacteria become switchesThe researchers used Pantoea agglomerans, a bacterium commonly found on plants and other surfaces. They engineered two versions of the bacterium to work as biological transistors.One transistor switches on when it receives a chemical signal. The other performs the opposite function. Both can detect another molecule and produce a separate chemical output. Three additional bacterial strains act as relays between the transistors. They translate one chemical signal into another that the next circuit component can recognize.That setup gives researchers a way to connect individual cells into larger networks. Electronic circuits move electrical signals through wires, while these biological circuits move molecules between bacterial colonies. The team printed colonies onto agar with about 5 millimeters separating neighboring cells. That spacing helps signals move toward the intended downstream colony. Researchers can then change the circuit’s layout without redesigning every component.Living cells perform logicThe researchers demonstrated several logic functions using their bacterial transistors. Their circuits can process multiple inputs and direct signals toward specific outputs. One system adds two inputs together using 24 bacterial colonies. Other configurations can perform OR and implication operations.The team also built a demultiplexer. This circuit takes one incoming signal and directs it toward different destinations based on another control signal. The modular design addresses a limitation in conventional synthetic biology. Researchers often place many functions inside a single cell.That strategy can eventually overload the cell’s protein-making machinery. It also creates problems when different biological components interfere with one another. Separating functions across multiple cells offers another path toward more complex biological computing.Computing inside plantsThese circuits remain dramatically slower than electronic computers. A bacterial circuit takes about eight hours to complete a calculation. That limitation matters less for applications tied to biological processes. Plants operate across hours, days and entire growing seasons.MIT researchers want to eventually place these circuits on plant roots or leaves. The bacteria could detect signals associated with drought, pests or disease.A detected condition could then trigger a biological response. One proposed application involves producing a fungicide after the circuit detects plant stress. “We’re not trying to replace computers,” said Christopher Voigt, head of MIT’s Department of Biological Engineering. The goal is to givebiological systems their own computational control.The work points toward a different kind of computing architecture. Instead of bringing biology into electronic systems, researchers are starting to put computation directly into living systems.The research appeared in Nature Chemical Biology and received partial funding from DARPA and IARPA.",incomplete,public_preview_only,public_preview,https://interestingengineering.com/science/bacteria-transistors-living-circuit-boards,interesting engineering,综合科技,无,2026-08-18T22:27:29+00:00,零碳产业 > 物质循环 > 有机物（碳循环） > 有机工业 > 生物过程 > 合成生物学,零碳产业,合成生物学,"[{""path"":[""零碳产业"",""物质循环"",""有机物（碳循环）"",""有机工业"",""生物过程"",""合成生物学""],""path_text"":""零碳产业 > 物质循环 > 有机物（碳循环） > 有机工业 > 生物过程 > 合成生物学"",""confidence"":0.85,""reason"":""通过工程菌和生物线路实现逻辑运算，属于合成生物学前沿""}]",classified,2026-08-18T23:01:05.288319+00:00,glm-5.2,2026-08-14,
"Multi-mission 2,800-pound robotic vehicle faces crucial field trials",2026-08-18,"The U.S. Army will put BLADE’s Hunter WOLF robotic vehicle through field evaluation with the 82nd Airborne Division. The training event is scheduled for August 20 at Fort Polk, Louisiana. Soldiers will test how the unmanned ground vehicle handles support tasks during demanding military operations.Hunter WOLF is designed to carry heavy loads without adding that burden to dismounted troops. Its 2,800-pound payload capacity gives units another option for moving equipment and supplies.The vehicle can also support casualty evacuation and mobile power missions. That combination could help soldiers spend less time hauling equipment and more time focused on combat tasks.Dismounted supportBLADE developed Hunter WOLF around the needs of light infantry units. Its compact design aims to provide substantial carrying capacity without relying on conventional vehicles.The platform can transport equipment across difficult terrain where larger vehicles may struggle. It can also operate at a distance from soldiers, reducing the physical demands of routine support work.The upcoming evaluation will give 82nd Airborne soldiers hands-on experience with the system. They will operate the vehicle and assess how it fits into different mission scenarios.BLADE plans to configure Hunter WOLF for several roles during the exercise. Those configurations include tactical communications, equipment transport, and casualty evacuation.The vehicle will also carry five Universal Battery Chargers and two AN/VRC-158 tactical radios. A 15-kilowatt power system will provide 120/240-volt AC electrical output. Extended cargo rails will further expand the vehicle’s ability to move mission equipment.Airborne testingThe 82nd Airborne Division brings a particularly demanding operational profile to the evaluation. The Army describes the unit as a rapid-response force capable of worldwide deployment within 18 hours.Its focus on airborne operations makes mobility and logistics especially important. Hunter WOLF will therefore face an evaluation shaped by the needs of highly mobile infantry forces.Tom Van Doren, BLADE’s president of robotics, said unit feedback remains central to the evaluations. “Every event helps validate the flexibility of the platform,” Van Doren said. He added that the trials can reveal ways to reduce soldiers’ workload and exposure to danger.John Conway, BLADE’s vice president of business development, said the 82nd Airborne offers a distinct perspective. He pointed to the division’s emphasis on rapid movement and mobile infantry operations. Those priorities will help determine where Hunter WOLF can provide practical support.Broader trialsThe Fort Polk exercise is part of a wider series of Army evaluations for Hunter WOLF. Earlier trials involved the 3rd Brigade of the 10th Mountain Division and the 101st Airborne Division. Each evaluation gives soldiers an opportunity to assess the vehicle under different operational conditions. Their feedback can also influence how units configure and employ the robotic platform.For the Army, the broader goal extends beyond moving cargo. Robotic ground vehicles could take on physically demanding support missions and give soldiers greater freedom to focus on core tasks.Hunter WOLF’s expanding test footprint suggests the Army is examining where that capability fits across different formations. The 82nd Airborne evaluation will provide another real-world measure of its utility.",incomplete,public_preview_only,public_preview,https://interestingengineering.com/ai-robotics/hunter-wolf-robotic-vehicle-field-trials,interesting engineering,综合科技,无,2026-08-18T22:27:32+00:00,国防与安全科技 > 国防装备 > 武器与防御系统,国防与安全科技,武器与防御系统,"[{""path"":[""国防与安全科技"",""国防装备"",""武器与防御系统""],""path_text"":""国防与安全科技 > 国防装备 > 武器与防御系统"",""confidence"":0.8,""reason"":""军用无人地面支援车辆的野战测试与部署评估""}]",classified,2026-08-18T23:01:05.288319+00:00,glm-5.2,2026-08-14,
Cygnus X-3 is now the highest-energy gamma-ray source known,2026-08-18,"Astronomers have identified the highest-energy gamma-ray source known so far, with observations showing that the peculiar binary system Cygnus X-3 can accelerate particles to at least 30 PeV.The discovery came from China’s Large High Altitude Air Shower Observatory (LHAASO), which detected ultra-high-energy gamma rays from Cygnus X-3 during periods of increased activity. The finding provides direct evidence that the system is an extreme cosmic-ray accelerator.Cygnus X-3 sits in the constellation Cygnus and consists of two compact objects in a close binary system. Its high-energy behavior has long made it an important target for astronomers, but the latest observations reveal an accelerator operating at energies far beyond what current theories predict for sources within the Milky Way.The LHAASO observations also showed something unusual: the source’s ultra-high-energy gamma-ray activity changed in step with emissions detected at much lower GeV energies. The two signals were observed together during flaring periods, while LHAASO detected no corresponding signal when the GeV emission became quiet.Cosmic accelerator reveals itselfThe signals followed a 4.8-hour cycle, matching the orbital period of the binary system. This timing gave researchers a way to connect the gamma rays to the system itself rather than treating them as unrelated high-energy events.By using the periodic variation to pinpoint the source, researchers localized the accelerator to a region roughly three times the size of the Sun. That is an exceptionally precise measurement for an ultra-high-energy particle accelerator, narrowing down where some of the most energetic particles in our galaxy are being produced.The energy involved is particularly significant. A particle reaching 30 PeV carries vastly more energy than particles produced by today’s most powerful human-made accelerators. The observation therefore challenges existing ideas about how Galactic objects accelerate cosmic rays to extreme energies.The study also establishes Cygnus X-3 as the first ultra-high-energy gamma-ray source known to show temporal variability. That gives astronomers a new way to investigate what happens around compact objects and how their powerful environments generate extreme particles.A new window on extremesResearchers can now use changes in the gamma-ray signal to study the physics of the system over time. Because Cygnus X-3 is a binary, its companion star and compact object continuously interact, creating an environment where energetic particles can collide with intense radiation.The proposed picture involves protons emerging from the base of a jet and interacting with ultraviolet photons from the companion star. These interactions can produce high-energy photons and potentially neutrinos, creating signals that could be studied across different forms of astronomical observation.That makes Cygnus X-3 a potentially important target for multi-messenger astronomy, in which scientists combine observations from particles and electromagnetic radiation to understand extreme cosmic events.The result also expands the search for powerful cosmic-ray accelerators. If objects like Cygnus X-3 can push particles to tens of PeV, they may help explain how some of the highest-energy cosmic rays found in the Milky Way are produced.For LHAASO, the observation demonstrates the value of monitoring the sky at extreme energies while tracking how those signals change over time. The combination of energy measurements and precise timing allowed researchers to isolate the accelerator far more effectively than a static observation could.The study was published in National Science Review.",incomplete,public_preview_only,public_preview,https://interestingengineering.com/science/cygnus-x-3-highest-energy-gamma-ray-source,interesting engineering,综合科技,无,2026-08-18T22:27:34+00:00,基础科学与环境 > 天文与空间科学,基础科学与环境,天文与空间科学,"[{""path"":[""基础科学与环境"",""天文与空间科学""],""path_text"":""基础科学与环境 > 天文与空间科学"",""confidence"":0.95,""reason"":""核心是天鹅座X-3超高能伽马射线源的天文观测发现""}]",classified,2026-08-18T23:01:05.288319+00:00,glm-5.2,2026-08-14,
The Ancient Mediterranean Diet Wasn’t What You Think,2026-08-18,"This terracotta depiction of a baker sitting in front of an oven dates from the early 5th century BCE. Credit: Marie-Lan Nguyen/Wikimedia Commons, CC BY
The ancient Mediterranean diet was not one fixed menu but a collection of regional diets dominated by bread and shaped by wealth and availability.
For Roman emperor Julian (332–363 CE),
occupied a central place at the table. He described it as the food that “among us is thought to be the most nourishing.”
That emphasis reflected everyday eating across much of the ancient Mediterranean. Bread and other foods made from cereals formed the foundation of many diets, supplemented by pulses, oil, wine, and whatever seasonal produce was available.
The result looked quite different from the modern idea of the “Mediterranean diet,” with its familiar emphasis on vegetables, olive oil, and grilled fish.
Bread may have been indispensable in Julian’s Roman world, but not everyone considered it desirable. Ethiopians who relied on meat and milk regarded bread as poor food with little nutritional value.
wondered
how Mediterranean peoples could survive on a “diet of dung.”
Bread was the dietary foundation
The physician Galen (129–216 CE) left one of the most detailed surviving accounts of what people around the ancient Mediterranean ate.
On the Properties of Foodstuffs,
Galen begins with cereals and pulses before turning to plants, animal foods, and fish. Of these staples, he considered wheat the most widely consumed and “valuable” food.
Bread was far more than a side dish. For many people, it made up most of a meal. Galen distinguished carefully among different varieties, describing fine white bread as “the most nourishing.” Bran bread ranked at the bottom, although he believed it was more effective at emptying the bowels.
Preparation mattered too. The best bread was “most leavened and very well kneaded” and baked “with moderate heat.”
Wheat was key to the ancients’ way of life. Credit: AlMare/Wikimedia Commons, CC BY-SA
An excessively hot oven produced a crust that was “dry and like pottery” while leaving the center raw. Completely unleavened bread, Galen thought, suited almost nobody.
Galen learned the importance of processing wheat through an unpleasant personal experience. During a country journey with some of his friends, a poor peasant woman served them boiled whole grains because her household had run out of bread:
Throughout the next day we had no appetite because of indigestion, so that we could eat nothing, were full of wind and suffered from headaches and blurred vision. For there was not even any bowel action, which is the only remedy for indigestion.
The same grain became nourishing only after milling, sieving, kneading, fermenting, and baking.
Plants did not automatically mean health
Ancient people certainly ate fruit and vegetables. Galen discusses lettuce, cabbage, onions, gourds, figs, grapes, apples, pears, and pomegranates. But he did not automatically regard them as the basis of a healthy meal.
Many plants were valued chiefly for medicinal effects: they might loosen the bowels, thin bodily fluids, or stimulate urine, while supplying little nourishment.
The plant-rich diet could also reflect poverty rather than a healthy choice. Galen calls oats “food for draught animals, not for men”, except when “the extreme of hunger” forced people to make bread from them.
Pulses were more important than modern images of Mediterranean cuisine suggest. Lentils, chickpeas, lupins, and various flowering legume plants supplied substantial nourishment.
Galen describes an Alexandrian physician who lived for four years largely on pulses. His diet sounds strikingly modern—until Galen reveals the physician seasoned them with fish sauce.
Fresh fish, meanwhile, was not necessarily an everyday staple. Access depended on location and wealth, as fish could be expensive.
Fish caught near Rome could also be contaminated by waste flowing into the Tiber River from “latrines, bathhouses, or kitchens”.
Diet depended on place and wealth
The Greek writer Athenaeus shows why we should be careful when speaking about “the” Mediterranean diet.
Athenaeus wrote around 200 CE and imagined a long dinner party at which the guests discussed food, wine and dining customs. His examples reveal that what people ate depended heavily on where they lived and how much money they had.
He begins one book with an account of Lusitania, in modern Spain. Seafood there, he
, “in point of abundance, excellence, and beauty, far exceeds that found in our sea.”
Wheat, barley, wine, figs and meat were remarkably cheap. Wild game was worth so little that sellers sometimes
gave it away
“as a bonus for goodwill”.
In other places, fish was expensive. Athenaeus
a diner complaining:
I don’t think I’ve ever seen fish more expensive. Poseidon, if you got 10% of what’s spent on them every day, you’d be far away the richest god there is!
Nor was fish always served simply. Athenaeus
preserves
a recipe by the 5th-century BCE Sicilian cook Mithaecus:
Clean the insides of a ribbon-fish after cutting off the head, wash, and cut into slices, and pour cheese and oil over them.
The fish and olive oil sound familiar. The thick covering of cheese and oil clashes with today’s image of healthy, lightly grilled seafood.
The modern diet is a reconstruction
Most ancient Mediterraneans could hardly live without bread. Cereals supplied the bulk of their calories; pulses, oil, vegetables, fruit, and fish varied according to region, season, and wealth.
The ancient evidence leaves us with no single ancient Mediterranean diet. There were many: one for regions where food was plentiful, another for poor people just trying to survive, and another for wealthy diners able to pay extraordinary prices for expensive delicacies.
The modern Mediterranean diet is, therefore, not an ancient menu preserved unchanged. It is a selective reconstruction, highlighting olive oil, vegetables, and seafood while quietly removing the mountains of bread and cheese.
Adapted from an article originally published in
The Conversation
Never miss a breakthrough:
Join the SciTechDaily newsletter.
Follow us on
Google News
Agriculture
Archaeology
Mediterranean Diet
Nutrition
The Conversation
Articles
Scientists Discover an Odd Genetic Trait in an Ancient Aboriginal Food Plant
Many U.S. Metro Areas Could Grow All the Food They Need Locally
Grape Seeds Reveal Collapse of Ancient Economy in the Grip of Plague and Climate Change
Eco-Friendly Superfood: Food-Grade Wheatgrass Variety Released for Public Use
Should Ripe Tomatoes Go in the Fridge? Scientific Testing Seeks to Resolve the Debate
How Lasers and Vibrations Could Guarantee the Perfect Avocado
Archaeologists Discover Clues to Early Domestication in Wild Boars
Experimental Cultivation of Seed Crops Lost to History Reveals Much Higher Yields Than Expected
Complicated Tradeoffs With Alfalfa and Potassium – Yield, Quality & Nutrition",full,,dom_or_structured_full_text,https://scitechdaily.com/the-ancient-mediterranean-diet-wasnt-what-you-think/,scitechdaily,综合科技,无,2026-08-18T22:27:39+00:00,基础科学与环境 > 考古与人类历史,基础科学与环境,考古与人类历史,"[{""path"":[""基础科学与环境"",""考古与人类历史""],""path_text"":""基础科学与环境 > 考古与人类历史"",""confidence"":0.9,""reason"":""研究古地中海饮食的考古与历史证据""}]",classified,2026-08-18T23:01:05.288319+00:00,glm-5.2,2026-08-14,
"11,000-Year-Old Grains Reveal a Surprise About the Origins of Agriculture",2026-08-18,"An isotope analysis of 11,000-year-old cereals from the southern Levant challenges a long-standing clue used to identify early crop domestication. Credit: Shutterstock
A new integrated isotope study suggests that early increases in cereal grain size were driven by growing conditions rather than human selection.
About 11,000 years ago, communities across southwest Asia began cultivating wild cereals, legumes, and fruit-bearing plants as they increasingly produced their own food. Over thousands of years, these practices reshaped hunter-gatherer lifeways and eventually contributed to farming societies where domesticated cereals became essential for food, storage, and surplus production.
Wild cereals are naturally equipped with a brittle, or shattering, rachis, the structure that holds seeds to the ear. This allows ripe seeds to scatter easily and improves reproduction in the wild, but it makes harvesting more difficult for people. Their grains are also generally smaller than those of later domesticated cereals. Archaeobotanical evidence has long shown that sustained cultivation eventually favored larger grains and a tougher rachis that kept ripe seeds attached, making them easier to collect.
The Sharara team hiking to the excavation. Credit: Jerome Poulalier, www.jerome-poulalier-photography.com
“Crop domestication was a highly variable and protracted process that unfolded across multiple regions of southwest Asia,” said Dr. Jade Whitlam (University of Oxford), who led the study.
“Over the past decade, archaeobotanical research has revealed that domestication was preceded by a lengthy period of ‘pre-domestication cultivation,’ which is thought to have created the conditions that favored the evolution of key domestication traits.”
Larger grains did not mean domestication
At Early Neolithic sites, larger cereal grains and plants that later became common agricultural weeds have often been interpreted as signs that people were already disturbing soils through cultivation and beginning to select domestication traits. Large grains found at sites in the southern Levant have therefore been treated as some of the earliest evidence that cereal domestication was underway.
Professor Cheryl Makarewicz, senior author of the study, investigating a early neolithic domestic structure at Sharara. Credit: Jerome Poulalier, www.jerome-poulalier-photography.com
“At el-Hemmeh and Sharara, both barley and emmer wheat remained morphologically wild in the initial phases of the Pre-Pottery Neolithic, with no evidence of domesticated non-shattering forms”, said Dr Whitlam.
“Yet grain size varied dramatically, ranging from typically wild-sized grains to grains that were comparable in size to domesticated cereals. At the same time, ecological analysis of weedy plant taxa associated with these cereals indicates they were growing in low disturbance environments, challenging the idea that larger grains were selected for through cultivation practices such as systematic tillage.”
Water availability explains grain size
To determine what was actually producing the differences in grain size, the researchers analyzed stable carbon isotopes preserved in charred cereal grains. A cereal grain’s carbon isotope composition changes according to the amount of moisture available while the plant is growing, allowing researchers to reconstruct aspects of its growing environment.
“Interestingly, the barley grains that fall within the size range of domestic-sized grains show carbon isotope values indicating they grew under wetter conditions,” said Dr Pascal Flohr (University of Kiel and the University of Oxford), who has carried out extensive field-based experimental work in Jordan establishing the relationship between water stress and the carbon isotopic composition of cereals.
“In contrast, the smaller, wild-sized grains have isotope values that indicate they grew under much drier conditions, revealing that water availability had a major influence on grain size.”
First author Jade Whitlam carrying out flotation of the Sharara charred seeds in the Wadi el-Hasa. Credit: Jerome Poulalier, www.jerome-poulalier-photography.com
Genetic selection may have come later
Bringing the isotope results together with archaeobotanical evidence and the ecology of associated plants pointed toward growing conditions rather than early genetic selection as the stronger explanation for the larger grains.
“Once we integrated the archaeobotanical, weed ecological and isotopic evidence, it became clear that environmental conditions provided a much better explanation for the observed variation in grain size than genetic selection under tillage,” said Dr. Whitlam.
“Our findings show that developmental plasticity rather than genetic change accounts for initial increases in cereal grain size in the Early Holocene southern Levant. This suggests that genetic selection for larger grain size may have occurred later than previously thought, perhaps only after selection for the non-shattering rachis.”
A team member wades through water in the mountainous terrain of Wadi el-Hasa, where people first experimented with agriculture 11,000 years ago. Credit: Jerome Poulalier, www.jerome-poulalier-photography.com
The findings also reshape how the earliest stages of plant management may be understood. Rather than indicating an immediate shift toward deliberate domestication, the evidence suggests these practices could have developed within a much longer history of hunter-gatherers modifying and managing the environments around them.
“This study demonstrates the value of bringing together long-term archaeological field projects with new analytical approaches. By integrating evidence from archaeobotany, stable isotopes, and plant ecology, we can ask entirely new questions about how the transition to agriculture unfolded. Taken together, these findings suggest that Early Neolithic plant management practices appear to have been part of the long history of hunter-gatherer niche construction rather than a radical new intention to domesticate,” says Professor Cheryl Makarewicz, senior author of the study and director of the excavations at el-Hemmeh and Sharara, the latter with her colleague Dr. Bill Finlayson (Oxford), also a co-author on this research.
Reference: “Developmental plasticity under human management shaped cereal evolution prior to domestication in the Early Holocene southern Levant” by Jade Whitlam, Pascal Flohr, Amy Bogaard, Michael Charles, Bill Finlayson and Cheryl A. Makarewicz, 4 August 2026,
Proceedings of the National Academy of Sciences
DOI: 10.1073/pnas.2535274123
Funding: The British Academy, National Geographic Society, Deutsche Forschungsgemeinschaft
Never miss a breakthrough:
Join the SciTechDaily newsletter.
Follow us on
Google News
Agriculture
Archaeology
Kiel University
Neolithic
Articles
Rare 8,000-Year-Old Rock Shelter Captures a Turning Point in Human History
9,200-Year-Old Cave Find Challenges Theories on Farming’s Origins
Seeds of Civilization: Scientists Unearth 7,000-Year-Old Farming Secrets in Western Europe
Mystifying Puzzle of Early Neolithic House Orientations Finally Solved
Experimental Cultivation of Seed Crops Lost to History Reveals Much Higher Yields Than Expected
Farm Wages & Tech Must Be Improved to Prevent Millions in India From Malnutrition
Urine Used as Fertilizer to Boost Crop Yields
Neolithic Pottery Reveals Cheese-Making from 7,500 Years Ago
Dryland Farmers Work With Little Water",full,,dom_or_structured_full_text,https://scitechdaily.com/11000-year-old-grains-reveal-a-surprise-about-the-origins-of-agriculture/,scitechdaily,综合科技,无,2026-08-18T22:27:41+00:00,基础科学与环境 > 考古与人类历史,基础科学与环境,考古与人类历史,"[{""path"":[""基础科学与环境"",""考古与人类历史""],""path_text"":""基础科学与环境 > 考古与人类历史"",""confidence"":0.9,""reason"":""通过古谷物同位素分析研究早期农业起源与作物驯化，属考古与人类历史研究。""}]",classified,2026-08-18T23:01:09.804472+00:00,glm-5.2,2026-08-14,
Lost Vatican Letter Recasts 1066 as a Holy War Against “Followers of Satan”,2026-08-18,"A neglected Vatican source hints that the road to Hastings may have run through Rome. The findings suggest 1066 was influenced not only by a disputed crown, but by a wider European contest over religious and political authority. Credit: Shutterstock
A lost papal letter suggests King Harold’s support for a rival pope may have helped turn the Norman Conquest into part of a wider European power struggle.
For generations, the story of 1066 has seemed straightforward: a disputed crown, an invading duke, and a decisive battle that ended Anglo-Saxon rule in England. But new research suggests the fate of King Harold may have been influenced by another conflict hundreds of miles away, one involving two rival popes and a bitter struggle for control of the medieval Church.
Previously overlooked fragments of a lost papal letter preserved in the Vatican point to a possible new explanation for one of the enduring mysteries surrounding the Norman Conquest: why Pope Alexander II supported William of Normandy’s campaign against an already crowned Christian king.
University of East Anglia historian Prof. Tom Licence argues that Harold may have put England on the wrong side of a major European power struggle before William’s invasion. If so, papal support for the Normans was not simply about who had the better claim to England’s throne. It may also have reflected a much larger contest over authority in the Church.
“1066 was not simply decided on the battlefield at Hastings. The outcome may also have been shaped by decisions taken almost a thousand miles away in Rome,” Licence said.
The Papal Power Struggle Behind 1066
His argument appears in ‘
Harold: Warrior King
,’ a new biography of Harold II published by Yale University Press.
The background to the discovery lies in a crisis that divided Western Christianity in the early 1060s.
In 1061, competing factions backed two men for the papacy. One was Alexander II. The other was Cadalus, bishop of Parma, who took the name Honorius II and is generally regarded as an antipope.
The dispute was not merely theological. It was tied to an emerging struggle over who had the authority to choose and control popes, with powerful Roman families, church reformers, and the Holy Roman Empire all competing for influence.
Excerpts from the letter are now held in the Vatican archives, and they suggest that a power struggle in Rome helped shape the Norman Conquest. Credit: University of East Anglia
Alexander’s election represented an important change in that struggle. The papal election reforms introduced shortly beforehand had increased the role of the cardinals and reduced the traditional influence of secular rulers. Supporters of the imperial court backed Honorius instead. The dispute became violent, and the rival camps fought for control of Rome before Alexander ultimately emerged as the recognized pope.
England Enters the Papal Conflict
License believes England became entangled in this conflict.
“But they can only be fully understood in the context of a fierce dispute that divided Western Christendom during the early 1060s,” he said.
“In 1061, rival factions elected two competing popes, Alexander II and Bishop Cadalus of Parma, who became known as Honorius II.
“For several years the two popes and their supporters fought for control of Rome, with Honorius retaining powerful backing from the Holy Roman Empire and attracting support elsewhere in northern Europe.”
Lost Vatican Letter Reveals New Clues
The original papal document at the center of Licence’s research no longer survives.
“The Pope’s whole register of letters is lost,” Licence said. “But some survive as copies or excerpts. Two excerpts from this particular letter survive in collections of papal rescripts.”
Those fragments were preserved in a medieval collection of canon law in the Vatican. The letter was written by Alexander II after William had taken the English throne, but it looked back at England’s relationship with Rome before the conquest.
Pope Alexander’s Striking Accusation
One passage claims that England had previously enjoyed the protection of St. Peter before people “fired with the pride of their father Satan” drew the English away from “the path of truth”.
The language is unusually severe.
“While historians have occasionally noted these remarks, they have generally treated them as unexplained references,” Licence said.
A Religious Conflict Beyond the Crown
His interpretation is that Alexander was not simply condemning Harold personally. The pope may have been describing England as having abandoned his faction during the papal conflict.
That changes the significance of the accusation.
“In the eyes of Pope Alexander’s supporters, it was no longer simply a battle for a crown, but a struggle against those they regarded as followers of Satan,” Licence said.
Why Rome Backed William’s Invasion
That question has long complicated accounts of William’s invasion.
Harold Godwinson became king in January 1066 following the death of Edward the Confessor. William, duke of Normandy, argued that the English crown had been promised to him and that Harold had previously sworn an oath supporting his claim.
William subsequently invaded England, defeated Harold at the Battle of Hastings on October 14, 1066, and was crowned king on Christmas Day.
Papal Approval and the Norman Conquest
Norman accounts also connected William’s expedition with papal approval. William of Poitiers, a contemporary Norman writer, is the only contemporary source explicitly stating that Alexander II backed the invasion, and later writers described William receiving a papal banner. Historians have therefore debated exactly what papal approval involved and when it was granted.
License’s research proposes an additional motive.
“Harold’s policy on the papacy may ultimately have played into the hands of his enemies, giving William’s opportunistic invasion the legitimacy of a just war,” he said.
Harold’s Possible Political Miscalculation
He believes the critical change may have occurred after Harold became king.
“Historians have traditionally explained papal support for William through Harold’s disputed claim to the throne and allegations of oath-breaking.
“What this evidence suggests is that Pope Alexander II may have had political reasons of his own for backing the Norman invasion.
“If Harold had aligned England with Alexander’s rivals, it would help explain why the pope was willing to support the overthrow of a crowned king. Viewed from Rome, the conquest was not simply a succession dispute but part of a wider struggle over the future of the Church in Europe.”
How Papal Support Reframed William’s Invasion
Papal approval could have been especially valuable to William because it transformed the political meaning of his expedition. Rather than appearing merely as a foreign duke trying to seize another ruler’s kingdom, William could present his campaign as one that had received the blessing of Christianity’s highest religious authority. Scholars have previously noted how carefully William’s claim was constructed as he sought support for the invasion.
Seen from this perspective, the road to Hastings ran through far more than England and Normandy.
The papacy was becoming increasingly assertive, the Holy Roman Empire remained deeply involved in Italian and church politics, and Norman rulers were expanding their power elsewhere in Europe, particularly in southern Italy. Alexander II’s relationship with the Normans extended well beyond England, making William’s invasion part of a larger network of political relationships between Rome and Norman rulers.
License’s argument, therefore, places Harold’s downfall within a European struggle over political and religious authority.
Historians Reframe the Norman Conquest
Prof. David Fergusson, Regius Professor of Divinity at the University of Cambridge, said, “Tom Licence’s research on the European context of the Norman invasion offers us a fresh perspective on the wider political currents that contributed to the events of 1066.
“His account of the likely role of the papacy in legitimizing William’s invasion illustrates the complex dynamics of the relationship between church and monarchy throughout the period. This is a significant contribution to our understanding of the role of the medieval Church in the wider history of Europe.”
Prof. Rory Naismith, Professor of Early Medieval English History at the University of Cambridge, also emphasized the broader setting.
Rome’s Overlooked Role in 1066
“This is indeed an important point. The Norman Conquest did not just involve the English and the Normans. It was tied to developments all over Europe.
“Rome in particular had long been central to England’s religious identity, and to have brought out the Roman dimension of 1066 in this way is a significant contribution.
“Prof. Licence shows what can be achieved when neglected sources are expertly brought out of the shadows,” he added.
The research arrives as one of the conquest’s most famous surviving objects prepares for an unusually prominent return to Britain. The British Museum’s Bayeux Tapestry exhibition is scheduled to open on September 10, 2026.
Never miss a breakthrough:
Join the SciTechDaily newsletter.
Follow us on
Google News
Religion
University of East Anglia
Articles
1,300-Year-Old Secret: Lost Medieval Manuscript Finally Found Hiding in Plain Sight
Scientists Discover 42 “Ghost Pages” From Ancient New Testament Manuscript
Historians Got It Wrong: New Findings Rewrite the Story of the Battle of Hastings
New Research Reveals the Forgotten Green Legacy of Dragon-Slaying Saints
One of “Publishing’s Greatest Failures” – How a 500-Year-Old Bible Map Changed History Forever
Was Jesus’ Crucified Body Wrapped in the Shroud of Turin? Newly Found Medieval Text Declares Relic a “Clear Fake”
Divine Discovery: Ultraviolet Rays Illuminate 1,750-Year-Old New Testament Translation
Scientists Investigate the Believed Remains of Two Christian Apostles – Here’s What They Found
A Memorial of ‘Unparalleled Splendor’ – New Evidence Helps Form Digital Reconstruction of Ultimate Medieval Shrine",full,,dom_or_structured_full_text,https://scitechdaily.com/lost-vatican-letter-recasts-1066-as-a-holy-war-against-followers-of-satan/,scitechdaily,综合科技,无,2026-08-18T22:27:43+00:00,基础科学与环境 > 考古与人类历史,基础科学与环境,考古与人类历史,"[{""path"":[""基础科学与环境"",""考古与人类历史""],""path_text"":""基础科学与环境 > 考古与人类历史"",""confidence"":0.92,""reason"":""核心是重新解读梵蒂冈中世纪文献对1066年诺曼征服的历史认知，属历史遗存研究。""}]",classified,2026-08-18T23:01:09.804472+00:00,glm-5.2,2026-08-14,
This Common Gut-Bacteria Compound May Be Linked to Alzheimer’s Disease,2026-08-18,"A common gut-derived molecule may influence processes linked to dementia. Researchers found that its levels tracked with several signs of Alzheimer’s disease. Credit: Stock
Gut bacteria produce a common compound called imidazole propionate, and a study found that higher levels are associated with dementia related changes in the brain.
A molecule made by gut bacteria could help explain why changes in the intestinal microbiome are connected to Alzheimer’s disease. Researchers report that higher levels of imidazole propionate, or ImP, are linked to greater Alzheimer’s risk and faster cognitive decline in people with dementia, raising the possibility that the compound itself could become a treatment target.
Nearly a decade ago,
University of Wisconsin–Madison
professors Barbara Bendlin and Federico Rey led research showing that people with Alzheimer’s disease have different communities of intestinal microbes than healthy individuals.
“Since then, we’ve been trying to figure out how this difference in the gut perhaps leads to changes in the brain,” says Bendlin, a professor of gerontology in the UW School of Medicine and Public Health.
Barbara Bendlin. Credit: University of Wisconsin-Madison
A gut compound reaches the brain
In research published in
Nature Communications
, Bendlin, Rey, and their collaborators focused on imidazole propionate (ImP), a compound produced by certain gut bacteria that appears to contribute to brain changes associated with Alzheimer’s disease and related dementias. Production varies considerably between individuals, with some people generating much more ImP than others.
“ImP-producing bacteria are present in a large fraction of people, but they’re not very abundant in most people,” says Rey, a UW–Madison professor of bacteriology. “But something we have learned over the years is that a microbe doesn’t have to be abundant to have an impact on the host.”
After leaving the gut, ImP can circulate to other organs and has previously been implicated in type 2 diabetes and coronary artery disease. In mice, the researchers found that ImP reaching the brain increased the accumulation of two abnormal proteins associated with Alzheimer’s disease, beta-amyloid and tau.
“That process eventually results in the death of neurons, and in humans is a key feature of Alzheimer’s disease,” Rey says.
Higher ImP tracks faster cognitive decline
The researchers then measured ImP in blood samples from almost 1,200 participants in the Wisconsin Registry for Alzheimer’s Prevention and studies conducted through the Wisconsin Alzheimer’s Disease Research Center. People with higher ImP concentrations were much more likely to show markers associated with dementia related protein abnormalities and neuronal dysfunction.
Federico Rey. Credit: University of Wisconsin-Madison
“And because we have the results of cognitive tests these volunteers took over time, we can see that the people with the highest ImP levels also experienced much faster cognitive decline,” Rey says.
Another clue came from genetics. The researchers identified a genetic variant found in about 43% of participants that was associated with substantially higher blood levels of ImP. One possibility is that the variant changes how effectively the kidneys filter ImP from the blood so it can be eliminated from the body.
“This genetic variation has been associated with increased Alzheimer’s risk in large genetic studies before, and now we may understand why it’s connected,” Rey says.
ImP could become a treatment target
The findings raise the possibility that lowering ImP could eventually provide a way to reduce the risk of Alzheimer’s disease and related dementias. Altering ImP through diet alone may be difficult, however, because gut bacteria make the compound while metabolizing histidine, an amino acid that is essential for human health and found widely in common foods, particularly those rich in protein.
“Generally improving your diet would probably help,” Bendlin says. “But it’s not as easy as saying, ‘Stop eating eggs’ or ‘Don’t eat so much red meat.’ Because you need histidine, and it’s all over the place.”
Identifying a specific molecule in the bloodstream, along with a genetic factor associated with its concentration, gives researchers a more focused biological target to investigate.
“It could be just like cholesterol, where people with elevated cholesterol take a drug, a statin, that reduces their risk for heart disease,” Bendlin says. “If we can find an inhibitor that can help decrease the levels of ImP in the blood, that could hopefully reduce the risk of Alzheimer’s and the speed of cognitive decline for a significant number of people.”
Reference: “Gut bacterial metabolite imidazole propionate potentiates Alzheimer’s disease pathology” by Vaibhav Vemuganti, Jea Woo Kang, Qijun Zhang, Eric R. McGregor, James R. Hilser, Ruben Aquino-Martinez, Sandra Harding, Joseph Lawrence Harpt, Katharina R. Beck, Hailey Bussan, Jessamine F. Kuehn, Yuetiva Deming, Rachel Studer, Sterling C. Johnson, Sanjay Asthana, Henrik Zetterberg, Kaj Blennow, Corinne D. Engelman, Hooman Allayee, Rozalyn M. Anderson, Tyler K. Ulland, Fredrik Bäckhed, Barbara B. Bendlin and Federico E. Rey, 26 June 2026,
Nature Communications
DOI: 10.1038/s41467-026-74744-z
This research was supported in part by grants from the Wisconsin Partnership Program and the National Institutes of Health (R01AG070973, R01AG083883, R01AG092220, R21AG089348, R01HL168493, R01DK143650 and U54HL170326) and the U.S. Department of Agriculture (WIS03073).
Never miss a breakthrough:
Join the SciTechDaily newsletter.
Follow us on
Google News
Dementia
Genetics
Microbiome
Neuroscience
University of Wisconsin-Madison
Articles
Defying Genetics: How One Patient’s Unique Mutation Offers New Hopes in Alzheimer’s Prevention
Scientists Have Discovered New Pathways of Alzheimer’s Disease
Dementia Gene Doubles the Risk of Developing Severe COVID-19
New Rare Disease Uncovered With Own Facial Features, Cardiac Defects and Developmental Delay
Neuroscientists May Have Just Discovered Why Some People Are More Prone to Anxiety
Shocking Research Shows That Antibiotic Use May Increase Risk for Opioid Abuse
The Combination of Foods You Eat Together May Raise Dementia Risk
An Aspirin a Day Does Not Keep Dementia at Bay – No Difference Than Placebo
Scientists Report a Major Breakthrough in Alzheimer’s Disease",full,,dom_or_structured_full_text,https://scitechdaily.com/this-common-gut-bacteria-compound-may-be-linked-to-alzheimers-disease/,scitechdaily,综合科技,无,2026-08-18T22:27:44+00:00,生命科学与健康 > 医学与健康 > 神经科学与脑健康,生命科学与健康,神经科学与脑健康,"[{""path"":[""生命科学与健康"",""医学与健康"",""神经科学与脑健康""],""path_text"":""生命科学与健康 > 医学与健康 > 神经科学与脑健康"",""confidence"":0.88,""reason"":""研究肠道菌群代谢物与阿尔茨海默病及认知衰退的关联，属神经科学与脑健康。""}]",classified,2026-08-18T23:01:09.804472+00:00,glm-5.2,2026-08-14,
Scientists Are Discovering Unexpected Benefits of GLP-1 Drugs,2026-08-18,"GLP-1 drugs such as Ozempic, Wegovy, Mounjaro, and Zepbound are becoming increasingly common as millions of people use them to treat obesity, diabetes, and related metabolic conditions. Credit: Shutterstock
New research examines the emerging benefits and unanswered questions surrounding this rapidly expanding class of medications.
Millions of people are now using GLP-1 receptor agonists and dual agonists to treat obesity and other metabolic diseases, giving researchers a much broader view of what these medications can do beyond their intended effects.
An editorial by Dr. Steven Heymsfield of LSU’s Pennington Biomedical Research Center and Dr. Adam Gilden of the University of Colorado examines the benefits and unanswered questions emerging as their use expands.
“Most of the unanticipated side effects of GLP-1 receptor agonists have been positive,” the authors wrote.
Benefits may extend beyond weight loss
Heymsfield and Gilden point to evidence that GLP-1 medications may reduce inflammation and lower the risk of certain cardiovascular and musculoskeletal conditions.
Other emerging research suggests they may also reduce alcohol consumption and the risk of some substance use disorders, although further clinical trials are needed to determine whether these effects hold up.
Dr. Steven Heymsfield and Dr. Adam Gilden’s Obesity journal editorial highlights emerging benefits and questions surrounding this rapidly expanding class of medications. Credit: PBRC
Muscle and nutrition remain concerns
The medications also raise unresolved questions about lean body mass and nutrition. Some of the weight lost during GLP-1 treatment can come from lean mass, including muscle, making exercise and appropriate nutrition important areas of study for preserving muscle. Because the drugs reduce appetite, some patients may also face a greater risk of micronutrient deficiencies.
“GLP-1 receptor agonists have already transformed the practice of medicine in the United States, and this change will continue as more medications come onto the market,” the authors wrote.
Trials could clarify unanswered effects
Heymsfield and Gilden identify three major priorities for future GLP-1 research:
Determining the mechanisms that may underlie reductions in inflammation,
Using randomized trials to better characterize changes in lean body mass and identify ways to preserve muscle,
Running larger randomized trials to establish whether these medications can reduce alcohol use disorders.
Although important uncertainties remain, Heymsfield and Gilden conclude that the evidence so far points to a favorable overall risk-benefit profile for GLP-1 receptor agonists and dual agonists.
Reference: “Unanticipated Effects of GLP-1 Receptor Agonists: A Net Positive” by Adam H. Gilden and Steven B. Heymsfield, 30 July 2026,
DOI: 10.1002/oby.70288
Never miss a breakthrough:
Join the SciTechDaily newsletter.
Follow us on
Google News
Endocrinology
Inflammation
Semaglutide
Weight Loss
Articles
More Weight Loss, Fewer Fractures? New Study Points to Semaglutide
Study of 750,000 Pregnancies Challenges Fears Over Popular Weight Loss Drugs
Hormone Therapy May Supercharge Popular Weight-Loss Drugs After Menopause
Is Ozempic Sapping Your Strength? Research Shows Surprising Muscle Loss
Weight Loss of 15% or More Should Be Central Focus of Type 2 Diabetes Management
Study Shows New Obesity Treatment Semaglutide Reduces Body Weight Regardless of Patient Characteristics
Diabetes Medication Semaglutide Reduces Excess Body Fat in People With Obesity
Significant Advance in the Treatment of Obesity: “Gamechanger” Drug Cuts Body Weight by 20%
Burn Twice as Many Calories: Eat a Big Breakfast Rather Than a Large Dinner",full,,dom_or_structured_full_text,https://scitechdaily.com/scientists-are-discovering-unexpected-benefits-of-glp-1-drugs/,scitechdaily,综合科技,无,2026-08-18T22:27:46+00:00,生命科学与健康 > 生物医药 > 药物研发与产业,生命科学与健康,药物研发与产业,"[{""path"":[""生命科学与健康"",""生物医药"",""药物研发与产业""],""path_text"":""生命科学与健康 > 生物医药 > 药物研发与产业"",""confidence"":0.9,""reason"":""核心是GLP-1类药物的疗效、扩展适应症与临床证据综述，属药物研发与产业。""}]",classified,2026-08-18T23:01:09.804472+00:00,glm-5.2,2026-08-14,
This Common Type of Medication Is Linked to Slower Cognitive Decline,2026-08-18,"NOACs, also known as direct oral anticoagulants (DOACs), are newer blood-thinning medications used to prevent strokes and blood clots, particularly in people with atrial fibrillation. Common examples include apixaban (Eliquis), rivaroxaban (Xarelto), dabigatran (Pradaxa), and edoxaban (Savaysa/Lixiana). Credit: Shutterstock
People with atrial fibrillation and Alzheimer’s disease who received NOACs showed a modestly slower rate of cognitive decline.
For people living with both Alzheimer’s disease and atrial fibrillation, the type of blood-thinning medication they receive may be linked to how quickly their cognitive abilities decline. Research from
Karolinska Institutet
, published in the
European Heart Journal
, found that patients taking newer anticoagulants known as NOACs experienced a slower rate of cognitive decline than those taking warfarin or no anticoagulant.
Atrial fibrillation is a common abnormal heart rhythm among older adults, including many people with Alzheimer’s disease. Blood-thinning medications are frequently prescribed to reduce the risk of dangerous blood clots. Earlier research has suggested that anticoagulants may reduce the likelihood of developing dementia, but much less is known about their relationship with cognition after Alzheimer’s disease has already developed.
Maria Eriksdotter. Credit: Ulf Sirborn
“There are reasons to believe that the treatment could have a positive effect on cognition, for example by improving blood flow and reducing small-scale damage in the brain,” says Maria Eriksdotter, professor at the Department of Neurobiology, Care Sciences and Society, Karolinska Institutet, and senior consultant in geriatric medicine at Karolinska University Hospital, who led the study.
Study follows more than 7,000 patients
The researchers analyzed records from 7,308 people diagnosed with both atrial fibrillation and Alzheimer’s disease using the national quality register SveDem (Swedish Register for Cognitive Disorders/Dementia). Participants were placed into three matched groups: people taking NOACs, those receiving the older anticoagulant warfarin (Waran), and those receiving no anticoagulant medication. Cognitive changes were tracked over time with the standardized Mini-Mental State Examination (MMSE).
People taking NOACs showed a significantly slower decline in cognitive function than participants receiving warfarin or no anticoagulant therapy. The difference amounted to slightly more than 0.2 MMSE points each year.
Nanbo Zhu. Credit: Gunilla Sonnebring
“The difference is modest for an individual patient from one year to the next, but over a longer period even such an effect could influence how cognitive function develops. Our findings suggest that NOAC treatment may also be significant for cognition in this patient group,” says Nanbo Zhu, researcher at the Department of Neurobiology, Care Sciences and Society, Karolinska Institutet.
Other health outcomes also differed
Compared with people who received no anticoagulant treatment, those taking NOACs also had lower risks of death, stroke, blood clots, and fractures. Warfarin was similarly associated with reduced risks of death, stroke, and blood clots, but it was linked to a greater risk of major bleeding.
The findings come with important limitations. Because the research was observational, it cannot establish with certainty that NOAC treatment caused the slower cognitive decline or other health differences. The researchers were also unable to fully account for some factors that could influence both medication choice and health outcomes, and some participants may have changed medications during the follow-up period.
Reference: “Oral anticoagulants, cognition, and clinical outcomes in atrial fibrillation and Alzheimer’s disease: a Swedish nationwide study” by Nanbo Zhu, Hong Xu, Sara Garcia-Ptacek, Sumonto Mitra and Maria Eriksdotter, 12 August 2026,
European Heart Journal
DOI: 10.1093/eurheartj/ehag584
The study was funded by, amongst others, the Swedish Research Council, the Swedish Brain Foundation, CIMED, ALF project funding and Karolinska Institutet funds.
Never miss a breakthrough:
Join the SciTechDaily newsletter.
Follow us on
Google News
Alzheimer's Disease
Cardiology
Dementia
Karolinska Institutet
Neuroscience
Articles
Scientists Discover Brain “Switches” That Help Clear Alzheimer’s Plaques
New AI Discovery: The Hidden Factors Behind Faster Brain Aging
Brain Battles: How Stress Wipes Out Your Cognitive Reserve
A Sweet Clue to Alzheimer’s: Sugar Molecule Predicts Disease Risk
Elevated Resting Heart Rate Linked to Increased Risk of Dementia
Link Discovered Between ADHD and Dementia Across Generations
Statins Used to Lower Cholesterol Linked to Doubled Risk of Developing Dementia
Dementia Linked to Poor Kidney Function in New Research
An Aspirin a Day Does Not Keep Dementia at Bay – No Difference Than Placebo",full,,dom_or_structured_full_text,https://scitechdaily.com/this-common-type-of-medication-is-linked-to-slower-cognitive-decline/,scitechdaily,综合科技,无,2026-08-18T22:27:48+00:00,生命科学与健康 > 生物医药 > 药物研发与产业,生命科学与健康,药物研发与产业,"[{""path"":[""生命科学与健康"",""生物医药"",""药物研发与产业""],""path_text"":""生命科学与健康 > 生物医药 > 药物研发与产业"",""confidence"":0.85,""reason"":""研究新型口服抗凝药对认知衰退速度的影响，属药物临床研究。""},{""path"":[""生命科学与健康"",""医学与健康"",""临床医学与公共健康""],""path_text"":""生命科学与健康 > 医学与健康 > 临床医学与公共健康"",""confidence"":0.7,""reason"":""涉及房颤与阿尔茨海默病患者的临床治疗与预后研究。""}]",classified,2026-08-18T23:01:09.804472+00:00,glm-5.2,2026-08-14,
Light Reveals the Hidden Quantum Motion Inside an Exotic Crystal,2026-08-18,"Researchers used light to reveal the collective motion of electrons forming a Wigner crystal. Credit: Enrique Sahagún, Scixel / University of Basel, Department of Physics
Optical measurements can reveal the hidden collective motion and quantum dynamics of electrons inside a Wigner crystal.
In a Wigner crystal, electrons behave in an unusual way. Rather than moving independently, strongly interacting electrons confined to a two-dimensional plane can arrange themselves into a repeating lattice similar to the atoms in an ordinary crystal. Researchers at the University of Basel and the Technical University of Munich have now found a way to use light to examine the collective motion hidden within this fragile quantum state.
Unlike an ordinary crystal, the ordering of a Wigner crystal does not come from the structure of the surrounding material. Instead, it emerges from interactions among the electrons themselves, a property that has made this state of matter an important subject of research for decades.
Wigner crystals have already been observed in several physical systems, but understanding what happens inside them has been far more difficult. In particular, researchers have struggled to measure how their electrons move collectively, interact, and react to external disturbances.
Light exposes hidden electron motion
To investigate those dynamics, experimentalists led by Professor Tomasz Smoleński at the University of Basel studied a single atomic layer of tungsten diselenide cooled to only a few degrees above absolute zero. By shining light onto the material and analyzing what was reflected, they identified previously unseen optical features connected to the collective behavior of electrons in the Wigner crystal. The study was published in Nature Physics.
The signals emerge through interactions between the ordered electrons and excitons, which are excitations produced in the material by light. Together, they form hybrid quasiparticles known as Wigner crystal polarons, which provide a highly sensitive optical probe of the crystal and its collective dynamics.
“Our measurements show that light can do more than simply detect the presence of this exotic state—it can reveal how the state behaves internally,” says first author Dr. Lujun Wang from the University of Basel, who carried out the experiments together with Ferdinand Menzel, a PhD student in Smoleński’s group.
“This gives us a powerful new tool for studying collective excitations of electronic crystals that would otherwise be extremely difficult to access,” adds Smoleński.
The measurements also showed that the strength of interactions among the electrons influences these optical signatures. That connection makes the signals useful for investigating strongly correlated systems, in which interactions among many particles collectively determine the material’s properties.
Optical signals reveal quantum dynamics
To understand the observations, theorists led by Professor Michael Knap at the Technical University of Munich (TUM) developed a theoretical model describing how Wigner crystal polarons form when optically generated excitons couple to the collective motion of electrons in the crystal.
“What is particularly exciting is that these signals carry information not only about how the electrons are arranged, but also about their quantum dynamics,” explains Fabian Pichler, a PhD student at TUM. “This allows us to connect the experimental observations directly to the underlying many-body physics.”
The findings indicate that atomically thin materials can provide a platform for observing the collective movement of electrons within ordered quantum states. By making those internal dynamics accessible through light, the approach could help researchers investigate the fundamental behavior of strongly correlated matter.
Reference: “Spectroscopy of Wigner crystal polarons in an atomically thin semiconductor” by L. Wang, F. Menzel, F. Pichler, P. Knüppel, K. Watanabe, T. Taniguchi, M. Knap and T. Smoleński, 11 August 2026,
Nature Physics
DOI: 10.1038/s41567-026-03395-0
This work was supported by the Swiss National Science Foundation (SNSF) under grant number CRSK-2_237251 as well as by the European Commission through ERC grant OptoQuantTOP (grant number 101219354).
Never miss a breakthrough:
Join the SciTechDaily newsletter.
Follow us on
Google News
Condensed Matter
Electrons
Quantum Materials
Quantum Physics
University of Basel
Articles
Physicists Discover a Fundamental Limit to Electrical Resistance
Decades-Old Quantum Puzzle Solved: Graphene Electrons Violate Fundamental Law of Physics
Spooky Quantum Steering at a Distance for More Precise Measurements
Physicists Discover Strange New Magnetoelectric Effect
Laser Loop Acts as a Mechanical Spring to Couple Quantum Systems Over a Distance
Physicists Create a New Quantum Particle That Exhibits Ball Lightning Characteristics
Physicists Reveal a New State of Quantum Matter Called Rydberg Polaron
Physicists Observe Quantum Criticality in a New Class of Materials
Simulating Quantum Walks in Two Dimensions",full,,dom_or_structured_full_text,https://scitechdaily.com/light-reveals-the-hidden-quantum-motion-inside-an-exotic-crystal/,scitechdaily,综合科技,无,2026-08-18T22:27:50+00:00,基础科学与环境 > 物理与化学基础研究,基础科学与环境,物理与化学基础研究,"[{""path"":[""基础科学与环境"",""物理与化学基础研究""],""path_text"":""基础科学与环境 > 物理与化学基础研究"",""confidence"":0.9,""reason"":""用光学测量揭示维格纳晶体中电子量子动力学，属凝聚态物理基础研究。""}]",classified,2026-08-18T23:01:09.804472+00:00,glm-5.2,2026-08-14,
CERN Experiment Finds Gluons Behaving Strangely Deep Inside Atomic Nuclei,2026-08-18,"The ALICE experiment at CERN’s Large Hadron Collider. Credit: CERN
ALICE measurements suggest that gluons inside nuclei begin behaving collectively at very small scales, favoring gluon saturation over conventional nuclear shadowing alone.
Deep inside atomic nuclei, gluons bind quarks together and help determine the structure of visible matter. A CERN study, with a
University of Kansas
physicist playing a leading role, has now shown that experiments can distinguish between two competing explanations for how these particles behave in nuclei.
Conducted with the ALICE experiment at CERN’s Large Hadron Collider and published in
Physical Review Letters
, the research provides the first multidimensional measurement of incoherent J/ψ (pronounced “”JAY-sigh”) photonuclear production across both interaction energy and momentum transfer. The approach gives researchers an unusually detailed picture of how gluons are distributed inside atomic nuclei at high energies.
“Although quarks are often described as the fundamental building blocks of matter, nearly all the mass of the visible universe—from the atoms in our bodies to the matter inside stars—actually comes from the energy carried by gluons and the strong force that binds quarks together,” said nuclear physicist Daniel Tapia Takaki, professor of physics & astronomy at KU and member of the ALICE collaboration. “Understanding how gluons behave inside nuclei is therefore essential to understanding how matter itself acquires its mass and structure.”
Tapia Takaki helped lead the work in close collaboration with researchers at the Czech Technical University in Prague. KU has an institutional partnership with the university that includes exchanges of researchers and students.
A new view of gluon fluctuations
To examine variations in gluon density at finer spatial scales than earlier studies could reach, the researchers turned to a technique known as incoherent J/ψ photonuclear production.
“The measurements were performed using data collected during Run 2 of the Large Hadron Collider, where fast-moving lead nuclei pass close to one another without directly colliding,” Tapia Takaki said. “In these encounters, intense electromagnetic fields surrounding the nuclei behave like beams of high-energy photons. When one of these photons strikes another nucleus, it can briefly produce a particle called the J/ψ, whose production provides a sensitive probe of the underlying gluon structure.”
Rather than averaging the gluon distribution across an entire nucleus, incoherent J/ψ production can reveal local variations in gluon density. That sensitivity lets researchers investigate structures smaller than a proton. Gluon fields exist inside every atomic nucleus and contribute to nearly all the mass of visible matter, yet understanding how they behave collectively remains a major problem in modern physics.
“Our experiments using incoherent production is like switching from a blurry image to a high-resolution microscope,” Tapia Takaki said. “This process allows us to see how gluons fluctuate and organize themselves inside nuclei. By varying the momentum transfer, our experiment effectively changes the focus of our microscope. At resolutions of 0.6, 0.3, and 0.2 femtometers, ALICE progressively probed smaller regions inside the nucleus. The finest resolution corresponds to structures only about one-quarter the size of a proton.”
Tapia Takaki compared the scale to examining a nucleus enlarged to the size of a football stadium. At ALICE’s highest resolution, the experiment could distinguish features only a few yards wide on the field.
Evidence points toward gluon saturation
“At these extraordinary scales, we observe evidence that the gluons begin to behave collectively, a phenomenon known as gluon saturation,” he said
Tapia Takaki has helped develop this experimental approach as well as theoretical models in which gluons cluster into localized regions of especially high density, sometimes called “hot spots.” Under the energy-dependent hot-spot model, these dense regions change as collision energy increases and may carry signatures of previously unexplored behavior in the strong interaction.
For the latest analysis, the researchers measured incoherent J/ψ production across photon-nucleus energies ranging from 20 to 633 billion electron volts. At the same time, they tracked changes with momentum transfer, which determines the spatial scale at which the nucleus is being examined.
“The results revealed a striking pattern,” said the KU researcher. “At the smallest spatial scales explored in the experiment, the production rate of J/ψ particles is significantly suppressed, with a statistical significance of about three standard deviations.”
Nuclear shadowing falls short
Tapia Takaki said the suppression poses a challenge to a long-standing explanation known as “nuclear shadowing,” which has successfully accounted for earlier measurements.
“In that framework, gluons inside a nucleus partially overlap and obscure each other—similar to layers of clouds blocking sunlight—reducing the probability of certain particle production processes,” he said.
The latest measurements show that conventional nuclear shadowing by itself cannot fully account for what ALICE observed.
“Instead, the observations are consistent with a different phenomenon known as ‘gluon saturation,’ predicted by the theory of quantum chromodynamics, which describes the strong force,” Tapia Takaki said. “In this regime, gluons become so densely packed that they begin interacting strongly with one another, limiting how many can exist in a given region.”
Reference: “Evidence for J/ψ Suppression in Incoherent Photonuclear Production” by S. Acharya, A. Agarwal, G. Aglieri Rinella, L. Aglietta, M. Agnello, N. Agrawal, Z. Ahammed, S. Ahmad, S. U. Ahn et al. (ALICE Collaboration), 29 July 2026,
Physical Review Letters
DOI: 10.1103/rmwb.75m7
Never miss a breakthrough:
Join the SciTechDaily newsletter.
Follow us on
Google News
Large Hadron Collider
Nuclear Physics
Particle Physics
University of Kansas
Articles
Scientists Discover Extreme Acceleration Inside a Nuclear Fireball
CERN Experiments Detect Signs of the Universe’s Primordial Matter
Near Misses at Large Hadron Collider Shed Light on the Behavior of Gluons
CERN Announces Discovery of Higgs-Like Particle in the 125 GeV Range
CERN to Announce the Latest Results from ATLAS and CMS
Higgs Boson Might Have Been Discovered by LHC High Energy Physicists
Discussing the Search for the Higgs Particle
More Data of Elusive Higgs Boson from Defunct US Tevatron Collider
Higgs Boson Signals Gain Strength at Large Hadron Collider
Comments",full,,dom_or_structured_full_text,https://scitechdaily.com/cern-experiment-finds-gluons-behaving-strangely-deep-inside-atomic-nuclei/,scitechdaily,综合科技,无,2026-08-18T22:27:52+00:00,基础科学与环境 > 物理与化学基础研究,基础科学与环境,物理与化学基础研究,"[{""path"":[""基础科学与环境"",""物理与化学基础研究""],""path_text"":""基础科学与环境 > 物理与化学基础研究"",""confidence"":0.95,""reason"":""核心是CERN对核内胶子行为的基础物理测量研究。""}]",classified,2026-08-18T23:01:14.485983+00:00,glm-5.2,2026-08-14,
Quantum Computer Solves a Problem in 15 Minutes That Classical Methods Can’t Practically Compute,2026-08-18,"Technology
Scientists used a new error correction method to encode 70 logical qubits and solve a problem that is intractable for classical computers. The quantum computation took about 15 minutes, while leading classical methods would require an impractical amount of time. Credit: Shutterstock
Researchers have demonstrated a quantum computation that appears to exceed the practical capabilities of leading classical simulation methods while also addressing a longstanding problem: how to verify the result.
A quantum computer completed a difficult calculation in about 15 minutes, while leading classical simulation methods would require prohibitive amounts of time. Just as importantly, the experiment included a way to establish confidence that the quantum result was accurate.
IBM and University of Chicago researchers announced the demonstration on July 30, 2026, presenting it as evidence that quantum computing has met the
central requirements
for quantum advantage. This means completing a task beyond the practical reach of leading classical methods while providing a reliable measure of how faithfully the quantum computation was performed.
In a paper published on
, the researchers describe a new design for encoded quantum circuits that allowed them to pursue both goals at once. The experiment became one of the largest demonstrations of logical quantum computing reported so far. The circuits and results have also been released publicly through the
Quantum Advantage Tracker
“This experiment develops techniques to better characterize the fidelity of hard quantum states under noise, increasing confidence that the quantum computer is solving a computationally hard problem,” said UChicago Assoc. Prof. Bill Fefferman. Credit: IBM
Verification has remained the central barrier
Random circuit sampling (RCS) has long served as a benchmark for testing whether quantum computers can outperform classical systems. In this task, a quantum computer produces patterns so complicated that classical computers cannot efficiently recreate them.
The harder the calculation becomes, however, the more difficult it is to confirm that the quantum computer produced the correct output. Eventually, verification itself can become infeasible unless researchers make substantial assumptions about how the machine operates internally.
The IBM and University of Chicago experiment addressed this problem with a more structured alternative to RCS. The researchers proved that the new approach preserves the same standards of computational hardness while allowing errors to be detected as the calculation proceeds.
“Verification remains one of the biggest challenges in firmly establishing experimental quantum advantage,” said Bill Fefferman, Associate Professor at the University of Chicago. “This experiment develops techniques to better characterize the fidelity of hard quantum states under noise, increasing confidence that the quantum computer is solving a computationally hard problem.”
IBM and researchers from the University of Chicago announced a demonstration in quantum computing that meets the fundamental criteria for “quantum advantage”—the point where quantum computers can be confirmed to have outperformed classical computers. Credit: IBM
Soumik Ghosh, PhD student in Fefferman’s group at the University of Chicago, added, “Beyond strengthening experimental validation, advances in verification have the potential to unlock practical applications for the next generation of quantum computers.”
Seventy logical qubits suppress errors
The researchers carried out one of the largest known quantum error correction demonstrations, using 70 logical qubits. Logical qubits encode quantum information across multiple physical components to protect calculations from errors caused by noise.
The system completed 2,415 logical two-qubit operations and 468 logical “T gates,” two measures of quantum circuit complexity. Encoding the circuit reduced the effective logical error rate to one tenth of the physical error rate, allowing the computation to maintain high fidelity despite the large number of operations.
“We are now firmly in the quantum advantage era,” said Jay Gambetta, Director of IBM Research and IBM Fellow. “We have demonstrated a quantum computation beyond the practical reach of classical computers that establishes, with statistical confidence, a lower bound on how faithfully it was executed. This milestone gives scientists, developers, and businesses a new foundation for trusting quantum computers as they scale to problems far beyond what we can achieve classically.”
The IBM quantum computer completed the task in approximately 15 minutes. The researchers found that many leading classical simulation methods would face runtimes too long to be practical.
Reliable error correction and confidence in a computation’s output are both necessary for quantum systems to operate at larger scales. By combining a classically difficult calculation with a method for assessing its accuracy, the experiment represents a significant step toward that goal.
Reference: “Sampling hard circuits with verifiably high fidelity” by Simon Martiel, Jay-U Chung, Alireza Seif, Soumik Ghosh, Ian Hincks, Abhinav Deshpande, Bill Fefferman, Jay M. Gambetta and Ali Javadi-Abhari, July 27, 2026,
DOI: 2607.25941
Never miss a breakthrough:
Join the SciTechDaily newsletter.
Follow us on
Google News
Algorithm
Computer Science
Quantum Computing
Quantum Mechanics
Articles
Quantum Walks: Unlocking Unprecedented Power for Next-Gen Computing
A Beginner’s Guide to Quantum Programming
Optimized Quantum Algorithms: Breakthrough Toward Quantum Advantage
Tiny Quantum Computer Solves Real Logistics Optimization Problem
Novel Quantum Circuit Calculates Fourier Transform Faster and More Efficiently
New Theory Offers Foundation for More Efficient Way to Develop Quantum Algorithms
Quantum Algorithm Developed to Characterize Noise Across Large-Scale Quantum Computers
Algorithms Improve AUV Navigation and Detecting Capabilities
New Algorithm Enables Wi-Fi Connected Vehicles to Share Data
Comments",full,,dom_or_structured_full_text,https://scitechdaily.com/quantum-computer-solves-a-problem-in-15-minutes-that-classical-methods-cant-practically-compute/,scitechdaily,综合科技,无,2026-08-18T22:27:53+00:00,AI与智能科技 > 其它智能科技 > 量子信息,AI与智能科技,量子信息,"[{""path"":[""AI与智能科技"",""其它智能科技"",""量子信息""],""path_text"":""AI与智能科技 > 其它智能科技 > 量子信息"",""confidence"":0.96,""reason"":""量子计算机实现量子优势并验证纠错逻辑量子比特，属量子计算核心进展。""}]",classified,2026-08-18T23:01:14.485983+00:00,glm-5.2,2026-08-14,
New Imaging Technology Tracks Cancer From the Whole Body to Single Cells,2026-08-18,"A new preclinical imaging method connects whole-body cancer scans with cellular-level detail. The technology could expose hidden differences between tumors that shape their growth and treatment response. Credit: Stock
For the first time, new imaging technology in Scotland allows scientists to track cancer from the whole body down to individual cells, providing new insights into the disease.
A medical scan can show where cancer is growing, but not what individual cells inside each tumor are doing. Microscopy can reveal those cellular details, yet it cannot show how the disease is behaving throughout the body. Researchers in Scotland have now connected those two views in a single imaging system.
Study lead Professor David Lewis of the Cancer Research UK Scotland Institute and the University of Glasgow said: “This exciting technology allows us to build a clearer map of how cancer behaves at both a holistic and microscopic level.
“It allows researchers to follow tumors in the body, identify the lesions that matter, and then zoom in to study those cancer cells and their environment giving us new information about cancer which we can take forward into better and more precise treatments.”
More than 403,000 people in the UK are diagnosed with cancer each year, including 34,800 in Scotland. Around 170,000 people nationwide, including 16,400 in Scotland, die from the disease annually, underscoring the need for better ways to study and treat cancer.
Cancer looks different at every scale
Cancer continually changes. Tumors grow, spread and interact with nearby immune cells and blood vessels. Even within a single patient, separate tumors may respond differently to the same treatment.
Researchers have traditionally examined these processes with separate tools. Whole body methods such as PET scanning can reveal where tumors are located and how they change over time, but they cannot show the behavior of individual cells. Microscopy provides that cellular detail but cannot follow cancer across the entire body.
Professor David Lewis. Credit: University of Glasgow
One system links scans to cells
The Cancer Research UK-funded method brings these two levels of observation together. Connecting large-scale imaging with cellular analysis could help researchers understand why tumors behave differently and why some respond to therapy while others resist it.
Researchers can label cancer cells so they remain identifiable across several imaging methods, allowing scientists to track where the cells travel, how they grow, and how they respond to treatment.
The method also shows how tumor cells interact with their local environment, including nearby immune cells and blood vessels. These surroundings can influence both cancer progression and treatment response.
The technology remains preclinical
The system is currently limited to research in mice and is not available for use in human patients. Even so, it is helping scientists investigate why therapies work against some tumors but not others, test potential treatments more precisely, study individual lesions and develop imaging methods that better represent the underlying biology of cancer.
A Cancer Research UK spokesperson said: “This technology represents a new and powerful tool in our aim to understand cancer biology. Cancer behaves differently from person to person and even tumor to tumor so having the knowledge that allows us to target each with the most effective treatment could be a game changer.
“Being able to see how cancer grows and develops at both a macro and micro level offers us new ways to find more precise ways to tackle and prevent cancer.”
The approach could also strengthen preclinical testing by allowing each tumor to be studied according to its individual biology rather than treating all tumors as identical.
Although researchers demonstrated the method in liver and lung cancer models, they say it could eventually support research across several fields, including oncology, immunology, neuroscience and regenerative medicine.
Reference: “Multiscale in vivo imaging of tumor evolution using a germline conditional triple-reporter mouse” by Ximena L. Raffo-Iraolagoitia, Abdullah Alyamani, Stephanie May, David Stevenson, Agata Mackintosh, Lynn McGarry, Jayanthi Anand, Dmitry Soloviev, Gavin Brown, Colin Nixon, Chrysa Kapeni, Maike De La Roche, Karen Blyth, Thomas Graham Bird, Douglas Strathdee, Scott K. Lyons, Gilbert Fruhwirth, Leo M. Carlin and David Y. Lewis, 15 July 2026,
Nature Biotechnology
DOI: 10.1038/s41587-026-03184-3
Never miss a breakthrough:
Join the SciTechDaily newsletter.
Follow us on
Google News
Medical Imaging
Microscopy
University of Glasgow
Articles
The Double Advantage of Killer T-Cells To Prevent Cancer Metastases
Surprisingly, Smokers Have a Lower Risk of Developing Prostate Cancer – But This Has a Hidden Cost
A New Way To Stop Cancer: Researchers Combine Radiotherapy With Exosomes
Bye, Bye, Biopsy? Handheld Device With New Imaging Tech To Painlessly Identify Skin Cancers
Making the Invisible Visible: A Clearer “Picture” of Blood Vessels in Health and Disease
FDA Approves New Imaging Drug to Help Identify Ovarian Cancer Lesions
Timing the Life of Antimatter Particles – Less Than 1/50,000,000 Second – May Lead to Better Cancer Treatment
New Model Captures Shape and Speed of Tumor Growth for the First Time
New Antibody Drug Boosts the Immune System’s Capacity to Fight Cancer",full,,dom_or_structured_full_text,https://scitechdaily.com/new-imaging-technology-tracks-cancer-from-the-whole-body-to-single-cells/,scitechdaily,综合科技,无,2026-08-18T22:27:55+00:00,生命科学与健康 > 医学与健康 > 临床医学与公共健康,生命科学与健康,临床医学与公共健康,"[{""path"":[""生命科学与健康"",""医学与健康"",""临床医学与公共健康""],""path_text"":""生命科学与健康 > 医学与健康 > 临床医学与公共健康"",""confidence"":0.85,""reason"":""癌症全身到细胞级成像新技术用于肿瘤诊断与治疗评估。""},{""path"":[""通用技术"",""检测和表征"",""先进科学仪器""],""path_text"":""通用技术 > 检测和表征 > 先进科学仪器"",""confidence"":0.8,""reason"":""核心是连接全身扫描与显微成像的新型成像仪器技术。""}]",classified,2026-08-18T23:01:14.485983+00:00,glm-5.2,2026-08-14,
Researchers Discover Rheumatoid Arthritis Vulnerability May Begin Before Birth,2026-08-18,"Rheumatoid arthritis may favor certain joints partly because of differences established during development, long before symptoms appear. Credit: Stock
Some joints may be predisposed to rheumatoid arthritis by cellular and structural differences established before birth.
Some joints may be predisposed to inflammatory arthritis before a person is even born. Researchers at the Kennedy Institute have identified developmental differences that could help explain a longstanding puzzle in rheumatoid arthritis: why the disease repeatedly affects certain joints while leaving others relatively untouched.
Their study, published in
Nature Immunology
, examines whether differences built into joint tissues during development contribute to this selective pattern.
Rheumatoid arthritis is an autoimmune disease in which the immune system attacks the synovium, the tissue lining a joint, causing pain, swelling, and stiffness. Persistent inflammation can eventually damage cartilage, bone, and surrounding tissues.
Vulnerability appears before birth
To look for an explanation, the researchers compared two types of finger joints with very different susceptibility to rheumatoid arthritis. Proximal interphalangeal (PIP) joints are commonly affected, while distal interphalangeal (DIP) joints near the fingertips are usually spared.
The PIP joints had a larger volume of synovial tissue and contained higher levels of PI16-positive (PI16+) fibroblasts, specialized connective tissue cells. Because these differences were already present before birth, the findings suggest that the tissues of individual joints may help determine their later susceptibility to disease.
Christopher Buckley, Kennedy Professor of Translational Rheumatology at the University of Oxford, said: “For decades we have known that rheumatoid arthritis selectively targets particular joints, but one of the great unanswered questions is why? Our findings suggest that the answer lies not only in the immune system but also in the tissues themselves. The cellular and structural characteristics established during development may help determine where inflammation takes hold later in life.”
Developing joints reveal their differences
The researchers mapped developing human finger joints using single-cell sequencing, advanced image analysis, and high-resolution 3D X-ray scanning. Examining joints during development allowed them to study entire joints in a level of detail that is difficult to achieve with adult tissue.
The developing joints consisted mainly of structural cells, including cartilage-forming cells and fibroblasts, rather than immune cells. The researchers then explored the signals that guide these cells toward their different specialized forms.
Synovial lining fibroblasts emerged as one population of particular interest. These cells make substances that lubricate joints and support smooth movement, but they can also behave abnormally in arthritis. The analysis indicated that the synovial lining may develop from two sources, cartilage cells and fibroblasts surrounding the joint. Localized conditions, including low oxygen levels, appeared to influence this process. Understanding those signals could provide insight into how these cells function and potentially how their normal protective role might be restored in disease.
Vulnerable joints contain distinct fibroblasts
Further comparisons exposed clear differences between PIP and DIP joints. Using a custom image analysis tool, the researchers found that PI16+ fibroblasts were more abundant in PIP joints and concentrated around blood vessels and where tendons and ligaments connect with surrounding tissue.
These cells also reacted differently to inflammatory signals than other fibroblast populations. Although PI16+ and PI16- fibroblasts shared a common pro-inflammatory response, PI16+ cells showed additional changes in pathways involved in tissue organization and immune regulation.
Structural differences were also apparent. High-resolution 3D imaging at Diamond Light Source on the Harwell Science and Innovation Campus showed that the synovial tissue surrounding PIP joints was larger and organized differently from the tissue in joints that rheumatoid arthritis usually spares. Taken together, these cellular and structural features may help explain why inflammation becomes established in some joints but not others.
Dr. Sarah Davidson, Postdoctoral Researcher at the Kennedy Institute and one of the first authors of the study, said: “We found that joints commonly affected by rheumatoid arthritis already contain distinct cellular populations before birth. PI16+ fibroblasts were enriched in vulnerable joints and responded differently to inflammatory signals. Their location and behavior suggest they could help shape where disease develops.”
The findings suggest that the characteristic pattern of rheumatoid arthritis may partly reflect joint architecture established during development. Rather than depending on immune activity alone, susceptibility to inflammation may also be influenced by the particular cellular and structural environment present within each joint.
Reference: “The embryonic origins of site-specific arthritis” by Sarah Davidson, Davide Simone, Kathrin Jansen, Max Cowan, Caio Machado, Ian Reekie, Ananya Bhalla, Rowie Borst, Cesar Prada Medina, Joshua Bull, Zhi Yi Wong, Sarah Hill, Micon Garvilles, Sam Pledger, Patricia Reis Nisa, Nora Rebecca Schwingen, Dylan Windell, Moustafa Attar, Catherine Disney, Andrew J. Bodey, Alissa Parmenter, Helen Byrne, Sharif Ahmed, Shashidhara Marathe, Peter D. Lee, Chris Mahony, Adam P. Croft, Stephen Sansom, Mark C. Coles and Christopher D. Buckley, 8 June 2026,
Nature Immunology
DOI: 10.1038/s41590-026-02542-2
Supported by the Medical Research Council (MRC).
Never miss a breakthrough:
Join the SciTechDaily newsletter.
Follow us on
Google News
Arthritis
Autoimmune Disorders
Cell Biology
Immune System
University of Oxford
Articles
Sugar vs. Fat: Unraveling the Metabolic Mysteries of MAIT Cells
The “Thunder God Vine” – An Herbal Compound To Help Fight Arthritis
A Promising New Treatment for Hand Osteoarthritis
New Study of Immune Cells Could Improve Vaccine Design
Body vs. Brain: Scientists Discover Evidence for an Autoimmune Cause of Schizophrenia
Scientists Developed an Experimental Vaccine Against Rheumatoid Arthritis – “Totally Disappeared”
Human ‘Jekyll and Hyde’ Immune Cell Discovered by Scientists
Osteoarthritis Treatment Breakthrough: Drug Combo Reverses Arthritis in Animal Study
Yale Examines How Bacteria Might Trigger and Treat Autoimmune Disease",full,,dom_or_structured_full_text,https://scitechdaily.com/researchers-discover-rheumatoid-arthritis-vulnerability-may-begin-before-birth/,scitechdaily,综合科技,无,2026-08-18T22:27:57+00:00,生命科学与健康 > 医学与健康 > 临床医学与公共健康,生命科学与健康,临床医学与公共健康,"[{""path"":[""生命科学与健康"",""医学与健康"",""临床医学与公共健康""],""path_text"":""生命科学与健康 > 医学与健康 > 临床医学与公共健康"",""confidence"":0.85,""reason"":""研究类风湿关节炎发病机制与关节易感性的医学研究。""},{""path"":[""生命科学与健康"",""生命科学"",""基础生命科学与遗传""],""path_text"":""生命科学与健康 > 生命科学 > 基础生命科学与遗传"",""confidence"":0.7,""reason"":""涉及发育过程中关节组织细胞与结构差异的基础机制研究。""}]",classified,2026-08-18T23:01:14.485983+00:00,glm-5.2,2026-08-14,
Taking the Stairs Could Cut Your Risk of Heart-Related Death by 39%,2026-08-18,"Taking the stairs may be one of the simplest everyday habits linked to a healthier heart and a longer life. Credit: Shutterstock
Regular stair climbing was associated with substantially lower risks of cardiovascular death and death from any cause.
Choosing the stairs instead of an elevator may be one of the simplest ways to add heart-healthy movement to an ordinary day. Research published on August 12, 2026, from the University of East Anglia and Norfolk and Norwich University Hospital links regular stair climbing with substantially lower risks of cardiovascular death and death from any cause.
Across the studies analyzed, people who climbed stairs regularly had a 39 percent lower risk of dying from cardiovascular disease and a 24 percent lower risk of dying from any cause compared with those who climbed stairs less often.
Stair climbing was also associated with a lower likelihood of developing major cardiovascular conditions, including heart attack, stroke, and heart failure.
Stair climbing tracks lower mortality
Prof. Vassilios Vassiliou, from UEA’s Norwich Medical School, said: “Cardiovascular disease is the leading cause of death worldwide – with cases nearly doubling between 1990 and 2019.
“But it is largely preventable through a healthy lifestyle – including regular physical activity, a heart-healthy diet, not smoking, maintaining a healthy weight, and managing blood pressure, cholesterol, and diabetes.
“Taking the stairs is a practical and often overlooked way to build physical activity into daily life.
“We wanted to better understand how this everyday activity could have life-saving potential.”
To investigate that possibility, the researchers examined whether routinely climbing stairs was associated with lower risks of cardiovascular disease and premature death.
Evidence spans nearly 480,000 people
The researchers reviewed nearly 1,900 studies before analyzing data from more than 480,000 participants across nine high-quality studies. The median follow-up period was 14 years.
Participants ranged in age from 35 to 84 and included both healthy people and those with a previous history of heart problems. Women accounted for 53 percent of the study population.
Dr. Sophie Paddock, also from UEA’s Norwich Medical School and a cardiology specialist registrar at the NNUH, said: “After pooling results from over 450,000 participants, we found a consistent association between stair climbing and lower risk of both cardiovascular death and overall mortality.
“Unlike going to the gym or doing a workout, climbing the stairs is something you can easily fit into your day at home, at work or when you’re out. It’s a good option for people who don’t have much time or easy access to exercise.
“So if you have the choice of taking the stairs or the lift, go for the stairs as it will help your heart.
“Even brief bursts of physical activity have beneficial health impacts, and short bouts of stair climbing should be an achievable target to integrate into daily routines.”
Small amounts may still matter
Previous research included in the analysis found that spending just minutes climbing stairs several times each week can improve cardiorespiratory fitness and reduce cholesterol.
One large cohort study in the analysis indicated that climbing roughly six flights of stairs each day may provide the greatest benefit. However, the researchers caution that more work is needed to determine the optimal amount of stair climbing.
Dr Paddock said: “Some of the studies we looked at showed that the more stairs climbed, the greater the health benefits. But even small changes had a measurable impact.”
Those results fit with broader evidence suggesting that even short periods of physical activity can produce meaningful health benefits.
Prof Vassiliou said: “With more than a quarter of adults worldwide failing to meet recommended activity levels, choosing to take the stairs offers a realistic, scalable intervention.
“Encouraging people to take the stairs in workplaces, public buildings and homes could form part of a wider strategy to reduce cardiovascular disease at population level.”
Stair climbing is not for everyone
The researchers note that stair climbing may not be appropriate for everyone, particularly people with mobility limitations or joint conditions.
Future studies using wearable devices could provide more precise measurements of stair climbing and help researchers determine how much is associated with the greatest health benefit.
Reference: “Evaluating the Impact of Stair Climbing on Cardiovascular Risk Reduction: A Systematic Review and Meta-analysis” by Sophie Paddock, Rathna Veerni, U. Bhalraam, James Meng, Emily Dawson-Plincke, Vasiliki Tsampasian and Vassilios Vassiliou, 13 August 2026,
American Journal of Cardiovascular Drugs
DOI: 10.1007/s40256-026-00811-x
Never miss a breakthrough:
Join the SciTechDaily newsletter.
Follow us on
Google News
Cardiology
Exercise
Mortality
Public Health
University of East Anglia
Articles
How Accurate Is Smartwatch Heart Data Tracking? It Depends on Your Skin Tone
Walking Is Good, but Moderate-Vigorous Exercise Boosts Fitness 3x More
Research Shows Regular Exercise, Even in Polluted Areas, Can Lower Risk of Death
Easy 5-Minute Workout Lowers Blood Pressure As Much as Exercise or Medication
Controlled Trial Finds Tai Chi Similar to Conventional Exercise for Reducing Belly Fat
New Study Makes Clear: Meat Isn’t Good for You
Physical Activity Is Not Always Good for the Heart – Here’s What You Need to Know
No Matter How Old You Are, Regular Exercise Is Good for Your Heart",full,,dom_or_structured_full_text,https://scitechdaily.com/taking-the-stairs-could-cut-your-risk-of-heart-related-death-by-39/,scitechdaily,综合科技,无,2026-08-18T22:27:59+00:00,生命科学与健康 > 医学与健康 > 临床医学与公共健康,生命科学与健康,临床医学与公共健康,"[{""path"":[""生命科学与健康"",""医学与健康"",""临床医学与公共健康""],""path_text"":""生命科学与健康 > 医学与健康 > 临床医学与公共健康"",""confidence"":0.9,""reason"":""爬楼梯与心血管死亡风险的流行病学与公共健康研究。""}]",classified,2026-08-18T23:01:14.485983+00:00,glm-5.2,2026-08-14,
Perovskite solar cells sprayed onto carbon-fiber composite substrates achieve 14% efficiency,2026-08-18,"Perovskite solar cells sprayed onto carbon-fiber composite substrates achieve 14% efficiency
Researchers at the University of Sheffield, Loughborough University, Coventry University, Al-Baha University, Taif University and the Indian Institute of Technology Indore have fabricated perovskite solar cells directly onto carbon fiber-reinforced polymer (CFRP) substrates using ultrasonic spray coating - including onto curved, dome-shaped surfaces - creating structural materials that also generate power.
CFRPs combine high strength and stiffness with low weight, making them a mainstay material in the aerospace, automotive, defense, and medical industries. Integrating high-performance perovskite solar cells directly onto CFRP substrates opens up mobile power applications where both device efficiency and weight matter - electric vehicle body panels, UAV airfoils, and IoT devices among them. Because CFRP is transparent to X-rays, the team also points to a potential application in radiotherapy equipment, where perovskite X-ray detectors integrated into the curved gantry walls could improve image resolution over today's rotating flat detectors.
The team's earlier work fabricated cells on unidirectional CFRP substrates via spin coating, but the anisotropic thermal expansion of that material required protective crack-prevention interlayers to shield the indium tin oxide bottom electrode during perovskite annealing. In this work, switching to woven CFRP substrates produced a thermally robust surface that eliminated the need for those interlayers, reducing device weight and improving the bottom electrode's morphology. Spray coating was chosen over other high-throughput deposition methods, such as slot-die, blade, or inkjet coating, because it doesn't depend on maintaining a meniscus or close proximity between the deposition head and the substrate - allowing it to conformally coat compound-curved, three-dimensional surfaces that other techniques can't reach.
Devices fabricated on flat CFRP substrates reached a stabilized power conversion efficiency of 14.0%, corresponding to a specific power of 26.0 W/g. On dome-shaped curved substrates, the cells reached a maximum efficiency of 12.3% (12.0% stabilized), for a specific power of 22.8 W/g. The devices also proved mechanically robust, retaining 100% of their pre-stress efficiency after 25 cycles of an applied 50 N load, which the authors describe as the first demonstration of curved, rigid CFRP-based perovskite solar cells able to bear an appreciable mechanical load.
While flexible perovskite cells on ultrathin polymer substrates have reached higher specific powers (up to 50 W/g in prior reports), those films must be laminated onto a host surface and can only wrap around single-curvature geometries. By fabricating the device stack directly onto the load-bearing CFRP substrate itself, the team's approach avoids the added weight of lamination and encapsulation layers and extends coverage to compound-curved surfaces that flexible laminates cannot conform to.
Solar Energy Materials and Solar Cells
Aug 18,2026 by
Roni Peleg
Similar Entries
Researchers report 24.0% certified efficiency for meter-scale perovskite solar module
Neutralizing a corrosive self-assembled monolayer lifts perovskite solar cell efficiency to 26.88%
Spectral mismatch cuts perovskite/silicon tandem cell output by up to 3.25%
Monochrome to field-test perovskite BIPV prototype at extreme-altitude base camp in Pakistan
Researchers blade-coat 26.60% efficient perovskite solar cells using a multidentate thiol anchoring molecule
LONGi to build 100 MW silicon-perovskite tandem pilot production line in Shaanxi
Researchers reach 20.96% efficiency in inorganic perovskite solar cells using sulfonamide-based surface passivation
Researchers unveil a copper electrode corrosion pathway in perovskite solar cells",full,,dom_or_structured_full_text,https://www.perovskite-info.com/perovskite-solar-cells-sprayed-carbon-fiber-composite-substrates-achieve-14,perovskite-info,光伏,LED、量子点、燃料电池、传感器,2026-08-18T22:28:03+00:00,零碳产业 > 能量循环 > 能源测 > 发电技术 > 光伏,零碳产业,光伏,"[{""path"":[""零碳产业"",""能量循环"",""能源测"",""发电技术"",""光伏""],""path_text"":""零碳产业 > 能量循环 > 能源测 > 发电技术 > 光伏"",""confidence"":0.92,""reason"":""钙钛矿太阳能电池喷涂于碳纤维基板实现发电，核心是光伏技术。""},{""path"":[""通用技术"",""材料工程"",""强度材料""],""path_text"":""通用技术 > 材料工程 > 强度材料"",""confidence"":0.7,""reason"":""碳纤维复合材料作为高强度轻量结构基板并集成发电功能。""}]",classified,2026-08-18T23:01:14.485983+00:00,glm-5.2,2026-08-14,
云南临沧市150MW光伏项目竞配启动-索比光伏网,2026-08-18,"8月17日，云南省临沧市镇康县哈里光伏发电项目竞争性磋商公告发布。
公告显示，哈里光伏发电项目装机容量15万千瓦，概算投资5.4亿元，项目建成后每年发电量约2.1亿千瓦时。
根据投资要求，项目采用建设-运营模式，投资主体负责完成项目的前期、建设及运营等工作，包括但不限于勘察、设计、投资、建设及管理运营等。项目建设所需全部投资由投资主体筹措并承担投融资成本。
项目建设周期：自确定中选企业并完成备案后2个月内实现开工(办理用林用地、环保水保、接入系统审批等开工前期手续的时间可剔除，剔除时间最长不超过2个月)。因中选企业自身原因逾期未开工的，责令限期整改，整改期不得超过1个月，期满仍未开工建设的，按规定收回光伏资源项目开发权并取消备案。因不可抗力因素影响，项目建设周期可顺期延长。原则上在开工后最迟8个月应具备投产条件，自开工之日起1年内应具备全容量并网条件。
《投资开发协议》主要条款要求见下：
1.项目经营年限：项目开发经营年限上限设为25年，经营期满后由镇康县人民政府收回开发权重新组织资源利用开发。
2.投资主体负责筹措项目建设及运营所需的全部资金。
3.投资主体签订《项目投资开发协议》后必须完成以下工作并承担相关费用，但不限于：项目用地预审及组卷报批、使用林地可行性、环境影响评价、水土保持方案、接入系统方案设计、地质灾害危险性评估、气候可行性论证、社会稳定风险性评估、接入系统电能质量分析、安全预评价、职业病危害预评价等文件编制，工程设计、设备材料采购及施工招标、组织项目建设、验收、商业运营(含运营、维护和更新改造)。
4.项目开始运营后，项目产生的各种副产品(如污水、污泥、废气、废渣、噪声、粉尘等)，由投资主体按规定处理处置，处理处置费用均由投资主体自行负责。
5.未经采购人同意，不得随意变更项目业主，倒卖、转让项目资源。
索比光伏网 https://news.solarbe.com/202608/18/50027767.html",full,,trafilatura_full_text,https://news.solarbe.com/202608/18/50027767.html,索比光伏,光伏,无,2026-08-18T22:28:32+00:00,零碳产业 > 能量循环 > 能源测 > 发电技术 > 光伏,零碳产业,光伏,"[{""path"":[""零碳产业"",""能量循环"",""能源测"",""发电技术"",""光伏""],""path_text"":""零碳产业 > 能量循环 > 能源测 > 发电技术 > 光伏"",""confidence"":0.95,""reason"":""核心事件是150MW光伏发电项目竞争性磋商及建设运营安排""}]",classified,2026-08-18T23:01:19.942863+00:00,glm-5.2,2026-08-14,
自发自用+绿电直连+绿证交易，山东引导重点用能企业多用绿电-索比光伏网,2026-08-18,"2026年8月18日上午，山东省人民政府新闻办公室举行新闻发布会，邀请省能源局负责同志等介绍山东推进绿电直连新业态、大力促进绿色电力消费情况，并回答记者提问。
会上，山东省能源局副局长、新闻发言人刘学军介绍，“十四五”期间，全省非化石能源跃升发展，贡献了93%的新增电力装机。截至2026年7月，非化石能源装机规模达到1.46亿千瓦，占电力总装机比重的55.8%。其中，生物质发电502.3万千瓦、光伏发电9735.4万千瓦、风电3422.8万千瓦，分别居全国第一位、第二位、第五位。“十五五”时期，是全省实现碳达峰战略目标、加快绿色低碳高质量发展先行区建设的攻坚时期，新能源发展环境也面临深刻复杂变化，战略机遇和风险挑战并存。
从国际看，欧盟碳边境调节机制(CBAM)落地实施，国际碳排放约束不断收紧，全球绿色产业竞争持续加剧。高耗能产品进出口贸易绿色壁垒显著升高，行业竞争延伸至碳足迹、绿电消费等维度，出口外向型企业绿色低碳转型步伐加快，可溯源绿电需求快速攀升。
从国内看，2025年以来，国家《关于有序推动绿电直连发展有关事项的通知》《关于有序推动多用户绿电直连发展有关事项的通知》等一系列政策文件出台，绿色电力生产消费模式深刻变革，催生钢铁、水泥等重点用能企业更多绿电、绿证需求。
从全省看，省委、省人民政府高度重视新能源开发与绿电就地就近消纳工作。今年省人民政府工作报告指出，要抓好新能源消纳利用，拓展绿电直连等应用场景。省发展改革委、省能源局围绕省委、省人民政府部署要求，先后印发《山东省2026年新能源高水平消纳行动方案》《促进光伏发电高质量发展的实施意见》等系列文件，组织召开全省可再生能源电力消纳责任权重和绿电消费推进会、全省绿电直连就近消纳项目现场会，多措并举提振绿电消费需求、推动绿电直连高质量发展。
面对“十五五”发展新形势、新要求，立足全省用电基数大、高载能企业绿色低碳转型需求旺盛的实际，今年7月省能源局印发公布了《关于加强和规范绿电直连发展的通知》，从优化管理方式、加大政策支持、规范实施程序三个方面提出11项具体措施，有力破解标准不一、机制不畅、边界不清等问题。
总体来看，绿电直连新政策有三个特点：一是“门槛更低”，统筹新增负荷与存量负荷、单一电力用户与多用户，充分放宽适用条件，优化源荷距离要求，放宽海上风电绿电直连上网电量上限，推动“新能源+”多种绿电就地就近利用方式，激发市场主体开发积极性。二是“服务更优”，明确绿电直连线路建设主体，支持项目充分利用存量电力设施;鼓励项目建设智慧调度平台，推动源、网、荷、储实现小时级发用电量匹配，解决了绿电溯源问题;打造多种应用场景，推进新能源就近就地消纳提质增效。三是“流程更简”，重点将源网荷储一体化、绿电产业园中就地就近消纳模式类项目，统一按照绿电直连模式管理，明确智慧调度平台等要求;将绿电(绿证)交易、分布式自发自用模式类项目下放至市级组织实施。
下一步，省发展改革委、省能源局将认真落实省委、省人民政府部署要求，会同山东能源监管办、国网山东省电力公司等部门、企业，把绿电直连在全省推开，多措并举提升绿色能源消费水平。
一方面，大力发展绿电直连新业态。探索新能源生产和消费集成发展路径，满足不同用户绿色低碳转型需要。在政策指导支持上，加强对各市能源主管部门、重点项目企业的政策指导与技术支持，服务传统产业优化提升、新兴产业招引培育。在重点项目建设上，积极推进东营宁德时代、济宁宁德时代、莱州万华等绿电直连项目，协调解决项目推进中的难点堵点，确保项目早投产、早见效。在项目储备管理上，支持各市结合资源禀赋、产业发展方向谋划绿电直连项目，排查用地、生态、压覆矿、文物、军事等限制性因素，加速落实新能源资源条件。
另一方面，持续扩大绿色电力消费规模。不断强化绿证价值实现与流通应用，健全全社会绿电消费激励机制。在绿证强制消费上，落实国家可再生能源消费最低比重目标与行业碳管控、企业碳管理要求，引导重点用能企业通过新能源自发自用、绿电直连、绿证绿电交易，提高绿电消费比例。在绿证自愿消费上，鼓励行业龙头企业、跨国公司及其产业链企业、外向型企业发挥绿色消费带动作用，支持可再生能源消费比例在供应链采购中的应用，打造绿色产业链供应链。在绿证交易渠道上，强化省级绿证服务中心建设，深入开展绿证宣传推广，鼓励使用绿电消费标识。
索比光伏网 https://news.solarbe.com/202608/18/50027765.html",full,,trafilatura_full_text,https://news.solarbe.com/202608/18/50027765.html,索比光伏,光伏,无,2026-08-18T22:28:33+00:00,公共政策与社会治理 > 政策法规 > 产业与能源政策,公共政策与社会治理,产业与能源政策,"[{""path"":[""公共政策与社会治理"",""政策法规"",""产业与能源政策""],""path_text"":""公共政策与社会治理 > 政策法规 > 产业与能源政策"",""confidence"":0.9,""reason"":""核心是山东绿电直连、绿证交易促进绿电消费的政策发布与解读""}]",classified,2026-08-18T23:01:19.942863+00:00,glm-5.2,2026-08-14,
国家能源局：加快推进大型风电光伏基地项目建设工作-索比光伏网,2026-08-18,"近期，国家能源局召开全国可再生能源电力开发建设月度(7月)调度视频会。国家能源局党组成员、副局长万劲松出席会议并讲话。
会议总结了上半年全国可再生能源发展总体情况，听取6月调度会提出的意见建议落实情况，分析可再生能源发展面临的形势和问题，提出了下步工作要求。
会议指出，2026年上半年，我国新能源和可再生能源发展总体保持平稳态势，可再生能源发电装机达到24.55亿千瓦，占全国电力总装机的60.7%，其中风电光伏发电装机(约19.5亿千瓦)占比接近一半，太阳能发电装机与燃煤发电装机基本持平。2026年1—6月，可再生能源新增装机1.17亿千瓦，占全部新增装机的73.9%;发电量1.96万亿千瓦时，占全国总发电量的41.2%。其中，风电光伏发电量合计1.25万亿千瓦时，占全社会用电量比重达到24.6%。可再生能源保供应、促转型的作用日益明显。
会议强调，要充分认识我国新能源和可再生能源发展已经全面进入高质量发展新阶段，面对新形势、新要求，要扎实抓好三方面工作，实现“十五五”良好开局。一是扎实抓好规划和政策落地落实。各单位要全力推进“十五五”新型能源体系建设规划、可再生能源发展规划以及绿证核发交易、新能源入市、零碳园区、绿电直连等已出台的各项政策落实。地方能源主管部门制定规划、政策时要加强与国家规划、政策的衔接，分解发展目标，细化落实举措，抓好重大项目工程建设。二是扎实抓好扩大绿电消费促进新能源消纳工作。地方能源主管部门要全面落实《可再生能源消费最低比重目标和可再生能源电力消纳责任权重制度实施办法》要求，会同工信、住建、交通等部门编制消纳实施方案，组织好本区域重点用能行业完成消费目标，强化监测考核与政策宣贯，压实各方绿色消费责任，算好基础账、经济账、战略账，兼顾项目合理回报与系统运行成本，科学制定新能源利用率目标。要坚持以大电网消纳为主，因地制宜推进绿电直联、源网荷储一体化、非电与非电网消纳，多措并举提升新能源消纳水平。三是扎实抓好项目开发建设。各单位要加快推进大型风电光伏基地项目建设工作，同时全面推进海上风电、陆上集中式风电光伏、光热、分布式新能源项目开发建设，加快开展前期工作，推动尽早开工，形成实物工作量。
国家发展改革委、国家能源局有关司(局)，各省(区、市)及新疆生产建设兵团能源主管部门，国家能源局派出机构，有关电网企业、发电企业，水电总院、电规总院、国家发展改革委能源研究所、中国水力发电工程学会、中国可再生能源学会风能专业委员会、中国光伏行业协会等单位有关负责同志参加会议。
索比光伏网 https://news.solarbe.com/202608/18/50027727.html",full,,trafilatura_full_text,https://news.solarbe.com/202608/18/50027727.html,索比光伏,光伏,无,2026-08-18T22:28:35+00:00,公共政策与社会治理 > 政策法规 > 产业与能源政策,公共政策与社会治理,产业与能源政策,"[{""path"":[""公共政策与社会治理"",""政策法规"",""产业与能源政策""],""path_text"":""公共政策与社会治理 > 政策法规 > 产业与能源政策"",""confidence"":0.9,""reason"":""国家能源局部署可再生能源政策落地与大型风光基地建设""}]",classified,2026-08-18T23:01:19.942863+00:00,glm-5.2,2026-08-14,
江苏：7月份光伏并网发电投诉33件，涉违规并网/标准不一等-索比光伏网,2026-08-18,"日前，国家能源局江苏能监办就2026年7月12398能源监管热线江苏区域投诉举报申诉处理情况进行了通报，
并网发电方面：用户反映容量受限无法并网、供电公司违规并网、光伏并网标准不统一、光伏备案等问题。相关投诉举报申诉较多的地市为徐州24件，淮安6件，盐城3件。
为了保护能源投资者、经营者、使用者的合法权益，维护能源市场秩序，依法履行监管职责，积极畅通投诉举报渠道，切实发挥12398(含12398电话、传真、电子邮件等)能源监管热线作用，现将2026年7月12398能源监管热线江苏区域投诉举报申诉处理情况通报如下：
（一）收到工单信息情况
2026年7月江苏12398热线共收到工单信息296件，环比增加51.79%，同比持平。从信息分类看：投诉、举报、申诉共受理152件；咨询11件；关联工单122件。
2026年7月收到的工单信息中，电力行业类186件，占62.84%；新能源和可再生能源行业类110件，占37.16%。
江苏能源监管办直接办理的举报、申诉、咨询共14件，电网公司直接办理的投诉、咨询共160件。其中电力行业119件，新能源和可再生能源55件。主要涉及供电服务99件，电力安全16件，电力市场准入3件，电力其他1件，新能源并网发电49件，新能源补贴和费用2件，新能源其他4件。
二、区域分布情况
2026年7月受理的152件投诉、举报、申诉事项分布在徐州37件，盐城16件，淮安14件，连云港、南京各13件，苏州11件，无锡、泰州各10件，南通、扬州各9件，镇江4件，宿迁、常州各3件。
三、投诉举报申诉反映的主要问题
（一）供电服务方面：一是充电桩电表报装、居民/非居民用电报装、变更用电业务办理；二是停电抢修；三是电费异常、计量异常、表计更换；四是电力工程施工相关。相关投诉举报申诉较多的地市为盐城13件，南京12件，苏州、无锡各10件。
（二）电力安全方面：供电设施存在安全隐患、供电设施安全距离、电力安全事故等问题。相关投诉举报申诉较多的地市为连云港5件，徐州4件。
（三）并网发电方面：用户反映容量受限无法并网、供电公司违规并网、光伏并网标准不统一、光伏备案等问题。相关投诉举报申诉较多的地市为徐州24件，淮安6件，盐城3件。
（四）新能源补贴和费用方面：用户反映光伏机制电价相关问题。相关投诉举报申诉的地市扬州2件。
四、投诉举报调查处理情况
江苏能源监管办、国家电网公司分别对7月份受理的152件投诉、举报、申诉进行了调查处理，已办结149件。
索比光伏网 https://news.solarbe.com/202608/18/50027724.html",full,,trafilatura_full_text,https://news.solarbe.com/202608/18/50027724.html,索比光伏,光伏,无,2026-08-18T22:28:37+00:00,公共政策与社会治理 > 政策法规 > 监管、标准与合规,公共政策与社会治理,监管、标准与合规,"[{""path"":[""公共政策与社会治理"",""政策法规"",""监管、标准与合规""],""path_text"":""公共政策与社会治理 > 政策法规 > 监管、标准与合规"",""confidence"":0.85,""reason"":""核心是能源监管热线对光伏并网违规、标准不一等投诉的通报处理""}]",classified,2026-08-18T23:01:19.942863+00:00,glm-5.2,2026-08-14,
晋能源新能源发106号解读｜山西新型储能项目库管理新规 开工并网时限与出库规则全梳理-索比光伏网,2026-08-18,"2026 年 7 月，山西省能源局一周内连发两份新型储能专项文件，拉开全省储能项目库规范化整治大幕：7月24日印发《关于优化新型储能项目管理有关工作的通知》(晋能源新能源发〔2026〕106号)，从制度层面重构入库、开工、并网、延期、出库、技术变更全流程管理规则;7 月 27 日随即启动项目库全面梳理调整，要求各市于 9 月 1 日前完成全部项目材料上报，两份文件 “立规矩 + 抓落地” 衔接推进，直指行业长期存在的“纸面项目圈占接入资源、真实落地项目卡位困难” 的痛点。
作为新型储能装机规模快速增长的省份，山西此前项目库已呈现明显的“虚胖”特征：2026年一季度调整后，全省在库储能项目达429个、总规模173.49GWh，但大量项目仅停留在意向协议阶段，实际开工并网率偏低，稀缺的电网接入资源被无效占用。本次新规通过全链条规则收紧，彻底终结“租地写可研即可入库占位” 的粗放模式。
本次新规核心调整集中在六大维度：一是入库门槛大幅抬高，新申报项目须持有合规存量建设用地权属证明或用地预审与选址意见书，仅签租赁协议不再符合申报条件;二是划定刚性时间红线，项目入库后6个月须完成实质性开工(以升压站、主控楼等设施基础浇筑第一罐混凝土为判定标准)，12个月内建成并网;三是延期规则量化收紧，申请延期须满足入统固定资产投资完成比例不低于 30%，且仅可延期一次，电化学储能延期不超6个月，长时储能技术路线最长可延12个月;四是建立强制出库机制，未按期开工并网且未通过延期申请的项目直接清退，同步收回电网接入批复与接入资源;五是重新入库门槛升级，已出库项目须取得不动产权证、已实质性开工，并承诺6个月内并网方可再次申报;六是明确技术变更边界，允许调整储能单元类型及时长，但不得变更项目总功率，防止变相扩容占坑。
规则收紧将直接推动行业洗牌：轻资产占位、观望型项目面临集中清退压力，具备合规土地、资金实力与快速交付能力的开发商与 EPC
企业将获得更多释放的接入资源，行业竞争从 “抢指标” 转向 “拼落地”。为帮助储能投资商、EPC总包、设备供应商全面吃透新规要求、自查项目风险、抢抓本轮调整窗口，索比光伏网结合两份官方文件与山西储能市场现状，推出深度解读报告，覆盖规则逐条拆解、项目状态自查、延期申报要点、出库风险应对、行业趋势研判等全维度内容。
以下为报告节选内容，完整项目自查清单、延期申报材料模板、分类型项目应对方案、山西储能接入资源释放预判，可扫码跳转小程序查看全文完整版报告。
索比光伏网 https://news.solarbe.com/202608/18/50027758.html",full,,trafilatura_full_text,https://news.solarbe.com/202608/18/50027758.html,索比光伏,光伏,无,2026-08-18T22:28:39+00:00,公共政策与社会治理 > 政策法规 > 产业与能源政策,公共政策与社会治理,产业与能源政策,"[{""path"":[""公共政策与社会治理"",""政策法规"",""产业与能源政策""],""path_text"":""公共政策与社会治理 > 政策法规 > 产业与能源政策"",""confidence"":0.85,""reason"":""核心是山西新型储能项目库管理新规及开工并网时限规则""}]",classified,2026-08-18T23:01:19.942863+00:00,glm-5.2,2026-08-14,
BWO calls for changes to WindSeeG Amendment,2026-08-18,"BWO has released
a list of proposed changes to the WindSeeG amendment published earlier
this month.
The WindSeeG amendment
was drafted to strengthen the framework supporting the expansion of Germany's
offshore wind industry. It outlined measures aimed at improving cost efficiency,
investment security and industrial resilience in response to growing energy
However, BWO said
there is room for improvement in the tender design to ensure it remains
viable in supporting offshore wind projects. The organisation noted that,
in previous years, winning a bid did not necessarily guarantee that an
offshore wind farm would be built.
In a recent statement,
BWO outlined its key demands, including the introduction of a two-sided
contract for difference (CfD), improved indexation, a one time return option
and new rules designed to secure project implementation.
According to BWO,
these measures would help facilitate the development of offshore wind farms
for projects moving forward.
BWO Managing Director
Stefan Thimm said: “With the indexed, two-sided CfD, an instrument is
on the table that reduces risks and facilitates the financing of offshore
wind projects. Therefore, it should become the standard in tenders.”
For more information about offshore wind
farm projects across the globe, click",full,,trafilatura_full_text,https://www.tgs4c.com/news/bwo-calls-for-changes-to-windseeg-amendment-nid33184.html,4C Offshore,风能,无,2026-08-18T22:29:10+00:00,公共政策与社会治理 > 政策法规 > 产业与能源政策,公共政策与社会治理,产业与能源政策,"[{""path"":[""公共政策与社会治理"",""政策法规"",""产业与能源政策""],""path_text"":""公共政策与社会治理 > 政策法规 > 产业与能源政策"",""confidence"":0.8,""reason"":""核心是德国海上风电法修正案招标设计的政策建议""},{""path"":[""零碳产业"",""能量循环"",""能源测"",""发电技术"",""风电""],""path_text"":""零碳产业 > 能量循环 > 能源测 > 发电技术 > 风电"",""confidence"":0.75,""reason"":""涉及海上风电项目开发与融资机制""}]",classified,2026-08-18T23:01:19.942863+00:00,glm-5.2,2026-08-14,
RWE announce results for the first half of 2026,2026-08-18,"RWE has reported its results for the first half of 2026, with EBITDA rising
40% over the last year to €3 billion. Net income has also increased to
€1.3 billion.
The company attributed the stronger performance to solid operational results
across its business, favourable wind conditions and the commissioning of
new wind farms.
RWE has continued to expand its renewables portfolio during the period,
with offshore wind EBITDA reaching €810 million, up from €643 million
in the first half of 2025.
Markus Krebber, CEO of RWE AG, said: ""Thanks to our broad portfolio
of renewables, flexible generation, battery storage, energy trading and
grid infrastructure, we are well positioned to benefit from growing global
electricity demand and the required expansion of the energy system.""
Adding: ""Our raised earnings targets underline the strength of our
business and our excellent growth prospects.""
For more information about offshore wind
farm projects across the globe, click",full,,trafilatura_full_text,https://www.tgs4c.com/news/rwe-announce-results-for-the-first-half-of-2026-nid33183.html,4C Offshore,风能,无,2026-08-18T22:29:12+00:00,产业经济与组织 > 企业与资本 > 企业经营与公司治理,产业经济与组织,企业经营与公司治理,"[{""path"":[""产业经济与组织"",""企业与资本"",""企业经营与公司治理""],""path_text"":""产业经济与组织 > 企业与资本 > 企业经营与公司治理"",""confidence"":0.9,""reason"":""核心事件是RWE上半年业绩报告与经营展望""},{""path"":[""零碳产业"",""能量循环"",""能源测"",""发电技术"",""风电""],""path_text"":""零碳产业 > 能量循环 > 能源测 > 发电技术 > 风电"",""confidence"":0.85,""reason"":""业绩增长主要来自海上风电业务扩张与新风场投运""}]",classified,2026-08-18T23:01:27.266094+00:00,glm-5.2,2026-08-14,
CS WIND Offshore introduces CNC milling machine,2026-08-18,"CS WIND Offshore
has begun using a custom built automated milling machine from CNC Onsite
at its manufacturing facility in Aalborg, Denmark.
The machine is
being used to cut cable penetrations and pressure relief holes in transition
pieces for offshore wind farms. It replaces manual cutting methods and
creates six cable penetrations and 12 pressure relief holes in each transition
Flemming Smidt
Pedersen, senior manager of production engineering at CS WIND Offshore,
“Surpassing our target to achieve a tolerance of just 0.3 millimetres
through this entirely dust-free process has allowed us to secure this vital
infrastructure while maintaining a cleaner, optimised manufacturing environment.”
The cable penetrations
will ensure that wiring used to power platform cranes and external lighting
on offshore wind structures can be reliably sealed, ensuring they are protected
against harsh environments.
The system can
also operate at angles between 28 and 90 degrees and is designed to accommodate
a range of opening sizes.
Additionally,
a magnetic fastening system has been developed, the machine attaches directly
to the surface of a transition piece, eliminating the need for traditional
clamping methods and preventing damage to the steel.
For more intelligence on component trends
for turbines, installation vessels, specifications and supply & demand
analysis, click",full,,trafilatura_full_text,https://www.tgs4c.com/news/cs-wind-offshore-introduces-cnc-milling-machine-nid33182.html,4C Offshore,风能,无,2026-08-18T22:29:15+00:00,零碳产业 > 能量循环 > 能源测 > 发电技术 > 风电,零碳产业,风电,"[{""path"":[""零碳产业"",""能量循环"",""能源测"",""发电技术"",""风电""],""path_text"":""零碳产业 > 能量循环 > 能源测 > 发电技术 > 风电"",""confidence"":0.92,""reason"":""核心是海上风电过渡段部件的自动化加工制造工艺""}]",classified,2026-08-18T23:01:27.266094+00:00,glm-5.2,2026-08-14,
Nimbus Software selected for Europe’s first battery co-located with offshore wind,2026-08-18,"Nimbus Software selected for Europe’s first battery co-located with offshore wind TGS 4C | 4C Offshore News
Nimbus Software selected for Europe’s first battery co-located with offshore wind
Technology
provider Arenko will deploy its Nimbus software to support Europe's first
battery storage project co-located with an offshore wind farm.
The Nimbus platform
will provide optimisation, asset management and trading capabilities for
the 300 MW Iceni battery energy storage project, which is co-located with
the Hornsea
3 offshore wind farm.
Unlike traditional
standalone battery projects, Iceni will share transmission infrastructure
and an onshore grid connection with the 2.9 GW wind farm, making it the
first project of its kind in Europe.
The project has
been designed to enable communication between generation and storage assets,
helping to maximise operational efficiency and value.
Rupert Newland,
CEO of Arenko, said: ""This creates significant opportunities, but
also operational and trading challenges.""
The company noted
that areas such as trading, forecasting and time allocation could present
challenges. However, it emphasised that its collaboration with Ørsted will
help ensure the smooth deployment and operation of the software.
Katinka Hussman
Palbo, vice president of global trading and revenue at Ørsted, said: “What
makes Iceni interesting for us isn't just the scale of the battery, but
how it works alongside Hornsea 3. We are aiming to optimise two very different
assets, wind and storage, through a shared connection point.""
For more information about offshore wind
farm projects across the globe, click",full,,trafilatura_full_text,https://www.tgs4c.com/news/nimbus-software-selected-for-europe92s-first-battery-co-located-with-offshore-wind-nid33181.html,4C Offshore,风能,无,2026-08-18T22:29:17+00:00,通用技术 > 通信和运输 > 电网技术 > 配电和电力交易,通用技术,配电和电力交易,"[{""path"":[""通用技术"",""通信和运输"",""电网技术"",""配电和电力交易""],""path_text"":""通用技术 > 通信和运输 > 电网技术 > 配电和电力交易"",""confidence"":0.88,""reason"":""核心是储能与风电共用并网点的优化、资产管理和电力交易软件""},{""path"":[""零碳产业"",""能量循环"",""能量存储"",""电化学储能"",""二次电池"",""锂电池""],""path_text"":""零碳产业 > 能量循环 > 能量存储 > 电化学储能 > 二次电池 > 锂电池"",""confidence"":0.7,""reason"":""项目主体为300MW电池储能系统，属电化学储能应用""},{""path"":[""零碳产业"",""能量循环"",""能源测"",""发电技术"",""风电""],""path_text"":""零碳产业 > 能量循环 > 能源测 > 发电技术 > 风电"",""confidence"":0.65,""reason"":""储能与Hornsea 3海上风电场共址协同运行""}]",classified,2026-08-18T23:01:27.266094+00:00,glm-5.2,2026-08-14,
NKT cable laying vessel arrives at Vard Brattvaag,2026-08-18,"VARD shipyards
have announced the delivery of NB 969 to NKT at the Vard Brattvaag shipyard
in Norway.
The vessel's arrival
follows its journey from Tulcea, Romania, where the hull was constructed
before being transported to Norway for the next stage of development.
The project has
now entered the outfitting and commissioning phase, with delivery expected
in the first half of 2027.
Designed to support
large-scale offshore operations, the cable-laying vessel will feature a
cable capacity of 23,000 tonnes, dual fuel engines and advanced dynamic
positioning systems.
The milestone
follows VARD's announcement earlier this year marking the completion of
the vessel's hull construction.
To access more information on subsea
cables for offshore wind and interconnector projects, as well as transmission
intelligence, click",full,,trafilatura_full_text,https://www.tgs4c.com/news/nkt-cable-laying-vessel-arrives-at-vard-brattvaag-nid33180.html,4C Offshore,风能,无,2026-08-18T22:29:20+00:00,通用技术 > 通信和运输 > 水路运输,通用技术,水路运输,"[{""path"":[""通用技术"",""通信和运输"",""水路运输""],""path_text"":""通用技术 > 通信和运输 > 水路运输"",""confidence"":0.85,""reason"":""核心事件是NKT海缆铺设船的建造交付与装备配置""},{""path"":[""零碳产业"",""能量循环"",""能源测"",""发电技术"",""风电""],""path_text"":""零碳产业 > 能量循环 > 能源测 > 发电技术 > 风电"",""confidence"":0.7,""reason"":""该船服务于海上风电海缆铺设与并网项目""}]",classified,2026-08-18T23:01:27.266094+00:00,glm-5.2,2026-08-14,
Components have arrived at Dundee for Inch Cape wind farm,2026-08-18,"The 1.1 GW offshore wind farm has announced that the first turbine components
have arrived at Forth Ports' facility in Dundee.
The yard spans 170,000 square metres and will be used for 12 months for
site marshalling, assembly and commissioning activities.
The project will comprise 288 tower sections, 216 blades and 72 nacelles.
These components will be delivered gradually by six heavy-load carriers,
including Bravewind, Boldwind and Tony Stark.
The company noted that more than 130 personnel will be working at the yard
during this period.
Once completed, the Inch
Cape Wind Farm will
feature 72 turbines located 15 kilometres off the Angus coast.
The project will also be the first in the U.K. to use Vestas V236-15 MW
turbines, which will be the largest turbines deployed on the project to
For more information about offshore wind
farm projects across the globe, click",full,,trafilatura_full_text,https://www.tgs4c.com/news/components-have-arrived-at-dundee-for-inch-cape-wind-farm-nid33179.html,4C Offshore,风能,无,2026-08-18T22:29:22+00:00,零碳产业 > 能量循环 > 能源测 > 发电技术 > 风电,零碳产业,风电,"[{""path"":[""零碳产业"",""能量循环"",""能源测"",""发电技术"",""风电""],""path_text"":""零碳产业 > 能量循环 > 能源测 > 发电技术 > 风电"",""confidence"":0.93,""reason"":""核心是Inch Cape海上风电场风机部件到港与项目建设进展""}]",classified,2026-08-18T23:01:27.266094+00:00,glm-5.2,2026-08-14,
OpenAI Gains Against Anthropic Among OpenRouter Customers,2026-08-18,"OpenAI has found a new place to fight Anthropic for developer wallets: OpenRouter , a service AI app developers use to access models from different providers from one application programming interface. (In case you’ve been under a rock, Stripe is about to buy OpenRouter for a pretty penny.) A big chunk of OpenRouter’s business recently boiled down to getting a small cut of transactions when developers use its service to access Anthropic models in particular. That’s not lost on OpenAI. The ChatGPT maker, which is trying to remake itself as a business-to-business leader, recently began giving OpenRouter a special discount to offer some OpenAI models at half of the price per token that OpenAI lists on its website. Those models include GPT-5.6 Luna and GPT-5.6 Terra , which OpenAI originally released in June. OpenAI on Monday said GPT-5.6 Sol , its most capable, flagship model would also be discounted 50% on OpenRouter. OpenRouter also offers models from many other firms, especially Chinese ones, at a big discount to the token price of the model makers’ own APIs. But it’s promoting OpenAI models above the others. (See the full list here .) The discounts have helped boost Luna and Terra usage among more than 10 million developers that use OpenRouter to consolidate their AI model bills. If developers don’t decide to explicitly use Luna or Terra themselves, they may be automatically routed to Luna or Terra more often if they use OpenAI’s dynamic model-routing products, which automatically send customer queries to different models, if customers set up the router to prioritize cost efficiency. This month, Luna usage on OpenRouter exploded, racking up more than twice the token usage of Anthropic’s Claude Opus 5 and Sonnet 5 . So OpenAI is at least making up some ground with Anthropic on usage, if not revenue, from OpenRouter customers. The growth from OpenAI model sales also boosted OpenRouter’s revenue. Over the past month or so, OpenRouter’s annualized revenue grew around 15%, to $160 million, in part due to Luna and Terra usage, according to a person with knowledge of the business. While that revenue figure sounds relatively small, remember that OpenRouter takes a tiny cut of the model calls it facilitates. That means Anthropic, OpenAI and Chinese model developers are on track to generate billions of dollars , collectively, from OpenRouter customers. (Read more about OpenRouter’s financials and its relatively small expenses here .) Whether OpenRouter stands the test of time is anyone’s guess. Many other firms are developing similar services—router provider Vercel , for instance, also said Monday that GPT-5.6 Sol was half off the listed price for the next month. But OpenRouter has an early lead in this field and did the hard part of setting up relationships and connections with dozens of inference providers that host Chinese open source models, not to mention forging strong connections with Anthropic and OpenAI. Developers have become wary of being too dependent on a single model provider and are trying to diversify their options. If OpenRouter continues its growth trajectory and becomes the model aggregator, Stripe’s willingness to pay a multiple of at least 50 times forward revenue will look like a relative bargain. Here’s what else is going on… Court Watch Andreessen Horowitz is the target of a Justice Department antitrust probe over its board seats at competing AI companies, Bloomberg reported. The investigation, which has been going on for almost a year, started around the same time as the agency’s review of Fivetran’s acquisition of dbt Labs, a merger first reported by The Information. Opening arguments are set to begin Tuesday in a trial in Oakland, Calif. that will assess whether Meta Platforms designed its social media products in ways that have harmed young people. In the lawsuit, attorneys generals for California, Kentucky, Colorado and New Jersey are suing Meta. The plaintiffs allege that Meta’s social media sites, including Instagram, are designed to maximize screen time, leading to addiction and other harms to users’ mental health. Deals and Debuts See The Information’s Generative AI Database for an exclusive list of private companies and their investors. Nvidia , OpenAI and SB Energy confirmed plans to team up on a massive data center in southern Ohio for which Nvidia will provide credit support covering up to $105 billion and OpenAI will commit to a 20-year lease. Google won a bankruptcy auction for its internal business data and software code of the collapsed low-cost carrier Spirit Airlines, bidding $10 million and beating a $7.5 million offer from Mercor , a company that pays contractors to train AI models for labs. Higgsfield , a company whose software generates and edits video, images and audio from written prompts for professional creators, brands, advertising agencies and studios, raised $400 million at a $5.4 billion valuation in a Series B funding round led by DST Global. Groq , a company that rents out computing power for running and training AI models across 13 data centers, raised $350 million in a Series A funding round led by Disruptive . Wispr , a company whose software turns speech into properly formatted text inside any app, raised $280 million at a $2 billion valuation in a Series B funding round led by Menlo Ventures . Gravis Robotics , a company that sells a bolt-on kit turning ordinary excavators and other heavy construction machines into self-driving ones, raised $200 million in a Series A funding round backed entirely by SoftBank Group . Terra Industries , a company that sells autonomous security systems to governments and companies guarding power plants, mines and other critical sites, raised an additional $18 million, closing its seed funding round at $52 million. Trajectory , a company whose software automatically customizes AI models and improves the way AI agents use outside tools, raised $40 million at a $300 million post-money valuation in a Series A funding round led by Sequoia Capital . Palona AI , a company whose software takes customer orders and messages and handles day-to-day operations for restaurants and other bricks-and-mortar businesses, closed a Series A funding round for an undisclosed amount, bringing its total funding to $20 million. What We’re Reading The AI Therapist: A WSJ Podcast Series Sick of A.I. Slop? So Are Tech Giants. Reddit’s AI is turning posts into podcasts and short videos Upcoming Events Wednesday, September 23 — AI Agenda Live SF 2026 Join us to explore the real-world shifts, new architectures, and enterprise strategies defining the next era of AI. Secure your spot today to hear directly from top minds at Google DeepMind, OpenAI, Atlassian, and more. More details Tuesday, October 27 — The Information’s 2026 WTF Summit Tickets on sale now: The Information returns to Napa Valley October 27–28 to convene senior women across tech, media, and finance. Join us for two days of intimate, candid conversations with the leaders navigating today’s global shifts. More details Thank you for reading the AI Agenda Newsletter! I’d love your feedback, ideas and tips: stephanie@theinformation.com . If you think someone else might enjoy this newsletter, please pass it forward or they can sign up here .",full,,rss_full_content,https://www.theinformation.com/newsletters/ai-agenda/openai-makes-gains-anthropic-among-openrouter-customers,the information,综合科技,科技金融,2026-08-18T22:29:51+00:00,AI与智能科技 > AI软件层 > 底座大模型 > 文本模型,AI与智能科技,文本模型,"[{""path"":[""AI与智能科技"",""AI软件层"",""底座大模型"",""文本模型""],""path_text"":""AI与智能科技 > AI软件层 > 底座大模型 > 文本模型"",""confidence"":0.9,""reason"":""核心是OpenAI与Anthropic大模型在开发者平台的定价与竞争""}]",classified,2026-08-18T23:01:27.266094+00:00,glm-5.2,2026-08-14,
The Waymo Wipeout of Uber Shares Has Gone Too Far,2026-08-18,"Uber stock has dropped 8% this year over concerns that the ride-hailing company faces stiff competition from robotaxi operators, most notably Waymo. Sellers are overreacting. Uber can still sustain rapid growth and expand its profit margins while staying competitive in the autonomous-driving race in the years to come. Plus, its current valuation, which is the lowest since it started to make a profit in 2023, gives little credit to its rapidly expanding food-delivery business, rising operating margin and loads of free cash flow. At its current level, Uber trades at 2.6 times its next year’s revenue, versus 4 times for an average of companies in the S&P 500. This steep discount makes no sense. Robotaxi Race The biggest reason the market has soured on Uber is the notion that Alphabet-owned Waymo is cutting it out of ride hailing. The two have a lengthy relationship: Almost three years ago, Uber started offering Waymo rides on its app in Phoenix, and later Uber added other cities, allowing it to feed growing consumer interest in robotaxis without taking on the steep costs of developing a robotaxi network. But the two companies are increasingly going their own ways. In May, Uber stopped offering Waymo vehicles on its app in Phoenix, while Waymo continued to offer rides on its own app in the city. And in 2028, Waymo is expected to launch its app in Atlanta and Austin, Texas, rather than only offering the rides via Uber’s app. In those cities, Uber will be able to offer rides by other robotaxi services. Uber doesn’t necessarily need Waymo to capture a slice of the robotaxi market. It maintains a massive advantage in the form of its existing network: Other Waymo competitors will want to piggyback on Uber and provide rides through the app. And Amazon’s autonomous vehicle division, Zoox, has said it plans to launch its vehicles on Uber in Las Vegas later this year. Uber also has dozens of deals with other operators such as Wayve, a British self-driving startup; Michigan-based robataxi operator May Mobility, and Nuro, which is outfitting Lucid Motors’ cars with its autonomous systems. Self-driving cars on Uber are in seven markets now and will be in 15 by year’s end, said John Blackledge, an equity analyst at TD Cowen: “They’ve also said they’re going to by 2029 support the most autonomous vehicle rides in the world.” It will take years for robotaxis to fully supplant human-driven cars. Over that time, Uber can help robotaxi partners expand, given its existing relationships with local governments, which could make it easier to bring autonomous vehicles to big cities such as New York, Chicago and Boston. “Uber has dealt with all the local officials over the years, and I think what they’re saying now is, ‘Well, we can go in and offer in New York a hybrid network,’” a ride-hailing platform that offers passengers rides in robotaxis as well as cars with human drivers, said Blackledge. That could assuage local officials’ concerns about robotaxis displacing human workers and fears about the vehicles’ ability to operate safely in all environments, he added. For those autonomous-taxi startups, Uber may offer a quick path to entering many cities—at least until the companies offer their own apps (although whether customers will want to download so many different apps is another question entirely). What’s more, Waymo’s growth in markets such as San Francisco where it competes with Uber doesn’t seem to be significantly hindering Uber’s top-line growth. Broadly, analysts expect Uber’s revenue growth this year to slow to 11% from 18% in 2025, largely because of an accounting change for its U.K. operations. Analysts polled by S&P Global Market Intelligence expect growth to pick up again to 15% in 2027, thanks to strong demand for its ride-hailing services. If the company hits its projection for the total value of rides on its platform in the third quarter, that would be the fifth straight quarter in which it has increased bookings more than 20%. Jefferies analysts cited these bookings and Uber’s progress with its U.S. autonomous-vehicle operations when naming it a top stock pick last week. “We believe a bullish story is crystallizing for 2027,” they said. One possible risk to its robotaxi strategy is that Uber might be tempted to stray from its model of supporting other operators’ robotaxis and try to develop its own—an endeavor it once attempted and abandoned under former CEO Travis Kalanick. Though having its own robotaxis would help Uber lessen its reliance on other firms, it would also entail a long and costly development process. Delivery and Valuation The biggest opportunity for investors, however, is Uber’s underappreciated delivery business, which primarily comes from the Uber Eats app. The unit’s revenue rose 28% to $5.2 billion in the June quarter, far outpacing the 1% growth in ride hailing over the same period. To be sure, ride hailing is bigger, having generated $7.4 billion in sales over that period—but food delivery is catching up fast. Compared to rival DoorDash, Uber’s delivery business looks cheap. DoorDash is currently valued at around 75 times its 2025 earnings before interest, taxes, depreciation and amortization of $1.2 billion. Uber’s delivery business generated $3.7 billion for the same time period. Using DoorDash’s valuation multiple would put the value of Uber’s delivery business at about $270 billion. Uber’s entire market cap, before factoring in its excess cash, right now is just about $150 billion. In another sign of how sharply investors have taken a hard turn against Uber, the company is currently trading at a record-high discount to DoorDash. That’s a reversal from 2023 and most of 2024, when Uber actually traded at a premium to DoorDash on a forward price-to-earnings basis. Today, Uber trades at a forward ratio of 17.7 times, while DoorDash trades at 33 times. Uber has other options to shore up its stock price as it works to bring robotaxis made by other firms onto its platform. The company announced a $20 billion stock buyback plan last August and has used only around a quarter of that money so far. It has more cash than debt and can fund its robotaxi ambitions using its steady and growing free cash flow, which totaled $9.8 billion at the end of last year.",full,,rss_full_content,https://www.theinformation.com/articles/uber-bears-taken-wrong-turn,the information,综合科技,科技金融,2026-08-18T22:29:53+00:00,产业经济与组织 > 企业与资本 > 企业经营与公司治理,产业经济与组织,企业经营与公司治理,"[{""path"":[""产业经济与组织"",""企业与资本"",""企业经营与公司治理""],""path_text"":""产业经济与组织 > 企业与资本 > 企业经营与公司治理"",""confidence"":0.9,""reason"":""核心是Uber股价、估值与经营战略分析，涉及robotaxi竞争对企业经营的影响""}]",classified,2026-08-18T23:01:35.807616+00:00,glm-5.2,2026-08-14,
Nvidia Juggles Mixed Messages on Chip Longevity,2026-08-18,"Nvidia wants customers to buy as many of its next-generation AI chips as possible. It also wants its customers to know their old AI chips will remain valuable for a long time. Can it manage both? Nvidia has been able to grow so quickly because it has convinced big customers to shift almost completely to its latest and greatest hardware nearly every year. At the Computex conference in Taiwan in 2024, for example, Nvidia even shortened its release cycles for new hardware from two years to one to get clients to upgrade more frequently. And on Monday, Nvidia, OpenAI and SB Energy signed a deal to help OpenAI fill 8 gigawatts of space exclusively with Nvidia’s next-generation chips—which CEO Jensen Huang said could amount to $150 billion to $200 billion in revenue for Nvidia from each new generation of its hardware. Each generation is much more powerful than the last—but also much more expensive, helping Nvidia’s profits skyrocket and keeping its margins fat. Now Nvidia is telling the market that its graphics processing units are an investable asset class—and can thus hold financial value for much longer. These two positions feel somewhat at odds. Taking both sides makes sense in an environment of compute scarcity, however. There seems to be demand for any type of usable GPU a customer can get their hands on, whether it’s the newest Vera Rubin or an Ampere chip from several generations back. A longer life cycle for GPUs could be Nvidia’s hedge against the moment when demand doesn’t outpace supply. Right now, bigger players absolutely want Nvidia’s newest Vera Rubin server racks. Cloud executives told me most of the demand they’re seeing from customers right now is for those racks, which are set to ship later this fall at around $7 million each. But right now, the biggest buyers are just a handful of players: cloud giants, Nvidia-supported neoclouds (like CoreWeave, Nebius, Nscale and Firmus), Nvidia-supported AI labs (like OpenAI) and, maybe, Wall Street quant firms. The next phase of AI adoption, and thus the next big driver of demand for computing power, will likely come from a wider range of businesses than a handful of cloud and AI companies. Those customers will also likely be more cost-conscious—and they may not need the most powerful, most expensive Nvidia server racks. Market dynamics could also change: My colleague Ann reported today that some analysts and data center developers are worried there could be a glut of server chips due to holdups in building and powering up data centers. Some investors are also getting more concerned that big tech’s AI data center spending spree could lead to the accumulation of too much debt before the companies deliver the profits to back it up. The cloud giants could pull back on spending as well. One credit executive said that as time goes on, only a few companies may need to keep switching to Nvidia’s newest hardware every year. Switching entails a lot of cost and risk that a large or decades-old business might not want to take on. Lee Kestler, CEO of data center developer EdgeCore Digital Infrastructure, compared where the GPU market is going to what happened in the cellphone business when most users decided they were fine holding on to their devices for years. “The older models still make calls and text. Value isn’t directly related to ‘latest and greatest’ when it comes to use cases to keep revenue flowing,” he said. If Nvidia amplifies the message that older-generation GPUs can be useful and financially valuable for a long time, that could push fewer people to want its forthcoming Rubin Ultras and make asset-backed debt harder to raise. Older or secondhand chips are also cheaper, and that would allow more customers to afford buying or renting Nvidia hardware. Last week, for example, CEO Jensen Huang said that Nvidia’s Ampere chips, first launched in 2020 and no longer in production, could be “mission-capable” through 2029, thanks to new software that can improve their performance. Still, for now, most big buyers of GPUs aren’t changing how they account for them on balance sheets as a result of the chips’ longer lives. Most companies are still depreciating GPUs linearly over five or six years, data center and credit executives said. (That means GPUs lose a fifth or sixth of their value on a customer’s balance sheet each year.) If you come across a 10-year depreciation schedule for Nvidia hardware, let me know. Amodei’s X Games Over the weekend, Dario Amodei dusted off his X account for only his fourth post of the year to make the case that he is not, in fact, an AI doomsayer. He argued that when Anthropic pushes for regulation, it’s not just trying to create a moat that will guarantee its continued dominance. Instead, Amodei wrote, the AI giant advocates holding the most powerful companies to the highest standards while giving smaller competitors a chance to catch up. Amodei’s frequent nemesis, former White House AI czar David Sacks, didn’t buy the defense. In a response late Sunday night , Sacks argued that regulation often occurs not for the good of the public, but because deep-pocketed industry groups convince the government to write rules as they see fit. It’s hard to have this argument absent the actual existence of any substantial regulation. Buried in Amodei’s thread was a curious line about the White House’s voluntary AI framework, which the Trump administration briefed companies on earlier this month. Amodei wrote that he supports testing frontier models prior to their deployment, but he added: “Of course I have to see the details to be sure.” Even Sacks, who spent more than a year shaping the administration’s AI strategy and still chairs an ostensibly influential advisory board, posts on X as if he’s waiting for policy developments to emerge, just like everyone else. The landscape following Anthropic’s unveiling of its Mythos AI model has been defined by ad hoc government actions , open letters and proposals for pauses. We have yet to see much tangible AI policy, though. When the Trump administration does take action on that front, as with its AI framework, it often shrouds the details in secrecy. For now, the debate over regulatory capture is largely theoretical. —Leo Schwartz In Other News Tesla is gearing up for a public launch of its Cybercab service in Austin, Texas, as early as this month. A trial is set to begin Tuesday in a federal court in Oakland, Calif., in which state attorneys general will argue that Meta Platforms has designed its products in ways that have harmed young people. The U.S. Department of Justice has launched an antitrust probe examining whether Andreessen Horowitz’s partners are improperly holding board seats at competing AI companies, Bloomberg reported . New From Our Reporters Exclusive Tesla Readies August Launch of Cybercab, Its Robotaxi Without a Steering Wheel By Grace Kay Q&A Arm CFO Eyes Deals as Chip Building Bring New Challenges By Valida Pau Sunday Insights Nebius and CoreWeave Tout Short-Term Cloud Deals, While AWS Goes Long By Catherine Perloff Upcoming Events Wednesday, September 23 — AI Agenda Live SF 2026 Join us to explore the real-world shifts, new architectures, and enterprise strategies defining the next era of AI. Secure your spot today to hear directly from top minds at Google DeepMind, OpenAI, Atlassian, and more. More details Tuesday, October 27 — The Information’s 2026 WTF Summit Tickets on sale now: The Information returns to Napa Valley October 27–28 to convene senior women across tech, media, and finance. Join us for two days of intimate, candid conversations with the leaders navigating today’s global shifts. More details What We’re Reading We Tracked a Shipment of Rare Books. It Ended at an Amazon AI Training Facility",full,,rss_full_content,https://www.theinformation.com/newsletters/the-briefing/nvidia-juggles-mixed-messages-chip-longevity,the information,综合科技,科技金融,2026-08-18T22:29:55+00:00,AI与智能科技 > AI硬件层 > 芯片,AI与智能科技,芯片,"[{""path"":[""AI与智能科技"",""AI硬件层"",""芯片""],""path_text"":""AI与智能科技 > AI硬件层 > 芯片"",""confidence"":0.92,""reason"":""核心是英伟达AI芯片的迭代周期、性能与客户升级策略""}]",classified,2026-08-18T23:01:35.807616+00:00,glm-5.2,2026-08-14,
"Tesla Readies August Launch of Cybercab, Its Robotaxi Without a Steering Wheel",2026-08-18,"Tesla has told staff it is gearing up for a public launch of the Cybercab, its first vehicle designed without a steering wheel or brake pedal, intended for its autonomous ride-hailing service, Robotaxi. The company aims to start with a public rollout in Austin, Texas. It plans to launch the Cybercab to the public in the city as soon as this month, according to people with knowledge of the plans. Tesla in recent weeks has been preparing for a launch with steps including test driving, offering employee rides on private roads and conducting training with local first responders, the people said. The long-promised rollout of the futuristic two-seat vehicle designed to operate without a driver would mark a major step in Tesla’s effort to turn the Cybercab into a commercial product. Musk has heavily promoted both the Cybercab and Tesla’s Robotaxi autonomous ride service as central to the company’s future and a potentially significant source of revenue and profits. Tesla has been spotted testing Cybercabs on public roads all over the country, including in Austin, since June but hasn’t yet offered rides on public roads or to the general public, testing only internally. In July, the company said it had started allowing employees to take Cybercab rides on private roads around its Austin campus and has been collecting feedback from them. The company took similar steps before it launched its first Robotaxi hub in Austin last year. Tesla told staff it plans to begin the rollout by offering Cybercab rides to Tesla employees on public roads and then to start incorporating the vehicles into its Robotaxi service in Austin a few days after that, the people said. While the end of August is currently the internal target for the public launch of the Cybercab, the timeline could change as Tesla continues to make final preparations. Musk said during its earnings call in July that because the Cybercab had been built on a new platform, Tesla had to “accumulate driving data that is specific to the Cybercab before we can put a lot of them on the road.” Tesla did not respond to a request for comment. Cybercab is one of very few vehicles to operate on public roads without a steering wheel or brake pedal. It represents a big step from a technology and regulatory perspective, because the vehicle is designed to operate without allowing a human driver to take control or step in if the self-driving system runs into trouble. The company has said it has remote operators that monitor the vehicle and can take over in the event of an emergency. Amazon-backed Zoox received approval in July from the National Highway Traffic Safety Administration to begin offering commercial rides with its steering wheelless and brakeless vehicles. Before that approval, Zoox offered free rides but didn’t charge customers. It is unclear if Tesla plans to offer rides in the Cybercab for free or if the company has received regulatory approval to use the vehicle as part of a commercial service. Tesla completed emergency training with first responders in Austin last week, teaching them how to handle issues with the Cybercab vehicles, such as how to move the vehicle out of the way if needed, a spokesperson for the city of Austin confirmed. Tesla currently uses Model Ys equipped with autonomous driving software for its Robotaxi service. It’s unclear if the company plans to fully replace all Model Ys in its Austin fleet with Cybercabs or if it will add the vehicles to its existing fleet. Tesla currently has 186 Model Y vehicles registered for its Austin service, according to a Texas Department of Motor Vehicles dashboard. Ramping up the use of its purpose-built Cybercab could help Tesla avoid the added work of adapting an existing consumer vehicle for its Robotaxi operations. For the Austin Robotaxi launch, Tesla modified its Model Y vehicles to add self-cleaning cameras for clearing debris and a second telecommunications unit, people with knowledge of the project said. Musk has said Tesla plans to produce the Cybercab at scale and repeatedly described the vehicle as central to the company’s autonomous driving ambitions. Tesla began production of the Cybercab in Texas last month, though the company has since said it no longer expects to reach volume production of the vehicle in 2026. Scaling Up While Musk has big ambitions for building a business around autonomous vehicles, the company is still in the process of turning the service into a business with significant revenue. Tesla reported during its most recent earnings report in July that it had accumulated 380,000 driverless miles across its Robotaxi hubs. For comparison, Waymo, which has been operating as a public commercial service since 2020, says it has accumulated more than 220 million driverless autonomous miles with riders. Tesla’s Robotaxi service can be costly to operate. The company employs hundreds of safety operators who are tasked with testing the software and improving it in new markets, as well as assisting with the ride-hailing service in the Bay Area. But Tesla has reduced the human oversight involved in launching in newer markets including Miami. It is using fewer safety operators and launching Robotaxi rides without employees initially riding in the vehicles. Tesla has been increasing its spending on AI and autonomous driving infrastructure as it continues to build out its AI business. Last month during its quarterly earnings call, it reported that its capital expenditures had more than doubled from the previous year to nearly $5.8 billion, in large part due to spending on AI projects. That spending comes as Musk has increasingly positioned AI and autonomy as central to Tesla’s future, arguing that investors should not view the company simply as an automaker.",full,,rss_full_content,https://www.theinformation.com/articles/tesla-readies-august-launch-cybercab-robotaxi-without-steering-wheel,the information,综合科技,科技金融,2026-08-18T22:29:57+00:00,通用技术 > 通信和运输 > 陆路运输,通用技术,陆路运输,"[{""path"":[""通用技术"",""通信和运输"",""陆路运输""],""path_text"":""通用技术 > 通信和运输 > 陆路运输"",""confidence"":0.9,""reason"":""核心是特斯拉无方向盘自动驾驶出租车Cybercab的公开落地""}]",classified,2026-08-18T23:01:35.807616+00:00,glm-5.2,2026-08-14,
"The Download: how people really use AI, and Flock’s design choices",2026-08-18,"The Download: how people really use AI, and Flock’s design choices
Plus: a child privacy trial starting today could change Meta forever.
This is today's edition of The Download, our weekday newsletter that provides a daily dose of what's going on in the world of technology.
We still don’t know how people are really using AI
AI companies like Anthropic and OpenAI regularly publish reports on how people are using their products. But they only release the data they want us to see, AI researchers say, and there’s no independent source to corroborate it.
A new research project called the AI Observatory aims to fill in the gap. Its analysis shows many more sensitive behaviors than are captured in reports from major AI companies, which focus more on work than on personal use.
The researchers also found significant differences between models. People were more likely to turn to Anthropic for coding, Gemini for social and roleplay uses, and ChatGPT for homework assistance. Here’s what the AI Observatory reveals about how people use AI.
—Eileen Guo
What Flock’s defenders are missing
Flock Safety, the police-tech giant known for its network of some 120,000 automatic license plate readers around the US, recently announced changes to its platform. The updates are meant to prevent officers from using it for illegal or illegitimate purposes, including stalking.
Amid all this, there have recently been several arguments defending Flock: If these cameras help solve crime, is it as big a deal? On a good day they might help catch a kidnapper, and if not, they’re simply snapping pictures of my car that nobody will bother to look at.
But this all skips over a more important question: What kind of crime-fighting system has Flock chosen to build? Its network works the way it does because of decisions about what information to collect, who can search it, how long to keep it, and how widely to share it. Those decisions set the terms of the bargain between security and civil liberties.
Find out what a narrower Flock system could look like.
—James O'Donnell
This story is from The Algorithm, our weekly AI newsletter. Sign up to receive it in your inbox every Monday.
The must-reads
I’ve combed the internet to find you today’s most fun/important/scary/fascinating stories about technology.
1 A child privacy trial starting today could change Meta forever
More than half of the states in the US have joined the lawsuit. (CNBC)
+ They say Meta deliberately designed addictive social networks. (Guardian)
+ And want changes including ending ""like"" counts and infinite scroll. (BBC)
+ Four of them are demanding $1.4 trillion in damages. (WP $)
2 Nvidia has committed up to $105 billion to OpenAI’s Ohio data center
It's slated to cost up to $500 billion and come online in 2028. (CNBC)
+ OpenAI will lease the eight-gigawatt site for 20 years. (NYT $)
+ How virtual power plants could provide energy for data centers. (MIT Technology Review)
3 Tesla is set to launch Cybercab robotaxi rides in Austin this month
The rollout could begin with employee rides on public roads. (Information $)
+ The EVs will then enter Tesla’s robotaxi service a few days later. (Reuters $)
+ The Tesla Semi could also be a big deal for EVs. (MIT Technology Review)
4 Unitree has unveiled a humanoid it claims is faster than any human
The new “Superman” robot can cover 12.66 meters in a second. (Gizmodo)
+ It arrives ahead of the Chinese company’s IPO on Wednesday. (Reuters $)
+ US robot startups are struggling with new China restrictions. (Rest of World)
5 A tracked rare book shipment led to Amazon’s AI training operation
Amazon scans and destroys books at the facility to train AI. (404 Media $)
+ Rare books provide unique, high-quality training data. (Ars Technica)
+ But feeding them to AI risks creating a cultural void. (New Scientist $)
6 China wants its data to shape what the world’s AI knows
Beijing is distributing datasets reflecting “mainstream Chinese values.” (NYT $)
+ What’s next for Chinese open-source AI? (MIT Technology Review)
7 An AI studio wants to become the HBO of adult content
Rogue’s AI video tool produces uncensored adult content. (Wired $)
+ AI is creating new risks for porn actors. (MIT Technology Review)
8 Women are being left behind in the AI jobs boom
They accounted for just 26% of new AI hires last year. (Axios)
9 AI has revealed new clues to how breast cancer progresses
The findings could help predict how tumours will develop. (Independent)
10 An unearthed video suggests Apple is adding cameras to AirPods
It shows AirPods identifying a book using visual intelligence. (Gizmodo)
Quote of the day
“It is a black hole; it absorbs energy and personality and then re-presents it as spectacle.”
—Writer Carmen Hermosillo made a prescient observation about life online in a 1994 essay, quoted by the Guardian in a story on warnings we ignored about the digital age.
One More Thing
Is this the electric grid of the future?
When a slow-moving blizzard hit Nebraska, nearly 10% of Lincoln Electric System’s 150,000 customers lost power. CEO Emeka Anyanwu watched the outage map as crews battled the storm. Yet a spring blizzard like this is the least of his problems.
What will happen soon—not only at Lincoln Electric but for all electric utilities—is a challenge of a different order. In the industry, they call it the “trilemma”: the seemingly intractable problem of balancing reliability, affordability, and sustainability.
Electricity demand is surging, driven in part by AI, while the industry attempts to transition from power generated with fossil fuels to power generated from renewable sources like solar and wind. Lincoln Electric offers a lens through which to examine those challenges.
Explore the challenges of building the grid of the future.
—Andrew Blum
We can still have nice things
A place for comfort, fun, and distraction to brighten up your day. (Got any ideas? Drop me a line.)
+ Chinese engineers have built the world's first true all-material printer.
+ Discover how you truly feel about artificial intelligence by completing the AI Compass quiz.
+ Get a sense of the space’s extraordinary size with this interactive scale of the universe tool.
+ Enjoy a fresh look at “Breaking Bad” in this modified scene showing Walter White’s hat growing proportionally to his ego.
Deep Dive
The Download
The Download: Claude’s inner workings and OpenAI’s “super app”
Plus: OpenAI has unveiled its long-awaited ""super app.""
The Download: Claude’s inner workings, and the future of world models
Plus: New York has become the first state to enact a data center moratorium.
The Download: the future of chipmaking and Anthropic’s government clash
Plus: Meta is pausing an AI training program that tracks workers’ keystrokes.
The Download: Anthropic launches Claude Science, and California’s carbon manure math
Plus: The US has lifted restrictions on Anthropic’s Mythos and Fable models.
Stay connected
Get the latest updates from
MIT Technology Review
Discover special offers, top stories, upcoming events, and more.",full,,trafilatura_full_text,https://www.technologyreview.com/2026/08/18/1142229/the-download-how-people-use-ai-flock-cameras-design/,MIT Technology Review,综合科技,无,2026-08-18T22:30:04+00:00,未分类,,,[],unclassified,2026-08-18T23:01:35.807616+00:00,glm-5.2,2026-08-14,
We still don’t know how people are really using AI,2026-08-18,"We still don’t know how people are really using AI
But a new study shows that work use cases make up less of the picture than AI companies claim.
AI companies like Anthropic and OpenAI regularly publish reports on how people are using products like Claude and ChatGPT, but they only release the data they want us to see, AI researchers say.
“There is no independent source to corroborate it,” says Anka Reuel, a computer science PhD candidate at the Stanford Trustworthy AI Research (STAIR) Lab.
Reuel is co-lead of a new research project, called the AI Observatory, that aims to fill the gap. It’s a public platform that aggregated and analyzed real AI conversations with popular models like Claude and Gemini that were collected with users’ consent through seven existing datasets. The intent is to provide independent sources of information that can help researchers and policymakers assess how people are using generative AI. Highly consequential decisions about AI’s benefits and risks are currently being made on the basis of very limited data, says Reuel.
The AI Observatory found that AI use differs significantly across models and has changed over time. Its research shows many more sensitive behaviors than are captured in reports from major AI companies, which they say focus more on work than on personal use.
The Anthropic Economic Index is one of the best-known and most widely cited sources of AI usage data, but it has blind spots. As its name suggests, it focuses on work- and productivity-related uses of Claude AI—filtering out conversations that are unrelated to these uses.
When the AI Observatory researchers applied Anthropic’s methods to their dataset, they found that nearly half the conversations—48%—would have been filtered out. Those non-work-related conversations were more likely to involve health and relationships (44.2% versus 31.2% in Anthropic’s analysis), adult or illicit topics (7.9% versus 2.1%), harassment and hate (27.5% versus 5.66%), and sexual content (16.7% versus 2.4%). (OpenAI’s 2025 report on ChatGPT, similarly, found that only 30% of consumer use was related to work.)
Anthropic has released separate blog posts on how people use Claude for support or companionship, and even to generate CSAM, but “having [the AI Observatory’s] bird’s-eye-view analysis” rather than leaving that information “sectioned off into a separate report” helps researchers understand the different uses more consistently, says David Widder, an assistant professor at the University of Texas at Austin, who researches how people interact with AI systems and is not involved with the AI Observatory.
The datasets the AI Observatory looked at include conversations that took place between 2023 and 2025, and it found differences both in how people were using AI and how various AI platforms responded.
Conversations within WildChat, one of the largest and most detailed datasets included in the AI Observatory’s study, got longer and more elaborate over time, as indicated by growing numbers of prompt tokens, response tokens, and conversation turns.
There was also significantly more small talk over time. That suggests that AI companionship was increasing; meanwhile, the AI assistants’ self-disclosure (i.e., admitting to being a chatbot) decreased.
Additionally, exchanges that the researchers labeled as sensitive—meaning ones with potentially harmful or restricted content, including sexual harassment and hate speech—became less frequent. That might suggest that platforms were generally deploying more effective safeguards.
The AI Observatory also found that topics, interaction styles, conversation structures, and the likelihood and type of sensitive use cases differed from one model to another.
For example, the researchers found that people used Grok and Gemini more frequently for information retrieval. Grok, in particular, was especially popular for information on news and politics, but it was also where misinformation tended to concentrate. (This is consistent with other research that has shown how readily misinformation proliferates on Grok. xAI did not respond to a request for comment.)
Meanwhile, people were more likely to turn to Anthropic for coding, Gemini for social and roleplay uses, and ChatGPT for homework assistance.
There were even differences between different versions of the same model. Researchers found that people had shorter conversations with ChatGPT when it was powered by GPT-3.5, and longer and more iterative ones with GPT-4o—which makes sense given that that version became known for leading to emotional addiction.
Companies’ reports, however, didn’t tend to capture these nuances between or even within their own models. “No single company report tells the whole story,” says Shayne Longpre, a recent PhD graduate from the MIT Media Lab who co-led the research with Reuel.
To create the AI Observatory, Reuel and researchers from MIT, Stanford, the Data Provenance Initiative, and other institutions aggregated 85,633 conversational turns (that is, the user prompt and corresponding AI response) across 24,521 conversations from seven real-world datasets collected in previous research. These conversations came from 5,000 users interacting with 52 different models, including ChatGPT, Gemini, Claude, and Grok, between 2023 and 2025.
But these conversations are a drop in the proverbial bucket compared with the data that the big labs themselves have access to. The latest Anthropic Economic AI Index, for example, is based on analysis of 1 million Claude conversations; OpenAI’s report on how people are using ChatGPT analyzed 1.5 million conversations.
An Anthropic representative said the company’s published research reflects its research teams’ specific questions and interests and that it’s important to support external independent research. OpenAI did not respond to requests for comment.
The fact that the AI Observatory’s dataset draws from voluntarily provided sources means it’s probably underrepresenting sensitive uses, which people may be less likely to share. Thus, the researchers caution that its findings are not indicative of all AI use.
The project’s work, though, broadens access for the research community. AI companies don’t typically share their chat data for analysis, which means their reports tend to focus on the findings that paint them in the best light, independent researchers like Reuel and Widder say.
“When we want to ask, for example: is Anthropic’s general-purpose AI system … used mostly for good or mostly for bad … we don’t have a way of answering that question because that information is proprietary,” explains Widder.
The AI Observatory’s data will be available to researchers for analysis, and the team hopes to expand its datasets over time. Ideally, Reuel says, the AI companies would share their data with independent researchers—in ways that protect user privacy, of course. But as it currently stands, she says, anyone making decisions based on AI usage data risks “completely operating in the wild and making these really consequential decisions without knowing what’s actually happening beyond those company narratives.”
Deep Dive
Artificial intelligence
A startup claims it broke through a bottleneck that’s holding back LLMs
Subquadratic has now shared more details about its new model. But some are still skeptical.
A fundamental flaw leaves LLMs strikingly vulnerable to attack
It makes it easy to trick them into doing things they shouldn’t, such as telling you how to sabotage an aircraft’s navigation system.
Anthropic found a hidden space where Claude puzzles over concepts
A new technique has let the company probe deeper than ever into the weird workings of an LLM.
Claude Science is Anthropic’s newest flagship product
The company is doubling down on AI for science.
Stay connected
Get the latest updates from
MIT Technology Review
Discover special offers, top stories, upcoming events, and more.",full,,trafilatura_full_text,https://www.technologyreview.com/2026/08/18/1142226/how-people-use-ai/,MIT Technology Review,综合科技,无,2026-08-18T22:30:06+00:00,AI与智能科技 > AI软件层 > 底座大模型 > 文本模型,AI与智能科技,文本模型,"[{""path"":[""AI与智能科技"",""AI软件层"",""底座大模型"",""文本模型""],""path_text"":""AI与智能科技 > AI软件层 > 底座大模型 > 文本模型"",""confidence"":0.65,""reason"":""研究分析Claude、ChatGPT等大语言模型的实际使用模式""}]",classified,2026-08-18T23:01:35.807616+00:00,glm-5.2,2026-08-14,
The role of the astronaut is in flux,2026-08-18,"When the four astronauts on board NASA’s Artemis II swung around the moon earlier this year, they set a new record for the farthest humans have ever ventured from Earth, surpassing the distance set by Apollo 13 in 1972 by some 4,000 miles.
While no space mission can live up to the historic touchdown of Apollo 11—a spectacle that 20% of the world population watched live—Artemis II still attracted massive public interest. It drew tens of millions of viewers and inspired outpourings of “moon joy,” a term coined spontaneously during the mission that became a viral sensation.
The expedition is only the first in a planned series of ambitious missions. The Artemis program aims to establish a human base on the south pole of the moon, operated by the US and its international and commercial partners, during the 2030s. China and Russia have teamed up to build their own crewed lunar base in the same region and on a similar timeline. Meanwhile, companies like Blue Origin and SpaceX hope to lock down the burgeoning extraterrestrial tourism market by flying civilian astronauts on private missions, with the long-term dream of taking them to the moon—or even Mars.
But some overarching questions about this new era of space exploration linger, including perhaps the most existential one of all: What’s the point? Launching humans into space is dangerous and expensive, and it’s unclear whether it can deliver a better return on investment than we’d get if we were to send robots in our stead to make scientific discoveries or to conduct commercial activities, such as mining.
Since the dawn of human spaceflight, this line of questioning has been met with countless answers. We go to space for geopolitical prestige, manifest destiny, spiritual fulfillment, scientific curiosity, and, increasingly, business opportunities.
In the wake of Artemis II, a slew of new books suggest that these justifications are subsumed by one unifying fact: Humans have itchy feet, and we are simply wired to roam. No matter the merits of any single rationale for sending people to space, they are all downstream of the basic evolutionary instinct to expand and adapt, which may not require much rational explanation at all.
Indeed, in her new book,
The Ultraview Effect
, the space anthropologist Deana L. Weibel frames human space exploration as an extension of our ancient compulsion to embark on pilgrimages, often facing perilous obstacles, in order to experience revelations about our universe. Eiman Jahangir, who recounts his journey to space with Blue Origin in
A Heart for Space
, is one of a growing number of these new-age civilian space pilgrims. And in his memoir
Dinner with an Astronaut
, coauthored with writer Victoria Bruce, former NASA astronaut Leroy Chiao concludes that people simply “need to know what’s on the other side.”
“We go into space because we want to explore,” Weibel told me. “We want to see what it’s like to walk on another world.”
The Ultraview Effect: What We Can Learn from Astronauts About Awe, Humility, and Exploring the Unknown
Deana L. Weibel
UNIVERSITY OF CALIFORNIA PRESS, 2026
A Heart for Space: An Astronaut’s Guide to Achieving the Impossible
Eiman Jahangir
FOREFRONT BOOKS, 2026
Dinner with an Astronaut: Serving Space Stories: Past, Present and Future
Leroy Chiao with Victoria Bruce
HANOVER SQUARE PRESS, 2026
This simple motivation for human spaceflight is usually framed as aspirational: Explore new places, break new ground, adapt environments to suit our needs. But as our presence in space expands, we are bound to bring along the same human foibles that have stymied us on Earth. Frontiers like the moon and Mars will no longer be some hazy dreamlands onto which we can project our hopes, values, and favorite visions from science fiction. They will be workspaces for astronauts, places of commerce, military domains, tourist destinations, and heritage sites.
How we deal with all that is, literally, up in the air. At the moment, a relatively small group of players in human spaceflight have an outsize role in determining the path forward, with SpaceX CEO Elon Musk standing as the most conspicuous example. But shrugging off the drive to leave Earth as an itch for exploration and domination that only nation-states and the ultrarich can scratch won’t cut it any more. Now is the time for everyone who cares about space exploration, no matter their backgrounds, to advocate for their own visions of our off-Earth future—before it is decided for them.
The new space race
During the Apollo era, the justification for blasting astronauts into space was clear-cut: brinkmanship. As Cold War tensions peaked in the 1960s, the United States and the Soviet Union had every reason to demonstrate their technological prowess through human spaceflight.
To be sure, the feat of sending humans to the moon inspired millions of people, many of whom went on to work in science and engineering. Chiao credits his own career as an astronaut to the Apollo 11 landing, which he watched, riveted, as an eight-year-old child in Wichita, Kansas. Decades later, he flew three space shuttle missions and served as commander of the International Space Station.
But while early milestones were met with giddy excitement, the space race was fundamentally animated by an implicit threat. Whichever nation proved superior in space could easily trade nuclear warheads for the astronauts it was launching on rockets that were essentially modified missiles.
Fortunately, we are no longer on the brink of nuclear war <knock on wood>. NASA is, however, making an overt case that America is embroiled in a new space race, this time with China. Whereas the US and the USSR used spaceflight as a symbolic proxy for global technological dominance, Chiao told me in an interview that the new first-place prize could be uncontested access to valuable resources such as water, which could be sourced from ice patches on the south pole of the moon.
Space law prohibits any nation from owning part of the moon, but these aging rules are about to endure road testing. Both the US and China plan to establish bases on the lunar south pole designed to support human crews for long periods. These outposts will inevitably be powered by nuclear reactors, so safety will require exclusion zones around them.
The desire to spread our species beyond the planet is about more than technocratic bragging rights. It’s also ancient, primal, and perhaps unstoppable.
As a result, there could be a first-mover advantage to setting up shop on the most resource-rich patches of the moon, even if a nation never officially owns them. This is all speculative at the moment, and many skeptics in the
political
financial
spheres have cast doubt on the idea that a thriving market for space resources will materialize—at least in the near term.
Still, the rough contours of a human spaceflight economy—reaching to the surface of the moon and perhaps beyond—are beginning to take shape, and governments aren’t the only ones with plans to capitalize. Musk ultimately wants SpaceX to launch millions of civilians into orbit and eventually establish a permanent settlement on Mars. Whether or not those grand visions pan out, the company continues to make moves toward space tourism. Meanwhile, Blue Origin, the company founded by Jeff Bezos, has ferried more than 80 civilians on brief flights into suborbital space, including
Star Trek
icon William Shatner; pop star Katy Perry; and Jahangir, a cardiologist whose book describes the realization of a lifelong dream.
Jahangir, who was born in Iran and grew up in Tennessee, worked tirelessly for years to qualify as an astronaut with NASA but never made the cut. He finally got his chance to leave Earth after winning a raffle for a seat on Blue Origin’s New Shepard–26 mission, which achieved a 10-minute flight to an altitude of 65 miles in August 2024.
For Jahangir, the flight was the ultimate pilgrimage. “To get to those ten minutes took forty years of dreaming and twenty years of hustling,” he writes in his memoir. “It was not the future I expected, growing up with plans to be a NASA astronaut, but it was the future I was given, and one I am grateful for.”
While these forays are personally fulfilling, from a business standpoint the core purpose of space tourism is, as ever, to turn a profit. And there are signs of some public discomfort with the increasing commodification of human spaceflight. Take, for example, the intense backlash to the all-­female Blue Origin mission that flew celebrity passengers like Perry, journalist Gayle King, Bezos’s now-wife Lauren Sánchez Bezos, and several others in April 2025. The attempt to brand the mission as a feminist milestone was mercilessly mocked online, hinting that questions about who gets to go to space, how they get there, and what they take away from the experience may inspire more acrimony and debate as these flights become increasingly common.
Expansionism of all sorts
Space visionaries are currently testing next-generation rockets, drawing up blueprints for moon bases, and racing to claim a stake in the future of human spaceflight. But the desire to spread our species beyond the planet is about more than technocratic bragging rights. It’s also ancient, primal, and perhaps unstoppable. And that isn’t a bad thing—harnessed properly, it could have benefits for our lives not just in space but on Earth.
Weibel, who studies pilgrimages through an anthropological lens, points to the deep roots of our human yearning to voyage to a hallowed spot and be transformed. For decades, she has chronicled the stories of pilgrims who seek out the Black Madonna statue in the village of Rocamadour in southwestern France. The sculpture sits in a chapel built into a cliff, so visitors experience a sense of vertigo intermixed with spiritual wonder.
Weibel’s “ultraview effect” is the cosmic version of this sensation—a spin on the overview effect, a term coined by the space philosopher Frank White to describe the revelatory experience of viewing Earth from orbit. The ultraview effect turns the astronautic gaze in the other direction, out into the incomprehensible immensity of the universe. Spacefarers report a feeling that is awesome and sublime in the old senses of those words: Their wonder is tempered by alienation, incomprehension, and what the 18th-century philosopher Edmund Burke termed “delightful horror.”
“These moments of wonder or strangeness, such as the ultraview effect,” are “when we realize the extent of the vast mysteries we are not equipped to understand,” Weibel writes.
As if to make her point, at a
NASA briefing in April
, Reid Wiseman, the commander of Artemis II, recalled seeing the moon eclipse the sun from lunar space and telling a crewmate that he didn’t think “humanity has evolved to the point of being able to comprehend what we are looking at right now.”
The story that initially inspired
The Ultraview Effect
came from the same distant location, the far side of the moon—though it occurred decades ago. Weibel recounts her conversations with “Zack,” an Apollo command module pilot whose name was changed for anonymity. Turning away from the moon, Zack gazed out into the dizzying endlessness of space, with all the lights on his spacecraft switched off so he was “dark-adjusted.” But the takeaway was the same. “It changed my view of infinity,” Zack told Weibel. “Infinity is just something beyond what we can contemplate. So that changes your outlook on everything.”
Even without full immersion into darkness, suborbital passengers on commercial flights have reported a touch of what might be described as the ultraview effect. For instance, Shatner was clearly rattled after his Blue Origin flight in 2021. He described Earth’s skies as a “comforter of blue” and our planet as “mother” and “life,” but looking away from our world, he saw only a “black ugliness.”
“Was that death?” he asked. “Is that the way death is?”
Likewise, Jahangir was struck by the contrast between the classic overview effect and its ultraview corollary. Earth “was brighter than anything I had imagined,” he writes in
A Heart for Space
. “Then I shifted my gaze up just slightly and saw the vastness and darkness of space. It was the blackest black I have ever seen, like staring into an inkwell. I just gazed, unable to comprehend what was before me and knowing that our atmosphere, our Earth, is home—a home we should protect at all costs.”
These anecdotes transcend any practical argument for human spaceflight: The constant jockeying for “top dog” status, the allure of unfathomable revenue, or the spinoff technologies that could lead to scientific breakthroughs. Pull off those layers and you have the hero’s journey. Across eras and cultures, some people simply feel the need to chase the horizon. Often, pilgrims in history and legend never return home. But when they do, they tend to bring back wisdom and guidance for a better world.
For Elon Musk, the hero’s journey means expanding human life to Mars and beyond, to find a permanent presence among the stars. As Weibel explains, this idea is not new. For centuries, space visionaries have cast human space exploration as the final phase of our maturation as a species, a sentiment the Russian rocketry pioneer Konstantin Tsiolkovsky summed up by declaring, “Earth is the cradle of humanity, but one cannot live in a cradle forever.”
The dream of an interstellar Earthling diaspora, one that could guarantee our continuation as a species, is hugely appealing, both as grist for science fiction and as a road map for our human future. But for Chiao, who is stoic on these matters, deliverance in space is a mirage.
“It’s important to develop a way to deflect asteroids and develop a way to have humans sustainably live on a place like Mars, but to me, at some point we end,” he told me. “I know it sounds a bit odd, but there’s some comfort in that knowledge. We’re not in this race to save ourselves. There seems to be order in the universe, and probably every group of intelligent life has its own cycle. It’s okay to be extinct.”
In that scenario, our robotic spacecraft may outlive us. Even now, they are our most daring emissaries: They can surf the sun, explore hostile planets, and even break into the interstellar frontier. But while these spacecraft are our scouts, many people will always prefer to see themselves in space. “People identify when there’s a human out there doing it,” Chiao told me. “We’re just thrilled and amazed to see what comes back from these robotic probes, but I think you need both.”
Weibel points out that during the Apollo era, robotic spacecraft took pictures of Earth from lunar orbit. But it wasn’t until Bill Anders, an astronaut on board Apollo 8, snapped
the famous “Earthrise” shot
that the otherworldly view really hit home for the public. Similar shots from the Artemis II astronauts went viral, including a
picture of Christina Koch
gazing through the spacecraft window at Earth.
There are
lots of reasons for humans
to stay grounded, from the dangerous nature of spaceflight to the medical complications of long-term radiation exposure to the gargantuan expense. But it is unlikely we will stay put on Earth, even if we never make it far—for the same reason our ancestors crossed deserts, oceans, and mountains.
“Knowing somebody’s been there and can tell us about it when they come back—that’s a whole other level of it that makes it more compelling,” Weibel told me. “I’m not 100% sure why,” she adds, “but we trust witness testimony.”
Becky Ferreira is a science reporter based in upstate New York and the author of
First Contact: The Story of Our Obsession with Aliens
Keep Reading
Most Popular
A startup claims it broke through a bottleneck that’s holding back LLMs
Subquadratic has now shared more details about its new model. But some are still skeptical.
Will Douglas Heaven
archive page
A fundamental flaw leaves LLMs strikingly vulnerable to attack
It makes it easy to trick them into doing things they shouldn’t, such as telling you how to sabotage an aircraft’s navigation system.
Will Douglas Heaven
archive page
Sperm donors need limits, says a European fertility group
Some donor-conceived people are finding hundreds of siblings. An international cap on donations could help prevent that.
Jessica Hamzelou
archive page
Anthropic found a hidden space where Claude puzzles over concepts
A new technique has let the company probe deeper than ever into the weird workings of an LLM.
Will Douglas Heaven
archive page
Stay connected
Get the latest updates from
MIT Technology Review
Discover special offers, top stories,
upcoming events, and more.",full,,dom_or_structured_full_text,https://www.technologyreview.com/2026/08/18/1141614/book-review-astronaut-role-in-flux/,MIT Technology Review,综合科技,无,2026-08-18T22:30:08+00:00,通用技术 > 通信和运输 > 航天,通用技术,航天,"[{""path"":[""通用技术"",""通信和运输"",""航天""],""path_text"":""通用技术 > 通信和运输 > 航天"",""confidence"":0.9,""reason"":""核心是Artemis登月计划、商业航天与太空旅游对航天员角色的影响""}]",classified,2026-08-18T23:01:35.807616+00:00,glm-5.2,2026-08-14,
AI’s recursive self-improvement might not come so quickly after all,2026-08-18,"AI’s recursive self-improvement might not come so quickly after all
AI agents are not yet creative enough to carry out genuinely innovative open-ended AI research, it seems.
The AI industry’s boldest promise right now is that AI will soon improve itself, with almost no need for human oversight. LLMs can already write code, generate synthetic data for training, and optimize the computer chips they run on. Forecasts of explosive AI progress predict that what researchers call recursive self-improvement is on the horizon.
But a new study suggests that it might take a while for us to get there. The researchers behind it found that AI agents are not yet capable of conducting open-ended AI research—free-form investigations that have no clear-cut answers and require judgment and taste, which may be integral to building self-improving AI.
A multi-institution group of researchers, led by Peter Kirgis and Sayash Kapoor at Princeton University, found that AI agents could solve the engineering problems necessary to do AI research but lacked the judgment and creativity to produce original research at the caliber of papers accepted by a top machine-learning conference. The gap suggests that some of the hyped-up timelines for automating AI research may be running ahead of the evidence.
Most existing research on how agents can automate AI research evaluates their ability to complete narrow tasks with checkable answers, such as solving engineering problems or post-training small language models against a benchmark. But making progress in AI research also requires open-ended thinking—choosing a set of hypotheses, deciding what evidence would settle a question, or knowing when to start over.
To test agents on those kinds of skills, the researchers in the study proposed a new method of evaluation called “shadow evaluation,” which requires the AI to answer a research question from a high-quality unpublished paper.
The researchers asked Anthropic’s Claude Opus 4.8, running on open-source software called OpenClaw, to tackle such questions, in this case from two papers submitted to the prestigious machine-learning conference NeurIPS 2026.
The first question was whether a large language model’s “personas,” which determine its behavior, can be controlled by editing the model’s weights (the billions of numbers that store everything it learns during training). The other asked how to design a detector that points out when a model that makes predictions based on spreadsheet data has become unreliable. Because the papers had not been made public, the agents could not memorize the answers from their training data or find them online.
The agents were given six days, $3,000 in Anthropic API credits, a GPU budget to run the experiments, their own virtual computers, and access to the open web to produce a research paper worthy of publication at a top-tier AI conference. The papers’ original authors graded the agents’ papers as they would evaluate one submitted to a conference.
Those authors rejected both papers.
The agents were capable of all the engineering required to conduct the research, the human scientists found. The agents reviewed the literature, ran hundreds of experiments, and compiled the results.
“On the other hand, the agents were unambiguously bad at carrying out the research itself,” says Kapoor. They ran bizarre experiments (in some cases testing their hypotheses on tiny synthetic datasets), struggled to write intelligibly about their work, and made no novel contribution to their fields. “The papers were nowhere close to the mark when it came to being at the quality of a top AI conference,” he says.
That’s because the agents struggled to muster the creativity and judgment necessary for conducting research. They didn’t do enough to explore different ideas, and they committed to unpromising approaches too quickly. Though the agents developed novel and ambitious hypotheses resembling those that the original authors themselves started with, they rejected them on the basis of very limited data. And they couldn’t backtrack from failing approaches. They could make small pivots but could not fundamentally rethink their approach or try new ones from scratch.
The agents also failed to incorporate feedback from subagents or external AI reviewing tools. Instead of revising their methodology, the agents narrowed their claims and added caveats. They also couldn’t effectively use resources, such as tokens, compute, and time. And they couldn’t follow instructions about things like how much time to spend on different phases of the research or how long their paper could be.
For all their failures, the agents didn’t engage in the misbehavior that researchers call “reward hacking,” hiding or misrepresenting experiments or data. Although subagents, or helper AIs that the main agent spawns to handle pieces of the work, occasionally hallucinated or misrepresented the results, these were caught by the orchestrator agent, the lead AI supervising the project.
The reason AI models are good at research engineering but not at open-ended research may come down to how they’re trained, says Kapoor. Models get good at whatever they can be drilled on in a training regime called reinforcement learning, which is easier to apply to tasks whose success can be checked automatically. “But it’s harder to create environments to train these models when the task itself is open-ended,” he says.
Kapoor says the team is now conducting the experiment with Mythos, Anthropic’s most advanced model, which launched in April. It was subsequently required by the Trump administration to meet various safety restrictions and is now available only to approved organizations. Anthropic did not respond to a request for comment.
There are some limitations to the study. It covered just two research papers, and the original authors knew the papers they were grading were generated by AI agents, which could have colored their evaluations. And the researchers had substantial discretion in designing and executing the study, meaning that their preexisting beliefs and biases could have slipped into the results. Evaluations of open-ended research trade some objectivity for a much richer test than any benchmarks can offer.
Still, the results may temper the claims that recursive self-improvement is on the horizon. In June, Anthropic published a blog post titled “When AI Builds Itself,” charting its progress toward models that speed up their own development. In July, OpenAI advertised the fact that its new model GPT-5.6 Sol had helped post-train a smaller model, saving researchers weeks of work.
The new finding may echo what AI companies are finding internally, regardless of their most optimistic public statements. Anthropic cofounder Jack Clark wrote in his newsletter Import AI that it rhymes with what the company found when it tried to automate some aspects of AI safety research.
“There’s a certain absence of valuable, intuitive creativity in today’s AI systems, and though they’re extraordinarily capable engineers they seem to have a certain property of rote, formulaic thinking that might prevent them [from] being good researchers,” he wrote. He called AI systems’ lack of creativity a “bearish signal on short recursive self-improvement timelines.”
AI companies do have every incentive to develop AI systems that can rapidly accelerate their own progress, just as they did to make the models better at coding. OpenAI has made building an automated AI researcher an explicit goal, and Anthropic identifies self-improving AI as the industry’s next milestone.
“If there is investment and then conscious effort toward this direction, I feel like there would be interesting progress, even if it’s failing currently,” says Najoung Kim, a professor of linguistics and computer science at Boston University who researches how AI agents can automate AI research but did not work on the study. On the other hand, it’s possible that AI progress may be bifurcated. AI systems might race ahead on narrow tasks—the kind that can be scored—while advancing slowly on open-ended research.
The big open question, then, is how crucial open-ended research is to recursive self-improvement—whether AI systems can grind their way there without it, simply by improving on the narrower tasks. “If we look back to the biggest advances in the field, the invention of transformers or the invention of big new architectures that allowed us to make a lot of AI progress—all of those did require creative leaps,” says Kapoor.
“That said, others have this hypothesis that all of what we need for transformative AI, in particular for recursive self-improvement, is already there.” That would include making a model train faster and boosting its benchmark scores.
“That’s frankly the trillion-dollar question right now,” he says.
Deep Dive
Artificial intelligence
A startup claims it broke through a bottleneck that’s holding back LLMs
Subquadratic has now shared more details about its new model. But some are still skeptical.
A fundamental flaw leaves LLMs strikingly vulnerable to attack
It makes it easy to trick them into doing things they shouldn’t, such as telling you how to sabotage an aircraft’s navigation system.
Anthropic found a hidden space where Claude puzzles over concepts
A new technique has let the company probe deeper than ever into the weird workings of an LLM.
Claude Science is Anthropic’s newest flagship product
The company is doubling down on AI for science.
Stay connected
Get the latest updates from
MIT Technology Review
Discover special offers, top stories, upcoming events, and more.",full,,trafilatura_full_text,https://www.technologyreview.com/2026/08/18/1142188/ai-recursive-self-improvement/,MIT Technology Review,综合科技,无,2026-08-18T22:30:10+00:00,AI与智能科技 > AI软件层 > 工程改进 > AGENT,AI与智能科技,AGENT,"[{""path"":[""AI与智能科技"",""AI软件层"",""工程改进"",""AGENT""],""path_text"":""AI与智能科技 > AI软件层 > 工程改进 > AGENT"",""confidence"":0.72,""reason"":""核心是AI智能体能否开展开放式研究、实现递归自我提升的研究评估。""}]",classified,2026-08-18T23:01:42.852715+00:00,glm-5.2,2026-08-14,
Einladung: Tag der offenen Tür am 25. August im Berlin Mobile Brain/Body Imaging Lab (BeMoBIL) der TU Berlin,2026-08-18,"Einladung: Tag der offenen Tür am 25. August im Berlin Mobile Brain/Body Imaging Lab (BeMoBIL) der TU Berlin
Neue Methoden der mobilen Gehirnstrom-Messung und immersive Virtual-Reality-Umgebungen live erleben
Anlässlich der 6. „International Mobile Brain/Body Imaging Conference“ vom 25. bis 28. August 2026 in Berlin lädt das Fachgebiet „Biopsychologie und Neuroergonomie“ der TU Berlin zu einem Tag der offenen Tür seines Berlin Mobile Brain/Body Imaging Lab (BeMoBIL) ein. BeMoBIL untersucht die neuronalen Grundlagen der menschlichen Wahrnehmung, Kognition und Handlung unter natürlichen Bedingungen, das heißt bei Personen, die sich aktiv bewegen und mit ihrer Umgebung interagieren.
Wann: Offenes Labor am Montag, 25. August 2026, von 11:00 Uhr bis 16:00 Uhr
Wo: Berlin Mobile Brain/Body Imaging Lab (BeMoBIL)
Adresse: Gebäude V auf dem Campus Charlottenburg der TU Berlin, Zugang über Fasanenstraße (Campusplan: https://www.tu.berlin/go215/)
Ab 11:00 Uhr ist dann der Zutritt zum Labor durchgängig möglich, die Besucher*innen sind eingeladen, das Labor zu besichtigen, das Forschungsteam kennenzulernen und Live-Demonstrationen der mobilen EEG-Systeme, Bewegungs-Tracker und immersiver Experimental-Umgebungen zu verfolgen. Darüber hinaus werden Ausstellungen von sieben internationalen Laboren zu sehen sein, die in verwandten Bereichen tätig sind. Sie werden neue Soft- und Hardwarelösungen vorstellen, darunter zwei mobile Versuchslabore für die Durchführung neurowissenschaftlicher Studien in der realen Welt.
Die Veranstaltung findet – außer der Presse-Führung auf Deutsch – in englischer Sprache statt und ist offen für Konferenzteilnehmer*innen, Studierende, Interessierte aus Wirtschaft und Medien sowie alle Angehörigen der TU Berlin und der Berlin University Alliance (BUA). Eine Anmeldung ist nicht erforderlich.
Was machen Städte und VR-Umgebungen mit unserem Gehirn?
Wie wirken sich Lärm, Straßenverkehr oder Vogelgezwitscher in städtischen Parks ganz konkret auf unser Gehirn aus? Sind dies nur kurzfristige Effekte oder gibt es langfristige Veränderungen? Wie geht unser Gehirn mit Virtual- und Augmented-Reality-Umgebungen um, die unsere Arbeitswelten zunehmend prägen werden? Wie funktioniert räumliches Denken und wie können wir unseren Orientierungssinn auch im Alter bewahren? Dies sind nur einige der Forschungsfragen, mit denen sich das BeMoBIL beschäftigt. Seit Juni 2026 wird das Fachgebiet „Biopsychologie und Neuroergonomie“ von Prof. Dr. Klaus Gramann dabei auch durch einen ERC Advanced Grant des Europäischen Forschungsrats in Höhe von 2,75 Millionen Euro unterstützt. Mit dem geförderten Projekt „URBRAIN“ wollen die Forschenden besser verstehen, wie Städte gestaltet werden können, um Gesundheit und Wohlbefinden zu verbessern.
Messungen in realen Situationen mit mobilen EEG-Systemen
Anstatt die Untersuchung der Hirnaktivität auf Proband*innen in stationären Umgebungen zu beschränken, setzt das Labor mobile hochauflösende Elektroenzephalografie (EEG) ein in Kombination mit virtueller und erweiterter Realität, mit Tracking-Verfahren zur Aufzeichnung von Bewegungen sowie mit der Erfassung von Augenbewegungen und physiologischen Daten wie Puls und Schweißbildung. Damit ist es möglich, die Dynamik von Gehirn und Körper während natürlichen Verhaltens ganzheitlich zu erfassen. Durch diesen integrativen Ansatz möchte BeMoBIL sowohl das wissenschaftliche Verständnis der verkörperten Kognition als auch die methodischen Werkzeuge zur Untersuchung des Gehirns in Bewegung vorantreiben.
Internationale Konferenz organisiert vom Fachgebiet Biopsychologie und Neuroergonomie
Die 6. „International Mobile Brain/Body Imaging Conference“ vom 25. bis 28. August 2026 wird vom Fachgebiet „Biopsychologie und Neuroergonomie“ der TU Berlin ausgerichtet und findet im Konferenzzentrum „Stadtbad Oderberger Straße“ statt. Keynotes halten Nanthia Suthana, Professor of Neurosurgery and Biomedical Engineering der Duke University; John Foxe, Director des Del Monte Institute for Neuroscience und „Kilian J. and Caroline F. Schmitt Chair in Neuroscience“ des University of Rochester Medical Center sowie Britta Westner, Assistant Professor des Donders Institute for Brain, Cognition and Behaviour des Radboud University Medical Center.
Wissenschaftlicher Ansprechpartner:
Prof. Dr. Klaus Gramann
Leiter des Fachgebiets „Biopsychologie und Neuroergonomie“
Fakultät V - Verkehrs- und Maschinensysteme
Technische Universität Berlin
Tel.: +49 (0)30 314-79508
Weitere Informationen:
https://www.tu.berlin/bpn Fachgebiet „Biopsychologie und Neuroergonomie“
https://blogs.tu-berlin.de/bpn_bemobil/home/lab-information-new2/ Berlin Mobile Brain/Body Imaging Lab (BeMoBIL)
https://www.tu.berlin/go239617/n90040/ ERC-gefördertes Projekt „URBRAIN“
https://blogs.tu-berlin.de/bpn_mobi2026/program/ 6. „International Mobile Brain/Body Imaging Conference“",full,,trafilatura_full_text,https://nachrichten.idw-online.de/2026/08/18/einladung-tag-der-offenen-tuer-am-25-august-im-berlin-mobile-brain-body-imaging-lab-bemobil-der-tu-berlin,Informationsdienst Wissenschaft-idw,综合科技,无,2026-08-18T22:30:39+00:00,AI与智能科技 > 其它智能科技 > 脑机接口,AI与智能科技,脑机接口,"[{""path"":[""AI与智能科技"",""其它智能科技"",""脑机接口""],""path_text"":""AI与智能科技 > 其它智能科技 > 脑机接口"",""confidence"":0.7,""reason"":""核心是移动脑电成像实验室的脑信号测量与脑机交互技术展示。""}]",classified,2026-08-18T23:01:42.852715+00:00,glm-5.2,2026-08-14,
KI-Schlüsselprofessur besetzt: Seth Flaxman kommt im Oktober an die RPTU,2026-08-18,"KI-Schlüsselprofessur besetzt: Seth Flaxman kommt im Oktober an die RPTU
Die Rheinland-Pfälzische Technische Universität Kaiserslautern-Landau (RPTU) stärkt ihren Schwerpunkt in der KI-Forschung und adressiert dabei das gesamte Spektrum der Wechselwirkungen zwischen KI und Gesellschaft. Ausdruck davon ist die Initiative „AI, Computing and Society“ (AICS), die die RPTU mit dem Max-Planck-Institut für Softwaresysteme (MPI-SWS) ausgestaltet. Dieses Vorhaben wird nun durch eine profilbildende KI-Professur weiter Fahrt aufnehmen. Im Oktober wechselt Informatikprofessor Seth Flaxman von der Universität Oxford an die RPTU.
Seth Flaxman hat in seiner Forschung KI und Gesellschaft gleichermaßen im Blick. Er verbindet Fachkenntnisse in den Bereichen maschinelles Lernen und Statistik, wobei sein besonderes Augenmerk auf Anwendungen in den Bereichen Bevölkerung und globale Gesundheit liegt. Während der Covid-19-Pandemie hatten seine vielfach zitierten Studien zur computergestützten Epidemiologie erheblichen Einfluss auf politische Entscheidungen in Europa, den USA und weltweit. International anerkannt ist er zudem für seine Beiträge zum Social Computing, darunter seine frühen Arbeiten zu Filterblasen und Echokammern sowie zum Recht auf Erklärbarkeit. Er arbeitet eng mit der Weltgesundheitsorganisation, UNICEF und dem Welternährungsprogramm an datengestützten Modellen zu körperlicher Aktivität, klimatischen Bedrohungen für die Gesundheit von Kindern und Ernährungsunsicherheit zusammen.
Vertrauenswürdige KI im Blick
Angesiedelt wird die neue KI-Professur am Fachbereich Informatik der RPTU. „Seth Flaxman wird sich insbesondere in unseren Forschungsschwerpunkt mit dem Max-Planck-Institut für Softwaresysteme einbringen“, erklärt Professor Christoph Garth, Dekan des Fachbereichs. „Er wird über Disziplingrenzen hinweg als Impulsgeber und Vernetzer agieren und die international sichtbare Spitzenforschung am Standort vorantreiben, mit dem Ziel, KI-getriebene gesellschaftliche Veränderungen verantwortungsvoll zu gestalten. Damit stärkt er die Informatik an der RPTU, die Initiative AICS und Kaiserslautern in seiner Bedeutung als KI-Hub.“ Krishna Gummadi, wissenschaftlicher Direktor am Max-Planck-Institut für Softwaresysteme, der die Gründung der AICS-Initiative maßgeblich vorangetrieben hat, ergänzt: „Seine Berufung wird neue Möglichkeiten für die Zusammenarbeit zwischen der RPTU und dem Max-Planck-Institut für Softwaresysteme schaffen und dazu beitragen, die KI-Forschung voranzubringen, die der Gesellschaft tatsächlich zugutekommt.“
Ein zentrales Anliegen des AICS ist die interdisziplinäre Forschung, die neue Erkenntnisse in konkrete Lösungen für Gesellschaft und Wirtschaft überführt. „Wie jede Technologie kann KI sowohl zum Wohl der Gesellschaft beitragen als auch bestehende soziale Ungleichheiten verstärken“, sagt Seth Flaxman. „KI ist eine von Menschen entwickelte Technologie, und deshalb tragen wir auch die Verantwortung für ihre gesellschaftlichen Auswirkungen. Aufgrund der schnellen Fortschritte im Bereich der KI wird die AICS-Initiative ihre Forschung darauf ausrichten, sowohl die gesellschaftlichen Auswirkungen von KI zu verstehen als auch Grundlagenforschung im Bereich KI voranzutreiben, um robuste und verantwortungsvoll eingesetzte Systeme zu ermöglichen.“
AICS final ausgestalten
Seth Flaxmans Start an der RPTU gibt auch die Initialzündung für die Berufung von drei weiteren Professorinnen und Professoren, mit denen AICS zusätzlichen Schwung erhalten soll.
Möglich werden diese Berufungen mit Unterstützung des Landes: „Ich freue mich sehr, dass wir mit Seth Flaxman einen herausragenden internationalen Wissenschaftler für die RPTU und den Standort Kaiserslautern mit dem Max-Planck-Institut für Softwaresysteme gewinnen konnten. Mit seiner Expertise verzahnt er die Forschungsgebiete der Universität in hervorragender Weise mit der Max-Planck-Gesellschaft und hat Strahlkraft weit über Rheinland-Pfalz hinaus. Seine Forschung schlägt die Brücke zu den gesellschaftlichen Herausforderungen, die die Chancen der KI-Nutzung mit sich bringen“, so Staatssekretärin Dr. Tamara Müller. „Die Ausrichtung auf verantwortungsvolle, menschenzentrierte KI-Nutzung für Rheinland-Pfalz ist ein zentrales Thema. Deshalb unterstützen wir diese hochkarätige Berufung sehr gern mit zusätzlicher Ausstattung im Rahmen der Initiative ‚AI, Computing and Society‘ und unserer KI-Agenda.“
Förderung durch die Wübben Stiftung Wissenschaft
Ebenso hat die Wübben Stiftung Wissenschaft zum Gelingen der hochkarätigen Berufung beigetragen. Über das Appointment Accelerator-Programm stellt die Stiftung finanzielle Mittel für das Onboarding des Wissenschaftlers in Höhe von rund 390.000 Euro zur Verfügung.
Über Seth Flaxman
Seth Flaxman schloss 2008 sein Bachelorstudium in Informatik und Mathematik an der Harvard University ab. Von 2009 bis 2010 war er an der École Polytechnique Fédérale de Lausanne (EPFL) tätig und studierte dort. Anschließend arbeitete er als wissenschaftlicher Mitarbeiter bei der Weltgesundheitsorganisation (WHO) in Genf, Schweiz. Im Jahr 2015 schloss er seine Promotion im Bereich Maschinelles Lernen und Politikgestaltung an der Carnegie Mellon University in den Vereinigten Staaten ab. Er hatte akademische Positionen als Postdoktorand im Bereich Maschinelles Lernen und Computerstatistik an der University of Oxford sowie als Dozent und später als Senior Lecturer für Maschinelles Lernen am Fachbereich Mathematik des Imperial College London inne. Im Jahr 2021 wurde er zum außerordentlichen Professor für Informatik an der University of Oxford ernannt.
Seth Flaxman ist zudem Mitbegründer des Netzwerks „Machine Learning & Global Health“ (MLGH.net), eines internationalen Forschungskonsortiums, das Partner aus dem Vereinigten Königreich, Europa, Asien und Afrika zusammenbringt. Er hat seine Forschungsergebnisse unter anderem an der Harvard University, der University of California, Berkeley, dem Massachusetts Institute of Technology (MIT), der New York University (NYU), der Columbia University, der Yale University, dem University College London (UCL) und der École Polytechnique Fédérale de Lausanne (EPFL) vorgestellt.
Ähnliche Pressemitteilungen im idw",full,,dom_or_structured_full_text,https://nachrichten.idw-online.de/2026/08/18/ki-schluesselprofessur-besetzt-seth-flaxman-kommt-im-oktober-an-die-rptu,Informationsdienst Wissenschaft-idw,综合科技,无,2026-08-18T22:30:41+00:00,公共政策与社会治理 > 科教与人才 > 教育与人才发展,公共政策与社会治理,教育与人才发展,"[{""path"":[""公共政策与社会治理"",""科教与人才"",""教育与人才发展""],""path_text"":""公共政策与社会治理 > 科教与人才 > 教育与人才发展"",""confidence"":0.85,""reason"":""核心事件是大学AI讲席教授聘任与人才引进。""}]",classified,2026-08-18T23:01:42.852715+00:00,glm-5.2,2026-08-14,
Was Schwarmroboter von Bienen über Konsensfindung lernen können,2026-08-18,"Was Schwarmroboter von Bienen über Konsensfindung lernen können
Forschende unter Leitung des Konstanzer Informatikers Andreagiovanni Reina konnten nachweisen, dass eine einfache Interaktionsregel Roboterschwärmen ermöglicht, selbst bei fehlerhaften oder manipulierten Informationen klare kollektive Entscheidungen zu treffen. Bemerkenswerterweise findet sich dieselbe grundlegende Entscheidungslogik auch in einer Vielzahl biologischer Systeme.
Ob Rettungsmissionen in Katastrophengebieten, die Erstreaktion bei Chemieunfällen oder die Überwachung empfindlicher Ökosysteme: Roboterschwärme könnten künftig überall dort eingesetzt werden, wo der Mensch nur eingeschränkt oder unter Gefahr Zugang hat. Um selbständig handeln zu können, müssen Roboter gemeinsam entscheiden können, welches Problem sie angehen und wohin sie sich als nächstes bewegen sollen. Doch kollektive Entscheidungsfindung birgt auch eigene Risiken: Zwar verbessern Roboter ihre Entscheidungen, wenn sie untereinander Informationen austauschen, fehlerhafte Modelle, ungenaue Beobachtungen oder manipulierte Nachrichten können jedoch den gesamten Schwarm in die Irre führen.
Ein internationales Forschungsteam unter Leitung des Informatikers Andreagiovanni Reina von der Universität Konstanz konnte nun nachweisen, dass eine einfache, von der Natur inspirierte Regel Roboterschwärmen helfen kann, schnell zu einem eindeutigen Konsens zu gelangen – selbst dann, wenn ein Teil der in der Gruppe verbreiteten Informationen unzuverlässig ist. Die in Nature Communications veröffentlichte Studie legt nahe, dass diese erstaunlich weitverbreitete Interaktionsregel Roboterschwärme weniger anfällig für störungsbehaftete Kommunikation machen könnte, die für reale Anwendungsszenarien typisch ist.
Die Meinung kopieren oder lieber kurz innehalten?
Im Detail verglichen die Forschenden zwei einfache Möglichkeiten, wie ein Roboter reagieren kann, wenn er Informationen erhält, die der eigenen Meinung widersprechen. Nach der ersten Regel, dem sogenannten „Direct Switch“, gibt der Roboter seine eigene Meinung sofort auf und übernimmt die neu empfangenen Informationen. Der Vorteil: Das erfordert nur sehr wenig Speicher- und Rechenleistung. Dafür können widersprüchliche oder ungenaue Botschaften dazu führen, dass der Schwarm als Ganzes ständig die Meinung wechselt, ohne dass sich je eine klare Mehrheit herauskristallisiert.
Die zweite, als „Cross-Inhibition“ bezeichnete Regel führt einen kurzen, aber wichtigen Zwischenschritt ein. „Entscheidend ist ein Moment der Unentschlossenheit. Eine Information, die der eigenen Meinung widerspricht, wird nicht direkt kopiert. Stattdessen hält der Roboter inne und nimmt kurzzeitig eine neutrale Haltung ein, bevor neue Informationen angenommen werden“, erklärt Reina. In der Natur findet sich diese Regel unter anderem bei Bienenvölkern auf der Suche nach einem neuen Nest: Bienen, die einen bestimmten Standort bevorzugen, können andere Bienen, die konkurrierende Standorte bewerben, über ein Stoppsignal zum Innehalten bewegen. „Dieses einfache Verhalten verhindert, dass die Kolonie dauerhaft zwischen mehreren Optionen hin- und herschwankt. Stattdessen kommt sie zu einer Einigung – und das Prinzip funktioniert ebenso gut bei Robotern.“
Wenn einige wenige Roboter den Schwarm in die Irre führen
Die Forschenden untersuchten unterschiedliche Gründe, die dazu führen können, dass die dem Roboterschwarm zur Verfügung stehenden Informationen unzuverlässig werden. So befürworten einige Roboter beispielsweise stur nur eine einzige Option und ignorieren jegliche Informationen, die gegen diese sprechen. Andere verlassen sich gelegentlich lieber auf ihre eigenen eingeschränkten Beobachtungen statt auf Informationen aus der Gruppe. Zusätzlich können Nachrichten beim Austausch zwischen einzelnen Robotern durch technische Störungen oder gezielte Manipulationen von außen verfälscht werden.
„Wir alle kennen Situationen, in denen eine kleine, aber beharrliche Minderheit einen großen Einfluss auf die Entscheidung der ganzen Gruppe hat“, so Reina. „Solche Effekte treten in menschlichen Gesellschaften, Tiergruppen und künstlichen Systemen gleichermaßen auf. Bei Roboterschwärmen kann die Ursache ein fehlerhaft arbeitender Roboter, unvollständige Sensordaten oder ein Cyberangriff sein.“ Die Studie zeigte, dass die Direct-Switch-Strategie unter solchen Störeinflüssen häufig nur zu knappen Mehrheiten oder zu langanhaltender Unentschlossenheit innerhalb des Schwarms führt. Die Cross-Inhibition hingegen ermöglichte es dem Schwarm meist, klarere und schnellere Entscheidungen zu treffen. Dieser Vorteil blieb sogar dann bestehen, wenn die Roboter zwischen mehr als zwei Alternativen wählen mussten oder die Schwarmgröße zunahm.
Eines der überraschendsten Ergebnisse war, dass ein begrenztes Maß an Störungen die Genauigkeit der Cross-Inhibition mitunter sogar verbessern konnte. So verhinderte eine moderate Menge an unzuverlässigen Informationen, dass sich der Schwarm vorschnell auf die schlechtere von zwei Optionen festlegte, und die Wahrscheinlichkeit, die richtige Entscheidung zu treffen, stieg. „Das bedeutet, dass robuste kollektive Systeme nicht zwangsläufig jede einzelne Störquelle beseitigen müssen. Unter den richtigen Bedingungen können Unvollkommenheiten dem Schwarm sogar helfen, eine schlechte Entscheidung zu vermeiden.“
Die gleiche Lösung bei Zellen, Gehirnen und Bienenvölkern
In der Natur ist Cross-Inhibition nicht nur bei Bienenvölkern zu finden. Ähnliche Muster hemmender Interaktion finden sich auf ganz unterschiedlichen Organisationsebenen – von neuronalen Netzwerken bis hin zu den molekularen Netzwerken, die den Zellzyklus steuern. Trotz ihrer Unterschiede folgen all diese Systeme derselben „Winner-takes-all“-Logik: Konkurrierende Alternativen unterdrücken sich gegenseitig, bis sich ein eindeutiges Ergebnis durchsetzt. „Wenn dasselbe Muster auf so unterschiedlichen Ebenen auftritt, könnte dies auf ein sehr leistungsfähiges allgemeines Prinzip hinweisen, mit dem konkurrierende Signale in eine klare Entscheidung überführt werden. Und genau dieses Prinzip können wir nutzen, um bessere Roboterschwärme zu entwickeln“, so Reina.
Die Studie schlägt somit eine Brücke zwischen der Biologie und den Ingenieurwissenschaften, von der beide Bereiche gleichermaßen profitieren: Natürliche Systeme dienen als Vorbild für die Entwicklung robuster autonomer Roboter, während mathematische Analysen und Robotik-Experimente Forschenden helfen können, besser zu verstehen, warum ähnliche Entscheidungsmechanismen in der Natur immer wieder auftreten. Künftigen Roboterschwärmen könnten diese von der Natur inspirierten Mechanismen beispielsweise dabei helfen, schnell zu entscheiden, welcher Teil eines Katastrophengebiets vorrangig durchsucht werden sollte, welche Umweltgefahr eine dringende Reaktion erfordert oder wo begrenzte Ressourcen am sinnvollsten eingesetzt werden können.
Faktenübersicht:
- Originalpublikation: R. Zakir, T. Carletti, M. Dorigo & A. Reina (2026) Bio-inspired decision making in robot swarms under biases. Nature Communications; DOI: 10.1038/s41467-026-76408-4
- Andreagiovanni Reina ist Arbeitsgruppenleiter am Centre for the Advanced Study of Collective Behaviour der Universität Konstanz. In seiner interdisziplinären Forschung untersucht er, wie große Gruppen autonomer Roboter mithilfe minimalistischer Algorithmen eigenständig Entscheidungen treffen können.
- Das Centre for the Advanced Study of Collective Behaviour an der Universität Konstanz ist ein interdisziplinäres Forschungszentrum, das die Prinzipien kollektiven Verhaltens bei Tieren und anderen Systemen untersucht.
- Die Studie wurde in Zusammenarbeit mit Forschenden von IRIDIA, einem Institut für interdisziplinäre Forschung zur Künstlichen Intelligenz der Université libre de Bruxelles (Belgien), sowie von naXys, dem Namur Institute for Complex Systems (Belgien), durchgeführt.
- Förderung: Deutsche Forschungsgemeinschaft (DFG) und belgischer Nationalfonds für Wissenschaftliche Forschung (F.R.S.-FNRS)
Hinweis an die Redaktion:
Bildmaterial kann im Folgenden heruntergeladen werden.
https://www.uni-konstanz.de/fileadmin/pi/fileserver/2026_extra/was_schwarmroboter_von_bienen_lernen_koennen_1.jpg
https://www.uni-konstanz.de/fileadmin/pi/fileserver/2026_extra/was_schwarmroboter_von_bienen_lernen_koennen_2.jpg
Bildunterschrift: Ein Schwarm aus 50 „Kilobots“ wählt als Kollektiv zwischen roten und blauen Feldern. Die Experimente mit echten Robotern bestätigten die theoretischen Vorhersagen der Studie – trotz der begrenzten Sensorik, Speicherkapazität und Kommunikationsmöglichkeiten der Roboter. Bei unzuverlässiger Informationslage half die von Bienen inspirierte Cross-Inhibition dem Schwarm, einen Konsens zu finden.
Originalpublikation:
R. Zakir, T. Carletti, M. Dorigo & A. Reina (2026) Bio-inspired decision making in robot swarms under biases. Nature Communications; DOI:
https://www.nature.com/articles/s41467-026-76408-4
Ähnliche Pressemitteilungen im idw",full,,dom_or_structured_full_text,https://nachrichten.idw-online.de/2026/08/18/was-schwarmroboter-von-bienen-ueber-konsensfindung-lernen-koennen,Informationsdienst Wissenschaft-idw,综合科技,无,2026-08-18T22:30:43+00:00,AI与智能科技 > 具身智能 > 模型和具身操作系统,AI与智能科技,模型和具身操作系统,"[{""path"":[""AI与智能科技"",""具身智能"",""模型和具身操作系统""],""path_text"":""AI与智能科技 > 具身智能 > 模型和具身操作系统"",""confidence"":0.8,""reason"":""核心是机器人集群的仿生集体决策算法与自主行为控制。""}]",classified,2026-08-18T23:01:42.852715+00:00,glm-5.2,2026-08-14,
Risen Energy signs Ukraine solar-plus-storage MoUs covering 200 MWh - Energy Storage,2026-08-18,"Risen Energy has signed two memorandums of understanding agreements with Ukrainian energy company Ascania Energy covering cooperation on up to 100 MW of solar capacity and 200 MWh of utility-scale battery storage in Ukraine. Under the partnership, Risen Energy said it will provide the PV modules on the solar front, along with utility-scale energy storage systems and technical support. Risen currently offers its eTron series of liquid-cooled energy storage systems for utility-scale applications. The package includes liquid-cooling thermal management, multilayer safety protection, intelligent control and operational management. Ascania Energy, part of Ascania Group, a Ukrainian holding company that covers many industrial needs, will be the EPC, and lead local project development, engineering, implementation, system integration and service, regulatory requirements and specific customer needs. Risen Energy has prior Ukraine exposure, having supplied modules to 12 solar projects including the 323 MW Pokrovskaya Solar Power Plant. As of Q2 2026, its cumulative BESS deliveries exceeded 10 GWh globally. The MoUs establish a cooperation framework. No financial terms or project timelines have been disclosed. Risen said on August 13 that an Ascania Energy delegation visited Risen Energy’s manufacturing facility at SYL Battery in Ningbo, China, to review energy storage production, testing, and quality management capabilities, as well as PV production facilities. What they said: Yevhen Piatko, CEO and co-owner of Ascania Energy, said : “Ukraine needs not only to restore the energy infrastructure damaged by the war, but also to build a more decentralized, flexible and resilient energy system. Our advantage is that we work across the energy value chain – from engineering and construction to energy management, trading and direct supply to customers. Together with Risen Energy, we can connect proven technology with local implementation and bring it all the way to the energy actually consumed by Ukrainian businesses.” Jerry Qin, president Europe at Risen Energy, said: “Risen Energy brings extensive expertise in solar, energy storage and global delivery, while Ascania Energy contributes strong local knowledge, project execution and professional services. By combining these strengths with Ukraine’s specific energy needs, we aim to deliver tailored solar-plus-storage solutions and create lasting value for the country’s energy transition.” The post Risen Energy signs Ukraine solar-plus-storage MoUs covering 200 MWh appeared first on Energy Storage .",full,,rss_full_content,https://www.ess-news.com/2026/08/18/risen-energy-signs-ukraine-solar-plus-storage-mous-covering-200-mwh/,ESS News,储能,储能项目/应用,2026-08-18T22:45:33+00:00,零碳产业 > 能量循环 > 能源测 > 发电技术 > 光伏,零碳产业,光伏,"[{""path"":[""零碳产业"",""能量循环"",""能源测"",""发电技术"",""光伏""],""path_text"":""零碳产业 > 能量循环 > 能源测 > 发电技术 > 光伏"",""confidence"":0.8,""reason"":""核心是乌克兰100MW光伏项目的组件供应与合作。""},{""path"":[""零碳产业"",""能量循环"",""能量存储"",""电化学储能"",""二次电池"",""锂电池""],""path_text"":""零碳产业 > 能量循环 > 能量存储 > 电化学储能 > 二次电池 > 锂电池"",""confidence"":0.75,""reason"":""项目包含200MWh液冷电池储能系统的供应。""}]",classified,2026-08-18T23:01:42.852715+00:00,glm-5.2,2026-08-14,
Battery energy storage: a new economic asset for industrial sites - Energy Storage,2026-08-18,"BESS Perlen AG, a Swiss joint venture between Perlen Industrieholding AG and the Valyou Investment Foundation, is investing in a 10 MW/20 MWh battery energy storage system (BESS). Supplied by ADS-TEC Energy, the system will be installed at the site of paper product manufacturer Perlen Papier AG. Commissioning is scheduled for the end of 2026. Beyond strengthening the site’s energy infrastructure, the battery will allow the company to transform a storage installation into a new source of revenue. By storing electricity when market conditions are favorable and monetizing it at the optimal time, industrial companies can better exploit the flexibility of their energy consumption and production. Initially, the Perlen system will primarily be used to provide ancillary services, which contribute to the balance and stability of the electricity grid. Ultimately, the battery will also participate in day-ahead and intraday electricity markets, opening up further revenue streams. The wattss group is managing the project comprehensively, from its development through to its technical and market integration. A fully fledged economic asset The project highlights an evolution in the role of batteries at industrial sites. Rather than merely acting as a tool for securing or optimizing electricity supply, they can become fully fledged economic assets that generate complementary revenue. Depending on the site’s configuration and market conditions, storage allows operators to monetize energy flexibility and multiply electricity-linked revenue streams. With this installation, Perlen intends to continue transforming its industrial site into a genuine energy hub, capable of actively participating in electricity markets while developing new sources of long-term value. “With this battery energy storage system, we are resolutely pursuing the transformation of our Perlen industrial site into a modern energy hub and opening up new sources of value creation. Energy is becoming an additional economic asset for our activities,” said Dr. Florian Geiger, CEO of Perlen Industrieholding AG and Perlen Papier AG. The post Battery energy storage: a new economic asset for industrial sites appeared first on Energy Storage .",full,,rss_full_content,https://www.ess-news.com/2026/08/18/battery-energy-storage-a-new-economic-asset-for-industrial-sites/,ESS News,储能,储能项目/应用,2026-08-18T22:45:35+00:00,零碳产业 > 能量循环 > 能量存储 > 电化学储能 > 二次电池 > 锂电池,零碳产业,锂电池,"[{""path"":[""零碳产业"",""能量循环"",""能量存储"",""电化学储能"",""二次电池"",""锂电池""],""path_text"":""零碳产业 > 能量循环 > 能量存储 > 电化学储能 > 二次电池 > 锂电池"",""confidence"":0.82,""reason"":""核心是工业场地10MW/20MWh电池储能系统的建设。""},{""path"":[""通用技术"",""通信和运输"",""电网技术"",""配电和电力交易""],""path_text"":""通用技术 > 通信和运输 > 电网技术 > 配电和电力交易"",""confidence"":0.7,""reason"":""系统用于提供辅助服务并参与日前和日内电力市场交易。""}]",classified,2026-08-18T23:01:42.852715+00:00,glm-5.2,2026-08-14,
Sunrun and Voltus get home batteries paid to power AI data centers under new deal - Energy Storage,2026-08-18,"Sunrun, America’s leading residential installer, has announced a widely intriguing agreement to bring its residential storage-plus-solar systems in the PJM and MISO grid regions to create a distributed power plant specifically for AI hyperscalers. The multi-year agreement is between Sunrun and Voltus, a distributed energy resource platform, which offers what it calls a “Bring Your Own Capacity” program. It announced the solution in 2025, and billed the concept as helping hyperscalers bring capacity to the grid to boost their chances of an interconnection for a new data center. In doing so, Voltus says it orchestrates flexible distributed resources, from batteries to smart thermostats, to reduce energy demand when the grid needs it. In turn, participating homes and businesses get paid, and reducing peak demand helps with new capacity for the system overall. In short, decrease demand when it’s needed, and get thanks from the grid in cash. It’s a virtual power plant program (VPP) by another name, but the specific targeting could result in better deals for homeowners. That may further change the equation on the return on investment (ROI) for those looking at installing batteries at their home, though details were limited when it came to kilowatts and dollars and cents. Sunrun focuses almost exclusively on the residential market, but Voltus also targets the commercial and industrial (C&I) sectors. For now, the press release was highlighting what it called the “first-ever” achievement of a behind-the-meter residential wholesale capacity resource for AI hyperscalers. “Meeting growing energy demand requires us to maximize every single electron available across the country,” said Sunrun CEO Mary Powell. “In collaboration with Voltus, we are providing critical capacity from home batteries supported by funding from hyperscalers. This is just the beginning of what distributed energy assets can achieve.” “BYOC is about turning distributed resources into capacity the grid can count on, and maximizing value for the end user,” said Dana Guernsey, CEO of Voltus. “This partnership brings together Sunrun’s residential scale with Voltus’s market-integrated flexibility platform so distributed capacity can support reliability, affordability, and growth as electricity demand increases.” Highly active sector tackles AI’s energy demands Voltus already has demand from the hyperscalers. Back in June, Google announced it had signed a three-year deal with Voltus as part of the BYOC scheme for up to 100 MW of electricity capacity to help power its new data centers in the PJM region, the data center capital of the world. In essence, Google gave the virtual power plant program (VPP) a bankroll to find flexible resources. At the time, Michael Terrell, global head of Advanced Energy at Google, said: “Google is committed to ensuring that our energy growth translates into a more reliable, affordable electricity future for local communities.” Meanwhile, Sunrun, Tesla, Renew Home had announced plans for 16.8 GW VPP in June , and other players in the C&I VPP space include Uplight, CPower Energy and Enel North America. On the distributed resource side, Enphase Energy spoke with ESS News at the start of the year with this concept in mind, as it counted its capacity and weighed options for both it and customers earning a return on their connected batteries. Compensation? For homeowners and businesses looking to participate, the initial announcements didn’t provide guides or examples of possible compensation or when it starts. Already, these sectors may have been investing in solar-plus-storage or standalone storage to improve their electricity bills, possibly generate revenue, and do their part for clean energy. Now, batteries are looking more like a stack of cash just waiting to be unlocked than ever before. Based on the Voltus website and its own case studies, it suggests that in the particularly lucrative state of New York’s Distributed Energy Resource Participation Model, a business could earn “$586,000/MW-year in revenue and savings by supporting grid stability.” However, few examples are given for homeowners. Size will matter when it comes to battery power and capacity and there may be some looking at overbuilding capacity for their homes to take advantage, or tying in electric vehicles that have the capability of offering vehicle-to-grid tech. With the benefits of distributed storage becoming larger, more companies are offering ways for homes to obtain them as well. Just days ago, Tesla unveiled a zero-down Powerwall lease program in the US, and the high-flying Base Power offers Texas-based homeowners a US-made 39.2 kWh battery for $695 install fee, $19/mo monthly membership fee . The post Sunrun and Voltus get home batteries paid to power AI data centers under new deal appeared first on Energy Storage .",full,,rss_full_content,https://www.ess-news.com/2026/08/18/sunrun-and-voltus-turn-residential-batteries-into-behind-the-meter-capacity-for-data-centers/,ESS News,储能,储能项目/应用,2026-08-18T22:45:37+00:00,通用技术 > 通信和运输 > 电网技术 > 配电和电力交易,通用技术,配电和电力交易,"[{""path"":[""通用技术"",""通信和运输"",""电网技术"",""配电和电力交易""],""path_text"":""通用技术 > 通信和运输 > 电网技术 > 配电和电力交易"",""confidence"":0.92,""reason"":""核心是利用户用电池构建虚拟电厂参与容量与需求响应交易""}]",classified,2026-08-18T23:01:50.399855+00:00,glm-5.2,2026-08-14,
"Rewiring Australia, Google launch free AI tool to electrify households - Energy Storage",2026-08-18,"“Electrictify Everything” author Saul Griffith, co-founder of Rewiring Australia and Rewiring America, is taking on a new form as a new AI advisor dubbed Electric Saul, showing households how solar and batteries can slash energy costs. The non-profit electrification advocate has teamed up with Google on the AI side to launch the new tool that helps households take the smartest next step in going electric. It has a strong focus on how rooftop solar and home batteries can cut electricity bills and shift away from gas. The free tool generates personalized electrification plans based on a household’s postcode, type of residence, appliances, vehicles and energy goals. Saul Griffith’s own modeling has long emphasized the role of solar and storage as the backbone of household electrification, and exploring the tool shows the power of battery storage. To get started, users will enter their location, select whether they are an owner-occupier, landlord, or renter. The tool then goes through eight key items, including heating, hot water, existing rooftop solar, battery storage, number of occupants and vehicles, establishing baseline demand and where electrification helps fastest and easiest, where the electric version of Saul provides a picture of the home’s current energy profile. The user can view the estimated savings if the home were fully electrified, including how much additional value a home battery could unlock from existing or future installed rooftop solar. Users can then continue to Electric Saul’s AI assistant, which provides personalized advice. Rewiring Australia CEO Francis Vierboom thanked Google’s Digital Future Initiative team on LinkedIn and outlined where Electric Saul works best. “This is actually something the latest AI tools excel at – comprehending what *your* specific questions and plans are, and zooming in to the relevant advice a lot faster. So we’re pretty stoked to launch Electric Saul, an AI-powered advisor tool to help you figure out the best next step for going electric… It means we don’t have to wait to do this suburb by suburb. We can be helping thousands of homes asking these questions all at the same time,” Vierboom said. Next stop, Rewiring America? The obvious question for the industry is whether or not the same tool could be adapted for use in the US context, given Griffith’s stewardship of Rewiring America. In response to a question from ESS News, Griffith confirmed his interest in porting it over, but said, without specifying, that he is “facing headwinds” in the US. The post Rewiring Australia, Google launch free AI tool to electrify households appeared first on Energy Storage .",full,,rss_full_content,https://www.ess-news.com/2026/08/18/rewiring-australia-google-launch-free-ai-tool-to-electrify-households/,ESS News,储能,储能项目/应用,2026-08-18T22:45:39+00:00,未分类,,,[],unclassified,2026-08-18T23:01:50.399855+00:00,glm-5.2,2026-08-14,
AES Andes inaugurates 510 MW solar plus storage complex in Chile - Energy Storage,2026-08-18,"AES Andes officially inaugurated the Andes Solar Hub, a photovoltaic generation and battery storage complex located in the Atacama Desert with a combined capacity of 692 MW of solar power and 510 MW of storage. The ceremony took place on August 13 and marks the culmination of a process that began a decade ago with the commissioning of Andes Solar I. The inauguration does not imply the addition of new capacity to the National Electric System (SEN). The current configuration of the complex was completed in April with the start of commercial operation of Andes Solar III, a 171 MW photovoltaic hybrid plant accompanied by a 171 MW BESS system with a three-hour lifespan, equivalent to 513 MWh. With this addition, AES Andes reported that the Hub reached its current capacity of 692 MW of photovoltaics and 510 MW of storage. Andes Solar III began commercial operation in April of this year . Technical data available from the National Electric Coordinator indicates a nominal power of 171 MW for the photovoltaic plant and 171.3 MW / 513 MWh for the battery system. The Hub is located in the Antofagasta region, at approximately 2,800 meters above sea level, and its development has accumulated an investment of over US$1.3 billion. The complex is also linked to the Andes Substation, a transmission node in the north of the country connected to InterAndes, the electrical interconnection between Chile and Argentina. One of the details now provided by the Ministry of National Assets is that the facilities occupy 1,181 hectares of state-owned land, granted through six lucrative concessions. The Minister of National Assets, Catalina Parot, participated in the inauguration and highlighted the use of state assets to enable investments in energy infrastructure. The development of the Hub has been carried out in stages. In July 2023, Andes Solar IIb, a 180 MW photovoltaic plant, began operations, along with a 112 MW , five-hour lithium-ion battery storage system supplied by Fluence. The facility also includes 10 MW of Maverick technology , developed by the Australian company 5B using prefabricated modular photovoltaic structures. Testing of this technology at Andes Solar was reported in 2020. In October 2024, Andes Solar IV, with approximately 211 MW of photovoltaic capacity, was added, along with a 130 MW / 650 MWh BESS (battery energy storage system). According to documentation from the National Electric Coordinator, the plant is composed of 388,584 Longi modules of 540 Wp and 545 Wp and 54 GPTech inverters. The last expansion was Andes Solar III, mentioned earlier. The Ministry of National Assets indicates that there are currently 243 active concessions in Chile, 97.5% of which are concentrated in the northern macrozone. 65% of the revenue generated through these concessions is transferred to regional governments. According to the same ministry, Chile has 27,100 MW of installed renewable capacity, of which 9,595 MW are located on state-owned land. The ministry also plans to auction approximately 32 new state-owned properties in the Tarapacá and Antofagasta regions for investment projects, with the bidding process originally scheduled to begin by the end of 2026. From pv magazine LATAM . The post AES Andes inaugurates 510 MW solar plus storage complex in Chile appeared first on Energy Storage .",full,,rss_full_content,https://www.ess-news.com/2026/08/18/aes-andes-inaugurates-510-mw-solar-plus-storage-complex-in-chile/,ESS News,储能,储能项目/应用,2026-08-18T22:45:42+00:00,零碳产业 > 能量循环 > 能源测 > 发电技术 > 光伏,零碳产业,光伏,"[{""path"":[""零碳产业"",""能量循环"",""能源测"",""发电技术"",""光伏""],""path_text"":""零碳产业 > 能量循环 > 能源测 > 发电技术 > 光伏"",""confidence"":0.9,""reason"":""核心事件是大型光伏发电综合体投运""},{""path"":[""零碳产业"",""能量循环"",""能量存储"",""电化学储能"",""二次电池"",""锂电池""],""path_text"":""零碳产业 > 能量循环 > 能量存储 > 电化学储能 > 二次电池 > 锂电池"",""confidence"":0.75,""reason"":""项目包含510MW电池储能系统的商业运营""}]",classified,2026-08-18T23:01:50.399855+00:00,glm-5.2,2026-08-14,
Study finds two-terminal perovskite-silicon tandems may not deliver optimal performance in all geographies - pv magazine Global,2026-08-18,"New research conducted by researchers from China’s
Southwest Petroleum University
Chinese Academy of Sciences
(CAS) and Chengdu-based PV manufacturer
suggests that the commercial success of two-terminal (2T) perovskite-silicon solar cells will depend more on geography and market conditions than on achieving efficiencies beyond current levels.
“Our work reframes tandem photovoltaics as a field-performance question, not only an efficiency race,” corresponding author Jian Yu told
pv magazine
. “Our model can guide spectrum-aware device design for different climates and market conditions before large-scale commercial rollout.”
He explained that 2T perovskite/silicon tandems stack a wide-bandgap perovskite cell on a silicon cell connected in series, so the whole device is governed by the lower-current sub-cell. Maximum output is reached only when the two sub-cells are current matched, but outdoor spectra continuously shift with cloud cover, air mass, atmospheric absorption, water vapor, season, and geography, making standard test conditions an incomplete guide to real-world performance.
“To quantify these effects, we fabricated 2T perovskite-silicon tandem cells with a champion efficiency of 32.85% and used a tunable-spectrum solar simulator to reproduce blue-rich and red-rich conditions,” Yu went on to say. “The measurements showed current mismatch of 4.98% and 4.32% under blue-rich and red-rich spectra, respectively, with short-circuit current density and efficiency following the lower-current sub-cell.”
In the study “
Challenges of two-terminal perovskite-silicon tandem solar cells operating under globally varying spectral conditions
,” published in
eScience Energy
, the researchers emphasized that, while the effects of spectral variations on 2T tandem solar cells are well known, relatively few studies have assessed their performance under real-world outdoor spectral conditions, especially across different climate zones.
They fabricated the 2T tandem cells by combining textured n-type Czochralski (CZ) silicon bottom cells with p-i-n perovskite top cells. The 200 μm silicon wafers were etched, textured with potassium hydroxide (KOH), and cleaned using standard RCA procedure and hydrofluoric acid (HF) treatments. Thin hydrogenated intrinsic amorphous silicon (i-a-Si:H) and doped hydrogenated nanocrystalline silicon (nc-Si:H) layers were deposited by plasma-enhanced chemical vapor deposition (PECVD) to form the silicon heterojunction structure. Tungsten-doped indium oxide (IWO) was added as the interconnection and rear-contact layers, followed by screen-printed silver and a magnesium fluoride (MgFₓ) back reflector.
The silicon cells were then laser-cut into 2 × 2 cm² substrates for tandem integration. For the top cells, [2-(9H-carbazol-9-yl)ethyl]phosphonic acid (Me-4PACz) was spin-coated as the hole transport layer and annealed. A wide-bandgap cesium-formamidinium-methylammonium lead iodide-bromide (Cs₀.₀₅FA₀.₈MA₀.₁₅Pb(I₀.₇₅Br₀.₂₅)₃ perovskite layer was deposited using a one-step anti-solvent process.
The perovskite films were subsequently passivated with phenethylammonium bromide (PEABr) and ethylenediammonium diiodide (EDAI₂) before C₆₀ (buckminsterfullerene) and tin oxide (SnO₂) electron transport and buffer layers were added. Silver (Ag) electrodes were then deposited, followed by a MgFₓ anti-reflection coating to complete the tandem device.
The research team used a tunable-spectrum steady-state light-emitting diode (LED) solar simulator to reproduce different spectral distributions within the 3A+ classification range under standard test conditions (STC). The simulator spectra were measured with a fibre-optic spectrometer, while four solar cell samples fabricated in the same batch were characterized for external quantum efficiency (EQE). Theoretical short-circuit current density values were then calculated from the measured spectra and EQE data. Current deviations between repeated measurements were kept below 2% to minimize measurement uncertainty.
For outdoor conditions, they analyzed year-round spectral data from Haikou and Yancheng in China, Albuquerque in the United States, and Daqing in China. They calculated the spectral mismatch factor (MMF) for the perovskite top and silicon bottom sub-cells, as well as for single-junction tunnel oxide passivated contact (TOPCon) cells.
The scientists also used PVsyst to simulate the annual energy yield of 100 kW PV systems in the four locations, adjusting monthly output for tandem and single-junction cells using the respective MMFs. They then calculated the levelized cost of electricity (LCOE), assuming the two technologies had identical operating characteristics apart from their spectral response to isolate the impact of spectral mismatch. Because tandem modules are not yet commercially produced at scale, both technologies were initially assigned the same module price of $0.11/W, followed by a price-sensitivity analysis to determine how much of a premium tandem modules could command while maintaining LCOE parity.
The laboratory tests showed that 2T tandem cells suffer current mismatch when exposed to spectra that differ from standard illumination conditions.
Under blue-rich conditions, the perovskite top cell generated more current, while red-rich spectra favored the silicon bottom cell. Outdoor measurements confirmed that spectral variations are continuous and can substantially affect tandem-cell performance, particularly under cloudy conditions. Year-round data from Haikou, Albuquerque, Yancheng and Daqing showed that outdoor spectra rarely match standard conditions, resulting in persistent current mismatch between the sub-cells.
The PVsyst simulations, meanwhile, showed that spectral effects reduced annual tandem energy yields relative to single-junction cells by 1.10% in Haikou, 3.25% in Albuquerque, 0.77% in Yancheng and 1.84% in Daqing. Despite these losses, tandem modules delivered 8.74% to 11.16% higher annual energy yields per unit area because of their higher efficiency and power density. The levelized cost of electricity (LCOE) for tandems was found to be lower in Haikou, Yancheng and Daqing, but 0.87% higher in Albuquerque, where spectral losses were greatest.
The researchers concluded that tandem economics depend strongly on location, with allowable module price premiums ranging from −4% in Albuquerque to 7% in Yancheng. “A 1.59% reduction in LCOE was achieved for tandem cells through improved land-use efficiency and DC-side balance of system savings, thereby enabling a potential price premium of up to 7%,” they stated. “These results indicate that although 2 T tandem solar cells suffer from performance degradation due to spectral mismatch, their substantial efficiency advantage still offers overall economic benefits.”
Looking ahead, the researchers aim to extend the spectral assessment framework to more climate zones and device architectures, and to combine it with temperature- and degradation-related modeling for more complete outdoor performance prediction. “Future tandem commercialization should pair high-efficiency cells with climate-specific spectral evaluation,” Yu said.",full,,dom_or_structured_full_text,https://www.pv-magazine.com/2026/08/18/study-finds-two-terminal-perovskite-silicon-tandems-may-not-deliver-optimal-performance-in-all-climates/,pv magazine C&I PV,光伏,工商业光伏,2026-08-18T22:47:02+00:00,零碳产业 > 能量循环 > 能源测 > 发电技术 > 光伏,零碳产业,光伏,"[{""path"":[""零碳产业"",""能量循环"",""能源测"",""发电技术"",""光伏""],""path_text"":""零碳产业 > 能量循环 > 能源测 > 发电技术 > 光伏"",""confidence"":0.93,""reason"":""研究钙钛矿-硅叠层电池在不同地理气候下的实际性能与商业化""}]",classified,2026-08-18T23:01:50.399855+00:00,glm-5.2,2026-08-14,
Agrivoltaics can reduce soil temperatures by more than 20 C - pv magazine Global,2026-08-18,"Agrivoltaic systems can significantly alter the microclimate around crops, with soil temperatures recorded at more than 20 C below those measured in directly exposed areas, according to Giuseppe Ferrara, professor at the University of Bari.
Ferrara’s team is currently taking field measurements at two pilot sites developed through a collaboration between the University of Bari, Italy’s ENEA research agency, startup Agridatalog, and other partner companies.
The first site is the Vigna Agrivoltaica di Comunità in Laterza, in the southern Italian region of Puglia, where the researchers are studying fig and olive crops. The second is an agrivoltaic installation operated by the Le Greenhouse consortium in Scalea, Calabria, where the focus is on lemon and lavender.
The two projects are designed to complement each other, Ferrara said, as they investigate different crops under different environmental conditions and with different photovoltaic configurations. The sites include fixed-tilt and tracking systems, as well as panels installed at different heights.
“We need as much data as possible to assess the feasibility of agrivoltaic systems,” Ferrara said. “This includes identifying the crops that are best suited to the technology and the environments where the benefits are greatest.”
Soil temperatures more than 20 C lower
Measurements at the Laterza site have shown substantial differences between shaded and sun-exposed soil. At around 11 a.m., soil temperatures beneath the agrivoltaic system were more than 20 C lower than in areas directly exposed to sunlight.
The figure was recorded during a period of particularly high temperatures and is therefore not representative of an average reduction. Ferrara said the difference can vary according to latitude, time of day, ambient temperature and soil characteristics.
Soil color also plays a role, as darker soils generally absorb more solar radiation and can therefore reach higher temperatures. The cooling effect could be particularly relevant in Mediterranean regions, where agricultural production is increasingly exposed to high temperatures, intense solar radiation and limited water availability.
However, the researchers are also examining how the reduction in solar radiation affects plant development.
Finding the right balance of shade and light
Reduced light availability is one of the main constraints of agrivoltaic systems. While shading can lower temperatures and potentially reduce water stress, excessive shading can limit photosynthetic activity and ultimately reduce crop yields.
The movement of the sun, and in some systems the movement of the photovoltaic panels, can help distribute radiation throughout the day. This can provide crops with sufficient light to maintain photosynthetic activity, growth and production.
Ferrrara and his team also found that crops with a lower tolerance for shade can nevertheless experience a much stronger reduction in productivity and should therefore be assessed carefully before being introduced into agrivoltaic systems.
The researchers are consequently looking not only at the amount of shade but also at how the timing and duration of shading interact with crop physiology and production.
Different crops, systems and environments
The two pilot projects are intended to generate data across a range of crops and system configurations. According to Ferrara, this variety is important because there is no single agrivoltaic design that will be suitable for every crop or location.
“Combining different areas of expertise allows us to examine the system from different angles and identify both its positive and negative aspects,” he said, noting that collaboration between different entities is essential for generating comprehensive field data rather than focusing solely on the potential benefits of the technology.
“Research should not be marketing,” he said. “It should provide information that is useful to decision-makers.”
Agrivoltaics and the Mediterranean climate
Ferrara believes the research is particularly relevant to regions with Mediterranean climates, where high temperatures and solar radiation coincide with periods of limited water availability.
The interaction between energy production and agriculture therefore needs to be considered at the site level. Crop selection is only one part of the equation; the configuration of the agrivoltaic system must also ensure that crops receive sufficient radiation to maintain an acceptable level of production.
Rather than relying on preconceived assumptions about which crops or systems will work best, Ferrara argues for continued field experimentation.
“Agriculture is changing rapidly, particularly in response to drought,” he said. “Agrivoltaics could represent another pathway that may be adopted, at least under certain climatic conditions.”
The ongoing measurements at Laterza and Scalea are intended to provide the data needed to determine where that potential can be realized and how agrivoltaic systems should be designed to balance electricity generation with agricultural production.",full,,dom_or_structured_full_text,https://www.pv-magazine.com/2026/08/18/agrivoltaics-can-reduce-soil-temperatures-by-more-than-20-c/,pv magazine C&I PV,光伏,工商业光伏,2026-08-18T22:47:04+00:00,零碳产业 > 能量循环 > 能源测 > 发电技术 > 光伏,零碳产业,光伏,"[{""path"":[""零碳产业"",""能量循环"",""能源测"",""发电技术"",""光伏""],""path_text"":""零碳产业 > 能量循环 > 能源测 > 发电技术 > 光伏"",""confidence"":0.88,""reason"":""核心是农光互补光伏系统对作物微气候的影响研究""}]",classified,2026-08-18T23:01:50.399855+00:00,glm-5.2,2026-08-14,
"Researchers model 1,708 pathways for global PV waste recycling - pv magazine Global",2026-08-18,"An international research group has developed a comprehensive framework to evaluate the economic and climate benefits of local versus outsourced PV waste recycling. Covering mainstream recycling technologies, 32 regions, various waste-trade configurations and subsidy schemes, the researchers assessed 1,708 different recycling scenarios.
“The key novelty of our research is that we move beyond simply asking how much photovoltaic waste will be generated and instead examine how it should be managed across regions with very different technological and economic conditions,” lead author Jian Zuo told
pv magazine
. “We developed an integrated global framework that links material supply constraints, future PV deployment and waste generation with region-specific recycling technology pathways, cross-regional waste flows and policy interventions.”
Zuo said the framework captures both the economic and climate benefits of PV recycling and, importantly, how those benefits are distributed across regions.
“By evaluating 1,708 recycling practice scenarios across 32 global regions, our study shows that strategies that increase global recycling benefits can also lead to a greater concentration of those benefits in regions with stronger technological and economic advantages,” he said.
The researchers first modeled future prices for copper, aluminum, silver and silicon. They then fed these projections into the Global Change Analysis Model (GCAM) to estimate PV deployment under different socioeconomic and climate pathways. The resulting capacity projections were used in a dynamic material-flow analysis to calculate end-of-life PV waste through 2060.
Finally, the researchers combined life-cycle assessment with life-cycle cost analysis to estimate the climate and economic impacts of recycling under different technology pathways, waste-trade arrangements and subsidy schemes.
The 1,708 scenarios combined assumptions about future PV decommissioning, recycling technologies, international waste trade and subsidy policies. The technology pathways included business as usual (BAU), economic priority, carbon priority and technology diffusion. The trade scenarios covered local recycling, extended producer responsibility (EPR)-oriented trade, expanded global trade and regional trade.
The researchers also tested five subsidy schemes: no subsidy, continuous subsidy, declining subsidy, low-carbon-price support and high-carbon-price support. These combinations were assessed across 28 PV decommissioning scenarios to compare their effects on recycling economics, climate benefits and regional inequality.
Considering supply-side material constraints, the framework projects that global PV waste will reach 297 million to 402 million metric tons by 2060, with middle-income regions such as China becoming major contributors after 2040. Despite anticipated technological advances, global PV waste recycling is not expected to reach its break-even point for more than a decade.
“We were surprised by the dual role of material prices,” Zuo said. “Rising prices for materials such as silicon, silver, copper and aluminum can make recycling more profitable because recovered materials become more valuable. But at the same time, those higher prices can make new PV deployment more expensive, slow installations and ultimately reduce the amount of PV waste generated decades later.
“So the same price increase that makes each tonne of PV waste more valuable to recycle can also reduce the amount of waste that will eventually be available for recycling. This feedback between material markets, PV deployment and future waste generation is something that conventional waste projections often overlook.”
According to the results, combining region-specific recycling technologies with outsourced recycling strategies produces the highest global net benefits. The approach could reduce greenhouse gas emissions by up to 3.32 billion metric tons of CO2 equivalent and generate cumulative net benefits of $529.1 billion to $935.5 billion by 2060.
“However, the same process can concentrate recycling revenues and technological development in a relatively small number of regions. This means that strategies that perform well in terms of overall global benefits may produce a more uneven distribution of those benefits across regions,” Zuo said.
The researchers found that a well-designed declining-subsidy scheme can help mitigate these inequalities, particularly during the early stages of market development.
“A declining subsidy, which is gradually phased out once recycling becomes economically viable, can reduce regional disparities more effectively than continuous subsidies while requiring only a small fraction of the fiscal expenditure,” Zuo said. “By contrast, high-carbon-price subsidies can actually increase regional disparities because regions with mature carbon markets and advanced recycling industries tend to receive disproportionately large benefits.”
The research findings were presented in “
Towards an equitable future of global photovoltaic waste recycling
,” published in
. Scientists from China’s
Shandong University
Huazhong University of Science and Technology
University of Hong Kong
, Taiyuan University of Technology, Australia’s
Adelaide University
, and Sweden’s
Linköping University
have contributed to the study.",full,,dom_or_structured_full_text,https://www.pv-magazine.com/2026/08/18/researchers-model-1708-pathways-for-global-pv-waste-recycling/,pv magazine C&I PV,光伏,工商业光伏,2026-08-18T22:47:06+00:00,零碳产业 > 物质循环 > 资源处理 > 资源回收,零碳产业,资源回收,"[{""path"":[""零碳产业"",""物质循环"",""资源处理"",""资源回收""],""path_text"":""零碳产业 > 物质循环 > 资源处理 > 资源回收"",""confidence"":0.92,""reason"":""核心是光伏组件废弃物回收路径与循环利用的全球框架研究""}]",classified,2026-08-18T23:01:50.399855+00:00,glm-5.2,2026-08-14,
"California advances slate of community solar, balcony solar, and virtual power plant bills - pv magazine Global",2026-08-18,"The California legislature moved several high-profile clean energy bills through key fiscal committees before the final floor votes of the legislative session.
The legislative action comes as state energy prices continue to escalate. California electricity rates doubled over the past decade, driving interest in distributed generation, virtual power plants, and small-scale mobile hardware.
Several major bills advanced out of committee, while a data access bill stalled in the Senate.
Senate Bill 868, authored by Senator Scott Wiener, advanced out of the Assembly Appropriations Committee and heads to the Assembly floor. The legislation clears regulatory hurdles for plug-in balcony solar systems up to 1,200 W. The bill allows residents to plug small systems into standard household outlets, bypassing traditional utility interconnection applications and local permits.
A single 400 W balcony system can cover roughly 14% of an average apartment’s electricity usage, saving about $250 per year, said analysis from Environmental Working Group. The bill sustained extensive amendments in committee that advocates are currently analyzing.
Community solar
Assembly Bill 1813, authored by Assemblymember Christopher Ward, passed out of the Senate Appropriations Committee and moves to the Senate floor. The bill reforms the state’s stalled community solar landscape by directing regulators to value community solar and storage using the California Public Utilities Commission’s Avoided Cost Calculator.
The calculator itself remains a focal point of industry debate. While rooftop solar installers criticized the CPUC’s use of the Avoided Cost Calculator under NEM 3.0 for slashing residential export credits, community solar advocates view applying the tool to front-of-the-meter projects as a necessary step forward. Under AB 1813, pairing solar with battery storage allows projects to discharge during peak evening hours, capturing the higher values defined by the calculator to make community solar financially viable.
A recent study from UCLA showed that the state built the calculator tool a decade ago but regulators refused to use it for community solar valuation, leaving projects without a workable compensation framework. Grid modeling from Aurora Energy Research indicates deploying 5.4 GW of community solar and storage over 20 years under this model would generate $6.5 billion in systemwide electricity cost savings.
San Diego Community Power and Peninsula Clean Energy endorsed the bill, dismantling the primary “cost shift” argument raised by investor-owned utilities. Utilities routinely claim that community solar bill credits shift grid maintenance costs onto non-participating customers. However, endorsement from two major Community Choice Aggregators, whose explicit mandate is to protect consumers from rising electricity costs, signals that the bill’s valuation model effectively protects non-subscribers while driving down systemwide rates.
Virtual power plants
Two Virtual Power Plant bills authored by Sen. Josh Becker advanced out of Assembly Appropriations. Senate Bill 913 requires the CPUC to establish a valuation framework for behind-the-meter battery storage systems exporting energy to the grid during peak stress. The bill pairs with a pending CAISO proposal that allows customer-sited batteries to qualify for Resource Adequacy based on their full export potential, rather than limiting valuation strictly to on-site load reduction.
“SB 913 is an important step because fleets of customer devices are currently only allowed to participate in the RA market to the extent those devices reduce the consumption of each individual customer,” said CALSSA Executive Director Brad Heavner. “By design, the change will ensure rate reduction because these resources would only be chosen in the market when they are available at lower cost than competing resources.”
Senate Bill 905 establishes a grid utilization metric to measure the load factor on distribution circuits, exposing where existing capacity can host additional load without physical grid expansion.
“Expanding the size of grid equipment to serve a small number of hours of higher usage wastes ratepayer dollars,” said Heavner. “Instead, we can get more out of the grid we already paid for by harnessing batteries and appliance controls in the hours when usage peaks.”
The VPP advances follow state lawmakers allocating additional funding to the Demand Side Grid Support program, extending participation through the 2026 season after available funds nearly ran out.
“Today’s votes in the Assembly Appropriations Committee are a big win for Californians,” said Brandon Garcia, California Director at Advanced Energy United. “SB 913 and SB 905 are about giving consumers more control over their energy use and making better use of the grid we already have. Californians think now is the time to get these smart, affordable solutions across the finish line, with 70% supporting the use of personal or community energy devices to lower bills and 51% supporting the state better managing the electricity it has to address electricity challenges.”
Smart meters
While four clean energy bills moved forward, Assembly Bill 1787 failed to pass out of the Senate Appropriations Committee. The bill would have required utilities to provide real-time smart meter data access to consumers.
“At the same time, it’s incredibly disappointing that the Senate Appropriations Committee failed to pass AB 1787,” said Garcia. “It’s reckless to leave consumers in the dark about how much energy they’re using and when they’re using it. 82% of voters agree and support utilities giving consumers access to their energy data, yet lawmakers just passed up an opportunity to give the voters what they want.”
The active bills face final floor votes in their respective chambers before heading to the governor’s desk.",full,,dom_or_structured_full_text,https://www.pv-magazine.com/2026/08/18/california-advances-slate-of-community-solar-balcony-solar-and-virtual-power-plant-bills/,pv magazine C&I PV,光伏,工商业光伏,2026-08-18T22:47:08+00:00,公共政策与社会治理 > 政策法规 > 产业与能源政策,公共政策与社会治理,产业与能源政策,"[{""path"":[""公共政策与社会治理"",""政策法规"",""产业与能源政策""],""path_text"":""公共政策与社会治理 > 政策法规 > 产业与能源政策"",""confidence"":0.92,""reason"":""核心事件是加州立法机构推进社区光伏、阳台光伏和虚拟电厂相关法案""},{""path"":[""零碳产业"",""能量循环"",""能源测"",""发电技术"",""光伏""],""path_text"":""零碳产业 > 能量循环 > 能源测 > 发电技术 > 光伏"",""confidence"":0.85,""reason"":""法案核心对象是分布式和阳台光伏系统的准入规则""},{""path"":[""通用技术"",""通信和运输"",""电网技术"",""配电和电力交易""],""path_text"":""通用技术 > 通信和运输 > 电网技术 > 配电和电力交易"",""confidence"":0.75,""reason"":""虚拟电厂和用户能源数据访问涉及配电与电力交易机制""}]",classified,2026-08-18T23:01:58.057923+00:00,glm-5.2,2026-08-14,
Proposed Grid 2.0 protocol would enable 'connect and manage' for both load and generation - pv magazine Global,2026-08-18,"A team led by AES Corporation Senior Vice President Chris Shelton has published a proposed
Grid 2.0 protocol
that is designed as “a standardized, automated way to integrate load and supply” that can speed interconnection by relying on flexible service.
The flexible “
connect and manage
” approach for new generators used in the ERCOT transmission grid in Texas has been credited for the state’s rapid deployment of solar, wind and storage.
The proposed protocol could be voluntarily adopted by any utility or transmission grid operator willing to offer the protocol’s different levels of service flexibility, and by any owner of a new load or generator willing to accept the flexible service. Each interconnection customer would receive some amount of firm service plus three amounts of progressively less assured flexible service.
The protocol would manage new storage projects as network-directed buffers, reducing the need to call on flexibility.
The protocol’s authors see it as a standardized approach to various “connect and manage” arrangements for flexible service that transmission organizations PJM, SPP and ERCOT have announced, which are designed to enable speedy interconnection of flexible large loads.
Arguing that grid planning has historically relied on overbuilding infrastructure to accommodate peak demand periods that account for as little as 30 hours per year, the protocol’s authors say the electricity industry must decouple system access for new loads and generators from traditional reliability planning “while automatically protecting the grid.”
The protocol is designed to “serve and sit inside” the existing grid context “at any scale or scope.”
AJ Hall, a portfolio management director at AES and a co-author of the protocol, told
pv magazine
that “Version 1 of the protocol will likely first be deployed with a large load, because existing interconnection and transmission policies make this the easier implementation path.”
“That said, Grid 2.0 envisions a similar approach to integrating supply such as solar, wind, and storage,” he added.
AES owns several utilities and develops and owns generating plants, including renewable generators.
The publication’s five authors, including four from AES and one from energy storage firm Fluence, have formed a
Grid 2.0 Task Force
(G2TF) to further develop the protocol.
The authors say the G2TF was inspired by the Internet Engineering Task Force and its predecessors, “a small group of motivated industry leaders and researchers” whose work over decades “literally created the Internet.”
Noting that “a hallmark” of the IETF process for standards development has been its “request for comments” model, the authors have termed their proposal “G2TF RFC #1” and invited comments on the proposal, as well as new contributors to the process.
The document lists several categories of stakeholders participating in the task force, including hyperscalers, utilities, regulators, researchers, company labs, transmission grid operators, and federal agencies.
AJ Hall said the G2TF plans to develop two companion documents, one on expedited renewables interconnections under the Grid 2.0 standard and the other on network-directed storage under the standard.
The protocol lists as supporting organizations AES Next, LLC; Fluence; and Tapestry. Fluence, which was originally formed by AES and Siemens as a joint venture, is now partnering with Siemens and Nvidia to design data centers. Tapestry, a firm incubated by Google, has
worked with PJM
to streamline the interconnection application process for new generators.",full,,dom_or_structured_full_text,https://www.pv-magazine.com/2026/08/18/proposed-grid-2-0-protocol-would-enable-connect-and-manage-for-both-load-and-generation/,pv magazine C&I PV,光伏,工商业光伏,2026-08-18T22:47:10+00:00,通用技术 > 通信和运输 > 电网技术 > 其它电网技术,通用技术,其它电网技术,"[{""path"":[""通用技术"",""通信和运输"",""电网技术"",""其它电网技术""],""path_text"":""通用技术 > 通信和运输 > 电网技术 > 其它电网技术"",""confidence"":0.9,""reason"":""核心是电网互联协议与输电层面的并网管理标准""}]",classified,2026-08-18T23:01:58.057923+00:00,glm-5.2,2026-08-14,
Solar’s infrastructure obstacle - pv magazine Global,2026-08-18,"For years, the solar industry focused on lowering module costs, improving tracker technology, increasing inverter efficiency, and optimizing project financing. Those efforts transformed solar from a niche technology into one of the most competitive forms of new electricity generation in the world. Today, however, some of the most important variables affecting project schedules and economics …",incomplete,truncated_ending,dom_or_structured_full_text,https://www.pv-magazine.com/2026/08/18/solars-infrastructure-obstacle-2/,pv magazine C&I PV,光伏,工商业光伏,2026-08-18T22:47:13+00:00,零碳产业 > 能量循环 > 能源测 > 发电技术 > 光伏,零碳产业,光伏,"[{""path"":[""零碳产业"",""能量循环"",""能源测"",""发电技术"",""光伏""],""path_text"":""零碳产业 > 能量循环 > 能源测 > 发电技术 > 光伏"",""confidence"":0.88,""reason"":""讨论光伏产业面临的基础设施瓶颈对项目进度和经济性的影响""}]",classified,2026-08-18T23:01:58.057923+00:00,glm-5.2,2026-08-14,
Renewable ammonia in Libya,2026-08-18,"Renewable ammonia in Libya
57,000 tons per year on the Mediterranean coast
Germany-based Albaretos is developing and coordinating the new Libya Green Energy Project (LiGEP). Planned to produce 57,000 tons of zero-carbon ammonia per year as early as 2029, the project is located across two integrated sites in Ajdabiya, Libya, on the Mediterranean coast.
The first inland site is located near existing high-voltage grid connections, while the complementary coastal site will allow access to future hydrogen, ammonia and export infrastructure. The two sites are of similar size (300 hectares) and will feature equal deployment of solar generating capacity (400 MW).
The project rollout timeline includes:
- 2026 – Development and approvals (e.g. FEED studies)
- 2027 – Financing and initial work (e.g. Engineering, Procurement, and Construction selection)
- End of 2028 – first solar capacity to come online (towards final 800MW or 1.5 TWh per year capacity targets)
- 2029 onwards – electrolyser-produced hydrogen (10,000 tons per year) and ammonia production, storage and export
LiGEP is a large-scale, €360m investment initiative intended to support Libya’s long-term energy transition. The location was chosen to capitalise on proximity to Mediterranean markets, but binding offtake deals are yet to be entered into.",full,,trafilatura_full_text,https://ammoniaenergy.org/articles/renewable-ammonia-in-libya/,Ammonia Energy Association,氨能,氨能源/燃料/产业应用,2026-08-18T22:47:18+00:00,零碳产业 > 能量循环 > 能量存储 > 化学能 > 可再生燃料,零碳产业,可再生燃料,"[{""path"":[""零碳产业"",""能量循环"",""能量存储"",""化学能"",""可再生燃料""],""path_text"":""零碳产业 > 能量循环 > 能量存储 > 化学能 > 可再生燃料"",""confidence"":0.9,""reason"":""核心是利比亚年产5.7万吨零碳绿氨的生产与出口项目""},{""path"":[""零碳产业"",""能量循环"",""能量存储"",""化学能"",""氢基能源""],""path_text"":""零碳产业 > 能量循环 > 能量存储 > 化学能 > 氢基能源"",""confidence"":0.8,""reason"":""项目包含电解水制氢及氢氨出口基础设施""}]",classified,2026-08-18T23:01:58.057923+00:00,glm-5.2,2026-08-14,
Shenzhen Energy renewable project operational in northeast China,2026-08-18,"Shenzhen Energy renewable project operational in northeast China
150,000 tons per year renewable ammonia
In Inner Mongolia, China, Shenzhen Energy’s integrated renewable hydrogen-ammonia project began construction in the Otog Banner region in 2023. This month, a milestone was reached when the last of 48 electrolysers entered operation and “consistent” hydrogen production was achieved.
The project features 505 MW renewable energy generating capacity: namely 500MW of wind and 5MW of solar, translating to 1.53TWh of renewable energy per year. To transport electricity, 60km of 220kW transmission lines have been installed. 20,000 tons of renewable hydrogen will be produced per year via the electrolyser units, subsequently feeding production of 150,000 tons of renewable ammonia per year.
Mingyang: integrated hydrogen power generation demonstrated in 2025
Shenzhen Energy’s project also includes a 30 MW, hydrogen-fired gas turbine demonstration, which took place in August 2025. Shenzhen was joined in this demonstration by Chinese wind energy giant Mingyang (which is also investing $10 billion in a large-scale renewable hydrogen and ammonia project in Ethiopia). The closed loop demonstration (termed by the partners as “green electricity green hydrogen, green hydrogen re-powering”), will be an ongoing feature at the site, with larger demonstrations planned.",full,,trafilatura_full_text,https://ammoniaenergy.org/articles/shenzhen-energy-renewable-project-operational-in-northeast-china/,Ammonia Energy Association,氨能,氨能源/燃料/产业应用,2026-08-18T22:47:20+00:00,零碳产业 > 能量循环 > 能量存储 > 化学能 > 可再生燃料,零碳产业,可再生燃料,"[{""path"":[""零碳产业"",""能量循环"",""能量存储"",""化学能"",""可再生燃料""],""path_text"":""零碳产业 > 能量循环 > 能量存储 > 化学能 > 可再生燃料"",""confidence"":0.92,""reason"":""核心是内蒙古风光制氢合成15万吨可再生氨项目投运""},{""path"":[""零碳产业"",""能量循环"",""能量存储"",""化学能"",""氢基能源""],""path_text"":""零碳产业 > 能量循环 > 能量存储 > 化学能 > 氢基能源"",""confidence"":0.85,""reason"":""项目核心环节为48台电解槽制绿氢并用于氨合成与氢燃气轮机""}]",classified,2026-08-18T23:01:58.057923+00:00,glm-5.2,2026-08-14,
Integrated ammonia cracker-heavy duty engine passes feasibility phase,2026-08-18,"Integrated ammonia cracker-heavy duty engine passes feasibility phase
H-Power and Komatsu to continue tech development
UK-based H-Power (formerly known as AFC Energy) and Japan-based Komatsu have successfully completed the first feasibility phase of a Joint Development Agreement (JDA) which aims to design and integrate H-Power’s ammonia cracking technology with a Komatsu industrial internal combustion diesel engine.
The $2 million partnership will progress towards completing the JDA by building and demonstrating the ammonia cracking engine. This is scheduled to occur between September 2026 and December 2027.
The targeted end users of this ammonia cracking engine are Komatsu’s customers who are decarbonising their fleets of construction and mining plant equipment.
We are delighted to enter into the final phase of this agreement with Komatsu, which further strengthens our partnership and validates the inherent value of our proprietary ammonia cracking technology to global players through helping heavy industry to decarbonise its operations and fleets of equipment.
John Wilson, CEO of H-Power in his organisation’s press release, 10 Aug 2026
In other recent news, H-Power announced its first commercial sales agreement for 5,000kg of high-purity hydrogen produced at its ammonia cracker to UK-based company Protium. H-Power also produces Hyamtech, a containerised, “plug and play” ammonia cracking module with a 500 kg/day hydrogen production capacity.",full,,trafilatura_full_text,https://ammoniaenergy.org/articles/integrated-ammonia-cracker-heavy-duty-engine-passes-feasibility-phase/,Ammonia Energy Association,氨能,氨能源/燃料/产业应用,2026-08-18T22:47:21+00:00,零碳产业 > 能量循环 > 能量存储 > 化学能 > 可再生燃料,零碳产业,可再生燃料,"[{""path"":[""零碳产业"",""能量循环"",""能量存储"",""化学能"",""可再生燃料""],""path_text"":""零碳产业 > 能量循环 > 能量存储 > 化学能 > 可再生燃料"",""confidence"":0.88,""reason"":""核心是氨裂解技术与重载发动机集成以氨为燃料脱碳""},{""path"":[""零碳产业"",""能量循环"",""能量存储"",""化学能"",""氢基能源""],""path_text"":""零碳产业 > 能量循环 > 能量存储 > 化学能 > 氢基能源"",""confidence"":0.78,""reason"":""氨裂解制氢及高纯氢销售是关键技术环节""},{""path"":[""通用技术"",""通信和运输"",""陆路运输""],""path_text"":""通用技术 > 通信和运输 > 陆路运输"",""confidence"":0.65,""reason"":""目标应用是工程机械和矿用车辆的低碳动力改造""}]",classified,2026-08-18T23:01:58.057923+00:00,glm-5.2,2026-08-14,
Charbone receives second electrolyser to expand Quebec green hydrogen plant,2026-08-18,"© Charbone
You’ve read
of your free articles this month.
Subscribe to unlock full access
7 hours ago
2 min read
Bookmark
Canada’s Charbone is expanding capacity at its flagship green hydrogen facility in Quebec, having received a second electrolyser at the site that began operations in December 2025.
The new system will bump capacity at the firm’s Sorel-Tracy plant up to 4.75MW, joining an operational 2.25MW
Cummins-made
alkaline electrolyser.
With the project currently producing 328 tonnes of hydrogen per year fuelled by hydroelectric grid power, the new electrolyser could bring the output up to 694 tonnes.
Charbone has not confirmed the manufacturer of the new unit.
The company said it “remains on track” to begin operating the new system by Autumn this year. The site could eventually be expanded up to 25.65MW.
Scaling up will rely on government approvals expanding on current environmental permits limiting development to 5MW.
The company, which announced first on-site progress of Phase 1B in July, intends to grow its distribution network across eastern Canada and the US Midwest. It has plans for projects in Michigan and Wisconsin.
It has been supplying green hydrogen produced at the site to merchant end-users, as well as
fuel cell power applications
, across the region.
The project comes as its first operational plant in a series of many, which would also
see it branch out
beyond hydrogen to other industrial gases like oxygen and helium.
Put your brand at the heart of the hydrogen conversation. With H2 View, you can reach decision-makers and professionals across the global hydrogen value chain.
Our 2026 Media Guide shows how you can:
• Advertise across digital, print, and newsletters
• Connect with a highly engaged hydrogen audience
• Align your company with trusted industry coverage
Download H2 View’s
Media Guide
Hydrogen News
Electrolysers
Hydrogen",incomplete,paywall_or_login_wall,dom_or_structured_full_text,https://www.gasworld.com/story/charbone-receives-second-electrolyser-to-expand-quebec-green-hydrogen-plant/2257529.article/,H2 View,氢能,综合新闻,2026-08-18T22:47:32+00:00,零碳产业 > 能量循环 > 能量存储 > 化学能 > 氢基能源,零碳产业,氢基能源,"[{""path"":[""零碳产业"",""能量循环"",""能量存储"",""化学能"",""氢基能源""],""path_text"":""零碳产业 > 能量循环 > 能量存储 > 化学能 > 氢基能源"",""confidence"":0.95,""reason"":""核心事件是绿氢工厂新增电解槽扩产制氢。""}]",classified,2026-08-18T23:02:03.200911+00:00,glm-5.2,2026-08-14,
Avanca inks 10-year green hydrogen-based methane offtake from Finnish plant,2026-08-18,"You’ve read
of your free articles this month.
Subscribe to unlock full access
11 hours ago
1 min read
Bookmark
Swiss liquefied natural gas (LNG) operator Avanca is buying up more green hydrogen-based e-methane after signing a new 10-year offtake agreement covering the full capacity of an operational 20MW facility in Finland.
Already have an account?
Unlimited gasworld news from
You’ve read 1 of 1 of your free articles this month.
Register
to read a few more articles.
Subscribe to
Essential
for unlimited access to
world news from the last 12 months.
Subscribe
Hydrogen
Mobility
Hydrogen News",incomplete,paywall_or_login_wall,dom_or_structured_full_text,https://www.gasworld.com/story/avanca-inks-10-year-green-hydrogen-based-methane-offtake-from-finnish-plant/2257484.article/,H2 View,氢能,综合新闻,2026-08-18T22:47:36+00:00,零碳产业 > 能量循环 > 能量存储 > 化学能 > 可再生燃料,零碳产业,可再生燃料,"[{""path"":[""零碳产业"",""能量循环"",""能量存储"",""化学能"",""可再生燃料""],""path_text"":""零碳产业 > 能量循环 > 能量存储 > 化学能 > 可再生燃料"",""confidence"":0.9,""reason"":""核心是绿氢基合成甲烷（e-methane）的长期承购协议。""},{""path"":[""零碳产业"",""能量循环"",""能量存储"",""化学能"",""氢基能源""],""path_text"":""零碳产业 > 能量循环 > 能量存储 > 化学能 > 氢基能源"",""confidence"":0.7,""reason"":""e-methane以绿氢为原料，涉及氢基能源产业链。""}]",classified,2026-08-18T23:02:03.200911+00:00,glm-5.2,2026-08-14,
"German limits on offshore electrolysis ‘not comprehensible,’ says AquaVentus",2026-08-18,"German limits on offshore electrolysis ‘not comprehensible,’ says AquaVentus
Offshore hydrogen lobby group AquaVentus has criticised limits on green hydrogen production capacity under amendments to Germany’s Offshore Wind Energy Act (WindSeeG).
Hydrogen insights, now connected to the wider industrial gases and energy ecosystem.
Offshore hydrogen lobby group AquaVentus has criticised limits on green hydrogen production capacity under amendments to Germany’s Offshore Wind Energy Act (WindSeeG).
Please wait...
This website uses cookies to improve user experience. By using our website you consent to all cookies in accordance with our Privacy Policy.
Manage Cookie Settings
This website uses cookies to improve your experience while you navigate through the website. Out of these cookies, the cookies that are categorized as necessary are stored on your browser as they are essential for the working of basic functionalities of the website.
We’re committed to protecting and respecting your privacy and we believe it should be easy for you to understand our data and privacy practices. We aim to explain in clear language what information we collect, how we use it, and the choices and controls you have.
You can find our privacy policy here.
We’re committed to protecting and respecting your privacy and we believe it should be easy for you to understand our data and privacy practices. We aim to explain in clear language what information we collect, how we use it, and the choices and controls you have.
You can find our privacy policy here.
Functional cookies help to perform certain functionalities like sharing the content of the website on social media platforms, collect feedbacks, and other third-party features.
Necessary cookies are absolutely essential for the website to function properly. These cookies ensure basic functionalities and security features of the website, anonymously.
| Cookie | Duration | Description |
|---|---|---|
| cookielawinfo-checkbox-analytics | 11 months | This cookie is set by GDPR Cookie Consent plugin. The cookie is used to store the user consent for the cookies in the category ""Analytics"". |
| cookielawinfo-checkbox-functional | 11 months | The cookie is set by GDPR cookie consent to record the user consent for the cookies in the category ""Functional"". |
| cookielawinfo-checkbox-necessary | 11 months | This cookie is set by GDPR Cookie Consent plugin. The cookies is used to store the user consent for the cookies in the category ""Necessary"". |
| cookielawinfo-checkbox-others | 11 months | This cookie is set by GDPR Cookie Consent plugin. The cookie is used to store the user consent for the cookies in the category ""Other. |
| cookielawinfo-checkbox-performance | 11 months | This cookie is set by GDPR Cookie Consent plugin. The cookie is used to store the user consent for the cookies in the category ""Performance"". |
| viewed_cookie_policy | 11 months | The cookie is set by the GDPR Cookie Consent plugin and is used to store whether or not user has consented to the use of cookies. It does not store any personal data. |
Performance cookies are used to understand and analyze the key performance indexes of the website which helps in delivering a better user experience for the visitors.
Analytical cookies are used to understand how visitors interact with the website. These cookies help provide information on metrics the number of visitors, bounce rate, traffic source, etc.
Other uncategorized cookies are those that are being analyzed and have not been classified into a category as yet.",full,,trafilatura_full_text,https://www.gasworld.com/story/german-limits-on-offshore-electrolysis-not-comprehensible-says-aquaventus/2257462.article/,H2 View,氢能,综合新闻,2026-08-18T22:47:40+00:00,公共政策与社会治理 > 政策法规 > 产业与能源政策,公共政策与社会治理,产业与能源政策,"[{""path"":[""公共政策与社会治理"",""政策法规"",""产业与能源政策""],""path_text"":""公共政策与社会治理 > 政策法规 > 产业与能源政策"",""confidence"":0.9,""reason"":""核心是德国海上风电法修正案对绿氢产能限制的政策争议。""},{""path"":[""零碳产业"",""能量循环"",""能量存储"",""化学能"",""氢基能源""],""path_text"":""零碳产业 > 能量循环 > 能量存储 > 化学能 > 氢基能源"",""confidence"":0.75,""reason"":""政策对象是海上绿氢生产限制。""}]",classified,2026-08-18T23:02:03.200911+00:00,glm-5.2,2026-08-14,
Aternium makes the case for deuterium from electrolytic hydrogen,2026-08-18,"© Aternium
9 hours ago
5 min read
Bookmark
Aternium is betting that an overlooked byproduct of electrolytic hydrogen production could transform the economics of the molecule: deuterium.
The US start-up, formerly known as First State Hydrogen, has been signalling progress on its 60MW hydrogen and deuterium project in Delaware this year, announcing the involvement of firms including Siemens Energy, Kiewit and CH-IV in engineering roles.
The company also recently
secured a site
in Dover, as it plans to break ground in 2027 and begin production in 2028.
While industrial gas majors such as Linde and Air Liquide already produce deuterium through heavy water, combining production with hydrogen through electrolysis remains novel. However, CEO Andrew Cottone sees it as a missing piece that could finally make the numbers add up for hydrogen.
“Deuterium is the gateway,” he claimed, to unlocking hydrogen’s broad use as an energy source.
The deuterium equation
Deuterium is an isotope which occurs naturally in trace amounts. It has applications in advanced technologies including semiconductor manufacturing, fibre-optic production, and pharmaceutical development, as well as future uses in nuclear fusion.
Today, it is primarily produced through isotope exchange processes including the cycling of water and hydrogen sulphide gas, or the catalytic exchange between liquid ammonia and hydrogen gas.
However, electrolysis can also be used.  The process splits ordinary hydrogen from water faster than it splits out deuterium, with the water that remains becoming progressively enriched with the isotope.
Per kilogramme of hydrogen produced, the corresponding quantity of natural water contains around 0.3g of deuterium, which can potentially be concentrated and recovered through electrolysis.
“[Heavy water] is a high-value material that could sell for anything – depending on the purity – from $1,000/kg to $2,000/kg,” Cottone explained.
At 60MW, Aternium’s Dover plant could produce around 8.4 million kilogrammes of hydrogen per year if operating at 91% of full load, based on typical electrolyser power consumption.
At the stated yield, that would correspond to around 12,600kg of heavy water. However, Cottone claims the company could increase heavy water output to around 15,000kg a year by also recovering deuterium from water circulated through the plant’s cooling systems.
Based on Cottone’s stated prices, that heavy water could carry a headline value of around $15m to $30m, compared with $42m to $50m from hydrogen sales.
The CEO admitted that deuterium is Aternium’s real focus with the project, but was quick to note the importance of hydrogen, saying that a standalone heavy water project “wouldn’t work economically”.
“There’s a lot of shared operations that lower the costs for both product lines,” he explained. “The waste product of [electrolytic] hydrogen is deuterium. The waste product of deuterium is hydrogen.”
Old processes, new model
Aternium won’t be deploying any new technologies but rather using a patented integration process to combine established methods. Cottone pointed to the Second World War as an early example of electrolytic heavy water enrichment.
A programme within the Manhattan Project – the US-led programme to develop the first nuclear weapons – called Project P-9 was established to secure deuterium for nuclear research. At the time, production facilities were established in West Virginia, Indiana, and Alabama.
The West Virginia facility specifically carried out electrolytic enrichment, removing ordinary hydrogen to concentrate deuterium into high-purity heavy water.
Much of the technical knowledge generated by the Manhattan Project was subsequently declassified and published, meaning a modern company does not need to obtain rights to exploit the principle.
While details of Aternium’s proprietary integration process remain undisclosed, Cottone painted it as a key catalyst for the company.
“All the technology we’re deploying is [technology readiness level] nine…Nevertheless, the US banking system looks at this as a first-of-its-kind project because it’s never been launched like this in the US,” he claimed.
Clean not green
With the company banking on deuterium revenues to bolster the economics of its plant, Cottone insisted on calling its hydrogen product “clean”, rather than “green”.
This, he explained, is because “green” limits the company to wind and solar power sources. Looking forward, Aternium is looking to replicate the model of the Dover site, and is happy to dabble in pink, or nuclear power-derived, hydrogen as it expands operations.
The US’s 45V hydrogen tax credit, which offers up to $3/kg for clean hydrogen, allows up to 200MW of existing nuclear power capacity to be used to power electrolysis.
In the case of the Dover plant, located in a state that imports up to 60% of its power across state lines and is located near nuclear power facilities, this could prove beneficial.
If construction starts in 2027, the first facility could qualify for the credit using nuclear alone, per the US Treasury’s
early 2025 amendments
to the 45V.
Future Aternium plants, however, are unlikely to break ground before the incentive’s revised 2028 qualification deadline, although Cottone said the company could begin sufficient construction before then to safe-harbour eligibility.
“Within five years’ time, at the very least, we want to have four plants up and running,” he stated.
H2 View webinars bring together industry leaders to discuss the hottest topics and biggest trends.
With H2 View webinars, you’ll get:
• Insightful talks from global hydrogen experts
• Live debates, discussion, and audience Q&A
• On-demand access to every past webinar
Register for
upcoming webinars
watch on demand
Hydrogen
Hydrogen News
North America",full,,dom_or_structured_full_text,https://www.gasworld.com/feature/aternium-makes-the-case-for-deuterium-from-electrolytic-hydrogen/2257512.article/,H2 View,氢能,综合新闻,2026-08-18T22:48:09+00:00,零碳产业 > 能量循环 > 能量存储 > 化学能 > 氢基能源,零碳产业,氢基能源,"[{""path"":[""零碳产业"",""能量循环"",""能量存储"",""化学能"",""氢基能源""],""path_text"":""零碳产业 > 能量循环 > 能量存储 > 化学能 > 氢基能源"",""confidence"":0.9,""reason"":""核心是电解制氢联产氘的项目与经济性。""}]",classified,2026-08-18T23:02:03.200911+00:00,glm-5.2,2026-08-14,
P2X Solutions signs ten-year e-methane offtake deal with avanca/Alternoil | Hydrogen Tech World.com,2026-08-18,"Under the agreement, P2X Solutions will supply synthetic methane produced at its methanation plant in Harjavalta, Finland, to avanca/Alternoil for use as fuel in road transport. The deal covers the plant’s current production capacity for the next 10 years.
The e-methane – produced by processing green hydrogen with captured carbon dioxide at the Harjavalta facility – will be distributed as e-liquefied natural gas (e-LNG) to heavy-duty trucks via the avanca/Alternoil renewable REEFUEL network. Alternoil operates Germany’s largest renewable LNG distribution network, comprising 56 fueling stations and more than 120 dispensing points across Germany.
The partnership also includes an intention to scale up commercial cooperation, with a stated goal of increasing delivery volume tenfold from the 2026 level.
“With P2X Solutions, we are establishing a long-term supply partnership that strategically secures our e-LNG procurement. This collaboration enables us to integrate additional large volumes of green energy sources into Europe’s logistics chains in a predictable manner while consistently pursuing our decarbonization goals. In this way, we ensure economic security of supply, strengthen our market position across the entire value chain, and send a strong signal in support of expanding climate-friendly alternatives in the energy market,” said Jürgen Muhle, CEO and Chairman of the Board of avanca Energy AG.
“Our great partnership with avanca marks a defining moment for e-methane. The plant is in operation, and deliveries start in a couple of months. Together, we strengthen Europe’s energy self-sufficiency and produce clean fuels on industrial scale to power heavy-duty trucks across the region,” said Herkko Plit, Founder and CEO of P2X Solutions.
In May 2026, Germany legislated a 10% mandate by 2040 for green hydrogen and synthetic fuels in road transport as part of its plan to comply with the EU’s RED III directive. Plit said this demand signal, combined with Finland’s favorable conditions for green hydrogen production, creates a significant export opportunity for Finnish producers.",full,,trafilatura_full_text,https://hydrogentechworld.com/p2x-solutions-signs-ten-year-e-methane-offtake-deal-with-avanca-alternoil,Hydrogen Tech World,氢能,技术/产业新闻,2026-08-18T22:48:20+00:00,零碳产业 > 能量循环 > 能量存储 > 化学能 > 可再生燃料,零碳产业,可再生燃料,"[{""path"":[""零碳产业"",""能量循环"",""能量存储"",""化学能"",""可再生燃料""],""path_text"":""零碳产业 > 能量循环 > 能量存储 > 化学能 > 可再生燃料"",""confidence"":0.92,""reason"":""核心是绿氢加捕集CO2合成甲烷并用于道路交通燃料的长期供货协议。""},{""path"":[""零碳产业"",""能量循环"",""能量存储"",""化学能"",""氢基能源""],""path_text"":""零碳产业 > 能量循环 > 能量存储 > 化学能 > 氢基能源"",""confidence"":0.7,""reason"":""合成甲烷以绿氢为原料，涉及氢基能源。""}]",classified,2026-08-18T23:02:03.200911+00:00,glm-5.2,2026-08-14,
田湾核电7号机组装料完成 进入带核调试阶段,2026-08-18,"2026-08-18 13:50 来源：央视新闻客户端
田湾核电7号机组
8月18日，随着堆芯装载正确性核查完成、保护管组件回装工作开始，位于江苏连云港的
田湾核电7号机组首次核燃料装载工作圆满结束
，进入带核调试阶段，为机组后续反应堆临界、并网发电、商运等奠定了坚实的基础。
装料是核电机组建设全周期的关键里程碑，是机组带核运行的一个关键起点。田湾核电7号机组是我国第一座投入建设的VVER-1200三代核电机组，此次装料也是我国VVER-1200型核电机组首堆首次装料。装料从12日启动，至18日全部结束，共完成163组核燃料组件的装载工作，分为燃料组件转运、燃料装载入堆以及装载正确性核查三个部分。其中最关键的燃料装载入堆环节，采用全自动远程装料控制系统。在整个装料过程中，所有燃料组件的操作都由系统根据工作人员预设坐标自动完成。据了解，田湾核电7号机组后续将开展反应堆回装、反应堆临界、汽轮机冲转及并网等工作。
田湾核电计划建设8台机组，1-6台机组已经先期建成投用，累计上网电量超5000亿千瓦时。在建的田湾核电7、8号机组单机装机容量126.5万千瓦，设计寿命60年。按照项目建设计划，田湾核电7、8号机组将分别于2026年、2027年投入商业运行。待田湾核电基地8台机组全部投运后，总装机容量将突破900万千瓦，年供电量超700亿千瓦时，每年可减少二氧化碳排放5740万吨。",full,,dom_or_structured_full_text,https://www.cinie.net/article/61194.html,中国核电信息网-国内,核电,国内核电,2026-08-18T22:49:45+00:00,零碳产业 > 能量循环 > 能源测 > 发电技术 > 核电,零碳产业,核电,"[{""path"":[""零碳产业"",""能量循环"",""能源测"",""发电技术"",""核电""],""path_text"":""零碳产业 > 能量循环 > 能源测 > 发电技术 > 核电"",""confidence"":0.97,""reason"":""核心事件是田湾核电7号机组首次装料并进入带核调试。""}]",classified,2026-08-18T23:02:03.200911+00:00,glm-5.2,2026-08-14,
中国核能行业协会到红沿河核电开展专家支持活动,2026-08-18,"2026-08-18 09:46 来源：红沿河核电
近日，中国核能行业协会受邀到红沿河核电基地，开展操作员转型与发展成员支持活动。红沿河公司副总经理王文峰参加活动。
王文峰对协会专家的指导与支持表示感谢。他强调，现场操作员的转型与发展是保障核安全、提升运行效率的关键环节，公司将以开放坦诚的态度，依托行业专家经验查摆不足、补齐短板，推动运行队伍建设再上新台阶。
本次支持活动通过专家讲座、集体研讨等形式，围绕学习操作员培养、新操纵员培养、现场操作员的技能保持和职业规划、数智化等4个方面，提出有针对性的改进建议和参考行动，为公司运行人员培养提供了改进思路与方向。
专家团队来自中国核能电力股份有限公司、福建福清核电有限公司、中核核电运行管理有限公司、江苏核电有限公司、山东核电有限公司。公司运行、培训等部门30余人参加了活动。",full,,dom_or_structured_full_text,https://www.cinie.net/article/61066.html,中国核电信息网-国内,核电,国内核电,2026-08-18T22:49:47+00:00,零碳产业 > 能量循环 > 能源测 > 发电技术 > 核电,零碳产业,核电,"[{""path"":[""零碳产业"",""能量循环"",""能源测"",""发电技术"",""核电""],""path_text"":""零碳产业 > 能量循环 > 能源测 > 发电技术 > 核电"",""confidence"":0.85,""reason"":""核心事件是核电站操作员培养与运行队伍建设，属核电运营安全领域。""}]",classified,2026-08-18T23:02:10.103264+00:00,glm-5.2,2026-08-14,
中国与新加坡签署和平利用核技术合作谅解备忘录,2026-08-18,"中国与新加坡签署和平利用核技术合作谅解备忘录
新加坡贸易与工业部与中国国家原子能机构近日签署关于和平利用核技术合作的谅解备忘录，合作重点包括核能潜在部署评估能力建设、核反应堆技术安全评估、人员培训以及核技术应用等领域。
签署仪式于8月17日举行。新加坡贸易与工业部常任秘书(能源与贸易)奥古斯丁·李 (Augustin Lee) 与中国国家原子能机构副主任刘敬代表双方签署文件。新加坡贸易与工业部长(能源与工业)陈诗龙 (Tan See Leng) 和中国国家原子能机构主任单忠德见证签署。
新加坡贸易与工业部表示，该谅解备忘录将支持新加坡发展独立能力，以便对核能潜在部署开展客观、技术性的评估。根据协议，双方将在核反应堆技术的安全与技术评估、人力培训与科学访问、公众教育和公众参与、核安全、核保障、核安保以及核技术应用等方面开展合作。
此次合作是新加坡近期加强国际核能交流的一部分。除中国外，新加坡也已与美国、法国、韩国等伙伴开展相关接触，重点围绕核安全监管、技术评估和能力建设等议题推进合作。
新加坡方面称，这些交流将有助于其为国际原子能机构 (IAEA) 计划于2027年开展的综合核基础设施评审 (INIR) 第一阶段任务做准备。INIR评审通常用于评估一国在考虑发展核电时的基础条件，涉及核安全、法律框架、环境保护、人力资源发展、放射性废物管理等多个领域。
新加坡近年来持续研究未来能源供应方案。相关部门表示，将继续关注国际核能技术发展，并通过与区域及国际伙伴合作，提升核安全、监管和技术评估能力。",full,,trafilatura_full_text,https://www.cinie.net/article/61190.html,中国核电信息网-国内,核电,国内核电,2026-08-18T22:49:49+00:00,公共政策与社会治理 > 政策法规 > 产业与能源政策,公共政策与社会治理,产业与能源政策,"[{""path"":[""公共政策与社会治理"",""政策法规"",""产业与能源政策""],""path_text"":""公共政策与社会治理 > 政策法规 > 产业与能源政策"",""confidence"":0.88,""reason"":""核心事件是两国政府签署核能合作谅解备忘录，属能源政策合作。""},{""path"":[""零碳产业"",""能量循环"",""能源测"",""发电技术"",""核电""],""path_text"":""零碳产业 > 能量循环 > 能源测 > 发电技术 > 核电"",""confidence"":0.8,""reason"":""合作内容围绕核电部署评估、核安全与核技术应用。""}]",classified,2026-08-18T23:02:10.103264+00:00,glm-5.2,2026-08-14,
电磁驱动聚变大科学装置单路脉冲源通过验收,2026-08-18,"电磁驱动聚变大科学装置单路脉冲源通过验收
8月16日，电磁驱动聚变大科学装置综合考核实验系统单路脉冲源测试验收会议暨西安交通大学核聚变科学与技术研究院成立大会在中国西部科技创新港举行。会议期间，电磁驱动聚变大科学装置综合考核实验系统单路脉冲源通过测试验收，西安交通大学核聚变科学与技术研究院同步揭牌成立。
会前，与会专家和嘉宾考察了单路脉冲源实验系统。验收环节中，项目团队介绍了电磁驱动聚变大科学装置总体情况、单路脉冲源研制进展和测试验证结果。专家组围绕相关技术指标进行讨论后认为，单路脉冲源各项性能指标达到设计要求，同意通过验收。
单路脉冲源是电磁驱动聚变装置的重要组成部分。该技术路线通过强电流产生脉冲磁场，驱动等离子体转化为X射线，再对燃料进行压缩和加热，以实现核聚变条件。项目团队介绍，未来大科学装置需要多个高功率脉冲单元在极短时间内同步工作，形成高功率电脉冲。此次单路样机通过验收，为后续多路系统集成和装置建设奠定了工程基础。
核聚变是两个轻原子核在高温高压等条件下聚合形成较重原子核并释放能量的过程。电磁驱动聚变大科学装置是国家“十四五”重大科技基础设施，由中国工程物理研究院牵头、西安交通大学共建，建设地点位于四川成都和陕西西安。西安交通大学承担其中综合考核实验系统建设任务。
会议期间，西安交通大学宣读了核聚变科学与技术研究院成立文件，并举行揭牌仪式。相关单位还签署了成果转化合作协议。科研团队在装置研发过程中形成的部分技术成果，已在油气开采、煤矿瓦斯治理、深井探测和光伏产品性能检测等场景开展应用。研究院成立后，将进一步统筹核聚变相关基础研究、工程技术攻关和成果转化工作。
西安交通大学方面表示，将继续加大资源投入，协同各方力量推进大科学装置建设、运行维护和成果转化，服务电磁驱动聚变、强脉冲辐射科学、材料科学、天体物理等前沿研究。",full,,trafilatura_full_text,https://www.cinie.net/article/61091.html,中国核电信息网-国内,核电,国内核电,2026-08-18T22:49:51+00:00,零碳产业 > 能量循环 > 能源测 > 发电技术 > 核电,零碳产业,核电,"[{""path"":[""零碳产业"",""能量循环"",""能源测"",""发电技术"",""核电""],""path_text"":""零碳产业 > 能量循环 > 能源测 > 发电技术 > 核电"",""confidence"":0.9,""reason"":""核心是电磁驱动核聚变大科学装置关键设备通过验收，属核聚变发电研发。""}]",classified,2026-08-18T23:02:10.103264+00:00,glm-5.2,2026-08-14,
中国一重与上海电气座谈推进核电装备等领域协同合作,2026-08-18,"中国一重与上海电气座谈推进核电装备等领域协同合作
8月17日，中国一重集团有限公司党委书记、董事长吕智强在中国一重会见上海电气集团党委书记、董事长吴磊一行。双方围绕进一步深化战略合作进行座谈，重点就冶金装备、高端材料、核电装备、新能源风电、科技研发和产业链协同等领域合作交换意见。
吕智强对吴磊一行到访表示欢迎，并感谢上海电气长期以来对中国一重的支持。他表示，中国一重将继续聚焦装备制造主责主业，统筹推进传统产业转型升级，深入实施“1235”发展战略。希望双方在既有合作基础上进一步拓宽合作领域，加强产业链协同，推动优势互补和协同创新，以更高质量的价值创造服务国家重大需求。
吴磊介绍了上海电气近两年在高端装备、智能制造和绿色能源等领域的发展情况。他表示，上海电气坚持以科技创新为核心驱动力，持续深化战略协作。希望双方以此次交流为契机，加强项目推进和人才培养联动，构建供应链协同、产业链协同和科研协同的发展格局，共同保障产业链供应链安全，推动高端装备产业转型升级。
会谈前，吴磊一行参观了中国一重展览馆及部分生产制造现场，了解中国一重发展历程、产业布局和最新成果。中国一重党委常委、副总经理张皓，上海电气党委委员、副总裁金孝龙及双方有关负责人参加活动。",full,,trafilatura_full_text,https://www.cinie.net/article/61077.html,中国核电信息网-国内,核电,国内核电,2026-08-18T22:49:53+00:00,产业经济与组织 > 企业与资本 > 企业经营与公司治理,产业经济与组织,企业经营与公司治理,"[{""path"":[""产业经济与组织"",""企业与资本"",""企业经营与公司治理""],""path_text"":""产业经济与组织 > 企业与资本 > 企业经营与公司治理"",""confidence"":0.85,""reason"":""核心是两家装备企业战略座谈与产业链协同，属企业经营合作。""}]",classified,2026-08-18T23:02:10.103264+00:00,glm-5.2,2026-08-14,
中广核陆丰核电2号机组常规岛汽机台板混凝土浇筑完成,2026-08-18,"中广核陆丰核电2号机组常规岛汽机台板混凝土浇筑完成
2026年8月11日12时30分，中广核陆丰核电2号机组常规岛汽机台板正式开始混凝土浇筑，并于8月13日16时顺利完成，历经51.5小时，共计浇筑2685m³混凝土。
2号机组常规岛汽机台板结构长68.7m、宽16m，顶标高+8.43m，由两道纵梁、六道横梁组成;甲供物项包括地脚螺栓296个，起重柱56根，锚固板28个，油管套管18根等，其中重量超过10t大埋件共8组;汽机台板施工具有结构复杂，甲供埋件数量多、精度要求高等特点。
汽机台板施工期间，项目团队充分汲取1号机组常规岛汽机台板的经验反馈，优化施工工艺及施工组织。针对螺栓水平允许误差2mm、锚固板允许误差3mm等高精度埋件，现场采用“整体型钢支架+下托上吊复合固定”的方式，确保埋件误差在允许范围内。面临“红霞”台风的挑战，团队针对基坑及边坡截排水措施、基坑内排水泵排水能力、防护棚及操作平台等防台措施开展了全面排查，确保施工作业面安全可靠。
2号机组常规岛汽机台板混凝土浇筑顺利完成，为后续汽机基础整体交安创造有利条件。未来，陆丰核电将持续深入践行“严慎细实”工作作风，坚持“三个围绕”价值导向，全力推进1、2号机组高质量建设。",full,,trafilatura_full_text,https://www.cinie.net/article/61067.html,中国核电信息网-国内,核电,国内核电,2026-08-18T22:49:57+00:00,零碳产业 > 能量循环 > 能源测 > 发电技术 > 核电,零碳产业,核电,"[{""path"":[""零碳产业"",""能量循环"",""能源测"",""发电技术"",""核电""],""path_text"":""零碳产业 > 能量循环 > 能源测 > 发电技术 > 核电"",""confidence"":0.92,""reason"":""核心事件是核电机组常规岛汽机台板混凝土浇筑完成，属核电工程建设。""}]",classified,2026-08-18T23:02:10.103264+00:00,glm-5.2,2026-08-14,
海南昌江小堆示范工程审评监督专项工作组2026年第二次工作会议召开,2026-08-18,"2026-08-18 16:41 来源：生态环境部核电安全监管司
海南昌江小堆示范工程
为进一步强化海南昌江多用途模块式小型堆科技示范工程(以下简称小堆示范工程)监管工作，近日，生态环境部核电安全监管司组织召开了小堆示范工程审评监督专项工作组2026年第二次工作会议。华南核与辐射安全监督站、核与辐射安全中心、中机生产力促进中心、营运单位及设计单位等相关单位代表参加了本次会议。
本次会议围绕小堆示范工程未关闭审评问题开展了对话交流，对第一次专项工作组会议行动项落实情况、项目总体审评情况、现场监督情况、小堆调试情况及异常处理进展情况等进行研究。与会人员就相关议题进行了深入交流讨论并提出下一步工作建议。
会议强调，要进一步加强小堆示范工程调试工作过程管控，切实守牢核安全防线，有效识别并妥善解决调试过程中出现的异常;结合项目特点，全面梳理小堆示范工程仪控系统调试及验证情况，持续强化经验反馈工作;加快推进核安全关注的审评问题和现场重点问题有效解决。
此次会议进一步推动落实了审评监督相关工作，压实了营运单位核安全全面责任，为项目后续调试和运行安全奠定了坚实基础。",full,,dom_or_structured_full_text,https://www.cinie.net/article/61279.html,中国核电信息网-国内,核电,国内核电,2026-08-18T22:49:59+00:00,零碳产业 > 能量循环 > 能源测 > 发电技术 > 核电,零碳产业,核电,"[{""path"":[""零碳产业"",""能量循环"",""能源测"",""发电技术"",""核电""],""path_text"":""零碳产业 > 能量循环 > 能源测 > 发电技术 > 核电"",""confidence"":0.88,""reason"":""核心是小型模块堆示范工程的审评监督与调试安全管控。""},{""path"":[""公共政策与社会治理"",""政策法规"",""监管、标准与合规""],""path_text"":""公共政策与社会治理 > 政策法规 > 监管、标准与合规"",""confidence"":0.7,""reason"":""事件本质是核安全监管机构组织审评监督工作会议。""}]",classified,2026-08-18T23:02:10.103264+00:00,glm-5.2,2026-08-14,
三澳核电3号机组钢衬里模块四完成吊装,2026-08-18,"三澳核电3号机组钢衬里模块四完成吊装
8月15日上午8时16分，三澳核电3号机组3BRX钢衬里模块四吊装作业正式启动。在中核机械工程2000吨履带吊的平稳作业下， 模块依次完成回转、带载行走、对位调整一系列工序，历时220分钟，吊装任务圆满完成。
本次吊装的3号机组模块4由筒体四、五层整体拼装而成，直径约45米、高11.46米，模块存在体积大、易变形、吊车回转空间有限的特点。项目团队严格执行专项方案，提前完成场地加固、吊篮、配重倒运、履带吊转场，组织吊装模拟演练，全面排查各类安全隐患。
项目团队充分借鉴同类吊装作业的成熟经验：
针对桁架销轴、吊索具挂设、交叉塔吊协同等关键风险点，提前优化完善管控措施，严格落实班前会人员状态排查、高空作业安全带防护、成品防碰撞保护等各项保障举措。
吊装作业期间，同步联动上游单位及各参建施工单位，对现场风速、地基沉降、设备负载、构件姿态四项关键数据开展实时沟通核对与记录留存，统筹兼顾安全与质量双重管控目标。
未来，项目团队将始终恪守“安全至上、绝无一失”的安全理念，紧扣“追求卓越·改革破局”工作目标，以勇担当、敢创新、善成事的作风，不断攻克施工难题，为核工业高质量发展再立新功!",full,,trafilatura_full_text,https://www.cinie.net/article/61072.html,中国核电信息网-国内,核电,国内核电,2026-08-18T22:50:05+00:00,零碳产业 > 能量循环 > 能源测 > 发电技术 > 核电,零碳产业,核电,"[{""path"":[""零碳产业"",""能量循环"",""能源测"",""发电技术"",""核电""],""path_text"":""零碳产业 > 能量循环 > 能源测 > 发电技术 > 核电"",""confidence"":0.95,""reason"":""核电机组钢衬里模块吊装是核电工程建设的关键环节。""}]",classified,2026-08-18T23:02:14.913475+00:00,glm-5.2,2026-08-14,
美国第一核能公司拟建HALEU燃料设施监管沟通计划获NRC备案,2026-08-18,"美国第一核能公司拟建HALEU燃料设施监管沟通计划获NRC备案
美国第一核能公司(First American Nuclear Co.，FANCO)8月17日宣布，其拟建第II类高丰度低浓缩铀(HALEU)转化及燃料制造设施的监管沟通计划已获美国核管理委员会(NRC)备案。该设施将服务于公司正在开发的EAGL-1小型模块化反应堆项目。
根据公司披露，相关意向书的NRC ADAMS编号为ML26222A181，监管沟通计划的NRC ADAMS编号为ML26222A177。此次提交推进了FANCO与NRC围绕拟建陶瓷燃料制造设施开展的前期监管沟通。该设施计划用于支持EAGL-1铅铋共晶冷却快堆，并可能面向其他先进反应堆客户提供燃料制造能力。
FANCO表示，拟建设施还预计具备将六氟化铀加工为其他燃料形式的能力，但相关活动须以获得NRC批准及公司未来许可证申请条款为前提。
此次监管沟通计划提交前，FANCO已于2026年8月6日向NRC提交意向书，说明公司计划依据《美国联邦法规》第10篇第70部分申请许可证，用于拥有和使用特殊核材料，并支撑拟建燃料制造设施的建设、所有权和运营。公司目前预计将在2027年第四季度提交许可证申请。
FANCO首席执行官迈克·雷恩博斯(Mike Reinboth)表示，美国先进核能的大规模部署不仅依赖反应堆技术创新，也需要安全、充足且本土化的燃料供应。提交监管沟通计划是公司推进综合商业战略的一项重要步骤，将燃料循环平台建设与EAGL-1项目及未来先进反应堆开发需求结合起来。
FANCO称，拟建燃料设施旨在通过建立将浓缩铀转化为成品燃料的国内能力，补充美国核燃料供应链中的关键环节。公司希望通过许可申请前的沟通，就设施设计、工艺流程、安全控制、环境考量、保障措施和组织责任等事项与NRC开展早期、透明的技术交流。
FANCO负责监管事务、许可和质量的执行副总裁米歇尔·卡茨(Michelle Catts)表示，监管沟通计划为公司与NRC的交流提供了结构化框架，有助于在正式提交申请前展开充分沟通，使后续审查建立在早期实质性技术对话和对设施设计、运行方案充分理解的基础上。
根据计划，FANCO将与NRC举行申请前会议，并开展其他技术交流，以支持未来许可证申请审查准备。后续许可证申请预计将覆盖设施活动、设计、工艺、设备、管理措施、安全控制、环境考量和保障计划等内容，目标是满足公众健康与安全、工作人员安全、环境保护以及共同防御与安全等监管要求。
FANCO总部位于美国印第安纳州印第安纳波利斯市，正在开发EAGL-1反应堆。该堆型为240兆瓦电功率、铅铋冷却快中子小型模块化反应堆，采用工厂预制模式，并面向可扩展的多机组部署。公司称，其燃料方案初步设想采用二氧化铀燃料，并保留随着项目推进扩展至其他燃料类型的灵活性。",full,,trafilatura_full_text,https://www.cinie.net/article/61131.html,中国核电信息网-国际,核电,国际核电,2026-08-18T22:50:53+00:00,零碳产业 > 能量循环 > 能源测 > 发电技术 > 核电,零碳产业,核电,"[{""path"":[""零碳产业"",""能量循环"",""能源测"",""发电技术"",""核电""],""path_text"":""零碳产业 > 能量循环 > 能源测 > 发电技术 > 核电"",""confidence"":0.9,""reason"":""HALEU燃料设施服务于小型模块化反应堆，属核电燃料循环与监管。""},{""path"":[""公共政策与社会治理"",""政策法规"",""监管、标准与合规""],""path_text"":""公共政策与社会治理 > 政策法规 > 监管、标准与合规"",""confidence"":0.75,""reason"":""核心事件是向NRC提交监管沟通计划并推进许可申请。""}]",classified,2026-08-18T23:02:14.913475+00:00,glm-5.2,2026-08-14,
缅甸领导人访俄将出席双边商业论坛，小型核电站合作受关注,2026-08-18,"缅甸领导人访俄将出席双边商业论坛，小型核电站合作受关注
据缅甸官方媒体报道，缅甸领导人敏昂莱(Min Aung Hlaing)8月17日启程前往俄罗斯进行正式访问。此访是其今年4月就任总统以来首次正式访问俄罗斯，也是其上任后访问的第五个国家。
核能合作是缅俄近年经贸与能源合作中的重点内容之一。2025年，敏昂莱在莫斯科与俄罗斯总统弗拉基米尔·普京(Vladimir Putin)举行正式会谈期间，两国签署协议，计划在缅甸建设一座小型核电站。相关报道未披露该项目的装机规模、选址、技术路线及建设时间表。
俄罗斯方面希望为本国能源企业在缅甸拓展业务。除小型核电站合作外，俄罗斯与缅甸还于2025年2月签署备忘录，拟在具有战略意义的土瓦经济特区开展投资合作，内容包括建设港口和炼油厂。
此次访问期间，敏昂莱将出席缅甸—俄罗斯商业论坛。随行人员包括德林达依省首席部长以及缅甸航空航天局(Myanmar Aerospace Agency)局长。德林达依省是土瓦市所在地。
近年来，缅甸与俄罗斯在防务等领域联系加深。报道还提到，俄罗斯今年早些时候表示，将帮助缅甸训练该国首位宇航员。",full,,trafilatura_full_text,https://www.cinie.net/article/61135.html,中国核电信息网-国际,核电,国际核电,2026-08-18T22:50:54+00:00,零碳产业 > 能量循环 > 能源测 > 发电技术 > 核电,零碳产业,核电,"[{""path"":[""零碳产业"",""能量循环"",""能源测"",""发电技术"",""核电""],""path_text"":""零碳产业 > 能量循环 > 能源测 > 发电技术 > 核电"",""confidence"":0.85,""reason"":""缅俄小型核电站合作是新闻核心议题。""},{""path"":[""公共政策与社会治理"",""政策法规"",""产业与能源政策""],""path_text"":""公共政策与社会治理 > 政策法规 > 产业与能源政策"",""confidence"":0.7,""reason"":""双边能源合作与商业论坛属产业合作政策范畴。""}]",classified,2026-08-18T23:02:14.913475+00:00,glm-5.2,2026-08-14,
“列宁格勒”号核动力破冰船完成两台RITM-200反应堆安装,2026-08-18,"“列宁格勒”号核动力破冰船完成两台RITM-200反应堆安装
俄罗斯联合造船集团 (United Shipbuilding Corporation，USC) 发布消息称，波罗的海造船厂 (Baltic Shipyard) 已在22220型“列宁格勒”号核动力破冰船上完成两台RITM-200型核反应堆安装。
“列宁格勒”号是22220型核动力破冰船系列的第六艘。该船由波罗的海造船厂根据俄罗斯国家原子能集团公司 (Rosatom) 的订单建造，已于2024年1月26日举行铺设龙骨仪式。
22220型核动力破冰船主要用于保障俄罗斯北极西部海域全年通航。该型船配置核动力装置，可在复杂冰况下执行破冰护航和航道保障任务。",full,,trafilatura_full_text,https://www.cinie.net/article/61099.html,中国核电信息网-国际,核电,国际核电,2026-08-18T22:50:56+00:00,零碳产业 > 能量循环 > 能源测 > 发电技术 > 核电,零碳产业,核电,"[{""path"":[""零碳产业"",""能量循环"",""能源测"",""发电技术"",""核电""],""path_text"":""零碳产业 > 能量循环 > 能源测 > 发电技术 > 核电"",""confidence"":0.9,""reason"":""核动力破冰船RITM-200反应堆安装属核电装备工程。""}]",classified,2026-08-18T23:02:14.913475+00:00,glm-5.2,2026-08-14,
现代建设与泰拉能源签署Natrium核电项目框架协议,2026-08-18,"现代建设与泰拉能源签署Natrium核电项目框架协议
现代建设公司 (Hyundai Engineering & Construction) 18日宣布，已与美国核能企业泰拉能源 (TerraPower) 签署Natrium下一代核电站项目执行框架协议。根据协议，现代建设获得优先权，可作为工程、采购和施工(EPC)总承包商，参与泰拉能源后续至多8个Natrium核电机组项目。
签约仪式由现代建设首席执行官李汉宇 (Lee Han-woo)、泰拉能源首席执行官克里斯·勒维克 (Chris Levesque) 等双方高管出席。双方计划在核电领域扩大合作，并共同寻找新的商业机会，包括围绕美国怀俄明州凯默勒1号机组后续项目的建设方案和联合销售策略开展讨论。
泰拉能源正在开发基于钠冷快堆(SFR)的第四代核电技术。该技术以液态钠作为冷却剂，并将反应堆与储能系统结合，可根据电力需求调节输出功率。泰拉能源目前正推进位于美国怀俄明州、装机容量345兆瓦的凯默勒1号机组项目，并希望拓展相关业务，以满足人工智能数据中心等用电负荷增长带来的电力需求。
在此次协议签署前，现代建设、泰拉能源和HD现代 (HD Hyundai) 已于去年5月签署下一代核电站业务谅解备忘录。按照合作安排，现代建设主要负责EPC领域合作，HD现代则聚焦核电站关键部件制造。14日，李汉宇还在首尔与泰拉能源董事长比尔·盖茨 (Bill Gates)、克里斯·勒维克以及HD现代董事长郑基宣 (Chung Ki-sun) 会面，讨论Natrium核电站商业化及后续项目合作计划。
现代建设相关负责人表示，此次协议结合了泰拉能源的核能技术和现代建设的EPC能力，为参与下一代核电项目奠定基础。该公司将继续扩大在Natrium核电站商业化和全球项目方面的合作。除大型核电站、小型模块化反应堆(SMR)和核设施退役业务外，现代建设也将通过此次合作把业务范围延伸至钠冷快堆领域。",full,,trafilatura_full_text,https://www.cinie.net/article/61119.html,中国核电信息网-国际,核电,国际核电,2026-08-18T22:50:58+00:00,零碳产业 > 能量循环 > 能源测 > 发电技术 > 核电,零碳产业,核电,"[{""path"":[""零碳产业"",""能量循环"",""能源测"",""发电技术"",""核电""],""path_text"":""零碳产业 > 能量循环 > 能源测 > 发电技术 > 核电"",""confidence"":0.92,""reason"":""Natrium钠冷快堆核电项目的EPC框架协议是核心事件。""},{""path"":[""产业经济与组织"",""企业与资本"",""企业经营与公司治理""],""path_text"":""产业经济与组织 > 企业与资本 > 企业经营与公司治理"",""confidence"":0.7,""reason"":""企业间签署合作协议、拓展业务范围属企业经营动态。""}]",classified,2026-08-18T23:02:14.913475+00:00,glm-5.2,2026-08-14,
MBIR项目九台燃料操作抓取设备完成初步测试,2026-08-18,"MBIR项目九台燃料操作抓取设备完成初步测试
2026年8月17日，俄罗斯InterPolaris完成了多用途快中子研究堆 (MBIR) 项目九台抓取设备的初步测试。这批设备将用于燃料运输和操作作业，主要服务于OTT燃料综合体内燃料组件以及燃料棒库的搬运处理。
该设备开发的重点，是提高燃料组件夹持、转运和定位过程中的安全性与可靠性。每台抓取装置由夹眼、主体、盖板、头部、凸轮、锁紧套筒、指示灯、电池、带电气连接的步进电机以及备用装置等部件组成。其中，锁紧套筒用于防止凸轮意外打开，备用装置则用于提升系统运行冗余度。
本次交付和测试的抓取设备分为三类：3台头部夹具，用于通过燃料组件头部进行固定和移动;3台尾部夹具，用于操作燃料组件尾部;3台弹匣夹具，用于燃料元件弹匣的相关操作。
按照设计要求，夹具采用周期性运行模式，年运行时间为250天，可按每天1个班次、每班7.2小时运行，也可按每天2个班次、每班6小时运行。设备适用环境为温度10℃至25℃、常压条件，环境湿度不超过70%。
测试工作依据已批准的方案和方法，并按照图纸要求开展，内容包括外观与尺寸测量检查、产品质量记录，以及对运动部件在空载和带载状态下的性能、承载能力、手动操作和远程控制功能进行验证。
测试结果显示，8台产品已确认符合既定技术要求。",full,,trafilatura_full_text,https://www.cinie.net/article/61263.html,中国核电信息网-国际,核电,国际核电,2026-08-18T22:51:00+00:00,零碳产业 > 能量循环 > 能源测 > 发电技术 > 核电,零碳产业,核电,"[{""path"":[""零碳产业"",""能量循环"",""能源测"",""发电技术"",""核电""],""path_text"":""零碳产业 > 能量循环 > 能源测 > 发电技术 > 核电"",""confidence"":0.9,""reason"":""快中子研究堆燃料操作设备的测试属核电燃料循环装备。""}]",classified,2026-08-18T23:02:14.913475+00:00,glm-5.2,2026-08-14,
罗斯托夫核电站向消防部门移交新特种消防车辆,2026-08-18,"罗斯托夫核电站向消防部门移交新特种消防车辆
当地时间8月17日，罗斯托夫核电站向负责站区消防保障的第9特别部门移交一辆新的特种消防车辆。该车辆作为捐赠设备交付，用于纪念俄罗斯紧急情况部联邦消防局第72特别管理局成立40周年。该管理局承担俄罗斯核电站的消防防护任务。
罗斯托夫核电站的专业消防力量自1984年6月起承担站区执勤任务。当时，消防队仅配备4辆消防车。经过多年建设，相关消防力量已配备现代化车辆、专用设备和通信装备，用于核电站设施的火灾防护和应急处置。
第9特别部门负责人、内务勤务上校罗曼·洛帕特金 (Roman Lopatkin) 表示，该部门长期由专业素质较高的人员组成，队员在训练、装备使用和业务竞赛中保持较高水平。此次新增车辆将进一步加强部门的物资技术基础。
罗斯托夫核电站方面表示，驻站消防人员需熟悉责任区域内可能发生的应急风险，掌握受保护设施的主要生产和技术参数、工艺流程特点，以及消防车辆、灭火装备、通信设备的技术性能，确保随时具备处置能力。
罗斯托夫核电站站长安德烈·萨利尼科夫 (Andrey Salnikov) 表示，驻站消防队通过持续训练、预防措施和快速响应机制，为核电站运行安全提供保障。
俄罗斯国家原子能公司 (Rosatom) 将安全列为企业运行的重要优先事项。其相关单位持续推进安全文化建设，采用现代劳动保护和防伤害措施，并提升消防与应急保障能力。
目前，俄罗斯紧急情况部联邦消防局第72特别管理局下属单位负责11座核电站的消防防护工作。这些核电站隶属于俄罗斯核电公司 (Rosenergoatom)，后者为俄罗斯国家原子能公司电力业务板块的重要组成部分。该管理局现配备现代消防救援车辆和装备，人员通过演习和训练持续提升专业能力。
罗斯托夫核电站位于齐姆良斯克水库岸边，隶属于俄罗斯国家原子能公司电力业务板块。该站运行4台VVER-1000型压水堆机组，每台机组日发电量约2500万千瓦时。核能发电在罗斯托夫州电力生产结构中的占比超过70%，在俄罗斯南部统一电力系统中的占比约为30%。",full,,trafilatura_full_text,https://www.cinie.net/article/61173.html,中国核电信息网-国际,核电,国际核电,2026-08-18T22:51:02+00:00,零碳产业 > 能量循环 > 能源测 > 发电技术 > 核电,零碳产业,核电,"[{""path"":[""零碳产业"",""能量循环"",""能源测"",""发电技术"",""核电""],""path_text"":""零碳产业 > 能量循环 > 能源测 > 发电技术 > 核电"",""confidence"":0.85,""reason"":""核心事件是核电站消防保障能力建设，直接关系核电设施安全运营。""},{""path"":[""公共政策与社会治理"",""安全与治理"",""公共安全与应急管理""],""path_text"":""公共政策与社会治理 > 安全与治理 > 公共安全与应急管理"",""confidence"":0.7,""reason"":""新闻核心为核电站消防装备移交与应急处置能力提升。""}]",classified,2026-08-18T23:02:21.930673+00:00,glm-5.2,2026-08-14,
福岛第一核电站2号机组开始移出高放射性乏燃料,2026-08-18,"福岛第一核电站2号机组开始移出高放射性乏燃料
东京电力控股公司 (Tokyo Electric Power Company Holdings, TEPCO) 8月17日表示，已开始从日本福岛第一核电站2号机组乏燃料池中移出放射性水平较高的乏燃料组件。该核电站位于日本东北部，曾发生严重核事故。
TEPCO上月已从2号机组乏燃料池中移出28组未使用核燃料组件。与乏燃料相比，这些未使用燃料组件的风险相对较低。公司计划在2028财年末前完成2号机组乏燃料移出工作。
截至目前，2号机组乏燃料池内共有587组乏燃料组件，TEPCO已完成其中7组的移出。已移出的燃料组件被转运至福岛第一核电站厂区内安全性更高的共用燃料池储存。
根据安排，相关移出作业将从10月起暂停，原因包括设施检查以及需要确保共用燃料池具备足够接收空间。
2号机组燃料转运工作于今年6月启动。作业过程中，乏燃料组件由遥控起重设备装入位于乏燃料池内的专用运输容器。容器装载完成后被吊出乏燃料池，再转运至反应堆厂房外的拖车，随后运往厂区内共用燃料池。",full,,trafilatura_full_text,https://www.cinie.net/article/61123.html,中国核电信息网-国际,核电,国际核电,2026-08-18T22:51:04+00:00,零碳产业 > 能量循环 > 能源测 > 发电技术 > 核电,零碳产业,核电,"[{""path"":[""零碳产业"",""能量循环"",""能源测"",""发电技术"",""核电""],""path_text"":""零碳产业 > 能量循环 > 能源测 > 发电技术 > 核电"",""confidence"":0.93,""reason"":""核心事件是福岛核电站乏燃料池燃料组件移出与转运，属核电燃料循环与退役工作。""}]",classified,2026-08-18T23:02:21.930673+00:00,glm-5.2,2026-08-14,
韩国庆北东海岸核电带拟打造国家级AI训练中心,2026-08-18,"韩国庆北东海岸核电带拟打造国家级AI训练中心
8月17日，庆北研究院提出建议，将庆尚北道东海岸核电集中区域开发为国家级人工智能(AI)训练中心，以承接大规模模型训练和再训练等高耗能计算需求。
研究认为，若韩国政府长期将人工智能数据中心规模扩大至18.4吉瓦，首都圈及大都市地区的电力供应和电网接入能力可能接近上限。为缓解电力和网络承载压力，可将实时推理和面向用户的服务部署在首都圈及主要城市，把大规模训练和再训练设施布局在具备电源条件的发展中地区。
庆尚北道东海岸集中了韩蔚核电站、新韩蔚核电站、月城核电站和新月城核电站等核电设施，共有13台核电机组，并拥有约12.8吉瓦无碳发电能力。研究方面认为，应把蔚珍、庆州的核电资源，与浦项的钢铁和二次电池产业、龟尾的半导体和电力设备产业，以及大邱、庆山的研发能力衔接起来，形成面向人工智能产业的区域支撑体系。
根据设想，人工智能训练园区可先从100兆瓦至300兆瓦规模起步，随后扩展至500兆瓦，并进一步提升至1吉瓦级。相关建设需要政府、电力机构、庆尚北道和民营运营商建立联合推进机制，对电力供应、场址条件、通信接入、冷却系统和供水能力进行核实。
庆北研究院柳亨哲博士表示，庆北核电带应发展成为东海岸国家级人工智能产业轴，将人工智能训练园区与电力设备、制冷、半导体等产业结合起来。",full,,trafilatura_full_text,https://www.cinie.net/article/61178.html,中国核电信息网-国际,核电,国际核电,2026-08-18T22:51:06+00:00,AI与智能科技 > AI硬件层 > 数据中心,AI与智能科技,数据中心,"[{""path"":[""AI与智能科技"",""AI硬件层"",""数据中心""],""path_text"":""AI与智能科技 > AI硬件层 > 数据中心"",""confidence"":0.85,""reason"":""核心建议是依托核电在东海岸建设国家级AI训练中心（智算园区）。""},{""path"":[""公共政策与社会治理"",""政策法规"",""产业与能源政策""],""path_text"":""公共政策与社会治理 > 政策法规 > 产业与能源政策"",""confidence"":0.7,""reason"":""研究院向政府提出AI数据中心与电力资源布局的区域产业政策建议。""}]",classified,2026-08-18T23:02:21.930673+00:00,glm-5.2,2026-08-14,
罗蒙诺索夫院士号浮动核电站1号反应堆获新燃料,2026-08-18,"罗蒙诺索夫院士号浮动核电站1号反应堆获新燃料
俄罗斯国家原子能公司(Rosatom)燃料事业部已向楚科奇自治区佩韦克市交付一批新鲜核燃料，用于罗蒙诺索夫院士号浮动核电站1号反应堆。该电站隶属于Rosatom电力事业部，是目前世界上唯一在运行的浮动核电站。
这批燃料由位于莫斯科州埃列克特罗斯塔尔市的机械制造厂股份公司(MSZ JSC)生产。运抵电站前，相关燃料组件已完成验收测试和技术检验，并获得俄罗斯海事船舶登记局(Russian Maritime Register of Shipping)认证。该机构负责海上反应堆机组核燃料的验收认证。
罗蒙诺索夫院士号浮动核电站配备两台KLT-40S反应堆。与常规陆上大型核电机组通常每12至18个月进行部分换料不同，KLT-40S反应堆的换料周期为数年一次，换料时需卸出整个堆芯并重新装入全部新燃料。该电站1号反应堆已于2023年底完成首次换料，2号反应堆首次换料于2024年完成，标志着两台反应堆按计划完成首个燃料循环。根据计划，2号反应堆下一次换料将在2027年进行。
罗蒙诺索夫院士号浮动核电站于2019年12月首次并网发电，2020年5月投入商业运行。电站总装机容量约76兆瓦，电力直接送入佩韦克沿海电网;在最大供热功率运行状态下，电功率约44兆瓦。佩韦克人口仅4000余人，而该电站的发电能力可满足约10万人口城市的用电需求。
该电站投运后，主要承担两方面任务：一是替代自1974年运行的比利比诺核电站以及已运行超过70年的恰翁热电厂部分退役产能;二是为楚科奇西部恰翁—比利比诺电力枢纽内的矿业企业供电，包括金矿开采企业及与拜姆斯卡亚矿区开发相关的项目。2023年9月，连接佩韦克和比利比诺的490公里、110千伏输电线路投入运行。
Rosatom方面还在推进基于RITM系列反应堆技术的商用浮式发电装置建设，用于为沿海和偏远地区提供电力，并计划服务俄罗斯大型有色金属项目。MSZ JSC是Rosatom燃料事业部所属企业之一，生产多型动力堆、运输堆和研究堆核燃料。",full,,trafilatura_full_text,https://www.cinie.net/article/61139.html,中国核电信息网-国际,核电,国际核电,2026-08-18T22:51:08+00:00,零碳产业 > 能量循环 > 能源测 > 发电技术 > 核电,零碳产业,核电,"[{""path"":[""零碳产业"",""能量循环"",""能源测"",""发电技术"",""核电""],""path_text"":""零碳产业 > 能量循环 > 能源测 > 发电技术 > 核电"",""confidence"":0.93,""reason"":""核心事件是浮动核电站反应堆换料与核燃料供应，属核电燃料循环。""}]",classified,2026-08-18T23:02:21.930673+00:00,glm-5.2,2026-08-14,
斯摩棱斯克第二核电站建设现场首条输电线路投运,2026-08-18,"斯摩棱斯克第二核电站
VVER-1200
斯摩棱斯克核电站
俄罗斯斯摩棱斯克第二核电站建设现场首条输电线路已投入运行。该线路将为施工安装基地提供稳定供电和全天候照明，使现场施工不再受自然采光时间限制。
根据项目安排，施工现场目前采用临时方案接入10千伏电网，后续将在110/10千伏永久变电站投运后切换至正式供电系统。施工期间，承包方在复杂天气条件下完成了3公里以上电缆敷设，并安装了60余基输电线路杆塔。
在施工安装基地建设阶段，稳定供电对项目推进具有基础性作用。现场需要按期建成钢筋模块和钢筋骨架制造车间，形成从金属加工到成品构件出厂的完整准备流程。这些构件将直接用于后续核电机组主体工程建设。
斯摩棱斯克第二核电站1号机组反应堆厂房基础底板混凝土浇筑计划于2027年3月实施。“第一罐混凝土”浇筑完成后，项目将由前期准备阶段转入主要建筑物的实质性施工阶段。
斯摩棱斯克第二核电站规划建设两台三代+VVER-1200压水堆机组。根据俄罗斯电力设施布局总体方案，1号机组计划于2033年投运，2号机组计划于2035年投运。每台机组设计运行寿期不少于60年，并具备延寿至120年的可能。
斯摩棱斯克核电站是俄罗斯核电运营公司 (Rosenergoatom) 旗下核电站，现有3台在运机组，每台机组电功率为1000兆瓦。该站位于斯摩棱斯克州杰斯诺戈尔斯克市附近，距离斯摩棱斯克约150公里。",full,,dom_or_structured_full_text,https://www.cinie.net/article/61162.html,中国核电信息网-国际,核电,国际核电,2026-08-18T22:51:10+00:00,零碳产业 > 能量循环 > 能源测 > 发电技术 > 核电,零碳产业,核电,"[{""path"":[""零碳产业"",""能量循环"",""能源测"",""发电技术"",""核电""],""path_text"":""零碳产业 > 能量循环 > 能源测 > 发电技术 > 核电"",""confidence"":0.9,""reason"":""核心事件是斯摩棱斯克第二核电站VVER-1200机组建设进展。""}]",classified,2026-08-18T23:02:21.930673+00:00,glm-5.2,2026-08-14,
埃及澄清达巴核电站安全质疑：项目按国际核安全标准实施,2026-08-18,"埃及澄清达巴核电站安全质疑：项目按国际核安全标准实施
埃及内阁媒体中心近日发表声明，回应有关达巴核电站项目实施过程中安全标准应用情况的质疑。声明称，相关流传内容未能准确、平衡反映项目实际情况，并将部分工程观察事项直接引申为项目安全和实施效率问题，缺乏必要的技术与监管背景。
埃及核电站管理局表示，达巴核电站项目建设按照国际核安全标准推进，所有建筑、工程和安装工作均依照国际质量要求执行，并接受管理局监测和监督团队的持续检查。相关工程只有在完成监管程序，并获得埃及核与放射监管局必要批准后，才可进入实施阶段。
针对施工过程中可能出现的技术观察或程序不符合项，管理局称，尤其是混凝土浇筑相关问题，将通过“不符合项报告”(NCR)机制在早期进行技术处理。任何施工阶段只有在完成经批准的技术处理，并通过水力和结构测试后，才能获得批准或验收。
管理局强调，核工程安全并非依靠个人判断或现场目测决定，而是通过风险评估、工作许可、起重方案、设备审批和持续监管监督等完整体系进行管理。所有关键起重作业开展前，相关文件和程序均须经过审查和批准。项目同时建立了覆盖工业安全、职业健康、安全文化和施工质量的管理体系。
声明还提到，达巴核电站由俄罗斯总承包商Atomstroyexport参与建设，双方按照合同和监管要求，对技术或程序问题进行跟踪、审计和处置，以确保设施质量和安全后再进入后续阶段。
在技术设计方面，埃及方面称，达巴核电站采用先进第三代(III+)压水反应堆技术，设计符合国际原子能机构相关标准。该技术应用“纵深防御”理念，通过多重屏障和被动安全系统提升安全水平;部分安全系统可利用重力等自然现象运行，无需依赖外部电力。反应堆设计还包括堆芯捕集器，用于在严重事故情形下容纳堆芯及高放射性物质。
埃及方面表示，达巴核电站反应堆配备双层安全壳，设计可承受重型商用飞机撞击，并具备抵御海啸、地震、飓风和强风等外部事件的能力。
在监管层面，声明称，达巴核电站安全并非由单一方评估，也不只依赖项目业主数据，而是由独立国家监管体系持续开展许可、检查和评估。埃及核与放射监管局负责对核与放射活动进行独立监管，并核实项目是否满足安全要求。国际原子能机构综合监管审查任务于2026年6月在埃及完成后，认为埃及已建立较全面、稳健的核设施和放射性设施安全监管框架。
达巴核电站位于埃及马特鲁省达巴地区，规划建设4台单机容量1200兆瓦的机组，总装机容量4800兆瓦，采用俄罗斯先进第三代压水反应堆技术。项目合同还包括核燃料供应、乏燃料管理以及埃及人员培训等内容。埃及方面表示，近期该项目已接收包括1号机组4台蒸汽发生器和1台稳压器在内的大型设备，相关安装工作计划按项目安排推进。",full,,trafilatura_full_text,https://www.cinie.net/article/61233.html,中国核电信息网-国际,核电,国际核电,2026-08-18T22:51:12+00:00,零碳产业 > 能量循环 > 能源测 > 发电技术 > 核电,零碳产业,核电,"[{""path"":[""零碳产业"",""能量循环"",""能源测"",""发电技术"",""核电""],""path_text"":""零碳产业 > 能量循环 > 能源测 > 发电技术 > 核电"",""confidence"":0.9,""reason"":""核心是达巴核电站三代+压水堆项目建设与安全设计澄清。""},{""path"":[""公共政策与社会治理"",""政策法规"",""监管、标准与合规""],""path_text"":""公共政策与社会治理 > 政策法规 > 监管、标准与合规"",""confidence"":0.7,""reason"":""埃及官方回应核安全监管、不符合项处理和国际安全标准合规问题。""}]",classified,2026-08-18T23:02:21.930673+00:00,glm-5.2,2026-08-14,
福岛第一核电站第22轮核污染水排海结束,2026-08-18,"福岛第一核电站第22轮核污染水排海结束
日本东京电力公司 (TEPCO) 8月17日表示，福岛第一核电站第22轮核污染水排海已于当地时间当日下午结束。本轮排放自7月30日启动，共排放核污染水7888吨。
根据东京电力公司发布的信息，本轮排放水体中所含放射性氚总量约为1.3万亿贝克勒尔。这是日本2026财年第4轮福岛第一核电站核污染水排海。
日本于2023年8月启动福岛第一核电站核污染水排海。截至目前，相关排放已进行22轮，累计排放量约17.3万吨。",full,,trafilatura_full_text,https://www.cinie.net/article/61095.html,中国核电信息网-国际,核电,国际核电,2026-08-18T22:51:14+00:00,零碳产业 > 能量循环 > 能源测 > 发电技术 > 核电,零碳产业,核电,"[{""path"":[""零碳产业"",""能量循环"",""能源测"",""发电技术"",""核电""],""path_text"":""零碳产业 > 能量循环 > 能源测 > 发电技术 > 核电"",""confidence"":0.85,""reason"":""核电站核污染水排海属于核电站运营与环境影响事件。""}]",classified,2026-08-18T23:02:28.187964+00:00,glm-5.2,2026-08-14,
圣露西核电站1号机组因控制棒异常落入堆芯后已恢复满功率运行,2026-08-18,"圣露西核电站1号机组因控制棒异常落入堆芯后已恢复满功率运行
佛罗里达电力公司 (FPL) 表示，圣露西核电站1号机组上周因设备问题手动停堆后，已恢复至100%发电功率运行。该机组此前在周三被操作人员手动关闭，以便开展检查和维修。
据美国核管理委员会 (NRC) 信息，事件起因是三根控制棒落入反应堆堆芯。FPL称，事件未对公众和电站员工构成威胁，也未造成用户停电。目前，相关设备故障原因仍在调查中。
圣露西核电站位于佛罗里达州圣卢西县附近。居住在印第安河泻湖一带、可远眺电站建筑的当地居民福雷斯特·布兰顿表示，工作人员及时处置让他感到安心。他同时认为，公司对事件作出公开说明，有助于减少外界疑虑。
佛罗里达大学核工程教授唐纳德·沃尔 (Donald Wall) 表示，附近居民没有必要恐慌。他认为，电站人员按照安全程序选择停堆，是核电站面对设备异常时的审慎处置方式。沃尔还指出，核电站在设计和运行中设置了多重安全保护措施。
不过，沃尔也提到，NRC报告显示，2024年11月圣露西核电站1号机组曾在控制棒驱动系统维护期间发生过三根控制棒脱落事件，并因此手动停堆。他认为，仍需进一步确认两次事件之间是否存在共同原因。FPL尚未公布此次设备问题的具体成因。",full,,trafilatura_full_text,https://www.cinie.net/article/61186.html,中国核电信息网-国际,核电,国际核电,2026-08-18T22:51:16+00:00,零碳产业 > 能量循环 > 能源测 > 发电技术 > 核电,零碳产业,核电,"[{""path"":[""零碳产业"",""能量循环"",""能源测"",""发电技术"",""核电""],""path_text"":""零碳产业 > 能量循环 > 能源测 > 发电技术 > 核电"",""confidence"":0.92,""reason"":""核心事件是核电机组控制棒异常停堆与恢复运行，属核电工程安全运营。""}]",classified,2026-08-18T23:02:28.187964+00:00,glm-5.2,2026-08-14,
哈萨克斯坦签署原子能产业合作备忘录,2026-08-18,"哈萨克斯坦签署原子能产业合作备忘录
哈萨克斯坦共和国原子能署、哈萨克斯坦“阿塔梅肯”国家企业家商会 (Atameken National Chamber of Entrepreneurs of Kazakhstan) 与原子产业发展协会 (Atomic Industry Development Association，AIDA) 签署谅解与合作备忘录，计划共同推动本国原子能产业发展，扩大工业协作，并吸引本土企业参与大型基础设施项目。
备忘录由哈萨克斯坦共和国原子能署主席阿尔马萨达姆·萨特卡利耶夫 (Almasadam Satkaliyev)、“阿塔梅肯”国家企业家商会主席团主席卡纳特·沙尔拉帕耶夫 (Kanat Sharlapayev) 以及AIDA负责人巴克特詹·卡德尔巴耶夫 (Bakytzhan Kadyrbayev) 签署。
根据备忘录，各方将围绕原子能产业发展、工业协作强化以及本国企业参与哈萨克斯坦战略项目等事项，建立政府、企业和行业共同体之间的稳定合作机制，并加强相关行动协调。
提高本土化水平是合作重点之一。各方同意支持面向原子能产业的本土制造、工程服务和配套服务发展，并推动建立国家级供应链体系。
合作还将关注中小企业和大型企业参与原子能及相关行业项目。备忘录提出，将支持本国制造商发展，提升哈萨克斯坦国内在技术、生产、服务和专业咨询等方面的能力。
此外，各方计划共同为政府部门制定分析和专业建议，交换方法论及分析材料，并就完善原子能领域法律和监管框架提出建议。
此次备忘录签署为政府、企业界和行业组织之间的系统性协作提供了新的平台。相关安排落实后，将有助于扩大哈萨克斯坦企业参与原子能项目的机会，提高项目本土化程度，并推动行业技术基础建设。",full,,trafilatura_full_text,https://www.cinie.net/article/61247.html,中国核电信息网-国际,核电,国际核电,2026-08-18T22:51:18+00:00,零碳产业 > 能量循环 > 能源测 > 发电技术 > 核电,零碳产业,核电,"[{""path"":[""零碳产业"",""能量循环"",""能源测"",""发电技术"",""核电""],""path_text"":""零碳产业 > 能量循环 > 能源测 > 发电技术 > 核电"",""confidence"":0.88,""reason"":""备忘录核心是推动哈萨克斯坦原子能产业发展与供应链本土化。""},{""path"":[""公共政策与社会治理"",""政策法规"",""产业与能源政策""],""path_text"":""公共政策与社会治理 > 政策法规 > 产业与能源政策"",""confidence"":0.75,""reason"":""政府机构签署产业合作备忘录属产业政策与协作机制。""}]",classified,2026-08-18T23:02:28.187964+00:00,glm-5.2,2026-08-14,
拜洛尔联合体完成欣克利角C核电站消防安全整改,2026-08-18,"拜洛尔联合体完成欣克利角C核电站消防安全整改
8月17日，英国核监管办公室 (ONR) 确认，由莱恩·奥罗克公司 (Laing O'Rourke) 和布依格公共工程公司 (Bouygues Travaux Publics) 以拜洛尔联合体 (Bylor JV) 名义运营的项目团队，已完成此前针对欣克利角C核电站建设现场消防安全缺陷发出的两项强制执行通知要求。
拜洛尔联合体在欣克利角C核电站承担主要土建工程。ONR此前在该建设现场发现较为严重的消防安全管理缺陷，并据此采取执法行动。
ONR表示，拜洛尔联合体现已证明，其已建立适当体系，能够有效管理现场火灾风险。此次执法行动依据《2005年监管改革(消防安全)令》实施。",full,,trafilatura_full_text,https://www.cinie.net/article/61241.html,中国核电信息网-国际,核电,国际核电,2026-08-18T22:51:20+00:00,零碳产业 > 能量循环 > 能源测 > 发电技术 > 核电,零碳产业,核电,"[{""path"":[""零碳产业"",""能量循环"",""能源测"",""发电技术"",""核电""],""path_text"":""零碳产业 > 能量循环 > 能源测 > 发电技术 > 核电"",""confidence"":0.85,""reason"":""事件发生在欣克利角C核电站建设现场，属核电工程建设。""},{""path"":[""公共政策与社会治理"",""政策法规"",""监管、标准与合规""],""path_text"":""公共政策与社会治理 > 政策法规 > 监管、标准与合规"",""confidence"":0.8,""reason"":""核心是核监管机构执法通知的整改与合规确认。""}]",classified,2026-08-18T23:02:28.187964+00:00,glm-5.2,2026-08-14,
英国原子能管理局分拆成立Singular Machines公司,2026-08-18,"英国原子能管理局分拆成立Singular Machines公司
英国原子能管理局 (UKAEA) 近日分拆成立英国工程自动化企业奇点机器公司 (Singular Machines)。该公司将源自聚变工程研发场景的人工智能技术推向商业化，并已获得战略投资和新的行业合同支持。
据英国原子能管理局8月17日发布的信息，奇点机器公司已完成一轮战略投资。本轮投资由英国创新与科学种子基金 (UK Innovation & Science Seed Fund) 和牛津科学企业 (Oxford Science Enterprises) 领投，全球工程公司奥雅纳 (Arup) 及日本Miraisozo投资公司 (Miraisozo Investments) 参与投资。与此同时，奇点机器公司还与奥雅纳签署新合同，后者将使用其coEngen平台。
聚变能源研发涉及复杂、高可靠性的工程设计，对工程流程的协同、追溯和判断能力提出较高要求。奇点机器公司计划将相关工程理念和人工智能工具拓展至聚变能源以外的工业工程自动化领域。
该公司正在开发的coEngen是一款智能人工智能平台，目标是在提高工程师工作效率的同时，保持工程实践所依赖的可追溯性、可靠性和专业判断，使工程专业知识继续处于决策核心位置。
除参与战略投资外，奥雅纳还将向奇点机器公司提供技术、商业和战略支持，并利用真实工程工作流程帮助其平台成型和测试。相关合同和投资显示，该公司正从公共研究机构衍生项目，逐步转向由风险投资支持、并与产业伙伴合作的商业化路径。
英国原子能管理局表示，此次分拆符合其2026年至2030年战略，旨在把聚变研究成果转化为商业机会，推动英国从国家研发投资中获得长期经济和工业收益。该机构认为，衍生公司有助于促进技能、知识产权和创新技术发展，并在多个领域创造价值。
奇点机器公司创始人兼首席执行官阿德里安·范阿克尔 (Adrian van Arkel) 表示，英国原子能管理局创新团队的支持帮助公司启动相关项目。聚变是该技术最初的应用起点，但coEngen所解决的问题贯穿整个工程领域，即项目复杂度不断上升，单靠人工协调已接近极限。
英国原子能管理局临时首席发展官希瑟·卢塔斯 (Heather Lewtas) 表示，该机构的科学和创新能力正在加快商业机会形成，英国原子能管理局很高兴支持奇点机器公司分拆，并推动其发展工业合作伙伴关系。",full,,trafilatura_full_text,https://www.cinie.net/article/61237.html,中国核电信息网-国际,核电,国际核电,2026-08-18T22:51:22+00:00,产业经济与组织 > 企业与资本 > 投融资、并购与资本市场,产业经济与组织,投融资、并购与资本市场,"[{""path"":[""产业经济与组织"",""企业与资本"",""投融资、并购与资本市场""],""path_text"":""产业经济与组织 > 企业与资本 > 投融资、并购与资本市场"",""confidence"":0.85,""reason"":""核心事件是UKAEA分拆公司并完成战略投资与商业合同。""},{""path"":[""AI与智能科技"",""AI软件层"",""工程改进"",""AGENT""],""path_text"":""AI与智能科技 > AI软件层 > 工程改进 > AGENT"",""confidence"":0.7,""reason"":""分拆公司的coEngen是面向工程自动化的人工智能平台。""}]",classified,2026-08-18T23:02:28.187964+00:00,glm-5.2,2026-08-14,
芬兰奥尔基洛托3号机组因主冷却剂泵故障降功率运行,2026-08-18,"芬兰奥尔基洛托3号机组因主冷却剂泵故障降功率运行
芬兰工业电力公司 (Teollisuuden Voima, TVO) 8月17日表示，奥尔基洛托核电站3号机组(OL3)因核岛两台主冷却剂泵出现技术故障，未来几周将继续以约1300兆瓦的稳定功率运行，约为满功率的84%。该机组额定发电功率约为1600兆瓦。
TVO称，相关故障在今年夏季被发现。此后，机组已降低输出功率，并对故障原因及处理措施进行调查。根据最新安排，OL3将在较低功率水平下继续运行，以监测纠正措施效果，直至该机组按计划于2026年9月10日开始年度停机检修。
TVO表示，该技术问题不会对核安全造成影响。
奥尔基洛托核电站1号机组(OL1)目前正常运行。关于2号机组(OL2)，TVO此前披露，该机组因转子相关安排处于降功率运行状态，新的改进型转子预计将于2027年底运抵奥尔基洛托。",full,,trafilatura_full_text,https://www.cinie.net/article/61229.html,中国核电信息网-国际,核电,国际核电,2026-08-18T22:51:24+00:00,零碳产业 > 能量循环 > 能源测 > 发电技术 > 核电,零碳产业,核电,"[{""path"":[""零碳产业"",""能量循环"",""能源测"",""发电技术"",""核电""],""path_text"":""零碳产业 > 能量循环 > 能源测 > 发电技术 > 核电"",""confidence"":0.93,""reason"":""核心事件是核电机组主冷却剂泵故障导致降功率运行，属核电运营。""}]",classified,2026-08-18T23:02:28.187964+00:00,glm-5.2,2026-08-14,
韩国庆州市推进与乌兹别克斯坦核电及水资源领域合作,2026-08-18,"韩国庆州市推进与乌兹别克斯坦核电及水资源领域合作
韩国庆州市正推动扩大与乌兹别克斯坦在核电、水资源管理等领域的交流合作。
庆州市8月13日表示，市长朱洛荣当天在市政厅对外合作办公室会见了乌兹别克斯坦卡什卡达里亚省经济代表团。代表团成员包括北岳市副市长卡里莫夫·巴赫季约尔·伊斯莫伊洛维奇，以及来自卡什卡达里亚省主要工业部门的企业界人士。
在到访庆州市政府前，代表团参观了韩国水力核电公司 (KHNP) 旗下月城核电站，以及庆州市公共污水处理厂和水质研究大楼。代表团实地了解了当地核电站运行、污水处理和水质管理体系，并考察庆州市在工业运行和环境治理方面的实践案例。
随后，代表团与朱洛荣举行会谈，双方围绕两地产业发展现状和后续合作计划交换意见。会谈重点涉及扩大经济、工业领域务实交流的可能性，并就发掘新的合作方向进行了讨论。
朱洛荣表示，希望此次访问成为双方共享产业信息、探索新合作领域的契机。庆州市将在此前与乌兹别克斯坦持续交流的基础上，进一步拓展经济和产业领域合作。
访问期间，代表团还参观了东宫和月池，了解新罗千年古都庆州的历史文化，并结束当天行程。",full,,trafilatura_full_text,https://www.cinie.net/article/61182.html,中国核电信息网-国际,核电,国际核电,2026-08-18T22:51:26+00:00,零碳产业 > 能量循环 > 能源测 > 发电技术 > 核电,零碳产业,核电,"[{""path"":[""零碳产业"",""能量循环"",""能源测"",""发电技术"",""核电""],""path_text"":""零碳产业 > 能量循环 > 能源测 > 发电技术 > 核电"",""confidence"":0.85,""reason"":""核心事件是韩国庆州市与乌兹别克斯坦围绕核电等领域推进产业合作""}]",classified,2026-08-18T23:02:35.619353+00:00,glm-5.2,2026-08-14,
俄罗斯国家原子能公司公共委员会在新沃罗涅日举行扩大会议,2026-08-18,"VVER-1200
俄罗斯国家原子能公司
新沃罗涅日核电站
VVER-1200
俄罗斯国家原子能公司 (Rosatom) 公共委员会近日在新沃罗涅日举行扩大外地会议，并组织代表团赴新沃罗涅日核电站开展技术参观。此次活动与新沃罗涅日核电站6号机组相关纪念活动相衔接。该机组采用VVER-1200反应堆，是俄罗斯三代+核电机组的代表项目之一。
会议以线上方式举行，由Rosatom总经理阿列克谢·利哈乔夫 (Alexey Likhachev) 主持。参会人员包括俄罗斯核电运营企业俄罗斯核电集团 (Rosenergoatom)、Rosatom、沃罗涅日州政府、新沃罗涅日市政府，以及公共、生态和科研机构代表。来自滨海边疆区科研界的代表也参加了此次访问。相关地区未来几年计划发展核能项目。
在技术参观环节，新沃罗涅日核电站站长弗拉基米尔·波瓦罗夫 (Vladimir Povarov) 带领代表团参观了6号机组主控室、汽轮机大厅等设施，并介绍了现代VVER型反应堆所采用的安全系统。
代表团还考察了新沃罗涅日的多项城市公共设施，包括文化宫、第3学校、“Start”体育场、冰上竞技场以及莫斯科工程物理学院国立核能研究大学新沃罗涅日理工学院分院等。相关项目由Rosatom与沃罗涅日州政府合作推进，并得到新沃罗涅日核电站、Rosenergoatom、“核电站所在地协会”发展基金等方面参与。
根据介绍，在Rosatom与沃罗涅日州政府合作协议执行期间，沃罗涅日州预算已向新沃罗涅日发展额外投入超过47亿卢布。另有7.63亿卢布联邦及地区资金通过俄罗斯建设部相关竞赛机制引入，用于建设体育设施、改善公共空间和居民区环境，修缮幼儿园、学校和道路，并实施城市供水系统和供热网络改造。
2022年，沃罗涅日州政府与Rosatom联合推进“高效地区”项目，新沃罗涅日核电站员工参与实施了40个项目，重点面向地区基础设施完善和居民生活质量提升。
新沃罗涅日核电站位于顿河岸边，距沃罗涅日以南约45公里，是俄罗斯首座采用VVER型反应堆的核电站，也是沃罗涅日州重要电力供应来源。该厂址累计建设并投运7台VVER机组，目前有4台机组处于运行状态。其中，3号机组为VVER-440机型原型机组，5号机组为VVER-1000机型原型机组，6号机组为VVER-1200机型原型机组。
该核电站1至5号机组分别于1964年、1969年、1971年、1972年和1980年投运。1号、2号、3号机组已分别于1984年、1990年和2016年停运;4号机组经现代化改造后，于2018年12月获准延长运行期。2007年起，该厂址建设两台三代+机组，即6号和7号机组，均采用“AES-2006”项目方案。6号机组于2017年2月投入商业运行，7号机组于2019年10月投入运行。",full,,dom_or_structured_full_text,https://www.cinie.net/article/61166.html,中国核电信息网-国际,核电,国际核电,2026-08-18T22:51:28+00:00,零碳产业 > 能量循环 > 能源测 > 发电技术 > 核电,零碳产业,核电,"[{""path"":[""零碳产业"",""能量循环"",""能源测"",""发电技术"",""核电""],""path_text"":""零碳产业 > 能量循环 > 能源测 > 发电技术 > 核电"",""confidence"":0.88,""reason"":""会议围绕新沃罗涅日核电站及VVER-1200机组展开，核心对象是核电产业""}]",classified,2026-08-18T23:02:35.619353+00:00,glm-5.2,2026-08-14,
日本多地要求核电运营商强化安全管理与信息公开,2026-08-18,"日本多地要求核电运营商强化安全管理与信息公开
8月17日，东京电力公司 (TEPCO) 新任董事长横尾圭介到访新潟县政府，并与新潟县知事花角英世会面。横尾圭介今年6月就任，是东京电力公司首位来自金融机构的董事长。此次会面被视为东京电力公司新管理层正式启动后，与地方政府就核电安全和信任重建进行沟通的一项安排。
横尾圭介表示，作为福岛第一核电站事故的责任方，东京电力公司将始终铭记“安全没有终点”，持续提升核电站安全水平。他同时表达了确保柏崎刈羽核电站安全运行的意愿。
花角英世在会见中提到，柏崎刈羽核电站近期仍发生过涉及核材料保护的不当事件，希望东京电力公司以更加谨慎的态度开展工作。今年2月，柏崎刈羽核电站6号机组和7号机组一名工作人员被发现不当使用本人通行卡，使一名忘记携带通行卡的同事通过闸门。
对此，横尾圭介表示，公司高度重视近期与核材料保护有关的不当事件，将加强指导和监督，防止类似问题再次发生，并持续推进改进。对于东京电力公司正在研究引入外部资本、重组经营体制一事，他表示，这不会改变公司运营核电站的方式，也不会改变与地方社区共处的基本方针。
同日，鹿儿岛市召开川内核电站核安全措施联络会议。九州电力公司 (Kyushu Electric Power) 、日本原子力规制委员会 (NRA) 及川内核电站周边地方政府代表参加会议。此次会议是上月28日熊本地震后首次举行的相关会议。
熊本地震发生时，鹿儿岛县萨摩川内市观测到震度5强。九州电力公司在会上说明，川内核电站1号机组和2号机组均保持正常运行，电站设备未发现异常。九州电力公司常务执行董事、核电事业部部长筱原正道表示，公司已对包括重要安全功能在内的相关部位进行检查，未发现问题。
萨摩川内市市长田中良二要求九州电力公司彻底落实川内核电站安全运行管理，包括地震应对措施，并向市民作出充分说明。他同时要求日本政府对电力公司实施严格审查、监督和指导。
九州电力公司表示，将继续推进设备检查、操作规程落实等安全措施，稳步开展相关工作，以取得当地居民更多信任。",full,,trafilatura_full_text,https://www.cinie.net/article/61107.html,中国核电信息网-国际,核电,国际核电,2026-08-18T22:51:30+00:00,公共政策与社会治理 > 政策法规 > 监管、标准与合规,公共政策与社会治理,监管、标准与合规,"[{""path"":[""公共政策与社会治理"",""政策法规"",""监管、标准与合规""],""path_text"":""公共政策与社会治理 > 政策法规 > 监管、标准与合规"",""confidence"":0.85,""reason"":""核心事件是地方政府要求核电运营商强化安全管理、信息公开与监管监督""},{""path"":[""零碳产业"",""能量循环"",""能源测"",""发电技术"",""核电""],""path_text"":""零碳产业 > 能量循环 > 能源测 > 发电技术 > 核电"",""confidence"":0.75,""reason"":""事件涉及柏崎刈羽、川内等核电站的安全运行与审查""}]",classified,2026-08-18T23:02:35.619353+00:00,glm-5.2,2026-08-14,
国家清洁能源产业高地光热技术创新中心揭牌--中国能源新闻网,2026-08-18,"国家清洁能源产业高地光热技术创新中心揭牌--中国能源新闻网
中国能源传媒集团
中电传媒股份有限公司主办
能源中国IOS版
国家清洁能源产业高地光热技术创新中心揭牌
记者8月14日获悉，2026青海清洁能源发展论坛日前在青海西宁举行。论坛期间，青海省委副书记、省长罗东川，中国电力企业联合会党委书记、常务副理事长杨昆共同为国家清洁能源产业高地光热技术创新中心揭牌。该技术创新中心的组建，填补了青海省光热领域科技创新平台的空白，未来将完善共性技术攻关、中试验证、检测认证等产业创新配套功能。
今年6月底，国家清洁能源产业高地光热技术创新中心经青海省科学技术厅正式批复组建，由中广核（青海）新能源投资有限公司牵头，联合常州龙腾光热科技股份有限公司、浙江可胜技术股份有限公司、中国电建集团中南勘测设计研究院有限公司等6家产业链核心单位协同共建，建设周期为3年。
青海省科学技术厅高新技术处相关负责人表示，该技术创新中心将聚焦高端精密轴承、高温熔盐泵密封、极端环境防腐涂层等领域的“卡脖子”技术，推进核心装备国产化与高海拔场景适配；依托察尔汗盐湖资源打造高温熔盐材料本土产业链，支撑千万千瓦级清洁能源大基地建设。
据悉，该技术创新中心将以龙头企业为纽带，整合装备制造、勘察设计、科学研究等全链条资源，打通“研发—中试—转化—产业化”全路径，提升产业整体创新能级，并立足高海拔极端工况与盐湖资源禀赋，打造差异化技术竞争力，强化青海省在全国光热产业的引领地位，支撑“中国光热之都”建设。（张添福）
学习贯彻四中全会精神
“十四五”能源高质量发展
我国氢能产业取得积极进展 可再生氢产能不断扩增
甘肃新能源装机占比超过65%
重庆：风光发电装机容量突破1000万千瓦
热销海外 我国两轮电动车精准适配用户刚需
新能源汽车迎来两个“首次”突破，怎么看
全国建成在建可再生能源制氢产能规模超140万吨／年
新能源汽车反向放电，伤电池吗？
7月中国乘用车出口量同比增87.8%",full,,dom_or_structured_full_text,https://cpnn.com.cn/news/xny/202608/t20260818_1909226.html,中国电力新闻网-新能源,综合新能源,新能源,2026-08-18T22:51:58+00:00,零碳产业 > 能量循环 > 能源测 > 发电技术 > 光热,零碳产业,光热,"[{""path"":[""零碳产业"",""能量循环"",""能源测"",""发电技术"",""光热""],""path_text"":""零碳产业 > 能量循环 > 能源测 > 发电技术 > 光热"",""confidence"":0.9,""reason"":""核心事件是国家光热技术创新中心揭牌，聚焦光热技术与熔盐产业链""}]",classified,2026-08-18T23:02:35.619353+00:00,glm-5.2,2026-08-14,
微创开采！“国铀一号”采铀不伤草场--中国能源新闻网,2026-08-18,"微创开采！“国铀一号”采铀不伤草场--中国能源新闻网
中国能源传媒集团
中电传媒股份有限公司主办
能源中国IOS版
微创开采！“国铀一号”采铀不伤草场
盛夏的鄂尔多斯高原，绿草铺展、云阔风清，草原生态静谧盎然。与传统矿山机器轰鸣、土方裸露的刻板印象截然不同，在这片广袤草原之上，没有高耸的井架和轰鸣的矿车，一座隐匿于绿野之间的现代化天然铀产能基地悄然运转。作为我国规模最大、技术最先进的天然铀示范项目，中国核工业集团有限公司（以下简称“中核集团”）“国铀一号”示范工程，以开创性技术、绿色开发模式、智能化生产体系，破解了我国砂岩型铀资源开发难题，为国家核电产业高质量发展、能源安全自主可控、能源绿色低碳转型提供了核心资源支撑。
近日，由中央网信办网络社会工作局和国家能源局综合司主办的“高质量发展能源行”活动走进“国铀一号”，近距离探访这座“隐形矿山”背后的技术革新、生态密码与产业价值，窥见我国天然铀资源自主保障的全新发展图景。
突破技术壁垒：从资源“难以利用”到核电“自主口粮”
天然铀是核电产业的核心基础原料，被誉为核电的“口粮”，直接决定核电产业的发展安全与保障能力。当前，我国核电在建、在运装机规模稳居全球首位，按照国家能源发展战略布局，2030年我国核电装机将达1.1亿千瓦，随着“双碳”目标持续推进，2040年、2060年核电装机规模将持续大幅攀升，国内天然铀资源的稳定、高效、自主供给，已然成为保障国家能源安全落地的关键一环。
我国鄂尔多斯盆地集聚众多铀资源，但受复杂地质条件、煤铀资源叠置等因素制约，铀资源长期处于“沉睡状态”，无法实现规模化、经济性开发，一度成为制约我国天然铀产能提升的痛点难题。
打破技术垄断、攻克行业难关，是保障核燃料自主可控的必答题。历经数十年持续科研攻关，作为中核集团旗下天然铀保障供应企业，中国铀业股份有限公司（以下简称“中国铀业”）成功自主研发第三代CO2+O2地浸采铀成套核心技术，彻底盘活了原本“难以开采”的低效铀资源，让废弃资源转化为保障核电发展的“粮仓”。
2024年7月，“国铀一号”示范工程正式开工建设，仅用一年时间便实现产品顺利下线，彰显了中国铀业的技术实力与建设能力。不同于传统矿山爆破掘进、剥离开挖、地表提矿的粗放模式，该技术开创了地下“微创开采”新模式。
深耕南北铀矿山、拥有丰富一线从业经验的中核内蒙古矿业有限公司党委副书记、总经理李从飞在采访中介绍，“‘国铀一号’重构了传统采铀工艺体系，项目无须爆破掘进、无须整体开采搬运矿石，仅通过预设钻孔，将配比精准、溶有二氧化碳与氧气的近中性水溶液注入地下矿层，使其与地层中的铀元素充分发生化学反应，再将富集铀元素的溶液抽取至地表即完成提纯富集。”
这套完全自主可控、拥有自主知识产权的核心技术，系统性攻克了复杂砂岩型铀资源开采的世界性难题，关键技术指标全面跻身国际先进水平，为我国低品位、复杂地质铀资源规模化开发提供了标准化、可复制的技术方案，真正将核电发展的“资源饭碗”牢牢端在自己手中。
重塑开发范式：从“矿上见矿”到“采铀不见矿”
在能源开发与生态保护的辩证命题中，传统矿业开发往往难以规避植被破坏、渣土堆积、生态扰动等问题。而“国铀一号”示范工程以全链条绿色开发理念，重构了铀矿开采的生态范式，实现了“开发不破坏、采矿不见矿、产绿两相融”的全新格局。
项目开采全程依托地下闭环工艺，地表无大面积开挖、无废渣堆积、无生态破损，零星排布的钻孔设施与草原地貌自然融合，彻底颠覆了大众对矿山开发的固有认知。谈及项目带来的真实改变，当地老牧民贺文义有着最直观的体会。
“以前最怕开矿破坏草场，牛羊没有放牧的地方，我们世代赖以生活的草原生态也会受损。”老牧民贺文义坦言了曾经的担忧，而“国铀一号”的开发模式彻底打消了他的顾虑，“现在只在地面打几个小孔，周边的草场、林木、生态环境丝毫不受影响，放牧、生活一切照旧，真正做到了采矿不抢草场、发展不扰民生。”朴实的话语，道出了能源项目与地方生态、民生和谐共生的真实图景。
绿色发展贯穿项目设计、建设、生产全生命周期。据了解，“国铀一号”采用闭环循环工艺，溶浸液全程封闭复用，实现“三废零排放、生态无破坏”。一线员工苗乐介绍道：“更具创新价值的是，项目利用二氧化碳作为采铀介质，将温室气体转化为生产原料，实现了固碳减排与资源开发的双向赋能。”
“项目每年固碳效益相当于栽种300万棵成年树木，既是开发地下资源的产业工程，也是守护草原绿水青山的生态工程。”“国铀一号”示范工程现场指挥部副总指挥李光辉表示，项目始终坚守“开发资源、保护生态”的底线，在保障能源安全的同时，持续筑牢北方草原生态屏障。
“国铀一号”和周边草场。
针对鄂尔多斯盆地煤铀资源上下叠置、开采相互制约的行业难题，项目创新探索跨央企协同开发模式。在国家能源局统筹布局下，中核集团联合国家能源集团，通过水力帷幕地浸流场再造、地下核素迁移控制等专项技术，实现煤铀矿层开采扰动有效隔离，创新形成“先铀后煤、时空错开”的开发路径，既保护了稀缺铀矿资源，又盘活了存量煤炭产能，实现两大能源资源高效统筹、同步开发，为全国多矿叠置区域资源协同开发提供了标杆范式。
赋能产业升级：从“人工值守”到“智能管控”
传统地浸铀矿开采高度依赖人工，存在值守人员多、作业强度大、管控精度低、误差风险高、运维效率低等短板，传统生产模式早已无法适配现代化能源产业高质量发展的需求。“国铀一号”以数字化、智能化技术为赋能抓手，完成了传统采冶模式的全新升级。
走进项目智能管控中心，大数据屏幕实时更新地下数百米矿层运行状态、管网参数、反应数据，工作人员通过远程操控即可完成数千个钻孔参数调节、溶浸液精准配比与流向调控，实现全流程自动化、智能化、精准化管控，彻底告别了传统矿山“人海战术”的作业模式。
智能化升级的背后，是一线技术人员日复一日的坚守与攻坚。青年员工崔博回忆起项目智能化调试、管网巡检的攻坚岁月，依旧感触深刻。“无论盛夏酷暑、烈日炎炎，还是隆冬腊月、寒风刺骨，我们常年穿梭在纵横交错的管网之间，对照施工图纸逐段排查管线、核对阀门参数、推演海量运行数据，只为精准捕捉每一处细微隐患，保障系统稳定运行。”
依托大数据、远程集控、智能分析等前沿技术，“国铀一号”构建起“赋存资源可视化、运行分析智能化、资源开采精准化”的新型采冶体系，是我国第三代地浸采铀技术与数字技术深度融合的标杆成果，沉淀了三十年铀矿采冶技术创新的实践经验，也将推动我国地浸铀矿山开启“千里之外、穿透末端、高效协同”新局面。
对于未来产业布局，中国铀业党委委员、副总经理唐大伟表示，“国铀一号”成熟的技术体系与开发模式，将全面推广应用于鄂尔多斯、松辽、二连、伊犁等北方重点盆地铀资源开发，规模化释放天然铀产能，搭建全国现代化天然铀大基地格局，持续夯实我国核电产业资源保障能力。
能源安全是国家安全的重要基石，天然铀自主可控是中国核电行稳致远的根本保障。从攻克世界级技术难题、盘活沉睡战略资源，到探索矿地共生、绿产共赢的绿色模式，再到数字化赋能传统矿业转型升级，“国铀一号”示范工程以技术创新破局、以绿色发展立身、以智能转型提质。这座藏于草原之间的“隐形矿山”，不仅为中国核电发展装上了稳定可靠的“铀资源引擎”，更以产业实践作答了能源开发与生态保护协同共生、战略资源自主可控、传统矿业绿色智能升级的时代命题，为我国能源高质量发展书写了硬核的中核方案。（乐明浩 虞航 韩杨琴 曾繁钢）
学习贯彻四中全会精神
“十四五”能源高质量发展
太钢造“低温铠甲”赋能国产LNG船
混合能源系统有望在AI数据中心大显身手
动力电池回收利用驶入新阶段
给钙钛矿“抛光上漆” 太阳能电池也可兼得“高效”与“长寿”
圆满收官！燃料电池汽车示范这四年的硬核实践经验
新一代“人造太阳”来了 千亿级聚变能产业蓄势待发
虚拟电厂：“建起来”更要“用起来”
中俄最大核能合作项目！核心工序启动",full,,dom_or_structured_full_text,https://cpnn.com.cn/news/kj/202608/t20260818_1909318.html,中国电力新闻网-科技,综合科技,能源科技,2026-08-18T22:52:32+00:00,零碳产业 > 物质循环 > 资源处理 > 开采技术,零碳产业,开采技术,"[{""path"":[""零碳产业"",""物质循环"",""资源处理"",""开采技术""],""path_text"":""零碳产业 > 物质循环 > 资源处理 > 开采技术"",""confidence"":0.9,""reason"":""核心是CO2+O2地浸采铀微创开采技术与绿色智能矿山模式""}]",classified,2026-08-18T23:02:35.619353+00:00,glm-5.2,2026-08-14,
太钢造“低温铠甲”赋能国产LNG船--中国能源新闻网,2026-08-18,"太钢造“低温铠甲”赋能国产LNG船--中国能源新闻网
中国能源传媒集团
中电传媒股份有限公司主办
能源中国IOS版
太钢造“低温铠甲”赋能国产LNG船
日前，在大连船舶重工集团有限公司船坞内，一艘17.5万立方米级LNG运输船正在建造，银光闪闪的特种钢板被精准焊接。现场技术人员称，“建造LNG运输船的钢材，既要承受船体结构的巨大载荷，又要经受零下163摄氏度的极寒考验。中国宝武太钢集团（以下简称‘太钢’）研制的高端超低温不锈钢已批量应用于该船核心低温结构与围护系统。”太钢自主研发的MARK-Ⅲ型LNG船薄膜围护系统专用不锈钢，填补了国内高端船用特种钢材的技术空白，这款“低温铠甲”为国产LNG船提供硬核科技支撑。
LNG即液化天然气，需在零下162℃至零下163℃的超低温下维持液态，体积缩小约600倍后才能跨洋运输。LNG船被誉为造船业“皇冠上的明珠”之一，其货舱长期承受极低温与近200℃的舱内外温差，还要抵御航行中风浪引发的液体晃荡冲击。普通船用碳钢在此工况下会失去韧性，变得像玻璃一样脆，且热胀冷缩会直接撕裂焊缝。因此，LNG运输船液货舱必须使用具备优异低温韧性、抗疲劳、耐腐蚀性能的特种钢材。
据悉，薄膜型LNG船是全球大型LNG船的主流技术路线之一，其货舱最内液货舱层为直接接触零下163℃液态天然气的内衬薄膜。“液货舱需长期承受零下163℃的超低温考验，这对特种钢材的韧性和焊接性能构成极大挑战。”太钢技术中心新能源用不锈钢主任研发师李阳坦言，长期以来，LNG运输船货舱内衬核心材料依赖进口，技术壁垒高、供货周期长、价格波动大，是我国LNG船产业自主可控的关键环节。
图为海上航行的LNG运输船。
面对这一难题，太钢作为中国不锈钢行业领军企业，聚焦国家战略需求，发挥不锈钢全产业链优势，集中研发力量开展技术攻坚。经过无数次试验与实船验证，太钢攻克了LNG运输船货舱内衬核心材料所用高端超低温不锈钢，成功通过法国GTT权威认证，成为国内首家、全球第三家掌握该核心材料量产技术的企业，填补了国内技术空白。
太钢研制的这款MARK-Ⅲ型LNG船薄膜围护系统专用不锈钢，是厚度仅1.2毫米的低温不锈钢波纹板，属于特制奥氏体不锈钢，拥有独特的面心立方晶体结构，使其在极低温下仍保持稳定韧性，避免低温脆断。李阳介绍，这款高端超低温不锈钢在配方中，铬元素形成致密钝化防护膜，抵御超低温介质与海上湿气的腐蚀；镍元素稳定钢材内部晶体组织，确保材料历经数百次冷热循环后性能不衰减。针对不锈钢热膨胀系数偏高的短板，太钢研发团队创新优化结构设计，将超薄钢板轧制成波纹褶皱造型，通过褶皱自主拉伸收缩抵消温差形变，无需增设复杂缓冲结构，提升了舱体结构的稳定性与耐久性。
太钢造LNG运输船MARK-Ⅲ型薄膜围护系统。
据介绍，太钢此次供货的MARK-Ⅲ型薄膜围护系统带来显著效益。数据显示，采购成本降低20%以上，交付效率提升超60%，核心性能指标对标进口水准，打破国外价格壁垒与供应瓶颈。太钢技术中心主任张威表示，太钢MARK-Ⅲ型低温波纹不锈钢适配大型LNG运输船规模化建造，再加上宝武特冶研发的殷瓦合金依托近乎零热膨胀的独特性能，适配跨洋远航、极地航行及超大型LNG船建造需求，我国LNG船两大主流技术路线核心材料均实现自主可控，这两套国产核心材料体系互补赋能，补齐了我国LNG船高端特种钢材的产业短板。
从技术攻坚、工艺优化，到实船应用、批量供货，太钢造“低温铠甲”，正为中国高端LNG船产业挺起坚实的钢铁脊梁，这也是中国钢铁行业转型升级、高端制造自主自强的缩影，更是我国船舶工业从技术“跟跑”向全球“并跑”跨越的见证。
学习贯彻四中全会精神
“十四五”能源高质量发展
混合能源系统有望在AI数据中心大显身手
动力电池回收利用驶入新阶段
给钙钛矿“抛光上漆” 太阳能电池也可兼得“高效”与“长寿”
圆满收官！燃料电池汽车示范这四年的硬核实践经验
新一代“人造太阳”来了 千亿级聚变能产业蓄势待发
虚拟电厂：“建起来”更要“用起来”
中俄最大核能合作项目！核心工序启动
自主研制！这一核心铸件一次性通过验收，正式交付",full,,dom_or_structured_full_text,https://cpnn.com.cn/news/kj/202608/t20260818_1909225.html,中国电力新闻网-科技,综合科技,能源科技,2026-08-18T22:52:34+00:00,零碳产业 > 物质循环 > 无机物 > 黑色金属 > 钢铁,零碳产业,钢铁,"[{""path"":[""零碳产业"",""物质循环"",""无机物"",""黑色金属"",""钢铁""],""path_text"":""零碳产业 > 物质循环 > 无机物 > 黑色金属 > 钢铁"",""confidence"":0.88,""reason"":""核心是太钢研制LNG船用高端超低温不锈钢并实现批量供货""},{""path"":[""通用技术"",""材料工程"",""耐腐蚀材料""],""path_text"":""通用技术 > 材料工程 > 耐腐蚀材料"",""confidence"":0.7,""reason"":""该特种钢材以低温韧性和耐腐蚀性能为关键特征""}]",classified,2026-08-18T23:02:35.619353+00:00,glm-5.2,2026-08-14,
混合能源系统有望在AI数据中心大显身手--中国能源新闻网,2026-08-18,"混合能源系统有望在AI数据中心大显身手--中国能源新闻网
中国能源传媒集团
中电传媒股份有限公司主办
能源中国IOS版
混合能源系统有望在AI数据中心大显身手
德国卡尔斯鲁厄理工学院携手美国斯坦福大学科学家，开发出一款混合能源系统。该系统集光伏发电、太阳能热技术与被动式日间辐射冷却（PDRC）技术于一体，可同时提供冷却、发电及加热功能，有望在能源密集型应用领域大显身手，尤其是需要大量电力和冷却的人工智能（AI）数据中心。相关论文发表于最新一期《电池报告物理科学》杂志。
能同时发电、供暖和制冷的混合式能量采集器原型。图片来源：德国卡尔斯鲁厄理工学院
太阳能电池板负责发电，太阳能集热器提供热量，而冷却通常依赖消耗电力的空调系统，于是这三种设备不得不在建筑的屋顶、外墙等有限空间里争夺地盘。团队希望屋顶和外墙能成为“活”的能源表面，同时承担电力、供暖和制冷三重使命，他们的混合能源系统让这一设想变成现实。
这项研究建立在团队此前工作的基础上。2024年，他们曾开发出一种透明材料，在透射日光的同时，还能被动冷却建筑物。基于这一概念，团队将辐射冷却与太阳能收集组件融为一体，把单一表面转化为多功能能源系统。
系统的核心是一层透明发射器，由涂覆硅酮聚合物聚二甲基硅氧烷的二氧化硅基板构成。这层“透明外衣”既能让阳光畅行无阻，又能以红外辐射的形式将热量悄然送出。透明冷却层之下，菲涅耳透镜将透射的阳光汇聚到紧凑的光伏集热器上，电力与热量便在此同时产生。
在室外实验中，这款混合能源系统原型的冷却温度比环境低6.5℃，电功率密度达60.6瓦/平方米，加热温度高达110.8℃。
这项研究证明，一个系统可以同时演绎“冰火两重天”——一边收集太阳能和热量，一边实现冷却功能。接下来，他们计划进一步提升该原型光学设计、热管理和太阳能电池等组件的性能。（刘霞）
学习贯彻四中全会精神
“十四五”能源高质量发展
给钙钛矿“抛光上漆” 太阳能电池也可兼得“高效”与“长寿”
圆满收官！燃料电池汽车示范这四年的硬核实践经验
新一代“人造太阳”来了 千亿级聚变能产业蓄势待发
虚拟电厂：“建起来”更要“用起来”
中俄最大核能合作项目！核心工序启动
自主研制！这一核心铸件一次性通过验收，正式交付
世界最大！180公里“水下巨龙”全线贯通
世界最大冲击式水电机组装上“动力心脏”，向投产冲刺",full,,dom_or_structured_full_text,https://cpnn.com.cn/news/kj/202608/t20260818_1909218.html,中国电力新闻网-科技,综合科技,能源科技,2026-08-18T22:52:35+00:00,零碳产业 > 能量循环 > 能源测 > 发电技术 > 光伏,零碳产业,光伏,"[{""path"":[""零碳产业"",""能量循环"",""能源测"",""发电技术"",""光伏""],""path_text"":""零碳产业 > 能量循环 > 能源测 > 发电技术 > 光伏"",""confidence"":0.85,""reason"":""核心是集成光伏发电、太阳能集热与辐射冷却的混合能源系统研发。""},{""path"":[""AI与智能科技"",""AI硬件层"",""数据中心""],""path_text"":""AI与智能科技 > AI硬件层 > 数据中心"",""confidence"":0.7,""reason"":""该系统面向AI数据中心的供电与冷却需求这一应用场景。""}]",classified,2026-08-18T23:02:42.057968+00:00,glm-5.2,2026-08-14,
动力电池回收利用驶入新阶段--中国能源新闻网,2026-08-18,"动力电池回收利用驶入新阶段--中国能源新闻网
中国能源传媒集团
中电传媒股份有限公司主办
能源中国IOS版
动力电池回收利用驶入新阶段
回收利用好新能源汽车废旧动力电池，是构建循环经济体系的重要一环，对于保障资源安全、推动绿色低碳发展、减少环境污染具有重要意义。
近日，工信部发布《关于废止和修订新能源汽车废旧动力电池“梯次利用”相关政策标准以及规范有关行业活动的公告》，既废止了《新能源汽车废旧动力电池综合利用行业规范条件（2024年本）》中“梯次利用”有关条款，也提出不再开展“梯次利用”企业公告管理，并将100家已公告的“梯次利用”企业移出名单。
所谓“梯次利用”，是指将废旧动力电池经检测、分类、拆分、重组等工序，制成电池产品并用于通信基站备用电源、储能等对性能要求相对较低的场景，最大化挖掘退役动力电池剩余价值，避免直接拆解造成的资源浪费。
一个本意是“变废为宝”的绿色概念，为何最终被政策彻底叫停？原因在于，废旧动力电池在“服役”的过程中经历了复杂工况下的考验，普遍存在一致性差、余能各异等问题。若仅作简单拆解和重组，缺乏严格的质量控制流程，生产的电池产品容易因过充、短路、挤压等情况引发热失控，带来安全隐患。
同时，还有部分企业借“梯次利用”之名，行生产不合格电池产品之实。长期以来，“梯次利用”这个标签在某种程度上被市场模糊理解，好像这类产品因为是“二手”的，就可以在性能和安全上打折扣。一些企业借机将未经充分检测、简单翻新的电池以“梯次利用”名义推向市场，用于电动自行车等明令禁止使用的领域，导致安全事故频发。有数据显示，全品类电动自行车火灾中约33%由非法改装电池引发，而这些改装起火电池中，约80%的电芯源自非法拆解、重组后的新能源汽车废旧动力电池。
此外，“梯次利用”和“再生利用”之间也存在矛盾。由于只需简单重组就能卖出，“梯次利用”企业在废旧动力电池回收中出价更高，导致大量动力电池流入“梯次利用”环节。而“白名单”上正规的“再生利用”企业普遍面临“吃不饱”的窘境，产能利用率长期在低位徘徊，大部分企业经营陷入亏损。
废旧动力电池含有锂、镍、钴、锰、铜等高价值金属材料，被称为移动的“城市矿山”。此次叫停“梯次利用”，并非否定废旧动力电池回收利用价值，而是不再把“梯次利用”当成一个特殊的、可以区别对待的产品类别。废旧动力电池做的产品必须和新品一样满足同样的质量和安全标准，承担同等的生产者责任。这让“合规成本高”的正规企业不再吃亏，有助于扭转“劣币驱逐良币”的现象。
回收利用好新能源汽车废旧动力电池，是构建循环经济体系的重要一环，对于保障资源安全、推动绿色低碳发展、减少环境污染具有重要意义。随着我国新能源汽车产业快速发展，动力电池退役量逐年攀升，单纯的物理搬运和拼接无法释放其价值。告别“梯次利用”概念套利，握稳安全方向盘，意味着我国动力电池回收行业正在驶入规范化再生利用新阶段。（杨忠阳）
学习贯彻四中全会精神
“十四五”能源高质量发展
给钙钛矿“抛光上漆” 太阳能电池也可兼得“高效”与“长寿”
圆满收官！燃料电池汽车示范这四年的硬核实践经验
新一代“人造太阳”来了 千亿级聚变能产业蓄势待发
虚拟电厂：“建起来”更要“用起来”
中俄最大核能合作项目！核心工序启动
自主研制！这一核心铸件一次性通过验收，正式交付
世界最大！180公里“水下巨龙”全线贯通
世界最大冲击式水电机组装上“动力心脏”，向投产冲刺",full,,dom_or_structured_full_text,https://cpnn.com.cn/news/kj/202608/t20260818_1909161.html,中国电力新闻网-科技,综合科技,能源科技,2026-08-18T22:52:37+00:00,零碳产业 > 物质循环 > 资源处理 > 资源回收,零碳产业,资源回收,"[{""path"":[""零碳产业"",""物质循环"",""资源处理"",""资源回收""],""path_text"":""零碳产业 > 物质循环 > 资源处理 > 资源回收"",""confidence"":0.9,""reason"":""核心事件是废旧动力电池回收利用政策的调整与规范化。""},{""path"":[""公共政策与社会治理"",""政策法规"",""监管、标准与合规""],""path_text"":""公共政策与社会治理 > 政策法规 > 监管、标准与合规"",""confidence"":0.75,""reason"":""工信部废止梯次利用条款并规范行业活动，属监管标准调整。""}]",classified,2026-08-18T23:02:42.057968+00:00,glm-5.2,2026-08-14,
科学网-四川发布1个关于常态化申报重大科技创新活动的通知,2026-08-18,"四川发布1个关于常态化申报重大科技创新活动的通知
四川省科学技术厅关于常态化申报重大科技创新活动的通知
省级有关部门，各市（州）科技局，相关单位：
根据《关于组织重大科技创新活动的工作方案》（川科普〔2026〕1号）要求，为支持国际性、全国性重大科技创新活动在川举办，促进学术繁荣、成果转化与产业升级，优化区域创新生态，面向全省常态化开展重大科技创新活动申报工作，现将有关事项通知如下。
申报主体须为在川依法注册、具有独立法人资格的科研机构、高等院校、学术团体、医疗机构、企业等创新主体（不含党政机关），且是活动主办或承办单位之一。
（一）高端学术交流活动。
聚焦全省科学技术优势赛道，开展的国际性、全国性重大科技创新活动。重点领域：
1.核科学与核技术应用、航空航天；
2.基础数学、有机化学、深空深地、光学、电磁场与微波、高分子材料、合成生物、细胞与基因治疗；
3.人工智能、第六代移动通信、量子科技、光电信息、生物医药和现代中医药、先进制造技术、先进材料技术、先进能源技术、高端装备技术、网络与信息安全技术、防灾减灾与应急安全技术、环境治理技术、生物育种和疫病防控技术、重大疾病防治与高原医学技术。
（二）科技成果对接活动。
聚焦四川产业发展实际需求，推动科技创新与产业创新深度融合，搭建技术交易、产学研协作、科创要素对接等服务活动，加速推动科技成果在川落地转化及产业化发展。
根据活动规模、影响、预计成效，按程序择优遴选后给予适当资金支持。支持额度最高不超过100万元。
（一）申报工作全过程在四川省科技管理信息系统（网址：http://202.61.89.120/）内完成，无需提交纸质材料。
（二）申报工作常态化开展，各单位在四川省科技管理信息系统中可随时填报。
（三）各单位需如实填报相关信息，同一单位同一领域科技创新活动，不得重复提交。
（四）提交活动立项批复复印件。对常年接续开展的连续性活动，同步附报上届活动经费决算资料。
（五）不受理涉密活动。
（一）申报身份获取。
申报企业管理员登录四川省科技管理信息系统（网址：http://202.61.89.120/），进行身份注册和实名认证，申报企业须完整、如实填写相关信息。已注册过的企业凭用户名和密码登录，并补充完善相关信息，审核通过后方可进行申报。
（二）申报单位填报。
申报材料由申报单位通过单位管理员账号登录四川省科技管理信息系统后在项目申报向导栏填报，并在系统内上传相关报表及盖章扫描文件后提交至推荐单位。推荐单位在申报单位身份注册时确定。申报单位的推荐单位一般为所在市（州）的科技行政主管部门（其中省属国企推荐单位为相应省级部门）。
六、联系人及联系方式
（一）业务咨询。
薛晓天028-86728905
张鸣洋028-86729925
（二）流程咨询。
杨欣028-86715358
四川省科学技术厅
特别声明：本文转载仅仅是出于传播信息的需要，并不意味着代表本网站观点或证实其内容的真实性；如其他媒体、网站或个人从本网站转载使用，须保留本网站注明的“来源”，并自负版权等法律责任；作者如果不希望被转载或者联系转载稿费等事宜，请与我们接洽。",full,,dom_or_structured_full_text,http://news.sciencenet.cn/htmlnews/2026/8/569991.shtm,科学网新闻,综合科技,科技新闻,2026-08-18T22:52:55+00:00,公共政策与社会治理 > 科教与人才 > 科研管理与学术活动,公共政策与社会治理,科研管理与学术活动,"[{""path"":[""公共政策与社会治理"",""科教与人才"",""科研管理与学术活动""],""path_text"":""公共政策与社会治理 > 科教与人才 > 科研管理与学术活动"",""confidence"":0.92,""reason"":""核心是重大科技创新活动申报与资金支持的管理通知。""}]",classified,2026-08-18T23:02:42.057968+00:00,glm-5.2,2026-08-14,
科学网-“非升即走”武大上岸后，他说：“我有另一套价值标准”,2026-08-18,"“非升即走”武大上岸后，他说：“我有另一套价值标准”
文｜《中国科学报》记者 孙滔
6月2日，“摩登语言学”微信公众号发布了一条特别公告：“因主理人3+3考核，暂停更新一个月。”
短短一句话，没有太多解释。熟悉这个账号的读者知道，背后的原因并不复杂。主理人杨旭正在经历高校青年教师职业生涯中最严酷的一关——“非升即走”的期末考，也即大多青年教师所面临的“3+3”聘期制考核：在第一个3年中表现特别优秀的，可提前拿到固定教职，其他人员进入下一个3年考察期；到了第6年，如果无法满足考核要求，将不予续聘。杨旭面临的，正是第二个3年考核期结束。
极大的压力直观地写在脸上。5月18日，当《中国科学报》记者在武汉大学见到这位1991年出生的文学院特聘副研究员时，他头发已经白了不少，脸上带着明显的疲态，胡茬也没来得及刮。
一个多月后的7月15日，早上8点54分，记者收到了杨旭发来的微信：“很幸运通过了武大的考核。”文字后面跟着一个憨笑的表情，跟他沉稳的山西人性格很搭。
就在同一天的早上7点14分，“摩登语言学”微信公众号恢复了推送。当天的头条标题是《为什么会把哈兰德的哈读成三声？》。
过去6年中，在淘汰机制的重压下，他绝大部分精力必须优先砸向论文与项目。考核结果出来后，他做的第一件事是恢复公众号更新。杨旭越来越觉得，AI越能生成语言，人们越需要知道语言究竟是怎么回事。
杨旭 受访者供图
在最需要发论文的时候
2021年“摩登语言学”诞生时，最初只是杨旭课堂的延伸。“摩登”自然是modern（现代）的意思。
在武大教授选修课《现代语言学》时，杨旭给学生布置的阅读书目大多偏向科普读物。不少学生读完后兴致很高，汇报效果出彩，他便萌生了将这些优质内容整理分享出来的想法。
在传统教学中，语言学常被视为一门冰冷晦涩的学科：复杂的语法规则、名词动词分析，以及乔姆斯基那令人头大的句法树，常常劝退不少学生。
杨旭打破了这种沉闷。前一天网上出现的热点事件，第二天可能就会出现在他的课件里。“不少原本完全没打算学语言学的学生，上完课主动选择了这个方向。”杨旭对此颇感自豪。
在他眼中，语言无处不在：
“为什么叫‘上厕所’，而不是‘下厕所’？”
“外国人名翻译，到底谁说了算？”
“粉笔字为什么越写越往上飘？”
李连杰对吴京说了一声“您”，也能被他灵敏捕捉，写出一篇解读人际交往潜台词的文章《李连杰一句“您”让吴京直冒汗》。
他很少干瘪地灌输“语言学是什么”，而是带着读者一起追问：我们为什么会这样说话？流行语背后的心理机制是什么？
截至目前，“摩登语言学”已积累了近10万粉丝，产出多篇“10万+”爆款，并频频被《青年文摘》、中国社会科学网等平台转载。但杨旭极少将自己定义为“科普博主”，他更愿意将此视为“参与语言文字的公共讨论”。
绕了一圈，回到语言
杨旭对语言的解构能力，源于他独特的跨学科背景。
他本科在西南政法大学主修国际经济与贸易专业，直到2014年考研时，才凭借对语言的炽热兴趣，跨考至四川外国语大学，并于2017年进入复旦大学攻读博士，聚焦于现代汉语、构式语法与社会语言学。
他从小就对语言、文字格外敏感和感兴趣，中小学阶段一心向往文学创作，但高考填报志愿时，大家都劝说要选“就业更实用”的专业，权衡之下最终填报了经济学。等到准备考研时，他就打定主意要转向语言文字相关专业。
“我特别喜欢海子和王小波的作品，但他们大学读的都不是文学，一个是法律，一个是商品学，大学教也都不是文学。”受此启发，杨旭避开了传统的文学路线，选择了理论工具更强、跨学科属性更明显的语言学。
经济学与复杂系统科学的熏陶，赋予了他看待语言的全新维度。在课堂上，他常拿亚当·斯密的“看不见的手”理论和复杂系统中的“涌现”理论来解释语言的诞生和演化：
“就像草坪上原本没有路，走的人多了，自然的捷径就‘涌现’了出来。远古人类从简单手势到复杂语言体系的形成也是如此，绝非上帝恩赐，或者仓颉闭门造字，而是亿万人日复一日互动磨合的自然产物。”
这种视角让他在面对近年来生成式AI的冲击时，表现出一种学者特有的冷静。
杨旭在课堂上。受访者供图
ChatGPT把语言学推到台前
“摩登语言学”的迅速破圈，恰好撞上了大语言模型爆发的时代风口。
2023年2月，ChatGPT刚爆火时，杨旭团队翻译了科幻作家姜峯楠发表于《纽约客》的名篇——《ChatGPT是网络上的一个模糊的JPEG文件》。这篇译文迅速全网走红，让公众号的关注度飙升。
借着这波热潮，杨旭顺势将公众号打造为语言学界讨论AI的前沿阵地。2024年3月，他还与国际著名语言学家罗仁地（Randy J. LaPolla）联合主编出版了《ChatGPT来了——语言科学如何看待ChatGPT》。
在杨旭看来，AI的兴起非但没有削弱语言学，反而将这门学科推到了聚光灯下：
“AI生成语言是取大众表达的‘最大公约数’，输出的往往是无差别的平均话术。但人类大脑能根据复杂语境自动切换措辞，这种隐性社交语言知识，以及文字背后承载的情绪与本土文化，是AI无法取代的盲区。”
AI追求概率上的平均表达，杨旭反而在寻找平均值之外的东西——人的个性、语境、文化和体验。
如今，杨旭每天要抽出1到2个小时投入公众号运营与创作中来。
“摩登语言学”公众号几乎每天更新，且不止一条原创内容，这样高频的更新，一样离不开AI的助力。只不过，选题策划等依旧要依靠人来把控，幸好杨旭有学生团队一起协作。他始终坚持由人来操盘，将AI作为高效辅助工具。
杨旭说，AI生成内容只依托概率逻辑，难以决定我们到底想要什么。写什么话题、以何种角度切入、具体如何组织行文、要传递怎样的价值观，全部都需要人提前敲定。除去核心构思环节，其余工作有AI辅助会顺畅很多。
手里拿着锤子，看什么都像钉子。深耕语言学之后，杨旭已经形成了职业惯性：日常刷新闻，总会下意识捕捉语言文字相关议题，琢磨能否从语言学视角解读，久而久之近乎成了“职业病”。
“我有另一套价值标准”
顺利通关“非升即走”后，杨旭对未来有着清晰的规划：科研、教学、传播，三者缺一不可。
在国内学术评价体系中，公共科普往往很难转化为硬性的绩效指标。尽管杨旭在答辩考核中提到了自己在科普领域的探索，但他坦言并不清楚这在评委心中占了多少权重。在国内，学者做科普大多只能依靠“理想主义”支撑。
他常常关注国外学者的生存状态——像史蒂芬-平克（Steven Pinker）这样的顶尖语言学家，既能发表专业学术论文，也乐于写通俗著作、接受媒体采访，甚至耐心地给普通读者回复邮件。
在杨旭看来，运营“摩登语言学”绝不是降低学术标准，而是学术影响力的自然延伸。
杨旭的核心动力来自读者的正向反馈。他经常看到读者评论说，居然有人专门研究说话、文字这些东西？他认为，大众对语言学既陌生又熟悉。人们天天说话，都是语言的熟练使用者，但绝大多数人根本不知道“语言学”是一门独立学科。这种陌生又熟悉的反差，是科普最好的切入点。
通过打赏和付费专栏，公众号已经能够实现收支平衡。对于刚刚迈过职业关口的杨旭而言，未来的学术之路更加宽广而且笃定。
正如他自己所言：“最专业的论文完全可以和最通俗的表达同时存在。”
对杨旭而言，通过“非升即走”考核并不是终点。考核结束后，他很快恢复了公众号的日更。
论文要写，课要上，公众号也会继续更新。在高校评价体系里，后者很难折算成论文、项目或奖项，但这些年做下来，他越来越确定一件事：学术论文和公共传播，并不是非此即彼的关系。
“我有另一套价值标准。”杨旭说。
特别声明：本文转载仅仅是出于传播信息的需要，并不意味着代表本网站观点或证实其内容的真实性；如其他媒体、网站或个人从本网站转载使用，须保留本网站注明的“来源”，并自负版权等法律责任；作者如果不希望被转载或者联系转载稿费等事宜，请与我们接洽。",full,,dom_or_structured_full_text,http://news.sciencenet.cn/htmlnews/2026/8/569990.shtm,科学网新闻,综合科技,科技新闻,2026-08-18T22:52:58+00:00,公共政策与社会治理 > 科教与人才 > 教育与人才发展,公共政策与社会治理,教育与人才发展,"[{""path"":[""公共政策与社会治理"",""科教与人才"",""教育与人才发展""],""path_text"":""公共政策与社会治理 > 科教与人才 > 教育与人才发展"",""confidence"":0.88,""reason"":""核心是高校青年教师非升即走考核与人才成长话题。""}]",classified,2026-08-18T23:02:42.057968+00:00,glm-5.2,2026-08-14,
科学网-河北智能电网国家科技重大专项开始申报,2026-08-18,"河北智能电网国家科技重大专项开始申报
河北省科学技术厅关于组织申报智能电网国家科技重大专项基础支撑自主化关键技术公开项目的通知
按照《国家能源局关于发布智能电网国家科技重大专项基础支撑自主化关键技术公开项目申报指南的通知》，省科技厅组织项目申报推荐工作。现将有关事项通知如下：
申报指南及补充说明内容，请登录国家科技管理信息系统公共服务平台（http://service.most.gov.cn，以下简称国科管系统），在“公开公示”—“申报指南”菜单栏中查看。
请项目牵头申报单位根据指南相关申报要求，通过国科管系统填写并一次性提交项目申报书。省科技厅作为推荐单位，通过国科管系统逐项确认推荐项目。
项目申报单位网上填报申报书受理时间：2026年8月10日8:00至2026年9月13日16:00。省科技厅将于2026年9月16日16:00前完成组织推荐。
1．国科管系统技术咨询电话及邮箱：
2．专项业务咨询电话：010-57305701。
3．省科技厅咨询电话：0311-85891822、85891895。
河北省科学技术厅
特别声明：本文转载仅仅是出于传播信息的需要，并不意味着代表本网站观点或证实其内容的真实性；如其他媒体、网站或个人从本网站转载使用，须保留本网站注明的“来源”，并自负版权等法律责任；作者如果不希望被转载或者联系转载稿费等事宜，请与我们接洽。",full,,dom_or_structured_full_text,http://news.sciencenet.cn/htmlnews/2026/8/569989.shtm,科学网新闻,综合科技,科技新闻,2026-08-18T22:53:00+00:00,公共政策与社会治理 > 科教与人才 > 科研管理与学术活动,公共政策与社会治理,科研管理与学术活动,"[{""path"":[""公共政策与社会治理"",""科教与人才"",""科研管理与学术活动""],""path_text"":""公共政策与社会治理 > 科教与人才 > 科研管理与学术活动"",""confidence"":0.9,""reason"":""核心是国家科技重大专项的申报组织与评审流程。""},{""path"":[""通用技术"",""通信和运输"",""电网技术"",""其它电网技术""],""path_text"":""通用技术 > 通信和运输 > 电网技术 > 其它电网技术"",""confidence"":0.7,""reason"":""专项明确指向智能电网基础支撑自主化关键技术。""}]",classified,2026-08-18T23:02:42.057968+00:00,glm-5.2,2026-08-14,
科学网-男子冒充“港中大客座教授”多年，校方声明与其不存在任何雇佣关系,2026-08-18,"男子冒充“港中大客座教授”多年，校方声明与其不存在任何雇佣关系
2026年8月13日，香港中文大学（以下简称“港中大”）于官网发布严正声明，回应媒体近日查询有关“张龙先生自称‘香港中文大学客座教授’”一事。
声明称，经查证，港中大并没有“张龙”作为该校职员的受聘纪录，校方与张龙先生不存在任何雇佣、教学或授权关系。任何以“香港中文大学客座教授”或类似名义作出的宣传、推广、合作或其他活动，均与学校无关。对于任何冒用港中大名义作出虚假陈述或损害学校声誉的行为，港中大保留追究法律责任的权利。
港媒报道指出，自称“知名青年文化学者”的张龙，此前声称在2023年获聘为“香港中文大学客座教授”，并有“聘书”照片流出。他也以此身份在社会上高调活动两年多。
网传张龙“香港中文大学客座教授聘书”
上述网传张龙的“香港中文大学客座教授聘书”的真实性也受到广泛质疑。比如，网传聘书中提到的聘任单位为“香港中文大学艺术学院”，并配有英文翻译“College of Arts”，而港中大官网公布的教学单位、研究单位等机构名单中，并不包括“香港中文大学艺术学院”或“College of Arts”。
此外，网传聘书中还存在简繁体汉字混用的情况，尽管多数文字使用繁体字，但署名处“校长”“校务长”中的“务”、“长”等字又使用了简体字。
特别声明：本文转载仅仅是出于传播信息的需要，并不意味着代表本网站观点或证实其内容的真实性；如其他媒体、网站或个人从本网站转载使用，须保留本网站注明的“来源”，并自负版权等法律责任；作者如果不希望被转载或者联系转载稿费等事宜，请与我们接洽。",full,,dom_or_structured_full_text,http://news.sciencenet.cn/htmlnews/2026/8/569988.shtm,科学网新闻,综合科技,科技新闻,2026-08-18T22:53:02+00:00,公共政策与社会治理 > 安全与治理 > 社会治理、伦理与隐私,公共政策与社会治理,社会治理、伦理与隐私,"[{""path"":[""公共政策与社会治理"",""安全与治理"",""社会治理、伦理与隐私""],""path_text"":""公共政策与社会治理 > 安全与治理 > 社会治理、伦理与隐私"",""confidence"":0.8,""reason"":""核心是冒充学者身份的虚假宣传与高校声誉治理问题。""}]",classified,2026-08-18T23:02:42.057968+00:00,glm-5.2,2026-08-14,
科学网-王虹、邓煜之后，如何更好回答“钱学森之问”,2026-08-18,"王虹、邓煜之后，如何更好回答“钱学森之问”
2005年，钱学森在与时任国务院总理温家宝的对话中，提出了著名的“钱学森之问”，指出国内“没有一所大学能按照培养科学技术发明创造人才的模式去办学，没有自己独特的创新的东西，老是‘冒’不出杰出人才。这是很大的问题”。
1998年百年校庆后，北京大学本科教育持续改革，核心目标就是促进更多创新人才从北大“冒”出来，或者说“涌现”出来。今年7月，北京大学2007级本科校友王虹、邓煜双双斩获菲尔兹奖，这可能意味着北大本科教育已初步把握教育规律，并“按照培养科学技术发明创造人才的模式去办学”。
教育实践外，北京大学仍需系统梳理近30年本科教育改革历程，在理论上对自身教育模式进行准确言说，从而牢牢把握住经验。这一点并不容易，需要教育研究者和北京大学各相关学院教师密切合作，结合王虹、邓煜以及其他科学家的传记，在理论层面对“钱学森之问”作出回答，进而对未来改革有所前瞻。
第一，转专业的本质及其把握。2007年入学后，2008年王虹从北京大学地球物理系转专业进入数学学院。在她之外，还有肖梁、丁剑、高紫阳等多位年轻数学家也是经由转专业进入数学学院的。转专业自由的本质就是与“通识教育”“博雅教育”紧密相连的“学习自由”。在逐步扩大转专业自由后，北京大学在2017年的改革更加彻底——规定学生申请转专业不再需要转出院系批准。目前，“转出无限制，转入有约束”要成为我国高校改革的潮流和方向，期待越来越多的高校把握这个规律。
第二，研究生教育尚需把握学习自由。王虹在巴黎综合理工学院硕士第一阶段学习期间产生过迷茫，学习自由成为她成长的关键。2023年11月，在一次采访中，王虹回忆了她研究生阶段的经历：“我觉得我一直挺迷茫的，以前也真的放弃过。就是我在法国时，有半年没有做数学去学建筑了，然后发现建筑也挺难的，后来又回来做数学……”
法国的这段经历表明，王虹在硕士阶段有充分的学习自由。比较而言，我国少有高校能为硕士阶段的学生提供这般的学习自由。
第三，转学是制度层面学习自由的关键表征和鲜明标识，是创新人才持续涌现的关键之一，也是当下教育强国建设亟待突破的关键。对此，北京大学数学学院先行探索的意义极大。
诺贝尔物理学奖获得者李政道的成长受益于转学制度。1943年，李政道进入浙江大学电机系，受著名物理学家束星北和王淦昌影响，刚开学就转入物理系，之后由浙江大学物理系转学进入西南联大物理系（北大学籍）。邓煜的成长也受益于转学制度，在北京大学本科学习两年后，他转学进入美国麻省理工学院。在李政道、杨振宁、屠呦呦、王虹、邓煜五位顶尖科学家中，就有两位直接受益于本科转学。
从历史上看，19世纪中叶到20世纪20年代，德国是世界科学中心。其高等教育系统的一个关键理念基础和制度基础就是本科生频繁而自由的转学。德国著名教育家包尔生在其著作《德国大学与大学学习》中写道，“德国大学的古老习俗是这样规定的：学生不应该只在一所大学接受大学教育，而是要连续在几所大学里学习”，“转学意味着一个人所处环境的性质发生巨大改变，甚至意味着他与过去的自己告别”。包尔生对当时德国大学的转学情况有所判断，认为大学转学之风盛行，学生在一所大学的平均时间减少到3个学期，甚至更少，相当多的学生特别是法学院学生，每个学期就要换一所大学。
如果把学生比作水，创新人才的“涌现”遵循着“水流”规律：流动促进异质重构、压力催生范式跃迁、偶然开辟涌现裂隙。转学促进的学缘异质性显著提升了知识重混概率，而持续留在一所大学的“本硕博”贯通培养恰恰制造了“学术死水”。当前，《普通高等学校学生管理规定》对转学限制过严，制度自我封死了学生的二次选择空间，也封死了创新人才持续涌现的一条关键通道，让学生难以跨越院校的鸿沟，进入最适合其自我发展的前沿平台。
当下，北京大学数学学院已确定是国内数学人才成长的高地和沃土。为此，通过转学机制动态吸纳其他高校优秀的本科二、三年级学生转学进入北京大学数学学院，进行1~2年的定向强化，快速引导其流动至新领域以及学科前沿，可以在数学基础学科领域促进更多“王虹”“邓煜”的涌现。此举是在尊重教育和人才成长规律的基础上，以非常规路径打破体制机制障碍，破除仅以高考表现裁定人才的“一考定终身”，增强制度的包容性与开放性，为有潜质的学生拓展多元、灵活的发展通道。时代背景下，自由转学也可适度放开，除北京大学外，战术上可选择新型研究型大学和港澳大学先行先试。“转学—流动”的人才加速方案将为促进数学学科之外的更多创新人才涌现注入新动力。",full,,dom_or_structured_full_text,http://news.sciencenet.cn/htmlnews/2026/8/569987.shtm,科学网新闻,综合科技,科技新闻,2026-08-18T22:53:04+00:00,公共政策与社会治理 > 科教与人才 > 教育与人才发展,公共政策与社会治理,教育与人才发展,"[{""path"":[""公共政策与社会治理"",""科教与人才"",""教育与人才发展""],""path_text"":""公共政策与社会治理 > 科教与人才 > 教育与人才发展"",""confidence"":0.95,""reason"":""核心是高校人才培养模式、转专业与转学制度改革，属教育人才发展议题。""}]",classified,2026-08-18T23:02:47.434224+00:00,glm-5.2,2026-08-14,
科学网-热带三大洋协同驱动华南极端降水研究获重要进展,2026-08-18,"热带三大洋协同驱动华南极端降水研究获重要进展
在国家重点研发计划、国家自然科学基金等项目资助下，中国科学院南海海洋研究所研究员王春在团队在热带三大洋协同驱动华南极端降水研究方面取得重要进展。相关成果近日发表于《通讯-地球与环境》（
Communications Earth & Environment
华南是我国暴雨和洪涝灾害高发地区，春季降水不仅关乎农业生产，也会影响后续汛期的洪涝风险。2024年4月，华南遭遇历史罕见的极端降水，造成严重的社会经济损失。以往研究表明，厄尔尼诺、印度洋和北大西洋海温异常均可影响华南春季降水，但大多聚焦于单一洋盆的作用。2024年春季，热带中东太平洋、西印度洋和北大西洋同时出现异常显著增暖，三大洋海温异常是否共同驱动了此次极端降水？不同海盆贡献有何差异？目前尚缺乏系统认识。
针对上述问题，研究团队利用全球降水、海表温度和大气再分析资料，分析了2024年4月华南极端降水的环流背景，并通过大气模式试验，分别评估了三大洋海温异常的影响及相对贡献。结果表明，2024年4月华南区域平均降水达到1979年以来最高值，部分地区累计雨量超过1000毫米，约为常年同期的5倍。西北太平洋副热带高压异常北抬，其北界较常年偏北约5°，达到1979年以来最北位置，大量暖湿水汽因此持续输送至华南。与此同时，鄂霍次克高压增强，推动冷空气南下。暖湿气流与冷空气在华南上空交汇，使大气层结更加不稳定，为持续性强降水创造了有利条件。
进一步分析发现，极端降水发生前，热带中东太平洋、西印度洋和北大西洋均出现了破纪录的海表增暖，其中印度洋和北大西洋的异常强度接近3个标准差。模式试验表明，三个海盆的增暖均可增强西北太平洋副热带高压及水汽输送，促进华南降水增加。其中，热带太平洋贡献最大，但印度洋和北大西洋的影响同样不可忽视；此外，印度洋和北大西洋增暖还可增强鄂霍次克高压，促进冷空气南下，进一步放大华南降水。研究表明，此次华南破纪录极端降水并非由单一洋盆驱动，而是热带中东太平洋、西印度洋和北大西洋异常增暖通过不同途径协同作用的结果。
论文第一作者、中国科学院南海海洋研究所研究员邢雯指出，该研究揭示了泛热带海洋增暖及海盆间相互作用在区域极端降水形成中的重要作用，为深入认识全球变暖背景下极端降水事件的形成机制，以及提升极端降水灾害的预测预警和风险防范能力提供了新的科学依据。
相关论文信息：https://doi.org/10.1038/s43247-026-03894-1",full,,dom_or_structured_full_text,http://news.sciencenet.cn/htmlnews/2026/8/569986.shtm,科学网新闻,综合科技,科技新闻,2026-08-18T22:53:06+00:00,基础科学与环境 > 地球与环境科学,基础科学与环境,地球与环境科学,"[{""path"":[""基础科学与环境"",""地球与环境科学""],""path_text"":""基础科学与环境 > 地球与环境科学"",""confidence"":0.95,""reason"":""研究热带三大洋海温异常协同驱动华南极端降水的机理，属海洋气候基础研究。""}]",classified,2026-08-18T23:02:47.434224+00:00,glm-5.2,2026-08-14,
科学网-黄色甜樱桃果实在光照下为何泛红晕,2026-08-18,"黄色甜樱桃果实在光照下为何泛红晕
近日，中国农业科学院郑州果树研究所樱桃种质改良团队在《植物杂志》（The Plant Journal）在线发表了研究论文。该研究通过全基因组重测序和比较转录组分析，在甜樱桃3号染色体上鉴定出一个关键转录因子PavMYB75L，其是调控黄底红晕型甜樱桃果实着色的核心因子。
黄色甜樱桃。中国农科院供图
甜樱桃（Prunus avium）是蔷薇科李属中极具经济价值的核果类果树，果实着色情况不仅是衡量成熟度和品质的关键外观指标，还直接影响消费者的购买意愿。
在甜樱桃果实颜色的红、黄、黄底红晕三种表型中，黄底红晕型表现出极为特殊的光响应着色特征：果实表皮仅在光感知区域积累花青素呈现红斑，而背光区保持固有黄色。这种由光照驱动的局部“上色”现象，其上游光信号传导机制，以及植物激素茉莉酸在该过程中的调控角色，目前仍缺乏深入的分子水平证据。
黄底红晕甜樱桃。中国农科院供图
研究揭示，PavMYB75L是调控黄底红晕型甜樱桃果实着色的核心因子，其蛋白稳定性受E3泛素连接酶PavCOP1在黑暗条件下的负向调节。在光照和茉莉酸信号诱导下，光响应因子PavHYH和茉莉酸响应转录因子PavMYC2可直接激活PavMYB75L的表达，且光信号因子PavPIF3能与两者互作以增强这种激活作用。
该研究不仅揭示了樱桃3号染色体89.61-kb缺失是黄色型樱桃形成的遗传基础，还为解析蔷薇科果实着色的复杂调控网络提供了基因资源和新视角。
中国农业科学院郑州果树研究所副研究员齐希梁、硕士研究生王满青和研究员刘丽锋为该文的共同第一作者。齐希梁和中国农业科学院郑州果树研究所研究员李明为共同通讯作者。该研究得到了中国农业科学院科技创新工程和果蔬园艺作物种质创新与利用全国重点实验室—中原中心“新翼”计划基金等项目的资助。
相关论文信息：https://doi.org/10.1111/tpj.71084",full,,dom_or_structured_full_text,http://news.sciencenet.cn/htmlnews/2026/8/569985.shtm,科学网新闻,综合科技,科技新闻,2026-08-18T22:53:08+00:00,生命科学与健康 > 生命科学 > 基础生命科学与遗传,生命科学与健康,基础生命科学与遗传,"[{""path"":[""生命科学与健康"",""生命科学"",""基础生命科学与遗传""],""path_text"":""生命科学与健康 > 生命科学 > 基础生命科学与遗传"",""confidence"":0.9,""reason"":""核心是鉴定调控甜樱桃果实着色的转录因子及光信号分子机制，属植物遗传基础研究。""}]",classified,2026-08-18T23:02:47.434224+00:00,glm-5.2,2026-08-14,
科学网-中蒙荒漠化防治合作中心举办COP17边会,2026-08-18,"中蒙荒漠化防治合作中心举办COP17边会
8月17日至18日，《联合国防治荒漠化公约》第十七次缔约方大会（COP17）在乌兰巴托举行期间，中蒙荒漠化防治合作中心携手北京林业大学，以“科学支撑蒙古高原生态恢复”和“共建绿色蒙古高原”为主题，成功举办两场边会。来自中蒙两国政府、中国驻蒙使馆、国际金融机构、国内外院所高校及企业界的近200名代表参会。
国家林草局荒漠化防治司副司长贾晓霞、中国驻蒙古国大使馆商务参赞刘志京等出席并致辞，教育部国际合作与交流司司长刘勇视频致辞，宁夏自治区林草局局长李永春、内蒙古自治区林草局副局长马强出席边会。北京林业大学副校长、中蒙中心常务副主任张志强代表主办方致辞，北京林业大学水土保持学院院长、中蒙中心执行副主任张守红主持边会。
贾晓霞在致辞中指出，中国通过实施“三北”工程等重大工程，不仅实现了联合国土地退化零增长目标，还探索形成了科学治沙和生态恢复模式。中国国家林草局高度重视中蒙中心建设，将其视为双边合作的重要平台，致力于为蒙古国“十亿棵树”计划提供坚实的科学支撑。
张志强表示，中蒙中心是落实两国元首关于荒漠化防治合作重要共识的关键平台，中方愿与蒙方分享中国“三北”工程等成功经验，科技支撑蒙古国“十亿棵树”计划，共同推动蒙古高原绿色发展。他强调，荒漠化防治不仅需要科研探索，更需要科研成果落地，把精彩论文写在大地上，既要回答“为什么治理”，更要系统解决“在哪里治理、用什么治理、怎样治理得更高质量、更可持续”。
中蒙荒漠化防治合作中心是由中蒙两国政府共同推动设立，是落实中蒙两国元首关于荒漠化防治合作重要共识、支持蒙古国“十亿棵树”计划的合作平台，由北京林业大学作为中方主体运营单位。目前，北京林业大学已与蒙古国环境与气候变化部、林业局等政府部门及高校、科研机构建立合作关系，援蒙技术培训与乌兰巴托、扎门乌德示范园区建设有序推进。",full,,dom_or_structured_full_text,http://news.sciencenet.cn/htmlnews/2026/8/569984.shtm,科学网新闻,综合科技,科技新闻,2026-08-18T22:53:10+00:00,生命科学与健康 > 生命科学 > 生物多样性与生态,生命科学与健康,生物多样性与生态,"[{""path"":[""生命科学与健康"",""生命科学"",""生物多样性与生态""],""path_text"":""生命科学与健康 > 生命科学 > 生物多样性与生态"",""confidence"":0.85,""reason"":""核心是荒漠化防治与蒙古高原生态恢复的国际合作，属生态保护议题。""}]",classified,2026-08-18T23:02:47.434224+00:00,glm-5.2,2026-08-14,
科学网-广州大学学子以金奖技术助粤北滞销茶叶变香饽饽,2026-08-18,"广州大学学子以金奖技术助粤北滞销茶叶变香饽饽
8月17日，记者从广州大学获悉，在第十五届“挑战杯”广东大学生创业计划竞赛河源“百千万工程”专项赛中，广州大学生命科学学院“茶脉鲜锋”突击队凭借“加压式干湿分离锁鲜瓶盖”专利及全套茶叶深加工工艺，荣获金奖。暑假期间，团队携自主研发技术，在三位农村科技特派员老师指导下，深入粤北山区，将科研成果精准对接茶农实际需求。
“茶脉鲜锋”突击队。广大宣供图，下同
河源市龙川县麻布岗镇拥有3000亩野猪嶂茶山，所产云雾茶品质优良，但夏秋茶长期面临“丰产不丰收”的困境。茶叶合作社负责人杨鸿铭反映，因山区供电不稳、柴油加工成本高出近三成，加之物流昂贵、线上渠道缺失，夏秋茶多贱卖或腐烂，连加工电费都难以收回。镇干部肖敬旺坦言，产业核心痛点在于夏秋茶产量大、品质好却年年积压。
为摸清症结，团队随特派员老师深入茶园，系统记录茶树长势与病虫害，检测土壤pH值和空气湿度；走访霍山矿泉水厂探讨“高山茶+本土山泉”联名可能，在百香果基地学习水肥管理，并挖掘当地客家文化元素，为自主品牌“源茗记”储备素材。
返回实验室后，团队围绕三大核心技术展开工艺优化：自主研发的微波萃取技术将茶多酚提取率提升至90.73%，生产能耗降低83.6%；低温喷雾干燥工艺可锁住62%天然茶香，制成的速溶茶粉冷热即溶，常温密封保质期达18个月，有效解决夏秋茶保鲜难题；国家专利“加压式干湿分离锁鲜瓶盖”实现茶水分离、即时冲泡，无需防腐剂，契合年轻消费场景。对比测试表明，以本地霍山矿泉水冲泡的茶粉，口感更顺滑、回甘更持久，地域优势转化为产品竞争力。
突击队成员在实验室开展工艺优化研究。
据测算，该技术落地后，预计每年可消化50吨滞销夏秋茶，茶叶整体利用率提升30%，带动全镇茶农户均年增收3000元，并创造30个本地稳定就业岗位。
该项目并非短期实践活动，而是广州大学生命科学学院与麻布岗镇的长期校地合作。学院派出江学斌、胡俊杰、胡位荣三位农村科技特派员，分别负责发酵工程中试放大、茶园土壤微生态管理和食品质量安全管控，形成“专家指导方向、本科生执行落地”的梯队模式。地方政府同步提供有力支撑：统筹3000亩连片茶园，联动6家标准化合作社保障原料供应；腾退农副产品加工工业园标准化厂房，给予税收减免和专项补贴；借助河惠莞高速交通便利，对接大湾区电商渠道，打通销售末端。
团队已制定明确推进时间表：暑期完成产业与文化调研，签订合作社意向收购协议；秋季在校优化工艺参数，完成包装及IP设计，面向师生和市民开展试饮调研；明年春茶季前正式推出“源茗记”品牌，推动麻布岗茶叶从“低价鲜叶”向“高附加值快消品”升级，破解“唯春茶盈利”的产业困局。
“源茗记”产品效果图。
当实验室的专利真的变成了茶农手里的收入，当荒废的夏秋茶真的变成了畅销的产品，这群年轻人的科创故事，才算真正写到了乡土深处。“挑战杯金奖只是起点，真正的赛场在田间地头、在百姓身边。”在今年广州大学暑期社会实践出征仪式上，队员郑泽桐的话成了整个团队的行动指南。",full,,dom_or_structured_full_text,http://news.sciencenet.cn/htmlnews/2026/8/569983.shtm,科学网新闻,综合科技,科技新闻,2026-08-18T22:53:12+00:00,零碳产业 > 物质循环 > 有机物（碳循环） > 有机工业 > 生物过程 > 农林,零碳产业,农林,"[{""path"":[""零碳产业"",""物质循环"",""有机物（碳循环）"",""有机工业"",""生物过程"",""农林""],""path_text"":""零碳产业 > 物质循环 > 有机物（碳循环） > 有机工业 > 生物过程 > 农林"",""confidence"":0.8,""reason"":""核心是茶叶深加工技术助力山区农业增值，属农业产业利用与乡村振兴。""}]",classified,2026-08-18T23:02:47.434224+00:00,glm-5.2,2026-08-14,
科学网-2026中美知名高校击剑邀请赛暨中美人文交流营举行,2026-08-18,"2026中美知名高校击剑邀请赛暨中美人文交流营举行
近日，由教育部中外人文交流中心与中山大学联合主办的“逸仙论剑——2026年中美知名高校击剑邀请赛暨中美人文交流营”活动在中山大学广州校区南校园举行。来自哈佛大学、斯坦福大学、耶鲁大学、哥伦比亚大学、普林斯顿大学、北京大学、清华大学、中山大学、北京体育大学等17所中美高校的100余名击剑队成员同场竞技，以剑会友。
比赛现场。中山大学供图
教育部中外人文交流中心主任于长学在致辞中指出，体育是跨越国界的语言，中美青年之间有着无限的交流可能，人文交流正是打破隔阂、凝聚共识的最佳路径。希望以本次活动为起点，让更多中美青年在竞技中学会尊重，在交流中收获友谊，在互鉴中共同成长。
中山大学党委副书记张琪表示，青年是中美人文交流的重要力量，中山大学致力于为中美青年常态化交流搭建平台。希望通过击剑比赛，让两国青年读懂彼此的文化基因，让体育人文成为心灵沟通的起点，让交流成为理解差异的窗口。
国际击剑联合会副主席、俄亥俄州立大学击剑队主教练唐纳德·安东尼表示，活动让两国青年相聚，并共同创造了新的珍贵记忆。他认为，营造积极友好的沟通环境、增进彼此理解，对于在中美青年之间建立长久联系具有重要意义。
据悉，击剑邀请赛设置了个人赛和团体赛项目，采用循环赛与淘汰赛相结合的赛制，其中，个人赛包括花剑、佩剑和重剑三个剑种，团体赛采用混编组队形式开展。经过两天紧张激烈的角逐，最终产生各项目冠、亚、季军。
比赛之外，中美高校师生还参观了中山大学校园、校史馆，了解百年中大的发展历程；漫步广州塔广场，欣赏城市夜景，感受岭南文化的深厚底蕴。通过体育竞技与文化体验相结合的方式，青年们在互动中了解彼此，在交流中收获新的连接。
颁奖晚会现场，中美高校师生代表分享交流活动感悟，大家一致认为，击剑不仅是一项竞技运动，更是一座连接青年、促进文化交流的桥梁。来自不同国家、不同文化背景的青年因共同热爱相聚，在切磋技艺、互动交流中增进理解、收获友谊。
现场还呈现了琵琶二重奏《三六》、弦乐四重奏《g小调弦乐四重奏“骑士”》、歌曲《新世界》等精彩节目。最后，中美高校击剑运动员带来大合唱《We Are The World》，将现场氛围推向高潮。
据了解，“中美高校击剑邀请赛暨人文交流营”活动是落实“五年邀请五万名美国青少年来华交流学习”重大倡议的重要组成部分，已连续3年成功举办，逐渐形成品牌效应。",full,,dom_or_structured_full_text,http://news.sciencenet.cn/htmlnews/2026/8/569982.shtm,科学网新闻,综合科技,科技新闻,2026-08-18T22:53:14+00:00,公共政策与社会治理 > 科教与人才 > 教育与人才发展,公共政策与社会治理,教育与人才发展,"[{""path"":[""公共政策与社会治理"",""科教与人才"",""教育与人才发展""],""path_text"":""公共政策与社会治理 > 科教与人才 > 教育与人才发展"",""confidence"":0.85,""reason"":""核心是中美高校体育人文交流活动，属教育与国际青年交流。""}]",classified,2026-08-18T23:02:47.434224+00:00,glm-5.2,2026-08-14,
科学网-海洋微生物来源粉蝶霉素类药源分子挖掘研究获进展,2026-08-18,"海洋微生物来源粉蝶霉素类药源分子挖掘研究获进展
近日，中国科学院南海海洋研究所研究员刘永宏/周雪峰团队与南方医科大学教授唐斓团队合作，在海洋微生物来源粉蝶霉素类药源分子挖掘研究方面取得重要进展。他们通过大片段基因敲除策略，显著提高了海洋微生物中粉蝶霉素类药源分子的发酵产量，拓展了其化学结构多样性，并系统评价了相关药源分子的活性、构效关系及作用机制。相关成果发表于《农业与食品化学杂志》。
基因组挖掘下的粉蝶霉素类海洋药源分子发现。研究团队供图
海洋微生物在独特的生态环境下能够产生结构新颖、活性多样的代谢产物，是创新药物与农用化学品研发的重要源泉。粉蝶霉素是一类主要由链霉菌产生的天然产物，具有多烯侧链和α-吡啶酮核心结构，表现出良好的药用活性。团队前期已从海洋链霉菌中筛选发现了一系列具有抗菌、抗肿瘤和抗肾病活性的粉蝶霉素类药物先导化合物，其中多项专利已实现成果转让。
为进一步挖掘粉蝶霉素类药源分子，研究团队对海洋药源菌株——链霉菌
Streptomyces psammoticus
SCSIO NS126进行了全基因组测序，精准定位了粉蝶霉素生物合成基因簇。在此基础上，利用同源重组技术，对基因簇内的后修饰基因实施了分段大片段敲除，阻断了与主产物竞争底物的代谢支路，使代谢流更多地汇聚于粉蝶霉素的合成与积累。通过该策略，团队成功构建了11株突变株，粉蝶霉素总产率较野生型最高提升7.1倍，同时使部分在野生型中无法检测到的微量成分在突变株中得以大量积累。其中，通过对高产突变株进行大规模发酵，研究人员共分离鉴定出21个粉蝶霉素类化合物，包括4个新化合物（1个新苷元、2个新糖苷和1个新型类似物）。
活性评价与机制研究表明，所得化合物具有广谱的抗细菌和抗真菌活性。例如，化合物4和5分别对金黄色葡萄球菌和茄链格孢菌表现出强效抑制；其活性与选择性主要受甲基化、羟基化及糖基化等结构修饰因素影响。机制研究显示，该类化合物主要通过破坏病原微生物的细胞膜完整性及外部结构来抑制其生长。此外，活体实验证实，化合物19在番茄感染模型中具有显著的剂量依赖性抑菌效果，充分展现了粉蝶霉素类药源分子作为新型绿色农用抗生素候选物的应用潜力。
该研究利用基因敲除策略有效丰富了海洋来源粉蝶霉素类药源分子的结构多样性并大幅提升了产量，不仅为开发新型农业抗生素提供了先导分子，也为粉蝶霉素类药源分子的工程菌株构建及规模化生产提供了重要科学依据。
相关论文信息：https://doi.org/10.1d021/acs.jafc.6c08189",full,,dom_or_structured_full_text,http://news.sciencenet.cn/htmlnews/2026/8/569981.shtm,科学网新闻,综合科技,科技新闻,2026-08-18T22:53:16+00:00,生命科学与健康 > 生物医药 > 药物研发与产业,生命科学与健康,药物研发与产业,"[{""path"":[""生命科学与健康"",""生物医药"",""药物研发与产业""],""path_text"":""生命科学与健康 > 生物医药 > 药物研发与产业"",""confidence"":0.9,""reason"":""核心是海洋微生物药源分子的挖掘、活性评价与成药潜力研究。""},{""path"":[""生命科学与健康"",""生命科学"",""基础生命科学与遗传""],""path_text"":""生命科学与健康 > 生命科学 > 基础生命科学与遗传"",""confidence"":0.7,""reason"":""涉及微生物基因组挖掘与基因敲除改造代谢通路的基础研究。""}]",classified,2026-08-18T23:02:51.446570+00:00,glm-5.2,2026-08-14,
科学网-广东省二医林浩团队毫米级操作保住患者右下肢,2026-08-18,"广东省二医林浩团队毫米级操作保住患者右下肢
一场车祸，险些让48岁的黄女士（化名）永久失去右下肢功能。广东省第二人民医院（以下简称省二医）民航院区骨科主任医师林浩团队凭借精湛的创伤显微修复技术，成功保住其濒临截肢的右侧小腿，使她重新站立行走，回归正常生活。近日，黄女士及家属专程送来锦旗和手写感谢信，点赞医院的精湛医术与人文关怀。
黄女士及家属专程上锦旗以示感谢。省二医供图，下同
事发当日，黄女士骑电动车与一辆三轮车猛烈相撞，右小腿严重变形、鲜血不止，被紧急送医。入院检查显示：右胫腓骨粉碎性骨折伴骨缺损，小腿皮肤大面积撕脱缺损，神经、血管离断，创面重度污染，缺血坏死和功能永久丧失风险极高。
严重肢体损伤的保肢手术有严格的“黄金时间窗”。林浩解释，主要血管断裂后若不能在6～8小时内重建血运，肌肉组织将不可逆坏死，甚至因坏死组织释放毒素引发肾衰竭等全身性并发症，危及生命。
面对家属的焦虑与顾虑，林浩团队依托科室成熟的复杂创伤精准评估体系，结合三维CT重建、血管超声、神经功能检测等影像结果，将骨折复位固定、血管神经吻合、软组织缺损修复、术后康复等难点逐一拆解，并制定“一期清创保血运、二期软组织修复及骨缺损植骨、后期功能重建”的阶梯式精准方案，获得家属充分信任。
随后，团队为黄女士施行了历时3.5小时的超高难度下肢复合创伤显微修复手术。术中全程借助显微镜，精细吻合多根断裂血管、修复受损神经，快速恢复下肢血运，从源头避免缺血坏死；同时以微创技术精准复位固定粉碎性骨折，最大程度还原骨骼解剖结构；皮肤缺损区采用封闭式负压引流（VSD）一次性处理，为后续功能恢复奠定基础。
林浩及团队日常查房。
术后，林浩坚持每日查房，节假日无间，动态评估血运、伤口愈合及骨骼愈合情况，及时调整治疗。护士长林想红带领护理团队严格落实重度创伤术后护理要点，规范创面护理和早期康复指导，有效防控感染、压疮等并发症。多学科团队多次研讨功能重建与康复方案，力求最大化保全下肢活动功能、减少后遗症。
手术是创伤修复的核心，优质精细的护理则是帮助黄女士平稳度过术后危险期、加速康复的关键。在医护团队的精准施治与悉心照护下，黄女士康复效果超出预期，现已能自如站立、行走，日常起居完全恢复，顺利回归正常生活。
林浩告诉《中国科学报》，省二医为交通事故急危重伤员救治定点医院，骨科系国家临床重点专科建设单位，长期深耕复杂四肢创伤修复与功能重建，形成术前精准评估、术中精细操作、术后全程随访的全链条标准化诊疗模式。此次黄女士成功保肢案例，正是医院“将为人民健康服务做到极致”理念的生动体现。",full,,dom_or_structured_full_text,http://news.sciencenet.cn/htmlnews/2026/8/569980.shtm,科学网新闻,综合科技,科技新闻,2026-08-18T22:53:18+00:00,生命科学与健康 > 医学与健康 > 临床医学与公共健康,生命科学与健康,临床医学与公共健康,"[{""path"":[""生命科学与健康"",""医学与健康"",""临床医学与公共健康""],""path_text"":""生命科学与健康 > 医学与健康 > 临床医学与公共健康"",""confidence"":0.95,""reason"":""核心事件为复杂创伤显微修复保肢手术的临床救治。""}]",classified,2026-08-18T23:02:51.446570+00:00,glm-5.2,2026-08-14,
科学网-广东多措并举强化专利侵权纠纷行政裁决工作,2026-08-18,"广东多措并举强化专利侵权纠纷行政裁决工作
近日，广东省知识产权局出台工作举措，进一步规范和加强全省专利侵权纠纷行政裁决办案流程、统一裁判尺度、夯实办案根基，充分发挥行政裁决高效便民、快速定纷止争的制度优势，持续加大知识产权行政保护力度。根据国家知识产权局公布统计数据，今年1-7月，全省累计受理行政裁决案件644宗，办结714宗，办案总量居全国第一。
据介绍，广东省知识产权局持续优化案件层级分配，明确市级知识产权部门核心办案职责，强化省级对重大复杂案件的统筹办理力度。依托《广东省知识产权保护条例》相关规定，采取市级委托办案、市县联合办案等模式充实市局办案力量，压实县区协同办案职责和保护中心专业支撑职能，实行市级全程审核把关，牢牢守住案件质量底线。
广东省知识产权局健全调解与裁决衔接机制，对当事人达成和解的依法规范制作调解书，对调解无果的及时依法裁决，强化行政裁决制度刚性。与此同时，广东纵深推进专利纠纷委托裁决改革，依托广东省知识产权保护中心集中办理全省重大疑难、行业影响力强的专利侵权案件。支持各地依托保护中心、快速维权中心建设标准化口审庭，结合产业预审赛道布局，推行技术领域案件归口集中审理，探索建立行政裁决与专利无效程序协同衔接机制。
此外，广东省知识产权局完善“审协专业咨询+技术调查官”双重技术事实查明机制，强化行业技术专家现场支撑，精准破解高技术、复杂专利案件事实认定难题。持续深化行政司法衔接，统一裁审标准，畅通行政调解司法确认渠道，推动纠纷实质性化解。健全与海关、电商平台、行业协会的常态化联动机制，压实各方协同保护责任，形成案件处置闭环，确保行政裁决结果落地执行。
下一步，广东将持续加大工作力度，强化标准化、专业化管控，努力提升全省专利侵权纠纷行政裁决规范化履职水平，为广东知识产权高标准保护、为全省高质量发展提供坚实支撑。",full,,dom_or_structured_full_text,http://news.sciencenet.cn/htmlnews/2026/8/569979.shtm,科学网新闻,综合科技,科技新闻,2026-08-18T22:53:20+00:00,公共政策与社会治理 > 政策法规 > 监管、标准与合规,公共政策与社会治理,监管、标准与合规,"[{""path"":[""公共政策与社会治理"",""政策法规"",""监管、标准与合规""],""path_text"":""公共政策与社会治理 > 政策法规 > 监管、标准与合规"",""confidence"":0.92,""reason"":""核心是专利侵权纠纷行政裁决制度与知识产权保护监管举措。""}]",classified,2026-08-18T23:02:51.446570+00:00,glm-5.2,2026-08-14,
科学网-2026年广东省中小微企业质量认证提升行动启动,2026-08-18,"2026年广东省中小微企业质量认证提升行动启动
8月17日，在市场监管总局认证监管司指导下，2026年广东省中小微企业质量认证提升行动启动仪式暨广州专场公益培训进园区活动在广州市黄埔区举行。活动以“认证赋能提质强企，质量引领产业升级”为主题，国家、省、市、区四级市场监管部门，省、市工业和信息化部门，广州市黄埔区政府、认证机构、行业组织、企业代表共200余人现场参会。
启动仪式上，市场监管总局认证监管司有关负责同志充分肯定了广东质量认证提升行动帮扶中小微企业的实践成效。他指出，质量认证提升行动是市场监管部门服务高质量发展的制度性安排，希望广东持续探索实践，推动行动从“点式帮扶”向“链式协同”升级，开发适配中小微企业的轻量化认证工具包，以数字化赋能认证服务提质增效，为全国提供可复制的广东经验。
广东省市场监督管理局相关负责同志介绍了2026年全省中小微企业质量认证提升行动工作安排。本年度提升行动将围绕市场监管总局工作安排，聚焦政策宣贯、精准帮扶、产业链质量提升、绿色低碳认证、“质量认证+”融合服务等重点任务，将CCC认证获证中小微企业作为培训帮扶重点对象，全年计划开展不少于224场质量认证政策知识宣贯及公益培训，切实破解中小微企业质量管理薄弱、合规能力不足等现实难题。同时，广东省市场监管局将深入推进广州市黄埔区新材料、佛山市顺德区智能家电、江门市新会区轨道交通、湛江市吴川市羽绒等产业质量认证强企强链强县工作，深化质量认证与计量、标准、检验检测、知识产权等质量要素融合，推动认证结果与产业扶持、政府采购、融资增信等对接。
活动现场，广州市黄埔区政府介绍新材料产业质量认证服务强企强链强县试点建设经验。部分认证机构代表为广大小微企业解读质量管理体系标准主要条款、卓越绩效模式核心理念以及小微企业导入路径，分享制造业生产过程质量管控、供应链质量管理实操案例，宣贯绿色低碳认证知识，并通过现场问答、设置咨询服务区、在线留言回复等方式为企业答疑解惑。认证机构、行业组织代表发出中小微企业质量认证提升行动倡议，呼吁认证机构恪守行业自律，严守质量底线、优化服务供给、精准助企纾困、践行社会责任，合力护航中小微企业高质量发展。
“十四五”时期，广东省市场监管部门累计为3873家中小微企业提供“一对一”精准帮扶，为35511家企业提供质量认证免费培训，培育311家企业获评“专精特新”，带动企业新获质量认证证书21486张，解决企业质量管理“痛点”问题1509个，形成相关行业中小微企业质量管理体系认证实施指南33份，推动先进质量管理理念、方法和经验成果向产业链供应链上下游企业拓展延伸。下一步，广东市场监管部门将持续落地公益培训、技术帮扶、“质量认证+”融合服务等系列举措，引导中小微企业实现从“获证达标”到“持续卓越”跨越，夯实产业链供应链质量根基。",full,,dom_or_structured_full_text,http://news.sciencenet.cn/htmlnews/2026/8/569978.shtm,科学网新闻,综合科技,科技新闻,2026-08-18T22:53:22+00:00,公共政策与社会治理 > 政策法规 > 监管、标准与合规,公共政策与社会治理,监管、标准与合规,"[{""path"":[""公共政策与社会治理"",""政策法规"",""监管、标准与合规""],""path_text"":""公共政策与社会治理 > 政策法规 > 监管、标准与合规"",""confidence"":0.9,""reason"":""核心是质量认证提升行动与认证合规体系建设。""}]",classified,2026-08-18T23:02:51.446570+00:00,glm-5.2,2026-08-14,
科学网-广东海事局牵头启动“2026护航开渔行动”,2026-08-18,"广东海事局牵头启动“2026护航开渔行动”
8月16日12时，为期三个半月的南海伏季休渔期结束，广东约3.2万艘渔船从闸坡、博贺、云澳等渔港集中出海，开启新一轮捕捞作业。为防范化解开渔季商渔船碰撞风险，广东海事局联合广西、海南、深圳海事局和广东省海洋综合执法总队、交通运输部南海航海保障中心，于当天统一启动“2026护航开渔行动”。
汕尾渔港渔船集中出海。广东海事局供图，下同
此次行动海事部门与农业农村部门积极协同联动，广东海事局会同省海洋综合执法总队、南海航海保障中心统筹部署护航方案，共同出动执法船艇80余艘、执法人员200余名。行动期间，两部门依托“商渔船联管中心”开展联合执法和值班点验，商渔船安全信息实时互通共享，形成护航合力。
据广东海事部门介绍，开渔首日渔船集中出港，珠江口、北部湾等水域商渔船交汇密集，是全年商渔船碰撞风险最高的时段之一。此次护航行动在保安全、护民生双向发力。保安全方面，“海巡09”等海巡船及海事直升机、无人机投入行动，在广东沿海65个重点水域和珠江口、北部湾等重点航路巡航值守，为渔船集中出港清道护航。
揭阳渔港渔船出港。
广东是海洋渔业大省，水产品总产量长期居全国首位。据统计，2025年全省水产品产量997.15万吨，全省沿海分布渔港130多个，其中闸坡渔港为全国首批国家级中心渔港之一。开渔后数日，出海渔船将陆续带回开渔“第一网”，各类生猛海鲜集中上市。
“2026护航开渔行动”将持续至8月22日。之后各参与船舶将返回值守水域，转为防范商渔船碰撞常态化值守。",full,,dom_or_structured_full_text,http://news.sciencenet.cn/htmlnews/2026/8/569977.shtm,科学网新闻,综合科技,科技新闻,2026-08-18T22:53:24+00:00,公共政策与社会治理 > 安全与治理 > 公共安全与应急管理,公共政策与社会治理,公共安全与应急管理,"[{""path"":[""公共政策与社会治理"",""安全与治理"",""公共安全与应急管理""],""path_text"":""公共政策与社会治理 > 安全与治理 > 公共安全与应急管理"",""confidence"":0.85,""reason"":""核心是开渔季商渔船碰撞风险防范与多部门护航应急行动。""}]",classified,2026-08-18T23:02:51.446570+00:00,glm-5.2,2026-08-14,
科学网-提升26名！广州大学再次入围全球500强榜单,2026-08-18,"提升26名！广州大学再次入围全球500强榜单
近日，高等教育评价机构软科正式发布了“2026软科世界大学学术排名”，排名展示了全球领先的1000所研究型大学。中国内地共有234所大学上榜，广州大学再次入围国内百强和全球500强榜单，其中国际排名位列442名，比去年提升26名。该校自2023年首次跻身世界500强榜单以来，已连续四年入围。
美丽的广州大学校园。广大宣供图
据悉，软科世界大学学术排名（ARWU）是世界范围内首个综合性的全球大学排名，2003年首次发布，本年度为第24版。ARWU以其评价体系的客观和透明引领了国际大学排名的浪潮，是全球最具影响力和权威性的大学排名之一，在世界各地被广泛报导和大量引用，许多政府和大学从该排名出发，分析比较本国、本校的情况，采取各种举措来提升大学的国际竞争力。
近年来，广州大学全面贯彻党的教育方针，始终坚持教育、科技、人才三位一体统筹推进，牢牢把握国家“双一流”和粤港澳大湾区建设战略机遇，坚持“四个面向”，对接广州和粤港澳大湾区高质量发展、创新驱动和扩大开放需求，持续完善优化“厚理强工、兴教精文、交叉育新、创新发展”的学科专业布局。坚持人才强校战略，树立“大人才观”，推进人才发展体制机制改革，注重外引内培并重健全人才服务体系，人才工作不断取得新成效。
依托“2+5”学科与科研创新平台和七大交叉学科群建设，该校促进学科交叉融合，提升基础与应用研究水平，着力产出“大平台、大项目、大成果”，不断增强科研创新和服务经济社会发展能力，提升开放办学水平。目前，其高水平大学建设取得新突破，综合办学实力稳居国内高校百强，国际学术地位亦显著提升。",full,,dom_or_structured_full_text,http://news.sciencenet.cn/htmlnews/2026/8/569976.shtm,科学网新闻,综合科技,科技新闻,2026-08-18T22:53:26+00:00,公共政策与社会治理 > 科教与人才 > 教育与人才发展,公共政策与社会治理,教育与人才发展,"[{""path"":[""公共政策与社会治理"",""科教与人才"",""教育与人才发展""],""path_text"":""公共政策与社会治理 > 科教与人才 > 教育与人才发展"",""confidence"":0.85,""reason"":""核心是大学学术排名表现与高校学科人才建设发展。""}]",classified,2026-08-18T23:02:51.446570+00:00,glm-5.2,2026-08-14,
科学网-第三届全国作物杂种优势与生物育种学术大会在京举行,2026-08-18,"第三届全国作物杂种优势与生物育种学术大会在京举行
8月16日至20日，第三届全国作物杂种优势与生物育种学术大会暨农业中关村种业创新推进会在北京平谷举办。大会落地农业中关村主战场，既是全面落实国家种业振兴行动方案、夯实粮食安全根基的务实举措，更是汇聚全国农业科研力量、协同应对种源安全与农业发展挑战的高端交流合作平台。
大会以“科技产业融合创新与绿色高效农业发展”为主题，组织了院士和特邀专家报告，全国涉农学院院长论坛，科技小院与研究生论坛，生物育种、植物保护、园艺植物、作物育性与杂种优势论坛，青年学者报告，国际期刊发展报告等板块，有150余位具有重要学术影响力的院士专家作大会报告。
会上，农业中关村科技创新战略咨询委员会正式成立，中国工程院院士万建民等21位国内外院士专家受聘。战略咨询委员会汇聚作物科学、生物育种、植物保护、园艺植物、智慧农业等领域顶尖智力资源，将围绕战略规划、技术创新与体系建设发挥智库支撑，聚焦农业科技创新关键核心技术攻关提供专业咨询等，助推“农业中关村”建设，服务国家农业科技自立自强。
会议期间与会代表深入交流科技产业融合创新与绿色高效农业发展领域的最新进展和成果，并探讨农业教育、科技、人才一体化发展助推乡村全面振兴的有效途径。
会议由北京科技大学、北京平谷国家农业科技园区、中国农村专业技术协会共同主办，中国生物工程学会指导，北京大学、中国农业大学等28家单位共同承办。
北京科技大学党委书记徐晓萍，北京市平谷区委副书记、区长李志遂，分别致欢迎辞。9000余人通过线上线下相结合的方式参加会议。
据悉，北京平谷作为农业中关村主战场，已形成“一港两翼三镇全域全场景”总体布局。国家农业科技创新港全面启动建设，将落地11个国家重点实验室；集聚拜耳作物、首农等一批涉农企业，为大会搭建了产学研深度融合的交流场景。自主研发“凤芯壹号”DNA芯片打破国际垄断，国产种鸡、种蛋实现出口“零的突破”；创建152个“博士农场”、32个科技小院，10余位院士、500余名博士扎根田间，与大会生物育种、科技小院等议题互为呼应，推动创新“最先一公里”与产业“最后一公里”有效贯通。",full,,dom_or_structured_full_text,http://news.sciencenet.cn/htmlnews/2026/8/569975.shtm,科学网新闻,综合科技,科技新闻,2026-08-18T22:53:28+00:00,公共政策与社会治理 > 科教与人才 > 科研管理与学术活动,公共政策与社会治理,科研管理与学术活动,"[{""path"":[""公共政策与社会治理"",""科教与人才"",""科研管理与学术活动""],""path_text"":""公共政策与社会治理 > 科教与人才 > 科研管理与学术活动"",""confidence"":0.9,""reason"":""核心事件是作物杂种优势与生物育种学术大会及战略咨询委员会成立，属学术会议与科研共同体活动。""},{""path"":[""零碳产业"",""物质循环"",""有机物（碳循环）"",""有机工业"",""生物过程"",""农林""],""path_text"":""零碳产业 > 物质循环 > 有机物（碳循环） > 有机工业 > 生物过程 > 农林"",""confidence"":0.75,""reason"":""大会聚焦生物育种、种业创新与绿色高效农业发展，实质关联农业科技领域。""}]",classified,2026-08-18T23:02:57.266212+00:00,glm-5.2,2026-08-14,
快递包装“瘦身”进展如何,2026-08-18,"巴掌大的首饰盒却被装进鞋盒大小的纸箱、小小一支笔缠满泡沫材料和胶带……快递过度包装曾经广受消费者诟病。
7月起，《限制快递过度包装要求》强制性国家标准正式实施，为快递包装减量划出“硬杠杠”。标准实施一个多月来，快递包装发生了哪些变化？行业落实情况如何？“新华视点”记者进行了调查。
凸显“绿色”导向
上海消费者李女士经常网购化妆品小样、零食等小件商品，此前她常收到纸箱套纸盒、胶带纵横交错的“套娃”式快递包装。“买饮料、酒水还经常拆出一地的泡沫材料，感觉很不环保。”
最近，李女士发现自己收到的快递包裹明显“瘦身”，不少快件撕开快递袋就能直接看到商品，废弃的包装也更方便处理。
2025年，我国快递业务量完成1990亿件，连续12年位居世界第一。为进一步推动行业绿色转型，《限制快递过度包装要求》聚焦快递包装“大箱小用”、包装层数冗余、胶带过度缠绕等问题，从三个方面提出明确要求。
标准要求，包装箱需根据内件尺寸合理适配，包装层数分别设定2层、3层、4层三档管控限值，量化控制封箱胶带的宽度、长度等。
近年来，我国持续推动快递包装绿色化。2025年6月起施行的新修改的《快递暂行条例》提出，快递包装应当符合寄递生产作业的要求，节约使用资源，避免过度包装，防止污染环境；《限制快递过度包装要求》于2024年底发布，为行业预留了一年半的过渡期。
“我们使用的包装材料都是系统根据快递员各自的业务量匹配分发的。”青岛顺丰速运同安路营业店负责人尹红政说，公司从源头端管控包材使用，从去年开始逐步按新国标落实。今年7月新国标实施后，打包流程并没有较大调整，“大箱装小件”“层层缠胶带”等过度包装已很少看到。
北京邮电大学邮政发展研究中心主任赵国君表示，标准将《快递暂行条例》中关于优化包装方式、节约使用资源等原则性要求细化为可量化技术指标，形成“法规+标准”相衔接的制度体系，将推动包装生产企业、电商平台、寄递企业等共同落实绿色包装要求。
以精细化实现轻量化
当前，快递公司如何将标准落实落地，让快递包装从“能装下”向“装得刚好”转变？
顺丰速运（沈阳）有限公司相关负责人介绍，公司针对危险易碎物品、大件包裹、高价值货品、电子产品等不同品类实行差异化包装方案，在保障运输安全的基础上减少不必要的包材使用。
“我们将胶带厚度由5丝调整为4丝，平均单只包装袋减重约3克，文件封纸板重量也从270克减至250克。”顺丰包装创新实验室高级经理路鹏说，公司将对塑料薄膜、胶带、纸类、封条等物料持续进行创新研发，从源头端节约使用资源。
由于标准建立了明确且严格的指标体系，传统依赖人工经验的打包方式已较难满足相关要求，快递企业纷纷重塑包装流程，强化包装作业的自动化程度和精细化水平。
在中通云仓科技有限公司杭州塘栖仓，一件件商品经扫码后进入包装流程，仓储管理系统根据商品类别、尺寸等信息自动推荐包装规格，工作人员按照提示完成打包。
中通云仓科技公共事务负责人徐永贵介绍，公司自主研发的智能包装箱推荐系统可根据订单信息推荐适配包装，避免靠经验选箱导致的包装过大等问题。目前，这一系统已在全国近300个仓库推广应用，进一步提升了快递包装标准化水平。
电商是快递寄送的重要主体，不少商家出于商品安全或品牌营销考虑，会自行包装后提供给快递公司。对此，多家快递公司通过引导商家采用电商快递一体化包装、拒收过度包装等方式，减少二次装箱和重复填充。
“网点服务的电商客户较多，商品品类和规格差异较大。标准实施后，我们引导客户根据商品品类和实际尺寸选择包装，提高包装适配度。”圆通速递广东广州白云机场网点负责人周鑫潮说，对于确需增加包装层数的商品，网点会根据易损程度进行针对性处理，合理控制包装层数和保护材料用量，避免过度包装。
协同发力为包装做减法
随着标准的正式实施，快递包装绿色化迈入刚性约束阶段。然而，记者采访发现，在收寄一线，仍有一些场景会让快递员陷入两难。
北京的一名快递员告诉记者，自己揽收的包裹中，电子产品等标准列明的易损易碎品占比不到一成，但不少消费者会主动要求按照易碎品标准增加包装层数，自己打包时犯了愁——包装过多，不符合减量要求；包装减少，又可能引发消费者投诉。
治理快递过度包装，既是包装环节的小改变，也是推动行业绿色转型的重要抓手，需要快递企业、电商平台、商家、消费者等多方协同发力。
业内人士表示，快递企业要通过智能化管理优化包装适配度，更重要的是，要完善企业内部管理与考核机制，真正让快递员敢于、善于为包装做减法，降低末端执行压力。
“治理快递过度包装，关键在于打通产业链上下游，形成源头减量、平台引导、循环利用的协同机制。”国邮智库专家赵洪涛表示，应推动商品包装与寄递包装一体化设计，减少由快递公司进行二次包装。同时强化平台端治理，将绿色包装纳入商家管理规则，对无需二次包装的商家给予激励，对消费者提供配套奖励，提升各环节参与积极性。
“‘以竹代塑’、窄胶带、‘双易’包装袋等绿色包装技术实践在不断推进，但绿色材料成本偏高、循环包装回收难等因素仍制约规模化应用。”大连工业大学轻工与化学工程学院包装工程系主任吕艳娜认为，应鼓励绿色包装生产企业抓住机遇，持续在科技创新和成本管控上下功夫，让更多新型产品替代传统包装。
国家邮政局新闻发言人、市场监管司司长林虎表示，国家邮政局将健全快递包装协同治理体系和绿色低碳产品检测认证体系，深入推进快递包装全链条治理、行业塑料污染治理、过度包装治理，推动绿色包装与智慧物流深度融合，积极稳妥推进邮政业收、转、运、派全过程减少碳排放。（记者 王聿昊 于也童 江汉）",full,,dom_or_structured_full_text,https://www.news.cn/tech/20260818/fed565aa99b5472f8682f62c2cf32a5f/c.html,新华网科技,综合科技,科技新闻,2026-08-18T22:53:33+00:00,公共政策与社会治理 > 政策法规 > 监管、标准与合规,公共政策与社会治理,监管、标准与合规,"[{""path"":[""公共政策与社会治理"",""政策法规"",""监管、标准与合规""],""path_text"":""公共政策与社会治理 > 政策法规 > 监管、标准与合规"",""confidence"":0.9,""reason"":""核心事件是快递过度包装强制性国家标准的实施与行业落实情况。""}]",classified,2026-08-18T23:02:57.266212+00:00,glm-5.2,2026-08-14,
搬运50公斤重物 香港科企发布“生产力工具型”人形机器人,2026-08-18,"新一代产业级人形机器人“小睿G3”17日在香港发布。该机器人对标成年人力作业能力，可完成重载搬运、物料转运、精细操作等任务，具备产业价值。
据介绍，“小睿G3”依托香港公司九光技术全栈自研科技，产品搭载自研AI大脑和全身精密力控系统，突破传统智能设备作业瓶颈，环境适配性与作业稳定性提升，适配各行业实体作业场景。
在发布会的现场演示中，记者看到“小睿G3”响应语音指令，平稳完成50公斤杠铃搬运、定点摆放等操作，全程动作流畅、姿态稳定。
据悉，九光技术有限公司成立于香港科学园，专注打造具身智能机器人生态体系。其全资子公司九光智能于2023年成立，聚焦AI机器人研发、生产、销售及垂直行业应用。
新华社音视频部制作",full,,dom_or_structured_full_text,https://www.news.cn/tech/20260818/d25bb38aec1246de9b44343a8680627e/c.html,新华网科技,综合科技,科技新闻,2026-08-18T22:53:35+00:00,AI与智能科技 > 具身智能 > 硬件和控制,AI与智能科技,硬件和控制,"[{""path"":[""AI与智能科技"",""具身智能"",""硬件和控制""],""path_text"":""AI与智能科技 > 具身智能 > 硬件和控制"",""confidence"":0.92,""reason"":""核心是产业级人形机器人整机的发布及其力控系统与作业能力。""}]",classified,2026-08-18T23:02:57.266212+00:00,glm-5.2,2026-08-14,
新赛道孕育新机遇 未来产业激荡发展新动能,2026-08-18,"“十五五”规划纲要提出：要前瞻布局未来产业。推动量子科技、生物制造、氢能和核聚变能、脑机接口、具身智能、第六代移动通信等成为新的经济增长点。未来五年，这些未来产业将加速从技术突破迈向应用落地，不断培育发展新动能。
新华社音视频部制作",full,,dom_or_structured_full_text,https://www.news.cn/tech/20260818/11d59c19f87448c782b0a0a2b98dbe3e/c.html,新华网科技,综合科技,科技新闻,2026-08-18T22:53:37+00:00,公共政策与社会治理 > 政策法规 > 产业与能源政策,公共政策与社会治理,产业与能源政策,"[{""path"":[""公共政策与社会治理"",""政策法规"",""产业与能源政策""],""path_text"":""公共政策与社会治理 > 政策法规 > 产业与能源政策"",""confidence"":0.85,""reason"":""核心是十五五规划对未来产业的前瞻布局与培育政策。""}]",classified,2026-08-18T23:02:57.266212+00:00,glm-5.2,2026-08-14,
混合能源系统有望在AI数据中心大显身手,2026-08-18,"德国卡尔斯鲁厄理工学院携手美国斯坦福大学科学家，开发出一款混合能源系统。该系统集光伏发电、太阳能热技术与被动式日间辐射冷却（PDRC）技术于一体，可同时提供冷却、发电及加热功能，有望在能源密集型应用领域大显身手，尤其是需要大量电力和冷却的人工智能（AI）数据中心。相关论文发表于最新一期《电池报告物理科学》杂志。
太阳能电池板负责发电，太阳能集热器提供热量，而冷却通常依赖消耗电力的空调系统，于是这三种设备不得不在建筑的屋顶、外墙等有限空间里争夺地盘。团队希望屋顶和外墙能成为“活”的能源表面，同时承担电力、供暖和制冷三重使命，他们的混合能源系统让这一设想变成现实。
这项研究建立在团队此前工作的基础上。2024年，他们曾开发出一种透明材料，在透射日光的同时，还能被动冷却建筑物。基于这一概念，团队将辐射冷却与太阳能收集组件融为一体，把单一表面转化为多功能能源系统。
系统的核心是一层透明发射器，由涂覆硅酮聚合物聚二甲基硅氧烷的二氧化硅基板构成。这层“透明外衣”既能让阳光畅行无阻，又能以红外辐射的形式将热量悄然送出。透明冷却层之下，菲涅耳透镜将透射的阳光汇聚到紧凑的光伏集热器上，电力与热量便在此同时产生。
在室外实验中，这款混合能源系统原型的冷却温度比环境低6.5℃，电功率密度达60.6瓦/平方米，加热温度高达110.8℃。
这项研究证明，一个系统可以同时演绎“冰火两重天”——一边收集太阳能和热量，一边实现冷却功能。接下来，他们计划进一步提升该原型光学设计、热管理和太阳能电池等组件的性能。",full,,dom_or_structured_full_text,https://www.news.cn/tech/20260818/0311ea513ab1483d8ddf703b760fbdb2/c.html,新华网科技,综合科技,科技新闻,2026-08-18T22:53:39+00:00,零碳产业 > 能量循环 > 能源测 > 发电技术 > 光伏,零碳产业,光伏,"[{""path"":[""零碳产业"",""能量循环"",""能源测"",""发电技术"",""光伏""],""path_text"":""零碳产业 > 能量循环 > 能源测 > 发电技术 > 光伏"",""confidence"":0.85,""reason"":""混合能源系统核心组件之一是光伏集热发电，报道其发电性能与太阳能利用。""},{""path"":[""AI与智能科技"",""AI硬件层"",""数据中心""],""path_text"":""AI与智能科技 > AI硬件层 > 数据中心"",""confidence"":0.7,""reason"":""系统面向AI数据中心的供能与冷却需求，是核心应用场景。""}]",classified,2026-08-18T23:02:57.266212+00:00,glm-5.2,2026-08-14,
国内首个批量退役风电机组梯次利用项目启动,2026-08-18,"记者17日获悉，中国资源循环集团新能源科技有限公司（以下简称“资环新能源”）实施的25台退役风电机组再制造工作正式启动。这标志着国内首个批量退役风电机组梯次利用项目落地实施，为退役风电装备“变废为宝”探索出可复制模式和路径。
据介绍，该批次25台风电机组，均为国内风电场存量老旧机组，已服役超过15年，达到退役标准。资环新能源积极推动该批次退役风机高值化利用，组织专业技术人员对发电机、齿轮箱、叶片、塔筒等部件进行分项检测、探伤、评估，制定梯次利用整体方案并开展翻新再造试验，通过损伤修补、性能强化、传动系统精密修复等自研工艺，成功完成样机再造。
经评估，再造样机整机性能较退役前显著提升，部分核心部件性能接近当前市场同级新品，可适配分布式风电、小型自备电站、工业辅助供电等多元发电场景。
（记者 刘园园）",full,,dom_or_structured_full_text,https://www.news.cn/tech/20260818/1997f05b53cf4e5094f1a1025e15b022/c.html,新华网科技,综合科技,科技新闻,2026-08-18T22:53:41+00:00,零碳产业 > 物质循环 > 资源处理 > 资源回收,零碳产业,资源回收,"[{""path"":[""零碳产业"",""物质循环"",""资源处理"",""资源回收""],""path_text"":""零碳产业 > 物质循环 > 资源处理 > 资源回收"",""confidence"":0.9,""reason"":""核心是退役风电机组的再制造与梯次利用，属装备资源循环利用。""}]",classified,2026-08-18T23:02:57.266212+00:00,glm-5.2,2026-08-14,
推动形成万亿级产业生态 汽车芯片五项认证认可行业标准发布,2026-08-18,"记者8月17日从市场监管总局了解到，近日，市场监管总局（国家认监委）批准立项的《汽车芯片机构认证审查 通用评价要求》等五项认证认可行业标准发布。该五项标准构建了全球首个针对汽车芯片全产业链相关机构的国家层面能力评价标准体系，标志着我国在构建自主可控的汽车芯片质量保障体系方面取得重大制度突破，也有助于推动形成万亿级汽车芯片产业生态。
汽车芯片是智能网联汽车的中枢神经，也是核心战略资源。长期以来，由于缺乏统一的评价体系，国产芯片在上车应用过程中面临准入壁垒高、市场信任度低等挑战，规模化应用受阻。
从政策设计上，市场监管总局表示，此次发布的五项标准，系统构建了汽车芯片领域机构能力评价体系，既确立了汽车芯片机构认证审查的通用评价要求，又为设计、认证、测试、算力等各类机构提供了能力评价的专业指引和操作遵循，将有效引导全产业链机构提升专业能力，保障汽车芯片认证审查活动的专业性、一致性和权威性，加速打通国产芯片从研发到上车应用的质量链条，为行业高质量发展奠定坚实制度基础，推动形成万亿级汽车芯片产业生态。
一位资深汽车芯片专家对记者表示，以往对汽车芯片的评价主要围绕产品与技术层面展开，此次发布的标准则聚焦于另一层面，即对芯片评测认证机构的资质与能力提出规范性要求。“相当于此次标准为汽车芯片行业指明了该用什么样的‘尺’来检测产品，以及应该用哪种标准进行校准。本质上是对整个产业链条评价体系的系统性完善。”
“通过采用统一标准，各个检测机构在满足统一的资质要求后，其对于产品的检测结果就可以被认为是行业通用的，每家整车厂或一级供应商不需要再单独重复试验，大大降低了行业研发验证成本，测试与认证结果的可信度显著提升。”上述专家介绍。
相关企业也对标准完善表示期待。黑芝麻智能相关负责人表示，汽车芯片认证认可标准体系的落地，对构建万亿级汽车芯片产业生态有着基础性、支撑性的关键作用。
“统一的评价体系能够系统性提升全产业链的质量管控水平与产品一致性，降低主机厂的芯片选型与验证成本，加速国产芯片的渗透节奏，以规模化应用带动产业整体体量增长。同时，标准为芯片设计、认证测试、整车制造等全链条企业提供了统一的行业语言，能够大幅减少跨主体的沟通成本与适配成本，加速技术、产品、资源的高效流转。”黑芝麻智能相关负责人说。
相关标准的落地也有助于中国智能网联汽车走向全球。
有专家提出，在新兴领域的率先探索，有助于确立中国在相关技术领域的国际话语权。以智能网联汽车为例，随着智能驾驶的大规模推广，中国在该领域具备领先优势，相关标准若制定完善，将对国际产生影响力并实现接轨。此外，在RISC-V和Chiplet等技术领域，全球均处于起步阶段，基本处于同一起跑线。若能围绕这些新技术形成全球范围广泛接受的标准，将对行业产生重大影响。
在标准落地方面，市场监管总局（国家认监委）表示，将推动标准尽快落地实施，强化标准在市场监管中的应用，为巩固我国新能源汽车产业全球领先优势，建设制造强国、质量强国提供坚实支撑。（记者 王文博 袁小康）",full,,dom_or_structured_full_text,https://www.news.cn/tech/20260818/2dbb6af2ad1c4da099cda54772a21d32/c.html,新华网科技,综合科技,科技新闻,2026-08-18T22:53:43+00:00,公共政策与社会治理 > 政策法规 > 监管、标准与合规,公共政策与社会治理,监管、标准与合规,"[{""path"":[""公共政策与社会治理"",""政策法规"",""监管、标准与合规""],""path_text"":""公共政策与社会治理 > 政策法规 > 监管、标准与合规"",""confidence"":0.92,""reason"":""核心事件是汽车芯片认证认可行业标准的发布，属于标准与合规体系建设。""},{""path"":[""AI与智能科技"",""AI硬件层"",""芯片""],""path_text"":""AI与智能科技 > AI硬件层 > 芯片"",""confidence"":0.85,""reason"":""标准直接针对汽车芯片全产业链，明确指向芯片产业生态。""}]",classified,2026-08-18T23:03:01.669036+00:00,glm-5.2,2026-08-14,
工业软件让油气开采更聪明,2026-08-18,"一直以来，石油工程师们靠着岩心样本和多年积累的工作经验，在茫茫地下寻找油气藏的踪迹。如今，坐在中控室里，年轻的工程师们只需轻点鼠标，即可清晰看到地下数千米深处的储层分布，实时预测水力压裂“地下油气高速通道”的裂缝形态。
“以往，这样一套方案需要五六名资深技术骨干耗时半个月、反复核对几十份地质资料、多款国外软件间来回计算上百组的数据才能敲定。随着FrSmart等一批国产自主可控工业软件的崛起，不仅将工程师从繁冗的跨平台劳作中解放出来，更让中国油气开发首次在软件底层拥有了自己的‘话语权’，真正打破了国外产品在油气勘探开发领域的长期垄断格局。”中国石油勘探开发研究院企业高级技术专家杨立峰说。
从过去依赖进口软件、跟着国外技术路线走，到如今把几代石油人的行业经验沉淀进代码，科技工作者们用数字技术高效解构地下数千米的储层“黑箱”，打造出地下油气“高速公路或路网”。国产工业软件为助力油气高效开采、保障能源安全，开辟出一条全新的智慧赛道。
自研工业软件势在必行
很长一段时间里，油气勘探开发领域的核心工业软件，几乎是国外厂商的“一言堂”。压裂设计、油藏模拟这类关键工具，不仅单套采购成本动辄数百万元，后续每年的升级服务费还要再掏数十万元，更重要的是，所有录入软件的地质数据、生产数据，都要经过进口软件的后端处理，核心数据安全始终像一把悬在行业头顶的利剑。
“遇到国内复杂的致密油、页岩气储层时，经常会出现软件运行‘水土不服’的情况。”中国石油勘探开发研究院压裂酸化技术研究所地质工程一体化室主任、一级工程师刘哲说，这些软件模型大多是基于海外简单地质工况开发的，放到国内复杂多变的油气储层里，模拟出来的结果与实际施工效果经常差一大截。想要让海外软件企业做定制化调整，不仅要价极高，沟通周期更是长达一两年，完全跟不上国内油气田快速开发的要求。
早在20世纪90年代，我国就以科研项目为依托开发软件程序。但由于缺乏长期有效的研发投入、持续稳定的人才队伍等核心技术积累和稳定的国产化软件应用生态，一直未形成工业化产品。据不完全统计，仅用于储层改造优化设计的相关软件进口费用就高达10亿元以上。
“软件与硬件装备一样，是核心技术的载体，‘要不来、买不来、讨不来’。”杨立峰告诉经济日报记者，近年来，国内每年有几千口水平井和万余口直井进行储层改造，产业链产值千亿元以上。无论是从投入成本看还是从能源安全考虑，都离不开高精度、高效率且拥有自主知识产权的工业软件做支撑。自主研发适应我国发展实际的储层改造技术工业化软件势在必行。
为了啃下这块“硬骨头”，中石油研发团队聚焦全国重点油气田的问题需求，前后花了6年多时间，基于岩石力学、断裂力学、渗流力学等经典理论，深入融合大庆、长庆、新疆等国内主力油气田数十年的储层改造经验与认识，一行一行地编写成算法逻辑，最终研发了拥有完全自主知识产权的FrSmart大型地质工程一体化压裂优化设计软件。这款软件经过万余口井的现场检验，成功入选中国石油2024年十大科技进展，把曾经“卡脖子”的关键核心技术牢牢掌握在自己手里。
重构油气开采全链流程
向低渗透、深层油气藏，海洋油气藏，非常规油气藏等领域进军，是近年来我国油气资源勘探开发的新方向。不过，这些资源绝大多数品位低，需要通过储层改造提高油气产量。
“常规的做法，就是通过地面高压设备向地下几千米的地层注入大量‘液体’和‘砂子’，形成地下油气开采的高速通道。这就是压裂技术，它是打开油气资源宝库的‘金钥匙’，也是助力油气增储上产的工程技术利器。”刘哲坦言，过去遇到重点井的压裂方案设计，“老专家的经验”是最宝贵财富——压裂方案怎么定、压裂材料怎么选，很大程度上取决于技术骨干的实际经验，但面对地下数千米的复杂储层，再丰富的经验有时也难以覆盖所有可能性。
国产工业软件的出现，直接把油气开采从“经验驱动”推到了“数据驱动”的新阶段。就拿储层改造这个核心环节来说，高质量的压裂方案、精准压裂的实施，离不开专业的“导航系统”——压裂软件，就像医生做手术需要CT影像一样，工程师需要软件来模拟裂缝走向、计算施工参数，避开风险层位，实时优化施工方案等。
“我们研发的FrSmart软件，就如同压裂工程的‘自动驾驶’系统，通过压前模拟方案优化和实时裂缝扩展分析，将非常规储层中的每一份油气资源高效采出，为能源安全保驾护航。”杨立峰说，在现有可借鉴资料不足的情况下，研发团队内联昆仑数智科技有限责任公司、东方地球物理勘探有限责任公司以及大庆油田、长庆油田、西南油气田、新疆油田、吉林油田，外联中海油、延长石油和国内多家知名高校等单位，组成“产、学、研、用”联合攻关体，攻克了非平面全三维裂纹模拟技术、考虑二维天然缝的复杂裂缝模拟等技术难题，构建了地质工程一体化算法体系，实现了国产压裂软件零的突破。
不止是压裂设计环节，国产工业软件已经延伸到了油气开采的全链条，带来的不只是效率的提升，更是行业能力的代际升级。借助工业软件，几代人积累的宝贵经验被转化成可复用的数字资产，即便是年轻技术人员，靠着软件辅助也能快速拿出高质量的设计方案。
为更多油井装上智慧引擎
近日，国务院国资委“基础软件与工业软件专题研修班”学员，到访中国石油勘探开发研究院开展现场教学活动。40余家中央企业的青年科技领军人才，实地观摩了以FrSmart等为代表的国产油气工业软件研发与应用最新成果，深度体验国产工业软件关键核心技术攻关与产业化生态建设成就。
不做纸上谈兵的“花瓶软件”，要打造经得起现场考验的工业级产品。杨立峰说，研发团队采用“边研发、边应用、边反馈、边迭代”的敏捷开发模式，每一个版本功能开发出来后，都送到油田现场接受检验，而现场的反馈意见又体现在下一个迭代版本中。
当前，国产工业软件发展已跨越“从0到1”的突破阶段，正式进入了“从1到N”的规模化迭代期。AI和工业软件的深度融合，正在成为行业明确的发展方向，未来的油气工业软件将不再只是一个辅助的计算工具，而是能够自主思考的“行业智能体”，但这一切都必须扎根工程实践。
“好的技术方案，往往来自对工程实践的深刻理解。一个优秀的工业软件工程师，首先必须是优秀的现场工程师。”在杨立峰看来，一个优秀的石油软件团队不仅能深耕技术细节，也能放眼行业未来，在不断攻克技术难关的同时，也不断拓展产业发展的边界。
专家认为，未来，云化和平台化将是国产工业软件的一个重要发展路径。未来的油气工业软件将不断迈向云端协同平台，行业整体数字化门槛将大幅降低。同时，数字孪生技术的深度落地，让油气勘探开发数值模拟更精准，助力实现对油气藏全生命周期的科学管控。
从“人拉肩扛找石油”的艰苦创业年代，到如今用数字技术为地下储层精准画像的智慧开采时代，以FrSmart为代表的国产工业软件，正在成为中国石油工业高质量发展的全新数字底座。国家发展改革委国家信息中心信息化和产业发展部研究员张晓兰表示，随着更多自主可控工业软件不断迭代升级，更多油井有望装上中国自己的智慧引擎，为保障国家能源安全注入数字力量。（记者 顾 阳）",full,,dom_or_structured_full_text,https://www.news.cn/tech/20260818/3975a43ac02e4343a082b36ddd98937f/c.html,新华网科技,综合科技,科技新闻,2026-08-18T22:53:45+00:00,零碳产业 > 物质循环 > 资源处理 > 开采技术,零碳产业,开采技术,"[{""path"":[""零碳产业"",""物质循环"",""资源处理"",""开采技术""],""path_text"":""零碳产业 > 物质循环 > 资源处理 > 开采技术"",""confidence"":0.85,""reason"":""核心是国产工业软件支撑油气储层压裂与高效开采，属油气开采技术数字化。""},{""path"":[""零碳产业"",""物质循环"",""资源处理"",""勘探技术""],""path_text"":""零碳产业 > 物质循环 > 资源处理 > 勘探技术"",""confidence"":0.7,""reason"":""软件用于储层描述、油藏模拟等油气勘探开发地质评价环节。""}]",classified,2026-08-18T23:03:01.669036+00:00,glm-5.2,2026-08-14,
国际新能源网-太阳能光伏行业专业门户网站,2026-08-18,"日期：2026-08-18
中国电建湖北工程公司
国际太阳能光伏网
承建的印度尼西亚西爪哇省佩尔蒂维·莱斯塔里工业园36MWp
项目顺利通过竣工验收，成功获得业主颁发的PAC证书，标志着项目正式进入质保期，为后续全面商业运营奠定坚实基础。
项目是印度尼西亚首个由太阳能供电的数据中心项目，位于印度尼西亚西爪哇省卡拉旺工业园区东北角，距离雅加达直线距离45公里。采用EPC总承包模式，装机容量36MWp，容配比1.2987，采用单块容量720Wp的单晶硅N型双面双玻电池组件及330千伏组串式逆变器，搭配固定式支架方案。建设范围涵盖光伏场区、外送线路及对侧改造的设计、采购、施工、调试及并网许可全流程。
项目建成后，预计年均发电量达5200万千瓦时，每年可减少二氧化碳排放约4.2万吨，相当于种植23万棵树木的环保效益，将为园区DISM国家数据中心提供绿色电力供应。项目的成功投用，将显著优化西爪哇区域能源结构，为印尼实现“2025年可再生能源占比23%”的国家战略目标注入强劲动力，成为“光伏+工业”协同发展的典范工程。
国际太阳能光伏网
光伏资讯一手掌握，关注国际能源网 ""
看资讯 / 读政策 / 找项目 / 推品牌 / 卖产品 / 招投标 / 招代理 / 发文章
太阳能光伏资讯热点排行
辽宁朝阳市2.05GW风、光项目竞配：涉及国家能源集团、华能、中广
130亿投资，超100GW产线升级！隆基、天合、晶澳、TCL中环、爱旭
最低0.663元/W！华润5.4GW光伏组件集采：协鑫、晶澳、横店东磁、
四川雅江流域3GW光伏项目优选业主
光伏「周事迹」事关“十五五”规划/绿电直连/风光项目/分布式光
规模超 17.3GW！多地集中清理光伏指标释放了哪些信号？
注册资本2.4亿元！华能、通威成立新能源公司
报价小幅探涨  本周单晶硅片市场成交清淡
舒印彪解读《新型电力系统建设“十五五”规划》
高纪凡CIES 2026：锚定技术长期主义，共筑光储协同未来
大唐发电总经理任职
舒印彪解读《新型电力系统建设“十五五”规划》
高纪凡CIES 2026：锚定技术长期主义，共筑光储协同未来
国家统计局：7月规上工业太阳能发电增长5.6%
江苏​镇江市征求意见：到2030年全市分布式光伏累计达到5.6GW！
中广核成立新能源公司
四川这地再次暂停分布式光伏项目备案！
内蒙古90MW分散式风电、分布式光伏发电项目优选公示",full,,dom_or_structured_full_text,https://solar.in-en.com/html/solar-2462887.shtml,国际太阳能光伏网,光伏,光伏新闻,2026-08-18T22:53:52+00:00,零碳产业 > 能量循环 > 能源测 > 发电技术 > 光伏,零碳产业,光伏,"[{""path"":[""零碳产业"",""能量循环"",""能源测"",""发电技术"",""光伏""],""path_text"":""零碳产业 > 能量循环 > 能源测 > 发电技术 > 光伏"",""confidence"":0.93,""reason"":""核心事件是印尼36MWp光伏电站项目竣工并网，为数据中心供电。""}]",classified,2026-08-18T23:03:01.669036+00:00,glm-5.2,2026-08-14,
国际新能源网-太阳能光伏行业专业门户网站,2026-08-18,"日期：2026-08-18
国际太阳能光伏网
7月份，规模以上工业（以下简称规上工业）原煤生产同比下降，原油生产由降转增，天然气生产保持稳定，电力生产平稳有序。
一、原煤、原油和天然气生产及相关情况
原煤生产同比下降。7月份，规上工业
3.4亿吨，同比下降10.1%；日均产量1107万吨。
1—7月份，规上工业原煤产量27.0亿吨，同比下降2.9%。
原油生产由降转增。7月份，规上工业原油产量1827万吨，同比增长0.8%，6月份为下降0.5%；日均产量58.9万吨。
1—7月份，规上工业原油产量12769万吨，同比增长0.9%。
原油加工降幅收窄。7月份，规上工业原油加工量5311万吨，同比下降15.8%，降幅比6月份收窄1.9个百分点；日均加工量171.3万吨。
1—7月份，规上工业原油加工量39696万吨，同比下降6.5%。
天然气生产保持稳定。7月份，规上工业天然气产量214亿立方米，同比下降0.9%；日均产量6.9亿立方米。
1—7月份，规上工业天然气产量1543亿立方米，同比增长1.2%。
二、电力生产情况
规上工业电力生产基本平稳。7月份，规上工业发电量9439亿千瓦时，同比略降0.1%；日均发电304.5亿千瓦时。1—7月份，规上工业发电量56985亿千瓦时，同比增长3.0%。
分品种看，7月份，规上工业火电由增转降，水电增速加快，核电、太阳能发电增速放缓，风电由降转增。其中，规上工业火电同比下降3.5%，6月份为增长0.5%；规上工业水电增长6.7%，增速加快1.9个百分点；规上工业核电增长6.6%，增速放缓1.9个百分点；规上工业风电增长4.5%，6月份为下降5.6%；规上工业太阳能发电增长5.6%，增速放缓8.6个百分点。
日均产品产量：是以当月公布的规模以上工业企业总产量除以该月日历天数计算得到。
报告中的产量数据统计口径均为规模以上工业，其统计范围为年主营业务收入2000万元及以上的工业企业。
由于规模以上工业企业范围每年发生变化，为保证本年数据与上年可比，计算产品产量等各项指标同比增长速度所采用的同期数与本期的企业统计范围相一致，和上年公布的数据存在口径差异。
国际太阳能光伏网
光伏资讯一手掌握，关注国际能源网 ""
看资讯 / 读政策 / 找项目 / 推品牌 / 卖产品 / 招投标 / 招代理 / 发文章
全国规上工业太阳能发电量
全国太阳能发电量统计数据
广西壮族自治区太阳能发电量
太阳能发电量统计
新疆太阳能发电量
太阳能发电量统计
宁夏太阳能发电量
太阳能发电量统计
重庆市太阳能发电量
太阳能发电量统计
黑龙江太阳能发电量
太阳能发电量统计
太阳能光伏资讯热点排行
辽宁朝阳市2.05GW风、光项目竞配：涉及国家能源集团、华能、中广
130亿投资，超100GW产线升级！隆基、天合、晶澳、TCL中环、爱旭
最低0.663元/W！华润5.4GW光伏组件集采：协鑫、晶澳、横店东磁、
四川雅江流域3GW光伏项目优选业主
光伏「周事迹」事关“十五五”规划/绿电直连/风光项目/分布式光
注册资本2.4亿元！华能、通威成立新能源公司
规模超 17.3GW！多地集中清理光伏指标释放了哪些信号？
报价小幅探涨  本周单晶硅片市场成交清淡
舒印彪解读《新型电力系统建设“十五五”规划》
高纪凡CIES 2026：锚定技术长期主义，共筑光储协同未来
大唐发电总经理任职
舒印彪解读《新型电力系统建设“十五五”规划》
高纪凡CIES 2026：锚定技术长期主义，共筑光储协同未来
国家统计局：7月规上工业太阳能发电增长5.6%
江苏​镇江市征求意见：到2030年全市分布式光伏累计达到5.6GW！
中广核成立新能源公司
四川这地再次暂停分布式光伏项目备案！
内蒙古90MW分散式风电、分布式光伏发电项目优选公示",full,,dom_or_structured_full_text,https://solar.in-en.com/html/solar-2462878.shtml,国际太阳能光伏网,光伏,光伏新闻,2026-08-18T22:53:54+00:00,未分类,,,[],unclassified,2026-08-18T23:03:01.669036+00:00,glm-5.2,2026-08-14,
国际新能源网-太阳能光伏行业专业门户网站,2026-08-18,"日期：2026-08-18
国际太阳能光伏网
光伏头条获悉，8月14日，
中国南水北调集团
有限公司2026-2027年度
、逆变器集中采购招标公告发布。
其中，本次光伏组件集中采购分为二个标段，计划采购容量共计1300MW：标段一为N型单晶双面双玻（TOPCon）光伏组件，计划采购容量为1000MW；标段二为单晶双面双玻（BC）光伏组件，计划采购容量为300MW。
本次逆变器集中采购计划总容量800MW，为组串式逆变器（功率176kW及以上）。
中国南水北调集团有限公司
2026-2027年度光伏组件集中采购
招标公告显示，本次集中采购为单晶光伏组件框架入围采购。本次集中采购分为二个标段：标段一为N型单晶双面双玻（TOPCon）光伏组件，标段二为单晶双面双玻（BC）光伏组件。本次采购的各规格型号光伏组件采购数量均为预估量，实际采购容量以招标人具体项目落地实施情况为准。框架协议执行过程中，招标人不承诺各规格型号实际采购容量与预估容量一致，不承诺一定产生实际订单。招标人保留部分项目不纳入本次框架采购的权利。如因国家新能源产业政策、市场环境与项目前期等原因，导致在框架协议有效期内未能完成预估授标容量，招标人不承担任何责任，投标人须充分考虑以上风险。本项目为框架采购，招标人不承诺实际供货份额。
本次招标共分为2个标段，分别为：
（1）标段一名称：N型单晶双面双玻（TOPCon）光伏组件标段（标段编号：NSBDgroup2026WZ2813/01）
采购内容：N型单晶双面双玻（TOPCon）光伏组件，计划采购容量为1000MW，型号包括转换效率22.8%及以上，电池片尺寸182mm及以上单晶双面双玻组件；
招标范围包括拟投设备的设计、制造、试验、包装、运输至现场（或港口）及交货、现场开箱检查、安装指导、调试试验、试运行、消缺、性能保证的考核验收、技术服务和质保期内的维修及保养等工作。具体内容详见招标文件第五章《供货要求》。
（2）标段二名称：单晶双面双玻（BC）光伏组件标段（标段编号：NSBDgroup2026WZ2813/02）
采购内容：单晶双面双玻（BC）光伏组件，计划采购容量为300MW，型号包括转换效率23.8%及以上，电池片尺寸182mm及以上单晶双面双玻组件；
招标范围包括拟投设备的设计、制造、试验、包装、运输至现场（或港口）及交货、现场开箱检查、安装指导、调试试验、试运行、消缺、性能保证的考核验收、技术服务和质保期内的维修及保养等工作。具体内容详见招标文件第五章《供货要求》。
框架采购合同有效期：本项目为框架协议采购，有效期为自合同签订之日起至1年。如因国家政策或市场情况造成较大波动，招标人有权随时终止本协议。
交货时间及数量：根据项目实际需求，具体时间、批次、型号及数量以签订的项目采购合同及买方通知为准，原则上每批次设备开始供货时间不晚于该批次设备供货通知书发出后30天。
标段1：N型单晶双面双玻（TOPCon）光伏组件标段，拟选定综合得分排名前6名投标人作为入围供应商。
标段2：单晶双面双玻（BC）光伏组件标段，拟选定综合得分排名前3名投标人作为入围供应商。
中国南水北调集团有限公司
2026-2027年度逆变器集中采购
本次集中采购为组串式逆变器（功率176kW及以上）。本次采购的逆变器采购容量均为预估量，实际采购容量以招标人具体项目落地实施情况为准。框架协议执行过程中，招标人不承诺各规格型号实际采购容量与预估容量一致，不承诺一定产生实际订单。招标人保留部分项目不纳入本次框架采购的权利。如因国家新能源产业政策、市场环境与项目前期等原因，导致在框架协议有效期内未能完成预估授标容量，招标人不承担任何责任，投标人须充分考虑以上风险。本项目为框架采购，招标人不承诺实际供货份额。
招标范围：计划总容量800MW，型号包括功率176KW及以上组串式逆变器，具体以实际项目需求为准。包括拟投设备的设计、制造、试验、包装、运输至现场(或港口)及交货、现场开箱检查、安装指导、调试试验、试运行、消缺、性能保证的考核验收、技术服务和质保期内的维修及保养等工作。
框架采购合同有效期：本项目为框架协议采购，有效期为自合同签订之日起至1年。如因国家政策或市场情况造成较大波动，招标人有权随时终止本协议。
入围数量：本项目拟定入围单位数量为5家。
国际太阳能光伏网
光伏资讯一手掌握，关注国际能源网 ""
看资讯 / 读政策 / 找项目 / 推品牌 / 卖产品 / 招投标 / 招代理 / 发文章
中国南水北调集团
TOPCon组件
中国南水北调集团
太阳能光伏资讯热点排行
辽宁朝阳市2.05GW风、光项目竞配：涉及国家能源集团、华能、中广
130亿投资，超100GW产线升级！隆基、天合、晶澳、TCL中环、爱旭
最低0.663元/W！华润5.4GW光伏组件集采：协鑫、晶澳、横店东磁、
四川雅江流域3GW光伏项目优选业主
注册资本2.4亿元！华能、通威成立新能源公司
规模超 17.3GW！多地集中清理光伏指标释放了哪些信号？
报价小幅探涨  本周单晶硅片市场成交清淡
4.11GW！浙江杭州市2026年Q3分布式光伏可开放容量公示
舒印彪解读《新型电力系统建设“十五五”规划》
高纪凡CIES 2026：锚定技术长期主义，共筑光储协同未来
大唐发电总经理任职
舒印彪解读《新型电力系统建设“十五五”规划》
高纪凡CIES 2026：锚定技术长期主义，共筑光储协同未来
组件1.3GW+逆变器800MW！中国南水北调集团2026-2027年度集采招标
湖北：有序推动多用户绿电直连项目建设！
国家能源局：要加快推进大型风电光伏基地项目建设
中标 | 45家企业入围！中国能建100万吨+4GW光伏支架集采公示中标
华电集团成立新能源公司",full,,dom_or_structured_full_text,https://solar.in-en.com/html/solar-2462867.shtml,国际太阳能光伏网,光伏,光伏新闻,2026-08-18T22:53:56+00:00,零碳产业 > 能量循环 > 能源测 > 发电技术 > 光伏,零碳产业,光伏,"[{""path"":[""零碳产业"",""能量循环"",""能源测"",""发电技术"",""光伏""],""path_text"":""零碳产业 > 能量循环 > 能源测 > 发电技术 > 光伏"",""confidence"":0.9,""reason"":""核心是光伏组件与逆变器的大规模集中采购招标，属光伏产业供应链。""}]",classified,2026-08-18T23:03:01.669036+00:00,glm-5.2,2026-08-14,
EDP Renewables completes 92-MW Sandrini BESS project in California,2026-08-18,"about 10 hours ago
about 16 hours ago
Aug 18, 2026, 5:37:21 PMArticle by Sladjana Djunisic
Loading...
Loading...
about 10 hours ago
about 16 hours ago
Loading...
MESIA Business Breakfast on Smart Cities & Distributed Solar Integration
Sep 17, 2026
Abu Dhabi
Horizons Clean Energy Expansion India Conference
Sep 23, 2026
New Delhi
MESIA Business Breakfast on Smart Cities & Distributed Solar Integration
Sep 17, 2026
Abu Dhabi
Horizons Clean Energy Expansion India Conference
Sep 23, 2026
New Delhi",full,,trafilatura_full_text,https://renewablesnow.com/news/edp-renewables-completes-92-mw-sandrini-bess-project-in-california-1299812/,Renewables Now,综合新能源,可再生能源,2026-08-18T22:54:53+00:00,未分类,,,[],unclassified,2026-08-18T23:03:01.669036+00:00,glm-5.2,2026-08-14,
Israel's OPC Energy raises USD 200.6m through new bond issue,2026-08-18,"about 10 hours ago
about 16 hours ago
Aug 18, 2026, 3:57:28 PMArticle by Sladjana Djunisic
Loading...
Loading...
about 10 hours ago
about 16 hours ago
Loading...
MESIA Business Breakfast on Smart Cities & Distributed Solar Integration
Sep 17, 2026
Abu Dhabi
Horizons Clean Energy Expansion India Conference
Sep 23, 2026
New Delhi
MESIA Business Breakfast on Smart Cities & Distributed Solar Integration
Sep 17, 2026
Abu Dhabi
Horizons Clean Energy Expansion India Conference
Sep 23, 2026
New Delhi",full,,trafilatura_full_text,https://renewablesnow.com/news/israels-opc-energy-raises-usd-200-6m-through-new-bond-issue-1299799/,Renewables Now,综合新能源,可再生能源,2026-08-18T22:54:56+00:00,产业经济与组织 > 企业与资本 > 投融资、并购与资本市场,产业经济与组织,投融资、并购与资本市场,"[{""path"":[""产业经济与组织"",""企业与资本"",""投融资、并购与资本市场""],""path_text"":""产业经济与组织 > 企业与资本 > 投融资、并购与资本市场"",""confidence"":0.85,""reason"":""核心事件是能源公司发行债券融资2亿美元。""}]",classified,2026-08-18T23:03:07.730529+00:00,glm-5.2,2026-08-14,
Enel Chile starts construction of 100-MW Finis Terrae BESS project,2026-08-18,"about 10 hours ago
about 16 hours ago
Aug 18, 2026, 3:29:46 PMArticle by Sladjana Djunisic
Loading...
Loading...
about 10 hours ago
about 16 hours ago
Loading...
MESIA Business Breakfast on Smart Cities & Distributed Solar Integration
Sep 17, 2026
Abu Dhabi
Horizons Clean Energy Expansion India Conference
Sep 23, 2026
New Delhi
MESIA Business Breakfast on Smart Cities & Distributed Solar Integration
Sep 17, 2026
Abu Dhabi
Horizons Clean Energy Expansion India Conference
Sep 23, 2026
New Delhi",full,,trafilatura_full_text,https://renewablesnow.com/news/enel-chile-starts-construction-of-100-mw-finis-terrae-bess-project-1299797/,Renewables Now,综合新能源,可再生能源,2026-08-18T22:55:00+00:00,零碳产业 > 能量循环 > 能量存储 > 电化学储能 > 二次电池 > 锂电池,零碳产业,锂电池,"[{""path"":[""零碳产业"",""能量循环"",""能量存储"",""电化学储能"",""二次电池"",""锂电池""],""path_text"":""零碳产业 > 能量循环 > 能量存储 > 电化学储能 > 二次电池 > 锂电池"",""confidence"":0.72,""reason"":""核心事件是启动100MW电池储能系统项目建设。""}]",classified,2026-08-18T23:03:07.730529+00:00,glm-5.2,2026-08-14,
Metlen buys Greek firm Joule to boost digital capabilities,2026-08-18,"about 10 hours ago
about 16 hours ago
Aug 18, 2026, 2:33:24 PMArticle by Plamena Tisheva
Loading...
Loading...
about 10 hours ago
about 16 hours ago
Loading...
MESIA Business Breakfast on Smart Cities & Distributed Solar Integration
Sep 17, 2026
Abu Dhabi
Horizons Clean Energy Expansion India Conference
Sep 23, 2026
New Delhi
MESIA Business Breakfast on Smart Cities & Distributed Solar Integration
Sep 17, 2026
Abu Dhabi
Horizons Clean Energy Expansion India Conference
Sep 23, 2026
New Delhi",full,,trafilatura_full_text,https://renewablesnow.com/news/metlen-buys-greek-firm-joule-to-boost-digital-capabilities-1299790/,Renewables Now,综合新能源,可再生能源,2026-08-18T22:55:03+00:00,产业经济与组织 > 企业与资本 > 投融资、并购与资本市场,产业经济与组织,投融资、并购与资本市场,"[{""path"":[""产业经济与组织"",""企业与资本"",""投融资、并购与资本市场""],""path_text"":""产业经济与组织 > 企业与资本 > 投融资、并购与资本市场"",""confidence"":0.88,""reason"":""核心事件是企业收购以增强数字化能力的并购交易。""}]",classified,2026-08-18T23:03:07.730529+00:00,glm-5.2,2026-08-14,
German industry body calls for CfD-only model for offshore wind,2026-08-18,"about 10 hours ago
about 16 hours ago
Aug 18, 2026, 4:44:35 PMArticle by Anna Vassileva
Loading...
Loading...
about 10 hours ago
about 16 hours ago
Loading...
MESIA Business Breakfast on Smart Cities & Distributed Solar Integration
Sep 17, 2026
Abu Dhabi
Horizons Clean Energy Expansion India Conference
Sep 23, 2026
New Delhi
MESIA Business Breakfast on Smart Cities & Distributed Solar Integration
Sep 17, 2026
Abu Dhabi
Horizons Clean Energy Expansion India Conference
Sep 23, 2026
New Delhi",full,,trafilatura_full_text,https://renewablesnow.com/news/german-industry-body-calls-for-cfd-only-model-for-offshore-wind-1299804/,Renewables Now,综合新能源,可再生能源,2026-08-18T22:55:07+00:00,公共政策与社会治理 > 政策法规 > 产业与能源政策,公共政策与社会治理,产业与能源政策,"[{""path"":[""公共政策与社会治理"",""政策法规"",""产业与能源政策""],""path_text"":""公共政策与社会治理 > 政策法规 > 产业与能源政策"",""confidence"":0.85,""reason"":""行业协会呼吁海上风电采用差价合同支持机制，属能源产业政策。""},{""path"":[""零碳产业"",""能量循环"",""能源测"",""发电技术"",""风电""],""path_text"":""零碳产业 > 能量循环 > 能源测 > 发电技术 > 风电"",""confidence"":0.8,""reason"":""政策明确指向海上风电产业。""}]",classified,2026-08-18T23:03:07.730529+00:00,glm-5.2,2026-08-14,
P2X Solutions to supply e-methane to avanca,2026-08-18,"about 10 hours ago
about 16 hours ago
Aug 18, 2026, 5:23:50 PMArticle by Plamena Tisheva
Loading...
Loading...
about 10 hours ago
about 16 hours ago
Loading...
MESIA Business Breakfast on Smart Cities & Distributed Solar Integration
Sep 17, 2026
Abu Dhabi
Horizons Clean Energy Expansion India Conference
Sep 23, 2026
New Delhi
MESIA Business Breakfast on Smart Cities & Distributed Solar Integration
Sep 17, 2026
Abu Dhabi
Horizons Clean Energy Expansion India Conference
Sep 23, 2026
New Delhi",full,,trafilatura_full_text,https://renewablesnow.com/news/p2x-solutions-to-supply-e-methane-to-avanca-1299809/,Renewables Now,综合新能源,可再生能源,2026-08-18T22:55:10+00:00,零碳产业 > 能量循环 > 能量存储 > 化学能 > 可再生燃料,零碳产业,可再生燃料,"[{""path"":[""零碳产业"",""能量循环"",""能量存储"",""化学能"",""可再生燃料""],""path_text"":""零碳产业 > 能量循环 > 能量存储 > 化学能 > 可再生燃料"",""confidence"":0.88,""reason"":""核心事件是供应电制甲烷这一可再生合成燃料。""}]",classified,2026-08-18T23:03:07.730529+00:00,glm-5.2,2026-08-14,
Large green H2 project at Heide Refinery in Germany called off,2026-08-18,"about 10 hours ago
about 16 hours ago
Aug 18, 2026, 4:24:04 PMArticle by Martina Markosyan
Loading...
Loading...
about 10 hours ago
about 16 hours ago
Loading...
MESIA Business Breakfast on Smart Cities & Distributed Solar Integration
Sep 17, 2026
Abu Dhabi
Horizons Clean Energy Expansion India Conference
Sep 23, 2026
New Delhi
MESIA Business Breakfast on Smart Cities & Distributed Solar Integration
Sep 17, 2026
Abu Dhabi
Horizons Clean Energy Expansion India Conference
Sep 23, 2026
New Delhi",full,,trafilatura_full_text,https://renewablesnow.com/news/large-green-h2-project-at-heide-refinery-in-germany-called-off-1299802/,Renewables Now,综合新能源,可再生能源,2026-08-18T22:55:15+00:00,零碳产业 > 能量循环 > 能量存储 > 化学能 > 氢基能源,零碳产业,氢基能源,"[{""path"":[""零碳产业"",""能量循环"",""能量存储"",""化学能"",""氢基能源""],""path_text"":""零碳产业 > 能量循环 > 能量存储 > 化学能 > 氢基能源"",""confidence"":0.85,""reason"":""核心事件是炼厂大型绿氢项目被取消，属绿氢制取与基础设施。""}]",classified,2026-08-18T23:03:07.730529+00:00,glm-5.2,2026-08-14,
"SoHHytec, PX Group launch solar hydrogen demo project",2026-08-18,"about 10 hours ago
about 16 hours ago
Aug 18, 2026, 12:02:06 PMArticle by Martina Markosyan
Loading...
Loading...
about 10 hours ago
about 16 hours ago
Loading...
MESIA Business Breakfast on Smart Cities & Distributed Solar Integration
Sep 17, 2026
Abu Dhabi
Horizons Clean Energy Expansion India Conference
Sep 23, 2026
New Delhi
MESIA Business Breakfast on Smart Cities & Distributed Solar Integration
Sep 17, 2026
Abu Dhabi
Horizons Clean Energy Expansion India Conference
Sep 23, 2026
New Delhi",full,,trafilatura_full_text,https://renewablesnow.com/news/sohhytec-px-group-launch-solar-hydrogen-demo-project-1299779/,Renewables Now,综合新能源,可再生能源,2026-08-18T22:55:21+00:00,零碳产业 > 能量循环 > 能量存储 > 化学能 > 氢基能源,零碳产业,氢基能源,"[{""path"":[""零碳产业"",""能量循环"",""能量存储"",""化学能"",""氢基能源""],""path_text"":""零碳产业 > 能量循环 > 能量存储 > 化学能 > 氢基能源"",""confidence"":0.9,""reason"":""核心是太阳能制氢示范项目，属于绿氢制取与氢能基础设施。""}]",classified,2026-08-18T23:03:13.861534+00:00,glm-5.2,2026-08-14,
Engie strikes three-party deal to power QTS data centre ops in Texas,2026-08-18,"about 10 hours ago
about 16 hours ago
Aug 18, 2026, 4:08:48 PMArticle by Ivan Shumkov
Loading...
Loading...
about 10 hours ago
about 16 hours ago
Loading...
MESIA Business Breakfast on Smart Cities & Distributed Solar Integration
Sep 17, 2026
Abu Dhabi
Horizons Clean Energy Expansion India Conference
Sep 23, 2026
New Delhi
MESIA Business Breakfast on Smart Cities & Distributed Solar Integration
Sep 17, 2026
Abu Dhabi
Horizons Clean Energy Expansion India Conference
Sep 23, 2026
New Delhi",full,,trafilatura_full_text,https://renewablesnow.com/news/engie-strikes-three-party-deal-to-power-qts-data-centre-ops-in-texas-1299800/,Renewables Now,综合新能源,可再生能源,2026-08-18T22:55:25+00:00,AI与智能科技 > AI硬件层 > 数据中心,AI与智能科技,数据中心,"[{""path"":[""AI与智能科技"",""AI硬件层"",""数据中心""],""path_text"":""AI与智能科技 > AI硬件层 > 数据中心"",""confidence"":0.85,""reason"":""核心事件是为德州QTS数据中心供电的三方协议，涉及数据中心能源供应。""}]",classified,2026-08-18T23:03:13.861534+00:00,glm-5.2,2026-08-14,
"Saxon, NTER set up JV to pursue solar glass in Ukraine, Middle East",2026-08-18,"about 10 hours ago
about 16 hours ago
Aug 18, 2026, 5:12:25 PMArticle by Martina Markosyan
Loading...
Loading...
about 10 hours ago
about 16 hours ago
Loading...
MESIA Business Breakfast on Smart Cities & Distributed Solar Integration
Sep 17, 2026
Abu Dhabi
Horizons Clean Energy Expansion India Conference
Sep 23, 2026
New Delhi
MESIA Business Breakfast on Smart Cities & Distributed Solar Integration
Sep 17, 2026
Abu Dhabi
Horizons Clean Energy Expansion India Conference
Sep 23, 2026
New Delhi",full,,trafilatura_full_text,https://renewablesnow.com/news/saxon-nter-set-up-jv-to-pursue-solar-glass-in-ukraine-middle-east-1299808/,Renewables Now,综合新能源,可再生能源,2026-08-18T22:55:29+00:00,零碳产业 > 物质循环 > 无机物 > 非金属 > 玻璃,零碳产业,玻璃,"[{""path"":[""零碳产业"",""物质循环"",""无机物"",""非金属"",""玻璃""],""path_text"":""零碳产业 > 物质循环 > 无机物 > 非金属 > 玻璃"",""confidence"":0.85,""reason"":""核心是合资开展光伏玻璃业务，属于玻璃制造产业。""}]",classified,2026-08-18T23:03:13.861534+00:00,glm-5.2,2026-08-14,
PowerBank reacquires 13.9-MW New York solar portfolio for USD 2.4m,2026-08-18,"about 10 hours ago
about 16 hours ago
Aug 18, 2026, 5:06:01 PMArticle by Sladjana Djunisic
Loading...
Loading...
about 10 hours ago
about 16 hours ago
Loading...
MESIA Business Breakfast on Smart Cities & Distributed Solar Integration
Sep 17, 2026
Abu Dhabi
Horizons Clean Energy Expansion India Conference
Sep 23, 2026
New Delhi
MESIA Business Breakfast on Smart Cities & Distributed Solar Integration
Sep 17, 2026
Abu Dhabi
Horizons Clean Energy Expansion India Conference
Sep 23, 2026
New Delhi",full,,trafilatura_full_text,https://renewablesnow.com/news/powerbank-reacquires-13-9-mw-new-york-solar-portfolio-for-usd-2-4m-1299806/,Renewables Now,综合新能源,可再生能源,2026-08-18T22:55:34+00:00,零碳产业 > 能量循环 > 能源测 > 发电技术 > 光伏,零碳产业,光伏,"[{""path"":[""零碳产业"",""能量循环"",""能源测"",""发电技术"",""光伏""],""path_text"":""零碳产业 > 能量循环 > 能源测 > 发电技术 > 光伏"",""confidence"":0.85,""reason"":""核心是收购纽约光伏电站资产组合，属于光伏电站市场交易。""}]",classified,2026-08-18T23:03:13.861534+00:00,glm-5.2,2026-08-14,
Germany awards 2.1 GW in oversubscribed ground-mounted solar tender,2026-08-18,"about 10 hours ago
about 16 hours ago
Aug 18, 2026, 3:20:29 PMArticle by Plamena Tisheva
Loading...
Loading...
about 10 hours ago
about 16 hours ago
Loading...
MESIA Business Breakfast on Smart Cities & Distributed Solar Integration
Sep 17, 2026
Abu Dhabi
Horizons Clean Energy Expansion India Conference
Sep 23, 2026
New Delhi
MESIA Business Breakfast on Smart Cities & Distributed Solar Integration
Sep 17, 2026
Abu Dhabi
Horizons Clean Energy Expansion India Conference
Sep 23, 2026
New Delhi",full,,trafilatura_full_text,https://renewablesnow.com/news/germany-awards-2-1-gw-in-oversubscribed-ground-mounted-solar-tender-1299794/,Renewables Now,综合新能源,可再生能源,2026-08-18T22:55:38+00:00,公共政策与社会治理 > 政策法规 > 产业与能源政策,公共政策与社会治理,产业与能源政策,"[{""path"":[""公共政策与社会治理"",""政策法规"",""产业与能源政策""],""path_text"":""公共政策与社会治理 > 政策法规 > 产业与能源政策"",""confidence"":0.85,""reason"":""德国政府地面光伏招标结果属于能源产业政策与调控。""},{""path"":[""零碳产业"",""能量循环"",""能源测"",""发电技术"",""光伏""],""path_text"":""零碳产业 > 能量循环 > 能源测 > 发电技术 > 光伏"",""confidence"":0.8,""reason"":""招标明确指向地面光伏电站产业。""}]",classified,2026-08-18T23:03:13.861534+00:00,glm-5.2,2026-08-14,
"Egypt, Renergy discuss progress on 3.1 GW solar, storage project",2026-08-18,"about 10 hours ago
about 16 hours ago
Aug 18, 2026, 11:52:13 AMArticle by Anna Vassileva
Loading...
Loading...
about 10 hours ago
about 16 hours ago
Loading...
MESIA Business Breakfast on Smart Cities & Distributed Solar Integration
Sep 17, 2026
Abu Dhabi
Horizons Clean Energy Expansion India Conference
Sep 23, 2026
New Delhi
MESIA Business Breakfast on Smart Cities & Distributed Solar Integration
Sep 17, 2026
Abu Dhabi
Horizons Clean Energy Expansion India Conference
Sep 23, 2026
New Delhi",full,,trafilatura_full_text,https://renewablesnow.com/news/egypt-renergy-discuss-progress-on-3-1-gw-solar-storage-project-1299778/,Renewables Now,综合新能源,可再生能源,2026-08-18T22:55:43+00:00,零碳产业 > 能量循环 > 能源测 > 发电技术 > 光伏,零碳产业,光伏,"[{""path"":[""零碳产业"",""能量循环"",""能源测"",""发电技术"",""光伏""],""path_text"":""零碳产业 > 能量循环 > 能源测 > 发电技术 > 光伏"",""confidence"":0.88,""reason"":""核心是3.1 GW光伏加储能项目的进展。""}]",classified,2026-08-18T23:03:13.861534+00:00,glm-5.2,2026-08-14,
Moldovan tender allocates 170 MW of wind with co-located BESS,2026-08-18,"about 10 hours ago
about 16 hours ago
Aug 18, 2026, 9:32:08 AMArticle by Veselina Petrova
Loading...
Loading...
about 10 hours ago
about 16 hours ago
Loading...
MESIA Business Breakfast on Smart Cities & Distributed Solar Integration
Sep 17, 2026
Abu Dhabi
Horizons Clean Energy Expansion India Conference
Sep 23, 2026
New Delhi
MESIA Business Breakfast on Smart Cities & Distributed Solar Integration
Sep 17, 2026
Abu Dhabi
Horizons Clean Energy Expansion India Conference
Sep 23, 2026
New Delhi",full,,trafilatura_full_text,https://renewablesnow.com/news/moldovan-tender-allocates-170-mw-of-wind-with-co-located-bess-1299762/,Renewables Now,综合新能源,可再生能源,2026-08-18T22:55:59+00:00,零碳产业 > 能量循环 > 能源测 > 发电技术 > 风电,零碳产业,风电,"[{""path"":[""零碳产业"",""能量循环"",""能源测"",""发电技术"",""风电""],""path_text"":""零碳产业 > 能量循环 > 能源测 > 发电技术 > 风电"",""confidence"":0.9,""reason"":""摩尔多瓦风电招标配储是核心事件，涉及风电项目开发""}]",classified,2026-08-18T23:03:18.691888+00:00,glm-5.2,2026-08-14,
Vestas wins 306 MW of orders for undisclosed US projects,2026-08-18,"about 10 hours ago
about 16 hours ago
Aug 18, 2026, 5:30:10 PMArticle by Plamena Tisheva
Loading...
Loading...
about 10 hours ago
about 16 hours ago
Loading...
MESIA Business Breakfast on Smart Cities & Distributed Solar Integration
Sep 17, 2026
Abu Dhabi
Horizons Clean Energy Expansion India Conference
Sep 23, 2026
New Delhi
MESIA Business Breakfast on Smart Cities & Distributed Solar Integration
Sep 17, 2026
Abu Dhabi
Horizons Clean Energy Expansion India Conference
Sep 23, 2026
New Delhi",full,,trafilatura_full_text,https://renewablesnow.com/news/vestas-wins-306-mw-of-orders-for-undisclosed-us-projects-1299810/,Renewables Now,综合新能源,可再生能源,2026-08-18T22:56:03+00:00,零碳产业 > 能量循环 > 能源测 > 发电技术 > 风电,零碳产业,风电,"[{""path"":[""零碳产业"",""能量循环"",""能源测"",""发电技术"",""风电""],""path_text"":""零碳产业 > 能量循环 > 能源测 > 发电技术 > 风电"",""confidence"":0.92,""reason"":""Vestas获得美国风电整机订单，核心是风电设备供应""}]",classified,2026-08-18T23:03:18.691888+00:00,glm-5.2,2026-08-14,
合盛硅业被美国从《涉疆法案》名单中移出！-索比光伏网,2026-08-18,"据悉，美国海关和边境保护局（CBP）正式发函，将（嘉兴）有限公司从涉疆强迫劳动相关执法名单中移除，相关决定自当日起正式生效，合盛硅业也成为国内首家从该名单中成功移除的硅基材料企业。
回溯至2021年6月24日，美国CBP以所谓涉疆理由，向合盛硅业发布暂扣令（WRO），对该企业产出的光伏原料、各类硅基产品，以及使用该企业原料加工生产的下游衍生产品实施进口扣押。后续该暂扣令被纳入美国《涉疆法案》执行框架，不仅直接阻碍企业相关产品对美出口，还在产业链传导下对国内下游光伏产业链原材料供应形成扰动，给硅材料及光伏上下游企业带来了持续五年的供应链不确定性。
随着本次暂扣令被正式撤销，与之配套的《涉疆法案》项下相关进口限制措施同步解除，合盛硅业面向美国市场的海外贸易通道彻底恢复畅通，也为国内硅基新材料、光伏上下游供应链的稳定性释放了积极信号。
索比光伏网 https://news.solarbe.com/202608/18/50027705.html",full,,trafilatura_full_text,https://news.solarbe.com/202608/18/50027705.html,索比光伏-综合新闻,光伏,光伏综合新闻,2026-08-18T22:56:45+00:00,公共政策与社会治理 > 政策法规 > 监管、标准与合规,公共政策与社会治理,监管、标准与合规,"[{""path"":[""公共政策与社会治理"",""政策法规"",""监管、标准与合规""],""path_text"":""公共政策与社会治理 > 政策法规 > 监管、标准与合规"",""confidence"":0.85,""reason"":""美国海关将企业移出涉疆执法名单，核心是监管合规与贸易限制解除""}]",classified,2026-08-18T23:03:18.691888+00:00,glm-5.2,2026-08-14,
今年以来，超4GW光伏项目EPC终止！-索比光伏网,2026-08-18,"2026年以来，光伏项目投资热度明显下降。大量光伏项目指标被地方废止；另一方面，一些获得指标、且已经开展EPC招标的项目，由于各种原因EPC终止。初步统计，2026年以来，有超过4GW光伏EPC项目终止。
从地域来看，主要集中于新疆，新疆EPC终止的项目规模达到2250MW；其次为贵州、山西，终止规模分别为820MW、425MW。
从终止原因来看，主要包括：技术发生重大变更、中标方中标后拒签合同、投资计划变更/取消、发生不可抗因素、无人应标等。
一、技术发生重大变更
1）新疆融颐500MW光伏项目EPC
8月17日，新疆融颐科技有限公司新和县50万千瓦光伏治沙一体化项目（EPC）发布终止公告。终止原因为：招标范围勘察部分及相关技术要求有重大变更，经招标人决议终止本次项目招标活动。
此前，6月16日，该项目就曾因变更废止过一次！
2）贵州毕节420MW分布式EPC
1月22日，“贵州省毕节市七星关区产业园420MW屋顶光伏发电项目EPC终止公告”发布。根据公告，该EPC项目招标终止的原因是技术发生变更，另行组织招标。
3）三穗县“400MW分布式光伏发电”项目
4月13日，三穗县“400MW分布式光伏发电”项目设计、施工总承包发布废标公告，废标原因为：项目建设规模及实施内容有重大调整。
4）协合金湖120MW渔光互补项目
2月2日，协合金湖120MW渔光互补光伏电站项目EPC总承包发布终止招标公告，终止原因为：项目建设计划变更。
二、中标方不签合同
1）巴彦淖尔市临河区工商业分布式光伏EPC项目
6月17日，农发新能源（巴彦淖尔市）有限公司发布《内蒙古巴彦淖尔市临河区数智化庭院式+工商业分布式光伏EPC项目（三期）》终止公告。终止原因为：中标方未缴代理费、拒收中标通知书、无正当理由拒签合同
2）塔城上电电力：新疆350MW光伏项目EPC废标
5月7日，塔城上电电力有限公司发布托里县160万千瓦光伏发电项目（五标段）、（七标段）的废标说明；同时附废标函。根据废标函，
五标段废标原因为：截止日期前，中标公司未按通知要求完成合同签署，亦未在限期内就签约障碍达成有效解决方案。
七标段废标原因为：截至本函发出之日，中标后无正当理由拒不与我方签订施工合同，我方多次拨打贵单位相关联系电话，始终无法与贵单位取得有效联系，导致签约及履约相关事宜无法推进，贵单位该行为已构成严重违约。
3）国润怀仁100MW光伏发电项目
4月20日，国润怀仁100MW光伏发电项目EPC总承包工程发布中标终止公告，终止原因为：甲乙双方协商一致终止合同。
三、招标计划取消/有变
1）金达弘景莎车县100万千瓦光伏治沙项目
8月14日，金达弘景莎车县100万千瓦光伏治沙项目(EPC)发布终止公告（公告原文附后），终止原因为：采购计划取消。
公开资料显示，该项目于2026年8月13日开展EPC招标，仅仅一天便取消。
2）山西125MW工商业屋顶光伏
6月17日，山西省运城市稷山经济技术开发区125MW工商业屋顶光伏发电项目（EPC）发布终止公告，终止原因为：招标计划有变。
3）国家能源集团：福建276MW光伏项目EPC终止
5月12日，国家能源集团的国能e招网发布《福建公司福州电厂福清市白鸽山350MW渔光互补光伏电站项目（A标段）EPC工程公开招标终止公告》，终止原因为：在项目期间，由于招标人对项目进行重新策划，终止本项目第001的招标工作。
根据此前的招标公告，项目总规模为350MW(交流侧）/416.67MWp(直流侧），分A、B、C三个标段。其中，A标段直流约275.6656MWp
四、发生不可抗因素
甘肃青风能源：永靖县100MW光伏项目EPC终止
5月6日，甘肃经济信息网发布《永靖县100兆瓦分布式光伏长廊项目（PC）总承包终止公告》，根据公告：因本项目发生不可抗因素，现终止本项目招投标活动。
大秦电力：新疆400MW光伏项目EPC流标
5月15日，大秦电力新和县60万千瓦光伏治沙项目EPC总承包的二、三个标段，发布流标公告，流标原因为：截至招标文件规定的投标文件递交截止时间，递交投标文件的投标人不足三家。
根据项目招标公告，本项目供600MW，分三个标段，每个标段为200MW。
晶旭尧都200MW光伏电站终止
2月2日，晶旭尧都200MW光伏电站项目EPC总承包发布招标终止公告，未明确具体原因。
上述终止项目主要情况汇总如下表所示。
索比光伏网 https://news.solarbe.com/202608/18/50027715.html",full,,trafilatura_full_text,https://news.solarbe.com/202608/18/50027715.html,索比光伏-综合新闻,光伏,光伏综合新闻,2026-08-18T22:56:47+00:00,零碳产业 > 能量循环 > 能源测 > 发电技术 > 光伏,零碳产业,光伏,"[{""path"":[""零碳产业"",""能量循环"",""能源测"",""发电技术"",""光伏""],""path_text"":""零碳产业 > 能量循环 > 能源测 > 发电技术 > 光伏"",""confidence"":0.9,""reason"":""核心事件是超4GW光伏EPC项目终止，涉及光伏电站项目开发""}]",classified,2026-08-18T23:03:18.691888+00:00,glm-5.2,2026-08-14,
27GW！ALMM清单抢装潮下，印度上半年光伏装机创历史新高-索比光伏网,2026-08-18,"Mercom India Research 最新报告《2026 年二季度与上半年印度光伏市场报告（Q2 and 1H 2026 India Solar Market Update）》显示，印度 2026 年上半年新增光伏装机容量达到创纪录的 27GW，较 2025 年同期的 18GW 增长 49%，这主要受到 ALMM List-II 和 ISTS 截止时间迫近的抢装需求推动。
Mercom 报告显示，印度光伏组件新增装机在 2026 年上半年加速增长。（TaiyangNews 制图）
仅第二季度，印度新增 12GW 光伏组件装机容量，较 2025 年同期的 18GW 增长了 49%，但环比第一季度的 15GW 下降了 24%。Mercom 将这一环比下降归因于符合 ALMM 清单要求的本土生产光伏电池供应量限制且价格较高。
Mercom Capital Group 首席执行官 Raj Prabhu 将上半年的增长归功于强劲的需求和在关键政策调整期限临近——大量项目赶在 2026 年 6 月 1 日 ALMM List-II 实施截止日期前完工。此外，Mercom India 总经理 Priya Sanjay 补充道，满足跨州输电系统（ISTS）阶段性退出截止日期是另一个重要因素。
二季度，印度大型光伏项目安装量占总容量的 68%，共计 8GW，但环比下降 37%，同比下降 23%。屋顶光伏则新增 4GW，占比为 33%。
截至 2026 年 6 月底，印度累计光伏装机容量达到 165GW，其中大型项目占 83%，屋顶光伏占 17%。
据报告统计，截至 2026 年 6 月底，印度处于开发阶段的大型光伏项目容量为 208GW，另有 151GW 处于招标进程中。然而，印度的光伏招标和拍卖活动已显著放缓，第二季度 5GW 的公用事业规模容量招标量同比下降 22%，环比下降 6%，而 2GW 的拍卖量则同比下降 40%，环比下降 56%。
土地征用、输电容量有限以及本土光伏电池短缺被认为是减缓印度公用事业规模光伏安装的原因。Prabhu 表示，ALMM List-II 增加了国内电池供应压力，特别是 TOPCon，影响了及时采购和项目规划，除非解决这些主要瓶颈，否则印度庞大的项目储备将无法按期投产。
索比光伏网 https://news.solarbe.com/202608/18/50027710.html",full,,trafilatura_full_text,https://news.solarbe.com/202608/18/50027710.html,索比光伏-综合新闻,光伏,光伏综合新闻,2026-08-18T22:56:49+00:00,零碳产业 > 能量循环 > 能源测 > 发电技术 > 光伏,零碳产业,光伏,"[{""path"":[""零碳产业"",""能量循环"",""能源测"",""发电技术"",""光伏""],""path_text"":""零碳产业 > 能量循环 > 能源测 > 发电技术 > 光伏"",""confidence"":0.92,""reason"":""印度上半年光伏装机创历史新高，核心是光伏市场装机数据""}]",classified,2026-08-18T23:03:18.691888+00:00,glm-5.2,2026-08-14,
某林光互补项目毁林30公顷被追责，赔偿26.3万元并原地复绿-索比光伏网,2026-08-18,"近期，重庆市第五批生态环境损害赔偿典型案例正式发布。其中，彭水县某清洁能源有限公司违法毁坏林木生态环境损害赔偿案被列为典型案例。
2025年3月，某清洁能源有限公司在彭水县石柳乡荞竹村建设光伏项目。然而，施工过程中，该公司未严格按照林光互补模式规定，违法实施割灌作业，造成大面积林地损毁。
值得关注的是，案发地点位于国家和市级主体功能区规划中划定的重点生态功能区、禁止开发区，生态敏感度极高。彭水县林业局立即启动生态环境损害赔偿程序。经专业机构鉴定，该清洁能源有限公司违法割灌30.17公顷，其中：采伐散生林木70株，林木蓄积6.717立方米，材积4.349立方米，造成森林生态系统服务功能损失26.28万元。
为压实企业生态主体责任，补齐生态损失短板，2026年5月9日，彭水县林业局邀请县检察院、县生态环境局与某清洁能源有限公司召开了生态环境损害赔偿磋商会议，达成一致意见并签订了生态环境损害赔偿协议，某清洁能源有限公司缴纳生态损害赔偿金26.28万元。
磋商协议的墨迹未干，某清洁能源有限公司就积极履行赔偿责任——5月9日当天，26.28万元生态损害赔偿金缴入县财政局专用账户。
钱交了，林子还得种回来。按照《植被恢复实施方案》，该公司对施工过程中违法割灌的30.17公顷林地进行原地复绿。彭水县林业局组织验收，恢复面积、栽植株数、栽植密度、苗木质量等全部达标，损毁林地重新恢复了生态功能。
该案例破除部门壁垒，构建了联动共治体系。县林业局联合县检察院、县生态环境局，着力构建“线索共享、调查联动、磋商协同”的全流程协作机制，切实打破部门壁垒，形成各司其职、密切配合的工作格局。从协议磋商到生态环境修复和赔偿金赔付，由县林业局牵头组织，县检察院、县生态环境局共同参与，实现“行政处罚+损害赔偿+生态修复”立体追责的无缝衔接。
二是坚持双轨追责，织密生态责任网络。在依法作出林业行政处罚、责令当事人补种相应倍数树木的基础上，同步启动生态环境损害赔偿程序，实现行政处罚与生态损害赔偿双轨并行、互不替代、互为补充，构成严密完整的责任追究体系。
三是立足科学修复，确保生态治理实效。本案制定了《植被恢复实施方案》，重庆市林业规划设计院对该地块植被修复效果进行了验收，核实恢复面积、栽植株数、栽植密度、苗木质量、按实施方案施工等情况，确保将被损毁的林地恢复到可供利用状态。
索比光伏网 https://news.solarbe.com/202608/18/50027719.html",full,,trafilatura_full_text,https://news.solarbe.com/202608/18/50027719.html,索比光伏-综合新闻,光伏,光伏综合新闻,2026-08-18T22:56:51+00:00,公共政策与社会治理 > 安全与治理 > 社会治理、伦理与隐私,公共政策与社会治理,社会治理、伦理与隐私,"[{""path"":[""公共政策与社会治理"",""安全与治理"",""社会治理、伦理与隐私""],""path_text"":""公共政策与社会治理 > 安全与治理 > 社会治理、伦理与隐私"",""confidence"":0.7,""reason"":""核心是生态环境损害赔偿追责与生态修复治理案例""}]",classified,2026-08-18T23:03:18.691888+00:00,glm-5.2,2026-08-14,
四川发文进一步明确电力辅助服务市场费用分摊有关事宜-索比光伏网,2026-08-18,"8月17日，四川省发改委发布关于进一步明确电力辅助服务市场费用分摊有关事宜的通知，按照有关文件要求，结合《四川电力市场结算细则V1.0》相关规定，经商省能源局，现将电力辅助服务市场费用分摊有关事宜进一步明确如下。
一、未参与电能量市场交易的上网电量，非市场化机组按实际上网电量确定;市场化机组按电力运行部门下达的优先计划电量确定，当优先计划电量大于机组实际上网电量时，按机组实际上网电量确定。
二、未直接参与电能量市场交易、但接受省内市场价格的上网电量，以及在电力交易中心参与跨省区交易的国调、西南网调机组留川电量，不纳入调频、备用辅助服务市场费用分摊范围。地县调机组上网电量暂不参与辅助服务市场费用分摊。
三、调试电量按照《关于转发<发电机组进入及退出商业运营办法>的通知》(川监能行业函〔2023〕92号)规定分摊辅助服务市场费用。按《四川电力市场结算细则V1.0》规定，已缴纳系统运行费的外送电量，不重复收取辅助服务市场费用。
四、请国网四川省电力公司按照规定及时做好电力辅助服务市场费用结算工作，原则上今年以来的辅助服务市场费用应于8月底前完成结算。
五、为做好电力辅助服务市场费用分摊结算工作，请北京电力交易中心每月按时将国网调机组留川、外送结算电量推送至四川电力交易中心。执行过程中遇到的困难和问题，请及时报告我委(价格处)。
索比光伏网 https://news.solarbe.com/202608/18/50027737.html",full,,trafilatura_full_text,https://news.solarbe.com/202608/18/50027737.html,索比光伏-综合新闻,光伏,光伏综合新闻,2026-08-18T22:56:56+00:00,通用技术 > 通信和运输 > 电网技术 > 配电和电力交易,通用技术,配电和电力交易,"[{""path"":[""通用技术"",""通信和运输"",""电网技术"",""配电和电力交易""],""path_text"":""通用技术 > 通信和运输 > 电网技术 > 配电和电力交易"",""confidence"":0.92,""reason"":""核心事件是电力辅助服务市场费用分摊与结算规则，属电力市场交易领域""},{""path"":[""公共政策与社会治理"",""政策法规"",""产业与能源政策""],""path_text"":""公共政策与社会治理 > 政策法规 > 产业与能源政策"",""confidence"":0.8,""reason"":""由省发改委发布的能源市场调控政策文件""}]",classified,2026-08-18T23:03:26.116913+00:00,glm-5.2,2026-08-14,
鄂尔多斯市康巴什区2026年分散式风电、分布式光伏发电项目优选结果公示-索比光伏网,2026-08-18,"8月12日，鄂尔多斯市康巴什区2026年分散式风电、分布式光伏发电项目优选结果公示。
根据公示结果，分布式光伏中选项目共6个，总规模5万千瓦，中选企业分别为鄂尔多斯市康能清洁能源有限公司、内蒙古天耀能源有限公司、鄂尔多斯市泰发祥房地产开发有限公司。
分散式风电项目为华御新能源康巴什4万千瓦，申报企业为内蒙古华御新能源有限公司。
7月21日，内蒙古康巴什区2026年分散式风电、分布式光伏发电项目启动优选。项目建设地点位于康巴什区，建设内容为分散式风电4万千瓦，分布式光伏5万千瓦，合计9万千瓦。
索比光伏网 https://news.solarbe.com/202608/18/50027712.html",full,,trafilatura_full_text,https://news.solarbe.com/202608/18/50027712.html,索比光伏-综合新闻,光伏,光伏综合新闻,2026-08-18T22:56:58+00:00,零碳产业 > 能量循环 > 能源测 > 发电技术 > 光伏,零碳产业,光伏,"[{""path"":[""零碳产业"",""能量循环"",""能源测"",""发电技术"",""光伏""],""path_text"":""零碳产业 > 能量循环 > 能源测 > 发电技术 > 光伏"",""confidence"":0.88,""reason"":""核心是分布式光伏项目优选结果""},{""path"":[""零碳产业"",""能量循环"",""能源测"",""发电技术"",""风电""],""path_text"":""零碳产业 > 能量循环 > 能源测 > 发电技术 > 风电"",""confidence"":0.85,""reason"":""分散式风电项目为公示核心内容之一""}]",classified,2026-08-18T23:03:26.116913+00:00,glm-5.2,2026-08-14,
央视总台CGTN海内外平台矩阵式点赞天合光能：以技术创新解码绿色未来-索比光伏网,2026-08-18,"日前，中央广播电视总台国家级外宣平台 CGTN（中国国际电视台） 融媒纪实系列《绿色密码——通往低碳未来》首集正式上线，该纪录片走进“新能源之都”常州，深度探访全球光储领军企业天合光能，并以其发展实践为核心样本，解码中国新能源领域的技术创新之路与绿色发展实践成果。目前，该片已在CGTN 视频号、B 站、微博、YouTube、X（推特）、Facebook 等海内外全媒体矩阵多平台同步刊播，面向全球广泛传播天合光能绿色发展故事。
天合光能的故事，始于常州，但不止于常州。纪录片镜头聚焦天合光能光伏科学与技术全国重点实验室，该实验室已累计 41 次创造并刷新光伏电池转换效率与组件功率世界纪录：2026 年 1 月，3.1㎡大面积钙钛矿‑晶体硅叠层组件功率刷新至 886W，6 月再攀新高达到 907W，全面积转换效率 29.2%。目前企业钙钛矿领域相关专利申请量达 758 项，处于全球领先水平。天合光能完成 PERC、TOPCon、HJT 到钙钛矿叠层主流技术路线全覆盖；今年 6 月钙钛矿‑晶硅叠层组件斩获全球高端户用市场首单，实现从实验室成果到产业化交付的跨越，并持续布局太空光伏前沿技术。
“随着技术的进步，它不光是效率的增加，成本也在下降。” 天合光能高级副总裁杨豹在片中表示，“它也就意味着，在单体面积里面，同等面积的屋顶或同等面积的土地上面，你可以使用的、能够产生的太阳能电力也就更多了。”
作为国内最早一批光伏企业，天合光能完整见证并参与了中国光伏产业从 “三头在外” 到引领全球的历史性跨越。截至 2026 年 6 月底，天合光能全球光伏组件出货量相当于在全球栽种 259 亿棵树木的减碳量。如今，天合光能正抢抓全新产业机遇，从光储氢智慧能源解决方案领先者向AIDC全域解决方案坚定拓展，积极布局SST-固态变压器等架构定义性产品，加速从绿色能源解决方案供应商向绿电智算算电融合的架构定义者跃升。
正如纪录片所说：“天合光能的故事不仅关乎技术领先，更关乎一场主动的绿色转型。已从光伏产品“供应商”转变为应对全球气候变化的整体能源方案“提供者”，他们交付的不再是冰冷的设备，而是守护地球面向可持续未来的承诺。”从常州到全球180多个国家，天合光能用近30年的时间，将“用太阳能造福全人类”的使命书写成一份可复制、可推广的绿色发展实践说明书。
“中国的发展，它不是只是单单地造福了中国的老百姓。”杨豹在片中表示，“我们发出去的每一块组件，每一个集装箱的储能，我们提供的清洁能源不只是改善了中国的所居住的一个自然环境，它改善的是整个全人类的地球上的一个自然环境。这也是可以造福全人类的。”
索比光伏网 https://news.solarbe.com/202608/18/50027730.html
本站标注来源为“索比光伏网”、“碳索光伏""、""索比咨询”的内容，均属www.solarbe.com合法享有版权或已获授权的内容。未经书面许可，任何单位或个人不得以转载、复制、传播等方式使用。
经授权使用者，请严格在授权范围内使用，并在显著位置标注来源，未经允许不得修改内容。违规者将依据《著作权法》追究法律责任，本站保留进一步追偿权利。谢谢支持与配合！
央视聚焦光伏新国标落地，天合光能以TOPCon 3.0技术领跑行业升级。其至尊3代组件获能效1级认证，电池效率24.5%、双面率超85%，契合低碳制造与全周期价值新标准。公司推进“TOPCon 3.0+THBC双轮驱动”，加速光储融合，41次刷新世界纪录，助力全球清洁能源高质量发展。
天合光能出席2026光伏产业链研讨会，直击行业“内卷”困局，提出以技术创新、自律控价、场景拓展、强标落地四策破局。2027年三项强制国标将淘汰约20%落后产能，天合深度参与标准制定并率先推进合规落地，引领行业迈向全生命周期价值竞争与高质量发展。
从沿海台风区到内陆工业区，从老旧厂房屋顶到交通枢纽，天合全场景精准守护，让光伏在华南任何环境都能安全发电、稳定收益！天合光能成立于1997年，至今已过29载。天合光能210组件累计出货量全球第一，业务覆盖180多个国家，5次入选《财富》中国500强企业榜单。
此前，晶科能源正式对外公布，其基于TOPCon技术平台的高效电池，经德国哈梅林太阳能研究所独立认证，最高光电转换效率突破27.79%，再次刷新世界纪录，这是晶科能源第31次打破电池效率和组件功率世界纪录。我们认为，这是晶科能源以TOPCon技术为核心，持续深耕、厚积薄发的新高度和集中体现。本次刷新纪录得益于晶科能源在TOPCon基础核心技术上的一系列前瞻性布局与深耕。
中来股份副总裁邹驰骋在发言中深入剖析了光伏产业发展阶段与突围路径。他强调，当前行业需打破封闭格局，通过构建创新共同体、培养国际化人才及发挥平台纽带作用，推动光伏产业从内卷走向开放协同。
论文概览宽带隙钙钛矿的稳定性是实现高效钙钛矿/硅叠层光伏器件的关键，但由于宽带隙钙钛矿中卤化物偏析导致的不稳定性仍然是一个重大挑战。结论展望本研究创新性地提出了一种离子位点竞争策略，通过精心设计的多Cl-源前驱体组分优化，实现了Cl离子在钙钛矿晶格与间隙位点的可控分布。
近日，“2025年度光伏产业技术创新大会暨光伏领跑者创新论坛颁奖典礼”在江苏常州隆重召开。本届大会以“立异求变、协同突破”为主题围绕“技术革新、成本管理、效率优化、安全稳定、标准制定、绿色可持续性、政策适应性、市场分析”八大关键领域，汇集全球顶尖科研力量、行业领军企业与政策制定机构，旨在探讨产业链创新路径、推动构建自主可控、安全高效的光伏产业体系。在这一行业年度焦点盛会中，正信光电携高效矩形组件亮相，以优异的产品性能与系统价值呈现企业在光伏技术创新道路上的坚定步伐。
近日，2025年度“浙江省先进技术创新成果”榜单正式揭晓。燚彩系列是龙焱能源面向建筑光伏一体化市场推出的创新型彩色光伏建材产品。在实际应用中，燚彩光伏还具有显著的节能降耗与减碳效益。小鹏汽车全球新总部燚彩仿铝组件湖州安吉环湖科创中心燚彩·鳞瓦项目此次入选，不仅是对龙焱能源技术创新实力的权威认可，更是对“燚彩光伏”推动建筑与能源融合、引领绿色建材变革方向的充分肯定。
近日，“2025京津冀产业链供应链创新发展峰会暨百强企业高质量发展大会”在石家庄隆重召开。晶澳科技将以此次上榜为契机，持续发挥龙头企业引领作用，深化TOPCon、钙钛矿、储能等核心技术创新，完善光储一体化智慧能源解决方案，为推动京津冀产业链供应链创新协同、全球能源绿色低碳转型与“双碳”目标实现贡献更多力量。
今天，就让我们一起跟随央视镜头，揭秘钙钛矿技术从实验室到量产背后的“黑科技”，探寻驱动光伏产业变革的“智造”答案。而极电光能，正以钙钛矿为笔，在这部以全新视角解读“中国智造”的影像册中书写关于绿能未来的关键篇章。此次极电光能亮相央视《工业巨好看》节目，不仅展示了公司在能源新材料领域研发创新的硬核实力，更彰显出极电钙钛矿技术成果的产业价值与示范意义。",full,,trafilatura_full_text,https://news.solarbe.com/202608/18/50027730.html,索比光伏-综合新闻,光伏,光伏综合新闻,2026-08-18T22:57:00+00:00,零碳产业 > 能量循环 > 能源测 > 发电技术 > 光伏,零碳产业,光伏,"[{""path"":[""零碳产业"",""能量循环"",""能源测"",""发电技术"",""光伏""],""path_text"":""零碳产业 > 能量循环 > 能源测 > 发电技术 > 光伏"",""confidence"":0.93,""reason"":""核心是天合光能钙钛矿叠层光伏技术与产业化成果""}]",classified,2026-08-18T23:03:26.116913+00:00,glm-5.2,2026-08-14,
重庆风光发电装机容量突破1000万千瓦-索比光伏网,2026-08-18,"据国网重庆市电力公司消息，重庆风力发电、光伏发电装机总容量突破1000万千瓦，达到1039万千瓦，较2025年底增长超17%，占比超23%，能源结构加速向清洁低碳转型。截至7月底，重庆分布式光伏发电装机容量达525万千瓦，占比超过风电、光伏总装机的一半。
近年来，国网重庆电力落实国家电网公司部署要求，积极服务“百万千瓦屋顶光伏”和“千乡万村驭风行动”，对新能源接网工程开辟“绿色通道”，加大施工力量投入和过程管控，加快送出工程建设进度，全力保障“应并尽并”，并推出相关服务举措，服务新能源高质量发展。
相比火电、水电，风电、光伏发电具有间歇性、波动性大等特点，大规模、高比例接入需要储能等调节性电源作为支撑。国网重庆电力积极推动抽水蓄能电站、电网侧储能电站建设，不断增强重庆电网的调节能力，为风、光等新能源消纳提供支撑。目前，重庆已建成1座抽水蓄能电站、容量120万千瓦;建成投产12个电网侧储能项目，新增调节能力140万千瓦。
为确保风电、光伏等新能源满发稳发，国网重庆电力结合重庆电网每日负荷以及风、光等新能源功率预测情况，优化电网运行方式，在确保电网安全的前提下保障新能源电力全额消纳。同时，加强与风、光发电企业的对接联系，统筹安排设备计划检修，确保送出线路、上网变电站等电网侧设备的计划检修与新能源企业的机组检修同步开展。
在风、光等新能源送出工程建设方面，国网重庆电力足额落实投资计划，加大施工力量投入，强化过程管控，加快推进送出工程建设，保障风电、光伏发电全额并网消纳。加强政企协同，按季度组织召开厂网协调会，及时解决新能源项目推进中的困难。开辟新能源配套送出工程绿色通道，“十四五”以来，累计投资10.9亿元，建设77个新能源发电项目送出工程。
此外，国网重庆电力还采取“人工+无人机+视频”等方式，加强新能源送出线路、上网变电站等巡视检查，发现缺陷、隐患及时安排消除，保障送出线路、上网变电站安全可靠运行。
国网重庆电力将持续推动重大输变电工程建设，提升电网新能源承载能力，服务绿电直连、源网荷储一体化等各类新业态发展，为经济社会发展提供更清洁、更可靠的能源保障。
索比光伏网 https://news.solarbe.com/202608/18/50027726.html",full,,trafilatura_full_text,https://news.solarbe.com/202608/18/50027726.html,索比光伏-综合新闻,光伏,光伏综合新闻,2026-08-18T22:57:02+00:00,零碳产业 > 能量循环 > 能源测 > 发电技术 > 光伏,零碳产业,光伏,"[{""path"":[""零碳产业"",""能量循环"",""能源测"",""发电技术"",""光伏""],""path_text"":""零碳产业 > 能量循环 > 能源测 > 发电技术 > 光伏"",""confidence"":0.85,""reason"":""重庆光伏装机突破并重点介绍分布式光伏发展""},{""path"":[""零碳产业"",""能量循环"",""能源测"",""发电技术"",""风电""],""path_text"":""零碳产业 > 能量循环 > 能源测 > 发电技术 > 风电"",""confidence"":0.8,""reason"":""风电装机为风光装机突破的核心组成部分""}]",classified,2026-08-18T23:03:26.116913+00:00,glm-5.2,2026-08-14,
海优新材：核心技术人员变动-索比光伏网,2026-08-18,"8月15日，海优新材发布关于公司核心技术人员变动的公告，公告显示，公司核心技术人员覃勇先生因工作岗位发生变动，公司不再认定覃勇先生为公司核心技术人员，同时新增认定华左祥先生为公司核心技术人员。
海优新材表示，公司高度重视研发工作，已建立了完备的研发体系和管理机制。公司深知人才是创新的动力，储备了充足的后备力量，为技术创新形成稳定体系，确保公司技术创新稳步推进。此次核心技术人员的变动不会对公司生产经营与技术研发工作等方面造成实质性影响。
华左祥先生，1982年9月出生，中国国籍，无境外永久居留权，2006年毕业于沈阳化工大学无机非金属材料工程专业，学士学位。2014年3月加入公司历任分公司质量技术经理、生产厂长，集团质量工艺总监，现任光伏事业部产品总监。
索比光伏网 https://news.solarbe.com/202608/18/50027768.html",full,,trafilatura_full_text,https://news.solarbe.com/202608/18/50027768.html,索比光伏-综合新闻,光伏,光伏综合新闻,2026-08-18T22:57:04+00:00,产业经济与组织 > 企业与资本 > 企业经营与公司治理,产业经济与组织,企业经营与公司治理,"[{""path"":[""产业经济与组织"",""企业与资本"",""企业经营与公司治理""],""path_text"":""产业经济与组织 > 企业与资本 > 企业经营与公司治理"",""confidence"":0.9,""reason"":""核心事件是上市公司核心技术人员认定的治理变动""}]",classified,2026-08-18T23:03:26.116913+00:00,glm-5.2,2026-08-14,
从自身碳中和到产业共建，宁德时代发布2035年价值链碳中和路径-索比光伏网,2026-08-18,"8月17日，宁德时代核心运营碳中和发布会在福建宁德举行。公司宣布，2025年底已实现核心运营碳中和，成为全球唯一在TWh级出货规模下实现核心运营碳中和的电池企业。同时，公司首次系统披露面向2035年的价值链碳中和行动路径。这标志着宁德时代的碳中和实践从企业自身走向产业生态共建。
20家工厂实现核心运营碳中和 打造行业可复制路径
“零碳对宁德时代来说，不仅是使命，也是在实践中形成的能力，更是巨大的发展机遇。”宁德时代董事长兼CEO曾毓群表示，公司致力于成为一家全球领先的零碳科技公司，推动全球绿色转型和可持续发展。2023年，宁德时代发布零碳战略，提出2025年实现核心运营碳中和、2035年实现价值链碳中和。截至2025年底，公司20家电池工厂通过ISO 14068-1认证，成为零碳工厂，核心运营零碳电力使用比例达到100%。
（宁德时代董事长兼CEO曾毓群现场演讲）
核心运营碳中和，是指企业自身生产运营环节实现碳排放净零，这部分排放主要来自工厂的电力与热能消耗，制造规模越大，实现难度越高。2025年，宁德时代生产电池748GWh；2022年至2025年，公司锂离子电池销量翻了2.3倍，市场份额持续保持全球第一。在高速增长的同时，宁德时代在大规模制造体系中验证了一条可复制、具有经济性的零碳制造路径。
锂电行业碳中和没有成熟案例和权威标准可循。宁德时代从摸清碳排放来源入手，对近40道电池生产工序及上游各类物料逐一调研、梳理数据，在2022年上线“时代碳链”碳管理工具。目前，“时代碳链”已覆盖电池生产环节及上游核心供应商，累计形成超过1000项产品和原材料模型，形成清晰的降碳路径。
在数据基础上，宁德时代成立零碳设计、零碳制造、零碳工厂、零碳供应、循环生态、零碳电力等六大专项推进降碳，数据显示，2023年以来，宁德时代累计使用零碳电力超180亿千瓦时，核心运营零碳电力比例达100%；2025年电池生产基地单位产品能耗较2022年下降28%，碳排放强度两年下降约77%，累计降碳超1000万吨二氧化碳当量。
（宁德时代副总经理、董事会秘书、可持续发展委员会主任蒋理现场介绍零碳六大专项）
宁德时代副总经理、董事会秘书、可持续发展委员会主任蒋理表示，公司正将零碳工厂建设中形成的方法、数据和技术经验进一步沉淀，推动零碳从单个企业实践转化为行业可复制的路径。
直面供应链80%的碳排放 披露2035价值链碳中和行动路径
完成核心运营碳中和后，下一阶段，宁德时代的目标是到2035年，实现从矿产资源到电池成品的价值链碳中和。目前，宁德时代产品全生命周期超过80%的碳排放来自供应链环节，供应链碳排放总量超过核心运营的5倍。仅靠一家企业无法完成，碳中和必须走向全产业链协同。
（宁德时代采购中心部长黄斌现场演讲）
为此，宁德时代依托“时代碳链”，率先构建锂电行业首个覆盖“矿产开采—原料精炼—材料合成—部件制造”的全链路碳数据追溯平台，实现跨地域、跨环节的穿透式、可追溯管理。目前，平台已完成超100家核心一级供应商碳实景数据核算。在此基础上，公司围绕原材料研发、原材料生产、物流运输、回收四大环节，制定了减碳行动计划。
“减碳同时降本，让绿色转型成为经济竞争力。”宁德时代采购中心部长黄斌表示，公司将发布《绿色采购指南》，把碳足迹、可再生能源比例、单位产品能耗等纳入供应商准入和审核，并启动零碳供应链赋能计划，首批与30家核心供应商开展深度协同减碳。同时，公司倡议成立“全球锂电池产业零碳生态协同平台”，推动标准共建、技术协同和产业链联合行动。
（宁德时代和供应链伙伴共同启动价值链碳中和行动）
当天，宁德时代还与正极、负极、集流体等环节供应商共同启动2035价值链碳中和行动，并与国家应对气候变化战略研究和国际合作中心、上海环境能源交易所达成战略合作。
发布会上，多位与会嘉宾从能源转型、全球规则和市场机制等角度讨论了零碳转型。中国工程院院士凌文认为，技术创新与全球合作是突破碳中和现实挑战的重要方向。北京绿色交易所董事长王乃祥指出，碳市场能够通过市场机制把减排责任、减排技术和减排价值更有效连接起来。
曾毓群表示，零碳经济已成为新的增长方式，正在打开广阔的产业和发展机会。今年6月，宁德时代零碳科技有限公司在厦门成立，面向全球统筹零碳技术和业务落地。宁德时代愿与全球伙伴一起，把零碳能力延伸到产业链和更多场景，共同做大零碳经济，共享发展新机遇。
索比光伏网 https://news.solarbe.com/202608/18/50027757.html",full,,trafilatura_full_text,https://news.solarbe.com/202608/18/50027757.html,索比光伏-综合新闻,光伏,光伏综合新闻,2026-08-18T22:57:06+00:00,零碳产业 > 能量循环 > 能量存储 > 电化学储能 > 二次电池 > 锂电池,零碳产业,锂电池,"[{""path"":[""零碳产业"",""能量循环"",""能量存储"",""电化学储能"",""二次电池"",""锂电池""],""path_text"":""零碳产业 > 能量循环 > 能量存储 > 电化学储能 > 二次电池 > 锂电池"",""confidence"":0.9,""reason"":""核心是宁德时代电池制造碳中和实践与锂电产业""},{""path"":[""产业经济与组织"",""企业与资本"",""企业经营与公司治理""],""path_text"":""产业经济与组织 > 企业与资本 > 企业经营与公司治理"",""confidence"":0.7,""reason"":""企业发布碳中和战略与供应链共建行动属公司战略治理""}]",classified,2026-08-18T23:03:26.116913+00:00,glm-5.2,2026-08-14,
乡镇里建充电站选哪家供应商？看看阳光新能源乡镇充电站怎么做-索比光伏网,2026-08-18,"一、县乡充电：一片正在崛起的蓝海市场
新能源汽车的普及浪潮，正从一二线城市加速涌向县城和乡镇。随之而来的，是一个现实问题——车有了，电在哪儿充?
在城市里，充电桩已经随处可见;但在乡镇，找一个靠谱的充电点依然不是件容易的事。很多乡镇车主、小型物流车队、村集体都在寻找一家靠谱的充电站建设商。而建站只是开始，后续的运营效率、电费成本、设备稳定性才是决定盈亏的关键。尤其对于乡镇场景，电网容量有限、人流相对分散、运维响应距离远，选错供应商，很可能陷入“建得起、养不活”的困境。
面对这片蓝海，阳光新能源正凭借其深厚的技术积累和场景理解，把城市级的充电站能力“轻量化”带进乡镇，提供从选址、设计、建设到运营、运维的一站式服务。
二、政策东风劲吹，充电设施“下乡”迎来黄金窗口
2023年以来，国家层面密集出台了一系列支持充电基础设施下沉的政策，为乡镇充电站建设打开了前所未有的政策窗口。政策推进可分为四个阶段：
第一阶段：顶层设计出台。 2023年5月，国家发展改革委、国家能源局联合印发《关于加快推进充电基础设施建设
更好支持新能源汽车下乡和乡村振兴的实施意见》，明确提出加快实现适宜使用新能源汽车的地区充电站“县县全覆盖”、充电桩“乡乡全覆盖”。
第二阶段：试点工程启动。
2024年4月，财政部、工业和信息化部、交通运输部联合启动“百县千站万桩”试点工程。按照“规划先行、场景牵引、科学有序、因地制宜”的原则，中央财政安排奖励资金支持试点县开展充电设施建设。
第三阶段：扩面提速。
试点县不断扩大。截至2024年底，全国除西藏、青海2个省(自治区)外，其他省份均实现充电站“县县全覆盖”;多个省份实现充电设施“乡乡全覆盖”。
第四阶段：纵深推进。 2026年3月，三部门继续启动第三批试点申报，中央财政三年累计支持百个县开展县域充换电设施补短板试点工作。
三、阳光新能源：为乡镇量身打造的一站式服务方案
政策利好之下，阳光新能源给出的答案是 “阳光城乡蚂蚁充电站”
。所谓“蚂蚁站”，是行业内对一种特定建站模式的形象称呼：专为县域及乡镇市场量身打造，是一种“轻量化、分布式”的小型充电站解决方案，是在乡镇人口聚集地、短暂停留点、特色资源点，利用公共配电网资源，建设县区一张网，最大电容160kW、四个车位的乡村小型充电站。
在具体落地过程中，阳光新能源的一站式服务体系体现在以下几个关键环节：
1.科学选址，精准锁定优质场站
选址是充电站成败的第一关。阳光新能源建立了充电站选址混合决策模型，涵盖5大类9个维度，综合车流量、商圈类型、可达便捷性、已有充电站分布等数据，通过深度强化学习与定价博弈算法进行收益最大化寻优。同时结合热力图大数据，精准推荐建站位置，收益预测精准度提升10%以上。
2.智能设计，全场景适配
乡镇建站条件千差万别：有的是村口小广场旁的便民点，有的是乡镇物流站的补能小点，有的是乡村旅游景区的配套服务。阳光新能源依托自主研发的“魔方”技术平台，整合极立方、灵立方、融立方三大核心技术，能够实现能源高效转化、全流程数智优化，并与乡镇实际用电场景深度适配。
3.高效落地，一站式交付
从公共充电站、政企单位充电站、居民社区充电站，到景区充电站、工商业园区充电站、商用物流充电站，阳光新能源已覆盖全场景交付能力。在乡镇场景中，一个充电站可兼容“能源补给+多元服务”的多重功能，大幅提升场站综合价值。
4.智慧运营，持续赋能
建站只是开始，运营才是持续盈利的关键，阳光新能源自研了站控级EMS智慧管理系统和阳光充电云平台，为运营商提供全方位的经营支持：业务数据全面掌控、电桩管理实时监控、费用结算简单便捷、资产管理安全可靠、营销活动一键发起。系统能根据实时电价、光伏发电量、储能状态和车辆充电需求，自动决策最优的用电策略。
四、从蓝图到现实：全国多地加速落地
在安徽舒城、霍邱两县，阳光充电站项目已陆续开工建设。舒城项目对应“舒城县交通建设智慧停车场项目”;霍邱项目涉及“霍邱县第二人民医院”等公共机构停车场充电站建设，重点面向公交、物流、出租等公共出行领域提供服务。此外，安徽合肥神力商业中心站、亳州喜堂宴会中心站、重庆首座零碳服务舱光储充项目等标杆案例也在持续落地，形成了覆盖多元场景的示范效应。
从科学诊断、顶层规划，到技术落地与业态融合，阳光新能源在全国各地的实践，验证了其“技术为底座、产品为牵引、平台为支撑”的系统性解决方案的成熟性与可复制性。
五、持续深耕，助力绿色乡村
乡镇充电站建设，不是简单的设备安装，而是一套从选址、设计、建设到运营、运维的全周期系统工程。
阳光新能源作为全球新能源企业500强，累计开发建设新能源电站超过57GW，覆盖全球15个国家和地区。这份成绩单的背后，是对电站技术长达十余年的深耕——从2013年首个光伏电站在甘肃酒泉并网发电，到率先提出“光伏扶贫”，再到如今将充电网络延伸至县乡基层。
选择阳光新能源，不仅是选择一套设备，更是选择从技术、产品到运营、服务的一站式合作伙伴。在政策东风吹拂、市场需求爆发的当下，对于希望在下沉市场稳健布局、追求长期回报的投资者而言，阳光新能源正成为越来越多人的靠谱选择。
绿色出行的最后一公里，正在被一步步打通。而阳光新能源，正站在这场变革的前列。
索比光伏网 https://news.solarbe.com/202608/18/50027756.html",full,,trafilatura_full_text,https://news.solarbe.com/202608/18/50027756.html,索比光伏-综合新闻,光伏,光伏综合新闻,2026-08-18T22:57:08+00:00,通用技术 > 通信和运输 > 陆路运输,通用技术,陆路运输,"[{""path"":[""通用技术"",""通信和运输"",""陆路运输""],""path_text"":""通用技术 > 通信和运输 > 陆路运输"",""confidence"":0.88,""reason"":""核心事件是乡镇新能源汽车充电站的建设与运营，属交通充换电基础设施。""},{""path"":[""公共政策与社会治理"",""政策法规"",""产业与能源政策""],""path_text"":""公共政策与社会治理 > 政策法规 > 产业与能源政策"",""confidence"":0.7,""reason"":""正文大量篇幅介绍国家充电设施下乡政策及财政试点。""}]",classified,2026-08-18T23:03:31.692267+00:00,glm-5.2,2026-08-14,
弘元绿能高效N型组件护航中核镶黄旗风光储基地光伏区全面安装-索比光伏网,2026-08-18,"近日，随着最后一块光伏组件顺利安装就位，中核镶黄旗40万千瓦风光储一体化基地8万千瓦光伏区组件及设备安装工作全面完成，项目正式进入电气接线与系统调试冲刺阶段。作为本项目光伏组件核心供应商，弘元绿能以高性能N型光伏组件为项目建设提供坚实支撑，凭借可靠的产品品质、高效的交付能力与专业的服务保障，助力大型新能源基地加速落地，为内蒙古新型电力系统建设注入绿色动能。
中核镶黄旗40万千瓦风光储一体化基地是内蒙古区域重点新能源项目，总装机规模达400MW，融合风电、光伏、储能等多元业态，通过多能互补、协同运行，进一步提升新能源消纳与综合利用能力，助力构建更加灵活、高效的新型能源体系。本次全面完成安装的80MW光伏区，采用弘元绿能高效N型单晶硅双面双玻组件，共计139100块，配套250台逆变器、25台箱式变压器，所发电力经4回35kV集电线路汇集后接入220kV升压站。
项目位于内蒙古锡林郭勒盟镶黄旗，区域光照资源丰富，具备良好的新能源开发条件。但与此同时，当地风沙天气较多、昼夜温差较大，组件长期处于复杂户外环境，对产品的发电效率、环境适应性及长期运行稳定性提出了更高要求。针对北方高寒、风沙等典型应用场景，弘元绿能以高效N型技术为核心，为项目提供适配当地环境特征的组件产品。产品具备优异的弱光发电能力、低温度系数和低衰减特性，在低温、弱光等复杂环境下依然能够保持稳定的发电表现；同时，双面双玻封装结构进一步增强组件的耐候性与长期可靠性，在应对风沙侵蚀、高低温变化等户外环境方面具备良好适应性，为光伏电站长期稳定运行提供可靠支撑。
大型新能源基地项目建设周期紧、组件需求量大，对供应商的生产组织、产能调度、物流运输和现场服务能力均提出较高要求。依托全产业链制造优势，弘元绿能围绕项目建设节点统筹产能、生产与物流资源，精准匹配项目交付计划，保障大批量组件按期、高质量抵达项目现场。同时，通过专业化的技术服务与高效的现场响应，持续做好项目建设过程中的服务保障，确保组件供应与现场施工高效衔接。
从产品制造到交付落地，从供应保障到技术服务，弘元绿能以全流程协同能力践行“高品质、高效率、稳交付”的服务理念，顺利完成本次项目组件配套任务，为项目光伏区顺利完成安装提供有力保障，也进一步赢得合作方的认可。此次中核镶黄旗40万千瓦风光储一体化基地光伏区组件及设备安装全面完成，是弘元绿能持续服务大型新能源项目、深化与央企客户合作的又一实践。从大型地面电站到风光储一体化基地，从集中式光伏到多元化新能源场景，弘元绿能持续围绕不同区域、不同环境和不同应用需求推进产品技术迭代，以高效N型组件及系统化解决方案满足新能源项目对高发电、高可靠与长期稳定运行的多重需求。
面向未来，弘元绿能将持续聚焦N型技术创新与产品升级，充分发挥全产业链制造、技术研发与项目交付优势，进一步深化与各大能源央企及行业伙伴的协同合作，以更高性能的光伏产品、更可靠的品质保障和更高效的全域服务，赋能更多大型新能源基地与风光储一体化示范项目建设。
索比光伏网 https://news.solarbe.com/202608/18/50027753.html
本站标注来源为“索比光伏网”、“碳索光伏""、""索比咨询”的内容，均属www.solarbe.com合法享有版权或已获授权的内容。未经书面许可，任何单位或个人不得以转载、复制、传播等方式使用。
经授权使用者，请严格在授权范围内使用，并在显著位置标注来源，未经允许不得修改内容。违规者将依据《著作权法》追究法律责任，本站保留进一步追偿权利。谢谢支持与配合！
爱旭ABC组件成功中标深圳能源2026-2028年光伏集采，首次进入广东省国资能源集采名单。凭借全球领先的量产效率（连续42个月榜首）、≥23.8%转换效率与640W+功率，及海上、山地、大基地等全场景可靠性优势，精准响应土地集约与价值竞争新需求。
8月13日，正泰新能Astronergy World Tour 2026孟加拉站于达卡顺利举办。本次盛会集结两百余位孟加拉光伏与可再生能源领域行业领袖、本土经销商及战略合作伙伴，围绕当地光伏产业发展大势展开深度研讨，共探产业发展机遇，共寻未来合作共识。活动热度全程高涨，成功引爆孟加拉当地主流新闻与行业社媒平台，获得众多权威媒体争相聚焦、专题报道，收获极高的行业关注度与市场美誉度。活动现场作为正泰新
8月14日，中国能建葛洲坝集团与华能新疆公司举行座谈，双方围绕深化新疆能源领域合作展开交流。葛洲坝集团正实施“第二次新疆战略”，积极参与风电、光伏、综合能源及电力输送等重大项目建设，致力于支撑新疆大型风光新能源基地开发；双方拟共同探索“风光储一体化”项目共建模式，完善疆电外送配套体系，并协同打通疆煤外运的产、运、销链条。华能新疆公司高度认可葛洲坝集团的技术实力与一体化优势，表示将聚焦新能源联合开发、煤炭绿色储运、综合能源服务等领域，发挥资源与市场互补性，创新合作机制，推动资源共享与共赢发展，助力新疆能源优势向经济优势高效转化。（198字）
国家能源局在7月全国可再生能源电力开发建设调度会上，通报了2026年上半年可再生能源发展进展：全国可再生能源装机达24.55亿千瓦，占总装机60.7%，其中风电光伏装机约19.5亿千瓦；上半年新增装机中可再生能源占比73.9%，发电量占全国总发电量41.2%，风电光伏合计发电量占全社会用电量24.6%。会议指出行业已进入高质量发展新阶段，明确“十五五”开局三项重点任务：一是推动新型能源体系、可再生能源规划及绿证交易、新能源入市等政策落地；二是扩大绿电消费，压实消纳责任，多渠道提升新能源利用率；三是加快大型风电光伏基地及海上风电、光热、分布式等各类项目前期与建设，尽快形成实物工作量。
地面电站除草作业中，未加装防护罩的割草机飞溅砂石，正悄然损伤组件背玻下沿，导致隐裂、爆板与发电衰减。晶科工程师现场排查+实测验证，推动将“加装防护网罩、保持安全距离”等要求写入运维手册，以细节守护光伏电站三十年长期收益。
鄂尔多斯市康巴什区于2024年7月21日启动2026年分散式风电与分布式光伏发电项目优选工作，并于8月12日公示优选结果。本次优选共确定7个中选项目，总装机规模9万千瓦，其中分散式风电项目1个，规模4万千瓦，由内蒙古华御新能源有限公司申报，项目名为“华御新能源康巴什4万千瓦分散式风电项目”；分布式光伏项目6个，总规模5万千瓦，中选企业包括鄂尔多斯市康能清洁能源有限公司、内蒙古天耀能源有限公司及鄂尔多斯市泰发祥房地产开发有限公司。所有项目均位于康巴什区行政区域内，旨在推进当地可再生能源就近消纳与分布式能源发展。（199字）
本文聚焦中国光伏行业面临的“硬着陆”危机，指出2026年新增装机同比暴跌（5月跌91%、上半年跌66%），根源在于“136号文”推动新能源全面入市节奏过快，叠加电网消纳压力与产能严重过剩，导致央国企投资意愿冻结。文章剖析了三重代价：新能源发展正向循环中断、全产业链失血抑制研发、低价出口反哺海外竞争对手崛起。核心症结之一是集中式市场普遍存在的“阴阳合同”，造成价格信号失真与劣币驱逐良币。对比储能行业通过行业协同促成“114号文”建立容量电价保底机制的成功经验，文章呼吁光伏行业主动协商，提出三大对策：设立过渡期收益保底机制、建立采购价格穿透核查以杜绝阴阳合同、实施集中式与分布式分类管理。全文强调，唯有推动“有配套的市场化”，而非单边放开风险，才能实现可持续发展。（199字）
晶科能源飞虎3组件高价中标国家能源湖南公司133.36MW项目，适配渔光互补水域与山地复杂场景。凭借85%双面率、670W高功率、-0.26%/℃优温度系数、强抗遮挡能力及首年衰减＜1%、30年质保等五大优势，显著提升全周期发电收益，印证高效N型组件价值跃升。
中国南水北调集团有限公司于8月14日发布2026—2027年度光伏组件及逆变器集中采购招标公告，其中光伏组件采购规模达1.3吉瓦（GW）。此次集采是南水北调集团推进绿色能源应用、落实国家“双碳”战略的重要举措，旨在为其所属工程设施配套建设分布式或集中式光伏发电系统。招标覆盖组件与逆变器两大关键设备，强调技术标准、质量可靠性及供货保障能力，面向具备相应资质的国内制造商公开进行。项目实施周期横跨2026至2027年度，将分批次完成签约与交付。该集采规模较大，反映出南水北调工程在水利基础设施中融合可再生能源发展的新动向，也为光伏产业链提供了重要市场机会。（198字）
本文报道了陕西定边一批因大风灾害受损的光伏组件通过线上平台完成公开竞价交易的情况。该批标的共约415块光伏板，由金诺国际拍卖集团于8月7日11时在金拍网启动竞价，采用按单价竞拍模式，起拍价未明确披露，但竞价开始时当前价为115元。整个竞价过程高效迅速，仅用14分钟即于11时14分成交，期间累计获得19次围观。交易以现场实际清点数量为准，体现了受损新能源设备资产处置的规范化与市场化运作趋势。",full,,trafilatura_full_text,https://news.solarbe.com/202608/18/50027753.html,索比光伏-综合新闻,光伏,光伏综合新闻,2026-08-18T22:57:10+00:00,零碳产业 > 能量循环 > 能源测 > 发电技术 > 光伏,零碳产业,光伏,"[{""path"":[""零碳产业"",""能量循环"",""能源测"",""发电技术"",""光伏""],""path_text"":""零碳产业 > 能量循环 > 能源测 > 发电技术 > 光伏"",""confidence"":0.93,""reason"":""核心事件是N型光伏组件供应大型风光储基地光伏区并完成安装。""}]",classified,2026-08-18T23:03:31.692267+00:00,glm-5.2,2026-08-14,
“昇”动乌克兰！东方日升签署百兆瓦级光储战略合作协议-索比光伏网,2026-08-18,"8月14日，东方日升与乌克兰新能源企业Ascania Energy在宁海举行战略合作签约仪式。双方围绕光伏与储能两大方向达成战略合作，共签署100MW和200MWh协议。双方将充分发挥各自在产品技术、智能制造、项目开发、系统集成、全球交付与本地化服务等方面的优势，共同推动高效、可靠的光储解决方案在乌克兰市场应用。
01 携手同行，共拓乌克兰新能源市场
当前，乌克兰能源系统面临多重挑战，对韧性能源基础设施、分布式能源及灵活用能方案的需求持续增长。光储协同应用可增加清洁电力供给，实现余电存储与灵活调节，为企业运营和基础设施稳定用能提供支持。
Ascania Energy是乌克兰综合能源企业，业务涵盖项目开发、设计、EPC、系统集成、能源管理与交易，以及工商业电力和天然气供应。公司重点发展储能与可再生能源、工商业能源基础设施融合。Ascania Energy隶属于拥有30年跨行业经验的Ascania Group，在当地提供项目实施、能源管理和技术支持，推动国际先进技术落地并服务终端客户。
作为全球领先的新能源企业，东方日升已形成覆盖光伏组件、储能系统、逆变器及智慧能源管理等领域的业务布局，具备贯穿技术研发、产品制造、项目交付与全球服务的综合能力。截至2026年第二季度，公司光伏组件累计出货量超过121.4GW，储能系统全球累计出货量超过10GWh，业务覆盖全球90多个国家和地区，持续为不同市场和应用场景提供绿色能源解决方案。
此前，东方日升已在乌克兰落地12个光伏项目，其中包括323MW Pokrovskaya光伏电站，并在产品适配、项目交付与本地服务等方面积累了实践经验。此次合作将进一步融合东方日升的产品、制造和全球供应能力与Ascania Energy的本地市场洞察及项目实施能力，为乌克兰客户提供更具针对性的光储解决方案。
02 深入交流，产品与制造实力支撑合作
在正式达成合作前，Ascania Energy首席执行官兼联合所有人Yevgen Piatko、首席技术官Yehor Yarmolenko一行于8月13日参观东方日升智能工厂。实地了解东方日升光伏组件与储能系统的生产、测试及质量管理流程，并围绕产品性能、项目适配、交付保障和本地化服务等议题与东方日升团队进行交流。
此次光伏合作重点涉及东方日升伏曦Pro异质结（HJT）高效组件。该产品具备高功率、高效率、高双面率、优异弱光响应及低衰减等优势，可提升有限土地和安装空间内的装机容量与全生命周期发电价值，为大型地面电站、工商业光伏及光储融合等场景提供高效可靠的产品选择。
在储能方面，双方重点交流了东方日升eTron系列液冷储能系统。该产品面向大型储能场景，融合高度集成设计、液冷温控、安全防护、智能控制及运维管理等能力，可为可再生能源消纳、电网灵活调节和稳定运行提供系统支撑。
03 共话未来，构建长期战略伙伴关系
Ascania Energy首席执行官兼联合所有人Yevgen Piatko表示：“乌克兰需要建设更加分布式、灵活且具备韧性的能源系统。我们的优势在于业务贯穿能源价值链，从工程设计与建设，到能源管理、交易及面向客户的直接供应。通过与东方日升合作，我们能够将成熟可靠的技术与本地实施能力相结合，最终服务于乌克兰企业的实际能源需求”
东方日升欧洲区总经理覃杰睿表示：“东方日升在光伏、储能产品及全球交付方面具备综合优势，Ascania Energy则拥有深入的本地市场洞察、项目实施经验和专业服务能力。我们期待将双方优势与乌克兰实际需求紧密结合，为客户提供更具适配性的光储解决方案，为当地能源系统可持续发展创造长期价值。”
未来，双方将围绕乌克兰市场需求，推进光伏、储能项目开发及产品本地化、技术培训与服务体系建设，深化项目与市场协同，助力当地清洁能源发展和电力系统韧性提升。
索比光伏网 https://news.solarbe.com/202608/18/50027751.html
本站标注来源为“索比光伏网”、“碳索光伏""、""索比咨询”的内容，均属www.solarbe.com合法享有版权或已获授权的内容。未经书面许可，任何单位或个人不得以转载、复制、传播等方式使用。
经授权使用者，请严格在授权范围内使用，并在显著位置标注来源，未经允许不得修改内容。违规者将依据《著作权法》追究法律责任，本站保留进一步追偿权利。谢谢支持与配合！
8月11日，中国大唐集团有限公司与江苏省人民政府在南京签署战略合作协议。双方围绕服务国家能源战略和江苏高质量发展需求，明确以共建清洁低碳、安全高效的新型能源体系为重点合作方向。江苏省方面表示，将依托大唐集团的技术与资源优势，加快重大能源项目建设，提升绿色电力供给能力，推动能源科技创新与产业发展；大唐集团则承诺紧扣江苏发展实际，落实国家“十五五”新型能源体系与新型电力系统建设规划，深化在能源投资、绿色转型、技术协同等领域的务实合作。此次签约标志着双方合作关系进入新阶段，旨在为江苏经济社会发展注入新动能，并更好服务全国能源安全与“双碳”目标大局。（198字）
8月6日，中国华电集团与云南省政府在昆明签署深化战略合作协议，旨在协同推进绿色能源高质量发展。双方围绕云南建设“绿色能源强省”和“全国重要清洁能源基地”的目标，明确重点拓展水电及新能源开发、煤电清洁高效与低碳化改造、新型储能建设、新型电网构建及能源科技攻关等领域合作。云南省方面强调将依托资源优势，推动“绿电+先进制造业”融合发展，加快产业转型升级；中国华电表示将加大在滇投资布局，发挥央企优势，深度参与当地能源体系建设，助力地方经济社会发展，并服务国家能源安全新战略。此次签约标志着双方战略合作进入纵深推进阶段。（198字）
7月29日，中国能建安徽院与林洋能源在南京签署战略合作框架协议，正式建立长期战略合作伙伴关系。双方围绕国家“双碳”目标和新型电力系统建设，以储能与算电协同为核心，拓展光伏、风电、智慧运维及海外新能源等多领域合作。合作内容涵盖联合开发储能项目、开展EPC总承包业务，以及共同推进算电协同关键技术攻关与应用落地，探索智慧能源融合发展新模式。双方将整合技术储备、产业资源与工程建设能力，互为优先合作伙伴，并设立专项工作专班和高层常态化沟通机制，坚持资源共享、优势互补、互利共赢原则，致力于打造行业标杆项目，推动新能源产业高质量发展，助力构建清洁低碳、安全高效的现代能源体系。（198字）
正泰绿色能源与欧洲可再生能源巨头Octopus Energy签署两大战略合作：一是在全球范围联合开发可再生能源项目，提供光伏、储能、充电等全栈设备及EPC服务；二是在中国共建虚拟电厂，推动分布式能源聚合与智慧能源管理。强强联手加速全球绿色低碳转型。
7月2日，正泰新能与泰国上市公司TSE签署118MW光伏组件供应协议，为其16个电站项目提供ASTRO N系列高效组件，预计2028年初商运。此次合作深化正泰在泰布局，融合中国先进制造与泰国本土开发优势，助力泰国能源转型与碳中和目标。
禾迈与菲律宾Brills Marketing签署战略合作，加速本土化光储布局。针对菲电力成本高、电网不稳痛点，推出户用光储、微型逆变器及工商储解决方案，覆盖家庭、DIY及商业场景。同步开展本地安装商技术赋能，强化全链条服务，推动清洁能源在菲深度落地。
7月8日，中国电建党委书记、董事长丁焰章在兰州拜会甘肃省委书记、省人大常委会主任胡昌升，双方就深化央地协同、强化重点领域合作进行深入交流。甘肃省委常委、省委秘书长雷东生，公司党委常委、副总经理何彦锋参加会谈。◆ ◆ ◆ ◆ ◆ 会谈中，丁焰章特别向甘肃宕昌山体滑坡灾害遇难者表示深切哀悼。他表示，中国电建将坚决贯彻落实习近平总书记对防汛救灾工作作出的重要指示精神，充分发挥在地质灾害治理及应急救援等方
禾迈与马来西亚TAMCO签署大型储能战略合作，聚焦5MWh/6MWh液冷系统本地化应用。依托禾迈全球储能经验与TAMCO六十年本地配电实力，双方将协同推进产品适配、项目交付与长期服务。此举加速马来西亚能源转型，支撑其2035年可再生能源装机达40%目标。
7月6日，中国广核集团与云南省人民政府在昆明签署“十五五”时期战略合作协议。双方围绕服务云南高质量发展和“三个定位”建设目标，明确深化绿色能源领域合作：中广核将依托央企优势，加大在滇投资力度，重点推动清洁能源开发、国际能源合作、医疗康养、“光伏+农业”、绿电直连、算电协同及乡村振兴等项目落地；同时加快“绿电+先进制造业”融合发展。云南省表示将优化市场化、法治化、国际化营商环境，全力支持中广核在滇发展。此次签约标志着双方将在绿色低碳转型与区域经济社会深度融合方面展开系统性、长期性合作。
中国建材总院与北方华创签署战略合作协议，共建半导体装备与材料协同创新体系。双方将聚焦联合攻关、示范验证、能力共建及产业链协同，推动半导体产业高端化、自主化发展，助力国家产业链安全与核心竞争力提升。",full,,trafilatura_full_text,https://news.solarbe.com/202608/18/50027751.html,索比光伏-综合新闻,光伏,光伏综合新闻,2026-08-18T22:57:12+00:00,零碳产业 > 能量循环 > 能源测 > 发电技术 > 光伏,零碳产业,光伏,"[{""path"":[""零碳产业"",""能量循环"",""能源测"",""发电技术"",""光伏""],""path_text"":""零碳产业 > 能量循环 > 能源测 > 发电技术 > 光伏"",""confidence"":0.9,""reason"":""核心是东方日升签署百兆瓦光伏组件与储能战略合作协议。""}]",classified,2026-08-18T23:03:31.692267+00:00,glm-5.2,2026-08-14,
天合光能X亿合新能源集团，深耕全域光储高价值解决方案-索比光伏网,2026-08-18,"盛夏八月，天合光能与亿合新能源集团光储客户沙龙于常州圆满启幕。本次活动以光储融合为核心、生态共赢为底色，既是双方多年深度协同合作的成果展示，更是立足华东市场、共拓分布式光储增量赛道的全新起点，为长三角新能源生态协同发展写下崭新篇章。
至尊3代硬核加持
重塑分布式电站收益标杆
沙龙现场，天合光能技术专家围绕工商业光储一体化方案、至尊3代产品选型、电站收益测算展开深度分享，亿合新能源一线项目负责人同步分享本地标杆项目落地实操经验，产品与实战思维碰撞，充分展现双方“技术+本地服务”协同模式的强大优势。
依托i-TOPCon Ultra全新电池平台、多分片结构、边缘钝化、超高密度封装四大核心技术迭代，至尊3代量产最高功率达760W，双面率稳定85±5%，硬件实力全面拉满，同时实现年均衰减低至0.35%，确保长期发电收益更稳更持久，最大化挖掘屋顶、地面电站发电潜力。
针对分布式电站阴天、早晚弱光多发的使用场景，天合至尊N型TOPCon组件低辐照发电优势突出，单瓦发电量较传统BC组件提升5%-8.4%，真正实现“弱光多发、损耗更低”。在当前电力市场化、峰谷价差拉大的行业环境下，能够显著提升工商业电站整体发电收益，为终端客户创造更高投资回报，打造差异化市场竞争力。
全域协同深耕华东市场
长久以来，天合光能与亿合新能源构建起实地研学、常态化技术培训、行业峰会互通、市场联合攻坚的成熟合作体系，实现技术、渠道、项目资源全方位深度共享。天合光能专属销售、技术、售后团队持续为亿合输出常态化专业培训，助力一线团队吃透产品核心优势、精准把握工商业分布式市场政策与行情；双方同步联动全球光伏展会、区域新能源行业论坛，充分印证天合光能与亿合新能源深度绑定、同心共赢的伙伴默契。
作为天合光能的生态合作伙伴，亿合新能源深耕长三角分布式光伏、工商业储能赛道多年，具备项目勘测、方案设计、施工交付、长效运维全链条服务能力。依托本地化成熟落地优势，亿合将天合光能全系列高效组件、一站式光储系统方案落地长三角等区域，面向制造企业、仓储园区、商业楼宇打造标准化、定制化光储项目，全面助推华东分布式光储产业规模化、高质量发展。
共绘长三角零碳发展蓝图
本次光储沙龙的圆满落幕，是天合光能与亿合新能源深化生态共建的重要里程碑。伴随国家“双碳”战略持续推进、光储平价时代全面到来，分布式工商业光伏、储能市场迎来爆发窗口期。
未来，天合光能将持续以持续技术创新为核心引擎，以全域生态合作为发展纽带，持续赋能亿合新能源等核心合作伙伴，深耕长三角本土市场，联合打造更多高效、高收益标杆光储项目，携手助推区域制造业绿色低碳转型，共筑零碳能源新生态。
索比光伏网 https://news.solarbe.com/202608/18/50027750.html
本站标注来源为“索比光伏网”、“碳索光伏""、""索比咨询”的内容，均属www.solarbe.com合法享有版权或已获授权的内容。未经书面许可，任何单位或个人不得以转载、复制、传播等方式使用。
经授权使用者，请严格在授权范围内使用，并在显著位置标注来源，未经允许不得修改内容。违规者将依据《著作权法》追究法律责任，本站保留进一步追偿权利。谢谢支持与配合！
晶澳联合启盛新材料、史陶比尔在杭州举办光储充渠道交流会，聚焦“解构X·重构收益”，直面行业深度调整，提出从“装光伏”到“算收益”转型路径。活动揭示浙江光储充融合新机遇，发布“光储+X”系统方案，并签约6家本地企业，加速光储智一体化落地。
2026中国新型能源应用端发展峰会将于11月17-20日成都举办，聚焦户用分布式光伏“下半场”价值深耕。峰会直面并网消纳、光储融合、运维升级等痛点，汇聚电网专家、投资机构、一线服务商与终端业主，共探技术方案、商业模式与生态协同，助力屋顶资源高效开发与乡村振兴落地。
2026年，国内新能源电力市场化改革持续深化。光储产业正步入系统集成、多能协同和价值重塑为核心的新阶段。8月7日，“第五届光储绿色供应链大会”在嘉兴秀洲盛大开幕。本届大会以“集成融合，价值重构”为主题，聚焦全面入市背景下的光储系统的技术集成路径、供应链协同机制、以及价值评估和商业模式的再创新，汇聚了300多家来自产业界、学术界、金融界、以及跨界嘉宾的独到观点和真知灼见，以集成融合之力打破边界，以价
江苏风光新能源总经理周嫦娥到访天合光能常州总部，双方围绕光储一体化、市场协同及海外布局深入交流。重点探讨至尊3代组件、蓝海2储能系统及光储+AI方案，认可技术实力与合作潜力，达成共建常态化机制、共拓国内外市场的共识。
7月27日，晶澳科技与安宇集团在聊城举办光储协同渠道共享会，近百位山东及周边渠道商共议新能源政策、电力市场改革与光储融合新机遇。会议深度解读山东光储发展路径，展示晶澳光储一体化解决方案，聚焦削峰填谷、绿电交易、虚拟电厂等多元价值，推动行业从“规模增长”迈向“价值增长”。
7月24日，中来股份亮相上海光伏研讨会，发布Namic纳米铠甲少银金属化技术：背面高效减银、效率稳定、产线兼容；首创电池-互联-组件三层协同架构，搭配增透胶膜、透明网格背板与双梁合金钢边框，打造“低银耗、高效率、高可靠”Namic纳米客组件，全面适配分布式与BIPV场景。
电管家集团股份有限公司凭借“风光储系统电气火灾预防关键技术与装备”项目，荣获2025年度上海市科学技术奖技术发明一等奖。该项目由电管家集团联合高校及国网上海市电力公司，通过产学研协同攻关，聚焦风能、光伏与储能系统中电气火灾防控这一行业难题，突破关键技术并研发配套装备，有效弥补新能源电力服务领域的技术短板。成果已实现科研与实际运维场景的深度结合，应用于智能微电网运营服务中。作为一站式智能微电网服务商，电管家集团长期坚持自主创新，以核心技术研发驱动综合能源服务升级。未来，公司将继续深化产学研融合，推动科创成果在电力运维、新能源配套等核心业务中的规模化应用，提升新型电力系统的安全运行保障能力。（198字）
本文探讨光储融合技术如何为食品冷链企业提供全天候、高可靠的电力保障。文章指出，冷库对电力稳定性的依赖具有不可逆性——断电会导致温度失控、货品变质，造成重大经济损失。传统柴油发电机因响应滞后、运维成本高、环保受限且无法降本，难以满足冷链“断电不停冷”的刚性需求。光储融合方案通过光伏发电、储能系统与智能调度的深度协同，构建“发电+储电+备电”三位一体体系：光伏在日间自发自用并余电存储，储能实现夜间及电网异常时持续供电，并以毫秒级切换确保制冷设备无缝运行。该方案兼具经济性（峰谷套利、降低电费）、可靠性（热备在线、瞬时响应）、绿色性（零碳供能）和可落地性（经大规模项目验证），助力冷链企业从被动防断电转向主动能源自主。
缅甸仰光Aung Khit Mie米厂电网薄弱、柴油成本高企，产能受限。固德威为其定制工商业光储方案：3台50kW储能逆变器+3组112kWh电池，毫秒级无缝切换，适配80%感性负载，用电成本降60%，2.3年回本，年减碳超1000吨，实现稳产、降本、绿色升级。
天合光能董事长高纪凡深度解读算电协同国家战略，提出“绿电直连+多级储能+算电协同”一体化模式；光储融合升级为“绿电直连+智能微电网”；TOPCon3.0与THBC双轮驱动技术突破；少银化加速降本；2026年储能出货同比超300%，海外占比超90%。",full,,trafilatura_full_text,https://news.solarbe.com/202608/18/50027750.html,索比光伏-综合新闻,光伏,光伏综合新闻,2026-08-18T22:57:14+00:00,零碳产业 > 能量循环 > 能源测 > 发电技术 > 光伏,零碳产业,光伏,"[{""path"":[""零碳产业"",""能量循环"",""能源测"",""发电技术"",""光伏""],""path_text"":""零碳产业 > 能量循环 > 能源测 > 发电技术 > 光伏"",""confidence"":0.9,""reason"":""核心是天合光能高效光伏组件及分布式光储方案的市场推广。""}]",classified,2026-08-18T23:03:31.692267+00:00,glm-5.2,2026-08-14,
太阳能在海南成立科技公司 含储能技术服务业务-索比光伏网,2026-08-18,"企查查APP显示，近日，中节能太阳能科技(海南)有限公司成立，法定代表人为银路，经营范围包含：太阳能发电技术服务;储能技术服务;合同能源管理;以自有资金从事投资活动;节能管理服务等。企查查股权穿透显示，该公司由太阳能全资持股。
索比光伏网 https://news.solarbe.com/202608/18/50027748.html
企查查APP显示，近日，中节能太阳能科技(海南)有限公司成立，法定代表人为银路，经营范围包含：太阳能发电技术服务;储能技术服务;合同能源管理;以自有资金从事投资活动;节能管理服务等。企查查股权穿透显示，该公司由太阳能全资持股。
索比光伏网 https://news.solarbe.com/202608/18/50027748.html",full,,trafilatura_full_text,https://news.solarbe.com/202608/18/50027748.html,索比光伏-综合新闻,光伏,光伏综合新闻,2026-08-18T22:57:16+00:00,产业经济与组织 > 企业与资本 > 企业经营与公司治理,产业经济与组织,企业经营与公司治理,"[{""path"":[""产业经济与组织"",""企业与资本"",""企业经营与公司治理""],""path_text"":""产业经济与组织 > 企业与资本 > 企业经营与公司治理"",""confidence"":0.85,""reason"":""核心事件是中节能太阳能设立全资子公司，属企业经营动态。""},{""path"":[""零碳产业"",""能量循环"",""能源测"",""发电技术"",""光伏""],""path_text"":""零碳产业 > 能量循环 > 能源测 > 发电技术 > 光伏"",""confidence"":0.7,""reason"":""新公司主营太阳能发电技术服务，明确指向光伏产业。""}]",classified,2026-08-18T23:03:31.692267+00:00,glm-5.2,2026-08-14,
再添头部国企信任票，爱旭中标深圳能源集团集采高效标段-索比光伏网,2026-08-18,"日前，深圳能源集团2026-2028年度光伏组件集采供应商预选项目公示中标结果，凭借ABC组件在转换效率、可靠性及全场景适配能力上的综合优势，爱旭成功进入标段二（N型高效组件采购）中标名单。这是爱旭首次中标广东省国资能源发电企业组件集采，产品价值持续获得中央及地方各大型能源集团广泛认可。
在光伏建设用地日趋紧张、土地成本持续攀升的背景下，同等面积下发电能力更强的高效组件，正成为提升集中式电站经济性的关键路径。作为粤港澳大湾区清洁能源供应主力军，深圳能源集团股份本次招标预估采购总容量达1GW，其中高效标段是首次设立，明确要求组件转换效率不低于23.8%、功率不低于640W，折射出大型电力投资集团对高效组件提升电站经济性的强烈需求转向。爱旭ABC组件凭借正面无栅线的极致设计，以及高阻低氧硅片、分置法ABC工艺、超快激光图形化等一系列创新技术，构筑起全球领先的光电转换效率优势，已连续42个月位居全球组件量产效率排行榜首位。在同等装机规模下，ABC组件能够大幅减少占地面积，从源头降低支架、电缆及土建等BOS成本，精准回应了当前集中式电站对土地集约化利用的现实需求。
当光伏行业从“价格竞争”转向“价值竞争”，场景化解决方案的定制能力，正成为衡量组件企业核心竞争力的关键标尺。深圳能源本次招标项目覆盖海上光伏、山地、西北大基地等多元化场景，面临着沙尘遮挡、安装运输难、高湿热腐蚀、强风浪荷载等多样化挑战，对组件的可靠性提出了严苛要求。爱旭ABC组件从这些实际痛点出发，通过阴影发电优化、防积灰、抗隐裂、更低衰减、更优温度系数等差异化功能，系统性地提升了组件在各类严苛场景下的运行稳定性与发电效率，为电站的全生命周期收益提供了更高确定性，精准契合了大型能源集团对资产安全与长期收益的双重诉求。
此次深圳能源集团集采中标，是爱旭集中式业务深耕区域市场的重要成果之一。今年以来，爱旭已接连中标华电年度集采6GW高效标段、中国电建年度集采4GW BC标段，大唐4GW BC标段，ABC技术路径与产品价值正持续赢得大型能源集团的深度信任。未来，爱旭将继续坚持以客户为中心，在追求极致创新的同时，为各场景客户针对性创造差异化价值，以高效优质的组件产品与客户共享科技进步成果，为推动全球能源转型贡献爱旭力量。
索比光伏网 https://news.solarbe.com/202608/18/50027746.html
本站标注来源为“索比光伏网”、“碳索光伏""、""索比咨询”的内容，均属www.solarbe.com合法享有版权或已获授权的内容。未经书面许可，任何单位或个人不得以转载、复制、传播等方式使用。
经授权使用者，请严格在授权范围内使用，并在显著位置标注来源，未经允许不得修改内容。违规者将依据《著作权法》追究法律责任，本站保留进一步追偿权利。谢谢支持与配合！
中国南水北调集团有限公司于8月14日发布2026—2027年度光伏组件及逆变器集中采购招标公告，其中光伏组件采购规模达1.3吉瓦（GW）。此次集采是南水北调集团推进绿色能源应用、落实国家“双碳”战略的重要举措，旨在为其所属工程设施配套建设分布式或集中式光伏发电系统。招标覆盖组件与逆变器两大关键设备，强调技术标准、质量可靠性及供货保障能力，面向具备相应资质的国内制造商公开进行。项目实施周期横跨2026至2027年度，将分批次完成签约与交付。该集采规模较大，反映出南水北调工程在水利基础设施中融合可再生能源发展的新动向，也为光伏产业链提供了重要市场机会。（198字）
弘元绿能成功中标深圳能源集团2026–2028年度光伏组件集采项目，入选其1GW规模、为期两年的供应商预选库。该项目全部采用N型技术路线，对组件效率、可靠性、长期收益及供应保障能力要求严格。弘元绿能凭借自主迭代的TOPCon 3.0电池技术（效率超27.5%）及HT 3.0四分片组件（最高效率25.2%），展现出高效率、高可靠与高收益优势；依托覆盖硅料至储能的全产业链布局和数字化智能制造体系，确保产品一致性与规模化交付能力；同时通过与尚德协同深化全球市场拓展，在欧洲、澳新、日本等地实现批量出货。此次中标标志着其在华南区域及央国企客户体系中的重要突破，凸显技术、制造与服务综合竞争力。
本文介绍了甘孜道孚亚日二期500MW光伏发电项目EPC工程总承包中标候选人公示情况。该项目由蜀道清洁能源集团全资子公司道孚蜀道清洁能源有限公司招标，位于甘孜州道孚县色卡乡海拔3850–4290米的天然牧草地区域，属道孚光伏3号基地剩余场址，规划直流侧装机容量约548.85MWp，交流侧500MW，并配套25%、2小时储能系统（以批复为准）。项目采用“1+N”开发模式，拟建220kV升压站及集电线路，接入道孚500kV变电站。公示显示，中国水电五局与七局并列第一候选人，投标总价约12.57亿元（折合单价约2.2897元/Wp），西北电建位列第三（单价约2.3029元/Wp）。该项目是甘孜州280万千瓦光伏项目群组成部分，蜀道集团已在此批项目中中标230万千瓦。
深圳起明光伏成功中标深圳能源2026-2028年度光伏组件集采两大标段，创维TOPCon与CBC双技术路线同步入围。依托自研自产智能智造基地及“少1瓦赔10瓦”真功率承诺，彰显N型组件硬核实力与全链品质管控能力。
中广核云南保山540MW光伏项目群启动组件交付，英利能源提供定制化熊猫3.0 Plus高效组件，专适高海拔、25°–40°陡坡山地环境。项目采用“牧光互补”模式，融合生态修复与乡村振兴。此前在会泽60°险峻山地项目中已验证卓越性能，助力西南清洁能源基地加速落地。
近期，全国多地密集公示或批复一批大型光伏及光储一体化项目，涉及国家能源集团、华能、大唐、国家电投、晋控等中央及地方国企。11个重点项目覆盖山西、江苏、云南、陕西、内蒙古、山东、浙江七省，总装机容量超1600兆瓦，总投资逾148亿元。项目类型多样，包括农光互补、渔光互补、采煤沉陷区治理型光伏以及大型风光储一体化基地等。其中，晋控天镇500MW光储一体化项目和内蒙古乌兰察布1500MW“风光火储一体化”基地规模突出；其余项目多为50–250MW级复合型光伏电站，普遍配套升压站及储能设施，注重土地复合利用与生态协同。整体呈现绿色能源开发提速、央地协同推进、模式多元融合的特征。
本文介绍了隆基绿能与意大利独立发电商Innovo Renewables达成的71MWp集中式光伏项目合作。该项目位于意大利，将全部采用隆基Hi-MO 9高效BC组件，基于HPBC 2.0背接触技术，组件效率达24.8%，功率最高670W，并具备优异弱光性能、低温度系数（-0.26%/℃）及30年线性功率质保。项目配套单轴跟踪系统，通过组件与系统协同提升发电量和全生命周期价值。投运后年发电量约1.1亿千瓦时，可满足超4万户家庭用电，年减排二氧化碳约3.5万吨。此次合作标志着双方从单项目供货迈向长期战略协同，旨在为意大利及欧洲能源转型提供高可靠性、高效益的清洁能源解决方案。（199字）
8月4日，山西潞安太阳能科技有限责任公司公示了其光伏组件及组件物资年度招标采购（001标段）的中标候选人名单，共8家企业入围，分别为晶科能源、晋能科技、恒曦光能、晶澳科技、旭合科技、三一硅能、TCL中环和东方日升。本次招标由潞安太阳能作为采购方，面向具备规模化供货能力的光伏企业，要求投标人须提供累计不少于500MW的光伏组件供货业绩，且其中至少一个合同规模不低于50MW。公示标志着该年度集采进入关键环节，旨在通过严格资质审核遴选优质供应商，保障其后续光伏项目对高性能组件的稳定需求。
晶科能源新一代高效光伏组件“飞虎3”成功入围深圳能源集团2026–2028年度1GW光伏组件集中采购项目（高效组件标段），进入其供应商预选库。该组件以最高24.8%的转换效率、670W功率、85%±5%双面率及优异弱光响应、低温度系数和抗阴影能力为核心优势，显著提升地面电站全生命周期发电量与投资回报率。其性能全面优于国家光伏一级能效强制标准，并获CPVT颁发的一级能效符合性认证。依托高可靠性与系统端价值增益，飞虎3已实现全球累计签单超20GW，广泛应用于国内外大型地面电站及分布式项目，支撑光伏产业向“置信出力”和高质量发展转型。（199字）
本文介绍了爱旭（AIKO）光伏企业历时三年在澳大利亚市场实现技术突围与品牌跃升的实践路径。面对澳洲高日照、高电价、高安装渗透率的优质市场环境，以及屋顶空间有限、人工成本高昂、气候严苛等现实挑战，爱旭以自主研发的ABC高效组件为核心，聚焦“无短板”性能：通过510W–520W超高功率设计提升单位面积发电效率，依托优异温度系数与阴影耐受能力应对高温强紫外工况，并以无栅线外观满足建筑美学需求。其产品经第三方实测验证，在发电量、单位面积增益及高温表现上显著优于竞品，带动渠道转化率与市场份额快速攀升，2026年跃居当地OpenSolar平台提案量第一，并获EUPD“顶级组件”认证。同时，爱旭构建本地化销售服务团队，深度参与展会与实证演示，并联合新南威尔士大学ACAP、墨尔本大学开展前沿技术研发，更通过太阳能车挑战赛完成极限场景验证。全文展现了一条以硬核技术为根基、深度本地化为支撑、科研生态融入为延伸的高质量出海路径。（199字）",full,,trafilatura_full_text,https://news.solarbe.com/202608/18/50027746.html,索比光伏-综合新闻,光伏,光伏综合新闻,2026-08-18T22:57:17+00:00,零碳产业 > 能量循环 > 能源测 > 发电技术 > 光伏,零碳产业,光伏,"[{""path"":[""零碳产业"",""能量循环"",""能源测"",""发电技术"",""光伏""],""path_text"":""零碳产业 > 能量循环 > 能源测 > 发电技术 > 光伏"",""confidence"":0.92,""reason"":""核心是爱旭高效ABC光伏组件中标能源集团组件集采。""}]",classified,2026-08-18T23:03:31.692267+00:00,glm-5.2,2026-08-14,
冠军车队亲述：隆基BC如何帮我们跑赢8天4298.9公里-索比光伏网,2026-08-18,"8天，穿越美国8个州，总里程超过4000公里。
近日，2026年美国太阳能挑战赛（ASC）正式收官。由隆基BC技术赋能的比利时Innoptus Solar Team以4298.9公里夺得冠军，荷兰Delft Solar Team以4080.5公里获得亚军。这是ASC创办以来，欧洲车队首次包揽前两名，更是欧洲车队首次夺冠。
赛后，冠军车队比利时Innoptus Solar Team队员Anthony Vanden Abeele向我们回顾了这场漫长而艰险的旅程。比赛期间，他坐在先遣侦察车里，提前勘察路线和赛道情况，也亲眼见证了隆基BC在真实赛场上的表现。
“这是一次非常宝贵的经历。整个赛程非常长，比我们去年在澳大利亚参加普利司通世界太阳能挑战赛（BWSC）时要长很多。在BWSC中，我们通常只需要比赛四天半，但这次是八天正赛加上三天排位赛。”Anthony说，“首先要通过赛前严格的技术审查，今年的审查特别严格，细节也非常多。然后需要在排位赛中争取晋级资格，在赛道上跑了三天。最后，就是一路横跨整个美国，穿越八个州。”
本届ASC自明尼苏达州发车，沿66号公路一路南下，终点设于德克萨斯州，以8天累计行驶距离决出胜负，途经平原、丘陵、荒漠等多重地形，横跨数个气候带，对赛车的能源系统与可靠性提出了极高要求。
“这确实是一场非常艰苦的比赛，但也是一次难得的经历。”Anthony补充道，“不过总体来看非常顺利，我们没有遇到什么大的问题。”
“今年我们最重要的目标，就是进一步提升赛车的可靠性。毕竟这是一场非常漫长的比赛，我们必须确保赛车在整个赛程中都能够稳定运行，不出现任何技术问题。”Anthony说，“赛车在比赛中的表现非常出色。整整八天，没有因为技术故障而被迫停车维修。只有一天路况比较差，我们进行了一次非常快速的进站维修，技术团队非常迅速地完成了轮胎更换。”
这种稳定性，让车队能够保持节奏，尽可能多地跑出里程。同样值得一提的是，在8天严苛的赛程中，面对高温、高湿的恶劣环境，隆基BC组件保持全程零故障运行。ASC规定单座太阳能赛车的太阳能电池阵列面积不得超过6平方米，在如此有限的受光面积内，每一瓦发电能力都至关重要。
Innoptus Solar Team与隆基的合作已经走过两年。2025年，隆基首度与Innoptus Solar Team携手征战普利司通世界太阳能挑战赛；2026年，合作进一步深化，隆基同时成为Innoptus Solar Team与荷兰Delft Solar Team的核心光伏技术伙伴。两支车队均在2025年普利司通世界太阳能挑战赛中位列世界前三，也是本届ASC仅有的两支欧洲参赛队伍。
“两年前，我们带着一个非常明确的应用需求找到隆基，希望一起打造一套适用于太阳能赛车严苛环境的发电系统。”Anthony说，“过去两年，隆基最优秀的工程师与我们的技术团队紧密合作，共同开发出驱动赛车前行的柔性太阳能BC组件。最终，这款组件兼具高强度、高效率和高可靠性，我们非常满意它今年在赛场上的实际表现。”
这种合作建立在联合研发之上。针对Innoptus车队低风阻流线型车身对太阳能阵列与复杂曲面高度贴合的要求，隆基定制开发了BC柔性封装组件；Delft则采用隆基高效BC电池方案，追求能量密度的极限突破。同一个BC技术平台，两种不同的极致演绎，最终殊途同归。
“比赛开始前三天，天气并没有像我们预想的那样炎热晴朗。天空中有大量云层，天气温暖又潮湿。”Anthony回忆道。
在光伏系统作为赛车唯一能量来源的赛制下，发电能力直接决定车队能否在不利天气中维持竞争力。
“这更凸显了高性能太阳能电池的重要性，需要尽可能捕捉每一缕能够利用的光线。相比没有采用这项技术的竞争对手，隆基BC组件确实为我们带来了明显的优势。凭借高效BC太阳能组件，我们能够快速为电池补充能量。所以在比赛最初的几天里，BC技术帮助我们取得了领先。”Anthony补充道。
比赛刚刚开始的几天内，Innoptus Solar Team一度处于追赶位置。但有一天，他们成功跑了更多圈，追回了差距，最终升至第一名，并将领先保持到了终点。
“在那些真正决定比赛走势的关键日子里，隆基BC让我们取得了领先优势。”Anthony总结道，“即使在阴天，我们依然能够充分利用有限的阳光，获取大量太阳能；而到了天气放晴的时候，我们的BC太阳能组件更是发挥出了非常出色的性能，帮助我们不断向前，尽可能多地跑出里程。”
最终，Innoptus Solar Team以4298.9公里的成绩拿下冠军，总里程超过4000公里，全程不加油、不插枪充电，0排放，唯一能量来源就是车载6平方米的太阳能产品。
“我们非常感谢隆基一路以来的合作与支持，也感谢这款搭载在赛车上的高性能太阳能组件。”Anthony说。
从八天横跨美国到阴天晴天，隆基BC技术经受了真实赛场的极限验证。其在高效率、高可靠性等方面的综合优势，也在这次比赛中得到了充分体现。当两辆赛车先后驶过终点线，关于隆基BC技术的答案，已经写在了4000多公里的里程里。
索比光伏网 https://news.solarbe.com/202608/18/50027745.html",full,,trafilatura_full_text,https://news.solarbe.com/202608/18/50027745.html,索比光伏-综合新闻,光伏,光伏综合新闻,2026-08-18T22:57:19+00:00,零碳产业 > 能量循环 > 能源测 > 发电技术 > 光伏,零碳产业,光伏,"[{""path"":[""零碳产业"",""能量循环"",""能源测"",""发电技术"",""光伏""],""path_text"":""零碳产业 > 能量循环 > 能源测 > 发电技术 > 光伏"",""confidence"":0.95,""reason"":""核心是隆基BC光伏组件在太阳能赛车中的高效高可靠表现，属光伏技术验证。""}]",classified,2026-08-18T23:03:36.862536+00:00,glm-5.2,2026-08-14,
廿载追光路，携手赴新程｜正泰新能Astronergy World Tour 2026孟加拉站圆满落幕-索比光伏网,2026-08-18,"8月13日，正泰新能Astronergy World Tour 2026孟加拉站于达卡顺利举办。本次盛会集结两百余位孟加拉光伏与可再生能源领域行业领袖、本土经销商及战略合作伙伴，围绕当地光伏产业发展大势展开深度研讨，共探产业发展机遇，共寻未来合作共识。活动热度全程高涨，成功引爆孟加拉当地主流新闻与行业社媒平台，获得众多权威媒体争相聚焦、专题报道，收获极高的行业关注度与市场美誉度。
作为正泰新能全球品牌活动的重要组成部分，Astronergy World Tour自2023年启动以来，始终以倡导绿色低碳、构建伙伴关系、参与社区建设为核心，持续开展Solar Party、同行伙伴计划、年度之星等系列品牌活动，目前已走进全球20多个国家和地区，形成了广泛的国际品牌影响力。2026年，AWT以“Solar Together, Win Future”为主题再度启航，持续携手全球合作伙伴，共建绿色能源未来。
正泰新能亚太区销售负责人张洪卫
正泰新能亚太区销售负责人张洪卫出席活动并发表致辞，他提到，2026年是正泰新能深耕光伏赛道的第二十个年头。回望廿载征途，企业从组件智造起步，稳步推进全球化布局，在全球多地构筑市场根基，孟加拉正是其中极具潜力的核心新兴市场。正泰新能将坚守技术创新，践行长期主义，与孟加拉本地伙伴同心聚力，加速当地清洁能源产业向前发展。活动期间，张洪卫接受当地电视台采访，就正泰新能在孟加拉的市场战略、技术赋能及长期合作愿景等话题进行了深度交流。
ASTRO N7 Pro亮相
活动现场，正泰新能旗舰产品ASTRO N7 Pro闪耀亮相，这也是该产品在孟加拉的线下首秀。
正泰新能产品技术经理Kathy Kong介绍道，作为一款集高功率、高效率、高可靠性于一体的全场景顶配组件，ASTRO N7 Pro搭载了正泰新能自研的TOPCon 5.0+电池技术，叠加ASP、PF、SNOP等先进工艺，电池效率提高0.7%以上，同时融合领先的四分片设计、高密度封装及20BB技术，实现组件的零间距设计，发电面积提升0.81%，最终实现最高转换效率24.8%、最高组件功率670W的性能表现，为孟加拉的清洁能源转型注入强劲动能。
现场，正泰新能与Unimax Consultants Ltd.正式签署了100MW项目合作协议，计划在2026年至2028年达成项目供货。与此同时，正泰新能为M/S Genetic Renewable Energy Co.颁发70MW分销协议证书，深化双方合作。以此为契机，正泰新能将进一步加深孟加拉可再生能源领域的深度协同，与合作伙伴共同推动高效光伏产品的规模化应用，为当地清洁能源发展注入新动力。
廿载追光笃行，深耕终见繁花。未来，正泰新能将持续以技术创新为核心驱动力，聚焦高效光伏产品研发与本地化生态建设，持续深耕孟加拉及南亚新能源市场，以绿色科技赋能区域能源结构升级，奔赴低碳高效、绿色可持续的全球能源新未来。
索比光伏网 https://news.solarbe.com/202608/18/50027744.html
本站标注来源为“索比光伏网”、“碳索光伏""、""索比咨询”的内容，均属www.solarbe.com合法享有版权或已获授权的内容。未经书面许可，任何单位或个人不得以转载、复制、传播等方式使用。
经授权使用者，请严格在授权范围内使用，并在显著位置标注来源，未经允许不得修改内容。违规者将依据《著作权法》追究法律责任，本站保留进一步追偿权利。谢谢支持与配合！
TCL光伏科技在武汉举办华中大区渠道商赋能培训大会，聚焦“精运维、提质效、共未来”，推出标准化运维体系与可进化数字化底座，覆盖全生命周期精细化运营、低效电站盘活及全流程闭环处置，以“标准化+数字化”双引擎驱动存量时代高质量发展。
正泰新能与孟加拉SR Renewable Energy签署337MW光伏组件供应备忘录，加速当地可再生能源转型。双方将依托各自优势，推动项目落地，助力孟加拉实现2030年可再生能源占比20%的目标。此次合作标志着正泰新能深化南亚战略布局，树立中孟清洁能源合作新典范。
华晟新能源联合中科大打造镇江水台村农光融合标杆项目，首创垂直双面光伏组件+匀光技术，破解“争地减产”难题，实现板上高效发电、板下稳产增收。项目盘活1500亩闲置土地，带动村集体增收与村民就业，树立科技、农业、生态、富民共生新范式。
正泰新能携手Electrisa在巴拿马城举办Solar Certification 2026技术培训，40位拉美专业人士共探光伏前沿趋势。现场详解TOPCon双面组件、ASTRO N7/N7s系列技术优势，聚焦BOS降本、美观安装与发电增益。深化本地化布局，加速拉美零碳转型。
7月2日，正泰新能与泰国上市公司TSE签署118MW光伏组件供应协议，为其16个电站项目提供ASTRO N系列高效组件，预计2028年初商运。此次合作深化正泰在泰布局，融合中国先进制造与泰国本土开发优势，助力泰国能源转型与碳中和目标。
安泰新能源首秀尼日利亚Solar & Storage Live展会，携AT-Spark智能跟踪系统、ALTRA屋顶支架、ALTIMA地面支架三大本地化产品亮相，精准适配西非沙地、高湿、强风等严苛环境，提供全场景光伏支架解决方案，加速非洲能源转型。
正泰新能再度入选标普全球能源2026年Tier 1光伏组件供应商榜单（全球仅15家），依托n型TOPCon量产实力、170GW出货量及140国市场覆盖。榜单首度引入RiskGauge™信用风险评估，凸显其穿越周期韧性。同时斩获Kiwa PVEL十次“Top Performer”、BNEF第一梯队及EcoVadis铂金认证，彰显技术、财务与ESG综合实力。
7月10日，正泰新能20周年系列活动之Astronergy World Tour 2026（AWT2026）越南站在胡志明市成功举办。本次活动汇聚越南光伏产业链及能源转型领域百余位核心嘉宾，聚焦越南当地电力短缺核心痛点，深度探讨光伏技术落地应用的创新路径，助力越南加速推进能源独立进程，全面赋能区域绿色低碳转型发展。现场合影作为正泰新能全球品牌活动的重要组成部分，Astronergy World T
7月10日，正泰新能携手安徽锦天新能源举办全球工厂行（AFT）活动，邀请合作伙伴实地探访海宁智能制造基地。嘉宾深度体验ASTRO N系列高效组件生产全流程，见证AGV智能物流、高精度机械臂等数字化产线，并参观光伏小镇实景应用。现场颁发“销冠先锋”奖项，深化战略协同，共推分布式光伏高质量发展。
西安东站7.25MW光伏项目落地，首创“胶粘+夹具”双保险方案，攻克双曲面铝镁锰板屋顶热胀冷缩与零损伤安装难题，实现年发电近800万度、100%就地消纳。隆基Hi ROOF S以全流程专项交付，树立轨道交通光伏新标杆。",full,,trafilatura_full_text,https://news.solarbe.com/202608/18/50027744.html,索比光伏-综合新闻,光伏,光伏综合新闻,2026-08-18T22:57:21+00:00,零碳产业 > 能量循环 > 能源测 > 发电技术 > 光伏,零碳产业,光伏,"[{""path"":[""零碳产业"",""能量循环"",""能源测"",""发电技术"",""光伏""],""path_text"":""零碳产业 > 能量循环 > 能源测 > 发电技术 > 光伏"",""confidence"":0.9,""reason"":""正泰新能光伏组件产品发布与孟加拉市场项目合作是核心事件。""},{""path"":[""产业经济与组织"",""企业与资本"",""企业经营与公司治理""],""path_text"":""产业经济与组织 > 企业与资本 > 企业经营与公司治理"",""confidence"":0.7,""reason"":""企业全球品牌活动、市场战略与分销合作协议属企业经营范畴。""}]",classified,2026-08-18T23:03:36.862536+00:00,glm-5.2,2026-08-14,
对标奔驰 G 级，曝林肯计划基于福特烈马打造硬派越野新车,2026-08-18,"8 月 18 日消息，林肯目前已经彻底成为一个 SUV 品牌，但产品线里始终缺少一款
真正能下泥地、走烂路的硬派车型
。最新消息显示，这块空白可能会在 2030 年前补上。
福特计划以烈马为基础，为林肯打造一款
全新的硬派 SUV
，目标客户正是那些
喜欢奔驰 G 级
却觉得它太贵的人。
据《底特律自由新闻》今天（18 日）援引两名熟悉福特产品规划的消息人士说法，这款神秘林肯新车已经进入量产推进阶段。AutoForecast Solutions 分析师萨姆 · 菲奥拉尼指出，项目已经获得内部代号，预计 2029 年夏末在密歇根州韦恩的密歇根装配厂投产，与福特烈马共线生产。
林肯经销商也一直在向福特争取类似产品。一名经销商称，他们希望看到一款类似奔驰 G 级的方正越野车，
以烈马架构为基础，再换上明显更加豪华的设计和用料
该经销商预计，新车起售价可能为 7 万美元
（IT之家注：现汇率约合 47.3 万元人民币）
，低于目前 89,995 美元
（现汇率约合 60.8 万元人民币）
起售、还需另付运输及交付费的领航员。作为对比，奔驰 G550 在美国的起售价 15.39 万美元
（现汇率约合 103.9 万元人民币）
这款传闻中的“大 G 对手”还会成为林肯整体重整计划的一部分。福特近期宣布，准备从 2030 年开始扩大林肯在美国本土的生产规模。CEO 吉姆 · 法利也确认，未来几年会有多款全新林肯车型陆续推出。
福特还准备停止从中国进口航海家，把更多林肯车型转回美国生产。法利认为，美国工厂的制造质量已经改善，使福特有信心与雷克萨斯等豪华品牌竞争。
作为对照，雷克萨斯 GX 同样采用方正硬派路线，并以丰田普拉多为基础打造，起售价不到 7 万美元
（现汇率约合 47.3 万元人民币）",full,,dom_or_structured_full_text,https://www.ithome.com/0/991/364.htm,IT之家,综合媒体,科技新闻,2026-08-18T22:57:27+00:00,通用技术 > 通信和运输 > 陆路运输,通用技术,陆路运输,"[{""path"":[""通用技术"",""通信和运输"",""陆路运输""],""path_text"":""通用技术 > 通信和运输 > 陆路运输"",""confidence"":0.85,""reason"":""核心是林肯基于福特烈马打造硬派越野新车的整车产品规划。""}]",classified,2026-08-18T23:03:36.862536+00:00,glm-5.2,2026-08-14,
小米详解澎程系列汽车后排娱乐屏实体遥控器特别之处：符合直觉，可与电视通用,2026-08-18,"感谢IT之家网友
Autumn_Dream
软媒新友2481472
8 月 18 日消息，小米汽车官方今日发布答网友问（第 280 集），针对澎程系列后排娱乐屏配置的实体遥控器有什么特别之处、中央顶棚区域两侧布置两个照明灯设计考量、车内 220V 电源接口的安全设计等问题进行了集中解答。
IT之家附小米汽车本集答网友问重点内容如下：
小米澎程系列后排娱乐屏配置的实体遥控器，有什么特别之处？
在设计后排娱乐屏的交互方式时，
我们考虑过手势、触控等多种方案
。但结合大量用户调研及实际体验下来，我们发现手势方案对老人和小朋友会有一定学习成本，且在实际车内环境中识别稳定性仍有不足。而当二排乘客将座椅向后大范围移动，享受舒适的观看距离时，身高较矮的用户和小朋友也很难直接够到屏幕。
尤其是在行车过程中，起身触控屏幕也存在安全风险
所以最后我们选择了一个
很熟悉、也很符合直觉的方案
—— 实体遥控器。
它不受座椅位置影响
，老人、小朋友拿起来基本就知道怎么用。
而且这只遥控器和家里小米电视的遥控器使用方法一样，我们希望将用户在家里已经非常熟悉的使用习惯，直接延续到车里。甚至，
家里小米电视的遥控器拿到车上，在蓝牙配对后也能直接使用
。同理，车里的遥控器拿回家与小米电视蓝牙配对后，也一样能控制小米电视。
相比让用户重新学习一种交互方式，我们更希望用户在车里观看这块娱乐屏时，就像坐在家里沙发上看电视一样自然、好用。
在中央顶棚区域两侧布置两个照明灯，为什么会有这样的设计？
中央顶棚区域两侧布置两颗中央顶灯，
这个设计既有造型上的考虑，也有实际场景的照明需求
造型上，我们延续了小米澎程“型方面润”的设计风格，采用圆润的方形轮廓。配合磨砂灯罩和精致饰圈，灯光柔和，希望带来类似家中吸顶灯一样简约、自然的视觉感受。
且两颗中央顶灯刚好对称布置在后排娱乐屏两侧，巧妙利用了屏幕周边的空间
，也让整个顶棚区域看起来更加完整、协调。
中央顶灯作为后排的补充照明，可以和车顶阅读灯配合使用
，根据不同场景选择整体照明或局部照明。在驻车场景下，前排对坐旋转后，也会给对坐交谈提供更明亮的照明空间。
同时中央顶灯也支持通过小爱同学单独打开或关闭
，夜间需要补充照明时更加方便。
小米澎程 N90 Max 车内的 220V 电源接口，在安全设计上有什么特别考虑？
车内 220V 电源接口是一个大家经常会用到，同时又涉及用电安全的配置，所以我们在设计时做了多重防护。
电源接口本身自带物理盖板，可避免手指或金属异物直接接触内部带电部件
，小朋友也不容易误触，使用更安心。
接口内部增加了微动开关，可以识别用电设备是否真正插入
。即当电源插头插入后才接通 220V 电源，拔出后则自动断电。这样不用的时候电源接口不会持续带电，也能减少带电插拔产生电弧的潜在风险。
此外，电源接口还具备过流保护。
电源接口按照 220V/10A 额定设计，超出电流负载范围时会及时切断电源
使用车内 220V 电源接口时，需要您在中控屏“设置”-“充放电”内开启“车内电源插座”开关（开关处也会显示实时用电功率）。开启此开关后，得益于微动开关的加入，
日常使用中插上设备即通电、拔掉即断电，无需每次用完再回中控屏关闭开关
我们希望车内 220V 电源接口既方便，也将日常使用中可能遇到的潜在用电风险尽可能考虑周全。",full,,dom_or_structured_full_text,https://www.ithome.com/0/991/363.htm,IT之家,综合媒体,科技新闻,2026-08-18T22:57:29+00:00,通用技术 > 通信和运输 > 陆路运输,通用技术,陆路运输,"[{""path"":[""通用技术"",""通信和运输"",""陆路运输""],""path_text"":""通用技术 > 通信和运输 > 陆路运输"",""confidence"":0.9,""reason"":""小米汽车后排娱乐屏遥控器与车内电源安全设计属智能汽车交互与配置。""}]",classified,2026-08-18T23:03:36.862536+00:00,glm-5.2,2026-08-14,
无需授权即可删除他人项目？GitLab 紧急修复 CVE-2026-19478 严重漏洞,2026-08-18,"IT之家 8 月 18 日消息，当地时间 8 月 17 日，GitLab 发布紧急安全更新，修复了社区版（CE）和企业版（EE）中存在的两个安全漏洞。
其中严重漏洞 CVE-2026-19478（IT之家注：CVSS 评分 9.4）允许未认证攻击者远程修改或删除公共项目及用户数据；高危漏洞 CVE-2026-19650（CVSS 评分 7.1）为 GraphQL 多路复用查询处理器中的跨站请求伪造（CSRF）漏洞，可允许攻击者通过 GET 请求执行 GraphQL 变更操作。
两个漏洞影响 GitLab CE / EE 从 18.2 开始至 18.11.11 之前、19.0 至 19.0.8 之前、19.1 至 19.1.6 之前、以及 19.2 至 19.2.4 之前的所有版本。已于 2026 年 8 月 17 日发布的修复版本为 19.2.4、19.1.6、19.0.8 和 18.11.11。官方强烈建议所有自托管 GitLab 实例立即升级至上述版本之一。
CVE-2026-19478 涉及 GraphQL 层在处理 @gl_introduced 指令时的 fallback 字段解析缺陷。攻击者可在无需身份认证的情况下，通过单个恶意请求永久删除公开项目数据、停用或封禁用户账号，甚至对开源项目发起供应链攻击。
目前该漏洞的 PoC（概念验证）和技术细节已公开。据奇安信鹰图资产测绘平台数据，该漏洞关联的国内风险资产总数为 108658 个，全球风险资产总数为 401607 个。
CVE-2026-19650 因 GraphQL 多路复用查询处理中的请求验证不当，在特定条件下允许未认证用户通过 GET 请求执行变更操作。该漏洞的利用需要用户交互。
GitLab 表示，本次更新不包含新的数据库迁移，多节点部署无需停机。两项漏洞均由安全研究员通过 HackerOne 漏洞赏金计划报告。目前官方尚未发现相关漏洞已被在野利用的证据。",full,,trafilatura_full_text,https://www.ithome.com/0/991/362.htm,IT之家,综合媒体,科技新闻,2026-08-18T22:57:30+00:00,数字科技与消费 > 数字安全 > 网络安全与数据治理,数字科技与消费,网络安全与数据治理,"[{""path"":[""数字科技与消费"",""数字安全"",""网络安全与数据治理""],""path_text"":""数字科技与消费 > 数字安全 > 网络安全与数据治理"",""confidence"":0.95,""reason"":""GitLab严重漏洞的修复与风险资产影响属网络安全事件。""}]",classified,2026-08-18T23:03:36.862536+00:00,glm-5.2,2026-08-14,
乘坐自动驾驶车辆害怕“没人”开车？Stellantis 新专利在玻璃上投射“虚拟司机”,2026-08-18,"IT之家 8 月 18 日消息，即使相信无人驾驶技术，有些人看到驾驶席空无一人时仍会感到不安。知道车辆由计算机控制是一回事，亲眼面对一个没有司机的驾驶席又是另一回事。
据外媒 CarBuzz 今天（18 日）报道，Stellantis 申请了一项颇具科幻色彩的专利，希望用“虚拟司机”缓解这种不安。
目前，自动驾驶面临着多项棘手的问题，其中之一便是信任。人们早已习惯车里有一个负责掌控车辆的人，不仅能带来安全感，也方便乘客与驾驶员沟通。
Stellantis 认为，全息影像或投影技术或许能够同时补上这两个缺口。按照专利描述，系统会持续判断每名乘员的位置和视线方向，再通过车内投影设备生成一名虚拟驾驶员，与车内乘客进行交流。
虚拟驾驶员不会真的“坐”在驾驶席上，而是以类似 HUD 的形式出现在挡风玻璃上。乘客能够看到虚拟形象的反射，系统还会通过机器学习生成表情，让口型与合成语音同步，甚至可以在说话时把视线转向正在交流的乘客。
乘客还可以选择自己的“司机”。系统可以根据车内乘员定制虚拟形象，让乘客更容易接受无人驾驶车辆。
Stellantis 还设想了一种更进一步的应用，让真人远程驾驶员通过同一套系统“出现在”车内。在车辆驶出运行设计域，或者道路上出现系统难以处理的异常情况时，自动驾驶汽车或仍需人工接管。
远程操作员介入时，不会只是从后台接管车辆。车内投影设备还会同步显示远程驾驶员的影像，让乘客感觉对方仿佛就在车内。远程驾驶员可以看向乘客、直接交流，而本人实际上可能坐在世界另一端的驾驶工作站。
IT之家从报道中获悉，这样一来，远程驾驶员不仅可以让乘客知道自己已经发现车辆的问题或异常，也可以直接解释情况，告诉乘客车辆仍处于控制之中。",full,,trafilatura_full_text,https://www.ithome.com/0/991/361.htm,IT之家,综合媒体,科技新闻,2026-08-18T22:57:32+00:00,通用技术 > 通信和运输 > 陆路运输,通用技术,陆路运输,"[{""path"":[""通用技术"",""通信和运输"",""陆路运输""],""path_text"":""通用技术 > 通信和运输 > 陆路运输"",""confidence"":0.88,""reason"":""Stellantis针对自动驾驶车辆的虚拟司机投影交互专利属智能汽车技术。""}]",classified,2026-08-18T23:03:36.862536+00:00,glm-5.2,2026-08-14,
哈浮 VERSA 飞行口袋云台相机发布：双形态自由切换、搭载 1/1.3 英寸传感器，首发定价 2999 元起,2026-08-18,"IT之家 8 月 18 日消息，智能飞行影像品牌哈浮今日宣布推出全新产品 VERSA 飞行口袋云台相机。新品采用可拆卸模块化设计，实现手持云台相机与飞行相机双形态自由切换，首发定价 2,999 元起。
据介绍，哈浮 VERSA 飞行口袋云台相机核心使用场景覆盖旅行记录、家庭亲子、日常随拍、单人创作等，融合手持第一人称、平视第三人称与高空俯瞰多重视角，主打设备成本降低与携带减负。
VERSA 核心亮点是模块化双形态架构，可快速切换两种专业拍摄模式：
- VERSA 手持状态下是一台轻量化三轴机械云台口袋相机，搭载 1.64 英寸 OLED 视网膜屏，可提供触觉震动反馈；旋启屏幕启动拍摄，支持单手完成录制、变焦、自拍切换等操作，还可通过五维摇杆操控云台。
- 设备扣合专用飞行套件，可切换为智能飞行相机，支持手掌起飞、无遥控自主飞行；搭载 AI 智能运镜技术，可自动完成多角度拍摄。
影像硬件层面，VERSA 搭载 1/1.3 英寸传感器，内置动态范围增强技术，最高支持 17.5 档超高动态范围。面对逆光、夜景、高反差室内等复杂光线环境，可保留画面高光与暗部细节，避免过曝、暗部缺失等问题。
设备内置四球减振结构，可维持双形态拍摄下的画面稳定。录制规格上，VERSA 支持 4K 60fps 超高清视频录制，兼容 10-bit HDR、H-Log 及 DNG 等专业影像格式。同时视频支持 Open Gate 片门全开录制，为后期裁剪、二次构图预留创作空间。
此外，VERSA 新增“盗梦空间”电影级拍摄模式，手持、飞行双形态均可启用。通过高精度三轴云台旋转能力，可实现画面地平线平缓翻转，拍摄沉浸式镜头效果。
IT之家注意到，VERSA 还搭载 4nm 旗舰 AI 芯片，支持端侧实时计算摄影：拍摄时，可实时识别人物、风景、静物等各类场景，智能分析画面布局，微调云台角度、优化画面裁切；创作后期，可智能筛选手持、飞行双视角素材，自动匹配转场、编排片段，快速生成完整视频，简化剪辑流程。
2026 年数码家电政府补贴持续进行中，IT 之家为大家汇总国补领券地址，买数码家电之前记得领取。
数码补贴：点此领券
- 手机 / 平板 / 3C 数码支持 8.5 折政府补贴，不超过 6000 元的产品至高立减 500 元。
家电补贴：点此领券
- 多类家电支持 8.5 折政府补贴，单品至高补贴 1500 元。
广告声明：文内含有的对外跳转链接（包括不限于超链接、二维码、口令等形式），用于传递更多信息，节省甄选时间，结果仅供参考，IT之家包含外链的文章均包含本声明。",full,,trafilatura_full_text,https://www.ithome.com/0/991/360.htm,IT之家,综合媒体,科技新闻,2026-08-18T22:57:34+00:00,数字科技与消费 > 智能终端 > 消费电子与智能硬件,数字科技与消费,消费电子与智能硬件,"[{""path"":[""数字科技与消费"",""智能终端"",""消费电子与智能硬件""],""path_text"":""数字科技与消费 > 智能终端 > 消费电子与智能硬件"",""confidence"":0.95,""reason"":""核心事件是消费级口袋云台/飞行相机新品发布及其功能与定价。""}]",classified,2026-08-18T23:03:42.644881+00:00,glm-5.2,2026-08-14,
苹果 Apple Card 限时活动：指定消费可获 5% 返现,2026-08-18,"iPhone之家
iPhone新闻
8 月 18 日消息，苹果现已为 Apple Card 信用卡推出“8 月公路旅行”限时优惠活动。即日起至 9 月 15 日，使用 Apple Card 和 Apple Pay 在
缤客、Hertz（赫兹租车）、ChargePoint、Exxon 和 Mobil 消费，可获得 5% Daily Cash 返现。
据悉，本次优惠覆盖酒店住宿、租车、加油和充电等商户，
用户最高可获得 37.5 美元
（IT之家注：现汇率约合 253.2 元人民币）
作为参考，Apple Card 日常在合作商户处最高可提供 3% 返现，而此次限时活动在此基础上加赠 2%，但符合条件的消费总额最高为 750 美元
（现汇率约合 5,065 元人民币）
IT之家了解到，Apple Card 是苹果在美国推出的信用卡服务，目前由高盛运营，未来将由摩根大通接手。该卡主打无年费、无外币交易手续费，提供 Apple Pay 虚拟卡和钛金属实体卡两种介质。",full,,dom_or_structured_full_text,https://www.ithome.com/0/991/359.htm,IT之家,综合媒体,科技新闻,2026-08-18T22:57:35+00:00,未分类,,,[],unclassified,2026-08-18T23:03:42.644881+00:00,glm-5.2,2026-08-14,
显卡超频工具 HYDRA 支持英伟达 RTX 50 系列高级调校：解锁 125% 功耗上限，实验性支持 RTX PRO 6000,2026-08-18,"IT之家 8 月 18 日消息，据 Wccftech 今日报道，知名超频开发者 Yuri Bubliy（1usmus）发布了 HYDRA 2.3B Pro 版本更新，首次为英伟达 GeForce RTX 50 系列显卡提供深度权限解锁。
英伟达对 RTX 50 系列显卡施加了较为严格的超频限制，多数型号在传统超频软件中仅能维持 100% 的功耗上限。HYDRA 2.3B Pro 的更新将 RTX 50 全系显卡的 GDDR7 显存速率统一解锁至 36Gbps，并允许功耗墙最高提升至原厂设定的 125%。
该方案无需刷写显卡 BIOS 或修改底层驱动，通过软件层面绕过出厂限制，目前已适配所有主流非公厂商的 RTX 50 系列显卡。
性能方面，以 RTX 5090 为例，在 512 bit 显存基础上，启用 36Gbps 显存频率后理论显存带宽可达 2.304TB/s，较出厂状态提升约 28.5%，刷新当前消费级显卡的显存性能纪录。
实测演示中，一款采用一体式水冷设计的华硕 ROG Astral LC RTX 5090 显卡在解锁 105% 功耗限制后，整卡功耗从 600W 的原生上限攀升至 640W 以上。
此外，HYDRA 的 RTX-TUNER 功能也获得了多项增强，包括移除电压频率曲线修改限制、新增第二代 MSVDD 和 NVVDD 电压偏移控制（Rail Offsets），以及直接控制 XBAR 偏移量。IT之家注意到，该工具还添加了对英伟达 RTX PRO 6000 专业卡的实验性支持。",full,,trafilatura_full_text,https://www.ithome.com/0/991/358.htm,IT之家,综合媒体,科技新闻,2026-08-18T22:57:37+00:00,AI与智能科技 > AI硬件层 > 芯片,AI与智能科技,芯片,"[{""path"":[""AI与智能科技"",""AI硬件层"",""芯片""],""path_text"":""AI与智能科技 > AI硬件层 > 芯片"",""confidence"":0.9,""reason"":""核心对象是英伟达 RTX 50 系列显卡的超频调校与性能解锁。""}]",classified,2026-08-18T23:03:42.644881+00:00,glm-5.2,2026-08-14,
埃及盲人企业家开发 AI 应用，通过实时描述周围影像助视障群体“看见”世界,2026-08-18,"IT之家 8 月 18 日消息，5 年前，埃及开罗 16 岁女学生凯伦 · 莫拉德失去了视力。今年 6 月前往肯尼亚度假时，她第一次感觉自己仿佛重新“看见”了周围的世界。帮助她做到这一点的，是 20 岁哥哥马克 · 莫拉德开发的 AI 辅助应用 ScribeMe，可以实时描述身边的景象。
据路透社今天（18 日）报道，ScribeMe 能安装到 Meta 智能眼镜中，为凯伦持续讲解周围有哪些动物、距离多远，以及动物当时在做什么。通过这些信息，她能够在脑海中拼出完整场景，并感受到野生动物观赏现场的氛围。凯伦直言：“我以前一直觉得这种事情不可能发生，但真的发生了，我真的能够看见。”
ScribeMe 主要面向完全失明的人士，目前已经覆盖 140 个国家和地区，拥有数千名用户。其不仅可以用于 Meta 智能眼镜，也支持 iOS 和安卓系统。
这款应用由凯伦的哥哥马克开发，马克本人同样是一名盲人。2018 年，他开始发现自己的视力出现异常。医生告诉他，由于一种罕见且无法治愈的视神经疾病，他最终会失明，但没有人能够判断具体时间。
到 2021 年底，兄妹二人都已经完全失去视力。凯伦从视力恶化到完全失明只用了 6 个月，马克则经历了将近 3 年。
母亲玛丽安 · 莫里斯最初难以接受现实，也没有人告诉她这个家庭接下来应该怎么办。那段时间，她每天都会借口出门办事，找一个地方独自哭完，再回到家中。
学习成为兄妹二人面临的最大难题之一。马克在学校学习理化时尤其困难，因为屏幕阅读软件一旦遇到图表、示意图或方程式，往往就无法继续提供有效信息。
马克曾向海外开发类似辅助工具的团队写信求助，却始终没有收到回复。于是，他开始跟着 YouTube 教程自学编程，到 2023 年已经做出了可以实际使用的 ScribeMe。
随后，多项科技竞赛的认可帮助 ScribeMe 继续发展。其中，2024 年沃达丰的“AI 辅助工具黑客松”带来了极大进展。这项比赛旨在开发服务残障人士的辅助工具，不仅让马克找到了联合创始人，也推动 ScribeMe 从最初的文档扫描工具扩展成更完整的视觉辅助应用。
ScribeMe 目前能够通过手机摄像头实时回答用户提出的问题，并支持 20 种语言。随后，该应用接入了 Meta 智能眼镜，让盲人用户无需一直手持手机，可以腾出双手使用手杖。
应用可以免费下载，额外功能的订阅价格为每月 20 美元（IT之家注：现汇率约合 135.1 元人民币）或每年 200 美元（现汇率约合 1,351 元人民币）。
凯伦平时会用 ScribeMe 寻找教室、辨认商店、挑选衣服，甚至辅助学习。父亲莫拉德 · 塞德基表示：“如果 4 年前有人告诉我，你的儿子和女儿今天会走到这一步，我肯定只会当成一句玩笑。梦想会不断成长，而我们一家人也已经不再说任何事情是不可能的。”",full,,trafilatura_full_text,https://www.ithome.com/0/991/357.htm,IT之家,综合媒体,科技新闻,2026-08-18T22:57:38+00:00,AI与智能科技 > AI软件层 > 底座大模型 > 多模态模型,AI与智能科技,多模态模型,"[{""path"":[""AI与智能科技"",""AI软件层"",""底座大模型"",""多模态模型""],""path_text"":""AI与智能科技 > AI软件层 > 底座大模型 > 多模态模型"",""confidence"":0.7,""reason"":""核心是利用视觉AI实时描述影像辅助视障者的多模态视觉理解应用。""}]",classified,2026-08-18T23:03:42.644881+00:00,glm-5.2,2026-08-14,
英伟达 GeForce NOW 云游戏平台终于支持 Firefox 火狐浏览器,2026-08-18,"IT之家 8 月 18 日消息，英伟达 GeForce NOW 云游戏平台现已正式支持 Firefox 浏览器，火狐用户终于可以在浏览器里玩到英伟达提供的云游戏。
英伟达和 Firefox 表示，双方工程师过去数月来共同努力，让 Firefox 能够和 Chrome、Edge、Safari 和 Opera GX 一样直接游玩云游戏。
如今，用户只需要打开最新版 Firefox，然后访问 GeForce NOW 官网并登录自己的账号，就能游玩超 2000 款云游戏。
IT之家了解到，GeForce NOW 用户至少需要 15Mbps 网络连接，才能以 720P 60FPS 进行游戏；如果想要将画质拉高到 4K 120FPS，至少需要 35Mbps 网络连接。",full,,trafilatura_full_text,https://www.ithome.com/0/991/356.htm,IT之家,综合媒体,科技新闻,2026-08-18T22:57:40+00:00,数字科技与消费 > 数字内容 > 游戏、影视与流媒体,数字科技与消费,游戏、影视与流媒体,"[{""path"":[""数字科技与消费"",""数字内容"",""游戏、影视与流媒体""],""path_text"":""数字科技与消费 > 数字内容 > 游戏、影视与流媒体"",""confidence"":0.92,""reason"":""核心事件是云游戏平台扩展浏览器支持，属于云游戏流媒体服务。""}]",classified,2026-08-18T23:03:42.644881+00:00,glm-5.2,2026-08-14,
华为 HarmonyOS 7.0.0.102 版本新特性再曝：手机锁定状态开启多屏协同，可用平板指纹 / 人脸解锁,2026-08-18,"感谢IT之家网友
8 月 18 日消息，
华为昨日开启了鸿蒙 HarmonyOS 7.0.0.102 SP8 版本推送
，首批面向 Mate 80、Mate 70 等系列机型，系统包大小约 6.79 GB。新版本带来了 3D 空间壁纸、亲密圈、户外探索模式等功能。
▲ IT之家开箱：华为 nova 16 Pro 手机美图
据用户反馈，手机、平板都更新
HarmonyOS
7.0.0.102 版本后，在多设备互联方面新增了一项特性：
当手机处于锁定状态与平板连接，开启多屏协同时，支持“使用平板录入的人脸或指纹”进行解锁
IT之家实测，如果平板未升级最新的 102 版本，则无法触发“使用平板录入的人脸或指纹”解锁手机，仅支持通过密码进行解锁。由此来看，该功能在 102 版本上线，且需要手机、平板同时升级至该版本。
华为鸿蒙 HarmonyOS 7.0.0.102 SP8 版本开推，新增 3D 空间壁纸等功能",full,,dom_or_structured_full_text,https://www.ithome.com/0/991/355.htm,IT之家,综合媒体,科技新闻,2026-08-18T22:57:42+00:00,数字科技与消费 > 智能终端 > 消费电子与智能硬件,数字科技与消费,消费电子与智能硬件,"[{""path"":[""数字科技与消费"",""智能终端"",""消费电子与智能硬件""],""path_text"":""数字科技与消费 > 智能终端 > 消费电子与智能硬件"",""confidence"":0.9,""reason"":""核心是手机平板系统新版本的多设备互联与解锁功能。""}]",classified,2026-08-18T23:03:42.644881+00:00,glm-5.2,2026-08-14,
雷蛇毒蝰 V4 专业版鼠标增推电竞绿配色：重 52g 号称 Faker 同款，1399 元,2026-08-18,"IT之家 8 月 18 日消息，雷蛇官方今日宣布为毒蝰 Viper V4 Pro 专业版鼠标推出新的“电竞绿”版本，京东显示 1399 元。
2026 年数码家电政府补贴持续进行中，IT 之家为大家汇总国补领券地址，买数码家电之前记得领取。
数码补贴：点此领券
- 手机 / 平板 / 3C 数码支持 8.5 折政府补贴，不超过 6000 元的产品至高立减 500 元。
家电补贴：点此领券
- 多类家电支持 8.5 折政府补贴，单品至高补贴 1500 元。
欢迎下载最会买 App - 好货好价，高额返利，1 毛钱也能提现！
扫描二维码或点击此处下载最新版（自动识别平台）。
雷蛇标识，毒蝰 V4 专业版在延续受职业玩家信赖的经典外形的同时质量进一步降低到 52g；其综合了第二代 Razer HyperSpeed 无线技术、Razer 光学鼠标滚轮、第三代 Razer Focus Pro 50K 光学传感器、第四代 Razer 光学鼠标微动，实现了更低的移动与点击延迟。
此外，其支持第二代 Razer HyperSpeed 无线技术，双模均可实现 8kHz 轮询率，配备信号强度更佳的半球形接收器，拥有至高约 180 小时的电池续航时间。
广告声明：文内含有的对外跳转链接（包括不限于超链接、二维码、口令等形式），用于传递更多信息，节省甄选时间，结果仅供参考，IT之家包含外链的文章均包含本声明。",full,,trafilatura_full_text,https://www.ithome.com/0/991/354.htm,IT之家,综合媒体,科技新闻,2026-08-18T22:57:43+00:00,数字科技与消费 > 智能终端 > 消费电子与智能硬件,数字科技与消费,消费电子与智能硬件,"[{""path"":[""数字科技与消费"",""智能终端"",""消费电子与智能硬件""],""path_text"":""数字科技与消费 > 智能终端 > 消费电子与智能硬件"",""confidence"":0.95,""reason"":""雷蛇电竞鼠标新品发布与售价信息，核心是面向消费者的电子硬件。""}]",classified,2026-08-18T23:03:46.754605+00:00,glm-5.2,2026-08-14,
吉田修平：我完全是数字游戏玩家，不太理解索尼计划停售光盘为何成为“严重问题”,2026-08-18,"IT之家 8 月 18 日消息，前索尼 PlayStation 负责人吉田修平在接受外媒 GamerBraves 的采访时表示，自己此前并不知道 PlayStation 准备在 2028 年停止推出游戏光盘。“但我个人完全是数字版用户。我不想整理光盘，也不想每次换光盘。我希望所有游戏都直接出现在主界面上，选中之后就可以玩。所以，我完全支持数字版。”
吉田修平认同实体游戏本身具有吸引力的观点，也认为即使未来不再生产光盘，实体游戏仍会以某种形式继续存在。由于实体版同样严重依赖补丁、DLC 和后续更新，他并不认为是否拥有一张光盘本身就是决定性问题。
“即使买的是实体光盘，大多数游戏也会不断更新和增加数据。购买实体版的玩家仍然需要下载新补丁、DLC 或其他更新。所以，我不太理解没有光盘为什么会成为那么严重的问题。”
二手游戏市场则是另一回事了。吉田修平承认：“对于那些会购买或出售游戏的人来说，没有光盘可能会成为一个问题。”他认为，如果未来全面转向数字版，发行商促销以及 Steam 常见的季节性特卖，仍可以在一定程度上弥补数字游戏价格不会像实体版那样明显下降的问题。",full,,trafilatura_full_text,https://www.ithome.com/0/991/353.htm,IT之家,综合媒体,科技新闻,2026-08-18T22:57:45+00:00,数字科技与消费 > 数字内容 > 游戏、影视与流媒体,数字科技与消费,游戏、影视与流媒体,"[{""path"":[""数字科技与消费"",""数字内容"",""游戏、影视与流媒体""],""path_text"":""数字科技与消费 > 数字内容 > 游戏、影视与流媒体"",""confidence"":0.9,""reason"":""讨论索尼停售游戏光盘与数字版游戏发行趋势，属游戏内容发行话题。""}]",classified,2026-08-18T23:03:46.754605+00:00,glm-5.2,2026-08-14,
微软暂时停用 Win11 系统 Copilot 任务栏搜索框，聚焦统一版 Copilot 开发工作,2026-08-18,"IT之家 8 月 18 日消息，据科技媒体 Windows Central 今天报道，微软暂时移除了 Win11 系统的 Copilot 任务栏搜索框，同时将更多精力放在统一版 Copilot 应用上。
IT之家从原报道获悉，微软曾于去年更新 Windows 11 的任务栏，允许用户将原来的普通搜索框替换成 Copilot 搜索框，让用户直接从任务栏与 Copilot 互动，同时继续支持搜索应用和文件。
目前该功能仅通过预览形式向少数用户开放，大多数能用到该功能的人都是 Microsoft 365 Copilot 企业用户，微软已经在几个月前将普通消费者版本停用。
据悉，这两种搜索框由微软不同团队开发。其中 Windows 搜索由 Windows 团队负责，而 Copilot 搜索框则由 Copilot 和 Microsoft 365 AI 团队负责。
微软对此表示：“我们将暂时停用任务栏的‘询问 Copilot’，未来将带来全新体验并持续收集用户反馈。”",full,,trafilatura_full_text,https://www.ithome.com/0/991/352.htm,IT之家,综合媒体,科技新闻,2026-08-18T22:57:47+00:00,AI与智能科技 > AI软件层 > 底座大模型 > 文本模型,AI与智能科技,文本模型,"[{""path"":[""AI与智能科技"",""AI软件层"",""底座大模型"",""文本模型""],""path_text"":""AI与智能科技 > AI软件层 > 底座大模型 > 文本模型"",""confidence"":0.7,""reason"":""微软调整 Copilot 搜索框并聚焦统一版 Copilot 应用开发，核心是 AI 助手产品动态。""}]",classified,2026-08-18T23:03:46.754605+00:00,glm-5.2,2026-08-14,
首发 2699 元闪极 AI 眼镜 loomos L1 发布：钛合金机身 43 克，接入飞书与腾讯 WorkBuddy,2026-08-18,"IT之家 8 月 18 日消息，闪极科技今晚在武汉正式发布了全新的 loomos L1 AI 眼镜。线下服务体系同步落地，闪极武汉万象城旗舰店将于 8 月 19 日开业。
该产品以“主动记忆”为核心定位，采用航空级钛合金前框与天然醋酸纤维板材，整机最轻 43 克，主打日均超 16 小时长时间佩戴。首发价 2699 元起，预计年底大规模交付。
除眼镜外，本次发布会还有闪极 300W 移动电源，售价 1299 元；闪牌 Pro2 主动散热移动存储扩展坞，售价 399 元起，追求源于热爱联名设计款众筹价 499 元。
2026 年数码家电政府补贴持续进行中，IT 之家为大家汇总国补领券地址，买数码家电之前记得领取。
数码补贴：点此领券
- 手机 / 平板 / 3C 数码支持 8.5 折政府补贴，不超过 6000 元的产品至高立减 500 元。
家电补贴：点此领券
- 多类家电支持 8.5 折政府补贴，单品至高补贴 1500 元。
欢迎下载最会买 App - 好货好价，高额返利，1 毛钱也能提现！
扫描二维码或点击此处下载最新版（自动识别平台）。
闪极表示，当前 AI 眼镜行业普遍采用墨镜蓝本设计，日均佩戴时长仅约 3 小时。loomos L1 则瞄准光学眼镜用户群体，从底层架构上进行重构。
材质方面，这款产品采用航空级钛合金前框搭配天然醋酸纤维板材，具备优异的强度重量比且亲肤不刺激。
铰链方面，采用自有专利螺旋铰链，由航空级钛合金柔性转轴打造，取消传统弹簧结构，开合 1 万次后阻尼手感依然精准，走线完全隐藏于铰链内部。
其镜腿采用超窄“飞鱼镜腿”设计，将摄像头、电池、主板全部移至镜腿，重量重心后移至耳后。前框体感仅 19 克，鼻梁压力较主流产品减少 50%。
值得一提的，这款产品提供波士顿框、威灵顿 D 型框、猫眼框、经典墨镜框共 4 种框型、5 种配色，并提供 M/L 多尺码选择，未来还将拓展 S/XL 码。
AI 能力方面，loomos L1 的差异化在于其“主动式”AI 能力，区别于行业普遍的“被动唤醒”模式，所有功能均在用户授权及符合相关法律法规的前提下运行。多场景融合录音功能不仅能录制现实环境中的对话和通话，还能在听音乐、看视频、语音聊天等场景下持续录音。
闪极表示，数字与现实融合 AI 日记可每日自动沉淀，融合现实录音与手机推送消息，智能归纳见面人物、对话时长、重点内容和待办事项。提醒待办纪要融合 AI 日历，将录音文件与日程联动。AI Live Photo 将拍摄照片与闪记功能融合，支持实时检索、归纳和整理。所有数据自动沉淀，构建个人专属 AI 记忆数据库。产品配备物理磁吸镜头盖，不使用时可完全遮盖以保护隐私。
硬件配置上，loomos L1 搭载双芯片异构方案，包括高通骁龙 4nm 级 W5100 系列主处理器和恒玄 BES2700 低功耗蓝牙芯片，搭载安卓系统。
据闪极发布会公布的测试数据，AI 记忆工况下 W5100 功耗较行业主流 AR1 方案低 38%。定制摄像头模组拥有 1200 万像素、111 度超广角和 f/2.2 大光圈。
它还配备专属 AI 按键，轻按即可一键唤醒 AI，无需语音唤醒。音频系统采用定制歌尔 8mm 超线性扬声器。
续航方面，该产品采用 5 秒极速换电架构，单块电池容量 258mAh，随身多功能充电仓可提供 3 至 4 次补能。综合续航达 40 小时，开启主动 AI 记忆后续航约 12 小时。
生态交互方面，loomos L1 深度集成飞书，通过 CLI 接口实现 Agent 生态互联，语音即可完成飞书消息收发、总结、日程管理、任务指派。同时一键接入腾讯 WorkBuddy AI 助手，支持邮件查收回复。
价格方面，loomos L1 首发价 2699 至 2999 元，其中搭配依视路钻晶 1.67 光学镜片版本售价 2699 元，搭配蔡司泽锐铂金 1.67 镜片版本售价 2999 元。
首发期至 9 月 17 日，购机赠送价值 999 元的全年不限时 AI 会员及配镜验光服务。闪极创始人兼 CEO 张波称，按照传统眼镜的商业逻辑，这样的 AI 眼镜价格应该定在 4999 元。
广告声明：文内含有的对外跳转链接（包括不限于超链接、二维码、口令等形式），用于传递更多信息，节省甄选时间，结果仅供参考，IT之家包含外链的文章均包含本声明。",full,,trafilatura_full_text,https://www.ithome.com/0/991/351.htm,IT之家,综合媒体,科技新闻,2026-08-18T22:57:48+00:00,数字科技与消费 > 智能终端 > 消费电子与智能硬件,数字科技与消费,消费电子与智能硬件,"[{""path"":[""数字科技与消费"",""智能终端"",""消费电子与智能硬件""],""path_text"":""数字科技与消费 > 智能终端 > 消费电子与智能硬件"",""confidence"":0.93,""reason"":""闪极 AI 眼镜新品发布，核心是面向消费者的智能硬件产品。""}]",classified,2026-08-18T23:03:46.754605+00:00,glm-5.2,2026-08-14,
《四海兄弟》负责人：我们和《GTA》不是对手，那更多只是玩家自己的想法,2026-08-18,"8 月 18 日消息，《四海兄弟》和《侠盗猎车手》过去经常被拿来比较，因为两者都是
以犯罪为主题的第三人称射击游戏
。当《四海兄弟：故乡》宣布将在 2025 年发售时，不少玩家认为这款游戏可能会被 2026 年推出的《GTA 6》盖过风头。
《GTA 6》后来多次跳票，但两个系列之间的比较并没有停止。据 IGN 今天（18 日）报道，《四海兄弟》开发商 Hangar 13 总裁尼克 · 贝恩斯并不认同这种看法，认为这样的比较
其实没有太大意义
贝恩斯在最近一次采访中否定了《四海兄弟》系列可以直接与《GTA》相提并论的说法。他指出，把两个系列联系在一起，
更多是玩家自己的想法
从近期作品来看，Hangar 13 和 2K 仍然把《四海兄弟》定位为一个
更加专注、强调电影化体验
的犯罪题材系列，而不是 R 星构建的
庞大开放世界系列
的直接竞争对手。
《四海兄弟：故乡》游戏本身也体现了这种差异。据IT之家了解，游戏把故事放在较早年代的西西里岛，聚焦当地的有组织犯罪。值得注意的是，贝恩斯甚至
没有直接说出《GTA 6》的名字
贝恩斯强调，对方的作品从未影响《四海兄弟》的开发方向，未来可能也不会：“说真的，我们从来不会在讨论中把对方当成参考对象，也不会让对方左右我们的策略或其他决定。
工作室根本不会以对方为参照",full,,dom_or_structured_full_text,https://www.ithome.com/0/991/350.htm,IT之家,综合媒体,科技新闻,2026-08-18T22:57:50+00:00,数字科技与消费 > 数字内容 > 游戏、影视与流媒体,数字科技与消费,游戏、影视与流媒体,"[{""path"":[""数字科技与消费"",""数字内容"",""游戏、影视与流媒体""],""path_text"":""数字科技与消费 > 数字内容 > 游戏、影视与流媒体"",""confidence"":0.92,""reason"":""核心是《四海兄弟》与《GTA》游戏系列的定位比较，属电子游戏内容话题。""}]",classified,2026-08-18T23:03:46.754605+00:00,glm-5.2,2026-08-14,
微软 XGP 本月第二弹新入库游戏公布，含《蒸汽世界》《苍翼：混沌效应 X》等,2026-08-18,"IT之家 8 月 18 日消息，微软现已公布 Xbox Game Pass 订阅服务本月第二弹新入库游戏阵容，含《蒸汽世界》《苍翼：混沌效应 X》等作品。
| 游戏 | 上线日期 | 覆盖层级 | 平台 |
|---|---|---|---|
| 蒸汽世界 | 8 月 19 日 | Game Pass Ultimate、PC Game Pass | 云端、主机、PC |
| 苍翼：混沌效应 X | 8 月 19 日 | 现加入 Game Pass Premium；同时加入 Game Pass Ultimate 和 PC Game Pass | 云端、Xbox Series X|S、PC |
| Relooted | 8 月 19 日 | 现加入 Game Pass Premium；同时加入 Game Pass Ultimate 和 PC Game Pass | 云端、Xbox Series X|S、PC |
| 星砂岛 | 8 月 20 日 | 现加入 Game Pass Premium；同时加入 Game Pass Ultimate 和 PC Game Pass | 云端、Xbox Series X|S、PC |
| 空降突袭（Aerial_Knight’s DropShot） | 8 月 25 日 | 现加入 Game Pass Premium；同时加入 Game Pass Ultimate 和 PC Game Pass | 云端、Xbox Series X|S、掌机、PC |
| 地牢大出血 | 8 月 25 日 | Game Pass Ultimate、PC Game Pass | 云端、Xbox Series X|S、PC |
| 共鸣：瘟疫传说传承 | 8 月 27 日 | Game Pass Ultimate、PC Game Pass | 云端、Xbox Series X|S、掌机、PC |
| 年轻的太阳 | 8 月 31 日 | 现加入 Game Pass Premium；同时加入 Game Pass Ultimate 和 PC Game Pass | 云端、主机、PC |
| 龟龟潜海记 | 9 月 1 日 | Game Pass Ultimate、Game Pass Premium、PC Game Pass | 云端、主机、PC |",full,,trafilatura_full_text,https://www.ithome.com/0/991/348.htm,IT之家,综合媒体,科技新闻,2026-08-18T22:57:51+00:00,数字科技与消费 > 数字内容 > 游戏、影视与流媒体,数字科技与消费,游戏、影视与流媒体,"[{""path"":[""数字科技与消费"",""数字内容"",""游戏、影视与流媒体""],""path_text"":""数字科技与消费 > 数字内容 > 游戏、影视与流媒体"",""confidence"":0.93,""reason"":""Xbox Game Pass 新入库游戏阵容公布，属游戏订阅与内容发行。""}]",classified,2026-08-18T23:03:46.754605+00:00,glm-5.2,2026-08-14,
王兴兴谈离开大疆创办宇树：从小就热爱机器人，2016 年就已预判到技术发展方向和趋势,2026-08-18,"8 月 18 日消息，宇树科技明日将正式在上海证券交易所科创板挂牌上市。
在 8 月 7 日的 IPO 网上路演结束后，宇树科技董事长、总经理兼首席技术官王兴兴在原定三小时的路演结束后并未离场，而是将未回答的提问逐条看完、斟酌措辞后逐字回应，又额外停留了近三个小时。上海证券报今日整理了王兴兴一系列问答。
针对 2016 年从大疆离职创业的原因，王兴兴回应称，自己从小热爱科技和机器人，2009 年读大一时就用约 200 元成本制作了第一款双足人形机器人。2016 年硕士毕业后，他短暂入职大疆，因在校期间设计的四足机器人“XDog”已获得外部投资者和客户关注，便辞职创立了宇树科技。他表示，当时机器人赛道非常冷门，但他当时就已经看到了技术发展的方向和趋势。
针对外界给宇树科技贴上的“价格屠夫”标签，王兴兴回应称：“其实我觉得我们没有做到 ' 屠夫 ' 的程度。我们的毛利总体来说是合理的。”他进一步表示，每一个真正良好发展的行业都需要有合理的利润，才能促进行业健康发展。
IT之家注意到，财务数据显示，2023 年至 2025 年，宇树科技人形机器人的毛利率分别为 87.67%、69.26% 和 63.18%。2025 年公司实现营业收入 16.99 亿元、扣非后净利润 5.9 亿元。
截至 2026 年 7 月，宇树科技双足人形机器人累计生产下线约 1.8 万台。2025 年全球人形机器人出货量超 5500 台，位列全球第一。王兴兴直接持股 23.82%，通过特别表决权安排（每股 10 票对普通股 1 票），发行后仍控制 65.31% 的表决权。按发行市值计算，其个人持股市值约 145 亿元。
A 股迎来“人形机器人第一股”，宇树科技官宣 8 月 19 日科创板上市",full,,dom_or_structured_full_text,https://www.ithome.com/0/991/346.htm,IT之家,综合媒体,科技新闻,2026-08-18T22:57:53+00:00,产业经济与组织 > 企业与资本 > 投融资、并购与资本市场,产业经济与组织,投融资、并购与资本市场,"[{""path"":[""产业经济与组织"",""企业与资本"",""投融资、并购与资本市场""],""path_text"":""产业经济与组织 > 企业与资本 > 投融资、并购与资本市场"",""confidence"":0.9,""reason"":""核心事件是宇树科技科创板上市及股权、市值信息""},{""path"":[""AI与智能科技"",""具身智能"",""硬件和控制""],""path_text"":""AI与智能科技 > 具身智能 > 硬件和控制"",""confidence"":0.85,""reason"":""宇树主营双足人形机器人本体制造与量产""}]",classified,2026-08-18T23:03:52.794672+00:00,glm-5.2,2026-08-14,
科技巨头为数据中心大建天然气电厂，或令全美电力行业碳排放增加 20%,2026-08-18,"IT之家 8 月 18 日消息，据彭博社今天（18 日）晚间报道，开发商开始越来越多地自建天然气发电厂，为迅速扩张的数据中心直接供电。这股趋势可能显著推高美国碳排放，也让科技巨头此前制定的气候目标变得更加难以兑现。
彭博新能源财经追踪了 99 座拟建天然气电厂。经测算，如果这些电厂按照行业通常的利用率运行，每年可能排放约 3.18 亿吨二氧化碳。
相比之下，美国能源信息署数据显示，美国整个电力行业去年排放约 14.85 亿吨。仅这一批数据中心配套电厂，就可能让美国电力行业排放增加 20%；如果全部满负荷运转，增幅甚至可能达到约三分之一。
美国的数据中心建设热潮已开始让电力系统承受巨大压力，一些地区开始担忧供电可靠性，甚至暂停审批新项目。已经获批的数据中心也可能需要等待数年才能接入受监管电网，迫使开发商寻找其他供电方式。
倡导可再生能源的公用事业监督机构 Energy and Policy Institute 执行董事戴维 · 波默兰茨直言：“整个行业都面临极其巨大的压力，必须尽快拿到电。至于电力是清洁的还是污染严重的，他们基本并不在意。”
本月早些时候，美国电力基础设施和数据中心项目追踪机构 Cleanview 确认，亚马逊正在开发得克萨斯州佩科斯县一个 32.4 平方公里的项目。项目建成后，可能成为美国规模最大的单一碳污染源之一。
从那里向西 48 公里，穿过碧根果园和布满石油井架的灌木地，就是雪佛龙正在为微软建设的一座天然气电厂，用来给一个占地约 8.1 平方公里的新数据中心园区供电。
仅亚马逊和微软的这两个项目，发电能力就可能超过 10GW，足以满足纽约市一个炎热夏日的用电需求。监管文件显示，两者合计每年最高可能排放 4500 万吨二氧化碳当量，规模略低于两家公司总部所在的华盛顿州总排放量的一半。
如此大规模新增化石燃料基础设施，或令科技巨头的气候承诺越来越难实现。亚马逊和微软长期投资清洁能源，并曾承诺将自身导致全球变暖的碳排放降至零。
然而，这些目标是在 AI 热潮之前提出的，当时科技企业受到员工和外部活动人士的持续压力，被要求进一步削减排放。亚马逊和微软的发言人均表示，气候目标没有改变。",full,,trafilatura_full_text,https://www.ithome.com/0/991/345.htm,IT之家,综合媒体,科技新闻,2026-08-18T22:57:55+00:00,AI与智能科技 > AI硬件层 > 数据中心,AI与智能科技,数据中心,"[{""path"":[""AI与智能科技"",""AI硬件层"",""数据中心""],""path_text"":""AI与智能科技 > AI硬件层 > 数据中心"",""confidence"":0.88,""reason"":""核心事件是数据中心扩张带来的供电压力与自建电厂""},{""path"":[""零碳产业"",""能量循环"",""能源测"",""发电技术"",""火电""],""path_text"":""零碳产业 > 能量循环 > 能源测 > 发电技术 > 火电"",""confidence"":0.8,""reason"":""新闻聚焦为数据中心配套的天然气发电厂及其碳排放影响""}]",classified,2026-08-18T23:03:52.794672+00:00,glm-5.2,2026-08-14,
奔驰重拾德国出租车市场：市场份额回升至 18%，应对大众、丰田、比亚迪竞争,2026-08-18,"8 月 18 日消息，据《商报》8 月 17 日报道，梅赛德斯-奔驰正重新加大在德国出租车市场的投入。
此前，该公司因利润率较低而基本退出了该市场。如今，奔驰正在重新审视这一战略，试图扭转市场份额下滑的趋势，并应对来自比亚迪的竞争。
市场研究机构 Dataforce 的数据显示，2026 年上半年，奔驰车型占德国新注册出租车的比例为 18%，较 2025 年同期的 8% 有显著提升。但在 2022 年，这一比例曾高达 45%。
奔驰市场份额的回升主要得益于 E 级轿车的表现。2025 年全年，德国仅有 72 辆新 E 级出租车注册，而 2026 年上半年，这一数字已攀升至 126 辆。
为刺激销售，奔驰自 2026 年 1 月起向出租车运营商提供 E 级两款柴油车型 24% 的折扣，使车辆价格降至 4 万欧元
（IT之家注：现汇率约合 31.3 万元人民币）
以下。该促销活动原定于 7 月到期，现已延长至年底。此外，Vito 车型可享 18% 折扣及 6,000 欧元
（现汇率约合 46,899 元人民币）
补贴，V-Class 车型则可享 3% 折扣及 5000 欧元补贴。
奔驰还计划将 V-Class 的电动继任者 VLE 引入出租车队。但据《商报》称，VLE 在宽敞配置下重量可能超过 3.5 吨，超出 B 类驾照的驾驶许可范围。
汽车分析师 Frank Schwope 指出：“放弃出租车市场是康林松（奔驰 CEO）的一个致命错误。”他认为，出租车队具有强大的信号效应，每一次行程都相当于一次试驾。
在奔驰调整战略的同时，比亚迪正积极进军德国出租车市场。比亚迪德国业务客户销售负责人 Carsten Schopf 表示：“出租车是我们增长战略的重要组成部分。”
2026 年上半年，比亚迪在德国仅有 10 辆新出租车注册，但 Schopf 预计全年销量可达约 500 辆，并称订单已超 100 辆。其 2027 年的目标是实现四位数的销量。
作为对比，比亚迪 Seal 6 旅行版向运营商提供的价格低于 3 万欧元
（现汇率约合 23.4 万元人民币）
，相当于标准目录价 37% 的折扣。该车型为混合动力，但比亚迪也计划提供纯电动的 Atto 3 和 Sealion 7。
不过到目前为止，德国出租车市场格局仍然稳固。大众、丰田和奔驰三大品牌合计占据 90% 的新注册份额。其中，大众单独占有超过一半的市场份额，其已停产的 Touran 车型多年来一直是德国注册量最高的出租车模型。",full,,dom_or_structured_full_text,https://www.ithome.com/0/991/344.htm,IT之家,综合媒体,科技新闻,2026-08-18T22:57:56+00:00,产业经济与组织 > 企业与资本 > 企业经营与公司治理,产业经济与组织,企业经营与公司治理,"[{""path"":[""产业经济与组织"",""企业与资本"",""企业经营与公司治理""],""path_text"":""产业经济与组织 > 企业与资本 > 企业经营与公司治理"",""confidence"":0.88,""reason"":""核心是奔驰出租车市场份额、定价策略与竞争布局""},{""path"":[""通用技术"",""通信和运输"",""陆路运输""],""path_text"":""通用技术 > 通信和运输 > 陆路运输"",""confidence"":0.7,""reason"":""涉及出租车车队电动化车型与汽车市场竞争""}]",classified,2026-08-18T23:03:52.794672+00:00,glm-5.2,2026-08-14,
火狐 Firefox 浏览器升级“智能窗口”，打造注重隐私的 AI 浏览体验,2026-08-18,"IT之家 8 月 18 日消息，据科技媒体 The Verge 今天报道，火狐 Firefox 浏览器的“智能窗口”（Smart Window）模式现已升级，用户可在浏览器的 AI 聊天功能中获取网页信息。
IT之家从原报道获悉，智能窗口现在还可以根据浏览内容自动推荐标签页分组，使用自然语言搜索浏览历史时，还可以直接看到之前浏览过网页的缩略图。推荐的标签页分组还能够识别并关闭重复的标签页，让用户更容易整理和追踪重要内容。
与传统的 AI 浏览器不同，Firefox 更侧重于整理用户浏览过的内容，同时 AI 助手 Exa 也将为找到的信息添加来源引用。
此外，Firefox 未来还将加入类似 Chrome 的近期浏览历程展示功能，帮助用户重新访问之前的浏览会话，以及基于 AI 的在线表单自动填写功能。",full,,trafilatura_full_text,https://www.ithome.com/0/991/343.htm,IT之家,综合媒体,科技新闻,2026-08-18T22:57:58+00:00,未分类,,,[],unclassified,2026-08-18T23:03:52.794672+00:00,glm-5.2,2026-08-14,
One Owner Just Did What Tesla Couldn't: Upgrade An Older Car To HW4,2026-08-18,Tesla has been kicking the HW3 can down the road for nearly two years. One owner got tired of waiting around.,incomplete,rss_excerpt_only,rss_excerpt,https://insideevs.com/news/805235/tesla-hw4-retrofit-progress-owner/,INSIDEEVs,电池,电动汽车,2026-08-18T22:58:56+00:00,通用技术 > 通信和运输 > 陆路运输,通用技术,陆路运输,"[{""path"":[""通用技术"",""通信和运输"",""陆路运输""],""path_text"":""通用技术 > 通信和运输 > 陆路运输"",""confidence"":0.75,""reason"":""核心事件是为旧款特斯拉升级HW4自动驾驶硬件""}]",classified,2026-08-18T23:03:52.794672+00:00,glm-5.2,2026-08-14,
Tesla’s New Three-Row EV Is The Longest-Range Model Y Tested By Edmunds,2026-08-18,The newly introduced electric crossover beat its range estimate by more than 30 miles.,incomplete,rss_excerpt_only,rss_excerpt,https://insideevs.com/news/805339/tesla-model-y-l-range-test-edmunds/,INSIDEEVs,电池,电动汽车,2026-08-18T22:58:58+00:00,通用技术 > 通信和运输 > 陆路运输,通用技术,陆路运输,"[{""path"":[""通用技术"",""通信和运输"",""陆路运输""],""path_text"":""通用技术 > 通信和运输 > 陆路运输"",""confidence"":0.8,""reason"":""核心是特斯拉新款电动车型续航测试表现""}]",classified,2026-08-18T23:03:52.794672+00:00,glm-5.2,2026-08-14,
"Rivian Is Recalling Over 30,000 R1S And R1T EVs Over Faulty Indicators",2026-08-18,"The initial recall started last year, but the company found additional cars that may have been fitted with faulty turn signals.",incomplete,rss_excerpt_only,rss_excerpt,https://insideevs.com/news/805305/rivian-r1s-r1t-turn-signal-recall/,INSIDEEVs,电池,电动汽车,2026-08-18T22:58:59+00:00,通用技术 > 通信和运输 > 陆路运输,通用技术,陆路运输,"[{""path"":[""通用技术"",""通信和运输"",""陆路运输""],""path_text"":""通用技术 > 通信和运输 > 陆路运输"",""confidence"":0.85,""reason"":""核心事件是电动汽车转向灯缺陷导致的大规模召回，属于电动汽车产品与市场事件""}]",classified,2026-08-18T23:03:57.827093+00:00,glm-5.2,2026-08-14,
Home EV Charging Has A Hidden Cost. Here’s How To Reduce It And Lower Your Bill,2026-08-18,Germany’s biggest car club tested several EVs for charging losses. One car stood out.,incomplete,rss_excerpt_only,rss_excerpt,https://insideevs.com/news/805275/home-ev-charging-losses-how-to-minimize/,INSIDEEVs,电池,电动汽车,2026-08-18T22:59:01+00:00,通用技术 > 通信和运输 > 陆路运输,通用技术,陆路运输,"[{""path"":[""通用技术"",""通信和运输"",""陆路运输""],""path_text"":""通用技术 > 通信和运输 > 陆路运输"",""confidence"":0.85,""reason"":""核心是家用电动汽车充电损耗测试与降低电费，涉及电动车充换电应用""}]",classified,2026-08-18T23:03:57.827093+00:00,glm-5.2,2026-08-14,
Who Needs Leather? Bentley's First EV Will Offer Merino Wool Seats,2026-08-18,"Bentley is taking its material quality expertise to the world of sustainability, with Merino wool and recycled wood trim in the Torcal.",incomplete,rss_excerpt_only,rss_excerpt,https://insideevs.com/news/805231/bentley-torcal-sustainable-merino-wool/,INSIDEEVs,电池,电动汽车,2026-08-18T22:59:02+00:00,通用技术 > 通信和运输 > 陆路运输,通用技术,陆路运输,"[{""path"":[""通用技术"",""通信和运输"",""陆路运输""],""path_text"":""通用技术 > 通信和运输 > 陆路运输"",""confidence"":0.8,""reason"":""核心是宾利首款电动车采用羊毛等可持续内饰材料，属电动汽车产品新闻""}]",classified,2026-08-18T23:03:57.827093+00:00,glm-5.2,2026-08-14,
The Results Are In: Scrapping Your Gas Car For An EV Is Better For The Climate,2026-08-18,"A recent study claims that retiring an internal combustion vehicle for a new electric vehicle is, in fact, better for the climate.",incomplete,rss_excerpt_only,rss_excerpt,https://insideevs.com/news/805222/scrapping-ice-for-ev-study/,INSIDEEVs,电池,电动汽车,2026-08-18T22:59:04+00:00,通用技术 > 通信和运输 > 陆路运输,通用技术,陆路运输,"[{""path"":[""通用技术"",""通信和运输"",""陆路运输""],""path_text"":""通用技术 > 通信和运输 > 陆路运输"",""confidence"":0.85,""reason"":""研究评估用电动车替代燃油车的气候减排效益，核心是道路交通电动化""}]",classified,2026-08-18T23:03:57.827093+00:00,glm-5.2,2026-08-14,
Are Walmart And Ionna Starting An EV Fast Charging Price War? It Sure Looks Like It,2026-08-18,How do you disrupt established networks like Tesla and Electrify America? Beat them on price.,incomplete,rss_excerpt_only,rss_excerpt,https://insideevs.com/news/805215/ionna-walmart-cheaper-prices/,INSIDEEVs,电池,电动汽车,2026-08-18T22:59:05+00:00,通用技术 > 通信和运输 > 陆路运输,通用技术,陆路运输,"[{""path"":[""通用技术"",""通信和运输"",""陆路运输""],""path_text"":""通用技术 > 通信和运输 > 陆路运输"",""confidence"":0.85,""reason"":""核心是沃尔玛与Ionna的电动车快充网络价格竞争，属电动车充电基础设施与市场""}]",classified,2026-08-18T23:03:57.827093+00:00,glm-5.2,2026-08-14,
中创新航：2026年H1预计实现净利润15.06-15.81亿,2026-08-18,"集邦光储观察获悉，8月14日晚，中创新航发布2026年上半年预计业绩预告，预计2026年上半年实现净利润约15.06-15.81亿，同比增长约100%-110%。
中创新航表示，上半年利润同比增长主要得益于新客户、新应用场景持续拓展，以及新产品在乘用车、商用车和储能等领域持续放量，带动整体业务规模增长。
据TrendForce集邦咨询全球储能供应链数据库数据显示，2026年上半年，全球储能电芯出货量超460GWh，较去年同期大增约94%。
其中，中创新航2026年上半年储能电芯出货量突破30GWh，是大储及工商储交付的主力军，在全球储能电芯出货排名、全球大储(含工商业)电芯出货排名中均为第五名。
需要注意的是，中创新航此次披露的净利润为初步测算数据，相关财务资料尚未经审计，最终业绩仍以公司后续披露的中期报告为准。公司预计于8月底前发布2026年上半年正式业绩。
集邦光储观察整理
1、EnergyTrend-集邦新能源网」包含的内容和信息是根据公开资料分析和演释，该公开资料，属可靠之来源搜集，但这些分析和信息并未经独立核实。本网站有权但无此义务，改善或更正在本网站的任何部分之错误或疏失。
2、任何在「EnergyTrend-集邦新能源网」上出现的信息（包括但不限于公司资料、资讯、研究报告、产品价格等），力求但不保证数据的准确性，均只作为参考，您须对您自主决定的行为负责。如有错漏，请以各公司官方网站公布为准。
3、「EnergyTrend-集邦新能源网」信息服务基于""现况""及""现有""提供，网站的信息和内容如有更改恕不另行通知。
4、「EnergyTrend-集邦新能源网」尊重并保护所有使用用户的个人隐私权，您注册的用户名、电子邮件地址等个人资料，非经您亲自许可或根据相关法律、法规的强制性规定，不会主动地泄露给第三方。
「EnergyTrend-集邦新能源网」所刊原创内容之著作权属于「EnergyTrend-集邦新能源网」网站所有，未经本站之同意或授权，任何人不得以任何形式重制、转载、散布、引用、变更、播送或出版该内容之全部或局部，亦不得有其他任何违反本站著作权之行为。
思源电气：2026年H1储能业务营收同比增长231%
2026上半年全球储能电芯出货TOP10排名 | 集邦咨询
欣旺达拟出资400万共设新公司，注册资本1000万
超12.2GWh！宁德时代/东方日升等6企储能订单落地
思源电气拟4亿元增资子公司",full,,dom_or_structured_full_text,https://www.energytrend.cn/news/20260818-148408.html,EnergyTrend储能,储能,储能/电池/光伏,2026-08-18T22:59:11+00:00,产业经济与组织 > 企业与资本 > 企业经营与公司治理,产业经济与组织,企业经营与公司治理,"[{""path"":[""产业经济与组织"",""企业与资本"",""企业经营与公司治理""],""path_text"":""产业经济与组织 > 企业与资本 > 企业经营与公司治理"",""confidence"":0.9,""reason"":""核心是中创新航上半年净利润预告与业务增长""},{""path"":[""零碳产业"",""能量循环"",""能量存储"",""电化学储能"",""二次电池"",""锂电池""],""path_text"":""零碳产业 > 能量循环 > 能量存储 > 电化学储能 > 二次电池 > 锂电池"",""confidence"":0.85,""reason"":""正文明确主营为储能电芯和动力电池，出货量与业绩由锂电池业务驱动""}]",classified,2026-08-18T23:03:57.827093+00:00,glm-5.2,2026-08-14,
宁德时代/中广核/华电等成立多家新能源公司,2026-08-18,"集邦光储观察获悉，近期多家央国企及产业链龙头加快新能源业务布局。宁德时代、中广核、华电集团相继成立新能源相关公司，国电电力、淮河能源等则通过合资方式推进大型新能源基地项目。
中广核成立新能源公司
8月12日，中广核新能源（昆明）有限公司成立，注册资本6200万元，法定代表人为普智勇。
股权穿透图显示，该企业由中广核云南新能源有限公司（70%）和Huamei Holding Company Limited（30%）共同持股，经营范围包括风力发电技术服务；太阳能发电技术服务；储能技术服务；新兴能源技术研发；新能源原动设备销售等。
宁德时代成立新能源公司
8月12日，寻甸润时新能源有限公司成立，公司法人王强，注册资本1000万元，注册地址为云南省昆明市寻甸回族彝族自治县。
根据企查查显示，公司由时代绿色能源有限公司全资持股，后者为宁德时代的全资控股公司。
新公司的经营范围包含物联网技术研发、服务；物联网应用服务；风力发电技术服务；太阳能发电技术服务等。
国电电力/淮河能源等合资成立新公司
2026年8月11日、13日，国电电力淮能大基地（内蒙古）能源有限公司及其全资子公司内蒙古国电电力鄂托克发电有限公司先后成立，公司法定代表人均为董卫东，注册资本分别为20000万元和10000万元，将负责开发、建设、运营内蒙古库布齐沙漠基地相关项目。
股权结构上，国电电力淮能大基地（内蒙古）能源有限公司，由国家能源集团旗舰上市公司国电电力发展股份有限公司认缴出资10200万元，持股51%；淮南矿业集团控股的国有上市公司-淮河能源（集团）股份有限公司认缴出资6800万元，持股34%；中国石油天然气股份有限公司的二级全资子公司中石油太湖（北京）投资有限公司认缴出资2000万元，持股10%；鄂尔多斯市国有资产投资控股集团全资子公司鄂尔多斯市新能源开发利用有限公司认缴出资1000万元，持股5%。
其主营业务包括发电技术服务；风力发电技术服务；太阳能发电技术服务；储能技术服务；生物质能技术服务；供电业务；发电业务、输电业务、供（配）电业务等。
华电集团成立新能源公司
8月4日，华电（枣庄峄城区）新能源发电有限公司注册成立，法定代表人为赵彬，注册资本为1000万元。
据股权穿透显示，该公司为华电新能源集团全资持股。公司经营范围包含：新兴能源技术研发；储能技术服务；光伏设备及元器件制造；发电技术服务；风力发电技术服务；太阳能发电技术服务等。
集邦光储观察整理
1、EnergyTrend-集邦新能源网」包含的内容和信息是根据公开资料分析和演释，该公开资料，属可靠之来源搜集，但这些分析和信息并未经独立核实。本网站有权但无此义务，改善或更正在本网站的任何部分之错误或疏失。
2、任何在「EnergyTrend-集邦新能源网」上出现的信息（包括但不限于公司资料、资讯、研究报告、产品价格等），力求但不保证数据的准确性，均只作为参考，您须对您自主决定的行为负责。如有错漏，请以各公司官方网站公布为准。
3、「EnergyTrend-集邦新能源网」信息服务基于""现况""及""现有""提供，网站的信息和内容如有更改恕不另行通知。
4、「EnergyTrend-集邦新能源网」尊重并保护所有使用用户的个人隐私权，您注册的用户名、电子邮件地址等个人资料，非经您亲自许可或根据相关法律、法规的强制性规定，不会主动地泄露给第三方。
「EnergyTrend-集邦新能源网」所刊原创内容之著作权属于「EnergyTrend-集邦新能源网」网站所有，未经本站之同意或授权，任何人不得以任何形式重制、转载、散布、引用、变更、播送或出版该内容之全部或局部，亦不得有其他任何违反本站著作权之行为。
中节能太阳能：收到可再生能源补贴15.86亿
内蒙古：到2030年，新能源装机规模超300GW，可再生电力消纳40%
2025全球新能源企业500强榜单发布：263家中企上榜、5.2万亿营收
7GW！中企签伊朗光伏组件大单
超10亿，远东储能获7个千万级储能项目",full,,dom_or_structured_full_text,https://www.energytrend.cn/news/20260818-148402.html,EnergyTrend储能,储能,储能/电池/光伏,2026-08-18T22:59:13+00:00,产业经济与组织 > 企业与资本 > 企业经营与公司治理,产业经济与组织,企业经营与公司治理,"[{""path"":[""产业经济与组织"",""企业与资本"",""企业经营与公司治理""],""path_text"":""产业经济与组织 > 企业与资本 > 企业经营与公司治理"",""confidence"":0.85,""reason"":""核心事件是多家企业成立新能源子公司与合资公司，属企业经营与市场布局动态。""}]",classified,2026-08-18T23:04:03.857110+00:00,glm-5.2,2026-08-14,
8GWh！宁德时代/融捷能源等4企储能订单及项目落地,2026-08-18,"集邦光储观察获悉，近期，多家企业相继披露储能订单及项目进展。其中，宁德时代供货的澳大利亚Supernode储能项目二期正式投运，融捷能源签署4GWh电芯框架协议，东方日升达成乌克兰200MWh储能合作，奇点能源800MWh储能项目完成发货。
宁德时代供货澳洲超3GWh储能项目
近日，由Quinbrook开发的澳大利亚Supernode储能项目二期正式投入商业运营，三期融资同步完成交割。目前，项目一、二期规模合计达520MW/1858MWh，三期建成后总储能规模将超过3GWh。
宁德时代为该项目储能系统唯一供应商。其中，项目三期将独家采用宁德时代天恒储能系统，双方还计划进一步合作开发8小时长时储能解决方案。
同时，宁德时代为Supernode项目提供长期服务协议（LTSA），覆盖储能系统运行监测、性能跟踪及预防性维护等服务。
融捷能源斩获4GWh电芯订单
8月15日，融捷能源与Lineage Power在上海签署2027年4GWh磷酸铁锂电芯框架合作协议。这是双方继今年6月达成3GWh合作后，再次扩大合作规模。
根据协议，Lineage Power计划围绕2027年储能项目需求，向融捷能源采购合计4GWh的314Ah和588Ah磷酸铁锂电芯，产品将主要应用于大型储能及工商业储能项目。
东方日升签乌克兰200MWh储能订单
8月14日，东方日升与乌克兰新能源企业Ascania Energy在宁海签署战略合作协议，双方将围绕光伏和储能业务展开合作，共涉及100MW光伏项目和200MWh储能项目。
根据协议，双方将充分发挥各自在产品技术、智能制造、项目开发、系统集成、全球交付与本地化服务等方面的优势，共同推进光储项目在乌克兰市场的应用。
奇点能源800MWh储能订单发货
近日，奇点能源获甘肃白银200MW/800MWh储能项目订单，项目采用其组串式预制舱Galaxy-1储能系统，共部署160台，目前已正式发货。该项目储能时长4小时，建成后将主要用于新能源消纳、电网调峰调频及应急备用，进一步提升区域电力系统调节能力。
集邦光储观察整理
1、EnergyTrend-集邦新能源网」包含的内容和信息是根据公开资料分析和演释，该公开资料，属可靠之来源搜集，但这些分析和信息并未经独立核实。本网站有权但无此义务，改善或更正在本网站的任何部分之错误或疏失。
2、任何在「EnergyTrend-集邦新能源网」上出现的信息（包括但不限于公司资料、资讯、研究报告、产品价格等），力求但不保证数据的准确性，均只作为参考，您须对您自主决定的行为负责。如有错漏，请以各公司官方网站公布为准。
3、「EnergyTrend-集邦新能源网」信息服务基于""现况""及""现有""提供，网站的信息和内容如有更改恕不另行通知。
4、「EnergyTrend-集邦新能源网」尊重并保护所有使用用户的个人隐私权，您注册的用户名、电子邮件地址等个人资料，非经您亲自许可或根据相关法律、法规的强制性规定，不会主动地泄露给第三方。
「EnergyTrend-集邦新能源网」所刊原创内容之著作权属于「EnergyTrend-集邦新能源网」网站所有，未经本站之同意或授权，任何人不得以任何形式重制、转载、散布、引用、变更、播送或出版该内容之全部或局部，亦不得有其他任何违反本站著作权之行为。
41亿！宁德时代入股中恒电气，推进新能源等合作
拟出资24.75亿元，宁德时代参投50亿绿色产业投资基金
增资337%，宁德时代系子公司注册资本升至7亿元
阳光电源、宁德时代等4企储能订单新进展
注册资本30亿元，宁德时代成立电池销售新子公司",full,,dom_or_structured_full_text,https://www.energytrend.cn/news/20260818-148400.html,EnergyTrend储能,储能,储能/电池/光伏,2026-08-18T22:59:14+00:00,零碳产业 > 能量循环 > 能量存储 > 电化学储能 > 二次电池 > 锂电池,零碳产业,锂电池,"[{""path"":[""零碳产业"",""能量循环"",""能量存储"",""电化学储能"",""二次电池"",""锂电池""],""path_text"":""零碳产业 > 能量循环 > 能量存储 > 电化学储能 > 二次电池 > 锂电池"",""confidence"":0.85,""reason"":""核心是宁德时代、融捷能源等锂电池储能系统与磷酸铁锂电芯订单项目。""}]",classified,2026-08-18T23:04:03.857110+00:00,glm-5.2,2026-08-14,
艾迈斯欧司朗进一步加强知识产权维权措施，保护汽车LED创新成果不被未经授权使用 - NE时代,2026-08-18,"奥地利Premstätten和德国慕尼黑，2026年8月18日——数字光电技术领导者艾迈斯欧司朗（SIX: AMS）今日宣布其已在德国提起两项专利侵权诉讼，起诉一家电子元器件分销商销售由深圳市瑞丰光电子股份有限公司生产的汽车LED产品。
在上述诉讼中，艾迈斯欧司朗请求法院颁发永久禁令、判令侵权方赔偿损失，并召回及销毁相关产品。艾迈斯欧司朗主张，部分来自瑞丰陶瓷封装系列及EMC封装系列的汽车LED产品侵犯了公司多项专利技术。本次诉讼涉及的六项专利涵盖艾迈斯欧司朗多项关键创新，可实现汽车应用所需的高效率、高可靠性和紧凑型光源，并提供高亮度、高品质的光输出。
此次法律行动基于艾迈斯欧司朗持续、严密的市场监测，也标志着公司将专利保护行动从植物照明LED（2025年发布）拓展至汽车照明领域。数十年来，艾迈斯欧司朗始终高度重视汽车LED技术创新，并持续加大相关研发投入。
艾迈斯欧司朗首席执行官Aldo Kamper表示：“通过此次法律行动，我们再次彰显了维护市场信任、增强行业信心并保障公平竞争的坚定承诺。只有当各方均尊重知识产权时，消费者才能确信，其所购买的产品能够充分体现其中所搭载技术的全部价值。”
凭借卓越的性能、可靠性和出色的知识产权安全保障，艾迈斯欧司朗汽车LED产品获得全球汽车制造商的广泛认可。公司将继续评估采取进一步法律措施，维护市场秩序，并为全球利益相关方保护其技术的长期价值。
艾迈斯欧司朗高性能光电产品线负责人Jörg Strauss博士表示：“我们高性能、高品质的汽车LED产品深受全球客户和合作伙伴的信赖。我们必须保护符合我们自身、客户以及合作伙伴共同利益的知识产权，持续推动构建透明、公平、普惠的行业环境。”",full,,trafilatura_full_text,https://www.ne-time.cn/web/article/39470,NE时代,电池,新能源汽车/智能汽车,2026-08-18T22:59:21+00:00,公共政策与社会治理 > 政策法规 > 监管、标准与合规,公共政策与社会治理,监管、标准与合规,"[{""path"":[""公共政策与社会治理"",""政策法规"",""监管、标准与合规""],""path_text"":""公共政策与社会治理 > 政策法规 > 监管、标准与合规"",""confidence"":0.85,""reason"":""核心事件是公司提起专利侵权诉讼以维护知识产权，属法律合规与执法范畴。""}]",classified,2026-08-18T23:04:03.857110+00:00,glm-5.2,2026-08-14,
上海瑞迪汽车科技MCU应用开发及测试试验台正式对外发布 - NE时代,2026-08-18,"上海瑞迪汽车科技MCU应用开发及测试试验台正式对外发布
2026 年 8 月 18 日，上海瑞迪汽车专为新能源汽车领域研发的专利产品 ——MCU （电机控制单元）应用开发及测试试验台正式对外发布。该款 MCU 测试台由上海瑞迪汽车联合合作伙伴江苏大学以及客户景格科技协同攻关、共同开发。项目于 2025 年 11 月 1 日正式启动，历经两轮方案优化打磨，于今日正式发布，后续将进入批量生产与客户交付阶段。
MCU测试试验台整体分为A、B两部分，产品如下图所示。
A台架长130cm，宽65cm，高65cm，布置有驱动电机、负载电机（永磁同步电机）、扭矩传感器以及相关的安装连接装置。台架整体采用钢架结构，侧方和上方安装透明可视的PC板，底部安装可移动可锁止的万向轮和运行时固定装置。上盖分为左右结构，可从中间向两侧打开。A台架通过高压线束和控制线束等与B机柜连接。
B机柜长60m，宽80cm，高190cm，是台架的控制部分，通过连接电脑进行控制调试。电脑上装配上位机软件、仿真测试软件和编译软件等。B机柜整体采用钢板和钢架结构，机柜上布置指示灯、相关的控制旋钮、显示屏、示波器、CAN盒、香蕉插座、可编程电源、一体化驱动控制器、电机加载控制器和负载电阻等。
产品具备完善的应用开发和测试试验，测试台的主要功能和试验有：
（1）基础试验项目：
1)PMSM FOC 控制 Clark 变换及反 Clark 变换实验；
2)PMSM FOC 控制 Park 变换及反 Park 变换实验；
3)PMSM FOC 控制 SVPWM 空间矢量脉宽调制实验；
4)PMSM 无感矢量闭环控制实验；
5)PMSM FOC 滑模观测器仿真实验；
（2）教学和科研功能：
1)电机控制理论基础验证；
2)完整 FOC 算法实践；
3)MBD 开发实践；
4)基于控制策略仿真模型开发，匹配对应的开发软件与实验指导资料；
5)具备二次开发功能，可以调节模型内参数，也可自主开发更先进的电机控制模型；
6)先进算法研究：提供模型预测控制（MPC）、研究参数在线辨识、效率优化控制（MTPA）三种先进算法模型；
7)故障诊断与容错研究；
8)硬件在环（HIL）仿真：可将平台上的控制器接入更大的 HIL 系统，与虚拟的电机系统进行联合仿真，测试控制器的极限性能。
兆易创新连发两颗专用MCU，机器人大小关节开始“分芯”
◎大关节要同步，灵巧手要集成。△撰文：DONG.ZY机器人关节里的控制芯片，开始按身体部位分工。8月5日，兆易创新同时发布两款32位微控制器：面向伺服驱动和机器人关节控制的GD32H77R，以及面向人形机器人、协作机械臂和灵巧手的GD32F50MxxG。GD32H77R将EtherCAT从站控制器、...
德州仪器携手威迈斯打造新一代车载电源方案：一颗 MCU，如何同时控制 OBC 和 DC-DC？
随着新能源汽车电气化程度持续提升，车载电源系统正在向更高集成度、更高安全标准和更精简的系统架构演进。作为电动汽车动力系统的核心模块，车载充电器（OBC）负责将交流电转换为高压直流电，为动力电池充电；DC-DC转换器则承担高低压电能转换，为车辆低压用电系统供电。在传统设计中，OBC与DC-DC通常采用...
意法半导体首次将NPU部署到汽车MCU
近日，意法半导体（ST）发布了首款集成AI加速器的汽车微控制器（MCU）——StellarP3E，目前已进入“样品交付”阶段，预计2026年下半年启动规模量产。▲基于StellarP3E搭建的多合一电驱域控制解决方案这颗芯片引起我注意的，不是“首款集成AI加速器”这个标签，而是它在汽车MCU架构上做...
RISC-V架构MCU在发动机ECU中实现量产
近日，东风汽车宣布，其DF30车规级MCU在发动机ECU中稳步推进量产上车，并且已经在东风奕派007、猛士M817、东风风神皓瀚等整车上进行验证。DF30采用自主开源RISC-V多核架构打造，由二进制半导体自主研发，内核来自芯来科技，采用国产40nm车规专属工艺制造，功能安全等级达到汽车行业最高AS...
打破国外垄断！首款国产车规级MCU芯片DF30稳步推进量产上车！
由东风汽车牵头研发的国内首款国产高性能车规级MCU芯片DF30首搭发动机ECU近日正稳步推进量产上车且已成功在东风奕派007、猛士M817东风风神皓瀚等整车上进行验证这意味着不久后的东风车将拥有100%自主可控的“中国芯”·打破“缺芯”困局·国产芯片上车验证什么是ECU和MCU？ECU（电子控制单元...
技术内卷新方向？谁在打破ECU与MCU的集成壁垒
当前车企在增程器控制策略上，仍普遍采用ECU与MCU相互独立的架构模式：其中MCU主要负责驱动电机的转矩控制、转速调节及再生制动能量回收，可直接响应驾驶员的踏板操作指令，以及整车控制器（VCU）下发的功率分配指令。ECU则专注于增程器发动机的启停、喷油、点火及转速调控，保障发动机始终在高效区间实现发...
芯驰科技E3650正式量产，22纳米旗舰MCU率先领跑下一代汽车架构
10月24日，全场景智能车芯引领者芯驰科技宣布，其E3系列MCU旗舰产品E3650已正式进入规模化量产，完成AEC-Q100Grade1可靠性认证，将面向客户接受量产订单。作为新一代智控MCU的旗舰产品，E3650的量产不仅兑现了技术承诺，更标志着本土芯片企业在汽车电子电气（E/E）架构革新中处于引...
以高性价比赋能汽车与泛能源，纳芯微发布 NS800RT115x 系列实时控制 MCU/DSP
纳芯微正式推出NS800RT115x系列高性价比MCU，基于Arm®Cortex®-M7内核，主频高达200MHz，搭载自研mMATH数学加速核，集成高速ADC、精细PWM、CANFD、增量式编码器接口以及功能安全模块，可高效处理三角函数、反三角函数、开方、滤波等数学运算，大幅提升实时运算效率，可广...
芯驰携手IAR赋能臻驱科技，推动国产车规级MCU在新能源汽车动力系统落地
作为新能源汽车动力总成中双电机控制器领域的领先企业，臻驱科技面临国产车规级MCU平台迁移的关键挑战。臻驱科技携手芯驰与IAR，通过国产高端车规级MCU与完整工具链的协同优势，共同推动新能源汽车双电机控制领域的国产化应用。臻驱科技专注于新能源汽车动力总成及相关控制器研发，产品覆盖电控总成、功率模块及动...
积极拥抱RISC-V+AI，国芯科技高性能汽车智能域控 AI MCU芯片完成设计进入流片试制阶段
近日，从国芯科技研发中心传来好消息，国芯科技基于RISC-V架构自主研发设计的面向下一代汽车电子电器架构的高性能汽车智能域控AIMCU芯片CCFC3009PT已顺利完成设计工作，正式进入流片试制阶段。作为国芯科技深耕汽车电子领域多年的标志性成果，CCFC3009PT采用RISC-V架构6+6核设计，...
2026第六届全球xEV驱动系统技术暨产业大会
全新一代智己L6、LS6、LS8、LS9，信息全掌握
小米汽车答网友问（第 280 集）
上“高”原 下“火”州 这是东风“候鸟工程师”的夏日限定战场！
启境GT7，八大冗余架构，筑牢出行安全防线
上海恩翌信息科技有限公司
沪ICP备17041240号-4",full,,dom_or_structured_full_text,https://www.ne-time.cn/web/article/39469,NE时代,电池,新能源汽车/智能汽车,2026-08-18T22:59:23+00:00,通用技术 > 通信和运输 > 陆路运输,通用技术,陆路运输,"[{""path"":[""通用技术"",""通信和运输"",""陆路运输""],""path_text"":""通用技术 > 通信和运输 > 陆路运输"",""confidence"":0.8,""reason"":""核心产品为新能源汽车电机控制单元MCU的开发测试试验台，服务电动汽车动力系统。""}]",classified,2026-08-18T23:04:03.857110+00:00,glm-5.2,2026-08-14,
览翌航空LE200完成高原超百公里时速飞行试验 - NE时代,2026-08-18,"览翌航空LE200完成高原超百公里时速飞行试验
历经数月，终得正果。合肥览翌航空科技有限公司（简称“览翌航空”） 载客级eVTOL LE200在甘肃民勤测试场地经过数月时间顺利完成高原超百公里时速飞行试验，型号研制工作又取得重大进展。
测试场地为海拔1300米以上的高原测试基地，览翌航空LE200进行了从40公里/小时至100公里/小时范围内多个飞行速度工况测试。通过一系列飞行速度测试，获取了大量有效数据，为下一步试飞任务开展奠定了良好基础，“登顶”在望。
衷心感谢昂际智航、上海柘飞航空科技有限公司、四川松正航空动力科技有限公司等供应商在测试期间提供的大力支持。
时的科技与民机试飞中心签署战略合作协议
4月9日，应航空工业民机试飞中心（以下简称民机试飞中心）邀请，时的科技出席由中国航空工业集团主办的2026低空产业发展大会。本次大会以“开放融合，共筑低空产业发展新生态”为主题，聚焦“十五五”时期低空产业发展的战略方向与关键路径，围绕顶层规划、重大任务部署及实施机制展开系统性研讨。大会期间，时的科技...
上海：计划于年内启动全国首个城市环境eVTOL试飞区
据今日闵行消息，航空工业机载低空装备机载选型中心在上海市闵行区吴泾镇成立，标志着上海在打造“世界eVTOL之都”的进程中迈出关键一步。该中心将聚合产业链资源，并计划于年内启动全国首个城市环境eVTOL（电动垂直起降飞行器）试飞区，以吸引更多企业集聚。选型中心由航空工业集团民机机载公司设立，旨在整合其...
收官！AE200-100量产机第一阶段验证试飞圆满完成
览翌航空稳步推进载客eVTOL LE200过渡阶段试飞测试
时值岁末，合肥览翌航空科技有限公司（简称览翌航空）型号研制两条战线依然紧张忙碌。电动垂起中型物流无人机LEU100全力冲刺适航取证的收尾工作，载客eVTOLLE200稳步推进过渡阶段试飞测试载客eVTOLLE200自2025年3月完成首飞试飞后，6月-8月又完成了第二阶段试飞测试任务，近期又启动了第...
再拓低空版图 | 中创新航与合肥览翌航空签署长期战略合作协议
月28日，中创新航与合肥览翌航空科技有限公司签署战略合作协议。截至目前，览翌航空共获得9家客户约500架飞机订单。中创新航与览翌航空将就LE200项目高能量密度动力电池方案进行探讨及合作。览翌航空专注eVTOL技术研发、设计、制造、MRO，已在今年8月成功完成数千万Pre-A轮首笔融资，由合肥产投独...
2026第六届全球xEV驱动系统技术暨产业大会
全新一代智己L6、LS6、LS8、LS9，信息全掌握
小米汽车答网友问（第 280 集）
上“高”原 下“火”州 这是东风“候鸟工程师”的夏日限定战场！
启境GT7，八大冗余架构，筑牢出行安全防线
上海恩翌信息科技有限公司
沪ICP备17041240号-4",full,,dom_or_structured_full_text,https://www.ne-time.cn/web/article/39468,NE时代,电池,新能源汽车/智能汽车,2026-08-18T22:59:26+00:00,通用技术 > 通信和运输 > 航空,通用技术,航空,"[{""path"":[""通用技术"",""通信和运输"",""航空""],""path_text"":""通用技术 > 通信和运输 > 航空"",""confidence"":0.9,""reason"":""核心事件是览翌航空eVTOL LE200完成高原飞行试验，属电动航空器研制进展。""}]",classified,2026-08-18T23:04:03.857110+00:00,glm-5.2,2026-08-14,
中汽协会 | 2026年7月新能源汽车产销情况简析 - NE时代,2026-08-18,"中汽协会 | 2026年7月新能源汽车产销情况简析
据中国汽车工业协会分析，2026年7月，新能源汽车出口占比连续两个月超过50%；新能源汽车月度新车销量占比首次超过60%、累计占比首次超过50%。
2026年7月，新能源汽车产销分别完成157.6万辆和156.1万辆，同比分别增长26.8%和23.7%。
2026年1-7月，新能源汽车产销分别完成901.4万辆和900.7万辆，同比分别增长9.5%和9.6%。
2026年7月，新能源汽车国内销量100.8万辆，环比下降10%，同比下降2.8%。
2026年1-7月，新能源汽车国内销量609.8万辆，同比下降11.8%。
2026年7月，新能源汽车出口55.3万辆，环比增长5.7%，同比增长1.5倍。
2026年1-7月，新能源汽车出口290.9万辆，同比增长1.2倍。
2026第六届全球xEV驱动系统技术暨产业大会
全新一代智己L6、LS6、LS8、LS9，信息全掌握
小米汽车答网友问（第 280 集）
上“高”原 下“火”州 这是东风“候鸟工程师”的夏日限定战场！
启境GT7，八大冗余架构，筑牢出行安全防线
上海恩翌信息科技有限公司
沪ICP备17041240号-4",full,,dom_or_structured_full_text,https://www.ne-time.cn/web/article/39467,NE时代,电池,新能源汽车/智能汽车,2026-08-18T22:59:28+00:00,通用技术 > 通信和运输 > 陆路运输,通用技术,陆路运输,"[{""path"":[""通用技术"",""通信和运输"",""陆路运输""],""path_text"":""通用技术 > 通信和运输 > 陆路运输"",""confidence"":0.85,""reason"":""核心是新能源汽车产销与出口数据，反映汽车电动化市场动态。""}]",classified,2026-08-18T23:04:03.857110+00:00,glm-5.2,2026-08-14,
动力电池联盟丨2026年7月动力电池月度信息 - NE时代,2026-08-18,"动力电池联盟丨2026年7月动力电池月度信息
2026年7月动力电池月度信息
7月，我国动力和储能电池合计产量为218.0GWh，环比增长5.8%，同比增长62.9%。
1-7月，我国动力和储能电池累计产量为1286.9GWh，累计同比增长54.9%。
7月，我国动力和储能电池销量为185.2GWh，环比下降5.5%，同比增长45.5%。其中，动力电池销量为129.1GWh，占总销量69.7%，环比下降3.3%，同比增长41.6%；储能电池销量为56.1GWh，占总销量30.3%，环比下降10.3%，同比增长55.4%。
1-7月，我国动力和储能电池累计销量为1164.6GWh，累计同比增长48.1%。其中，动力电池累计销量为790.4GWh，占总销量67.9%，累计同比增长37.1%；储能电池累计销量为374.2GWh，占总销量32.1%，累计同比增长78.6%。
7月，我国动力和储能电池合计出口35.2GWh，环比下降2.7%，同比增长51.7%，占当月销量19.0%。其中，动力电池出口量为24.0GWh，占总出口量68.0%，环比下降6.0%，同比增长62.1%；储能电池出口量为11.3GWh，占总出口量32.0%，环比增长4.9%，同比增长33.4%。
1-7月，我国动力和储能电池累计出口216.6GWh，累计同比增长43.9%，占累计销量18.6%。其中，动力电池累计出口为146.7GWh，占总出口量67.7%，累计同比增长52.1%；储能电池累计出口量为69.9GWh，占总出口量32.3%，累计同比增长29.3%。
7月，国内动力电池装车量74.6GWh，环比下降2.5%，同比增长33.5%。其中三元电池装车量11.1GWh，占总装车量14.9%，环比下降12.1%，同比增长1.8%；磷酸铁锂电池装车量63.1GWh，占总装车量84.6%，环比下降1.0%，同比增长40.5%。
1-7月，国内动力电池累计装车量410.2GWh，累计同比增长15.4%。其中三元电池累计装车量74.5GWh，占总装车量18.2%，累计同比增长12.1%；磷酸铁锂电池累计装车量335.1GWh，占总装车量81.7%，累计同比增长16.0%。
工信部：推动新一代动力电池、车规级芯片、车用操作系统创新应用
工业和信息化部印发《工业绿色低碳发展“十五五”规划》，其中指出，巩固提升绿色优势产业。加快新能源汽车、新能源装备、新型储能等重点行业技术迭代、场景拓展。推动新一代动力电池、车规级芯片、车用操作系统创新应用，面向干线运输、中短途运输、城建物流以及矿场、港口等场景推广新能源重型货车。大幅提高多晶硅生产绿...
电池联盟丨2026年5月动力电池月度信息
2026年5月动力电池月度信息产量方面：5月，我国动力和储能电池合计产量为191.7GWh，环比增长4.2%，同比增长55.2%。1-5月，我国动力和储能电池累计产量为863.0GWh，累计同比增长51.9%。销量方面：5月，我国动力和储能电池销量为182.2GWh，环比增长11.0%，同比增长47...
动力电池联盟丨2026年4月动力电池月度信息
2026年4月动力电池月度信息产量方面：4月，我国动力和储能电池合计产量为183.9GWh，环比增长3.5%，同比增长55.6%。1-4月，我国动力和储能电池累计产量为671.3GWh，累计同比增长51.0%。销量方面：4月，我国动力和储能电池销量为164.2GWh，环比下降6.2%，同比增长39....
数据发布丨2026年3月动力电池月度信息
2026年3月动力电池月度信息产量方面：3月，我国动力和储能电池合计产量为177.7GWh，环比增长25.5%，同比增长50.2%。1-3月，我国动力和储能电池累计产量为487.4GWh，累计同比增长49.3%。销量方面：3月，我国动力和储能电池销量为175.1GWh，环比增长54.7%，同比增长5...
电池有了专属“身份证”！全国动力电池溯源平台上线
4月1日，全国新能源汽车动力电池溯源信息平台正式上线，将为我国新能源汽车产业绿色循环发展提供国家级信息平台支撑。这一平台以动力电池的数字身份信息为核心载体，通过对每一块动力电池进行编码，上线产业链上下游的数据信息，实现了对动力电池流向的链式追溯。专家表示，这一信息平台涵盖四大核心功能，面向动力电池、...
理想汽车“智能超充动力电池北京市重点实验室”正式揭牌
3月30日，理想汽车“智能超充动力电池北京市重点实验室”（以下简称“理想智能超充重点实验室”）揭牌仪式暨学术研讨会正式在理想汽车北京研发总部举行。此次学术研讨会汇聚了来自中国科学院、清华大学、北京理工大学等顶尖机构的专家学者，围绕固态电池、锂电池AI技术、电池热安全及结构安全等前沿方向展开深度交流。...
共筑动力电池新高地！奇瑞汽车携手中汽新能源共建联合创新实验室
近日，奇瑞汽车股份有限公司与中汽研新能源汽车检验中心（天津）有限公司正式签署合作协议。双方将围绕锂电池技术领域，在基础材料与产品检测方面开展深度合作，加速科技创新成果市场转化，共筑动力电池新高地。签约仪式上，奇瑞汽车股份有限公司副总裁古春山与中汽研新能源汽车检验中心（天津）有限公司总经理高继东，共同...
中国动力电池联盟丨2026年2月动力电池月度信息
2026年2月动力电池月度信息产量方面：2月，我国动力和储能电池合计产量为141.6GWh，环比下降15.7%，同比增长41.3%。1-2月，我国动力和储能电池累计产量为309.7GWh，累计同比增长48.8%。销量方面：2月，我国动力和储能电池销量为113.2GWh，环比下降23.9%，同比增长2...
时代长安注资10亿成立重庆子公司 投55亿建动力电池基地
2月4日，时代长安（重庆）动力电池有限公司在重庆市北碚区茨竹镇注册成立，注册资本10亿元，由时代长安动力电池有限公司（简称：时代长安）全资持股。时代长安由宁德时代（300750）、深蓝汽车、长安汽车（000625）共同出资，持股比例分别为51%、30%、19%。就在1月29日，时代长安发生工商变更，...
电池联盟丨2025年12月动力电池月度信息
2025年12月动力电池月度信息产量方面：12月，我国动力和储能电池合计产量为201.7GWh，环比增长14.4%，同比增长62.1%。1-12月，我国动力和储能电池累计产量为1755.6GWh，累计同比增长60.1%。销量方面：12月，我国动力和储能电池销量为199.3GWh，环比增长11.1%，...
2026第六届全球xEV驱动系统技术暨产业大会
全新一代智己L6、LS6、LS8、LS9，信息全掌握
小米汽车答网友问（第 280 集）
上“高”原 下“火”州 这是东风“候鸟工程师”的夏日限定战场！
启境GT7，八大冗余架构，筑牢出行安全防线
上海恩翌信息科技有限公司
沪ICP备17041240号-4",full,,dom_or_structured_full_text,https://www.ne-time.cn/web/article/39466,NE时代,电池,新能源汽车/智能汽车,2026-08-18T22:59:30+00:00,零碳产业 > 能量循环 > 能量存储 > 电化学储能 > 二次电池 > 锂电池,零碳产业,锂电池,"[{""path"":[""零碳产业"",""能量循环"",""能量存储"",""电化学储能"",""二次电池"",""锂电池""],""path_text"":""零碳产业 > 能量循环 > 能量存储 > 电化学储能 > 二次电池 > 锂电池"",""confidence"":0.9,""reason"":""核心事件是动力与储能锂电池的产量、销量、装车量月度统计。""}]",classified,2026-08-18T23:04:10.480009+00:00,glm-5.2,2026-08-14,
蔚来武汉换电站资产全面转由国资持有 - NE时代,2026-08-18,"蔚来武汉换电站资产全面转由国资持有
据蔚来消息，近日，蔚来能源与光谷交通集团在武汉举办首批合作充换电站交付仪式，双方在武汉市合作共建运营的首批36座充换电站正式完成交付。官方称，此次交付的充换电站是蔚来能源“国资合作方持有资产+蔚来专业运营”模式在湖北区域的重要实践。
据介绍，这批充换电站资产由光谷交通集团持有，依托蔚来能源行业领先的技术优势及经验进行运营。此次交割完成后，武汉市内所有存量换电站资产均由国资合作伙伴持有。
蔚来能源是蔚来汽车旗下专注于电动汽车能源服务的品牌，主要负责构建充换电网络体系。天眼查工商信息显示，近日，武汉蔚来能源有限公司发生工商变更，注册资本由17.84亿人民币增至74.84亿人民币，增幅约320%。该公司成立于2017年5月，法定代表人为郭成钢，由蔚来能源投资（湖北）有限公司全资持股。
有“宁王”之称的动力电池巨头宁德时代曾对蔚来能源输血，双方还达成了换电合作。去年3月，蔚来与宁德时代在福建宁德签署战略合作协议，旨在打造全球规模最大、技术最领先的乘用车换电服务网络。根据协议，双方将通过构建覆盖全系乘用车的换电网络、统一行业技术标准、深化资本与业务合作。宁德时代正在推进对蔚来能源不超过25亿元人民币的战略投资，进一步巩固双方战略合作伙伴关系。
换电是新能源汽车最接近燃油车加油体验的补能方式，但其属于重资产行业。据蔚来官方披露，蔚来一代换电站建设成本约300万元，二代换电站为200万元左右，三代站和四代站下降至150万元左右。
蔚来在充换电技术和基础设施领域已累计投入超过200亿元。截至8月12日，蔚来已建成覆盖全国的9198座充换电站，其中换电站4017座、充电站5181座、充电桩29875根，换电站与充电桩建设规模均位于行业首位，并已完成换电服务累计超1.2亿次、充换电服务共计超2亿次。
蔚来能源曾推出“加电合伙人”计划，旨在向全社会开放合作建设充换电站，积聚社会资本，共同建设、共享收益，以应对充换电设施建设成本高、周期长的困难。
而此次将地方国资引入换电站，蔚来则更进一步，把充换电设施的资产所有权与日常运营权彻底拆分，其角色从“房东”转变成了“物业加技术服务商”。
按照官方说法，此次合作的成功标志着由各地国资平台持有充换电资产，委托蔚来能源运营的模式逐步在全国范围展开，这是蔚来能源与国资平台深化战略合作的重大进展，也是蔚来能源生态开放、合作共建的又一个重要里程碑。
在这种模式下，蔚来充换电站由国资平台持有，公司不再承担建站与持有成本，而且借助国资承接资产实现轻资产运营，可以优化财务结构，缓解持续重资产投入下的财务压力。此外，蔚来保留充换电站的网络运营权，可以保障车主原有使用体验。
蔚来方面表态称，其在充换电技术和基础设施网络布局方面一直秉持开放合作的态度，与车企、交通、能源以及各地产投、交投等多个领域的合作伙伴展开合作，合力推动更大规模、标准化、统一性的加电补能基建设施落地。截至目前，蔚来能源已与25个省市、地区的超40家地方国资平台、金融机构类合作伙伴展开务实合作，共同建成并投运超过800座换电站。
值得注意的是，在前期投入之下，蔚来部分地区的换电站或已实现盈利。去年初，蔚来创始人、董事长、CEO李斌李斌在社交平台发称，2025年是蔚来的换电站建设大年，蔚来争取让所有蔚来、乐道和合作汽车品牌的用户，都能拥有像加油一样方便的加电体验。“换电趋势越来越好，上海换电站已经基本接近盈利了。”
时任蔚来副总裁沈斐也在直播中透露，“上海（换电业务）一天9000单，马上要接近1万单了。目前在上海绝大部分地方，只要能把换电站建下去，肯定是挣钱的，非常接近盈亏平衡点。”
而在集团层面，蔚来已经实现连续实现季度盈利。财报显示，蔚来2025年四季度净利润为2.8亿元人民币（4040万美元），经营利润为12.5亿元，实现公司首次季度盈利。不过从全年表现来看，蔚来汽车仍处于亏损状态。 蔚来2025年净亏损为149.4亿元，同比减亏33.3%。
今年一季度，蔚来实现总营收255.3亿元人民币，同比增长112.2%；实现经营利润6680万元人民币，连续两个季度盈利。对于第二季度，蔚来给出乐观业绩指引，总营收预计在327.77亿元至344.36亿元之间，同比增长72.4%至81.2%。
销量方面，2026年前七个月，蔚来公司共交付新车227057台，同比增长68.0%。其中，蔚来品牌交付新车139496台，同比增长60.1%；乐道品牌交付新车52618台，同比增长39.1%；firefly萤火虫品牌交付新车34943台，同比增长242.3%。截至目前，蔚来公司已累计交付新车1224649台。
宁德时代巧克力换电与中燃智慧交通合作首站在呼和浩特正式投运
8月10日，宁德时代巧克力换电在呼和浩特的赛罕兴安南路站正式投入运营。作为宁德时代换电子公司时代电服与中燃智慧交通战略合作以来开业的首站，该站由中燃加气站升级而来，以宁德时代巧克力换电为核心服务，兼容充电与加气，成为呼和浩特又一个触手可及的换电节点。继包头、德州、芜湖之后，双方依托存量站网落子的节奏...
蔚来能源与光谷交通集团首批合作充换电站正式交付
2026年8月12日，蔚来能源与光谷交通集团在武汉举办首批合作充换电站交付仪式暨光谷空轨换电站上线三周年活动，双方在武汉市合作共建运营的首批36座充换电站正式完成交付。武汉市东湖高新区党工委委员、办公室主任刘坤，建设管理和交通局局长余波，光谷交通集团党委副书记、副董事长、总经理周星，光谷智能网联科技...
中国充电联盟丨2026年6月全国电动汽车充换电基础设施运行情况
2026年6月全国电动汽车充换电基础设施运行情况1公共充电基础设施运行情况，截至2026年6月底，我国电动汽车充电基础设施（枪）总数达到2305.7万个，同比增长43.2%。其中，公共充电设施（枪）500.9万个，同比增长22.3%，额定总功率达到2.47亿千瓦，单枪平均功率约为49.35千瓦；私人...
上海充换电设施公共数据采集与监测市级平台数据统计4月月报
贯彻落实中央与地方对各省市级充换电设施服务平台的工作要求，上海充换电设施公共数据采集与监测市级平台（以下简称市级平台），提供全市公共充电桩数据服务、安全监管、运行分析，定期向社会发布本市充电基础设施运行情况。市级平台汇集了全市95%以上的充电设施信息，平台于2016年12月30日正式上线，并为全市一...
中国充电联盟丨2026年4月全国电动汽车充换电基础设施运行情况
2026年4月全国电动汽车充换电基础设施运行情况1公共充电基础设施运行情况，截至2026年4月底，我国电动汽车充电基础设施（枪）总数达到2195.5万个，同比增长47.4%。其中，公共充电设施（枪）490.7万个，同比增长29.6%，公共充电设施额定总功率达到2.37亿千瓦，平均功率约为48.38千...
蔚来充电站突破5000座 充电桩超28800根
5月19日消息，蔚来又新增两座能源站点正式投入运营，分别是上海闵行儿科医院换电站，以及诸暨润达二手车交易市场二期超充站。随着新站点落地，蔚来全国充换电网络规模再创新高。截至目前，蔚来在全国已经建成8874座充换电站，构成85条加电风景线。其中换电站达到3851座，其中1036座布置在高速公路服务区。...
蔚来ES9搭载艾迈斯欧司朗新一代氛围灯解决方案
中国上海，2026年5月12日——照明与传感创新的全球领导者艾迈斯欧司朗（SIX：AMS）今日宣布，其基于OSP开放系统协议（OpenSystemProtocol）的OSIRE™E3731i智能RGBLED已成功搭载于蔚来汽车旗下全新智能电动行政旗舰SUV——蔚来ES9。这是艾迈斯欧司朗OSIRE™...
上海充换电设施公共数据采集与监测市级平台数据统计3月月报
贯彻落实中央与地方对各省市级充换电设施服务平台的工作要求，上海充换电设施公共数据采集与监测市级平台（以下简称市级平台），提供全市公共充电桩数据服务、安全监管、运行分析，定期向社会发布本市充电基础设施运行情况。市级平台汇集了全市95%以上的充电设施信息，平台于2016年12月30日正式上线，并为全市一...
中国充电联盟丨2026年3月全国电动汽车充换电基础设施运行情况
026年3月全国电动汽车充换电基础设施运行情况1公共充电基础设施运行情况，截至2026年3月底，我国电动汽车充电基础设施（枪）总数达到2148.1万个，同比增长46.9%。其中，公共充电设施（枪）486.3万个，同比增长28.1%，公共充电设施额定总功率达到2.34亿千瓦，平均功率约为48.06千瓦...
上海充换电设施公共数据采集与监测市级平台数据统计2月月报
贯彻落实中央与地方对各省市级充换电设施服务平台的工作要求，上海充换电设施公共数据采集与监测市级平台（以下简称市级平台），提供全市公共充电桩数据服务、安全监管、运行分析，定期向社会发布本市充电基础设施运行情况。市级平台汇集了全市95%以上的充电设施信息，平台于2016年12月30日正式上线，并为全市一...
2026第六届全球xEV驱动系统技术暨产业大会
全新一代智己L6、LS6、LS8、LS9，信息全掌握
小米汽车答网友问（第 280 集）
上“高”原 下“火”州 这是东风“候鸟工程师”的夏日限定战场！
启境GT7，八大冗余架构，筑牢出行安全防线
上海恩翌信息科技有限公司
沪ICP备17041240号-4",full,,dom_or_structured_full_text,https://www.ne-time.cn/web/article/39465,NE时代,电池,新能源汽车/智能汽车,2026-08-18T22:59:33+00:00,通用技术 > 通信和运输 > 陆路运输,通用技术,陆路运输,"[{""path"":[""通用技术"",""通信和运输"",""陆路运输""],""path_text"":""通用技术 > 通信和运输 > 陆路运输"",""confidence"":0.85,""reason"":""核心是电动汽车充换电基础设施的资产与运营模式调整。""},{""path"":[""产业经济与组织"",""企业与资本"",""企业经营与公司治理""],""path_text"":""产业经济与组织 > 企业与资本 > 企业经营与公司治理"",""confidence"":0.75,""reason"":""涉及蔚来能源资产交割、注册资本变更与轻资产战略转型。""}]",classified,2026-08-18T23:04:10.480009+00:00,glm-5.2,2026-08-14,
嘉腾机器人完成数千万战略融资，卡位具身智能“物理基座” - NE时代,2026-08-18,"嘉腾机器人完成数千万战略融资，卡位具身智能“物理基座”
近日，嘉腾机器人宣布完成数千万战略融资，由上市公司和而泰（002402.SZ）领投、道禾基金（LP是东方精工、乐聚机器人和道禾自有资金）、金木资本跟投，云岫资本担任后续融资独家财务顾问。
作为工业具身智能移动底盘核心供应商，嘉腾机器人依托二十余年高端制造场景的深厚积淀，已累计服务近百家世界500强企业，完成超2000个项目交付，沉淀了2.7亿小时的工业现场运行数据。公司核心产品具身智能底盘具备360°全向移动能力，可在VLA/VLM大模型统一指挥下实现任意方向精准运动，目前月交付量达150至200台，已正式进入批量出货阶段。同时，公司基于自有底盘积极拓展具身应用开发，与乐聚机器人等头部企业携手推进双臂15公斤负载人形机器人在工业场景中的PoC验证。此外，覆盖5公斤至220吨全负载、500余种SKU的AGV/AMR智能搬运业务，作为工业场景理解、客户粘性与数据积累的基石，为嘉腾具身智能产品提供了强劲的底层支撑。
在竞争壁垒的构建上，嘉腾机器人的优势源于多层面的长期积累。 首先，公司拥有深厚的工业场景与数据资产——2000余个项目经验覆盖高节拍流水线、人车混流作业及220吨重载运输等复杂工况，多款产品已通过欧洲CE和UL认证；2.7亿小时运行数据支撑行业专用模型训练，使新车型适配周期从6个月大幅缩短至15天。与此同时，公司已构建起全球化合规与交付网络，产品远销30余个国家和地区，海外收入占比达40%，在华南、重庆及美国设有工厂，东南亚和欧洲布局售后团队，其欧美认证体系使其成为极少数可满足具身机器人厂商出海要求的底盘供应商。
在技术自研与工程化能力方面， 嘉腾机器人自研iCore工业智能基座，涵盖高稳定性核心零部件、高精度导航控制算法、大规模AI调度系统及多场景差异化数据采集支持，累计持有700多项专利及软件著作权。量产层面，AGV年产能达1万台，具身底盘已获头部行业客户认可，公司拥有数百项Checklist及200项可靠性验证清单，确保稳定交付。值得一提的是，公司还储备了航天级技术能力——2023年入围中国载人航天工程办公室载人月球车方案征集并进入专家评审环节，同时为西安交大载人月球车仿真基地提供仿真测试车辆，极端环境适应技术持续反哺工业产品可靠性。
在具身智能产业链中，嘉腾卡位“物理基座”环节。二十余年高难度工业场景沉淀、全球化合规壁垒及规模化制造能力，构成了新进入者难以跨越的门槛。
面向未来，嘉腾机器人规划了清晰的“三步走”节奏：稳住现有跨国大客户营收、扩产底盘为近期重点；完善iCore基座、联合大模型伙伴迭代方案为中期抓手；打通全栈软硬件、进军航天特种场景为长期方向，致力于成为全球具身智能移动底盘领域的核心供应商。
作为嘉腾机器人长期股东，东方精工表示：“东方精工围绕集团具身智能战略布局，多年陪伴嘉腾机器人成长，见证其从传统AGV厂商升级为面向全球的工业具身智能核心零部件及解决方案商。嘉腾机器人可贵之处，并非追逐短期行业热点，而是历经二十余年深耕复杂工业应用场景，积累形成产品可靠性、客户复购、全球合规认证、规模化工程交付等多项需要长期打磨的硬核产业能力。步入工业具身智能加速发展阶段，上述实战沉淀的产业能力，既为嘉腾机器人拓展业务边界筑牢根基，也与东方精工集团具身智能发展战略形成良好协同。未来东方精工将依托高端装备制造与产业资源优势，与嘉腾在研发、量产、场景落地、海内外市场拓展深度协同，打通技术制造商业化闭环，合力推动工业具身智能规模化产业化落地。”
本轮领投方和而泰（002402.SZ）表示：“当前，具身智能正在从技术验证走向产业落地，工业场景有望成为率先形成规模化商业闭环的核心市场。相比单一机器人本体，真正实现具身智能在工厂中的稳定运行，需要底盘、控制系统、感知决策、整机工程化和工业场景经验的深度融合。嘉腾机器人长期服务全球高端制造客户，在复杂工况适配、运动控制、产品可靠性和全球交付方面形成了扎实积累，与和而泰在智能控制器、控制系统研发、规模化制造和全球客户服务等方面具有较强互补性。作为上市公司产业投资方，我们不仅看重嘉腾自身的成长潜力，也期待双方发挥各自优势，共同推动具身智能移动平台及相关控制系统在汽车、半导体、新能源等工业场景中的规模化应用。”
道禾基金表示：“具身智能的产业化不是单点技术的突破，而是核心零部件、本体、移动底盘、模型算法与真实应用场景共同成熟的结果。嘉腾机器人连接了机器人本体与工业现场，是具身智能实现移动、搬运和跨场景作业的重要物理基座。依托东方精工在高端装备与产业资源方面的积累、乐聚机器人在人形机器人本体和场景应用方面的能力，以及嘉腾在工业移动底盘和智能搬运领域的长期沉淀，各方有望围绕‘底盘+本体+控制系统+工业场景’形成更完整的产业协同。道禾基金希望发挥产业资本连接器的作用，推动生态伙伴在联合产品开发、客户场景导入、供应链协同和海外市场拓展等方面开展深度合作，加快具身智能从单点验证走向规模化交付。”
金木资本表示：“从财务投资视角看，我们关注的不只是具身智能赛道的市场空间，更关注企业是否已经建立可持续的商业模式和可验证的经营能力。嘉腾机器人拥有二十余年行业积累，在服务世界500强客户、复杂项目交付、客户复购、海外市场拓展及持续盈利等方面形成了较强基础；与此同时，具身智能底盘业务已经由研发验证逐步进入批量交付阶段，为公司打开了新的成长曲线。我们认为，嘉腾兼具成熟业务提供的经营基本盘与具身智能带来的长期增长弹性，是行业中少有的兼顾技术积累、商业化能力和全球化潜力的企业。金木资本将持续支持公司完善治理体系、提升经营效率并拓展资本市场空间，助力嘉腾成长为全球领先的智能搬运与具身智能移动平台企业。”
中国唯一具身智能大模型重点实验室，银河通用牵头获批！
银河通用联合北京大学、宁德时代，组建国内首个及唯一“具身智能大模型”领域被官方认可的重点实验室，以“大脑”定义产业天花板，引领中国具身智能迈向全球竞争新高度，为北京科创中心建设筑牢战略基石。北京市科委、中关村管委会主任张继红，中关村科学城管委会副主任、海淀区副区长唐超与银河通用创始人兼CTO王鹤，宁...
无界动力中试平台在北京市海淀区正式落成，夯实具身智能规模化量产底座
8月8日，北京市区（五环内）首个具身智能中试平台——无界动力中试平台于海淀区具身智能创新产业园T8创新中心正式落成，无界动力（北京）技术研发有限公司与中关村（海淀）具身智能创新产业园产权方正式签署合作协议，创始人兼CEO张玉峰出席仪式并见证签约。该中试平台的落成标志着无界动力在工程化落地与规模化量产...
黑芝麻智能与正行创新达成战略合作，全力推动具身智能全球布局
#用全球领先科技，做世界最好产品#BESTTECHBESTLIFE黑芝麻智能与正行创新（北京）科技有限公司正式签署战略合作协议，携手推动具身智能技术向规模化产业应用迈进。2026年7月29日，黑芝麻智能与正行创新（北京）科技有限公司（以下简称“正行创新”）正式签署战略合作协议。双方将依托各自在端侧A...
地瓜机器人联合谋先飞、影眸科技发布具身智能仿真训练方案
7月17日，2026世界人工智能大会在上海开幕。开幕当天，地瓜机器人（D-Robotics）联合北京谋先飞技术有限公司（Motphys）、影眸科技（Hyper3D）三方联合发布""具身智能可训练仿真闭环联合解决方案""，用真实世界的影像直接生成可训练的虚拟场景，降低机器人数据采集与训练的成本。具身智能的...
乐聚机器人与哈金森达成战略合作，共拓具身智能工业落地新路径
7月13日，乐聚机器人与哈金森在苏州正式签订战略合作协议乐聚成为哈金森在中国的核心具身智能合作伙伴双方将推动人形机器人与工业场景的深度协同创新共同拓展全栈式具身智能在高端制造中的规模化落地路径签约仪式上，乐聚机器人CEO常琳与哈金森亚洲区高级副总裁FrédéricLEDU共同出席。双方团队共同参观了...
50.8亿元项目落地无锡！具身智能机器人创新中心开工！
7月10日，总投资50.8亿元的信捷电气具身智能及高端装备核心部件研制项目签约落地无锡。项目主要用于直驱系统、高压变频系统及人形机器人核心零部件（无框电机及高精度编码器）的生产。不到24小时，计划总投资2亿元的江苏隆盛唯睿具身智能机器人创新中心于7月11日上午开工。作为江苏省具身智能机器人创新中心的...
兆易创新的具身智能打法：不是单颗MCU，而是全栈芯片协同
◎不是单颗MCU，而是全栈芯片协同。△撰文：DONG.ZY2026慕尼黑上海电子展期间，具身智能成为兆易创新展台上的重点方向之一。从六轴机械臂、四足机器人，到机器人关节和六维力检测方案，兆易创新展示的并不是“一颗芯片对应一个机器人应用”的简单关系。具身智能系统里的芯片需求，会分布在关节驱动、实时通信...
华为云与亿嘉和签约深入合作，加速具身智能商用化落地
2026年7月3日，华为云与亿嘉和签署CloudRobo具身智能机器人合作备忘录。华为云CloudRobo具身智能开发平台，可实现自动化数据治理、模型训练、云边端协同、自主任务规划，完成机器人运动控制、作业决策与场景应用等算法闭环，大幅缩短研发周期、提升整机作业精度与场景适配能力。同时，华为云可以向...
上海嘉定携手它石智航，推动千台级工业具身智能机器人集群落地
2026年6月26日，立足上海人工智能与先进制造双轮驱动战略布局，上海嘉定区与它石智航旗下全资产业化主体——上海它石未来机器人有限公司签署合作协议。嘉定区副区长刘嘉峰，它石智航联合创始人陈同庆，安波福连接器系统亚太区运营总监徐晓莹等出席签约仪式。安亭镇党委副书记、镇长邵刚（前排左）与它石智航联合创始...
上半年投了十几家公司，“小米系”资本押注具身智能的逻辑变了吗？
◎小米系资本的机器人「拼图」逐步成形。△撰文：DONG.ZY据NE时代智能体不完全统计，2026年上半年，小米战投、顺为资本至少参与了14家具身智能相关公司的融资。这14家公司包括厘清智能、自变量机器人、章鱼动力SynapX、曦诺未来、萝博派对RoboParty、破壳机器人、千寻智能、LiberAI...
2026第六届全球xEV驱动系统技术暨产业大会
全新一代智己L6、LS6、LS8、LS9，信息全掌握
小米汽车答网友问（第 280 集）
上“高”原 下“火”州 这是东风“候鸟工程师”的夏日限定战场！
启境GT7，八大冗余架构，筑牢出行安全防线
上海恩翌信息科技有限公司
沪ICP备17041240号-4",full,,dom_or_structured_full_text,https://www.ne-time.cn/web/article/39464,NE时代,电池,新能源汽车/智能汽车,2026-08-18T22:59:35+00:00,产业经济与组织 > 企业与资本 > 投融资、并购与资本市场,产业经济与组织,投融资、并购与资本市场,"[{""path"":[""产业经济与组织"",""企业与资本"",""投融资、并购与资本市场""],""path_text"":""产业经济与组织 > 企业与资本 > 投融资、并购与资本市场"",""confidence"":0.88,""reason"":""核心事件是嘉腾机器人完成数千万战略融资。""},{""path"":[""AI与智能科技"",""具身智能"",""硬件和控制""],""path_text"":""AI与智能科技 > 具身智能 > 硬件和控制"",""confidence"":0.85,""reason"":""公司主营具身智能移动底盘、AGV/AMR等机器人本体硬件。""}]",classified,2026-08-18T23:04:10.480009+00:00,glm-5.2,2026-08-14,
能链智电与陕西能科智联达成战略合作，完善西安充电网络互联互通 - NE时代,2026-08-18,"能链智电与陕西能科智联达成战略合作，完善西安充电网络互联互通
近日，能链智电（NASDAQ：NAAS）与陕西能科智联科技有限公司（以下简称“能科智联”）正式达成战略合作，双方将围绕西安地区充电网络对接、场站数字化运营、用户充电服务互通等展开合作，共同提升区域充电基础设施服务效率，助力西安新能源汽车产业发展。
西安是全国重要的新能源汽车产业基地。根据《2025年西安市国民经济和社会发展统计公报》，2025年西安汽车产量148.27万辆，其中新能源汽车产量105.14万辆。另据《2025年西安市生态环境状况公报》，截至2025年底，全市新能源汽车保有量达89.85万辆，占汽车保有量的17.1%。汽车产业油电切换已是大势所趋。
本次合作，能科智联将其在西安地区近60%的充电枪接入能链智电充电网络，双方实现场站数据与服务双向打通。能科智联运营场站的充电资源将通过能链智电充电平台对外开放，双方将统一服务能力输出，实现站点查询、导航、无感支付等功能互通。在场站运营协同方面，双方同步推进协议适配、充电状态监测等技术对接，兼顾充电安全与使用效率。
陕西能科智联科技有限公司聚焦新能源充电技术服务，自主研发微服务架构充电SaaS系统，覆盖场站管理、设备运维、定制开发全链条。区别于行业内标准化模板模式，公司可根据商圈、园区、写字楼等实际场景量身定制运营方案。此外，在支付结算环节，公司通过多通道资金体系保障车主充电费用结算的高效与安全。
能链智电作为新能源充电资产运营服务商，具备充电网络聚合、场站数字化对接、线上用户服务、场站运维等全链条服务能力，已对接大量公共充电场站资源，为车企、充电运营商提供补能生态解决方案，优化其经营效率，同时解决不同充电主体之间的数据孤岛问题，提升用户体验。
本次合作对能科智联而言，接入能链智电平台可拓宽场站流量来源，提升充电桩利用效率与经营收益。对能链智电而言，能科智联在西安市场的规模化充电资源有效补充了区域网络密度，增强了平台在西北核心城市的覆盖能力。双方表示，本次合作立足于西安新能源汽车保有量快速增长的实际需求，通过资源对接与技术适配，推动充电基础设施高效协同，助力区域交通领域低碳转型。
中国充电联盟丨2026年6月全国电动汽车充换电基础设施运行情况
2026年6月全国电动汽车充换电基础设施运行情况1公共充电基础设施运行情况，截至2026年6月底，我国电动汽车充电基础设施（枪）总数达到2305.7万个，同比增长43.2%。其中，公共充电设施（枪）500.9万个，同比增长22.3%，额定总功率达到2.47亿千瓦，单枪平均功率约为49.35千瓦；私人...
3分41秒！红旗超快充电池实现重大技术突破！
近日，红旗品牌联合中汽新能自主开发的超快充电池完成25℃充电性能测试。实测数据显示，该电池10%-70%SOC仅需3分41秒，10%-97%SOC仅需8分3秒，指标行业领先。12C超充电芯技术该电池搭载高效超快充负极，突破电芯充电倍率瓶颈，实现峰值12C充电；自研低去溶剂化能电解液，有效降低锂离子迁...
小竹“加电”！佑驾创新与星星充电达成合作，打造无人物流补能枢纽
近日，佑驾创新（2431.HK）与万帮星星充电科技有限公司（以下简称“星星充电”）达成战略合作。双方将围绕无人自动驾驶综合补能枢纽建设开展深度协同，构建“车端自动驾驶+场站自动能源”一体化全无人运营体系，面向全行业开放基础设施标准，打通无人城配、园区物流、L4自动驾驶乘用车补能生态。无人物流行业目前...
蔚来充电站突破5000座 充电桩超28800根
5月19日消息，蔚来又新增两座能源站点正式投入运营，分别是上海闵行儿科医院换电站，以及诸暨润达二手车交易市场二期超充站。随着新站点落地，蔚来全国充换电网络规模再创新高。截至目前，蔚来在全国已经建成8874座充换电站，构成85条加电风景线。其中换电站达到3851座，其中1036座布置在高速公路服务区。...
强强联合，启源芯动力与星星充电达成全方面战略合作
4月23日，上海启源芯动力科技有限公司与万帮数字能源股份有限公司（星星充电）在常州签署战略合作框架协议。启源芯动力副总经理王若蒙、万帮数字能源总经理范利及双方相关核心团队出席本次签约仪式，携手开启协同发展全新篇章。此次签约标志着两家新能源与交通电动化领域头部企业正式达成战略合作伙伴关系，双方立足各自...
黑磷快充电池关键技术取得重要突破
随着新能源汽车与大规模储能系统对超快充、高容量电池的需求日益迫切，传统石墨负极材料的电池性能已逼近理论极限。黑磷（BP）作为负极材料具有极高的储锂容量，却因导电性差、反应动力学迟缓、充放电过程体积膨胀剧烈等固有缺陷，导致电池快充性能快速衰减。近日，电工研究所马衍伟团队成功突破这一技术瓶颈，创新性提出...
雷诺集团发布充电方案全新品牌名称 —— Plug Inn
此前隶属于“MobilizeBeyondAutomotive”品牌的充电业务现已全面整合至雷诺集团的商业运营体系中。此举旨在增强集团的战略协同性和运营效率，并提升客户对品牌的认知。▋雷诺集团旗下所有充电解决方案现已统一归入“PlugInn”品牌旗下：PlugInnFastCharge：超高速充电网络...
聚焦充电与用能协同，电装展示EV能源管理解决方案
近日，电装携手电装解决方案在“可持续经营WEEK春季2026”上，围绕电动汽车（EV）应用中的充放电与能源管理，展示了相关技术与产品，呈现电动化进程中用能协同（即充电与用电的统筹管理）的实现路径。电装与电装解决方案联合展台在移动出行社会向低碳方向持续演进的过程中，电动化应用正在不断拓展。与此同时，围...
泰科电子收购菲尼克斯电气充电接口业务
图片来源：PhoenixContact泰科电子有限公司（TEConnectivity）与菲尼克斯电气电动出行有限公司（PhoenixContactE-MobilityGmbH）达成战略资产收购协议。泰科电子将收购菲尼克斯电气电动出行有限公司（以下简称：菲尼克斯）电动出行部门的核心业务，包括电动汽车充...
中国充电联盟丨2026年1月全国电动汽车充换电基础设施运行情况
2026年1月全国电动汽车充换电基础设施运行情况1公共充电基础设施运行情况，截至2026年1月底，我国电动汽车充电基础设施（枪）总数达到2069.8万个，同比增长49.6%。其中，公共充电设施（枪）480.1万个，同比增长31.2%，公共充电设施额定总功率达到2.26亿千瓦，平均功率约为47.01千...
2026第六届全球xEV驱动系统技术暨产业大会
全新一代智己L6、LS6、LS8、LS9，信息全掌握
小米汽车答网友问（第 280 集）
上“高”原 下“火”州 这是东风“候鸟工程师”的夏日限定战场！
启境GT7，八大冗余架构，筑牢出行安全防线
上海恩翌信息科技有限公司
沪ICP备17041240号-4",full,,dom_or_structured_full_text,https://www.ne-time.cn/web/article/39463,NE时代,电池,新能源汽车/智能汽车,2026-08-18T22:59:37+00:00,通用技术 > 通信和运输 > 陆路运输,通用技术,陆路运输,"[{""path"":[""通用技术"",""通信和运输"",""陆路运输""],""path_text"":""通用技术 > 通信和运输 > 陆路运输"",""confidence"":0.85,""reason"":""核心是电动汽车充电网络互联互通与充换电基础设施运营。""}]",classified,2026-08-18T23:04:10.480009+00:00,glm-5.2,2026-08-14,
零跑汽车正式登陆阿根廷市场，深化南美市场布局 - NE时代,2026-08-18,"零跑汽车正式登陆阿根廷市场，深化南美市场布局
近日，零跑汽车携零跑B10、零跑C10两款全球车型正式登陆阿根廷市场。凭借领先的技术、卓越的产品，以及Stellantis成熟的本地资源体系，零跑汽车将为阿根廷消费者带来更智能、高效、舒适的电动出行选择，进一步深化品牌在南美的市场布局。
零跑B10与零跑C10登陆阿根廷，以增程技术促进电动化转型
零跑汽车因地制宜，针对不同海外市场需求制定产品规划。本次阿根廷首发阵容包含零跑B10和零跑C10两款全球车型的增程版本，两车在整车设计、智能科技、舒适性与安全性等方面均充分体现了零跑汽车的产品理念。此外，依托全域自研的增程核心技术，零跑汽车有效化解当地用户的里程担忧，降低充电配套条件对用车的制约，以更加灵活的方式助力当地电动化出行转型。
零跑汽车坚持全域自研，持续推动电驱系统、电子电气架构、智能座舱及智能辅助驾驶等核心技术发展，致力于推动科技成果惠及更多用户。此次将增程技术带入阿根廷市场，是零跑汽车自主技术走向全球的又一实践——不是简单地将产品带到海外，而是以技术创新提供更具针对性的出行方案。
Stellantis全体系赋能，打造专属用车服务体验
依托与Stellantis集团的长期深度战略合作，零跑汽车全面共享其深耕阿根廷市场多年的全国经销商网络、标准化服务体系及成熟的本地化运营经验，从进入市场之初即为当地消费者提供更完善的本地化销售与售后服务体验。
零跑汽车在阿根廷市场首期布局12家销售网点和20家售后网点，覆盖全国核心城市。零跑汽车线下网点依托Stellantis现有门店，结合零跑汽车专属空间，可为用户提供实车试驾、本地化定制金融购车政策等一站式购车服务。售后方面，除20家零跑汽车专属售后网点提供的e-Expert专业电动化服务外，零跑汽车车主还可享受Stellantis全国超300家品牌售后网点提供的基础维保、道路拖车救援等应急保障服务。
零部件供应方面，由Stellantis原厂配件品牌Mopar®提供全面保障，依托本地大型仓储中心实现原厂配件快速调配，有效缩短车辆维修等待周期，进一步提升售后服务效率和用户体验。
自2023年启动出海至今，零跑汽车不断加快产品、研发、制造及服务体系的全球化布局，并以更加贴近当地市场需求的方式推动智能电动产品走向世界。此次登陆阿根廷市场，是零跑汽车全球化进程中的又一重要节点。
未来，零跑汽车将持续坚守全域自研，以更加丰富的全球化产品矩阵、更具竞争力的智能电动技术和持续完善的本地化服务，为更多消费者提供更优质的电动化出行体验。
*文中配图为示意，实际配置及政策以当地销售为准
【NE快讯】舍弗勒推出新一代氮化镓车载电源平台；Stellantis同意将Free2move汽车共享业务出售给Mutares
NE|快讯◎舍弗勒推出新一代氮化镓车载电源平台◎Stellantis同意将Free2move汽车共享业务出售给Mutares◎镓仁发布光导开关用氧化镓半绝缘衬底01.舍弗勒推出新一代氮化镓车载电源平台近日，舍弗勒发布新一代全球车载电源平台，涵盖双向氮化镓矩阵变换器单级拓扑OBC平台和氮化镓DCDC平...
Stellantis集团2026年第二季度出货量预计为160万辆，同比增长10%
（阿姆斯特丹，2026年7月13日）Stellantis集团今日发布了今年第二季度其在全球范围内的出货量预测。本文中“出货量”一词是指交付给经销商、分销商或直接从集团交付给终端零售及大客户的车辆总数，此交付量通常可实现收入确认。截至2026年6月30日，Stellantis集团在今年第二季度的出货量...
Stellantis与天奇股份合资成立！欧瑞德电池项目落户江苏无锡
欧瑞德将与无锡高新区紧密合作，在锡布局汽车核心零部件保税业务基地、锂电池Pack基地以及充换电系统，着力打造全链条、高价值的汽车资源循环利用生态体系。图片来源：中国无锡据无锡日报消息，6月10日，欧瑞德汽车及核心零部件循环产业研发制造总部项目在江苏无锡签约落地。消息显示，欧瑞德由天奇股份（00200...
【NE快讯】三菱电机将开始提供第5代SiC MOSFET裸芯片样品；安波福推出纯视觉先进乘员分类系统；Stellantis宣布斥资十亿欧元加码欧宝
01.三菱电机将开始提供第5代SiCMOSFET裸芯片样品近日，三菱电机集团宣布，将于同年6月下旬起陆续开始提供两款新型第5代SiCMOSFET裸芯片样品。该芯片适用于电动汽车（EV）、插电式混合动力汽车（PHEV）及其他电动化车辆（xEV）的电机驱动逆变器与eAxles（电驱动桥）。第5代SiCM...
Stellantis投资10亿欧元升级法国产线，加码混动与纯电车型布局
上周，马克龙总统在法国电气化战略演讲中宣布，Stellantis将投资超过10亿欧元，以支持基于公司全新STLAOne平台打造的三款未来标致车型的开发和生产。这些车型将提供纯电动或混合动力版本，将于2029年起在阿尔萨斯地区的米卢斯（Mulhouse）制造工厂投产。Stellantis现已证实这一消...
Stellantis集团与东风集团宣布双方有意向在欧洲成立一家合资企业，以共享销售与分销、制造、采购及工程研发
作为双方长期合作伙伴关系的进一步深化，Stellantis集团与东风集团宣布：双方有意向成立一家由Stellantis集团主导且总部位于欧洲的合资企业，以共享销售与分销、制造、采购及工程研发该合资企业预期将负责东风集团岚图品牌车型在欧洲约定市场的销售和分销业务根据欧洲法规及“欧洲制造”的框架要求，双...
【NE快讯】禾赛成为奔驰L3激光雷达战略合作伙伴；Stellantis与东风宣布双方有意在欧洲成立合资企业；北汽集团与新紫光集团达成战略合作
01.禾赛成为奔驰L3激光雷达战略合作伙伴近日，禾赛科技宣布，据公司Q1财报，禾赛成为梅赛德斯-奔驰（Mercedes-Benz）的激光雷达战略合作伙伴，并被确认为其L3级自动驾驶车型的供应商。此次签署的新供应协议将全面支持奔驰在欧洲及中国市场的车型项目，所需产能将由禾赛新落成的泰国“伽利略”制造中...
六方注资超80亿赋能神龙公司新发展！东风汽车携手Stellantis集团开启新一轮战略合作
5月15日以“新合资新跨越”为主题东风汽车联合长江产业投资集团有限公司武汉金融控股（集团）有限公司武汉经开产业投资集团有限公司斯泰兰蒂斯集团神龙汽车有限公司签署战略合作协议根据协议，本次合作总投资额超80亿元人民币，以产业资本赋能新能源智能网联技术创新，同时依托产业链集群协同优势，整合全球化品牌与市...
【NE快讯】Stellantis联手零跑汽车；台积电与索尼成立合资公司；恩智浦与航盛深化战略合作
01.Stellantis联手零跑汽车近日，Stellantis与零跑汽车宣布扩大战略合作伙伴关系，深化布局。2023年10月，Stellantis收购零跑汽车约21%股份，成为其单一最大股东，并成立零跑国际合资公司，Stellantis持股51%，零跑汽车持股49%，独家负责零跑汽车产品在大中华区...
Stellantis 与零跑汽车扩大战略合作伙伴关系：欧洲工厂扩产，中国供应链赋能
5月8日消息，今日，Stellantis宣布与零跑汽车扩大战略合作伙伴关系，在前期合作成果的基础上进一步深化布局。公告称，2023年10月，Stellantis收购零跑汽车约21%股份，成为其单一最大股东。同期，双方成立零跑国际合资公司，Stellantis持股51%、零跑汽车持股49%，独家负责零...
2026第六届全球xEV驱动系统技术暨产业大会
全新一代智己L6、LS6、LS8、LS9，信息全掌握
小米汽车答网友问（第 280 集）
上“高”原 下“火”州 这是东风“候鸟工程师”的夏日限定战场！
启境GT7，八大冗余架构，筑牢出行安全防线
上海恩翌信息科技有限公司
沪ICP备17041240号-4",full,,dom_or_structured_full_text,https://www.ne-time.cn/web/article/39462,NE时代,电池,新能源汽车/智能汽车,2026-08-18T22:59:40+00:00,产业经济与组织 > 企业与资本 > 企业经营与公司治理,产业经济与组织,企业经营与公司治理,"[{""path"":[""产业经济与组织"",""企业与资本"",""企业经营与公司治理""],""path_text"":""产业经济与组织 > 企业与资本 > 企业经营与公司治理"",""confidence"":0.85,""reason"":""核心是零跑汽车进入阿根廷市场的市场扩张与渠道布局。""},{""path"":[""通用技术"",""通信和运输"",""陆路运输""],""path_text"":""通用技术 > 通信和运输 > 陆路运输"",""confidence"":0.7,""reason"":""事件主体为增程式智能电动汽车产品的海外销售。""}]",classified,2026-08-18T23:04:10.480009+00:00,glm-5.2,2026-08-14,
行业首发 | 2026年H1乘用车EHB、EPS、空气弹簧、电控减振器装机量出炉 - NE时代,2026-08-18,"行业首发 | 2026年H1乘用车EHB、EPS、空气弹簧、电控减振器装机量出炉
2026年1-6月，EPS配套车型销量达到853.84万套，EHB为538.32万套，电控减振器和空气弹簧分别为162.83万套、87.47万套。
空气弹簧是国产化程度最高的环节，孔辉科技、拓普集团和保隆科技合计占据89.4%的市场份额。其中孔辉科技还获得了奥迪的全球车型定点；拓普的空气悬架、线控制动和EPS项目进入规模量产；保隆则把空气弹簧、供气单元、控制器和传感器组合为系统方案，竞争已由单一零件扩展至系统集成能力。
电控减振器领域，采埃孚一家占43.8%，前三家合计68.5%，外资供应商仍掌握较强的系统开发和标定优势。EHB市场同样由博世以54.5%领跑，但弗迪动力、伯特利和拿森科技合计已达到23.2%，国产替代的重点正在转向One-box集成、功能安全及控制软件
PS：该数据是NE时代根据国内整车终端销售数据为统计口径整理，不含进出口数据，统计结果可能会与相关零部件企业的实际出货数据存在差异。
鉴于部分企业的业务模式具有独特性，当前的数据统计方式难以全面、精准地反映其业务规模，故而这部分企业的排名未予体现。如有疑问，请扫描文末二维码联系我们。
新能源整车与零部件的供配关系时常变动，如有疏漏，欢迎相关企业联系指正。
动力域之后，联合动力凭什么拿下底盘域？
智能底盘作为联合动力的第二增长曲线，一直是其当前的重要布局。其主动悬架液压泵、主动稳定杆产品均已获项目定点。其首款800V主动悬架液压泵目前已经量产交付，同时也在推进智能底盘相关产品的研发，涵盖在研的底盘域控制器、电子稳定控制系统（ESC）、EMB等。此前我们也梳理过联合动力的底盘相关产品，但更深层...
底盘技术双向奔赴，欧摩威宝马深化电子&制动合作
日前，欧摩威与宝马集团正式签署一项重要的长期供应与开发协议，以强化双方业务纽带，并拓展技术合作。合作聚焦于前沿制动技术与电子解决方案的量产项目合作，包括MKC2第二代集成式线控制动系统、制动卡钳等零部件及系统，以及面向下一代车辆平台的其他电子控制解决方案。计划订单总金额超过10亿欧元。与宝马集团达成...
【NE数据】2026上半年乘用车电芯/PACK/BMS装机量：欣旺达高端突围，宁德时代守住攻势
2026年上半年国内乘用车动力电池装机量达到246.63GWh，PACK和BMS装机量达到455.4万辆。在动力电池装机量中，宁德时代依旧占据市场首位，最值得关注的是市场份额，在整车企业大力引进多家动力电池供应商的情况下，宁德时代份额达到45.77%。相比2025年全年，市场份额增长超4个百分点。在...
【NE数据】2026年6月前视一体机及芯片装机量：ADAS芯片正在为多域融合做准备
2026年6月前视一体机装机量超过60万套，出货量前三为电装、采埃孚、法雷奥。作为满足AEB、LKA等基础安全功能的成熟产品，前视一体机仍是ADAS向主流及入门车型普及的主要载体。电装联合Turing布局物理基础模型，采埃孚强调ADAS与中央计算、智能座舱及底盘系统协同，法雷奥推进本土自研NOA，传...
【NE数据】2026年5月乘用车电芯/PACK/BMS装机量：车企二供加速
2026年5月，国内新能源终端情况维持平稳态势。动力电池装机量49.8GWh，同比增长16%，环比持续增长。PACK和BMS装机量为92.1万套，同比下降5%，较上月减缓1%，环比同样保持持续增长。从企业出货量来看，宁德时代和弗迪电池依旧牢牢占据头部位置。不过由于弗迪电池二代刀片还处于产品切换过程中...
【NE数据】2026年5月DHT、双电控装机量：星驱、伊控、联合电子快速放量
NE时代根据新能源乘用车终端数据统计，2026年5月中国新能源乘用车插混车DHT系统装机量为25万套，同比下降-21.9%。双电控装机量达到24万，同比下降-19.4%。■DHT方面，其下滑不能简单理解为混动需求转弱，而更像是技术路线和主力车型周期变化共同造成的结果。DHT属于强系统耦合部件，和发动...
【NE数据】2026年5月乘用车电驱系统、电机、电控、OBC装机量：电驱前五只有一家第三方！
NE时代根据新能源乘用车终端数据统计，2026年5月电驱系统装机量超过了82万套，同比增长了7.29%。电控装机量达到112万套，同比下降了-6.99%。定子（驱动+发电）装机量达到137万套，同比下降了-9.5%。OBC装机量达到91万套，同比下降了-3.84%。电驱系统装机量这个月依旧增长，这次...
【NE数据】2026年5月激光雷达装机量：速腾聚创又获新定点
2026年5月激光雷达装机量超44万颗。禾赛继续强化自研芯片和车规化能力；华为前视主激光雷达中896线产品占比超过57%，高线束方案成为其主要特征；速腾聚创获得一汽丰田超50万台规模的前装量产定点；图达通则受益于搭载灵雀E平台激光雷达的新乐道L60上市。PS：该数据是NE时代根据国内整车终端销售数据...
【NE数据】2026年5月前视一体机及芯片装机量：开始进入小域控和更高算力平台阶段
2026年5月前视一体机装机量超过50万套，出货量前三为电装、采埃孚、福瑞泰克。从产业趋势看，前视一体机仍是基础辅助驾驶的核心硬件之一，但其竞争重点已经不只是摄像头与控制器集成能力，而是算法、芯片平台、AI模型和量产适配能力的综合竞争。电装引入先进AI模型提升AD/ADAS安全性能，博世通过世界模型...
【NE数据】2026年5月辅助驾驶域控及芯片装机量：芯片平台决定高阶能力边界
2026年5月辅助驾驶域控制器装机量为61万套，域控芯片装机量为75万颗。域控和芯片端的竞争已经进入大模型、端到端和舱驾一体共同推进的阶段。比亚迪发布4nm制程、700Tops算力的璇玑A3，德赛西威基于高通8775打磨的单芯片舱驾方案即将量产，华为ADSMax高阶功能包价格恢复也反映出高阶智驾商业...
2026第六届全球xEV驱动系统技术暨产业大会
全新一代智己L6、LS6、LS8、LS9，信息全掌握
小米汽车答网友问（第 280 集）
上“高”原 下“火”州 这是东风“候鸟工程师”的夏日限定战场！
启境GT7，八大冗余架构，筑牢出行安全防线
上海恩翌信息科技有限公司
沪ICP备17041240号-4",full,,dom_or_structured_full_text,https://www.ne-time.cn/web/article/39461,NE时代,电池,新能源汽车/智能汽车,2026-08-18T22:59:42+00:00,通用技术 > 通信和运输 > 陆路运输,通用技术,陆路运输,"[{""path"":[""通用技术"",""通信和运输"",""陆路运输""],""path_text"":""通用技术 > 通信和运输 > 陆路运输"",""confidence"":0.88,""reason"":""核心是乘用车线控制动、转向、空气悬架等底盘零部件装机量与供应链格局。""}]",classified,2026-08-18T23:04:10.480009+00:00,glm-5.2,2026-08-14,
【NE快讯】吉利汽车宣布管理层调整；爱仕特完成B轮股权融资并实现交割；铭纳阳新能源汽车电驱动关键部件研发生产项目主体结构封顶 - NE时代,2026-08-18,"【NE快讯】吉利汽车宣布管理层调整；爱仕特完成B轮股权融资并实现交割；铭纳阳新能源汽车电驱动关键部件研发生产项目主体结构封顶
◎爱仕特完成B轮股权融资并实现交割
◎铭纳阳新能源汽车电驱动关键部件研发生产项目主体结构封顶
吉利汽车宣布管理层调整
近日，吉利汽车控股有限公司（0175.HK）宣布对管理层进行调整，根据公司治理要求和干部梯队建设规划，进一步完善职业经理人授权经营机制，推进公司可持续健康发展。
自2026年8月18日起，李书福先生辞任吉利汽车控股有限公司董事会主席及执行董事职务。为表彰李书福先生多年来对公司发展做出的卓越贡献，他获任为公司终身荣誉主席。作为公司主要及控股股东，他仍将继续全力支持公司长远发展。李书福先生继续担任浙江吉利控股集团董事长。
凭借丰富的行业经验，以及对公司战略和业务运营的深刻洞察，安聪慧先生获任吉利汽车控股有限公司董事会主席，他将带领新一届董事会，强化企业协同效应，加强与控股股东的合作，做实做强“一个吉利”。
李东辉先生辞任吉利汽车控股有限公司董事会副主席职务，继续担任公司执行董事。桂生悦先生辞任吉利汽车控股有限公司行政总裁职务，获任公司董事会副主席，继续担任公司执行董事，以提升董事会与管理层沟通协调效率。淦家阅先生获任吉利汽车控股有限公司行政总裁，负责公司日常运营，凭借其丰富的管理经验和行业专长，推动落实公司长期战略目标。
李书福先生在吉利汽车2026年中期业绩发布会上表示：“汽车产业是没有尽头的马拉松，企业传承与价值观取向决定企业的可持续发展能力，人是企业文化传承、价值观取向的核心要素。在企业治理维度方面，我们首先带头严格执行落实，积极培养职业人才，积极打造职业化团队，确保企业三层治理结构有效透明运行，为内生人才健康成长，为企业文化健康发展营造良好治理氛围。安聪慧是吉利体系内培养出来的优秀职业人才，我对安聪慧出任吉利汽车控股有限公司董事会主席后吉利汽车控股的业绩表现充满信心。我相信，新一届董事会及管理层一定会传承与发扬吉利优秀企业文化，完善吉利企业制度，确保企业在ESG方面的优异表现。”
爱仕特完成B轮股权融资并实现交割
近日，杭州爱仕特半导体有限责任公司（以下简称“爱仕特”）正式宣布完成数亿元B轮股权融资并实现交割。本轮融资由中显芯科集团领投，杭州钱塘和达产业基金跟投。此前，公司已连续获得武岳峰科创、深创投、中芯聚源、上汽集团等各大机构多轮投资。资金将全面用于核心技术迭代、杭州智能制造基地建设与市场战略纵深拓展，推动爱仕特加速构建“新能源 + AI算力”产业双赛道协同并进的发展格局。
作为本轮融资的重要落地成果，爱仕特杭州产线已纳入杭州市“千项万亿”工程储备库重点推进。该产线聚焦高端碳化硅功率模块的自动化制造，并重点布局高功率密度AI服务器电源模块产品线，精准适配新能源汽车、光伏储能、固态变压器、AI算力供电等高端应用场景。
项目建成后，将为长三角乃至全国的AI算力基础设施提供高效、可靠的核心功率器件配套，有效填补区域高端功率模块产能空白，强化区域产业链供应链韧性。
铭纳阳新能源汽车电驱动关键部件研发生产项目主体结构封顶
近日，铭纳阳新能源汽车驱动电机及其核心零部件研发、生产项目主体结构正式封顶。该项目是铭纳阳打造新能源汽车电驱动关键部件研发、生产核心基地的关键布局。全部建成后，这里将成为集总部、研发、生产于一体的核心基地，极大提升高端装备核心部件的供给能力，为常州“智电汽车”产业链的完善与升级注入新的强劲动力。
【NE快讯】地平线星空®携手博泰车联打造高端AI座舱；长安与荣耀共建联合创新实验室；芯擎科技车规级7纳米AI加速芯片“天工100”全面量产
NE|快讯◎地平线星空®携手博泰车联打造高端AI座舱◎长安与荣耀共建联合创新实验室◎芯擎科技车规级7纳米AI加速芯片“天工100”全面量产01.地平线星空®携手博泰车联打造高端AI座舱近日，地平线宣布其生态合作伙伴博泰车联获得国内头部新能源车企的定点合作，将为该车企全新车型平台提供基于地平线星空®(...
【NE快讯】博世第四代多功能摄像头斩获千万套项目定点；峰飞航空与印尼Whitesky Aviation签署战略合作协议
NE|快讯◎博世第四代多功能摄像头斩获千万套项目定点◎蔚来能源与光谷交通集团首批合作充换电站正式交付◎峰飞航空与印尼WhiteskyAviation签署战略合作协议01.博世第四代多功能摄像头斩获千万套项目定点近日，博世第四代多功能摄像头（MPC4）已获得200余个海内外项目定点，订单规模迈入千万套...
【NE快讯】采埃孚8挡混动变速器在中国正式量产；瑞智新能源完成数千万元Pre-A+轮融资；中国长安汽车与华为签署战略合作框架协议
01.采埃孚8挡混动变速器在中国正式量产近日，采埃孚8挡混动变速器在上海采埃孚变速器有限公司正式量产，这标志着采埃孚在新能源转型和混动技术本土化领域取得了关键突破。此次量产的8挡混动变速器国产化项目，从立项到产品下线仅用18个月，从正式启动到下线仅用13个月，大幅缩短全新混动变速产品落地周期。在供应...
【NE快讯】悉智科技总投资20亿元汽车功率模块杭州工厂即将封顶；北汽集团完成第4000万辆新车交付；小马智行全球自动驾驶里程突破1亿公里
NE|快讯◎悉智科技总投资20亿元汽车功率模块杭州工厂即将封顶◎北汽集团完成第4000万辆新车交付◎小马智行全球自动驾驶里程突破1亿公里01.悉智科技总投资20亿元汽车功率模块杭州工厂即将封顶近日，悉智科技杭州工厂楼栋即将封顶，年底完成装修工程。项目总投资20亿元，五年分期实施，一期规划年产能350...
【NE快讯】臻驱科技柳州工厂第100万台电控下线；汇天工厂第1000套电推进单元下线；宁德时代宣布全球首款350Wh/kg航空电池通过热失控验证
01.臻驱科技柳州工厂第100万台电控下线近日，臻驱科技柳州工厂第100万台电机控制器下线。2019年8月，柳州工厂正式启动建设。从2020年5月首批产品下线到2024年2月第10万台，柳州工厂用了近4年；从10万台到100万台，仅历时2年零6个月。百万台的下线，记录了柳州工厂从产线建设到大规模交付...
【NE快讯】悉智科技完成A轮超1亿元融资；英飞凌NOR闪存助力联发科天玑C-X1平台；零跑A10第10万台量产车下线
NE|快讯◎悉智科技完成A轮超1亿元融资◎英飞凌NOR闪存助力联发科天玑C-X1平台◎零跑A10第10万台量产车下线01.悉智科技完成A轮超1亿元融资近日，悉智科技宣布完成A轮超1亿元融资。本轮融资由北美科技巨头核心供应商战略投资平台同歌创投、芯禾资本联合投资，老股东杭州资本持续追投。叠加2026年...
【NE快讯】清纯半导体获车企SiC主驱量产项目定点；迅铂科技北汽N60项目ADC减振器实现SOP量产；采埃孚商用车推出可扩展360°安全系统
NE|快讯◎清纯半导体获车企SiC主驱量产项目定点◎迅铂科技北汽N60项目ADC减振器实现SOP量产◎采埃孚商用车推出可扩展360°安全系统01.清纯半导体获车企SiC主驱量产项目定点近日，清纯半导体再次获得国际一流车企的海外新能源汽车主驱SiCMOSFET量产项目定点，后续将完成一系列上车前的导入...
【NE快讯】大众变速器天津公司与臻驱科技就功率模块战略合作备忘录签约；派恩杰全国首发碳化硅铜互连封装工艺
NE|快讯◎大众变速器天津公司与臻驱科技就功率模块战略合作备忘录签约◎派恩杰全国首发碳化硅铜互连封装工艺◎曹操出行与大众交通签署战略合作协议01.大众变速器天津公司与臻驱科技就功率模块战略合作备忘录签约近日，大众汽车自动变速器（天津）有限公司（以下简称大众变速器天津公司）与臻驱科技（上海）股份有限公...
【NE快讯】采埃孚全球电子助力转向系统产量突破1亿；上汽通用五菱与上海汇众达成战略签约；特斯拉Model S/X设计资料全面开放
NE|快讯◎采埃孚全球电子助力转向系统产量突破1亿◎上汽通用五菱与上海汇众达成战略签约◎特斯拉ModelS/X设计资料全面开放01.采埃孚全球电子助力转向系统产量突破1亿近日，采埃孚全球电子助力转向系统（EPS）产量突破1亿。自2001年首次推出以来，采埃孚EPS从传统液压转向的替代方案，逐步发展为...
【NE快讯】豪森首次与三一索特达成合作；巨湾全固态电池通过新国标针刺；禾赛超千线激光雷达ETX再获长城汽车全新定点
01.豪森首次与三一索特达成合作近日，豪森智能成功签约三一集团旗下索特传动设备有限公司（以下简称“三一索特”）新一代变速箱智能量产线项目。这是豪森智能与三一索特的首次合作，也是豪森智能在工程装备领域拓展上的崭新突破。当下，工程机械市场竞争日趋白热化，而三一集团的全球市场份额仍在稳步攀升。此次选择豪森...
2026第六届全球xEV驱动系统技术暨产业大会
全新一代智己L6、LS6、LS8、LS9，信息全掌握
小米汽车答网友问（第 280 集）
上“高”原 下“火”州 这是东风“候鸟工程师”的夏日限定战场！
启境GT7，八大冗余架构，筑牢出行安全防线
上海恩翌信息科技有限公司
沪ICP备17041240号-4",full,,dom_or_structured_full_text,https://www.ne-time.cn/web/article/39460,NE时代,电池,新能源汽车/智能汽车,2026-08-18T22:59:44+00:00,产业经济与组织 > 企业与资本 > 企业经营与公司治理,产业经济与组织,企业经营与公司治理,"[{""path"":[""产业经济与组织"",""企业与资本"",""企业经营与公司治理""],""path_text"":""产业经济与组织 > 企业与资本 > 企业经营与公司治理"",""confidence"":0.9,""reason"":""核心事件之一是吉利汽车管理层调整与治理结构变动""},{""path"":[""产业经济与组织"",""企业与资本"",""投融资、并购与资本市场""],""path_text"":""产业经济与组织 > 企业与资本 > 投融资、并购与资本市场"",""confidence"":0.85,""reason"":""爱仕特完成B轮股权融资并交割是标题核心事件之一""},{""path"":[""AI与智能科技"",""AI硬件层"",""半导体""],""path_text"":""AI与智能科技 > AI硬件层 > 半导体"",""confidence"":0.7,""reason"":""融资主体爱仕特为半导体公司，资金用于半导体技术与制造基地建设""}]",classified,2026-08-18T23:04:17.559869+00:00,glm-5.2,2026-08-14,
腱绳还是直驱？两款灵巧手新品给出不同答案｜WRC前瞻 - NE时代,2026-08-18,"腱绳还是直驱？两款灵巧手新品给出不同答案｜WRC前瞻
◎ WRC的两只新“手”。
△ 撰文：DONG.ZY
WRC 2026开幕在即，两只新“手”，把两种产品思路摆到了台面上。
8月19日至23日，2026世界机器人大会将在北京举行。章鱼动力将在C馆C301发布OctoH-Hand高自由度仿生灵巧手；曦诺未来将在B馆B207全球首发全关节直驱灵巧手Prima 1，并让它与Flex 2混驱灵巧手首次同台。
OctoH-Hand和Prima 1都是五指高自由度灵巧手，但两款产品的驱动结构不同。
OctoH-Hand把执行器主要放在小臂，通过腱绳牵引手指。Prima 1则把驱动单元布置在关节附近，缩短电机与关节之间的传动链路。
Prima 1也不是曦诺未来对既有技术路线的替换，在此之前，曦诺未来已经推出腱绳驱动的Flex 1和混合驱动的Flex 2。Prima 1加入后，其产品同时覆盖腱绳、混驱和直驱。
章鱼动力希望用一只仿生腱绳手连接模型、数据与真实操作，曦诺未来则用三套驱动方案覆盖不同任务，两家公司将在WRC展示两种不同的产品思路。
章鱼动力：腱绳手连上模型和数据
章鱼动力成立于2026年1月，创始人都大龙曾是地平线6号创始员工。成立约7个月，公司累计获得近10亿元融资，团队从4人扩展至100余人。
都大龙把章鱼动力的业务分为三个部分：通用大脑、通用灵巧手和具身数据采集。
三条产品线将在本届WRC同时亮相，分别是SYNWorld世界基础模型、OctoH-Hand仿生灵巧手和新一代OctoSense数据采集方案。
OctoH-Hand既负责执行模型生成的动作，也负责记录关节运动、接触位置和受力变化。章鱼动力将其称为连接智能与物理世界的“通用物理API”。
这只手拥有23个主动自由度，内部集成28个独立可控执行器，支持拇指对掌、多指协同、指尖操作和不同手型的抓握。
它的手指由腱绳牵引，体积和重量较大的驱动单元主要放在小臂，这样的结构接近人类前臂肌肉通过肌腱带动手指的方式。
执行器离开手掌后，设计团队可以在接近人手的尺寸内布置更多关节和传感器，手掌的重量和运动惯量也会下降，机器人接触物体时更容易做出柔顺动作。
腱绳传动的难点在于，腱绳会产生摩擦和弹性形变，长时间使用后还可能出现蠕变，张力发生变化，同一条电机指令所对应的关节位置也会发生偏移。
OctoH-Hand使用钨合金腱绳和直线执行器，并调整腱绳的导向路径及导向件表面涂层，以减少摩擦和结构磨损。控制系统还会辨识腱绳状态，通过参数自整定修正执行指令。
章鱼动力公布的产品指标显示，OctoH-Hand重复定位精度不超过0.1毫米，绝对定位精度达到亚毫米级，平均无故障工作时间为1000小时。
这只手还在手掌和手指表面布置了超过1900个触觉传感单元，阵列间距不超过1毫米，多层触觉结构用于减少覆盖层发生相对滑动后产生的位置偏差。
手指碰到物体后，系统同时读取关节电流、关节位置和触觉信号。
电机电流反映关节驱动力的变化，触觉阵列记录外部接触的位置和局部受力，控制系统根据这些信号调整手指姿态和施力大小。
OctoH-Hand支持带电反驱和零力拖动，外力推动手指时，关节可以顺着外力改变位置，在断电状态下，机械结构也能被动反驱，减少碰撞对手部和外部物体的冲击。
触觉和反驱能力还会进入数据采集。
章鱼动力为OctoH-Hand配套设计了OctoS-DexUMI外骨骼数据采集手套，手套与机器手使用相互对应的关节构型、自由度定义和感知配置。
人在执行任务时，手套可以记录关节角度、触觉、力觉和视觉信息。采集结果进入OctoH-Hand后，机器手按照相同的关节定义复现动作。
章鱼动力把这种设计称为“数采孪生”。
传统数据采集设备与机器人灵巧手采用不同结构，人的示教动作需要经过运动重定向、参数映射和调试，才能转成机器手可以执行的指令。
OctoS-DexUMI和OctoH-Hand使用同一套关节定义，减少采集端与执行端之间的转换。数据不再只记录人做了什么，还可以直接用于机器手复现任务。
章鱼动力此次发布的SYNWorld，则负责理解环境、预测物理状态并生成动作策略。因此，数据采集、模型训练和真实执行被放进同一套产品体系。
在章鱼动力的布局中，OctoH-Hand并不是一只单独出售的机器人末端。模型需要这只手进入物理世界，手在工作中产生的数据又会回到模型训练环节。
曦诺未来：补齐直驱产品线
曦诺未来此次发布Prima 1，并不代表公司转向单一直驱路线。
Flex 1采用腱绳传动，Flex 2采用混合驱动，Prima 1则采用全关节直驱。三款产品分别处理不同的力量、柔顺性、精度和集成需求。
Flex 2拥有23个自由度，采用“腱绳+电机直驱”混合结构，主要面向工业和消费场景中的复杂操作。曦诺未来此前展示过Flex 2旋拧动作、完成手势动作演示、盛爆米花、画简笔画以及接受手套遥操等。
Prima 1拥有22个主动自由度，主要面向高精度力控操作和具身智能研究，它把电机布置在关节附近，减少腱绳、连杆等中间传动环节。
缩短传动链路可以减少间隙和中间结构带来的误差，关节也能更快响应控制指令。不过，电机、传感器和控制单元需要装进有限的手部空间，散热、重量和布线都要在关节内部处理。
Prima 1重量为850g，长度190mm、宽度90.5mm、厚度44mm。五根手指可以独立运动，并保留手指侧摆、向手背方向伸展和拇指对掌等动作。
具体来看，远端指间关节的屈伸范围为-20度至90度，近端指间关节为-20度至105度；掌指关节的屈伸范围为-30度至90度，侧摆范围为-10度至30度。
这组关节范围决定了手指可以形成哪些姿态。远端和近端关节负责弯曲手指，掌指关节同时提供屈伸和侧摆，使多根手指能够改变间距、形成对捏或围住尺寸较大的物体。
Prima 1的指尖力为15N，重复定位精度不超过±0.5mm。根据曦诺未来最新预告视频，其力控精度为0.5N，控制频率为1000Hz。
控制系统以较高频率读取关节状态并更新指令，手指接触物体后可以更快调整施力。产品的最小反驱力矩为0.04Nm，外力推动关节时，手指能够顺着作用力移动。
五根手指还配置了视触觉传感，触觉量程为0.1至20N。它既要识别轻微接触，也要覆盖按压和抓握时产生的较大作用力。
曦诺未来Prima 1具有“全直驱零背隙”的传动特点，瞬息开合0.08s/次。Prima 1的手指屈伸频率为5Hz，可抓握物体的直径范围为10至220mm。小物体可以由指尖捏取，较大的物体则可以通过五指包络抓握。
根据曦诺未来发布的Prima 1视频，其依次呈现五指展开、收拢、侧摆、拇指对掌和双手配合。
其中一组画面让两只手按压音乐控制器，不同手指连续敲击按键，画面同时显示重复定位精度、关节受力、力控精度和控制频率。
视频随后展示了关节内部的齿轮结构、指尖触觉区域和各关节活动范围。产品的直驱结构、手指独立运动和低反驱力矩，成为整段视频的重点。
WRC现场，Flex 2和Prima 1将进行手势舞和手套遥操演示。参观者可以通过遥操手套控制两款产品，观察它们的手指动作和响应方式。
整体来看，Flex 2继续面向工业和日常任务，Prima 1则补充高精度力控和科研产品线。
曦诺未来没有用Prima 1取代Flex 2，而是把直驱产品加入已有矩阵。不同客户可以根据机器人本体空间、任务对象和控制要求选择对应的灵巧手。
不同路线，对应不同的产品取舍
电机和传动件放在哪里，会改变一只灵巧手的重量、精度、柔顺性和控制难度。
腱绳方案把执行器移出手掌，在接近人手尺寸的结构内布置更多主动关节。腱绳本身具有一定弹性，接触物体时可以缓冲冲击。
相应的工程工作集中在张力管理、摩擦建模、蠕变补偿和长期可靠性。腱绳越多，传动链路越复杂，装配和维护也越考验产品设计。
直驱方案把电机放在关节附近，缩短动力传递路径。关节响应更直接，传动间隙和中间结构引起的误差也更少，适合高频力控和精细运动。
有限的手掌空间需要容纳电机、传感器、控制器和线缆。每增加一个主动关节，重量、散热和结构强度都要重新平衡。
混驱方案则根据不同关节的负载和运动需求配置驱动方式。需要较大力量或独立控制的关节使用一套结构，其他关节通过腱绳或耦合传动减轻重量。
OctoH-Hand选择腱绳结构后，章鱼动力用触觉阵列、蠕变补偿和同构数据采集处理控制与数据问题，它追求的通用性建立在仿生结构与数据链路之上。
曦诺未来采用另一种产品方式。Flex 1保留腱绳结构，Flex 2用混驱面向工业和生活操作，Prima 1再以全关节直驱覆盖高精度力控和研究需求。
自由度依然重要，但总数已经无法完整描述一只手。
相同的22个或23个自由度，可以由不同的电机位置、传动结构和控制方式实现，它们最终会呈现不同的重量、响应、柔顺性、维护方式和数据接口。
客户选择灵巧手时，也会把更多因素放在一起考量。
机器人本体能留出多大安装空间，现有模型如何适配，示教数据能否复用，触觉反馈能否进入控制，产品又能否承受连续工作，这些因素共同影响选型。
在本次WRC 2026上，章鱼动力将在C301展示的是一套“模型、数据和手”的组合；曦诺未来将在B207展示的则是腱绳、混驱和直驱组成的产品矩阵。
「NE时代智能体」也将在现场带来最新产品、技术报道，欢迎关注。
驱动路线决定灵巧手的基础能力，后续的数据采集、模型适配、触觉反馈和可靠性，决定这只手能否长期装在机器人上工作。
灵巧手如何“拿捏分寸”？英飞凌与赛感拆出一条触觉闭环｜WRC前瞻
近期，在赛感科技实验室进行的一次联合演示中，英飞凌与赛感科技拆解了两家公司共同开发的灵巧手触觉感知方案。这套方案由两个核心部分组成，赛感科技提供离电型柔性压力传感器，英飞凌PSOC™4负责多通道电容信号采集与处理。传感器读取手指和掌心的压力变化，PSOC™4把电容变化送入控制系统，灵巧手再据此调整抓...
广汽旗下人形机器人公司慧仑科技完成亿元融资
近日，广汽集团孵化的人形机器人公司广东慧仑科技有限公司（下称“慧仑科技”）宣布完成超亿元融资，由中车国创基金、招银国际、四川科创等机构联合投资。慧仑科技本轮融资所得资金将投入垂类模型持续优化、汽车产线与综合服务场景拓展、核心硬件产品迭代以及高端人才梯队建设，全力推动人形机器人整机与核心零部件规模化商...
超亿元融资，慧仑科技接棒广汽人形机器人商业化
◎广汽把人形机器人拆成了一门新“生意”。△撰文：DONG.ZY车企造人形机器人，发布一台样机只是开始。真正要把它做成一项业务，还需要独立公司、外部资金、产品体系、应用场景和生产能力。广汽正在补齐这些环节。近日，广汽孵化的人形机器人公司广东慧仑科技有限公司完成超亿元融资，由中车国创基金、招银国际、四川...
3.5亿欧元订单背后，舍弗勒的人形机器人零部件「生意」
◎舍弗勒押注机器人“身体”。△撰文：DONG.ZY舍弗勒的人形机器人业务，正从送样转入量产。2026年8月5日，舍弗勒公布第二季度及上半年业绩。截至6月底，公司人形机器人订单储备达到3.5亿欧元，来自3家全球主要整机厂商。舍弗勒CEOKlausRosenfeld在财报电话会上表示，这些项目将在202...
比金属轻一半、耐磨3倍！天赐材料改性PEEK解决人形机器人六大难题
士兰微研发团队推出DCDC芯片SK3910 为人形机器人关节电源注入“高能芯动力”
人形机器人（本图片由AI生成）2026年，人形机器人正从实验室样机加速迈向规模化商用。据工信部预测，2026年我国人形机器人产量有望突破10万台。然而，在“量产元年”的狂欢之下，每一位人形机器人硬件工程师都深陷一场无声的战役——电源管理的“不可能三角”：高功率密度、长续航、紧凑空间，三者似乎永远无法...
五根手指，不再是机器人灵巧手的“标准答案”？
◎三指干重活，五指学人类？△撰文：DONG.ZYWAIC2026的大寰机器人展台上，三指灵巧手和五指灵巧手被安排了不同的工作。在视觉系统引导下，大寰机器人UDH-3-7重载三指灵巧手可根据物体形态自适应调整抓取姿态，稳定抓取圆柱体、毛巾、快递盒等不同形状和材质的物品。此外，大会期间，该灵巧手搭载于7...
软硬一体全面领先布局产业链，禾赛入选摩根士丹利全球人形机器人百强
近日，摩根士丹利发布《HumanoidHorizons》报告，禾赛继去年入选“人形机器人科技25强”后，今年再度跻身“Humanoid100”全球人形机器人百强榜单。在大摩划分的“大脑、身体、集成商”三大板块中，禾赛横揽机器人“身体”模块下的激光雷达、视觉传感器及执行器三大核心类目，其覆盖“感知-理...
软硬一体全面领先布局产业链，禾赛入选摩根士丹利全球人形机器人百强
近日，摩根士丹利发布《HumanoidHorizons》报告，禾赛继去年入选“人形机器人科技25强”后，今年再度跻身“Humanoid100”全球人形机器人百强榜单。在大摩划分的“大脑、身体、集成商”三大板块中，禾赛横揽机器人“身体”模块下的激光雷达、视觉传感器及执行器三大核心类目，其覆盖“感知-理...
Mimic发布腱驱灵巧手M1，顺手把数据采集和模型也做了
MimicRobotics一次发布了两款硬件。7月16日，瑞士机器人公司MimicRobotics发布仿人灵巧手mimichandM1和配套数据采集设备mimicwearableU1，同时公布了覆盖数据采集、模型训练、实时控制和设备运维的技术系统。M1拥有21个自由度，采用腱驱结构；U1则是一套按照...
2026第六届全球xEV驱动系统技术暨产业大会
全新一代智己L6、LS6、LS8、LS9，信息全掌握
小米汽车答网友问（第 280 集）
上“高”原 下“火”州 这是东风“候鸟工程师”的夏日限定战场！
启境GT7，八大冗余架构，筑牢出行安全防线
上海恩翌信息科技有限公司
沪ICP备17041240号-4",full,,dom_or_structured_full_text,https://www.ne-time.cn/web/article/39459,NE时代,电池,新能源汽车/智能汽车,2026-08-18T22:59:47+00:00,AI与智能科技 > 具身智能 > 硬件和控制,AI与智能科技,硬件和控制,"[{""path"":[""AI与智能科技"",""具身智能"",""硬件和控制""],""path_text"":""AI与智能科技 > 具身智能 > 硬件和控制"",""confidence"":0.95,""reason"":""核心是两款机器人灵巧手的驱动结构与执行器设计对比""}]",classified,2026-08-18T23:04:17.559869+00:00,glm-5.2,2026-08-14,
芯片巨头瑞萨，深入机器人掌心与关节 - NE时代,2026-08-18,"芯片巨头瑞萨，深入机器人掌心与关节
◎ 瑞萨，深入机器人掌心与关节。
△ 撰文：DONG.ZY
瑞萨电子把汽车传感器、工业控制芯片和边缘AI处理能力接入同一套机器人灵巧手演示方案。
2026年8月12日至14日，中国具身智能机器人产业大会在上海举行，而瑞萨在展台上展示了一只融合视觉、力觉与触控感知的灵巧手。
摄像头识别出纸杯、鸡蛋或可乐罐后，系统会调用不同抓法。手指闭合时，力传感器继续读取受力；有人触碰掌心，电容式触控系统则会识别接触位置并触发预设动作。
瑞萨不制造灵巧手的机械结构和执行器，它提供的是边缘AI处理器、传感器信号调理器、触控传感器和开发平台，分别处理视觉识别、抓握受力与人机触碰。
除了灵巧手，瑞萨还展示了视觉引导自主抓取、RZ/T2H九轴电机控制、RA8T2关节伺服、永磁同步电机控制和双路位置检测等方案。
瑞萨关注的是，机器人动作落到硬件以后发生的事情。
摄像头找到目标，处理器要把图像和深度转换成运动坐标；机械臂开始动作，控制器要协调多个电机轴；关节转到指定位置，编码器还要把实际角度送回控制系统；手指碰到物体，系统则要读取力和触碰信号。
汽车电子业务给瑞萨带来了位置、力和触控检测技术，工业业务则提供电机控制、实时通信和嵌入式处理平台。机器人把这些原本分布在汽车和工业设备中的技术，集中到了手、关节和控制器里。
灵巧手要处理三种信息
瑞萨展示的视觉引导自主抓取方案以RZ/V2H为计算核心。
一台RealSense深度相机安装在机械臂末端，RZ/V2H在本地运行YOLOX模型，物体进入画面后，模型判断类别，深度相机测出目标在三维空间中的位置。
相机和机械臂各有一套坐标系，完成手眼标定后，系统把目标位置换算到机械臂坐标系，RZ/V2H再求解机械臂运动，算出各关节应当转到的角度并向执行器发送指令。
物体识别只是抓取的前半段，机械臂最终执行的是坐标和关节角度，RZ/V2H承担了从识别目标到生成运动指令之间的计算。
根据现场展台信息，RZ/V2H稀疏算力为80 TOPS，能效为10 TOPS/W，而据现场技术人员介绍，其稠密算力为8 TOPS。
开发板采用无风扇设计，后续还可以根据机器人内部空间缩小控制板尺寸。较低的功耗和本地计算能力，使这类处理器有机会部署在机械臂、灵巧手或机器人躯干内。
在灵巧手方案中，视觉模型识别物体后，控制程序调用相应的抓握姿态和力阈值。比如纸杯容易变形，鸡蛋容易破裂，金属罐能够承受更大的握力，因此不同物体需要不同的手指姿态和受力控制。
五个执行器附近分别安装了力传感器，RAA2S4251负责调理传感器产生的信号，手指闭合后，控制器可以读取各执行器的受力变化，视觉负责判断抓什么，力传感系统则处理接触后的握力。
另一类感知来自RAA2S4704电容式触控传感器，瑞萨把触控区域布置在灵巧手掌心，用来检测人与机器人的接触。触碰发生后，界面会显示接触状态，系统也可以调用相应动作。
RAA2S4704此前用于汽车方向盘的触控检测，可判断驾驶员是否握住方向盘。进入机器人后，传感区域从方向盘移到掌心和指腹，应用也从驾驶状态检测转向人机接触。
这套灵巧手方案将三类信息放到了一起：RZ/V2H处理视觉，RAA2S4251所在的力传感系统读取抓握受力，RAA2S4704记录人机触碰。
瑞萨提供的不是一只完整的手，而是可以接入不同灵巧手本体的感知与处理方案。
多轴主控管机械臂，关节MCU管电机
机械臂拿到目标坐标后，控制系统还要把动作分配给肩、肘和腕等多个关节。整机主控负责协调多轴运动，关节内的控制器则持续读取电流、速度和位置，及时修正电机输出。
RZ/T2H面向多轴设备的集中控制，它集成4颗1.2GHz Cortex-A55和2颗1GHz Cortex-R52：A55可以运行Linux应用和工业网络程序，R52用于实时电机控制。
这款处理器支持最多九轴电机控制，并将PWM、增量编码器、绝对值编码器和工业网络接口集成在一颗芯片中。通信方面覆盖EtherCAT、PROFINET、EtherNet/IP、CC-Link IE Basic和TSN等常用工业协议。
RZ/T2H把Linux应用、工业通信和多轴控制集中到同一处理平台。对于机械臂、协作机器人和运动控制器，这种设计可以减少主控板上的处理器数量和芯片间通信，也便于在一套硬件上同时处理上层程序与实时任务。
再往关节内部走，瑞萨使用RA8T2微控制器，它采用1GHz Cortex-M85与250MHz Cortex-M33双核架构，配有16位高速模数转换器和32位高分辨率PWM定时器。M85可以运行计算量较大的电机算法，M33处理电流环和速度环等实时任务。
瑞萨围绕RA8T2展示了永磁同步电机控制和人形机器人关节模组两套方案。
永磁同步电机方案由RA8T2控制板、逆变驱动板、24V电机和增量编码器组成，控制板作为EtherCAT从站运行。瑞萨提供硬件设计资料、用户指南和例程代码，方便客户评估工业直流伺服电机控制系统。
人形机器人关节模组参考设计也采用RA8T2，将伺服电机控制、双编码器接口和EtherCAT通信装进一块紧凑控制板。RZ/T2H负责多轴设备的集中控制，RA8T2贴近电机和编码器，完成单个关节或伺服轴的控制。主控通过EtherCAT下发指令，关节内的RA8T2再驱动电机执行。
人形机器人拥有大量关节，灵巧手内部还有更多微型驱动节点。瑞萨分别用处理器和微控制器覆盖多轴主控与关节执行，将汽车与工业领域积累的控制与传感技术拓展至机器人不同位置。
汽车传感器转向机器人关节
方向盘触控传感器进入灵巧手后，瑞萨又把电涡流位置检测技术带到了机器人关节。
机器人关节中的电机通常高速旋转，减速机负责降低转速并放大扭矩。电机端编码器记录电机轴位置，但减速机内部的间隙、弹性形变和传动误差还会影响最终输出，因此关节需要同时掌握电机端和减速机端的位置。
RAA2P3226是一款面向关节和机器人应用的双路电涡流位置传感器，一颗芯片可以同时检测电机端与减速机端。双路测量让控制器能够比较输入端和输出端的运动状态，为关节控制提供位置反馈。
这款产品无需磁铁，可以减少杂散磁场带来的干扰，其有效分辨率为19位，绝对精度为15位，内部集成16点校准和动态补偿，工作温度范围为-40℃至160℃。此外，芯片也针对气隙变化、偏心和倾斜等安装问题进行了设计。
机器人关节内聚集着电机、驱动电路、减速机和线缆，留给位置传感器的空间有限，电磁环境也更复杂。RAA2P3226把两路检测集中到一颗芯片中，以适应关节内部的高集成需求。
瑞萨在汽车电动助力转向、线控制动和车辆把手检测中已经使用位置、力和触控传感技术。进入机器人市场后，检测原理得以延续，产品则要适应掌心、指腹和关节等新的安装位置。
参考设计缩短机器人开发过程
瑞萨此次带到展台的不只有芯片，围绕关节和电机控制，公司还提供开发板、参考电路、电机算法、示例代码和工业通信适配。
机器人厂商选定微控制器后，还要设计电源、采样、逆变驱动和通信电路，并调试电机参数、编码器与控制周期。
瑞萨的参考设计先完成通用电路和基础软件，客户可以从一套已经能够驱动电机、读取位置并接入EtherCAT的方案继续开发。
瑞萨还与普华基础软件联合展示了一套机器人控制系统，普华把实时操作系统和EtherCAT主站部署到RZ/V2H平台，RA8T2作为从站接入关节电机，双方已经完成RZ/V2H平台适配和RA8T2关节从站联调。
按照普华现场公布的数据，这套EtherCAT主站支持多路级联，同步周期为125微秒，最大抖动小于4微秒。上层程序可以继续使用Linux生态中的常用工具，实时操作系统负责电机通信和任务调度。
Renesas 365则覆盖软件设计、开发、部署、设备管理、运行监控和空中升级。进一步把芯片、开发板、参考设计、通信适配和软件工具连接到统一的开发与运维流程中。
瑞萨的机器人业务，延续了汽车和工业两条产品线。
方向盘上的触控检测进入灵巧手，汽车转向与制动中的位置检测经验延伸到关节，工业控制中的多轴处理器和EtherCAT进入机械臂控制系统。
随着机器人增加关节、手指和接触区域，芯片也在向机械结构内部延伸。摄像头后面需要视觉处理，主控板要协调多轴运动，关节要完成电机控制和位置反馈，灵巧手还要读取抓握力与人机触碰。
瑞萨并非从零构建机器人业务，而是围绕机器人的动作链路，重新组合汽车电子与工业控制领域积累的关键技术。汽车电子中的位置、力与触控检测，与工业业务中的电机控制、实时通信汇集到同一套方案，让瑞萨从方向盘和工业控制柜走进机器人的掌心与关节。
嘉腾机器人完成数千万战略融资，卡位具身智能“物理基座”
近日，嘉腾机器人宣布完成数千万战略融资，由上市公司和而泰（002402.SZ）领投、道禾基金（LP是东方精工、乐聚机器人和道禾自有资金）、金木资本跟投，云岫资本担任后续融资独家财务顾问。作为工业具身智能移动底盘核心供应商，嘉腾机器人依托二十余年高端制造场景的深厚积淀，已累计服务近百家世界500强企业...
突破封装瓶颈，比亚迪半导体SOP-9解锁新一代功率器件解决方案
在新能源汽车、工业控制、数据中心等领域，功率器件正朝着高密度、高效率、高可靠、小型化的方向快速迭代。传统封装在散热效率、空间占用和集成度上的瓶颈，已成为制约系统性能提升的关键因素。针对以上瓶颈，比亚迪自主研发出了多款产品，如SOP-9封装的碳化硅半桥模块。该产品采用顶部散热设计，可集成内绝缘技术与高...
4 亿资金加持，北一半导体攻坚 AI 服务器先进封装
4亿元新老股东联合加持Backedbybothnewandreturningshareholders蓄势增资芯创未来近日，北一半导体完成超4亿元C轮融资。本轮融资由多家新增知名机构入局，同时也有多家老股东同步追加投资，资本端对公司功率半导体+先进封装的发展路径给予高度认可。新老股东共同加码，是资本市...
上半年机器人出货1.9万台，智元反超宇树
今年年初，在Omdia统计的2025年类人机器人出货量中，智元以5100台的出货量位居全球第一。宇树出货量为4200台，位居第二。之后的优必选是1000台，乐聚、众擎、傅立叶都是百台量级。不过随后宇树发布公告，纯人形机器人（不包括轮式）实际出货量是5500台，超过智元。不过需要注意的是，Omdia是...
镓仁半导体完成数亿元A轮融资，领跑氧化镓产业化
近日，杭州镓仁半导体有限公司（以下简称“镓仁半导体”）宣布完成数亿元A轮融资。本轮由方广资本、深创投集团联合领投，远致星火、中国中车、株洲高科产投、华睿投资、余杭金控、传化资本、嘉道资本跟投，原有股东九智资本、毅岭资本同步超额追加。融资汇聚头部市场化创投、下游产业龙头及地方国资等多方优质机构，新老股...
强强联合，共筑康养智能新未来—无问智科与如身机器人达成深度战略合作
2026年8月12日，上海如身机器人科技有限公司（以下简称“如身机器人”）与浙江无问智行科技有限公司（以下简称“无问智科”）在北京正式签署战略合作协议。双方将围绕康养照护场景，在具身智能模型训练、高质量数据集建设、数据闭环、仿真测试及商业化应用落地等多个核心领域展开深度合作，共同推动具身智能技术在康...
值得信赖的机器人，始于值得信赖的基础软件
◎值得信赖的机器人，始于值得信赖的基础软件。△作者：董渊文QNX大中华区首席代表过去几年，机器人正加速从实验室走向真实应用场景。今年的WAIC2026也印证了这一趋势：机器人与具身智能成为大会最受关注的方向之一，共有200余家相关企业参展，展示机器人在制造、服务等领域加速落地的趋势。与此同时，数十台...
广汽旗下人形机器人公司慧仑科技完成亿元融资
近日，广汽集团孵化的人形机器人公司广东慧仑科技有限公司（下称“慧仑科技”）宣布完成超亿元融资，由中车国创基金、招银国际、四川科创等机构联合投资。慧仑科技本轮融资所得资金将投入垂类模型持续优化、汽车产线与综合服务场景拓展、核心硬件产品迭代以及高端人才梯队建设，全力推动人形机器人整机与核心零部件规模化商...
超亿元融资，慧仑科技接棒广汽人形机器人商业化
◎广汽把人形机器人拆成了一门新“生意”。△撰文：DONG.ZY车企造人形机器人，发布一台样机只是开始。真正要把它做成一项业务，还需要独立公司、外部资金、产品体系、应用场景和生产能力。广汽正在补齐这些环节。近日，广汽孵化的人形机器人公司广东慧仑科技有限公司完成超亿元融资，由中车国创基金、招银国际、四川...
戴盟不只卖传感器，也开始训练机器人的“手感”
◎戴盟把触觉做进世界模型。△撰文：DONG.ZY戴盟的最新一轮融资，紧跟在一款触觉世界模型之后。8月11日，戴盟机器人宣布完成数亿元战略轮融资，由蚂蚁集团领投，老股东超额跟投。前一天，戴盟刚刚发布触觉锚定世界模型Daimon-TWM，并将其称为全球首个以触觉贯穿认知、预测和控制的世界模型。这已经是戴...
2026第六届全球xEV驱动系统技术暨产业大会
全新一代智己L6、LS6、LS8、LS9，信息全掌握
小米汽车答网友问（第 280 集）
上“高”原 下“火”州 这是东风“候鸟工程师”的夏日限定战场！
启境GT7，八大冗余架构，筑牢出行安全防线
上海恩翌信息科技有限公司
沪ICP备17041240号-4",full,,dom_or_structured_full_text,https://www.ne-time.cn/web/article/39458,NE时代,电池,新能源汽车/智能汽车,2026-08-18T22:59:49+00:00,AI与智能科技 > AI硬件层 > 芯片,AI与智能科技,芯片,"[{""path"":[""AI与智能科技"",""AI硬件层"",""芯片""],""path_text"":""AI与智能科技 > AI硬件层 > 芯片"",""confidence"":0.9,""reason"":""核心是瑞萨的边缘AI处理器、电机控制与伺服芯片方案""},{""path"":[""AI与智能科技"",""具身智能"",""硬件和控制""],""path_text"":""AI与智能科技 > 具身智能 > 硬件和控制"",""confidence"":0.85,""reason"":""芯片应用于机器人灵巧手、关节伺服与运动控制""}]",classified,2026-08-18T23:04:17.559869+00:00,glm-5.2,2026-08-14,
Data Center Hardware Highlights: August 2026,2026-08-18,"Data Center Knowledge
’s latest hardware coverage points to a system-level rethink of AI infrastructure. Beyond GPUs, the biggest stories centered on energy, mineral supply, grid interconnects, rack-scale integration, and an oncoming network supercycle, signaling an infrastructure-first phase of AI buildouts.
Here are the most-read data center hardware stories from July through mid-August:
‘GPUs Suck’: Former Intel CEO Slams Data Center Hardware Limitations
At the Ai4 conference, former Intel CEO Pat Gelsinger argues that the current AI hardware stack, especially GPUs paired with HBM, is power-hungry and computationally inefficient. Commentary from OpenAI leadership also highlighted constraints across manufacturing, energy, and deployment that demand a system-wide redesign.
The Critical Minerals Crisis: AI Data Centers Face Supply Chain Strain
Critical minerals, especially copper for power distribution, are emerging as a chokepoint as AI demand surges, ore grades decline, refining capacity lags, and geopolitical risks grow. While hyperscalers’ willingness to pay can secure short-term needs, it tightens the market overall. Long-term offtakes, recycling, and diversified or domestic refining are becoming essential to future-proof builds.
Related:
For High-Density AI, Available Data Center Space May Not Be Usable
Nvidia’s $500B Infrastructure Bet Raises Power Stakes
Nvidia’s financing initiative lowers the cost of deploying GPU hardware and can push more GPU spend off operators’ balance sheets. However, it does not resolve core bottlenecks: grid interconnects, transformers, turbines, and permitting. Scarcity is shifting toward energized capacity, increasing the value of power-ready sites and existing electrical infrastructure.
Pat Gelsinger criticized current GPU efficiency during his keynote at the Ai4 2026 conference in Las Vegas. (Photo: Shane Snider)
TSMC Expands Arizona Campus to $265B as AI Demand Surges
TSMC is scaling up advanced chip supply in Arizona, adding multiple fabs and packaging capacity, and ramping up 2 nm (alongside 3 nm and 5 nm). The expansion targets GPUs, CPUs, networking silicon, and custom AI accelerators.
AMD Fires Back at Nvidia with Helios AI System, Epyc CPUs
AMD introduced Helios, an integrated rack-scale AI system combining sixth-generation Epyc 9006 CPUs with new Instinct MI455X GPUs, Pensando networking, and ROCm into a single-vendor platform designed to rival Nvidia’s Vera Rubin/NVL72. AMD claims Helios delivers higher AI compute density, more memory and scale-out bandwidth, and improved tokens-per-dollar.
AMD’s Helios is a fully integrated rack-scale AI system featuring Epyc processors. (Image: AMD)
Enter the Network Supercycle: Preparing Data Center Networks for AI’s Next Wave
AI clusters increasingly require multi-layer fabrics (scale-up, scale-out, and scale-across), providing 10-100 times more bandwidth, ultra-low latency, and robust congestion control to keep thousands of GPUs fully utilized. As agentic AI and always-on inference expand east-west traffic, the network becomes part of the computer. Expect major upgrades in switches, optics, topology, telemetry, and resilience.
Related:
Home-Based GPU Networks: Viable Supplements to AI Data Centers?
IBM Warns AI Infrastructure Shift Impacts Software Deals, Shares Plunge
IBM’s stock declined after it warned that Q2 revenue and EPS would miss expectations, citing customers shifting spending to hardware (servers, storage, memory) to lock in constrained supply and pricing, delaying software and consulting deals. Analysts characterized the shortfall as a market-sequencing issue and flagged execution risks in converting IBM’s AI story into software-and-services wins.
IBM Brings Z to 19-Inch Racks as AI Reshapes Data Centers
IBM is introducing rack-mount and compact single-frame versions of its z17 and LinuxONE systems, enabling enterprises to slot mainframe components into standard 19-inch racks or deploy turnkey appliances. The form-factor shift tightens the footprint and eases cooling integration alongside existing infrastructure.
Quantum Meets the Data Center: Hybrid Systems Take Off
Quantum hardware is pivoting from qubit-count races to tightly integrated, hybrid deployments in which QPUs are co-located and low-latency-linked with GPU/CPU systems for workload-level speedups. In practice, data centers must support cryogenics, power and heat density, and vibration isolation, while maintaining modular layouts to accommodate rapidly evolving modalities.
Related:
Build an Autobahn for Zero-Day Defense with Strategic Gateways
A Guide to Network Redundancy in Data Centers
Resilient networking remains foundational. True redundancy requires diverse ISPs and entry paths, duplicate switches and routers, and automated failover. Bonded networking can enable near-instant continuity when components fail.
The Big Picture
The hardware stories above depict an AI ecosystem shifting from a GPU-centric lens to an infrastructure reality defined by energy, minerals, and interconnects. Financing can accelerate purchases, but energized capacity and copper availability increasingly set the pace of deployment. Meanwhile, rack-scale systems, advanced packaging, and the network supercycle are becoming decisive levers for utilization. The competitive race now spans accelerators, power, supply chains, and end-to-end system efficiency.",full,,dom_or_structured_full_text,https://www.datacenterknowledge.com/data-center-hardware/data-center-hardware-highlights-august-2026,Data Center Knowledge,综合科技,数据中心/AI基础设施,2026-08-18T23:00:11+00:00,AI与智能科技 > AI硬件层 > 数据中心,AI与智能科技,数据中心,"[{""path"":[""AI与智能科技"",""AI硬件层"",""数据中心""],""path_text"":""AI与智能科技 > AI硬件层 > 数据中心"",""confidence"":0.9,""reason"":""综述AI数据中心硬件基础设施的能源、供电与机架级集成趋势""},{""path"":[""AI与智能科技"",""AI硬件层"",""计算集群""],""path_text"":""AI与智能科技 > AI硬件层 > 计算集群"",""confidence"":0.7,""reason"":""涉及GPU、先进封装与网络互连等算力硬件瓶颈讨论""}]",classified,2026-08-18T23:04:17.559869+00:00,glm-5.2,2026-08-14,
"For High-Density AI, Available Data Center Space Scarce",2026-08-18,"A 5 MW data center buyer recently approached more than 10 North American operators seeking capacity for 140-160 kilowatts per compute rack. Nearly every operator had space. Almost none could support the required density with
direct liquid cooling
, according to James Mercer, principal of Metro Colo Advisory, who conducted the search for a client.
Mercer agreed to be quoted on the record but declined to identify the operators, citing ongoing channel relationships with them.
The search highlights a distinction between available data center capacity and capacity capable of supporting the highest-density AI systems.
JLL’s local brokerage teams track available capacity by rack density, according to Andrew Batson, who leads the firm’s data center research. Only a “very small percent” of the 1% vacancy can support high-density deployments such as the requirement Mercer was shopping for, Batson told
Data Center Knowledge
. He said JLL views liquid-cooling infrastructure as a requirement for AI deployments at these densities.
Related:
Cooling Struggles to Keep Pace With AI Power Density
1% Vacancy, Little AI-Ready Capacity
Midyear 2026 North America Data Center Report
puts North American vacancy at 1% for the third consecutive year. Available capacity is limited to small, fragmented blocks, while most tenants securing space are contracting for 2028 deliveries. More than 66 GW of capacity is under construction across North America, JLL said, with 77% of that capacity in frontier markets.
For an AI buyer seeking 140-160 kW per rack, however, the market is much narrower than the headline vacancy rate suggests.
“Most vacancies are in legacy products,” Batson said. Over a multiyear horizon, JLL expects more AI-enabled capacity to come online. The gap between nominal vacancy and AI-ready capacity is unchanged, he noted.
Few Facilities Can Support 100 kW+ Racks
Uptime Institute’s
2025 Global Data Center Survey
found that 82% of respondents had a highest-density rack below 30 kW, while only 9% reported a highest-density rack of 50 kW or more. Uptime identified some cabinets exceeding 100 kW but said those remained rare.
“Probably a low single digit (under 4%) of data centers in the US can currently support these racks,” said Daniel Bizo, research director at Uptime Intelligence, Uptime Institute’s market research unit. Bizo told
Data Center Knowledge
that the figure is an inference from Uptime’s survey data and should be treated as indicative due to sample size limitations. Uptime’s
show fewer than 1% of operators running 100 kW+ racks as a standard configuration, Bizo said. Fewer than one in 10 US operators may be able to support a limited number of 100 kW racks, such as a single row.
Related:
AFCOM: Rack Density and Build-Outs Surge as AI Overhauls Data Center Design
“With AI computing for training still proliferating, 100 kW+ racks are becoming more common,” Bizo said.
That puts Mercer’s 140-160 kW requirement at the extreme end of the market.
The 30-kW threshold reflects both the statistical distribution of rack densities and changes in hardware and rack configurations needed to support denser deployments, Bizo said. Most data centers designed over roughly the past decade were built around an average rack power of about 20 kW, even if that capacity was not fully fitted on day one. Those facilities can often accommodate 30-40-kW racks in limited numbers with relatively straightforward upgrades, he said.
The picture changes above 50 kW.
“Above 50 kW, it becomes increasingly impractical to cool with air due to space limitations in the IT chassis/rack, mandating direct liquid cooling,” Bizo said.
At scale, higher-density racks also create power-distribution challenges involving larger and heavier busways and PDUs, power cables, breakers, and potentially additional circuits, he said. Electrical room size and layout can become constraints. Some components have 6- to 12-month lead times due to high demand, while additional power-distribution equipment adds weight to already heavy racks. That can create structural issues in multistory buildings.
Related:
Speed to Power: How Developers Are Restructuring for AI Demand
“100 kW+ racks pose a bigger electrical challenge than thermal,” Bizo said.
Bizo added that a 140-160 kW requirement does not mean every rack in a larger deployment will operate continuously at that level. A deployment built around racks at that peak density could average about 80 kW per 19-inch rack position, since network, storage, and other racks are part of the installation. Compute racks also may not operate at maximum power simultaneously, although training workloads can produce recurring peaks that electrical systems must be sized to accommodate.
Uptime does not have a direct cross-tab that compares liquid-cooling capability with ultra-high-density rack support. Bizo said support for liquid cooling is broader than support for 100 kW+ racks, meaning liquid-cooling capability alone is not a reliable proxy for extreme rack-density capability.
More than half of US operators surveyed by Uptime brought some high-density capacity online during the 12 months through April 2026, Bizo noted. That share rises to about two-thirds for the current 12-month period. However, Uptime did not define high density specifically as racks of 100 kW+, so the figures do not directly measure the expansion of ultra-high-density capacity.
Megawatts Aren’t Enough
A buyer seeking 5 MW at 140-160 kW per rack is not looking for generic vacant capacity. The deployment requires electrical infrastructure capable of delivering the required power at the rack, cooling systems capable of removing the resulting heat, direct liquid-cooling capability and suitable contiguous space.
Mercer’s published analysis says rack-scale GPU systems at these densities use
direct-to-chip liquid cooling
, with cold plates cooling processors and a coolant loop reaching the white space through a coolant distribution unit. His analysis also distinguishes between a provider saying it supports liquid cooling and a specific data hall having a liquid-cooling loop serving the white space today. That distinction matters for a buyer trying to deploy immediately.
Mercer’s search found operators with space that could not meet the required density and cooling configuration. His analysis identifies Nvidia’s GB300 NVL72 platform as requiring roughly 140-160 kW per rack. JLL’s 1% vacancy rate captures overall market availability, while Uptime’s data show how uncommon extreme rack densities remain. Neither measures the amount of vacant capacity capable of supporting a 140-160 kW rack.
Credit Screens Further Narrow Options
The physical constraint was not the only obstacle Mercer encountered.
The two purpose-built, liquid-cooled operators he approached were the only ones in his search that engaged substantively rather than declining outright. Both asked, without prompting, whether his client was investment grade. Mercer declined to identify those operators, citing his ongoing relationships with them.
One confirmed it had no capacity for the requested timeline, mentioned a future project that might fit, and then asked whether the client was investment grade. Further discussion was contingent on the answer, Mercer said. Mercer has seen that screening on this requirement only. He does not claim it is a broader industry practice.
The observation follows an
April 2026 report
Data Center Knowledge
on stalled neocloud deals, which found that operators were scrutinizing customers for credit quality, long-term viability, and balance-sheet durability. The reporting found that operators were requiring stronger guarantees, including letters of credit or parent backing, and were declining some neocloud deals despite aggressive commercial terms.
The new observation raises a narrower question: When high-density capacity is already scarce, does customer credit become another filter on facilities capable of serving those deployments?
JLL’s financing analysis concerns project lending, not operators’ customer-selection policies. It does not establish that colocation providers broadly require investment-grade customers.
But tenant credit can affect how developers structure AI and high-density projects, according to Carl Beardsley, senior managing director and data centers leader at JLL Capital Markets.
Asked whether tenant credit affects how developers approach AI and neocloud customers, particularly for specialized high-density deployments, Beardsley said: “The simple answer is, yes, it does.”
“It is important for the developers to bring in an advisor or lender early in the process as they are structuring the lease to ensure it is financeable,” Beardsley said.
JLL’s latest report provides context for the financing side of that question. Construction lending remains liquid across credit tiers, including AI companies and neoclouds, JLL said. But non-credit-tenant deals are evaluated on a case-by-case basis, with debt metrics depending on the tenant profile, credit support from the off-taker, and project location. JLL said credit spreads on those deals generally run 200 to 300 basis points wider than investment-grade construction loans, with leverage of 70% to 80% of loan cost compared with as much as 85% for top-tier credit hyperscalers.
Two Screens for Scarce Capacity
For AI developers, that leaves two potentially separate screens for scarce high-density capacity: whether a facility can physically support the workload and whether the customer can satisfy the operator’s credit requirements. Mercer’s search provides one example of those constraints appearing in the same procurement process.",full,,dom_or_structured_full_text,https://www.datacenterknowledge.com/cooling/for-high-density-ai-available-data-center-space-may-not-be-usable,Data Center Knowledge,综合科技,数据中心/AI基础设施,2026-08-18T23:00:13+00:00,AI与智能科技 > AI硬件层 > 数据中心,AI与智能科技,数据中心,"[{""path"":[""AI与智能科技"",""AI硬件层"",""数据中心""],""path_text"":""AI与智能科技 > AI硬件层 > 数据中心"",""confidence"":0.95,""reason"":""核心是高密度AI数据中心机柜容量与液冷基础设施稀缺问题""}]",classified,2026-08-18T23:04:17.559869+00:00,glm-5.2,2026-08-14,
"Amazon Explores Grid Connection for 8,000-Acre AI Campus",2026-08-18,"Amazon is building its own power system for an 8,000-acre Texas AI campus – and now says it is exploring how to connect that system to the grid and supply other customers.
In response to questions from
Data Center Knowledge
, an Amazon spokesperson said the company is “actively exploring” a transition to front-of-the-meter grid service and sees an opportunity for its energy infrastructure to eventually “add supply to benefit other customers.”
Unlike behind-the-meter, which refers to facilities generating their own power for direct use, front-of-the-meter means connecting power generation to the grid to supply other customers. Amazon did not disclose when that transition could occur, whether it has submitted an ERCOT large-load interconnection request, or how much grid capacity the campus would seek.
Cleanview
first reported
Amazon’s involvement on Aug. 7 after connecting Amazon construction filings to the GW Ranch site. Amazon subsequently confirmed that it had acquired the site and planned to purchase power from Pacifico Energy.
Related:
Sunrun, Voltus Bring Home Batteries Into AI Capacity Push
The Texas Commission on Environmental Quality (TCEQ)
preliminary determination
Pacifico
describes a natural gas-fired plant with a nominal output of 5,000 MW and 35 simple-cycle turbines. The plant will provide electricity to an on-site AI data center and will not be capable of selling or receiving power from the local utility distribution system.
The project has drawn national coverage focused on potential emissions from the planned gas generation. Recent stories from
The New York Times
The Verge
Futurism
, and other outlets have highlighted TCEQ documents that estimate allowable annual emissions of about 33 million tons of carbon dioxide equivalent (CO₂e).
The figure reflects maximum operating assumptions, not a forecast of actual annual emissions. TCEQ calculated maximum annual emissions for normal operations, assuming 8,760 operating hours per turbine each year.
The Power Plant Comes First
Pacifico proposed the plant as a greenfield development in Pecos County, about 17 miles north of Fort Stockton. The 35 turbines would provide power directly to an AI data center rather than selling electricity through the local utility distribution system.
The utility describes the GW Ranch as a broader project with
up to 7.65 GW of gas generation
, 1.8 GW of battery storage and up to 750 MW of solar. The company says first power is targeted for the first quarter of 2027, with 1 GW online in 2028 and more than 5 GW by 2031.
Pacifico’s public materials do not explain how its 7.65 GW figure relates to the 5,000 MW, 35-turbine configuration described in the TCEQ preliminary determination.
Related:
PJM’s New Deal for Data Centers: Bring Power or Face Cuts
Amazon has not disclosed the campus’ planned IT load.
The Bottleneck Moves Upstream
Joshua Rhodes, a University of Texas researcher who studies electricity markets and infrastructure, said that
behind-the-meter generation
at this scale remains unusual due to the difficulty of executing such projects.
“Many have talked about doing behind-the-meter generation, but didn’t proceed when they realized how hard it is,” Rhodes said.
The generation also competes with other electricity projects for equipment.
“It will still compete with the electric grid in that turbines are scarce right now,” Rhodes said. “If 5 GW of turbines go to this behind-the-meter data center, they won’t be available for other uses.”
Pacifico describes the private-grid design as a way to bypass lengthy grid interconnection processes and deliver power directly to hyperscale data centers.
Amazon Explores Grid Integration
Amazon said it is intentionally structuring the behind-the-meter arrangement so its investment in energy infrastructure can eventually contribute to a more reliable and affordable grid.
The company said it sees an opportunity to transition the planned data center campus to front-of-the-meter grid service, adding supply for other customers.
Related:
Texas Orders Statewide Audit of AI Data Center Projects
Amazon did not explain how that arrangement would work, including whether the generation would become an ERCOT resource, how much generation could be made available to other customers or how the campus’s own load would be treated.
Rhodes said he could not yet say how GW Ranch’s existing generation would affect a future ERCOT connection.
“This part is still unclear,” Rhodes said, adding that it should become clearer as ERCOT’s Batch Zero process and subsequent large-load batches move forward.
ERCOT’s Batch Zero is a
systemwide study process
for qualifying large-load requests of at least 75 MW. It groups eligible projects for a combined reliability assessment, the allocation of available grid capacity, and the identification of required transmission upgrades.
ERCOT’s framework also includes a process for a large load seeking to connect with co-located generation under a Withdrawal-Limited Private Use Network, or WLPUN, also referred to as bring-your-own-generation.
For GW Ranch, the unresolved issue is how that framework would apply if Amazon moves from its initial private power system to a grid-connected configuration while retaining some or all of its onsite generation.
The Power Strategy Evolves
Rhodes does not expect hyperscalers to embrace power generation as a permanent core business.
“I don’t think that hyperscalers want to be in the power business, the margins are too low,” he said. “I think this is just a necessity for some right now.”
Amazon’s response to
also provided new details on the campus’ planned energy mix. The company said it is exploring solar and battery storage and is “actively exploring how to maximize deployment of carbon-free resources on site.”
Amazon said the initial phase requires no water for power-generation cooling. Later phases are designed to rely primarily on brackish groundwater, which the company said does not compete with community drinking-water supplies. Amazon also said it is exploring produced water as another non-potable source.
Amazon said the campus is expected to create thousands of jobs but did not disclose its planned investment in the data center.
Amazon’s planned transition to front-of-the-meter service leaves open how its generation assets and data-center load would be treated in ERCOT’s interconnection process, what transmission work would be required, and how much of the campus’ eventual demand would rely on the grid.",full,,dom_or_structured_full_text,https://www.datacenterknowledge.com/energy-power-supply/amazon-explores-grid-connection-for-8-000-acre-ai-campus,Data Center Knowledge,综合科技,数据中心/AI基础设施,2026-08-18T23:00:15+00:00,AI与智能科技 > AI硬件层 > 数据中心,AI与智能科技,数据中心,"[{""path"":[""AI与智能科技"",""AI硬件层"",""数据中心""],""path_text"":""AI与智能科技 > AI硬件层 > 数据中心"",""confidence"":0.9,""reason"":""核心是亚马逊大型AI数据中心园区的自建能源与供电系统""},{""path"":[""通用技术"",""通信和运输"",""电网技术"",""其它电网技术""],""path_text"":""通用技术 > 通信和运输 > 电网技术 > 其它电网技术"",""confidence"":0.7,""reason"":""涉及ERCOT并网、表前供电与输电容量等电网互联问题""}]",classified,2026-08-18T23:04:17.559869+00:00,glm-5.2,2026-08-14,
Home-Based GPU Networks: Viable Supplements to AI Data Centers?,2026-08-18,"A very physical problem is blowing up the AI boom. Communities overwhelmingly do not want the massive data centers required to support it. At the same time, AI’s demand for computing power continues to soar, forcing the industry to search for alternatives to ever-larger centralized campuses. One emerging idea is to distribute that computing load across thousands, or even potentially millions, of homes. But are home-based distributed data centers technically viable?
“I would think of it less as a traditional data center spread across thousands of homes and more as a large fleet of edge compute nodes,” said Naman Ahuja, a software engineer at Meta who specializes in AI, infrastructure, distributed systems, capacity management, hardware enablement, and reliability. Ahuja emphasized that the views he shared for this article are his own, not his employer’s.
Community Opposition and Siting Pressures
There’s no question that something has to give in these intensifying, opposing tensions.
Public pushback
is real, growing, and sustained.
Gallup found
in a March 2026 survey that 71% of Americans oppose the construction of an AI data center in their area, while a June 2026
Reuters/Ipsos poll
put local opposition at 57%, compared with just 14% support. Resistance is also accelerating: The University of Pennsylvania’s Annenberg Public Policy Center
reported
that opposition rose from 49% to 61% from February-March 2026 to June-July 2026.
Pew Research found
that concerns center on electricity and water consumption, higher utility costs, noise, land use, and the relatively small number of
permanent jobs
these facilities often create.
Related:
Do We Really Need Mega Next-Gen Data Center Campuses?
That backlash is affecting development. State and local governments are
considering moratoriums
; residents are
organizing against proposed projects
; voters are increasingly voting
against incumbents who support
these facilities; and billions of dollars in data center investments have reportedly been blocked or delayed.
Proponents of residential edge compute argue that distributing smaller nodes across many homes could reduce siting conflict and limit concentrated impacts on local grids and water use.
Home-Hosted Nodes Move from Concept to Tests
The home-based model pools household computers, specialized processors, storage, and excess renewable energy into decentralized networks that can support certain AI workloads. The appeal is clear: use existing capacity, spread the economic benefits, and reduce the need for enormous new facilities.
Nanocenter.ai is betting on this approach. Launched in June 2026, Nanocenter.ai projects that participating homeowners can earn up to $2,000 a month, depending on utilization and market rates. “Homeowners aren't operators; they're hosts,” said Nanocenter.ai founder and CEO Aaron Peterson. Its garage-mounted appliance, roughly the size of a home battery, houses
Nvidia RTX 6000-class GPUs
. It can use a household outlet, although sustained operation requires a dedicated 220-volt branch circuit.
Related:
Right-Sizing Data Centers: How to Match Footprint to Real-World Demand
Nanocenter.ai’s unit installed on the wall of a home garage. (Image: Nanocenter.ai)
Nanocenter calls the model “Solar 2.0,” claiming it requires no water or new land and avoids concentrating electrical demand. It is not simply a plug-in-and-get-paid arrangement, however. Homeowners typically finance the equipment over five years, use marketplace revenue to repay the loan, and pay Nanocenter a monthly 10% platform fee. The company provides an online
earnings calculator
There is also a smattering of volunteer projects, university labs, participatory cloud prototypes, and home clusters built with Raspberry Pi devices. Open-source documentation and forums can help interested homeowners serve as nodes, said Kadan Stadelmann, CTO and co-founder of Compance.ai. However, “early experiments have had a tough time keeping participants active, and connectivity has proven unreliable,” he said.
Related:
Smartphones as Micro Data Centers: A Creative Edge Solution?
Other early efforts include
SPAN's XFRA
and Sunrun projects. XFRA is experimenting with distributed compute nodes installed in homes and small commercial locations. Sunrun has
announced
a pilot that combines residential AI compute with homes that already have solar and battery systems.
“What I find most interesting about these projects is that they turn AI infrastructure into both a compute-scheduling and energy-scheduling problem,” Ahuja said.
Aside from the potential to win much-needed community buy-in by turning distributed data centers into income-generating assets for homeowners, can these systems deliver the speed, reliability, security, and scale modern AI requires? Or will the idea fizzle out before it gets juiced?
“The interesting part isn't putting a GPU in someone's house. The hard part is building software that can make thousands of machines, spread across different homes with different power and network conditions, behave like reliable infrastructure,” Ahuja said.
Hyperscale vs. Home Nodes: Architectures, Orchestration, and Security
A hyperscale data center efficiently consolidates thousands of GPUs, high-speed networking, storage, cooling systems, and standardized hardware into a single professionally managed facility. A home-based distributed model does the opposite: it divides computing capacity among hundreds or thousands of locations connected through ordinary broadband networks. Both can pool resources, but they do not provide the same kind of infrastructure.
“A home-based model has almost the opposite characteristics. Machines are spread across different locations, internet quality varies, power availability changes throughout the day, and individual nodes can fail without warning,” Ahuja said.
A geographically dispersed network cannot easily match a data center’s performance. Differences in internet speed, hardware, power availability, and latency make it difficult to divide a single, tightly connected workload across homes.
“So the architecture has to work with that reality rather than fight it,” Ahuja noted. “You want workloads that can be broken into independent pieces and reassigned easily.”
These independent pieces might include some inference tasks, batch processing, rendering, data preparation, model evaluation, or other workloads that do not require constant communication between processors. Even then, software must determine which machines are available, match jobs to compatible hardware, distribute data, verify results, compensate participants, and reassign work when a node goes offline. In effect, the orchestration layer becomes the virtual data center.
For example, a home's available power isn't fixed. “It changes depending on whether the air conditioner is running, an EV is charging, someone is cooking, and so on,” Ahuja explained. “That means the compute system may need to behave like a flexible load.”
“In practice, the scheduler may eventually need to ask not just, ‘Where is a GPU free?’ but also, ‘Where is power available right now, what does it cost, and can this workload be moved somewhere else if conditions change?’” Ahuja said. Cooling and noise controls may also need to be part of the scheduler’s calculations.
Maintenance is a serious issue as well. In a data center, a technician can quickly replace a failed GPU or power supply. If you have thousands of machines spread across homes, “every hardware failure becomes a logistics problem,” Ahuja said, and “remote monitoring and automated recovery become extremely important.”
Even so, security is probably the most challenging technical problem. Each compute node has to prove its hardware identity and authenticate itself to accept workloads. Data must be encrypted in transit and at rest. Secure boot, signed software updates, and remote attestation are needed, too, according to Jose Prabhu Michael Singarayan, AI Data Architect at Quantum Integrators. Singarayan is also a Senior Member of IEEE.
""In a distributed AI environment, orchestration, and not raw compute, is what transforms thousands of independent machines into a usable infrastructure platform,"" Singarayan said.
Even strong controls may not make home-based nodes suitable for regulated, classified, or
highly confidential workloads
. Organizations would also need to know where data is processed, which jurisdiction applies, and whether the provider can prove compliance across every participating machine.
The Upstream Control Plane that Makes It Work
An upstream data center handles workload distribution, user authentication, model deployment, system monitoring and telemetry, software updates, billing, capacity management, and policy enforcement. In a home-based distributed network, this upstream data center acts as the central coordinator, while the equipment installed in homes supplies computing capacity.
The upstream facility authenticates participating devices, assigns AI workloads among them, and deploys the correct models and software. It also monitors performance, security, and availability; collects operational data; installs updates; calculates homeowner payments and customer charges; forecasts capacity; and enforces rules governing data use and acceptable workloads.
In other words, the home devices perform portions of the computing, but the upstream data center manages the network. This model distributes the physical hardware and electrical demand without fully decentralizing operational control.
Where Residential Nodes Fit in the Stack
The choice is not necessarily between one mega data center and thousands of homes. A more realistic architecture may combine them into a hybrid arrangement: centralized facilities for tightly coupled, sensitive, and mission-critical computing, with distributed nodes handling selected workloads that tolerate latency, interruption, and geographic dispersion.
“The workloads matter a lot,” Ahuja said. “Inference, batch processing, embeddings, preprocessing, and other jobs that can run fairly independently make much more sense than large-scale AI training. Training typically depends on GPUs talking to each other constantly over very fast networks, and residential internet simply isn't designed for that.”
Power will remain an issue, with an added twist. The system has to “assume that home nodes can disappear at any time,” Ahuja explained. Homes can lose power and internet connectivity or experience machine failures due to various types of outages. “That means the scheduler needs to detect failures quickly and move the work somewhere else.”
Networks will be pushed to the limit, too. “Networking will become much more dynamic compared to the data center. Internet conditions at residential locations, IP address changes, bandwidth variability, connectivity issues, and latency need to be taken into consideration,” Singarayan said.
In short, home-based computing could supplement AI infrastructure, but it is unlikely to replace the data center core. That doesn’t mean it lacks a long-term role.
“I don't think home-based compute replaces hyperscale data centers. It is more likely to become another layer in the infrastructure stack,” Ahuja said. “Over time, we may see different kinds of AI workloads matched to different infrastructure: large clusters for training [in data center campuses], regional data centers for latency-sensitive inference, and distributed capacity for flexible or background workloads.”",full,,dom_or_structured_full_text,https://www.datacenterknowledge.com/edge-data-centers/home-based-gpu-networks-viable-supplements-to-ai-data-centers-,Data Center Knowledge,综合科技,数据中心/AI基础设施,2026-08-18T23:00:19+00:00,AI与智能科技 > AI硬件层 > 数据中心,AI与智能科技,数据中心,"[{""path"":[""AI与智能科技"",""AI硬件层"",""数据中心""],""path_text"":""AI与智能科技 > AI硬件层 > 数据中心"",""confidence"":0.9,""reason"":""核心讨论分布式家庭算力节点作为AI数据中心的补充方案，涉及数据中心选址、社区反对与基础设施架构。""},{""path"":[""AI与智能科技"",""AI硬件层"",""计算集群""],""path_text"":""AI与智能科技 > AI硬件层 > 计算集群"",""confidence"":0.75,""reason"":""探讨将算力负载分散到大量边缘节点、训练与推理工作负载匹配不同集群形态的分布式算力问题。""}]",classified,2026-08-18T23:04:19.950368+00:00,glm-5.2,2026-08-14,
