title,published_at,content,content_status,content_issue,content_extraction,content_policy,url,source_name,domain,sub_domain,crawled_at,industry_primary_path,industry_top_level,industry_leaf,industry_classifications,industry_classification_status,industry_classified_at,industry_classifier_model,industry_taxonomy_version,industry_classification_error
CATL begins test production of battery cells in Debrecen - electrive.com,2026-09-23,"Chinese battery giant CATL has begun test production of battery cells at its new plant in Debrecen, Hungary. Previously, there were multiple delays, forcing European automakers to source supplies from China as an alternative. More recently, political headwinds have also emerged.
Aerial view of the new CATL factory in Debrecen
Image: CATL
CATL has begun test production at its new battery cell plant in Debrecen, Hungary. According to the company, this follows the successful fulfilment of all necessary prerequisites and regulatory requirements. The test phase aims to fully set up, optimise, and validate the production facilities and manufacturing processes before mass production begins. The first two production lines at the plant have now been commissioned for these test purposes.
However, it remains unclear when full-scale mass production of battery cells in Debrecen will actually commence. Test production in new cell factories typically lasts months rather than weeks. On the other hand, CATL is the world’s largest battery cell manufacturer, with extensive experience in the field. Its customers are eagerly awaiting the cells: according to a media report, Mercedes-Benz
even had to halt
production of the all-electric GLC in Bremen this summer because CATL was unable to supply enough cells. In response, the company specifically restructured its supply chain to
temporarily supply Mercedes with cells from China
for the GLC and VLE.
CATL already operates a cell factory in Thuringia
CATL announced the Debrecen plant
in August 2022
as its second European cell factory, alongside the facility in Arnstadt, Thuringia, which opened at the end of 2022. The plan included investments of €7.34 billion and a production capacity of up to 100 GWh per year, making it CATL’s largest factory outside China. The Debrecen plant is set to supply locally produced cells to Mercedes-Benz, as well as BMW – which
also operates its new EV factory in Debrecen
– and other European automakers. Construction of the first phase began in 2023, but the originally expected production start was delayed several times; it was
supposed to begin in spring 2026
Additional challenges arose during the ramp-up, including approval and environmental issues. Local residents and environmental organisations contested the environmental permits, with experts criticising aspects such as water consumption, noise, and impacts on the water balance. This summer, a non-compliant wastewater discharge and elevated
nickel exposure among employees
led to regulatory interventions. While
production of battery modules had already begun
, cell manufacturing took longer to get underway.
The project also faces an increasingly critical political environment: the government of Viktor Orbán, which was voted out in April, had heavily supported Hungary’s development into a European battery hub and attracted several Asian manufacturers to the country. Following the change in government, the new leadership under Prime Minister Péter Magyar
announced stricter environmental controls and new oversight for the battery industry
. However, there is no clear evidence of a direct link between the political shift and the delays at CATL; the company emphasises that it has obtained the necessary approvals for the now-launched trial operation and has rectified the previously identified deficiencies.
0 Comments
about „CATL begins test production of battery cells in Debrecen“
Also read
EVE Open Source Battery™: AI Battery Debuts at IAA TRANSPORTATION 2026
Politics
ACEA calls for delay to stricter EU-UK battery rules
Fraunhofer automates x-ray analysis of EV batteries",full,,dom_or_structured_full_text,,https://www.electrive.com/2026/09/23/catl-begins-test-production-of-battery-cells-in-debrecen/,electrive,电池,电气化交通工具,2026-09-24T00:16:27+00:00,零碳产业 > 能量转化 > 能量存储 > 电化学储能 > 二次电池 > 传统蓄电池 > 有机体系 > 锂电,零碳产业,锂电,"[{""path"":[""零碳产业"",""能量转化"",""能量存储"",""电化学储能"",""二次电池"",""传统蓄电池"",""有机体系"",""锂电""],""path_text"":""零碳产业 > 能量转化 > 能量存储 > 电化学储能 > 二次电池 > 传统蓄电池 > 有机体系 > 锂电"",""confidence"":0.95,""reason"":""核心事件是宁德时代匈牙利工厂锂离子电池电芯开始试生产。""}]",classified,2026-09-24T00:51:48.489076+00:00,glm-5.2,2026-09-10,
EVE Open Source Battery™: AI Battery Debuts at IAA TRANSPORTATION 2026 - electrive.com,2026-09-23,"HANNOVER, Germany, Sept. 19, 2026 – Amid accelerating global electrification, EVE Open Source Battery™ 4.0: AI Battery made its European debut at IAA TRANSPORTATION 2026. The booth showcased EVE Energy’s system-level product advantages and localised European operational capabilities. Attracting extensive visits from leading global enterprises for in-depth exchanges, EVE secured strategic cooperation orders exceeding 30 GWh on-site.
Image: EVE Energy
Rooted in robust product performance and an open ecosystem philosophy, EVE Energy continues to expand its European commercial vehicle market footprint and advance low-carbon transition across global transportation sectors.
EVE AI Battery: Redefining the Operational Value for Global Commercial Vehicles
At IAA TRANSPORTATION under the theme “Mighty Battery, Mighty Mind”, EVE exhibited Open Source Battery 3.0 and 4.0: AI Battery solutions. The lineup features cutting-edge LMX chemistry cells including LM815, LM285 and V63, alongside the
LM815-641kWh
underfloor battery system for heavy-duty trucks and the B3E-LF206S battery system for buses. Featuring high capacity, lightweight design, extended cycle life and superior low-temperature performance, this lineup stood out prominently at the booth.
At its core, the EVE’s LMX chemical material retains the high safety and stability inherent to LFP material, while pushing energy-density limits and significantly enhancing low-temperature performance. The products fully comply with stringent European market access requirements and adapt to complex, harsh operating environments, addressing key pain points for commercial vehicle electrification across the region.
Built upon this advanced material platform, EVE Open Source Battery™ 4.0: AI Battery marks a major leap forward in battery intelligence. Integrated with a custom-built AI chip, it enables cell-level active sensing, real-time diagnostics and intelligent optimisation, transforming conventional passive battery management systems. With full perception, deep reasoning and self-evolution capabilities, the solution elevates battery management to safeguard safe, efficient and reliable operation of commercial vehicle batteries.
Product Launch: Unveiling the Proven Capabilities of EVE Open Source Battery
At IAA TRANSPORTATION, EVE Energy hosted a dedicated product launch — “EVE Open Source Battery™ 4.0: AI Battery — The New Era of Global Commercial Transportation” — for visiting commercial vehicle OEMs, value-chain partners and industry media. The event presented the brand proposition of Open Source Battery. Guided by European regulatory standards and operational challenges across complex cross-regional scenarios, EVE outlined the product value, LMX chemistry and technical strengths of its solutions. Through open and collaborative industrial dialogue, EVE explored viable commercial vehicle electrification pathways with attendees, underscoring the robust overseas deployment potential of its Open Source Battery series.
Partnering with Global Partners to Usher in New Chapters of Collaboration
Throughout IAA TRANSPORTATION, EVE Energy’s booth drew broad attention from global industry stakeholders, with vibrant on-site exchanges. Leading commercial vehicle OEMs (such as BAIC, SANY, Nivalis), core value-chain partners and international mainstream media visited the booth for in-depth, pragmatic discussions covering European commercial vehicle electrification trends, extreme-condition optimisation and localised deployment partnerships. This close alignment of requirements fully validates global market recognition of EVE Energy’s technical innovation strengths and premium product lineup.
Backed by robust technological innovation, reliable product performance and global service capabilities,
EVE Energy
achieved fruitful outcomes at the exhibition. The company signed on-site cooperation agreements with high-calibre industry players including BMZ, Janus Electric, Morris Commercial, Sunswap, WEG and others, with total contracted orders exceeding 30 GWh. These deals highlighted global stakeholders’ strong trust and recognition of EVE Open Source Battery solutions, leading-edge technologies and comprehensive delivery capabilities.
Deepening its global footprint and co-building an electrified ecosystem, open collaboration underpins EVE Energy’s globalisation strategy. Looking ahead, the company will steadily advance technological innovation and product upgrades. Aligning its diversified, highly adaptable product portfolio with regional market demands worldwide, EVE will deepen multi-dimensional synergies with global value-chain partners and accelerate the electrification, intelligence and decarbonisation of commercial vehicles globally — injecting strong momentum into the sustainable development of the global transport sector.",full,,dom_or_structured_full_text,,https://www.electrive.com/2026/09/23/eve-open-source-battery-ai-battery-debuts-at-iaa-transportation-2026/,electrive,电池,电气化交通工具,2026-09-24T00:16:29+00:00,零碳产业 > 能量转化 > 能量存储 > 电化学储能 > 二次电池 > 传统蓄电池 > 有机体系 > 锂电,零碳产业,锂电,"[{""path"":[""零碳产业"",""能量转化"",""能量存储"",""电化学储能"",""二次电池"",""传统蓄电池"",""有机体系"",""锂电""],""path_text"":""零碳产业 > 能量转化 > 能量存储 > 电化学储能 > 二次电池 > 传统蓄电池 > 有机体系 > 锂电"",""confidence"":0.9,""reason"":""核心事件是亿纬锂能发布AI电池产品并获商用车电池订单。""},{""path"":[""通用技术"",""通信和运输"",""物质运输"",""陆路运输""],""path_text"":""通用技术 > 通信和运输 > 物质运输 > 陆路运输"",""confidence"":0.75,""reason"":""产品面向重型卡车等商用车的电动化应用。""}]",classified,2026-09-24T00:51:48.489076+00:00,glm-5.2,2026-09-10,
Korea opens ‘new Silk Road’ to battery tech partnerships in Central Asia   – Batteries International,2026-09-23,"South Korea’s president has put materials critical to the battery industry and manufacturing technology at the centre of what he called a ‘new Silk Road’ pact with Central Asian nations. Lee Jae-myung used the first Korea-Central Asia Business Summit on September 16 to call for a move beyond raw materials trade and strengthen “full-cycle cooperation” in the critical minerals sector — covering exploration, smelting, high-value material processing and final product production. Leaders from Kazakhstan, Kyrgyz, Tajikstan, Turkmenistan and Uzbekistan took part in the one-day summit, during which a total of 19 memoranda of understanding relating to business cooperation were signed. One of the agreements, between the Korea Institute of Industrial Technology and Kazakhstan’s national institute for metallurgical and ore research, set out a blueprint for mineral supply chain cooperation by “linking local resources with domestic technology”. Lee said: “As global supply chains are being reorganised, Central Asia is a treasure trove of essential critical minerals for electric vehicles, batteries, and semiconductor production.” When abundant resources such as lithium meets Korean manufacturing capabilities, partner nations can lead the global market, he said. “Korean companies with extensive construction experience and proven technology are the best partners to innovate Central Asia’s infrastructure. We must build transportation and energy arteries connecting vast continents, along with a dense logistics network, to unlock Eurasia’s potential.” The summit comes as Korea strives to challenge China’s dominance of the global battery sector by building international alliances. Batteries International reported last year that Korea had scrambled to shore up the country’s faltering battery sector with an initial cash infusion worth close to $15 billion, as a global slump in EV sales took its toll on the industry. Earlier this year, a Korean joint venture including battery material and chemicals group Posco Future M broke ground for an LFP cathode materials plant in the country targeting the ESS and EV batteries market. That came after US battery tech company Coreshell Technologies agreed an eight-year LFP supply deal with Korea’s L&F Corporation in a move to offer a “fully China-free” battery materials option. The post Korea opens ‘new Silk Road’ to battery tech partnerships in Central Asia appeared first on Batteries International .",full,,rss_full_content,,https://www.batteriesinternational.com/news/korea-opens-new-silk-road-to-battery-tech-partnerships-in-central-asia/,Batteries International,电池,无,2026-09-24T00:16:41+00:00,零碳产业 > 能量转化 > 能量存储 > 电化学储能 > 二次电池 > 传统蓄电池 > 有机体系 > 锂电,零碳产业,锂电,"[{""path"":[""零碳产业"",""能量转化"",""能量存储"",""电化学储能"",""二次电池"",""传统蓄电池"",""有机体系"",""锂电""],""path_text"":""零碳产业 > 能量转化 > 能量存储 > 电化学储能 > 二次电池 > 传统蓄电池 > 有机体系 > 锂电"",""confidence"":0.7,""reason"":""合作围绕锂电池关键材料与正极材料供应链展开。""}]",classified,2026-09-24T00:51:48.489076+00:00,glm-5.2,2026-09-10,
$7bn US ‘super smelter’ project clears environmental hurdle – Batteries International,2026-09-23,"Plans for a US-based super smelter to boost domestic supply of critical materials, including lead, have cleared a major regulatory hurdle. The Tennessee Valley Authority (TVA) confirmed on September 11 it had adopted a finding of no significant impact in terms of upgrades to its transmission system to support the Project Crucible development in Montgomery County. Batteries International revealed in December 2025 that Korea Zinc was partnering the US government to build the smelter, at a total investment cost of $7.4 billion, after lead was added to the nation’s list of critical minerals. The US war department was the lead federal agency for the environmental review, with TVA serving as a cooperating agency. TVA said the finding also addresses its view that another review is not required. The war department is considering financial support for the construction and operation of the facility by Crucible Metals near Clarksville — at the site of the existing Crucible Zinc plant. Under the proposal, TVA would provide up to 230MW of additional load to the facility, which would require new infrastructure and several upgrades to the transmission system near the project site. Full power availability is anticipated in 2029. Project Crucible is a proposed integrated non-ferrous smelting and refining facility intended to produce 12 types of non-ferrous metals, including 11 of the 60 critical minerals designated by the US government, as well as semiconductor-grade sulfuric acid. Products include zinc, lead, copper, gold, antimony, gallium and germanium. The project has been designated as ‘FAST-41’ — a federal classification reserved for major infrastructure projects requiring enhanced inter-agency coordination. Project Crucible moved ahead last April following Korea Zinc’s acquisition of Nyrstar assets in the US. Korea Zinc said previously construction of the smelter would begin with site preparation in 2026, followed by phased commercial operations from 2029. The facility is expected to process more than one million tonnes of raw materials annually and produce a total of 540,000 tonnes of finished products. Design of the smelter will be based on Korea Zinc’s Onsan facility in Ulsan, which the company said is the world’s largest single-site smelter by production capacity, using world-leading smelting technology, optimal processes, and state-of-the-art control systems. The post $7bn US ‘super smelter’ project clears environmental hurdle appeared first on Batteries International .",full,,rss_full_content,,https://www.batteriesinternational.com/news/7bn-us-super-smelter-project-clears-environmental-hurdle/,Batteries International,电池,无,2026-09-24T00:16:43+00:00,零碳产业 > 物质循环 > 资源加工 > 无机物 > 金属 > 其它金属产业,零碳产业,其它金属产业,"[{""path"":[""零碳产业"",""物质循环"",""资源加工"",""无机物"",""金属"",""其它金属产业""],""path_text"":""零碳产业 > 物质循环 > 资源加工 > 无机物 > 金属 > 其它金属产业"",""confidence"":0.9,""reason"":""核心事件是美国铅锌超级冶炼厂项目通过环评，属于有色金属冶炼。""}]",classified,2026-09-24T00:51:48.489076+00:00,glm-5.2,2026-09-10,
Birla Carbon cites ‘geopolitical instability’ in 15% price hike – Batteries International,2026-09-23,"Birla Carbon has announced a price increase of up to 15% for its speciality materials products in Asia from October 1. The carbon additives group said the increase was needed to counter what the company said were significant and sustained increases in feedstock costs, driven in part by geopolitical instability and disruptions in global feedstock markets. The announcement comes just three months after Batteries International reported the group was embarking on a global business shake-up to focus on expansion in Asia in the face of weakened demand in the Americas and Europe. Birla said then it was continuing to assess its asset base in line with market trends, as it moved to a structure focused on three business units — Asia, Americas & EMEA and specialty materials. On the price increase, Birla said it has been working to mitigate the impact of the increases through operational efficiencies, supply chain optimisation and disciplined cost management: “However, the magnitude and duration of the cost escalation have made a price adjustment necessary.” In 2023, the group acquired carbon nanotube firm Nanocyl to strengthen its presence in the lithium battery materials sector. Earlier this year, Birla said it had secured a €2 million ($2.3 million) grant to boost energy autonomy at its plant in Spain. The grant from the Society for Regional Development of Cantabria formed part of a broader investment project by the firm aimed at strengthening energy self-sufficiency at the facility. The post Birla Carbon cites ‘geopolitical instability’ in 15% price hike appeared first on Batteries International .",full,,rss_full_content,,https://www.batteriesinternational.com/news/birla-carbon-cites-geopolitical-instability-in-15-price-hike/,Batteries International,电池,无,2026-09-24T00:16:44+00:00,未分类,,,[],unclassified,2026-09-24T00:51:48.489076+00:00,glm-5.2,2026-09-10,
GM Launches Closed-Loop EV Battery Recycling Pilot Program,2026-09-23,"Battery Recycling
EV Batteries
Lithium-Ion Batteries
Automotive & Mobility
Industry Trends
Learn about GM’s closed-loop battery recycling program, its meaning, advantages, and how it supports sustainable EV production.
September 22, 2026
4 Min Read
A GMC Sierra EV with battery cells made from recycled materials rolls off the line at GM’s Factory ZERO assembly facility.
Courtesy of Cirba Solutions.
Lithium-ion batteries power electric vehicles (EVs) and contain
critical minerals
that are highly valued in the battery supply chain. However, extracting and processing these materials comes with significant environmental and ethical challenges. To address these concerns, automotive companies are increasingly adopting and improving battery recycling methods; one is closed-loop battery recycling, a sustainable approach that promises to transform the EV battery lifecycle.
What is closed-loop battery recycling?
Closed-loop battery recycling is a circular system in which end-of-life batteries are collected, dismantled, and processed to recover valuable critical minerals. These recovered minerals are then reintroduced into the manufacturing of new batteries, creating a self-sustaining cycle. Unlike traditional recycling methods, closed-loop systems aim to retain the integrity of critical minerals, ensuring they can be reused in high-performance applications.
Related:
What Is Black Mass in Lithium-Ion Batteries?
Why are automotive companies embracing closed-loop recycling?
Environmental sustainability
: The extraction of critical minerals like lithium and cobalt is energy-intensive and environmentally damaging. Mining operations often lead to deforestation, water pollution, and significant carbon emissions. By recycling batteries, car manufacturers can reduce their reliance on critical minerals, thereby minimizing the environmental footprint of EV production.
Cost efficiency
: As the demand for EVs grows, so does the cost of critical minerals. Closed-loop recycling offers a cost-effective alternative by recovering and reusing materials that would otherwise be discarded. This not only reduces production costs but also protects car manufacturers from volatile raw material markets.
Regulatory compliance
: Governments worldwide are introducing stricter regulations to ensure responsible disposal and recycling of EV batteries. For instance, the
European Union’s Battery Regulation
mandates that a certain percentage of materials in new batteries must come from recycled sources. By adopting closed-loop systems, car manufacturers can stay ahead of regulatory requirements and avoid potential penalties.
Brand reputation
: Modern consumers are increasingly conscious of the environmental impact of the products they purchase. Car manufacturers that adopt sustainable practices, such as closed-loop recycling, can enhance their brand image and appeal to eco-conscious buyers.
GM closed-loop battery recycling pilot program
General Motors (GM) has announced its new approach to sustainable EV production with the launch of a closed-loop battery recycling pilot program. This initiative, shared by Kurt Kelty, GM’s Vice President of Battery and Sustainability, highlights the company’s efforts to reduce the carbon footprint of battery materials while addressing cost challenges. Kelty described the program as “a pathway for using recovered battery materials in new cells” and emphasized its role in supporting GM’s broader goals of sustainability and affordability.
Related:
What Really Happens to Spent EV Batteries?
GM’s collaborative effort and industry implications
The pilot's success required years of engineering, quality assurance, logistics, testing, and manufacturing work across GM and its partners. Collaborators such as Cirba Solutions, Ultium Cells, LG Energy Solution, and others played a critical role in ensuring the program’s success.
As part of the pilot, GM collaborated with
Cirba Solutions
to recover 80 end-of-life GM EV batteries. These batteries were processed into black mass—a blend of critical minerals such as nickel, cobalt, and manganese — and used to create cathode active material (CAM). GM’s partners converted the black mass into over 12 metric tons of cathode active material made entirely from recycled nickel, cobalt, and manganese.
Related:
7 Battery Recycling Companies Scaling Up in North America in 2026
“Battery recycling is an important, intersecting component across the battery supply chain, and this program effectively demonstrates the value that recycling end-of-life batteries brings to creating a closed-loop supply of critical minerals,” stated David Klanecky, President and CEO of Cirba Solutions.
Display of reclaimed materials/elements, including black mass from recycled EV Lithium batteries. Courtesy of John Keeble / Contributor/Getty Images Europe.
GM’s real-world application
GM stated that it validated this new cathode active material to the same high standards for quality, safety, and performance required for use in an EV. Once validated, the pilot program’s success was demonstrated when GM produced its first EVs powered by battery cells containing 100% recycled nickel, cobalt, and manganese. Vehicles such as the Cadillac LYRIQ, Chevrolet Silverado EV Trail Boss, and GMC Sierra EV AT4 were assembled at Factory ZERO and Spring Hill Assembly using these recycled materials.
About the Author
Maria Guerra
Senior Editor-Battery Technology, Informa Markets
Maria L. Guerra is a Senior Editor at
Battery Technology
, blending her engineering background with a passion for technology journalism. She holds a Bachelor of Science in Electrical Engineering from Universidad Metropolitana in Caracas, Venezuela, and a Master of Science in Electrical Engineering from NYU Tandon School of Engineering.
Guerra's career spans power systems engineering, oil & gas consulting, and technical writing and editing. She worked for several years at Kellogg, Brown & Root Ltd. (KBR) in the UK, conducting power system studies and providing technical support for offshore and onshore projects. During her internship at Pequiven S.A. in Venezuela, she trained neural networks using MATLAB (Kohonen Map) to estimate electrical circuit variables for oil wells (e.g., voltage, current, and power).
In addition to her engineering roles, Guerra worked as a freelance technical editor, refining complex technical content for clarity and accuracy. She later became a Power/Analog Editor at
Electronic Design
, covering advancements in the semiconductor market, focusing on power/analog electronics systems.
Battery Technology
, Guerra now delivers in-depth coverage of battery manufacturing, EV advancements, energy storage systems, and the evolving landscape of critical minerals and second-life batteries. She is passionate about uncovering the stories that shape the future of electrification, from cutting-edge battery innovations to policy shifts driving sustainable energy.
Guerra is also a member of
The Battery Show North America Advisory Board
, where she contributes her expertise to advising on industry trends and speaker selection for The Battery Show North America, while helping to shape discussions on battery technology and electrification. She was part of the award-winning Battery Technology team recognized with a
Neal Award for Best Coverage of the 2024 Election
Neal Award for Best Explanatory Content
in 2026 for her coverage of battery breakthroughs.
Maria Guerra is based in Brooklyn, NY, and can be reached at
[email protected]
See more from
Maria Guerra",full,,dom_or_structured_full_text,,https://www.batterytechonline.com/battery-recycling/gm-launches-closed-loop-ev-battery-recycling-pilot-program,Battery Tech Online,电池,无,2026-09-24T00:17:12+00:00,零碳产业 > 物质循环 > 资源回收利用与排放治理 > 物质回收,零碳产业,物质回收,"[{""path"":[""零碳产业"",""物质循环"",""资源回收利用与排放治理"",""物质回收""],""path_text"":""零碳产业 > 物质循环 > 资源回收利用与排放治理 > 物质回收"",""confidence"":0.9,""reason"":""核心事件是通用汽车电动车锂离子电池闭环回收项目。""},{""path"":[""零碳产业"",""能量转化"",""能量存储"",""电化学储能"",""二次电池"",""传统蓄电池"",""有机体系"",""锂电""],""path_text"":""零碳产业 > 能量转化 > 能量存储 > 电化学储能 > 二次电池 > 传统蓄电池 > 有机体系 > 锂电"",""confidence"":0.7,""reason"":""回收对象为车用锂电池并支持可持续电池供应链。""}]",classified,2026-09-24T00:51:48.489076+00:00,glm-5.2,2026-09-10,
VW ID.3 GTI Concept Delivers 321 Horsepower,2026-09-23,"Automotive & Mobility
EV Batteries
Design & Manufacturing
The battery-electric hot hatch delivers rear-wheel drive and 5.6-second 0-62 mph acceleration with 375-mile range.
September 22, 2026
6 Slides
Start slideshow
Volkswagen ID.3 GTI concept
Volkswagen
At a Glance
The ID.3 GTI concept features 321 horsepower, making it the most powerful GTI ever produced.
VW's electric hot hatch switches to rear-wheel drive, departing from traditional front-drive GTIs.
The concept achieves 375 miles of range with a 79-kWh battery and 183-kW DC fast charging capability.
Since its debut at the 1975
Frankfurt Motor Show
Volkswagen’s GTI
has been synonymous with practical performance. Increasingly, practicality demands electric drive, so VW is previewing its notion of a future battery-electric GTI with the ID.3 GTI concept.
The company terms this as a “near-production concept vehicle,” and so far is non-committal about the US market, telling
Design News
in an email, ""The ID.3 GTI is an exciting example of the momentum behind Volkswagen's global EV strategy. While we have no news to share for the U.S. at this time, we're working hard to ensure the EVs we bring to America are the right fit for our customers, and we're optimistic about the future of our electric lineup.""
ID.3 is VW’s battery-electric model
that corresponds in size to its Golf compact hatchback that served as the platform for the very first GTI. Over the decades, VW has applied the GTI badge to a variety of models, such as the subcompact Polo, and has already introduced the all-electric ID.Polo GTI.
Related:
Revoy's Electric Mini-Trailer Cuts Diesel Truck Fuel Use by Up to 90% With Battery Swaps
But an important difference is that while the ID.Polo GTI adheres to VW’s past practice of front-drive GTI hot hatches, the ID.3 GTI is proposed as a rear-drive model. The ID.3 GTI packs a 321-horsepower version of VW’s APP550 drive unit, making it the most powerful GTI model in the brand’s history.
This produces 0-62 mph acceleration in 5.6 seconds. DC fast-charging is somewhat slower, with a claimed 10% to 80% state of charge time of half an hour at a peak rate of 183 kilowatts. The 79-kilowatt-hour battery pack is good for 375 miles of driving range, according to VW.
The company is proud to show a new 12.9-inch display for its new Innovision infotainment system, which can only be an improvement on the company’s current infotainment product. One step forward is the inclusion of a row of physical buttons below the display for HVAC controls and a console-mounted rotary volume knob with up and down tuning/track advance buttons.
Those are the only details available from this teaser, but there seems little reason to doubt the ID.3 GTI will go into production and will probably come to the US, barring any additional unforeseen obstacles to international trade from the government.
Start slideshow
About the Author
Dan Carney
Senior Editor, Design News
Dan’s coverage of the auto industry over three decades has taken him to the
racetracks
, automotive engineering centers,
vehicle simulators
, wind tunnels, and crash-test labs of the world.
A member of the
North American Car, Truck, and Utility of the Year jury
, Dan also
contributes car reviews to
Popular Science
magazine, serves on the
International Engine of the Year
jury, and has judged the collegiate
Formula SAE
competition.
Dan is a winner of the
International Motor Press Association's Ken Purdy Award
for automotive writing, as well as the
National Motorsports Press Association
's award for magazine writing and the
Washington Automotive Press Association's Golden Quill award
Dan, testing the 2025 Aston Martin Vanquish. ANDY MORGAN/ASTON MARTIN
He has held a
Sports Car Club of America
racing license since 1991, is an SCCA National race winner, two-time SCCA Runoffs competitor in
Formula F
, and an
Old Dominion Region
Driver of the Year award winner. Co-drove a Ford Focus 1.0-liter EcoBoost to
16 Federation Internationale de l’Automobile-accredited world speed records
over distances from just under 1km to over 4,104km at the CERAM test circuit in Mortefontaine, France.
He was also a longtime contributor to the Society of Automotive Engineers'
Automotive Engineering International
magazine.
He specializes in analyzing technical developments, particularly in the areas of motorsports, efficiency, and safety.
He has been published in
The New York Times
NBC News
Motor Trend
Popular Mechanics
The Washington Post
RaceCar Engineering
AutoWeek
Virginia Living
, and others.
Dan has authored books on the
Honda S2000
Dodge Viper
sports cars and contributed automotive content to the consumer finance book,
Fight For Your Money
He is a member and past president of the
Washington Automotive Press Association
and is a member of the
Society of Automotive Engineers
See more from
Dan Carney",full,,dom_or_structured_full_text,,https://www.designnews.com/automotive-engineering/volkswagen-previews-321-hp-id3-gti-concept-as-most-powerful-gti-in-brands-50-year-history,Battery Tech Online,电池,无,2026-09-24T00:17:15+00:00,通用技术 > 通信和运输 > 物质运输 > 陆路运输,通用技术,陆路运输,"[{""path"":[""通用技术"",""通信和运输"",""物质运输"",""陆路运输""],""path_text"":""通用技术 > 通信和运输 > 物质运输 > 陆路运输"",""confidence"":0.9,""reason"":""核心事件是大众纯电动ID.3 GTI概念车的性能与产品发布，属于电动汽车领域""}]",classified,2026-09-24T00:51:56.578263+00:00,glm-5.2,2026-09-10,
Bridewell Explores Vulnerabilities in the Aviation Industry,2026-09-23,"Bridewell Explores Vulnerabilities in the Aviation Industry
Prioritise Us
on Google
Ongoing cyber attacks are putting aviation supply chains at risk. Credit: Getty
Kelechi Onyedebelu, Director of Cybersecurity Solutions at Bridewell explores the growing risk for aviation supply chains following ongoing cyber attacks
The rise of technology has meant great things for global supply chains, bringing in new levels of efficiency and reducing fragmentation risks.
However, the growing reliance on digital tools and AI have also put supply chains at a greater risk of cyber attacks.
The aviation industry is one of the many which has been impacted by this change. Bridewell, a cyber security partner, has released a report exploring the supply chain impact of cyber attacks on the aviation industry.
A changing environment
Digital innovation is revolutionary for how modern supply chains operate, faced by an increased pressure to do more, act faster and spend less money. While this is a significant benefit for organisations, it also means they have increased points of entry into their data bases.
Over the past year,
cyber attacks
have been hitting the news, resulting in mass data breaches and operations shutting down.
The aviation industry has seen significant changes over the past two decades, becoming increasingly dependent on interconnected digital systems as it modernises and gains greater efficiency.
“This increased interconnectivity has brought massive improvements for airlines, airports and passengers. Airlines and airports operate more efficiently, sophisticated systems help manage growing demand, and data can be shared in real time,” explains Kelechi Onyedebelu, Director Security Solutions Presales at Bridewell US.
“However, this also widens the attack surface, creating more opportunities for cyber criminals to exploit.  Airlines, airports,
manufacturers
and suppliers now all operate on interconnected technologies so cyber resilience cannot be achieved by individual organisations working in isolation.”
Report findings
US$1,433,059 - the mean losses from an attack or breach
100% of respondents said they experienced financial losses due to a breach in the last year
In the past 12 months, 46% of respondents have seen an increase in attacks against their organisation
30% of the attack entry points was caused by compromised credentials
Malware, credential theft and DDOS attacks were experienced by 8% of respondents
On average, an organisation experienced 3.85 phishing attacks in the last year
More than ¾ respondents have seen organisational increases to cybersecurity budgets in the current fiscal year
Kelechi Onyedebelu, Director Security Solutions Presales at Bridewell US
Supply chain risk
To investigate the impact of attacks on the industry, Bridewell surveyed 250 cybersecurity professionals in the aviation industry. Though attacks have become more innovative, the report finds that the main issue is caused by the frequency of which they are occurring.
Almost half of the respondents state that the volume of attacks against their organisations has increased in the last 12 months, which coincides with the rapid digitalisation of supply chains.
The most common entry point for attacks was through
compromised credentials
, as reported by 30% of respondents. Alongside this, as high as 13.2% stated that third-party and supply chain access was an entry point for these attacks.
This occurs as third parties have weaker security systems, so are targeted by the hackers. Once the hackers are in the suppliers or vendors systems, they have an indirect pathway into the larger organisation’s defences, allowing them access to the entire data base, client list, partner ecosystem and more.
The aviation industry is under sustained pressure and experiencing significant financial losses as a result.
Kelechi Onyedebelu, Director Security Solutions Presales at Bridewell US
Manchester Airports Group (MAG), which owns Manchester, East Midlands and London Stansted airports, was hit by a cyberattack and stolen data was published | Credit: Manchester Airports Group
The wider impact
In August 2026, the
Manchester Airports Group
revealed that it had been victim to a major data breach, with personal information of more than 8.5 million individuals compromised. This group operates Manchester, London Stansted and East Midlands airports.
Data was harvested from customers who had signed up for terminal Wi-Fi, airport parking, lounge access or Fast Track security passes, demonstrating how a hyper-connected ecosystem reveals major vulnerabilities in the network.
Aviation groups have increasingly seen attacks, which result in major data breaches and financial losses – caused by delays, reputational damage and disruption.
Bridewell found that 100% of respondents were financially impacted by an attack, with 45.2% describing their most significant attack as having a critical or high impact on their organisation.
“What weʼre seeing is that the aviation industry is under sustained pressure and experiencing significant financial losses as a result,” Kelechi continues.
“As artificial intelligence, automation and increasingly connected infrastructure continue to reshape aviation, understanding the industryʼs cyber maturity is essential.”
According to the report, 70.8% of respondents have adopted AI or machine learning as a tool for cyber defence, and 77.6% have seen
increased budgets
for cybersecurity within their organisation.
With increased supply chain complexity, comes increased risk. The last 12 months have demonstrated exactly how vulnerable organisations are to attacks, meaning investments need to be made to
increase resilience
and protect assets.
Key companies
Manchester Airports Group
CEO: Ken O’Toole
HQ: Manchester, UK
Manchester Airports Group (MAG), the UK's largest airport operator, owns Manchester, London Stansted, and East Midlands airports plus digital travel business CAVU. Criminal hackers breached MAG systems and posted personal data of 8.5 million people online after their unpaid ransom demand failed.
CEO: PB Balaji
Coventry, UK
JLR oversees the brands Range Rover, Defender, Discovery and Jaguar, bringing together world-class design, innovation and ambition. In September 2025, Jaguar Land Rover ordered thousands of factory workers home after a cyber attack crippled IT and manufacturing systems. It halted production at UK sites in Solihull, Halewood, and Wolverhampton while IT teams managed complex recovery efforts.
Company portals
Bridewell
Manchester Airports Group
Executives
Kelechi Onyedebelu
Director of Cybersecurity Solutions and Presales - USA",full,,dom_or_structured_full_text,,https://supplychaindigital.com/news/bridewell-explores-vulnerabilities-in-the-aviation-industry,Supply Chain Digital,综合媒体,关键原材料/矿产,2026-09-24T00:17:48+00:00,未分类,,,[],unclassified,2026-09-24T00:51:56.578263+00:00,glm-5.2,2026-09-10,
How ITC & DHL Support Small Businesses in Cross-Border Trade,2026-09-23,"How ITC & DHL Support Small Businesses in Cross-Border Trade
Prioritise Us
on Google
The International Trade Centre (ITC) and DHL have signed a new memorandum of understanding to help small and medium-sized enterprises (SMEs). Credit: Getty Images
Pamela Coke-Hamilton, Executive Director of the International Trade Centre, says its DHL partnership will help SMEs overcome cross-border trade barriers
The International Trade Centre (ITC) and DHL have signed a new memorandum of understanding to help small and medium-sized enterprises (SMEs).
DHL and the ITC’s partnership dates back to 2016, with a focus on supporting
women-led businesses
in cross-border trades.
Through the renewed agreement, ITC’s market intelligence and trade expertise will be available to DHL’s global logistics network.
It aims to help SMEs overcome the barriers that continue to keep many of them out of international markets.
""For small businesses, the main challenge is not in creating quality products for customers but getting it to them,"" says Pamela Coke-Hamilton, Executive Director at ITC.
Key Facts: ITC-DHL Partnership Renewal
Partnership between ITC and DHL dates back to 2016
DHL GoTrade has reached more than 26,000 SMEs since 2021
ITC SheTrades has supported more than 4,000 women-led businesses
ecomConnect connected 400+ SMEs with DHL support between 2020-2024
Some markets saw shipping costs cut by up to 60% through the partnership
Pamela Coke-Hamilton, Executive Director of ITC, and Hennie Heymans, CEO of DHL Express Sub-Saharan Africa, sign a Memorandum of Understanding renewing the ITC-DHL partnership. Credit: DHL Group
Inside the ITC-DHL trade partnership
Under the renewed agreement, ITC and DHL will support small businesses across exports,
supply chains and logistics
The partnership will work with business support organisations and ITC SheTrades Hubs to strengthen services for small and women-led companies.
SMEs and women entrepreneurs will also receive support in international trade discussions among private-sector and government bodies.
DHL says SMEs account for around 90% of businesses globally, provide roughly 70% of employment and contribute around 70% of global GDP.
Despite this, many continue to face barriers when attempting to fully participate in international trade.
Over the past decade, ITC and DHL have worked together through DHL GoTrade, ITC SheTrades and the ITC ecomConnect programme, reaching small businesses in more than 60
countries across Africa
, ASEAN, Latin America and the Caribbean.
Since 2021, GoTrade has supported more than 26,000 SMEs and 8,000 women-owned businesses.
EcomConnect linked more than 400 SMEs with DHL support between 2020 and 2024, including shipping arrangements that cut costs by up to 60% in some markets.
We're deepening our work with DHL to help more small businesses, particularly women-led businesses
Pamela Coke-Hamilton, Executive Director at ITC
Closing the SME finance gap
Logistics access is not the only barrier for SMEs trying to
trade internationally
, as access to finance remains a significant constraint.
The partnership specifically targets this issue for women-led businesses, as they traditionally face issues around funding.
According to the World Bank and International Finance Corporation's most recent MSME Finance Gap Report, SMEs across 119 emerging markets and developing economies face a combined financing shortfall of around US$5.7tn.
The report found that 40% of formal MSMEs are credit-constrained, with women-owned businesses alone accounting for approximately US$1.9tn of that gap.
Pamela says: “We're deepening our work with DHL to help more small businesses, particularly women-led businesses, to overcome
last-mile logistics
barriers and reach new markets and to ensure their perspectives are heard at decision-making tables.”
Initiatives like GoTrade and SheTrades represent a narrower, logistics-focused intervention within a far larger structural problem.
ITC and DHL’s agreement aims to address the financing gap, while reducing other obstacles standing between SMEs and the international markets.
Key companies
International Trade Centre
Executive Director: Pamela Coke-Hamilton
Headquarters: Geneva, Switzerland
The International Trade Centre is a joint agency of the United Nations and the World Trade Organisation dedicated to supporting small and medium-sized enterprise competitiveness. It provides practical trade-led development solutions, market intelligence and sustainable technical assistance to help businesses in developing nations connect to global markets.
DHL Group
CEO: Tobias Meyer
Headquarters: Bonn, Germany
DHL Group is the world's leading express logistics and postal company, delivering global supply chain solutions, parcel delivery and international trade freight services. Driving connectivity across international markets, the organisation actively advances automated warehousing, digitised tracking networks and sustainable low-emission transport infrastructure.
Company portals
International Trade Centre
Executives
Pamela Coke-Hamilton
Executive Director",full,,dom_or_structured_full_text,,https://supplychaindigital.com/news/how-itc-dhl-support-small-businesses-in-cross-border-trade,Supply Chain Digital,综合媒体,关键原材料/矿产,2026-09-24T00:17:50+00:00,未分类,,,[],unclassified,2026-09-24T00:51:56.578263+00:00,glm-5.2,2026-09-10,
ImportGenius: Turning Trade Data into Sourcing Intelligence,2026-09-23,"ImportGenius: Turning Trade Data into Sourcing Intelligence
Prioritise Us
on Google
ImportGenius is constantly working to improve visibility within the supply chain industry. Credit: ImportGenius
As the global trade environment becomes increasingly complex and more competitive, ImportGenius CEO Michael Kanko positions ImportGenius as a critical tool
Global supply chains are facing ongoing challenges and an increasingly competitive market.
As sustainability, speed and digitalisation increase in priorities – alongside
long-term resilience
– new organisations are emerging ready to fill the gap in the market.
In today’s world, choice is crucial, but it can be overwhelming for decision-makers.
Almost two decades ago, ImportGenius was founded in order to make global trade data transparent – now, it has expanded significantly and is working to revolutionise trade intelligence.
Organisation expansion
ImportGenius was founded in 2007, making headlines in 2008 when it discovered that
was preparing to launch the iPhone 3G. This occurred when it used its customs data to uncover 188 unrecorded containers that were shipped by Apple and its logistics partners.
Since then, the company has become a trusted data source for large-scale news outlets, has scaled its solutions to help global enterprises and has continuously expanded its operations into new markets.
Today, ImportGenius is working on transforming trade intelligence by using AI and other digital tools to enhance supply chain visibility. It collects, organises and makes information from the international trade industry accessible. Through this, it helps clients understand
shipping manifests
and customs records in order to make informed decisions with confidence.
It connects fragmented data and turns it into actionable information, helping readers find their ideal supplier, track market shifts and
navigate global trade
Key stats
3.3 billion+ shipments are recorded through ImportGenius
The company has insights into shipment-level records across more than 25 countries
ImportGenius has served more than 50K businesses
More than 8 million US importers are tracked
There is shipment data on more than 16 million importers and exporters around the world
ImportGenius can offer shipment-level insights into global trade (Credit: Getty Images)
Supply chain impact
In 2025, ImportGenius launched GlobalPro, its annual subscription service which offers enterprise-level access to US trade data, which is updated daily. This means there was more thorough visibility into global trade, faster time-to-value for sourcing and logistics teams and a greater depth of coverage.
As tariffs and
supply chain volatility
became a major concern for organisations in 2025, this service came at a crucial period. This level of insight into competitors and their international clients helped increase clarity for decision-makers. As new trade lanes were being established and cross-border strategies were becoming more complex, this data helped increase cohesion across data sets.
According to the Bureau of Labor Statistics, 50% of US businesses close within five years, and 65% close within a decade.
ImportGenius CEO Michael Kanko points to a decline in competitiveness as a core reason. There are large numbers of competitors, but they lack the information to drive them into more innovative action.
ImportGenius, therefore, aims to increase this competitiveness by offering succinct data points about global supply chains. The increased level in transparency and cohesion helps drive business decisions and also influences wider
industry policy
We didn’t just create a tool: we created an entirely new way for businesses to see the world. Our data has changed supply chains, influenced policy and made businesses better and safer.
Founder & CEO of ImportGenius, Michael Kanko
Founder & CEO of ImportGenius, Michael Kanko. Credit: ImportGenius
ImportGenius, therefore, is helping organisations turn trade data into sourcing intelligence and supply chain analytics, offering shipment-level intelligence which provides strong market insights for supplier relationship management. Through this, clients can gain verified information on potential suppliers, market risk and sourcing opportunities.
Key companies
CEO: Tim Cook
HQ: California, US
Apple Inc. is a global technology leader headquartered in Cupertino, California, designing consumer electronics, software, and services worldwide. The company became ImportGenius's breakthrough case study in 2008 when trade data uncovered 188 unrecorded containers with the unreleased iPhone 3G. This discovery demonstrated customs intelligence power for competitive analysis, establishing ImportGenius as credible and proving shipping manifests reveal strategic insights before announcements.
CEO: Abe Eshkenazi
HQ: Illinois, US
The Association for Supply Chain Management (ASCM) is the global leader in supply chain education and certification. Serving 150,000+ professionals worldwide, ASCM offers industry credentials including CSCP and CPIM. The organization provides research, training, and networking that advance supply chain excellence. ASCM standards help professionals leverage intelligence platforms like ImportGenius to optimize sourcing decisions, manage supplier relationships, and build data-driven resilient supply chains.
Company portals
ImportGenius
Executives
Michael Kanko
Co Founder",full,,dom_or_structured_full_text,,https://supplychaindigital.com/news/importgenius-turning-trade-data-into-sourcing-intelligence,Supply Chain Digital,综合媒体,关键原材料/矿产,2026-09-24T00:17:52+00:00,未分类,,,[],unclassified,2026-09-24T00:51:56.578263+00:00,glm-5.2,2026-09-10,
Anchr: Building an AI Workforce for Physical Supply Chains,2026-09-23,"Anchr: Building an AI Workforce for Physical Supply Chains
Prioritise Us
on Google
Tzar Taraporvala and Smayan Mehra, Founders of Anchr. Credit: Anchr
AI operating system Anchr is modernising the critical food distribution industry following the raising of US$5.8m, explains Co-Founder Tzar Taraporvala
The food industry is a critical part of the global supply chain, but it is also becoming increasingly complex.
With ongoing disruption in the form of climate change impacting crop production, food supply chains are undergoing a period of vulnerability.
Alongside this, an
ageing workforce
and a growing skills gap is putting pressure elsewhere in the chain.
Anchr, therefore, was founded with the aim of simplifying and modernising the food distribution industry in order to drive
efficiency and resilience
within the sector.
A critical industry
The food distribution industry is one of incredible scale and huge importance. Massive amounts of food are distributed around the world every day, being transported across land, seas and skies to get to its final destination.
With this, however, comes a significant amount of risk. Food waste is a major problem within the industry, as products need to be kept in carefully controlled temperatures to arrive in the ideal condition, and certain products get damaged in transit.
It is a complex supply chain, made up of fast hand-offs, regular temperature checks and a knowledge that speed is key.
However, with increasing regulations, ongoing volatility and worsening climate conditions, the food distribution network is even more complex than it ever has been.
To meet modern expectations and navigate this complexity, Anchr has been developed. This platform is an AI operating system, working to unify sales, operations, logistics, inventory and finance into a single layer. Fragmented ERP data becomes transformed into actionable insights and
real-time visibility
Through this, teams can reduce waste, protect margin and execute actions faster.
The numbers
With anchr, users are seeing 99% less errors and less operational waste
Businesses are witnessing healthier finances with 30% more margin
15k+ hours have been saved
Anchr raised US$5.8m
With the Order Intake Agent, there is a projected US$350k in annual productivity gain
Tzar Taraporvala and Smayan Mehra Co-Founders at Anchr
Modernising workflows
Anchr was co-founded by childhood best friends Smayan Mehra and Tzar Taraporvala. With an aim of tackling some of the most impactful challenges in the industry, the pair set out to build the first end-to-end AI operating system.
Food distributors source, move and deliver the vast majority of the food we eat. They are the operational backbone of the
food supply chain
. And yet, this trillion-dollar industry still runs on fragmented software, manual workflows and systems built decades ago. The result is labor shortages, margin compression and massive operational inefficiency across a sector that the country depends on every single day.
Tzar Taraporvala, Co-Founder at Anchr, on LinkedIn
Earlier this year, the AI-powered
startup raised
US$5.8m in order to modernise the back-office functions of the food distribution network. Its investors included Anterra Capital, a16z Speedrun and Offline Ventures.
Anchr’s agents are directly embedded into a distributor’s workflows, automating administration and providing customers with increased operating leverage.
Food supply chains are becoming increasingly complex. Credit: Unsplash
Industry-wide solutions
Though it started as a food company, its solutions are being used across a range of industries, working across businesses that buy and move physical products.
Its solutions are being used across Industrial & MRO, moving parts, tools and maintenance supplies that are critical for operations.
Anchr is also being used in the healthcare and pharmaceutical industry, as the products need to meet heightened regulatory requirements and need thorough
traceability standards
. Anchr’s agents offer these capabilities, with reliable and dependable data.
Items that have specialised and technical needs, such as electrical and plumbing products are also being transported with greater efficiency due to Anchr’s technology.
Around the world, companies are seeing the mass benefits of automating their back-office functions, with cost savings, productivity gains and greater accuracy.
We are building the first end-to-end AI operating system for supply chains, designed to automate the tedious back-office work that has burdened this industry for far too long. We don't just go end-to-end, we provide a truly bespoke solution.
Smayan Mehra, Co-Founder at Anchr
Key companies
Anterra Capital
Managing Partner: Adam Anders
HQ: Amsterdam
Anterra Capital is a venture capital firm specializing in agri-food technology. They focus on sustainable food systems, backing startups in agriculture, aquaculture, alternative proteins, and supply chains. With sector expertise, Anterra supports companies developing technologies to improve efficiency and reduce environmental impact. They invest in Series A and B rounds, partnering with entrepreneurs transforming the global food value chain throughout Europe.
a16z Speedrun
General Partners: Andrew Chen and Jonathan Lai
HQ: California, US
a16z Speedrun is Andreessen Horowitz's elite startup accelerator program designed for pre-seed and seed-stage companies. The intensive program provides founders with $750,000 in funding, hands-on mentorship from a16z partners, and access to their extensive network. Over several weeks, participants rapidly build and refine their products, validate market fit, and prepare for growth, culminating in a demo day presentation to investors.
Offline Ventures
Co-Founders: Dave Morin and Brit Morin
HQ: California, US
Offline Ventures is a venture capital firm investing in early-stage technology companies, focusing on consumer, marketplace, and infrastructure businesses. The firm emphasizes hands-on partnership, providing strategic guidance and network access. Offline Ventures invests in seed and Series A rounds, backing entrepreneurs building transformative companies. They value authentic relationships with founders and actively help startups navigate growth challenges and scale successfully.
Company portals
Executives
Smayan Mehra
Co-Founder
Tzar Taraporvala
Co-Founder",full,,dom_or_structured_full_text,,https://supplychaindigital.com/news/anchr-building-an-ai-workforce-for-physical-supply-chains,Supply Chain Digital,综合媒体,关键原材料/矿产,2026-09-24T00:17:54+00:00,未分类,,,[],unclassified,2026-09-24T00:51:56.578263+00:00,glm-5.2,2026-09-10,
"Nissan reveals its newest EV, an affordable electric city cruiser with 259 km of range [Images]",2026-09-23,"Peter Johnson
| Sep 23 2026 - 7:17 am PT
The Pixo is back, but this time it’s an all-electric city cruiser set to become
Nissan’s
most affordable EV starting under $25,000.
Meet the Nissan Pixo EV, an affordable electric city car
After discontinuing the budget city car in 2013, Nissan is reviving the Pixo name for its new entry-level EV.
The Pixo EV marks Nissan’s return to Europe’s minicar segment, which is seeing a surge of low-cost electric vehicles primarily driven by Chinese automakers like BYD and Leapmotor.
European legacy automakers, such as Volkswagen and Renault, are leading a counter-offensive, with new EVs like the ID. Polo and the Dacia Spring.
Nissan is the latest with plans to enter Europe’s growing electric A-segment market. Developed through its partnership with Renualt, the Pixo EV shares the same underpinnings as the Renault Twingo.
It uses a 27.5 kWh lithium iron phosphate battery, the first LFP battery in a Nissan EV in Europe, providing a WLTP range of up to 259 km (161 miles).
Using a 50 kW DC fast charger, the Pixo EV’s battery can charge from 15% to 80% in about 28 minutes.
Nissan said the new Pixo EV is designed for “drivers looking for an accessible electric city car that combines compact dimensions, practical interior space, modern connectivity and everyday usability.”
Measuring 3,796 mm long, 1,790 mm wide, and 1,512 mm tall, with a 2,492 mm wheelbase, Nissan’s new Pixo EV is nearly identical in size to the Renault Twingo and Hyundai Inster.
Although it’s an entry-level model, the electric city car will be equipped with advanced driver assistance systems, including automated emergency braking, lane-keeping assist, and e-Pedal technology.
It also has Google built-in, including Gemini, providing “intuitive” navigation, such as real-time route planning and charging, which can be accessed through the MyNissan app.
The Pixo EV is designed by Nissan, but will be produced at Renault’s Novo Mesto manufacturing plant in Slovenia.
“As fuel costs rise, the case for switching to electrified vehicles only grows stronger. Nissan is right at the heart of that shift,” Massimiliano Messina, Chairperson, Nissan AMIEO, said after unveiling the new entry-level EV on Wednesday.
日産の新型コンパクトカーがスパイショットされました。
ルノー トゥインゴがベースと思われます。
https://t.co/RaatZIjEVq
は、車名は「ウェーブ」であると報道しています。
We got an
early look at the new mini EV
in public earlier this month. Although it’s still covered, spy images from
offered a glimpse of what the Pixo EV looks like in real life.
Nissan will announce market-specific prices in December, but the Pixo EV is expected to start at under €20,000 ($23,000), before subsidies or incentives. It will sit below the Micra in Nissan’s growing European EV lineup as a twin to the Renault Twingo.
Those in the US will miss out on the new Pixo EV, yet another affordable electric vehicle. Nissan developed it specifically for European cities, and it’s produced in Slovenia.
Featured
Subscribe to Electrek on YouTube for exclusive videos
and subscribe to the
Comments
Peter Johnson is covering the auto industry’s step-by-step transformation to electric vehicles. He is an experienced investor, financial writer, and EV enthusiast. His enthusiasm for electric vehicles, primarily Tesla, is a significant reason he pursued a career in investments. If he isn’t telling you about his latest 10K findings, you can find him enjoying the outdoors or exercising",full,,dom_or_structured_full_text,,https://electrek.co/2026/09/23/nissan-reveals-new-affordable-pixo-ev-259-km-range/,Electrek,电池,EV,2026-09-24T00:18:22+00:00,通用技术 > 通信和运输 > 物质运输 > 陆路运输,通用技术,陆路运输,"[{""path"":[""通用技术"",""通信和运输"",""物质运输"",""陆路运输""],""path_text"":""通用技术 > 通信和运输 > 物质运输 > 陆路运输"",""confidence"":0.9,""reason"":""核心事件是日产发布平价纯电城市小车，属于电动汽车领域""}]",classified,2026-09-24T00:51:56.578263+00:00,glm-5.2,2026-09-10,
Tesla’s 'hardcore lawyers' went a little too hardcore,2026-09-23,"Tesla’s racism trial in California opened Monday with a bad day for the company’s lawyers. The first witness testified that a senior Tesla in-house attorney had called him last week and let him believe he was working for the state, according to Law360 (paywall).
That same morning, Tesla’s outside counsel told the judge the N-word is a “term of respect and endearment” in the Black community. Both happened in front of Judge Peter Borkon, the one person who will decide the case.
Back in May 2022, three months after California first sued Tesla over racism at Fremont, Elon Musk announced that Tesla was building a “hardcore litigation department where we directly initiate and execute lawsuits,” with the team reporting directly to him. We found the timing strange back then, and Monday gave a good look at what “hardcore” means in practice.
Musk also promised Tesla would never settle an unjust case. It has since settled another racism lawsuit and partly settled the Vaughn class action, with about 580 workers still pressing individual claims.
But Tesla’s ‘hardcore lawyers’ went a little too hardcore in this case. Some would even call it witness tampering.
The call from Tesla’s lawyer
The California Civil Rights Department (CRD) is suing Tesla on behalf of more than 6,000 Black workers at its Fremont factory, as we reported when the trial opened. It’s a bench trial in Alameda County Superior Court, damages are uncapped, and it’s expected to run through October.
The CRD’s first witness was former Tesla worker Ryan Edwards. At the end of his direct examination, he told Borkon about a call last week from Timothy Kim, senior corporate counsel on Tesla’s employment litigation team.
Kim left a voicemail saying he was an attorney “handling the Tesla civil rights case,” Edwards testified. They then talked for about 30 minutes. Over that call, Kim kept steering him toward saying Tesla wasn’t a bad place to work, and even that it was the best job he ever had.
Edwards had his own lawyer at the time. Kim offered to represent him anyway and asked what settlements he’d signed or would consider. Edwards said it was only when Kim started reciting the full names of his old Tesla managers and supervisors that he understood the lawyer was on Tesla’s side, not the state’s.
Kim’s LinkedIn profile carries a single quote from Thomas Jefferson next to his job title: “We prefer war in all cases to tribute under any form and to any people whatever.”
Four more witnesses gone quiet
CRD attorney Juan Gamboa asked Borkon to bar Tesla’s counsel from contacting anyone on the agency’s witness list.
He told the court the CRD had tried to reach at least four other listed witnesses over the past several days without getting a response, and that they’ve fallen “off our radar.” The agency believes Tesla’s lawyers got to them too, either with payments not to testify or by talking them out of it. Gamboa wants to stop Tesla from offering to represent witnesses “through persuasion and payment.”
Borkon didn’t rule on it right away. During a break, he told the CRD to file a formal motion if it wants the order. Tesla hasn’t commented publicly, and it no longer has a PR department to ask.
‘The N-word is not on trial here’
Tesla’s trial lawyer is Tyree P. Jones Jr. of Polsinelli PC. In his opening, he pointed to rap lyrics from Kanye West and Jay-Z to argue the slur is a term of endearment in the Black community. “This trial is not about the N-word — the N-word is not on trial here,” Jones said.
His case is that Tesla has “don’t do stupid stuff” policies, keeps adequate records, disciplines misconduct, and brought 20,000 jobs to Fremont. “The question is what is there to enjoin? The answer to that is: nothing,” he said.
The testimony that followed didn’t help. Edwards said a non-Black coworker called him the N-word, cursed at him, and threatened to beat him up. He reported it right away. A month later, he found out his managers had written him up over the incident, and he was later passed over for promotions after applying to more than 100 jobs.
The CRD’s Brett Watson told the court the evidence will show managers calling Tesla “the plantation,” with some referring to themselves and Elon Musk as “slave masters,” and graffiti including swastikas, “KKK,” and nooses left on factory walls for days.
The second witness, former regional security manager Ozell Murray, testified that his supervisor, Ray Sethna, now Tesla’s senior director of global security, told him to warn a Black Marine veteran he was hiring: “just be sure [the veteran] knows he’ll be called those words.”
Electrek’s Take
Lawyers talk to former employees before trial all the time. But California’s professional conduct rules are clear on two things: you don’t contact someone about a case when you know they have a lawyer, and you don’t let an unrepresented person misunderstand whose side you’re on. Edwards had a lawyer, and by his account, he spent a good part of a 30-minute call thinking Tesla’s attorney worked for the state.
Then 4 other witnesses contacted the same way have disappeared from the case.
Top comment by Beario
Building a hardcore legal team is something you do when you know you have problems and you want to minimize the damage that is coming. It is highly unlikely that 6000 people would have so many stories to tell about an abusive work environment that clearly wasn't managing the conditions correctly and anyone filing complaints were exposed to retaliation. It will be interesting to see the extent things went as the facts unfold in these cases.
Tesla will get to tell its side. But look at what the call was for, according to the testimony. Get a Black former worker, in a case about Black workers being called “slaves,” to say Tesla was the best job he ever had. Ask what settlement he’d take. Offer to be his lawyer. That’s not a witness interview.
And then there’s the defense strategy. Arguing that the N-word is a term of endearment, in a trial where the first witness says a non-Black coworker used it while threatening to beat him up, is not really endearing. So is doing it in front of the judge who alone decides whether Tesla gets hit with an injunction and uncapped damages.
Musk wanted a hardcore litigation team, and one of its lawyers apparently has a Jefferson quote about preferring war on his LinkedIn. Mission accomplished. We’ll see if Borkon is impressed.
Whatever happens in that courtroom, the cheapest way to power any EV is still with your own rooftop solar. With electricity rates up almost 10% last year and expected to keep climbing, going solar is one of the best ways to protect yourself against rising costs. And with lease and PPA options, you can do it with zero upfront cost and start saving immediately. If you want to find the best deal, check out EnergySage. It’s a free service with hundreds of pre-vetted installers competing for your business, so you save 20 to 30% compared to going it alone. No sales calls until you pick an installer. Get your free quotes here.
FTC: We use income earning auto affiliate links. More.",full,,trafilatura_full_text,,https://electrek.co/2026/09/23/tesla-hardcore-lawyers-misled-witness-racism-trial/,Electrek,电池,EV,2026-09-24T00:18:24+00:00,未分类,,,[],unclassified,2026-09-24T00:52:02.711020+00:00,glm-5.2,2026-09-10,
Donut Lab really wants us to believe its 'miracle solid-state battery' is real,2026-09-23,"Donut Lab
Fred Lambert
| Sep 23 2026 - 6:27 am PT
An Intertek lab in the UK found just 3.4 ppm of lithium in a sample of Donut Lab’s “solid-state” battery, and the Finnish startup is now using that result to argue its cell is neither lithium-ion nor sodium-ion.
But the report measured just two elements, on a cell Donut Lab took apart itself. And nine months after CES, there’s still no production vehicle running on the battery.
A two-element test
The Finnish startup says the goal was to end the debate over what’s inside its cell. “We wanted to put this speculation to rest with an independent test demonstrating that it is neither a lithium-ion nor a sodium battery,” CEO Marko Lehtimäki said in the announcement.
That speculation didn’t come out of nowhere. In June, battery researcher Ziroth and more than 20 experts
concluded that the cell Donut Lab sent to VTT behaved like a high-nickel lithium-ion cell with a graphite anode
, based on its voltage curve and swelling data.
Intertek’s report
, from its lab in Wilton, UK, is short. Analysts cut about 0.5 g of material from anode, cathode, and current collector pieces, digested it in nitric acid, diluted it to 50 ml, and ran it through an ICP-OES instrument. Results: 3.4 ppm lithium and 632 ppm sodium by weight.
A lithium-ion cell carries lithium in the percent range. So if that sample is what Donut Lab says it is, there’s essentially no lithium in it.
The lab work itself is fine. The problems start with everything around it.
What the report doesn’t show
Start with the scope. The job Donut Lab ordered was literally “Quantification of Li and Na by ICP-OES.” Nothing else was measured. The report tells you two things the cell isn’t and zero things about what it is. Potassium, magnesium, zinc, and aluminum were never tested, and Donut Lab still won’t name its chemistry beyond “widely available, affordable and geopolitically secure materials.”
Then there’s the sample. According to Intertek, “the samples were delivered in a tear down condition by Donut Lab.” Intertek didn’t open a cell. It matched the pieces to another Intertek report (2608094STO-003) that hasn’t been made public, and the analyzed sample is labeled simply “Pouchcell – Cell 1.” The words “Donut Battery” appear nowhere in the report, and nothing ties this sample to the V1.5 cell that VTT tested for energy density.
The press release also says the samples included “the electrolyte situated between” the anode and cathode. Intertek’s report says otherwise, three separate times: only anode, cathode, and current collector parts were analyzed. In a solid-state battery, the electrolyte layer is a pretty important place to look for lithium.
And the report went through three versions in five days. The first was issued September 17. A September 21 revision updated the “sample description and origin of samples,” and a September 22 revision made a “wording change requested in experimental.” That’s a lot of editing for a report with a single two-column results table.
Finally, Intertek notes that “opinions and interpretations contained herein are outside the scope of UKAS accreditation.” The line that “it is not even possible to build a functional battery with such small amounts of active materials” comes from Donut CTO Ville Piippo, not the lab.
It makes the 409 Wh/kg claim harder to believe
Near-zero lithium and sodium fits one theory that has followed Donut Lab since CES: a supercapacitor or hybrid capacitor, with carbon electrodes and an electrolyte that doesn’t rely on either element. That would line up with the fast-charging and cycle-life claims. It wouldn’t line up with energy density.
Earlier this month, VTT measured
409.3 Wh/kg on a Donut “V1.5” cell
, cycled between 2.3 V and 4.25 V. That’s a textbook lithium-ion voltage window, and 409 Wh/kg is a number advanced silicon-anode lithium-ion cells already hit.
No rechargeable chemistry without lithium or sodium has come anywhere close to that in a real cell. So either Donut Lab has quietly invented a chemistry that beats every battery lab on the planet, or the cell VTT tested and the pieces Intertek analyzed aren’t the same thing. This report doesn’t tell us which.
Electrek’s Take
We don’t care much anymore whether Donut Lab’s battery is solid-state and these vague and limited tests that may or may not prove otherwise do very little to Donut Lab’s credibility.
Solid-state cells exist. QuantumScape, Factorial, Samsung SDI, and Toyota all have them running in labs and prototype vehicles, and all of them are still working toward mass production. A startup with a promising solid-state prototype is not news in 2026.
The only thing that made Donut Lab interesting was the production claim. At CES in January, it said it had the “world’s first solid state battery that is ready for use in OEM vehicle manufacturing,” with
Verge motorcycles delivering to customers in Q1 2026
. Lehtimäki said it was “already in production.”
We’re now at the end of September. There’s no production vehicle on the road with this battery, the Q1 “production” bikes were pre-production units, and Lehtimäki himself admitted that the 409 Wh/kg cell “is not even the cell that’s going to be shipped to customers.”
So the claim that set Donut apart turned out to be wrong, and every new report since has been built to answer a different question than the one that matters.
With electricity rates up almost 10% last year and expected to keep climbing, going solar is one of the best ways to protect yourself against rising costs. And with lease and PPA options, you can do it with zero upfront cost and start saving immediately. If you want to find the best deal, check out
EnergySage
. It’s a free service with hundreds of pre-vetted installers competing for your business, so you save 20 to 30% compared to going it alone. No sales calls until you pick an installer.
Get your free quotes here
Featured
Subscribe to Electrek on YouTube for exclusive videos
and subscribe to the
Comments
Fred is the Editor in Chief and Main Writer at Electrek.
Through Zalkon.com, you can check out Fred’s portfolio and get monthly green stock investment ideas.
Fred Lambert's favorite gear
Combat Edge
Get an edge on MMA with the best stats
EnergySage
EnergySage helps you get the best price possible on a home solar installation for free and without hassel.",full,,dom_or_structured_full_text,,https://electrek.co/2026/09/23/donut-lab-intertek-lithium-test-solid-state-battery/,Electrek,电池,EV,2026-09-24T00:18:26+00:00,零碳产业 > 能量转化 > 能量存储 > 电化学储能 > 二次电池 > 传统蓄电池 > 固态电池,零碳产业,固态电池,"[{""path"":[""零碳产业"",""能量转化"",""能量存储"",""电化学储能"",""二次电池"",""传统蓄电池"",""固态电池""],""path_text"":""零碳产业 > 能量转化 > 能量存储 > 电化学储能 > 二次电池 > 传统蓄电池 > 固态电池"",""confidence"":0.9,""reason"":""新闻核心是关于初创公司固态电池技术真伪的检测与争议。""}]",classified,2026-09-24T00:52:02.711020+00:00,glm-5.2,2026-09-10,
"Get paid to charge, a free charger, *and* save the grid with a new GM EV in CA",2026-09-23,"GM Energy
Jameson Dow
| Sep 23 2026 - 6:00 am PT
General Motors and Pacific Gas and Electric are running a deal to give new EV buyers a free charger, get paid to charge, and save the grid all at the same time. What’s not to love?
Much has been said about the strain on the grid that could be produced by EVs. If we suddenly put all the energy use that cars represent onto a grid that’s already overloaded, won’t that be an issue?
In a naive view perhaps… but in fact, electric cars can
the grid
Currently, electric grids fluctuate throughout the day, usually somewhat predictably. People use more electricity when it’s hot or cold out (to run HVAC), and more electricity in the evening hours when doing chores like cooking and laundry. And typically people use the least electricity at night, when they’re asleep.
But it’s harder to run power plants for just a couple hours every day, which means electricity is expensive in those hours of peaks in demand, and cheaper in the troughs in demand.
The beauty of electric cars, though, is that they have large batteries and therefore can be charged at whenever is the most opportune time throughout the day. This is usually nighttime, but not always (for example, in Australia, they have so much solar they’re
literally giving it away
during the day).
This is why utilities often offer “time of use” rates, giving cheaper electricity at off-peak times. Many EV drivers have taken advantage of this to charge up for cheap, making driving an EV even more comparatively cheap at a time when
unnecessary conflict drives gas prices higher everywhere
But sometimes time of use rates aren’t enough, so another concept has come forward: managed charging.
Remote-controlled charging can save the grid and make you money
This utilizes a constant internet connection, either from the charger or the EV charging on it, so let a utility remotely control your charge sessions, charging when there is an excess of electricity on the grid. In practice, you tell the system how full you want your car to be and when, and then the system handles the rest.
In return, utilities offer some sort of incentive. It saves them money to do this, so they pass the savings on to you. This is usually in the form of a credit on your electricity bill.
PG&E, in Northern and Central California, has a program for this which it calls its
“Charge Manager” program
. Other utilities have a similar program, like
SoCal Edison’s Charge Ready program
. They usually require a specific type of charger or car that supports the protocols used to manage your charging sessions.
These programs differ from “bidirectional charging” or V2G/V2H programs you might have heard of, as they don’t actually require you to send any energy back to the grid, merely to wait to charge until the times that the grid wants you to charge. So it’s a lot easier in terms of installing equipment, as you really just need a charger that can be controlled remotely.
And now, PG&E and GM Energy are pairing up to offer an incentive on new GM EVs that helps get them on a managed charging program like this
GM and PG&E’s new deal pays you for helping with grid resilience
new program announced today
, which GM is calling the “Smart Charge Bundle,” offers a free GM PowerShift ($1,399-$1,999) or PowerUp2 ($899) home charger when a new GM EV is purchased from a participating GM dealer in Northern or Central California by a buyer who has PG&E residential service. You’ll have to pay for installation, and use GM’s selected installation partner (Electrum) to install the equipment.
Then, once you have the participating charger, as long as you have OnStar (GM’s connected vehicle software), you’ll get a $15 monthly bill credit for participation in the Charge Manager program, and an additional up to $50 per month based on how much of your charging gets shifted onto optimal times.
The deal covers basically all of GM’s electric model line – any Chevrolet, Cadillac or GMC EV, and will run until February 2027 or until the program hits its capacity.
If you’re looking for a GM EV and live in PG&E’s service area, you can use our links below to reach out to local dealers about these popular EVs. But definitely ask if they’re participating in the Smart Charge Bundle program before you go all in:
2027 Chevy Bolt EV
2027 Chevy Equinox EV
2027 Chevy Blazer EV
2027 Chevy SIlverado EV
2027 GMC Sierra EV
2027 Cadillac Optiq
2027 Cadillac Lyriq
2027 Cadillac Vistiq
2027 Cadillac Escalade IQ
Then, you can head over to
PG&E’s enrollment portal for GM Energy products
to make sure you’re all signed up.
Charge your electric vehicle at home using rooftop solar panels. Find a reliable and competitively priced solar installer near you on
EnergySage
, for free. They have pre-vetted installers competing for your business, ensuring high-quality solutions and 20-30% savings. It’s free, with no sales calls until you choose an installer. Compare personalized solar quotes online and receive guidance from unbiased Energy Advisers. Get started
Featured
Subscribe to Electrek on YouTube for exclusive videos
and subscribe to the
Comments
Jameson has been driving electric cars since 2009, and covering EVs, sustainability and policy for Electrek since 2016.
Jameson Dow's favorite gear
Aptera Referral Code
Use our Aptera Referral Code for $30 off a reservation for the upcoming Aptera solar electric vehicle.
EnergySage
Find a reliable home solar/battery installer and save 20-30% compared to going it alone.",full,,dom_or_structured_full_text,,https://electrek.co/2026/09/23/get-a-free-charger-get-paid-to-charge-and-save-the-grid-with-a-new-gm-ev-on-pge-in-california/,Electrek,电池,EV,2026-09-24T00:18:27+00:00,零碳产业 > 能量转化 > 能量分配与运输 > 虚拟电厂与电力交易,零碳产业,虚拟电厂与电力交易,"[{""path"":[""零碳产业"",""能量转化"",""能量分配与运输"",""虚拟电厂与电力交易""],""path_text"":""零碳产业 > 能量转化 > 能量分配与运输 > 虚拟电厂与电力交易"",""confidence"":0.85,""reason"":""核心事件是EV有序充电/付费充电参与电网调峰与电价交易机制。""},{""path"":[""通用技术"",""通信和运输"",""物质运输"",""陆路运输""],""path_text"":""通用技术 > 通信和运输 > 物质运输 > 陆路运输"",""confidence"":0.7,""reason"":""事件围绕GM电动汽车购买与充电展开。""}]",classified,2026-09-24T00:52:02.711020+00:00,glm-5.2,2026-09-10,
Trucks gone wild! VinFast launches VF Wild EREV pickup,2026-09-23,"electric trucks
Jo Borrás
| Sep 23 2026 - 5:25 am PT
With more than 250 km (~155 miles) of battery-only range, genuine off-road capability, and a range extending ICE motor that pushes total range well past 1,000 km (~620 miles), VinFast’s new VF Wild is shaping up to be an interesting entry in the electrified truck race.
First shown as an all-electric concept back in 2024
, the production version of the new VF Wild pickup is still motivated by an electric motor putting out 160 kW (~215 hp) and 280 Nm (~205 lb-ft.) of torque drawing power from a relatively modest 46.4 kWh LFP battery pack (
compared to the monster 205 kWh battery in GM’s electric trucks
, anyway). That setup is good enough to get VF Wild drivers about 250 km away (NEDC) from where they started before the ICE generator kicks in to keep the party going.
But, crucially,
that’s all it does
. VinFast is quick to point out that its internal combustion engine is purely a range-extender, and that the vehicle is driven solely by its electric motors for a driving experience that’s much closer to a “pure” EV than it is to a conventional hybrid.
Information on the ICE is limited, but Vietnamese-language
is reporting a 1.5L petrol (gas)
engine under the hood
Shooting for the stars
VF Wild, after dark; by VinFast.
The cold, hard numbers on this thing are interesting. At 5,376 mm long, 2,069 mm wide, and 1,873 mm tall with a 3,258-mm wheelbase, the VF Wild seems to be taking aim at industry heavyweights like the Ford Ranger and
Toyota HiLux
, but those can’t be had as EREV’s, making me think of the old adage that goes “aim for the moon, end up among the stars.”
It remains to be seen how well the new VF Wild will do in the global market, but it seems worth noting that VinGroup (VIC.VN)
is profitable
. The company had a record 2025 posting more than $12.8 billion in revenue and nearly $430 million in net (not gross)
unlike some pretty notable others in the industry
they’re currently expanding their global operations
No word yet on any plans to bring the VF Wild to North America – if and when it ever does arrive, however, it will probably be priced right. The starting price for the new VinFast EREV pickup is “just” 860 million
, which works out to ~33,000USD as I type this.
Inside, the truck features a flat floor, a 10″ touchscreen infotainment system in the center console spot, and reclining rear seats. Like other VinFast models (and the Saturn Ion, and first-gen Toyota Prius), the VF Wild lacks an instrument cluster in front of the driver. You can see the interior for yourself, below, then let us know what you think of VinFast’s newest production offering in the comments.
Wild interior
If you’re considering going solar, it’s always a good idea to get quotes from a few installers. To make sure you find a trusted, reliable solar installer near you that offers competitive pricing, check out
EnergySage
, a free service that makes it easy for you to go solar. It has hundreds of pre-vetted solar installers competing for your business, ensuring you get high-quality solutions and save 20-30% compared to going it alone. Plus, it’s free to use, and you won’t get sales calls until you select an installer and share your phone number with them.
Your personalized solar quotes are easy to compare online and you’ll get access to unbiased Energy Advisors to help you every step of the way.
Get started here
Featured
Subscribe to Electrek on YouTube for exclusive videos
and subscribe to the
Comments
I’ve been involved in the electric vehicle transition in one way or another since 1997, and have covered the industry as a journalist since 2008. You can catch more of my work on Quick Charge and The Heavy Equipment Podcast with Mike Switzer.
NOTE: any opinions expressed here are solely my own and do not necessarily reflect those of the Federal government, the State of Illinois, Electrek, or anyone else. Nothing here should be interpreted as a statement of official policy, legal guidance, or an endorsement unless expressly labeled as such.
Jo Borrás's favorite gear
ENERGYSAGE
Find a reliable home solar and battery installer and save 20-30% compared to going it alone.
Qmerit makes electrification easy — connecting you with trusted pros who get it done right.",full,,dom_or_structured_full_text,,https://electrek.co/2026/09/23/trucks-gone-wild-vinfast-launches-vf-wild-erev-pickup/,Electrek,电池,EV,2026-09-24T00:18:29+00:00,通用技术 > 通信和运输 > 物质运输 > 陆路运输,通用技术,陆路运输,"[{""path"":[""通用技术"",""通信和运输"",""物质运输"",""陆路运输""],""path_text"":""通用技术 > 通信和运输 > 物质运输 > 陆路运输"",""confidence"":0.92,""reason"":""核心事件是VinFast发布增程式电动皮卡新车。""}]",classified,2026-09-24T00:52:02.711020+00:00,glm-5.2,2026-09-10,
Poland offers 76 TWh in November renewables auctions - pv magazine Global,2026-09-23,"Markets & Policy
Poland’s Energy Regulatory Office (URE) has put almost PLN 25 billion ($6.5 billion) of renewables support up for bid in November, with PV and onshore wind taking most of it.
Brian Publicover
23 Sep 2026
Markets & Policy
Utility-scale
Katowice, Poland
Poland’s Energy Regulatory Office (URE) will run seven price-only auctions for new renewable energy installations from Nov. 2 to Nov. 10, with PV and onshore wind allocated most of the support on offer.
The auctions can award support for a little more than 76 TWh of renewable electricity worth almost PLN 25 billion, URE said on Sept. 22. Of that total, 64.5 TWh worth a little more than PLN 17.9 billion is reserved for PV and onshore wind.
The largest pot, 53.25 TWh, is set aside for PV and onshore wind projects larger than 1 MW, which will compete in the final auction, AZ/7/2026, on Nov. 10.
Bids will be assessed on price alone, and only new installations can take part, under a 2022 government regulation that sets maximum auction volumes and values for each year through 2027. Maximum bid prices are set by a November 2023 regulation from the Ministry of Climate and Environment.
In last year’s equivalent auction, AZ/7/2025, held July 9, 2025, URE received 98 bids and selected 76, at prices ranging from PLN 100.00/MWh to PLN 329.68/MWh, according to results the regulator published July 11, 2025. Of the 129 winning bids across the 2025 round, 126 were for PV projects and three for onshore wind,
with PV allocations totaling 1.67 GW
URE said auctions held since 2016 have contracted nearly 307 TWh of renewable electricity, worth close to PLN 77 billion.",full,,dom_or_structured_full_text,,https://www.pv-magazine.com/2026/09/23/poland-offers-76-twh-in-november-renewables-auctions/,pv magazine,综合新能源,光伏、氢能、储能,2026-09-24T00:18:49+00:00,零碳产业 > 能量转化 > 能源测 > 一次能源转化 > 太阳能转化 > 光伏,零碳产业,光伏,"[{""path"":[""零碳产业"",""能量转化"",""能源测"",""一次能源转化"",""太阳能转化"",""光伏""],""path_text"":""零碳产业 > 能量转化 > 能源测 > 一次能源转化 > 太阳能转化 > 光伏"",""confidence"":0.9,""reason"":""波兰可再生能源拍卖中光伏获得最大份额支持，是核心对象。""},{""path"":[""零碳产业"",""能量转化"",""能源测"",""一次能源转化"",""风电""],""path_text"":""零碳产业 > 能量转化 > 能源测 > 一次能源转化 > 风电"",""confidence"":0.7,""reason"":""陆上风电与光伏共同构成拍卖的主要支持对象。""}]",classified,2026-09-24T00:52:02.711020+00:00,glm-5.2,2026-09-10,
"Amazon, Nadara switch on 277 MW agrivoltaic facility in Italy - pv magazine Global",2026-09-23,"Applications & Installations
Nadara has completed the 227 MW Big Fish agrivoltaic project in Sicily, backed by a 156 MW PPA with Amazon and described by the developer as Italy’s largest agrivoltaic facility. The 400-hectare project was approved with a 20 MW/40 MWh battery energy storage system.
Massimiliano Tripodo
23 Sep 2026
Applications & Installations
Utility-scale
UK-based renewable energy company Nadara has completed a 227 MW agrivoltaic project in Sicily that it describes as the largest facility of its kind in Italy.
The Big Fish project is located in the province of Catania. According to Nadara, construction was supported by a previously signed 156 MW power purchase agreement (PPA) with Amazon.
Located around 40 km from Mount Etna, the project extends across the municipalities of Catania, Lentini and Motta Sant’Anastasia. Nadara said the facility was built in 12 months, with more than 900 workers involved in construction.
The project covers around 400 hectares across 15 plots, with approximately half of the area dedicated to agricultural activities.
Nadara estimates that local municipalities will receive at least €17.25 million for services and energy-efficiency measures over the project’s operating life. The funding will support infrastructure upgrades, monitoring systems for public buildings and electric vehicles for municipal use.
The developer said environmental mitigation measures included the planting of 38,000 trees and maintenance work along 2.5 km of public waterways.
To accommodate agricultural activities, the solar panels were installed at heights of up to 3 meters. Overhead cables were routed around the perimeter of the site, while 14 wells were built or restored to provide irrigation. Beehives installed at the project are expected to produce around 4.5 metric tons of honey per year.
Regional documents show that the project’s environmental approval included a 20 MW/40 MWh battery energy storage system. Environmental approval was granted in May 2023, followed by final permit in October 2023. Subsequent approvals explicitly identify Big Fish as an agrivoltaic project including cover retention basins, hydraulic crossings and other works. In September 2025, regional authorities certified compliance with the environmental conditions imposed under the 2023 approval.
Amazon, which has set a target of reaching net-zero carbon emissions across its operations by 2040, said it has supported eight utility-scale solar projects in Italy and installed 32 solar systems at its facilities in the country. The 40 projects have a combined estimated capacity of 532 MW.
At 227 MW, Big Fish is slightly larger than European Energy’s 225.5 MW agrivoltaic project in Vizzini, also in the province of Catania, where construction began in May.",full,,dom_or_structured_full_text,,https://www.pv-magazine.com/2026/09/23/amazon-nadara-switch-on-277-mw-agricoltaic-facility-in-italy/,pv magazine,综合新能源,光伏、氢能、储能,2026-09-24T00:18:52+00:00,零碳产业 > 能量转化 > 能源测 > 一次能源转化 > 太阳能转化 > 光伏,零碳产业,光伏,"[{""path"":[""零碳产业"",""能量转化"",""能源测"",""一次能源转化"",""太阳能转化"",""光伏""],""path_text"":""零碳产业 > 能量转化 > 能源测 > 一次能源转化 > 太阳能转化 > 光伏"",""confidence"":0.95,""reason"":""核心事件是意大利大型农光互补光伏电站建成投运。""}]",classified,2026-09-24T00:52:02.711020+00:00,glm-5.2,2026-09-10,
Blue wafers are fundamentally undermining U.S. solar manufacturing - pv magazine Global,2026-09-23,"Technology & Products
The core debate shaping U.S. solar manufacturing isn’t just factory capacity, but whether facilities perform the critical P/N junction process on raw “gray” wafers or merely finish partially completed “blue” wafers imported from abroad.
Sekhar Tatineni
23 Sep 2026
Technology & Products
Manufacturing
As the United States builds a more resilient solar supply chain, the industry’s attention and data collection has primarily focused on factory capacity: how many gigawatts have been announced, how quickly facilities can begin production and where new manufacturing operations are located.
There is an often overlooked aspect of this process, however: What material enters the factory before the cells are produced? The answer can reveal whether a facility is performing the core processes, specifically P/N Junction, required to manufacture a solar cell or completing a limited number of steps on a product that has already undergone its most important transformation overseas.
This distinction is at the center of the growing discussion surrounding “gray wafers” and “blue wafers.” While the terms may sound highly esoteric, the issue has significant implications for domestic manufacturing policy, tax-credit eligibility, trade compliance and the credibility of the U.S. solar supply chain.
When does a wafer become a cell?
A gray wafer is an unprocessed silicon wafer, meaning it cannot generate electricity on its own. Turning it into a functioning solar cell requires a series of highly controlled manufacturing processes that alter its surface, electrical properties and performance.
Although specific production sequences vary by cell architecture, these processes typically include texturing and cleaning the wafer, junction formation, edge isolation, passivation, anti-reflective coating application, metallization and testing.
Among these steps, formation of the photovoltaic junction is particularly significant. The starting crystalline-silicon wafer may be either p-type or n-type. During cell manufacturing, a layer of the opposite conductivity type is introduced to form the junction necessary for photovoltaic operation. Depending on the cell architecture, this may be achieved through high-temperature dopant diffusion or through deposition of doped semiconductor layers. The junction creates the electric field that allows the device to separate charge carriers and convert sunlight into electricity. It is one of the defining technical transformations in solar cell manufacturing.
A blue wafer has its P/N junction already formed by the time it reaches the factory, and it has typically received the anti-reflective coating that gives it its blue appearance. While metallization and other finishing processes may still be required, the wafer already has the fundamental semiconductor structure that enables photovoltaic conversion.
This is why describing both materials simply as “wafers” can obscure an important difference. A gray wafer is a raw input to solar-cell manufacturing. A blue wafer is much closer to a partially completed solar cell.
Why process location matters
The current debate is about identifying where substantive manufacturing occurred.
A facility that imports gray wafers and performs the critical cell-making processes domestically is carrying out a different scope of manufacturing than a facility that imports blue wafers and completes only the remaining downstream steps.
Both operations may require equipment, workers and quality controls. However, they do not necessarily represent the same level of technical transformation, manufacturing value or domestic capability.
Policymakers have started evaluating whether federal incentives are supporting the development of an enduring U.S. solar manufacturing base. Incentives designed to encourage domestic solar cell production are most effective when they support the processes, equipment, engineering expertise and workforce required to transform a gray wafer into a functioning cell.
If nearly completed cells can enter the country as wafers and receive the same treatment as cells manufactured domestically from their initial stage, the market may reward finishing operations the same way it rewards more comprehensive manufacturing. Over time, that could weaken the incentive to invest in the full range of capabilities the United States offers.
Different rules may produce different answers
One reason the issue is complex is that “domestic” can mean different things under different regulatory frameworks.
Tax incentives, customs classifications, domestic content requirements, and antidumping and countervailing duty rules are governed by different statutes and administrative standards. A product’s treatment under one framework does not automatically determine its treatment under another.
For example, domestic content calculations examine where specific manufactured products and components are produced and how their costs are accounted for. Customs and trade authorities may apply separate standards when determining a product’s country of origin or whether duties apply.
In solar trade proceedings, the location where the P/N junction is formed has historically been an important factor in determining a solar cell’s origin. That reflects the technical significance of junction formation in creating a device capable of photovoltaic conversion.
The industry should therefore be careful not to rely on a single broad claim, such as “U.S.-made,” as a substitute for a process-specific compliance analysis. The relevant question is which manufacturing steps occurred in each country and how those steps are treated under the particular rule being applied.
Why this matters beyond the manufacturer
Questions about wafer processing can create risk throughout the solar value chain.
Module manufacturers rely on cell suppliers’ representations to determine product origin and calculate domestic content levels. Developers may use that information to model project economics and support eligibility for federal incentives. Tax-credit investors, lenders and insurers may evaluate the same documentation as part of project diligence.
If the underlying manufacturing process has been inaccurately described, the consequences may extend beyond the original supplier. Domestic content calculations could be challenged, expected incentives could be reduced and contracts could become the subject of disputes over pricing, indemnification or responsibility for inaccurate representations.
This does not mean every product involving imported blue wafers is necessarily noncompliant. The treatment will depend on the applicable law, the specific production process and the facts surrounding the transaction. It does mean that buyers and other stakeholders should understand precisely what they are purchasing and avoid treating all U.S.-
finished
cells as technically or legally equivalent.
Documentation must follow the manufacturing process
As the market matures, traceability will become as important as production capacity. A credible chain of documentation should identify the material entering the U.S. facility, where the P/N junction was formed, and which manufacturing processes were performed domestically. It should also connect those records to the finished cells and modules being supplied.
Useful diligence questions include:
What condition is the wafer in when it enters the United States?
Where does P/N junction formation occur?
Which passivation, coating and metallization processes are performed domestically?
How is the imported material classified?
Can production records trace finished cells back to specific incoming materials and process steps?
Are tax, customs and trade representations supported independently?
How are compliance responsibilities allocated in customer contracts?
These questions should become part of routine procurement rather than an exceptional audit exercise. Clear documentation protects responsible manufacturers while giving customers greater confidence in their sourcing and incentive calculations.
The industry needs process-based definitions
The blue wafer debate highlights a broader challenge for U.S. clean energy policy: Manufacturing cannot be measured solely by a factory’s address or the location of its final production step.
Effective policy must recognize where meaningful technical transformations occur. For solar cells, that requires examining the manufacturing sequence and determining where a silicon wafer acquires the characteristics that make it a photovoltaic device.
Clear, consistently applied definitions would benefit the entire market. Manufacturers would have greater certainty when making capital investments. Buyers would be better able to compare suppliers. Developers and investors could make more defensible incentive claims. Policymakers could more accurately evaluate whether public support is producing the domestic capabilities it was intended to create.
The U.S. has an opportunity to build a solar manufacturing base grounded in technical depth, operational transparency and long-term credibility. Achieving that goal requires the industry to look beyond where a product is finished and ask a more fundamental question: Where did the wafer actually become a solar cell?
The views and opinions expressed in this article are the author’s own, and do not necessarily reflect those held by
pv magazine",full,,dom_or_structured_full_text,,https://www.pv-magazine.com/2026/09/23/blue-wafers-are-fundamentally-undermining-u-s-solar-manufacturing/,pv magazine,综合新能源,光伏、氢能、储能,2026-09-24T00:18:55+00:00,零碳产业 > 能量转化 > 能源测 > 一次能源转化 > 太阳能转化 > 光伏,零碳产业,光伏,"[{""path"":[""零碳产业"",""能量转化"",""能源测"",""一次能源转化"",""太阳能转化"",""光伏""],""path_text"":""零碳产业 > 能量转化 > 能源测 > 一次能源转化 > 太阳能转化 > 光伏"",""confidence"":0.95,""reason"":""核心事件是美国光伏制造中硅片P/N结工艺与供应链深度之争""}]",classified,2026-09-24T00:52:10.801244+00:00,glm-5.2,2026-09-10,
Ukraine adds 1.1 GW of solar in H1 - pv magazine Global,2026-09-23,"Markets & Policy
Analysis from the Solar Energy Association of Ukraine estimates the country’s solar capacity reached up to 9.7 GW by mid-2026.
Patrick Jowett
23 Sep 2026
Markets & Policy
Batteries
Commercial & industrial
Energy Storage
Highlights
Residential
Utility-scale
Ukraine added up to 1.1 GW of new solar capacity during the first half of 2026, according to preliminary assessments undertaken by the Solar Energy Association of Ukraine (SEAU).
SEAU estimates Ukraine’s total installed solar capacity reached 9.4 GW to 9.7 GW by mid-2026. The association is expecting this year’s additions to reach around 2 GW by the year’s end, growing on the approximately
800 MW in 2024
1.5 GW in 2025
The association explains that much of this year’s growth comes from smaller projects. “We estimate that installations of up to 1 MW, primarily intended for self-consumption, will account for around 80% of new installations in 2026 by number, rather than by capacity,” SEAU’s analysis explains.
SEAU Chairman of the Board Vladyslav Sokolovskyi told
pv magazine
that distributed generation and energy storage have become essential to Ukraine’s energy security and resilience.
“Their development supports the energy transition while addressing an immediate need: keeping businesses, households and critical infrastructure supplied with electricity during wartime,” he explained.
Sokolovskyi
explained that storage systems offer a reliable source of backup power for households and businesses. He added that for businesses, the economic value of a battery also includes the losses avoided by maintaining essential operations.
Lower equipment costs have also made solar-plus-storage systems more accessible, Sokolovskyi
continued, while batteries can increase solar self-consumption and reduce electricity costs for users.
Ukrainian market data supplied by SEAU put Ukraine’s new battery storage capacity at 2.9 GWh in 2025, making it the fourth largest European market last year. Sokolovskyi
noted the figure covers multiple market segments, including portable battery systems widely used for backup power in Ukraine.
SEAU’s preliminary estimate for storage additions in the first half of 2026 is between 1.6 GWh and 1.9 GWh. Its indicative full-year outlook is around 3.2 GWh.
“Our 2026 outlook for both solar and storage remains conditional on security, access to financing and grid connections,” Sokolovskyi told
pv magazine
. “Forecasting deployment through the end of 2027 is particularly difficult under current conditions.”
Sokolovskyi
added that restoring capacity lost at the hands of Russian attacks and occupation must go hand in hand with developing distributed generation closer to consumers and enabling critical facilities to operate during interruptions to the external power supply.
“Ukrainian energy experts estimate that the power system needs around 10 GW of new and restored generating capacity across different technologies,” he said. “Generation shortages and damage to electricity networks have contributed to recurring outages and increased reliance on electricity imports from neighbouring EU countries.”
Sokolovskyi
pointed to seven priorities that should guide the next stage of development in Ukraine’s solar and storage markets.
His list of priorities includes rapid restoration and protection of energy infrastructure, continued support for distributed generation, effective insurance and guarantee mechanisms to reduce war-related investment risks and simpler, more predictable grid connection procedures.
The list is rounded out by deeper integration with the EU electricity market, more accessible concessional financing for energy projects and the development of microgrids combining solar and storage with other energy sources where needed.
“Ukraine’s private sector is already investing in new energy capacity despite the war. The next task is to make it easier for that investment to scale through predictable procedures, accessible finance and practical risk-sharing mechanisms,” Sokolovskyi concluded.
“Solar generation and battery storage can play a central role in this effort, helping build a more resilient and flexible power system while meeting consumers’ immediate energy needs.”
earlier this year and more recently,
introduced time windows
for eligiblity.
Later this week, Ukraine’s state-owned JSC Guaranteed Buyer, the offtaker and intermediary in the country’s electricity market, is
running two solar
auctions offering a combined 150 MW.",full,,dom_or_structured_full_text,,https://www.pv-magazine.com/2026/09/23/ukraine-adds-1-1-gw-of-solar-in-h1/,pv magazine,综合新能源,光伏、氢能、储能,2026-09-24T00:18:57+00:00,零碳产业 > 能量转化 > 能源测 > 一次能源转化 > 太阳能转化 > 光伏,零碳产业,光伏,"[{""path"":[""零碳产业"",""能量转化"",""能源测"",""一次能源转化"",""太阳能转化"",""光伏""],""path_text"":""零碳产业 > 能量转化 > 能源测 > 一次能源转化 > 太阳能转化 > 光伏"",""confidence"":0.95,""reason"":""核心事件是乌克兰上半年光伏新增装机与市场发展""}]",classified,2026-09-24T00:52:10.801244+00:00,glm-5.2,2026-09-10,
South Korea tenders 6.6 GWh of six-hour storage under 15-year contracts - pv magazine Global,2026-09-23,"Markets & Policy
The Korea Power Exchange has launched its 2026 ESS tender for 1.18 GW of six-hour storage, targeting 1.1 GW on mainland Korea and 80 MW on Jeju, with projects due by February 2029. Bids will be assessed 50% on price and 50% on non-price factors, including fire safety, grid-forming capability, supply-chain resilience, Korean economic contribution, maintenance, recycling, and project experience.
Tristan Rayner
23 Sep 2026
Markets & Policy
Asia-Pacific
Batteries
Energy Storage
The Korea Power Exchange (KPX) has launched a competitive bidding process for its 2026 ESS central contract market.
According to the machine-translated documents, the plan is to evaluate and select bids to build energy storage systems with a capacity of 1,100 MW on the Korean mainland and 80 MW on Jeju Island by February 2029, with a six-hour duration. The two locations have separate processes.
The 1.1 GW mainland grid-targeted procurement requires grid-forming capability, at least 383 annual cycles, and 15-year performance guarantees.
In the award decision evaluation, price accounts for half of the score. The other half is split across a range of points, and there is a Korean-content angle, though this does not amount to mandated domestic supply.
Instead, KPX asks bidders to identify the manufacturer and production location/origin for cells, modules, racks, cathode material, anode material, separators, electrolyte, PCS and BMS/EMS. The tender allows both lithium-ion and non-lithium systems, but not a mix of storage technologies within one project.
Evaluators then consider factors such as supply capability and resilience, local economic contribution, employment, domestic maintenance and servicing, shareholder structure, the major shareholder’s power-sector experience, and plans for battery recycling.
Previously, Korean reporting noted that local giants SK On, Samsung SDI, and LG Energy Solution supplied projects selected in February’s second tender.
Fire safety also gets a very significant weighting, with a full 25 points concerning fire and equipment safety. Of those, 11 points relate to the inherent fire safety of the battery system, while other criteria cover prevention and response measures. Evidence includes battery chemistry, UL 9540A-related testing, rack protection, monitoring and diagnostic systems, HVAC, emergency shutdown, backup power and maintenance history.
While the same broad framework from three previous central contract markets will remain, the evaluation criteria will include more eligible substations in more locations. However, winners will still need to obtain the required approvals, and failure to secure a generation business permit following grid review may result in forfeiture of the award.
Bidder registration runs from September 28 to October 2. Proposals are accepted from October 6 to November 4, followed by the data sheets, business plans and evidence through November 11, with final awards also scheduled for November 2026.",full,,dom_or_structured_full_text,,https://www.pv-magazine.com/2026/09/23/south-korea-tenders-6-6-gwh-of-six-hour-storage-under-15-year-contracts/,pv magazine,综合新能源,光伏、氢能、储能,2026-09-24T00:18:59+00:00,零碳产业 > 能量转化 > 能量存储 > 其它储能技术,零碳产业,其它储能技术,"[{""path"":[""零碳产业"",""能量转化"",""能量存储"",""其它储能技术""],""path_text"":""零碳产业 > 能量转化 > 能量存储 > 其它储能技术"",""confidence"":0.8,""reason"":""核心事件是韩国电力交易所6小时储能系统招标，技术路线未明确""}]",classified,2026-09-24T00:52:10.801244+00:00,glm-5.2,2026-09-10,
Modified consumer camera can measure solar cell open-circuit voltage - pv magazine Global,2026-09-23,"Research & Development
German researchers have modified and calibrated a low-cost consumer camera to quantitatively measure electroluminescence from silicon solar cells and modules. The method determines external luminescent quantum efficiency and uses it to derive the corresponding open-circuit voltage
Emiliano Bellini
23 Sep 2026
Research & Development
Cells & modules
The modified commercial camera used for the experiments
Researchers from the
University of Stuttgart
Forschungszentrum Jülich
, and German company Solarzentrum Stuttgart have modified a low-cost consumer digital camera to detect infrared radiation emitted by electrically biased silicon solar modules and measure their external quantum efficiency (EQE).
In PV devices, EQE describes how efficiently electrons passing through a solar cell are converted into emitted photons during electroluminescence. The parameter can be used to assess the radiative quality of a solar cell and determine its open-circuit voltage.
“Our approach shows that even a relatively inexpensive consumer camera can provide quantitative results when its physical response is properly modeled and calibrated,” lead researcher Jürgen Werner said. “An electroluminescence image contains much more quantitative information than simply showing bright and dark regions. With a suitable physical camera model and calibration, it can provide absolute luminescent quantum efficiency and, therefore, information about the local quality of a solar cell or module.”
The scientists explained that conventional digital cameras employ silicon-based complementary metal-oxide-semiconductor (CMOS) sensors that can detect both visible and near-infrared radiation, including part of the spectral range associated with electroluminescence (EL) from silicon PV devices. Consumer cameras, however, typically incorporate an infrared-cut filter that suppresses near-infrared radiation. This filter strongly attenuates the weak EL emission from silicon solar cells, limiting the use of unmodified consumer cameras for EL imaging and quantitative PV characterization.
The researchers used a Canon EOS 4000D camera and removed its infrared-blocking filter to increase its sensitivity to infrared radiation. They also used a Heliopan ES RG850 long-pass filter to block shorter-wavelength visible background radiation from reaching the sensor. The camera, originally designed for visible-light imaging between approximately 400 nm and 800 nm, uses a silicon CMOS detector. Its Bayer filters are sufficiently transparent around 1,120 nm to detect the luminescence signal emitted by silicon solar cells.
In addition to modifying the camera hardware, the researchers developed a calibration model that relates recorded image brightness to the absolute luminescence emission of the PV device. The model accounts for both the linear and nonlinear response regimes of the camera, enabling the researchers to convert measured brightness into absolute electroluminescent EQE.
The team tested the camera in EL measurements performed in darkness to minimize background radiation. The calibration established a conversion factor between the measured brightness response and absolute external EQE and required a reference cell or module with known electroluminescent EQE and open-circuit voltage.
According to the research team, the experiments revealed a clear relationship between the measured luminescence response, EQE, and open-circuit voltage. At room temperature, a tenfold increase in the luminescence-related response corresponded to an increase of approximately 60 mV in open-circuit voltage. For the higher-efficiency modules, results obtained from the camera’s linear and saturation regimes were reportedly in good agreement. Deviations observed for older, lower-efficiency modules were attributed primarily to differences in light trapping and photon escape probability.
“An electroluminescence image contains much more quantitative information than simply showing bright and dark regions,” said Werner. “With a suitable physical camera model and calibration, it can provide absolute luminescent quantum efficiency and, therefore, information about the local quality of a solar cell or module.”
The researchers presented the camera and calibration method in “
New camera model for absolute quantum efficiency measurements from electroluminescence of solar cells or modules
,” published in the
Journal of Applied Physics
“Our next step is to use the calibrated camera to determine quantum efficiencies and open-circuit voltages of further, previously uncharacterized solar cells and modules,” Werner added. “The same model should also be applicable to photoluminescence measurements and potentially to measurements performed in daylight.”",full,,dom_or_structured_full_text,,https://www.pv-magazine.com/2026/09/23/modified-consumer-camera-can-measure-solar-cell-open-circuit-voltage/,pv magazine,综合新能源,光伏、氢能、储能,2026-09-24T00:19:02+00:00,通用技术 > 检测和表征 > 先进科学仪器,通用技术,先进科学仪器,"[{""path"":[""通用技术"",""检测和表征"",""先进科学仪器""],""path_text"":""通用技术 > 检测和表征 > 先进科学仪器"",""confidence"":0.85,""reason"":""核心成果是改造消费级相机实现电致发光定量测量的检测仪器方法""},{""path"":[""零碳产业"",""能量转化"",""能源测"",""一次能源转化"",""太阳能转化"",""光伏""],""path_text"":""零碳产业 > 能量转化 > 能源测 > 一次能源转化 > 太阳能转化 > 光伏"",""confidence"":0.8,""reason"":""该方法用于测量硅太阳能电池的开路电压和外量子效率""}]",classified,2026-09-24T00:52:10.801244+00:00,glm-5.2,2026-09-10,
"ACEN relinquishes Philippine solar projects over land, access issues - pv magazine Global",2026-09-23,"Markets & Policy
Land acquisition and site-access problems have led Philippine renewables developer ACEN to abandon two early-stage solar projects with a combined potential capacity of about 456 MW.
Brian Publicover
23 Sep 2026
Markets & Policy
Utility-scale
Rice terraces in the Philippines
ACEN Corp. said in a Sept. 18 disclosure to the Philippine Stock Exchange that its subsidiaries have given up solar energy operating contracts for projects in Quezon and Zambales provinces.
Abagat Energy Corp. relinquished its contract for a site in Pagbilao, Quezon, on Sept. 11 because of “significant land acquisition challenges affecting the project site.” SolarAce2 Energy Corp. relinquished its contract for Botolan, Zambales, on Sept. 17, citing site-access constraints.
The Philippine Department of Energy awarded the Pagbilao contract in August 2024 and the Botolan contract in June 2021. Its list of awarded solar projects, current to Dec. 31, 2025, puts their potential capacity at 336 MW and 120.30 MW, respectively, with both still in development.
ACEN said the cancellations have no material effect on its operations, as neither project had reached a final investment decision or begun commercial operations.
The department terminated 84 renewable energy contracts in 2025, representing about 5,372 MW of potential capacity, over failures to meet work-program requirements, auction terms, and other department standards. It said in December 2025 that a further 42 projects were under review and warned that noncompliant developers could face blacklisting and forfeiture of performance bonds.
ACEN reported about 7.5 GW of attributable renewable capacity, including capacity under construction, in its August investor presentation, and CEO John Eric Francia said in April the company was on track to exceed 8 GW by the end of 2026, according to Philippine daily
BusinessWorld
Land acquisition problems have delayed other Philippine solar projects. In October 2024, at least
53 of 105 renewable energy projects
under department review faced termination, and failure to secure possessory rights was among the reasons cited for delays. Earlier this month, the departments of energy and agriculture said they plan to separate
land suitable for solar development from areas reserved for food production
, under an agreement targeted for signing in October. The Philippines installed
899 MW of solar in 2025
, bringing cumulative capacity to 3,892 MW.",full,,dom_or_structured_full_text,,https://www.pv-magazine.com/2026/09/23/acen-relinquishes-philippine-solar-projects-over-land-access-issues/,pv magazine,综合新能源,光伏、氢能、储能,2026-09-24T00:19:05+00:00,零碳产业 > 能量转化 > 能源测 > 一次能源转化 > 太阳能转化 > 光伏,零碳产业,光伏,"[{""path"":[""零碳产业"",""能量转化"",""能源测"",""一次能源转化"",""太阳能转化"",""光伏""],""path_text"":""零碳产业 > 能量转化 > 能源测 > 一次能源转化 > 太阳能转化 > 光伏"",""confidence"":0.94,""reason"":""核心事件是ACEN因土地与进场问题放弃菲律宾光伏项目""}]",classified,2026-09-24T00:52:10.801244+00:00,glm-5.2,2026-09-10,
Canadian province announces PV panel recycling fee - pv magazine Global,2026-09-23,"Markets & Policy
The government of Alberta is introducing a fee of CAN 14 ($15.99) to each new solar panel supplied in the province beginning October 1. It says the money raised will go towards collecting, transporting and recycling panels once they reach end of life.
Patrick Jowett
23 Sep 2026
Markets & Policy
Americas
Commercial & industrial
Highlights
Residential
The government of Albert is introducing a new recycling system for end-of-life solar panels.
Beginning October 1, the province will apply an environmental fee of CAN 14 to each new solar panel supplied in Alberta. The fee will not be applied retroactively to already-installed panels.
According to details on the government’s website, a typical residential installation of 20 panels would raise a fee of CAN 280, equivalent to less than 1.5% of the overall installation cost.
The fee will go towards ensuring money is available to collect, transport and recycle panels once they reach end of life. The provincial government has committed to working with the Alberta Recycling Management Authority and wider industry to build reuse and recycling capacity in Alberta as volumes of recycled panels increase.
Additional figures on the government’s website says Alberta has the second-largest installed solar capacity in Canada, with 95% of currently-installed panels expected to reach their end of life by 2045, generating as much as 72,700 tonnes of material.
The province says its solar panel recycling program is the first of its kind in North America.
Grant Hunter, Alberta’s Minister of Environment and Protected Areas, said the region is putting the system in place now to recover valuable materials, attract private investment and build a new recycling industry here in Alberta.
“Alberta has never been afraid to lead,” Hunter said. “We will not wait until mountains of dead solar panels are piling up in our landfills before acting.”
RJ Sigurdson, Alberta’s Minister of Affordability and Utilities, added that the program will protect taxpayers from future clean up costs.
Writing on LinkedIn, Radha Rajagopalan, Director of Policy for Alberta at the Canadian Renewable Energy Association, noted that the CAN 14 fee is more than five times the highest fee charged under Alberta’s electronics recycling program and more than three times the cost indicated by the association’s independent analysis.
“Alberta needs stable, predictable policy to attract investment and build the affordable, reliable electricity the province needs,” Rajagopalan commented. “Adding unnecessary costs to new renewable energy projects sends the wrong signal at a time when Alberta needs more electricity in the system.”
Alberta’s latest update says it is also ruling out solar panels being sent to landfill sites across the province.
Research published earlier this year
found recycling a utility-scale solar module in the United States currently costs between $15 and $45, while sending it to landfill costs between $1 and $5.",full,,dom_or_structured_full_text,,https://www.pv-magazine.com/2026/09/23/canadian-province-announces-pv-panel-recycling-fee/,pv magazine,综合新能源,光伏、氢能、储能,2026-09-24T00:19:07+00:00,零碳产业 > 物质循环 > 资源回收利用与排放治理 > 物质回收,零碳产业,物质回收,"[{""path"":[""零碳产业"",""物质循环"",""资源回收利用与排放治理"",""物质回收""],""path_text"":""零碳产业 > 物质循环 > 资源回收利用与排放治理 > 物质回收"",""confidence"":0.9,""reason"":""核心事件是艾伯塔省设立光伏组件回收费建立退役组件回收体系""},{""path"":[""零碳产业"",""能量转化"",""能源测"",""一次能源转化"",""太阳能转化"",""光伏""],""path_text"":""零碳产业 > 能量转化 > 能源测 > 一次能源转化 > 太阳能转化 > 光伏"",""confidence"":0.8,""reason"":""政策对象为光伏面板的报废回收，与光伏产业直接相关""}]",classified,2026-09-24T00:52:10.801244+00:00,glm-5.2,2026-09-10,
Negative electricity prices could favor thermal storage over industrial heat pumps - pv magazine Global,2026-09-23,"Research & Development
Researchers compared the two technologies under varying negative-price frequencies, price levels and equipment costs. Their model found that the preferred option depended strongly on the required heat temperature, with storage gaining an advantage for steam production.
Lior Kahana
23 Sep 2026
Research & Development
Commercial & industrial
Energy Storage
Heat pumps
Illustration of a heat pump and thermal storage system at an industrial facility
Researchers from China have compared the life‑cycle economic performance of thermal energy storage (TES) and heat pumps (HP) for industrial heating applications under negative price conditions.
“To our knowledge, prior techno-economic comparisons between heat pumps and thermal energy storage for industrial heating mostly focused on conventional time-of-use electricity tariffs, without systematically quantifying their full-life-cycle competitiveness under negative-price market conditions driven by high renewable penetration,” said corresponding author Zijian Liu to
pv magazine
. “Our work fills this gap.”
Liu further explained that his team built a two-layer co-optimization framework covering both system sizing and hourly dispatch, explicitly incorporating two core characteristics of negative prices: price depth and occurrence probability. “We further generated quantitative decision maps for three typical industrial heating scenarios: hot-water, low-pressure steam, and high-pressure steam,” he added.
More specifically, the researchers modeled a factory with a constant heating demand and compared a heat pump that supplies heat directly with an electric heater that can either supply heat directly or charge a hot-water storage tank for later use. They also modeled a system using both technologies, allowing the amount of heat supplied by each to vary hour by hour. The three applications were hot water at 60 C, low-pressure steam at 130 C, and high-pressure steam at 180 C.
Using an industrial tariff from China’s Shandong province as the baseline for normal hours, the team modeled negative prices occurring during daytime hours and varied both their frequency and depth. In a separate future-scenario analysis, it tested four combinations: −0.05 yuan ($−0.0075)/kWh during 5% of hours, −0.10 yuan/kWh during 10%, −0.15 yuan/kWh during 15%, and −0.20 yuan/kWh during 25%. The researchers also varied the systems’ relative upfront costs and compared their annualized investment and operating costs over a 20-year lifetime.
“Even though thermal storage suffers from relatively low round-trip efficiency, it can outperform heat pumps economically, especially for high-temperature industrial heating such as high-pressure steam,” Liu said of the results. “In our modeled parameter space, thermal storage becomes the cost-effective choice unless the heat-pump initial investment drops below 30% of the thermal-storage capital cost. This happens because high-temperature operation significantly degrades heat-pump coefficient of performance (COP), while electric thermal storage performance is barely affected by the heat-supply temperature level.”
The researcher also noted that the study found the hybrid heat-pump plus thermal-storage combination delivers highly uneven benefits across heating use-cases. “It brings large economic gains for hot-water applications (superior to either standalone system in 96% of evaluated cases), yet delivers almost no benefit for high-pressure-steam scenarios,” he said.
“We also noticed that under extreme future negative-price assumptions (25% occurrence probability, −0.20 yuan/kWh depth), thermal storage can achieve lower life-cycle cost across nearly all investigated COP and investment-ratio ranges,” Liu said. “Such market conditions may appear in high-renewable microgrids, even if uncommon in large interconnected power grids.”
In addition, the results showed that for hot-water production, standalone thermal storage became cheaper than a heat pump whose initial investment was 30% of the storage system’s only under sufficiently frequent or deep negative prices. For low-pressure steam, storage was cheaper across the entire range of negative-price conditions examined once heat-pump investment exceeded 70% of storage investment.
“Our current study adopts fixed annual-average negative-price parameters and does not capture seasonal fluctuations or regional market diversity,” concluded Liu. “Our intended follow-up work will integrate real monthly, region-specific spot-market price datasets. This will allow us to evaluate how seasonal variation and geographical differences shift the economic comparison between thermal storage and heat pumps, improving the real-world practical guidance of the model.”
The article “
Techno-economic assessment of thermal energy storage vs. heat pumps for industrial heating under negative electricity prices
” appeared in
Sustainable Energy Technologies and Assessments.
Researchers from China’s
China Electric Power Research Institute
g University of Civil Engineering and Architecture
Shanghai Jiao Tong University
North China Electric Power University
have contributed to the study.",full,,dom_or_structured_full_text,,https://www.pv-magazine.com/2026/09/23/negative-electricity-prices-could-favor-thermal-storage-over-industrial-heat-pumps/,pv magazine,综合新能源,光伏、氢能、储能,2026-09-24T00:19:09+00:00,零碳产业 > 能量转化 > 能源测 > 二次能源利用 > 电加热 > 热泵,零碳产业,热泵,"[{""path"":[""零碳产业"",""能量转化"",""能源测"",""二次能源利用"",""电加热"",""热泵""],""path_text"":""零碳产业 > 能量转化 > 能源测 > 二次能源利用 > 电加热 > 热泵"",""confidence"":0.85,""reason"":""核心研究是比较负电价下工业供热中热泵与储热的全生命周期经济性""},{""path"":[""零碳产业"",""能量转化"",""能量存储"",""储热"",""其他储热技术""],""path_text"":""零碳产业 > 能量转化 > 能量存储 > 储热 > 其他储热技术"",""confidence"":0.75,""reason"":""研究另一核心对象为工业热储能技术在负电价下的竞争力评估""}]",classified,2026-09-24T00:52:20.378714+00:00,glm-5.2,2026-09-10,
"Sungrow brings PowerHarbor to Benelux homes for more value, less complexity - pv magazine Global",2026-09-23,"Technology & Products
With net metering ending in the Netherlands on January 1, 2027, households with rooftop solar are rethinking how to use the electricity they generate. PowerHarbor is designed for homeowners considering storage.
23 Sep 2026
Technology & Products
Netherlands
Residential
Sungrow has brought its all-in-one residential energy storage system to its first European markets. PowerHarbor, which made its debut at Intersolar Europe 2026, is now available in the Netherlands, Belgium, and Luxembourg.
Under the theme “All in Harbor”, PowerHarbor brings the inverter, battery, backup, and energy management together in one system. Built around the “Triple W” value proposition – Win More, Waste Less, Work Faster – it is designed to help households get more value from their solar energy while taking up less space, requiring fewer additional devices, and enabling faster installation.
With up to 160% PV-to-battery charging capability, the system allows the battery to absorb more solar generation during peak production periods, while its 0.66P discharge rate can release the full stored capacity in around 1.5 hours when household demand or energy value rises. Together with its VPP-optimized design, these capabilities allow PowerHarbor to respond to intensive dispatch while sustaining performance.
PowerHarbor comes standard with iHomeManager Mini, the industry’s first Mini AI solution. Activated with a single tap, its AI Mode combines weather forecasts, household consumption patterns, and electricity prices to help determine when energy should be stored, held, or discharged. With Shelly integration, the approach can extend to connected appliances across the home.
Where a home already has a working PV system, PowerHarbor can be deployed as separate inverter and battery units, adding storage without replacing existing equipment. Where an existing inverter is being swapped for the all-in-one system, startup voltage is a common consideration: a higher threshold may rule out shorter strings, which can mean adding panels or rewiring. PowerHarbor’s 100 V startup voltage and wide MPPT range support more string layouts, so existing strings can often be retained, subject to voltage and current compatibility.
Compact design, plug-and-play installation
Built with high-energy-density 314 Ah cells, the unit is just 25.5 cm deep. With 6, 9, and 10 kWh battery modules and 83 possible combinations within a single unit, the system’s capacity can be configured flexibly.
PowerHarbor’s battery modules stack without external cables, with the blind-mate connection taking around 10 seconds per module. All external terminals sit on the right-hand side, matching how most installers work. PowerHarbor also pairs with EnergyBridge, the industry’s first Mini backup solution, which integrates five functions into a single DIN-rail-mounted device. Up to 99% smaller by volume than a conventional gateway, the device fits inside a standard distribution box and installs in around 20 seconds with no wall damage. For energy management, iHomeManager Mini plugs in as standard, with no separate EMS control box to install.",full,,dom_or_structured_full_text,,https://www.pv-magazine.com/2026/09/23/sungrow-brings-powerharbor-to-benelux-homes-for-more-value-less-complexity/,pv magazine,综合新能源,光伏、氢能、储能,2026-09-24T00:19:12+00:00,零碳产业 > 能量转化 > 能量存储 > 电化学储能 > 二次电池 > 传统蓄电池 > 有机体系 > 锂电,零碳产业,锂电,"[{""path"":[""零碳产业"",""能量转化"",""能量存储"",""电化学储能"",""二次电池"",""传统蓄电池"",""有机体系"",""锂电""],""path_text"":""零碳产业 > 能量转化 > 能量存储 > 电化学储能 > 二次电池 > 传统蓄电池 > 有机体系 > 锂电"",""confidence"":0.8,""reason"":""核心产品是户用光储一体系统中的电池储能单元""}]",classified,2026-09-24T00:52:20.378714+00:00,glm-5.2,2026-09-10,
Quaise Energy to help US complete first geothermal energy development,2026-09-23,"A geothermal project under construction in central Oregon is aiming to generate more than 50 megawatts of electricity by 2030 by tapping heat far below the Earth’s surface. Its developer, Quaise Energy, says Project Obsidian could become the world’s first commercial superhot geothermal power plant.The company announced that the US Department of Energy has selected the project for up to $25 million in funding. The proposed contract would help Quaise study its first two wells and use the results to plan a third. Three wells to test the resourceProject Obsidian is being built south of Bend on a geothermal resource that Quaise says has been extensively studied. A confirmation well is currently being drilled at the site.The initial three-well configuration is designed to demonstrate more than 25 MW of gross electric capacity, with average reservoir temperatures exceeding 572°F. That figure describes the planned test. Quaise separately expects the project’s first phase to produce more than 50 MW by 2030, when it aims to deliver its first power to the Pacific Northwest grid.The DOE support would fund analysis of drilling, stimulation and flow results from the first two wells. Quaise plans to use those findings to optimize the third well and guide later drilling at the site.“This DOE support is a recognition of what we are building at Quaise and the progress we are making in the field, including the confirmation well currently being drilled at Project Obsidian,” said Carlos Araque, CEO and President of Quaise Energy. “Our ambition has always been to make superhot geothermal a commercial reality, and Project Obsidian is where we first deliver on that promise,” he added.Drilling toward hotter rockQuaise expects to drill a well reaching temperatures above 752°F at Project Obsidian, which it says would make it the hottest well in the Western Hemisphere. Those temperatures exceed the range of current commercial geothermal projects.The project uses enhanced geothermal systems, or EGS, and advanced drilling techniques to access heat in rock deep underground. Quaise says the approach could eventually make firm geothermal power available across a much wider range of locations.Results from the three wells would provide an early measure of whether the project can produce electricity at the planned scale. The DOE-funded work would also let Quaise and its research partners collect and share field data from drilling, stimulation, and flow testing.A larger project remains possibleQuaise says Project Obsidian has the potential to expand to up to 1 gigawatt of electric capacity. That is a possible future buildout, separate from both the three-well test and the first-phase target for 2030. The company has not detailed how many additional wells such an expansion would require.Pacific Northwest National Laboratory, Lawrence Berkeley National Laboratory and Oregon State University are part of the project team.The DOE selection follows Quaise’s close of $180 million in Series B financing in August 2026 to fund Project Obsidian. For now, the next milestone is the well work: gathering the data needed to assess the resource and plan the project’s next stage.",full,,dom_or_structured_full_text,,https://interestingengineering.com/energy/us-world-first-superhot-geothermal-plant-commercial,interesting engineering,综合科技,无,2026-09-24T00:19:23+00:00,零碳产业 > 能量转化 > 能源测 > 一次能源转化 > 其他发电技术,零碳产业,其他发电技术,"[{""path"":[""零碳产业"",""能量转化"",""能源测"",""一次能源转化"",""其他发电技术""],""path_text"":""零碳产业 > 能量转化 > 能源测 > 一次能源转化 > 其他发电技术"",""confidence"":0.92,""reason"":""核心事件是超深层地热商业电站项目建设""}]",classified,2026-09-24T00:52:20.378714+00:00,glm-5.2,2026-09-10,
F-35 vs Ferrari: Italian Navy to soon settle a wild high-speed race,2026-09-23,"The Italian Navy is preparing for an unusual acceleration test. An F-35B fighter jet will race a Ferrari SF90 on a runway at the Navy’s air base in Grottaglie, southern Italy.The matchup is scheduled for October 11 and will pit one of the world’s most advanced short-takeoff and vertical-landing fighters against a road-going hybrid supercar. The event is designed to compare the two machines over short distances, before the F-35B takes to the air.Ferrari versus F-35BThe first race will cover 500 meters (1,640 feet) on an aluminum runway used by the Italian Navy’s F-35Bs for landing, Tom Kington from Defense News reported. Both machines will accelerate from a standing start, with the fighter expected to take longer to get moving but potentially make up ground as its power builds.Ferrari driver Fabio Barone, who has previously set seven speed records in Ferrari cars, will drive the SF90. He said the car normally accelerates from 0 to 100 km/h (0–62 mph) in 2.8 seconds, but modifications to its engine are expected to reduce that to about 2.6 seconds for the event.Barone expects the Ferrari to reach approximately 330 km/h (around 205 mph) during the 1,640-foot run and complete it in roughly eight to nine seconds. The driver also expects acceleration forces of around 2.2g during the run.The F-35B has a very different job. Rather than relying on wheels and a conventional drivetrain, it uses a Pratt & Whitney F135 turbofan and its short-takeoff and vertical-landing system to generate thrust. The aircraft is expected to start more slowly than the Ferrari but has considerably greater power available as it accelerates. At the end of the first 1,640 feet race, the F-35B will take off.The second race gets even strangerA second contest will combine a ground race with flight. The 2.8-kilometer (1.74-mile) course will use both asphalt and aluminum surfaces. The Ferrari and F-35B will initially accelerate side by side, but after the first 1,640 feet, the fighter will take off and continue the race in flight at about 20 meters (66 feet).According to Defense News, the two machines will share a runway about 35 meters (about 115 feet) wide, leaving roughly 15 meters (roughly 49 feet) between them during the ground portion of the race. For Barone, driving on the aluminum plates could be one of the biggest challenges. He expects the surface to generate more vibration than conventional asphalt.The event will therefore test two very different interpretations of acceleration. The Ferrari’s ability to rapidly convert engine power into forward motion through its tires, and the F-35B’s ability to turn enormous thrust into acceleration before transitioning into flight.A tradition of racing cars against fightersIn 2003, Formula One driver Michael Schumacher raced a Ferrari Formula One car against an Italian Air Force Eurofighter at Grosseto Air Base. The Eurofighter won the longer 900-meter (2,953-foot) and 1,200-meter (3,937-foot) races without taking off, while Schumacher won the 600-meter (1,969-foot) contest.Schumacher reached 294 km/h (183 mph) and completed the 600-meter (1,969-foot) run in 9.6 seconds, beating the fighter by two-tenths of a second. Barone has his own history with unusual aviation-related Ferrari runs. In 2025, he drove a Ferrari along the flight deck of the Italian Navy’s Trieste amphibious assault ship, reaching 164 km/h (102 mph) over approximately 200 meters (around 656 feet) before braking at the end of the deck.In October 2007, Lincolnshire, UK, Top Gear staged a unique two-mile drag race pitting presenter Richard Hammond in a 1,001-horsepower Bugatti Veyron against RAF Flight Lieutenant Jim Walls in a Eurofighter Typhoon jet. The rules required the car to sprint a mile down the runway and back, while the jet took off, climbed a mile vertically, and dived back down to the finish line. Despite the Veyron taking an early lead off the line, the Eurofighter Typhoon utilized its superior jet thrust to overtake the hypercar and claim a comfortable victory. The upcoming F-35B race continues that tradition, but with a modern fighter designed specifically to operate from short runways and ships. The result will ultimately depend on how the two machines are matched over each distance. A Ferrari may have the advantage during the first few seconds, while the F-35B’s enormous thrust becomes more useful as speed builds and the fighter has one ability its four-wheeled rival does not: it can simply leave the runway.",full,,dom_or_structured_full_text,,https://interestingengineering.com/transportation/italian-navy-to-pit-f-35-against-ferrari,interesting engineering,综合科技,无,2026-09-24T00:19:25+00:00,未分类,,,[],unclassified,2026-09-24T00:52:20.378714+00:00,glm-5.2,2026-09-10,
Scientists discover amoeba that can reproduce at scorching 145°F,2026-09-23,"A single-celled organism collected from a steaming creek in California can reproduce at temperatures that would stop any other known complex life form. Researchers discovered the amoeba in Lassen Volcanic National Park and found that it could divide at up to 145°F.The team named the new species Incendiamoeba cascadensis, or “fire amoeba of the Cascade mountain range.” Their findings raise the known temperature limit for reproduction in eukaryotes – the group that includes animals, plants, fungi, and amoebas.A discovery in a steaming creekSyracuse University microbiologist Angela Oliverio and her colleagues collected water from a geothermal tributary of Hot Springs Creek. In the lab, PhD student Beryl Rappaport examined the samples under a microscope and spotted a cell changing shape and moving through the water.“That’s definitely an amoeba. That’s characteristic amoeba movement,” she said. Rappaport used extra-long barbecue tongs to lower the sample vials into the steaming water.The team’s tests showed that the organism could reproduce at temperatures up to 145°F and remain active at up to 147°F. It also recovered after exposure to 158°F when returned to cooler conditions. Reproducing at 145°F and recovering from a hotter exposure are separate findings: the amoeba does not multiply at 158°F.Genetic analysis confirmed that the researchers had found a previously undescribed species.How does the fire amoeba handle heat?High temperatures can damage the proteins and membranes that cells need to function. By comparing the fire amoeba’s genome with those of other amoebas, the researchers identified features that may help it keep those cellular components stable.The result is striking because eukaryotes have more complex cell structures than bacteria and archaea, some of which live at or above water’s boiling point. Those organisms have long held the most extreme heat records, while the temperature limits of many microscopic eukaryotes remain poorly understood.“So few have been described, especially in detail. We have a lot to learn from them,” Rappaport said.The new species suggests that scientists may find other heat-tolerant eukaryotes by looking more closely at geothermal environments.What the discovery could meanFor Oliverio, the record matters because it shows that a previously assumed boundary can be crossed.“It wasn’t so much the incremental amount that this record was broken by, as much as the proof that it was possible,” she said.Understanding how the amoeba protects its cells could eventually inform research into temperature-stable medicines or heat-resilient crops. Those applications remain possibilities, however; the researchers have identified an organism with unusual abilities, not a ready-made way to transfer them to other species.The discovery also gives scientists another example to consider when asking where life might persist beyond Earth. For now, its clearest lesson comes from a small California creek: even among complex cells, researchers are still finding organisms that push the known limits of life.The findings were published in the journal Cell.",full,,dom_or_structured_full_text,,https://interestingengineering.com/science/fire-amoeba-reproduces-at-145f,interesting engineering,综合科技,无,2026-09-24T00:19:28+00:00,通用技术 > 基础学科 > 医学&生物学,通用技术,医学&生物学,"[{""path"":[""通用技术"",""基础学科"",""医学&生物学""],""path_text"":""通用技术 > 基础学科 > 医学&生物学"",""confidence"":0.9,""reason"":""核心发现是突破真核生物繁殖温度上限的新型变形虫生命科学研究""}]",classified,2026-09-24T00:52:20.378714+00:00,glm-5.2,2026-09-10,
China integrates 50MW sCO2 plant with 100MW molten salt storage,2026-09-23,"Keep aside lithium-ion battery banks for a moment. China is banking on molten-salt storage and super-pressurized gas to keep its power grid stable as demand rises.Construction is reportedly underway on the Ruitan demonstration project at Shandong’s Bajiao power station. It is said to be the world’s first utility-scale facility combining supercritical carbon dioxide power generation with molten salt thermal energy storage.The facility is expected to be operational next year. It integrates a 50-megawatt supercritical carbon dioxide power generation unit with a 100-megawatt, 400 megawatt-hour molten salt energy storage system. Power grids are volatile, fickle things. When factories power down at midnight, standard coal plants waste vast amounts of energy just to stay spun up.The Ruitan facility operates like a thermal vault. During periods of low demand, the facility converts surplus power from coal units into stored heat using molten salt. When peak demand strikes, this stored heat powers a supercritical carbon dioxide unit to generate efficient electricity and maintain grid stability.sCO2 units are water-free, more compact, highly efficient, lower in carbon emissions, and can adjust load four times faster than coal units.China’s next big energy betCompared to standard power plants that boil water into steam to drive turbines, supercritical systems use carbon dioxide pressurized into a dense state with both gas and liquid properties. This fluid directly powers turbines inside a closed-loop system that requires zero water and runs with higher efficiency and lower carbon emissions. Interestingly, the technology offers four times the load-adjustment speed of conventional coal units and can draw heat from diverse sources like solar, geothermal, or industrial waste.The timing could not be better. While lithium-ion batteries dominate short-duration storage and mobile electronics, they degrade rapidly over an 8- to 10-year lifespan. On the other hand, molten salt tanks store energy reliably for over 30 years with virtually no capacity loss. Over several decades, that longevity slashes capital expenditure for long-duration grid storage.China is moving fast to establish a lead in the space. Guizhou province recently saw commercial operations launch at Chaotan One — the world’s first CO2 plant — which captures industrial waste heat from a local steel facility. Meanwhile, the China National Nuclear Corporation plans to roll out its own combined nuclear and molten-salt sCO2 system by 2028, and solar developers in Tibet are deploying molten-salt tanks at the 50-megawatt Dangxiong plant to store daytime solar energy.Higher efficiency & lower emissionsThe technology isn’t just a Chinese phenomenon. Projects like Europe’s SOLARSCO2OL are integrating similar loops into concentrated solar plants. Aerospace and nuclear researchers worldwide eye closed-loop sCO2 systems for next-generation reactors and spacecraft propulsion.Unlike chemical batteries suited for mobile devices, molten salt systems store excess energy as heat in large liquid salt tanks. Operators can use this thermal energy directly or convert it back into electricity. As a result, the Ruitan facility would give energy companies a practical way to meet strict decarbonization goals without tearing down existing infrastructure. Power producers can convert obsolete coal facilities into adaptable, water-free clean energy centers. These converted plants store massive amounts of thermal energy for weeks, stabilize power grids during demand spikes, and extend the operating life of valuable industrial sites for decades.",full,,dom_or_structured_full_text,,https://interestingengineering.com/energy/worlds-first-china-integrates-50mw-sco2-plant-with-100mw-molten-salt-storage,interesting engineering,综合科技,无,2026-09-24T00:19:31+00:00,零碳产业 > 能量转化 > 能量存储 > 储热 > 液态储热 > 熔盐储热,零碳产业,熔盐储热,"[{""path"":[""零碳产业"",""能量转化"",""能量存储"",""储热"",""液态储热"",""熔盐储热""],""path_text"":""零碳产业 > 能量转化 > 能量存储 > 储热 > 液态储热 > 熔盐储热"",""confidence"":0.93,""reason"":""核心项目是100MW/400MWh熔盐储热系统用于电网调峰""}]",classified,2026-09-24T00:52:20.378714+00:00,glm-5.2,2026-09-10,
CATL starts trial run at its new 100 GWh EV battery plant,2026-09-23,"CATL has begun trial production of battery cells at its new factory in Debrecen, Hungary, marking a key step toward supplying European automakers from a local manufacturing base. The Chinese battery maker said on September 22 that the plant had secured the permits and met the regulatory requirements needed to start trial operations.The first two production lines are now being tested as CATL prepares the facility for series production. The company has not provided a date for full-scale manufacturing.First cell lines enter trial operationsTrial production will allow CATL to set up, optimize, and validate the equipment and manufacturing processes before series production begins. The company said the Debrecen facility had met all conditions required to begin the trial run.The firm received the plant’s occupancy permit in August 2026. It then obtained the remaining relevant permits and completed the requirements under its Integrated Pollution Prevention and Control (IPPC) permit.Local authorities carried out regular inspections before granting the occupancy permit. The inspections followed up on earlier issues that had caused concerns among local residents. Authorities confirmed that the deficiencies identified during the permitting process had been addressed.Factory targets European automakersCATL announced the Debrecen project in August 2022 as its second European battery plant after its facility in Germany. The company said the project is intended to strengthen its position in Europe’s automotive and electric mobility supply chain.Construction of the first cell building began in summer 2023, while production equipment installation was completed by spring 2026. The factory reportedly uses flexible production lines designed to meet the requirements of its customers.The facility has already been producing battery modules since autumn 2024. The battery maker said it has produced 537,000 modules at the Hungarian site so far.100 GWh capacity plannedOnce all planned facilities are ready, the Debrecen site is expected to become CATL’s largest manufacturing base outside China. The company has put its planned capacity at 100 gigawatt-hours (GWh).The factory is positioned near Hungary’s growing electric vehicle manufacturing sector. CATL said it will supply major European automakers that have established significant EV production capacity in the country.The start of cell trials comes after an earlier target for production. According to reports in September 2025, CATL’s European general manager Matt Shen informed that the company had been aiming to start production in late 2025 or early 2026.CATL steps up European battery productionThe firm said it will continue working with the Hungarian government and regulatory authorities throughout the trial period. The company will monitor employee health, safety, and environmental indicators and proactively submit the results to regulators.CATL is the world’s largest EV battery maker by installations. Data from South Korean market researcher SNE Research showed that the battery maker recorded 289.6 GWh of global battery installations from January through July 2026, up 26.6 percent from the same period a year earlier.Its global market share increased to 39.9 percent during the period, compared with 38.0 percent a year earlier. The Debrecen plant adds another major manufacturing location as CATL expands its production footprint closer to European vehicle manufacturers.",full,,dom_or_structured_full_text,,https://interestingengineering.com/energy/catl-trial-battery-cell-production-100gwh-plant,interesting engineering,综合科技,无,2026-09-24T00:19:33+00:00,零碳产业 > 能量转化 > 能量存储 > 电化学储能 > 二次电池 > 传统蓄电池 > 有机体系 > 锂电,零碳产业,锂电,"[{""path"":[""零碳产业"",""能量转化"",""能量存储"",""电化学储能"",""二次电池"",""传统蓄电池"",""有机体系"",""锂电""],""path_text"":""零碳产业 > 能量转化 > 能量存储 > 电化学储能 > 二次电池 > 传统蓄电池 > 有机体系 > 锂电"",""confidence"":0.93,""reason"":""宁德时代新电池工厂试生产，核心事件是动力锂电池制造产能落地。""}]",classified,2026-09-24T00:52:31.667966+00:00,glm-5.2,2026-09-10,
US lab develops quantum sensor for chemical and biological threats,2026-09-23,"Scientists at Johns Hopkins Applied Physics Laboratory (APL) are developing a quantum sensing platform that could eventually let warfighters detect chemical and biological threats with a device small enough to carry into the field.The system is designed to combine the broad detection capabilities of nuclear magnetic resonance (NMR) spectroscopy with the portability of a much smaller sensor. APL researchers envision a fieldable device roughly the size of a laptop that could analyze extremely small samples of potentially hazardous substances.Shrinking NMR with quantum sensorsNMR spectroscopy uses magnetic fields to manipulate the spins of atomic nuclei. The resulting signals contain information about the structure of molecules, allowing researchers to distinguish between different substances.The technique is already widely used in laboratories, but conventional NMR systems are difficult to take into the field. They typically require powerful superconducting magnets, cryogenic cooling equipment, and relatively large sample volumes.APL experimental physicist Isaiah Gray and his team are pursuing a different approach based on nitrogen-vacancy (NV) centers in diamond.An NV center is created when a nitrogen atom replaces a carbon atom in a diamond and a neighboring carbon atom is missing. This creates a quantum system that responds to surrounding magnetic fields.When illuminated with green laser light, the NV center emits red light. By measuring that light, researchers can determine the NV center’s spin state and use it to infer information about nearby molecular structures.The approach can potentially work with samples containing only tens or hundreds of atoms, dramatically reducing the amount of material required compared with conventional NMR.The nano-container challengeThe concept is promising, but sensitivity remains a major obstacle. Nuclear spins at the diamond’s surface need to remain measurable for sufficient time to produce a useful signal. Gray’s team has proposed physically confining those spins in tiny structures, described by the researchers as “nano-containers,” fabricated directly on the diamond surface.Computer simulations indicate that one of the geometries studied by the team could improve NMR sensitivity and accuracy by roughly an order of magnitude. The researchers are now working to fabricate the nano-container structure and test whether they can achieve the predicted improvement experimentally.The team has already constructed a working proof-of-concept that measures magnetic fields by reading the spin states of the NV centers. The next challenge is achieving enough resolution to identify chemicals in extremely small fluid samples.From laboratory equipment to the battlefieldA fieldable version could eventually give personnel a portable way to assess unknown substances without transporting samples to a laboratory. APL says the goal would not necessarily be to replicate the precision of laboratory chemistry. Instead, the sensor could help answer practical questions in the field, such as whether an unknown substance presents a threat and what level of protective equipment may be required. The technology could potentially distinguish between chemically similar substances and identify biological threats, although the current work has not yet demonstrated those capabilities in a field-ready device.The researchers are also exploring applications beyond chemical and biological detection. NV-based quantum magnetometers could potentially be used for environmental monitoring, magnetic-field mapping for GPS-denied navigation, and low-frequency radio communications. APL researchers have also discussed possible applications aboard satellites and inside cryogenic systems.The current focus is on proving that nanoscale NMR can achieve the sensitivity needed for meaningful chemical detection. If the team succeeds, the result could transform a technology normally associated with large laboratory instruments into a compact quantum sensor that can be carried where the threat actually is.",full,,dom_or_structured_full_text,,https://interestingengineering.com/innovation/quantum-sensor-chemical-biological-threat-detection,interesting engineering,综合科技,无,2026-09-24T00:19:37+00:00,AI与智能科技 > 其它智能科技 > 量子信息和量子计算,AI与智能科技,量子信息和量子计算,"[{""path"":[""AI与智能科技"",""其它智能科技"",""量子信息和量子计算""],""path_text"":""AI与智能科技 > 其它智能科技 > 量子信息和量子计算"",""confidence"":0.85,""reason"":""核心是量子传感平台实现便携式NMR化学检测，属量子传感技术。""},{""path"":[""通用技术"",""检测和表征"",""传感器""],""path_text"":""通用技术 > 检测和表征 > 传感器"",""confidence"":0.75,""reason"":""研究目标是小型化现场化学/生物威胁检测传感器。""}]",classified,2026-09-24T00:52:31.667966+00:00,glm-5.2,2026-09-10,
"Nuclear waste could be buried for under 0.1 cent/kWh, US study finds",2026-09-23,"Deep boreholes could provide a safe and relatively low-cost way to permanently dispose of radioactive waste left after used nuclear fuel is recycled, according to results from a three-year US Department of Energy-funded project.Deep Isolation evaluated multiple disposal scenarios involving waste from recycled nuclear fuel. Its analysis found that every scenario studied was projected to cost less than the program’s target of 0.1 cent per kilowatt-hour of electricity generated.Long-term safety modeling also found that all scenarios under expected conditions met the study’s safety criteria. In most cases, projected radiation doses to the public were orders of magnitude below the 10 millirem-per-year regulatory benchmark used in the analysis.The research was conducted under the Department of Energy’s ARPA-E CURIE program with Argonne National Laboratory, Oklo and Case Western Reserve University. Deep Isolation was responsible for studying how recycling waste could be packaged and permanently isolated underground.Burying recycled nuclear wasteThe company’s approach uses deep boreholes drilled into geologically suitable rock formations. The project considered its Universal Canister System in both horizontal and vertical borehole configurations.Researchers examined the full disposal process, including the characteristics of waste produced during fuel recycling, how that material could be packaged, repository design, long-term safety and disposal economics.“This project shows the value of designing recycling and disposal systems together rather than treating waste management as a downstream consideration,” said Jesse Sloane, executive vice president of engineering at Deep Isolation.The work is designed to complement emerging approaches that aim to extract additional value from used nuclear fuel rather than treating all of it as waste.Oklo, one of the project partners, is developing a fuel strategy involving used-fuel recycling, fuel fabrication and power generation. Its planned process would use pyroprocessing to recover usable fuel materials, fabricate them into new fuel and use that fuel in advanced fast reactors.Even after recycling, however, radioactive material requiring permanent disposal remains. The CURIE project examined whether deep boreholes could provide that final disposal pathway without undermining the economics of recycling.Canisters link fuel cycleA key part of Deep Isolation’s approach is its Universal Canister System, or UCS. The triple-purpose system is being developed to handle spent fuel and high-level radioactive waste during storage, transportation and eventual disposal.The company says the design could accommodate waste streams from both existing and advanced reactors. The CURIE analysis considered how the canisters could be placed in either vertical or horizontal deep borehole repositories.“Closing the fuel cycle is about unlocking the full value of used nuclear fuel — recovering its energy potential and extracting isotopes, while safely and permanently managing what remains,” said Ed Petit de Mange, vice president of fuel recycling at Oklo.The findings could also inform the Department of Energy’s Nuclear Lifecycle Innovation Campuses, where fuel recycling is being explored alongside other parts of the nuclear fuel cycle.Deep Isolation is separately working toward real-world deployment of its technology. In January 2026, the company launched a full-scale, at-depth commercialization pilot in Cameron, Texas, aimed at demonstrating its deep-borehole disposal system.",full,,dom_or_structured_full_text,,https://interestingengineering.com/energy/deep-borehole-nuclear-waste-recycling-disposal,interesting engineering,综合科技,无,2026-09-24T00:19:40+00:00,零碳产业 > 能量转化 > 能源测 > 一次能源转化 > 核电 > 裂变,零碳产业,裂变,"[{""path"":[""零碳产业"",""能量转化"",""能源测"",""一次能源转化"",""核电"",""裂变""],""path_text"":""零碳产业 > 能量转化 > 能源测 > 一次能源转化 > 核电 > 裂变"",""confidence"":0.9,""reason"":""核心是乏燃料后处理废物的深钻孔永久处置，属核裂变燃料循环与核废管理。""}]",classified,2026-09-24T00:52:31.667966+00:00,glm-5.2,2026-09-10,
US team to develop offshore system for uranium recovery from seawater,2026-09-23,"SuperCritical Materials has partnered with the University of Michigan to engineer and test offshore systems that could take its uranium-from-seawater technology toward industrial-scale deployment.The company already holds an exclusive license to a patented adsorbent technology designed to capture dissolved uranium from seawater. The new research will focus on the mechanical systems needed to deploy, expose and repeatedly retrieve that material in marine environments.The work will be led by Maha Haji, an assistant professor of mechanical engineering at the University of Michigan and director of its Symbiotic Engineering and Analysis Laboratory. Her research includes designing offshore systems for recovering critical resources from the ocean.The partnership targets a major engineering challenge facing seawater uranium extraction. While the oceans contain an estimated 4.5 billion metric tons of dissolved uranium, a commercial system would need to handle large amounts of adsorbent efficiently through repeated offshore operating cycles.Taking extraction technology offshoreUniversity researchers will mechanically characterize SuperCritical’s uranium adsorbent and study how it responds to stresses during packing, deployment, ocean exposure and retrieval.They will also evaluate different ways to pack the material into nearshore systems before designing and building multiple prototypes of equipment capable of deploying and retrieving it.“The question is no longer simply whether uranium can be extracted from seawater. The question is whether the adsorbent can be deployed, exposed and retrieved efficiently and repeatedly at industrial scale,” said Alexander Canon Bryan, president and CEO of SuperCritical Materials.Testing is expected to take place at the University of Michigan’s Aaron Friedman Marine Hydrodynamics Laboratory. Its towing and wind-wave tanks can reproduce waves, currents and other marine conditions under controlled conditions.Researchers can therefore test multiple equipment designs and study their hydrodynamic behavior before moving to offshore trials.Haji has previously worked on this problem. During her doctoral research at MIT, she helped develop concepts for deploying and retrieving uranium adsorbents and participated in the fabrication and ocean testing of recovery systems.Building repeatable recovery systemsSuperCritical’s licensed technology uses adsorbent material that captures dissolved uranium as seawater passes across its surface. After a defined exposure period, the material is retrieved and processed to recover the captured uranium.The partnership does not change that underlying extraction process. Instead, it addresses how large quantities of the adsorbent could be physically handled and cycled through an offshore system reliably enough to support future commercial operations.“Extracting critical materials from the ocean requires more than a high-performing absorbent. It requires an offshore system that can operate efficiently, reliably and responsibly under demanding marine conditions,” Haji said.Results from the program are expected to guide SuperCritical’s future offshore pilot projects. The data will also feed into feasibility engineering, operating and capital cost modeling, and the design of future demonstration-scale systems.The company ultimately wants to determine whether seawater uranium recovery can operate competitively at industrial scale and contribute to US nuclear fuel supplies.",full,,dom_or_structured_full_text,,https://interestingengineering.com/energy/seawater-uranium-extraction-offshore-recovery-system,interesting engineering,综合科技,无,2026-09-24T00:19:43+00:00,零碳产业 > 物质循环 > 资源获取 > 开采技术,零碳产业,开采技术,"[{""path"":[""零碳产业"",""物质循环"",""资源获取"",""开采技术""],""path_text"":""零碳产业 > 物质循环 > 资源获取 > 开采技术"",""confidence"":0.85,""reason"":""核心是海水中铀资源的吸附回收与海上工程系统开发，属资源开采获取技术。""}]",classified,2026-09-24T00:52:31.667966+00:00,glm-5.2,2026-09-10,
US Army tests 30mm combat vehicle built to counter drone threats,2026-09-23,"BAE Systems has delivered two new AMPV 30 concept infantry fighting vehicles to the US Army, combining a 30mm remote turret with systems designed to detect drone threats and share targets across the battlefield.The vehicles were delivered in April for the Army’s Transformation in Contact (TiC) 2.0 initiative and have since undergone field evaluations, including live-fire testing. The program allows soldiers to test emerging technology under operational conditions and provide feedback on what works.BAE developed the two vehicles in just six months using $17 million of its own research and development funding. The design builds on the chassis of the company’s Armored Multi-Purpose Vehicle, or AMPV.Rather than developing an entirely new combat vehicle, BAE modified the existing platform using its common top plate. The approach allows different weapons and mission equipment to be integrated onto the same underlying vehicle architecture.30mm turret boosts firepowerBoth AMPV 30 prototypes carry Kongsberg’s Medium Caliber Turret, a compact remote turret system that is already in production for the US Marine Corps’ Amphibious Combat Vehicle.The remotely operated turret allows soldiers to use the weapon system while remaining protected inside the armored vehicle. Its integration also demonstrates how the AMPV platform can be adapted for an infantry fighting vehicle role.“Our mission was speed and innovation, and we delivered beyond expectations,” said Bill Sheehy, vice president of BAE Systems’ Ground Maneuver futures.“With today’s battlefield evolving faster than ever, it’s paramount that Soldiers have the capabilities they need to win the fight. Throughout this effort, our team demonstrated how we can integrate new design solutions in a time-effective and more cost-efficient manner for the Army.”The prototypes add more than firepower. They are equipped with counter-unmanned aircraft system capabilities intended to help soldiers combat drone threats, an increasingly important requirement for armored vehicles.BAE has also added a cross-platform target handoff system. It allows multiple vehicles to connect and exchange targeting information, helping crews identify targets and coordinate their response across the battlefield.Crews see beyond armorA 360-degree situational awareness camera system gives soldiers a view of their surroundings without requiring them to leave the protection of the vehicle. Together, the sensors, connectivity and counter-drone systems are intended to improve crew awareness and survivability.The modular design is central to BAE’s approach. Its common top plate and the AMPV’s open architecture allow different mission equipment packages to be installed without redesigning the entire vehicle.According to BAE, the platform can accommodate more than 30 different turret systems. That gives the Army options to modify the vehicle’s weapons and equipment as operational requirements change.The two AMPV 30s bring the number of turreted AMPV prototypes funded by BAE over the past two years to eight. The latest vehicles are now being evaluated by soldiers to determine how the combination of firepower, counter-drone capability and battlefield connectivity performs under field conditions.",full,,dom_or_structured_full_text,,https://interestingengineering.com/military/bae-ampv-30-us-army-counter-drone-vehicle,interesting engineering,综合科技,无,2026-09-24T00:19:45+00:00,未分类,,,[],unclassified,2026-09-24T00:52:31.667966+00:00,glm-5.2,2026-09-10,
"US military orders 4,000 one-way attack UAVs with drone swarm control",2026-09-23,"Swarm Defense Technologies has received an order from the US Department of War for 4,000 Kiwi one-way attack drones, with a minimum value of $25 million including munitions. The Michigan-based company will build the aircraft for US military use.The order was placed under the Department of War’s Drone Dominance Program, a challenge-based acquisition effort that uses military testing to evaluate small uncrewed aircraft before placing prototype delivery orders. The latest award follows the second Gauntlet competition at Fort Carson, Colorado.The Kiwi is a quadcopter configured for one-way attack missions. But the technology behind the order extends beyond the individual aircraft. Swarm Defense pairs its drones with software designed to let one operator control multiple aircraft simultaneously.The company will manufacture the drones at its 40,000-square-foot facility in Auburn Hills, Michigan. Swarm Defense grew out of Firefly Drone Shows, which has built more than 20,000 swarming drones since 2017 and shares engineering and manufacturing resources with the defense company.One operator controls swarmsThe company’s Strike Deck ground control software is designed to coordinate dozens of aircraft from a single operator. It automates waypoint navigation and relay-aircraft flight control while continuously managing flight paths to prevent aircraft from interfering with one another.The system also provides terminal guidance for the final approach to operator-designated targets. Target selection and engagement authorization, however, remain with human operators.“Combat units need to bring volume to the fight. Swarming allows a single pilot to accomplish what it normally takes several pilots to do,” said Adam Wright, President of Swarm Defense Technologies and a former Navy SEAL.Swarm Defense develops much of this technology in-house, including flight controllers, electronic speed controllers, power and battery-management electronics, embedded firmware, ground control software and swarm coordination technology.“Receiving an order for 4,000 Kiwi aircraft is a major milestone for Swarm Defense,” said Kyle Dorosz, CEO of Swarm Defense Technologies. “The Drone Dominance Program has placed its confidence in both our aircraft and our ability to deliver them at scale.”Kiwi extends beyond strike missionsAlthough the current order covers the one-way attack configuration, the Kiwi platform can be adapted for other missions. Swarm Defense says it can also perform intelligence, surveillance and reconnaissance missions, act as an airborne communications relay and serve as a reusable precision-dropper.The company is also working on a containerized drone deployment concept through a Phase I prototype agreement with the Defense Innovation Unit. The system would keep drones in a forward-deployed container until a remote operator launches them for ISR or strike missions.Swarm Defense’s broader software ecosystem includes Strike Deck, Swarm Studio mission-planning software and Swarm Threat Emulator systems used in Army, Air Force and Navy counter-drone training. Its current technology also focuses on coordinating large numbers of aircraft rather than treating each drone as an independent system.The 4,000-drone order therefore combines two parts of the company’s technology: high-volume drone manufacturing and software that allows a smaller number of operators to manage larger groups of aircraft.",full,,dom_or_structured_full_text,,https://interestingengineering.com/military/4000-attack-drones-swarm-control-us-military,interesting engineering,综合科技,无,2026-09-24T00:19:47+00:00,未分类,,,[],unclassified,2026-09-24T00:52:31.667966+00:00,glm-5.2,2026-09-10,
Scientists use 10-nm coating to extend anode-free EV battery life,2026-09-23,"South Korean researchers have developed a nanoscale electrode design that could help make electric-vehicle batteries smaller and lighter while extending their operating life. The technology uses semiconductor manufacturing techniques to address uneven lithium deposition, a major obstacle facing anode-free batteries.Anode-free batteries could potentially increase the amount of energy stored within a given battery size. However, their commercial development has been limited by unstable lithium deposits that reduce performance during repeated charging and discharging.Removing the conventional anodeStandard lithium-ion batteries contain an anode material, typically graphite, that stores lithium while the battery charges. Anode-free designs remove this material and instead deposit lithium directly onto a thin copper current collector.Eliminating graphite frees up space and reduces weight, potentially allowing manufacturers to build batteries with higher energy density. For electric vehicles, that could translate into lighter battery packs or greater driving range without increasing pack size.The design also creates a difficult engineering problem. Lithium does not always spread evenly across flat copper foil. Instead, it can accumulate in particular areas and develop into sharp, branching structures called dendrites.These formations destabilize the protective layer surrounding the lithium and encourage unwanted reactions with the electrolyte. Battery performance consequently declines rapidly over repeated cycles.Earlier attempts to solve the problem have included adding surplus lithium or placing thick protective coatings on the electrode. Although these measures can offset lithium losses or shield its surface, they also increase battery weight and volume.Microscopic tubes guide lithium depositionThe KAIST-led team modified the copper foil itself using secondary sputtering lithography, or SSL, a precision fabrication method associated with semiconductor manufacturing.Researchers created regularly spaced, tube-shaped structures measuring approximately 300 nanometers across and 150 nanometers high. The arrangement provides defined sites where lithium can settle, helping it spread across the electrode rather than accumulating in isolated areas.The microscopic structures increased the surface area available for lithium deposition to around four times that of untreated flat copper foil. This larger deposition area helped limit the concentrated lithium growth that can produce dendrites.The researchers compared the arrangement to marking closely spaced parking spaces across an otherwise open lot. Each structure helps direct the incoming lithium toward an available location.Ultrathin layer forms stronger protectionThe team also coated the structured copper foil with an MXene layer roughly 10 nanometers thick. MXenes are two-dimensional materials with surface properties that can be tailored for electrochemical applications.Instead of functioning as the final protective barrier, the coating behaves like a primer. In the study’s LiPF6-based electrolyte, its surface encouraged the development of a uniform protective layer rich in lithium fluoride.That layer reduced unwanted reactions between lithium and the electrolyte while further suppressing dendrite growth. The researchers examined its composition and formation using techniques including X-ray photoelectron spectroscopy, time-of-flight secondary ion mass spectrometry and transmission electron microscopy.“This study shows how ultrafine fabrication techniques used in semiconductor manufacturing can create both uniform sites for lithium deposition and a stable protective layer without changing the bulk electrolyte formulation or adding excess lithium,” Professor Jinwoo Lee said.The research findings were published online in Advanced Functional Materials on September 1.",full,,dom_or_structured_full_text,,https://interestingengineering.com/transportation/300-nm-structures-lighter-longer-range-ev-batteries,interesting engineering,综合科技,无,2026-09-24T00:19:49+00:00,零碳产业 > 能量转化 > 能量存储 > 电化学储能 > 二次电池 > 传统蓄电池 > 有机体系 > 锂电,零碳产业,锂电,"[{""path"":[""零碳产业"",""能量转化"",""能量存储"",""电化学储能"",""二次电池"",""传统蓄电池"",""有机体系"",""锂电""],""path_text"":""零碳产业 > 能量转化 > 能量存储 > 电化学储能 > 二次电池 > 传统蓄电池 > 有机体系 > 锂电"",""confidence"":0.9,""reason"":""核心是无负极锂离子电池的纳米涂层电极设计研究，直接属于锂电池技术。""}]",classified,2026-09-24T00:52:35.829004+00:00,glm-5.2,2026-09-10,
16 F-35 fighter jet simulators connected across four bases in drills,2026-09-23,"Lockheed Martin connected 16 F-35 full mission simulators across four military bases for a two-hour distributed mission rehearsal. The exercise also brought F-18 simulators and an E-2D Hawkeye controller into the same virtual mission from a fifth location.The event tested how crews stationed thousands of miles apart could coordinate during a simulated multidomain operation, the company said Monday. The participating sites maintained command-and-control links and completed every training objective during the exercise.Five bases connectedThe F-35 simulators operated from Marine Corps Air Stations Yuma, Miramar and Iwakuni, along with Naval Air Station Lemoore. The F-18 simulators and E-2D Hawkeye controller joined from Naval Air Station Oceana in Virginia.The arrangement allowed geographically separated crews and controllers to train together while working from their respective bases. Each team could operate within a common operational picture during the exercise.The setup also brought together U.S. Marine Corps and U.S. Navy units in a single training event. This gave participants experience coordinating with other platforms and units without moving aircraft or crews to one location.Air, surface and cyber operationsLockheed Martin used its tactical environment simulation to recreate a mission involving air, surface, and cyber operations. The scenario required participants to coordinate their actions while responding within the shared virtual environment.The exercise focused on maintaining communication and situational awareness as information moved between the participating locations. Command-and-control links remained active throughout the event, according to Lockheed Martin.Teams reported uninterrupted situational awareness and data exchange. The company said it completed every planned training objective during the two-hour rehearsal.“This exercise enabled warfighters to train the way they fight,” said Ken Garrett, vice president of F-35 Training and Logistics. “They complete complex missions in coordination across distances – their training should represent their missions.”Training across distancesThe exercise gave units based at separate installations a chance to rehearse coordination over long distances. Such training can help crews practice working with other units before taking part in live operations.The distributed format also allows participating forces to remain at their home bases during a joint rehearsal. That can support training between units that are separated by large geographic distances.The event showed how simulator networks can connect different aircraft and command platforms during the same mission. It also demonstrated the ability of participating teams to maintain a shared picture throughout the exercise.Building mission readinessThe successful rehearsal adds to Lockheed Martin’s work on distributed training for the F-35. Connecting simulators at multiple installations gives military units another way to prepare for missions that require coordination across locations.“Mission rehearsal across multiple bases builds the readiness, interoperability and confidence required to win tomorrow’s missions,” Garrett added.For forces operating from different regions, networked exercises can provide opportunities to train together without bringing aircraft to a common base. The latest event showed that geographically separated crews could complete a shared mission while maintaining communication and situational awareness throughout the exercise.",full,,dom_or_structured_full_text,,https://interestingengineering.com/military/lockheed-links-16-f-35-simulators,interesting engineering,综合科技,无,2026-09-24T00:19:52+00:00,未分类,,,[],unclassified,2026-09-24T00:52:35.829004+00:00,glm-5.2,2026-09-10,
US Navy eyes 2 Virginia and 1 Columbia submarines yearly by 2031,2026-09-23,"The US Navy has announced a novel strategy to speed up its nuclear submarine construction, and will reportedly deliver three boats a year from 2031 in order to expand its undersea fleet.The strategy was outlined by Vice Adm. Robert Gaucher, the Navy’s Director of Submarine Programs. He is the Pentagon’s first-ever direct reporting portfolio manager (also called submarine czar), after officially taking office in early 2026.Gaucher detailed a four-pillar approach that’s set to increase the production of Virginia-class nuclear-powered attack submarines, and Columbia-class ballistic missile submarines. The Navy is reportedly targeting two Virginia-class and one Columbia-class submarine annually.According to the czar, the Navy aims to achieve that rate by 2031 or sooner. The strategy aims to expand the fleet while easing submarine production bottlenecks. “The Navy’s requirement to increase the submarine production rate to at least one Columbia-class and two Virginia-class submarines per year remains the top industrial base priority,” he said.Expanding the submarine fleetAccording to Naval News, the lead Columbia-class submarine, which is designed to replace the Ohio class, is expected to be delivered in 2028. Construction of the first vessel began on 1 October 2020. It is scheduled to enter service in 2031.The Navy aims to reach a production rate of one Columbia-class submarine per year by 2030. Production of Virginia-class submarines, intended to replace older Los Angeles-class attack submarines, is expected to reach two boats annually by 2031.In earlier testimony before the House Appropriations Defense Subcommittee on May 12, Adm. Daryl Caudle, the US Navy’s 34th Chief of Naval Operations, said the Navy expects to hit the higher production rate around 2032.The planned Columbia-class submarine.Credit: A total of 12 Columbia-class submarines are planned. At the same time, another 44 Virginia-class submarines are under construction or planned as part of an eventual 70-boat class.Both programs depend on the same industrial base. The submarines are made by General Dynamics Electric Boat in Connecticut, and Huntington Ingalls Industries’ Newport News Shipbuilding in Virginia. “You can’t look at Virginia and Columbia in a vacuum because you’re sharing workforce, it’s the same shipyard, you’re sharing footprint,” Gauche explained. Fewer design changesThe first of Gaucher’s four-pillar strategy involves locking in submarine designs to prevent modifications from slowing construction. “We’re done with engineering churn,” he said. The czar has reportedly ordered a “pencils down” approach for the Virginia-class submarines. This means that any design changes will generally be avoided unless required for safety or critical operational reasons. This is set to become particularly important as production moves through the final Virginia-class variants, Blocks VII and VIII.The second pillar allows the main shipyards to focus on assembling submarines, installing equipment and carrying out final tests. The third pillar expands on this approach by increasing the capacity of the wider submarine industrial base.Finally, the last pillar looks beyond the Virginia class to the future SSN-X nuclear attack submarine. “At some point, if I could have two submarines instead of one submarine, that might be better than paying an exorbitant cost with money and time for the added capability,” Gaucher concluded.",full,,dom_or_structured_full_text,,https://interestingengineering.com/military/us-navy-2-virginia-1-columbia-submarines-yearly-2031,interesting engineering,综合科技,无,2026-09-24T00:19:54+00:00,未分类,,,[],unclassified,2026-09-24T00:52:35.829004+00:00,glm-5.2,2026-09-10,
'Artificial' sounds fake: Trump renames AI 'super intelligence',2026-09-23,"US President Donald Trump has announced that the US government will replace the term “artificial intelligence” with “super intelligence” in its documents, saying the word “artificial” makes intelligence sound fake.Trump made the announcement on Tuesday while addressing the United Nations General Assembly in New York, days after asking the public to vote on alternative names for AI. He said the US would use “super intelligence” going forward and urged other countries to adopt the term.“The use of the word artificial makes intelligence fake, it makes it sound fake and it is not fake. It’s actually amazing,” Trump said during his UN address.The new name was not among the options in Trump’s original poll. On September 19, he had proposed Superior Intelligence, Extreme Intelligence and Supreme Intelligence as alternatives to artificial intelligence.From poll to governmentTrump’s renaming push comes as the US debates how quickly increasingly capable AI systems should be developed and whether additional safety measures are needed.In his UN speech, Trump dismissed warnings about the technology and said the US should not restrict its development. He described AI as a major technological transformation and linked leadership in the technology to global power.“Whoever wins AI, wins,” Trump said, according to reporting on his UN address.Trump’s position follows a series of recent disputes over AI safety. Anthropic CEO Dario Amodei has called for measures to slow the development of frontier AI systems, arguing that rapidly advancing models could create serious risks. OpenAI CEO Sam Altman has backed a federal framework for consistent safety requirements while arguing that companies can begin safety work without waiting for new legislation.Trump has instead characterized concerns about AI taking over or destroying humanity as a “hoax.” He has also said the US should support the technology rather than slow its growth.Why the name mattersThe phrase “super intelligence” already has a technical meaning in AI research. It generally refers to hypothetical AI systems whose capabilities exceed those of humans across a broad range of intellectual tasks.That makes Trump’s proposed terminology different from simply shortening artificial intelligence to a new acronym. The term he selected is already associated with a possible future stage of AI development rather than the broad range of systems currently described as AI.That future has also prompted warnings from researchers and executives working at some of the companies developing advanced AI systems. Jacob Coxon, who recently left Anthropic after previously working at OpenAI, warned that AI companies are “racing straight to self-improving superintelligence and gambling with our lives.” He said people developing the technology “earnestly believe that it could kill us all by the end of the decade.”Anthropic researcher Evan Hubinger has similarly warned about the risks of future superintelligent systems. He wrote, “We really do earnestly believe A.I. could kill all humans!” and has argued that AI developers still lack a reliable way to ensure increasingly capable systems remain aligned with human interests.Paul Christiano, a former OpenAI alignment researcher and current board member of OpenAI’s nonprofit foundation, has also warned of a “meaningful risk” that AI could cause a “catastrophic and irreversible loss of control.” He has said the industry is not currently on track to reduce that risk to an acceptable level.Trump’s announcement also follows his creation of an “AI Force” and plans to appoint an AI “Czar.” He announced both measures on September 19 but did not initially provide detailed information about the structure or responsibilities of the proposed force.",full,,dom_or_structured_full_text,,https://interestingengineering.com/culture/trump-renames-ai-super-intelligence-us-government,interesting engineering,综合科技,无,2026-09-24T00:19:56+00:00,未分类,,,[],unclassified,2026-09-24T00:52:35.829004+00:00,glm-5.2,2026-09-10,
Qnetic’s 200kWh Pulsar prototype enters low-speed testing phase,2026-09-23,"Flywheel-based energy storage system manufacturer Qnetic has reached an important milestone after it began low-speed testing of Pulsar, its 200kWh prototype system. The testing will validate the control and safety systems before moving onto higher rotational speeds. The rapid increase in renewable energy installations has also driven higher demand for energy storage systems. The intermittent nature of solar and wind energy systems makes them unfit to be connected to the grid directly, prompting the need for a reliable energy storage system. While lithium-ion batteries are the best solution that we have in terms of high storage capacities, they are also extremely expensive and have limited life cycles. Researchers have been looking for alternative approaches that can deliver the power densities of lithium-ion batteries at a fraction of the cost, while maintaining performance characteristics. Flywheel-based energy storage is a top contender for this spot as it offers low-cost and highly scalable options. How a flywheel energy storage system worksQnetic’s alternative to the lithium-ion battery consists of a flywheel, or a heavy rotor, capable of spinning at supersonic speed in a frictionless vacuum chamber. The energy generated at renewable energy power plants is used to accelerate the flywheel and store it as kinetic motion, instead of carrying out the chemical reactions in a lithium-ion battery. When electricity demand picks up, the rotor can be decelerated by connecting it to a generator that converts the kinetic motion into electric charge that can then be supplied to the grid on demand. Since the energy storage involves no chemical conversion, there is no risk of degradation of the rotor even after many years. Recently, Qnetic completed its first 100 continuous charge-discharge cycles with zero faults or degradation, a key indicator of its reliability. Additionally, the motor generated 130 kW of power output at 97.3 percent efficiency, with speeds over 11,000 rpm (revolutions per minute), validating the power conversion architecture of the system. Since the amount of energy stored in the system places high demands on the mechanical systems, controls, and containment in the system, Qnetic is using a staged validation program approach to validate the system. Independent validationThis milestone follows Pulsar’s mechanical assembly, completed in June, and multiple component and structural tests. These tests aim to reduce the system’s technical risk before it operates at full speed“Our approach is to increase operating conditions methodically, validating the data at each stage and resolving issues before moving on. That process fundamentally de-risks a system of this scale before full-speed testing and eventual customer deployment,” said Michael Pratt, CEO of Qnetic, in a press release. Results from Pulsar testing are also being shared with the Electric Power Research Institute (EPRI) as part of Readiness Informed by Shared Knowhow, Evaluation, and Data (deRISKED) program, where Qnetic is a participant. “Independent validation is a critical part of moving an emerging energy storage technology from development into the field,” added Pratt in the press release.“The data we’re generating with Pulsar allows us, EPRI, and ultimately utilities and customers to evaluate the technology based on measured performance. We’re deliberately building that evidence as we move toward commercialization.”",full,,dom_or_structured_full_text,,https://interestingengineering.com/energy/energy-storage-qnetic-pulsar-testing,interesting engineering,综合科技,无,2026-09-24T00:19:59+00:00,零碳产业 > 能量转化 > 能量存储 > 机械能 > 飞轮储能,零碳产业,飞轮储能,"[{""path"":[""零碳产业"",""能量转化"",""能量存储"",""机械能"",""飞轮储能""],""path_text"":""零碳产业 > 能量转化 > 能量存储 > 机械能 > 飞轮储能"",""confidence"":0.95,""reason"":""核心事件是Qnetic 200kWh飞轮储能系统原型测试，属飞轮储能领域。""}]",classified,2026-09-24T00:52:35.829004+00:00,glm-5.2,2026-09-10,
AI Detects Hidden Bladder Cancer Warning Signs up to 5 Years Before Diagnosis,2026-09-23,"Bladder cancer is a common urinary tract cancer that can be difficult to detect early because its symptoms often overlap with less serious conditions. Earlier identification could improve treatment options while helping reduce unnecessary invasive testing. Credit: Stock
Years before bladder cancer is diagnosed, faint warning signs may already be accumulating across a patient’s medical history.
Bladder cancer causes about 220,000 deaths worldwide each year, but finding it early remains difficult. Blood in the urine is its best-known warning sign, yet the same symptom can result from kidney stones, prostate problems, and other noncancerous conditions.
Researchers led by the
University of Plymouth
have developed an artificial intelligence system that searches electronic health records for combinations of symptoms, risk factors, prescriptions, and clinical activity associated with the disease. Some of these signals appeared as early as five years before diagnosis, although the model performed most effectively within the final 12 months.
Finding Cancer Clues in Health Records
The research team, led by Professor Shang-Ming Zhou at the University of Plymouth’s Centre for Health Technology, analyzed the records of nearly 70,000 patients collected between 1995 and 2020.
Their custom model, PRECISE-AGZ, initially examined 48,261 possible indicators (from smoking and exercise habits to medication use). It then identified 38 features that together provided the strongest signals of bladder cancer risk.
The system detected 85% of patients who had bladder cancer and correctly classified 91% of those who were cancer-free. It was also more likely to identify the disease than existing NHS referral guidelines.
Why Current Screening Misses Cases
Current referral decisions depend heavily on visible blood in the urine (hematuria). Because this symptom is not unique to cancer, it can send people without the disease for invasive testing while failing to capture others whose medical records contain less obvious warning patterns.
A definitive diagnosis generally requires cystoscopy (where a long, thin tube with a small camera inside is moved up the urethra and into the bladder). More precise risk assessment could therefore help clinicians determine who needs the procedure most urgently and who may be monitored safely.
Rather than relying on one symptom, PRECISE-AGZ considers how multiple pieces of health information interact. The findings suggest that the meaning of a familiar warning sign can change when it is viewed alongside the rest of a patient’s medical history.
Unexpected Bladder Cancer Patterns
The model confirmed established risk factors such as smoking and blood in the urine, but it also uncovered associations that conventional referral systems would be unlikely to detect. People with Parkinson’s disease or dementia showed a lower risk of bladder cancer, while those who used tamoxifen (a breast cancer medication) over long periods showed a higher risk.
These patterns do not establish that the conditions or medication prevents or causes bladder cancer. However, they raise questions about possible biological connections that could be explored in future studies.
Blood in the urine also did not carry the same implications for every patient. Among men with benign prostate enlargement, for example, its presence was associated with a lower cancer risk. If further research confirms such relationships, clinicians may be able to avoid some unnecessary referrals without overlooking people at greater risk.
Three Levels of Bladder Cancer Risk
PRECISE-AGZ placed patients into three categories: low risk (below 7% probability), uncertain (grey zone: 7-55%), and high risk (above 55%). This structure could help health care providers prioritize testing and other resources for patients most likely to have the disease.
People in the uncertain range could be monitored before undergoing clinical intervention, potentially reducing unnecessary cystoscopies. Further investigation and development will be needed before the system can be introduced into routine care, but it could eventually give clinicians a more personalized way to decide who requires urgent testing.
“Bladder cancer ranks as the ninth most common cancer worldwide, with 614,000 new cases diagnosed in 2022. Despite its prevalence, no routine screening program exists for the general population, and—following symptoms—detection relies heavily on invasive cystoscopy procedures.
“Our system goes far beyond traditional symptoms, and it’s great to have uncovered the results that we have. The research shows that the combination of multiple factors—from medication histories to seemingly unrelated conditions—can reveal patterns invisible to conventional screening methods,” said PhD student Xu Wang, who led the data analysis.
Promise and Limits of AI Screening
“Bladder cancer has a major unmet need in early detection, and the prospect of a screening tool is hugely exciting for patients and their families. It could identify those most at risk more accurately, reduce harm from invasive procedures, and catch cancer earlier, when survival outcomes and quality of life can be dramatically improved,” said Dr. Helen Winter, clinical director for the Somerset, Wiltshire, Avon, and Gloucestershire (SWAG) Cancer Alliance.
“This work represents a paradigm shift toward precision screening for bladder cancer. By harnessing the power of interpretable machine learning and comprehensive health records, we’re moving closer to detecting this disease at its earliest, most treatable stages.
“It’s important to emphasize that further validation across different health care systems is essential before anything is rolled out more widely—for example, all of the data analyzed came from the SAIL database in Wales, so we’d want to investigate other data sets, too. But it’s a very exciting early study. Additional studies would also be needed to confirm the causal relationships suggested by the model’s predictions,” said Zhou.
Reference: “Early Detection of Bladder Cancer Using Advanced Feature Engineering and Swarm Intelligence Optimization on EHRs” by Xu Wang, Andrea Preston, Jonathan Aning, Michael Loizou and Shang-Ming Zhou, 26 January 2026,
IEEE Transactions on Biomedical Engineering
DOI: 10.1109/TBME.2026.3658230
Never miss a breakthrough:
Join the SciTechDaily newsletter.
Follow us on
Google News
Artificial Intelligence
Machine Learning
University of Plymouth
Articles
New Cancer Drug Blocks Tumors Without Debilitating Side Effects
AI Tool Forecasts Cancer Therapy Outcomes Using Single-Cell Insights
Johns Hopkins Engineers Develop Deep-Learning Technology That May Aid Personalized Cancer Therapy
Artificial Intelligence Can Quickly and Accurately Rule Out Cancer in Dense Breasts
Deep Learning Artificial Intelligence Predicts Breast Cancer Risk Better
Artificial Intelligence Classifies Brain Tumors With Single MRI Scan
AI Outperforms Humans in Creating Cancer Treatments – But Do Doctors Trust It?
MIT Mirai: Robust Artificial Intelligence Tools To Predict Future Cancer
Artificial Intelligence Predicts Drug Combinations That Kill Cancer Cells More Effectively",full,,dom_or_structured_full_text,,https://scitechdaily.com/ai-detects-hidden-bladder-cancer-warning-signs-up-to-5-years-before-diagnosis/,scitechdaily,综合科技,无,2026-09-24T00:21:15+00:00,AI与智能科技 > AI软件层 > 工程改进,AI与智能科技,工程改进,"[{""path"":[""AI与智能科技"",""AI软件层"",""工程改进""],""path_text"":""AI与智能科技 > AI软件层 > 工程改进"",""confidence"":0.85,""reason"":""核心是AI系统分析电子健康记录实现癌症早期检测的医学AI应用。""}]",classified,2026-09-24T00:52:35.829004+00:00,glm-5.2,2026-09-10,
Ozempic’s Active Ingredient Shows Surprising Anti-Aging Effects,2026-09-23,"Semaglutide, the active ingredient in Ozempic and Wegovy, helped older healthy mice live longer while improving memory, muscle function, and several biological markers of aging. Credit: Shutterstock
The medication provided benefits beyond those achieved through calorie restriction alone.
A medication widely used for diabetes and weight loss may also be affecting some of the biology of aging. Semaglutide, the active ingredient in Ozempic, Wegovy, and Rybelsus, is a GLP-1 drug that helps regulate blood sugar and reduce appetite. It improved muscle and cognitive function and reduced several age-related changes in older, healthy female mice. In a separate experiment, mice treated with the drug until the end of life had a median lifespan nearly 100 days longer than untreated animals.
But semaglutide also causes animals to eat less, raising an important question. Were the mice benefiting from the drug itself, or simply from consuming fewer calories?
To find out, researchers at the University of California, Berkeley compared semaglutide directly with calorie restriction. The two approaches produced many similar effects, but several benefits in the semaglutide-treated mice went beyond what researchers observed from eating less alone.
That distinction matters because calorie restriction has long been associated with longer life and slower aging in laboratory animals. If semaglutide produces additional effects through a different biological pathway, it could help researchers understand why GLP-1 drugs have shown benefits across several age-related diseases in animal studies.
“Most chronic diseases are deeply rooted in the aging process. If GLP-1 agonists do indeed slow it down, then a wide range of clinical benefits is exactly what you’d expect to see,” said Rafael de Cabo, Ph.D., a senior investigator at the NIH’s National Institute on Aging (NIA), and author of a commentary on the new study.
Older mice showed broader benefits
The NIH-funded study, led by Danica Chen, Ph.D., examined what happened when semaglutide was given late in life, when the effects of aging were already more pronounced. The researchers treated 20-month-old female mice with the drug for three months.
Compared with untreated mice, the semaglutide group showed improved muscle and cognitive function. The researchers also analyzed gene activity and found reductions in several hallmarks of natural aging, including increased inflammation and reduced regenerative capacity.
Another group of mice received semaglutide until the end of life. Their median lifespan was nearly 100 days longer than that of untreated mice.
Eating less did not explain everything
Those findings alone could not reveal whether semaglutide was directly influencing aging, because the drug also reduces food intake. To separate the effects of the medication from those of eating less, the researchers conducted a second comparison.
One group of 20-month-old female mice received semaglutide for five months. Another group ate a diet containing 24% fewer calories, designed to match the feeding pattern of the animals receiving the drug.
Many physiological measurements remained stable in both groups, showing that semaglutide and calorie restriction produced several similar effects. But the two approaches were not identical.
Mice treated with semaglutide improved beyond their starting levels in exploratory behavior, spatial memory, and blood sugar maintenance. Their metabolic rate also remained largely unchanged, while it declined in mice on the calorie-restricted diet.
Those differences suggest that reduced food intake may not fully account for semaglutide’s effects.
“These differences point to the possibility that GLP-1 drugs tap into a biological pathway independent of calorie restriction. Uncovering this potential route and the benefits that may specifically stem from it is an important direction for future research into the development of longevity-enhancing interventions,” said Chen, corresponding author of the study and professor of metabolic biology and nutrition at UC Berkeley.
Human longevity remains unproven
Previous animal studies have found that GLP-1 drugs can delay the onset of several diseases associated with aging. This research asked a broader question by studying otherwise healthy older mice: whether semaglutide might also influence the physiological aging process itself.
The results do not show that semaglutide slows aging or extends lifespan in people. The experiments involved older female mice, and effects observed in laboratory animals do not necessarily translate to humans.
Clinical studies will be needed to determine whether similar effects occur in people. The researchers pointed to work such as a recent
post-hoc analysis
of the SLIM LIVER trial as part of the broader effort to understand whether GLP-1 drugs could influence longevity-related outcomes in humans.
Chen also said future studies could examine GLP-1 drugs in healthy older adults, which would expand research beyond people taking the medications for conditions such as obesity or type 2 diabetes.
For now, the findings suggest that semaglutide can reproduce some of the effects associated with calorie restriction in older mice while also producing benefits that eating less alone did not fully explain. Understanding what drives those differences could reveal whether GLP-1 drugs are acting on biological pathways that play a broader role in aging.
Reference: “Late-life semaglutide treatment slows ageing and extends lifespan in female mice” by Yufan Feng, Marine Barthez, Yifei Wang, Yibing Chen, Huixian Qiu, Chih-Ling Wang, Kartoosh Heydari, Melaine Delcroix, Lene Juel Rasmussen, Vilhelm A. Bohr and Danica Chen, 2 September 2026,
DOI: 10.1038/s41586-026-10940-7
NIH supported this research through NIA grants R01AG063404, R01AG063389, and R01AG082105.
Never miss a breakthrough:
Join the SciTechDaily newsletter.
Follow us on
Google News
Longevity
Metabolism
National Institutes of Health
Semaglutide
Articles
Popular Brain Supplement May Have a Deadly Downside for Men
Exercise in a Pill? Oral Compound Shown to Replicate Its Anti-Aging Benefits
Scientists Discover a Molecule That Links Aging Throughout the Entire Body
Scientists Identify Key Pathway for Brain Health Boost via Ketogenic Diet
The Isoleucine Paradox: Eat More, Weigh Less, Live Longer
The Future of Medical Imaging: Advanced AI Can Tell Your True Age by Looking at Your Chest
How Intermittent Fasting Extends Life Spans – Time-Restricted Eating Reshapes Gene Expression Throughout the Body
Fountain of Youth: Cutting Calories and Eating at the Right Time of Day Leads to a Longer Life
Chemical Compound Promotes Healthy Aging – Add Muscle, Strength and Energy While Losing Fat",full,,dom_or_structured_full_text,,https://scitechdaily.com/ozempics-active-ingredient-shows-surprising-anti-aging-effects/,scitechdaily,综合科技,无,2026-09-24T00:21:17+00:00,通用技术 > 基础学科 > 医学&生物学,通用技术,医学&生物学,"[{""path"":[""通用技术"",""基础学科"",""医学&生物学""],""path_text"":""通用技术 > 基础学科 > 医学&生物学"",""confidence"":0.9,""reason"":""核心是司美格鲁肽延缓衰老、延长寿命的生物学研究发现。""}]",classified,2026-09-24T00:52:39.445003+00:00,glm-5.2,2026-09-10,
Henry VIII’s Lost Castle May Still Be Hiding in Plain Sight,2026-09-23,"A 1539 early design for either Sandown or nearby Walmer Castle. Credit: British Library
Stone from Henry VIII’s lost Sandown Castle appears to survive within Dover Castle and other buildings across East Kent.
Stone from a Tudor fortress that largely disappeared into the sea may still be standing in plain sight at Dover Castle more than a century after the original structure was demolished.
New research has linked masonry in the Victorian extension at Constable’s Gate to Sandown Castle, one of three coastal forts built for Henry VIII in 1539-40. Unlike nearby Walmer Castle, Sandown did not survive intact. Coastal erosion took its toll, and the fortress was largely demolished during the 19th century.
Yet parts of it appear to have been given a second life.
An 1883 report links Sandown stone to Dover
Dr. Christopher Moore, a Research Fellow and former PhD researcher in hidden and lost heritage at the University of Kent, combined archival records with evidence from the surviving architecture at Dover Castle. His research uncovered an 1883 report stating that materials from Sandown were being sent to Dover to build an extension at Constable’s Gate.
Built in 1883-84 as quarters for Dover Castle’s commanding officer, the extension adds architectural evidence to that documentary record.
“This sheds light on how Dover Castle’s 19th-century works incorporated masonry from an earlier Tudor fortress,” said Dr Moore. “Sandown Castle is best known as a casualty of coastal erosion, but the documentary trail and the surviving fabric show that parts of it lived on at Dover Castle and at other sites across East Kent.”
Dr. Christopher Moore. Credit: University of Kent
Sandown survives across East Kent
The Dover connection is only part of the story. Moore’s research identified several other places in East Kent where stone from Sandown Castle was reused, including Eastry Union Chapel, Walmer Castle, and Deal’s second pier abutment.
Together, those sites show how parts of the lost fortress survived after Sandown itself was largely demolished, with its masonry incorporated into later structures across East Kent.
The research was supported by the University of Kent and carried out with the cooperation of English Heritage. It adds another layer to the history of Dover Castle while helping trace what happened to material from one of England’s lost Tudor fortresses.
Moore is also a co-founder, with Dr. Manolo Guerci, of The Henrician Archaeological Research Foundation, or The HARF. The registered charity focuses on uncovering and preserving lost architecture from the Early Modern period, particularly sites affected by coastal erosion, neglect, or demolition.
Guerci, who is also Director of Graduate Research Studies at Kent’s School of Arts and Architecture, said:
“Research like this exemplifies what Kent is all about – combining academic rigor with real-world heritage preservation. By bringing together further evidence for Sandown Castle’s reused masonry at Dover and elsewhere, Dr. Moore has advanced scholarly knowledge and given the public a compelling new way to understand a much-loved site.”
A lost fortress remains within reach
For Moore, the significance lies not only in tracing where the stone went, but also in allowing visitors to encounter surviving pieces of a fortress that no longer exists in its original form.
“When you stand beside the Victorian extension at Constable’s Gate and realize that parts of its masonry came from Sandown Castle – a fort Henry VIII built and the sea later claimed – it sends chills down your spine. It’s a tangible connection across centuries of history. I encourage everyone, from local families to history buffs, to come to Dover Castle and experience this hidden heritage for themselves.”
Never miss a breakthrough:
Join the SciTechDaily newsletter.
Follow us on
Google News
Archaeology
Architecture
University of Kent
Articles
Neanderthal and Early Modern Human Culture Co-existed Alongside Older Traditions for Over 100,000 Years
Bones & DNA Tell the Story of Three African Slaves During Spanish Colonialism
Recent Human Ancestor Regularly Climbed Trees Like Apes
Dead in Unmarked Graves Identified by Combining Genetics With Genealogy
Mystery Surrounding Dinosaur Footprints on a Cave Ceiling Finally Solved
How Ancient Poop Debunked Myth of Native American Lost Civilization
Mystifying Puzzle of Early Neolithic House Orientations Finally Solved
Previously Dismissed As Myths, New Study Boosts Credibility of Columbus’ Cannibal Claims
Cave Site Reveals 78,000-Year-Old Record of Stone Age Innovation",full,,dom_or_structured_full_text,,https://scitechdaily.com/henry-viiis-lost-castle-may-still-be-hiding-in-plain-sight/,scitechdaily,综合科技,无,2026-09-24T00:21:19+00:00,未分类,,,[],unclassified,2026-09-24T00:52:39.445003+00:00,glm-5.2,2026-09-10,
"Medieval Manuscripts Reveal a 3,500-Year-Old Viral Secret Hidden in Parchment",2026-09-23,"Created in Northumbria in the eighth century, this copy of the Epistles of St Paul is among the oldest books held in the Trinity College Cambridge Library. Credit: Reproduced with kind permission of the Master and Fellows of Trinity College, Cambridge
Medieval parchment preserved two histories: the words written by scribes and the DNA of a sheep virus that had circulated for thousands of years.
Animal skins used to make historic manuscripts have revealed the 3,500-year history of the sheep pox virus (SPPV). By recovering viral DNA from parchment, researchers traced the pathogen across Bronze Age Eurasia and medieval Europe, turning celebrated documents such as the York Gospels into unexpected records of animal health.
The international project, led by University College Dublin, brought together geneticists, historians, virologists, protein chemists, and conservators. Their findings provide the first genetic evidence that sheep pox was affecting European flocks centuries before modern veterinary records began.
A Virus Hidden In Parchment
Sheep pox is a highly contagious disease that can spread quickly through a flock. It is especially dangerous to young animals and can cause high death rates while reducing the production of wool, meat, and milk.
Parchment was commonly made from processed sheep, goat, or cattle hides. Although the manufacturing process removed most visible signs of the animal, fragments of its DNA and traces of pathogens could remain trapped in the material. Each surviving page can therefore preserve information about the animal from which it was made.
DNA recovered from the medieval manuscripts revealed that the sheep pox virus has been affecting livestock for thousands of years. Credit: Reproduced with kind permission of the Master and Fellows of Trinity College, Cambridge
“The recording of ancient DNA of pathogens has completely changed our understanding of infectious disease in the past, and here we show that parchment can also preserve animal pathogen DNA. It is possible that archives and libraries around the world also contain the genetic traces of disease outbreaks in animals in the past,” said Louis L’Hôte, a UCD PhD candidate and the study’s lead author.
“These genomes help us understand how these pathogens evolved and how they impacted past societies, such as sheep pox virus, which we show has been affecting Eurasian sheep herds for at least three and a half millennia.”
Historic Manuscripts Reveal Infected Flocks
In the study, published in
Science Advances
, the researchers reconstructed more than 3,500 years of sheep pox virus evolution. They identified its DNA in several medieval manuscripts, including documents with considerable historical importance.
One was the 1,000-year-old York Gospels, among the finest illuminated manuscripts to survive from the early Anglo-Saxon period. The researchers also examined the Corpus Glossary at Corpus Christi College Cambridge, one of the earliest English dictionaries, and other medieval works from Britain and continental Europe.
Several pages within the same manuscripts carried sheep pox virus DNA. That pattern suggests the books were assembled using hides from multiple infected animals and raises the possibility that their pages captured evidence of outbreaks affecting entire flocks.
The discovery shows that manuscripts can reveal more than intellectual and artistic history. Because livestock were central to medieval farming, clothing, food production, and trade, the diseases recorded in parchment may also offer clues about the economic pressures faced by past communities.
Unexpected DNA on Goat and Cattle Skins
One particularly surprising result was the detection of sheep pox virus on parchment identified as calfskin and goatskin. These findings could represent rare cross-species infections, although the researchers said contamination during the parchment-making process is another possible explanation.
“Parchment making has been considered a vanishing craft, but we are beginning to understand just how much of the past it has retained. This project shows that parchments not only preserve our cultural history for hundreds of years, but also the landscape of disease in our livestock in the medieval period,” said Dr. Kevin G. Daly, an associate professor at the UCD School of Agriculture and Food Science and the study’s supervising author.
Cambridge, Trinity College, MS B.10.5, fol. 62v, the Epistles of St Paul, Ireland/Northumbria, 700–800 CE. Credit: Reproduced with kind permission of the Master and Fellows of Trinity College Cambridge
“This kind of exciting, surprising discovery is only possible when researchers from a range of disciplines come together to share their expertise and data, a generosity and trust that collaborative science depends on.”
Libraries and archives may hold an enormous, largely unexplored collection of biological evidence. Examining parchment without damaging valuable manuscripts could eventually help researchers map where and when livestock diseases circulated across centuries.
Bronze Age Teeth Extend The Timeline
The manuscripts documented the virus in medieval Europe, but sheep teeth carried its history much further into the past. By combining the parchment findings with DNA recovered from Bronze Age dental remains, the researchers showed that sheep pox has threatened livestock for more than 3,700 years.
Teeth can protect genetic material for thousands of years, making them valuable sources of evidence about ancient infections. The earliest known sheep pox virus DNA came from sheep remains found at pastoral settlements on the Eurasian Steppe.
Comparisons of ancient and modern viral sequences indicated that the major capripoxvirus lineages (sheep pox virus, goatpox virus, and lumpy skin disease virus) diverged between 11,500 and 3,700 years ago.
That period overlaps with the expansion of animal domestication and the major movement of sheep from the steppe into Europe. As people transported livestock across long distances and kept larger groups of animals together, they may also have created new opportunities for pathogens to spread and adapt.
Ancient DNA Could Inform Modern Outbreaks
“People around the world are still fighting against this pathogen. There is currently an outbreak of sheep pox in Greece, causing much economic damage,” said Louis L’Hôte.
“Ancient genomes can help us understand how these pathogens affecting us today evolved. We find that unlike the smallpox virus, the sheep pox virus genome was very stable over the last few millennia.”
That stability suggests that many of the genetic changes crucial to the virus’s ability to infect sheep occurred earlier in its evolutionary history. Identifying those older changes could help scientists understand how the pathogen became so well adapted to its host.
“This might mean that genetic changes before this point were very important to how the sheep pox virus evolved to infect its host, which may help us fight the pathogen in the future,” L’Hôte added.
Reference: “3,500 years of sheeppox virus evolution inferred from archaeological and codicological genomes” by Louis L’Hôte, Luisa Sacristán, Róisín Ferguson, Alex Siekmann, Leland Rogers, Barbara Richter, Herbert Weissenböck, Jenny Lorke, Lara Artemis, Élodie Lévêque, Richard Hark, Patricia Engel, Mary Teresa Josephine Webber, Madison Bennett, Kristine Rose-Beers, Emma Nichols, Marta Munoz Alegre, Max Ramsøe, Sarah Fiddyment, Laura C. Viñas-Caron, Dimitry V. Papin, Ian C. Light-Maka, Felix M. Key, Jonas Albarnaz, Tim Downing, Jonathan Pekar, Philippe Lemey, Daniel Bradley, Jiří Vnouček, Cheryl A. Makarewicz, Joanna Story, Matthew Collins, Matthew D. Teasdale, Annelise Binois-Roman, Sébastien Calvignac-Spencer and Kevin G Daly, 30 March 2026,
DOI: 10.64898/2026.02.23.707469
This study was funded by Taighde Éireann-Research Ireland and the European Research Council, and led by researchers at UCD in collaboration with over 30 Irish and international institutions, including Trinity College Dublin, the Helmholtz Institute for One Health, Université Paris 1 Panthéon-Sorbonne, the University of Leicester, Cambridge University, and the University of Copenhagen.
Never miss a breakthrough:
Join the SciTechDaily newsletter.
Follow us on
Google News
Archaeology
Infectious Diseases
University College Dublin
Articles
A 5,500-Year-Old Skeleton Reveals the Deep Origins of Syphilis
How a Medieval Poem Fooled Historians About the Black Death for 700 Years
DNA Reveals the Deadly Secret That Doomed Napoleon’s 1812 Army
1,500-Year-Old Mystery Solved: Scientists Rewrite the Origins of the World’s First Pandemic
New Study Indicates That Syphilis Originated in the Americas Prior to the Arrival of Columbus
DNA Analysis Identifies First Member of Ill-Fated 1845 Franklin Expedition
200-Year-Old Poop Shows Rural Wealthy Elites in New England Had Parasitic Infections
Ivory From 1533 Shipwreck Tracked Using DNA – Provides New Insights on Elephants and 16th Century Trading
DNA From Skeletons in Mass Grave Provides Evidence of Smallpox in the Viking Age",full,,dom_or_structured_full_text,,https://scitechdaily.com/medieval-manuscripts-reveal-a-3500-year-old-viral-secret-hidden-in-parchment/,scitechdaily,综合科技,无,2026-09-24T00:21:20+00:00,通用技术 > 基础学科 > 医学&生物学,通用技术,医学&生物学,"[{""path"":[""通用技术"",""基础学科"",""医学&生物学""],""path_text"":""通用技术 > 基础学科 > 医学&生物学"",""confidence"":0.75,""reason"":""从羊皮纸中回收病毒DNA追踪羊痘病毒3500年演化史，属病原与生物史研究。""}]",classified,2026-09-24T00:52:39.445003+00:00,glm-5.2,2026-09-10,
Scientists Discover Canada’s First Dinosaur Tracks From a Rarely Documented Cretaceous Age,2026-09-23,"Ornithopods, or duck-billed dinosaurs, could stand on their hind legs. Here, the skeleton of a Hadrosaur duck-billed dinosaur is displayed in the Royal Ontario Museum in Toronto. Credit: (Wikimedia Commons/Thomas Quine), CC BY
Rare tracks from northeastern British Columbia reveal an ornithopod-dominated dinosaur community from a poorly documented period when much of western North America lay beneath an inland sea.
Imagine the Western Plains of North America, from Texas to Alaska, submerged under a broad, shallow seaway. To the west lay the ancestral Rocky Mountains. To the east were low-lying plains traversed by large, sluggish rivers.
This was the landscape of North America in the mid-Cretaceous period — a geological age with a time span of 105 to 75 million years ago — when the global sea level was around
100 meters higher than it is now
A high concentration of atmospheric carbon dioxide, due to massive volcanism, created a “greenhouse” climate such that Earth lacked significant polar ice caps. Alaska and Antarctica enjoyed temperate climates.
The record of dinosaur bones and tracks from this time in North America is sparse, especially from the Coniacian age — a sub-stage of this Cretaceous period, spanning 89.75 to 86.5 million years ago.
We have discovered the
first Canadian dinosaur tracks
One of us, Guy Plint, first noticed these tracks in 1988. However, the remote nature of the site, best accessed by helicopter, delayed further investigation until 2022 when, together, we were able to begin a more comprehensive study. The findings were recently published in
Historical Biology
The authors discovered ‘duck-billed’ ornithopod and carnivorous theropod dinosaur tracks, along with rare rounded tracks with four or five digits, which may belong to ankylosaurian (‘armored’) dinosaurs. Credit: Annemarie Plint
Dinosaurs of North America
North America has yielded an
abundant record of dinosaur bones
and tracks overall. Evidence from the Coniacian, however, is much scarcer, making the Tumbler Ridge tracks an important addition to the continent’s dinosaur record from this interval.
Footprints also preserve a different kind of evidence than bones. Dinosaur tracks can form and survive only in terrestrial, nonmarine sediments. For that reason, most North American dinosaur tracks are found in
sedimentary rocks
laid down by rivers draining the Rocky Mountains.
The newly studied tracks, therefore, provide rare evidence of dinosaurs living on land during a period of North American history for which both bones and tracks remain difficult to find.
A digital model of an ornithopod (duck-billed) dinosaur track. Credit: Charles Helm
A small delta escaped the inland sea
Their sediment load gradually built deltas and coastal plains along the western margin of the
Interior Seaway
Over millions of years, the sea level slowly rose and fell, alternately narrowing and widening the coastal plain.
The late Cenomanian, Turonian, Coniacian, and Santonian stages of the Cretaceous period — between about 95 and 84 million years ago — were times of exceptionally high net sea level when shorelines were pushed to the west,
lapping against the foothills of the Rocky Mountains
In western Canada, Coniacian rocks are entirely marine with the exception of the small Tumbler Ridge area of northeastern British Columbia.
The authors explore the Tumbler Ridge area of northeastern B.C., searching for dinosaur tracks. Credit: Guy Plint
Here, a river system built a delta that protruded eastward into the seaway. The deposits of that ancient delta are called the Marshybank formation, which, critically, includes some terrestrial strata that preserve the tracks we found.
In addition to these rocks of Coniacian age, the Tumbler Ridge area includes terrestrial deposits spanning much of the Cretaceous period. These have yielded an abundant and diverse record of other fossil vertebrate tracks.
These include traces of
giant crocodiles
pterosaurs
, as well as
abundant dinosaur tracks
Tumbler Ridge Museum
is a repository and exhibition area for many examples of such tracks. The area was designated the
Tumbler Ridge UNESCO Global Geopark
in 2014.
Floods preserved a trampled dinosaur landscape
The Marshybank delta was very low-lying with shallow lakes, mires, and floodplains traversed by sluggish, sinuous rivers. Abundant fossil roots attest to dense vegetation, and preserved tree stumps indicate stands of large trees, probably conifers like the dawn redwood.
River floods washed sand beyond the river banks to form thin sand sheets called
crevasse splays
The bottom surfaces of these splays preserve, as natural casts, a variety of dinosaur tracks, originally impressed in soft mud. The sandy banks of ancient river channels were also pervasively trampled by dinosaurs.
Ornithopods dominated the dinosaur tracks
The most common tracks we found have three broad blunt toes and are typically 30 to 50 centimeters wide. These are
ornithopod, or “duck-billed dinosaur”
tracks. These large herbivores could walk on their hind legs, or shift to a quadrupedal gait.
The second most common track type has three, narrower and more elongated toes, tipped with claw impressions; we believe these to be carnivorous theropod dinosaur tracks.
A digital model of a carnivorous theropod dinosaur track. Credit: Charles Helm
We also found some rare rounded tracks with four or five indistinct digits, which might belong to
ankylosaurian (“armored”) dinosaurs
The dinosaur tracks from the Marshybank Formation near Tumbler Ridge, which are mostly ornithopods, resemble a similar discovery from the contemporaneous
Frontier Formation in southwestern Montana
. They also have many elements in common with dinosaur fauna from the overlying
Wapiti Formation
(from 84 to 66 million years ago).
However, the ornithopod-dominated tracks of the Marshybank Formation differ markedly from those of the underlying
Dunvegan Formation
(97-95 million years ago) and Gates Formation (109-107 million years ago), which are dominated by ankylosaur tracks.
Flowering plants reshaped the food supply
Fossil plants in the Marshybank strata include gymnosperms (for example, conifers, cycads, and ginkgos), ferns, and horsetails. Most of the flora, however, are angiosperms (flowering plants) that may be distantly related to modern plane, poplar, and willow trees, plus laurel, buckthorn, soapberry, and low-growing shrubs and herbs.
Angiosperms evolved in tropical latitudes about 130 million years ago and spread rapidly to high latitudes, appearing in Alaska about 30 million years later.
Flowering plants provided a more nutritious and easily digested source of food than conifers, cycads, and ferns. They were also faster-growing and better able to recover from cropping by dinosaurs.
The proliferation of the Coniacian herbivorous dinosaurs, particularly ornithopods, and the sustenance of the carnivores that preyed on them are, therefore, related to the diversification and dispersal of flowering plants.
Reference: “An upper Coniacian (Upper Cretaceous) dinosaur track record from a high-latitude delta plain setting, north-east British Columbia, Canada” by A. Guy Plint and Charles W. Helm, 24 July 2026,
Historical Biology
DOI: 10.1080/08912963.2026.2683023
This study is funded by the Natural Sciences and Engineering Research Council of Canada through multiple Discovery Grant cycles.
Adapted from an article originally published in
The Conversation
Never miss a breakthrough:
Join the SciTechDaily newsletter.
Follow us on
Google News
Cretaceous
Dinosaurs
Paleontology
The Conversation
Articles
Forgotten for 20 Years, This 240-Million-Year-Old Fossil Reveals a New Reptile Species
Scientists Solve 320-Million-Year Mystery of Reptile Skin Armor
Scientists Discover 132-Million-Year-Old Dinosaur Tracks on South Africa’s Coast
Tyrannosaurus Rex
Triceratops Horridus
Fossils Reveal Headbutts May Have Been Used as a Dinosaur Courtship Behavior
Amber Captured Cretaceous Period Spider Attacking a Wasp
Cretaceous Period Sankofa Pyrenaica Fossilized Eggs Are Unusually Shaped
Microraptor Feathers Were Black With Iridescent Sheen
Jurassic Period Super-Sized Fleas Had Armored Mouthparts to Attack the Thick Hide of Dinosaurs",full,,dom_or_structured_full_text,,https://scitechdaily.com/scientists-discover-canadas-first-dinosaur-tracks-from-a-rarely-documented-cretaceous-age/,scitechdaily,综合科技,无,2026-09-24T00:21:22+00:00,未分类,,,[],unclassified,2026-09-24T00:52:39.445003+00:00,glm-5.2,2026-09-10,
Astronomers Just Caught a Giant Planet in the Act of Forming,2026-09-23,"Artist’s concept depicting Elias 2-24 b, the youngest exoplanet detected to date, still growing within the disk of gas and dust surrounding its young host star. Material from the disk is actively accreting onto the Jupiter-mass planet, which sits within a prominent gap in the disk, supporting the leading theory of giant planet formation. Credit: W. M. Keck Observatory/Adam Makarenko
Astronomers have confirmed the youngest known planet, a Jupiter-size baby world less than a million years old that formed far faster than expected.
Astronomers have confirmed the youngest known planet ever observed, a world less than 1 million years old that is still surrounded by the material from which it formed. Known as Elias 2-24 b, the young planet remains embedded in a swirling disk of gas and dust around its host star.
Its extreme youth is forcing researchers to reconsider how quickly large planets can take shape.
“Our planet-formation models already struggled to explain the previous record holders for the youngest known planet — a four-way tie between two planets orbiting the star PDS 70 and two planets orbiting the star WISPIT 2 — which are all more than 5 million years old,” said Lucas Cieza, a professor at the Instituto de Estudios Astrofísicos in Chile and co-author of a paper detailing the results. “Elias 2-24 b shows us that even our best planet-formation models are still missing some important processes.”
A Planet Hidden Inside a Dusty Disk
In a study published September 16 in
The Astrophysical Journal Letters
, researchers led by Andrea Bernardi, a doctoral candidate at the Universidad Diego Portales in Chile, examined archived observations of seven stars.
Those stars had previously been observed with the coronagraph at the W. M. Keck Observatory in Hawaii, which partners with NASA under a cooperative agreement. A coronagraph blocks much of a star’s intense light, making it easier for astronomers to search for much dimmer objects nearby.
Each of the seven stars is surrounded by a debris disk filled with dust, gas, ice, and rocky material. Astronomers are especially interested in gaps and other patterns within these disks because such features can signal that planets are forming and clearing paths through the surrounding material.
“The planets should be found within the gaps, since they are carving them,” Bernardi said. “And that’s exactly where we found Elias 2-24 b.”
Elias 2-24 b has roughly the mass of Jupiter, while its host star lies about 450 light-years from Earth. Because the system is so young, it gives astronomers a rare opportunity to study conditions that may resemble what our own solar system looked like billions of years ago.
Artist’s animation depicting Elias 2-24 b, the youngest exoplanet detected to date, still growing within the disk of gas and dust surrounding its young host star. Material from the disk is actively accreting onto the Jupiter-mass planet, which sits within a prominent gap in the disk, supporting the leading theory of giant planet formation. Credit: W. M. Keck Observatory/Adam Makarenko
Watching a Planetary Construction Zone
Stars form inside vast clouds of gas and dust. After a star is born, leftover material continues orbiting around it in a disk. Over time, particles within that disk can collide, stick together, and grow into increasingly larger objects, eventually producing planets that clear paths through the surrounding material.
Studying that earliest stage is difficult because newborn planets are often hidden behind the very gas and dust from which they are forming.
Most known exoplanets have instead been discovered through the transit method. A transit occurs when a planet crosses in front of its star from our point of view, causing the star’s brightness to dip slightly.
But young planets can be difficult to detect this way. Thick dust can hide them, and planets orbiting far from their stars take much longer to complete each orbit, making transits less frequent.
As a result, the overwhelming majority of the roughly 6,000 currently confirmed exoplanets are billions of years old and orbit relatively close to their stars.
Astronomers therefore build planet-formation models using a combination of theory, computer simulations, and observations of young stars surrounded by disks where planets themselves often remain invisible. Discovering more extremely young worlds like Elias 2-24 b could provide important evidence for improving those models.
“The galaxy churns out new stars and planets continuously, so there are many in every stage of evolution,” Cieza said. “That means we can see the entire process in theory, but there is a large gap in what most telescopes can detect. We are mostly blind to these baby planets right now.”
A Decade-Old Mystery Finally Comes Together
The new confirmation also resolves a question astronomers have been investigating for about a decade.
Earlier observations from ALMA (Atacama Large Millimeter/submillimeter Array) in Chile revealed a gap within the dusty disk surrounding Elias 2-24. Later, the European Southern Observatory’s Very Large Telescope in Chile detected a faint point of light inside that same gap.
The observation immediately raised the possibility that astronomers were seeing a young planet. But the idea was difficult to reconcile with existing models of planet formation.
According to those models, a planet should not have had enough time to grow so large at such a great distance from its star. Current estimates suggest that producing a Jupiter-size planet at roughly Jupiter’s distance from the Sun (which is just over five times larger than the distance of Earth to the Sun) takes about 5 million years. Building such a planet farther away should take even longer.
Yet the mysterious point of light appeared about 55 times farther from its star than Earth is from the Sun, and it already showed signs of behaving like a forming planet.
Archival Observations Confirm the Planet
Bernardi and colleagues turned to the Keck Observatory Archive, a NASA-funded partnership between Keck Observatory and the NASA Exoplanet Science Institute at Caltech/IPAC, to see whether the object appeared in earlier observations.
They found the same faint source in Keck data collected in 2018 and 2020.
“We usually hear about telescopes working separately, but this confirmation was possible only by using multiple telescopes together,” Bernardi said. “Elias 2-24 b is at the limit of what current telescopes can detect, but with new instruments like NASA’s Nancy Grace Roman Space Telescope, such detections should become easier.”
Roman Could Reveal Even More Baby Planets
Roman, which just launched Aug. 30, carries a more advanced coronagraph designed to detect planets that are difficult for many current telescopes to separate from the overwhelming glare of their stars.
Using a similar direct imaging approach, Roman could detect planets in considerably tighter orbits, including true Jupiter analogs that existing instruments struggle to see. Elias 2-24 b, by comparison, orbits about 10 times farther from its star.
That improved capability could give astronomers access to a population of young planets that has largely remained hidden and help fill one of the biggest observational gaps in planet formation research.
“This is just the beginning of a new era of discovery,” Cieza said. “It’s incredible that with modern technology, we are actually able to see planet formation in action, and Roman will take planet hunting to the next level.”
Reference: “Searching for Embedded Protoplanets with the Keck/NIRC2 Vortex Coronagraph: Confirmation of a Core-accretion Planet in the Narrow Gap of the Elias 2-24 Disk” by Andrea Bernardi, Alice Zurlo, Lucas A. Cieza, Garreth Ruane, Valentin Christiaens, Anuroop Dasgupta, Greta Guidi, Dimitri Mawet, Dino Mesa, Sebastián Pérez and Jonathan P. Williams, 16 September 2026,
The Astrophysical Journal Letters
DOI: 10.3847/2041-8213/ae9bb6
Never miss a breakthrough:
Join the SciTechDaily newsletter.
Follow us on
Google News
Astronomy
Exoplanet
Planetary Science
W. M. Keck Observatory
Articles
Researchers Measured Alien Planet Spins and Discovered a Surprising Pattern
Rare Stellar Alignment Provides Opportunity to Search for Earth-Like Planets
NASA’s Kepler Mission Delivers New Data
The Wild Weather of Hot Jupiters
Project 1640 Reveals Precise Composition Information About Four HR 8799 Planets
Kepler Mission Discovers Two New Planetary Systems With ‘Habitable Zone’ Planets
New Study Revives Doubted Exoplanet Fomalhaut b
Volunteer Scientists Aid in Discovery of Four-Star Planet PH1
“Habitable Zone” Might Help Extreme Life Forms Survive on Exoplanets",full,,dom_or_structured_full_text,,https://scitechdaily.com/astronomers-just-caught-a-giant-planet-in-the-act-of-forming/,scitechdaily,综合科技,无,2026-09-24T00:21:24+00:00,未分类,,,[],unclassified,2026-09-24T00:52:39.445003+00:00,glm-5.2,2026-09-10,
NASA Planned for 10 Years. The Roman Space Telescope May Keep Going for 22,2026-09-23,"NASA’s Roman Space Telescope could turn a planned 10-year mission into at least 22 years of science thanks to unexpectedly large fuel savings. Credit: NASA’s Goddard Space Flight Center, Background: SciTechDaily.com
NASA’s Nancy Grace Roman Space Telescope may be able to operate for far longer than originally planned. A highly accurate first course correction, combined with several other fuel savings, is now expected to more than double the mission’s potential lifetime.
“As a result of exquisite planning by our orbital dynamics team, brilliant execution by the operations team, and a precise launch from SpaceX, Roman has fuel for at least 22 years of potential science operations,” said Jamie Dunn, center director at NASA’s Goddard Space Flight Center in Greenbelt, Maryland.
That extra potential lifetime comes from several sources. Roman used far less fuel than expected during its first mid-course correction, carried additional fuel at launch, and is also expected to save propellant during its second course correction and final orbital insertion.
Roman Was Originally Budgeted for 10 Years
Roman was built around a five-year primary mission followed by a possible five-year extended mission, giving the observatory a total fuel budget designed to support 10 years of operations.
Fuel is Roman’s main consumable resource, which means every bit saved during the trip to its destination can potentially be used to keep the telescope operating longer. If the spacecraft continues to use propellant efficiently, those savings could translate into many additional years of observations.
At 12:02 p.m. EDT on August 31, Roman began an approximately 3-minute mid-course correction burn to adjust its trajectory toward its final orbit. Credit: NASA’s Goddard Space Flight Center/CI Lab
First Course Correction Saves About Four Years of Fuel
On August 31, the Roman team carried out the spacecraft’s first burn to fine-tune its path toward its final orbit. Since then, engineers have been studying how much fuel the maneuver used and what that means for the mission’s future.
The result was much better than expected. The maneuver was executed with more than 99% accuracy and used less than 10% of the fuel that had been set aside for it. Roman burned about 40 pounds (18 kilograms) of propellant instead of the 441 pounds (200 kilograms) that had been allocated.
That single maneuver could effectively add about four years to Roman’s potential operating life.
A Lighter Spacecraft Meant More Fuel at Launch
Roman also began its journey with more fuel than was originally needed for a 10-year mission.
Engineers had calculated the fuel budget using a conservative maximum spacecraft weight of 21,605 pounds (9,800 kilograms). Roman ultimately weighed much less at launch, coming in at 17,760 pounds (8,056 kilograms).
Because the observatory was lighter, it required less propellant for its course correction. The lower mass also meant there was enough capacity to fill Roman’s fuel tanks more completely than would have been necessary for the original mission plan.
That surplus could provide roughly another four years of potential science operations.
“A spacecraft’s mass changes throughout the design and build process, so we base the propellant budget on a set maximum value so we won’t come up short,” said Alison Rao, the Roman propulsion lead at NASA Goddard. “We track the propellant needed based on actual mass throughout integration and testing as well, to make sure we have wiggle room. Since Roman’s was lower than we budgeted for, we were able to fill the propellant tanks to their capacity rather than only filling them as much as we needed to for the 10-year requirement.”
More Fuel Savings May Be Ahead
Roman’s successful first correction has also made the next maneuver easier.
Because the spacecraft is already following a very accurate trajectory, its second mid-course correction is expected to be small and require relatively little fuel. The team can also wait longer before performing it, with the maneuver now planned for later this month.
That burn will provide the final amount of energy Roman needs to reach the correct position before entering its planned orbit around L2. The observatory is expected to reach that region about 100 days after launch, or around early December.
Current projections indicate that both the second course correction and orbital insertion should use less fuel than originally budgeted. Together, those savings could potentially add another four years of operation.
Roman Could Have Decades of Science Ahead
Once Roman settles into its orbit around L2, its fuel demands should drop substantially. The spacecraft will mainly need small station-keeping maneuvers roughly once every 28 days to maintain its position.
Taken together, the precise launch, lighter spacecraft, highly efficient first burn, extra propellant, and expected future fuel savings could give Roman enough fuel for at least 22 years of potential science operations, more than twice the mission lifetime originally planned.
Never miss a breakthrough:
Join the SciTechDaily newsletter.
Follow us on
Google News
Astronomy
NASA Goddard Space Flight Center
Roman Space Telescope
Articles
NASA’s Roman Telescope Will Search 100 Million Stars for New Worlds
NASA’s Roman Space Telescope Could Finally Find the Milky Way’s Missing Neutron Stars
NASA’s Roman Telescope Set to Map Billions of Galaxies and Hunt Rogue Planets
A Giant Leap for Astronomy: Telescope for NASA’s Roman Mission Complete
Roman Telescope’s “Exoskeleton” Passes NASA’s Extreme Centrifuge Trials
A New Era of Exploration: NASA Completes Spacecraft Bus for Roman Space Telescope
Major Milestone for NASA’s Roman Space Telescope Mission
Next-Generation NASA Space Telescope Named for ‘Mother of Hubble’ Nancy Grace Roman
Roman Space Telescope Universe-Studying, Planet-Finding Mission Greenlit by NASA",full,,dom_or_structured_full_text,,https://scitechdaily.com/nasa-planned-for-10-years-the-roman-space-telescope-may-keep-going-for-22/,scitechdaily,综合科技,无,2026-09-24T00:21:26+00:00,通用技术 > 通信和运输 > 物质运输 > 航天,通用技术,航天,"[{""path"":[""通用技术"",""通信和运输"",""物质运输"",""航天""],""path_text"":""通用技术 > 通信和运输 > 物质运输 > 航天"",""confidence"":0.92,""reason"":""核心是NASA罗曼太空望远镜任务寿命延长的航天项目进展。""}]",classified,2026-09-24T00:52:39.445003+00:00,glm-5.2,2026-09-10,
Two Dead Stars Are Racing Around Each Other Every 6.2 Minutes,2026-09-23,"Artistic impression of the double white dwarf binary eRASSU J0608. Credit: Inter-University Centre for Astronomy and Astrophysics
A pair of white dwarfs race around each other every 374 seconds, creating a rhythmic X-ray beacon that could reveal powerful gravitational waves.
Every 6.2 minutes, two dead stars complete an entire orbit around each other.
The system, eRASSU J060839.5–704014, or eRASSU J0608, is so compact that material from one white dwarf appears to strike the other directly, producing a strong X-ray pulse on every orbit. Astronomers have now found that the orbit is also shrinking unusually fast, making the system a promising target for future gravitational wave observatories.
A Six-Minute Stellar Orbit
eRASSU J0608 was discovered in eROSITA observations in the direction of the Large Magellanic Cloud. Follow-up data from NICER, Einstein Probe, and XMM-Newton showed that its 374-second X-ray cycle comes from two white dwarfs in an ultracompact orbit.
The stars are so close that transferred material appears to hit one white dwarf directly instead of forming an accretion disk. This rare setup, known as direct-impact accretion, helps explain the system’s sharply pulsed X-rays.
The Orbit Is Shrinking
Using observations spanning about 3.5 years, researchers measured an orbital period of 374.15013 seconds and found that it is decreasing faster than in HM Cnc and V407 Vul, two well-known systems of the same general type.
The decline is consistent with energy and angular momentum being carried away by gravitational waves. The inferred “chirp mass” is about 0.43 solar masses, placing eRASSU J0608 among the more massive known binaries in this class.
A Strong LISA Candidate
Its short orbit produces gravitational waves at roughly 5.3 millihertz, well below the range of current ground-based detectors but suited to future space observatories such as LISA.
The main unknown is distance. The system lies in the direction of the Large Magellanic Cloud, but astronomers do not yet know whether it is actually that far away. If it is close enough, LISA could detect its gravitational waves directly.
Because its orbit can already be tracked precisely with X-ray telescopes, eRASSU J0608 could become a valuable gravitational wave “verification source,” giving astronomers a signal they can predict before a future detector measures it.
Reference: “Rapid Orbital Decay in the Ultracompact Double-degenerate Binary eRASSU J060839.5–704014” by Rahul Sharma, Chandreyee Maitra, Frank Haberl, Joheen Chakraborty, Susanne Friedrich, Yong-Feng Huang, Chichuan Jin, Zhaosheng Li, Georgios Vasilopoulos, Yanjun Xu, Haonan Yang and Weimin Yuan, 10 August 2026,
The Astrophysical Journal Letters
DOI: 10.3847/2041-8213/ae8cf7
Never miss a breakthrough:
Join the SciTechDaily newsletter.
Follow us on
Google News
Binary Star
Gravitational Waves
White Dwarf
Articles
White Dwarfs Might Overpower Black Holes in LISA Mission, Researchers Warn
How LISA – A Gravitational Wave Observatory in Space – Will Transform Our Cosmic Understanding
Capturing the Ripples of Spacetime: LISA Gravitational Wave Observatory Gets Go-Ahead
Future Gravitational Wave Detector in Space Could Solve Mysteries of the Universe
Gravitational Waves: LISA and the Detection of New Fundamental Fields – Is General Relativity Correct?
Dozens of ‘Comet Crumbs’ Detected by LISA Pathfinder [Video]
Next-Gen LISA Gravitational Wave Detector Will Complement LIGO
A New Calibration Source for Gravitational Wave Missions
Pair of Eclipsing White Dwarfs Produce Gravitational Waves",full,,dom_or_structured_full_text,,https://scitechdaily.com/two-dead-stars-are-racing-around-each-other-every-6-2-minutes/,scitechdaily,综合科技,无,2026-09-24T00:21:27+00:00,未分类,,,[],unclassified,2026-09-24T00:52:44.288956+00:00,glm-5.2,2026-09-10,
Scientists Reassess a Major Risk of Breast Cancer Screening,2026-09-23,"A reanalysis of randomized mammography trials suggests breast cancer screening may lead to fewer unnecessary diagnoses than earlier estimates implied. By accounting for when cancers are detected and how screening continues over time, researchers found patterns consistent with substantially lower overdiagnosis. Credit: Shutterstock
Overdiagnosis in breast cancer screening may be less common than previously thought, according to a new study.
Mammography, an X-ray test used to screen for breast cancer, can find cancers earlier than they would otherwise be diagnosed. It can also detect cancers that would never have caused symptoms or problems during a woman’s lifetime, an outcome known as overdiagnosis. Distinguishing between the two requires looking at what happens long after screening begins.
A new analysis of all eight randomized trials of mammography screening suggests that overdiagnosis may be substantially less common than some earlier estimates indicated. Researchers found that the excess number of breast cancer cases detected in the trials closely matched what would be expected in a Danish screening population, where overdiagnosis is estimated to be below 5%.
“Randomized trials have often been cited as evidence that overdiagnosis is a substantial problem. Our study shows that this interpretation is not as straightforward as it may seem,” said Sisse Helle Njor, a professor at the University of Southern Denmark and Lillebælt Hospital.
The distinction matters because an overdiagnosed cancer would never have become known to a woman without screening. Overdiagnosis can also include cancers found in women who die from another cause shortly after diagnosis. For women with poor health or limited life expectancy, detecting and treating breast cancer may have little chance of improving their health or extending their lives.
Screening shifts the timing of diagnoses
To investigate how often overdiagnosis occurs, the researchers returned to the full set of randomized trials, which used random assignment to compare screening and control groups.
“The aim of our study was to bring together the evidence from all randomized controlled trials to get a clearer picture of the extent of overdiagnosis in breast cancer screening,” Njor said.
The analysis included the New York Health Insurance Plan, Malmö, Two-County, Edinburgh, the Canadian National Breast Screening Study, Stockholm, Gothenburg, and UK Age trials. It covered both invasive breast cancer, which has grown into surrounding breast tissue, and ductal carcinoma in situ, or DCIS, in which abnormal cells remain confined to the breast’s milk ducts.
Two Danish regional screening programs provided a reference for interpreting the trial results. Organized screening began in some Danish regions 17 years before others, allowing researchers to observe how diagnoses changed when screening started and over the longer term.
“When screening is introduced, the number of breast cancer diagnoses initially rises because cancers are detected earlier than they would have been without screening. Over time, this should be followed by a drop, as some of these cancers would otherwise have been diagnosed later. This pattern can also be affected if women in either group continue to undergo screening after the trials had ended, which was common. If researchers do not take these factors into account, the initial increase can be mistaken for overdiagnosis,” said Elsebeth Lynge, professor emerita at the Department of Public Health, University of Copenhagen.
The team compared breast cancer diagnosis rates at matching points in time in the trials and the Danish routine screening data. This allowed them to assess whether the patterns were similar while accounting for when the diagnoses occurred.
Their review considered whether women in the control groups also received screening, including after a trial ended or a routine screening program began.
It also accounted for the number of screening rounds offered to each group, since more rounds create more opportunities to detect cancer earlier.
The researchers examined the length of follow-up in both groups as well, because cancers found early through screening need time to appear as diagnoses in the control group.
Reconsidering estimates as high as 50%
These differences are central to a debate that has continued for decades. Some estimates from randomized trials have suggested that 30% to 50% of breast cancers detected through screening could represent overdiagnosis. Those estimates have influenced discussions about the benefits and harms of population-based screening, as well as screening guidance and information given to women.
“Taken together, we believe some previous high estimates of overdiagnosis, which influenced screening guidelines and communication, were based on evidence before trial data had fully matured. When interpreted in their full temporal context, randomized trial data are consistent with overdiagnosis of less than five percent, rather than with estimates nearing 50%,” said Matejka Rebolj, senior epidemiologist at Queen Mary University of London.
Women invited for breast cancer screening are informed that it can detect cancers that would never have caused them problems. Accurate estimates of how often this happens, alongside information about screening’s potential benefits, help them decide whether to participate.
“Most women will not develop breast cancer, but with this study we can now be reassured that the benefits of detecting breast cancer early and preventing premature death will outweigh the small risk of unnecessary treatment,” Njor said.
“With this in mind, we hope this study will provide a framework for a more realistic interpretation of the evidence and help us better inform women when they are invited for screening.”
Reference: “Breast cancer overdiagnosis in mammography trials—separating signal from noise: a meta-analysis” by Sisse Helle Njor, Casper Urth Pedersen, Elsebeth Lynge, Robert A Smith and Matejka Rebolj, 14 September 2026,
JNCI: Journal of the National Cancer Institute
DOI: 10.1093/jnci/djag302
Casper Urth Pedersen is supported by the Novo Nordisk Foundation (reference: NNF22OC0076184), and Matejka Rebolj is supported by Cancer Research UK (reference: C8162/A29083).
Never miss a breakthrough:
Join the SciTechDaily newsletter.
Follow us on
Google News
Breast Cancer
Mammography
Oncology
University of Southern Denmark
Articles
AI’s Breast Cancer Blind Spots Exposed by New Study
Personalized Immunotherapy Could Potentially Be Used To Treat Metastatic Breast Cancer
New Medicine Shows Promise in Treating Early-Stage Breast Cancer
Deep Learning Artificial Intelligence Predicts Breast Cancer Risk Better
New Study Shows Resistance to Cancer Drugs Runs Deeper Than a Single Gene
Yale Researchers Discover New Complexities Behind Drug Resistance
Cavity Shaving Reduces the Risk of a Second Mastectomy
New Drug Combination Delays Breast Cancer Progression
New Study Questions the Benefits of Mammograms",full,,dom_or_structured_full_text,,https://scitechdaily.com/scientists-reassess-a-major-risk-of-breast-cancer-screening/,scitechdaily,综合科技,无,2026-09-24T00:21:29+00:00,通用技术 > 基础学科 > 医学&生物学,通用技术,医学&生物学,"[{""path"":[""通用技术"",""基础学科"",""医学&生物学""],""path_text"":""通用技术 > 基础学科 > 医学&生物学"",""confidence"":0.9,""reason"":""核心事件是乳腺癌筛查过度诊断的医学研究再分析。""}]",classified,2026-09-24T00:52:44.288956+00:00,glm-5.2,2026-09-10,
"Every Breath Leaves a Unique Signature in Your Brain, Study Finds",2026-09-23,"Researchers found that each breath may carry a distinctive neural signature, with changes in inhalation, exhalation, and pauses mirrored in brain activity. The discovery could provide a new framework for studying dangerous conditions in which breathing suddenly fails. Credit: Shutterstock
A UC San Diego study reveals a precise link between breathing and brain activity that could improve understanding of disorders in which breathing becomes dangerously disrupted.
Breathing is often measured in simple terms, such as how many breaths a person takes per minute. But new research suggests that this misses something important: the detailed shape of each breath is closely associated with the shape of neural activity in the brain.
Researchers led by the
University of California San Diego
found that subtle differences from one breath to the next correspond with changes in electrical activity across brain regions involved in cognition, emotion, and memory. Variations such as a longer inhale, slower exhale, or brief pause were reflected in the pattern of neural activity.
“Every single breath is different,” said the paper’s first author Eena Kosik-Rose, a PhD student in the UC San Diego School of Social Sciences’ Department of Cognitive Science. “You can pause your breathing for several seconds, take a super deep breath, or have a shallow exhale. What we’re showing is that those differences in the shape of each breath are reflected in the shape of brain activity.”
Each breath leaves a distinct brain pattern
To examine that relationship, the researchers looked beyond breathing rate. They represented each breath as a wave, with rises and falls reflecting changes in airflow during inhalation and exhalation, then compared the shape of that wave with electrical activity recorded directly from the brain.
The study included 16 people undergoing clinical monitoring for treatment-resistant epilepsy. Researchers compared invasive brain recordings with measurements of breathing, including nasal airflow and movement of the chest and abdomen.
This allowed the team to test whether subtle changes in the timing, intensity, and shape of individual breaths were mirrored by corresponding changes in neural activity.
“Our results show that the coupling between breathing and neural activity is much richer than previously appreciated,” said Bradley Voytek, study coauthor and professor and chair of the Department of Cognitive Science.
Breathing and cognition are more tightly connected
The findings build on previous evidence that breathing can influence cognition. Earlier research has shown, for example, that people can perform slightly better on a memory task depending on whether information is encountered during inhalation or exhalation. Controlled breathing is also used to help calm people experiencing symptoms of PTSD.
The new study adds another layer by showing that the relationship is not limited to the timing of a breath. The detailed form of each inhale and exhale is also associated with the pattern of ongoing brain activity.
Dangerous breathing failures raise a new question
That raises an important question for future research: whether this close breathing-brain relationship changes in conditions where breathing can suddenly fail.
One of the study’s coauthors, Brian Dlouhy, a neurosurgeon at the University of Iowa, studies sudden unexpected death in epilepsy, or SUDEP, in which people with epilepsy can die suddenly.
Voytek said future studies could examine whether the relationship identified here becomes disrupted in SUDEP or sudden infant death syndrome, or SIDS, and whether changes in breathing might provide an early warning before breathing stops.
“Future research could investigate whether the breathing pattern provides a warning that breathing is about to stop in SUDEP or SIDS, said Voytek, who has affiliations in the School of Medicine’s Neurosciences Graduate Program and the Halıcıoğlu Data Science Institute in the Halıcıoğlu School of Data Science and Computing.
The current study does not show that breathing patterns can predict SUDEP or SIDS. Instead, it provides a framework for testing whether the normal relationship between breathing and neural activity becomes disrupted in these conditions.
“Now that we know that there is this incredibly tight and rich coupling between the shape of each breath and the shape of each brainwave, there’s a whole new world of options that we can explore,” Voytek said.
Reference: “Cycle-by-cycle respiration waveforms are coupled with the shape of neural oscillations” by Eena Kosik-Rose, Guangyu Zhou, Andrew Sheriff, Joshua M. Rosenow, Stephan U. Schuele, Chima O. Oluigbo, Saige Anabel Teti, Mohamad Koubeissi, Md Rakibul Mowla, Ariane E. Rhone, Sukhbinder Kumar, Brian Dlouhy, Christina Zelano and Bradley Voytek, 30 August 2026,
Journal of Neuroscience
DOI: 10.1523/JNEUROSCI.0731-26.2026
Never miss a breakthrough:
Join the SciTechDaily newsletter.
Follow us on
Google News
Cognitive Science
Neurology
Neuroscience
Articles
Parkinson’s Disease Eliminated in Mice by One-Time Genetic Treatment that Generates New Neurons
Blocking HDAC2 Enzyme May Reverse Memory Loss Caused by Alzheimer’s Disease
Test for Alzheimer’s May Be Undermining Drug Trials
Smoking Rots the Brain & Lowers Cognitive Performance
Neural Connection Between Infant Stress & Depression in Teenage Girls
Disrupted Sleep Patterns Linked to Alzheimer’s
Examining the Relationship Between Diabetes and Cognitive Decline
Controlled Trial Shows Cannabis Reduces Some Symptoms of MS
Neuroscientists Create Model to Study Burst Suppression and Brain States",full,,dom_or_structured_full_text,,https://scitechdaily.com/every-breath-leaves-a-unique-signature-in-your-brain-study-finds/,scitechdaily,综合科技,无,2026-09-24T00:21:31+00:00,AI与智能科技 > 其它智能科技 > 脑机接口和神经科学,AI与智能科技,脑机接口和神经科学,"[{""path"":[""AI与智能科技"",""其它智能科技"",""脑机接口和神经科学""],""path_text"":""AI与智能科技 > 其它智能科技 > 脑机接口和神经科学"",""confidence"":0.85,""reason"":""核心发现是呼吸与脑神经活动的对应关系，属神经科学研究。""}]",classified,2026-09-24T00:52:44.288956+00:00,glm-5.2,2026-09-10,
Natural Compound May Help Protect the Brain and Heart From Excess Salt,2026-09-23,"Excess salt intake can raise blood pressure and strain the heart, blood vessels, and kidneys. Over time, it may also contribute to inflammation and changes in brain function linked to poorer memory, mood, and cognitive health. Credit: Stock
A soy-derived compound may help counter some of the cardiovascular and cognitive effects of excessive salt intake by reshaping prostaglandin signaling.
Excess salt does more than raise blood pressure. Long-term overconsumption has also been associated with worsening cognitive and emotional health, placing strain on both the cardiovascular system and the central nervous system. These risks have increased interest in practical dietary approaches that could lessen the damage caused by high salt (HS) intake.
One possible approach involves prostaglandins (PGs), powerful local hormones made from the fatty acid arachidonic acid (AA). In the cardiovascular system, they help regulate blood vessel widening and narrowing. In the brain, their effects depend on which receptors they activate, with some pathways supporting nerve cell protection and others contributing to harmful signaling.
Previous research showed that LPC70, a soy lysolecithin containing lysophosphatidylcholine (LPC) and more than 70% phospholipids, reduced hypertension and cognitive problems caused by a high-salt diet (HSD). How LPC70 influenced PG signaling, however, remained uncertain.
Researchers trace protection across organs
Professor Akihiro Mouri, Dr. Hisayoshi Kubota, and Dr. Kazuhiro Kagotani investigated whether LPC70 could regulate PG pathways in different organs and reduce high-salt-related increases in blood pressure and behavioral problems in mice.
Dr. Kubota, the study’s first author, played a major role in measuring blood pressure, evaluating behavior, and examining molecular changes connected to PG signaling. This work helped reveal that LPC70 affected the kidney and brain in different ways.
Prof. Mouri and Dr. Kubota are affiliated with the Department of Regulatory Science for Evaluation and Development of Pharmaceuticals & Devices at Fujita Health University Graduate School of Medical Science and the International Center for Brain Science (ICBS) at Fujita Health University, Japan. Dr. Kagotani is affiliated with Tsuji Oil Mills Co., Ltd, Japan, and Tsuji Health and Beauty Science Laboratory at Mie University, Japan.
The findings were recently published in
Neurochemistry International
The study explores how a soy-derived lysolecithin, LPC70, mitigates HSD-induced hypertension and cognitive impairment, by regulating prostaglandin production and signaling mechanisms. Credit: Professor Akihiro Mouri from Fujita Health University, Japan
“We wanted to understand the role of LPC70 in coordinating changes in PG signaling across organ systems,” mentioned Prof. Mouri. “Our study originated from a collaborative research project with Tsuji Oil Mills Co., Ltd, a company that develops naturally derived food ingredients,” he added.
As expected, mice consuming the HSD developed higher blood pressure. They also interacted less with other mice and performed worse on object recognition memory tests, although their movement and anxiety-like behavior did not change substantially. This pattern suggests that excessive salt selectively disrupted more complex social and cognitive functions.
Adding LPC70 to the diet reduced the increase in blood pressure and improved both social interaction and object recognition memory.
Kidney and brain signals shift differently
In the kidneys, the HSD increased levels of cyclooxygenase 2 (COX 2) and the PGE2 receptor EP3. Both are involved in PG signaling and may contribute to hypertension caused by excessive salt. LPC70 reduced these changes, indicating that it may help correct harmful PG signaling within the kidneys.
The response differed in the prefrontal cortex, a brain region important for cognition and social behavior. High salt intake lowered expression of the PGD2 receptor DP1, which supports neuroprotective and anti-inflammatory signaling.
LPC70 restored DP1 expression but did not alter DP2, a receptor associated with neurotoxic signaling. This selective response suggests that the supplement may shift PGD2 activity toward a more protective pattern, helping reduce cognitive and behavioral impairment.
The study explores the role of soy-derived lysolecithin, LPC70, in mitigating HSD-induced hypertension and cognitive impairment, by regulating prostaglandin production and signaling mechanisms. Credit: Professor Akihiro Mouri from Fujita Health University, Japan
The researchers also examined circulating levels of AA, which provides the raw material for PG production. Although mice receiving the HSD had less AA in circulation, LPC70 increased PGs derived from AA, including PGE2 and PGD2. The result suggests that LPC70 may improve the use of available AA and increase PG production under high salt conditions.
Together, the findings indicate that LPC70 regulates PG signaling according to the organ and receptor involved. It reduced potentially harmful pathways in the kidney while restoring protective signaling in the brain.
A dietary strategy awaits clinical trials
LPC70 may have potential as a functional food ingredient for reducing some of the harmful effects associated with excessive salt intake. The mouse findings suggest that it could support both cardiovascular and cognitive health, particularly where dietary salt consumption is high.
Human research is still needed to determine whether these effects translate into meaningful health benefits.
“Our study elucidates LPC70’s role in PG signaling, laying the groundwork for future clinical research and dietary interventions aimed at reducing hypertension-related cognitive decline and promoting healthy aging globally,” concluded Prof. Mouri.
Reference: “Soy lysolecithin attenuates hypertension and behavioral impairments in mice fed a high-salt diet through receptor-specific regulation of prostaglandin signaling and arachidonic acid-derived prostaglandin production” by Hisayoshi Kubota, Kazuo Kunisawa, Masaya Hasegawa, Hitomi Kurahashi, Kazuhiro Kagotani, Kazuki Nakajima, Yuki Fujimoto, Akihito Hayashi, Ryoji Sono, Takehiko Tsuji, Kuniaki Saito, Toshitaka Nabeshima and Akihiro Mouri, 14 May 2026,
Neurochemistry International
DOI: 10.1016/j.neuint.2026.106184
This work was supported by Grants-in-Aid for Scientific Research from the Japan Society for the Promotion of Science (JSPS: 20K07931, 22K07606, 22K11891, and 23H02843), the Fujita Mind-Brain Research & Innovation Center for Drug Generation (Fujita Mind-BRIDGe) of the Japan’s Peak Research Universities (J-PEAKS) Program (JPJS00420240019), and the Japan Science and Technology Agency FOREST Program (JPMJFR215H). This work was funded by Tsuji Oil Mills Co., Ltd. and supported by grants from the Education and Research Facility of Animal Models for Human Diseases at Fujita Health University, the Smoking Research Foundation, and the Takeda Science Foundation.
Never miss a breakthrough:
Join the SciTechDaily newsletter.
Follow us on
Google News
Hypertension
Nutrition
Public Health
Articles
Scientists Warn: Eating Fast Food Could Speed Up Biological Aging
Scientists: This Diet Can Boost Your Brain by Changing Your Gut Microbiome
New Study Reveals Diet Can Turn Back the Clock on Brain Aging
Improve Your Heart Health: New Research Reveals Why You Might Want To Swap Carrots for Broccoli
According to Scientists, Eating Less of This Vitamin Could Boost Longevity
New Study Reveals Only 1 in 10 Age Gracefully – and Identifies the Key to Success
Compound Found in Popular Foods Linked to High Blood Pressure
Turning Back Time: Study Links Key Nutrients to Slower Brain Aging
A High Salt Low Potassium Diet Can Increase Your Risk of Cognitive Decline",full,,dom_or_structured_full_text,,https://scitechdaily.com/natural-compound-may-help-protect-the-brain-and-heart-from-excess-salt/,scitechdaily,综合科技,无,2026-09-24T00:21:32+00:00,通用技术 > 基础学科 > 医学&生物学,通用技术,医学&生物学,"[{""path"":[""通用技术"",""基础学科"",""医学&生物学""],""path_text"":""通用技术 > 基础学科 > 医学&生物学"",""confidence"":0.88,""reason"":""研究大豆来源化合物对高盐摄入心血管与认知影响的健康机制。""}]",classified,2026-09-24T00:52:44.288956+00:00,glm-5.2,2026-09-10,
China sets first national testing standard for perovskite solar cells,2026-09-23,"China sets first national testing standard for perovskite solar cells
China's State Administration for Market Regulation (SAMR) and Standardization Administration of China (SAC) have issued GB/T 6495.12-2026, the country's first national standard specifically for perovskite photovoltaics. Titled ""Photovoltaic devices - Part 12: Measurement method for current-voltage (I-V) characteristics of perovskite photovoltaic cells and modules,"" the standard takes effect March 1, 2027, and applies to I-V measurements of terrestrial single-junction perovskite PV cells and modules, with potential use as a reference for multijunction perovskite devices as well.
The standard is designed to address capacitive effects and transient responses that can distort I-V measurements of perovskite devices in ways silicon cells don't exhibit. It sets out rapid I-V measurement procedures alongside additional quasi-steady-state verification methods for use where needed, including maximum power point tracking, ten-point quasi-steady-state fitting, and the asymptotic method, with ten-point quasi-steady-state fitting designated as the arbitration method in case of disputed results. It also specifies requirements for forward and reverse scans, spectral-mismatch correction, stabilization procedures, and efficiency calculations based on both total and aperture area.
The standard follows China's revised national energy efficiency standards for the broader PV supply chain, covering stages from polysilicon and monocrystalline silicon through PV modules and inverters, which take effect January 1, 2027. Together, the two sets of standards mark a step toward the kind of standardized, comparable measurement protocols that the perovskite industry has lacked as it moves from lab-scale efficiency records toward bankable, mass-manufactured products.
Sep 23,2026 by
Roni Peleg
Similar Entries
Swapping tin oxide for aluminum oxide enables perovskite tandem cells hit 26.9% efficiency
Researchers outline roadmap for turning perovskite solar cells into products
UNIST develops vacuum-deposited passivation layer for 26.05%-efficient perovskite solar cells
Co-assembly strategy breaks SAM symmetry to lift perovskite solar cell efficiency to 26.32%
Sofab Inks' Tinfab modules outperform fullerene-based controls in new 85/85 damp-heat stability and fracture energy tests
China's EPPEI to build first high-altitude field-test site for perovskite-silicon tandem modules
GCL introduces perovskite-BC tandem module and mobile solar system to Latin American market
Higher-efficiency indoor perovskite photovoltaics via bandgap, solvent, and passivation engineering",full,,dom_or_structured_full_text,,https://www.perovskite-info.com/china-sets-first-national-testing-standard-perovskite-solar-cells,perovskite-info,光伏,LED、量子点、燃料电池、传感器,2026-09-24T00:21:37+00:00,零碳产业 > 能量转化 > 能源测 > 一次能源转化 > 太阳能转化 > 光伏,零碳产业,光伏,"[{""path"":[""零碳产业"",""能量转化"",""能源测"",""一次能源转化"",""太阳能转化"",""光伏""],""path_text"":""零碳产业 > 能量转化 > 能源测 > 一次能源转化 > 太阳能转化 > 光伏"",""confidence"":0.95,""reason"":""核心事件是钙钛矿光伏电池首个国家测试标准发布。""}]",classified,2026-09-24T00:52:44.288956+00:00,glm-5.2,2026-09-10,
Swapping tin oxide for aluminum oxide enables perovskite tandem cells hit 26.9% efficiency,2026-09-23,"Swapping tin oxide for aluminum oxide enables perovskite tandem cells hit 26.9% efficiency
Researchers at the University of Stuttgart, Forschungszentrum Jülich, INL - International Iberian Nanotechnology Laboratory, and
Solarlab Aiko Europe
have developed an ultrathin aluminum oxide (AlOₓ) buffer layer that protects perovskite solar cells from sputter damage during deposition of a transparent front electrode, while cutting material use and processing time compared with the industry-standard buffer layer.
In semi-transparent perovskite cells and perovskite-silicon tandem cells, a transparent conductive oxide front electrode is sputtered onto the device using a relatively aggressive process that damages the layers just beneath the surface. Buffer layers absorb that damage before it reaches the perovskite and its adjacent electron transport layer, most commonly a 10-20 nm-thick layer of tin oxide (SnOₓ) deposited by atomic layer deposition (ALD) on top of the C₆₀ electron transport layer. But ALD growth of SnOₓ on C₆₀ tends to proceed in an island-like pattern rather than a smooth layer, leaving pinholes that require the buffer to be made thicker than would otherwise be needed. The team instead deposited a 3-5 nm-thick layer of aluminum oxide by ALD at a lower temperature of 75°C. Unlike the tin precursor used for SnOₓ, the trimethylaluminum precursor used to grow AlOₓ does not chemically attack the perovskite and instead passivates its surface, letting the layer grow more uniformly and with better coverage despite being far thinner.
Electron microscopy and X-ray photoelectron spectroscopy confirmed that a 3 nm AlOₓ layer covers the underlying C₆₀/perovskite stack more completely than a 20 nm SnOₓ layer, and grazing-incidence X-ray diffraction showed the thin AlOₓ layer kept the perovskite's crystal structure undamaged through ITO sputtering - matching the protection offered by a SnOₓ layer seven times thicker.
Because aluminum oxide is a wide-bandgap insulator, a layer thick enough to block sputter damage would normally also block charge extraction. The team found their ALD-grown AlOₓ forms with a bandgap of 3.9 eV, well below the 6.9 eV reported for stoichiometric aluminum oxide, with defect-related electronic states within that gap that support charge transport via hopping. Devices with a 3 nm AlOₓ buffer showed higher conductivity (4.78 × 10⁻⁵ S/m) than those with a 20 nm SnOₓ buffer (1.21 × 10⁻⁵ S/m) and displayed ohmic rather than diode-like current-voltage behavior, indicating more efficient charge transfer despite AlOₓ's larger conduction-band offset with the C₆₀ layer.
Semi-transparent devices with the 3 nm AlOₓ buffer reached open-circuit voltages of 1.14 V and fill factors up to 82%, closely matching devices built with a 20 nm SnOₓ buffer (1.16 V, fill factor above 75%), and both buffer types exceeded 17% power conversion efficiency. A thinner 1.5 nm AlOₓ layer proved insufficient to prevent sputter damage, while layers thicker than 8 nm began to block charge extraction and reduce fill factor. Integrated into a two-terminal monolithic perovskite-silicon tandem cell, the 3 nm AlOₓ buffer delivered a stabilized efficiency of 26.9% with a 77% fill factor and negligible hysteresis, compared with a SnOₓ-buffered device that ranged between 26.6% and 27.2% depending on scan direction and showed a 3.76% hysteresis index.
The AlOₓ-buffered tandem cells also proved more robust under stress testing: unencapsulated devices retained 99% of their initial efficiency after 1,000 seconds at maximum power point, compared with 93% for SnOₓ-buffered devices; showed no efficiency loss after 70 minutes at 65°C, where SnOₓ-buffered cells lost 4%; and degraded only about 2% after 4 hours at 85°C, versus an 8% drop for SnOₓ-buffered devices. AlOₓ-buffered cells also resisted moisture-driven degradation better than their SnOₓ-buffered counterparts in a water-droplet test.
The authors noted that a 3 nm AlOₓ layer was thin enough to still allow efficient charge extraction across the C₆₀/ITO interface, despite aluminum oxide's insulating nature - a result they say was unexpected given how effectively the same thin layer blocked sputter damage. They conclude that while ALD is often seen as too slow a process for large-scale tandem manufacturing, the reduced material consumption and simpler deposition of an ultrathin AlOₓ buffer point toward a way to ease that bottleneck.
Materials Today
pv-magazine
Sep 23,2026 by
Roni Peleg
Similar Entries
China sets first national testing standard for perovskite solar cells
Researchers outline roadmap for turning perovskite solar cells into products
UNIST develops vacuum-deposited passivation layer for 26.05%-efficient perovskite solar cells
Co-assembly strategy breaks SAM symmetry to lift perovskite solar cell efficiency to 26.32%
Sofab Inks' Tinfab modules outperform fullerene-based controls in new 85/85 damp-heat stability and fracture energy tests
China's EPPEI to build first high-altitude field-test site for perovskite-silicon tandem modules
GCL introduces perovskite-BC tandem module and mobile solar system to Latin American market
Higher-efficiency indoor perovskite photovoltaics via bandgap, solvent, and passivation engineering",full,,dom_or_structured_full_text,,https://www.perovskite-info.com/swapping-tin-oxide-aluminum-oxide-enables-perovskite-tandem-cells-hit-269,perovskite-info,光伏,LED、量子点、燃料电池、传感器,2026-09-24T00:21:39+00:00,零碳产业 > 能量转化 > 能源测 > 一次能源转化 > 太阳能转化 > 光伏,零碳产业,光伏,"[{""path"":[""零碳产业"",""能量转化"",""能源测"",""一次能源转化"",""太阳能转化"",""光伏""],""path_text"":""零碳产业 > 能量转化 > 能源测 > 一次能源转化 > 太阳能转化 > 光伏"",""confidence"":0.95,""reason"":""核心是钙钛矿叠层电池缓冲层技术实现26.9%效率。""}]",classified,2026-09-24T00:52:44.288956+00:00,glm-5.2,2026-09-10,
8月全社会用电量再破万亿背后，藏着用电结构的“新”与“变”-索比光伏网,2026-09-23,"9月20日，国家能源局发布8月全社会用电量数据。8月，全社会用电量再破万亿，达到10332亿千瓦时，同比增长1.7%;用电负荷创历史新高达到15.6亿千瓦，较上年最大负荷高4969万千瓦，共有7天超过上年最大负荷。
在迎峰度夏的关键期，电力数据如同一面棱镜，折射出中国经济的深层脉动，生产端的新旧动能转换正在加速，消费端的数字化浪潮也在推动着电力消费。
充换电与互联网数据服务高增，新业态“爆发力”惊人
从分产业用电看，第一产业用电量169亿千瓦时，同比增长2.7%。第二产业用电量6124亿千瓦时，同比增长2.4%;其中，工业用电量6065亿千瓦时，同比增长2.7%，高技术及装备制造业用电量保持较快增长势头，达到1222亿千瓦时，同比增长7.2%。计算机通信设备(7.5%)、汽车制造业(7.6%，其中新能源车整车22.2%)、通用设备制造业(7.6%)、专用设备制造业(8.2%)、电气机械(12.3%)用电量较快增长。第三产业用电量2155亿千瓦时，同比增长5.1%;其中，充换电服务业、互联网数据服务用电量增长强劲，分别为172亿、102亿千瓦时，增速分别达到51.2%、37.9%。城乡居民生活用电量1883亿千瓦时，同比下降4.0%，下降原因主要是2026年8月台风、强降雨较2025年8月增多，空调用电明显减少。
这一用电格局与国民经济形成呼应。国家统计局最新数据显示，随着科技创新和产业创新融合发展，绿色转型深入推进，加之全球人工智能发展和能源转型加快，我国以高技术制造业、数字制造、信息技术服务为代表的新兴产业快速发展，为新旧动能加快转换、发展质量提升做出了重要贡献。8月份，规模以上高技术制造业和数字产品制造业增加值同比分别增长16.7%、15.7%，新动能对规模以上工业增长的贡献超过六成。信息传输、软件和信息技术服务业生产指数增长9.6%，对服务业生产指数增长的贡献也超过20%。
用电数据以最直观的方式印证了产业升级的真实进度。充换电服务业超过50%的增速，直接映射出新能源汽车保有量的持续攀升与充电基础设施的加速覆盖。当新能源车整车制造用电增长22.2%与充换电服务用电增长51.2%同时出现，一条从生产到消费的绿色交通产业链正在以电力数据的形式完整呈现。互联网数据服务近四成的增速，则指向人工智能训练与推理需求的爆发式增长。算力的尽头是电力，这一判断正在被数据反复验证。
从累计数据看，这一趋势更为显著。1—8月充换电服务业、互联网数据服务用电量分别为1147亿、695亿千瓦时，增速分别达到55.1%、42.5%。城乡居民生活用电量11132亿千瓦时，同比增长0.3%。充换电服务业、互联网数据服务两个行业合计1842亿千瓦时，已接近城乡居民生活用电量的六分之一。
气候扰动不改总量扩张，看懂万亿度电的“成色”
城乡居民生活用电量1883亿千瓦时，同比下降4.0%，是8月数据中唯一负增长的板块。国家能源局将原因归结为气候因素，2026年8月台风、强降雨较2025年8月增多，空调用电明显减少。
值得关注的是，即便居民用电出现4%的下滑，全社会用电量仍实现176.3亿千瓦时的净增长。这意味着第二、三产业用电的增量不仅完全覆盖了居民用电的缺口，还支撑了总量扩张，生产端对电力的需求更突出。
9月22日，国家能源局发布1-8月全国电力市场交易电量。8月，全国各电力交易机构完成交易电量7548亿千瓦时，同比增长15.2%。从交易范围看，省内交易电量5638亿千瓦时，同比增长16.0%;跨省跨区交易电量1910亿千瓦时，同比增长11.4%。从交易品种看，中长期交易电量6819亿千瓦时;现货交易电量729亿千瓦时。绿电交易电量264亿千瓦时，同比增长7.7%。电网企业市场化代理购电电量782亿千瓦时。
1-8月，全社会用电量累计71730亿千瓦时，同比增长4.3%。交易电量增速大幅领先于全社会用电量增速，表明市场化交易在电力配置中的渗透率正在快速提升。绿电交易电量264亿千瓦时，虽绝对值尚小，但作为能源转型的增量机制，其稳步扩大意味着绿色电力的环境价值正在通过市场被发现和定价。
15.6亿千瓦的负荷新高与10332亿千瓦时的月度用电量，是电力系统保供能力的硬核证明。但比“破万亿”更具信息量的，是万亿度电的“成色”，高技术制造业与数字经济相关服务业的用电增速数倍于传统板块，充换电服务业以超五成的增速改写第三产业的用电版图。当气候扰动导致居民用电暂时回落，生产端的结构性增量稳稳接住了接力棒。电力数据的“新”与“变”，正在为中国经济的高质量转型写下最真实的注脚。",full,,dom_or_structured_full_text,,https://news.solarbe.com/202609/23/50029616.html,索比光伏,光伏,无,2026-09-24T00:21:45+00:00,零碳产业 > 能量转化 > 能量分配与运输 > 虚拟电厂与电力交易,零碳产业,虚拟电厂与电力交易,"[{""path"":[""零碳产业"",""能量转化"",""能量分配与运输"",""虚拟电厂与电力交易""],""path_text"":""零碳产业 > 能量转化 > 能量分配与运输 > 虚拟电厂与电力交易"",""confidence"":0.85,""reason"":""核心是全社会用电量结构变化与电力市场化交易、绿电交易数据的分析。""}]",classified,2026-09-24T00:52:52.544720+00:00,glm-5.2,2026-09-10,
官方答复！各地不得以特许经营权方式，对屋顶竞拍-索比光伏网,2026-09-23,"近日，有网友在四川省发改委网站上咨询：分布式光伏开发，各地是否可以直接采用对该地区的可利用资源进行整体经营权竞拍？是否与国家能源局综合司《关于进一步组织实施好“千家万户沐光行动”的通知》（国能综通新能〔2025〕44号）第三条“不得以特许经营等方式搞垄断开发”的通知要求相冲突？
四川省能源局新能源和可再生能源处答复如下：
国家能源局印发的《关于进一步组织实施好“千家万户沐光行动”的通知》（国能综通新能〔2025〕44号）第三款明确规定：要充分发挥市场作用，充分尊重农民意愿，不折不扣抓好各项工作落实，营造分布式光伏发电市场化、法治化营商环境，不得指定经营主体，不得强制要求配套产业，不得以特许经营等方式搞垄断开发，不得侵害农户利益，促进分布式光伏健康有序发展。国家能源局印发的《分布式光伏发电开发建设管理办法》（国能发新能规〔2025〕7号 ）第十条明确规定：分布式光伏发电开发应当尊重建筑产权人意愿，各地不得以特许权经营方式控制屋顶等分布式光伏发电开发资源，不得限制各类符合条件的投资主体平等参与分布式光伏发电开发建设，不得将强制配套产业或者投资、违规收取项目保证金等作为项目开发建设的门槛。利用农户住宅建设的，应当征得农户同意，切实维护农户合法权益，不得违背农户意愿、强制租赁使用农户住宅。为此，各地不得以特许经营权的方式对建筑屋顶进行竞拍。",full,,trafilatura_full_text,,https://news.solarbe.com/202609/23/50029608.html,索比光伏,光伏,无,2026-09-24T00:21:46+00:00,零碳产业 > 能量转化 > 能源测 > 一次能源转化 > 太阳能转化 > 光伏,零碳产业,光伏,"[{""path"":[""零碳产业"",""能量转化"",""能源测"",""一次能源转化"",""太阳能转化"",""光伏""],""path_text"":""零碳产业 > 能量转化 > 能源测 > 一次能源转化 > 太阳能转化 > 光伏"",""confidence"":0.9,""reason"":""核心事件为分布式屋顶光伏开发不得特许经营竞拍的官方政策答复。""}]",classified,2026-09-24T00:52:52.544720+00:00,glm-5.2,2026-09-10,
李强在上海调研时强调 加快培育壮大新兴产业和未来产业 持续做大做强先进制造业-索比光伏网,2026-09-23,"李强在上海调研时强调
加快培育壮大新兴产业和未来产业
持续做大做强先进制造业
新华社上海9月22日电（记者邹伟）中共中央政治局常委、国务院总理李强9月22日在上海调研。他强调，要深入贯彻落实习近平总书记关于发展先进制造业的重要指示和全国先进制造业大会精神，坚持智能化、绿色化、融合化方向，推进科技创新和产业创新深度融合，大力发展新一代智能制造，加快培育壮大新兴产业和未来产业，持续做大做强先进制造业。
9月22日，中共中央政治局常委、国务院总理李强在上海调研。这是李强在上海电气国家人工智能应用中试基地参观智能机器人装配调试中试车间。新华社记者 黄敬文 摄
在上海电气国家人工智能应用中试基地，李强察看专用机器人、工业机器人产品及其在复杂场景中的应用展示，听取“人工智能+”集成服务商、人工智能原生工厂建设情况汇报，参观智能机器人装配调试中试车间。李强指出，人工智能等新兴产业发展日新月异，相关技术应用正在深刻重塑制造业技术体系、生产模式和产业形态，为制造业科技创新与品牌提升打开了全新空间。要将我国制造业和数智技术两方面优势结合起来，纵深推进“人工智能+制造”，推动人工智能更好赋能先进制造业发展，促进研发、生产、管理等全流程智能升级，进一步激活数据要素潜能，带动更多行业全面数智化转型，打造更加智慧的产业链供应链。要瞄准制造领域共性难题，围绕工业设计、中试验证、智能运维等关键环节，打造更多制造业生产服务平台，强化集成服务和多样化解决方案供给，助力各类企业特别是中小企业更加高效、低成本开展智能化改造，不断增强发展动力和竞争优势。
9月22日，中共中央政治局常委、国务院总理李强在上海调研。这是李强在上海未来启点社区与科创人员、社区工作人员亲切交流。新华社记者 黄敬文 摄
上海未来启点社区是一个专注于未来产业领域的科创孵化平台。李强来到这里，详细了解社区创新生态建设、上海未来产业基金运行等情况，察看脑机接口、量子计算等领域技术产品，与科创人员、社区工作人员亲切交流。李强指出，未来产业是先进制造业发展的潜在蓝海。要加强对未来技术发展的跟踪分析和研判，强化关键核心技术攻关，筑牢基础研究支撑，鼓励大胆探索、包容试错，不断拓展产业创新前沿。要构建一流创新生态，推动产学研用深度融合，做强科技服务，积极培育和开放应用场景。针对未来产业成长周期长、市场风险大的特点，要大力发展创业投资，壮大耐心资本，建立未来产业投入增长和风险分担机制。李强强调，人才是第一资源，拥有人才才能赢得未来。要强化科研机构、创新平台、企业、科技计划的人才集聚培养功能，探索拔尖创新人才培养新模式，努力造就更多高素质人才。
陈吉宁、吴政隆参加调研。",full,,dom_or_structured_full_text,,https://news.solarbe.com/202609/23/50029569.html,索比光伏,光伏,无,2026-09-24T00:21:48+00:00,未分类,,,[],unclassified,2026-09-24T00:52:52.544720+00:00,glm-5.2,2026-09-10,
2026浙江新能源增量项目机制电价竞价充足率下调 政策解读及影响分析-索比光伏网,2026-09-23,"2026年9月16日，浙江省发展和改革委员会、浙江省能源局联合印发《关于新能源增量项目机制电价竞价有关事项的通知》，正式调整全省新能源增量项目机制电量竞价充足率参数：2026—2028 年竞价充足率由此前执行的120%下调至110%，2029年调整为115%，2030年将结合全省新型能源体系建设进展和电力供需形势视情恢复原有基准水平。通知同时明确，省发展改革委(省能源局)将于2026年底组织开展新一轮机制电价竞价，为年度竞价工作划定核心规则框架。
本次调整是国家136号文改革框架下，浙江竞价规则的重要参数优化，与同期广西、江西等多省收紧竞价门槛、压缩工商业分布式光伏机制资格的动向形成鲜明反差。竞价充足率直接决定项目入围比例：按原120%充足率测算，项目落选率约为16.7%—20%;调整至110%后，落选率降至约9%，相当于每10个申报项目中淘汰数量从近2个降至约1个，分布式光伏项目入围机制电价的概率显著提升，为新增项目的收益预期提供了更强确定性。
结合浙江2026年首轮竞价实绩来看，当期共3.1万余个项目成功入围，其中分布式光伏占比超99.9%，机制电价出清价0.3816元/千瓦时，执行期限12年。在全省光伏装机持续攀升、午间出力时段电价承压、分时电价政策同步调整的背景下，充足率下调相当于为新能源行业提供阶段性收益缓冲，通过提升入围概率保障更多项目获得机制电价托底，对冲市场化交易带来的收益波动风险。
为帮助光伏投资主体、项目开发商精准把握本次政策调整的底层逻辑、测算入围概率变化、优化年底竞价申报策略、研判行业长期影响，索比光伏网结合官方通知原文、2026年首轮竞价数据及全国多省政策对比，推出深度解读报告，覆盖充足率参数详解、首轮竞价复盘、政策背景拆解、分主体影响评估、申报实操提醒、全国格局对比等全维度内容。
以下为报告节选内容，**完整入围概率测算模型、年底竞价报价策略、储能价值分析、风险避坑指南及全国多省竞价政策对比表，可扫码跳转小程序查看全文完整版报告**。",full,,trafilatura_full_text,,https://news.solarbe.com/202609/23/50029566.html,索比光伏,光伏,无,2026-09-24T00:21:50+00:00,零碳产业 > 能量转化 > 能源测 > 一次能源转化 > 太阳能转化 > 光伏,零碳产业,光伏,"[{""path"":[""零碳产业"",""能量转化"",""能源测"",""一次能源转化"",""太阳能转化"",""光伏""],""path_text"":""零碳产业 > 能量转化 > 能源测 > 一次能源转化 > 太阳能转化 > 光伏"",""confidence"":0.88,""reason"":""核心是浙江新能源机制电价竞价政策对分布式光伏项目的影响分析。""}]",classified,2026-09-24T00:52:52.544720+00:00,glm-5.2,2026-09-10,
Stillstrom partners with Semco Maritime on offshore charging technology,2026-09-23,"Stillstrom and Semco Maritime have signed a letter of intent (LOI) to manufacture
and deliver elements of a new offshore power and charging solution.
The Local Equipment Room (LER) controls power, communication and safety
systems across the charging infrastructure. It houses the transformer,
medium-voltage switchgear, communication equipment, ventilation systems
and fire safety equipment.
""The LER is extremely significant to our solution, as it acts as the
nerve centre of our charging system. It controls everything that happens,
with one another,"" said Gordon Dickson, operations and maintenance
lead at Stillstrom UK.
The agreement follows the completion of the LER design phase, which was
carried out by Semco Maritime.
Stephen Booth, vice president of renewable service at Semco Maritime, said:
""This milestone reflects the strong collaboration we've built with
Stillstrom through the design phase, and we're proud to carry that into
manufacturing at our Esbjerg facility.""
As part of a separate LOI between Semco Maritime and Siemens, Siemens will
supply the switchgear and control systems.
The Offshore Wind Ports Information Database
provides a comprehensive solution for project managers, operators and maintenance
teams in the sector. For more information, click",full,,trafilatura_full_text,,https://www.tgs4c.com/news/stillstrom-partners-with-semco-maritime-on-offshore-charging-technology-nid33318.html,4C Offshore,风能,无,2026-09-24T00:22:20+00:00,通用技术 > 通信和运输 > 物质运输 > 水路运输,通用技术,水路运输,"[{""path"":[""通用技术"",""通信和运输"",""物质运输"",""水路运输""],""path_text"":""通用技术 > 通信和运输 > 物质运输 > 水路运输"",""confidence"":0.85,""reason"":""核心事件是Stillstrom海上船舶充电解决方案的制造合作协议，属航运电气化基础设施。""}]",classified,2026-09-24T00:52:52.544720+00:00,glm-5.2,2026-09-10,
New York leads lawsuits over cancelled offshore wind leases,2026-09-23,"New York Attorney General Letitia James and Governor Kathy Hochul have
announced two lawsuits challenging agreements between the Trump administration
and developers Bluepoint Wind and Invenergy.
The states argue the agreements unlawfully cancelled four offshore wind
projects and redirected federal funds to other energy developments.
Under the agreements, Bluepoint Wind received $765 million and Invenergy
received $653 million from the federal Judgment Fund. The developers agreed
to cancel offshore wind leases, including projects located off the coast
of New York.
According to the announcement the cancelled New York offshore wind projects
were expected to attract more than $16 billion in investment and create
more than 2,800 jobs. Combined with two other cancelled Invenergy leases,
the projects were expected to generate more than 8GW of electricity, enough
to power more than 4 million homes.
New York officials said the projects would have connected directly to New
York City’s grid at a time when electricity demand is projected to increase.
The lawsuits seek to stop the lease cancellations and prevent further implementation
of the agreements.
The attorneys general of Connecticut, Delaware, Maine, Massachusetts, New
Jersey, Rhode Island and Vermont joined New York in both legal actions,
while California has filed a separate lawsuit related to a cancelled lease
off its coast.
For more information about offshore wind
farm projects across the globe, click",full,,trafilatura_full_text,,https://www.tgs4c.com/news/new-york-leads-lawsuits-over-cancelled-offshore-wind-leases-nid33317.html,4C Offshore,风能,无,2026-09-24T00:22:22+00:00,零碳产业 > 能量转化 > 能源测 > 一次能源转化 > 风电,零碳产业,风电,"[{""path"":[""零碳产业"",""能量转化"",""能源测"",""一次能源转化"",""风电""],""path_text"":""零碳产业 > 能量转化 > 能源测 > 一次能源转化 > 风电"",""confidence"":0.9,""reason"":""核心事件为纽约等州就取消海上风电项目租约提起的诉讼，直接影响风电开发。""}]",classified,2026-09-24T00:52:52.544720+00:00,glm-5.2,2026-09-10,
OSRL launches new shallow-water deployment capability,2026-09-23,"OSRL has announced the launch of a new shallow-water deployment capability.
The innovation aims to strengthen source control preparedness for difficult
well control scenarios.
The company has integrated two systems: OSRL's Split Lowering System (SLS),
developed in partnership with InterMoor, and the Snub Line Winch System,
developed by Oceaneering.
When combined, these systems enable capping stack deployment when conditions
make vertical access unsafe.
Vania De Stefani, chief executive officer at OSRL, said: ""This shallow-water
deployment capability reflects OSRL's continued investment in strengthening
industry readiness for complex subsea incidents.""
Adding: ""By bringing together the Split Lowering System and Snub Line
Winch System, it helps support safer, controlled capping stack deployment
in challenging shallow-water scenarios and reinforces the value of collaborative
preparedness across the industry.""
The benefits of this new technology include improved control during the
final landing sequence, supported deployment in water depths ranging from
75 to 600 metres, rapid mobilisation from OSRL's Norway base, and installation
without seabed interface components.
The Offshore Wind Ports Information Database
provides a comprehensive solution for project managers, operators and maintenance
teams in the sector. For more information, click",full,,trafilatura_full_text,,https://www.tgs4c.com/news/osrl-launches-new-shallow-water-deployment-capability-nid33316.html,4C Offshore,风能,无,2026-09-24T00:22:25+00:00,未分类,,,[],unclassified,2026-09-24T00:52:59.729030+00:00,glm-5.2,2026-09-10,
Inch Cape completes second offshore export cable installation,2026-09-23,"Inch Cape Offshore Wind Farm
has officially completed installation of the second of two 220 kV three
phase offshore export cables.
The 85 kilometre cable was installed in three 28 kilometre sections by
Enshore Subsea using the cable lay vessel CMOS Installer.
The installation programme included two offshore joints completed aboard
Normand Cutter. The cable was buried using the ENS1100 hybrid trenching
vehicle, with final rock placement still to be completed.
The two parallel export cables will connect the project's offshore substation
platform to a new onshore substation at Cockenzie, East Lothian, before
linking to the national grid.
The 2,000mm² export cable was manufactured by Orient Cable and weighs almost
140 tonnes per kilometre. A total of 170 kilometres of export cable has
been installed for the 1.1 GW wind farm.
John Hill, Inch Cape Project Director said: “The completion of this crucial
link between the offshore and onshore substations is another major achievement
for the project and testament to the excellent collaboration between the
Inch Cape team and our contractors, particularly Orient Cable and Enshore
Subsea.”
For more information about offshore wind
farm projects across the globe, click",full,,trafilatura_full_text,,https://www.tgs4c.com/news/inch-cape-completes-second-offshore-export-cable-installation-nid33315.html,4C Offshore,风能,无,2026-09-24T00:22:27+00:00,零碳产业 > 能量转化 > 能源测 > 一次能源转化 > 风电,零碳产业,风电,"[{""path"":[""零碳产业"",""能量转化"",""能源测"",""一次能源转化"",""风电""],""path_text"":""零碳产业 > 能量转化 > 能源测 > 一次能源转化 > 风电"",""confidence"":0.95,""reason"":""核心事件是Inch Cape海上风电场第二根出口海缆安装完成。""}]",classified,2026-09-24T00:52:59.729030+00:00,glm-5.2,2026-09-10,
Borkum Riffgrund 3 has been officially inaugurated,2026-09-23,"The 913 MW
Borkum Riffgrund 3 offshore
wind farm has been officially inaugurated, according to project partners
Ørsted and Nuveen.
The project is expected to be Germany's
largest offshore wind farm and will generate enough renewable electricity
to power nearly 1 million German households.
Rasmus Errboe, CEO of Ørsted, said: ""Borkum Riffgrund 3 shows what
offshore wind can deliver for Germany: large-scale, home-grown renewable
electricity for industry and households, built by a European supply chain.""
The announcement emphasises the offshore wind farm's contribution to Germany's
renewable energy targets, supporting the country's energy security and
competitiveness. This is particularly significant as Germany still imports
60% of its energy, leaving households and businesses vulnerable to increases
in fossil fuel prices.
Katherina Reiche, Germany's federal minister for economic affairs and energy,
said: ""This single project adds nearly a tenth to our national offshore
capacity, which has already surpassed 10 GW this year.""
The project was constructed using the European offshore wind supply chain,
including wind turbines and foundations from Germany and Denmark, cables
and Belgium.
For more information about offshore wind
farm projects across the globe, click",full,,trafilatura_full_text,,https://www.tgs4c.com/news/borkum-riffgrund-3-has-been-officially-inaugurated-nid33314.html,4C Offshore,风能,无,2026-09-24T00:22:29+00:00,零碳产业 > 能量转化 > 能源测 > 一次能源转化 > 风电,零碳产业,风电,"[{""path"":[""零碳产业"",""能量转化"",""能源测"",""一次能源转化"",""风电""],""path_text"":""零碳产业 > 能量转化 > 能源测 > 一次能源转化 > 风电"",""confidence"":0.95,""reason"":""核心事件是913MW德国海上风电场Borkum Riffgrund 3正式投运。""}]",classified,2026-09-24T00:52:59.729030+00:00,glm-5.2,2026-09-10,
DeepOcean and TFKable Group to develop integrated inter-array cable offering,2026-09-23,"DeepOcean and TFKable Group to develop integrated inter-array cable offering TGS 4C | 4C Offshore News
DeepOcean and TFKable Group to develop integrated inter-array cable offering
DeepOcean and TFKable Group have entered a joint venture focused on integrated
engineering, procurement, construction and installation services for inter-array
cable projects, according to the companies announcement.
The collaboration will combine TFKable Group's subsea technology and manufacturing
capabilities with DeepOcean's offshore engineering, installation and seabed
intervention expertise. As part of the agreement, a new inter-array cable-laying
vessel will also be built.
""By combining complementary cable manufacturing and offshore installation
capabilities, we intend to create a more efficient delivery model that
reduces interfaces, strengthens risk management and supports greater project
certainty,"" said Øyvind Mikaelsen, CEO of DeepOcean.
Drawing on the combined experience of both companies, the partnership will
provide an integrated offering that covers seabed mapping, route surveys,
engineering, cable manufacturing, transportation, installation and cable
protection.
The venture initially plans to focus on inter-array systems, although supporting
other subsea cable projects in the future has not been ruled out.
""TFKable and JDR Cable Systems have developed strong expertise in
inter-array cable solutions, supported by continued investment in technology,
manufacturing capacity and product development,"" said Piotr Mirek,
a member of the management board of Tele-Fonika Kable and executive director
for supply chains and investments at JDR Cable Systems.
The venture's capabilities are expected to be introduced gradually, with
further development planned through 2029.
To access more information on subsea
cables for offshore wind and interconnector projects, as well as transmission
intelligence, click",full,,trafilatura_full_text,,https://www.tgs4c.com/news/deepocean-and-tfkable-group-to-develop-integrated-inter-array-cable-offering-nid33313.html,4C Offshore,风能,无,2026-09-24T00:22:31+00:00,零碳产业 > 能量转化 > 能源测 > 一次能源转化 > 风电,零碳产业,风电,"[{""path"":[""零碳产业"",""能量转化"",""能源测"",""一次能源转化"",""风电""],""path_text"":""零碳产业 > 能量转化 > 能源测 > 一次能源转化 > 风电"",""confidence"":0.85,""reason"":""核心事件是两家公司合资为海上风电场间阵列缆提供一体化制造与安装服务。""}]",classified,2026-09-24T00:52:59.729030+00:00,glm-5.2,2026-09-10,
What To Expect at AI Agenda Live; Crusoe and Thinking Machines Labs Strike a Compute Deal,2026-09-23,"Happy AI Agenda Live day! For those joining us today at SFMOMA , I’m so excited to meet you all and talk about this exciting, if slightly contentious, moment in the AI industry. Our staff and attendees will ask top researchers, founders and executives from OpenAI , Google DeepMind and Nvidia some burning questions. Here are three at the top of my mind. 1. Is consumer AI dead? This year, it seems like every AI company has doubled down on building AI for businesses, leaving consumer AI in the rearview mirror. Part of that is because of the so-called capability overhang , or the gap between consumers’ relatively dim awareness of what AI can do and the tasks AI can actually automate for them. The labs have been adding features in their consumer AI products to provide suggestions to users so they can bridge that gap, but it has yet to be seen how big of an impact that will have. I’m curious if the hype around products like Instinct and Meta’s Muse will revive the frontier labs’ interest in developing AI for consumers. 2. What happened to the AI research overhaul? At the beginning of the year, every researcher was talking about how the AI industry needed a complete overhaul , and how merely scaling up today’s large language models wouldn’t get us to superintelligence. There’s been a massive vibe shift since then, and now researchers are worried that we’re going to get to superintelligence too quickly and AI safety research won’t be able to keep up. What changed, and what’s going to happen to the spat of neolabs that emerged to try and overtake OpenAI and Anthropic by exploiting overlooked research approaches? 3. How are AI application startups and enterprises maintaining their competitive edge as Anthropic and OpenAI go after their businesses? The frontier AI developers are seemingly moving into every industry and application, from financial services to healthcare to law, and are increasingly positioning themselves as the control plane for all work. How are their customers making sure they don’t get subsumed in the process? For some customers, that might mean building their own models or using open-source AI to ensure they don’t become too dependent on the labs. For others, that might mean a hard decision between making their data and features available to outside AI chatbot users or taking a walled garden approach. Here’s what else is going on… Crusoe Signs $65 Million Deal To Help Run Thinking Machines Lab’s Models For Them Fresh off a $3.9 billion funding round, data center firm Crusoe —best known as the developer of OpenAI’s Stargate project—is continuing to diversify beyond the massive AI data centers that put it on the map. The latest: Crusoe is expanding its offering to also run the AI models its customers use for them (called “managed inference”), and announced a $65 million annual contract with Mira Murati’s Thinking Machines Lab on Wednesday. The workload will run on Nvidia’s B200 server chips in part inside Crusoe’s tiny, one-megawatt Spark data centers, said Crusoe’s senior vice president of product management Erwan Menard . Those chips will primarily run (rather than train) AI models, he said. “ We save them time and extend their own engineering capabilities, and they see great value,” said Menard. Crusoe’s engineers will use software to help Thinking Machines run models more efficiently. Crusoe announced a similar arrangement with Perplexity earlier this month. Crusoe’s managed inference product launched last November and has contracted more than $100 million in annualized recurring revenue, or monthly revenue multiplied by 12, the company has said. Crusoe’s bet on managed inference is part of a broader trend towards companies that help customers run various AI models better and faster, rather than simply serving them raw (or “bare metal”) compute capacity. Together , Fireworks and Baseten are also companies in this category, which has Nvidia’s blessing. Nvidia is an investor in all four, and wants a universe of thousands of personalized AI models running on personalized clouds. Big Number Anthropic is in early talks to lease up to 1 gigawatt in compute capacity from Stream Data Centers , a developer majority-owned by Apollo Global Management , which could house tensor processing units designed by Broadcom and Google , The Information reported Tuesday. Overheard Microsoft leaders told sales staff this week that it is authorizing steeper discounts of 30% to 50% on subscriptions of its Copilot AI software for corporate customers who commit to purchase a large number of seats and commit to additional payments based on their usage of certain features, The Information reported. Meta’ s new personal AI agent, Muse , had more than 500,000 people try it out roughly a week after launch, including more than 250,000 daily active users, according to internal data viewed by The Information. Users have also submitted more than 2 million prompts. Deals and Debuts See The Information’s Generative AI Database for an exclusive list of private companies and their investors. CoreWeave said on Tuesday it had completed a $4.2 billion convertible bond offering, an upsized amount versus what the AI cloud provider initially targeted last week. Mirendil , an AI startup founded by former Anthropic researchers to build models that can improve themselves with little human help, is in talks to raise up to $1 billion at a $5 billion valuation, including the new investment, in a funding round Kleiner Perkins is in talks to lead, with Andreessen Horowitz also in discussions to invest, Bloomberg reported. Ligent Technologies , a Qingdao AI infrastructure company that makes the optical transceivers and chips data centers use to network their servers together, rose as much as 19.2% in its Hong Kong stock market debut before closing up 4.6%, after raising HK5.7 billion ($727 million) in its initial public offering. Cyera , an AI cybersecurity company, raised $400 million from Goldman Sachs as an extension of the Series G funding round that closed in June, pushing its valuation to over $12 billion. Snorkel AI , which sells the labeled and human-graded data that AI labs need to train their models, raised $350 million in a Series E funding round led by Insight and S32 at a $3.5 billion valuation. Heidi , an Australian startup whose AI drafts doctors’ clinical notes and paperwork for them, raised $340 million to expand its features and its business in Asia and the Middle East. The sum includes a $100 million equity round led by existing investor Blackbird Ventures , which values the company at $900 million. Verda , a Finnish company that rents out AI computing power to compete with the big cloud providers, raised $189 million in a funding round led by Emergence Capital at a valuation the company says is “at least $1 billion.” Micro1 , a San Francisco company that sells the training data AI labs use to teach their models, has raised more than $100 million at a $4 billion valuation, up from about $500 million a year ago, Forbes reported. Go.AI , a Chicago company that sells banks and other regulated businesses AI hardware and software they can run entirely inside their own walls, raised $85 million in a Series A funding round led by Updata Partners . Firecrawl , which builds web-scraping tools that let AI agents pull data from websites, raised $75 million in a Series B funding round led by Smash Ventures . Confido , a New York company whose AI ties together the finance, sales and forecasting data that consumer brands need to manage their retail business, raised $55 million in a Series B funding round led by Insight Partners . Baselayer , a San Francisco company that helps banks verify the businesses and AI agents they work with, raised $35 million in a Series A funding round led by M13 . CellPoint , a London company whose AI helps manage airline and hotel payments, raised $34 million from Toscafund . Planted , a California company whose robots build utility-scale solar farms on hilly land that standard equipment can't handle, raised $31.8 million in a funding round co-led by Piva Capital and RA Capital Management Planetary Health . Biolevate , a Paris company whose AI agents turn scientific and regulatory paperwork into auditable workflows for drug and medical-device makers, raised €30 million in a Series A funding round co-led by RAISE France and Orange Ventures . Chamelio , an Israeli company whose AI drafts, reviews and negotiates contracts so corporate lawyers only have to step in on the cases that need judgment, raised $26 million in a Series A funding round led by Entrée Capital . Sela , a San Francisco company whose AI makes the phone calls and answers borrower questions for mortgage lenders, raised $21 million across seed and Series A funding in a round led by Costanoa . Outerlimit , a London company building security software that checks whether an AI agent is actually authorized before it's allowed to take an action, raised $16 million in a seed funding round from AlbionVC , Evolution Equity Partners , Crane Venture Partners and a group of strategic angel investors. Hong Kong-listed shares of Z.ai and MiniMax plunged on Wednesday, after The Information reported that China’s internet regulator is probing potential data leaks to Anthropic . Z.ai, also known as Zhipu , dropped 12.4%, MiniMax fell 4% and Alibaba declined 4.4%. The benchmark Hang Seng Index dipped 1%. Anthropic announced the release of its newest model , Claude Opus 5.5 , saying it performs as well or better than Anthropic’s previous most powerful models, Fable 5.1 and Mythos 5.1 , in domains including coding, reasoning, business workflows, and safety. At the same time, it will cost 40% less to run, according to the announcement on Tuesday. OpenAI on Tuesday announced GPT-6 Sol and GPT-6 Luna , which it describes as cheaper and faster models in the GPT-6 Astra family. The company said that the new models show significant improvements compared to their predecessors, GPT-5.6 Sol and GPT-5.6 Luna, in areas like professional work, coding, computer use and accuracy. Anthropic and OpenEvidence , the medical-search platform free to US and European clinicians, are partnering to bring a specialized version of OpenEvidence's AI to physicians in about 100 low- and middle-income countries, including Uganda, Angola, Sudan, Haiti and Mongolia. OpenAI and Grab , a Singapore-based transport and food delivery company, on Wednesday launched a program to train Grab’s drivers, merchants and delivery riders to use ChatGPT for work. Known Systems AI spun out of the domain registrar Identity Digital to build a shared way of holding AI agents accountable to whoever created them — a system called DNSid that its backers describe as a “birth certificate for AI agents,” built on internet domain infrastructure and a blockchain ledger. Identity Digital remains a major investor and keeps a board seat. New From Our Reporters Exclusive Founders Fund, Khosla Ventures Visit China as Country’s AI Prowess Rises By Julia Hornstein, Jing Yang, Juro Osawa and Rocket Drew Exclusive Anthropic in Talks for 1-Gigawatt Data Center Lease With Apollo-Backed Developer By Valida Pau and Amir Efrati Exclusive Wall Street’s GPU Futures Push Stalls at the CFTC By Dakin Campbell Recommended Newsletter The Information Weekend covers what happens when Silicon Valley logs off—the trends and people shaping culture, technology and everything in between. Subscribe for free today. What We’re Reading AI Leaders Are Standing On a Liability Landmine Why AI and Washington Talk Past Each Other How to Use AI With Your Privacy Intact Upcoming Events Thursday, October 8 — AI’s Power Challenge: Building the Infrastructure for the Next Generation of AI Can the grid keep pace with AI? Steve LeVine moderates a live conversation with Delta Electronics' William Mao and Eaton's Allan Schurr on scaling data centers for the AI era. Register now. More details Tuesday, October 27 — The Information’s 2026 WTF Summit The Information's WTF Summit returns to Napa Valley, bringing together the women shaping tech, media and finance. Confirmed speakers include Whitney Wolfe Herd (Bumble), Anne Wojcicki (23andMe Research Institute), Kim Posnett (Goldman Sachs) and comedian & entrepreneur Whitney Cummings, with more to come. Expect candid conversations and a room built for meaningful exchange. Tickets are selling fast, with the next price increase coming soon. More details Thank you for reading the AI Agenda Newsletter! I’d love your feedback, ideas and tips: stephanie@theinformation.com . If you think someone else might enjoy this newsletter, please pass it forward or they can sign up here .",full,,rss_full_content,,https://www.theinformation.com/newsletters/ai-agenda/expect-ai-agenda-live-crusoe-thinking-machines-labs-strike-compute-deal,the information,综合科技,科技金融,2026-09-24T00:23:00+00:00,未分类,,,[],unclassified,2026-09-24T00:52:59.729030+00:00,glm-5.2,2026-09-10,
"Founders Fund, Khosla Ventures Visit China as Country’s AI Prowess Rises",2026-09-23,"U.S. venture capitalists have slashed investments in Chinese startups in recent years as relations between the two superpowers have soured. But behind the scenes, plenty are taking weekslong trips to meet with the country’s tech founders—a sign of the influence Chinese startups like DeepSeek wield in the hottest parts of tech. Last month, three partners at Peter Thiel’s Founders Fund—Sean Liu, John Luttig and Joey Krug—visited tech companies in Beijing, Shanghai and Shenzhen. It was the second trip to China Liu had made in the past year and Luttig’s first visit to the country, according to people with direct knowledge of the matter. The idea was not to make investments but to learn about China’s thriving tech sector. Others are taking a similar approach. Khosla Ventures partners have visited tech companies in China two years in a row, according to a person familiar with the visits. Dimension Capital Management, a venture capital firm started by former Lux Capital partners, told its limited partners that the firm spent a week visiting AI labs and entrepreneurs in the country to dig into the competitive edge of China’s startups, as well as the interplay between the country’s AI companies and U.S. ones. David Cheng, a general partner at Costanoa Ventures, said in a post on X earlier this month that he visited China recently to meet with tech companies. Partners from Thrive Capital also visited last year, according to Bloomberg. None of those trips has led to investments in Chinese startups, likely due to U.S. government restrictions and the potential controversies such deals can attract. In addition, some investors say it would be too difficult to monitor the progress of Chinese startups from the U.S. Supply Chain Savvy But the firms still want to learn more about China. The Founders Fund partners went on the recent trip to get a handle on some of their portfolio companies’ dependence on the supply chain in China and how these businesses stack up against Chinese competitors, said one of the people with direct knowledge of the visit. The partners visited advanced manufacturing, robotics, self-driving, energy and AI companies, the person said. Their visit included a trip to the Shanghai headquarters of MiniMax, one of China’s AI model upstarts, according to another person with direct knowledge of the visit, as well as UBTech Robotics in Shenzhen, according to a third person with direct knowledge of the visit. The Khosla partners visited Xiaomi this year and robotics giant Unitree last year. Knowledge of these companies and their hardware suppliers can help investors understand whether a startup in the U.S. is making a product that global competitors are already working on, said the person with knowledge of the visits. Founders Fund’s trip was notable because the firm’s partners have long expressed antipathy toward China. Earlier this year, Thiel claimed that Pope Leo XIV was “working for the Chinese communists” after the Catholic leader called for AI regulation . Partner Trae Stephens criticized American tech companies who backed away from working with the government, saying the lack of public-private partnership in the U.S. has made China “ stronger, richer and more capable .” And partner Delian Asparouhov last year chastised Benchmark for backing the startup behind viral AI agent Manus. (The Chinese government subsequently forced Manus to reverse the $2 billion sale to Meta Platforms reached late last year.) Trips like those of Founders Fund speak to the growing sway of China’s AI industry. In the years since OpenAI launched ChatGPT in late 2022, China has gone from an also-ran to a major rival to American frontier labs. That’s largely thanks to the proliferation of startups like DeepSeek and Moonshot AI, which are developing open-source models that cost only a fraction of what AI tokens from OpenAI and Anthropic do, and incumbents like ByteDance , whose Seedance ranks high on leaderboards of the best-performing video-generation modes. China has also overtaken U.S. startups when it comes to building humanoid robots; Unitree and AgiBot together shipped 71% of humanoids in the world last year, according to Omdia, and the country controls 63% of the key companies in the global supply chain for humanoid robot components, according to German think tank Mercator Institute for China Studies. China’s supply chain is so essential that employees of some humanoid startups in the U.S. routinely travel to China and fly back home with suitcases stuffed full of prototypes and component samples, The Information reported in August. Many Chinese founders and entrepreneurs are open to meeting with U.S. investors, even if they back rival U.S. startups, in part because they want to stay informed about what’s going on in Silicon Valley, people familiar with these discussions say. Growing Restrictions The Americans’ fact-finding tours are a far cry from the 2000s and 2010s, when U.S. venture capitalists flocked to the country to write checks to startups like TikTok owner ByteDance and ride-hailing provider Didi before they became global powerhouses. But growing worries that China would overtake America’s role as global tech leader has prompted more restrictions. In 2023, President Joe Biden issued an executive order to regulate U.S. investments in China’s semiconductor, AI and quantum computing sectors. That executive order led to official restrictions on outbound investments in Chinese companies in these fields and took effect in early 2025. As Washington increased its scrutiny of U.S. deals in China, American VC funds such as Sequoia Capital and GGV Capital, an early Alibaba investor, separated their America and Asia funds in 2023 and 2024, respectively. So far this year, U.S. VCs participated in 105 deals in China-headquartered companies, nearly flat from 110 deals last year but down 80% from 533 deals in 2021, according to data firm PitchBook. Some Chinese investors have called on U.S. investors to return to the country. Duane Kuang, founding managing partner of Qiming Venture Partners , an early backer of Xiaomi, noted earlier this year that some of the firm’s U.S. limited partners—the pensions, endowments and family offices that back U.S. VC firms—have been worried they’re missing out on a potential opportunity .",full,,rss_full_content,,https://www.theinformation.com/articles/founders-fund-khosla-ventures-visit-china-countrys-ai-prowess-rises,the information,综合科技,科技金融,2026-09-24T00:23:02+00:00,未分类,,,[],unclassified,2026-09-24T00:52:59.729030+00:00,glm-5.2,2026-09-10,
Anthropic in Talks for 1-Gigawatt Data Center Lease With Apollo-Backed Developer,2026-09-23,"Anthropic is in early talks to lease up to 1 gigawatt in compute capacity from a data center developer majority-owned by Apollo Global Management, part of a major effort by the AI company to reduce its reliance on cloud providers. The maker of Claude has discussed signing on as a direct tenant of sites developed by Stream Data Centers, a 27-year-old company with facilities across the U.S., and filling them with tensor processing units designed by Broadcom and Google, according to people with knowledge of the discussions. Anthropic has also discussed the possibility of Google providing a credit guarantee for the project, some of the people said. It’s not clear what part of the project it would backstop. Anthropic has previously sought a Google backstop for other data center leases, The Information has reported . Anthropic could also house other AI chips in the facilities, such as Nvidia’s graphics processing units, one of these people said. Nvidia has been making significant investments in a variety of projects and data center–related firms to ensure that its chips, rather than TPUs, end up in major facilities powering advanced AI. Either way, a gigawatt of computing capacity would require a capital investment of at least $40 billion, data center developers say. Anthropic currently secures the vast majority of its computing capacity by renting chip servers from cloud providers such as Amazon Web Services, Google and SpaceX. Anthropic has already agreed to lease smaller facilities run by former bitcoin miners Hut 8 and TeraWulf, giving it direct control over data center servers and opening a path to cut its compute costs by circumventing the cloud providers, which are seeking their own profits. The Stream arrangement could end up as its biggest lease deal so far and comes as archrival OpenAI has been pursuing a similar strategy. An agreement with Stream is still months away from completion and could still fall apart, the people said. The exact capacity Anthropic may seek is still under discussion, and it was not immediately clear exactly how the parties would structure the transaction. But Anthropic would need financial guarantees for the data center leases and financing for the chips going into the facilities, the people familiar with the discussions said. Along with leasing data centers, Anthropic has also started to lease chips directly from providers. Earlier this year, it announced a deal with AMD for 2 GW worth of chips. It has also entered into a $35 billion agreement to lease TPUs from a special purpose vehicle set up by Apollo and Blackstone. That partnership could expand: Broadcom has said it wants to work with the financial firms to finance more than 20 GW of compute, suggesting a combined $700 billion in chip purchases. Anthropic is competing with OpenAI to secure compute contracts. However, a finite number of data center developers have lined up the power supplies and permits necessary for facilities. For instance, OpenAI last month agreed to lease the first phase of a planned 10 GW data center in Ohio with credit support from Nvidia covering up to $105 billion. The project is attractive in part because the site sits on federal land and has U.S. government support. Anthropic, meanwhile, has entered into $531 billion worth of compute deals in just the last 11 months, largely with cloud providers such as AWS, Google and Microsoft. Unlike renting servers from big cloud operators, leasing data centers usually involves purchasing and operating the server equipment they house. That could eventually give Anthropic and OpenAI more control over chip price and supply, as well as related technology like server racks and networking equipment. At the same time, the companies would take on the financial burden of obtaining the costly equipment and hiring the people to manage it. Anthropic is hiring dozens of workers, including some in Canada and Australia, for roles such as securing power and working on facility design and structure. Dallas-based Stream Data Centers has developed more than 20 data center sites in the U.S. Apollo bought a majority stake in the company last year; Principal Asset Management also owns a stake.",full,,rss_full_content,,https://www.theinformation.com/articles/anthropic-talks-cement-control-data-centers,the information,综合科技,科技金融,2026-09-24T00:23:04+00:00,AI与智能科技 > AI硬件层 > 数据中心,AI与智能科技,数据中心,"[{""path"":[""AI与智能科技"",""AI硬件层"",""数据中心""],""path_text"":""AI与智能科技 > AI硬件层 > 数据中心"",""confidence"":0.9,""reason"":""核心事件是Anthropic洽谈租赁1吉瓦数据中心算力容量并直接租用数据中心设施""}]",classified,2026-09-24T00:53:07.668108+00:00,glm-5.2,2026-09-10,
"AI, the UN, Xi and Trump",2026-09-23,"It’s a big week for global leaders talking about AI. We’ve got a bunch of presidents and prime ministers at the United Nations General Assembly meeting in New York—motorcades are creating chaos in Midtown Manhattan right now—and Chinese president Xi Jinping is due to arrive in Washington tomorrow. The top executives from most big tech firms will be at a state dinner on Thursday night with Xi, while some will also be at the U.N. earlier in the week. You can bet AI will dominate much of the discussion both at the U.N. and in Washington. It’s unlikely anything of substance will emerge, although there’ll be plenty of breathless headlines. On Tuesday morning, for instance, President Donald Trump made news by pronouncing that artificial intelligence would henceforth be known as super intelligence in U.S. government paperwork, because the word “artificial” makes AI sound “fake.” (See below for more on this.) Glad to see the leader of the free world is staying on top of the most important issues! Meanwhile, British Prime Minister Andy Burnham was reported to be planning to insert his country into the AI regulatory debate by claiming the U.K. could play the “honest broker” in AI governance. Cute. Otherwise, OpenAI CEO Sam Altman is due to speak to the U.N. Security Council on Wednesday. The ChatGPT firm on Monday outlined the need for “international efforts to develop standards” for AI safety, so Altman will presumably elaborate on that. Anthropic CEO Dario Amodei is reportedly also speaking to the U.N. Security Council. The real action, though, may be in Washington, when Xi and Trump meet. Maybe they’ll discuss some way of working together to address AI safety, as U.S. Treasury Secretary Scott Bessent said on Sunday officials from both sides had discussed. Xi, meanwhile, may be feeling a little irritated that Anthropic has accused some of China’s best-known AI firms of using Anthropic’s Claude illicitly—and in some cases routing sensitive Chinese data to Claude. That prompted China’s internet regulator to investigate DeepSeek and Moonshot AI over possibly breaching Chinese data security rules, we scooped today . Could this be why Xi, according to The Wall Street Journal , isn’t expected to bring corporate executives with him? As this U.S.-China expert explained in a post on X today, the “fraught relationship” between Chinese AI companies and the Chinese government is a hugely undercovered story. Super v. Artificial? Did Ilya Sutskever just win the lottery? Trump’s declaration that he was changing the name of artificial intelligence to superintelligence—SI instead of AI—could be great news for Sutskever’s AI startup, Safe Superintelligence Inc., or SSI . If Trump succeeds in replacing the AI term with SI, Sutskever’s company has the perfect brand. Sutskever might be even better off than Meta Platforms, whose CEO, Mark Zuckerberg, seems to be thinking along the same lines as Trump. Zuckerberg likes to talk about personal superintelligence , and his AI unit is called Meta Superintelligence Labs. (What’s the bet that most people prefer their super intelligence to be safe rather than personal?) Still, neither Sutskever nor Zuckerberg should celebrate yet. While Trump might be able to persuade Apple and Google to partially adopt the Lake America name in place of Lake Ontario, it’s hard to see anyone listening to him on AI. That term is just too ingrained in the culture right now. So while Trump’s decree might work for U.S. government paperwork, that’s probably as far as it goes. In Other News • OpenAI on Tuesday announced GPT-6 Sol and GPT-6 Luna, which it describes as cheaper and faster models in the GPT-6 Astra family. • Alibaba on Tuesday unveiled a powerful new AI chip for training and running models, highlighting the rapid progress in China’s domestic semiconductor capabilities. • Meta’s new personal AI agent, Muse, had more than 500,000 people try it out roughly a week after launch, including 250,000-plus daily active users, according to internal data viewed by The Information. Users have also submitted more than 2 million prompts. Today on The Information’s TITV Check out today’s episode of TITV in which we speak with the CEO of a multibillion-dollar manufacturing company on her decision to spin out a new power firm. Recommended Newsletter Start your day with Applied AI , the newsletter from The Information that uncovers how leading businesses are leveraging AI to automate tasks across the board. Subscribe now for free to get it delivered straight to your inbox twice a week. New From Our Reporters Exclusive Wall Street’s GPU Futures Push Stalls at the CFTC By Dakin Campbell Opinion Why America’s AI Dream Is Failing to Launch By Ryan Cunningham and Kristy Loke Applied AI New Data Show Anthropic, OpenAI and Other Upstarts Are Eating into Software Budgets By Laura Bratton Exclusive Luckey’s Erebor Bank Plots Syria Expansion By Michael Roddan Exclusive Software Firms Discount AI to Keep Customers From Anthropic, OpenAI By Laura Bratton, Aaron Holmes and Catherine Perloff Exclusive China Probes DeepSeek, Moonshot Over Potential Data Leaks to Anthropic By Qianer Liu and Jing Yang Upcoming Events Wednesday, September 23 — AI Agenda Live SF 2026 AI Agenda Live is this Wednesday. Join Google DeepMind, OpenAI, NVIDIA, and more to explore what’s next for AI. Last chance to join us—reserve your spot today. More details Thursday, October 8 — AI’s Power Challenge: Building the Infrastructure for the Next Generation of AI Can the grid keep pace with AI? Steve LeVine moderates a live conversation with Delta Electronics' William Mao and Eaton's Allan Schurr on scaling data centers for the AI era. Register now. More details Tuesday, October 27 — The Information’s 2026 WTF Summit The Information's WTF Summit returns to Napa Valley, bringing together the women shaping tech, media and finance. Confirmed speakers include Whitney Wolfe Herd (Bumble), Anne Wojcicki (23andMe Research Institute), Kim Posnett (Goldman Sachs) and comedian & entrepreneur Whitney Cummings, with more to come. Expect candid conversations and a room built for meaningful exchange. Tickets are selling fast, with the next price increase coming soon. More details",full,,rss_full_content,,https://www.theinformation.com/newsletters/the-briefing/ai-un-xi-trump,the information,综合科技,科技金融,2026-09-24T00:23:06+00:00,未分类,,,[],unclassified,2026-09-24T00:53:07.668108+00:00,glm-5.2,2026-09-10,
Barrick Gold Inks Five-Year AI Deal Before IPO,2026-09-23,"AI is top of mind for stock investors these days. That means even companies outside tech are beefing up their AI credentials ahead of new listings. In one such example, Barrick Gold’s North American unit has agreed to a five-year partnership with Avathon, a startup that develops AI-powered software to help industrial companies predict when expensive equipment will fail and monitors mine and factories sites for safety risks, Avathon CEO Pervinder Johar told me. Barrick is planning to float a minority stake in its North American unit, which produces the majority of its gold. The company has targeted year-end for the listing. The Barrick agreement is a windfall for 14-year-old Avathon. The miner will generate between $10 million to $20 million a year in sales for Avathon—about 10% of the Pleasanton, Calif.-based startup’s expected revenue next year, according to a person with direct knowledge of the discussions. Avathon’s annual recurring revenue recently rose to more than $50 million from about $15 million last year, the person said. In three years, Barrick’s North American unit could become Avathon’s second-largest customer, behind Aramco Digital, the tech arm of Saudi oil giant Aramco. Other large Avathon customers include Boeing, which owns 9% of the company, Airbus and the Department of Defense. Helped by these sales gains, Avathon is preparing to raise more than $100 million by the end of the year, the person with direct knowledge said. The startup was valued at $1.4 billion in January 2022. “This partnership is the tangible proof of physical AI moving beyond initial industry announcements to practical applications in extraction, energy and raw materials,” Johar said. Avathon’s software runs on about 200 AI models that help it map a company’s operations, monitoring what's happening through cameras and sensors and deciding how to handle changes. Barrick will pay a base fee to use Avathon’s platform, plus fees tied to the results it gets. Avathon’s software will scan footage from Barrick’s mine cameras to flag safety violations as they happen, and its AI agents will help Barrick buy supplies and negotiate supplier contracts, Johar said. And it will analyze Barrick's equipment to predict failures and recommend how to repair machines to keep them running longer. Avathon and Barrick started working together in December, and the software has been running at some U.S. sites, including the giant Nevada Gold Mines complex, since the second quarter. The rollout there is expected to be completed over the next couple of quarters. The next site will be in the Dominican Republic, Johar said. The Barrick deal follows Avathon's three-year partnership with Aramco Digital that was announced earlier this month. Aramco Digital plans to use Avathon’s software to make the towns Aramco built for its oil workers run more efficiently, with electricity meters and billing systems that run automatically. In addition, Aramco chose Avathon because it believes it will speed up its internal system tracking access and approvals, as well as supply chain logistics, equipment performance monitoring and the safety and compliance checks, said Raj Rao, chief growth officer at Aramco Digital. Avathon’s deals add to a recent wave of AI sales to industrial customers. Earlier this month, equipment maker Caterpillar and robotics startup FieldAI said they would bring autonomous machines to mining and construction sites. In May, robotics startup Humanoid said it would place humanoid robots at factories run by German industrial supplier Schaeffler. And in January, Hyundai and Boston Dynamics unveiled a production version of the Atlas humanoid robot, which Hyundai plans to put in its plants by 2028. Today on TITV Check out today's episode of TITV in which we speak with the CEO of a multibillion dollar manufacturing company on her decision to spin out a new power firm. New From Our Reporters Exclusive Wall Street’s GPU Futures Push Stalls at the CFTC By Dakin Campbell Exclusive China Probes DeepSeek, Moonshot Over Potential Data Leaks to Anthropic By Qianer Liu and Jing Yang Recommended Newsletter Every weekday, The Briefing helps executives get smarter about the latest in tech, media and finance. Subscribe for free now . Upcoming Events Wednesday, September 23 — AI Agenda Live SF 2026 AI Agenda Live is this Wednesday. Join Google DeepMind, OpenAI, NVIDIA, and more to explore what’s next for AI. Last chance to join us—reserve your spot today. More details Thursday, October 8 — AI’s Power Challenge: Building the Infrastructure for the Next Generation of AI Can the grid keep pace with AI? Steve LeVine moderates a live conversation with Delta Electronics' William Mao and Eaton's Allan Schurr on scaling data centers for the AI era. Register now. More details Tuesday, October 27 — The Information’s 2026 WTF Summit The Information's WTF Summit returns to Napa Valley, bringing together the women shaping tech, media and finance. Confirmed speakers include Whitney Wolfe Herd (Bumble), Anne Wojcicki (23andMe Research Institute), Kim Posnett (Goldman Sachs) and comedian & entrepreneur Whitney Cummings, with more to come. Expect candid conversations and a room built for meaningful exchange. Tickets are selling fast, with the next price increase coming soon. More details",full,,rss_full_content,,https://www.theinformation.com/newsletters/dealmaker/barrick-gold-inks-five-year-ai-deal-ipo,the information,综合科技,科技金融,2026-09-24T00:23:08+00:00,未分类,,,[],unclassified,2026-09-24T00:53:07.668108+00:00,glm-5.2,2026-09-10,
Wall Street’s GPU Futures Push Stalls at the CFTC,2026-09-23,"The launch of futures for rental prices on Nvidia GPUs, which are seen as important to make AI compute an investable asset class, is hitting a snag. CME Group had hoped to launch contracts as soon as early October, but it won’t have regulatory approval by then. The Commodity Futures Trading Commission, which regulates the futures market, is extending its review as it digs into how such contracts work and seeks comments from the broader industry, according to a letter to the exchange seen by The Information. In theory, such futures coupled with a liquid market to trade them could let AI companies and compute providers lock in prices for computing power ahead of time, helping them hedge against swings in GPU rental costs. Futures could also provide lenders behind the AI infrastructure financing boom with a way to hedge against the risk of GPUs used as collateral losing value. CME had announced last month it was aiming to launch compute futures on Oct. 5, pending regulatory approval. The firm would use a benchmark from startup data provider Silicon Data. It planned to start with two new futures products, one based on rental pricing for Nvidia H100s and another for Nvidia’s B200 chips. But later in August, the CFTC announced a broad request for comment on compute derivatives contracts, seeking to understand potential market manipulation among other risks. The CFTC noted that while a financial market for compute could support U.S. AI development, the underlying market is fragmented and opaque. For instance, GPU rental prices are typically set in bespoke private contracts as opposed to a big, open market. That raises the prospect that dominant players could influence market prices to their advantage. At the time, the CFTC opened a 60-day comment period to give market participants an opportunity to weigh in on the products. While that action raised doubts about the CME Group’s ability to meet its October timeline, the CFTC’s Sept. 21 letter confirms that the launch won’t go ahead next month. The CFTC noted that it needed more time to assess the CME launch “in light of novel or complex” issues, and would extend the review period on the products 45 days, until Nov. 9. In addition to CME, rival exchange firm Intercontinental Exchange has announced plans to launch GPU futures, but hasn’t set a specific date. Upstart exchanges too are vying to offer similar contracts. “We view additional regulatory review as a natural part of building a new derivatives market,” Carmen Li, CEO of Silicon Data, said in an emailed statement. “So whether the first contracts launch in October or somewhat later doesn’t change the underlying thesis. As more capital flows into AI infrastructure, the need for reliable compute pricing and tools to manage compute price risk is only becoming more important.” CME Group declined to comment.",full,,rss_full_content,,https://www.theinformation.com/articles/wall-streets-gpu-futures-push-stalls-cftc,the information,综合科技,科技金融,2026-09-24T00:23:10+00:00,未分类,,,[],unclassified,2026-09-24T00:53:07.668108+00:00,glm-5.2,2026-09-10,
"New Data Show Anthropic, OpenAI and Other Upstarts Are Eating into Software Budgets",2026-09-23,"We’ve been reporting for months about how companies are shifting some traditional software spending to Anthropic and OpenAI. New data from procurement software firm Zip provides further evidence. AI providers such as OpenAI, Anthropic, Cursor, and Sierra accounted for 8% of spending by Zip customers in the 12 months that ended in August, up from 1.4% during the previous 12 months. Overall, their software budgets rose by a median of 13% during that period. The dozens of customers included in the study had an average of 2,400 employees and spent $18 billion for software, including AI, over the past four years. Zip’s customers include Snowflake, OpenAI, Datadog, Cloudflare and AMD. The shift is putting pressure on legacy software vendors to step up their game. Several enterprise software firms such as Workday and HubSpot as well as cloud providers Microsoft and Amazon are offering discounts or free trials of AI products to retain customers, we reported today . But just as the older companies are dangling those freebies, they’re also introducing more costly pricing models that charge customers for how much AI they use, rather than giving them unlimited AI as part of their subscriptions. Once the freebies end, some companies may decide the tools aren’t worth the hassle. Usage-Based Costs Rising With the shift to usage-based pricing, some customers are still seeing their bills rise, despite some discounts. This summer, for instance, spending by software provider Pegasystems on Microsoft’s Github Copilot, an AI coding tool, surged to $260,000 monthly from $20,000 after Microsoft shifted to usage-based pricing for the tool . “What I find really frustrating is [AI providers] put so much burden on companies, people like us, to detangle…what is the right way to use these” in a cost effective way, said David Vidoni, Pega’s chief information officer. (Pegasystems, which helps banks and telecoms to automate fraud detection and customer billing issues, spends between $10 million and $15 million annually on software, including AI.) After executives at Pegasystems balked, Microsoft offered the company one million credits worth $10,000 to use another tool, Copilot Cowork, an AI assistant akin to Claude Cowork, for one month. But that’s relatively piddly compared to the financial incentives Microsoft has given to other customers, our story today showed. But the financial incentive might work: Vidoni plans to expand testing of Copilot Cowork in his finance and marketing teams. Meanwhile, he is finding ways to cut costs linked to Github Copilot and other AI tools through employee spending caps and other methods. (Pega uses a variety of Microsoft tools beyond Github Copilot that could also make switching harder, though it does not run any customer-facing software products on Azure.) New From Our Reporters AI Agenda OpenAI Develops Features to Counter Grok Bot, Mulls Response to Meta’s Muse By Amir Efrati and Stephanie Palazzolo Exclusive China Probes DeepSeek, Moonshot Over Potential Data Leaks to Anthropic By Qianer Liu and Jing Yang Exclusive Luckey’s Erebor Bank Plots Syria Expansion By Michael Roddan Upcoming Events Wednesday, September 23 — AI Agenda Live SF 2026 AI Agenda Live is this Wednesday. Join Google DeepMind, OpenAI, NVIDIA, and more to explore what’s next for AI. Last chance to join us—reserve your spot today. More details Thursday, October 8 — AI’s Power Challenge: Building the Infrastructure for the Next Generation of AI Can the grid keep pace with AI? Steve LeVine moderates a live conversation with Delta Electronics' William Mao and Eaton's Allan Schurr on scaling data centers for the AI era. Register now. More details Tuesday, October 27 — The Information’s 2026 WTF Summit The Information's WTF Summit returns to Napa Valley, bringing together the women shaping tech, media and finance. Confirmed speakers include Whitney Wolfe Herd (Bumble), Anne Wojcicki (23andMe Research Institute), Kim Posnett (Goldman Sachs) and comedian & entrepreneur Whitney Cummings, with more to come. Expect candid conversations and a room built for meaningful exchange. Tickets are selling fast, with the next price increase coming soon. More details",full,,rss_full_content,,https://www.theinformation.com/newsletters/applied-ai/new-data-show-anthropic-openai-upstarts-eating-software-budgets,the information,综合科技,科技金融,2026-09-24T00:23:11+00:00,未分类,,,[],unclassified,2026-09-24T00:53:07.668108+00:00,glm-5.2,2026-09-10,
Why America’s AI Dream Is Failing to Launch,2026-09-23,"In 2022, American dominance in AI looked almost unassailable. The U.S. led in advanced models, semiconductors, capital and talent. Its closest competitor, China, appeared to be reeling from export controls that cut it off from the world’s most advanced process nodes, chips and memory technologies. Four years later, the tide seems to be turning. Chinese models have gained major global token share ; American technology giants are eyeing Chinese logic and memory chips ; and America’s grand AI ambitions face growing public backlash. During the first three months of 2026, local opposition blocked or delayed roughly $130 billion in data center projects. This spring, 71% of Americans surveyed opposed the construction of a data center near where they live. Texas, the fastest-growing state in data center construction, has frozen new grid-connected projects until further impact studies are completed. Data centers have become a bipartisan sleeper issue for the election cycle. Meanwhile, American leaders appear disconnected from voters whose consent they ultimately require to build. As frontier labs prepare for initial public offerings and President Donald Trump urges communities to “let Data Reign,” firmwide AI adoption and visible productivity gains remain limited . America’s problem is not a shortage of capital, chips or technical talent. It is the absence of an AI strategy that connects frontier capability to broadly shared economic gains, public legitimacy and the energy infrastructure required to deploy it. We write as an energy-compute analyst and a researcher focused on China’s AI policy. From the vantage points of the bottlenecks America’s physical AI build-out currently faces and China’s multifaceted approach to AI development, the U.S.’s huge capital expenditures on AI mask a dire situation: The country is financing an industrial revolution most citizens currently want no part of. That could still change. It will not change on the present terms. The American AI Dream(s) In the U.S.’s clearest articulation of AI priorities to date, America’s AI Action Plan focuses simply on “winning the race.” Policymakers are seeking to establish the U.S. AI stack as the “gold standard for AI worldwide,” though relevant measures of victory remain unclear. Advocates gesture toward job creation and higher standards of living but offer few tangible expectations for how Americans’ lives will improve. What, then, is the “American dream” for AI? Up to now, there have been two dominant versions. The first, from Silicon Valley, promises a world of infinite wealth and abundance achievable only through unprecedented investment in frontier labs and model training infrastructure. The cost of intelligence will fall so low that most forms of labor will no longer be required, freeing humans to bask in a life of leisure, intellectual curiosity and self-direction. The second, prevalent in Washington, is less a vision of what the dream is than what it cannot be : the nightmare of losing an arms race with China. These visions emerge from different institutional cultures but converge on the same message: the monopoly of power. In the former, Silicon Valley leaders are anchored by the economic belief that “ competition is for losers ” and the quasi-religious belief that whoever first creates the machine God will capture “ the light cone of all future value in the universe .” The latter vision treats AI principally as a tool for preserving American hegemony and fears apocalypse if that hegemony erodes. In short, you have visions for a techno utopia if we get our way and a techno dystopia if we don’t. Each works well within its respective echo chamber. Neither speaks persuasively to the lived experience of people outside these systems. For many Americans, the fundamental social compact—“if you work hard, you will be rewarded”—has been fractured by financial crises, wageless recoveries and a global pandemic. They have watched platform companies build business models linked to serious damage to children’s mental health . Now many of the same firms are asking to put a data center in their backyard. When labs pitch a “post-labor” economy, workers do not hear a promise of leisure; they hear consistent threats of a “ permanent underclass .” After repeated broken promises that technology would universally improve their lives, they have little reason to accept the claim that this time will be different. American leadership is promising either the moon or damnation. Americans are saying, “Prove it.” Four Orientations, Not One Compared to the U.S.’s fixation on frontier AI, China’s strategy is more multidimensional. Since 2020, Chinese leaders have organized science and technology policies around what Xi Jinping calls the “ Four Orientations ”: the technological frontier, economic development, major national needs, and the life and health of the people. The framework appears repeatedly in high-level AI policy and discourse, signaling what Beijing is optimizing for—and just as importantly, what goals it considers insufficient in isolation. China seeks frontier capabilities and has pursued legal and bureaucratic reforms intended to improve its innovation environment. But it has not treated frontier leadership as a singular AI strategy. That may have been out of necessity: Constrained in terms of advanced chips, computing power and capital, China needed a “ good enough ” strategy that balanced pragmatism with technological ambition. Yet the approach continued after the 2025 DeepSeek moment. Rather than treating frontier or frontier-adjacent model building as the sole national objective, Beijing continued to pursue industrial diffusion, technological sovereignty and governance alongside them. Economic development is arguably where much of Beijing’s policy attention lies. The “ AI Plus ” initiative, reiterated and expanded in 2025, has little to do with superintelligence. It sets industrial targets, directing local governments and firms toward productivity gains and industrial upgrades. The third orientation focuses on building secure core technological supply chains. After the first Trump administration’s 2019 campaign against Huawei, Xi told Chinese scientists and engineers that core technologies could not be “ borrowed, bought or begged for, ” but must be secured through domestic innovation. Chinese officials and bureaucrats subsequently intensified efforts to localize key parts of the semiconductor supply chain. China’s recent chip gains reflect in part the experimentation and investments this push set in motion. The fourth orientation mandates that tech development has to improve both public well-being and quality of life. In the post-ChatGPT period, governance has remained a formal policy priority . As concerns about automation and job displacement grew, the State Council incorporated research and preparation for those risks into high-level planning, while regulators strengthened accountability requirements for workers managed by algorithmic systems. When AI companions came under scrutiny for harms they caused to young people and vulnerable users, China’s cyberspace regulator moved quickly to finalize some of the world’s most stringent rules . While the government’s record on AI governance is far from perfect, and not all four orientations are equally transferable to the U.S., Beijing’s framework treats industrial development, sovereignty and governance as concurrent objectives rather than subordinating each to frontier competition. That contrast warrants reflection. A Race Is Not a Strategy China’s example shows that inclusive AI policy cannot consist merely of restricting competitors and accelerating domestic firms. A technology capable of creating significant economic gains, while imposing real social and physical costs, requires planning, coordination and harmonizing  of competing goals. For all of America’s advantages—and they are considerable—the U.S. faces substantial execution risk. The world’s best chips are of little use if developers cannot permit facilities to house them or build the generation capacity to power them. Nor should AI dominance be pursued in isolation. It may conflict with openness, safety, privacy, labor protections and international restraint. A credible American AI dream cannot be solely defined by winning an ambiguously defined race: It must be measured by whether ordinary Americans gain capability, security, opportunity and genuine freedom, including from avoidable technological harm. The U.S. needs a more holistic, pro-social definition for its AI dream. This is not anti-innovation; this is antifragile. Domestically, it means transparently incorporating local feedback into infrastructure planning, preparing workers for disruption rather than treating displacement as an abstraction, and giving the public concrete reasons to believe AI’s gains will be broadly shared. Globally, it means engaging constructively with partners and competitors, including China, to establish a shared account of AI’s most desirable outcomes and a common framework for managing its most consequential risks. If the U.S. wants its promise of AI-enabled abundance to survive contact with voters, it needs a pragmatic and inclusive strategy fast—or its dream will die on the launchpad.",full,,rss_full_content,,https://www.theinformation.com/articles/americas-ai-dream-failing-launch,the information,综合科技,科技金融,2026-09-24T00:23:13+00:00,未分类,,,[],unclassified,2026-09-24T00:53:07.668108+00:00,glm-5.2,2026-09-10,
Luckey’s Erebor Bank Plots Syria Expansion,2026-09-23,"Erebor Bank, fresh from becoming a vital new financial bridge between the U.S. and Venezuela, is eyeing a new foreign foray: expanding into Syria. The bank, founded by Anduril Industries co-founder Palmer Luckey, has told staff and some investors it could help the war-torn Middle Eastern country reconnect to the global financial system, potentially attracting billions in deposits from businesses and consumers, according to people familiar with the strategy. Doing so would make Erebor a remarkably early mover in Syria, given that Washington only recently reopened the country to U.S. firms and investment. The potential Syria opportunity comes after a dramatic shift in U.S. relations with the country over the past couple years. President Donald Trump last year signaled his intention to remove sanctions on Syria after former dictator Bashar al-Assad was overthrown in 2024, ending his family’s decadeslong rule. The U.S. removed comprehensive sanctions last year and this August dropped Syria from the U.S. State Sponsors of Terrorism List, the last remaining major economic and financial penalty imposed on the country. Though it’s now legal for U.S. banks to do business in Syria, most large financial institutions remain wary of entering the country, in part because they’re worried about heightened risks of exposure to activities like money laundering and terrorism financing. Erebor, part of a new cohort of banks that has received charters under the Trump administration, has from the start been willing to enter businesses most larger banks avoid, particularly when doing so aligns with U.S. government goals. In recent months, Erebor Chair Jacob Hirshman has traveled to Syria to meet with business and government officials interested in rebuilding the country’s economy, the people said. Luckey, meanwhile, recently told staff at a companywide meeting that Erebor was working toward playing its own part in reconnecting Syria to the global financial system, emphasizing that the bank was interested in supporting U.S. foreign policy, according to people familiar with the remarks. Erebor, which has emphasized its U.S. government ties to investors and is nearing a $1.5 billion fundraise at an $8 billion valuation, has already gained traction in areas prioritized by the Trump administration, such as defense startups and cryptocurrency firms . It is also serving as an intermediary for companies seeking loans from the Department of War’s Office of Strategic Capital, according to people briefed on the matter. Luckey, who backed the bank along with Peter Thiel’s Founders Fund and Andreessen Horowitz, has said he helped launch Erebor to fill a gap in the market. “I realized that you didn’t have banks that were aligned with the U.S.’s interests,” Luckey told TBPN. And Luckey, in the all-company meeting, highlighted opportunities for the bank beyond Syria that are currently off-limits but could open up as the geopolitical situation changes. He said Erebor could possibly even eventually supply financial services to places such as Cuba as well as North Korea, where Luckey said he believes the Trump administration could broker a peace deal permitting North Korea to keep its nuclear weapons. Some Western financial institutions have been making inroads to restore financial services in Syria in recent weeks. Mastercard launched the country’s first internationally accepted payment card in partnership with Qatari bank QNB Group, and Visa processed Syria’s first international card payments in more than 15 years. Though talks about how Erebor will support investors and businesses in Syria are still in the early stages, an expansion of its efforts there could mirror the bank’s support of U.S. goals and business interests in Venezuela following the U.S. ouster of President Nicolás Maduro. Earlier this year, Erebor entered Venezuela as the country reconnected to the U.S. financial system following years of sanctions and the Trump administration moved to revive its oil sector. Erebor now has banking relationships with Venezuela’s central bank and commercial banks and is facilitating transactions for companies, including U.S. oil firms investing in the region. Erebor could play a similar role in Syria for energy companies such as Chevron and Baker Hughes that are looking to explore and develop Syria’s oil and gas fields. Hirshman traveled to Syria in July to explore potential options for collaborations with the central bank and firms operating in the country, according to people familiar with the matter. This month, Erebor was among roughly 50 U.S. companies that sent representatives to Damascus with an American Chamber of Commerce delegation, according to a list published by the Syrian Foreign Ministry. U.S. Deputy Assistant Secretary of State Jacob McGee urged the delegation to invest in Syria, noting companies including Chevron, Mastercard and Visa were already taking steps in that direction, according to local news reports. Still, reconnecting Syria to the global financial system could be more difficult than helping companies and investment firms enter Venezuela. Years of sanctions and civil war have left most of the Syrian population below the poverty line and without banking services. They must conduct most daily transactions in cash. Many Western banks remain wary of processing transactions in the country, limiting services like cross-border payments and trade finance. A handbook issued by the U.S. embassy in Syria for potential investors into Syria notes that many international banks’ risk-averse approach to processing U.S. dollar transactions could lead to lengthy due diligence, delays and refusals.",full,,rss_full_content,,https://www.theinformation.com/articles/luckeys-erebor-bank-plots-syria-expansion,the information,综合科技,科技金融,2026-09-24T00:23:15+00:00,未分类,,,[],unclassified,2026-09-24T00:53:11.191520+00:00,glm-5.2,2026-09-10,
The Download: India’s smart glasses menace and AI’s trillion-dollar gamble,2026-09-23,"The Download: India’s smart glasses menace and AI’s trillion-dollar gamble
Plus: hackers claim they've stolen data on almost all FBI employees.
This is today's edition of The Download, our weekday newsletter that provides a daily dose of what's going on in the world of technology.
Smart glasses are already causing havoc in India
When Shubnam saw an Instagram video of a Delhi protest they had attended, they realized a content creator wearing Meta smart glasses had recorded them surreptitiously. The mocking reel drew millions of views, along with transphobic abuse and AI-generated memes.
Experts warn that many others will experience similar ordeals as smart glasses go mainstream. The risks are particularly acute in India, where covert recording and the circulation of images without consent are already pervasive.
The bigger issue is that the smart glasses aren’t just being used to turn ordinary people into targets of viral “pranks.” They’re also becoming a tool of police surveillance.
Here’s why smart glasses are creating new privacy risks in India.
—Anuj Behal
MIT Technology Review Narrated: what’s at stake in AI’s trillion-dollar gamble
When Jessica Wachter, a University of Pennsylvania finance professor, wanted to assess AI’s impact on the economy over the next few years, she started with a simple fact: a handful of so-called hyperscalers are investing huge amounts of money to build AI data centers.
Instead of trying to predict how widely deployed AI models will be, Wachter asked how fast the hyperscalers’ earnings will need to grow to justify their spending through 2027, when expenditures are expected to reach nearly $1.1 trillion.
The results are eye-opening. AI companies will need to achieve an extraordinary increase in productivity just to break even by 2030.
This is our latest story to become an MIT Technology Review Narrated podcast, which we publish each week on Spotify and Apple Podcasts. Just navigate to MIT Technology Review Narrated on either platform, and follow us to get all our new content as it’s released.
The must-reads
I’ve combed the internet to find you today’s most fun/important/scary/fascinating stories about technology.
1 Hackers claim they've stolen data on almost all FBI employees
The ShinyHunters group says it seized more than 2 TB of data. (Axios)
+ Including agents’ names, addresses, and phone numbers. (404 Media)
+ ShinyHunters says the attack was retaliation for an FBI alert. (Reuters $)
+ Now is a good time for doing crime. (MIT Technology Review)
2 Anthropic and OpenAI have both released lower-cost models
They face growing competition from cheaper Chinese models. (CNBC)
+ Startups have been reducing their reliance on the two labs. (Bloomberg $)
+ The new models are the first since their calls for an AI slowdown. (FT $)
+ Their CEOs are set to brief the UN Security Council today. (Quartz)
+ Could AI really kill us all? (MIT Technology Review)
3 Trump’s Treasury chief could soon become his new AI czar
Scott Bessent has played a central role in US-China AI talks. (Semafor)
+ Other contenders include Michael Kratsios and Scott Kupor. (Gizmodo)
+ Will Trump's AI rebrand to “superintelligence” catch on? (BBC)
4 Scientists are turning renewable electricity directly into food
The goal is to make more food with less land. (New Scientist $)
+ Companies are creating food out of thin air. (MIT Technology Review)
5 A “fire amoeba” has broken the heat survival record for complex life
The newly discovered organism can grow and reproduce at 63°C. (NPR)
+ It could inform the search for life elsewhere. (New Scientist $)
6 Meta quietly tested a “human concierge” for its Muse AI agent
Contractors secretly handled some calls placed by Muse. (Reuters $)
+ Staff raised concerns about privacy and misleading users. (404 Media)
7 Data centres are replacing copper with light to cut energy use
Photonics can move data with less heat than electrical wiring. (BBC)
+ Virtual power plants could also help. (MIT Technology Review)
8 AI models built from rat brains just got closer to reality
AWS is tapping rat neurons to make video AI faster. (Wired $)
9 Uber is betting on human drivers to give its robotaxis an edge
They can cover demand spikes while autonomous cars recharge. (Axios)
10 A humanoid robot took on an amateur fighter in a cage
The brief bout was billed as the first human-robot MMA fight. (Futurism)
Quote of the day
“The use of the word artificial makes it sound fake. It's not fake; it's actually amazing.”
—President Donald Trump tells the UN General Assembly why he wants to rename AI “superintelligence.”
One more thing
AI is changing how we quantify pain
At Orchard Care Homes, nurses used to rely on an observational scale to assess pain in residents who couldn’t communicate verbally. But agitated residents were sometimes assumed to have behavioral issues, while their pain went untreated.
Then, in 2021, the care-home chain began trialing PainChek, a smartphone app that scans a resident’s face for microscopic muscle movements and uses AI to output a pain score. Within weeks, the pilot unit saw fewer prescriptions and calmer corridors.
Now researchers are racing to turn pain into something a camera or sensor can score as reliably as blood pressure. But when algorithms measure our suffering, does that change how we understand and treat it?
Discover how AI is changing the way we assess pain.
—Deena Mousa
We can still have nice things
A place for comfort, fun, and distraction to brighten up your day. (Got any ideas? Drop me a line.)
+ Scientists have discovered the first new penguin species in more than 100 years.
+ Discover the filmmaking skills that made Paul Verhoeven’s RoboCop a directing masterclass.
+ What happens when fast food meets local tastes? These unusual international menu items offer some tasty answers.
+ Dance to every track the crowd has identified at Berghain since 2024 with this media player, which replays each night in sequence.
Deep Dive
The Download
The Download: AI’s self-improvement problem, and what’s driving the heat
Plus: OpenAI has paused some model work over safety concerns.
The Download: Google’s AI shake-up and Meta’s rogue model
Plus: Meta has become the latest firm to say its AI hacked another company.
The Download: the next big thing in LLMs and how AI academic research is shifting
Plus: Nvidia has secured $500 billion from Wall Street for AI infrastructure.
The Download: inside OpenAI’s Hugging Face hack, and a new EV takes on the US
Plus: Meta will pay up to $18 billion to settle a landmark child-safety case.
Stay connected
Get the latest updates from
MIT Technology Review
Discover special offers, top stories, upcoming events, and more.",full,,trafilatura_full_text,,https://www.technologyreview.com/2026/09/23/1144966/the-download-india-smart-glasses-ai-trillion-dollar-gamble/,MIT Technology Review,综合科技,无,2026-09-24T00:23:23+00:00,未分类,,,[],unclassified,2026-09-24T00:53:11.191520+00:00,glm-5.2,2026-09-10,
The AI Hype Index: AI loves cheating,2026-09-23,"The AI Hype Index: AI loves cheating
MIT Technology Review’s highly subjective take on the latest buzz about AI
Brace yourself: It turns out AI is being optimized for cheating. OpenAI’s agents hacked into Hugging Face to get the answers to a cybersecurity test. Next, they solved a prestigious math problem (or just stole from two top mathematicians’ answer sheets). Anthropic’s models have also hacked into other companies’ systems four times already. And that’s only what we’ve caught so far.
Freaking out? You’re not alone. AI lab researchers are quitting their jobs and issuing dire warnings that if we keep going this way, AI might eventually kill us all. Bill Gates is sounding the alarm. Bernie Sanders has teamed up with Steve Bannon, of all people, to call for curbs on AI. Anthropic CEO Dario Amodei is urging a slowdown, and other top US AI executives agree. But fear not: President Trump has a plan. He says the only guardrail AI needs is “a STRONG AND SMART (High IQ!) PRESIDENT.”
Deep Dive
Artificial intelligence
A fundamental flaw leaves LLMs strikingly vulnerable to attack
It makes it easy to trick them into doing things they shouldn’t, such as telling you how to sabotage an aircraft’s navigation system.
AI’s recursive self-improvement might not come so quickly after all
AI agents are not yet creative enough to carry out genuinely innovative open-ended AI research, it seems.
Here’s why AI agents lie and cheat to reach their goals
The misbehavior is called reward hacking. This is what you need to know.
These startups are chasing the next big thing in LLMs
Meet the new kids nipping at the heels of the AI giants.
Stay connected
Get the latest updates from
MIT Technology Review
Discover special offers, top stories, upcoming events, and more.",full,,trafilatura_full_text,,https://www.technologyreview.com/2026/09/23/1144940/ai-hype-index-ai-loves-cheating/,MIT Technology Review,综合科技,无,2026-09-24T00:23:24+00:00,未分类,,,[],unclassified,2026-09-24T00:53:11.191520+00:00,glm-5.2,2026-09-10,
Smart glasses are already causing havoc in India,2026-09-23,"EXECUTIVE SUMMARY
Shubnam was packing boxes for a move into a new home when their friend sent them an Instagram video. The footage had only been up for a few hours, but it was days old, recorded at a Delhi protest this spring against a bill that would have narrowed the legal recognition for transgender people in India.
There, a content creator known for rage-bait videos had approached Shubnam, a 38-year-old transfeminine graphic designer and educator. Shubnam, who uses a single chosen name, was dressed in a green sari with a shaved head, and the creator asked why they were wearing “female clothing.” Shubnam told him to back off. Only when the video arrived did they realize he had recorded the exchange on Meta smart glasses, styled to look like ordinary Wayfarers.
Edited into a mocking reel, the footage drew millions of views, along with transphobic abuse, reaction videos, and AI-generated memes. It spread from Instagram to X and YouTube. Copies remain online today.
For Shubnam, the video has caused huge harm. “All it took was one unconsented video to rewind two decades of progress that I made all on my own,” they told
MIT Technology Review
. “For a moment, it felt like this entire adult life I had lived was just a long lucid dream, and I was going to wake up as that clueless queer child again.” They haven’t worn a sari outside their neighborhood since.
Experts warn that many others will experience similar ordeals as smart glasses go mainstream. And they say privacy problems are becoming especially acute in India, where covert recording and the circulation of images without consent are already pervasive.
of cyberstalking, sextortion, deepfakes, and other forms of online abuse are growing in the country. And the chances of a crackdown on technologies such as smart glasses are slim, given that Indian law enforcement authorities are themselves increasingly adopting AI-powered surveillance tools, including facial recognition systems and their own AI-enabled smart glasses.
An unequal burden
Smart glasses are among the fastest-growing devices in India’s wearables market, according to the
International Data Corporation
, a research firm. And Reliance Jio, one of the country’s largest telecommunications companies, says that later this year it’s
launch a sub-$105 rival to Meta’s glasses, the latest model of which have a $420 price tag in India.
The core privacy issue is that these cameras don’t look like cameras, so targets may not notice they’re being recorded. Yet Meta rejects the idea that it’s responsible for protecting people from intrusions, says Janusz Świerczyński, an Oxford Saïd Business School researcher who studies privacy and emerging technology.
“More and more, the expectation is being placed on bystanders to look out for themselves,” he says. That means it’s up to them to spot a small LED in the glasses frames that activates when recording is in progress. Meta also relies on wearers to behave responsibly, says Świerczyński. Reliance Jio did not respond to our request for comment on privacy issues related to its upcoming glasses.
Creators have already demonstrated ways to circumvent the recording light on Meta’s glasses. Tutorials show users how to cover or otherwise obscure the LED while continuing to record. Back in March,
documented a market for “stealth mode” modifications that physically disable the light or remove it entirely.
All that makes covert recording easier, and the risks are not borne equally. Świerczyński says women and other marginalized groups face greater harm when inconspicuous devices capture and circulate footage without consent—as happened to Shubnam.
The bigger problem, however, is that in India smart glasses aren’t just being used to turn ordinary people into targets of viral “pranks.” They’re also being adopted as a tool of police surveillance.
In June, when thousands of young demonstrators gathered to protest problems with the country’s education system, Delhi police used
Meta smart glasses
to record them. In fact, a petition filed by former Jawaharlal Nehru University Students’ Union president Aishe Ghosh before the Delhi High Court alleged that police had filmed protesters continuously for weeks, including while they were eating and resting. It also alleged that the police had threatened to send footage of student demonstrators to their parents and colleges.
In July, India’s solicitor general dismissed the case in court as “
luxury litigation.
” Instead of investigating the students’ complaints, police turned on the students themselves,
opening 10 criminal investigations
for offenses including rioting, assault on public servants, and damage to public property. Some of the protesters, who spoke to
MIT Technology Review
on condition of anonymity, say they never saw the LED on the Meta AI glasses police wore during the demonstrations.
Filming without consent
Meta maintains that its safeguard works. The company told
MIT Technology Review
, “Every pair has a capture LED that blinks when you take a photo or video that you can save or share; it can’t be turned off, and if someone covers or damages the LED, the camera is disabled.” The company also says users are responsible for complying with the law and respecting people’s privacy.
That approach is risky, especially in India, where norms around filming and consent are still highly disputed and digital literacy is still uneven, says Sameer Parmar, a counselor at Meri Trustline, a safety partner working with Meta and YouTube to support people harmed by online content.
“The hardware is improving, but the country’s weak understanding of consent gives an invisible camera far more room to cause harm,” he says. Simply being in a public place is often treated as implicit consent to be photographed or filmed. He says the help line has been seeing an uptick in cases involving covert recording and nonconsensual footage.
“Violations of this access have increased significantly and are expected to rise further in India,” he says. People are recorded in medical settings, during private encounters, and in public spaces. Those with less power to object are particularly vulnerable, he adds.
“It’s either trolling or it’s playing pranks on them and then recording them” he says. Abusers “do target people who are a little more unaware or susceptible to how this technology-facilitated harm works.”
The law in India has not caught up with this new kind of harm, says Apar Gupta, a lawyer and founder-director of the Internet Freedom Foundation. “India’s laws against voyeurism and the sharing of intimate images were designed largely around more recognizable forms of abuse,” he says, citing offenses such as secretly filming someone undressing, using a toilet, or engaged in a sexual act. “[The laws] offer limited protection when someone is secretly filmed in an ordinary public setting and the footage is then used to humiliate them,” he says.
Social media platforms’ rules do offer another route to removing harmful content filmed with smart glasses, but it’s not an immediate remedy. “Under India’s current rules, platforms can have up to 36 hours to act on certain complaints—a window that can be long enough for a video to be downloaded, copied, and circulated elsewhere,” he says.
The problem of filming without consent seems set to grow. According to the
Financial Times
, some internal prototypes of new Meta glasses include AI features that continuously photograph and listen to the wearer’s surroundings, enabling the glasses to later recall what they saw or heard. These functions wouldn’t activate the external recording indicator, making it impossible for bystanders to know when information about them is being collected.
Meta told us it intends to keep the LED for active capture, such as taking photos or recording video, but not for AI features that interpret the wearer’s surroundings. Its argument is that a constantly blinking light could eventually become so commonplace that people stop noticing it.
But that logic risks putting society in a perpetual game of catch-up, says Woodrow Hartzog, a professor of law at Boston University. “Tech companies have an incredible ability to push these tools out faster than society can meaningfully acclimate to the threat,” he says. “By the time society catches up, there’s already a degree of normalization.”
For Shubnam, the danger is not just that people may become accustomed to being recorded. It is that they will become accustomed to seeing versions of themselves that they never chose to put out into the world.
“Being comprehended along the lines of a narrative that I didn’t compose or consent to—that imposed recognition makes you feel like you’re powerless in how people know you,” they say.
Deep Dive
God told them to sell crypto. Their investors lost everything.
A pastor and his wife created a cryptocurrency and hawked it in Christian communities. When it came crashing down, investors lost millions―and they were accused of fraud.
Katia Savchuk
archive page
Child-monitoring apps might need a reboot
Monitoring apps promise to keep young people safer online, but looking in on kids’ phones can backfire. Online safety experts say there’s a better way.
Kelly Clancy
archive page
How we picked 35 of the world’s top young scientists and engineers
Our 2026 Innovators Under 35 list will be out soon. Here’s what we looked for as we sifted through 550 nominations from around the world.
Amy Nordrum
archive page
Mother tongue
A story about erasure
Jenny Williams
archive page
Stay connected
Get the latest updates from
MIT Technology Review
Discover special offers, top stories,
upcoming events, and more.",full,,dom_or_structured_full_text,,https://www.technologyreview.com/2026/09/23/1144953/smart-glasses-havoc-india/,MIT Technology Review,综合科技,无,2026-09-24T00:23:26+00:00,未分类,,,[],unclassified,2026-09-24T00:53:11.191520+00:00,glm-5.2,2026-09-10,
Hohe internationale Auszeichnung für Prof. Dr.-Ing. Mario Pacas,2026-09-23,"Hohe internationale Auszeichnung für Prof. Dr.-Ing. Mario Pacas
Hinweis zur Verwendung von Bildmaterial: Die Verwendung des Bildmaterials zur Pressemitteilung ist bei Nennung der Quelle vergütungsfrei gestattet. Das Bildmaterial darf nur in Zusammenhang mit dem Inhalt dieser Pressemitteilung verwendet werden. Falls Sie das Bild in höherer Auflösung benötigen oder Rückfragen zur Weiterverwendung haben, wenden Sie sich bitte direkt an die Pressestelle, die es veröffentlicht hat.
Prof. Dr.-Ing. Mario Pacas, Professor für Elektrotechnik an der Universität Siegen, verband Forschung und Lehre stets mit einem ausgeprägten internationalen Engagement.
| Copyright:
Universität
Download
Der Siegener Professor im Ruhestand Prof. Dr.-Ing. Mario Pacas erhält eine der wichtigsten Auszeichnungen der IEEE Power Electronics Society (PELS). Gewürdigt werden seine langjährigen Verdienste um die internationale Zusammenarbeit sowie sein Einsatz für die stärkere Präsenz der Fachgesellschaft in Europa und Lateinamerika.
Für seine Verdienste ist Prof. Dr.-Ing. Mario Pacas mit dem „Harry A. Owen, Jr. Distinguished Service Award“ ausgezeichnet worden. Die Ehrung wurde er von der internationalen Fachgesellschaft für Leistungselektronik IEEE-PELS (IEEE Power Electronics Society) vorgenommen. IEEE ist eine der bedeutendsten Organisationen für Fachleute aus Elektrotechnik, Elektronik, Informatik und verwandten technischen Disziplinen. Sie bringt Forschende, Ingenieurinnen und Ingenieure sowie Fachleute aus Hochschulen und Industrie zusammen und fördert den Austausch über neue Technologien und Forschungsergebnisse. PELS ist die Fachgesellschaft innerhalb von IEEE, die sich den Themen der Leistungselektronik widmet. Pacas war über viele Jahre in verschiedenen Funktionen für die Fachgesellschaft tätig und setzte sich dabei für ihre internationale Vernetzung ein.
Pacas war von 1996 bis 2024 Professor für Elektrotechnik an der Universität Siegen und Inhaber des Lehrstuhls für Leistungselektronik und elektrische Antriebe. Er verband Forschung und Lehre stets mit einem ausgeprägten internationalen Engagement. Die Auszeichnung würdigt sein Wirken für die Fachgesellschaft und die Weiterentwicklung der Leistungselektronik. Zugleich unterstreicht sie die internationale Sichtbarkeit der Arbeit, die Pacas während seiner Tätigkeit an der Universität Siegen geleistet hat.
Seine berufliche Laufbahn begann Pacas nach dem Studium der Elektrotechnik an der Universität Karlsruhe und der Promotion im Jahr 1985 in der Industrie. Von 1985 bis 1996 arbeitete er bei BBC/ABB in der Schweiz und in Deutschland in verschiedenen Forschungs-, Entwicklungs- und Leitungsfunktionen. Dabei sammelte er umfangreiche Erfahrungen in internationalen Projekten. Unter anderem war er für die Entwicklung von Servoantrieben verantwortlich.
Heute ist der emeritierte Professor weiterhin als unabhängiger Berater in den Bereichen Leistungselektronik, elektrische Antriebe und Automatisierung tätig. Er ist außerdem Mitglied vom Wissenschaftlichen Beirat (Editorial Board) renommierter Fachzeitschriften auf dem Gebiet der Elektrotechnik.
Ähnliche Pressemitteilungen im idw",full,,dom_or_structured_full_text,,https://nachrichten.idw-online.de/2026/09/23/hohe-internationale-auszeichnung-fuer-prof-dr-ing-mario-pacas,Informationsdienst Wissenschaft-idw,综合科技,无,2026-09-24T00:23:31+00:00,未分类,,,[],unclassified,2026-09-24T00:53:11.191520+00:00,glm-5.2,2026-09-10,
Braunschweiger Brandschutz-Tage: Vier Jahrzehnte für mehr Sicherheit,2026-09-23,"Braunschweiger Brandschutz-Tage: Vier Jahrzehnte für mehr Sicherheit
Hinweis zur Verwendung von Bildmaterial: Die Verwendung des Bildmaterials zur Pressemitteilung ist bei Nennung der Quelle vergütungsfrei gestattet. Das Bildmaterial darf nur in Zusammenhang mit dem Inhalt dieser Pressemitteilung verwendet werden. Falls Sie das Bild in höherer Auflösung benötigen oder Rückfragen zur Weiterverwendung haben, wenden Sie sich bitte direkt an die Pressestelle, die es veröffentlicht hat.
Im Zentrum für Brandforschung der TU Braunschweig untersuchen die Forschenden auch das Feuerwiderstandsverhalten von Bauteilen. Hier ist der Brand einer Holz-Stahl-Verbunddecke zu sehen.
| Quelle:
iBMB/TU Braunschweig
Download
Hinweis zur Verwendung von Bildmaterial: Die Verwendung des Bildmaterials zur Pressemitteilung ist bei Nennung der Quelle vergütungsfrei gestattet. Das Bildmaterial darf nur in Zusammenhang mit dem Inhalt dieser Pressemitteilung verwendet werden. Falls Sie das Bild in höherer Auflösung benötigen oder Rückfragen zur Weiterverwendung haben, wenden Sie sich bitte direkt an die Pressestelle, die es veröffentlicht hat.
Professor Jochen Zehfuß.
| Quelle:
iBMB/TU Braunschweig
Download
Brände verhindern, Risiken erkennen und Leben schützen: Bereits seit 1987 treffen sich in Braunschweig Fachleute, die sich dieser anspruchsvollen Aufgabe verschrieben haben. Zum 40. Jubiläum der Braunschweiger Brandschutz-Tage kommen vom 30. September bis 1. Oktober 2026 im Audimax der Technischen Universität Braunschweig erneut Expert*innen aus Wissenschaft, Behörden und Praxis – darunter Feuerwehren, Ingenieurbüros und Versicherungen – zusammen, um über aktuelle Entwicklungen eines sich wandelnden Bauwesens zu diskutieren. Ein Schwerpunkt liegt in diesem Jahr auf Lösungen für Bestandsgebäude und deren Umnutzung sowie neuen Brandschutzvorschriften.
„Sicherheit ist eine zentrale gesellschaftliche Aufgabe und wissenschaftliche Erkenntnisse sind eine wichtige Grundlage, um sie zu gewährleisten. Die Braunschweiger Brandschutz-Tage leisten seit vier Jahrzehnten einen wertvollen Beitrag dazu. Dieses Jubiläum steht für eine Erfolgsgeschichte, auf die wir als Universität sehr stolz sind“, sagt die Präsidentin der TU Braunschweig, Professorin Angela Ittel.
„Guter Brandschutz schützt Leben – und er muss zugleich mit den Veränderungen beim Bauen Schritt halten. Wenn wir bestehende Gebäude anders nutzen, mehr mit Holz bauen oder neue Energie- und Gebäudetechnik einsetzen, brauchen wir Lösungen, die Sicherheit und Innovation zusammenbringen. Genau dafür ist der Austausch zwischen Wissenschaft, Behörden und Praxis so wichtig. Die Braunschweiger Brandschutz-Tage leisten diesen Wissenstransfer seit 40 Jahren. Das ist eine beeindruckende Erfolgsgeschichte aus Niedersachsen mit Wirkung weit über die Landesgrenzen hinaus“, sagt Niedersachsens Wirtschafts- und Bauminister Grant Hendrik Tonne.
Von der Forschung in die Praxis
Als 1987 die erste Tagung unter Leitung von Professor Dietmar Hosser stattfand, war Brandschutz noch keine eigenständige Fachdisziplin und die ersten Brandschutzbüros waren gerade in Gründung. Der verheerende Brand am Düsseldorfer Flughafen im Jahr 1996, bei dem 17 Menschen starben, war eine Zäsur. Seitdem hat sich der Brandschutz erheblich professionalisiert. So kamen unter anderem neue Regelungen zu Rauchmeldern, Sprinkleranlagen und Rettungswegen hinzu. Heute stellen nachhaltige Baustoffe, innovative Energietechnik, intelligente Gebäudesysteme und veränderte Nutzungen die Fachleute vor neue Aufgaben.
„Ein Markenzeichen der Braunschweiger Brandschutz-Tage war schon damals – und ist es bis heute geblieben – Inhalte aus der Forschung in die Praxis zu übertragen,“ sagt Professor Jochen Zehfuß, wissenschaftlicher Tagungsleiter und Leiter des Fachgebiets Brandschutz im Institut für Baustoffe, Massivbau und Brandschutz (iBMB) der TU Braunschweig. „Die vergangenen 40 Jahre haben gezeigt, wie wichtig dieser ständige Austausch für die Weiterentwicklung des Brandschutzes ist.“
Die Rekonstruktion der Brandkatastrophe in Crans-Montana
Neben dem Rückblick auf vier Jahrzehnte vorbeugenden Brandschutz stehen in diesem Jahr der Holzbau sowie Bestandsgebäude und deren Umnutzung im Zentrum der Tagung. So werden Brandschutzlösungen und -konzepte am Beispiel der Allianz Arena, einer zur Kulturstätte umgenutzten ehemaligen Werft in Lübeck und des großen ehemaligen Verlagsgebäudes am Baumwall in Hamburg vorgestellt.
Ein besonders eindrücklicher Programmpunkt widmet sich der Brandkatastrophe im schweizerischen Crans-Montana in der Silvesternacht 2025. In einem Vortrag wird das Ereignis rekonstruiert und die Untersuchungen zum Brandverlauf vorgestellt. „Hier wird gezeigt, welche verheerenden Auswirkungen es haben kann, wenn Vorschriften nicht eingehalten werden“, so Professor Zehfuß.
Darüber hinaus präsentieren Expert*innen Erkenntnisse darüber, wann Fehlalarme auftreten und wie diese vermieden werden können. Ein weiteres Thema sind die Wechselwirkungen von PV- und Rauchabzugsanlagen sowie wichtige Neuerungen im Vorschriftenbereich.
Einen weiteren Höhepunkt bildet die Verleihung des bundesweit einmaligen Brandschutz-Nachwuchspreises für herausragende studentische Arbeiten am 30. September.
Über die Brandschutz-Tage
Die „Braunschweiger Brandschutz-Tage“ zählen zu den bedeutendsten Brandschutz-Fachtagungen im deutschsprachigen Raum. Rund 500 im Brandschutz tätige Ingenieur*innen aus Bauaufsichtsbehörden, Feuerwehren, Versicherungen, Ingenieurbüros, Industrie, Prüfanstalten und Forschungseinrichtungen kommen auf Einladung des Instituts für Baustoffe, Massivbau und Brandschutz der TU Braunschweig einmal im Jahr zum Informations- und Gedankenaustausch zusammen.
Weitere Informationen:
https://www.brandschutztage.info
Weitere Informationen zu den Brandschutz-Tagen und das komplette Programm
https://magazin.tu-braunschweig.de/m-post/die-brand-katastrophe-am-duesseldorfer-flughafen-war-eine-zaesur/
Interview mit Professor Jochen Zehfuß: „Die Brand-Katastrophe am Düsseldorfer Flughafen war eine Zäsur“
Ähnliche Pressemitteilungen im idw",full,,dom_or_structured_full_text,,https://nachrichten.idw-online.de/2026/09/23/braunschweiger-brandschutz-tage-vier-jahrzehnte-fuer-mehr-sicherheit,Informationsdienst Wissenschaft-idw,综合科技,无,2026-09-24T00:23:33+00:00,未分类,,,[],unclassified,2026-09-24T00:53:11.191520+00:00,glm-5.2,2026-09-10,
Fraunhofer LBF auf der FAKUMA 2026: „Vom Molekül bis zum Bauteil“,2026-09-23,"Fraunhofer LBF auf der FAKUMA 2026: „Vom Molekül bis zum Bauteil“
Hinweis zur Verwendung von Bildmaterial: Die Verwendung des Bildmaterials zur Pressemitteilung ist bei Nennung der Quelle vergütungsfrei gestattet. Das Bildmaterial darf nur in Zusammenhang mit dem Inhalt dieser Pressemitteilung verwendet werden. Falls Sie das Bild in höherer Auflösung benötigen oder Rückfragen zur Weiterverwendung haben, wenden Sie sich bitte direkt an die Pressestelle, die es veröffentlicht hat.
Design for Recycling: »Circulus«, das innovative Leichtbau-Batteriegehäuse für ein Elektrofahrzeug.
| Quelle:
Ursula Raapke
| Copyright:
Fraunhofer LBF
Download
Wie lassen sich Kunststoffprodukte nachhaltiger, verarbeitungsstabiler und langlebiger entwickeln – auch bei steigenden Rezyklatanteilen und anspruchsvollen Einsatzbedingungen? Antworten darauf zeigt das Fraunhofer-Institut für Betriebsfestigkeit und Systemzuverlässigkeit LBF vom 12. bis 16. Oktober 2026 auf der FAKUMA in Friedrichshafen. Das Institut ist am Gemeinschaftsstand des TecPart – Verband Technischer Kunststoff-Produkte e. V. in Halle A5, Stand A5-5106, vertreten und bietet individuelle Beratung am Messestand an.
Unter dem Leitgedanken „Vom Molekül bis zum Bauteil“ präsentiert das Fraunhofer LBF sein Leistungsangebot entlang der gesamten Entwicklungskette technischer Kunststoffprodukte. Besucherinnen und Besucher erfahren, wie sie Material- und Verarbeitungsrisiken frühzeitig erkennen, Entwicklungszeiten verkürzen und die Zuverlässigkeit ihrer Bauteile absichern können. Im Mittelpunkt stehen insbesondere Lösungen für die Optimierung von Kunststoffformulierungen, den Einsatz und die Stabilisierung von Rezyklaten, Closed-Loop-Recycling sowie die Auslegung und Bewertung langlebiger Kunststoffbauteile.
Am Stand können Unternehmen ihre konkreten Entwicklungsfragestellungen mit den Expertinnen und Experten des Fraunhofer LBF besprechen – von schwankenden Rezyklatqualitäten über anspruchsvolle Flammschutzanforderungen bis zur Betriebsfestigkeit hochbelasteter Bauteile.
Kompetenzen entlang der gesamten Entwicklungskette
Kunststoffentwicklungen stellen Unternehmen heute vor mehrere parallelen Herausforderungen: Nachhaltigkeitsziele und Rezyklateinsatz müssen mit hohen Anforderungen an Verarbeitung, mechanische Eigenschaften, Sicherheit und Lebensdauer vereinbart werden. Das Fraunhofer LBF unterstützt Unternehmen dabei, diese Zielkonflikte systematisch zu lösen.
Das Leistungsangebot reicht von der Materialanalytik und Materialauswahl über die additivgestützte Formulierungsentwicklung und die Bewertung der Verarbeitbarkeit bis hin zu Simulationen, Alterungsuntersuchungen, Langzeitprüfungen und Betriebsfestigkeitsanalysen am Bauteil. Dadurch können Material, Fertigungsprozess und Bauteildesign gezielt aufeinander abgestimmt werden.
Für Besucherinnen und Besucher der FAKUMA bedeutet das: Sie erhalten am Stand einen direkten Einblick, wie das Fraunhofer LBF Entwicklungsprojekte begleitet und wie sich Risiken bereits in frühen Phasen der Produktentwicklung reduzieren lassen. Das hilft, aufwendige Iterationsschleifen, kostenintensive Nachentwicklungen und spätere Ausfälle im Einsatz zu vermeiden.
Exponat „Circulus“: Recyclinggerecht entwickeln und Bauteile zuverlässig absichern
Als Exponat zeigt das Fraunhofer LBF den Batteriekasten „Circulus“. An diesem Beispiel werden die Kompetenzen des Instituts für die Entwicklung leistungsfähiger, langlebiger und recyclinggerechter Kunststoffbauteile anschaulich sichtbar. Der Batteriekasten verdeutlicht, wie sich Anforderungen aus Werkstoffauswahl, Konstruktion, Verarbeitung, Sicherheit, Belastbarkeit und Kreislauffähigkeit frühzeitig zusammenführen lassen. Das Fraunhofer LBF unterstützt dabei unter anderem bei der werkstofflichen Auslegung, der Auswahl geeigneter Additive, der Optimierung von Verarbeitungsparametern sowie bei der Bewertung der Bauteileigenschaften unter realitätsnahen thermischen und mechanischen Belastungen.
Besucher können am Exponat diskutieren, welche Strategien für ihre eigenen Anwendungen geeignet sind – etwa für Strukturbauteile, Gehäuse, Elektronikkomponenten, Fahrzeuganwendungen oder Produkte mit hohen Anforderungen an Lebensdauer und Wiederverwertbarkeit.
Schnellere Formulierungsentwicklung – besonders für Rezyklate
Ein Schwerpunkt des Messeauftritts liegt auf der effizienten Entwicklung und Optimierung von Kunststoffformulierungen. Gerade bei Rezyklaten sind Materialeigenschaften häufig chargenabhängig und unterliegen Schwankungen. Das kann die Verarbeitung erschweren, die Bauteilqualität beeinträchtigen und zu erhöhtem Prüf- und Entwicklungsaufwand führen.
Mit Mikro- und Miniextrudern kann das Fraunhofer LBF zahlreiche Rezepturen bereits im Grammmaßstab schnell untersuchen und bewerten. Unternehmen profitieren davon, dass vielversprechende Material- und Additivkombinationen früh identifiziert werden können, bevor umfangreiche Versuche auf produktionsnahen Anlagen notwendig werden. Das spart Material, Zeit und Kosten.
Für die gezielte Optimierung nutzt das Institut zudem Online-Rheometrie. Dabei werden Scher- und Dehnviskosität parallel erfasst. Dadurch lässt sich präzise bewerten, wie Additive, Materialzustand und Verarbeitungsbedingungen zusammenwirken. Unternehmen erhalten belastbare Daten, um geeignete Rezepturen und Prozessfenster für ihre Anwendungen festzulegen.
In Verbindung mit KI-gestützten Systemen eröffnet dieser Ansatz Perspektiven für eine chargenangepasste Formulierungsentwicklung in Echtzeit. Insbesondere Verarbeiter und Hersteller, die Rezyklate mit schwankender Qualität einsetzen, können so gezielter auf Materialschwankungen reagieren und eine gleichbleibende Bauteilqualität absichern.
Das Fraunhofer LBF entwickelt unter anderem Lösungen für:
• die Nachstabilisierung von Rezyklaten,
• Formulierungen mit Antioxidantien,
• PFAS-freie Verarbeitungshilfsmittel,
• Kettenverlängerer zur Kompensation von Molekulargewichtsverlusten,
• Abbauadditive sowie
• die gezielte Anpassung von Verarbeitung und Bauteileigenschaften.
Closed-Loop-Recycling für flammgeschützte Kunststoffe
Ein weiteres zentrales Thema am Stand ist das Recycling flammgeschützter Kunststoffe. Diese Materialien werden beispielsweise in Elektronik- und Elektroanwendungen, Fahrzeugen, Kabeln und Bauprodukten eingesetzt. Mit zunehmendem Rezyklateinsatz wächst jedoch die Herausforderung, Flammschutzwirkung, mechanische Eigenschaften und Verarbeitbarkeit auch nach mehrfacher Verarbeitung zuverlässig zu erhalten. Das Fraunhofer LBF untersucht hierfür unter anderem sogenannte Repair-Additive. Sie können dazu beitragen, Molekulargewichtsverluste und damit verbundene Eigenschaftseinbußen auszugleichen. Ziel ist es, Kunststoffkreisläufe zu schließen und gleichzeitig die hohen Anforderungen an Sicherheit, Qualität und Funktion zu erfüllen.
Die Erkenntnisse fließen unter anderem in das Projekt „HFFR-Up2Cycle – Geschlossene Kreislauflösungen für flammgeschützte Kunststoffe“ ein. Gemeinsam mit der Pinfa entwickelt das Fraunhofer LBF Strategien für Closed-Loop-Recycling in E/E-, Automobil- und Kabelanwendungen.
Für Unternehmen lohnt sich der Besuch am Stand insbesondere dann, wenn sie:
• den Rezyklatanteil in flammgeschützten Produkten erhöhen möchten,
• die Stabilität und Leistungsfähigkeit wiederverarbeiteter Kunststoffe absichern müssen,
• geeignete Additivierungsstrategien suchen oder
• belastbare Prüf- und Bewertungsmethoden für ihre Recyclingmaterialien benötigen.
Fundierte Bauteilbewertung und Design for Recycling
Nachhaltige Kunststoffentwicklung endet nicht bei der Materialformulierung. Entscheidend ist, wie sich ein Werkstoff im fertigen Bauteil unter realen Einsatzbedingungen verhält. Das Fraunhofer LBF begleitet Unternehmen deshalb von der Werkstoffebene bis zur Bauteilvalidierung.
Eine umfangreiche Schwingfestigkeitsdatenbank für thermoplastische Kunststoffe unterstützt die frühzeitige und fundierte Bewertung von Bauteilen. Sie berücksichtigt unter anderem den Einfluss von Material, Herstellverfahren, Geometrie, Temperatur und Belastung auf das Ermüdungsverhalten. Damit lassen sich Auslegungen bereits in frühen Entwicklungsphasen absichern und kritische Belastungsszenarien gezielt untersuchen.
Durch die Kombination aus Werkstoffkompetenz, Simulation, experimenteller Prüfung und Betriebsfestigkeitsbewertung können Unternehmen Entwicklungsrisiken reduzieren, Bauteile materialeffizienter auslegen und die Lebensdauer ihrer Produkte verbessern. Gleichzeitig unterstützt das Fraunhofer LBF bei Fragestellungen rund um Design for Recycling – also der Entwicklung von Bauteilen, die bereits konstruktiv auf eine möglichst hochwertige Wiederverwertung ausgerichtet sind.
Austausch zu individuellen Entwicklungsfragen am Messestand
Das Fraunhofer LBF lädt Fachbesucherinnen und Fachbesucher ein, am Stand konkrete Fragestellungen aus der Produktentwicklung zu diskutieren. Im Fokus stehen unter anderem:
• nachhaltige und verarbeitungsstabile Kunststoffformulierungen,
• Rezyklatqualität und Chargenschwankungen,
• Additivierung und Nachstabilisierung,
• PFAS-freie Verarbeitungslösungen,
• Recycling flammgeschützter Kunststoffe,
• Betriebsfestigkeit und Langzeitverhalten von Kunststoffbauteilen sowie
• Designstrategien für langlebige und recyclinggerechte Produkte.
Ansprechpartner am Stand
• Dr. Elke Metzsch-Zilligen, Division Director Research and Development
• Dr. Michael Großhauser, Central Project Acquisition
Weitere Informationen:
https://www.lbf.fraunhofer.de/de/leistungen/sustainability-und-circularity.html?utm_campaign=pi-fakuma
Mehr Informationen
Ähnliche Pressemitteilungen im idw",full,,dom_or_structured_full_text,,https://nachrichten.idw-online.de/2026/09/23/fraunhofer-lbf-auf-der-fakuma-2026-vom-molekuel-bis-zum-bauteil,Informationsdienst Wissenschaft-idw,综合科技,无,2026-09-24T00:23:36+00:00,零碳产业 > 物质循环 > 资源加工 > 有机物 > 大宗化工产品 > 塑料,零碳产业,塑料,"[{""path"":[""零碳产业"",""物质循环"",""资源加工"",""有机物"",""大宗化工产品"",""塑料""],""path_text"":""零碳产业 > 物质循环 > 资源加工 > 有机物 > 大宗化工产品 > 塑料"",""confidence"":0.9,""reason"":""核心是可持续塑料产品开发与回收设计""},{""path"":[""零碳产业"",""物质循环"",""资源回收利用与排放治理"",""物质回收""],""path_text"":""零碳产业 > 物质循环 > 资源回收利用与排放治理 > 物质回收"",""confidence"":0.7,""reason"":""强调提升再生物料含量和可回收设计""}]",classified,2026-09-24T00:53:20.113120+00:00,glm-5.2,2026-09-10,
"Schlank wie Stahlbeton, aber deutlich nachhaltiger: Holzbasierte Geschossdecke überzeugt im Belastungstest",2026-09-23,"Schlank wie Stahlbeton, aber deutlich nachhaltiger: Holzbasierte Geschossdecke überzeugt im Belastungstest
Hinweis zur Verwendung von Bildmaterial: Die Verwendung des Bildmaterials zur Pressemitteilung ist bei Nennung der Quelle vergütungsfrei gestattet. Das Bildmaterial darf nur in Zusammenhang mit dem Inhalt dieser Pressemitteilung verwendet werden. Falls Sie das Bild in höherer Auflösung benötigen oder Rückfragen zur Weiterverwendung haben, wenden Sie sich bitte direkt an die Pressestelle, die es veröffentlicht hat.
Einfach vorfertigbare Brettschichtholzsegmente sorgen bei dem neuen Deckensystem für Kosteneffizienz.
| Copyright:
Universität Stuttgart / ICD/ITKE/IntCDC
Download
Hinweis zur Verwendung von Bildmaterial: Die Verwendung des Bildmaterials zur Pressemitteilung ist bei Nennung der Quelle vergütungsfrei gestattet. Das Bildmaterial darf nur in Zusammenhang mit dem Inhalt dieser Pressemitteilung verwendet werden. Falls Sie das Bild in höherer Auflösung benötigen oder Rückfragen zur Weiterverwendung haben, wenden Sie sich bitte direkt an die Pressestelle, die es veröffentlicht hat.
Belastungstest des UniversalTimberSlab Demonstrators mit 20 Tonnen Gewicht vor Besucher*innen des Future Cleantech Festivals in Remscheid.
| Copyright:
Universität Stuttgart / ICD/ITKE/IntCDC
Download
Forschende der Universität Stuttgart haben ein kompaktes, flexibles und wirtschaftliches Deckensystem für den mehrgeschossigen Holzbau getestet. Der „UniversalTimberSlab“ soll bald im „Zukunftsforum“ in Oberkochen verbaut werden.
Geschossdecken aus Stahl und Beton verursachen rund 40 Prozent der grauen Emissionen von Gebäuden. Für komplexe, mehrgeschossige Gebäude fehlte bisher jedoch eine praxistaugliche Alternative. Mit einem Baudemonstrator haben Forschende der Universität Stuttgart jetzt erstmals gezeigt, wie Geschossdecken nachhaltig aus einem neuartigen Holz-Beton-Verbund System gebaut werden können.
Der Demonstrator, der im Juni im Rahmen des Future Cleantech Festivals in Remscheid getestet wurde, zeigt „UniversalTimberSlab“ – die erste punktgestützte, mehrachsig weit spannende Flachdecke in Holz-Beton-Verbundbauweise. „Mit UniversalTimberSlab wollen wir den mehrgeschossigen Holz-Beton-Verbundbau deutlich flexibler, leistungs- und anpassungsfähiger machen. Der Demonstrator ist das Ergebnis mehrjähriger Forschung an der Universität Stuttgart und beruht auf innovativen digitalen Planungs- und Fertigungsmethoden“, sagt Professor Achim Menges, Leiter des Instituts für Computerbasiertes Entwerfen und Baufertigung (ICD) und Sprecher des Exzellenzcluster Integratives computerbasiertes Planen und Bauen für eine transformative Architektur (IntCDC).
Eine holzbasierte Decke für mehrgeschossige Gebäude mit Mischnutzung
„UniversalTimberSlab“ ist schlank und leistungsfähig wie eine Stahlbetondecke, aber deutlich nachhaltiger. Das System setzt auf den nachwachsenden Rohstoff Holz, eine materialeffiziente Konstruktion und zirkuläres Design.
Im Vergleich zu herkömmlichen Holzdeckensystemen, die bei größeren und zweiachsigen Spannweiten Unterzüge benötigen, spart „UniversalTimberSlab“ 30 bis 70 Zentimeter Konstruktionshöhe ein – ein wichtiger Kostenvorteil: Bei gleicher Raumhöhe können in einem Gebäude mehr Geschosse untergebracht werden und die Fassadenfläche reduziert sich um bis zu 20 Prozent.
„UniversalTimberSlab“ setzt zudem völlig neue Maßstäbe für gestalterische Möglichkeiten im Holzbau. Das System ist punktgestützt, das bedeutet, die Lasten des Gebäudes werden über Stützen abgetragen, die in größerem Abstand zueinander aufgestellt sind. Tragende Zwischenwände werden nicht benötigt, Wände lassen sich je nach Bedarf frei anordnen. In Gebäuden mit Mischnutzung lassen sich so unterschiedliche Raumaufteilungen für Handel, Gastronomie, Büros und Wohnungen flexibel realisieren. Zudem können Flächen später ohne große Mühe umgeplant werden, falls eine Umnutzung des Gebäudes ansteht. Die Decke könnte damit zur weiteren Verbreitung des innerstädtischen Holzbaus beitragen.
Die Gamechanger: Neue Deckensegmentierung, digitale Planungsmethoden
Im Holzbau werden große Deckenflächen in einzelne Elemente gegliedert. Während diese Elemente bisher aus technischen Gründen gleichmäßig angeordnet werden mussten, können mit dem „UniversalTimberSlab“ System nun auch komplexe und unregelmäßige Deckengeometrien realisiert werden. Das Prinzip beruht auf einer neuen, zum Patent angemeldeten Segmentierungsmethodik. Einfach vorfertigbare Brettschichtholzsegmente mit geraden Lamellen sorgen für Kosteneffizienz. Entsprechend dem Kraftverlauf angeordnete Fasern in der Decke optimieren die Tragfähigkeit des Systems.
Im Projekt wurden zudem neue digitale Werkzeuge für den Holzbau entwickelt: In der Planung generieren KI-gestützte Tools detaillierte Modelle für zahlreiche Grundriss- und Gebäudevarianten und unterstützen bei der Entwurfsoptimierung. Verschiebt eine Planerin oder ein Planer zum Beispiel eine Stütze, wird sofort sichtbar, welche Auswirkung dieser Schritt auf Kosten, Deckenhöhe und Nachhaltigkeit hat.
Meilenstein: Erfolgreicher Demonstrator in Remscheid
„Besonders spannend war für uns, den ersten Belastungstest nicht im Labor durchzuführen, sondern vor den rund 200 Besucherinnen und Besuchern des Future Cleantech Festivals in Remscheid. So konnte die für die Baupraxis erforderliche Tragfähigkeit unter realen Bedingungen nachgewiesen werden“, sagt Professor Jan Knippers, Leiter des Instituts für Tragkonstruktionen und Konstruktives Entwerfen (ITKE).
Für den Praxistest realisierte das Team innerhalb von nur drei Monaten einen 9 x 5m großen, vollmaßstäblichen Demonstrator eines zweiachsigen und 8 x 4m weit spannenden Deckenfeldes. Mit nur 36 cm war es so schlank wie eine vergleichbare Stahlbetondecke, benötigte jedoch rund zwei Drittel weniger Stahlbeton.
Im Vorfeld führten die Forschenden computergestützte Berechnungen durch, sogenannte FEM-Simulationen, um zu untersuchen, wie sich die Deckenkonstruktion unter Belastung verformt und schwingt. Im Praxistest wurde der Demonstrator mit insgesamt 20 Tonnen zusätzlich zum Eigengewicht belastetet. So konnte die Tragfähigkeit für einen hoch beanspruchten Bürobau mit Ausbaulasten von 1,4 kN/m² und einer Nutzlast von 3,0 kN/m² getestet werden. Die Messungen bestätigten die Simulationen mit einer maximalen Verformung von nur 12 mm. Zusammen mit einer Eigenfrequenz von über 8 Hz, also acht Schwingungen pro Sekunde, erfüllte die Decke die Ansprüche an Geschoßbauten im Hinblick auf Durchbiegungen und Schwingungen.
Aussicht auf schnellen Technologietransfer: Erstes Pilotprojekt in Planung
Mit dem erfolgreichen Machbarkeitstest haben die Forschenden einen entscheidenden Meilenstein auf dem Weg zur breiten Anwendung des „UniversalTimberSlab“ im mehrgeschossigen Holzbau erreicht. „Das System setzt auf bestehende Fertigungskompetenzen der Holzbauindustrie. Es bietet damit gute Voraussetzungen, nach erfolgreichem Abschluss weiterer Entwicklungsarbeiten rasch in größeren Bauprojekten eingesetzt zu werden“, sagt Hans Jakob Wagner, Gruppenleiter am ICD und Leiter des EIC Pathfinder Projekts „UniversalTimberSlab“.
Das erste Pilot-Gebäude ist bereits in Vorbereitung: Die Stadt Oberkochen im Ostalbkreis plant das „Zukunftsforum“, ein dreigeschossiges, 1.400m² großes Gebäude in der neuartigen „UniversalTimberSlab“-Bauweise. Das Gebäude soll Ausstellungen, Arbeitsflächen, Makerspaces, Werkstätten und Labore beherbergen.
EIC Pathfinder Projekt: „UniversalTimberSlab“
Die Geschoßdecke „UniversalTimberSlab“ wird im Rahmen eines EIC Pathfinder Projekts entwickelt, das vom European Innovation Council im Rahmen von Horizon Europe gefördert wird. beteiligt. „UniversalTimberSlab“ ist Teil des Exzellenzclusters Integratives computerbasiertes Planen und Bauen für eine transformative Architektur (IntCDC). Neben dem ICD sind das Institut für Tragkonstruktionen und Konstruktives Entwerfen (ITKE), das Institut für Akustik und Bauphysik (IABP) und das Institut für Werkstoffe im Bauwesen (IWB) zusammen mit der Materialprüfungsanstalt (MPA) der Universität Stuttgart beteiligt, ebenso das BUILT CoLAB, Porto. Die Deckensegmente des Baudemonstrators wurden vom Industriepartner HASSLACHER Gruppe gefertigt und von Dünschede Holzbau innerhalb von nur zwei Tagen montiert.
Weitere Informationen:
https://www.icd.uni-stuttgart.de/de/projekte/universal-timber-slab-demonstrator/
Hintergrundinformationen zum Demonstrator und Pressebilder
https://universaltimberslab.eu/remscheid
Projektwebsite
https://www.uni-stuttgart.de/universitaet/aktuelles/meldungen/Schlank-wie-Stahlbeton-aber-deutlich-nachhaltiger-Holzbasierte-Geschossdecke-ueberzeugt-im-Belastungstest/
Presseinformation der Universität Stuttgart
Ähnliche Pressemitteilungen im idw",full,,dom_or_structured_full_text,,https://nachrichten.idw-online.de/2026/09/23/schlank-wie-stahlbeton-aber-deutlich-nachhaltiger-holzbasierte-geschossdecke-ueberzeugt-im-belastungstest,Informationsdienst Wissenschaft-idw,综合科技,无,2026-09-24T00:23:38+00:00,通用技术 > 材料工程 > 特种功能材料 > 结构强度材料,通用技术,结构强度材料,"[{""path"":[""通用技术"",""材料工程"",""特种功能材料"",""结构强度材料""],""path_text"":""通用技术 > 材料工程 > 特种功能材料 > 结构强度材料"",""confidence"":0.85,""reason"":""核心是木基楼板结构体系的承载测试与轻量化性能""}]",classified,2026-09-24T00:53:20.113120+00:00,glm-5.2,2026-09-10,
Baustoff aus Sand und Sonnenlicht: Gründungsprojekt AddiSol entwickelt nachhaltiges Baumaterial unter dem Dach des IPH,2026-09-23,"Baustoff aus Sand und Sonnenlicht: Gründungsprojekt AddiSol entwickelt nachhaltiges Baumaterial unter dem Dach des IPH
Hinweis zur Verwendung von Bildmaterial: Die Verwendung des Bildmaterials zur Pressemitteilung ist bei Nennung der Quelle vergütungsfrei gestattet. Das Bildmaterial darf nur in Zusammenhang mit dem Inhalt dieser Pressemitteilung verwendet werden. Falls Sie das Bild in höherer Auflösung benötigen oder Rückfragen zur Weiterverwendung haben, wenden Sie sich bitte direkt an die Pressestelle, die es veröffentlicht hat.
Die Köpfe hinter AddiSol: Tim Drewke (links) und Florian Fiedler.
| Quelle:
Kevin Münkel
| Copyright:
Kevin Münkel
Download
Hinweis zur Verwendung von Bildmaterial: Die Verwendung des Bildmaterials zur Pressemitteilung ist bei Nennung der Quelle vergütungsfrei gestattet. Das Bildmaterial darf nur in Zusammenhang mit dem Inhalt dieser Pressemitteilung verwendet werden. Falls Sie das Bild in höherer Auflösung benötigen oder Rückfragen zur Weiterverwendung haben, wenden Sie sich bitte direkt an die Pressestelle, die es veröffentlicht hat.
Hergestellt aus Sand und Sonne: Prototyp des nachhaltigen Baumaterials.
| Quelle:
Florian Fiedler
| Copyright:
Florian Fiedler
Download
Baumaterial aus Wüstensand herstellen und dafür die Energie der Sonne direkt nutzen: An dieser Idee arbeiten Florian Fiedler und Tim Drewke mit ihrem Gründungsprojekt AddiSol. Vor Kurzem haben sie einen Büroraum samt Labor im IPH – Institut für Integrierte Produktion Hannover gGmbH bezogen und arbeiten mit Unterstützung des IPH daran, ihre Idee weiterzuentwickeln und den Weg zur Startup-Gründung vorzubereiten.
Die Idee hinter AddiSol verbindet zwei Ressourcen, die in vielen Regionen der Erde im Überfluss vorhanden sind: Wüstensand und Sonnenlicht. Mithilfe konzentrierter Sonnenenergie soll der Sand so stark erhitzt werden, dass er schmilzt und anschließend zu einem festen, steinartigen Material erstarrt.
Das Besondere: Das Sonnenlicht wird direkt genutzt, ohne den Umweg über Photovoltaik. Statt Sonnenlicht zunächst in Strom umzuwandeln und damit einen verlustreichen und energieintensiven Herstellungsprozess zu betreiben, wird das Sonnenlicht mit einer Fresnel-Linse gebündelt und über eine Spiegeloptik gezielt auf den Sand gerichtet.
Das Verfahren orientiert sich am Prinzip der Additiven Fertigung: Ähnlich wie beim Lasersintern im 3D-Druck wird der Sand schichtweise aufgeschmolzen. Dadurch lassen sich auch komplexe Geometrien erzeugen, die mit klassischen Fertigungsverfahren nicht realisierbar wären. „Wir könnten beispielsweise einen ganzen Torbogen an einem Stück drucken, wenn wir den 3D-Drucker entsprechend groß bauen“, beschreibt Fiedler die Möglichkeiten des Verfahrens. Auch wärmedämmende Hohlräume im Inneren der Bauteile sind fertigungstechnisch machbar.
Nachhaltigere Alternative zu konventionellen Baustoffen gesucht
Die Idee zu AddiSol entstand aus Fiedlers beruflicher Beschäftigung mit Energieeffizienz und Klimaschutz. Der Ingenieur für Luft- und Raumfahrttechnik hat drei Jahre lang an einem Fraunhofer-Institut gearbeitet und sich anschließend zum Energieberater und -auditor fortgebildet. In dieser Rolle unterstützte er Unternehmen dabei, ihre Energieeffizienz zu verbessern. Später war Fiedler im kommunalen Klimaschutz für die Stadt Barsinghausen und die Region Hannover tätig. Dabei beschäftigte ihn zunehmend die Frage, wie sich die Bausubstanz nachhaltiger gestalten lässt.
Viele klassische mineralische Baustoffe wie Porenbeton, Kalksandstein oder Tonziegel werden mit äußerst energieintensiven Verfahren hergestellt. Materialien wie Holz oder Lehm sind nachhaltiger, aber nicht für jede Anwendung geeignet und nur begrenzt verfügbar. Fiedler suchte nach einer Alternative – und entwickelte die Idee, einen mineralischen Baustoff aus Wüstensand und direkter Sonnenenergie herzustellen.
Tim Drewke kannte Fiedler bereits seit der gemeinsamen Zeit am Fraunhofer-Institut. „Das Thema Nachhaltigkeit ist für mich sehr wichtig – auch privat“, sagt Drewke. Deshalb entschied er sich, mit Fiedler gemeinsam am Projekt AddiSol zu arbeiten. Heute ergänzen sich die Kompetenzen der beiden Gründer optimal: Der Ingenieur und Energieberater Fiedler verantwortet die technische Entwicklung des solaren Fertigungsverfahrens, die energetische Bewertung und die Skalierbarkeit, während der Wirtschaftsinformatiker Drewke für die wirtschaftliche Ausrichtung, die Datenanalyse und die digitale Umsetzung des Fertigungsprozesses verantwortlich ist.
Vom ersten Prototyp zum solaren 3D-Druck
Ein erster Prototyp des Sand-3D-Druckers steht bereits in Fiedlers und Drewkes Büro im IPH. Noch arbeitet er mit einem Laser statt mit Sonnenlicht. Der Prototyp zeigt, dass sich Sand mit dem gewählten Verfahren schichtweise schmelzen lässt. Auch erste additiv gefertigte Probekörper existieren bereits. Der erzeugte Baustoff wurde im Rahmen eines Druckfestigkeitsversuchs von der Materialprüfanstalt Hannover untersucht. Diese bescheinigte ihm eine sehr hohe Festigkeit, die deutlich im Bereich von hochfesten Wandbaustoffen liegt.
Der nächste Schritt ist technisch deutlich anspruchsvoller: Künftig soll der Sand nicht mit einem energieintensiven Laser geschmolzen werden, sondern direkt mit gebündeltem Sonnenlicht. Dafür müssen unter anderem die Optik, die Prozessführung und der 3D-Druckprozess weiterentwickelt und aufeinander abgestimmt werden. „Da wartet noch viel Entwicklungsarbeit auf uns“, sagt Fiedler.
Parallel zur technischen Entwicklung bereitet sich das Team auf eine mögliche Unternehmensgründung vor. An Startup-Förderprogrammen der VentureVilla und der Leibniz Universität Hannover nehmen die beiden Gründer bereits teil. Darüber hinaus arbeiten sie derzeit an verschiedenen Fördermittelanträgen und bewerben sich unter anderem für den exist-Forschungstransfer.
Vom Startup-Impuls-Wettbewerb ans IPH
Der Kontakt zwischen AddiSol und dem IPH entstand über den hannoverschen Gründungswettbewerb Startup-Impuls. Dort erreichte das Projekt den zweiten Platz. IPH-Geschäftsführer Dr.-Ing. Malte Stonis war Mitglied der Vorjury, wurde auf die Idee aufmerksam und bot den Gründern eine Zusammenarbeit an.
Seit Mitte August arbeitet das AddiSol-Team nun direkt am IPH, zu dessen Profil es fachlich sehr gut passt: Das IPH beschäftigt sich unter anderem mit innovativen Fertigungsverfahren, additiver Fertigung und nachhaltiger Produktion. So können die Gründer nicht nur Räume nutzen, sondern auch auf fachliche Kompetenzen und Forschungsinfrastruktur zurückgreifen. „Das IPH ist ein sehr fruchtbares Umfeld für uns, auch wegen der Kompetenzen vor Ort“, sagt Fiedler.
Mit der Unterstützung des IPH soll Schritt für Schritt ein Fertigungsverfahren entstehen, das tatsächlich konzentriertes Sonnenlicht nutzt, um Wüstensand in nachhaltige mineralische Baustoffe zu verwandeln. Langfristig soll das Verfahren dort eingesetzt werden, wo sowohl Sand als auch intensive Sonneneinstrahlung verfügbar sind. Denkbar wären beispielsweise Standorte in sonnenreichen Regionen Europas wie Spanien. Dass die Idee auch in der Bauwirtschaft auf Interesse stößt, zeigt ein erster „Letter of Intent“: Das hannoversche Bauunternehmen Gundlach Bau und Immobilien GmbH & Co. KG hat bereits Interesse an dem nachhaltigen Material bekundet und dem Startup strategische und fachliche Unterstützung angeboten.
Weitere Informationen zum Projekt AddiSol sind unter
https://www.projekt-addisol.de/
zu finden.
Ähnliche Pressemitteilungen im idw",full,,dom_or_structured_full_text,,https://nachrichten.idw-online.de/2026/09/23/baustoff-aus-sand-und-sonnenlicht-gruendungsprojekt-addisol-entwickelt-nachhaltiges-baumaterial-unter-dem-dach-des-iph,Informationsdienst Wissenschaft-idw,综合科技,无,2026-09-24T00:23:40+00:00,零碳产业 > 物质循环 > 资源加工 > 无机物 > 非金属 > 其它无机非金属,零碳产业,其它无机非金属,"[{""path"":[""零碳产业"",""物质循环"",""资源加工"",""无机物"",""非金属"",""其它无机非金属""],""path_text"":""零碳产业 > 物质循环 > 资源加工 > 无机物 > 非金属 > 其它无机非金属"",""confidence"":0.75,""reason"":""以沙为原料的可持续建筑材料开发""}]",classified,2026-09-24T00:53:20.113120+00:00,glm-5.2,2026-09-10,
Carlyle-backed Revera secures financing for 800 MWh Scottish battery - Energy Storage,2026-09-23,"Developer Revera has successfully closed project financing on its Hunterston BESS, a 400MW / 800MWh project located in North Ayrshire, some 50 kilometers south-west of Glasgow, Scotland. The company has issued notice to proceed with construction commencing immediately, and commercial operation is expected in Q3 2028. Backed by global investment firm Carlyle, the IPP said that non-recourse senior debt for the project was provided by a banking syndicate comprising Santander, Barclays, Commonwealth Bank of Australia, and NatWest. The final investment decision was previously announced in June 2026. In terms of hardware, Chinese manufacturer Sungrow will supply the storage system and provide long-term servicing, though the exact BESS type was not provided. UK-based OCU Group will act as the balance-of-plant contractor and long-term operations and maintenance partner, while Revera retains long-term asset management. Revenue structure is a blueprint for new BESS builds The project has secured two off-takers, and the deal itself presents interesting dynamics for those watching the shift from merchant revenues to setups that require floors and tolls to secure debt. For the two-hour duration battery, Revera announced Danske Commodities and BP will both provide trading and optimization services for the project: BP is providing a long-term tolling structure while Danske Commodities is providing a long-term floor structure. As evidence of the ongoing shift to longer durations as revenue stacks are required to tackle multiple marketing opportunities, Revera’s next phase of 400 MW UK assets is shifting to four-hour duration windows: it noted it has “up to an additional 400 MW / 1,600 MWh of BESS capacity” with “approved planning consents, land rights, grid access (NESO Gate 2) and 15-year capacity market contracts,” for which construction is proposed to commence over the coming months. Elsewhere Hunterston BESS is Revera’s second UK transmission-connected BESS to achieve financial close in 2026. It provided an update on its Windyhill BESS , a 200MW / 400MWh facility, which was said to be “progressing well through construction” and remains “on track for commercial operations in Q4 2027.” The post Carlyle-backed Revera secures financing for 800 MWh Scottish battery appeared first on Energy Storage .",full,,rss_full_content,,https://www.ess-news.com/2026/09/23/carlyle-backed-revera-secures-financing-for-800-mwh-scottish-battery/,ESS News,储能,储能项目/应用,2026-09-24T00:25:16+00:00,零碳产业 > 能量转化 > 能量存储 > 其它储能技术,零碳产业,其它储能技术,"[{""path"":[""零碳产业"",""能量转化"",""能量存储"",""其它储能技术""],""path_text"":""零碳产业 > 能量转化 > 能量存储 > 其它储能技术"",""confidence"":0.9,""reason"":""核心是大型电池储能电站项目的融资与建设""}]",classified,2026-09-24T00:53:20.113120+00:00,glm-5.2,2026-09-10,
Ingrid Capacity secures €65 million Mirova investment for 290 MWh Nordic BESS portfolio - Energy Storage,2026-09-23,"Swedish energy infrastructure company Ingrid Capacity has entered a strategic partnership with sustainable investment firm Mirova, which will invest €65 million in two battery energy storage system (BESS) projects totaling 145 MW / 290 MWh in Sweden and Finland. The portfolio includes the 100 MW / 200 MWh Vaggeryd BESS, located in Sweden’s SE3 electricity price area, and the 45 MW / 90 MWh Pedersöre BESS, located in Finland. Ingrid Capacity will develop, operate, and optimize both assets under the strategic agreement including full technical and commercial asset management, which is a full vertical big battery play. Mirova, an affiliate of Natixis Investment Managers, stated that the projects are the first in the company’s Nordic Storage Platform (NSP) and represent its first BESS partnership in the Nordics. The Pedersöre project is at the ready-to-build stage, while the Vaggeryd project is expected to reach ready-to-build status in 2027. Antoine Blayau, investment director at Mirova, outlined that the company had an offtake agreement for Pedersöre. “This initial portfolio is underpinned by attractive market fundamentals and a resilient risk-return profile, including an offtake agreement for the Pedersöre project. We look forward to scaling the platform and supporting the development of more resilient energy systems across the Nordic region,” said Blayau. Following the strategic partnership, Ingrid Capacity now has 950 MWh of assets under management. Back in May 2026, the company secured a senior bond issue of €35 million to finance its European expansion , notably in France. “Our mission is to build Europe’s leading integrated flexibility platform. Trusted partners like Mirova are key to that growth journey,” said Axel Holmberg, CEO of Ingrid. The post Ingrid Capacity secures €65 million Mirova investment for 290 MWh Nordic BESS portfolio appeared first on Energy Storage .",full,,rss_full_content,,https://www.ess-news.com/2026/09/23/ingrid-capacity-secures-e65-million-mirova-investment-for-290-mwh-nordic-bess-portfolio/,ESS News,储能,储能项目/应用,2026-09-24T00:25:19+00:00,零碳产业 > 能量转化 > 能量存储 > 其它储能技术,零碳产业,其它储能技术,"[{""path"":[""零碳产业"",""能量转化"",""能量存储"",""其它储能技术""],""path_text"":""零碳产业 > 能量转化 > 能量存储 > 其它储能技术"",""confidence"":0.9,""reason"":""北欧电池储能项目组合获投资并开发运营""}]",classified,2026-09-24T00:53:20.113120+00:00,glm-5.2,2026-09-10,
"Energy Vault buys 2.3 GW Goshe Energy Storage portfolio, including BESS ready-to-builds - Energy Storage",2026-09-23,"US energy storage company Energy Vault has acquired a portfolio of U.S. battery energy storage systems (BESS) from Colorado-based developer Goshe Energy Storage, adding two ready-to-build projects totaling 350 MW. Energy Vault announced that the transaction adds approximately 2.3 GW of BESS projects in development, spanning 15 projects, and includes Goshe’s “experienced team of development and BESS project management professionals.”  A review of LinkedIn suggests seven people worked at Goshe, including Bailey McCallum, CEO, and Katherine Worden, General Counsel. The acquired portfolio is anchored by two ready-to-build projects, a 150 MW and 200 MW BESS, with both expected to reach commercial operations in Q1 2028. Once operational, Energy Vault said it expects the two projects to generate around US$30 million a year in annual EBITDA. Cory Magnuson, president of Energy Vault’s Asset Vault division, said the acquisition aligns with the company’s strategy of acquiring projects before ‘first shovel’. “This portfolio fits squarely within Energy Vault’s strategy of acquiring late-stage, de-risked development projects that can be moved efficiently toward construction and operation. The team has a track record of originating and advancing high-quality BESS projects, and we’re glad to have them join us as we continue to scale our owned-asset portfolio across U.S. markets,” said Magnuson. Energy Vault has also secured a credit facility commitment of up to $40 million from sustainability-focused investor S2G Investments to support the development, construction, and operation of the acquired portfolio. “Joining Energy Vault allows our team to continue the work we started – developing and delivering the storage projects the grid needs – with the backing of a large, vertically integrated and global platform,” said Goshe’s McCallum. “We’re pleased that S2G will continue as a financing partner through this transition, and we look forward to seeing this portfolio through to construction and operation as part of Energy Vault’s platform.” In February 2026, Energy Vault partnered with Peak Energy to co-develop a full-stack storage platform of 1.5 GWh of sodium-ion batteries for AI data centers. Last month, the company signed a deal to supply 1.25 GW of off-grid BESS for an AI data center in Texas. The post Energy Vault buys 2.3 GW Goshe Energy Storage portfolio, including BESS ready-to-builds appeared first on Energy Storage .",full,,rss_full_content,,https://www.ess-news.com/2026/09/23/energy-vault-buys-2-3-gw-goshe-energy-storage-portfolio-including-bess-ready-to-builds/,ESS News,储能,储能项目/应用,2026-09-24T00:25:21+00:00,零碳产业 > 能量转化 > 能量存储 > 其它储能技术,零碳产业,其它储能技术,"[{""path"":[""零碳产业"",""能量转化"",""能量存储"",""其它储能技术""],""path_text"":""零碳产业 > 能量转化 > 能量存储 > 其它储能技术"",""confidence"":0.9,""reason"":""收购GW级电池储能项目组合是核心事件""}]",classified,2026-09-24T00:53:20.113120+00:00,glm-5.2,2026-09-10,
Australia’s first grid-connected sodium-sulfur battery goes online - pv magazine Global,2026-09-23,"Advanced materials company Lava Blue has commissioned a 250 kW/1.45 MWh sodium-sulphur (NAS) battery energy storage system at its Centre for Predictive Research into Specialty Materials (PRiSM) facility in Brisbane’s southeast, marking the first time the technology has been connected to the National Electricity Market (NEM).
The battery, manufactured by Japan’s NGK, has been integrated with 200 kW of existing solar generation at the site and plugged into Energex’s local distribution grid.
Lava Blue
said the solar and battery system can supply up to 100% of PRiSM’s peak operating load, supporting the processing of critical minerals into high-purity materials used across battery, semiconductor and advanced manufacturing supply chains.
The project was delivered through the Queensland University of Technology’s (QUT) Queensland Energy Storage Technology (QUEST) Hub, a state government-funded initiative focused on accelerating the development and commercialization of battery materials, chemistries and systems.
Lava Blue Managing Director Michael McCann said the project provides a real-world demonstration of NAS battery technology, showcasing its potential to support long-duration energy storage for powering commercial and industrial applications as well as supporting grid reliability.
“PRiSM was established to bridge the gap between laboratory research and industrial-scale materials processing, so it is an ideal environment in which to demonstrate a long-duration battery technology under genuine operating conditions,” he said.
“Our advanced materials processes include high-temperature and other energy-intensive operations. Integrating solar generation with long-duration storage gives us the ability to supply those loads with renewable energy for extended periods and better understand how advanced manufacturing can operate alongside future energy systems.”
Lithium-ion technology currently dominates the battery market but it has limits, typically offering short-duration energy storage of just two to four hours. NAS batteries are capable of discharging for six hours or more at rated capacity, making the technology suited to applications including renewable energy firming, peak demand management and grid stability.
Lava Blue said the technology has more than 20 years of commercial operating experience internationally, with approximately 5 GWh deployed across more than 250 applications.
Australia’s first NAS battery system was rolled out in 2023 as part of a microgrid at a Western Australian mining site while Queensland electricity generator CleanCo has previously announced plans to
pilot the technology
QUEST Hub Director Joshua Watts said the PRiSM installation extends that work into a grid-connected industrial setting, providing further operating experience to inform potential future deployment of NAS technology in Australia.
“The successful commissioning of Australia’s first grid-connected NAS battery energy storage system marks an important milestone,” he said. “The project has brought together researchers, industry and government to demonstrate an alternative long-duration energy storage technology under real industrial operating conditions.”
Victoria-based Allset Energy provided the electrical engineering, installation and system integration for the project, including development of the interface between the NAS battery, PRiSM’s solar generation, the facility and the grid.
Queensland manufacturer Advanced Converter Solutions (ACS) designed and supplied the bidirectional DC-DC converter platform that enabled the battery system to integrate with the project’s high-voltage DC infrastructure. More than 80% of the purpose-built control unit was manufactured using Australian content.",full,,dom_or_structured_full_text,,https://www.pv-magazine.com/2026/09/23/australias-first-grid-connected-sodium-sulfur-battery-goes-online/,pv magazine C&I PV,光伏,工商业光伏,2026-09-24T00:26:55+00:00,零碳产业 > 能量转化 > 能量存储 > 电化学储能 > 二次电池 > 其它电池体系,零碳产业,其它电池体系,"[{""path"":[""零碳产业"",""能量转化"",""能量存储"",""电化学储能"",""二次电池"",""其它电池体系""],""path_text"":""零碳产业 > 能量转化 > 能量存储 > 电化学储能 > 二次电池 > 其它电池体系"",""confidence"":0.9,""reason"":""核心事件为澳大利亚首个并网钠硫电池储能系统投运，属于锂钠之外的新型二次电池体系""}]",classified,2026-09-24T00:53:32.671970+00:00,glm-5.2,2026-09-10,
Siltrax launches 2–6 kW air-cooled fuel cell system for off-grid applications - pv magazine Global,2026-09-23,"Australian hydrogen technology company
has launched the C2 Series, an air-cooled hydrogen fuel cell platform targeting unmanned aerial vehicles (UAVs), portable power systems and off-grid applications.
The company said the new fuel cell system covers power outputs from 2 kW to 6 kW, with a 3.6 kW configuration serving as a reference architecture for customer evaluation and system integration. Multiple modules can be operated in parallel to meet power requirements of up to 24 kW.
According to technical data published by Siltrax, the C2 stack measures 216 mm × 155 mm × 186 mm and weighs 3.48 kg, including its cooling fan. It has an operating temperature range of 40 C to 60 C and an ambient temperature range of -20 C to 40 C.
Siltrax lists volumetric and gravimetric power densities of 3.78 kW/l and 2.13 kW/kg, respectively, although the company notes that these figures apply to the cell block and exclude the endplates and fastening system.
The C2 uses an air-cooled architecture, with dedicated fans moving ambient air through cooling channels in the stack. According to Siltrax, this eliminates the pumps, coolant circuit and associated plumbing required by liquid-cooled fuel cell systems.
Unlike conventional open-cathode air-cooled fuel cells, the C2 features a closed-cathode design that separates cooling air from the cathode reactant-air supply. The company said this allows oxygen flow, pressure and filtration to be controlled independently while reducing the stack’s exposure to pollutants in ambient air.
The system also uses a dead-end anode configuration, which Siltrax said enables efficient hydrogen utilization without a continuously operating hydrogen recirculation circuit, reducing balance-of-plant components and system weight.
At the core of the C2 Series are Siltrax’s
silicon-based bipolar plates
, developed as an alternative to conventional graphite and metallic plates. According to the company, silicon enables thinner plates and reduced stack bulk, contributing to higher power density, while its corrosion resistance is intended to improve durability. Siltrax has also said the technology can leverage established manufacturing processes, equipment and supply chains from the solar and semiconductor industries, potentially reducing production costs as manufacturing scales.
The manufacturer is targeting applications where system weight and space are critical, including commercial and industrial UAVs, autonomous systems, mobile generators and remote power installations.
Siltrax said the C2 Series is commercially available, with customer integration programs and partner demonstrations underway in the Asia-Pacific region. The company will showcase the platform at the Hydrogen Technology World Expo in Hamburg, Germany, from Oct. 20 to Oct. 22.",full,,dom_or_structured_full_text,,https://www.pv-magazine.com/2026/09/23/siltrax-launches-2-6-kw-air-cooled-fuel-cell-system-for-off-grid-applications/,pv magazine C&I PV,光伏,工商业光伏,2026-09-24T00:26:57+00:00,零碳产业 > 能量转化 > 能源测 > 二次能源利用 > 燃料电池,零碳产业,燃料电池,"[{""path"":[""零碳产业"",""能量转化"",""能源测"",""二次能源利用"",""燃料电池""],""path_text"":""零碳产业 > 能量转化 > 能源测 > 二次能源利用 > 燃料电池"",""confidence"":0.95,""reason"":""核心事件为面向无人机和离网应用的空冷氢燃料电池系统发布""}]",classified,2026-09-24T00:53:32.671970+00:00,glm-5.2,2026-09-10,
Albania moves closer to renewable energy communities - pv magazine Global,2026-09-23,"Albania’s Energy Regulatory Authority (ERE) has published draft rules for the development of renewable energy communities.
While Albania first officially recognised renewable energy communities through the adoption of Law 24/2023, covering the promotion of the use of energy from renewable sources, in April 2023, the country is yet to begin implementing them.
ERE’s new
draft regulation
sets out the rules and procedures for the establishment, registration and operation of renewable energy communities. It stipulates that energy communities will be able to engage in renewable energy generation, consumption, aggregation and energy storage.
In order to begin operating, a renewable energy community must first register with ERE. Required documents will include description of the planned activity, details on the production plant and planned installations and agreement with the system operator for use of the network.
Renewable energy communities with installed capacities over 100 kW will be required to present a five year business plan featuring a technical and financial assessment.
ERE will be required to review the registration request within ten working days. The regulator will be required to give approved renewable energy communities a registration number within three working days following approval. It will also be required to update the registry within the same time period. The registry of renewable energy communities will be kept electronically, with ERE responsible for the establishment and administration.
According to the draft rule, the proposed regulation will enter into force after approval by the ERE board and publication in accordance with applicable legal and regulatory procedures.
Lorenc Gordani, an energy market and regulatory lawyer and lecturer, told
pv magazine
the new law provides an important legal foundation for the development of energy communities and their role in the country’s energy transition.
“In my view, this creates a strong basis for communities to become an additional driver of Albania’s solar market, particularly by enabling households, small businesses and local authorities to participate collectively in renewable generation and storage,” Gordani said. “The combination of distributed solar and storage could also contribute to greater flexibility in the electricity system as the share of variable renewable generation increases.”
Gordani added that the key issue now lies in implementation.
“The forthcoming secondary rules will be critical in determining how energy sharing, grid access, metering, balancing and the economic treatment of community-generated energy will work in practice.” he explained.
“If these mechanisms are designed clearly and predictably, renewable energy communities could become a meaningful new model for mobilising local investment in solar and storage in Albania.”
Last month, Gordani spoke to
pv magazine
about recent
developments in Albania’s solar and storage markets
. At the time of reporting, statistics from ERE had recorded Albania’s cumulative solar capacity at 631 MW by the end of 2025.",full,,dom_or_structured_full_text,,https://www.pv-magazine.com/2026/09/23/albania-moves-closer-to-renewable-energy-communities/,pv magazine C&I PV,光伏,工商业光伏,2026-09-24T00:27:00+00:00,未分类,,,[],unclassified,2026-09-24T00:53:32.671970+00:00,glm-5.2,2026-09-10,
"Abu Dhabi lifts 2035 solar target to 35 GW, sets 15 GW storage goal - pv magazine Global",2026-09-23,"Emirates Water and Electricity
(EWEC), the sole procurer and supplier of electricity and water in Abu Dhabi, has set a new target of more than 35 GW of installed solar capacity by 2035.
The emirate had targeted 18 GW of solar capacity by 2035 in 2024, before raising the target to more than 30 GW in May 2026.
EWEC has also set an interim target of 14 GW by 2030, meaning at least a further 21 GW of solar capacity would need to be installed between 2031 and 2035 to meet the new target.
The plans also envisage the deployment of up to 15 GW of energy storage capacity by 2035. “As this advanced capacity is commissioned, the contribution of gas-fired generation, which provides the flexibility needed to firm intermittent renewable output, is expected to decline,” EWEC said in a statement.
EWEC did not provide details on how the additional solar and storage capacity will be deployed.
Abu Dhabi’s utility-scale solar market has expanded rapidly over the past decade. The emirate is home to the
2 GW Al Dhafra solar plant
, which spans 21.5 m2, while EWEC has continued to procure gigawatt-scale projects. In late 2024, it
secured sites for 4.5 GW of additional solar capacity
across Al Faya, Al Khazna and Al Zarraf. The capacity forms part of a broader pipeline of large-scale projects being developed through Abu Dhabi’s independent power producer model.
Storage is becoming an increasingly important part of the emirate’s renewable energy expansion. UAE-based developer Masdar and EWEC are developing a project combining
5.2 GW of solar with 19 GWh of battery storage
, designed to deliver 1 GW of continuous renewable power.
Construction began in 2025
, with commercial operations targeted for 2027. The project marks a shift from using solar primarily as daytime generation toward pairing large-scale PV with batteries to provide dispatchable renewable power.
Abu Dhabi is also opening its distributed solar market. The Department of Energy
introduced a solar-plus-storage self-supply policy
in February 2026, initially targeting the agricultural sector and allowing self-consumption PV with or without battery storage. The framework was
extended to residential consumers
in April, allowing villa owners and eligible residential buildings to install rooftop solar and storage under a simplified regulatory framework.",full,,dom_or_structured_full_text,,https://www.pv-magazine.com/2026/09/23/abu-dhabi-lifts-2035-solar-target-to-35-gw-sets-15-gw-storage-goal/,pv magazine C&I PV,光伏,工商业光伏,2026-09-24T00:27:02+00:00,零碳产业 > 能量转化 > 能源测 > 一次能源转化 > 太阳能转化 > 光伏,零碳产业,光伏,"[{""path"":[""零碳产业"",""能量转化"",""能源测"",""一次能源转化"",""太阳能转化"",""光伏""],""path_text"":""零碳产业 > 能量转化 > 能源测 > 一次能源转化 > 太阳能转化 > 光伏"",""confidence"":0.92,""reason"":""核心事件为阿布扎比将2035年光伏装机目标提升至35吉瓦""}]",classified,2026-09-24T00:53:32.671970+00:00,glm-5.2,2026-09-10,
Portugal postpones renewables-plus-storage auctions - pv magazine Global,2026-09-23,"Portugal is preparing two competitive procedures to allocate a combined 1,050 megavolt-amperes (MVA) of grid injection capacity to energy storage projects, comprising 750 MVA for standalone batteries and 300 MVA for renewable energy projects with co-located storage.
The government has postponed the launch,
initially scheduled for Sept. 14
, by several weeks following a public consultation on the tender terms.
The standalone storage tender will allocate up to 750 MVA across several points on Portugal’s transmission grid. Capacity will be awarded through an electronic auction overseen by the Directorate-General for Energy and Geology (DGEG), enabling new storage facilities to connect directly to the grid.
Under the terms submitted for public consultation, participants must bid for at least 50 MVA and may secure up to 200 MVA. Storage systems must have a power rating equal to 100% of the awarded injection capacity and a minimum duration of four hours.
If all 750 MVA is allocated to four-hour systems, the tender would result in at least 3 GWh of battery storage capacity.
The auction will use an electronic ascending-clock format, with successive bidding rounds and offers denominated in euros per MVA. A uniform pricing mechanism will apply, with successful bidders in each round securing capacity at the relevant clearing price. Portuguese energy market operator OMIP will manage the bidding platform.
The tender design also includes grid-related operating restrictions. Standalone projects may face congestion-related injection constraints of up to 750 equivalent hours per year. Project developers will bear connection costs. The designated connection points are on Portugal’s 400 kV transmission network.
A separate procedure will allocate 300 MVA to renewable generation projects with co-located storage. Participants will be able to request between 50 MVA and 100 MVA. The storage component must have a power rating of at least 20% of the awarded injection capacity and a minimum duration of four hours.
For standalone storage, the designated grid locations are Rio Maior, Alcochete-Palmela, Pegões-Divor, Abrantes-Estremoz-Falagueira, Alqueva, Ferreira do Alentejo, Panóias, Tavira and Vale Pereiro. The tender for renewable generation with storage covers Rio Maior, Abrantes and Sines-Santo André.
The proposed framework also provides financial compensation for municipalities hosting the projects. Under the standalone storage procedure submitted for consultation, 70% of tender revenue would go to the National Electricity System and 30% to municipalities. For renewable projects with storage, the proposed shares are 30% and 70%, respectively.
The tenders form part of Portugal’s efforts to expand energy storage and facilitate the integration of renewable generation. The country’s National Storage Strategy, currently under public consultation, targets 6.9 GW of installed storage capacity by 2030 and 9.76 GW by 2040. The strategy covers batteries as well as longer-duration pumped hydro storage.
Portugal is also revising its regulatory framework for energy storage. Decree-Law 130/2026 amended the rules governing the National Electricity System and introduced, among other provisions, a specific prior-control procedure for standalone storage and verification of maximum grid-charging capacity. Storage facilities with capacities exceeding 1 MW require generation and operating licenses.
The government has linked storage deployment to renewable energy integration and security of supply. In June, it also announced preparations for a capacity mechanism open to generation, storage and demand-side management, following a resource adequacy assessment by the Directorate-General for Energy and Geology (DGEG).
Following the postponement, the next steps are the publication of the final tender terms and the formal opening of the procedures. The combined 1,050 MVA allocation will establish one of Portugal’s first competitive mechanisms specifically designed to provide storage projects with access to grid connection points with available capacity.",full,,dom_or_structured_full_text,,https://www.pv-magazine.com/2026/09/23/portugal-postpones-renewables-plus-storage-auctions/,pv magazine C&I PV,光伏,工商业光伏,2026-09-24T00:27:03+00:00,未分类,,,[],unclassified,2026-09-24T00:53:32.671970+00:00,glm-5.2,2026-09-10,
"Augmented reality helps heat pump installers cut workload, installation time - pv magazine Global",2026-09-23,"Germany’s
Fraunhofer Institute for Solar Energy Systems
(Fraunhofer ISE) is developing software designed to help heat pump installers streamline deployment while reducing their workload.
The Heat Pump PlanAR app prototype, described as “manufacturer-neutral,” reportedly allows heating, ventilation, air conditioning and plumbing contractors to simulate heat pump projects during an initial customer visit.
“Contractors can create quotes more easily and automatically compare the costs of different system configurations,” the research institute said in a statement. “In addition, the app facilitates communication between employees at the office and on the job site.”
The process begins with a 3D scan of the boiler room using a tablet running the app. Based on the captured space, the installer can choose an appropriate heat pump configuration from the software’s database. The app then maps the main system components into the digital model and generates a piping plan optimized for cost.
Installers can inspect the proposed setup on site through an augmented reality view, which overlays the planned equipment onto the physical room, and reposition components where necessary. Further modifications can be carried out later from a computer using the app’s virtual reality environment.
Once the system design is finalized, the software can generate and export a list of the components required for the installation, along with an estimate of the time needed to complete the work.
“The newly developed app—or individual components of it—is now available to software providers, who can integrate it into their solutions, further develop it, and commercialize it,” the Fraunhofer ISE said. “Individual functions, including component positioning optimization and automatic routing for piping, are available as licensable web services.”
The prototype was developed under the Wespe joint research project, coordinated by Germany’s Central Association for Plumbing, Heating and Air Conditioning (ZVSHK).",full,,dom_or_structured_full_text,,https://www.pv-magazine.com/2026/09/23/augmented-reality-helps-heat-pump-installers-cut-workload-installation-time/,pv magazine C&I PV,光伏,工商业光伏,2026-09-24T00:27:05+00:00,零碳产业 > 能量转化 > 能源测 > 二次能源利用 > 电加热 > 热泵,零碳产业,热泵,"[{""path"":[""零碳产业"",""能量转化"",""能源测"",""二次能源利用"",""电加热"",""热泵""],""path_text"":""零碳产业 > 能量转化 > 能源测 > 二次能源利用 > 电加热 > 热泵"",""confidence"":0.9,""reason"":""核心事件是帮助热泵安装商优化设计与施工的AR软件，直接服务于热泵应用""}]",classified,2026-09-24T00:53:32.671970+00:00,glm-5.2,2026-09-10,
Greece awards €8.15 million for 49.3 MWh of storage linked to C&I solar - pv magazine Global,2026-09-23,"The Greek government has published a provisional list of 209 businesses selected to receive subsidies for battery storage systems installed alongside existing or new solar PV projects.
The funding is being awarded under Greece’s “Go Beyond Solar Battery” program, which was launched in January 2025.
The provisional list includes 209 companies across Greece. Applicants whose proposals were rejected have until Sept. 25 to lodge an appeal.
The approved applications represent a combined 28.2 MW/49.3 MWh of battery storage capacity. All of the storage systems have durations of up to two hours. The batteries will be paired with a combined 30.8 MW of PV capacity across the 209 projects.
Of the successful applicants, 175 are small businesses, 23 are medium-sized businesses and 11 are large businesses.
Subsidy levels vary according to company size. Small businesses can receive support covering 50% of eligible battery costs, while medium-sized businesses are eligible for 40% and large businesses for 30%.
The 209 projects will receive approximately €8.15 million ($9.31 million) in total funding, according to Greece’s Ministry of Environment and Energy. The funding comes from the EU Recovery and Resilience Facility (RRF), established as part of the European Union’s post-pandemic recovery package.
Greece launched the Go Beyond Solar Battery program in January 2025 to support businesses installing energy storage alongside operational or planned PV systems. The subsidies apply to storage systems rather than the associated PV installations.
In addition to battery procurement and installation, the program covers energy management systems and costs associated with connecting projects to local electricity networks.
The ministry said the 209 projects must be completed by Oct. 31, leaving successful applicants a little more than a month to procure, receive and install the equipment.
The short implementation window could prove challenging for project developers. The Hellenic Association of Photovoltaic Companies (Helapco), a Greek solar industry association, warned in January this year that its implementation timetable could create difficulties.
According to the ministry, the supported projects are expected to help participating businesses increase energy self-consumption and reduce electricity costs. Of the 209 successful applications, 131 projects will operate under net billing, while the remaining 78 will operate under zero-feed-in arrangements.
The provisional awards, however, represent only a fraction of the program’s original target. When the scheme was launched in January 2025, it had a budget of €153.7 million and targeted the installation of 333 MW of battery storage capacity at commercial and industrial sites.
The 28.2 MW of storage power provisionally approved to date represents about 8.5% of that original capacity target, while the €8.15 million allocated to the 209 projects amounts to about 5.3% of the program’s initial budget.",full,,dom_or_structured_full_text,,https://www.pv-magazine.com/2026/09/23/greece-awards-e8-15-million-for-49-3-mwh-of-storage-linked-to-ci-solar/,pv magazine C&I PV,光伏,工商业光伏,2026-09-24T00:27:07+00:00,零碳产业 > 能量转化 > 能量存储 > 电化学储能 > 二次电池 > 传统蓄电池 > 有机体系 > 锂电,零碳产业,锂电,"[{""path"":[""零碳产业"",""能量转化"",""能量存储"",""电化学储能"",""二次电池"",""传统蓄电池"",""有机体系"",""锂电""],""path_text"":""零碳产业 > 能量转化 > 能量存储 > 电化学储能 > 二次电池 > 传统蓄电池 > 有机体系 > 锂电"",""confidence"":0.85,""reason"":""希腊政府为工商业光伏配套电池储能系统提供补贴，核心事件是电池储能项目的政策资助。""},{""path"":[""零碳产业"",""能量转化"",""能源测"",""一次能源转化"",""太阳能转化"",""光伏""],""path_text"":""零碳产业 > 能量转化 > 能源测 > 一次能源转化 > 太阳能转化 > 光伏"",""confidence"":0.72,""reason"":""补贴明确要求储能与光伏项目配对建设，光伏是关联的主营产业。""}]",classified,2026-09-24T00:53:43.608201+00:00,glm-5.2,2026-09-10,
Solex Energy confirms plans to build 5.2 GW solar cell factory in India - pv magazine Global,2026-09-23,"Solex Energy Ltd. has provided further details of plans to expand beyond solar module manufacturing and engineering, procurement and construction (EPC) services into solar cell production and battery energy storage systems (BESS).
In May, the company signed a
memorandum of understanding
with the Gujarat government to develop 5 GW of solar cell manufacturing capacity and 10 GWh of battery energy storage capacity. At its 12th Annual General Meeting, Solex outlined a timeline for the expansion, targeting 2.2 GW of solar cell capacity by fiscal 2028 and 5.2 GW by early fiscal 2029.
The company also plans to establish 10 GWh of battery pack and container assembly capacity, with the first 5 GWh phase targeted for fiscal 2029.
The expansion is part of an investment program of approximately INR 40 billion ($418.2 million) between fiscal 2027 and fiscal 2030, which Solex described as the largest in its history.
Solex reported revenue of INR 16.21 billion for fiscal 2026, up 143.9% year on year. Ebitda stood at INR 1.87 billion, while profit after tax reached INR 983 million.
The company said its order book exceeds INR 34 billion.
“Our focus is on creating an integrated, technology-driven and globally competitive energy platform from India, with the resilience to grow across cycles and the discipline to create enduring value,” said Chetan Shah, chairman and managing director of Solex Energy.
Solex said the planned move into solar cell manufacturing will give it greater control over quality, costs and supply chains while increasing its participation in India’s domestic solar manufacturing sector.
Energy storage is another focus of the expansion. The company expects demand for renewable generation paired with storage to increase alongside electricity consumption from electric mobility, industrial electrification, artificial intelligence and data centers.
Solex is targeting revenue of more than INR 45 billion by fiscal 2028.
The company is also pursuing international expansion through plans for Solex Europe and Solex USA.
Solex has also recently expanded its technology roadmap through a
partnership with Germany’s ISC Konstanz
, focused on advancing high-efficiency solar cell technologies. The collaboration includes work on upgrading TOPCon cell lines and developing next-generation back-contact and tandem technologies.
In October 2025, the partners unveiled a rear-contact solar module concept based on n-type technology, offering up to 24.6% efficiency and 665 W output, with commercial production targeted for fiscal year 2027.",full,,dom_or_structured_full_text,,https://www.pv-magazine.com/2026/09/23/solex-energy-plans-5-2-gw-solar-cell-5-gwh-bess-capacity-by-fy29/,pv magazine C&I PV,光伏,工商业光伏,2026-09-24T00:27:09+00:00,零碳产业 > 能量转化 > 能源测 > 一次能源转化 > 太阳能转化 > 光伏,零碳产业,光伏,"[{""path"":[""零碳产业"",""能量转化"",""能源测"",""一次能源转化"",""太阳能转化"",""光伏""],""path_text"":""零碳产业 > 能量转化 > 能源测 > 一次能源转化 > 太阳能转化 > 光伏"",""confidence"":0.92,""reason"":""Solex宣布建设5.2GW太阳能电池片工厂，核心事件是光伏制造扩产。""},{""path"":[""零碳产业"",""能量转化"",""能量存储"",""电化学储能"",""二次电池"",""传统蓄电池"",""有机体系"",""锂电""],""path_text"":""零碳产业 > 能量转化 > 能量存储 > 电化学储能 > 二次电池 > 传统蓄电池 > 有机体系 > 锂电"",""confidence"":0.7,""reason"":""公司同步规划10GWh电池储能系统产能，属实质性第二业务扩张。""}]",classified,2026-09-24T00:53:43.608201+00:00,glm-5.2,2026-09-10,
"East-west PV system orientation can help solve duck curve in Australia, say researchers - pv magazine Global",2026-09-23,"Researchers from Adelaide University said facing rooftop solar panels east and west instead of north will allow Australian households to maximise their energy self-sufficiency and reduce the use of non-renewable energy sources imported from the grid.
Changing the direction panels are facing so that on-site renewable energy generation better matches the load can also reduce unwanted solar exports in the middle of the day, helping improve grid stability.
Solar panels are usually mounted facing the equator to maximise annual energy yield but researchers Kirrilie Rowe and Peter Pudney said the power generated by these systems generally do not match traditional residential loads.
“A typical residential load profile has a peak in the morning and a larger peak in the late afternoon or evening, whereas power generated by PV panels facing the equator peaks in the middle of the day,” they said, adding that “by orienting panels in different directions it is possible to minimise the shortfall between load and generation.”
The researchers analysed data from more than 70 separate dwellings and a 42-apartment building across three years. The properties are all located in South Australia which has become one of the world’s most advanced renewable energy power systems. Solar and wind supply more than 70% of the state’s annual generation and more than 54% of homes have rooftop solar installations.
The widespread adoption of PV and subsequent solar generation has reduced midday demand, but high usage persists in the morning and afternoon, creating pronounced peaks at these times.
In addition, high solar generation and exports in the middle of the day can push distribution network voltage over acceptable limits with South Australia’s distribution network service provider taking steps to
limit residential PV exports
to the wider grid.
The researchers said changing the direction panels are facing is one solution to counter this characteristic ‘duck curve’ profile.
“We have shown that below around 1.4 kW for separate dwellings and 1 kW for apartments, panels facing north maximise annual self-sufficiency,” they said. “Beyond this size, optimal panel orientation is increasingly more east and west to maximise self-sufficiency.”
With most new rooftop solar installations in Australia now
exceeding 10 kW
, the researchers said the orientation of the panels should be considered.
“The initial panel placement to minimise shortfall is mostly north, because there is enough load in the middle of the day to use the generated power,” they said. “However, as PV size is increased, greater self-sufficiency is obtained by removing panels from the north and adding them to the northwest and northeast, and then east and west or east and northwest.”
“Optimal orientations for PV power above 1.4 kW per dwelling are never north.”
The study findings were presented in the article “
Orienting PV panels to maximise self-sufficiency in residential communities
,” published in
ScienceDirect",full,,dom_or_structured_full_text,,https://www.pv-magazine.com/2026/09/23/panel-orientation-can-help-solve-duck-curve-say-sa-researchers/,pv magazine C&I PV,光伏,工商业光伏,2026-09-24T00:27:11+00:00,零碳产业 > 能量转化 > 能源测 > 一次能源转化 > 太阳能转化 > 光伏,零碳产业,光伏,"[{""path"":[""零碳产业"",""能量转化"",""能源测"",""一次能源转化"",""太阳能转化"",""光伏""],""path_text"":""零碳产业 > 能量转化 > 能源测 > 一次能源转化 > 太阳能转化 > 光伏"",""confidence"":0.93,""reason"":""研究光伏组件东西朝向安装以匹配负荷、提升自给率并缓解鸭子曲线，核心是光伏系统应用研究。""}]",classified,2026-09-24T00:53:43.608201+00:00,glm-5.2,2026-09-10,
深圳核博会,2026-09-23,"蔚蓝恒星三个月建成全国首个仿星器磁体低温综合测试平台，磁体测试首轮启动
蔚蓝恒星近日完成了全国首个仿星器磁体低温综合测试平台的建设，首轮磁体测试已经启动。低温系统评审专家邱立龙表示，从自主设计、系统集成到国产化配套，蔚蓝恒星仅用三个半月将真空、低温、供电、测量与保护整合为一套综合测试平台。测试平台充分展现了团队在科研能力、工程能力和项目管理能力上的突出水平。
低温系统作为仿星器稳定运行的基础，其真空度、密封性和制冷能力都至关重要。不同于常规节奏化的研发模式，蔚蓝恒星始终坚持务实、主动攻坚的态度，通宵值守、错峰工作，逐点排查隐患并逐项校准参数，以严格的工艺标准为每一次线圈低温测试筑牢前置基础。在可控核聚变这一赛道的前沿，速度始终源于实干。
低温环境中磁体需要经历降温、通流和电磁循环等过程，其载流表现、温度变化与结构响应都需通过试验逐项检验。超导磁体完成制造后还要经过一系列测试才能进入装置集成环节。77开液氮测试主要用于前期性能筛查和工艺验证，而在接近实际运行温度下开展的冷氦循环与导冷低温测试，将进一步检验磁体在低温、大电流条件下的真实性能，是磁体交付前的重要把关环节。
蔚蓝恒星建设的磁体低温综合测试平台面向十开至二十开的温区，设置大小两个杜瓦，并配套氦低温、磁体供电、性能测量与运行保护系统。平台可覆盖磁体从降温、通流到背景磁场测试等关键环节，使团队能够在接近实际运行工况的条件下对磁体性能进行系统验证。平台建成后将为公司首台高温超导仿星器的批量线圈测试提供支撑，让磁体制造、低温测试与整机装配衔接更加紧密。
面对不同尺寸、结构和测试批次的磁体，平台同时兼顾了低温环境的建立与测试工况的灵活配置。大杜瓦直径三米、长度四点二米，可同时满足大尺寸磁体和小线圈低温测试需求;小杜瓦直径二点二米、长度三点二米，适用于不同规格模块化线圈。两个杜瓦既可独立运行，也可同时进行测试，便于团队根据磁体类型和制造批次灵活安排测试任务。
要在十开至二十开的温区维持稳定状态，系统既要降低外界热量进入，又要及时带走磁体通电时产生的热量。杜瓦内部采用真空、多层绝热、液氮冷屏与低温氦冷却相结合的结构：真空环境减少气体传热，多层绝热和液氮冷屏降低外界向低温区域的辐射漏热，而十开至二十开的氦管则为磁体降温提供冷量。平台以五百年瓦特制冷量的氦制冷系统作为冷源，配合氦压缩机站、除油纯化、冷箱、液氮系统及氦气储存纯化系统，完成氦气的压缩、净化、膨胀制冷和循环利用，磁体测试时氦回路进口绝对压力可在二至十巴之间调节，以适应不同磁体的冷却工况。
低温环境建立之后，平台还需完成磁体供电、状态测量和运行保护，才能形成完整的测试条件。测试过程中，平台通过硅二极管和塞罗克斯温度计监测降温速度、温度梯度及局部温升，用纳伏表捕捉线圈和接头两端的微小电压，并借助霍尔传感器、应力应变片以及压力和流量传感器，同步记录磁场、结构响应与冷氦气供给状态。这些复杂信号最终通过采集卡汇入同一套测控系统，实现实时显示、存储和关联分析，并在出现异常电压或局部温升时由报警与失超保护功能及时介入。
相较于同行业低温平台以年为单位的设计和投运周期，蔚蓝恒星仅用三个半月完成平台建设，实现了跨越式突破。这种速度的背后，是团队主动加压、超前攻坚、严守工期节点的精神，也是团队对总体方案、系统接口和实施过程的统一把握。从六月启动低温方案构思，到六月下旬完成系统总体设计，再到七月推进采购、八月完成安装集成、九月建成平台，团队在设备设计、制造、交付和现场集成之间快速协调，推动多专业系统按计划集成。
面向建设全球首个高温超导仿星器的目标，团队以专业把住底线，以实干推进落实。目前，平台首轮测试已围绕降温表现、接头电阻、目标电流运行及电磁循环等内容展开。在复杂系统协同与严苛测试要求下，团队坚持以专业把控关键环节，持续沉淀可验证的数据与工程经验，在每一次测试与反馈中为仿星器整机建设积累更扎实的基础能力。",full,,trafilatura_full_text,,https://www.cinie.net/article/66023.html,中国核电信息网-国内,核电,国内核电,2026-09-24T00:29:01+00:00,零碳产业 > 能量转化 > 能源测 > 一次能源转化 > 核电 > 聚变,零碳产业,聚变,"[{""path"":[""零碳产业"",""能量转化"",""能源测"",""一次能源转化"",""核电"",""聚变""],""path_text"":""零碳产业 > 能量转化 > 能源测 > 一次能源转化 > 核电 > 聚变"",""confidence"":0.94,""reason"":""蔚蓝恒星建成仿星器超导磁体低温综合测试平台，服务于高温超导仿星器可控核聚变装置建设。""}]",classified,2026-09-24T00:53:43.608201+00:00,glm-5.2,2026-09-10,
深圳核博会,2026-09-23,"诺瓦聚变与福耀科大共建的核聚变创新研究院及创新实验室揭牌成立
2026年9月22日，福耀科大·诺瓦核聚变创新研究院及福耀科技大学·诺瓦核聚变创新实验室正式揭牌成立。福建福耀科技大学校长王树国、诺瓦聚变能源科技(上海)有限公司(下称“诺瓦聚变”)创始人郭后扬、以及福建省发改委、教育厅、科技厅、工信厅等相关部门人员出席揭牌仪式，福耀科技大学常务副校长张福利主持仪式。
此次成立的福耀科大·诺瓦核聚变创新研究院及福耀科技大学·诺瓦核聚变创新实验室，由福耀科大与诺瓦聚变联合共建，致力于推动聚变能源技术从实验室走向商业化应用。
创新研究院院长及创新实验室主任由福耀科技大学特聘教授、诺瓦聚变创始人郭后扬担任。
一、优势互补，双向奔赴
福耀科技大学秉承“高起点、小而精、研究型、国际化”的定位，聚焦“四个面向”，既做“顶天”的探索，同时追求“立地”的应用，推动科研成果落地转化。王树国校长在揭牌仪式上表示，此次与诺瓦聚变的合作是学校服务国家能源战略、推进产学研深度融合的重要探索，也是双方优势互补、协同攻关聚变能源关键核心技术的举措。
诺瓦聚变是国内首家聚焦场反位形小型模块化聚变堆(FRC-SMR)商业化的聚变能源企业，秉持 “Fusion for AI & Beyond”愿景，致力以聚变能源为AI算力及未来产业提供高效清洁可持续的能源方案。这条路上最缺的，从来不是论文，而是能把技术推到中试、推到电站的工程人才。郭后扬院长在揭牌仪式上表示，期待与福耀科技大学携手，发挥企业工程化、产业化优势，借力学校科研攻关与人才培养实力，加速聚变能源技术由实验室走向应用。
二、攻聚变之源，育聚变之才，成聚变之业
创新研究院作为前沿聚变研究平台，聚焦FRC聚变小堆的关键科学与技术问题研究。由诺瓦聚变牵头，福耀科大参与研究院筹建及后续管理。这意味着，福耀科大的科研资源和诺瓦的工程化能力，将在这个平台上深度融合，从源头解决聚变的关键科学技术问题。在研究院成立的同时，福耀科技大学·诺瓦核聚变创新实验室也揭牌成立，打造集技术攻关、中试验证、成果转化于一体的综合性创新平台。双方将结合“一实验室、一研究院”构建产学研用整体架构，积极申报福建省创新实验室、国家重点实验室与国家工程研究中心，这不仅是校企合作，更是面向国家战略的布局。两者双向协同、形成闭环——研究院的前沿发现，通过实验室快速转化为工程成果;实验室的工程需求，反过来牵引研究院的前沿方向。前沿科研与工程转化，在这里形成完整的创新链条。
郭院长说：“今天我们揭牌的不只是一个研究院、一个实验室，而是一个完整的校企共建聚变能源成果转化平台。研究院主攻前沿科研;实验室聚焦技术攻关、中试验证和成果转化，积极申报国家级平台。两者协同创新，共同构成中国聚变能源的完整拼图。
三、用“诺瓦速度”，跑赢聚变窗口
AI算力需求的爆发，把核聚变的产业窗口从“三十年到五十年”压缩到了五到十年。对诺瓦而言，研究院的节奏不是单独排的，而是从产业化时间表倒推出来的：从冲刺2030年演示聚变发电，往前倒推，装置选址、工程设计、中试验证、人才梯队，每一个环节都必须快速准备好。
美国同路线企业已经在建全球首个商业聚变电站且获得全球首张核聚变电站运营牌照，这意味着什么?聚变不再是实验室里的科学问题，而是已经进入了商业化供电阶段。一旦首座聚变电站成功并网，先行者将主导全球聚变技术标准、装备供应链和能源定价权，届时后来者再追赶，将面临标准、供应链、定价权“三重受制于人”的被动局面。所以，中国聚变产业正处于关键的战略窗口期，校企协同、产学研融合，是加速突围的必由之路。这也是福耀科大与诺瓦聚变共建研究院的意义所在。
国家“十五五”规划明确提出，推动核聚变能成为新的经济增长点，可控核聚变相关项目入选“十五五”109项重大工程项目。日前中共中央办公厅、国务院办公厅印发《关于分类推进高校改革的意见》提出“强化人才供需适配机制，完善以国家战略需求为牵引的学科专业设置调整机制和人才培养模式。”本次联合共建，正是对以上国家战略要求的首例精准响应落实。诺瓦在闽江之畔点燃的人才星火，必将照亮中国核聚变天空。",full,,trafilatura_full_text,,https://www.cinie.net/article/66054.html,中国核电信息网-国内,核电,国内核电,2026-09-24T00:29:05+00:00,零碳产业 > 能量转化 > 能源测 > 一次能源转化 > 核电 > 聚变,零碳产业,聚变,"[{""path"":[""零碳产业"",""能量转化"",""能源测"",""一次能源转化"",""核电"",""聚变""],""path_text"":""零碳产业 > 能量转化 > 能源测 > 一次能源转化 > 核电 > 聚变"",""confidence"":0.92,""reason"":""校企共建核聚变创新研究院与实验室，核心是FRC小型模块化聚变堆技术的产学研攻关。""}]",classified,2026-09-24T00:53:43.608201+00:00,glm-5.2,2026-09-10,
深圳核博会,2026-09-23,"杭州谱析光晶半导体科技有限公司完成数亿元人民币C轮融资
近日，极限环境特种功率芯片及系统企业杭州谱析光晶半导体科技有限公司(以下简称“谱析光晶”)近期完成数亿元人民币C轮融资，新进机构包括浙江嘉合长越、成都创新风险投资有限公司(成都科创投)、上海半导体装备材料产业投资基金、山东财金系基金、贵州国创等10家国资与产业资本。
据了解，资金将投向三个方向：技术研发方面，用于第四代半导体氧化镓芯片迭代，以及“SiC+氧化镓”混合功率模块的验证与研发;产能扩建方面，用于230℃级高温芯片模组产能的扩建及产线的规范化建设;业务拓展方面，用于机器人高温关节研发、太空算力与可控核聚变电源预研，以及AI算力中心电源转换系统研发。
谱析光晶公司成立于2020年。2025年，公司营收已实现2.3亿元，是赛道中少有的实现盈利的企业。团队方面，谱析光晶由四位清华大学电子系1998级本科同班同学联合创立。创始人兼CEO许一力为清华电子系本硕、中组部“万人计划”科技创业领军人才，负责公司整体战略与技术方向。CTO杨琦曾在斯伦贝谢工作15年，长期从事井下极高温系统设计，具备极端环境电子系统研发经验。CMO李鑫曾任职于中国电子体系，长期负责高端电子装备销售与市场，积累了能源、航天等领域的客户资源。
C轮之后，谱析光晶业务将继续延展，进行第四代半导体芯片的研究，实现“SiC+氧化镓”混合功率模块产品大批量出货，成为业内首家横跨第三代和第四代半导体的公司;同时开展AI算力中心算电协同业务、太空算力能源OS和聚变电源固态化等前沿研究。",full,,trafilatura_full_text,,https://www.cinie.net/article/66064.html,中国核电信息网-国内,核电,国内核电,2026-09-24T00:29:07+00:00,AI与智能科技 > AI硬件层 > 半导体,AI与智能科技,半导体,"[{""path"":[""AI与智能科技"",""AI硬件层"",""半导体""],""path_text"":""AI与智能科技 > AI硬件层 > 半导体"",""confidence"":0.9,""reason"":""谱析光晶完成C轮融资，核心是氧化镓第四代半导体功率芯片的研发与产能扩建。""},{""path"":[""AI与智能科技"",""AI硬件层"",""芯片""],""path_text"":""AI与智能科技 > AI硬件层 > 芯片"",""confidence"":0.7,""reason"":""公司主营极端环境特种功率芯片及SiC+氧化镓混合功率模块，属芯片设计与产品范畴。""}]",classified,2026-09-24T00:53:43.608201+00:00,glm-5.2,2026-09-10,
深圳核博会,2026-09-23,"中船动力集团自主研发的“核柴一号”6MW级机组在沪发布，综合性能达国际先进水准
核电应急柴油发电机组是核电厂纵深防御安全体系的核心关键设施，肩负着电厂事故工况下安全停堆、遏制事故蔓延、降低事故影响的重要使命。作为中国船舶集团有限公司旗下核心船舶动力配套企业，中船动力集团肩负着服务国家战略、争当“智慧动力、实业报国”排头兵的责任与担当，始终以最高标准、最严要求把控产品全生命周期，秉承全寿命周期可靠性设计理念，从设计源头提升应急柴油机可靠性指标和裕度。
依托成熟稳定的产品研发、制造、供应链体系，中船动力集团充分发挥内部资源整合优势，统筹用好中船沪东重机、中船动力研究院、中船动力部件、中船现代等内部优质科研与产业资源，在研制开启阶段即开展系统性可靠性设计，并结合设计、制造、试验全环节数据持续进行迭代优化。历经两年专项技术攻关和反复打磨，累计完成1000余小时可靠性试验、专项评估和充分验证，大幅提升产品运行稳定性;同步构建多元、安全、可靠、高效的供应链体系，有效化解技术壁垒与供应制约;机组搭载先进的故障监测系统，可实现智能健康管理与精准维修，智能化运维水平居行业前列。
据了解，在性能参数上，该机组综合实力全面对标国际先进水准：柴油机100%工况功率7000千瓦，机组100%功率6600千瓦，机组启动时间小于10秒，平均无故障工作时间大于2000小时，柴油机平均修复时间小于4小时，具有启动响应快、运行可靠性高、加载能力强、运维便捷等显著优势。
随着核电机组陆续进入检修高峰期，传统分散式维保模式已难以适应核电安全的新形势和新要求，尤其是现场检修能力不足、备件供应滞后、维修周期长等短板日益凸显。为此，中船动力集团着眼于核电服务保障体系建设，特别成立中船沪东重机核电服务中心。该中心将以技术和服务模式创新为驱动，构建集“备件快供、精密检修、循环复用、技能培训、品牌展示”于一体的服务平台，形成以上海为中心、辐射全国的服务网络，筑牢核电安全防线。
当前，我国核电正处于积极安全有序发展的战略机遇期。《“十五五”规划纲要》明确提出，要坚持“风光水核”多能并举、积极安全有序发展核电。截至今年7月底，我国在运、核准在建核电机组达120台，总装机约1.35亿千瓦，核电在运在建规模居世界第一。
此次全新发布的“核柴一号”6MW级核电应急柴油发电机组，与2024年12月推出的8MW级机组形成互补，将进一步完善“核柴一号”核电应急柴油发电机组产品谱系，以满足差异化应用需求，拓宽核电应急电源装备的应用场景。",full,,trafilatura_full_text,,https://www.cinie.net/article/66018.html,中国核电信息网-国内,核电,国内核电,2026-09-24T00:29:11+00:00,零碳产业 > 能量转化 > 能源测 > 一次能源转化 > 核电 > 裂变,零碳产业,裂变,"[{""path"":[""零碳产业"",""能量转化"",""能源测"",""一次能源转化"",""核电"",""裂变""],""path_text"":""零碳产业 > 能量转化 > 能源测 > 一次能源转化 > 核电 > 裂变"",""confidence"":0.9,""reason"":""核心事件是核电应急柴油发电机组发布，直接服务核电厂安全体系。""},{""path"":[""零碳产业"",""能量转化"",""能源测"",""二次能源利用"",""热驱动（热机）"",""内燃机""],""path_text"":""零碳产业 > 能量转化 > 能源测 > 二次能源利用 > 热驱动（热机） > 内燃机"",""confidence"":0.75,""reason"":""产品本体为柴油机发电机组，涉柴电动力装备研发与可靠性技术。""}]",classified,2026-09-24T00:53:52.244579+00:00,glm-5.2,2026-09-10,
深圳核博会,2026-09-23,"莫霍夫采核电站4号机组正式并网发电
据运营方斯洛伐克电力公司(Slovenské elektrárne)表示，斯洛伐克莫霍夫采核电站(Mochovce)4号机组于周一15:33正式开始发电。这标志着该机组投入商业运行前的最后一个重大阶段。
该机组于8月初达到临界状态及最小控制功率。在批准进入最新阶段的试运行之前，斯洛伐克共和国核监管局进行了全面检查并评估了相关文件。
从“物理启动”转向“能量启动”意味着，反应堆产生的热量将用于加热水并产生蒸气，从而驱动汽轮机运转发电。
接下来，反应堆的输出功率将分阶段逐步提升——依次为5%、20%、35%、55%、75%和90%——并在每个功率层级进行检查与测试后再继续提升。当功率达到20%时，机组将正式并入斯洛伐克电力系统。
最终的测试将是在100%满功率状态下连续运行144小时。
斯洛伐克电力公司董事长兼首席执行官布拉尼斯拉夫·斯特里切克(Branislav Strýček)表示：“随着这一阶段的成功完成，斯洛伐克将获得一个新的稳定电力来源。在未来数十年里，它将为国家能源安全以及实现气候目标做出重要贡献。”
莫霍夫采竣工项目总监马丁·姆拉兹(Martin Mráz)表示：“我们已成功完成了燃料装载和物理启动阶段……这一里程碑的达成，是对斯洛伐克电力公司项目团队高度专业水平以及所有参与竣工人员工作质量的肯定。”",full,,trafilatura_full_text,,https://www.cinie.net/article/66042.html,中国核电信息网-国际,核电,国际核电,2026-09-24T00:30:00+00:00,零碳产业 > 能量转化 > 能源测 > 一次能源转化 > 核电 > 裂变,零碳产业,裂变,"[{""path"":[""零碳产业"",""能量转化"",""能源测"",""一次能源转化"",""核电"",""裂变""],""path_text"":""零碳产业 > 能量转化 > 能源测 > 一次能源转化 > 核电 > 裂变"",""confidence"":0.95,""reason"":""莫霍夫采核电站裂变反应堆机组并网发电是核心事件。""}]",classified,2026-09-24T00:53:52.244579+00:00,glm-5.2,2026-09-10,
深圳核博会,2026-09-23,"卢旺达计划到2033年实现首个110兆瓦核能发电目标
2026-09-23 14:54 非洲核电 卢旺达核电
卢旺达基础设施部长达米安·穆尔瓦纳希亚卡(Damien Murwanashyaka)于9月22日(星期二)在出席参议院经济与财政委员会会议、讨论政府提高电力普及率的举措时透露了这一消息。
委员会主席富尔根斯·恩森吉尤姆瓦(Fulgence Nsengiyumva)表示，委员会考察了用电户和项目现场，旨在评估政府规划、电力容量、推广离网能源的努力以及私营部门在提升电力普及率方面的作用。
穆尔瓦纳希亚卡表示，卢旺达正在推进建设核电设施所需的各项程序，包括取得国际认证和确定合适选址。随着卢旺达政府致力于扩大全国发电能力，卢旺达预计将在2030年至2033年之间开始利用核能产生110兆瓦的电力。",full,,trafilatura_full_text,,https://www.cinie.net/article/66058.html,中国核电信息网-国际,核电,国际核电,2026-09-24T00:30:02+00:00,零碳产业 > 能量转化 > 能源测 > 一次能源转化 > 核电 > 裂变,零碳产业,裂变,"[{""path"":[""零碳产业"",""能量转化"",""能源测"",""一次能源转化"",""核电"",""裂变""],""path_text"":""零碳产业 > 能量转化 > 能源测 > 一次能源转化 > 核电 > 裂变"",""confidence"":0.9,""reason"":""卢旺达规划建设110兆瓦核电机组的发展规划为核心事件。""}]",classified,2026-09-24T00:53:52.244579+00:00,glm-5.2,2026-09-10,
深圳核博会,2026-09-23,"土耳其国家核能机构（TUNAS）与美国贸易发展署（USTDA）启动新的核能合作
土耳其与美国将合作进行一项技术研究，旨在评估美国小型模块化反应堆 (SMR) 和第四代核技术的应用潜力。这项由美国贸易与发展署 (USTDA) 资助的项目，由土耳其国有核能公司 (Turkiye Nuclear Energy，简称TUNAS) 与美国合作实施。
在纽约举行的联合国大会期间，TUNAS 和 USTDA 达成了该项目的协议。研究内容将从技术、经济、立法和许可等多个角度，对来自四家美国公司的 SMR 设计以及五种第四代反应堆技术进行评估，以确定其在土耳其的潜在应用。
研究的具体内容包括：考察反应堆设计特点、成本、许可状态、供应链、SWOT 分析、潜在融资来源和模式、许可要求、应急计划、安全考虑、选址以及相关的法律和监管框架。
该研究预计将持续至少一年，并产出相关技术报告。美国贸易与发展署将通过一份约 200 万美元的协议为该项工作提供资金支持。",full,,trafilatura_full_text,,https://www.cinie.net/article/66019.html,中国核电信息网-国际,核电,国际核电,2026-09-24T00:30:04+00:00,零碳产业 > 能量转化 > 能源测 > 一次能源转化 > 核电 > 裂变,零碳产业,裂变,"[{""path"":[""零碳产业"",""能量转化"",""能源测"",""一次能源转化"",""核电"",""裂变""],""path_text"":""零碳产业 > 能量转化 > 能源测 > 一次能源转化 > 核电 > 裂变"",""confidence"":0.92,""reason"":""核心是评估小型模块化反应堆和第四代裂变核电技术的应用潜力。""}]",classified,2026-09-24T00:53:52.244579+00:00,glm-5.2,2026-09-10,
深圳核博会,2026-09-23,"法国Framatome公司获得首个美国高浓铀核燃料合同
法国新核公司(Framatome)宣布，该公司已签署商业合同，将为美国一座正在运行的核反应堆提供全球首批铀-235 浓度高于行业标准 5% 的核燃料，用于替换反应堆燃料。
根据该协议，作为“先进燃料管理”(AFM)计划的一部分，法国新核公司(Framatome)将使用 AFM 技术，从 2028 年初开始，分批供应更高浓度的燃料。该协议包括提供一系列燃料，用于支持反应堆长期使用 AFM 燃料，并包含未来可供选择的额外燃料供应。该公司并未透露将使用该燃料的反应堆的名称。
铀-235 是铀的主要可裂变同位素，天然铀中其浓度约为 0.7%。目前运行的轻水反应堆使用的燃料为低浓铀 (LEU)，铀-235 浓缩度最高可达 4.8%。然而，含有高达 10% 铀-235 的高浓铀燃料(也称为 LEU+)有可能为目前运行的反应堆提供更好的核燃料循环经济效益。
“先进燃料管理”(AFM)是法国新核公司(Framatome)实施的一项全球综合计划，旨在提供具有更高浓缩度和更长寿命的燃料。该公司表示，将氧化铀浓缩到超过传统 5% 的含量，并结合其最新技术，可以使反应堆操作员最大限度地提高能源产量。浓缩度和寿命的提高，通过从反应堆堆芯中提取更多的循环能量，并降低运营和维护成本，从而提高经济效益。“先进燃料管理”(AFM)计划涵盖核燃料循环的所有方面，包括浓缩服务、法规许可和燃料制造基础设施。
这项先进的燃料解决方案由法国新核公司(Framatome)开发，并将于其位于华盛顿州里士兰的工厂进行生产。该工厂在过去四年中进行了升级和改造，以支持这项创新技术的实施，并获得了美国核管理委员会(NRC)的批准，可以制造浓缩铀含量更高的燃料，并生产寿命更长的燃料。
法国新核公司(Framatome)表示，这项燃料供应协议“代表着全球核工业的一个重大进展，使第一座正在运行的反应堆能够通过这项先进技术延长其燃料循环周期和寿命。该协议为创新、性能和行业合作树立了新的标杆。”",full,,trafilatura_full_text,,https://www.cinie.net/article/66038.html,中国核电信息网-国际,核电,国际核电,2026-09-24T00:30:08+00:00,零碳产业 > 能量转化 > 能源测 > 一次能源转化 > 核电 > 裂变,零碳产业,裂变,"[{""path"":[""零碳产业"",""能量转化"",""能源测"",""一次能源转化"",""核电"",""裂变""],""path_text"":""零碳产业 > 能量转化 > 能源测 > 一次能源转化 > 核电 > 裂变"",""confidence"":0.92,""reason"":""核心事件是为运行中裂变反应堆供应高浓铀核燃料的商业合同。""}]",classified,2026-09-24T00:53:52.244579+00:00,glm-5.2,2026-09-10,
深圳核博会,2026-09-23,"AtkinsRéalis 合资公司斩获 17 亿美元核电站翻新合同
AtkinsRéalis 旗下的坎杜能源(Candu Energy)与 Aecon Group 组成的合资企业，已与安大略电力公司(Ontario Power Generation，简称 OPG)签署了一份为期三年、价值 17 亿美元的合同，正式启动皮克林(Pickering)CANDU 核电站 5 号机组的翻新工程。工作内容包括更换堆芯压力管(retubing)、馈管以及蒸气发生器(RFBR)。
据了解，该项目是安大略省规模更大的核能扩张与延寿计划的一部分。该计划还包括布鲁斯(Bruce)和达灵顿(Darlington)核电站的改造工程，以及新建核电产能的规划。
AtkinsRéalis 核能业务总裁乔·圣朱利安(Joe St. Julian)表示：“作为加拿大唯一自主研发的大型核电技术，CANDU 进一步增强了国家能源的安全与独立性。CANDU 技术的显著优势在于其能够使用天然未浓缩铀运行，减少了对外国铀浓缩服务的依赖，并在地缘政治不确定时期有效加固了能源安全。”",full,,trafilatura_full_text,,https://www.cinie.net/article/66050.html,中国核电信息网-国际,核电,国际核电,2026-09-24T00:30:10+00:00,零碳产业 > 能量转化 > 能源测 > 一次能源转化 > 核电 > 裂变,零碳产业,裂变,"[{""path"":[""零碳产业"",""能量转化"",""能源测"",""一次能源转化"",""核电"",""裂变""],""path_text"":""零碳产业 > 能量转化 > 能源测 > 一次能源转化 > 核电 > 裂变"",""confidence"":0.93,""reason"":""核心事件是CANDU裂变核电站机组翻新工程合同。""}]",classified,2026-09-24T00:53:52.244579+00:00,glm-5.2,2026-09-10,
深圳核博会,2026-09-23,"Bechtel退出TerraPower钠冷却反应堆项目
2026-09-23 14:44 美国核电
美国工程、采购、施工(EPC)以及项目管理公司Bechtel决定退出TerraPower的Natrium核反应堆项目。
TerraPower表示，双方已决定各自独立发展，并将重新招标该项目的工程、采购和施工合同，用于在美国怀俄明州克梅尔市建造首座Natrium核反应堆。",full,,trafilatura_full_text,,https://www.cinie.net/article/66046.html,中国核电信息网-国际,核电,国际核电,2026-09-24T00:30:12+00:00,零碳产业 > 能量转化 > 能源测 > 一次能源转化 > 核电 > 裂变,零碳产业,裂变,"[{""path"":[""零碳产业"",""能量转化"",""能源测"",""一次能源转化"",""核电"",""裂变""],""path_text"":""零碳产业 > 能量转化 > 能源测 > 一次能源转化 > 核电 > 裂变"",""confidence"":0.9,""reason"":""核心事件是TerraPower钠冷Natrium核反应堆项目EPC合同变动，属核电裂变领域。""}]",classified,2026-09-24T00:53:58.378603+00:00,glm-5.2,2026-09-10,
深圳核博会,2026-09-23,"三星C&T联手GE、日立与Synthos进军欧洲小型模块化反应堆市场
2026-09-23 14:37 韩国核电
三星C&T公司旗下的建设部门已与GE Vernova、日立和Synthos Green Energy (SGE)公司达成合作，旨在拓展欧洲小型模块化反应堆(SMR)市场。 通过整合技术、工程总承包(EPC)和业务拓展能力，各方致力于建立一种商业模式，以便在欧洲各国重复部署标准化小型模块化反应堆。
三星C&T于23日宣布，已于22日(当地时间)与GE Vernova、日立和SGE签署备忘录(MOU)，在纽约举行的“大西洋理事会核能政策峰会”期间寻求就BWRX-300小型模块化反应堆的市场开发和商业机会进行合作。该峰会是联合国大会的配套活动。
根据这项协议，四家公司计划制定欧洲BWRX-300部署战略，并加快其商业化进程。该倡议旨在建立一种商业模式，通过结合核技术、工业能力、全球工程能力、采购能力和施工能力，以及在欧洲的区域业务拓展专长，实现对多个国家重复供应相同设计的小型模块化反应堆。
BWRX-300的设计和技术由GE Vernova Hitachi Nuclear Energy (GVH)提供，该公司是GE Vernova和日立之间的合资企业。 这种300兆瓦沸水堆通过简化和标准化设计，建立了基于成熟的商业反应堆技术。",full,,trafilatura_full_text,,https://www.cinie.net/article/66035.html,中国核电信息网-国际,核电,国际核电,2026-09-24T00:30:14+00:00,零碳产业 > 能量转化 > 能源测 > 一次能源转化 > 核电 > 裂变,零碳产业,裂变,"[{""path"":[""零碳产业"",""能量转化"",""能源测"",""一次能源转化"",""核电"",""裂变""],""path_text"":""零碳产业 > 能量转化 > 能源测 > 一次能源转化 > 核电 > 裂变"",""confidence"":0.92,""reason"":""核心事件是四方合作拓展欧洲BWRX-300小型模块化反应堆市场，属核电裂变领域。""}]",classified,2026-09-24T00:53:58.378603+00:00,glm-5.2,2026-09-10,
深圳核博会,2026-09-23,"Kairos Power获三星1亿美元投资，将为谷歌建造核反应堆
2026-09-23 10:30 美国核电
近日，凯洛斯能源公司(Kairos Power)获得了三星集团(Samsung C&T)1亿美元的投资，用于建造为谷歌服务的核反应堆。三星C&T工程公司将参与建造凯洛斯能源公司计划于2030年完成的50兆瓦示范反应堆的建设工作。
作为该交易的一部分，三星C&T将对凯洛斯能源进行股权投资，并提供“实物”工程服务，两者的结合价值高达1亿美元。凯洛斯能源方面表示，其中股权投资将占总投资额的7000万美元。
三星C&T在全球范围内参与或帮助建设了大约十几个核反应堆，拥有丰富的经验和技术实力。此次合作将有助于加速凯洛斯能源的核电项目进展。",full,,trafilatura_full_text,,https://www.cinie.net/article/66027.html,中国核电信息网-国际,核电,国际核电,2026-09-24T00:30:16+00:00,零碳产业 > 能量转化 > 能源测 > 一次能源转化 > 核电 > 裂变,零碳产业,裂变,"[{""path"":[""零碳产业"",""能量转化"",""能源测"",""一次能源转化"",""核电"",""裂变""],""path_text"":""零碳产业 > 能量转化 > 能源测 > 一次能源转化 > 核电 > 裂变"",""confidence"":0.92,""reason"":""核心事件是Kairos Power获投资建造为谷歌供电的核反应堆，属核电裂变领域。""}]",classified,2026-09-24T00:53:58.378603+00:00,glm-5.2,2026-09-10,
深圳核博会,2026-09-23,"受燃料组件问题影响 美国密歇根州帕利塞兹核电站重启计划被暂停
位于美国密歇根州卡弗特镇 (Covert Township) 的帕利萨德斯核电站 (Palisades Nuclear Power Plant) 在进行燃料装卸作业时出现问题，导致其正在进行的重启进程暂停。这座拥有50年历史的核电站，位于密歇根湖 (Lake Michigan) 沿岸，此前曾被计划作为美国首座重启的退役核电站。
“霍尔泰克” (Holtec) 公司，作为该核电站的运营方，确认在将放射性燃料棒装入反应堆时，一个燃料组件在被移动装置释放后，意外倾斜，卡在非垂直位置。由于该情况，反应堆目前无法重启。目前，工程师正在制定方案，以安全地取出受困的燃料组件，并将其转移到乏燃料池 (spent fuel pool) 中进行储存。
“霍尔泰克”公司以及美国核管理委员会 (Nuclear Regulatory Commission) 均表示，此次事件并未造成任何放射性物质泄漏，对核电站工作人员和公众不存在任何危险。公司发言人发表声明称，核工业在运行过程中遵循严格的标准，并接受联邦政府的独立监督。安全是首要任务，任何问题都会被认真评估、理解并得到解决，在采取进一步行动之前，会进行适当的验证。",full,,trafilatura_full_text,,https://www.cinie.net/article/66031.html,中国核电信息网-国际,核电,国际核电,2026-09-24T00:30:18+00:00,零碳产业 > 能量转化 > 能源测 > 一次能源转化 > 核电 > 裂变,零碳产业,裂变,"[{""path"":[""零碳产业"",""能量转化"",""能源测"",""一次能源转化"",""核电"",""裂变""],""path_text"":""零碳产业 > 能量转化 > 能源测 > 一次能源转化 > 核电 > 裂变"",""confidence"":0.9,""reason"":""核心事件是帕利塞兹核电站因燃料组件问题暂停重启，属核电裂变领域。""}]",classified,2026-09-24T00:53:58.378603+00:00,glm-5.2,2026-09-10,
第二次中国—新西兰新能源汽车对话在京举行--中国能源新闻网,2026-09-23,"第二次中国—新西兰新能源汽车对话在京举行--中国能源新闻网
中国能源传媒集团有限公司主办
能源中国IOS版
第二次中国—新西兰新能源汽车对话在京举行
9月22日，工业和信息化部总工程师王卫明与新西兰城市、环境、区域和交通部副部长克里斯·尼斯在北京共同主持召开第二次中新新能源汽车对话。
王卫明表示，建立新能源汽车对话机制是落实中新两国领导人重要共识的务实举措。双方于去年12月在新西兰惠灵顿共同举行首次中新新能源汽车对话，为两国产业合作奠定了重要基础。工业和信息化部愿同新西兰城市、环境、区域和交通部继续加强新能源汽车领域对话交流。
克里斯·尼斯表示，新能源汽车对话机制为新中双方开展新能源汽车领域政策交流搭建了重要平台，新方愿同中国工业和信息化部在该机制下继续合作。
工业和信息化部有关司局负责人参加对话。
学习贯彻四中全会精神
“十四五”能源高质量发展
2026世界新能源汽车大会在海口开幕
三峡能源、长江电力等在青海成立能源投资公司
国家绿色技术交易中心完成新一批绿色技术交易集中签约
《新能源乘用车极热环境测试方法》团体标准实施
比亚迪召回超18万辆汽车
三峡江苏泰州海陵100兆瓦渔光互补项目全容量并网发电
中企在阿塞拜疆投资建设的大型光伏项目正式并网
甘肃1至8月新能源装机占比超65%",full,,dom_or_structured_full_text,,https://cpnn.com.cn/news/xny/202609/t20260923_1917128.html,中国电力新闻网-新能源,综合新能源,新能源,2026-09-24T00:36:03+00:00,通用技术 > 通信和运输 > 物质运输 > 陆路运输,通用技术,陆路运输,"[{""path"":[""通用技术"",""通信和运输"",""物质运输"",""陆路运输""],""path_text"":""通用技术 > 通信和运输 > 物质运输 > 陆路运输"",""confidence"":0.85,""reason"":""核心事件是中新新能源汽车政府对话机制，新能源汽车属陆路运输电动化领域。""}]",classified,2026-09-24T00:53:58.378603+00:00,glm-5.2,2026-09-10,
2026世界新能源汽车大会在海口开幕--中国能源新闻网,2026-09-23,"2026世界新能源汽车大会在海口开幕--中国能源新闻网
中国能源传媒集团有限公司主办
能源中国IOS版
2026世界新能源汽车大会在海口开幕
9月22日，主题为“转型升级·韧性增长”的2026世界新能源汽车大会在海口开幕。中国科学技术协会名誉主席、世界新能源汽车大会主席万钢在“NEV50@2035：转型升级·低碳发展”主论坛作主旨报告，省委书记冯飞致辞，省长刘小明、省政协主席李荣灿出席。
万钢在“构筑增长韧性 共创汽车产业新未来”主旨报告中指出，发展新能源汽车已成为国际社会应对气候变化、推动道路交通低碳转型的共同选择。要合力通过电动攻坚、氢能拓展、智能攀升加快推动产业转型升级，实现以创新增长培育发展动能、以绿色增长拓展发展空间、以开放增长增强发展韧性。大会将在坚持绿色增长、推动全面市场化发展，坚持创新增长、统筹技术突破和安全发展，坚持开放增长、构建互利共赢的产业体系，用好合作平台、健全产业治理等方面形成共识，着力推进世界新能源汽车发展组织（WNEVDO）建设，共同推动全球新能源汽车产业迈向更具发展韧性的美好未来。海南要把握“十五五”机遇，加快新能源汽车产业发展，进一步扩大汽车消费，加强基础设施建设，推动汽车产业和市场向新向优发展。
冯飞在致辞中代表省委、省政府对中外嘉宾的到来表示欢迎，并介绍了海南自由贸易港建设进展。他表示，近年来，海南围绕汽车产业链供应链、汽车后市场服务、汽车数据跨境流动，加快建设全球新能源汽车整车及零部件展贸与交易基地、售后配件转运与售后服务支撑基地、面向国际市场特别是热区市场的汽车适配标定与测试基地，走出了一条具有自由贸易港辨识度的发展路径；将继续锚定新能源汽车“绿色化、智能化、高端化、国际化”发展方向，推动产业发展由应用示范向产业赋能、由服务国内向链接全球拓展，当好绿色低碳出行的先行者、智能网联应用的探索者、高端制造服务的实践者、国际交流合作的促进者，更好助力中国汽车产业转型升级、行业韧性增长，为建设汽车强国贡献海南力量。
中国科协党组成员罗晖主持，省政协副主席侯茂丰、德国汽车工业协会主席穆希雅、世界汽车工程师学会联合会CEO克里斯·梅森、日本汽车工业协会副会长兼专务理事松永明等参加主论坛。
主论坛举行前，万钢、冯飞、刘小明等前往展区参观。
本届大会由中国科学技术协会、海南省人民政府、科学技术部、工业和信息化部联合主办，时间为9月22日至24日。
学习贯彻四中全会精神
“十四五”能源高质量发展
三峡能源、长江电力等在青海成立能源投资公司
国家绿色技术交易中心完成新一批绿色技术交易集中签约
《新能源乘用车极热环境测试方法》团体标准实施
比亚迪召回超18万辆汽车
三峡江苏泰州海陵100兆瓦渔光互补项目全容量并网发电
中企在阿塞拜疆投资建设的大型光伏项目正式并网
甘肃1至8月新能源装机占比超65%
隆基绿能在南京成立新能源公司",full,,dom_or_structured_full_text,,https://cpnn.com.cn/news/xny/202609/t20260923_1917084.html,中国电力新闻网-新能源,综合新能源,新能源,2026-09-24T00:36:05+00:00,通用技术 > 通信和运输 > 物质运输 > 陆路运输,通用技术,陆路运输,"[{""path"":[""通用技术"",""通信和运输"",""物质运输"",""陆路运输""],""path_text"":""通用技术 > 通信和运输 > 物质运输 > 陆路运输"",""confidence"":0.88,""reason"":""核心事件是世界新能源汽车大会召开，聚焦新能源汽车产业发展，属陆路运输领域。""}]",classified,2026-09-24T00:53:58.378603+00:00,glm-5.2,2026-09-10,
科学网-我国脂肪肝患病率四成！亚太最大规模调查出炉,2026-09-23,"我国脂肪肝患病率四成！亚太最大规模调查出炉
拿到体检报告，看到“脂肪肝”三个字，很多人一笑而过——不就是吃胖了点吗，不痛不痒，能有什么大事？
但最，近一项覆盖全国2.5万多名普通人的大规模调查结果给大家提了个醒：我国成年人里，差不多每两个人就有一个查出脂肪肝，每20个人里就有1个已经出现了肝纤维化的早期信号。
9月23日，这项由东南大学附属中大医院祁小龙教授、滕皋军院士团队牵头完成的研究，发表于国际权威期刊《柳叶刀-胃肠病学和肝脏病学》。这是迄今为止亚太地区规模最大的普通人群肝脏健康调查，第一次用实打实的数据，把我国老百姓的肝脏家底摸了个底朝天。
摸清肝脏健康家底
肝脏被称为“沉默的器官”。从健康肝脏发展到肝硬化、肝癌，往往需要二三十年时间，但早期多数人没有任何症状，常规体检也很难及时发现。
事实上，脂肪肝和早期肝纤维化完全有机会通过干预逆转。今年5月，第79届世界卫生大会首次将脂肪性肝病纳入全球非传染性疾病议程，呼吁各国将其预防、筛查和管理整合进本国卫生体系。
中国是全球慢性肝病负担最重的国家之一，《柳叶刀》全球肝细胞癌负担报告指出，中国约占全球40%以上的肝癌病例。然而，普通人群中肝纤维化和脂肪肝的真实负担，长期缺乏系统的调查数据。以往关于肝病的研究，大多基于医院就诊患者，容易高估病情严重程度，难以反映广大普通人的真实患病情况。
为填补这一空白，东南大学附属中大医院科研团队依托肝脏健康联盟（CHESS），于2024年发起“中国居民肝脏健康促进项目”。项目联合多地卫生健康部门、医院、基层医疗卫生机构和疾控中心，深入居民社区，面向18岁及以上、平时住在小区里的普通成年人开展招募——这就是所谓的“社区人群”研究，目的就是摸清没生病、没去医院的普通人到底有多少肝脏问题。
研究采用无创检测方法：通过检测机械振动在肝组织中的传播速度来估算肝脏硬度，以此判断是否存在肝纤维化；同时通过肝脏脂肪衰减指标，评估肝脏脂肪堆积程度。整个检测类似做腹部B超，无需抽血、无需穿刺，几分钟即可完成。
研究结果显示，4.4%的参与者肝脏硬度达到或超过临界值，提示存在不同程度的肝纤维化；约44%的参与者存在脂肪肝。其中，与肥胖、糖尿病等代谢因素相关的脂肪肝占39.5%，酒精与代谢混合相关的占2.0%，单纯酒精性脂肪肝占1.6%。
前移肝病防治关口
研究发现，肥胖和2型糖尿病人群的肝纤维化负担尤为突出，两类人群中肝纤维化的比例均达到10.7%，约为普通人群的2.4倍。
进一步分析显示，男性、年龄偏大、超重或肥胖、腹部脂肪堆积（中心性肥胖）、糖尿病前期或2型糖尿病、高血压、血脂异常以及重度饮酒，都是肝纤维化和脂肪肝的独立危险因素。
而且，随着这些代谢危险因素数量的增加，肝纤维化风险和脂肪肝患病率呈明显上升趋势——危险因素越多，肝脏出问题的概率越高。
对普通居民来说，这项研究给出了一个很直接的提醒：没有症状，并不意味着肝脏没有风险。尤其是肥胖、糖尿病、高血压或长期饮酒的人群，更应主动关注肝脏健康。
研究团队指出，体重、血糖、血压和饮酒情况不仅关系到心脑血管健康，也与肝脏健康密切相关。通过常规体检和无创风险评估尽早发现异常，及时进行体重管理、控制代谢危险因素、减少饮酒，有望把肝病防治的时间窗口进一步前移。
课题牵头人祁小龙教授表示，目前我国国家基本公共卫生服务项目已为超过4000万糖尿病患者和1.15亿高血压患者提供规范化随访，这为在基层开展肝脏健康风险识别提供了成熟的平台基础。未来可探索将无创肝纤维化和脂肪肝风险评估，与糖尿病、高血压等重点人群的规范化随访相衔接，同步开展饮酒风险评估。结合国家正在推进的“体重管理年”活动，将肝脏健康纳入体重与代谢风险的综合管理，有望为预防肝硬化和肝癌争取更大的时间窗口。
特别声明：本文转载仅仅是出于传播信息的需要，并不意味着代表本网站观点或证实其内容的真实性；如其他媒体、网站或个人从本网站转载使用，须保留本网站注明的“来源”，并自负版权等法律责任；作者如果不希望被转载或者联系转载稿费等事宜，请与我们接洽。",full,,dom_or_structured_full_text,,http://news.sciencenet.cn/htmlnews/2026/9/572025.shtm,科学网新闻,综合科技,科技新闻,2026-09-24T00:37:13+00:00,通用技术 > 基础学科 > 医学&生物学,通用技术,医学&生物学,"[{""path"":[""通用技术"",""基础学科"",""医学&生物学""],""path_text"":""通用技术 > 基础学科 > 医学&生物学"",""confidence"":0.85,""reason"":""核心事件是脂肪肝与肝纤维化人群流行病学调查研究，属医学领域。""}]",classified,2026-09-24T00:54:05.136011+00:00,glm-5.2,2026-09-10,
科学网-2026年度 “中德博士后交流项目”获选结果公示,2026-09-23,"2026年度 “中德博士后交流项目”获选结果公示
全国博士后管委会办公室关于2026年度“中德博士后交流项目”获选结果的通知
博管办〔2026〕204号
各省、自治区、直辖市及新疆生产建设兵团人力资源社会保障厅（局），上海市人才工作局，中共海南省委人才发展局，中国科学院人才与人事局，有关博士后设站单位：
为进一步加强博士后国际交流，提升博士后培养质量，自2014年起，全国博士后管委会办公室与德国亥姆霍兹联合会所属的研究所合作开展了“中德博士后交流项目”，每年选派新近获得博士学位的优秀青年科研人员赴德开展博士后研究工作。2026年1月，全国博士后管委会办公室印发《关于开展2026年博士后国（境）外交流项目申报工作的通知》（博管办〔2026〕2号），组织开展了2026年“中德博士后交流项目”申报工作。经过个人申报、单位推荐、材料审核和德方专家评选等程序，确定了12名获选人员（名单见附件）。
全国博士后管委会办公室资助每人30万元人民币，用于获选人员的生活津贴、健康和意外伤害保险、差旅费用等，资助经费自获选人员赴德之日起，由派出单位按月转拨给获选人员。派出单位不得提取管理费，不得列支单位承担的社会保险缴纳部分。获选人员须在本通知印发6个月内赴德国开展博士后研究工作，如因办理签证等原因无法按期赴德国，应由内地派出单位以书面形式向中国博士后科学基金会报备，可适当延后，但最长不得超过6个月，否则视为自动放弃资格，须退回资助经费。应届博士毕业生须在赴德前取得博士学位。
请各有关设站单位及时通知本单位获选人员，参照《博士后国际交流计划实施细则》（博管办〔2013〕77号）有关要求，协助获选人员做好后续工作。要加强对获选人员的思想政治引领，做好行前教育和风险提示，加强日常联系、管理考核与跟踪服务，确保项目取得良好成效。如获选人员被取消或放弃资格，应及时退回资助经费。
电话：010-62335015
附件：2026年度“中德博士后交流项目”获选人员名单.pdf
全国博士后管委会办公室
特别声明：本文转载仅仅是出于传播信息的需要，并不意味着代表本网站观点或证实其内容的真实性；如其他媒体、网站或个人从本网站转载使用，须保留本网站注明的“来源”，并自负版权等法律责任；作者如果不希望被转载或者联系转载稿费等事宜，请与我们接洽。",full,,dom_or_structured_full_text,,http://news.sciencenet.cn/htmlnews/2026/9/572024.shtm,科学网新闻,综合科技,科技新闻,2026-09-24T00:37:16+00:00,未分类,,,[],unclassified,2026-09-24T00:54:05.136011+00:00,glm-5.2,2026-09-10,
科学网-遵义医科大学原党委委员、副校长王达利受贿案一审宣判,2026-09-23,"遵义医科大学原党委委员、副校长王达利受贿案一审宣判
据贵州省铜仁市中级人民法院官微消息，9月21日，该院一审公开宣判遵义医科大学原党委委员、副校长王达利受贿一案，对被告人王达利以受贿罪判处有期徒刑十一年三个月，并处罚金人民币一百二十万元；对王达利犯罪所得财物及孳息依法予以追缴，上缴国库。
经审理查明，2003年至2024年，被告人王达利在担任原遵义医学院附属医院烧伤整形外科主任、负责人、科研处处长、副院长，仁怀市人民医院院长，遵义医科大学副校长等职务期间，利用职务上的便利以及本人职权或者地位形成的便利条件，通过其他国家工作人员职务上的行为，为相关单位和个人在药品采购供应、医疗设备供应、项目承接、款项拨付等事项上提供帮助，非法收受财物共计折合2192万余元，其中部分未实际取得。
图源：贵州省铜仁市中级人民法院
铜仁市中级人民法院认为，被告人王达利的行为构成受贿罪，受贿数额特别巨大，应依法惩处。鉴于王达利归案后如实供述自己罪行，主动交代办案机关尚未掌握的部分受贿事实；受贿犯罪有未遂情节；认罪悔罪，积极退赃，受贿赃款赃物已全部追缴，具有法定、酌定从轻处罚情节，依法对其从轻处罚。法庭遂作出上述判决。
宣判后，被告人王达利当庭表示服从判决，不上诉。
据悉，铜仁市中级人民法院于近期公开开庭审理了该案。庭审中，检察机关出示了相关证据，被告人王达利及其辩护人进行了质证，控辩双方在法庭的主持下充分发表意见，王达利进行了最后陈述，并当庭表示认罪悔罪。社会各界群众40余人旁听了庭审。
特别声明：本文转载仅仅是出于传播信息的需要，并不意味着代表本网站观点或证实其内容的真实性；如其他媒体、网站或个人从本网站转载使用，须保留本网站注明的“来源”，并自负版权等法律责任；作者如果不希望被转载或者联系转载稿费等事宜，请与我们接洽。",full,,dom_or_structured_full_text,,http://news.sciencenet.cn/htmlnews/2026/9/572023.shtm,科学网新闻,综合科技,科技新闻,2026-09-24T00:37:18+00:00,未分类,,,[],unclassified,2026-09-24T00:54:05.136011+00:00,glm-5.2,2026-09-10,
科学网-刚拿世界冠军，他却主动放弃已跑通路线,2026-09-23,"刚拿世界冠军，他却主动放弃已跑通路线
文｜《中国科学报》记者徐可莹
2024年，西湖大学特聘研究员、博导于开丞带着西湖大学团队拿下计算机视觉领域顶会ECCV自动驾驶赛道的世界冠军，得分远超第二名。
几个月后，他把这条路线停了。
那是他们已经跑通、刚刚被行业认可的路线。停手意味着之前攒下的数据、工程经验和评测积累有相当一部分用不上，而新路能不能走通，当时谁也说不准，包括他自己。
今年以来，世界模型、物理AI赛道爆火，而在此之前，于开丞就已经默默耕耘多年。1993年出生的他，从山东出发，辗转中国香港、瑞士、美国等地，历经顶尖高校、享有盛名的大厂实验室，最终走上创业道路。
做“非主流”的选择
于开丞做这类决定不是第一次。2012年他参加高考，分数够上清华北大，最后填了香港大学（以下简称港大）。
他成长在一个“传统的山东家庭”，父母都在高校工作。但不那么传统的是，父母虽常常给予他大方向上的建议，却总会把最终选择权交由他自己。
那年港大在内地招生分数很高，同学中不乏各省、市状元，人才密度极高。于开丞选择港大，是他深思熟虑后的结果。“一方面在网上搜集大量资料，被学校倡导的自由探索氛围吸引；另一方面，也是因为拿到了学校的奖学金。”他笑道。填报志愿时，他选择了强电相关专业。但进入大学之后，他很快意识到这个方向并不适合自己。
于开丞从小就喜欢计算机，只是大学前接触不多，没敢直接报考计算机专业。港大的专业转换机制比较灵活，大二那年他正式转入计算机方向，并兼顾统计学课程的学习。
判断一个专业是否适合自己，于开丞不单单依靠兴趣直觉，还会评估自己的“投入产出比”。转专业需要在短时间内补上大量难度逐级提升的专业课，他也尝试过别的方向，尽管能拿到不错的成绩，却明显要投入更多精力和自律，不像计算机那般“丝滑”。
“不是表面皮毛的浅尝辄止，要钻进去实操，你很容易辨别自己内心的声音。”这是他总结出来的经验。
计算机领域技术迭代快，不断涌现新问题、新成果，这种持续创新的特质让于开丞感到兴奋。转入计算机专业后，他逐步深入探索计算机视觉、人工智能赛道。
2016年本科毕业，于开丞顺利取得瑞士洛桑联邦理工学院（EPFL）的直博offer。彼时，绝大多数中国学生申请海外博士都优先瞄准美国高校，他手上同样握着几所美国知名院校的录取通知，但最终选择远赴欧洲继续学业。
促成这一决定的主要原因是文献阅读。做本科研究时，他大量阅读计算机视觉领域的顶刊论文，洛桑联邦理工学院频繁产出重磅成果。于开丞还参加了学校面向申请者举办的开放日，实地参观之后，他更加坚定了想法。“洛桑联邦理工经费充沛，和苏黎世联邦理工两所学校加起来的总经费规模接近清华大学，整体办学体量却小很多。”
博士期间，于开丞主攻自动机器学习（AutoML），也就是业内常说的AI for AI，目标是让人工智能自己完成模型架构搜索与迭代，不再完全依靠人工设计网络结构。他是这个方向最早的研究者之一。博士三年级，他凭借一篇顶会论文拿到了全欧洲仅4个名额的“高通创新奖学金”。
于开丞在洛桑联邦理工学院博士毕业答辩。
奖学金为他打开了工业界的大门。随后，于开丞进入英特尔智慧系统实验室（ISL lab）实习。该实验室在3D计算机视觉领域享有很高声望，实验室后来的负责人跳槽苹果，主导了iPhone多项影像与视觉功能背后的算法研发。在这里，于开丞第一次真切体会到学术成果落地产业之后释放的巨大价值，也开始思考学术研究与产业应用之间客观存在的鸿沟。
实习结束赶上疫情，他又在Meta相关实验室远程工作过一段时间。博士毕业前，他又去硅谷一家创业公司工作半年，沉浸式感受了硅谷创业公司的工作氛围。
这几段工业界的经历令于开丞意识到，生化环材这类学科从实验室成果到工业落地，要经过小试、中试、大试的漫长链条；而计算机领域的相关技术，却能在实验室产出后直接接入应用。“我希望能游走在学术和产业的交界地带做最前沿的探索，不再只留在象牙塔之内，所以完全打消了进入学术界的想法。”
在“第一性原理”下找机遇
2021年9月，于开丞博士毕业回国，加入阿里巴巴达摩院自动驾驶实验室。
达摩院的氛围更像大公司内部孵化的创业团队，他有很多直接接触集团技术高管的机会，能够近距离观察及学习商业决策逻辑。于开丞发现技术能力只是事业的一部分，客户预期管理、商务交付等同样是值得重视的现实问题。
于开丞主要做自动驾驶前沿感知研究。在此过程中，他逐步意识到世界模型的重要价值。“传统自动驾驶技术本质上是‘死记硬背’，高度依赖训练数据集，题库里见过的场景，模型能够处理，遇到长尾、罕见的突发状况，就很容易出错。随着上路车辆越来越多，极端长尾场景的数据采集成本会变得极其昂贵。”他解释道。
针对这一问题，当时领域内主要有两条解决思路：第一条，生成合成数据，制造出罕见场景样本，然后喂给模型做训练；第二条，从根源上让模型学会触类旁通，具备推演未知场景的能力。显然，后者难度更高。
在达摩院内部，于开丞曾花费不少精力说服团队在世界模型方向加大投入力度，但后续达摩院业务调整，相关研发工作被搁置。可于开丞始终确信：世界模型，尤其是物理世界模型，是一个足够本质、具备巨大潜力的方向，不能就此停下。
于是在2023年，他又做了一个令人意外的决定——离开阿里，加入西湖大学，组建自主智能实验室AutoLab。
转入高校平台，是于开丞长远布局的一个选择。
现在很火热的“世界模型”在2023年还属于偏小众的概念，市场认知度不高。于开丞仔细考量过，相比企业，高校平台不需要优先考虑短期商业化，能让他更加心无旁骛地开展预研工作，且研究方向也更加自由。但与此同时，他并没有完全隔绝产业，而是持续和理想、小米等车企保持合作，坚持把产业端的真实问题带回实验室。
初入西湖大学，于开丞及团队优先选择难度相对低的第一条路线做探索，通过世界模型生成合成仿真数据。这条路很快做出了成绩，2024年他们拿下ECCV自动驾驶赛道的世界冠军，得分远超第二名。
胜利之后，于开丞反而陷入了更深层次的自我质疑：即便可以大批量生成仿真数据，其本质依旧是“死记硬背”，并没有真正解决模型触类旁通的底层问题。
于是，他带领团队将已经跑通、拿到行业认可的路线搁置，转向一条前途未卜的新路径。“尽管对团队而言有很大风险，但我们还是坚持从‘第一性原理’出发，放弃老路换赛道。”
2024至2025年，团队把研究重心转向隐空间概念世界模型。通俗讲，他们不再追求渲染逼真画面，而是模仿人类认知的过程，把物理世界的物体、状态、因果关系等抽象成概念，存储在隐空间当中。这样一来，在遇到从未见过的场景时，模型依靠已经建立的物理概念，就能自主完成推演判断。
2025年年中，团队取得关键实验结果，证明这条技术路径可行。至此，于开丞才认真推进公司化。
其实早在两年前，从阿里离职后就有人劝他直接创业。于开丞有自己的判断：原型探索阶段更适合在高校平台完成，等实验室做完原理验证之后再通过创业公司完成规模化加速，这样才能走得更稳，底层基础模型也会更扎实。
拿到过亿融资，回归本质问题
2026年初，西湖数智正式成立。公司定位是物理世界的基础大模型公司，对标语言大模型，目标是打造原生的物理大模型，而不只是给车企交付定制化解决方案。
于开丞坦言，当前物理世界模型行业所处阶段大致相当于GPT-1诞生之前，距离成熟商业化还有很长的路，所以西湖数智始终重视学术深度与产业实战的并行——团队采取类似海外Frontier Lab前沿实验室的组织模式。一方面吸纳多位高校老师以顾问形式参与，联合西湖大学共建世界模型研究中心，贡献科研思考；另一方面引入来自工业界的资深专家，以万张显卡级工程调度、多模态大模型、视频大模型研发经验保障大规模工程落地。
这也是这家初创公司能够拿到累计超亿元种子轮、天使轮融资的底层逻辑。西湖数智的投资方包括英诺基金、东方嘉富基金、正轩投资、天启资本、西湖创新投资基金、金蚂投资等硬科技投资机构。资本愿意下注，不为即时的商业化回报，而是看准了团队在赛道爆发前就已经完成的多年底层积累。
尽管已经走上创业道路，但于开丞在内心深处一直将自己定位为一个“研究者”。采访中，他反复提到一个词：科研品味。在于开丞看来，很多产业方向的嗅觉，本质上都源自科研品味。“品味决定你选择做什么，更决定你选择不去做什么。”
“如果目标只是薪资、福利，就会随波逐流；如果目标是解决一个本质问题，希望留下一点属于自己的研究成果，你的选择就会完全不同。”他分享了在洛桑联邦理工学院读博时导师传授给他的一套研发标准：要去挖掘现象背后的机理，去做具备广泛影响力的研究，而不是仅仅在已有论文的基础上搞些浅显的工程改造。
他以自己曾经的研究工作“BEVFusion”为例。当时自动驾驶领域的多传感器融合已有大量工作，大体可分为两类，但都存在对单一模态依赖较强等缺陷。他的团队跳出原有框架，提出了将激光雷达与摄像头并行编码、在统一空间中融合的鲁棒框架（BEVFusion: A Simple and Robust LiDAR-Camera Fusion Framework，发表于NeurIPS 2022），对整个领域形成较大影响。这就是他心中有价值的研究。
“建立品味没有捷径，要大量阅读、分辨问题的重要程度，区分哪些是小修小补的技巧，哪些才是真正的底层问题。”他提醒年轻博士生，不要把精力消耗在影响力有限的细碎问题上。
现在物理人工智能、世界模型赛道热度高涨，大量不同背景的从业者涌入。面对行业喧嚣，于开丞很是平静。大语言模型打开了虚拟世界的智能之门，而对物理世界的理解，至今仍是人工智能尚未完全攻克的难题。在于开丞的构想中，二者互为补充，才是完整的智能图景。
从2014年转入计算机专业算起，到2026年西湖数智成立，中间隔了11年。世界模型的风口近两年才起来，他在这条路上已经走了很久。他的说法是，“做好自己，打持久战”。
*文中图片均为受访者提供
特别声明：本文转载仅仅是出于传播信息的需要，并不意味着代表本网站观点或证实其内容的真实性；如其他媒体、网站或个人从本网站转载使用，须保留本网站注明的“来源”，并自负版权等法律责任；作者如果不希望被转载或者联系转载稿费等事宜，请与我们接洽。",full,,dom_or_structured_full_text,,http://news.sciencenet.cn/htmlnews/2026/9/572022.shtm,科学网新闻,综合科技,科技新闻,2026-09-24T00:37:20+00:00,AI与智能科技 > 具身智能 > 模型和具身操作系统,AI与智能科技,模型和具身操作系统,"[{""path"":[""AI与智能科技"",""具身智能"",""模型和具身操作系统""],""path_text"":""AI与智能科技 > 具身智能 > 模型和具身操作系统"",""confidence"":0.7,""reason"":""人物核心研究方向为世界模型与物理AI，属具身智能模型领域。""}]",classified,2026-09-24T00:54:05.136011+00:00,glm-5.2,2026-09-10,
科学网-中国科学家傅伯杰荣获2026年沃尔沃环境奖,2026-09-23,"中国科学家傅伯杰荣获2026年沃尔沃环境奖
23日，沃尔沃环境奖基金会（Volvo Environment Prize Foundation）正式宣布，2026年沃尔沃环境奖授予中国科学院院士、中国科学院生态环境研究中心研究员傅伯杰，以表彰其在社会-生态系统与可持续性科学领域的开创性贡献和将地方生态恢复与全球可持续发展相联结的卓越能力。
傅伯杰长期从事地理学与景观生态学综合研究并应用于生态保护恢复实践。
他创立了“格局—过程—服务—可持续性”综合分析方法，并在黄土高原开展多尺度土地利用与水土过程研究；发展了生态系统服务权衡分析与优化方法，研发了区域生态系统服务综合评估与优化模型系统，提出了面向生态系统服务多目标优化的土地利用配置方案。相关研究开创了景观尺度社会-生态恢复，研究成果为黄土高原生态保护恢复政策制定以及退耕还林还草工程实施提供了关键科学依据。
傅伯杰将土地退化修复、生态系统服务和可持续发展的研究从黄土高原扩展到全球干旱区，他发起和领导了全球干旱生态系统国际大科学计划（Global-DEP），入选联合国“科学促进可持续发展十年计划”。
沃尔沃环境奖评审委员会高度认可傅伯杰院士在社会-生态系统与可持续性科学领域的开创性贡献，以及他将地方生态恢复与全球可持续发展相联结的卓越能力。
评审委员会特别指出，傅伯杰院士在黄土高原和其他干旱区的工作，为全球南方国家类似的生态恢复项目与政策制定树立了典范，并成为景观尺度社会-生态恢复的全球先驱，推动了基于科学的人类福祉提升路径及2030年后可持续发展议程。
沃尔沃环境奖由沃尔沃集团于1988年捐资创立、1990年首次颁奖，由瑞典皇家科学院组织评审，被誉为环境与可持续发展领域的“诺贝尔奖”，旨在表彰在环境与可持续发展领域作出卓越科学发现和创新贡献的个人。2013年，中国科学院院士秦大河曾获得该奖项。
据悉，2026年沃尔沃环境奖颁奖典礼将于11月2日在瑞典斯德哥尔摩举行。
特别声明：本文转载仅仅是出于传播信息的需要，并不意味着代表本网站观点或证实其内容的真实性；如其他媒体、网站或个人从本网站转载使用，须保留本网站注明的“来源”，并自负版权等法律责任；作者如果不希望被转载或者联系转载稿费等事宜，请与我们接洽。",full,,dom_or_structured_full_text,,http://news.sciencenet.cn/htmlnews/2026/9/572021.shtm,科学网新闻,综合科技,科技新闻,2026-09-24T00:37:22+00:00,未分类,,,[],unclassified,2026-09-24T00:54:05.136011+00:00,glm-5.2,2026-09-10,
科学网-吴卫星履新对外经济贸易大学校长,2026-09-23,"吴卫星履新对外经济贸易大学校长
对外经济贸易大学迎来新任校长。
据微信公众号“微言教育”消息，2026年9月23日，教育部党组在对外经济贸易大学宣布了有关任免决定，吴卫星同志任对外经济贸易大学校长、党委副书记，赵忠秀同志不再担任对外经济贸易大学校长、党委副书记职务。
此前，吴卫星担任首都经济贸易大学校长、党委副书记。
公开资料显示，吴卫星，男，汉族，1974年10月生，湖北荆门人，研究生，理学博士，教授，1995年12月加入中国共产党。
他曾长期任职于对外经济贸易大学，担任过对外经济贸易大学金融学院党委副书记、院长，研究生院常务副院长，研究生院院长等职，于2020年7月任对外经济贸易大学党委常委、副校长。
2023年5月，吴卫星调任首都经济贸易大学党委副书记、校长，至此番履新。
吴卫星主要研究方向为家庭金融、金融风险管理与资产定价，主持国家社科基金重大项目、重点项目和国家自然科学基金面上项目、霍英东青年教师基金等科研项目十余项。
对外经济贸易大学是新中国第一所培养对外贸易专门人才的高等学府，创建于1951年，前身为隶属于中央人民政府贸易部的高级商业干部学校。该校是教育部直属高校、教育部与商务部共建高校、首批国家“双一流”建设高校和首批“211工程”建设高校。
（原标题：首都经济贸易大学校长吴卫星履新对外经济贸易大学校长）
特别声明：本文转载仅仅是出于传播信息的需要，并不意味着代表本网站观点或证实其内容的真实性；如其他媒体、网站或个人从本网站转载使用，须保留本网站注明的“来源”，并自负版权等法律责任；作者如果不希望被转载或者联系转载稿费等事宜，请与我们接洽。",full,,dom_or_structured_full_text,,http://news.sciencenet.cn/htmlnews/2026/9/572020.shtm,科学网新闻,综合科技,科技新闻,2026-09-24T00:37:24+00:00,未分类,,,[],unclassified,2026-09-24T00:54:05.136011+00:00,glm-5.2,2026-09-10,
科学网-比丝绸之路早1800年，天山东麓已是“人群十字路口”,2026-09-23,"比丝绸之路早1800年，天山东麓已是“人群十字路口”
天山横亘，戈壁苍茫。东天山位于我国新疆东部，是连接河西走廊与欧亚草原的咽喉要道，也是古丝绸之路北道的重要枢纽。长期以来，该地发现了来自甘青地区和欧亚草原的多种文化因素。
这些文化因素的交汇，究竟意味着怎样的人群往来？几千年前在东天山地区栖息繁衍的“老祖宗”古人类究竟从何而来，又如何发展融合？系统的古基因组证据或许会很好地解答这一谜题。
中国科学院古脊椎动物与古人类研究所研究员付巧妹团队，与吉林大学教授崔银秋团队及多家单位合作，首次系统建立了东天山地区青铜时代至铁器时代的古基因组时间序列，揭示出一段比古丝绸之路早约1800年、持续近两千年的人群融合史。9月18日，相关研究成果发表于《科学》。
新疆东天山青铜时代至铁器时代人群遗传演化历史示意图。研究团队供图
东天山人群的“双源”基因密码
通过大规模古基因组测序与分析，研究获得了新疆东天山地区11处考古遗址、135例古代个体的全基因组数据，年代跨度约距今3580至1546年。其中，青铜时代主体人群以天山北路墓地为代表。
分析结果显示，这一人群具有此前尚未被识别的遗传组成——约一半祖先成分来自黄河流域中晚期新石器时代粟作农业人群相关的东亚祖源，另一半则来自北亚阿尔泰山—准噶尔地区切木尔切克文化相关人群。
研究人员表示，这是目前在新疆地区发现的有关上述两类人群成分融合的最早遗传学证据，首次从基因组层面清晰揭示了青铜时代东天山主体人群是东亚和北亚的组合。
除主体人群外，团队还发现少量离群个体，其遗传构成具有显著多样性。据介绍，南湾墓地的一例个体，主要携带北亚切木尔切克文化人群的成分，同时还混有中亚南部巴克特里亚—马尔吉亚纳考古文化复合体人群的血统，而泉儿沟墓地的离群个体，则分别带有蒙古北部新石器时代人群和哈萨克斯坦东部青铜时代中晚期人群的遗传印记。
据研究人员介绍，早在青铜时代，东天山地区的人群交流范围已向东延伸至黄河流域，向北连接蒙古高原及阿尔泰地区，向南深入中亚南部，是一个多方向人群汇聚与遗传融合的关键区域。
“这一结果提示，粟作农业及相关文化因素并不仅仅是作物或技术的传播。”研究人员强调，在东天山地区，这一过程很可能还伴随着相关人群的迁徙与基因交流，来自不同方向的人群流动共同塑造了青铜时代东天山的人群结构。
“根基稳固、枝叶繁茂”
经过进一步的群体遗传学分析，团队发现，尽管铁器时代东天山与周边地区的人群交流明显增强，但多个铁器时代人群依然继承了较高比例的青铜时代东天山核心遗传成分。
该结果表明从青铜时代到铁器时代，东天山地区的人群遗传结构并未发生断裂，反而呈现出一种“根基稳固、枝叶繁茂”的格局。
在此基础上，不同遗址的人群进一步吸收了来自黄河流域、蒙古高原、欧亚草原和中亚南部等多方向的遗传成分。例如，石人子沟遗址人群保留了以阿凡纳谢沃文化人群相关成分为代表的早期草原人群遗传信号，而多个铁器时代人群则受到青铜时代中晚期草原人群的遗传影响。
“铁器时代东天山人群，是在本土青铜时代遗传基础上，通过多方向、多阶段的融合逐渐形成的。”研究人员表示，一种本土延续与开放融合并行的模式，贯穿了这片土地近两千年的人群演化史。
丝路之前，人群早已往来
综合上述研究结果，研究人员表示，东天山地区持续的人群互动历史，已可追溯至历史丝绸之路形成前约1800年。
换言之，在人们熟知的张骞‘凿通西域’、开拓丝绸之路之前，连接黄河流域、河西走廊、新疆以及欧亚大陆腹地的人群交流通道，早已形成并发展了很长时间。
这一判断，得到了遗传证据的支撑。从青铜时代开始，来自黄河流域、蒙古高原、欧亚草原及中亚南部等不同区域的人群祖源，便已在东天山地区汇聚融合，到了铁器时代，青铜时代形成的本土人群遗传基础继续得到大比例保留，同时跨区域人群交流进一步加强。
由此，一个持续近两千年的动态过程得以被清晰揭示：以青铜时代形成的东天山本土人群为重要基础，在保持区域遗传连续性的同时，不断参与更广泛的欧亚大陆人群交流。
研究结果显示，这一以人群遗传延续为主体、多方向人群不断汇聚并长期融合的历史过程，反映了中华文明形成与发展中多区域互动、交流互鉴和融合共生的特征。
研究人员表示，这一结果为深入理解新疆地区在中华文明与欧亚大陆交流中的重要地位，以及中华民族多元一体格局的形成，提供了新的古基因组学视角。
相关论文信息：doi.org/10.1126/science.adv.1295",full,,dom_or_structured_full_text,,http://news.sciencenet.cn/htmlnews/2026/9/572019.shtm,科学网新闻,综合科技,科技新闻,2026-09-24T00:37:26+00:00,未分类,,,[],unclassified,2026-09-24T00:54:11.264435+00:00,glm-5.2,2026-09-10,
科学网-研究发现全球陆地热浪正来得更早、发展得更快,2026-09-23,"研究发现全球陆地热浪正来得更早、发展得更快
中国科学院华南植物园副研究员徐文芳、研究员刘菊秀联合北京大学教授袁文平等科研人员研究发现，自1979年以来，全球陆地热浪开始时间显著提前、结束时间显著推迟，热浪季节明显延长；进入21世纪以来，发生快速起始型首次热浪的陆地面积占当年热浪影响区面积的比例显著增加。9月23日，相关成果发表于《自然-气候变化》（
Nature Climate Change
近年来，极端高温已成为全球气候风险治理的重要议题。2024年，联合国秘书长古特雷斯发布《极端高温行动呼吁》（Call to Action on Extreme Heat），呼吁国际社会加强对极端高温的协同应对。2026年7月31日，古特雷斯再次就全球极端高温发出警示，指出地球升温的速度正在超过人类采取应对行动的速度，并强调加强热健康行动计划和早期预警。今年夏季，欧洲多地遭遇严重高温，西欧经历了有记录以来最热的6月，多国局地气温超过40摄氏度，极端高温及其健康风险再次受到广泛关注。在全球持续变暖背景下，热浪不仅变得更加频繁、强烈和持久，是否也正在来得更早、发展得更快？
研究团队基于1979-2023年全球气候数据，系统分析了全球陆地热浪开始时间、结束时间、热浪季节长度及每年首次热浪起始速度的长期变化，并利用多个独立气候数据集对结果进行交叉验证。结果显示，全球陆地首次热浪发生时间平均每10年提前约3.3天，过去45年总体提前约2周；最后一次热浪结束时间平均每10年推迟约5.4天，45年间总体推迟约24天；热浪季节平均每10年延长约8.7天，45年间总体延长约39天。从空间范围看，全球72.0%的陆地区域呈现热浪提前发生趋势，79.6%的区域呈现热浪推迟结束趋势，92.1%的区域呈现热浪季节延长趋势，其中干旱地区的变化总体更为明显。
研究团队进一步根据每年首次热浪从开始到温度峰值所经历的相对时间，将其划分为快速、中等和缓慢三种起始类型。结果发现，2001-2023年，快速起始型首次热浪的陆地面积占当年热浪影响区面积的比例呈显著上升趋势，表明近年来全球陆地首次热浪呈现向快速起始转变的趋势。这意味着，刻画高温风险不仅需要关注“热到什么程度”和“持续多久”，还需要关注“何时到来”和“多快达到高温峰值”。
该研究从热浪发生时间和起始速度两个维度深化了对全球热浪长期变化的认识。以往研究更多关注热浪的频率、强度、持续时间和影响范围，此次研究表明，热浪何时开始、何时结束及多快达到峰值，同样是认识和评估高温风险的重要指标。研究还发现，热浪季节延长增加了农作物在关键生育阶段遭遇高温的风险。2001-2023年，全球部分主要作物在开花、抽丝等关键生殖生长阶段的热浪暴露面积占比较1979-2000年增加1.6%-13.3%，热浪影响进一步向作物生育期的前期和后期扩展。
论文第一作者兼共同通讯作者徐文芳指出，过去我们更多关注热浪是否变得更频繁、更强、更持久。这项研究进一步表明，热浪发生时间和起始过程也正在改变。如果热浪来得更早、达到峰值更快，留给社会和生态系统准备和适应的时间窗口可能进一步缩短。因此，有必要提高热浪监测预警和应急响应的时效性，推动预警信息及时转化为风险应对行动。
这一发现也为完善极端高温风险监测和早期预警提供了新的科学视角。联合国正在通过“全民早期预警”（Early Warnings for All）倡议推动提升全球极端天气预警能力。研究表明，在高温监测和风险评估中，除温度强度和持续时间外，进一步关注热浪何时开始、何时结束以及事件达峰速度，有助于更全面地识别不断变化的高温风险，并为公共卫生、农业生产、生态保护和能源保障等领域制定适应措施提供科学依据。
相关论文信息：https://doi.org/10.1038/s41558-026-02762-2",full,,dom_or_structured_full_text,,http://news.sciencenet.cn/htmlnews/2026/9/572018.shtm,科学网新闻,综合科技,科技新闻,2026-09-24T00:37:28+00:00,未分类,,,[],unclassified,2026-09-24T00:54:11.264435+00:00,glm-5.2,2026-09-10,
科学网-新策略有望让红斑狼疮患者实现无药缓解,2026-09-23,"新策略有望让红斑狼疮患者实现无药缓解
“红斑狼疮”，名称源自拉丁语中的“狼”（Lupus）和“发红”（Erythematosus）——因部分患者面部会出现类似狼咬伤痕迹的红斑而得名。它并非简单的皮肤病，而是一种可能累及全身多个器官的自身免疫性疾病。
长期以来，病情反复、难以停药，一直是困扰红斑狼疮患者的难题。近日，华中科技大学同济医学院附属协和医院（以下简称武汉协和医院）风湿免疫科李秋柏教授团队通过Ⅰ期临床试验，首次验证了CD3×CD19 T细胞衔接器治疗系统性红斑狼疮的可行性，为红斑狼疮的“免疫重置”治疗开辟了新路径。9月10日，相关研究成果发表于《自然·医学》。
病与药的“两难”
正常情况下，人体免疫系统产生的抗体能够抵御外来病原体，但红斑狼疮患者体内的部分抗体却将人体自身正常细胞组织当成攻击对象。这种异常的免疫反应可能引发皮疹、脱发、关节疼痛，甚至累及心脏、肾脏等多个器官。
长期以来，临床上主要依靠糖皮质激素和免疫抑制剂控制病情。但长期用药可能带来满月脸（表现为脸部肿大）、高血糖、骨质疏松、感染等不良反应，严重时，药物副作用造成的损害甚至可能超过疾病本身。
李秋柏告诉《中国科学报》，自己曾接诊过一名红斑狼疮患者，因长期接受大剂量激素等药物治疗，身体发育受到严重影响，原本27岁的女性，外貌看起来仍像一名“小学生”，“看着让人心情沉重”。
对不少患者而言，这种疾病带来的困扰会延展到婚恋、生育、就业和社会交往，一些人因为害怕药物副作用而自行减药、停药，结果导致病情再次复发。
近年来，贝利尤单抗等生物制剂为患者提供了新的治疗选择，但部分患者仍需联合使用免疫抑制剂，难以摆脱长期用药。国际上最新的CAR-T细胞疗法使部分患者实现了长期“无药缓解”，但其细胞制备流程复杂、治疗费用非常高昂，并且通常还需提前进行淋巴细胞清除化疗，增加治疗风险。
“有没有一种办法能达到类似CAR-T的治疗效果，并且不用化疗，确保治疗既有效、又安全，且经济？”带着这个问题，李秋柏团队开启了长达数年的治疗路径探索。
免疫治疗的“连接器”
2022年底，长期从事血液病诊疗的李秋柏转任武汉协和医院风湿免疫科主任。此前，他在血液科已接触过一种用于治疗白血病的新技术——T细胞衔接器（TCE）。既然这种技术能够利用人体自身的免疫细胞清除肿瘤细胞，能否将其用于治疗红斑狼疮？
李秋柏介绍，人体内的T细胞能够识别并清除异常细胞，B细胞则负责产生抗体。红斑狼疮的发生与B细胞产生攻击自身组织的抗体密切相关。如何调动T细胞清除这些B细胞，成为研究的关键。
该团队采用的CD3×CD19 T细胞衔接器是一种双特异性抗体。“这个抗体就像有两只手，”李秋柏解释，它一端抓住T细胞表面的CD3分子，另一端抓住B细胞表面的CD19分子，将两类细胞拉到一起，激活T细胞，进而清除B细胞。
与CAR-T疗法不同，这种方法无需将患者的T细胞取出进行体外基因改造，而是通过注射抗体，直接调动患者体内的T细胞发挥作用，并且无需提前进行淋巴细胞清除化疗。
2023年，该团队完成研究方案设计及伦理审批等准备工作，2024年正式启动患者入组，开展全球首个公开注册的CD3×CD19 T细胞衔接器治疗系统性红斑狼疮的Ⅰ期临床试验。
经过12个月随访，10名可评估患者全部达到SRI-4临床应答标准，其中8人达到狼疮低疾病活动状态，6人达到更严格的临床缓解标准，患者的激素用量也明显下降。
李秋柏（中）团队会诊。协和医院供图
无药缓解的“希望”
“目前已有部分病人实现了无药缓解。”李秋柏告诉《中国科学报》，在临床试验结束后的后续观察中，一些患者停药后仍保持病情稳定。
所谓“无药缓解”，就是患者在不服用治疗药物的情况下，疾病维持缓解。对于长期依赖激素和免疫抑制剂的红斑狼疮患者而言，这意味着有机会摆脱长期用药带来的副作用负担，重新回归正常生活。
这项研究的价值不仅在于探索一种新药，更在于开辟了一条新的治疗路径。与CAR-T疗法相比，T细胞衔接器无需进行个体化细胞制备，相反能够实现标准化生产，并根据患者的治疗反应调整剂量。这意味着，未来它有望大幅降低治疗成本，让更多患者受益。
这一治疗策略也为干燥综合征、类风湿关节炎等其他自身免疫性疾病提供了新的研究思路。李秋柏表示，未来他和团队还将开展更大规模的临床试验和长期随访，进一步验证这一方法的疗效和安全性，探索这一治疗策略在更多自身免疫性疾病中的应用。
采访的最后，李秋柏向红斑狼疮患者及相关方面提出四点建议：第一，患者要对治疗有信心，红斑狼疮并非不治之症，通过规范治疗，许多患者能够恢复正常生活；第二，不要因为担心药物副作用而擅自减药、停药，应在医生指导下调整治疗方案；第三，不要轻信一些所谓的‘偏方’‘秘药’，避免造成损失、耽误治疗；第四，家人、亲友及社会，应给予红斑狼疮患者更多理解与关怀，为他们正常学习、工作、婚恋和生育创造良好环境。
“‘红斑狼疮’听起来很可怕，实际上并不传染，也并非不可治疗，随着医学科学的发展，未来它有望被彻底攻克。希望大家不要对这个疾病产生恐惧、偏见乃至歧视。”李秋柏呼吁。
https://rdcu.be/ifWuWLtiJpba",full,,dom_or_structured_full_text,,http://news.sciencenet.cn/htmlnews/2026/9/572017.shtm,科学网新闻,综合科技,科技新闻,2026-09-24T00:37:31+00:00,通用技术 > 基础学科 > 医学&生物学,通用技术,医学&生物学,"[{""path"":[""通用技术"",""基础学科"",""医学&生物学""],""path_text"":""通用技术 > 基础学科 > 医学&生物学"",""confidence"":0.9,""reason"":""核心事件是红斑狼疮免疫治疗的临床试验，属医学与疾病机理研究。""}]",classified,2026-09-24T00:54:11.264435+00:00,glm-5.2,2026-09-10,
科学网-第三十三届杨凌农高会和2026上合农博会新闻发布会在京举行,2026-09-23,"第三十三届杨凌农高会和2026上合农博会新闻发布会在京举行
9月23日，第三十三届中国杨凌农业高新科技成果博览会（以下简称杨凌农高会）和2026上合组织农业博览会（以下简称上合农博会）新闻发布会在北京举行。中国农业展览协会副会长杨培生介绍了第三十三届杨凌农高会和2026上合农博会筹备情况。中国农业科技国际交流协会会长冯忠武，中国农业国际合作促进会会长贾广东，杨凌示范区党工委委员、管委会副主任刘仲山出席发布会并回答记者提问。
第三十三届杨凌农高会和2026上合农博会新闻发布会在京举行。主办方供图
发布会介绍，本届杨凌农高会以“新质生产力·农业新未来”为主题，将于10月25日至29日在陕西省杨凌示范区举办。
展览展示方面，持续深化“线下线上融合、馆内馆外结合、国内国外联动”展示模式，构建室内展、田间展、云上展、海外展四位一体展览格局，总展览面积14万平方米，设置农业高新科技成果展、国际农业交流合作展、农业实用技术推广展、国际农业装备展、陕西特色现代农业展等9大展区，目前已有50多个国家和地区2000余家企业报名参展。
田间展是杨凌农高会极具辨识度的特色展示板块。重点围绕现代种业、耕地保护、特色农业、乡村振兴等重点方向，聚焦小麦、玉米、苹果、猕猴桃、奶山羊等旱区优势特色产业，在杨凌区内以及陕西省市县布局30多个集中展示点与示范推广点，把品种、技术、装备、模式搬到生产一线，让农业科技看得见、学得会、可复制、能推广。
海外展是杨凌农高会另一大特色板块。乌兹别克斯坦、哈萨克斯坦、俄罗斯、澳大利亚落地4站农高会海外巡展，组织近80余家国内涉农企业走出国门。10月，还将接续在吉尔吉斯斯坦、肯尼亚举办海外展，推动农业技术、装备、农产品双向互通。
云上展依托数字平台，推出全景线上展览、活动直播、成果发布、科技服务、农技培训等系列内容，打破空间壁垒，实现全天候在线观展、成果共享、农技服务。
在会议活动方面，围绕会议论坛、成果发布、投资贸易、行业赛事四大板块，统筹举办6项重点活动和22项配套活动；权威发布《2026中国旱区农业技术发展报告》《2026中国农业产业投资报告》，邀请企业发布新技术、新产品、新装备、新模式；组织开展未来农业产业发展大会、国家级农业龙头企业招商对接、全国“百县百品、富民强县”系列直播活动；举办中国好苹果大赛（2026）总决赛、后稷奖评选等赛事活动，激发创新活力。
据介绍，杨凌农高会创办于1994年，已经成功连续举办32届，是国际展览业协会认证展会、全国5A级农业综合展会、中国驰名商标，被誉为农业领域“奥林匹克盛会”。展会累计汇聚全国34个省（区、市）、全球80多个国家和地区3万余家涉农企业、科教机构参展，吸引3500多万客商群众参会，参展项目及产品超过20万项，在汇聚展示国内外农业科技创新成果、普及推广农业实用技术、加快农业科技成果产业化、服务保障国家粮食安全、助力乡村振兴，以及深化农业国际合作交流等方面作出了积极贡献。
发布会介绍，同期举办的2026上合农博会主题是“深化务实合作·共绘发展蓝图”，设置上合组织国家农业展、农业高新科技成果展、跨境商品消费体验展等专题展览，并举办2026上合组织现代农业发展圆桌会议、上合组织农业合作与发展大会等9项活动。
两大展会一体筹办、协同发力，将进一步强化科技成果展示、示范推广、产业合作、国际交流四大平台功能，持续增强国际化、专业化、现代化、体系化、品牌化办会能力，赋能旱区农业新质生产力策源地建设，以高水平开放合作推动农业高质量发展，为保障国家粮食安全、全面推进乡村振兴、加快建设农业强国贡献杨凌智慧和力量。",full,,dom_or_structured_full_text,,http://news.sciencenet.cn/htmlnews/2026/9/572016.shtm,科学网新闻,综合科技,科技新闻,2026-09-24T00:37:33+00:00,未分类,,,[],unclassified,2026-09-24T00:54:11.264435+00:00,glm-5.2,2026-09-10,
科学网-湖北省发布部分省级技术创新计划项目申报通知,2026-09-23,"湖北省发布部分省级技术创新计划项目申报通知
省科技厅关于组织申报2026年部分省级技术创新计划项目的通知
各市、州、直管市、神农架林区科技局，各扩权县（市、区）科技管理部门，东湖高新区科创局，各有关单位：
为贯彻省委十二届十二次全会精神，落实省政府有关科技创新决策部署，促进科技创新和产业创新深度融合。拟组织开展部分省级技术创新计划项目申报工作。有关事项通知如下：
本次申报的省级技术创新计划项目包括重大科技项目和重点研发项目，涵盖前沿技术、高新技术、农业科技、社会发展等四个领域（具体领域方向见附件）。
申报单位网上申报截止时间为2026年10月26日17时，逾期系统将自动关闭无法提交申报材料。推荐单位网上审核推荐截止时间为2026年10月28日17时。
1．重大科技项目以企业、重大科技创新平台为牵头主体，联动产业链上下游、高校、科研院所、医疗卫生机构等创新力量，突出成果战略导向、原创引领与产业契合度，能形成“首发、首创、首款”的标志性创新产品，赋能新质生产力加速发展。重大科技项目牵头申报单位为高校、科研院所和新型研发机构的，须联合省内企业联合申报。
2．重点研发项目应聚焦生产一线亟需的关键核心技术、共性技术难题，须契合指南方向、研发内容明确，能形成自主知识产权的技术、产品与装备，项目期满可落地应用。项目名称应科学规范，突出创新点或关键攻关问题，原则上以“XXX技术研发”为后缀，不得简单照搬指南表述。
3．项目牵头申报单位应为湖北省内注册，具有独立法人资格，正常运行满一年的企事业单位（截至2026年9月30日），有较强的科技研发能力和条件，运行管理规范，对于无研发机构、无研发活动的企业，将不予受理申报省级科技计划项目。存在省级科技计划项目验收（结题）未通过、项目逾期未提交验收申请的企业不得申报新项目。
4．引导企业加大研发投入。企业研发投入情况需满足以下条件：销售收入＞2亿元，研发费用占销售收入比例≥3％或研发费用≥800万元；5000万元≤销售收入≤2亿元，研发费用占销售收入比例≥4％或研发费用≥400万元；销售收入＜5000万元，研发费用占销售收入比例≥5％且研发费用≥50万元。销售收入、研发费用、研发费用占销售收入比例以企业提供的近三年营业收入、研发费用、研发费用占销售收入比例三年最高值为准。
5．强化自筹经费投入占比。重大科技项目申报单位自筹配套经费占项目总经费比例不低于60％，重点研发项目由企业牵头申报的自筹配套经费占项目总经费比例不低于60％。
6．项目负责人应为牵头申报单位的在职人员，须具有高级职称或博士学位，原则上为1966年1月1日以后出生（院士可放宽至1961年1月1日），每年用于项目的工作时间不少于6个月。项目牵头申报单位可从外引进或聘请专家作为技术负责人。牵头申报单位为企业的，项目负责人可不受职称或学历限制，可由企业负责人或企业研发管理人员担任。
7．鼓励产学研合作。合作单位应具备独立法人资格，申报书中应提供合作协议书，牵头单位应承担主要研发任务，项目经费分配要与研发任务合理匹配。
8．鼓励项目申请单位设立科研助理岗位，吸纳高校毕业生参加科研工作，按规定从项目“劳务费”科目据实列支劳务性报酬和社会保险补助等。支持开展科普活动，项目团队应开展与研究内容相关的科普活动，相关经费可在项目预算中列支。
9．优先支持青年人才作为项目负责人实施省级技术创新计划，男性为1985年1月1日及以后出生，女性为1982年1月1日及以后出生。技术创新计划中青年科技人才牵头承担项目数量占比不低于30％。
1．同一项目研究内容不得重复申报，不得通过变换课题名称、项目负责人等方式同时在不同省级科技计划和其他科研项目中进行多头或重复申报，凡属重复或同时申报的，取消立项资格。
2．项目负责人同一年度只能同时申报1项省级科技计划项目。已承担在研省级科技计划项目未结题验收或3年内项目验收不通过的项目负责人，不得申报新的省级科技计划项目。本通知网上申报截止时间前，在研省级科技计划项目已提交验收申请且具备验收条件（须推荐单位和项目主管处室审核通过），暂不列入限项范围，若后续验收不通过，取消立项资格。
3．同一企业本年度最多可申报3项省级科技计划项目（不含基础研究计划项目、奖补性定向委托项目）。
（三）资助额度及实施期限
1．重大科技项目单个项目支持额度为500万元－1000万元／项，重点研发项目单个项目支持额度为100万元、200万元、300万元。根据财务评审专家审减资金建议确定最终项目资金总量。项目支持额度确定为100万元的，资金一次性拨付；项目支持额度确定为100万元以上的，资金按照前两年各50％比例分期拨付。资金按照前两年各50％比例分期拨付。牵头申报单位为企业的，鼓励与高校院所开展产学研合作创新，其上一年度销售收入或注册资本原则上不低于申请省级财政补助经费额度，应提供近三年财务审计报告、研发投入情况等佐证材料。
2．重大科技项目实施周期原则上为3年，实施期自2026年10月至2029年10月；项目须设置年度“里程碑”阶段性考核指标，于2027年11月底前提交年度执行报告。
重点研发项目实施期原则上为2年，项目起始时间统一为2026年10月，申请支持额度为100万元以上的，项目须设置年度“里程碑”阶段性考核指标，于2027年11月底前提交年度执行报告。
3．申报单位应据实编制项目总预算，合理可行。申请财政资金应专款专用，用途应符合相关财政科技资金管理规定。项目一经立项，项目资金总投入和绩效目标不予调整，资金申请额与实际下达资助额之间的差额部分，由项目申请单位和参与单位自筹资金补足。
（四）其他有关要求
1．重大科技项目采用军令状模式管理，项目立项后，项目负责人、牵头申报单位、主管部门与省科技厅签署军令状。申报单位编制项目申报书时，应将项目指南中该项目的所有考核指标作为最低项目考核指标，项目考核指标将作为项目立项评审的重要考量，并纳入项目立项后军令状和项目验收的相关内容。
2．项目申报单位和项目负责人在申报时须签署科研诚信承诺书，对申报项目及相关材料的真实性和合法性负责。相关责任主体在项目申报和立项过程中有抄袭剽窃、弄虚作假等失信行为的，按照相关规定记入科研失信名单。
3．开展涉及人的生命科学和医学研究、实验动物和动物实验、人工智能等属于《科技伦理审查办法（试行）》（国科发监〔2023〕167号）第二条所列范围科技活动的项目，需严格遵守国家相关法律法规、伦理规范和省科技厅《关于加强湖北省科技计划项目科技伦理监管的实施方案》（鄂科技发监〔2026〕3号）有关要求，依规开展科技伦理审查，并自觉接受有关方面的监督。
4．不受理涉密项目申报，材料不得含有涉密信息。
（一）项目申报单位登录方式。直接登录“湖北省科技计划项目管理平台”（https://kjt.hubei.gov.cn/jhgl）申报。项目申报单位应登录管理平台核实并完善单位信息，经确认无误后，由项目负责人依据对应类别项目要求填写项目申报书。
（二）提交项目申报书。在线填写项目基本信息表，并上传诚信承诺书（签字盖章）、项目申报书封面（盖章）、项目申报书正文以及相关附件材料（新单位注册按照网站指引进行，附件材料清单见平台系统）。
（三）项目推荐。按属地、属人管理原则，由各市（州、林区）科技局、各扩权县（市、区）科技管理部门、东湖高新区科创局、部分高校院所及中央在鄂单位、省直部门（省属企业可由省国资委负责推荐）作为推荐单位统一推荐。各推荐单位对是否有研发机构、研发活动以及企业经营是否正常等认真审核后，登录“湖北省科技计划项目管理平台”进行网上推荐，并下载推荐函汇总表盖章后线上提交。
1．资源配置处，027－87135857
2．前沿技术与重大任务处，027－87135877
3．高新技术处，027－87135817
4．农业科技处，027－87135809
5．社会发展科技处，027－87135867
（二）网上申报技术咨询，027－87135733
2026年度部分湖北省重大科技项目指南
2026年度部分湖北省重点研发项目指南
特别声明：本文转载仅仅是出于传播信息的需要，并不意味着代表本网站观点或证实其内容的真实性；如其他媒体、网站或个人从本网站转载使用，须保留本网站注明的“来源”，并自负版权等法律责任；作者如果不希望被转载或者联系转载稿费等事宜，请与我们接洽。",full,,dom_or_structured_full_text,,http://news.sciencenet.cn/htmlnews/2026/9/572015.shtm,科学网新闻,综合科技,科技新闻,2026-09-24T00:37:35+00:00,未分类,,,[],unclassified,2026-09-24T00:54:11.264435+00:00,glm-5.2,2026-09-10,
科学网-美国牵头的巨型望远镜项目拒绝西班牙备用选址,2026-09-23,"美国牵头的巨型望远镜项目拒绝西班牙备用选址
据《科学》报道，近日西班牙加那利天体物理研究所（IAC）发表声明称，30米望远镜（TMT）项目拒绝了西班牙支付10亿欧元让TMT建在拉帕尔马岛上的报价。
TMT是美国领导的两大新一代大型地面望远镜项目之一。最初，该项目计划落地美国夏威夷莫纳克亚山，但遭到视该山为圣地的夏威夷原住民反对，项目因此停滞。
鉴于此，规划者不得不决定换址，于是考察了加那利群岛、智利等合适的地点，结果西班牙拉帕尔马岛凭借完善的基础设施和便捷的交通条件脱颖而出。
西班牙政府对此很支持。2025年，西班牙提出，如果该项目建在拉帕尔马岛，将出资4亿欧元加入项目。几个月前，西班牙又加码，将报价提至10亿欧元。但是TMT项目成员——美国加州大学、加州理工学院，以及加拿大、印度和日本的机构“无法就该财务报价达成共识”。最终，这一长期备用选址还是被TMT项目拒绝了。如今，项目可选地址已所剩无几。
除了选址，资金也是一大问题。目前，美国牵头的TMT和巨型麦哲伦望远镜（GMT）都举步维艰。尽管吸引了不少国际合作伙伴，但资金仍不充足。它们联合申请了美国联邦资助，但美国国家科学基金会（NSF）决定只推进GMT。GMT目前正朝着最终设计评审迈进，而TMT前路充满不确定性。",full,,dom_or_structured_full_text,,http://news.sciencenet.cn/htmlnews/2026/9/572014.shtm,科学网新闻,综合科技,科技新闻,2026-09-24T00:37:37+00:00,未分类,,,[],unclassified,2026-09-24T00:54:11.264435+00:00,glm-5.2,2026-09-10,
科学网-研究发现人脑可能由两个独立系统构成,2026-09-23,"研究发现人脑可能由两个独立系统构成
长期以来，科学家一直将大脑视为一个具有共同发育起源的单一器官。美国斯坦福大学领衔的一项新研究对这一基本假设提出了挑战，表明大脑实际上由两个截然不同的系统构成，这两个系统在数亿年的进化过程中是独立产生的。9月18日，相关研究成果发表于《自然-神经科学》。
人脑实际上可能是两个古老的神经系统融合而成的。图片来源：ScienceDaily
几十年来，主流模型认为整个大脑都由早期的祖细胞发育而来。根据这一观点，前脑、中脑和后脑都可追溯到同一个发育起点。而新研究发现了一幅截然不同的图景——人脑似乎结合了两个古老的神经系统。一个系统产生负责呼吸和心跳控制等基本功能的结构；另一个系统则产生与语言、数学、抽象思维以及自我反思等能力相关的脑区。
“我们首次证明，大脑前部与后部源自完全不同的祖细胞。”论文通讯作者、美国斯坦福大学副教授Kyle Loh说，“这一发现意味着，我们现在可以在培养皿中培养后脑神经元，并研究它们的功能。”
成年人的大脑分为3个主要区域：前脑、中脑和后脑。前脑支持许多人们通常与复杂思维密切相关的能力，包括语言、意识和抽象推理。后脑位于颅骨后部，通常被称为脑干。它有助于控制对生存至关重要的自动过程，包括呼吸、睡眠、心率调节和感受饥饿。后脑神经元还控制着面部、舌头和咽喉的肌肉，这些肌肉对说话和吞咽至关重要。
尽管后脑的作用至关重要，但科学家数十年来一直难以在实验室中培育人类后脑神经元。这一限制使得对涉及脑干的严重疾病研究变得异常困难。
关键发现来自研究人员对胚胎发育最早阶段之一的考察。在原肠胚形成期间，身体的基本结构开始成形。论文第一作者、斯坦福大学的研究生Rayyan Jokhai和Carolyn Dundes发现， 后脑并不是在产生前脑和中脑的发育通路的后期分支中形成的，相反，它从一开始就遵循独特的发育通路，与其他区域并行发育。
为探究这一过程，研究人员对发育中的小鼠胚胎进行了研究，并鉴定出两类不同的脑前体细胞群。其中一群细胞表达一种名为Otx2的基因，形成前脑和中脑；另一群细胞表达一种名为Gbx2的基因，发育为后脑。研究人员发现，即使在他们考察到的最早阶段，这两类细胞群也保持着独立，互不重叠。
当研究团队研究染色质—— 一种在细胞内包装DNA的物质时，这种区别变得更加明显。前神经外胚层与后神经外胚层具有根本不同的染色质构型，这些差异从一开始就使各类细胞走上了不同的发育路径。
这一发现还可能解释神经科学领域一个长期存在的问题，即为什么研究人员一直难以在实验室中培养某些脑细胞，并为研究涉及脑干的疾病开辟新途径，包括脊髓性肌萎缩症（SMA）和肌萎缩侧索硬化症（ALS）。
“此前试图培养后脑神经元的尝试，很可能都是试图将前脑和中脑的前体细胞诱导成后脑细胞，而我们的研究表明这是行不通的。”Jokhai说。
“在干细胞生物学领域，人们总是执着于生成最终的细胞类型，比如神经元。”Jokhai说，“但从胚胎发育的最早阶段入手至关重要。正因为我们对这一早期时间点给予了密切关注，才得以发现大脑发育中的这一根本性分化。”
在弄清后脑从一条独立的发育通路形成后，研究人员利用这一发现来解决一个重大的实验室难题。该团队首次成功诱导人类多能干细胞——一种能够分化为人体内任何细胞的细胞，分化为具有功能的后脑运动神经元。这些细胞产生了被称为动作电位的电信号，并合成了与后脑特定区域相关的蛋白质，这些区域负责控制面部和吞咽肌肉。
随后，研究人员从进化角度着手，试图探究这种发育分化可以追溯到多久之前。回顾超过5.5亿年的进化历史，，团队在鸡、斑马鱼甚至柱头虫身上发现了相同的“双起源”结构的证据。这些小型动物生活在海底，与人类拥有一个非常遥远的共同祖先。研究人员还注意到，约在7亿年前至6亿年前与人类分化的水母，拥有位于身体两端的两个神经系统。
这些发现提出了一种可能性——现代脊椎动物的大脑可能是进化过程中，将两个原本独立的神经系统在空间上紧密邻近而形成的。“这一发现让人惊讶不已。因为‘大脑’一词通常指代一个具有单一起源的器官。”Jokhai说，“但即使在5亿年前，就已经存在这些独立的神经系统，如今，它们几乎作为一个整体运作，这太神奇了。”
相关论文信息：https://doi.org/10.1038/s41593-026-02433-7",full,,dom_or_structured_full_text,,http://news.sciencenet.cn/htmlnews/2026/9/572013.shtm,科学网新闻,综合科技,科技新闻,2026-09-24T00:37:39+00:00,通用技术 > 基础学科 > 医学&生物学,通用技术,医学&生物学,"[{""path"":[""通用技术"",""基础学科"",""医学&生物学""],""path_text"":""通用技术 > 基础学科 > 医学&生物学"",""confidence"":0.9,""reason"":""核心是关于人脑发育起源与神经系统结构的神经科学基础研究""}]",classified,2026-09-24T00:54:17.069935+00:00,glm-5.2,2026-09-10,
科学网-新型铂钴催化剂有望实现燃料电池降本增效,2026-09-23,"新型铂钴催化剂有望实现燃料电池降本增效
房彩虹团队联合中国科学技术大学、安徽工程大学科研人员，在质子交换膜燃料电池阴极氧还原反应低铂催化剂研究中取得重要进展。团队提出L-半胱氨酸盐酸盐辅助浸渍结合两步煅烧的策略，制备出碳负载铂钴金属间化合物催化剂，有望实现质子交换膜燃料电池降本增效。相关研究成果发表于《先进材料》。
质子交换膜燃料电池具有能量转换效率高、环境友好等特点，被视为交通和固定式发电领域颇具前景的清洁能源装置。但其阴极氧还原反应动力学缓慢，需依赖铂基催化剂推动；铂资源稀缺、成本高昂，且在车辆实际工况下稳定性差，成本与寿命成为制约其产业化落地的主要瓶颈。
降低铂用量是学界公认的破题方向。传统的碳载铂合金催化剂虽能部分减少铂用量，但在车辆工况下稳定性不足。有序金属间化合物凭借铂与过渡金属间强d-d轨道耦合而具备本征稳定优势，却长期受困于“高温退火致颗粒粗化、提高载量致颗粒团聚、提高有序度致产率下降”的相互掣肘，难以同时兼顾“小尺寸、高载量、高有序度”三项指标。
针对这一矛盾，研究团队将L-半胱氨酸盐酸盐辅助浸渍结合两步煅烧，成功制备出碳负载铂钴金属间化合物催化剂，实现颗粒尺寸2-4纳米、铂载量40%-60%、有序度42%-91%的同步调控。
性能测试显示，该催化剂的氧还原质量活性达0.80安每毫克铂，为商用铂钴合金催化剂的1.7倍；经3万圈加速衰减测试，半波电位仅损失10毫伏，电化学活性面积保持92%。膜电极测试表明，在氢气-氧气条件下，0.9伏的质量活性为0.5安每毫克铂，超过美国能源部2025年目标。在氢气-空气燃料电池中，阴极铂用量降至0.16毫克每平方厘米，在80℃、100%相对湿度、150千帕绝对压力工况下，2.0安每平方厘米对应的输出电压为0.603伏；经3万圈方波循环后电压衰减11.4%，端电压仍为0.534伏，达到轻载车用工况门槛。
研究人员介绍，该工作将“载量-尺寸-有序度”三项指标的协同优化集成于同一催化剂体系，为低铂、高耐久燃料电池阴极催化剂的理性设计提供了实验与理论依据，对推动燃料电池催化层降本、延长使用寿命具有参考意义。
论文相关信息：https://doi.org/10.1002/adma.202523080",full,,dom_or_structured_full_text,,http://news.sciencenet.cn/htmlnews/2026/9/572012.shtm,科学网新闻,综合科技,科技新闻,2026-09-24T00:37:41+00:00,零碳产业 > 能量转化 > 能源测 > 二次能源利用 > 燃料电池,零碳产业,燃料电池,"[{""path"":[""零碳产业"",""能量转化"",""能源测"",""二次能源利用"",""燃料电池""],""path_text"":""零碳产业 > 能量转化 > 能源测 > 二次能源利用 > 燃料电池"",""confidence"":0.95,""reason"":""核心事件是质子交换膜燃料电池低铂阴极催化剂的研制与性能提升""},{""path"":[""通用技术"",""材料工程"",""特种功能材料"",""催化材料""],""path_text"":""通用技术 > 材料工程 > 特种功能材料 > 催化材料"",""confidence"":0.7,""reason"":""研究对象为铂钴金属间化合物催化材料及其制备策略""}]",classified,2026-09-24T00:54:17.069935+00:00,glm-5.2,2026-09-10,
科学网-中国心理学会教育心理学专业委员会2026年学术会议在西北师大召开,2026-09-23,"中国心理学会教育心理学专业委员会2026年学术会议在西北师大召开
9月12日，由中国心理学会教育心理专业委员会主办，西北师范大学心理学院、教育科学学院以及学习科学研究中心承办的2026中国心理学会教育心理专业委员会学术年会在西北师大召开。西北师范大学党委书记贾宁、甘肃省教育厅副厅长曾华辉、中国心理学会教育心理学专业委员会主任委员刘儒德教授出席开幕式并致辞。来自北京师范大学、华东师范大学、西南大学、华中师范大学、陕西师范大学等兄弟高校、科研院所、基础教育一线的专家学者以及学校师生代表共350余人参加。
本次会议紧扣政策导向，以“数智时代教育心理学的机遇与使命”为主题，设置专题报告、大会报告、青年教师及硕博论坛和展贴报告等环节，聚焦教育心理学理论创新、数智技术赋能教育实践、学生心理健康与人才培养等重点议题，为推动教育心理学与人工智能、学习科学等领域交叉融合，促进科研成果向教育教学实践转化，提升教育心理学服务西部教育高质量发展的能力搭建了重要交流平台，也为新时代教育心理学创新发展和教育强国建设凝聚了智慧与力量。",full,,dom_or_structured_full_text,,http://news.sciencenet.cn/htmlnews/2026/9/572011.shtm,科学网新闻,综合科技,科技新闻,2026-09-24T00:37:43+00:00,未分类,,,[],unclassified,2026-09-24T00:54:17.069935+00:00,glm-5.2,2026-09-10,
科学网-首届沉浸式消费嘉年华暨2026AI终端创新发展大会在京启幕,2026-09-23,"首届沉浸式消费嘉年华暨2026AI终端创新发展大会在京启幕
9月22日，由北京经济技术开发区管委会、北京市经济和信息化局、中国电子信息产业发展研究院主办的首届沉浸式消费嘉年华开幕式暨2026AI终端创新发展大会在北京经济技术开发区正式举办，“2026年中国制造宣传周”启动活动同期举行。
首届沉浸式消费嘉年华开幕式暨2026AI终端创新发展大会现场。主办方供图
会上，中国工程院院士、中国计算机行业协会虚拟现实产业专业委员会名誉理事长赵沁平，中国科学院院士黄维发表主旨演讲，北京经济技术开发区工委副书记、管委会主任王磊作经开区产业推介。会上还进行了AI终端环球体验馆、北京亦庄AI体育国际公开赛的启动仪式。
工业和信息化部总经济师高东升在致辞中强调，制造业是立国之本、强国之基。本次活动旨在深入宣传阐释习近平总书记重要指示精神和全国先进制造业大会精神，生动展现各地方各部门各有关方面加快发展先进制造业的创新实践，持续擦亮“中国制造”品牌。高东升表示，持续做大做强先进制造业是一项系统工程，希望广大制造业企业勇立潮头、勇当先锋、勇担重任，争当先进制造业的“领头雁”。
北京市人民政府副秘书长舒毕磊表示，先进制造业是现代化产业体系的骨干支撑，也是首都产业发展的基石。北京坚持发展以先进制造业为重点的高精尖产业，呈现“产业结构能级实现新的跃升”“产业科技创新形成新的优势”“产业转型升级开创新的局面”“京津冀产业协同载入新的篇章”等“四新”特色。未来北京将以新一代智能制造为主攻方向，纵深推进“人工智能+”行动计划，做大做强高精尖产业集群，建设体现北京特色的现代化产业体系。
王磊表示，北京经济技术开发区立足国际科技创新中心主平台战略定位，始终坚持以国家战略为牵引，围绕“2+4+1”产业布局，以北京1.37%的土地面积贡献了全市近四成工业增加值。目前已集聚人工智能产业链核心企业超600家，产业规模突破800亿元，在AI眼镜、可穿戴、生活终端等赛道形成了先发优势。未来北京经开区将发挥制造业占比60%的产业优势，锚定全球AI终端产品定义中心和智能制造枢纽的战略目标，系统推进、研发创新、制造服务、场景培育、市场加速四大重点任务，全力打造技术、应用、产业、商业良性循环的AI终端的产业生态，持续做大做强先进制造业。
赵沁平在主旨演讲中指出，未来十年，更大规模、更深层次的AI普及，将由贴身伴随人的智能终端驱动，并创新提出“具人智能”概念，旨在回答“如何让智能更懂人、更好地与人耦合”的问题。他表示，以人为中心、以多形态为载体、以伴随式进化为目标是具人智能的核心内涵。
黄维表示，在信息时代向智能时代转型的过程中，柔性电子是促进颠覆式技术创新的关键核心基础，必将推动新型电子器件、未来信息芯片、高端智能装备发展。柔性电子器件“轻薄柔透”的四大特性可助力设备轻量化、穿戴化，实现人机深度融合与交互。
中兴通讯副总裁姜文、联想集团首席标准官陶宏芝、AMD大中华区市场营销副总裁纪朝晖、Rokid联合创始人向文杰、深圳市亿境虚拟现实技术有限公司总经理石庆、京东相关负责人、世界XR协会主席萨拉·沙赫纳等专家学者及企业家代表发表专题报告。
会上，AI终端环球体验馆正式启动。该体验馆将为AI终端创新产品搭建展示平台、拓展创新成果进入产业视野的渠道，为公众提供丰富AI产品体验并以真实的用户反馈推动AI终端产品改进和进化。
大会同期还举办为期三天的AI终端产业链创新成果展示活动，集中展示终端产品、关键器件、操作系统等创新成果。120余家企业的500多款产品集中亮相，涵盖AI眼镜、XR设备、具身智能机器人等多种品类。
此外，首届沉浸式消费嘉年华暨2026AI终端创新发展大会同期还举办人工智能终端产业创新与智能化分级标准研讨会、2026人工智能终端产业高质量发展研讨会、AI眼镜产业创新发展座谈会等专业研讨会，AI终端产业链成果发布活动以及小米 openvela AI硬件创新峰会等N场企业生态活动等。",full,,dom_or_structured_full_text,,http://news.sciencenet.cn/htmlnews/2026/9/572010.shtm,科学网新闻,综合科技,科技新闻,2026-09-24T00:37:45+00:00,未分类,,,[],unclassified,2026-09-24T00:54:17.069935+00:00,glm-5.2,2026-09-10,
科学网-海归当了院长，“明星效应”如何影响学科产出？,2026-09-23,"海归当了院长，“明星效应”如何影响学科产出？
当一位海归学者出任高校院长，他会如何影响院系发展？会拉动学科科研实力提升还是仅仅成就个人的“明星效应”？学术界对此讨论已久，却大多依赖经验判断，缺少实证证据。
厦门大学经济学院教授董晓芳与合肥工业大学经济学院副教授乔列成师生两人联手，首次回答了这个问题。他们梳理了2001至2019年间218个211高校经济学院系的相关数据，把其中72位海归院长上任前后的院系产出逐一比对，发现海归院长会让院系的英文论文发表量平均提升40%。这个过程没有挤占中文发表，也未增加科研经费倾斜，主要渠道是通过其个人知识溢出、扩展合作网络和推动人员招聘国际化等。相关研究近日发表于《研究政策》（Research Policy）。
“研究最大的创新，是首次将高产学者的学术明星效应与政治权力效应纳入同一研究框架。这也是被编辑和审稿人认可的核心贡献。”董晓芳在接受《中国科学报》采访时说。
乔列成（左）博士毕业时与导师
不到30%：海归院长比例没有想象中的那么高
《中国科学报》：为什么开展这项研究？
在政策背景上，近二十年我国多个海外人才项目举措大规模铺开，海归院长能否真正带动本土产出，是亟待评估的问题。
但这一方面存在研究缺口。国外已有大量关于“学术明星效应”的研究，国内也有关于行政权力对教师产出的影响，但很少把明星学者和行政权力结合，分析海归院长治理院系的综合效果，这在文献上是一个重要的突破口。
《中国科学报》：研究中如何定义“明星”海归院长？
我们对海归院长的定位是，在海外取得博士学位或连续两年以上参与海外访学项目的学者。同时，研究参考了国际评价标准——国际上主要使用引用加权论文数的方法识别“明星”学者，取所属学科内排名前1%或前5%分位的数据标准。
我们将论文发表量和单篇平均被引用因子作为关键核心指标，将211院校的海归院长与普通学者进行对比，可以发现他们的论文发表量和引用因子平均是普通学者的7倍以上，因此这些海归院长在产出水平上可以被定义为“明星”。但由于研究样本仅有72位海归院长，并未在学者排名上做进一步的识别。
《中国科学报》：72位海归院长及其回归有什么特点？他们和本土院长任职比例有什么差异？
海归院长86%拥有海外博士学位、42%曾在海外获终身教职、47%为海外空降（从海外或校外直接引进任职）。超一半人的博士毕业院校或曾任职高校属于QS全球排名前50的海外名校。他们的回流集中出现2001年、2015年两个高峰时段，和国家阶段性海外人才引进政策节奏相呼应，对应“十五”到“十三五”国内高校快速发展阶段。
从学院层面看，在我们分析的218个211高校经济学类院系中，72位海归院长分布在60个学院中，相当于有60个学院至少有过一次海归院长，27.5%的学院有过海归院长任职经历，剩余超过七成的院系由本土院长执掌。
从人数来看，从2001年至2019年间，218个经济学类院系中发生超过500人次院长更替，其中海归院长仅有72位，占比不足总人数的七分之一，本土院长占绝大多数。
《中国科学报》：这些占比似乎与目前大众固有印象不大相符。
的确，大众普遍印象中211高校经济学学科已经高度“海归化”，但从我们的数据来看并非如此。即便在211高校的经济学学科，海归院长整体占比仍然偏低。
我们还有一份校长级别的数据可以作为对比。统计显示，海归校长占比达到57%以上，近年来这个比例可能还在继续上升。但校长和院长的研究不能混为一谈。各大学之间办学定位、资源禀赋差异巨大，校长学术影响力距离一线院系较远。对照组可能只能做相关性分析，而不是因果分析。
40%的产出提升：没有挤占中文论文产出
《中国科学报》：这项研究最引人注目的发现，是海归院长上任后，所在院系的英文论文产出平均提升了约40%。这个增幅是如何得出的？排除了哪些干扰因素？
40%是平均效应，也是院系第一次聘任海归院长带来的冲击效应，不是每一届海归院长持续叠加的效果。不同院系之间分化很大，部分院系增幅只有百分之十几，也有的院系增幅达到60%以上。简单来讲，就是对比同一个院系在迎来海归院长之前和之后的变化，同时和没有引入海归院长的同类院系做参照，排除干扰后，得到的平均值。
我们做了大量的干扰因素排除与稳健性检验，如控制学校的研发经费投入、科研人员规模以及不同学校自身学科随时间发展的固有趋势，吸收各地人才政策、宏观经济带来的外部冲击，让实验组和对照组的院系条件尽量可比，前后做了七大类稳健性检验，这个效应依旧稳健成立。
《中国科学报》：为什么选择论文作为主要评价指标？
对经济学研究者而言，论文是科研人员产出知识最核心的载体。相较于部分理工科领域存在专利、技术转让等多样化的成果转化形式，经济学研究成果通常更多通过学术论文加以呈现。因此，论文能较为直接地反映经济学研究者的科研产出。
《中国科学报》：英文论文增幅为什么没有挤占中文论文产出？
这是我们特别想验证的一个问题。国内一直存在这样的批评声音：海归学者主导的学院一味追逐英文发表，会牺牲中文成果，弱化本土话语体系建设。
我们下载了中国知网的论文数据，把北大核心、CSSCI中文核心论文等全部纳入检验。从回归结果来看，中文论文的系数是微弱正向，但是统计上并不显著。也就是说海归学者带来的是国际合作、新学者流入等增量，而不是把同事的中文产出“转换”为英文产出，因此不存在英文发表挤压中文产出的现象。
《中国科学报》：海归院长提升科研产出主要依靠哪些渠道？
我们提出了三个实证机制：知识溢出、全球合作、海外人才引进。其中，知识溢出的影响系数是最大的，全球合作的效应最为稳健。知识溢出很大程度上体现为peer effect（同辈效应），也就是同事发表带来的正向影响。全球合作也是一个可以实证的部分。通过追踪每篇文章的作者来自哪些国家，来观察跨国合作的占比。结果显示，在学院40%的产出提升中，海归院长带来了更多与国外的合作网络。海外人才引进增幅作用也同样显著。
当然，海归院长带来的管理制度、学术氛围，在现实中的作用也非常大。比如，公平、透明的学术制度和晋升规则，会给同辈效应带来正向激励。当发现学科较弱、缺少年轻学者或国际学术联系时，他们会主动引入自己的国际人脉资源，来学院作讲座，配套开放Office Hour（答疑时间）、茶话会或是小组会，让青年教师可以和来访学者一对一交流，把前沿思想传递给全院，最终实现跨方向的知识外溢。但这类渠道很难用量化指标衡量。
《中国科学报》：可否举几个相关的案例？
国内经济学学科发展，尤其早期那一批开拓型的海归院长，对整个学科的影响格外深远。厦门大学经济学院前院长洪永淼教授、上海财经大学经济学院前院长田国强教授等一批学者都属于这一代人。他们中很多人学生时代都参加过20世纪80年代的中美经济学研究生培训班，由当时的国家教委和美中经济学教育与研究委员会合作设立，著名经济学家邹至庄和黄达先生牵头，先后在中国人民大学、复旦大学开班，被称为中国现代经济学的“黄埔军校”。不少学员后来赴美深造，学成之后回国，成为各大高校经济学院系的带头人。这种范式冲击，也实实在在改变了国内经济学学科的研究路径。
拿我所从事的城市经济学举例，早年国内的区域经济学，更多偏向政策范式研究，能够有效回答中国发展中的现实问题，但缺少量化结论。当接触国际学术范式之后我们才意识到，这一领域完全可以走向量化、空间化，可以用数理模型工具去解读中国现实，更有效地解决中国城市发展中的实际问题。
经费非核心驱动力，个人与院系产出分化
《中国科学报》：研究认为额外科研经费对海归院长的产出影响不大，这似乎与“海归学者受高薪和经费吸引回国”的普遍印象有出入。研究是怎样统计分析经费因素的？
首先要厘清两个概念。我们研究检验的，是全国教师共同公开竞争的国家自然科学基金、国家社会科学基金这类纵向竞争性课题经费，不包含高层次人才的个人高薪待遇、人才引进专项科研启动经费。人才专项启动经费属于国家、学校层面单独发放，相关数据并不公开，不在本次实证分析范围之内。
我们原本还有一个预判：很多海归学者刚回国，缺少国内学术人脉，在申请国内纵向基金时或许会处于劣势。但实证结果显示，海归院长执掌的院系，纵向课题经费既没有显著增多，也没有显著减少。也就是说，院系英文论文产出的提升，并不是依靠拿到更多竞争性纵向经费实现的。这从侧面说明，国内这类竞争性纵向课题的评审整体具备相当的公平性。
《中国科学报》：本项研究中，海归院长个人的学术产出与其所在院系的产出提升之间是否存在一致性？行政职务是否会对其个人研究产生影响？
两者并不一致。我们的统计结果显示，海归学者担任院长后，个人学术产出没有显著上升或下降，整体维持持平状态。这个结果和另一项针对国内本土院长的研究形成反差，那项研究发现本土院长走上行政岗位之后，个人论文发表会显著增加，研究者将其解释为行政权力带来资源集聚效应。
对于海归院长个人产出持平，一个可能的解释是，行政事务确实挤占了他们的科研时间。如果不承担院长的管理工作，这批本身属于学术明星的学者，本应处在个人科研产出的上升周期，行政职务事实上对其个人科研创新形成了隐性消耗。
需要说明的是，我们仅统计了论文产出数量和期刊层级，并没有进一步分析海归院长个人研究方向变迁、论文内在创新质量。我们观测到，院长个人产出平均保持不变，但院系层面整体科研成果实现增长，二者表现是分化的。
《中国科学报》：面对国内普通高校海归人才引进、学科治理与国际化建设，这项研究带来哪些启示与建议？
人才引进不能只盯着人本身，制度土壤尤为关键。假设在国家层面筛选引进一批人到偏远或发展较慢的高校，会不会真的产生效果？我个人认为会产生一定效果，但前提是有好的制度土壤，允许他去大刀阔斧地进行一些改革，形成一套稳定、透明、可预期的晋升评价制度，让学者不用耗费精力应对科研之外的杂务，达到标准就可以获得晋升；同时形成好的学术氛围，师生、同事之间平等开展学术探讨，敢于提出不同意见。
这项研究也为发展中国家提供了一份来自中国的经验样本。我国科研从追赶走向部分领域赶超，依靠归国人才推动学科建设的实践发挥了重要作用，对于非洲、东南亚等科研基础相对薄弱的国家，在如何通过人才引进提升本国科研水平方面具备借鉴意义。
同时也要看到，本研究结论基于211高校经济学学科，不能简单复制到普通地方高校。引进海归人才，需要匹配对应的改革空间与学术环境，仅仅引进人才，缺少配套制度，很难复刻同样的学科提升效果。未来我们还会继续拓展相关研究，探索不同学科背景下人才治理的更多规律。
https://doi.org/10.1016/j.respol.2026.105576",full,,dom_or_structured_full_text,,http://news.sciencenet.cn/htmlnews/2026/9/572009.shtm,科学网新闻,综合科技,科技新闻,2026-09-24T00:37:48+00:00,未分类,,,[],unclassified,2026-09-24T00:54:17.069935+00:00,glm-5.2,2026-09-10,
科学网-云南天文台揭秘太阳“鱼骨状”磁结构中反复增亮的物理机制,2026-09-23,"云南天文台揭秘太阳“鱼骨状”磁结构中反复增亮的物理机制
太阳大气始终存在源源不断的小尺度能量释放现象能量爆发，持续塑造着太阳活动区的动态变化，但其小尺度磁能如何有序、反复释放，一直是太阳物理领域的未解谜题。近日，中国科学院云南天文台研究员杨波带领团队通过分析多个设备观测数据，首次完整还原了太阳活动区独特“鱼骨状”磁结构中的反复增亮全过程，清晰揭开了太阳小尺度磁能精细、有序释放的物理机制为太阳大气中磁能精细释放增添了全新的观测依据。相关成果正式发表于《天体物理学杂志快报》（
The Astrophysical Journal Letters
首次锁定太阳独特“鱼骨状”磁场结构
“这一精细物理过程长期以来未被清晰观测、完整揭示，主要受限于过往优秀的多波段高分辨观测不足。”杨波解释道。单一观测设备仅能覆盖单一波段、单一太阳大气层，难以串联起磁场演化、物质运动与能量释放的完整物理链条。而且，此次发现的增亮现象属于短时标、间歇性的重复爆发，必须依靠长时间连续观测和系统统计才能还原完整过程，传统短时观测无法捕捉其循环机制。
此次，研究人员整合了新真空太阳望远镜（NVST）、美国太阳动力学天文台（SDO）、界面区成像光谱仪（IRIS）以及日本Hinode卫星的多源观测数据，对太阳活动区12297开展系统性观测分析。他们发现，2015年3月11日至12日，该活动区东南边缘持续出现多轮重复性小尺度增亮现象（图1a）。高分辨率观测图像则更清晰地显示出，该增亮现象的源头区域处于两处负极性黑子之间，区域中心贯穿一条狭长的正极性磁场带（图1c），特殊的“鱼骨状”磁结构便成型于此。其中，正极性磁场带构成鱼骨结构的“脊柱”，多条斜向延伸的磁场分支从脊柱两侧向外伸展，如同鱼刺一般，分别衔接两侧的负极性黑子，形成完整的鱼骨拓扑磁场结构。
图 1：日冕增亮及其源区的鱼骨状磁结构。
(a) SDO/AIA 171 ?
（蓝色）合成图。
(b) NVST Hα
c)-(d) IRIS/SJI 1330 ?
图像。白色和蓝色的等值轮廓线表示
的视像磁场。受访者供图
在长达9.5小时的连续观测中，研究团队精准识别出18次独立的增亮事件。数据统计显示，单次增亮事件平均持续9分钟，事件复发间隔在13分钟至59分钟之间，平均间隔约29.7分钟，整体发生频率为每小时1.91次，呈现出规律的反复爆发特征。
揭秘有序“拉链式”增亮与循环驱动机制
研究证实，这类太阳小尺度增亮并非随机无序发生，而是呈现出极强的有序性，整体运动模式类似“拉拉链”。在增亮过程中，一处致密亮结构会沿着鱼骨“脊柱”，自西向东逐节点平稳移动，平均移动速度达每秒十几公里，与太阳色球层、过渡区的阿尔芬速度基本持平。
伴随亮结构的定向移动，鱼骨结构两侧的磁场分支会出现双向物质流动现象，同时有等离子体团沿脊柱磁场向远端正极性黑子区域抛射。研究人员认为，这类逐节点移动的亮结构，本质是脊柱磁场各节点依次发生磁重联的观测信号，并非大范围物质流动所致，且整套磁能释放过程主要发生在太阳色球层与过渡区。
针对该结构反复增亮的驱动机制，研究团队进一步探明，鱼骨状磁结构下方的光球层持续存在磁场浮现、磁场剪切运动，同时大概率伴随磁对消活动。持续的光球层活动一方面稳定维持了鱼骨磁结构的复杂拓扑形态，避免结构快速消散；另一方面持续为该结构补充磁自由能，为反复的增亮爆发提供了持续的能量支撑，是该现象循环发生的核心诱因。
长期以来，天文界普遍将太阳活动区的各类增亮事件视为相互独立的零星活动。而本次研究更新了传统认知，证实太阳大气中的小尺度磁能释放并非零散无序，而是具备高度有序性。在连贯统一的磁结构调控下，分散的增亮事件会沿着固定路径逐节点接力发生，形成一套可长期、反复运转的“磁能释放引擎”，为解析太阳活动区复发增亮的核心物理机制，补充了关键新线索。
填补观测空白，助力破解日冕加热核心难题
此次研究成果还对困扰太阳物理学界的色球、日冕加热难题具有重要启示意义。学界长期推测，太阳光球层对流运动会导致日冕磁力线相互缠绕，形成特殊的“编织磁结构”，其内部小尺度磁重联引发的级联式爆发，也就是“磁雪崩”效应，是日冕高温加热的核心机制，但这一理论始终缺乏直接观测证据支撑。
本次研究提供了极为稀缺的实测观测样本，同时进一步明确：这类缠绕型磁结构及其级联式磁能释放活动，更易出现在偏离无力状态的太阳色球层与过渡区，且具备长期存续、反复爆发的特性。这一结论为帕克日冕加热理论、自组织临界性框架下的太阳小尺度能量释放研究，提供了扎实的观测依据。
该项科研工作获得国家重点研发计划、国家自然科学基金、云南省基础研究计划及云南省兴滇英才项目的联合资助支持。
相关论文链接：https://doi.org/10.3847/2041-8213/ae9ebe",full,,dom_or_structured_full_text,,http://news.sciencenet.cn/htmlnews/2026/9/572008.shtm,科学网新闻,综合科技,科技新闻,2026-09-24T00:37:50+00:00,通用技术 > 基础学科 > 基础物理,通用技术,基础物理,"[{""path"":[""通用技术"",""基础学科"",""基础物理""],""path_text"":""通用技术 > 基础学科 > 基础物理"",""confidence"":0.9,""reason"":""核心是太阳磁场结构与磁能释放机制的物理基础研究""}]",classified,2026-09-24T00:54:17.069935+00:00,glm-5.2,2026-09-10,
AI科技走进日常生活,2026-09-23,"第23届中国—东盟博览会近日在广西南宁举行
吸引70多个国家和地区的3400多家企业参展
首次亮相的AI展区
集中展示众多前沿科技产品
聚焦AI技术在各个领域的创新应用
展示智能指环、按摩理疗仪器、宠物翻译等最新成果
感受AI科技走进日常生活带来的新体验
从“秀场”到“商场”
AI正在走下展台
走进普通人的日常
我们看到的不只是前沿科技
更是未来生活的一个缩影
与AI同行 未来可期
新华社对外部、新华社广西分社",full,,dom_or_structured_full_text,,https://www.news.cn/tech/20260923/3ea0867b195e41f2b9f51a03734f2a44/c.html,新华网科技,综合科技,科技新闻,2026-09-24T00:37:56+00:00,未分类,,,[],unclassified,2026-09-24T00:54:26.432897+00:00,glm-5.2,2026-09-10,
推动人工智能与制造业深度融合 塑造发展新优势,2026-09-23,"全国先进制造业大会提出，坚持智能化、绿色化、融合化方向，持续做大做强先进制造业。制造业是实体经济的基础，我国已连续多年保持全球制造业第一大国地位，产业门类体系完整，规模优势与配套优势十分明显。
人工智能作为引领新一轮科技革命和产业变革的通用性技术，正在深刻重塑全球生产制造模式与产业竞争格局，要以科技创新激发产业新动能，以人工智能塑造制造业新优势。加快推动人工智能技术与制造业深度融合，既是提升产业链供应链韧性与安全水平的现实需要，也是塑造发展新优势的战略抉择。
“人工智能+制造”具备扎实发展基础
近年来，我国人工智能与制造业融合发展在技术积累和实践探索等方面取得显著进展。
我国人工智能核心技术与关键支撑能力持续增强。我国人工智能专利申请量连续多年位居世界第一，尤其是智能制造细分领域的工业机器人、机器视觉、工艺参数优化、智能检测等方向的专利申请量保持高速增长，产业创新动能强劲。目前，我国人工智能专利数量已占全球总量的60%。大模型、机器视觉、自然语言处理、强化学习等关键技术加速迭代，面向制造业场景的工业大模型、边缘智能、数字孪生等技术逐步成熟落地。算力基础设施加快布局，国家超算中心、智算中心建设提速，高质量数据集超过12万个，为制造业人工智能应用提供有力支撑。
各地制造业数字化智能化改造步伐明显加快。“智改数转网联”是推动人工智能与制造业融合发展的重要基础。中国信通院发布的报告显示，截至2025年底，全国规模以上工业企业开展数字化改造比例达89.6%，数字化设备普及率达到57.7%。特别是，江苏、广东、浙江等制造业大省“智改数转网联”的实效日益显现，探索形成平台化设计、个性化定制、网络化协同、服务化延伸等典型模式，企业制造效率进一步提升，生产成本持续下降，产品质量稳步改善。
“人工智能+制造”的创新应用全面提速。从制造业企业拥有的人工智能专利来看，北京、广东、江苏、浙江、上海等发达地区的专利数量具有显著优势，累计占全国人工智能专利总量超过六成。部分细分技术领域在制造业应用相对较快，如机器学习+制造、计算机视觉+制造、生物特征识别+制造、人机交互+制造等专利数量占比具有明显优势。从创新方式看，产学研合作日益紧密，大企业占据重要地位，腾讯、华为等企业的专利申请量全国领先。同时，人工智能在设备制造业、汽车制造业、计算机、通信和其他电子设备制造业等行业落地应用进展相对较快。
人工智能与制造业融合发展仍面临挑战
关键技术和核心零部件供给仍存在不足。从专利结构看，我国在芯片制造、工业操作系统、工业软件等基础领域的原创性专利仍相对薄弱，底层核心技术对外依赖程度较高。高端工业传感器、精密伺服电机等关键零部件国产化率偏低，面向工业场景的专用人工智能模型训练数据稀缺、标注成本高。
科技成果转化仍有提升空间。目前，制造业企业更倾向于通过自主研发来实现人工智能的应用赋能，但制造业企业拥有的人工智能专利数量占人工智能专利总量的比重仍然偏低，大量技术储备尚未能转化为现实生产力。高校和科研院所掌握的不少基础性、前沿性专利成果，在向制造业实际应用场景转化方面仍存在“最后一公里”障碍。
大企业产业链带动效应尚待充分释放。虽然大型企业在“人工智能+制造”领域拥有的专利数量众多，且头部极化效应明显，但其面向上下游中小企业的技术溢出和赋能机制尚未真正建立。只有大中小企业在“人工智能+制造”领域协同融通创新，才能有效促进整条产业链的竞争力提升。
数据、人才等要素支撑仍面临诸多障碍。数据是人工智能创新应用的重要支柱，但当前普遍存在数据来源分散、数据孤岛、高质量行业数据缺乏等问题。如，在一些传统行业，由于数字化基础薄弱、设备型号繁杂、数据标准不统一，导致融合发展相对滞后。复合型人才供不应求，高校人才培养缺乏人工智能与其他专业的交叉融合，产教协同机制尚不健全，企业参与人才培养的深度不够。
加快推动“人工智能+制造”走深走实
强化关键核心技术攻关，推动产学研协作。避免“撒胡椒面”式的资金分配方式，围绕工业AI芯片、工业操作系统、工业大模型、高端传感器等关键核心技术短板，逐项编制“卡脖子”技术清单，并组织产学研协同攻关。支持龙头企业联合高校、科研院所组建创新联合体，鼓励吸纳产业链上中小企业参与，充分发挥场景驱动创新的重要作用。
建设中试验证平台，促进科技成果转化。聚焦国家级先进制造业产业集群，培育一批行业级人工智能中试验证平台，优化运营管理，为专利成果提供从实验室到生产线的全链条验证服务。同时，对于科技成果转化要建立相应的容错机制，针对前沿关键技术、行业核心技术等设立相应的“风险补偿资金”，促进消除企业“不敢试”的顾虑。
推动大中小企业协同融通创新。发挥链主企业的带动作用，鼓励链主企业主动向上下游中小企业输出数字化方案、共享人工智能工具链、共同开展创新研发等。鼓励头部平台企业、服务商等围绕中小企业需求推出轻量化、模块化、低成本的工业人工智能解决方案。同时，依托制造业产业集群打造行业人工智能共享服务平台，为中小企业提供低成本、便利化的人工智能应用相关基础设施服务。
加快工业数据要素市场化建设和复合型人才培养。推进工业数据分类分级管理，研究制定确权、流转和收益分配规则，在保障数据安全的前提下依法依规推动工业数据有序共享和开放利用。加快建设行业高质量数据集和可信数据空间，推动“数据可用不可见”。鼓励高校增设智能制造、工业人工智能等新兴交叉专业，将人工智能能力嵌入现有工科课程体系，支持校企共建产业学院和实训基地。积极推动在岗产业工人人工智能专题培训。
（作者：程俊杰系江苏省社会科学院中国式现代化研究院院长、区域现代化研究院常务副院长、研究员；查婷俊系江苏省社会科学院中国式现代化研究院助理研究员）",full,,dom_or_structured_full_text,,https://www.news.cn/tech/20260923/aaaed618042148d98398d62ef2243c82/c.html,新华网科技,综合科技,科技新闻,2026-09-24T00:37:58+00:00,AI与智能科技 > AI软件层 > 工程改进,AI与智能科技,工程改进,"[{""path"":[""AI与智能科技"",""AI软件层"",""工程改进""],""path_text"":""AI与智能科技 > AI软件层 > 工程改进"",""confidence"":0.72,""reason"":""核心事件是人工智能技术在制造业的工程化落地与智能化改造应用。""}]",classified,2026-09-24T00:54:26.432897+00:00,glm-5.2,2026-09-10,
国家发展改革委：推动北斗产业规模五年内突破1万亿元,2026-09-23,"记者从9月22日举行的国家发展改革委9月新闻发布会上获悉，“十五五”时期，我国将统筹推进高端芯片等北斗关键核心技术攻关，推动卫星导航基础设施布局更加合理，培育壮大优质企业，推动北斗产业规模五年内突破1万亿元。
作为国家重要空间基础设施，经历多年自主攻坚、迭代培育、全域赋能，北斗已经走过技术探索、场景试点的产业培育阶段，目前正在向规模集聚、生态完善、赋能全局的产业新引擎加速迈进。国家发展改革委政策研究室副主任李超表示，“十五五”时期，将坚持开放融合、协调合作、兼容互补、成果共享，实现北斗规模应用市场化、产业化、国际化新突破。
其中，将统筹推进高端芯片、关键零部件、融合算法等关键核心技术攻关，加强北斗与人工智能、卫星互联网等技术融合创新，推动卫星导航基础设施布局更加合理，培育壮大优质企业，筑牢安全可靠的时空底座。同时，优化制度保障，加快推动《中华人民共和国卫星导航条例》出台实施，健全完善行业标准体系和检测认证体系，引导有关方面加大对认证结果的采信力度，完善应用服务配套措施，夯实北斗规模应用的制度根基；此外，将深化开放协同，依托各类多边合作机制，持续推动技术交流、人才培育、联合示范等务实合作项目落地，积极参与卫星导航全球治理。
数据显示，2025年，我国北斗产业总体产值突破6290亿元，国内北斗产业企事业单位达到3万多家，从业人员超200万人，应用场景和规模不断扩大。
在交通领域，全国超过1200万辆营运车辆搭载北斗系统，高精度车道级导航覆盖99%以上的城乡道路，为安全便捷出行保驾护航。在农业领域，已有超过350万台套北斗终端设备应用于农机辅助驾驶等场景，加快推动传统农业向智慧农业转型升级。
在赋能千行百业的同时，北斗系统也走进千家万户。目前，国内已有14亿部智能手机、5000多万辆电动车、1400多万辆共享单车、1.6亿台可穿戴设备搭载北斗定位服务，构建从日常出行到应急场景的全方位服务体系。（记者 汪子旭）",full,,dom_or_structured_full_text,,https://www.news.cn/tech/20260923/ea5549d4840644e0940c8610e705ef38/c.html,新华网科技,综合科技,科技新闻,2026-09-24T00:37:59+00:00,通用技术 > 通信和运输 > 物质运输 > 航天,通用技术,航天,"[{""path"":[""通用技术"",""通信和运输"",""物质运输"",""航天""],""path_text"":""通用技术 > 通信和运输 > 物质运输 > 航天"",""confidence"":0.85,""reason"":""核心是北斗卫星导航国家空间基础设施的产业发展目标与规模应用。""}]",classified,2026-09-24T00:54:26.432897+00:00,glm-5.2,2026-09-10,
破解智能体协作难题 探索生态协同路径,2026-09-23,"智能体正逐步走进日常生活，可跨应用辅助用户处理各类事务。但智能助手可执行哪些操作、各方应承担何种责任，相关规则仍有待明确。9月15日，经济参考报社与中国科学院软件研究所联合举办“智能体时代的移动终端生态”研讨会，与会专家学者围绕上述问题展开讨论。
就在9月14日，豆包手机助手发布消费者版本，同步推出屏幕自动化操作声明协议（SAEP），启动为期30天的公示，尝试为助手与应用之间的合作提供可执行的规则。该机制为破解智能体协作难题提供了新的思路。
协作面临现实困局
过去，查找商品、比较价格等操作需要用户在不同应用间来回切换。如今，用户提出“帮我买杯咖啡”等指令，智能体可以辅助用户在不同应用中查找商品、比较价格。智能体的作用正从回答问题，扩展到辅助用户完成任务。
用户期待一句话就能完成任务，应用厂商则需要考虑合作对自身业务的影响。智能体已经能够操作手机应用，但应用是否允许助手操作、允许操作到什么程度，行业尚未形成共同认可的规则。
中国科学院软件研究所高级工程师郑森文分析，跨应用协作的核心矛盾，在于信任无法在授权链条上完整传递。即便用户已授权智能体辅助处理任务，智能体识别屏幕、模拟点击等行为，仍可能被应用判定为异常操作，导致代理操作被误拦截。解决问题的关键，并非要求应用无条件开放，而是应当建立可信任、可审计的接入与责任机制。
与此同时，传统协作模式难以实现行业全覆盖。郑森文介绍，以往主要依靠企业双边谈判推进合作，该模式仅能覆盖大型终端厂商与头部应用平台。大量中小智能体企业和应用开发者受资源限制难以完成对接，最终造成跨终端使用体验割裂，安全标准、责任规则参差不齐。由此，一套公开化、标准化、低成本的边界声明规则显得尤为必要。
推动争议前置协商
按照豆包手机助手公布的方案，应用开发者可以接入SAEP协议，也可以回复官方沟通邮件，说明是否允许助手在自家应用内执行自动化操作。两种方式效力相同，且长期有效。30天公示期内，助手只对系统自带应用、字节跳动旗下应用，以及已明确同意接入的第三方应用执行自动化操作，对其余应用默认不操作。公示期结束后，对既未回复邮件、也未接入协议的应用，助手将根据风险高低逐步开展操作；对明确拒绝的应用，助手始终不操作。
中国科学院软件研究所所长武延军表示，豆包手机助手推出的SAEP协议，通过公示期与第三方应用开展异议协商，将事后冲突转化为事前规则协商，提供了标准化、低成本且长期有效的解决思路，打破了一直以来无规则可依、各方静默不合作的局面，为行业规则探索迈出了重要一步。
“可以把SAEP理解成‘AI时代的Robots协议’。”中国科学院软件研究所高级工程师邰阳打了这样一个比方，以前网站靠robots.txt告诉搜索引擎哪些能用、哪些不能用；现在手机智能体要帮用户跨应用完成任务，同样需要一套规则，让第三方应用提前说清楚，接不接受智能体操作，哪些能做、哪些碰不得。
这一类比并非指二者技术同源，而是二者都将自动化程序与服务方之间模糊的边界，转化为公开、明确、可落地的规则。
他尤其认同“公示期”的设计。“公示期就是把矛盾提前摆到台面上协商。规则先公开，应用开发者有意见可以提，协议也能根据反馈不断调整，把原本事后的技术冲突，变成了事前的规则协商。”
中国互联网协会数据安全与治理委员会副主任方禹从治理角度肯定了该机制的价值。他表示，企业冲突一旦发生在损害既成事实之后，协调化解的难度会大幅提升。
“将争议前置，把契约精神放在前端，正是网络空间治理的应有方向。”在他看来，SAEP这类产业探索一定程度弥补了制度滞后性，为尚在萌芽发展阶段的产业预留出观察和成长空间。
筑牢产业协作底座
北京大学教授、北京大数据研究院院长刘云淮认为，智能体本质是执行用户指令的程序，其安全风险未必高于传统App，治理要抓住两端：一是权限端，应用能够访问的数据，智能体只能访问应用可访问的数据，不能僭越应用本身的权限；二是执行端，为操作行为划定清晰边界。把两端管控到位，再打通充分竞争的市场通道，交由用户凭借实际体验作出选择。依靠市场机制优胜劣汰，会更契合产业发展规律。他同时建议，后续可以探索智能体交叉互验机制，借助不同智能体互相校验，降低单一模型出错带来的风险。
“很难要求智能体永远不犯错。”上海交通大学教授夏虞斌说，但系统可以为其划定不可逾越的操作边界，操作记录应由系统强制留存，保证事后能够追溯。
根据豆包手机助手公开的协议接入文档，执行操作前，系统需要检查由哪个助手发起操作、用户是否授权、应用是否允许，以及操作是否符合安全要求。
对于支付转账、账号认证、内容发布、删除等风险较高的操作，系统可以要求用户再次确认、由用户亲自完成，也可以直接阻止操作。系统还需记录谁对哪个应用做了什么、系统依据什么作出判断，以及最终结果。开发者只能查询与自身应用有关的记录。这些记录可为还原操作过程、厘清责任提供依据。部分操作限制和记录查询功能取决于系统版本，实际效果仍需在使用中检验。
聚力共建行业规则
SAEP验证了企业自律与规则公示的现实可行性，但面向跨终端、跨智能体的通用规则，仍有赖全行业共同参与建设。
“终端智能体助手开展跨应用协作是技术创新的必然趋势，这一过程涉及安全、个人信息保护等多重议题，需要多方充分协商，从技术、商业模式层面共同探索新型规则。”武延军表示。他期待，在相关利益方充分互动博弈、主管机构的指导规范之下，智能体领域能够诞生行业公认的“Robots协议”，构建有序繁荣的移动终端生态。
从无据可依到规则公示，从技术对抗走向协商共治，SAEP为智能体跨应用协作提供了现实透明、可落地的治理样本。规则唯有在产业实践中持续打磨，在多方博弈中迭代完善，兼顾创新与安全、效率与边界，智能体生态方能行稳致远，真正实现从“可用”向“好用”跨越。（记者 张利民 杨曼殊 关佳浩）",full,,dom_or_structured_full_text,,https://www.news.cn/tech/20260923/bc13e215897f494a8d69f47d9a1f5ac2/c.html,新华网科技,综合科技,科技新闻,2026-09-24T00:38:01+00:00,AI与智能科技 > AI软件层 > 工程改进,AI与智能科技,工程改进,"[{""path"":[""AI与智能科技"",""AI软件层"",""工程改进""],""path_text"":""AI与智能科技 > AI软件层 > 工程改进"",""confidence"":0.9,""reason"":""核心事件是智能体跨应用协作的规则协议与工程化生态建设。""}]",classified,2026-09-24T00:54:26.432897+00:00,glm-5.2,2026-09-10,
AI加速渗透、从卖产品到卖服务、出海成关键增量 冲刺万亿 北斗产业发展呈三大新动向,2026-09-23,"图为观众在第五届北斗规模应用国际峰会展区了解一款大载重工业无人机。 新华社记者 陈振海 摄
一年一度的北斗峰会是观察中国北斗产业发展的重要窗口。记者在本届峰会上观察到，以北斗芯片为代表的各类产品已实现规模化应用，持续与人工智能等前沿技术融合发展。在冲刺万亿产业规模的新目标下，北斗产业正吸引更多企业参与，从“卖产品”发展为“卖服务”，同时加快出海节奏，逐步扩大全球影响力。
北斗芯片嵌入终端产品
根据工信部数据，截至2025年底，国产北斗兼容型芯片及模块累计出货量接近26亿片，各类具备北斗功能的终端产品社会总保有量超过22亿台（套）。作为北斗峰会优势企业展区的主角，各类芯片与模块隐藏于终端产品中，在日常生活中默默地发挥作用。
在华大北斗的展台上，摆放的各式共享单车与二轮电动车分外醒目。华大北斗产品经理王晨告诉记者，公司在深圳将北斗高精度定位芯片植入共享单车，实现了入栏结算、精准停放等管理功能，其率先量产的8040芯片是北斗技术在大众消费领域最早实现高精度定位的芯片之一。截至2025年底，公司累计交付超过1500万片北斗共享单车导航定位芯片，国内市场占比超60%。
合众思壮、司南导航等企业则在峰会上展出了基于北斗的农机自动驾驶系统。合众思壮智慧农业部门负责人孙浩说，北斗农机自动驾驶系统近年来发展迅速，2023年时国内年销量已经突破10万台，当下均价已经降至1万元左右，受到了越来越多农户的欢迎。
值得关注的是，北斗芯片正广泛应用于各类消费电子产品与汽车产品。当前国内支持北斗定位的智能手机占比达到98%以上，支持北斗定位的可穿戴设备保有量超过1.6亿台，超过1亿台乘用车部署北斗车载定位设备。
在海格通信的展台上，一款支持“北斗短报文+北斗定位”的通导融合北斗芯片被放在了“C位”。海格通信子公司海格晶维市场部经理徐镇介绍，该芯片面向大众消费市场，集成北斗双向短报文通信、双频高精度定位，可用于车载、智能穿戴等消费电子市场，即将搭载上国产量产越野车型。
“早期北斗技术成熟度不够，芯片研发主要靠科研院所与企业坚持投入。当下北斗芯片发展越来越快，已实现22纳米工艺芯片的量产，主要原因之一是北斗产业的规模化让企业看到了投入产出变现的正向循环，更加有研发动力。”徐镇说。
北斗技术与新兴技术融合发展
中国信息通信研究院编制的《北斗产业发展研究报告（2026年）》认为，北斗与5G/6G、人工智能、物联网、遥感、低轨卫星等一系列前沿技术加速融合，推动空天地一体化时空服务体系加快形成，催生出了全新的应用场景。
其中，人工智能、具身智能与北斗的融合发展是最受关注的领域之一。比如在2026北京亦庄人形机器人半程马拉松赛事上，北斗时空智能肩章和北斗时空智能三体套装让人形机器人摆脱了遥控器，完成了约21.0975公里的自助奔跑。
据了解，北斗时空智能肩章内置北斗定位模组，将人形机器人的位置、速度、里程、时间等信息实时回传至赛事计时系统，让比赛计时、排名和过程管理更加准确可靠。北斗时空智能三体套装包含时空智能定位定向终端和北斗卫星天线，内置北斗高精度定位模组，配套自研定位定向算法，能够持续输出厘米级定位数据与姿态感知信息，为人形机器人在复杂赛道环境中的自主导航提供可靠的时空数据支撑。
“北斗提供世界的确定性，AI处理世界的复杂性。”阿里巴巴合伙人、高德董事长刘振飞也在本届峰会上分享了关于空间智能的思考。他提出，北斗与人工智能结合形成理解真实世界的空间智能，将推动数字技术更深入地理解真实世界，并转化为公众能够感知的民生服务。
而高德推出的全球首个基于地图空间的AI原生智能体，其底层基础正是北斗提供的高精度、低延时、广覆盖的时空校准。刘振飞介绍，高德当前已成为全球最大规模的北斗民用服务平台，高德调用北斗日定位量约1万亿次，北斗支撑高德日导航总里程约90亿公里。
多位业内人士表示，北斗与各类技术加速结合、渗透社会生活各种场景，“时空底座”的重要地位愈发凸显，越来越多传统上认为与北斗无关的行业都开始与北斗实现融合发展。
北斗规模化应用开启新图景
2025年，中国北斗产业总体产值达6290亿元，同比增长9.24%。相关部门明确将推动北斗产业规模五年内突破1万亿元。记者在本届峰会上观察到，随着北斗规模化应用持续向纵深拓展，产业在发展中呈现新动向，北斗产品正从“装得上”向“用得深、用得好、有效益”转变。
360集团创始人、董事长周鸿祎是首次到株洲参加北斗峰会的企业家之一。他说，北斗已从“天边的星”变成“身边的服务”。随着AI加速渗透，“大模型+智能体”正成为北斗应用的新范式，北斗应用走向智能化，安全防护也要同步升级，360发起了“磐石之盾”安全协作计划，愿将安全能力开放给北斗产业伙伴。
北斗企业正经历从“卖产品”到“卖服务”的发展过程。“从单一卖产品走向卖服务，这可能是所有北斗终端厂商未来要面临的一条发展道路。”中国卫星导航定位协会副会长、中认北斗安全检测中心有限公司董事长李稚松说。《北斗产业发展研究报告（2026年）》指出，产业价值链正由硬件驱动向“硬件+数据+算法+平台+服务”综合运营模式升级。
“北斗出海”有望成为产业未来发展的关键增量。中国卫星网络集团有限公司董事长苟坪介绍，公司组建了由40家企业组成的北斗出海联盟，积极发挥海外渠道优势以实现抱团出海。目前已在印度尼西亚、马来西亚等国家开展短报文应用测试，建设巴西、哈萨克斯坦等北斗海外合作节点。多位业内人士也在峰会上向记者表示，中国北斗企业正在探索从单纯的产品出口向“硬件+软件+服务”的本地化模式转变，向外输出成套解决方案。
“随着更多领域应用北斗、更多企业加入北斗产业，我们从业者对北斗产业规模突破万亿有充分信心。”李稚松说，要真正让北斗产业长期健康发展，还需要推动技术持续进步、保证产品质量安全、建立成熟的商业模式，让北斗更好地为社会经济发展服务。（记者 常竣斐）",full,,dom_or_structured_full_text,,https://www.news.cn/tech/20260923/8f372e90a7e54114b9e364bfb85d0c3a/c.html,新华网科技,综合科技,科技新闻,2026-09-24T00:38:03+00:00,通用技术 > 通信和运输 > 物质运输 > 航天,通用技术,航天,"[{""path"":[""通用技术"",""通信和运输"",""物质运输"",""航天""],""path_text"":""通用技术 > 通信和运输 > 物质运输 > 航天"",""confidence"":0.85,""reason"":""报道聚焦北斗卫星导航产业的规模应用与全球化发展动向。""}]",classified,2026-09-24T00:54:26.432897+00:00,glm-5.2,2026-09-10,
丰收之后，再看那3个百分点,2026-09-23,"今天，我们迎来第九个中国农民丰收节。节日是庆祝，也是一次检视：“仓廪实”的诸多变量中，科技的分量越来越重。
“十四五”期间，我国农业科技进步贡献率从2021年的61.5%提升至2025年的超过64%。这不是一个孤立的数字，它背后是良种大面积推广、测土配方施肥、智能农机装备等一批技术在田间地头的落地生根。丘陵山区农机“无机可用”“有机不好用”窘境得到缓解，自主培育的白羽肉鸡、华西牛打破国外垄断……过去五年，农业科技发展一步一个脚印，让14亿多人的米袋子、菜篮子、果盘子多了一层科技托底。
但成绩单的另一面，是绕不开的短板。前端看，学科交叉不足等因素使得原始创新乏力，部分高端种源“卡脖子”问题客观存在；后端看，农业科技落地缺乏配套，成果转化率与部分发达国家相比仍有不小差距。到了应用层面，现行技术供给总体上仍是“单点式”打法：有了好种子，未必有匹配的水肥管理；引进了智能农机，却常与传统农艺脱节。前端缺交叉、后端缺配套，归结起来说，还是农业科技“单打独斗”，形成合力不够。
今年5月，国务院印发的《加快农业农村现代化“十五五”规划》将2030年农业科技进步贡献率目标锁定在67%。业内专家认为，在50%—60%的阶段，单项技术普及确实可以带动增长，但站在64%的高位再往上攀，依靠单项技术普及实现增长的空间已明显收窄。从64%到67%，3个百分点看似不大，却对农业科技“打法”提出了新要求——将过去单项技术的“一招鲜”，改为科技跨界融合的“组合拳”。
AI设计育种、RNA生物农药制造、农业低空经济、合成免疫……以这些前沿科技为抓手，打破单点依赖、实现集成突破是关键。以AI育种为例，它不仅是培育一粒好种子，更是将基因、表型与大田数据彻底打通，让良种推广从“经验选育”走向“精准匹配”；再如农业低空经济，无人机不仅要会飞，更要与地面农机、农田传感器互通数据，形成天地协同的精准作业网。
当然，这里说的“集成”，不是新技术的简单叠加，更不是推翻传统路线，而是让多元技术在生产场景中彼此咬合、协同发力。想象一下这样的场景：AI辅助选育的新品种播撒田间，天上无人机按精准方案灵活施肥，下一秒，无人机实时采集的田间数据传回实验室，又反过来“喂养”育种模型。良种、良法、良机、良田环环相扣，到那时，农业科技的潜力才能得到更好释放。
从64%到67%，是一场从“有没有单项技术”到“能不能系统集成”的进阶。3个百分点是压力，更是现代农业往前走绕不开的一步，而下一季的丰收，正孕育在那些深度集成并在广袤大田中铺展开来的技术组合里。（文/袁蓁杉）",full,,dom_or_structured_full_text,,https://www.news.cn/tech/20260923/9ed4910d86324682bdf4a7134fbe1675/c.html,新华网科技,综合科技,科技新闻,2026-09-24T00:38:05+00:00,零碳产业 > 物质循环 > 资源获取 > 种植养殖技术,零碳产业,种植养殖技术,"[{""path"":[""零碳产业"",""物质循环"",""资源获取"",""种植养殖技术""],""path_text"":""零碳产业 > 物质循环 > 资源获取 > 种植养殖技术"",""confidence"":0.8,""reason"":""核心是农业科技进步与育种、农机等种植养殖技术集成应用。""}]",classified,2026-09-24T00:54:26.432897+00:00,glm-5.2,2026-09-10,
中国科普，为何赢得世界目光,2026-09-23,"“在中国，逛博物馆、参与科学活动已经成为民众的一种生活方式，这一点让我们深受启发。”在近日举行的2026世界公众科学素质促进大会（以下简称“科促会”）上，来自南非的南谷大学研究教授姆法内洛·恩索比在接受科技日报记者采访时表示，他希望把中国科普工作经验带回南非，大力推动科学大众化。
在同期举办的2026科普中国智库论坛暨第三十二届科普理论研讨会上，中欧美全球倡议创始人、法国汉学家和国际事务专家高大伟报告的题目更直接——《从科学普及到创新型社会：中国经验及其全球意义》。在高大伟看来，科普是讲好中国故事的一个重要切入口，“因为中国的科普做得特别好”。
为什么是中国科普？
从修订科普法到深入实施全民科学素质提升行动，从加强国家科普能力建设到促进科技与文化融合发展，坚持科技创新与科学普及两翼并举……在中国，这一理念落地为一次次具体行动。
行动背后，是我国公民科学素质水平实实在在的提升。
调查数据显示，2025年我国公民具备科学素质的比例达到16.74%，基本具备科学素质的公民比例达到49.02%。更为深刻的变化是，城镇居民和农村居民具备科学素质的比例分别达到19.36%和12.02%，城乡差距连续两年缩小。
中国新一代人工智能发展战略研究院执行院长、世界工程组织联合会前主席龚克说：“今天，中国全民科学素质提升工程已经实现从补短板向高质量发展转型。”
这一转型适逢人工智能引领的科技浪潮，全民科学素质建设也面临全新的时代命题：当智能技术无处不在，公众如何理解、应用科技并守住理性？面对智能技术带来的现实治理挑战，科普如何破局？
在科促会上，这样的追问和忧思，是切实而普遍的。
联合国教科文组织东亚地区办事处主任夏泽翰在致辞中说：“科学知识飞速增长，但知识本身并不能保证公众理解、信任并且参与科学。”
中国科学院院士武向平提到一个令人担忧的现实：“当前，全球公众科学素质发展仍不平衡，地区、性别、群体之间差距依然存在，知识分享壁垒尚未打破。”
谈及人工智能时代，龚克坦言：“信息过载、虚假信息、信息茧房等问题，给科普带来了很多新挑战。”
“人工智能在基础教育领域不受管控的应用，存在加剧数字鸿沟的风险。”世界科技工作者联合会联合主席埃利斯·格劳·莫林斯说。
需要警惕的是，如不积极行动，人工智能或将加剧社会发展的不公。一位与会者提醒：“如果智能技术只服务少数地区、少数群体，能力鸿沟就会演变为发展鸿沟。”
面对挑战，与会者将目光再次投向中国。
埃利斯·格劳·莫林斯在科促会上提到了中国科学家韩喜球发起的“大手拉小手”科普实践项目，他说：“这个项目契合联合国教科文组织的目标，通过联结资深专业人士与青年群体，共同应对气候变化、水安全等关键挑战。”
科促会还释放了一个令人期待的消息：中国科协将推进流动科技馆、国际巡展、科技小院、“小而美”民生科普项目落地，面向全球南方、农村边远地区、老年和低收入群体，提供低门槛、适老化、多语种智能科普产品。
既有蓝图愿景的谋划，也有组织机制的建设。
今年6月在北京注册成立的世界公众科学素质组织，在此次科促会上正式亮相，目前拥有32家创始会员，覆盖全球21个国家。这一国际化科普协作组织得到中国大力支持。对此，姆法内洛·恩索比感触颇深：“科技人文交流至关重要。中国主动推动国际伙伴合作，我们心怀感激。”
“世界公众科学素质组织这类平台至关重要，确保没有任何一个社区被落下，这也契合中国共同富裕理念与人文交流精神。”夏泽翰表示认可。
探索未来科学教育，加强人工智能伦理治理，弘扬科学家精神，培育创新文化……这既是我国实现高水平科技自立自强的内在需要，也是人工智能时代全球科普事业发展的中国担当。
此次科促会吸引来自32个国家的科技界、教育界、企业界以及国际组织的500余名嘉宾。成果同样丰硕，合作理念化为务实行动：《世界公众科学素质组织倡议》发布；世界公众科学素质组织与联合国教科文组织合作协议见证仪式举行；《数字科普资源质量要求》《线下科普活动基本要求》两项标准被推介；中国《科技工作者科普创作指南》发布……
交流，合作，共享，这是面向智能社会的中国科普答卷。（记者 代小佩）",full,,dom_or_structured_full_text,,https://www.news.cn/tech/20260923/c8c545f179724ef19262cbfa4cdd7503/c.html,新华网科技,综合科技,科技新闻,2026-09-24T00:38:07+00:00,未分类,,,[],unclassified,2026-09-24T00:54:31.741524+00:00,glm-5.2,2026-09-10,
“十五五”将推动北斗规模应用实现新突破,2026-09-23,"“‘十五五’时期，我们将坚持开放融合、协调合作、兼容互补、成果共享，推动北斗产业规模5年内突破1万亿元，实现北斗规模应用市场化、产业化、国际化新突破。”22日，在国家发展改革委举行的新闻发布会上，国家发展改革委政策研究室副主任、新闻发言人李超表示。
李超介绍，经历多年自主攻坚、迭代培育、全域赋能，北斗已走过技术探索、场景试点的产业培育阶段，正在向规模集聚、生态完善、赋能全局的产业新引擎加速迈进。
她举例说，在交通领域，全国超过1200万辆营运车辆搭载北斗系统，高精度车道级导航覆盖99%以上的城乡道路，为安全便捷出行保驾护航；在能源领域，北斗提供优于20纳秒授时精度服务，广泛应用于风电场机组姿态管控、矿山边坡监测、油气管线巡检等场景。
“在赋能千行百业的同时，北斗系统也走进千家万户。”李超提到，目前国内已有14亿部智能手机、5000多万辆电动车、1400多万辆共享单车、1.6亿台可穿戴设备搭载北斗定位服务，构建从日常出行到应急场景的全方位服务体系，惠及亿万群众。
李超表示，“十五五”时期，国家发展改革委将会同有关部门强化顶层设计，统筹推进高端芯片、关键零部件、融合算法等关键核心技术攻关，加强北斗与人工智能、卫星互联网等技术融合创新，筑牢安全可靠的时空底座；优化制度保障，加快推动《中华人民共和国卫星导航条例》出台实施，健全完善行业标准体系和检测认证体系，夯实北斗规模应用的制度根基；深化开放协同，让北斗产品和服务造福更多国家、惠及更多人民，助力全球经济发展和民生改善。（记者 刘园园）",full,,dom_or_structured_full_text,,https://www.news.cn/tech/20260923/393a1b793b674196aab8633eb448088e/c.html,新华网科技,综合科技,科技新闻,2026-09-24T00:38:09+00:00,通用技术 > 通信和运输 > 信息传输 > 其它信息传输技术,通用技术,其它信息传输技术,"[{""path"":[""通用技术"",""通信和运输"",""信息传输"",""其它信息传输技术""],""path_text"":""通用技术 > 通信和运输 > 信息传输 > 其它信息传输技术"",""confidence"":0.8,""reason"":""核心事件是北斗卫星导航产业的规模应用与产业发展规划，属于卫星导航信息传输技术领域。""}]",classified,2026-09-24T00:54:31.741524+00:00,glm-5.2,2026-09-10,
公益微视频｜使用智能设备 记得请设强密码,2026-09-23,"家里安装了全套智能家居，觉得安全又省心，但是嫌设新密码太麻烦了，便用默认的就行？
殊不知，一把简单的“通钥”或许方便，但一旦丢失，所有的“房门”都将向不法分子敞开。
使用智能设备 记得请设强密码。
画面来源：兰州市公安局
新华社音视频部制作",full,,dom_or_structured_full_text,,https://www.news.cn/tech/20260923/8582ea425d8b4c939c2a9431595252b4/c.html,新华网科技,综合科技,科技新闻,2026-09-24T00:38:11+00:00,未分类,,,[],unclassified,2026-09-24T00:54:31.741524+00:00,glm-5.2,2026-09-10,
江苏电商创新发展大会在南京举办,2026-09-23,"9月22日，江苏电商创新发展大会在南京举办。大会聚焦人工智能赋能电商创新，助力数字经济与实体经济深度融合。
新华社音视频部制作",full,,dom_or_structured_full_text,,https://www.news.cn/tech/20260923/19b272bb843b4eaf8456b4bdfeeb3b57/c.html,新华网科技,综合科技,科技新闻,2026-09-24T00:38:13+00:00,未分类,,,[],unclassified,2026-09-24T00:54:31.741524+00:00,glm-5.2,2026-09-10,
人形机器人叩响消费市场，离走进家庭还有多远？,2026-09-23,"原标题：中国经济面面观｜人形机器人叩响消费市场，离走进家庭还有多远？
会运动、会拍摄、能够跟随用户，还可以定制外观、编写动作……近日，一系列面向个人和家庭场景的人形机器人亮相上海。据了解，该系列机器人单台售价进入一两万元区间。随着价格进一步降低至接近部分高端消费电子产品，人形机器人正从实验室和工业场景走向个人消费市场，“机器人进家门”也从技术畅想逐渐成为现实选择。
买回家只是第一步，面对随时变化的环境和不同家庭成员的需求，机器人要过的关还有很多。一台机器人，怎样才能真正融入一个家？
本期《中国经济面面观》，新华社记者孙青与上纬新材首席执行官田华、影视飓风创始人潘天鸿（Tim）、加州大学伯克利分校研究科学家艾伦·杨展开圆桌讨论，观察人形机器人进入家庭的现实路径。
■从“有趣”到“有用”，机器人靠什么敲开家门？
机器人进入家庭，第一步是什么？上纬新材首席执行官田华将这一路径概括为“有趣、有用、有爱”三个阶段。
“首先要足够有趣，让人看到它之后愿意靠近、愿意探索。”田华说，在此基础上，机器人要从“有趣”走向“有用”，在陪伴儿童、记录生活、户外跟随等场景中形成实际价值。更长远的目标，是让它逐渐了解用户、适应家庭，成为人们习惯并信任的生活伙伴。
作为首批用户之一，影视飓风创始人潘天鸿更关注产品能否解决具体问题。比如，孩子骑滑板车向前跑时，机器人能否稳定跟随并记录画面？用户离开工作区时，它能否跟随提醒进度？这些细小的需求，可能正是家庭机器人建立使用价值的起点。
在加州大学伯克利分校研究科学家艾伦·杨看来，机器人的形态也会直接影响人们是否愿意接受它。家庭机器人不一定要无限接近成年人的形态，能否让人愿意靠近、自然互动，可能比“长得像不像人”更重要。
■从“会演示”到“常使用”，还要跨过哪些门槛？
家庭环境充满不确定性。家具位置可能变化，孩子和宠物随时走动，不同家庭的空间和生活习惯也完全不同。机器人既要感知环境，还要在变化中作出安全判断。
作为体验者，潘天鸿把安全放在首位。他关注机器人表面是否有尖锐结构、关节，是否可能夹伤手指，以及被抱起或发生异常时，电机能否快速卸力。而这些细节，也将直接影响一台机器人能否进入有儿童和宠物的家庭。
艾伦·杨认为，家庭机器人可以从一项项明确任务做起。尤其当孩子有学习或创业的激情时，一款适合的家庭机器人除了可以做到陪伴，更可以实现人的思维和机器人大脑的共同迭代和推进。
田华认为，安全是机器人进入家庭的第一要务。机械安全、电气安全、数据和隐私安全都需要同步建立。
■从“工具”到“伙伴”，人与机器人如何共同生活？
家庭机器人可能提供传统工具之外的新价值。除了完成任务，它还可能参与儿童教育、老人照护、家庭安全和情感陪伴，成为人与家庭空间、智能设备之间新的连接点。
潘天鸿设想，人形机器人可以利用移动能力和观察高度，成为家庭智能设备的“协调者”。扫地机器人看不到远处或高处，人形机器人可以发现地面污渍，再通知清洁设备处理；它也可以巡视房间、寻找物品，把不同设备的信息连接起来。他认为，未来空间智能将由机器定义，形态不一定像人，但应该让人感到温暖、友善。
谈到期待中的家庭机器人，田华希望它能由用户参与定义，这也是企业正在尝试的方向。
艾伦·杨则提出，可以探索开源和应用生态，让开发者、学生和普通用户创造出今天尚未设想的功能。当机器人从一件标准化产品变成可持续生长的平台，它的能力边界将不再完全由一家企业决定，而可能由开发者和用户共同拓展。
机器人真正走进一个家，靠的是能理解真实需求、稳定完成任务，并尊重人的隐私、选择和情感边界，让人能自然、安心地与它共同生活。这是人形机器人叩响消费市场之后，必须回答的下一道题。
统筹：姚玉洁 汪奇文
编导：李海伟 王竹艾
演播室：晋善美 管雨佳 肖雅 秦衍熙
拍摄：新华社上海分社申度解码工作室
新华社音视频部制作",full,,dom_or_structured_full_text,,https://www.news.cn/tech/20260923/1c5bc1163ad04cb992e0940e122b7aae/c.html,新华网科技,综合科技,科技新闻,2026-09-24T00:38:15+00:00,AI与智能科技 > 具身智能 > 硬件和控制,AI与智能科技,硬件和控制,"[{""path"":[""AI与智能科技"",""具身智能"",""硬件和控制""],""path_text"":""AI与智能科技 > 具身智能 > 硬件和控制"",""confidence"":0.88,""reason"":""核心事件为人形机器人本体进入消费市场，涉及本体设计、关节与安全控制等硬件议题。""}]",classified,2026-09-24T00:54:31.741524+00:00,glm-5.2,2026-09-10,
国际新能源网-太阳能光伏行业专业门户网站,2026-09-23,"日期：2026-09-23
国际太阳能光伏网
据印度《经济时报》9月12日报道，美国当日确定对从印度、印度尼西亚和老挝进口的
及组件加征关税。其中，对印度Mundra Solar PV、Mundra Solar Energy、Kowa Company以及Premier Energies Photovoltaic Private Limited等企业征收123.04%的
，并对印度Mundra Solar Energy、Mundra Solar PV及其他企业征收126.09%的反补贴税。
国际太阳能光伏网
光伏资讯一手掌握，关注国际能源网 ""
看资讯 / 读政策 / 找项目 / 推品牌 / 卖产品 / 招投标 / 招代理 / 发文章
太阳能光伏资讯热点排行
招标 | 500MW！中设集团2026-2027年光伏组件集采供应商入围采购
湖南推动多用户绿电直连发展
国家能源局：2026年8月中国绿证价格指数收于202.6点
罗博特科成功赴港上市
河南：有序推动绿电直连发展
集中式光伏不参与！广东启动2026年机制电价竞价！
辽宁2027年新能源增量项目竞价启动：电价0.18~0.3元/度，单体60%
聚焦清洁能源等重点领域！中广核与四川省人民政府签署战略合作协
国家电力投资集团有限公司董事、总经理、党组副书记任职
徐树彪：大力推进“三北”风电光伏基地、西南水风光一体化基地、海上风电基
阿特斯总裁调整！
国家电力投资集团有限公司董事、总经理、党组副书记任职
徐树彪：大力推进“三北”风电光伏基地、西南水风光一体化基地、海上风电基
国家能源局：2026年8月全国新增建档立卡光伏发电项目3972个
中来股份：全资子公司拟签订约8631万元钢边框采购合同
第10个！福建电力现货市场转正！
绿电占比，入场关键！五部门政策加码，腾讯、阿里、字节跳动等巨
四川2027年机制电价竞价工作启动！",full,,dom_or_structured_full_text,,https://solar.in-en.com/html/solar-2464304.shtml,国际太阳能光伏网,光伏,光伏新闻,2026-09-24T00:38:24+00:00,零碳产业 > 能量转化 > 能源测 > 一次能源转化 > 太阳能转化 > 光伏,零碳产业,光伏,"[{""path"":[""零碳产业"",""能量转化"",""能源测"",""一次能源转化"",""太阳能转化"",""光伏""],""path_text"":""零碳产业 > 能量转化 > 能源测 > 一次能源转化 > 太阳能转化 > 光伏"",""confidence"":0.9,""reason"":""核心事件是美国对印度等国光伏电池和组件加征关税，直接关系光伏产业贸易。""}]",classified,2026-09-24T00:54:31.741524+00:00,glm-5.2,2026-09-10,
国际新能源网-太阳能光伏行业专业门户网站,2026-09-23,"日期：2026-09-23
国际太阳能光伏网
9月20日至21日，国家能源局党组书记、局长王宏志带队赴吉林调研能源投资、迎峰度冬能源电力保供、新型电网建设、新型燃料发展等情况。
王宏志一行与吉林省委省政府等有关方面进行座谈交流，详细
了解迎峰度冬能源保供情况，实地调研光热、绿色氢氨醇、油田智能微电网等项目建设运营情况。
加力扩大能源投资规模
加快推进重大能源项目建设
全力推进新型电网建设，适度超前推动新型电网项目任务实施
发挥吉林资源优势，积极有序推动新能源、氢能和
等产业高质量发展。拓宽
民营企业参与能源项目建设
扎实做好迎峰度冬能源电力保供
确保人民群众温暖过冬。要高度重视安全生产工作，
以高水平安全保障能源高质量发展。
国家能源局有关司、东北能源监管局负责同志参加调研。
国际太阳能光伏网
光伏资讯一手掌握，关注国际能源网 ""
看资讯 / 读政策 / 找项目 / 推品牌 / 卖产品 / 招投标 / 招代理 / 发文章
太阳能光伏资讯热点排行
招标 | 500MW！中设集团2026-2027年光伏组件集采供应商入围采购
湖南推动多用户绿电直连发展
国家能源局：2026年8月中国绿证价格指数收于202.6点
罗博特科成功赴港上市
河南：有序推动绿电直连发展
集中式光伏不参与！广东启动2026年机制电价竞价！
辽宁2027年新能源增量项目竞价启动：电价0.18~0.3元/度，单体60%
聚焦清洁能源等重点领域！中广核与四川省人民政府签署战略合作协
国家电力投资集团有限公司董事、总经理、党组副书记任职
徐树彪：大力推进“三北”风电光伏基地、西南水风光一体化基地、海上风电基
阿特斯总裁调整！
国家电力投资集团有限公司董事、总经理、党组副书记任职
徐树彪：大力推进“三北”风电光伏基地、西南水风光一体化基地、海上风电基
国家能源局：2026年8月全国新增建档立卡光伏发电项目3972个
中来股份：全资子公司拟签订约8631万元钢边框采购合同
第10个！福建电力现货市场转正！
绿电占比，入场关键！五部门政策加码，腾讯、阿里、字节跳动等巨
四川2027年机制电价竞价工作启动！",full,,dom_or_structured_full_text,,https://solar.in-en.com/html/solar-2464298.shtml,国际太阳能光伏网,光伏,光伏新闻,2026-09-24T00:38:26+00:00,零碳产业 > 能量转化 > 能量分配与运输 > 电网相关技术,零碳产业,电网相关技术,"[{""path"":[""零碳产业"",""能量转化"",""能量分配与运输"",""电网相关技术""],""path_text"":""零碳产业 > 能量转化 > 能量分配与运输 > 电网相关技术"",""confidence"":0.85,""reason"":""核心事件是能源局调研能源保供与新型电网建设""}]",classified,2026-09-24T00:54:36.889518+00:00,glm-5.2,2026-09-10,
国际新能源网-太阳能光伏行业专业门户网站,2026-09-23,"日期：2026-09-23
国际太阳能光伏网
9月21日，福建省发展和改革委员会、国家能源局福建监管办公室发布关于福建
转正式运行的通知。
文件显示，2025年3月1日，福建省电力现货市场启动连续的全月结算试运行，并于2025年9月开展连续结算试运行。目前省内电力现货市场已连续运行超过18个月。
按照《国家发展改革委办公厅、国家能源局综合司关于全面加快电力现货市场建设工作的通知》（发改办体改〔2025〕394号）要求，经福建省人民政府同意，并报国家发展改革委、国家能源局备案，我省电力现货市场自2026年9月30日起转入正式运行。
截至目前，全国已有9个电力现货市场转正，分别为山西、山东、广东、甘肃、蒙西、湖北、浙江、河北南网、安徽。
国际太阳能光伏网
光伏资讯一手掌握，关注国际能源网 ""
看资讯 / 读政策 / 找项目 / 推品牌 / 卖产品 / 招投标 / 招代理 / 发文章
太阳能光伏资讯热点排行
招标 | 500MW！中设集团2026-2027年光伏组件集采供应商入围采购
湖南推动多用户绿电直连发展
国家能源局：2026年8月中国绿证价格指数收于202.6点
罗博特科成功赴港上市
河南：有序推动绿电直连发展
集中式光伏不参与！广东启动2026年机制电价竞价！
辽宁2027年新能源增量项目竞价启动：电价0.18~0.3元/度，单体60%
华能副总经理调整
苏州固锝董事长、总经理确定
阿特斯总裁调整！
国家电力投资集团有限公司董事、总经理、党组副书记任职
苏州固锝董事长、总经理确定
阿特斯总裁调整！
第10个！福建电力现货市场转正！
中国电建获得甘肃武威市300MW光伏治沙指标
阿特斯总裁调整！
中标 | 英利、晶科等入围山西交控2026-2027年度光伏组件供应商入
江西2026年机制电价竞价启动：电价0.24~0.379元/度，单个项目上",full,,dom_or_structured_full_text,,https://solar.in-en.com/html/solar-2464281.shtml,国际太阳能光伏网,光伏,光伏新闻,2026-09-24T00:38:28+00:00,零碳产业 > 能量转化 > 能量分配与运输 > 虚拟电厂与电力交易,零碳产业,虚拟电厂与电力交易,"[{""path"":[""零碳产业"",""能量转化"",""能量分配与运输"",""虚拟电厂与电力交易""],""path_text"":""零碳产业 > 能量转化 > 能量分配与运输 > 虚拟电厂与电力交易"",""confidence"":0.9,""reason"":""核心事件是福建电力现货市场转入正式运行""}]",classified,2026-09-24T00:54:36.889518+00:00,glm-5.2,2026-09-10,
国际新能源网-太阳能光伏行业专业门户网站,2026-09-23,"日期：2026-09-23
国际太阳能光伏网
9月21日，工业和信息化部等五部门联合印发《关于组织开展2026年度国家
设施推荐工作的通知》。
通知明确了一条红线：算力设施可再生能源电量占比，不得低于所在省可再生能源电力消纳责任权重。低于，直接不得分。
这意味着什么？绿电使用水平不再只是“锦上添花”的加分项，而是决定算力设施能否进入国家推荐名单的关键门槛。
新规落地的背后，是算力产业与新能源行业融合逻辑的根本性升级。行业发展已从最初简单的“算力用绿电”单点模式，迈入制度、产业、技术全方位融合的
政策层层递进，筑牢绿色算力顶层体系
绿色算力从行业概念上升为国家战略，经历了一条清晰的政策演进路径。
2023年12月，国家发展改革委等部门发布《关于深入实施“东数西算”工程 加快构建全国一体化算力网的实施意见》。文件明确，算力和绿色电力协同建设，构建绿色安全的全国一体化算力网。该文件也首次提出“算电协同”的概念。
2024年，政策密集落地。国家发展改革委等四部门印发《数据中心绿色低碳发展专项行动计划》，明确，到 2025 年底，算力电力双向协同机制初步形成，国家枢纽节点新建数据中心绿电占比超过 80%。
同年，国家发展改革委、国家能源局、国家数据局联合印发《加快构建新型电力系统行动方案（2024—2027年）》，将算电协同列为新能源系统友好性能提升行动的重点任务，明确指出实施一批算力与电力协同项目。
2025年，政策进一步向操作层面延伸。
国家发展改革委、国家能源局联合印发《关于有序推动绿电直连发展有关事项的通知》，从国家层面确立了“点对点”绿电直供模式，为数据中心增绿减碳提供了制度路径。随后，全国多个省区公布绿电直连相关地方政策，均明确支持数据中心建设绿电直连项目。
同年9月，国家发展改革委 国家能源局发布《关于推进“人工智能+”能源高质量发展的实施意见》。文件明确，持续开展能源算力需求监测，统筹规划算力、电力和通信网络资源，构建算力、电力深度融合的算电协同发展机制，不断提高算力中心绿电比例。
2026年，“算电协同”首次写入政府工作报告，与“超大规模智算集群”并列成为国家级新基建工程。
2026年4月，国家发改委等四部门在《关于促进人工智能与能源双向赋能的行动方案》中提出，推动建立算力与电力互动机制，以电力市场价格信号引导算力设施优化能量管理，鼓励算力设施作为负荷侧灵活可调节资源参与电网运行。
该方案还明确，将新建及改扩建算力设施可再生能源利用方案、电能利用效率、绿电消费比例等作为项目节能降碳审查评价重要内容。
2026年6月发布的《新型能源体系建设“十五五”规划》进一步明确，加强大型新能源基地与国家算力枢纽协同布局，打造“能源+数字”产业集群，推动以电强算、以算促电。
日前，工信部发布的《关于组织开展2026年度国家绿色算力设施推荐工作的通知》在评价体系层面明确，单位算力能效、碳利用效率、数字化碳管理、产品碳足迹等内容，提高碳效、水资源利用、绿电占比、机柜上架率等指标权重。
这一制度设计，将绿电消费的核算责任精准落实到算力设施层面，防止“搭便车”式的绿电声明。
企业多维布局，绿色算力、算电协同成为刚需
政策框架成型的同时，企业的实践探索也在加速推进。
从互联网头部企业到专业数据中心运营商，再到能源装备企业，不同类型的市场主体正从各自禀赋出发，形成差异化的算电协同路径。
腾讯2025ESG报告披露，自有数据中心绿电占比从49.8%大幅提升到82.9%，并明确提出2026年实现100%可再生电力的目标。腾讯集团副总裁明确表示，腾讯云正在布局绿电直供的算电协同模式，并且已经在在内蒙古赤峰落地了全球首个100%绿电直供的数据中心。
阿里云携手中国联通在青海打造的“中国联通三江源绿电智算融合示范园”项目，四期建成后总算力将达15万P，园区依托青海丰富的风电、光伏资源，通过绿色微电网实现100%绿电供应。
字节跳动ESG报告披露，2025 年，字节跳动中国数据中心碳中和率达 40%，年度绿电消纳量达数十亿千瓦时。同年，字节跳动联合合作伙伴落地国内首个、也是截至目前唯一的数据中心绿电直连源网荷储一体化项目，该项目年绿电产出超 8 亿千瓦时，等效年减少碳排放 56.7 万吨，可再生能源替代率达 38.74%。
百度于2021年发布2030年碳中和目标，其中路径之一便是建立绿色数据中心。百度ESG报告显示，2025 年，百度数据中心通过电力市场化交易，采买绿电约9393.1万千瓦时。
此外，数据中心运营商依托区域资源禀赋构建差异化竞争力。
中金数据乌兰察布零碳算力基地源网荷储一体化项目于2025年7月正式并网发电，是全国首个数据中心绿电直连源网荷储一体化项目。
2026年，8月22日，内蒙古签约13个算力相关重点项目，总投资1361亿元。投资方包括万国数据、中金数据、江天数据、协鑫能科等。这些项目主打绿电直连、零碳数据中心，依托的能源供应正是内蒙古丰富的风格新能源。
产业矛盾凸显，算电协同成核心破局路径
国家能源局数据显示，2025年全国算力中心总用电量达1700亿千瓦时，占全社会用电量的1.6%。预计“十五五”时期，全国算力用电量年均新增1000亿千瓦时以上，到2030年预计达8000亿千瓦时，占全社会用电量6%左右。
对于AI算力行业而言，已经不是挑选绿电还是非绿电的问题，而是电力来源的问题。也正因如此马斯克指出，AI算力扩张的硬约束已从“芯片产能”转向“电力供给”。
与算力用电激增并行的，是
压力的持续加大。
截至2026年6月底，全国风电、光伏累计装机规模约19.5亿千瓦，占全国发电总装机的48%以上，新能源已成为我国电力装机的主体。
然而，新能源出力的间歇性、波动性与传统电力系统的运行模式产生适配矛盾。
2025年全年弃光率10%以上的地区达4个，西藏弃光率高达35.1%，青海16.6%，新疆13.7%，甘肃10.4%。
一边是算力产业庞大且持续增长的用电需求，一边是新能源海量装机的消纳难题，算电协同正是打通双向痛点、实现互利共赢的核心路径。当前行业已从技术、机制、区域协同三大维度，开启全方位破局探索。
绿电直连与源网荷储一体化。通过专线直供模式，将新能源电站与算力设施精准对接，搭配源网荷储一体化系统，实现绿电生产、储能、算力消纳全链条闭环。既解决了数据中心规模化绿电替代、降本减碳的需求，又为本地新能源提供稳定、可控的消纳负荷，从根源上破解区域弃风弃光难题。
虚拟电厂+柔性调度，激活算力负荷调节价值。依托虚拟电厂平台，聚合分散的数据中心算力负荷，打破算力用电“刚性不可调”的固有认知。结合电力市场价格信号动态优化算力调度：电价高峰时段延后非紧急算力任务，降低高价用电成本；电价低谷、新能源大发时段全力释放算力，最大化消纳低价绿电，让算力设施成为电网灵活调节的优质柔性资源。。
跨省协同布局，破解东西资源空间错配。我国算力需求集中于东部发达地区，而风电、光伏等绿电资源主要富集于西部省份，空间错配是制约算电协同的核心瓶颈。对此，国家明确差异化布局思路：西部依托大型新能源基地、国家算力枢纽，推动算力设施与新能源电站同步规划、协同建设；东部聚焦分布式算力，联动分布式电源、微电网、虚拟电厂，实现就近供能、就近消纳。
目前，跨省算电协同的交易机制、运营规则、共享平台、核心调度技术仍在持续完善中，随着顶层设计逐步落地，东西部资源互通的最后壁垒将被逐步打通。
此次五部门新规将可再生能源电量占比设为最高权重考核指标，本质是确立了“算力跟着绿电走”的产业新规则，彻底扭转行业发展逻辑。算力设施不再是单纯的能源消耗主体，而是新能源消纳的核心承接载体、新型电力系统的重要组成部分。
从政策铺垫到企业落地，从单点试点到全域铺开，算电协同的产业生态已初步成型。未来，随着绿电直连、柔性调度、跨省协同等模式持续普及，算力与电力将实现深度耦合、双向赋能。“以电强算、以算促电”的良性循环，将从政策愿景全面转化为产业现实，推动我国数字经济与新能源产业高质量协同发展。
国际太阳能光伏网
光伏资讯一手掌握，关注国际能源网 ""
看资讯 / 读政策 / 找项目 / 推品牌 / 卖产品 / 招投标 / 招代理 / 发文章
太阳能光伏资讯热点排行
招标 | 500MW！中设集团2026-2027年光伏组件集采供应商入围采购
湖南推动多用户绿电直连发展
国家能源局：2026年8月中国绿证价格指数收于202.6点
罗博特科成功赴港上市
河南：有序推动绿电直连发展
辽宁2027年新能源增量项目竞价启动：电价0.18~0.3元/度，单体60%
聚焦清洁能源等重点领域！中广核与四川省人民政府签署战略合作协
99.3927MW！内蒙古乌兰察布市集宁区启动2026年第三季度一般工商
国家电力投资集团有限公司董事、总经理、党组副书记任职
徐树彪：大力推进“三北”风电光伏基地、西南水风光一体化基地、海上风电基
阿特斯总裁调整！
国家电力投资集团有限公司董事、总经理、党组副书记任职
徐树彪：大力推进“三北”风电光伏基地、西南水风光一体化基地、海上风电基
国家能源局：2026年8月全国新增建档立卡光伏发电项目3972个
中来股份：全资子公司拟签订约8631万元钢边框采购合同
第10个！福建电力现货市场转正！
绿电占比，入场关键！五部门政策加码，腾讯、阿里、字节跳动等巨
四川2027年机制电价竞价工作启动！",full,,dom_or_structured_full_text,,https://solar.in-en.com/html/solar-2464282.shtml,国际太阳能光伏网,光伏,光伏新闻,2026-09-24T00:38:30+00:00,AI与智能科技 > AI硬件层 > 算力能源基础设施,AI与智能科技,算力能源基础设施,"[{""path"":[""AI与智能科技"",""AI硬件层"",""算力能源基础设施""],""path_text"":""AI与智能科技 > AI硬件层 > 算力能源基础设施"",""confidence"":0.9,""reason"":""核心是算力设施绿电占比门槛与算电协同政策""},{""path"":[""AI与智能科技"",""AI硬件层"",""数据中心""],""path_text"":""AI与智能科技 > AI硬件层 > 数据中心"",""confidence"":0.75,""reason"":""政策对象为绿色数据中心算力设施建设""}]",classified,2026-09-24T00:54:36.889518+00:00,glm-5.2,2026-09-10,
国际新能源网-太阳能光伏行业专业门户网站,2026-09-23,"日期：2026-09-23
无锡市检验检测认证研究院
国际太阳能光伏网
近日，根据工业和信息化部、住房和城乡建设部、交通运输部、农业农村部、国家能源局联合发布的智能光伏典型案例名单，无锡市检验检测认证研究院（国家太阳能
质量检验检测中心）申报的“全域典型场景光伏产品实证检测基地集群及技术服务体系”项目成功入选，是全国唯一的专业检验检测机构上榜案例。
近年来，无锡市检验检测认证研究院以国家光伏质检中心银川户外实证基地为模板，创新打造“核心基地引领+多场景集群布局”运营模式，通过独立自建与合作共建相结合，布局建设山东烟台、海南东方、内蒙古阿拉善、新疆吐鲁番、泰国春武里等多个实证基地，覆盖高盐雾、高湿、高寒、沙漠、极端干热、热带湿热等国内外多种典型复杂气候工况，构建起国内领先的全域光伏实证检测基地集群，综合技术服务能力达到国际先进水平。
“全域典型场景光伏产品实证检测基地集群及技术服务体系”项目
依托国家光伏质检中心自主研发的“曙雀”实证测试系统与“曦云” 云平台，融合物联网、5G通信、大数据与AI智能分析技术，将各基地实测数据实时汇聚集群实证数据中心，累计采集、存储实证数据近900亿条，实现多基地同步监测、跨地域数据比对、样品故障智能诊断、寿命评估研判等多项功能，对光伏产品的缺陷识别准确率达 95%以上，有效破解了单一环境下光伏产品性能验证不充分的行业痛点。项目运行以来，累计完成数百个户外实证项目，服务企业100余家。
“曙雀”、“曦云”光伏户外实证监测采集系统
同时，无锡检研院依托基地集群开展技术研究与标准创新，主导和参与多项国家、行业以及国际标准研制，拥有多项专利与软件著作权，定期发布《光伏户外实证研究年报》，为光伏产品差异化耐候性评价提供技术支撑。
下一步，无锡检研院将充分发挥国家级公共技术服务平台作用，助力
技术升级与场景落地，持续推动能源技术与人工智能、新材料、先进制造技术深度融合。面向产业需求，进一步拓展全域典型气候与工况实证场景，升级光储充一体化全链条实证能力，持续输出多场景实测数据，提升智能化技术服务水平，助力科技创新与产业创新深度融合发展，为我国
技术迭代升级和国家“双碳”战略落地提供坚实的检研技术支撑。
国际太阳能光伏网
光伏资讯一手掌握，关注国际能源网 ""
看资讯 / 读政策 / 找项目 / 推品牌 / 卖产品 / 招投标 / 招代理 / 发文章
太阳能光伏资讯热点排行
招标 | 500MW！中设集团2026-2027年光伏组件集采供应商入围采购
湖南推动多用户绿电直连发展
国家能源局：2026年8月中国绿证价格指数收于202.6点
罗博特科成功赴港上市
河南：有序推动绿电直连发展
集中式光伏不参与！广东启动2026年机制电价竞价！
辽宁2027年新能源增量项目竞价启动：电价0.18~0.3元/度，单体60%
华能副总经理调整
苏州固锝董事长、总经理确定
阿特斯总裁调整！
国家电力投资集团有限公司董事、总经理、党组副书记任职
苏州固锝董事长、总经理确定
阿特斯总裁调整！
阿特斯总裁调整！
中标 | 英利、晶科等入围山西交控2026-2027年度光伏组件供应商入
江西2026年机制电价竞价启动：电价0.24~0.379元/度，单个项目上
云南红河州4.99GW风、光竞配：涉及中国宏桥、淮河能源控股、华能
聚焦清洁能源等重点领域！中广核与四川省人民政府签署战略合作协",full,,dom_or_structured_full_text,,https://solar.in-en.com/html/solar-2464272.shtml,国际太阳能光伏网,光伏,光伏新闻,2026-09-24T00:38:32+00:00,未分类,,,[],unclassified,2026-09-24T00:54:36.889518+00:00,glm-5.2,2026-09-10,
凉州区九墩滩300MW专项光伏治沙项目竞配结果公示-索比光伏网,2026-09-23,"9月21日，甘肃省武威市凉州区九墩滩30万千瓦专项光伏治沙项目竞争性配置结果公示，中电建新能源集团股份有限公司甘肃分公司中选。
该结果公示期为2026年9月21日至9月23日，如有异议可在公示发布之日起3个工作日内向凉州区发展和改革局反馈。
9月21日，甘肃省武威市凉州区九墩滩30万千瓦专项光伏治沙项目竞争性配置结果公示，中电建新能源集团股份有限公司甘肃分公司中选。
该结果公示期为2026年9月21日至9月23日，如有异议可在公示发布之日起3个工作日内向凉州区发展和改革局反馈。",full,,trafilatura_full_text,,https://news.solarbe.com/202609/23/50029565.html,索比光伏-综合新闻,光伏,光伏综合新闻,2026-09-24T00:39:41+00:00,未分类,,,[],unclassified,2026-09-24T00:54:36.889518+00:00,glm-5.2,2026-09-10,
中核汇能海南昌江海尾镇90MW渔光互补项目并网-索比光伏网,2026-09-23,"9月22日，由汇能海南公司投资建设的中核汇能海南昌江县海尾镇90MW渔光互补光伏项目一次性倒送电成功，实现首批并网发电，为海南清洁能源岛建设再添绿色动能。
该项目位于海南省昌江黎族自治县海尾镇，是海南省2026年度重大项目。项目采用“水上发电、水下养殖”的渔光互补模式，针对海南高温、高湿、高盐雾及强台风海洋气候特点，充分兼顾养殖净空与渔业生产作业需求，采用50米以上大跨度、高净空柔性支架，并开展专项抗台风设计，显著提升土地与水域资源综合利用效率，项目赋能传统渔业转型升级，拓宽当地群众增收渠道，切实以绿色产业发展助力乡村全面振兴，实现生态效益、经济效益、社会效益三位一体协同提升。
建设期间，海南公司周密部署、统筹协调各方资源，项目部全体人员驻守现场一线，克服土地征租协调难度大、地质条件复杂、台风及强降雨等诸多挑战，挂图作战，全面统筹施工建设、生产准备、并网启动等各环节，发扬“钉钉子”精神，破解各项建设难题，严格落实集团“六大控制七个零”工程管理要求，构建安全管控、质量监督、进度管理协同体系，有力保障了各关键节点如期达成，保障电力生产安全稳定。
项目投产后年发电量约1.1亿千瓦时，每年可节约标准煤约3.36万吨，减少二氧化碳排放约9.21万吨，同时减少二氧化硫、氮氧化物等污染物排放，对优化区域电源结构、助力海南清洁能源岛建设具有重要示范意义。",full,,dom_or_structured_full_text,,https://news.solarbe.com/202609/23/50029564.html,索比光伏-综合新闻,光伏,光伏综合新闻,2026-09-24T00:39:42+00:00,未分类,,,[],unclassified,2026-09-24T00:54:36.889518+00:00,glm-5.2,2026-09-10,
四川：启动2027年机制电价竞价工作！-索比光伏网,2026-09-23,"9月21日，四川省发改委、四川省能源局发布《关于做好2027年度新能源机制电量电价竞价准备工作的通知》，启动2027年机制电价竞价工作。
四川：启动2027年机制电价竞价工作！
本站标注来源为“索比光伏网”、“碳索光伏""、""索比咨询”的内容，均属www.solarbe.com合法享有版权或已获授权的内容。未经书面许可，任何单位或个人不得以转载、复制、传播等方式使用。
经授权使用者，请严格在授权范围内使用，并在显著位置标注来源，未经允许不得修改内容。违规者将依据《著作权法》追究法律责任，本站保留进一步追偿权利。谢谢支持与配合！
2026年浙江新能源增量项目机制电价竞价充足率由120%下调至110%，2026年底启动新一轮竞价，入围门槛放宽，落选率降至约9%。本文深度解读政策调整逻辑、对分布式光伏影响、申报策略及风险提示，附首轮竞价结果与全国多省政策对比，完整版报告扫码获取。
江西省发改委发布通知，启动2026年新能源机制电价竞价工作，面向2027年内全容量并网的新增风电、光伏项目（不含已明确电价或就近消纳类项目），允许2025年6月后投产未纳入机制的增量项目参与。本次竞价总机制电量规模为40.80亿千瓦时，其中风电11.55亿千瓦时、光伏29.25亿千瓦时；风电与光伏统一设定竞价上下限，分别为0.379元/千瓦时和0.24元/千瓦时，执行期均为10年。申报要求风电、光伏项目申报充足率不低于120%，单个项目机制电量占比上限为75%，并按核准/备案容量及差异化利用小时数（风电2224小时、光伏1046小时）结合厂用电率核算电量上限。竞价将分风、光两类独立组织，简化流程，取消履约保函，改以全容量并网承诺书作为考核依据。（199字）
天津市启动2026年度增量新能源项目机制电量竞价工作，面向2027年底前全容量并网的风电、光伏项目（含此前未纳入机制的增量项目），分布式项目可委托代理参与。本次机制电量总规模为40亿千瓦时，若申报总量不足50亿千瓦时，则按申报总量的80%动态调整。竞价电价上限设定为0.32元/千瓦时，不设下限，中标电价执行期为10年。电量测算依据项目实际或核准容量，结合不同类型电源的全生命周期折合年度合理利用小时数（光伏1300小时、陆上风电1800小时、海上风电2600小时）及2%平均厂用电率计算年上网电量。相关工作由天津市发改委统筹、天津电力公司具体组织。（199字）
2026 年广东省增量新能源项目机制电价竞价登记正式启动，集中式光伏、陆上风电不参与，分布式光伏成核心主体，9月14日开启登记，10月13日截止提交材料。本文深度解读竞价范围、申报流程、报价策略、风险提示，附2025年首轮结果参考、粤桂规则对比及全国格局分析，完整版报告扫码获取。
广东电力交易中心于9月14日正式启动2026年机制电价竞价工作，面向符合条件的增量新能源项目开放登记。参与对象为尚未投产、承诺在竞价月起12个月内并网、已完成政府核准或备案且未纳入现行机制执行范围的新能源项目；集中式光伏和陆上风电项目除外。存量项目中，2025年5月31日前全容量并网的及已通过2025年竞价入选的项目无需重复参与。项目投资主体须于2026年10月13日前，通过“广东电力交易系统”网站或微信小程序完成线上登记，流程包括账号注册、授权委托、签署承诺书及项目信息填报等环节。相关操作指引详见附件。（198字）
广西电力交易中心于2026年9月启动2027年度增量新能源项目机制电价竞价登记工作。依据国家及自治区多项政策文件，本次竞价旨在建立新能源可持续发展价格结算机制，覆盖2025年6月1日后投产或计划于2027年底前投产、且未纳入过机制电价执行范围的新增风电、集中式光伏等项目；源网荷储、绿电直连及各类分布式光伏项目则明确排除在外。登记分测试与正式两个阶段，时间为2026年9月15日至30日，需通过广西电力交易平台提交核准（备案）文件、规划纳入证明、承诺投产时间等材料，并严格核对容量、类型、并网时间等关键信息。审核不通过或信息填报严重失实将影响当期及后续年度竞价资格。竞价活动拟于10月下旬开展。
广西发改委与能源局于2026年8月31日发布通知，正式启动2027年新能源增量项目机制电价竞价工作。本次竞价面向2025年6月1日至2027年12月31日期间全容量并网、且此前未纳入机制电价范围的集中式风电和光伏项目，明确排除就近消纳项目及各类工商业分布式光伏。竞价电量规模为全区符合条件项目年度预测上网电量的40%，单个项目可申报机制电量不超过其总上网电量的80%。申报电价区间为0.15—0.36元/千瓦时，执行期限统一为12年。竞价按风电、光伏两类分别组织，要求申报充足率不低于120%，由广西电力交易中心具体实施。项目主体自愿参与，分散式及分布式项目可自主或委托代理申报。（199字）
2026年8月25日，国家发展改革委副主任岳修虎主持召开“六网协同”协调推进工作会，聚焦“六张网”建设的投融资机制与支持政策。会议围绕构建多元化、差异化、适配性强的投融资模式展开，重点研究分类细化财政投入、金融支持、投资管理、价格机制等政策工具，强调通过创新政策组合与优化实施路径，提升政策精准性与实效性。目标是建立与不同领域、不同类型重大工程项目特点相匹配的投融资机制，切实保障项目前期准备和开工建设顺利推进。工业和信息化部、财政部、交通运输部等九个相关部门司局负责同志参会，协同推动跨部门政策衔接与落地实施。（198字）
赣发改价管〔2026〕512号江西省增量新能源机制电价竞价细则修订版解读，工商业分布式光伏保留竞价资格，详解60%边际入选门槛、取消履约保函、四可并网要求、延期处罚规则，附申报策略与省际对比，完整版报告扫码获取。
本文介绍了《江西省增量新能源项目机制电价竞价实施细则（修订版）》的核心内容，聚焦工商业光伏等新增新能源项目的电价形成机制。细则明确，自2025年6月1日起投产的集中式与分布式风电、光伏项目（不含已明确电价的竞争性配置项目），须通过省级竞价平台参与机制电价竞争；其中，分布式项目可由聚合商统一代理参竞。竞价按技术类型分类组织，采用边际出清方式确定统一机制电价，并设定申报充足率下限以保障充分竞争。机制电量规模综合考虑装机容量、利用小时数及消纳责任权重等因素动态核定，单个项目电量上限与实际并网容量、厂用电率及历史平均利用水平挂钩。机制电价执行期限依据投资回收周期设定，起始时间自项目全容量并网次月起算。细则还明确了资质审核、流程公示、履约考核、信用管理及争议处理等保障机制，自2026年9月19日起施行。（199字）",full,,trafilatura_full_text,,https://news.solarbe.com/202609/23/50029568.html,索比光伏-综合新闻,光伏,光伏综合新闻,2026-09-24T00:39:44+00:00,零碳产业 > 能量转化 > 能量分配与运输 > 虚拟电厂与电力交易,零碳产业,虚拟电厂与电力交易,"[{""path"":[""零碳产业"",""能量转化"",""能量分配与运输"",""虚拟电厂与电力交易""],""path_text"":""零碳产业 > 能量转化 > 能量分配与运输 > 虚拟电厂与电力交易"",""confidence"":0.9,""reason"":""核心事件是四川启动新能源机制电价竞价，属新能源电价市场化交易机制""},{""path"":[""零碳产业"",""能量转化"",""能源测"",""一次能源转化"",""太阳能转化"",""光伏""],""path_text"":""零碳产业 > 能量转化 > 能源测 > 一次能源转化 > 太阳能转化 > 光伏"",""confidence"":0.72,""reason"":""竞价主要覆盖光伏项目，政策直接影响光伏电价与并网""}]",classified,2026-09-24T00:54:47.935840+00:00,glm-5.2,2026-09-10,
德国前8月光伏新增11.25GW，固定上网电价拟调整引发担忧-索比光伏网,2026-09-23,"德国联邦网络局（BNetzA）数据显示，德国 2026 年 8 月新增光伏装机 1.688GW，低于 7 月的 1.85GW，且相较 2025 年 8 月的 2.04GW 降幅更为明显。
今年 1 至 8 月德国累计新增光伏装机 11.25GW，推动全国累计装机总量达到 129.25GW。
德国联邦网络局表示，德国光伏市场在 2026 年 8 月有所放缓，新增光伏装机容量为 1.688GW。（图片来源：Bundesnetzagentur）
从细分应用场景来看，8 月份地面电站、屋顶光伏以及阳台光伏新增装机均低于上月。其中，地面电站新增装机 977.2MW，屋顶光伏新增 440.3MW，阳台光伏（或即插即用光伏）新增 57.8MW，而 7 月份这三类场景的新增规模则分别为 1.05GW、757MW 和 66.2MW。
德国联邦网络局表示，为实现到 2030 年光伏累计装机达到 215GW 的目标，全国每月新增装机需达到 1.65GW。然而，德国太阳能协会（BSW-Solar）警告称，政府计划对《可再生能源法》（EEG）及电网一揽子方案进行的修订，将推高新建光伏电站的建设成本，并减缓全国范围内的扩建步伐。
德国政府提议在修订后的《可再生能源法》（EEG）下，对新增可再生能源项目以市场化销售机制取代固定上网电价（FIT）机制。BSW-Solar 警告称，如果这些拟议措施按当前形式通过，新建光伏电站的度电成本可能增加超过 0.01 欧元/kWh。此外，由 BSW-Solar 委托 Enervis 开展的一项最新研究显示，德国光伏发电在 2025 年降低了 157 亿欧元的电力采购成本；若没有光伏发电，电力批发价格预计将高出约 20%。",full,,trafilatura_full_text,,https://news.solarbe.com/202609/23/50029590.html,索比光伏-综合新闻,光伏,光伏综合新闻,2026-09-24T00:39:48+00:00,零碳产业 > 能量转化 > 能源测 > 一次能源转化 > 太阳能转化 > 光伏,零碳产业,光伏,"[{""path"":[""零碳产业"",""能量转化"",""能源测"",""一次能源转化"",""太阳能转化"",""光伏""],""path_text"":""零碳产业 > 能量转化 > 能源测 > 一次能源转化 > 太阳能转化 > 光伏"",""confidence"":0.95,""reason"":""核心事件是德国光伏新增装机数据及上网电价政策对光伏市场的影响""}]",classified,2026-09-24T00:54:47.935840+00:00,glm-5.2,2026-09-10,
北京经济技术开发区：推动先进能源产业应用钙钛矿材料等实现太空、地面多维度发展-索比光伏网,2026-09-23,"北京经济技术开发区管理委员会关于印发《北京经济技术开发区关于加快新材料产业创新发展的若干措施》的通知
京技管发〔2026〕13号
工委、管委会各机构，驻区各职能机构，各重点国有企业:
现将《北京经济技术开发区关于加快新材料产业创新发展的若干措施》印发给你们，请结合实际，认真抓好贯彻落实。
北京经济技术开发区管理委员会
(此件公开发布)
北京经济技术开发区关于加快新材料产业创新发展的若干措施
新材料是新一轮科技革命和产业变革的基石与先导。为深入贯彻习近平总书记在北京考察时的重要讲话精神，落实《北京市促进未来产业创新发展实施方案》，聚力发展新材料产业，培育壮大新质生产力，以打造智能引擎和促进中试转化为关键，推动新材料产业高端化、绿色化、智能化、融合化发展，打造新材料产业高地。
一、重点发展方向
(一)先进基础材料
加快高性能轻合金、高温合金等先进有色金属材料，高性能工程塑料、功能性膜材料、高性能催化剂、电子化学品等先进化工材料，高纯石英、特种陶瓷等先进无机非金属材料创新突破。
(二)关键战略材料
推进高性能电池电解质、正负极材料、钙钛矿等新型能源材料，宽禁带半导体衬底及外延、大硅片、光掩模版、靶材等半导体核心制造材料，先进封装基板、ABF膜等半导体封装材料，磷化铟、薄膜铌酸锂等光电子材料，OLED显示材料、柔性显示材料等新型显示材料，碳纤维、玄武岩纤维、陶瓷纤维等高性能纤维及复合材料提质升级。
(三)前沿创新材料
加强钇钡铜氧、铁基超导体等超导材料，医用高分子、医用金属及合金、重组生物基材料等生物材料，超宽禁带半导体、新型存储材料、金刚石散热材料等电子专用材料，量子点材料、碳纳米管、功能性纳米粉体、二维材料等纳米材料，以及石墨烯、液态金属、超材料等研究应用。
(一)坚持创新驱动，强化技术引领
1.支持新材料核心技术攻关。聚焦先进有色金属材料、先进化工材料、新型能源材料、超导材料、纳米材料、生物材料、高性能纤维及复合材料等重点领域，鼓励新材料企业开展原创性、颠覆性、引领性技术研发，推动先进基础材料工艺迭代升级、关键战略材料国产替代、前沿创新材料前瞻布局。支持企业面向经开区科技计划，围绕材料设计、制备工艺、性能提升、可靠性验证、批量应用等关键环节开展核心技术攻关，对于推动传统技术革新突破、引领行业创新能级提升、产生重大市场价值的研发计划，给予专项资金支持。(责任部门：科技和产业促进局、高端汽车和新能源产业局)
2.强化产学研协同创新体系。鼓励新材料企业参与市自然科学基金-经开区联合基金，支持企业聚焦新材料行业底层关键科学问题，开展应用基础研究。实施“白菜心工程”，支持企业面向新材料技术前沿，服务国家重大战略任务需求和产业高质量发展需求，着力解决制约产业发展的“卡脖子”技术难题。鼓励企业、高校、科研院所组建创新联合体，建立“揭榜挂帅”机制，发布新材料技术攻关榜单，通过政府搭台、链主企业出题、创新主体答题、产业链验证的方式，引导产学研用协同攻关。(责任单位：科技和产业促进局、高端汽车和新能源产业局)
3.深化人工智能与新材料融合创新。紧抓AI4S战略机遇，推动材料研发范式变革。锚定新材料设计仿真、智能筛选、工艺优化等核心环节，鼓励央国企、高校院所等率先建立新材料领域可信数据空间，探索建立新材料数据汇聚共享、可信流通等机制。围绕特种合金、无机材料、有机化合物等配方筛选和结构性能预测，支持自主研发材料多尺度集成化高通量计算模型、算法和软件。推动“人工智能+新材料”自主实验室建设，开发面向不同材料体系的一体化表征关键技术和设备，应用人工智能技术赋能实验过程管理，依托高通量筛选技术推动实验成果提级，构建“数据-模型-实验”闭环的智能化研发体系。对“人工智能+新材料”创新企业给予算力券、模型券、数据券等支持。(责任单位：高端汽车和新能源产业局、信息技术产业局、市双智办)
(二)畅通成果转化，激活发展动能
4.搭建成果转化多维对接机制。聚焦新材料源头供给，推动原始创新转化落地，孵化新技术、新工艺、新产品。充分发挥“三城一区”融合创新平台效能，组建新材料产业工作专班，围绕新材料高校院所搭建“一院所一小组”精准服务机制。通过校企资源联动、创新赛事招引、种子基金赋能、“拨投联动”支持、创孵服务保障等方式，精准挖掘前沿技术和优质项目，打造新材料成果转化高地。(责任单位：高端汽车和新能源产业局)
5.支持新材料高能级创新平台建设。围绕新材料全链条创新发展需求，布局概念验证平台、产业创新中心等高能级创新平台。以概念验证平台为牵引，提供小批量研发试验、商业前景评估等服务，加速挖掘和释放科研成果价值，促进产业化落地。依托产业创新中心，整合区域科研人才、设备、技术等优质资源，强化知识产权保护和转移，聚焦产业链关键卡点和共性技术难题开展协同攻关。对服务能力突出和成果孵化成效优异的新材料创新平台，给予单个平台最高500万元资金支持。(责任单位：高端汽车和新能源产业局)
6.强化中试载体赋能。聚焦人形机器人、太空能源、固态电池等关键领域需求材料，建设一批新材料中试平台。围绕技术研发转化、性能工艺改进、工艺放大熟化、产品型式试验、产品性能测试等工程化验证需求，搭建中试验证环境，提供中试验证服务，打通科技成果转化的“最后一公里”。对中试服务能力突出、成效显著的企业给予资金支持。(责任单位：高端汽车和新能源产业局、科技和产业促进局、经济发展局)
7.深化京津冀新材料产业协同发展。立足京津冀协同发展国家战略，依托三地资源禀赋互补优势，促进资源共享、优势互补，协作配套，构建北京研发中试、津冀大规模生产的新材料产业发展模式。加强新材料产业协作与创新联动，开展三地联合攻关，搭建京津冀新材料项目对接、成果转化等服务平台，推动创新链、产业链跨区域深度融合，形成创新、转化、制造梯度协同的新材料产业发展格局。(责任单位：高端汽车和新能源产业局、科技和产业促进局、经济发展局)
(三)深化双向赋能，助力提质升级
8.以新材料赋能主导产业迭代升级。强化供需对接机制，依托“新材赋”产业对接活动，推动新材料与电子信息产业、生物医药、机器人、先进能源等主导产业精准匹配、双向赋能。支持机器人产业应用轻量化材料、传感材料等促进结构件轻量化、仿生皮肤灵敏化发展，推动先进能源产业应用固态电池材料、钙钛矿材料等实现太空、地面多维度发展，鼓励生物医药产业应用医用高分子、医用金属及合金、重组生物基材料等，电子信息产业应用(超)宽禁带半导体以及光掩模版等半导体制造核心材料、先进封装材料、光电子材料、柔性显示材料等。鼓励新材料企业采取定制化开发模式提前锁单，拓宽新材料从立项研发到转化应用商业链路。(责任部门：高端汽车和新能源产业局、信息技术产业局、机器人和智能制造产业局、生物技术和大健康产业局、市集电办)
9.以场景牵引赋能新材料产业能级跃升。鼓励区域内场景开放，促进新材料首试首用。鼓励主导产业企业发布关键材料需求场景，以场景应用带动技术迭代、产品定型、市场培养。对企业成功申报国家级、省级和区级重点新材料首批次应用示范指导目录分别给予支持。(责任部门：高端汽车和新能源产业局)
(四)强化要素支撑，提升保障能力
10.高水平建设新材料产业创新园区。聚力建设新材料创新园区，推动实验装备、检测平台、应用场景等要素开放共享，形成集创业孵化、研发设计、中试验证、场景应用、交流展示于一体的新材料产业创新园区。实施“春笋”行动，精准匹配新材料企业不同发展阶段空间需求。面向初创及孵化期企业，提供灵活、可定制的研发办公空间与共享实验室;面向中试及工艺验证企业，建设满足洁净、防震等专业要求的定制化高品质空间;面向规模化生产企业，保障高标准产业化基地与生产空间供给。(责任单位：高端汽车和新能源产业局、科技和产业促进局)
11.系统打造新材料人才创业生态。加快引育新材料产业急需紧缺的顶尖人才、领军人才、青年人才和潜力人才，支持重点新材料企业设立博士后工作站、创新实践基地，建立灵活多样的人才柔性使用模式，构建复合型、国际化、专业化的新材料人才梯队。组建一批善于链接科技成果转化的新材料技术经理人队伍，纵深挖掘新材料领域技术、人才、项目，围绕项目孵化、中试熟化、成果转化等环节，不断提升驻企服务能力。在人才引进、子女入学、住房安居等方面提供全方位配套保障。(责任单位：组织人事部、社会事业局、开发建设局，高端汽车和新能源产业局)
12.创建企业全生命周期多元融资支持体系。建立与国家、市、区级基金和市场化基金常态化对接机制，构建多层次资本保障体系。持续拓宽企业融资渠道，统筹运用好贷款贴息、科技保险等手段，为新材料企业提供资金支持。(责任单位：科技和产业促进局、亦庄国投)
(一)新材料企业认定范围参照本措施第一章重点发展方向执行。
(二)本措施适用于在亦庄新城225平方公里范围内依法经营的新材料领域的各类主体，近三年无重大行政处罚记录和刑事犯罪记录，未列入严重违法失信主体名单。
(三)对符合本措施支持范围的同一企业或机构的同一项目，同时符合北京市、经开区其他政策规定的，按照“从优不重复”原则予以支持，另有规定的除外。国家、北京市制定实施相关政策措施的，遵照执行。
(四)本措施自公布之日起施行，至2028年12月31日结束。施行期间如遇国家或北京市相关政策调整的，按照国家或北京市相关规定执行。
(五)本措施由北京经济技术开发区管理委员会负责解释，具体解释工作由高端汽车和新能源产业局承担。",full,,dom_or_structured_full_text,,https://news.solarbe.com/202609/23/50029623.html,索比光伏-综合新闻,光伏,光伏综合新闻,2026-09-24T00:39:50+00:00,通用技术 > 材料工程 > 其它先进材料,通用技术,其它先进材料,"[{""path"":[""通用技术"",""材料工程"",""其它先进材料""],""path_text"":""通用技术 > 材料工程 > 其它先进材料"",""confidence"":0.7,""reason"":""核心是经开区新材料产业扶持政策，涵盖超导、纳米等多类前沿材料""}]",classified,2026-09-24T00:54:47.935840+00:00,glm-5.2,2026-09-10,
国家能源局：2026年8月全国新增建档立卡光伏项目3972个-索比光伏网,2026-09-23,"9月23日，国家能源局发布关于2026年8月全国新增建档立卡新能源发电(不含户用光伏)项目情况的公告。
2026年8月，全国新增建档立卡新能源发电(不含户用光伏)项目共4007个，其中风电项目29个，光伏发电项目3972个(集中式光伏发电项目23个，工商业分布式光伏发电项目3949个)，生物质发电项目6个。
关于2026年8月全国新增建档立卡新能源发电(不含户用光伏)项目情况的公告
2026年8月，全国新增建档立卡新能源发电(不含户用光伏)项目共4007个，其中风电项目29个，光伏发电项目3972个(集中式光伏发电项目23个，工商业分布式光伏发电项目3949个)，生物质发电项目6个。风电、集中式光伏发电、生物质发电项目清单见附件，工商业分布式光伏发电项目清单详见国家可再生能源发电项目信息管理平台网站。",full,,trafilatura_full_text,,https://news.solarbe.com/202609/23/50029621.html,索比光伏-综合新闻,光伏,光伏综合新闻,2026-09-24T00:39:52+00:00,零碳产业 > 能量转化 > 能源测 > 一次能源转化 > 太阳能转化 > 光伏,零碳产业,光伏,"[{""path"":[""零碳产业"",""能量转化"",""能源测"",""一次能源转化"",""太阳能转化"",""光伏""],""path_text"":""零碳产业 > 能量转化 > 能源测 > 一次能源转化 > 太阳能转化 > 光伏"",""confidence"":0.95,""reason"":""核心事件是全国新增建档立卡光伏项目数据公告""}]",classified,2026-09-24T00:54:47.935840+00:00,glm-5.2,2026-09-10,
山东：纳入机制电价的风电项目可分两批、延期半年并网-索比光伏网,2026-09-23,"9月21日，山东发改委发布《关于新能源机制电价竞价有关事项的函》，明确分批并网、容量变更等新能源项目处理原则。
山东：纳入机制电价的风电项目可分两批、延期半年并网
本站标注来源为“索比光伏网”、“碳索光伏""、""索比咨询”的内容，均属www.solarbe.com合法享有版权或已获授权的内容。未经书面许可，任何单位或个人不得以转载、复制、传播等方式使用。
经授权使用者，请严格在授权范围内使用，并在显著位置标注来源，未经允许不得修改内容。违规者将依据《著作权法》追究法律责任，本站保留进一步追偿权利。谢谢支持与配合！
四川省发展和改革委员会、四川省能源局于9月21日联合发布《关于做好2027年度新能源机制电量电价竞价准备工作的通知》，正式启动2027年新能源机制电价竞价相关工作。该工作旨在通过市场化方式确定新能源发电项目参与机制电价结算的电量及对应电价，是四川深化电力市场化改革、完善新能源价格形成机制的重要举措。通知要求各相关单位有序开展申报组织、资格审核、方案编制等前期准备工作，为后续竞价交易奠定基础。此次竞价覆盖范围主要为纳入省级新能源机制电价政策支持的风电、光伏等项目，其电量将不再执行固定上网电价，而是通过竞争方式形成机制电价。此举意在提升资源配置效率，促进新能源消纳，并推动电力系统向更加灵活、可持续方向发展。
2026年浙江新能源增量项目机制电价竞价充足率由120%下调至110%，2026年底启动新一轮竞价，入围门槛放宽，落选率降至约9%。本文深度解读政策调整逻辑、对分布式光伏影响、申报策略及风险提示，附首轮竞价结果与全国多省政策对比，完整版报告扫码获取。
江西省发改委发布通知，启动2026年新能源机制电价竞价工作，面向2027年内全容量并网的新增风电、光伏项目（不含已明确电价或就近消纳类项目），允许2025年6月后投产未纳入机制的增量项目参与。本次竞价总机制电量规模为40.80亿千瓦时，其中风电11.55亿千瓦时、光伏29.25亿千瓦时；风电与光伏统一设定竞价上下限，分别为0.379元/千瓦时和0.24元/千瓦时，执行期均为10年。申报要求风电、光伏项目申报充足率不低于120%，单个项目机制电量占比上限为75%，并按核准/备案容量及差异化利用小时数（风电2224小时、光伏1046小时）结合厂用电率核算电量上限。竞价将分风、光两类独立组织，简化流程，取消履约保函，改以全容量并网承诺书作为考核依据。（199字）
天津市启动2026年度增量新能源项目机制电量竞价工作，面向2027年底前全容量并网的风电、光伏项目（含此前未纳入机制的增量项目），分布式项目可委托代理参与。本次机制电量总规模为40亿千瓦时，若申报总量不足50亿千瓦时，则按申报总量的80%动态调整。竞价电价上限设定为0.32元/千瓦时，不设下限，中标电价执行期为10年。电量测算依据项目实际或核准容量，结合不同类型电源的全生命周期折合年度合理利用小时数（光伏1300小时、陆上风电1800小时、海上风电2600小时）及2%平均厂用电率计算年上网电量。相关工作由天津市发改委统筹、天津电力公司具体组织。（199字）
2026 年广东省增量新能源项目机制电价竞价登记正式启动，集中式光伏、陆上风电不参与，分布式光伏成核心主体，9月14日开启登记，10月13日截止提交材料。本文深度解读竞价范围、申报流程、报价策略、风险提示，附2025年首轮结果参考、粤桂规则对比及全国格局分析，完整版报告扫码获取。
广东电力交易中心于9月14日正式启动2026年机制电价竞价工作，面向符合条件的增量新能源项目开放登记。参与对象为尚未投产、承诺在竞价月起12个月内并网、已完成政府核准或备案且未纳入现行机制执行范围的新能源项目；集中式光伏和陆上风电项目除外。存量项目中，2025年5月31日前全容量并网的及已通过2025年竞价入选的项目无需重复参与。项目投资主体须于2026年10月13日前，通过“广东电力交易系统”网站或微信小程序完成线上登记，流程包括账号注册、授权委托、签署承诺书及项目信息填报等环节。相关操作指引详见附件。（198字）
广西电力交易中心于2026年9月启动2027年度增量新能源项目机制电价竞价登记工作。依据国家及自治区多项政策文件，本次竞价旨在建立新能源可持续发展价格结算机制，覆盖2025年6月1日后投产或计划于2027年底前投产、且未纳入过机制电价执行范围的新增风电、集中式光伏等项目；源网荷储、绿电直连及各类分布式光伏项目则明确排除在外。登记分测试与正式两个阶段，时间为2026年9月15日至30日，需通过广西电力交易平台提交核准（备案）文件、规划纳入证明、承诺投产时间等材料，并严格核对容量、类型、并网时间等关键信息。审核不通过或信息填报严重失实将影响当期及后续年度竞价资格。竞价活动拟于10月下旬开展。
江苏能源监管办于9月9日与省电力公司就新能源消纳问题召开专题会商，旨在提升新能源消纳水平、推动全省新能源高质量发展。会议肯定了迎峰度夏期间电力保供和新能源消纳成效，并围绕政策落实、电网安全、消纳提升和协同联动四方面提出具体要求：一是加强国家能源政策学习宣贯，结合江苏实际做好前瞻性谋划；二是守牢电网安全底线，强化秋检管理与隐患治理；三是优化调度运行与系统调节能力，充分发挥电力市场机制作用，积极拓展新能源消纳空间；四是深化政企、网厂协同，主动服务地方政府和发电企业，营造良好舆论环境。下一步，监管办将持续跟踪秋检运行、强化新能源消纳及市场秩序监管，支撑全省经济社会高质量发展。（198字）
2026 年山东电力现货市场价格参数调整征求意见深度解读，拟下调申报、出清价格下限各 0.04 元 / 千瓦时，上限维持不变，分析负电价常态化背景下价格信号重构逻辑，详解储能、新能源、售电、大用户四类主体收益影响与实操策略，附全国省份价格限位对比，完整版报告扫码获取。
山东省发改委发布通知，自2026年10月1日起调整工商业分时电价机制，旨在强化电价引导作用，促进削峰填谷、缓解电力供需矛盾并提升新能源消纳能力。政策明确工商业用户中容量补偿电价、上网环节线损费用、系统运行费用及电网代理购电价格（不含电气化铁路牵引用电）执行分时电价，其他分摊费用除外。浮动比例为：高峰上浮70%、低谷下浮70%、尖峰上浮100%、深谷下浮90%。峰谷时段按季节动态划分，全年分为四段，各含不同谷、深谷、峰、尖峰及时段；平时段为峰谷时段之外的其余时间。此外，居民充电桩、电动自行车充换电设施、农业生产用电及青岛、淄博“电代煤”用户可自愿参与，其低谷时段统一为23:00至7:00，其余时段与工商业保持一致。（199字）",full,,trafilatura_full_text,,https://news.solarbe.com/202609/23/50029607.html,索比光伏-综合新闻,光伏,光伏综合新闻,2026-09-24T00:39:54+00:00,零碳产业 > 能量转化 > 能量分配与运输 > 虚拟电厂与电力交易,零碳产业,虚拟电厂与电力交易,"[{""path"":[""零碳产业"",""能量转化"",""能量分配与运输"",""虚拟电厂与电力交易""],""path_text"":""零碳产业 > 能量转化 > 能量分配与运输 > 虚拟电厂与电力交易"",""confidence"":0.85,""reason"":""核心是山东机制电价竞价与分批并网、分时电价等电力市场政策安排""},{""path"":[""零碳产业"",""能量转化"",""能源测"",""一次能源转化"",""风电""],""path_text"":""零碳产业 > 能量转化 > 能源测 > 一次能源转化 > 风电"",""confidence"":0.75,""reason"":""标题核心对象是纳入机制电价的风电项目并网规则""}]",classified,2026-09-24T00:54:47.935840+00:00,glm-5.2,2026-09-10,
福建电力现货市场9月30日起“转正”-索比光伏网,2026-09-23,"9月21日，福建省发展改革委、国家能源局福建监管办公室发布关于福建电力现货市场转正式运行的通知，明确2026年9月30日起，福建省电力现货市场转入正式运行。
从2019年6月启动模拟试运行算起，福建电力现货市场已走过7年多探索历程。通知显示，2025年3月1日，该市场启动连续的全月结算试运行，并于当年9月开展连续结算试运行。目前，省内电力现货市场已连续运行超过18个月，历经迎峰度夏、迎峰度冬、汛期和极端天气、重要节假日和重大活动保电等各类场景检验，整体运行平稳有序，有效发挥了优化电力资源配置、保障电力供应、促进可再生能源消纳等作用，有力支撑全省经济社会发展。
随着福建电力现货市场转为正式运行，全国正式运行的省级电力现货市场已增至10个，分别为山西、山东、广东、甘肃、蒙西、湖北、浙江、河北南网、安徽。
福建省发展和改革委员会 国家能源局福建监管办公室关于福建电力现货市场转正式运行的通知
各设区市发展和改革委员会、平潭综合实验区经济发展局，国网福建省电力有限公司，福建电力交易中心有限公司：
按照全国统一电力市场建设要求，2025年3月1日，我省电力现货市场启动连续的全月结算试运行，并于2025年9月开展连续结算试运行。目前省内电力现货市场已连续运行超过18个月，历经迎峰度夏、迎峰度冬、汛期和极端天气、重要节假日和重大活动保电等各类场景检验，整体运行平稳有序，有效发挥了优化电力资源配置、保障电力供应、促进可再生能源消纳等作用，有力支撑全省经济社会发展。
前期，我们委托国家电规总院对我省电力现货市场开展转正式运行的第三方评估。评估意见认为，我省电力现货市场建设取得显著成效，市场规则体系健全，合规管理、市场风险防控、信息披露、信用管理等制度完善，技术支持系统、人员、场所等配套保障完备，省内市场与省间、区域市场衔接有序，市场运行风险总体可控，满足转正式运行条件。
按照《国家发展改革委办公厅、国家能源局综合司关于全面加快电力现货市场建设工作的通知》(发改办体改〔2025〕394号)要求，经福建省人民政府同意，并报国家发展改革委、国家能源局备案，我省电力现货市场自2026年9月30日起转入正式运行。
福建省发展和改革委员会
国家能源局福建监管办公室
(此件主动公开)",full,,dom_or_structured_full_text,,https://news.solarbe.com/202609/23/50029563.html,索比光伏-综合新闻,光伏,光伏综合新闻,2026-09-24T00:39:56+00:00,零碳产业 > 能量转化 > 能量分配与运输 > 虚拟电厂与电力交易,零碳产业,虚拟电厂与电力交易,"[{""path"":[""零碳产业"",""能量转化"",""能量分配与运输"",""虚拟电厂与电力交易""],""path_text"":""零碳产业 > 能量转化 > 能量分配与运输 > 虚拟电厂与电力交易"",""confidence"":0.95,""reason"":""核心事件是福建电力现货市场转入正式运行，属电力市场交易机制建设""}]",classified,2026-09-24T00:54:47.935840+00:00,glm-5.2,2026-09-10,
国家电投总经理闫国春：强化多元互补的融合发展，提高绿色电力稳定供给的能力-索比光伏网,2026-09-23,"围绕扩量、提质、创新三条主线 推进新型电力系统建设
国家电力投资集团有限公司总经理、党组副书记 闫国春
加快构建新型电力系统，是习近平总书记统筹党和国家工作全局作出的重大战略部署，为新时代能源电力行业高质量发展指明方向、提供根本遵循。
新型电力系统贯穿电力生产消费全链条，伴随新能源高比例接入、终端电气化水平提升，电网运行、负荷参与机制发生深刻调整，电力安全供应由源网荷储各类资源共同支撑。
从电源结构看，新能源加速成为主体电源。截至2025年底，国内新能源装机超18亿千瓦，占总装机47%，预计2030年风光装机达到28亿千瓦以上；煤电向基础保障性与系统调节型电源并重转型，系统调节能力面临更高要求。
从系统形态看，主干电网、配电网、微电网多层级协同演进，交直流混联配电网、直流微电网拓展新能源就地消纳空间。
从运行方式看，系统由源网合同向源荷互动转变，虚拟电厂、柔性负荷蕴藏可观调节资源，电解铝等工业可通过负荷柔性调节实现“荷随源动”。
从产销关系看，产用边界加速融合，绿电直连、零碳园区打通供需衔接新模式，发电企业需要深度对接用户需求拓展消纳空间。
从市场机制看，电量、容量、辅助服务、绿色环境等多元价值需要市场充分释放，推动新能源投资获得合理回报。
立足转型大局，国家电投实施均衡增长战略，围绕扩量、提质、创新三条主线推进新型电力系统建设。
扩量方面，推动新能源规模化高质量开发，集团新能源大基地储备资源1.3亿千瓦，乌兰察布600万千瓦风电基地、青海海南清洁能源外送基地有序推进，建成山东、江苏、广东三座百万千瓦海上风电基地；布局深远海风电，“图强号”全球最大单机漂浮式示范项目落地，探索开展20兆瓦漂浮式海上风电示范。
提质方面，一厂一策推进老旧风场以大带小改造，增容潜力约2000万千瓦，推进智慧场站建设，落地风电大模型，提升存量资产效益。
创新方面，集团承担核电、重燃两大国家科技重大专项，勇当原创技术策源地。
一是打造国之重器，为新型电力系统建设提供自主化技术装备的支撑。自主三代核电“国和一号”实现整机设备百分之百国产化；“国冉一号”300兆瓦级重型燃气轮机完成满负荷试验，可增强系统灵活调节能力。
二是强化多元互补的融合发展，提高绿色电力稳定供给的能力。依托青海龙羊峡水光互补控制技术，形成水风光储多能互补一体化的发展格局。
三是深化产业融合，围绕用户需求开发利用新能源，将新能源开发更加紧密地融入实体产业发展。落地扎哈淖尔35万吨绿电铝项目，推动蒙东绿电占比提升至40%，与巴斯夫签订25年合计300亿千瓦时绿电供应协议；广东揭阳“龙宫号”实现风光渔融合开发；建成电解铝园、整村源网荷储、绿电直供算力中心示范工程；推进直流技术工业应用，开展直流汇聚制氢，落地光伏直流供电铝冶炼项目，提升能源利用效率；部署天枢数智管理系统，接入全国30个省区超3500万千瓦能源设施；拓展新能源非电利用，建成大安风光制绿氢合成氨一体化项目，探索核能供热等，多维度为新型电力系统建设贡献央企力量。",full,,trafilatura_full_text,,https://news.solarbe.com/202609/23/50029589.html,索比光伏-综合新闻,光伏,光伏综合新闻,2026-09-24T00:39:58+00:00,零碳产业 > 能量转化 > 能量分配与运输 > 电网相关技术,零碳产业,电网相关技术,"[{""path"":[""零碳产业"",""能量转化"",""能量分配与运输"",""电网相关技术""],""path_text"":""零碳产业 > 能量转化 > 能量分配与运输 > 电网相关技术"",""confidence"":0.85,""reason"":""核心是国家电投推进新型电力系统建设的战略阐述，涉及源网荷储协同与电网运行""}]",classified,2026-09-24T00:55:11.038583+00:00,glm-5.2,2026-09-10,
中国大唐董事长吕军：2025年绿电进京规模达69亿千瓦时，助力首都绿色转型。-索比光伏网,2026-09-23,"锚定“双主体”目标 推进新型电力系统建设
中国大唐集团有限公司董事长、党组书记 吕军
《新型能源体系建设“十五五”规划》《新型电力系统建设“十五五”规划》明确，到2030年风电、太阳能装机比重超过50%成为装机主体，非化石能源发电量比重达50%成为电量主体。“双主体”目标的确立，标志我国电力行业迈入清洁替代、绿电主导的新阶段，赋予电力企业新的战略使命。
实现“双主体”目标并非一蹴而就，行业面临安全与经济两大现实挑战，高比例新能源接入抬高系统平衡保供难度，沙戈荒、水风光基地加快开发进一步加剧跨区消纳、高峰保供压力。同时“十五五”预计新增用电量约3万亿千瓦时，电力投资或将达14万亿元，行业必须严控投资质量，避免重复建设与资源浪费。
应对挑战需要构筑五大坚强支撑。
要夯实安全兜底支撑，煤电以不足三分之一的装机承担七成顶峰保供、八成系统调节任务，在较长时期内难以替代，要坚持先立后破推动煤电向支撑调节型电源转型，完善煤电产供协同与价格机制，改善煤电企业经营状况，筑牢系统兜底防线。
要打造灵活共促的供需互动支撑，面对电力负荷持续走高、调节电源供给不足的现状，不能单纯依靠电源侧保障电力平衡，要深度挖掘需求侧潜力，发展虚拟电厂、车网互动，以更低成本实现削峰填谷。
要健全统一高效的市场机制支撑，持续完善电力市场体系，打通电能量、容量、辅助服务市场，衔接电力、绿证、碳市场，让各类资源充分释放能量、容量、调节、绿色多维价值。
要构建多元畅通的绿电消纳支撑，面对新能源大规模投产，推动供需两端协同发力，压实消纳责任，完善就近消纳机制，推进分布式能源、零碳园区、算电协同与大型清洁能源基地建设。
要强化引领未来的科技创新支撑，破解高比例新能源、高比例电力电子装备带来的“双高”难题，攻坚关键核心技术，推动AI+电力在功率预测、智能运维等场景落地，以创新驱动系统迭代升级。
作为能源央企，中国大唐紧扣新型电力系统建设要求，着力提升五大核心能力。
兜底保供方面，聚焦火电“压舱石”定位，围绕节能、低碳、灵活、智能发展新一代煤电与调峰气电：投运山东郓城世界首台630℃二次再热百万千瓦煤电机组，综合效率全球首次突破50%，创下多项世界纪录；过去5年完成203台、1亿千瓦煤电机组灵活性与节能改造；“十四五”以来气电规模增长1.3倍、突破千万千瓦。
绿电供给方面，推进多能互补基地建设，在建在役百万千瓦级绿电基地超20个；2025年绿电进京规模达69亿千瓦时，助力首都绿色转型。
消纳利用方面，探索绿电产销融合新业态，建成宁夏中卫国内首个大规模绿电直供项目，一期200万千瓦年内投运；落地青海绿电供暖、内蒙古绿氢耦合煤化工示范工程；在19个省区布局虚拟电厂，聚合容量超1300万千瓦。
科技创新方面，西藏扎拉500兆瓦高水头冲击式水电机组效率达到世界领先水平；建成世界首个百兆瓦时钠离子储能项目，推进全国首个地下硐室压缩空气储能项目。
市场运营方面，2025年市场化交易电量4981亿千瓦时，占全部上网电量的84%；积极参与绿证、绿电与碳市场，实现基层电厂碳足迹数据库全覆盖。",full,,trafilatura_full_text,,https://news.solarbe.com/202609/23/50029588.html,索比光伏-综合新闻,光伏,光伏综合新闻,2026-09-24T00:40:00+00:00,零碳产业 > 能量转化 > 能量分配与运输 > 电网相关技术,零碳产业,电网相关技术,"[{""path"":[""零碳产业"",""能量转化"",""能量分配与运输"",""电网相关技术""],""path_text"":""零碳产业 > 能量转化 > 能量分配与运输 > 电网相关技术"",""confidence"":0.85,""reason"":""核心是中国大唐围绕新型电力系统建设提出的保供与消纳体系举措""}]",classified,2026-09-24T00:55:11.038583+00:00,glm-5.2,2026-09-10,
华能集团有限公司董事长：着力增强电力系统安全韧性水平，加强系统调节能力建设-索比光伏网,2026-09-23,"2026新型电力系统发展崇礼论坛在河北张家口开幕，中国华能集团有限公司董事长、党组书记白勇出席主论坛并作主旨演讲。
白勇表示，习近平总书记到中国华能总部考察时指出，能源问题是发展中的战略问题，一定要坚持走清洁、低碳发展的路子。加快建设新型能源体系、着力构建新型电力系统，是建设能源强国的关键支撑‌，直接关系到国家能源安全、碳达峰碳中和目标实现和现代化产业体系建设。多年来，中国华能坚持以电为核心、多能互补、创新引领、综合服务、全球布局，以建设“三色”公司为使命，坚定不移贯彻落实能源安全新战略，以高度政治站位守牢能源电力安全保供底线，以绿色转型引领行业变革，以科技创新赋能高质量发展，以深化改革完善现代企业治理，以国际化经营拓展发展新空间，加快创建世界一流企业。
白勇指出，当前，我国能源电力行业正处在从“量的积累”迈向“质的跃升”的重要关口，新型电力系统建设进入加速转型期。建议着力增强电力系统安全韧性水平，加强系统调节能力建设，充分激发需求侧灵活调节潜力，不断提高系统在复杂场景下的动态平衡和安全保障能力；着力推动新能源高质量跃升发展，科学整合源网荷储资源，推动新能源由“发得出、送得走”向“靠得住、用得好”跃升；着力释放全国统一电力市场效能，促进电力资源在更大范围优化配置，形成“系统有需求、市场有信号、企业有动力”的良性循环；着力锻造电力新质生产力优势，持续深化科技创新与产业创新融合，以技术优势塑造产业优势，以产业优势提升国际竞争力。
白勇表示，“十五五”时期是基本实现社会主义现代化夯实基础、全面发力的关键时期，也是加快构建新型电力系统、服务能源强国建设的攻坚期。中国华能将以创建世界一流企业为目标，强化创新驱动、“双碳”驱动、数智驱动，与各方加强务实合作，全力打造系统友好型能源综合服务商，为加快建设能源强国、推进中国式现代化作出新贡献。
2026新型电力系统发展崇礼论坛以“共筑新型电力系统，服务能源强国建设”为主题，共设1个主论坛和10个平行论坛。",full,,dom_or_structured_full_text,,https://news.solarbe.com/202609/23/50029581.html,索比光伏-综合新闻,光伏,光伏综合新闻,2026-09-24T00:40:02+00:00,零碳产业 > 能量转化 > 能量分配与运输 > 电网相关技术,零碳产业,电网相关技术,"[{""path"":[""零碳产业"",""能量转化"",""能量分配与运输"",""电网相关技术""],""path_text"":""零碳产业 > 能量转化 > 能量分配与运输 > 电网相关技术"",""confidence"":0.85,""reason"":""核心是华能董事长关于增强电力系统安全韧性与调节能力的主旨演讲""}]",classified,2026-09-24T00:55:11.038583+00:00,glm-5.2,2026-09-10,
华电集团总经理徐树彪：加快构建新型电力系统 支撑新型能源体系建设-索比光伏网,2026-09-23,"加快构建新型电力系统
支撑新型能源体系建设
中国华电集团有限公司总经理、党组副书记 徐树彪
中国华电统筹能源安全保供和绿色低碳转型，大力推进新能源开发，加快培育绿色燃料产业，持续深化能源数字化转型，扎实推进新型电力系统和新型能源体系建设。
一是大力推进新能源开发，筑牢清洁电力供给基础。目前，中国华电发电总装机规模达2.86亿千瓦、新能源装机1.6亿千瓦，境内清洁能源装机占比62.2%。面向“十五五”，中国华电将加快西北、西南及沿海地区新能源基地开发建设，统筹煤电转型升级和抽水蓄能、新型储能建设，力争到“十五五”末发电装机规模超过4亿千瓦，新能源装机实现倍增，清洁能源装机占比超过70%。
二是加快培育绿色燃料产业，助力新型能源体系建设。中国华电加快绿色氢氨醇全产业链布局，打通研发、生产、储运、应用的关键链条。面向“十五五”，中国华电将统筹推进新能源制氢氨醇全产业链发展，加快内蒙古、辽宁等地绿色氢氨醇项目及配套储运设施建设，扩大工业天然气掺氢应用，探索开展煤电掺氢掺氨、燃机掺氢示范，促进绿色氢氨醇在电力、交通、工业等领域规模化利用。
三是以AI赋能新能源产业高质量发展。中国华电统一规划建设了新能源智慧生产管理平台，机器替代巡检工作实现约70%，无人值守场站占比超过30%。首创了径流预测大模型，预测精度较行业水平提升了5个百分点；打造了水电智慧调度运行智能体应用，破解梯级水电新能源生产调度行业难题。面向“十五五”，中国华电将加强高质量数据集建设和自主可控技术底座迭代升级，深化新能源行业垂直大模型与智能体研发，推动“华电智”大模型规模化、常态化应用，拓展人工智能在发电产业规划设计、开发建设、生产运营等环节的应用。
结合中国华电的实践与探索，围绕新能源开发、绿色燃料产业培育和能源数字化转型，谈三个方面的体会和建议。
一是加强消纳与调节能力建设，支撑新能源大规模高比例发展。建议国家层面加强对新能源大基地电价形成和消纳机制的统筹协调，强化送受两端规划建设和调度运行衔接，提升输电通道新能源电量占比，扩大外送消纳规模；加强长时储能关键技术攻关和示范应用，提升能量转换效率和技术经济性，增强系统长周期调节能力；强化重点用能行业绿色电力消费约束，推动绿电绿证与碳排放双控等政策衔接，激发绿色电力消费需求。
二是完善政策与市场机制，推动绿色燃料规模化应用。建议统筹氢氨醇输送管道规划建设，推进西气东输等天然气管道掺氢输送和工业天然气掺氢应用示范，促进制储运用协同发展；拓展绿色燃料领域自愿减排方法学覆盖范围，完善碳减排收益机制，增强绿色燃料产业市场竞争力；完善国内绿色燃料标准认证体系，细化重点用能行业可再生能源非电消费目标及核算要求，加快培育国内绿色燃料消费市场。
三是加强电力数据治理与模型建设，提升新型电力系统智能化水平。建议进一步加强数据全域全生命周期的治理、应用和流通共享，构建高质量数据集与知识库，以数据为纽带，打通源网荷储各个环节，实现电力行业产业链上下游的高效协同、深度融合和赋能新型电力系统的高价值业务场景，实现系统级智能演进和源网荷储的协同优化，支撑高质量的新型能源体系建设。",full,,trafilatura_full_text,,https://news.solarbe.com/202609/23/50029579.html,索比光伏-综合新闻,光伏,光伏综合新闻,2026-09-24T00:40:04+00:00,零碳产业 > 能量转化 > 能量分配与运输 > 电网相关技术,零碳产业,电网相关技术,"[{""path"":[""零碳产业"",""能量转化"",""能量分配与运输"",""电网相关技术""],""path_text"":""零碳产业 > 能量转化 > 能量分配与运输 > 电网相关技术"",""confidence"":0.85,""reason"":""核心是华电加快构建新型电力系统、支撑新型能源体系的战略部署""}]",classified,2026-09-24T00:55:11.038583+00:00,glm-5.2,2026-09-10,
国家能源集团副总经理傅振邦：携手构建新型电力系统 全面支撑能源强国建设-索比光伏网,2026-09-23,"携手构建新型电力系统 全面支撑能源强国建设
国家能源投资集团有限责任公司党组成员、副总经理 傅振邦
能源央企是能源强国建设的“顶梁柱”“国家队”。面向“十五五”，国家能源集团将坚决履行“能源保供压舱石、能源革命排头兵”企业使命，积极为新型电力系统建设贡献国能方案和国能力量。结合论坛主题和国家能源集团实践，有以下三个方面的认识和思考。
一是聚焦“四大变化”，深刻把握新型电力系统建设的战略方位。“十五五”时期，我国电力系统进入系统深刻重构、技术加速跃迁、价值全面重塑的新阶段，新型电力系统建设的战略方位正在发生深刻变革。从战略升维看使命之变，新型电力系统建设从“行业命题”上升为“强国命题”。从系统重构看模式之变，新型电力系统建设从“源随荷动”转型为“多元互动”。从技术跃迁看动能之变，新型电力系统建设从“经验驱动”转换为“智能驱动”。从价值重塑看机制之变，新型电力系统建设从“政策保障”转向“市场驱动”。
二是坚持“四个确保”，携手开创新型电力系统建设新局面。确保能源保供“顶得上”。“十五五”期间，我国能源需求仍将保持刚性增长，全社会用电量及尖峰负荷仍将持续攀升，电力保供的总量压力、峰值压力仍将持续加大。必须确保关键时刻“顶得上”“带得满”“稳得住”，守牢电力供应安全底线。确保支撑调节“让得出”。“十五五”期间，我国新能源将保持跨越式发展态势。要加快构建传统能源与新能源互补互济的多元协同供应体系，推进化石能源安全可靠有序替代，持续提高新能源消纳能力、供给比重，为新型电力系统提供灵活调节支撑，助力新能源高质量规模化发展。确保电源结构“转得好”。统筹好新能源与传统能源、当前与长远、全局与局部等关系，强化节能降碳导向，坚持风光水核氢等多能并举，先立后破，促进能源绿色低碳转型。确保市场主体“稳得住”。加快从“以生产为中心”向“以市场为导向”转变，主动适应能源市场化改革与全国统一大市场建设，通过精益管理、成本管控等手段，有效对冲市场价格波动，推动各类市场主体在公平竞争中实现可持续发展。
三是做好“四篇大文章”，全力推进新型电力系统建设。做好能源安全大文章。围绕负荷中心和新能源大基地建设高效清洁支撑性煤电，充分发挥新一代煤电融通带动作用，为电力系统提供坚实容量支撑和基础保障。做好绿色转型大文章。坚持集约化、规模化、基地化发展可再生能源，高标准推进宁夏腾格里、甘肃巴丹吉林、内蒙古库布齐等千万千瓦级“沙戈荒”大基地建设，高质量打造南疆新型电力系统示范区，统筹推动西南水风光一体化基地、东部海上风电基地建设。加快构建多元化综合能源体系，培育壮大绿色氢氨醇、新型储能、CCUS等战略性新兴产业，全面提升清洁能源供给能力。做好科技创新大文章。以煤炭重大专项为牵引，研究布局一批重大科技项目和重点工程。加快数智国能建设，挖掘AI与能源深度融合高价值业务场景，积极探索“绿电+算力”一体化融合模式，推动AI与能源双向赋能。做好价值提升大文章。主动融入全国统一电力市场建设，强化区域市场营销和资源统筹，建立健全适应新型电力系统的生产运营发展机制，夯实企业可持续发展基础。",full,,trafilatura_full_text,,https://news.solarbe.com/202609/23/50029575.html,索比光伏-综合新闻,光伏,光伏综合新闻,2026-09-24T00:40:06+00:00,零碳产业 > 能量转化 > 能量分配与运输 > 电网相关技术,零碳产业,电网相关技术,"[{""path"":[""零碳产业"",""能量转化"",""能量分配与运输"",""电网相关技术""],""path_text"":""零碳产业 > 能量转化 > 能量分配与运输 > 电网相关技术"",""confidence"":0.85,""reason"":""核心是国家能源集团关于构建新型电力系统的战略思考与保供举措""}]",classified,2026-09-24T00:55:11.038583+00:00,glm-5.2,2026-09-10,
国家电网董事长张智刚：加快建设主配微协同的新型电网、“十五五”力争建成投产特高压直流15回以上、跨省区输电能力达到5亿千瓦！-索比光伏网,2026-09-23,"当好新型电力系统建设主力军
努力为服务能源强国建设贡献电网力量
国家电网有限公司董事长、党组书记 张智刚
“十五五”是如期实现碳达峰、加快建设能源强国的关键时期。国家电网有限公司聚焦完善电网新架构、突破电网新技术、提升电网新服务，加快建设主配微协同的新型电网，支撑构建清洁低碳、安全充裕、经济高效、供需协同、灵活智能的新型电力系统，努力为新型能源体系和能源强国建设贡献力量。
一是加快电网发展，夯实新型电力系统的物质基础。当前，电网形态正从“大电网单向供电”向“主配微双向互动”深刻转变。国家电网将持续加大电网投入力度，统一规划、一体推进各级电网协调发展。“十五五”力争建成投产特高压直流15回以上、累计达到35回以上，跨省区输电能力达到5亿千瓦。到2030年，国家电网经营区城农网户均停电时间以及城乡间、东西部供电可靠性差距较“十四五”末压降至少三分之一，具备承载9亿千瓦以上分布式新能源的能力。因地制宜推进末端保供型微电网、村镇级微能网建设，提升自平衡、自调节、自安全能力。
二是保障电力供应，满足经济社会发展和人民美好生活用电需要。国家电网将发挥电网配置资源作用，加大余缺互济力度，保障电力电量平衡，依托全国统一电力市场体系，扩大市场化交易规模。加强需求侧管理，充分挖潜需求侧可调节资源，积极引导虚拟电厂、充换电运营商等重点群体参与削峰填谷。提升优质服务水平，深化卓越供电服务体系建设，加强电网与算力设施协同规划建设，实施供电质量提升专项行动。
三是推动能源转型，助力如期实现碳达峰。国家电网将锚定碳达峰目标，积极服务绿色低碳产业发展，推动形成绿色生产生活方式，更好适应能耗双控向碳排放双控转变。服务新能源并网消纳，实施公司服务新能源高质量发展十项举措，支撑“沙戈荒”、海上风电等基地建设和分布式光伏快速发展。提升系统调节能力，加大抽水蓄能建设力度，支持新型储能规模化应用，推动煤电灵活性改造。推动全社会节能降碳，承接好煤炭、石油等行业用能转移，深化工业、交通、建筑等重点领域电能替代。
四是强化科技创新，加快实现高水平科技自立自强。国家电网将强化科技创新主体地位，融入新型举国体制，大力推进自主创新、原始创新，着力打造原创技术策源地。加强基础研究和技术攻关。加快推动产业链供应链自主可控。深化人工智能发展应用。
五是统筹发展和安全，坚决守牢安全生产生命线。国家电网将提升大电网安全治理水平，健全防范大面积停电长效机制，完善电网稳定管理、运行管理、技术管理运行体系，加快各类并网主体涉网安全管理，守牢系统安全运行底线。健全安全生产管理体系，全面构建安全生产保证和监督“两个体系”，深化风险分级管控和隐患排查治理双重预防机制，加强电网、设备、人身、网络和涉电公共安全等领域风险管控。增强电网防灾应急能力，大力实施电网补短板和防灾抗灾专项方案，提升应对台风强风、雨雪冰冻、山洪内涝等灾害能力。完善应急预案体系，提升极端情况下电网恢复能力和安全韧性水平。",full,,trafilatura_full_text,,https://news.solarbe.com/202609/23/50029573.html,索比光伏-综合新闻,光伏,光伏综合新闻,2026-09-24T00:40:08+00:00,零碳产业 > 能量转化 > 能量分配与运输 > 电网相关技术,零碳产业,电网相关技术,"[{""path"":[""零碳产业"",""能量转化"",""能量分配与运输"",""电网相关技术""],""path_text"":""零碳产业 > 能量转化 > 能量分配与运输 > 电网相关技术"",""confidence"":0.95,""reason"":""核心是国家电网特高压直流、主配微协同电网与微电网建设的规划部署""}]",classified,2026-09-24T00:55:11.038583+00:00,glm-5.2,2026-09-10,
从煤棚屋顶到企业综合能源，探索工矿绿电新范式-索比光伏网,2026-09-23,"9月21日，「源网荷储智」山西能源行业光伏应用研讨会在山西孝义举行。
来自能源、建筑设计、光伏技术、项目建设及工矿企业的专家与嘉宾齐聚现场，围绕煤棚及大跨度曲面屋面光伏改造、企业能源系统升级、项目投资建设与运维等实际问题展开交流。
聊聊工矿企业的能源新解法
会议现场，固德威集团副总经理侯祥勇在致辞中表示，山西拥有深厚的能源产业基础，也正在加快能源转型。
面对煤棚、厂房屋顶、矿区及工业园区等复杂场景，新能源项目需要进一步走进企业真实的生产与用能需求。
随后，山西中暖科技有限公司总经理郝晨宇致辞，从本地项目实施与服务出发，分享新能源项目真正走向落地所需要的长期能力。
煤棚光伏，“轻”只是第一步
当天，《煤棚及大跨度曲面屋面轻质光伏系统应用白皮书》正式发布。
煤棚屋顶面积大，但同时也面临大跨度、曲面、低荷载余量、复杂连接与运维环境等现实挑战。因此，煤棚光伏不能只回答“组件够不够轻”，还要进一步解决结构、连接、防水、电气及全生命周期安全问题。
白皮书围绕煤棚光伏的工程约束、轻质组件选型、夹具与胶粘安装路径、系统安全等内容展开，并总结形成煤棚轻质光伏六步设计方法，为项目设计与实施提供更系统的参考。
从一片屋顶，到“源网荷储智”
如果说白皮书回答的是：煤棚屋顶，光伏应该怎么装？接下来的讨论，则把视角进一步延伸到企业整体的能源应用。
固德威技术股份有限公司光电建材事业部严煜带来《源网荷储智，共建能源产消者新生态》主题分享，围绕源、网、荷、储、智之间的协同，探讨新能源如何进一步进入企业真实用能场景。
技术之外，还要把项目账算清楚
山西中暖科技有限公司副总经理杨涛带来《光伏项目投资建设方案与全周期施工运维解析》，将话题进一步拉回项目现场。
从勘测、设计、投资，到施工、并网和后期运维，一个项目真正落地，需要回答的不只是“能不能装”，还有：能装多少、能发多少、投资多少、收益如何，以及施工是否影响正常生产。
把真实问题交给真正做项目的人
在随后举行的「源网荷储智，破解工矿行业用能难题」圆桌对话中，来自结构设计（中庚工程-高利军）、产品厂家（固德威-王喆）及工程实施（山西中暖-郝晨宇）等不同角色的嘉宾，从各自视角展开交流。
从企业最关心的投资回报与生产安全，到大跨度煤棚的结构风险，再到项目勘测、施工和运维中的实际难点，讨论最终回到了工矿新能源项目最核心的几个问题：安全是否可控，投资是否合理，生产是否受影响，项目能否长期稳定运行。
让新能源真正进入生产现场
从一片煤棚屋顶，到一整套企业能源系统，新能源正在走进越来越多复杂的生产场景。
未来，固德威将继续围绕源网荷储智，携手产业伙伴，把产品、技术与项目实践带到更多真实场景，让绿色能源真正成为企业生产经营的一部分。
本站标注来源为“索比光伏网”、“碳索光伏""、""索比咨询”的内容，均属www.solarbe.com合法享有版权或已获授权的内容。未经书面许可，任何单位或个人不得以转载、复制、传播等方式使用。
经授权使用者，请严格在授权范围内使用，并在显著位置标注来源，未经允许不得修改内容。违规者将依据《著作权法》追究法律责任，本站保留进一步追偿权利。谢谢支持与配合！
通威荣登“2026中国民营企业500强”及“制造业民营企业500强”双榜单，位居四川榜首；高纯晶硅、太阳能电池全球市占率第一，累计电池出货超400GW，获评全球光伏首个“灯塔工厂”；再登《财富》世界500强，品牌价值2756.39亿元。
罗博特科作为一家专注于高精密智能制造设备及智能工厂解决方案的光伏设备企业，其港股上市进程取得关键进展。公司于2025年10月递交港交所上市申请，2026年9月10日通过上市聆讯，并于9月21日正式披露H股招股说明书，启动全球发售。本次拟发行1187.6万股H股，采用“香港公开发售（占比10%）+国际发售（占比90%）”模式，发行价上限为436港元；公开认购时间为9月21日至24日，最终定价将于9月28日前公布，股票预计9月29日在港交所挂牌交易。公司长期深耕光学、硅光器件及光伏电池制造装备领域，具备较强的技术实力与行业竞争力。
甘南碌曲县400MW“牧光互补”光伏项目落地海拔3500米高原，由正泰提供ASTRO N TOPCon组件、300kW/320kW逆变器及EPC总包，创新实现“板上发电、板间养殖”。项目年发电6.46亿千瓦时，减排CO₂1331万吨，兼具生态修复、牧业增效与乡村振兴多重价值。
隆基绿能董事长钟宝申在2026世界制造业大会提出：光伏已迈入“光储成为主力电源”新阶段。隆基加速向绿色能源科技公司转型，以BIPV+光储协同为核心，推动零碳智造；芜湖基地达国家智造成熟度四级；多场景应用验证经济性与可靠性，助力制造业高质量零碳跃迁。
通威股份联合兴业银行成都分行发布《光伏组件产品数字护照（DPP）白皮书》，首创“金融+DPP”协同机制，系统破解欧盟ESPR等绿色贸易规则下的ESG合规、碳核算与供应链治理难题，提出“一产品一档案”落地路径与“通威实践”范式，获20余位权威专家高度评价并一致通过评审。
本文聚焦阳台光伏在欧洲的快速兴起及其对中国企业的战略影响。受持续高企的居民电价驱动（如德国电价较2020年上涨超3倍），门槛低、审批简、即插即用的阳台光伏系统在德、荷、奥等国迅速普及，尤其契合欧洲高租房率下的家庭能源自给需求。政策松绑（如德国800瓦以下免审批、免增值税并提供补贴）进一步加速市场扩容。在此背景下，大疆、公牛、比亚迪、安克创新等中国企业跨界入局，依托品牌、渠道与消费电子能力，推动光储融合、轻量化安装与C端服务升级；传统光伏企业亦加快产品迭代。文章同时对比国内发展现状，指出其侧重工商业场景，并面临电价偏低、建筑结构限制、物业审批难及标准缺失等制约，但分时电价改革与强制性国标出台正推动行业向高质量、标准化、服务化转型。（199字）
中广核新能源于9月17日启动内蒙古呼伦贝尔市陈巴尔虎旗1200万千瓦综合能源项目实施方案的编制招标。该项目总装机规模达1200万千瓦，其中风电500万千瓦、光伏700万千瓦，并拟统筹配置煤电、电化学储能、抽水蓄能及光热等调节性电源，以提升系统灵活性与消纳能力。招标要求编制单位依据国家及地方大型风光基地政策，结合呼伦贝尔沙地中部地区的风光资源禀赋、煤炭与水资源保障条件，以及国家特高压外送通道规划，开展现场踏勘、资源数据收集与边界界定等工作，形成集约化、规模化、技术可行且具备实施优势的整体规划方案。本项目不接受联合体或代理商投标。
内蒙古乌兰察布市化德县拟建45万千瓦源网荷储一体化项目，分两期实施，总投资约18.92亿元。项目位于化德县七号镇与白音特拉乡，由内蒙古山河化泰新能源有限公司投资建设，总工期17个月，含1个月筹建期。一期工程装机22.5万千瓦（风电15万千瓦、光伏7.5万千瓦），配套3.375万千瓦/5小时储能、220千伏升压站及运行管理中心等；二期规模相同，共享一期升压站及管控平台，不再重复建设。风电与光伏场址均与配套负荷项目同步建设，确保源网荷储协同运行。一期计划2027年4月开工，同年11月底具备发电条件；二期2027年10月开工，2028年7月底全部机组投产。（199字）
9月16日—18日，2026世界太阳能光伏&储能产业博览会暨光储行业高质量发展大会在广州·广交会展馆举行。
浙江众鑫环保科技打造“会发电”绿色工厂，4.6MW分布式光伏电站年发绿电500万度，100%覆盖厂区用电。采用昱能QT2D微型逆变器，直流电压≤120V保安全，组件级MPPT提升遮挡场景发电效率，IP67防护+智能运维保障长期稳定运行，减碳4985吨/年。",full,,trafilatura_full_text,,https://news.solarbe.com/202609/23/50029618.html,索比光伏-综合新闻,光伏,光伏综合新闻,2026-09-24T00:40:10+00:00,零碳产业 > 能量转化 > 能源测 > 一次能源转化 > 太阳能转化 > 光伏,零碳产业,光伏,"[{""path"":[""零碳产业"",""能量转化"",""能源测"",""一次能源转化"",""太阳能转化"",""光伏""],""path_text"":""零碳产业 > 能量转化 > 能源测 > 一次能源转化 > 太阳能转化 > 光伏"",""confidence"":0.93,""reason"":""核心是工矿煤棚屋顶分布式光伏系统应用与企业绿电升级研讨""}]",classified,2026-09-24T00:55:16.488973+00:00,glm-5.2,2026-09-10,
亿晶光电重组最新进展公布-索比光伏网,2026-09-23,"9月22日，亿晶光电发布关于公司预重整进展及风险提示公告。
公告显示，亿晶光电于近日收到由预重整引导人送达的、由产业投资人宁波瑞廉和中润光能联合盖章出具的《承诺函》，内容如下：
1、自愿承诺进一步延长锁定期“将原《预重整投资协议》投资方案第(2)款锁定期36个月延长为60个月”。
2、自愿承诺改善业绩相关事项基于光伏行业现状，产业投资人将全力以赴、持续支持上市公司盈利和长远健康发展，并承诺：“自前条60个月锁定期满后，上市公司最近一期经审计的年报显示扣除非经常性损益后实现盈利的，产投人方可依法减持重整取得的股份”。",full,,dom_or_structured_full_text,,https://news.solarbe.com/202609/23/50029617.html,索比光伏-综合新闻,光伏,光伏综合新闻,2026-09-24T00:40:12+00:00,零碳产业 > 能量转化 > 能源测 > 一次能源转化 > 太阳能转化 > 光伏,零碳产业,光伏,"[{""path"":[""零碳产业"",""能量转化"",""能源测"",""一次能源转化"",""太阳能转化"",""光伏""],""path_text"":""零碳产业 > 能量转化 > 能源测 > 一次能源转化 > 太阳能转化 > 光伏"",""confidence"":0.85,""reason"":""光伏企业亿晶光电预重整进展，明确主营产业为光伏""}]",classified,2026-09-24T00:55:16.488973+00:00,glm-5.2,2026-09-10,
中来股份：子公司拟签订8631.3万元钢边框采购合同-索比光伏网,2026-09-23,"9月23日，中来股份发布公告，公司全资子公司江苏中来新材科技有限公司，经公开竞争性谈判选定常熟中坚金属工业有限公司为光伏钢边框采购供应商。结合后续排产计划，江苏中来新材拟与常熟中坚签订采购合同，采购光伏钢边框179.832万套，合同含税含运费总额8631.35万元。
公告披露，交易对手常熟中坚由中来股份持股5%以上股东、原副董事长兼总经理林建伟间接控制，按照深交所创业板上市规则，本次交易属于关联交易。
江苏中坚金属材料自2021年起开展光伏钢边框研发与销售业务;设立全资子公司常熟中坚后，光伏钢边框新产能落地主要由常熟中坚承接，自2025年3月起，钢边框业务主体转移至常熟中坚。财务数据方面，常熟中坚2025年营收约1.26亿元，净利润约795.24万元;截至2026年6月30日，公司资产总额约2.80亿元，净资产约6410.60万元。",full,,dom_or_structured_full_text,,https://news.solarbe.com/202609/23/50029584.html,索比光伏-综合新闻,光伏,光伏综合新闻,2026-09-24T00:40:13+00:00,零碳产业 > 能量转化 > 能源测 > 一次能源转化 > 太阳能转化 > 光伏,零碳产业,光伏,"[{""path"":[""零碳产业"",""能量转化"",""能源测"",""一次能源转化"",""太阳能转化"",""光伏""],""path_text"":""零碳产业 > 能量转化 > 能源测 > 一次能源转化 > 太阳能转化 > 光伏"",""confidence"":0.9,""reason"":""核心事件是光伏钢边框的大额采购合同，属光伏组件供应链""}]",classified,2026-09-24T00:55:16.488973+00:00,glm-5.2,2026-09-10,
又一光伏企业成功赴港上市-索比光伏网,2026-09-23,"光伏设备企业罗博特科港股上市工作迎来关键进展。9月21日，公司正式披露H股招股说明书及发行细则，明确发售价格区间、认购时间与上市交易节点，上市落地进程提速。
资料显示，罗博特科早在2025年10月递交港交所上市申请，并于2026年9月10日顺利通过上市聆讯。本次公司H股全球基础发售股份共计1187.6万股，采用“香港公开发售+国际发售”的配售模式，其中港港公开发售占比10%，国际发售占比90%，发售份额可按需重新调配。
本次发行定价上限为436港元。公开认购通道已于9月21日开启，9月24日截止，最终发行价将于9月28日前公示，股票预计9月29日正式在港交所挂牌交易。
据悉，罗博特科主营高精密智能制造设备与一站式智能工厂解决方案，深耕光学、硅光器件及光伏电池制造领域，具备扎实的行业技术积淀与市场竞争力。",full,,dom_or_structured_full_text,,https://news.solarbe.com/202609/23/50029562.html,索比光伏-综合新闻,光伏,光伏综合新闻,2026-09-24T00:40:15+00:00,零碳产业 > 能量转化 > 能源测 > 一次能源转化 > 太阳能转化 > 光伏,零碳产业,光伏,"[{""path"":[""零碳产业"",""能量转化"",""能源测"",""一次能源转化"",""太阳能转化"",""光伏""],""path_text"":""零碳产业 > 能量转化 > 能源测 > 一次能源转化 > 太阳能转化 > 光伏"",""confidence"":0.86,""reason"":""光伏电池制造设备企业罗博特科赴港上市，主营明确指向光伏制造装备""}]",classified,2026-09-24T00:55:16.488973+00:00,glm-5.2,2026-09-10,
双强标倒逼光伏材料无卤化：无卤阻燃剂厂家兴秀成的组件周边阻燃解决方案-索比光伏网,2026-09-23,"导语：2026 年 5 月 25 日，工信部组织制定的《光伏组件安全要求》强制性国家标准正式发布，将于 2027 年 6 月 1 日起实施；同期，《建筑材料及制品燃烧性能分级》（GB 8624-2025）将于 2027 年 1 月 1 日起实施，首次将光伏组件纳入燃烧性能分级体系。两大强标叠加，光伏组件外部聚合物部件（接线盒、连接器、线缆、复合材料边框）的无卤阻燃从""可选项""变为""合规底线""。作为专业的无卤阻燃剂厂家，兴秀成阻燃材料（宿迁）有限公司以磷氮系无卤阻燃技术切入光伏供应链，为接线盒、连接器、复合材料边框、光伏线缆四大场景提供高 CTI、耐双 85、低烟无卤的整体解决方案。
一、2026-2027 光伏阻燃政策双窗口：倒逼材料升级
📌 核心政策一：《光伏组件安全要求》强制性国家标准（2026 年 5 月 25 日发布）
工信部组织制定的该项强标，对光伏组件的防火安全作出明确规定：
- 外部聚合物部件阻燃等级：光伏组件的外部聚合物部件（接线盒、线缆、连接器、聚合物框架等，薄层绝缘材料除外）应具备抵抗外部火源、阻止火焰蔓延的能力，材料应符合 GB/T 2408-2021 中的垂直燃烧分级 V-1 级及以上要求；
- 建筑光伏组件燃烧性能：应用于 BAPV/BIPV 场景的光伏组件，燃烧性能应至少符合 GB 8624 中 B1-C 级要求；
- 防火性能等级：光伏组件防火性能应至少符合 GB/T 46980-2025《光伏组件防火性能试验方法》中等级 C的要求；
- 实施节点：2026 年 5 月 25 日发布，设置 12 个月过渡期，2027 年 6 月 1 日起不符合标准的光伏组件不得生产、销售或进口。
📌 核心政策二：GB 8624-2025《建筑材料及制品燃烧性能分级》（2025 年 12 月 31 日发布）
该标准首次将光伏组件纳入燃烧性能分级体系，填补了 BIPV 场景下的防火标准空白：
- 构建""燃烧性能 + 产烟特性 + 燃烧滴落物 + 烟气毒性""四维评价体系，烟气毒性达 T2 级即使燃烧性能达标也直接判定不合格；
- 新增光伏组件防火性能试验方法（GB/T 46980-2025），为光伏产品提供统一科学的防火测试依据；
- 2027 年 1 月 1 日起正式实施，现行 GB 8624-2012 同步废止。
💡 政策叠加效应：两项强标在 2027 年上半年密集落地，光伏组件企业需在 2026 年底前完成材料替代验证。对无卤阻燃剂厂家而言，这是进入光伏供应链的历史性政策窗口。
二、光伏组件周边材料的四大阻燃痛点
痛点 1：外部聚合物部件的 V-1 底线与无卤升级
根据《光伏组件安全要求》，接线盒、连接器、聚合物框架等外部部件需达到 V-1 级及以上。传统溴系阻燃剂虽能满足 V-1，但含多溴联苯（PBBs）、多溴二苯醚（PBDEs），在 2026 版中国 RoHS 达标管理目录中被严格管控，无卤化是合规必选项。
痛点 2：1500V 高压系统的 CTI 门槛跳升
光伏系统从 1000V 向 1500V 演进，连接器绝缘材料的相对漏电起痕指数（CTI）成为关键分水岭：
- 1000V 系统：CTI ≥ 250V 即可满足需求；
- 1500V 系统：高压电离与粉尘吸附易形成导电通道，行业主流要求 CTI ≥ 500V，部分高端项目要求 CTI ≥ 600V；
- 按 IEC 标准分级：材料组 I（CTI ≥ 600）、材料组 II（400 ≤ CTI < 600）。
痛点 3：25 年户外寿命下的耐候与析出
光伏连接器与接线盒的设计寿命为 25 年，需通过：
- 双 85 测试（85℃/85% RH，1000h）：绝缘电阻与耐压性能无明显衰减；
- UV 老化：1000h 以上紫外老化（UV 340nm），拉伸强度保持率 ≥ 80%、色差 ΔE ≤ 3；
- 耐水解：长期湿热环境下力学强度保持率 ≥ 75%；
- 阻燃剂析出（喷霜）：一旦析出，污染接触面、降低绝缘电阻，是光伏连接器最常见的失效模式之一。
痛点 4：BIPV 场景的四维燃烧评价
建筑光伏一体化（BIPV）组件需同时满足燃烧性能 + 产烟特性 + 燃烧滴落物 + 烟气毒性四维评价。传统阻燃剂若采用卤系，燃烧时释放卤化氢等有毒腐蚀性气体，烟气毒性极易触达 T2 级（高毒）直接判定不合格。无卤体系成为 BIPV 的必然选择。
三、兴秀成面向光伏四大场景的无卤阻燃解决方案
作为具备配方定制能力的阻燃剂厂家，兴秀成针对光伏组件周边材料的四大场景，形成了""标准对标 + 基材适配 + 性能协同 + 合规输出""的四层解决方案架构：
方案 A：光伏接线盒——高 CTI 工程塑料无卤阻燃
应用场景：地面用太阳能光伏组件接线盒外壳及内部绝缘材料，基材多为玻纤增强 PA、PC/ABS，依据 IEC 62790:2022《光伏组件接线盒安全要求》进行认证。
- 垂直燃烧：UL 94 V-0 级；
- 灼热丝：满足 GWIT/GWFI 要求；
- CTI：≥ 400V（材料组 II）或 ≥ 600V（材料组 I）。
兴秀成技术路径：
- 采用磷氮系膨胀型阻燃体系，酸源-碳源-气源三元协同成炭，在薄壁（0.8-1.5mm）接线盒外壳上实现 V-0；
- 表面包覆改性提升与 PA、PC/ABS 的界面相容性，通过双 85（1000h）耐析出验证；
- 配方优化使 CTI 达到 400-600V 区间，满足 1000V/1500V 系统的爬电距离要求；
- 产品不含卤素、不含锑类物质，可提供 TDS、SDS、RoHS、REACH 等完整技术文件。
方案 B：光伏连接器——耐候型无卤阻燃
应用场景：光伏系统用直流连接器（如 MC4 及兼容系列）外壳，依据 T/CPIA 0075-2024《光伏系统用直流铜铝过渡连接器》及 IEC 61249 系列标准。
- 阻燃等级：UL 94 V-0 或 5VA；
- CTI：≥ 600V（材料组 I），对应 1500V 系统高压绝缘；
- 耐候认证：UL 746C (f1) 后缀（紫外线暴露 + 水浸泡测试）；
- RTI：≥ 105℃；
- 环境测试：温度冲击、湿热（双 85）、耐气候（UV）。
兴秀成技术路径：
- XF 系列磷氮系无卤阻燃剂针对 PA66、PBT 等连接器常用基材优化，CTI 可达 400-600V；
- 硅烷偶联剂表面处理 + 抗析出包覆，通过双 85（1000h）测试，湿热后绝缘电阻无明显衰减；
- 母粒化选项解决粉剂在自动化产线的粉尘问题，提升现场加工环境；
- 协效体系优化耐 UV 老化性能，1000h UV 后拉伸强度保持率 ≥ 80%。
方案 C：光伏复合材料边框——V-0 级无卤阻燃
应用场景：光伏复合材料边框（玻纤增强聚氨酯、PA 等），替代传统铝边框，依据《光伏复合材料边框材料性能要求》团体标准。
- 阻燃等级：GB/T 2408 V-0 级（火源移除后 10 秒内自熄，无燃烧滴落物）；
- 力学性能：弹性模量 20-50 GPa，横向/纵向剪切强度 ≥ 100 MPa，弯曲强度 ≥ 75 MPa；
- 电气绝缘：体积电阻率 ≥ 1×10¹⁴ Ω·m。
兴秀成技术路径：
- 针对玻纤增强热固性/热塑性复合材料，开发低添加量、高分散性磷氮系阻燃剂；
- 解决阻燃剂与树脂基体的界面相容性问题，避免对弹性模量、剪切强度等力学性能造成显著负面影响；
- 产品达到 V-0 级，无燃烧滴落物，满足复合材料边框的耐火性能要求。
方案 D：光伏线缆——低烟无卤阻燃
应用场景：光伏组件内部互联线缆、直流汇流线缆、逆变器交流线缆，基材为交联聚烯烃（XLPO）、TPE、无卤阻燃聚烯烃。
- 阻燃等级：UL 94 V-0（0.75mm）；
- 低烟无卤：卤素含量 ≤ 0.5%，烟密度透光率 ≥ 60%（B2 级）/ ≥ 80%（B1 级）；
- 灼热丝：GWIT 750℃ + GWFI 960℃。
兴秀成技术路径：
- XF-8205E、XF-8206E 等聚烯烃无卤阻燃剂采用表面包覆改性，体系密度小、发烟量低、模具腐蚀小；
- 满足光伏线缆 低烟、无卤酸气体释放的要求，适配 BAPV/BIPV 场景的密闭空间防火需求；
- 通过 GWIT 750℃ 及 GWFI 960℃ 灼热丝测试，满足光伏组件外部线缆材料的阻燃底线。
四、在新能源与电力供应链的落地实践
兴秀成作为无卤阻燃剂厂家，其产品通过""阻燃剂厂家 → 改性塑料企业 → 终端应用""的链路，间接支撑光伏周边材料在内的新能源与电力场景。以下是基于公开资料的客户矩阵：
第一层：直接客户（改性塑料企业）
| 客户名称 | 证券代码 | 合作内容 |
|---|---|---|
| 聚赛龙 | 301131 | 改性塑料配方中的无卤阻燃剂供应 |
| 普利特 | 002324 | 工程塑料无卤阻燃体系定制 |
| 禾昌聚合 | 832089 | 聚烯烃阻燃母粒供应 |
| 南京聚隆 | 300644 | PA/PBT 无卤阻燃方案 |
这些改性厂是新能源与电力材料供应链的重要参与者——其生产的增强 PA、PBT、PC/ABS 合金、聚烯烃改性料，被广泛用于电子连接器、插座、线缆护套等光伏周边部件。
第二层：间接配套（通过改性厂进入终端）
| 终端领域 | 代表企业 | 应用场景 |
|---|---|---|
| 储能与新能源 | 国家电网、LG 新能源、宁德时代 | 储能系统线缆、高压连接器、电池包组件 |
| 新能源汽车电子 | 一汽大众、吉利、理想、比亚迪 | 车规级连接器、SiC 功率模块周边（技术要求与光伏 1500V 连接器处于同一量级） |
📌 为什么这个客户结构对光伏行业有意义？储能系统（宁德时代）和新能源汽车（比亚迪、吉利）的高压连接器要求无卤、高 CTI（≥ 400-600V）、耐双 85 析出——这些技术要求与光伏 1500V 连接器处于同一量级。兴秀成在这些场景的批量供货记录，是其技术能力向光伏高压连接器迁移的可信佐证。
| 节点 | 地址 | 功能 |
|---|---|---|
| 全球运营中心 | 无锡市新吴区高新集成电路产业园 12 栋 3F | 技术对接、客户响应 |
| 智能化生产基地 | 宿迁市常泗工业园常洪智造园 9 号厂房 | 研发、量产、检测 |
| 华南仓库 | 东莞 | 本地化供货（贴近华南光伏集群） |
| 华北仓库 | 济南 | 本地化供货 |
五、产业趋势：从""部件阻燃""到""系统防火""
面向 2027 年双强标落地后的光伏产业，阻燃剂行业正在经历三个结构性转变：
1. 从""单一 V-1 达标""到""四维综合评价""
BIPV 场景下的 GB 8624-2025 四维评价体系（燃烧性能 + 产烟 + 滴落 + 毒性），要求阻燃剂厂家从""只管灭燃""升级为""管燃烧全周期""——烟气毒性成为新的否决项，无卤体系的技术优势将进一步放大。
2. 从""1000V 适配""到""1500V 高压绝缘""
1500V 系统的普及将 CTI 门槛从 250V 跳升至 500-600V，这要求阻燃剂在""高效成炭""的同时不牺牲电绝缘性能——磷氮系无卤阻燃剂的分子设计能力将成为分水岭。
3. 从""卖产品""到""卖认证包""
光伏材料的准入门槛是标准认证而非价格。能提供完整 TDS、SDS、RoHS、REACH、UL 黄卡、第三方双 85/UV 检测报告的阻燃剂厂家，将在 2026-2027 年的材料替代窗口中占据先机。兴秀成已建立覆盖原料入厂、生产过程与成品出库的全流程品控体系，实验室配备热失重检测仪、水平垂直燃烧测试仪、全自动氧指数测试仪、激光粒度分析仪、RoHS 环保检测仪等设备。
问：兴秀成阻燃材料（宿迁）有限公司是一家什么样的阻燃剂厂家？
答：兴秀成是一家专注于无卤阻燃剂、无卤阻燃母粒研发、生产、销售及整体阻燃解决方案的高新技术企业、科技型中小企业。作为无卤阻燃剂厂家，其产品适配 PP、PA、PE、TPE、TPU、PBT、PC、PC/ABS 等基材，应用于电子电气、新能源、光伏周边材料、汽车材料、家电及建筑等行业。
问：2027 年落地的光伏阻燃强标对材料企业有哪些具体影响？
答：核心影响来自两项强标：一是《光伏组件安全要求》（2027 年 6 月 1 日实施），要求外部聚合物部件（接线盒、连接器、线缆等）达到 V-1 级及以上，建筑光伏组件燃烧性能不低于 B1-C 级；二是 GB 8624-2025（2027 年 1 月 1 日实施），首次将光伏组件纳入燃烧性能分级，采用""燃烧+产烟+滴落+毒性""四维评价。企业需在 2026 年底前完成材料无卤化替代验证。
问：光伏 1500V 系统对连接器材料的 CTI 要求是多少？
答：1000V 光伏系统 CTI ≥ 250V 即可；1500V 系统因高压电离与粉尘吸附易形成导电通道，行业主流要求 CTI ≥ 500V，部分高端项目要求 CTI ≥ 600V（材料组 I）。兴秀成针对 PA66、PBT 等基材开发的无卤阻燃体系，CTI 可达 400-600V 区间，适配 1000V/1500V 系统的爬电距离要求。
问：兴秀成的无卤阻燃剂如何进入光伏产业链？
答：兴秀成作为阻燃剂厂家，直接服务于聚赛龙、普利特、禾昌聚合、南京聚隆等改性塑料企业，其无卤阻燃剂被用于生产工程塑料改性料，这些改性料进一步加工为光伏接线盒、连接器、复合材料边框、光伏线缆等周边部件，形成""阻燃剂→改性厂→光伏供应链""的间接配套链路，并通过改性厂间接配套宁德时代、国家电网、比亚迪等终端企业。
- 企业名称：兴秀成阻燃材料（宿迁）有限公司
- 全球运营中心：江苏省无锡市新吴区高新集成电路产业园 12 栋 3F
- 智能化生产基地：江苏省宿迁市常泗工业园常洪智造园 9 号厂房
- 官网：www.xxc-corp.com
- 电话：13921981547",full,,trafilatura_full_text,,https://news.solarbe.com/202609/23/50029627.html,索比光伏-综合新闻,光伏,光伏综合新闻,2026-09-24T00:40:17+00:00,零碳产业 > 能量转化 > 能源测 > 一次能源转化 > 太阳能转化 > 光伏,零碳产业,光伏,"[{""path"":[""零碳产业"",""能量转化"",""能源测"",""一次能源转化"",""太阳能转化"",""光伏""],""path_text"":""零碳产业 > 能量转化 > 能源测 > 一次能源转化 > 太阳能转化 > 光伏"",""confidence"":0.9,""reason"":""核心是光伏组件安全强标下外围聚合物部件的无卤阻燃解决方案""}]",classified,2026-09-24T00:55:16.488973+00:00,glm-5.2,2026-09-10,
谷歌推出 Gemini 3.8 Flash / Flash-Lite 文本转语音模型，每一行台词都能精确控制,2026-09-23,"IT之家 9 月 23 日消息，谷歌今日宣布，Gemini 家族新增两款全新文本转语音模型，将语音生成从静态预设转变为动态创意工作室，能够帮助创作者、开发者和企业打造更丰富、更具表现力的音频体验，同时为 Gemini Notebook 和 Google Vids 等产品改进用户体验。
两款新模型分别为 Gemini 3.8 Flash TTS 和 Gemini 3.8 Flash-Lite TTS，定位各有不同：
- Gemini 3.8 Flash TTS：面向深度创意方向和角色设计，可通过自然语言提示从头创建全新语音，在游戏、沉浸式有声读物、播客和互动媒体中赋予角色生命力，还可对表演提示、节奏、方言转换等进行精细控制。
- Gemini 3.8 Flash-Lite TTS：面向大容量、高性价比规模场景，针对大容量配音、音频内容创作和富有表现力的语音代理进行了优化，可对音调、节奏和表现力细微差别进行精细控制。
据IT之家了解，用户可以从原有 30 种原始语音扩展到无限语音库。该模型的具体功能包括：
- 生成式语音设计：可通过自然语言提示，在 100 多种语言和方言中自定义角色、口音和语音特征，从头创建定制语音。
- 扩展语音库：可访问 2000 多种现成语音，覆盖广泛语言，包括墨西哥西班牙语、魁北克法语、苏格兰英语等区域变体。
- 语音复制：仅需 30 秒音频样本即可重现一致的声音特征，并内置同意验证、SynthID 水印和 C2PA 凭据，保护开发者和声音人才。
- 保存与扩展：可保存和管理自定义语音，确保在持续项目中保持一致性能，最小化漂移。
- 语音混音：即将推出，用户可从语音库中选择一种语音，对音色、音高、节奏和口音进行微调，还可使用提示调整特征。
选好声音后，两款 TTS 模型都能让用户精确控制每一行台词的演绎方式：
- 逐行指导表演：用户可以编写自己的舞台指导，或让 Gemini 通过自然脚本提示引导交付，无论是平静的客服还是低声的悬疑场景，都能实现。
- 长篇生成：在数小时的连续音频中保持高语音质量、自然节奏和角色音色，扬声器漂移极小，非常适合播客和有声读物。
- 原生双声音场景编排：可从单个脚本中无缝指导多轮对话，同时保持两种声音清晰分离，实现自然的对话轮换。
- 脚本化声音爆发和背景反馈：可添加非语言提示（如 <laughs>、<sigh>、<gasp>）和主动倾听插入语（如 mhm 或 yeah），实现精确的喜剧时机和反应节奏，增添逼真的对话质感。
性能方面，Gemini 3.8 Flash TTS 在 Hume AI 的语音设计基准测试中（71.4 分）位居总体第一，在口音建模方面（60.8 分）也处于领先地位。
Gemini 3.8 Flash TTS 和 Gemini 3.8 Flash-Lite TTS 能够在不牺牲可靠性的情况下实现真正富有表现力的性能，在 Hume AI 的整体质量指数中分别占据第一和第二的位置，与 Gemini 3.1 Flash TTS 相比，在长格式内容和双扬声器剧本控制等广泛用例中都有重大改进。
在 Voice Arena 的盲法人类偏好评估中，Gemini 3.8 Flash 和 Flash-Lite TTS 在全球主要语言（日语、巴西葡萄牙语、越南语、现代标准阿拉伯语、墨西哥西班牙语和印地语）竞争对手中占据领先地位。凭借对 100 多种语言的支持，这些模型能够帮助创作者、开发者和企业在全球范围内打造高质量的多语言语音体验。
谷歌在语音创建和复制功能中内置了严格的保护措施，以帮助保护语音人才、尊重身份并确保内容透明度。对于语音复制，系统会利用同意验证：用户必须提供来自语音所有者的口头同意记录，与参考说话者匹配后才能创建语音。
Gemini Audio 模型生成的每个音频片段都带有 SynthID 水印且难以察觉，并被直接编织到音频输出中，确保可以检测到 AI 生成的语音，帮助防止错误信息。
即日起，开发者就可以在 Google AI Studio 中体验这些新的语音生成功能。用户可以通过提示从头开始创建全新的声音身份，或者复制自己的声音，然后将它们直接带入双扬声器剧本编辑器，逐行指导交付。
两款模型均已向开发者推送，可在 Gemini API 和 Google AI Studio 中使用；面向企业用户，很快将通过 Gemini Enterprise 中的 API 推出；面向所有用户，Gemini 3.8 Flash TTS 可在 Gemini Notebook 中使用，Gemini 3.8 Flash-Lite TTS 可在 Google Vids 中使用。
需要注意的是，通过 AI Studio 进行的语音复制在伊利诺伊州、德克萨斯州、欧洲经济区、英国、瑞士和印度不可用。",full,,trafilatura_full_text,,https://www.ithome.com/1/006/509.htm,IT之家,综合媒体,科技新闻,2026-09-24T00:40:44+00:00,AI与智能科技 > AI软件层 > 底座大模型 > 多模态模型,AI与智能科技,多模态模型,"[{""path"":[""AI与智能科技"",""AI软件层"",""底座大模型"",""多模态模型""],""path_text"":""AI与智能科技 > AI软件层 > 底座大模型 > 多模态模型"",""confidence"":0.92,""reason"":""谷歌发布Gemini文本转语音模型，属语音生成的多模态基础模型""}]",classified,2026-09-24T00:55:16.488973+00:00,glm-5.2,2026-09-10,
Anthropic 工程师解释为何 Claude 写作变差：模型被训练成写给 AI 看而非写给人看,2026-09-23,"9 月 23 日消息，AI 模型在数学、编程和推理能力上进步迅速，写作水平却停滞不前，甚至有所退步，Anthropic 的 Claude 同样也存在这一问题。
为何 Opus 4.6 会成为 Anthropic 最后一款写作表现出色的模型？负责 Claude 微调的 Anthropic 工程师杰克逊 · 克尼恩今天（23 日）对此给出了解释：后续模型的优化重点
更多放在数学和代码能力上
这些模型还接受了大量
面向其他 AI 模型撰写技术解释
的训练，而这正是 Claude 逐渐形成奇特表达方式，也就是所谓“Claude 腔”（Claudeish）的主要原因。克尼恩称，模型被“调整得适应 LLM 心理”，最终学会了
写给 AI 模型看，而不是写给人看
克尼恩把这种现象类比为
只与其他自闭症人士交流的人
。此类群体会逐渐形成一套
在群体内部沟通顺畅、外人却难以理解
的表达方式。LLM 拥有远超人类的工作记忆，也能捕捉更细微的信息，因此在训练中会逐渐形成一种
非常适合 AI 模型理解的写法
，但在人类读者眼中，这种表达就成了过度密集的信息堆砌。
IT之家获悉，克尼恩认为，问题的根源在于
强化学习的奖励机制
。有些奖励机制着重提升 AI 模型的理解效果，有些则着重让人类更容易理解。数学和代码方面的训练越多，就越需要主动抵消这种倾向，对简洁、容易让人读懂的解释给予更多奖励。
克尼恩称，Anthropic 在 Opus 5.5 上找到了更好的平衡，“自 Opus 4.6 以来，我还没有对一款模型的写作表现这么满意过。”
当然，这样也并不代表 Opus 5.5 已经超越 Opus 4.6。“这是一个很难解决的问题，我们会继续改进。”",full,,dom_or_structured_full_text,,https://www.ithome.com/1/006/510.htm,IT之家,综合媒体,科技新闻,2026-09-24T00:40:46+00:00,AI与智能科技 > AI软件层 > 底座大模型 > 文本模型,AI与智能科技,文本模型,"[{""path"":[""AI与智能科技"",""AI软件层"",""底座大模型"",""文本模型""],""path_text"":""AI与智能科技 > AI软件层 > 底座大模型 > 文本模型"",""confidence"":0.92,""reason"":""核心事件是Claude等大语言模型写作能力与训练奖励机制的讨论""}]",classified,2026-09-24T00:55:28.659319+00:00,glm-5.2,2026-09-10,
华为 WATCH GT Runner 2 智能手表开启 HarmonyOS 7 花粉 Beta 版升级尝鲜招募,2026-09-23,"感谢IT之家网友
软媒新友2575135
9 月 23 日消息，华为官方今日宣布，
HUAWEI WATCH GT Runner 2 开启
HarmonyOS
7 花粉 Beta 版升级尝鲜招募
华为手机 / 平板：【我的华为 / 服务】APP > 首页 > 升级尝鲜（根据提示一键报名）
其他品牌手机 / 平板：微信小程序 >【我的华为】> 点击首页热门活动下对应产品图（根据提示填写信息报名）
IT之家附华为 WATCH GT Runner 2 智能手表新版本更新内容如下：
1. 系统界面焕新升级，表盘及多任务列表等新增光影效果，锻炼记录等页面更具层次感，为您呈现更舒适的交互体验
2. 新增万象模块表盘，支持自由搭配喝水、萌宠天气、熊猫敲木鱼等组件，轻松打造好看又好玩的专属表盘
3. 新增“几何魔方”表盘，支持丰富组件元素和样式自定义，极简线条千变万化，让您随心打造专属风格
4. 情绪健康新增毛茸茸和星尘主题，给心情换个新皮肤，以柔软或辽阔，接住您此刻的心情 (情绪健康应用> 设置 > 主题)
5. 新增微运动功能，以趣味方式鼓励引导您利用碎片化时间进行运动，让健康融入日常，可通过萌宠微运动表盘、久坐提醒、课程与计划进入体验
6. 新增午睡小结，记录午后小憩等碎片化睡眠时刻，生成专属休息报告
7. 健康三叶草升级为健康生活应用，新增饮食维度，在华为运动健康应用配置相关打卡任务后，即可解锁四叶草模型，多维度助您养成健康生活好习惯
8. 支持来电盖屏静音，来电管理更轻松
9. 天气应用新增小时紫外线强度、体感温度、小时体感温度、霞光等信息，数据更丰富全面
10. 新增录音机应用，可满足长时间录音需求，便捷又高效
11. 支持连接高阶功率计和骑行台，让每一次骑行训练都有据可依，科学提升骑行表现 (设置> 更多连接 > 运动健康设备管理)
12. 增强与手机协同体验：
1) 手机端支持显示手表低电或满电、手表未佩戴的提醒通知
2) 配对 HarmonyOS 6 及以上系统手机，手表新增手机电量提醒开关，可根据需要自行开启 (设置> 通知 > 手机电量提醒)
1. 设置中“常亮显示”更名为“熄屏显示”
2. 高尔夫功能体验提升，让您精进每一杆：
1) 新增坡度补偿、击球距离功能
2) 半场报告页面支持暂存球局
3) 优化击球参考线显示逻辑，以及默认发球台选择和开球上球道体验",full,,dom_or_structured_full_text,,https://www.ithome.com/1/006/508.htm,IT之家,综合媒体,科技新闻,2026-09-24T00:40:47+00:00,未分类,,,[],unclassified,2026-09-24T00:55:28.659319+00:00,glm-5.2,2026-09-10,
迄今最长卫星观测记录：半个世纪极地冰层消失 11.3 万亿吨，海平面上升 3 厘米,2026-09-23,"IT之家 9 月 23 日消息，研究人员发现，自 20 世纪 70 年代以来，格陵兰岛和南极洲已经累计损失约 11.3 万亿吨极地冰层，规模之大令人震惊。
一个国际科学家团队整理出了迄今最长的卫星观测记录，揭示过去约 50 年间极地冰层流失的真实规模。这份综合记录最早追溯至 1972 年的格陵兰岛和 1979 年的南极洲，一直持续到 2023 年，涵盖 42 项不同的卫星调查以及 27 次卫星任务。
在观测到的 11.3 万亿吨冰损失中，大部分来自格陵兰岛冰盖。
北安普顿大学（Northumbria University）研究负责人伊内斯 · 奥托萨卡（Inès Otosaka）在声明中表示：“通过将时间范围追溯至 20 世纪 70 年代，我们现在可以看到冰盖在半个世纪以来发生了怎样的变化。”
IT之家注意到，这份被称为“冰盖质量平衡相互比较计划”（Ice Sheet Mass Balance Inter-comparison Exercise，IMBIE）的最新记录，为我们提供了过去数十年极地冰层流失情况最完整的观察结果。对冰层流失历史的详细分析还显示，在这一时期，全球海平面因此上升了超过 1.18 英寸（3 厘米）。
IMBIE 创始人、北安普顿大学地理与自然科学学院院长安德鲁 · 谢泼德（Andrew Shephard）表示：“海平面上升 3 厘米听起来可能并不算多，但这意味着又有 600 万至 900 万人面临沿海洪水和海岸侵蚀风险。随着未来几十年冰盖预计还将损失更多冰层，像 IMBIE 这样的全球评估对于保护受到气候变化影响的社区至关重要。”
研究人员发现，记录中的极地冰层损失有 84% 来自冰川流动速度不断加快，只有 16% 来自冰层表面融化。
而造成这种大规模、长期冰层流失的原因，也与不断加剧的气候变化以及全球变暖密切相关。
奥托萨卡表示：“超过五分之四的冰损失是由流速加快的冰川排入海洋，而不是在冰层表面融化。这告诉我们，长期趋势主要受到冰盖对不断变暖的海洋所产生的动态响应驱动。”
这份长期记录不仅展示了过去几十年极地冰层总体损失情况，还揭示了冰层流失明显加速的时期。
数据显示，从 20 世纪 90 年代开始，极地冰层消失的速度明显加快。以格陵兰岛为例，20 世纪 80 年代的冰层损失量约为每年 600 亿吨，而到了 21 世纪 10 年代，这一数字已经猛增至每年约 2640 亿吨。
南极洲也出现了类似变化。20 世纪 80 年代，南极洲每年损失约 480 亿吨冰层；到了 21 世纪 10 年代，年损失量已经达到约 2020 亿吨。
随着极地冰层持续消失、海平面不断上升，人们对于气候变化持续恶化所带来的后果越来越担忧。
联合国近期发布的一份报告也指出，在未来短短几年内，全球升温可能超过 1.5 摄氏度这一关键阈值。2015 年《巴黎协定》期间，近 200 个国家曾承诺努力将全球平均气温升幅控制在这一工业化前水平之上的范围以内。
与此同时，这份冰层流失记录不仅以清晰的数据展示了当前严峻的变化，也体现了太空观测的价值，以及卫星数据在持续监测和理解地球变化方面所发挥的作用。由于当前气候变化主要受到工业生产、农业等人类活动推动，这类信息能够帮助科学家进一步研究相关趋势，并为制定降低人类活动对全球变暖影响的政策提供依据。
华盛顿大学（University of Washington）研究负责人之一泰勒 · 萨特利（Tyler Sutterly）表示：“更长的观测记录、更大规模的参与团队，以及我们评估不确定性的能力提升，使这成为迄今为止最可靠的冰盖质量平衡评估。卫星能够提供覆盖整个大陆、逐年持续的证据，让我们了解当前正在发生的变化，而这正是我们检验模型、缩小未来海平面上升预测不确定性所需要的。”
欧洲航天局（ESA）科学家迭戈 · 费尔南德斯（Diego Fernández）表示：“这些发现表明，利用卫星监测冰盖，以及评估用于预测气候变化影响的模型，具有根本性的重要意义。未来几十年，持续维持 CryoSat-2 和 Sentinel 系列等卫星任务，并维护长期冰盖气候数据记录，将至关重要。”
这项研究得到美国国家航空航天局（NASA）和欧洲航天局支持，相关研究论文已发表于《Scientific Data》期刊。",full,,trafilatura_full_text,,https://www.ithome.com/1/006/506.htm,IT之家,综合媒体,科技新闻,2026-09-24T00:40:49+00:00,未分类,,,[],unclassified,2026-09-24T00:55:28.659319+00:00,glm-5.2,2026-09-10,
我国成功发射卫星互联网低轨 26 组卫星,2026-09-23,"IT之家 9 月 23 日消息，据央视新闻，23 日（今天）21 时 32 分，我国在海南商业航天发射场使用长征八号甲运载火箭，成功将卫星互联网低轨 26 组卫星发射升空，卫星顺利进入预定轨道，发射任务获得圆满成功。
据IT之家了解，就在不久前的 9 月 17 日，我国在海南商业航天发射场使用长征十二号运载火箭，成功将卫星互联网低轨 25 组卫星发射升空，卫星顺利进入预定轨道，发射任务获得圆满成功。
IT之家 9 月 23 日消息，据央视新闻，23 日（今天）21 时 32 分，我国在海南商业航天发射场使用长征八号甲运载火箭，成功将卫星互联网低轨 26 组卫星发射升空，卫星顺利进入预定轨道，发射任务获得圆满成功。
据IT之家了解，就在不久前的 9 月 17 日，我国在海南商业航天发射场使用长征十二号运载火箭，成功将卫星互联网低轨 25 组卫星发射升空，卫星顺利进入预定轨道，发射任务获得圆满成功。",full,,trafilatura_full_text,,https://www.ithome.com/1/006/505.htm,IT之家,综合媒体,科技新闻,2026-09-24T00:40:51+00:00,通用技术 > 通信和运输 > 物质运输 > 航天,通用技术,航天,"[{""path"":[""通用技术"",""通信和运输"",""物质运输"",""航天""],""path_text"":""通用技术 > 通信和运输 > 物质运输 > 航天"",""confidence"":0.95,""reason"":""核心事件为长征火箭成功发射卫星互联网低轨卫星""}]",classified,2026-09-24T00:55:28.659319+00:00,glm-5.2,2026-09-10,
YouTube 推出全新 AI 智能体，能帮创作者“翻红”老视频,2026-09-23,"9 月 23 日消息，在今天（23 日）的年度创作者活动 Made on YouTube 上，YouTube 宣布升级 2025 年推出的 AI 创作工具。
YouTube 带来了一款帮助创作者在后台优化频道的智能体，其能够查看频道过去发布的视频，
找出重新受到关注、契合新闻事件或开始走红的内容，并建议修改旧视频的缩略图或标题，借势吸引新一轮关注
据IT之家了解，YouTube 创作者产品副总裁阿姆贾德 · 哈尼夫介绍，智能体还能梳理频道内容，
提取受众人口特征及受众数据
，帮助创作者准备向品牌推介的合作方案，争取潜在赞助商。
创作者上传视频后，智能体可以
直接根据内容生成缩略图和标题
，也能对创作者自己制作的缩略图提出反馈。创作者通过 YouTube 工作室进行测试时，不同观众还可能看到不同内容。
动态缩略图工具支持为每条视频上传最多三张图片，YouTube 会
针对不同受众选择最合适的图片
，尝试增加观看时长。
测试范围也进一步扩大到视频本身：创作者可以提供三个版本视频，
分别尝试不同的开场、吸引观众的内容或整体结构，再比较表现
系统会把不同版本视频推送给小规模受众，
找出观看时长最高的版本
。创作者可以据此选定最终版本，也可以由 YouTube 在七天后自动选定。哈尼夫表示，系统会确保三个版本不会相差过大。",full,,dom_or_structured_full_text,,https://www.ithome.com/1/006/503.htm,IT之家,综合媒体,科技新闻,2026-09-24T00:40:52+00:00,AI与智能科技 > AI软件层 > 工程改进,AI与智能科技,工程改进,"[{""path"":[""AI与智能科技"",""AI软件层"",""工程改进""],""path_text"":""AI与智能科技 > AI软件层 > 工程改进"",""confidence"":0.75,""reason"":""YouTube推出面向创作者频道的AI智能体工具，属AI应用工程化落地""}]",classified,2026-09-24T00:55:28.659319+00:00,glm-5.2,2026-09-10,
罗福莉官宣小米 MiMo-V3 采用全新架构，核心 HySparse 2 今日发布,2026-09-23,"IT之家 9 月 23 日消息，小米 MiMo 大模型负责人罗福莉今日发文，宣布 MiMo-V3 即将采用全新架构。其核心 HySparse 2 今日发布，带来更少的预填充、更小的 KV 缓存、更出色的长上下文检索。
- 在 1M（100 万）Token 长度下，预填充计算量（FLOPs）降低 5.02 倍
- 在 1M Token 长度下，KV 缓存缩小 4.5 倍
- 具有更高的 MRCRv2 和 RULER-v2 评分，同时 AgentPPL 和 LongPPL 更低
罗福莉表示，智能体（Agentic）推理是一种截然不同的工作负载。每一轮交互，一个简短的动作可能会返回需要进行预填充的长文本观察结果，同时上下文还在不断增长。这使得预填充成本、KV 缓存大小和检索准确率同时处于关键路径上。
- KV 桥接（KV Bridging）：遵循 YOCO 思路，交叉解码器（cross-decoder）中的全注意力层利用自解码器（self-decoder）的隐藏状态构建其 K/V。
- KV 重用（KV Reuse）：在每个混合块内，稀疏层复用前一层全注意力层的 KV 缓存和选择索引。
另外还有两项改进：采用 Token 级别的选择来替代块（block）级别的选择，并用近期 Token 的强制窗口来替代独立的 SWA 分支，从而让本地和全局 Token 共享同一个 KV 缓存。由于所有的交叉解码器 KV 缓存现在都来自自解码器，因此预填充在自解码器完成时即可停止。
值得一提的是，昨日凌晨，小米刚刚发布并开源了全新的 Xiaomi MiMo-V2.6 系列，包含 Pro 与 Flash 两个原生全模态模型。小米称这是其探索 RSI（递归自我改进）路径的关键一步，通过规模化扩展强化学习算力，让模型在持续的探索与反馈中拓展智能边界。
IT之家附论文地址如下：
广告声明：文内含有的对外跳转链接（包括不限于超链接、二维码、口令等形式），用于传递更多信息，节省甄选时间，结果仅供参考，IT之家包含外链的文章均包含本声明。",full,,trafilatura_full_text,,https://www.ithome.com/1/006/502.htm,IT之家,综合媒体,科技新闻,2026-09-24T00:40:54+00:00,AI与智能科技 > AI软件层 > 底座大模型 > 文本模型,AI与智能科技,文本模型,"[{""path"":[""AI与智能科技"",""AI软件层"",""底座大模型"",""文本模型""],""path_text"":""AI与智能科技 > AI软件层 > 底座大模型 > 文本模型"",""confidence"":0.9,""reason"":""小米MiMo-V3发布全新大模型架构HySparse 2，聚焦长上下文语言模型效率""}]",classified,2026-09-24T00:55:28.659319+00:00,glm-5.2,2026-09-10,
Epic CEO 斯威尼谈微软将《光环》划给动视：顶级工作室理应获得最有潜力项目,2026-09-23,"IT之家 9 月 23 日消息，Epic Games CEO 蒂姆 · 斯威尼对微软 XBOX 昨天的重组作出回应。针对一篇批评微软将《光环》以及 Rare、World’s Edge（世界边缘）工作室划归动视的文章，斯威尼在 X 上写道：“把最有潜力的项目交给表现最好的工作室负责，合情合理，也最有机会让这些项目取得成功。”
据IT之家了解，微软 XBOX 此次在光环工作室、其他第一方工作室和管理层共裁撤 268 个岗位。下一部《光环》正传将交由动视专门组建的新团队开发，与《使命召唤》团队分开；光环工作室则缩减为小团队，负责现有游戏和社区支持。World’s Edge 规模同样减半，下一个项目也遭取消。
动视总裁罗布 · 科斯蒂奇发表了一份声明：“对于《光环》，我们的目标很明确：打造史上最出色的《光环》游戏，让它无愧于这个宇宙和它的传承，同时忠于最初让玩家爱上《光环》的核心特质。这是一个大胆的目标，也是这个系列应得的目标。我们已经开始组建一支专门为此打造的团队，成员在能力和才华上都独具优势。团队已经做好准备，也十分期待与玩家社区一起带来《光环》的下一篇章。”",full,,trafilatura_full_text,,https://www.ithome.com/1/006/501.htm,IT之家,综合媒体,科技新闻,2026-09-24T00:40:55+00:00,未分类,,,[],unclassified,2026-09-24T00:55:35.949920+00:00,glm-5.2,2026-09-10,
卢伟冰：在内存成本剧烈上涨的周期下，创新产品才能满足用户购机 / 换机需求,2026-09-23,"感谢IT之家网友
9 月 23 日消息，小米集团合伙人 / 总裁、手机部总裁、小米品牌总经理卢伟冰刚刚发文，
称在内存成本剧烈上涨的周期下，创新的产品才能满足用户的购机 / 换机需求
他表示，小米 18 Fold 和小米 18 Pro 系列就是这个思路下的产品。
据IT之家此前报道，在 IFA 2026 小米全球发布会后，小米集团合伙人、总裁、手机部总裁卢伟冰与媒体对话。谈及存储持续涨价话题，他表示，涨也好、跌也好，总要往前走。但小米在预测之后，至少有一个很简单的结论：
不能简单地把成本转移，一定要把产品做得更好
据卢伟冰今晚透露，小米 18 Fold 中折叠手机首销零售量同比上代大折叠增长 300%。
该机发布于 9 月 7 日
，首发玄戒 O3 芯片，配备 5.38″ 外屏 +7.58″ 内屏，并后置徕卡专业三摄，售价 10999 元起。
小米 18 Pro 系列手机新品发布会专题",full,,dom_or_structured_full_text,,https://www.ithome.com/1/006/500.htm,IT之家,综合媒体,科技新闻,2026-09-24T00:40:57+00:00,未分类,,,[],unclassified,2026-09-24T00:55:35.949920+00:00,glm-5.2,2026-09-10,
小米 18 Pro 系列手机新增支持 Apple Watch 互联：电话 / 通知随时接收，运动健康数据同步,2026-09-23,"IT之家 9 月 23 日消息，在今晚的小米秋季新品发布会上，小米集团合伙人 / 总裁、手机部总裁、小米品牌总经理卢伟冰宣布，小米 18 Pro 系列手机与苹果生态互联迎来升级。
除了支持与 iPhone 贴贴快速分享照片、视频等文件；支持跨端解锁、消息互通、云相册同步外，系列新机还新增支持 Apple Watch 互联，电话、通知可随时接收，还能同步和查看运动健康数据。
综合IT之家此前报道，在 2024 年的小米 15 系列暨小米澎湃 OS 2 新品发布会上，小米集团手机部副总裁、小米软件部总经理金凡宣布小米 HyperConnect 全面支持苹果生态。用户安装“小米互联服务”即可实现文件图片互传。
在澎湃 OS 3 上，随着小米互联服务升级 2.1.0 版本，新增 iPhone 通知在小米手机同步提醒、妙享桌面支持 iPad“窗口化 App”模式等功能。
搭载澎湃 OS 3 的小米手机支持在 Mac 设备上同时开启多个窗口且可调尺寸，同时也支持一键全屏；在 Mac 设备上，用户若想解锁打开妙享桌面的手机，无需拿起手机，通过触控 ID 即可完成解锁。小米澎湃 OS 3 还首发 iPad 妙享桌面，支持面容 ID 解锁，且可以融入 iPad 多任务体系。
广告声明：文内含有的对外跳转链接（包括不限于超链接、二维码、口令等形式），用于传递更多信息，节省甄选时间，结果仅供参考，IT之家包含外链的文章均包含本声明。",full,,trafilatura_full_text,,https://www.ithome.com/1/006/497.htm,IT之家,综合媒体,科技新闻,2026-09-24T00:40:59+00:00,未分类,,,[],unclassified,2026-09-24T00:55:35.949920+00:00,glm-5.2,2026-09-10,
爆料称 AMD 为微软 XBOX Helix 和索尼 PS6 主机设计的芯片已流片，前者浮点算力纸面领先四成,2026-09-23,"IT之家 9 月 23 日消息，据外媒 Wccftech 今天（23 日）晚间报道，AMD 爆料者 Kepler_L2 透露，AMD 为 PlayStation 6 和 XBOX Helix 设计的芯片现已完成流片，两款主机有望明年年底发售。
Kepler 与另一名博主“摩尔定律已死（下称 MLID）”此前都否认了延期说法，理由是生产合同基本敲定，芯片据称计划在明年第二季度投产，推迟生产的代价甚至比承担内存涨价的成本更高。
Kepler_L2 还确认了一组看似接近最终规格的浮点算力数据：PS6 为 40TFLOPS，XBOX Helix 为 56TFLOPS。换言之，XBOX 主机在纸面浮点算力上领先 40%。
按传闻的 PS6 启用的 52 个计算单元计算，再考虑 RDNA 架构的双发射 FP32 吞吐量，40TFLOPS 意味着 GPU 频率约为 3.0GHz。此前给出的算力范围，则是 34–40TFLOPS。
Kepler 又补充了过去一年多逐渐积累的次世代主机信息。有关爆料主要来自 Kepler 本人和 MLID，依据是泄露的 AMD 文件。
| 规格 | PlayStation 6（代号“Orion”） | XBOX Project Helix（代号“Magnus”） |
|---|---|---|
| 制程节点 | 台积电 N2，部分爆料称为 N3 | 台积电 N3P |
| 芯片 | 约 280mm²，单芯片设计 | 约 408mm²，采用芯粒设计，由 144mm² 的 SoC 和 264mm² 的 GPU 组成 |
| CPU | 8 个 Zen 6c 核心＋2 个 Zen 6 LP 核心 | 3 个 Zen 6 核心＋8 个 Zen 6c 核心 |
| GPU | 54 个 RDNA 5 计算单元，其中 52 个启用，频率 2.6–3.0GHz | 68 个 RDNA 5 计算单元，频率 2.5GHz 以上 |
| 内存 | 30–40GB GDDR7，160bit 位宽 | 36–48GB GDDR7，192bit 位宽 |
| AI 硬件 | 神经阵列集成于 GPU 内 | 独立 NPU，最高 110TOPS |
| 浮点算力（Kepler_L2 爆料） | 40TFLOPS | 56TFLOPS |
Kepler_L2 此前概括过两款主机的差别：Helix 比索尼对手的芯片面积约大 42%，内存容量约多 20%。
今年 3 月，Kepler_L2 曾作出估算，PS6 的物料成本约为 760 美元（IT之家注：现汇率约合 5,102 元人民币），699 美元（现汇率约合 4,693 元人民币）的零售价仍有可能。约三个月后，他给出的物料成本升至约 960 美元（现汇率约合 6,445 元人民币），上涨 26%。
索尼 CEO 也公开承认，预计内存价格到 2027 财年结束前都会保持在很高水平。
Helix 的价格预计还要更高。Kepler 认为售价会明确超过 1,000 美元（现汇率约合 6,713 元人民币）。MLID 的零部件成本估算则显示，规模化生产后的物料成本约为 900 美元（现汇率约合 6,042 元人民币）；据此推算，999 美元（现汇率约合 6,707 元人民币）是相当激进的最低定价，1,200 美元（现汇率约合 8,056 元人民币）最有可能。",full,,trafilatura_full_text,,https://www.ithome.com/1/006/485.htm,IT之家,综合媒体,科技新闻,2026-09-24T00:41:00+00:00,AI与智能科技 > AI硬件层 > 芯片,AI与智能科技,芯片,"[{""path"":[""AI与智能科技"",""AI硬件层"",""芯片""],""path_text"":""AI与智能科技 > AI硬件层 > 芯片"",""confidence"":0.92,""reason"":""核心事件是AMD为PS6和XBOX设计的主机SoC/GPU芯片流片及规格、制程、算力详情，直接属于芯片设计领域。""}]",classified,2026-09-24T00:55:35.949920+00:00,glm-5.2,2026-09-10,
曝小米 18 Pro 系列手机新增「原色」风格影调，支持 Open Gate 片门全开,2026-09-23,"9 月 23 日消息，小米 18 Pro 系列手机已于今晚正式发布，搭载第六代骁龙 8 至尊版系列移动平台，后置徕卡 2 亿大底主摄 + 2 亿大底长焦，配备 AI 百变背屏，售价 5999 元起。
据博主 @DSP-Charles 透露，小米 18 Pro 系列手机支持 Open Gate 片门全开，
同时新增了「原色」风格影调
。IT之家注：Open Gate 模式是一种视频拍摄模式，指在录制时利用整个图像传感器区域进行记录，也被称为“片门全开”模式。该模式可记录下传感器可记录的最大分辨率画面，提供更多的原始画面信息。
从博主分享的截图来看，
小米 18 Pro 系列手机的摄影风格支持原色、生动和经典
据介绍，小米 18 Pro 系列搭载全焦段徕卡光学三摄，包含徕卡 2 亿主摄（1/1.28″大底，超高动态范围）+ 徕卡 2 亿长焦（1/1.56″大底，进光量大幅提升），支持最近 12cm 微距拍摄。系列新机还首发「传奇一瞬」大模型影像，可还原相机光学质感。
小米秋季新品发布会一文汇总：18 Pro 系列登场、透明版时隔 6 年回归、平板手环手表齐上新
小米 18 Pro 系列手机新品发布会专题",full,,dom_or_structured_full_text,,https://www.ithome.com/1/006/484.htm,IT之家,综合媒体,科技新闻,2026-09-24T00:41:02+00:00,未分类,,,[],unclassified,2026-09-24T00:55:35.949920+00:00,glm-5.2,2026-09-10,
rabbit 沉寂许久后发布 OS3 智能体操作系统，支持多设备编排,2026-09-23,"IT之家 9 月 23 日消息，人工智能初创企业 rabbit 曾因其口袋 AI 设备 Rabbit R1 名噪一时。但在硬件产品备受争议的推出后，该企业热度迅速降低并最终陷入沉寂。根据IT之家的查询，其本周之前的最后一条官网新闻发布于 2025 年 9 月。
而在当地时间 22 日，rabbit 宣布正式发布其智能体操作系统 OS3。其兼容广泛第三方硬件，以单一聊天界面为主要入口。用户仅需设定一个目标，系统便会自动调度所需的设备、模型、文件来完成剩余步骤。
OS3 在云端运行并通过 rabbit agent 智能体连接和操作设备，一个账户最多可以连接五台设备。其支持多设备编排、单一连续对话，兼容通用技能，可进行直接的计算机控制与自动编程。
IT之家了解到，用户使用 OS3 时需自备 API 接口。其仅访问本地文件，仅通过模型提供程序处理上下文，仅执行用户发起的操作。",full,,trafilatura_full_text,,https://www.ithome.com/1/006/483.htm,IT之家,综合媒体,科技新闻,2026-09-24T00:41:03+00:00,AI与智能科技 > AI软件层 > 工程改进,AI与智能科技,工程改进,"[{""path"":[""AI与智能科技"",""AI软件层"",""工程改进""],""path_text"":""AI与智能科技 > AI软件层 > 工程改进"",""confidence"":0.85,""reason"":""核心是rabbit发布智能体操作系统OS3，涉及多设备编排、智能体调度与工程化落地，属AI工程改进领域。""}]",classified,2026-09-24T00:55:35.949920+00:00,glm-5.2,2026-09-10,
拿第三方检测自证清白？Donut Lab 固态电池的疑点更多了,2026-09-23,"IT之家 9 月 23 日消息，英国 Intertek 实验室对 Donut Lab 的一款“固态”电池进行了检测，结果显示，样品中的锂含量仅为 3.4 ppm（百万分之一）。如今，这家芬兰初创公司正利用这一检测结果来证明，其电池既不是锂离子电池，也不是钠离子电池。
但问题在于，这份报告只检测了两种元素，而且检测样品还是由 Donut Lab 自行拆解后提供的电池部件。距离今年 1 月的 CES 已经过去 9 个月，但目前仍没有一款搭载这款电池的量产车型真正上路。
Donut Lab 表示，此次检测的目的是结束外界对于其电池内部化学体系的争议。该公司 CEO 马尔科 · 莱赫蒂迈基（Marko Lehtimäki）在公告中表示：“我们希望通过独立检测证明这既不是锂离子电池，也不是钠电池，从而结束外界的猜测。”
这种猜测并非毫无依据。今年 6 月，电池研究人员 Ziroth 与 20 多名专家根据 Donut Lab 提供的电池样品的电压曲线和膨胀数据得出结论，认为这款电池的表现更接近采用石墨负极的高镍锂离子电池。
Intertek 位于英国威尔顿（Wilton）的实验室出具的报告非常简短。分析人员从电池的负极、正极和集流体部件中分别取样，总共获取约 0.5 克材料，随后使用硝酸进行消解，将样品稀释至 50 毫升，再通过 ICP-OES（电感耦合等离子体发射光谱）仪器进行检测。
检测结果显示，样品中的锂含量为 3.4 ppm，钠含量为 632 ppm，均以重量计。
通常情况下，锂离子电池中的锂含量处于百分比级别。因此，如果 Intertek 检测的样品确实就是 Donut Lab 所声称的电池材料，那么其中几乎不存在锂。
检测工作本身并没有明显问题，但争议主要出现在检测范围以及样品来源等方面。
这份报告没有告诉我们什么
首先是检测范围。Donut Lab 委托 Intertek 完成的工作内容实际上只有“通过 ICP-OES 定量检测锂和钠”。除此之外，没有检测其他元素。
换句话说，这份报告可以告诉我们这款电池不是什么，却无法告诉我们它究竟是什么。
钾、镁、锌和铝等元素均没有接受检测，而 Donut Lab 目前也没有公开具体的电池化学体系，仅表示其使用的是“广泛可获得、价格实惠且具备地缘政治安全性的材料”。
其次是样品本身。Intertek 在报告中写道：“样品由 Donut Lab 以拆解状态送达。”
也就是说，Intertek 并没有亲自拆开一块完整电池，而是将收到的零部件与另一份尚未公开的 Intertek 报告（编号 2608094STO-003）进行对应。此次分析的样品仅被标记为“软包电池 —— 电芯 1”（Pouchcell – Cell 1）。
报告中甚至没有出现“Donut Battery”这一名称，也没有任何信息能够证明该样品就是此前由芬兰技术研究中心（VTT）测试能量密度的 V1.5 电芯。
此外，Donut Lab 的新闻稿称，检测样品还包括位于正极和负极之间的“电解质”。但 Intertek 的报告却在三个不同位置明确表示，实际接受分析的只有负极、正极和集流体部件。
对于一款固态电池而言，电解质层恰恰是判断其中是否存在锂的重要部位之一。
此外，这份 Intertek 报告在 5 天内经历了 3 个版本。第一版于 9 月 17 日发布，9 月 21 日的修订版更新了“样品描述和样品来源”，9 月 22 日的版本则进行了实验部分要求的“措辞修改”。
对于一份只有一个两列结果表格的检测报告而言，这样的修改次数也值得注意。
最后，Intertek 在报告中明确指出，其中包含的“意见和解释不属于英国认可服务机构（UKAS）的认可范围”。
至于“如此少的活性材料甚至不可能制造出功能正常的电池”这一说法，则来自 Donut Lab 首席技术官维尔 · 皮波（Ville Piippo），而不是 Intertek 实验室。
这让 409 Wh/kg 的能量密度更难解释
样品中几乎不存在锂和钠，这与外界一直以来针对 Donut Lab 的一种猜测相吻合：它可能采用的是超级电容器或混合型电容器结构，使用碳电极以及不依赖锂或钠的电解质。
这种理论可以解释 Donut Lab 所宣称的快速充电能力和超长循环寿命，但却很难解释其能量密度。
本月早些时候，VTT 对 Donut Lab 的“V1.5”电芯进行了测试，测得能量密度为 409.3 Wh/kg，测试电压范围为 2.3V 至 4.25V。
这一电压范围与典型锂离子电池的工作区间高度相似，而 409 Wh/kg 的能量密度也已经达到先进硅负极锂离子电池的水平。
截至目前，没有任何不含锂或钠的可充电电池化学体系能够在实际电芯中达到如此接近的能量密度。
因此，目前存在两种可能：要么 Donut Lab 悄然开发出了一种性能超过全球其他电池实验室的全新化学体系；要么 VTT 测试的电芯与 Intertek 分析的电池部件并不是同一个东西。
而这份 Intertek 报告本身并没有给出答案。
真正的问题已经不是它是不是固态电池
如今外界其实已经不太在意 Donut Lab 的电池究竟是不是固态电池，因为这些含糊且范围有限的检测，即便能够证明某些事情，也很难改变外界对 Donut Lab 可信度的看法。
IT之家注意到，固态电池本身并不是什么新鲜事物。QuantumScape、Factorial、三星 SDI（Samsung SDI）和丰田（Toyota）都已经在实验室以及原型车上运行固态电池，并且仍在推进量产。到了 2026 年，一家初创公司拥有一款颇具潜力的固态电池原型，本身已经不足以成为重大新闻。
真正让 Donut Lab 引起关注的，是其关于量产的说法。
今年 1 月 CES 期间，Donut Lab 宣称自己拥有“全球首款已经准备好用于 OEM 汽车制造的固态电池”，并表示搭载该电池的 Verge 摩托车将在 2026 年第一季度交付给客户。莱赫蒂迈基当时还表示，这款电池“已经进入生产阶段”。
如今已经到了 9 月底，但道路上仍没有一款搭载该电池的量产车辆。此前所谓第一季度的“量产”摩托车实际上只是预生产车型，而莱赫蒂迈基本人也承认，能量密度达到 409 Wh/kg 的那款电芯“甚至不是最终将交付给客户的电芯”。
因此，最初让 Donut Lab 与其他固态电池公司区别开来的那个核心量产承诺，最终并没有兑现。而此后公布的一份份检测报告，则都在回答与真正关键问题不同的问题。",full,,trafilatura_full_text,,https://www.ithome.com/1/006/482.htm,IT之家,综合媒体,科技新闻,2026-09-24T00:41:05+00:00,零碳产业 > 能量转化 > 能量存储 > 电化学储能 > 二次电池 > 传统蓄电池 > 固态电池,零碳产业,固态电池,"[{""path"":[""零碳产业"",""能量转化"",""能量存储"",""电化学储能"",""二次电池"",""传统蓄电池"",""固态电池""],""path_text"":""零碳产业 > 能量转化 > 能量存储 > 电化学储能 > 二次电池 > 传统蓄电池 > 固态电池"",""confidence"":0.9,""reason"":""核心事件是 Donut Lab 固态电池的化学体系争议与第三方检测""}]",classified,2026-09-24T00:55:40.945021+00:00,glm-5.2,2026-09-10,
【IT之家开箱】小米 18 Pro Max 透明特别版图赏：红色透明机身，解锁旗舰内部美学,2026-09-23,"IT之家 9 月 23 日消息，在刚刚举行的小米秋季新品发布会上，小米正式发布了全新一代小米 18 Pro Max 手机，售价 6999 元起。
IT之家目前拿到了此次发布的小米 18 Pro Max 透明特别版配色，其中 16GB + 1TB 售价 10999 元。
此次IT之家拿到的红色透明版本采用时尚红色设计，通过微米级膜片打造立体浮雕质感，将原本隐藏在机身内部的结构元素以更加艺术化的方式呈现出来。透过透明背板，可以看到内部结构布局与红色元素相互映衬，让整机拥有更强的科技感与辨识度。
同时，透明特别版还配备了特别定制的透明版红色充电器以及数据线，整体风格与手机保持一致，从机身到配件进一步强化了专属属性。
在正面设计方面，小米 18 Pro Max 采用 LIPO 封装工艺，通过电路走线设计与贴合工艺优化，将正面四边边框统一收窄至 0.99mm。配合大微弧四曲中框设计，屏幕与边框之间的过渡更加自然。四边一致的窄边框让正面观感更加简洁，也进一步提升了屏幕显示区域的一体感。
小米 18 Pro Max 的另一大特色，则是延续并升级了妙享背屏设计。
相比上一代方案，新一代背屏进一步做平，与机身融为一体。日常使用中，用户无需频繁点亮主屏，翻转手机即可查看动态信息，也可以通过背屏完成更多互动操作。
在功能方面，妙享背屏支持背屏动态通知；AI 百变背屏可以生成萌宠、爱豆、文物等个性化内容，也支持通过拍照生成专属壁纸，并与手机壳等配件进行搭配。
此外，新机首批上线 100+ 背屏应用卡，涵盖快捷小工具、信息通知栏、解压小游戏等内容，让背屏从单纯的信息显示区域进一步拓展为可交互的轻应用空间。根据发布会现场透露，背屏 AI 功能也将在 12 月底迎来更新。
屏幕方面，小米 18 Pro Max 搭载全新超级像素屏幕，并步入 2.0 时代。该屏幕采用全新绿色发光材料的 M11 发光体系，支持 4000nits 峰值亮度、BT.2020 超广色域以及 LTPO 1-120Hz 自适应刷新率等功能。
同时，这块屏幕还加入了创新硬件级智能防窥功能，可以根据使用场景精准控制开启与关闭，在保证正常显示效果的同时，提升日常使用中的隐私保护体验。
硬件配置方面，小米 18 Pro Max 首发第六代骁龙 8 超级至尊版，采用新一代 2nm 旗舰制程，CPU 主频达到 5GHz，并搭载新一代 GPU / NPU 架构以及 OFFSET PoP 高导热芯片封装，配合新一代环形冷泵散热方案。
续航方面，新机内置 8500mAh 金沙江电池，同时支持 UWB 超宽带互联、IP66/68/69 防尘防水，并配备超宽频赛博马达以及三扬声器立体声。
影像方面，小米 18 Pro Max 后置全焦段徕卡光学三摄，包括 2 亿像素徕卡主摄、2 亿像素徕卡潜望长焦以及 5000 万像素徕卡超广角，并首发「传奇一瞬」大模型影像能力，通过 AI 进一步增强影像表现。
更多关于小米发布会的详细信息，欢迎持续关注IT之家。
《小米秋季新品发布会一文汇总：18 Pro 系列登场、透明版时隔 6 年回归、平板手环手表齐上新》
广告声明：文内含有的对外跳转链接（包括不限于超链接、二维码、口令等形式），用于传递更多信息，节省甄选时间，结果仅供参考，IT之家包含外链的文章均包含本声明。",full,,trafilatura_full_text,,https://www.ithome.com/1/006/481.htm,IT之家,综合媒体,科技新闻,2026-09-24T00:41:07+00:00,未分类,,,[],unclassified,2026-09-24T00:55:40.945021+00:00,glm-5.2,2026-09-10,
卢伟冰：大家对小米 18 Pro 系列透明版认可度很高，首批备货快速售罄,2026-09-23,"感谢IT之家网友
9 月 23 日消息，在今晚的小米秋季新品发布会上，小米 18 Pro 系列透明特别版手机，9999 元起。
据介绍，小米 18 Pro 系列透明特别版采用时尚红色设计，微米级膜片打造立体浮雕质感，前后屏透明壁纸，艺术化呈现机身内部结构。
IT之家注意到，小米集团合伙人 / 总裁、手机部总裁、小米品牌总经理卢伟冰刚刚发文，
称大家对小米 18 Pro 系列透明版认可度很高，首批备货快速售罄
IT之家附小米 18 Pro 系列透明特别版手机各版本价格如下：
Pro 透明特别版 16GB+1TB 售价 9999 元；
Pro Max 透明特别版 16GB+1TB 售价 10999 元。
小米 18 Pro 系列透明特别版手机发布，9999 元起
小米 18 Pro 系列手机新品发布会专题",full,,dom_or_structured_full_text,,https://www.ithome.com/1/006/480.htm,IT之家,综合媒体,科技新闻,2026-09-24T00:41:08+00:00,未分类,,,[],unclassified,2026-09-24T00:55:40.945021+00:00,glm-5.2,2026-09-10,
小米穿戴产品首次：小米手环 11 率先上线重庆畅通卡・交通联合版,2026-09-23,"IT之家 9 月 23 日消息，博主 @懒酱的日记本 刚刚透露，小米手环 11 率先上线了重庆畅通卡・交通联合版。值得一提的是，这也是小米穿戴类产品首次上线重庆公交卡（手机端此前已支持）。
全新小米手环 11 已于本月初发布，首发澎湃 OS 4 系统、至高 21 天续航，采用大曲率圆润机身设计，升级专业睡眠 HRV、高精度心率血氧传感器，首销到手价 289 元起。
IT之家注：重庆畅通卡・交通联合版属于全国交通一卡通互联互通卡，除重庆主城区外（主城区刷卡可享折扣优惠），还可以在支持全国互联互通的城市使用（已支持全国 300+ 城市），使用时需以当地运营企业发布的使用范围及票制票价政策为准。
重庆交通卡本地优惠政策
- 畅通普通卡、开通电子钱包功能的成人优惠卡，乘车可享受单程票价 9 折优惠
- 在重庆主城区范围内，在公共汽车与公共汽车之间，在公共汽车及长江索道、两路口电动扶梯、凯旋电梯与轨道交通之间，实行一小时免费・优惠换乘；乘客需持同一张公交 IC 卡普通卡 (畅通卡)，消费电子钱包金额时，在 1 小时内可享受 1 次免费・优惠换乘；公共汽车从第 1 次刷卡开始计时，1 小时内“免费・优惠换乘”轨道交通或公共汽车 1 次; 轨道交通从出站闸机刷卡开始计时，1 小时内“免费・优惠换乘”公共汽车 1 次
- 免费优惠金额不超过首次刷卡票价金额，最高幅度为 2 元 / 次。即：首次刷卡 1 元的，免 1 元；首次刷卡 1.5 元的，根据实际应付票价相应免 1 元或 1.5 元；首次刷卡 2 元或超过 2 元的，根据实际应付票价相应免 1 元、1.5 元或 2 元
- 现金购票的不享受一小时免费・优惠换乘优惠
- 乘客在享受免费・优惠换乘时，超出“免费・优惠”的部分仍需据实支付，不再享受 9 折优惠
- 超过 1 小时刷卡换乘或 1 小时内已享受过一次轨道交通与公共汽车或公共汽车之间免费换乘优惠的，需重新购票。",full,,trafilatura_full_text,,https://www.ithome.com/1/006/478.htm,IT之家,综合媒体,科技新闻,2026-09-24T00:41:10+00:00,未分类,,,[],unclassified,2026-09-24T00:55:40.945021+00:00,glm-5.2,2026-09-10,
Supermicro 启动英伟达 Vera Rubin NVL72 机架出货,2026-09-23,"感谢IT之家网友 华南吴彦祖 的线索投递！
IT之家 9 月 23 日消息，服务器制造商 Supermicro（超微）当地时间今日宣布，该企业已开始出货 NVIDIA（英伟达）Vera Rubin NVL72 机架系统。
Supermicro 基于 Vera Rubin NVL72 打造了完整的 DCBBS（数据中心构建模块解决方案），包括液冷算力机架本身、1.8MW 行内 CDU（冷却分配单元）、可选配的热后门交换器、基于 NVIDIA 参考架构的网络集成和布线服务。
该企业的 Vera Rubin NVL72 DCBBS 蓝图支持从 5MW 到 GW 级别的功率范围。其单个可扩展单元蓝图覆盖 16 个算力机架，提供 1,152 个 Rubin GPU 和 331TB HBM4 内存，以及配套的散热、供电、存储、网络设施。",full,,trafilatura_full_text,,https://www.ithome.com/1/006/477.htm,IT之家,综合媒体,科技新闻,2026-09-24T00:41:11+00:00,AI与智能科技 > AI硬件层 > 计算集群,AI与智能科技,计算集群,"[{""path"":[""AI与智能科技"",""AI硬件层"",""计算集群""],""path_text"":""AI与智能科技 > AI硬件层 > 计算集群"",""confidence"":0.85,""reason"":""核心事件是英伟达 Vera Rubin NVL72 GPU 机架系统出货，属AI算力集群基础设施""},{""path"":[""AI与智能科技"",""AI硬件层"",""数据中心""],""path_text"":""AI与智能科技 > AI硬件层 > 数据中心"",""confidence"":0.7,""reason"":""涉及液冷机架、CDU 及数据中心构建模块方案的整体交付""}]",classified,2026-09-24T00:55:40.945021+00:00,glm-5.2,2026-09-10,
小米秋季新品发布会一文汇总：18 Pro 系列登场、透明版时隔 6 年回归、平板手环手表齐上新,2026-09-23,"小米 18 Pro 系列，来了！就在今天（9 月 23 日）19:00，小米秋季新品发布会如期举行。
本场发布会的主角自然是全新小米 18 Pro，双尺寸旗舰正式登场；同台亮相的还有小米平板 9 系列、小米手环 11 三彩釉陶瓷版、小米手表 S5 41mm，以及一众生态科技新品。
接下来，IT之家小编就带大家盘一盘，小米这波新品到底有哪些亮点。
一、小米 18 Pro 系列
先把目光拉回小米 18 Pro 系列。还是熟悉的双尺寸，但这一代从里到外，升级幅度可不小。
设计上，新一代自研屏幕封装工艺安排上了，极窄四等边框直接压到 0.99mm；中框采用大微弧四曲设计，R 角弧面宽度较上代至高增加 37.7%；背屏也还在，并且升级成了一体式纯平。
配色一共四款，除了主打的“星河蓝”，还带来冰桃粉和经典黑白双色。
性能的全面升级这次是重头戏，卢伟冰直接放话：“牙膏挤爆了。”小米 18 Pro 系列全球首发高通新一代骁龙旗舰移动平台。
其中，小米 18 Pro 首发第六代骁龙 8 至尊版，小米 18 Pro Max 首发第六代骁龙 8 超级至尊版，两颗芯片均基于最新一代 2nm 旗舰制程。
具体来看，第六代骁龙 8 至尊版的 CPU 主频直接拉到 5GHz，移动平台历史最高；GPU 性能提升 35% 的同时，功耗降低 40%；NPU 推理性能提升 80% 之余，综合算力再提升 15%。
至于第六代骁龙 8 超级至尊版，CPU 主频同样是 5GHz，也是移动平台历史最高；不仅采用全新一代 GPU / NPU 架构，还用上先进 OFFSET PoP 高导热芯片封装，并叠加新一代环形冷泵散热。
性能拉满的同时，小米 18 Pro 系列在体验上也没打算将就。
电池这块，全系搭载新一代小米金沙江电池，硅含量高达 32%；小米 18 Pro 电池容量 7000mAh，小米 18 Pro Max 更是干到 8500mAh，支持 100W 有线秒充 + 50W 无线秒充。
超宽频赛博马达、三扬声器立体声、UWB 超宽带互联、IP66/68/69 防尘防水，也全都安排上了。
前几天的预热里，IT之家小编就发现不少网友对小米 18 Pro 系列的屏幕格外上心。事实证明，小米这回确实没辜负期待。
小米 18 Pro 屏幕尺寸 6.4 英寸，小米 18 Pro Max 则来到 6.9 英寸。全新超级像素屏幕步入 2.0 时代，采用全新 M11 发光体系和新型绿色发光材料，峰值亮度达 4000nits，支持 BT.2020 超广色域。
更关键的是，这块屏幕还搞了个创新硬件级智能防窥，开关随时精准控制 —— 防窥开启时显示依旧清晰锐利，关闭后正视角度无损。
支持隐私应用自定义，应用进入防窥列表后，通知、小窗、多任务状态都能做到防窥区域像素级跟踪；支持超级小爱，个性化防窥规则设定；创新自定义 AI 键，还能一键快速实现全局防窥。
影像向来是小米旗舰的杀手锏，这次小米 18 Pro 系列还是招牌的“全焦段徕卡光学三摄”，主打“双 2 亿”—— 徕卡 2 亿主摄 + 徕卡 2 亿长焦。
硬件到位的同时，还首发“传奇一瞬”大模型影像，端侧直拍、云端处理，支持端侧 + 云端双管线并行。
此外还支持 AI 帮拍功能：拍摄前可自动识别地理位置，推荐热门机位；拍摄时支持智能构图、分析画面，匹配最佳滤镜，还能智能引导拍照姿势，让被拍摄者更显自然。
妙享背屏当然还是小米 18 Pro 系列的特色，不仅可以使用背屏主摄自拍，背屏还支持动态通知。
这次的 AI 百变背屏可打造百变“痛机”，还可拍照生成专属壁纸。
背屏还支持多样背屏应用卡，首批上线 100+ 背屏应用卡，包含快捷小工具、信息通知栏、解压小游戏，还支持 AI 自定义生成。
系统这块，小米 18 Pro 系列自然是搭载澎湃 OS 4，生命感美学设计再升级。
内置由 Xiaomi MiMo 大模型驱动的超级小爱 2.0，通过首个全生态系统级智能体认证，支持一键记忆、自主思考、复杂执行；还能跨设备互通，平板、PC 直接处理手机数据。
此外，与苹果生态互联更便捷，支持跨端解锁、消息互通、云相册同步；可与 iPhone 贴贴快速分享照片、视频等文件；新增 Apple Watch 互联，电话、通知随时接收；还能同步和查看运动健康数据。
小米 18 Pro
- 12GB+256GB：5999 元
- 12GB+512GB：6999 元
- 16GB+512GB：7999 元
- 16GB+1TB：8999 元
小米 18 Pro Max
- 12GB+256GB：6999 元
- 12GB+512GB：7999 元
- 16GB+512GB：8999 元
- 16GB+1TB：9999 元
二、小米 18 Pro 系列透明特别版
除了小米 18 Pro 系列的常规版本，小米还带来了透明特别版，这也是透明版时隔 6 年后回归。
透明特别版采用时尚红色设计，微米级膜片打造立体浮雕质感；前后屏透明壁纸，艺术化呈现机身内部结构。
并且还特别定制透明版红色充电器、数据线、包装礼盒。
价格方面，Pro / Max 各只提供 16GB+1TB 版本，售价分别为 9999 元和 10999 元。
三、小米平板 9 系列
在小米 18 Pro 系列发布完毕后，紧接着登场的是小米平板 9 系列。
具体来看，小米平板 9 配备 11.2 英寸的屏幕，提供冰桃粉、云杉绿、黑、银四种配色；搭载第四代骁龙 8s 芯片、内置 9720mAh 大电池。
小米平板 9 Pro 则采用 12.5 英寸大屏，提供云杉绿、黑、银三种配色；配备第五代骁龙 8，内置 11000mAh 大电池。
全系搭载小米澎湃 OS 4，适配 PC 级专业应用，升级 AI 笔记。
- 8GB+128GB ：2999 元
- 8GB+256GB ：3299 元
- 8GB+256GB 柔光版：3499 元
- 12GB+256GB ：3799 元
小米平板 9 Pro
- 8GB+128GB ：3799 元
- 8GB+256GB ：4099 元
- 12GB+256GB ：4599 元
- 12GB+256GB 柔光版：4799 元
- 16GB+256GB ：4999 元
四、小米手环 11 三彩釉陶瓷版
在本场发布会中，小米还为小米手环 11 新增一个特殊的版本 —— 三彩釉陶瓷版。
三彩釉陶瓷版的灵感来源于上海博物馆藏彩色釉陶马，景德镇工艺出品，搭配精密复合编制表带。
其核心配置和常规版看齐，采用 2mm 超窄四等边设计，配有 1.72 英寸 AMOLED 屏，峰值亮度可达 2000nits；内置小米澎湃 OS 4，腕上即可控制米家产品、小米汽车；支持 5ATM 防水、21 天续航，支持 NFC 离线支付。
功能方面，支持睡眠 HRV 监测，并可通过 AI 来完成睡眠解读、建议；支持全维度运动健康监测，涵盖心率、血氧、压力、女性健康等项目，提供超 150 种运动模式。
价格方面，小米手环 11 三彩釉陶瓷版售价 499 元。
五、小米手表 S5 41mm
除了小米手环 11 迎新版，小米还推出了 Watch S5 41mm 智能手表。
作为全新小尺寸时尚智能腕表，小米手表 S5 41mm 新增陶瓷表圈、灵动表耳、钻石型表冠，续航至高 14 天，提供陶瓷白、海盐蓝、黑色三款配色。
运动健康全面升级，特别为女性升级了全新的健康功能：
- 三颗温度传感器布局，精准预测生理周期
- 根据生理周期变化，智能推荐运动强度
- 结合消耗计算热量缺口，科学管理饮食
- 双波段紫外线预测，精准防晒更有效
首发手表端小米澎湃 OS 4，支持全新萌宠表盘，可联动时间与天气，能感知压力起伏，拥有四款全新萌宠形象。
同时可深度联动小米汽车，新增主动提醒功能；可与小米智能门锁联动，显示门锁摄像头画面；升级表端微信 App，支持语音转文字；内置表端超级小爱，支持百科问答、便捷语音操控。
价格方面，氟橡胶表带款售价 1299 元，真皮表带款售价 1499 元。
六、小米手表 S5 透明版
不光手机有透明版，手表也有，小米手表 S5 透明版同步上市，限量 5000 台，售价 2499 元。
小米手表 S5 透明版采用透明中框设计，覆盖小米龙晶玻璃 3.0 一体精雕，表径尺寸为 47mm ，搭配优雅精钢表圈。
关于这场小米秋季新品发布会，IT之家小编就先盘到这儿。生态科技新品这里就不一一细说了，感兴趣的朋友可以移步IT之家 App 查看资讯报道。
至于“消失”的小米 18 标准版，卢伟冰也明确说了“后面会单独发”，所以还得再耐心等等。",full,,trafilatura_full_text,,https://www.ithome.com/1/006/476.htm,IT之家,综合媒体,科技新闻,2026-09-24T00:41:13+00:00,未分类,,,[],unclassified,2026-09-24T00:55:40.945021+00:00,glm-5.2,2026-09-10,
SpaceXAI 智能体 Grok Bot 上线首月，周用户数突破 40 万,2026-09-23,"感谢IT之家网友
9 月 23 日消息，据彭博社 22 日报道，SpaceXAI 的 AI 智能体 Grok Bot 上线约一个月，周用户数便已突破 40 万。
据伦敦一场活动的演示材料和与会人士透露，截至 9 月 14 日，
Grok Bot 用户数达到 41.8 万
。彭博社看到的材料显示，用户数较前一周增加 24%。
SpaceX 的 AI 部门于 8 月中旬推出 Grok Bot，希望在不断扩大的 AI 智能体市场上跟上 Anthropic 和 OpenAI。Grok Bot 的定位更像一名
全天候待命的员工
，而不只是聊天机器人，可以
回复邮件、更新销售数据库、处理发票、安排工作，以及提交软件错误报告
本周，Meta 的 Muse 登顶苹果 App Store 免费应用榜，令华尔街聚焦 AI 智能体的市场潜力。Muse 初期吸引用户的表现，让分析师联想到
ChatGPT 在 2022 年底迅速走红
Muse 主要面向消费者，提供免费下载。SpaceXAI 则把 Grok Bot 定位为企业工具，搭配不同档位的 AI 订阅套餐提供，同时推出独立应用。据彭博行业研究，Muse 的下载量
比 SpaceXAI 的工具多 4 倍
过去三个月，SpaceXAI 积极争取在 AI 领域取得进展。斥资 600 亿美元
（IT之家注：现汇率约合 4,028.08 亿元人民币）
收购 AI 编程初创公司 Cursor 后，公司继续推进新模型和智能体的发布。
两家公司 7 月推出 Grok 4.5，主攻编程、金融和法律任务，使用成本低于其他竞品。SpaceXAI 又于本周早些时候发布 Grok 4.7，目标是让模型能够更持久地处理难度更高的任务。",full,,dom_or_structured_full_text,,https://www.ithome.com/1/006/475.htm,IT之家,综合媒体,科技新闻,2026-09-24T00:41:15+00:00,AI与智能科技 > AI软件层 > 工程改进,AI与智能科技,工程改进,"[{""path"":[""AI与智能科技"",""AI软件层"",""工程改进""],""path_text"":""AI与智能科技 > AI软件层 > 工程改进"",""confidence"":0.85,""reason"":""核心事件是AI智能体Grok Bot上线及用户增长，属AI应用工程与智能体产品""}]",classified,2026-09-24T00:55:47.736024+00:00,glm-5.2,2026-09-10,
“2026中国民营企业500强”发布,2026-09-23,"9月22日，全国工商联在天津发布“2026中国民营企业500强”。结果显示，京东集团、阿里巴巴(中国)有限公司、恒力集团有限公司位居前三。
记者了解到，今年全国工商联组织开展第28次上规模民营企业调研，共有6350家2025年营业收入10亿元以上的企业参加，其中营业收入前500位的企业为“2026中国民营企业500强”。
根据调研结果，民营企业500强营业收入总额44.93万亿元，户均898.51亿元，较上年增长4.35%;净利润1.83万亿元，户均36.52亿元，增长1.31%;纳税总额达1.30万亿元，纳税额超过10亿元的企业有254家，占500强比例为50.80%。",full,,dom_or_structured_full_text,,https://www.china5e.com/news/news-1209703-1.html,中国能源网,综合新能源,能源经济,2026-09-24T00:43:18+00:00,未分类,,,[],unclassified,2026-09-24T00:55:47.736024+00:00,glm-5.2,2026-09-10,
生态环境部：推动固体废物和新污染物治理取得新成效,2026-09-23,"溶洞垃圾污染整治等5大专项行动取得积极进展
生态环境部固体废物与化学品司司长钟斌介绍，截至今年8月底，针对固体废物领域5方面突出问题开展的专项整治行动取得积极进展：
全国非法倾倒处置固体废物专项整治行动共排查问题6.2万余个，完成整改4.9万余个，清理各类固体废物6000余万吨；
溶洞垃圾等固体废物污染问题专项调查整治取得阶段性进展，已建立溶洞清单，共有溶洞9.4万余个，排查溶洞8.6万余个，发现污染问题8775个，整改完成5143个，清理处置垃圾等8.2万吨，有效治理垃圾“洞里藏”问题；
磷石膏库环境风险隐患排查整治聚焦云南等五省一市，共查清有磷石膏库155座，已基本完成整治46座（清空6座、原位整治28座、闭库12座），正在开展整治105座，4座正在开展前期工作；
重点地区如期完成涉重金属污染源排查和环境风险评估，共查明污染源1万余个，各地积极编制整治方案并推进实施；
生活垃圾填埋场排查治理已完成填埋场风险等级评估，各地排查3819座填埋场，评定高风险53座、中风险330座、低风险1172座和基本无风险2264座。目前，各地基本完成中、高风险填埋场“一场一策”治理方案制定，积极筹备治理工作。
推动“新三样”固体废物循环利用和污染防治
当前，退役光伏组件、风机叶片、动力电池等“新三样”固体废物量持续增长。钟斌介绍，生态环境部联合有关部门持续完善相关环境监管体系。
在完善法规政策方面，生态环境法典明确从事风电、光伏发电建设运营企业的退役设备处理责任，应当自行或者委托具备条件的企业对退役风电机组叶片、光伏组件等进行循环利用或者无害化处置；明确了动力电池生产者责任延伸制度，要求生产者按照国家规定，以自建或者委托等方式建立与产品销售量相匹配的废旧产品回收体系，履行回收和利用责任。相关部门密切配合，制定出台了退役光伏组件、风电设备、动力电池回收利用的相关政策，初步建立起全生命周期闭环管理体系。
同时，生态环境部牵头制定污染防治相关标准，并针对非法处理情况，加大监管执法力度，倒逼退役设备流向正规利用处置渠道。
钟斌说，生态环境部将积极推动“新三样”固体废物循环利用和污染防治，重点是针对不再用于发电用途的退役光伏组件、风电设备，按照工业固体废物强化监管。针对退役动力电池，配合有关部门落实生产者责任延伸制度，推动更多退役动力电池进入正规回收渠道。要加强回收利用企业常态化执法监管，打击污染严重的非法拆解处置退役设备行为。
新增100个左右城市开展“无废城市”建设
钟斌介绍，“十四五”期间，共113个地级及以上城市和8个其他地区扎实开展“无废城市”建设，取得积极进展，特别是加速补齐固体废物治理能力不足短板。此外，建设“无废细胞”约5.9万个，覆盖园区、企业、社区、学校等多场景。
他表示，下一步，要进一步深化“无废城市”建设。加强与美丽中国先行区、美丽城市、美丽乡村、生态文明示范区等工作衔接，综合考虑地方意愿和能力，会同相关部门新增100个左右城市开展“无废城市”建设，为2035年实现全覆盖打下扎实基础。
同时，坚持指标引领，推动建成一批“无废城市”。以设施基本无缺口、监管基本无盲区、固体废物基本无倾倒为主要思路，研究构建“无废指数”评价体系，建立过程评估、通报和动态退出机制，推动建设取得实效。编制“无废细胞”建设指导文件，优先解决群众身边的突出问题。
“十五五”重点加强新污染物协同治理
新污染物来源比较广泛，治理难度比较大。钟斌介绍，落实《新污染物治理行动方案》，我国有效管控突出环境风险，评估确定并发布首批14种类重点管控新污染物，逐一明确并实施禁止、限制、限排等环境风险管控措施。严格新化学物质环境管理登记，引导企业开发危害低、风险小的化学品。持续提升监管水平，查处一批违法生产、进出口新污染物案件。不断完善制度标准，并深度参与全球治理。
他表示，“十五五”期间，生态环境部将会同有关部门依法加快建立新污染物协同治理和环境风险管控体系，重点加强新污染物突出问题协同治理，动态更新重点管控新污染物清单及其禁、限等措施；实施一批新污染物协同治理示范项目。
同时，要强化能力建设和支撑，建设国家和流域性新污染物治理技术中心，统筹开展新污染物环境调查、毒理等危害评估、暴露评估和风险评估，精准锚定应当重点管控的新污染物；实施好国家重点研发计划中的新污染物治理防控关键技术重点专项。",full,,dom_or_structured_full_text,,https://www.china5e.com/news/news-1209701-1.html,中国能源网,综合新能源,能源经济,2026-09-24T00:43:30+00:00,零碳产业 > 物质循环 > 资源回收利用与排放治理 > 固废处理,零碳产业,固废处理,"[{""path"":[""零碳产业"",""物质循环"",""资源回收利用与排放治理"",""固废处理""],""path_text"":""零碳产业 > 物质循环 > 资源回收利用与排放治理 > 固废处理"",""confidence"":0.9,""reason"":""核心是固体废物和新污染物治理专项行动进展""},{""path"":[""零碳产业"",""物质循环"",""资源回收利用与排放治理"",""物质回收""],""path_text"":""零碳产业 > 物质循环 > 资源回收利用与排放治理 > 物质回收"",""confidence"":0.75,""reason"":""重点部署退役光伏组件、风机叶片、动力电池等循环利用""}]",classified,2026-09-24T00:55:47.736024+00:00,glm-5.2,2026-09-10,
煤炭大省会议释放4个信号：保供优先，严控无序增产,2026-09-23,"据行业最新消息，国内产煤第一大省于近日召开了煤炭安全稳产稳供专题会议，后续还将正式下发相关通知。
从会议内容来看，当前煤炭工作的重点并不是简单扩大产量，而是在确保安全生产的前提下，优先保障民生和电煤供应，同时稳妥推进部分煤矿复产、储备产能审批以及超产矿井处置。整体来看，会议释放出四个比较明确的信号。
会议指出，目前全省煤炭保供压力总体可控，安全生产形势总体平稳。下一步将继续落实相关部委的工作要求，把民生用动力煤保障放在首要位置，同时兼顾部分无烟煤和炼焦煤矿的供应。
对于省属大型煤矿，以及证照齐全、安全验收合格的矿井，前期已经基本做到“应复尽复”。接下来，相关煤矿仍需进一步落实长协履约责任，确保重点用户和民生用煤供应稳定。这意味着，政策层面仍然重视煤炭供应，但保供并不等于全面放开增产。后续供应释放仍要建立在安全、合规和长协履约的基础上。
会议再次强调，要坚持“严禁带病复产”的原则，防止违规复产、超能力生产等问题重新出现。严控超产，短期不会鼓励矿井一哄而上。除了处理现有矿井的复产和超产问题，会议还提出要摸排全省储备产能潜力，加快推进符合条件的储备产能审批和投产工作。在确保安全可控的前提下，相关部门将提前评估部分具备增产潜力的矿井，为2027年产能核增做好准备。这说明，政策并非完全限制煤炭产能释放，而是希望把增产安排纳入更规范、更长期的产能管理体系。符合条件的矿井，可以提前做好评估、审批和技术准备，但实际投产仍要按照程序推进。
这次会议释放的核心信号可以概括为三点：
第一，民生和电煤保供仍然优先，长协履约责任不会放松;
第二，煤矿复产必须以安全和合规为前提，严禁带病复产;
第三，后续可以释放部分产能，但必须经过审批、评估和限额管理，不能一哄而上。
因此，短期煤价是否上涨，不能只看这场会议本身，煤炭宝认为还要结合港口库存、下游日耗、钢材成交、焦炭价格以及煤矿实际复产进度综合判断。
从政策方向来看，煤炭供应端并没有全面收紧，也没有全面放开，而是继续在“稳供应”和“保安全”之间寻找平衡。后续市场真正需要关注的，是政策落地后有多少产能能够实际释放，以及下游需求能否同步跟上。",full,,dom_or_structured_full_text,,https://www.china5e.com/news/news-1209733-1.html,中国能源网,综合新能源,能源经济,2026-09-24T00:43:39+00:00,零碳产业 > 能量转化 > 能源测 > 一次能源转化 > 燃料转化（热/电） > 化石燃料,零碳产业,化石燃料,"[{""path"":[""零碳产业"",""能量转化"",""能源测"",""一次能源转化"",""燃料转化（热/电）"",""化石燃料""],""path_text"":""零碳产业 > 能量转化 > 能源测 > 一次能源转化 > 燃料转化（热/电） > 化石燃料"",""confidence"":0.88,""reason"":""核心事件是煤炭保供与产能管控政策，属化石燃料领域""}]",classified,2026-09-24T00:55:47.736024+00:00,glm-5.2,2026-09-10,
市场恐高情绪渐起，国际煤炭价格整体走弱,2026-09-23,"过去一周，国际煤炭市场供应扰动情况仍在，但随着前期价格持续上升，市场恐高情绪渐起，煤价呈现整体回落态势。澳大利亚高卡煤报价因中国需求转弱而松动;与此同时，印尼因主要矿商宣布不可抗力及内河水位偏低，现货供应依旧紧张，但政府基准价(HBA)反而连续下调。
需求侧分化加剧，中国国内煤价在前期冲高后企稳回落，进口煤采购趋于谨慎;印度电厂库存仍处临界水平，但买家对海运煤高报价抵触明显，实际成交有限;日韩买家继续维持刚需采购节奏，欧洲天然气价格走软削弱了煤电经济性。整体来看，市场从前期供应担忧推动的上涨，逐步转向对需求承接能力和政策变化的观望。
—— 供应端 ——
过去一周，印尼煤炭市场供应侧紧张局面仍较为突出。因采矿工作计划和预算(RKAB)生产额度仍未获政府批准，有当地生产商宣布不可抗力，部分远期煤和现货供应暂停。
据市场参与者表示，截至上周晚些时候，印尼3800大卡巴拿马型煤离岸价报80美元/吨以上，较前一周价格重心略有回落。
截至9月18日，CCI3800大卡煤离岸价为76.5美元/吨，较前一周下降1.5美元/吨，较上月同期上涨10美元/吨;CCI4700大卡煤离岸价为98.5美元/吨，较前一周下降1.5美元/吨，较上月同期上涨12.2美元/吨。
物流对供应侧带来的扰动仍然明显，印尼中加里曼丹和东加里曼丹河流水位下降导致驳船运输受限，部分生产商被迫推迟装期，并对部分交货宣布不可抗力。低卡煤高位之下，买家观望情绪较浓，市场等待印尼煤生产恢复的更明确信号。尽管政府下调下半月多数HBA参考价，但参与者认为这并不代表现货供应宽松。
据市场消息，此前因其未获得RKAB项下额外采矿配额批准，巴彦资源公司(Bayan Resources)于9月14日宣布不可抗力，已暂停10月及以后装运的合同和现货货物。不过据最新消息，印尼能源部已向煤炭开采商巴彦资源公司(Bayan Resources)的三家子公司额外分配约1500-2000万吨煤炭生产额度。
与此同时，Jhonlin Baratama同意收购巴彦资源约30%股份，Low Tuck Kwong出售100亿股，市场关注新股东能否推动RKAB审批及对后续现货供应的影响。
过去一周，远东港口高卡动力煤价格有所上涨，需求主要来自亚洲买家，在印尼供应减少和相比澳煤存在折扣的背景下，俄罗斯煤仍有一定竞争力。
截至9月18日，CCI俄罗斯5000大卡煤远东港离岸价为9.5美元/吨，较前一周上涨2美元/吨，较上月同期上涨9美元/吨;CCI俄罗斯5500大卡煤离岸价108美元/吨，较前一周上涨2美元/吨，较上月同期上涨9美元/吨。
因印尼供应减少以及澳大利亚煤炭价格回落，亚洲买家对俄煤的需求依然旺盛。同时，随着运费上涨，波罗的海港口煤价出现小幅下跌，而南部港口报价暂稳运行。有市场人士预计，短期内俄煤价格或仍维持在当前水平附近，10月初价格走势将更多地取决于中东局势情况。
上周，澳大利亚煤炭价格高位回落，这与欧洲煤价下行走势以及中国国内市场弱稳趋势相一致。与此同时，印尼煤炭出口政策不确定性以及亚洲液化天然气价格高企对市场的影响依然存在。
截至9月18日，纽卡斯尔港5500大卡煤价格降至107美元/吨附近，周环比下降接近1.5美元/吨;6000大卡煤价格较前一周下降近5美元/吨，回落至143美元/吨附近。
周内澳大利亚动力煤基本面总体平稳，但纽卡斯尔即期货源报价因中国国内价格回落、高运费使进口煤在到岸基础上缺乏竞争力而走软，中国近期采购兴趣因此受抑，尽管台湾和韩国需求仍稳。整体来看，澳煤供应端未出现重大中断情况，但中国买家需求降温和海运费高企削弱了短期出口动能。
上周，南非高卡煤价格由本月早些时候创下的多年高位掉头回撤，买家对当前偏高的报价仍持抵触情绪。
截至9月18日，南非理查兹湾5500大卡煤离岸价较前一周下降约2美元/吨，回落至105美元/吨左右。同时，南非6000大卡煤离岸价下降近4美元/吨，至125美元/吨以内。
在海运市场印尼煤供应持续偏紧之下，印度直接还原铁生产商、以及巴基斯坦、孟加拉国、韩国和越南买家转而寻求其他来源煤，仍是南非出口市场的主要支撑因素，但随着煤价持续上行，许多终端用户对追高愈发谨慎，买卖价差扩大。
因投入成本和运费上升，供应商不愿明显下调报价，部分买家选择观望或购买部分货盘而非整船。运费上涨部分源于中东局势推升的燃料成本，进一步压制到岸经济性。市场参与者对后市看法分歧，有人认为随着印度预计结束，相关供应限制因素消退，对南非煤的需求或将进一步走弱。
—— 需求端 ——
过去一周，买家情绪明显转向谨慎。截至9月18日，CCI进口3800大卡煤炭中国南方港到岸价为88.5美元/吨，较前一周下降1.5美元/吨;CCI进口4700大卡煤炭到岸价为109.5美元/吨，较前一周下降1.5美元/吨;CCI进口5500大卡煤炭到岸价为129美元/吨，较前一周下降3美元/吨。
周初，国内电力和非电用户对进口煤仍有采购兴趣，但随着国内动力煤价格企稳并从高位回落，进口煤买盘逐步转弱。贸易商反映，中秋和国庆假期前沿海电厂有少量补库询盘，但出价对运费波动较为敏感，整体成交有限。
不过，主要港口和沿海电厂库存整体持稳，终端买家补库紧迫性不高。截至9月20日，沿海六大电厂煤炭库存量为1431.5万吨，周环比增长1.03%，同比增长5.4%，电厂日耗较前一周下降1.78%，存煤可用天数维持在17天。
临近周末，华南沿海电厂对低卡进口煤的需求略有改善，高卡煤采购兴趣依旧低迷。随着市场判断国内煤供应将逐步改善，进口煤采购的紧迫性下降，情绪进一步走软。
近期，印度电厂煤炭库存低位运行，库存处于临界值的电厂数量持续攀升。这主要是受前期降雨影响国内煤炭生产、高价导致进口煤补充不足、以及雨季结束后国内用煤刚需回升等因素共同影响。
印度中央电力局(CEA)数据显示，截至9月20日，印度电厂煤炭库存为2288.3万吨，较前一周下降5.74%;存煤可用天数降至7.3天，而前一周为7.8天。当日，有75家电厂处于临界低库存状态，数量较前一周增加13家。
为补充库存，电力企业对海运煤的采购兴趣重燃，但由于印尼和南非供应商自身面临供应约束、报价高企，而买家出价明显低于报价，实际成交仍然有限。同时，卢比走弱进一步加剧买家的成本担忧。
水泥和电力行业需求继续释放，但为寻求更高的经济性，部分买家转向石油焦和其他替代品。政府数据显示，国内煤炭产量同比下降，而对电力、钢铁、海绵铁和水泥行业的发运量均有所上升。另外，印度电力企业因国内供应有限而增加进口煤采购，而国内拍卖价格上涨使进口煤更具竞争力。
过去一周，欧洲煤炭报价跟随天然气市场而回落，主要是受能源市场动态受获利了结、德国储气库积累的投机情绪以及霍尔木兹海峡航运仍受限等因素驱动。
截至上周晚些时候，欧洲ARA三港6000大卡煤到岸价较前一周下降近1.5美元/吨，至138美元/吨左右，但仍维持近期偏高水平。
上周，荷兰TTF天然气价格稳中小幅回落。截至9月18日，洲际交易所(ICE)TTF基准荷兰天然气2026年10月期货收于79.518欧元/兆瓦时，较前一周的79.52欧元/兆瓦时基本持平。
目前，欧洲ARA三港煤码头煤炭库存为404万吨，环比减少6.5万吨。10月初，来自哥伦比亚和南非的煤船预计将抵达阿姆斯特丹和鹿特丹港，届时ARA三港煤炭进口量将有所增加。
近期，德国燃煤发电量有所增加，而可再生能源发电量普遍下降。整体看，欧洲煤炭需求仍受天然气价格和冬季气温预期主导，短期采购节奏偏谨慎，但部分哥伦比亚供应商表示欧洲买家对即期和远期高卡货物需求坚挺，显示进口煤潜在需求仍存。",full,,dom_or_structured_full_text,,https://www.china5e.com/news/news-1209732-1.html,中国能源网,综合新能源,能源经济,2026-09-24T00:43:41+00:00,零碳产业 > 能量转化 > 能源测 > 一次能源转化 > 燃料转化（热/电） > 化石燃料,零碳产业,化石燃料,"[{""path"":[""零碳产业"",""能量转化"",""能源测"",""一次能源转化"",""燃料转化（热/电）"",""化石燃料""],""path_text"":""零碳产业 > 能量转化 > 能源测 > 一次能源转化 > 燃料转化（热/电） > 化石燃料"",""confidence"":0.88,""reason"":""核心是国际煤炭市场价格动态，属化石燃料领域""}]",classified,2026-09-24T00:55:47.736024+00:00,glm-5.2,2026-09-10,
我国战略找矿成果喜人,2026-09-23,自然资源部党组书记、国家自然资源总督察刘国洪9月22日在国新办“开局起步‘十五五’”系列主题新闻发布会上介绍，1至8月，全国探矿权出让成交金额同比增长133.5%，全国石油新增可采储量近7000万吨，天然气新增可采储量6100亿立方米。安徽茶亭铜金矿、贵州猪拱塘铅锌矿新增资源量达超大型规模。“十五五”期间，将统筹战略性矿产资源探、产、供、储、销，加快实施新一轮找矿突破战略行动，稳固战略性矿产产业链供应链安全。,full,,dom_or_structured_full_text,,https://www.china5e.com/news/news-1209716-1.html,中国能源网,综合新能源,能源经济,2026-09-24T00:43:45+00:00,零碳产业 > 物质循环 > 资源获取 > 勘探技术,零碳产业,勘探技术,"[{""path"":[""零碳产业"",""物质循环"",""资源获取"",""勘探技术""],""path_text"":""零碳产业 > 物质循环 > 资源获取 > 勘探技术"",""confidence"":0.9,""reason"":""核心是战略找矿突破行动与新增储量成果""}]",classified,2026-09-24T00:55:47.736024+00:00,glm-5.2,2026-09-10,
南网能源(003035)：提质增效持续推进 公司业绩稳步增长,2026-09-23,"业绩稳定增长，现金流持续改善。2026H1 公司实现营收17.39 亿元(yoy+8.48%)、归母净利润2.27 亿元(yoy+5.97%)，毛利率同比提升0.93pct 至36.01%，经营现金流同比+19.94%。
智慧能源业务提质增效，2026H1 毛利率提升1 个百分点。2026H1 智慧能源业务收入9.8 亿元，同比增长7.73%，实现毛利率49.66%，同比上升1 个百分点，主要受益于2025 年投产的智慧绿电能源站项目收益持续释放以及供冷热项目提质增效带来的毛利率提升，公司已明确不再新增持有智慧绿电项目，该板块未来增长或将依赖存量项目运营效率提升及多能协同转型。
节能业务持续增长，2026H1 毛利率提升1.32 个百分点。2026H1 公司节能倍增和服务倍增专项行动稳步推进，新增节能服务面积82.8 万平方米，中标佛山市禅城区全国首个公共机构虚拟电厂标杆项目，节能降碳业务收入4.5 亿元，同比增长1.19%，毛利率11.26%，同比上升1.32 个百分点。
综合能源利用收入逐步修复。2026H1 板块收入2.82 亿元，同比增长16.7%，但毛利率下降2.29pct 至28.03%。增长主要受藤县、赤水生物质项目启机运营后发电量增长带动，但毛利率下行说明生物质发电业务盈利质量仍偏弱。南能昌菱公司破产重整已获法院受理并指定管理人，不再纳入公司合并报表范围，预计增加公司2026年度净利润。
业务积极拓展至西南、华北、华东多地。2026H1 公司收入结构中，华南地区收入占比68%，西南地区收入占比12.6%，华东地区收入占比7.6%，华北地区收入占比7.8%，华中地区收入占比4%。随着公司业务持续拓展，公司位于华南地区以外的业务收入逐步释放。
盈利预测与评级：我们预计公司2026-2028 年归母净利润分别为3.8、4.2、4.7 亿元，同比增速分别为8.4%、12.0%、11.8%，当前股价对应的PE 分别为56、50、45 倍，我们取三峡能源、太阳能、三峡水利作为可比公司，可比公司2027 年平均PE 为20 倍，考虑到公司业绩稳健增长但估值处于相对高位，首次覆盖给予“增持”评级。
风险提示。政策风险、市场竞争加剧风险、资产处置不及预期风险",full,,dom_or_structured_full_text,,https://www.china5e.com/news/news-1209715-1.html,中国能源网,综合新能源,能源经济,2026-09-24T00:43:47+00:00,零碳产业 > 能量转化 > 能量分配与运输 > 虚拟电厂与电力交易,零碳产业,虚拟电厂与电力交易,"[{""path"":[""零碳产业"",""能量转化"",""能量分配与运输"",""虚拟电厂与电力交易""],""path_text"":""零碳产业 > 能量转化 > 能量分配与运输 > 虚拟电厂与电力交易"",""confidence"":0.72,""reason"":""公司业绩增长核心来自智慧绿电能源站与中标全国首个公共机构虚拟电厂标杆项目等智慧能源业务""},{""path"":[""零碳产业"",""能量转化"",""能源测"",""一次能源转化"",""燃料转化（热/电）"",""生物质燃料""],""path_text"":""零碳产业 > 能量转化 > 能源测 > 一次能源转化 > 燃料转化（热/电） > 生物质燃料"",""confidence"":0.68,""reason"":""综合能源利用板块增长主要由藤县、赤水生物质发电项目运营带动""}]",classified,2026-09-24T00:55:56.701398+00:00,glm-5.2,2026-09-10,
国家出手猛砸5万亿，这笔70年的欠账，终于要还了,2026-09-23,"城市的“地下血管”，正迎来一场大考?
就在今年5月国务院印发的《城市更新“十五五”规划》提出，未来五年投入约5万亿元，对约77万公里地下管网进行大规模建设改造。
相当于未来5年里，平均每天都砸下27亿元在地下管网，改造的管网总里程差不多能绕地球19圈。
在规划中，它还被列入国家重点布局的""六张网""，和水网、新型电网、算力网、新一代通信网、物流网摆在同一层级。
地下埋着的旧水管，凭什么能和最前沿的算力、通信网相提并论?
背后是一笔70年的欠账，终于要还了。
为什么国家对于地下管网的改造，显得如此紧迫?
一个很直接的原因是：时间不等人。
央视《一线调研》今年跟拍武汉的一次地下管网体检，曾记录下了令人担忧的一幕：
管道机器人下到地下，回传画面里一根污水管的管底被淤泥堵掉大半，实际排水能力还不到一半。
央视《一线调研》管道机器人下井检测武汉地下管网(图源：央视新闻)武汉全市体检，查出各类缺陷的排水管5610处。
注意，这可是武汉——长江汉江交汇、九省通衢，全国最需要排水的城市之一。
放眼全国，城市排水管网总长已达99.36万公里，而据清华同衡专家摸排，约有一半达不到“两年一遇”的排涝标准。
这笔账，到底是怎么欠下的?这得当年定下的排水标准说起。
当年给武汉设计排水标准，是按每小时33毫米的暴雨算的。武汉市政设计院副总工程师石亚军说，如今这个标准已经不够用——每小时30到60毫米的短时强降雨，现在一年能来好几次。
标准还停在过去，雨早就不是当年的雨，一来一回的落差，就可能酿成一场内涝。
建国初期，我们在技术上一穷二白，苏联模式是唯一答案。1953年到1957年，这套做法被引入城市规划，沈阳、南京、广州这些大城市都受苏联专家直接指导，相关标准后来被许多城市沿用。
问题是，苏联高寒少雨，排水标准是按照莫斯科的平均降水算出来的。而我们地处季风气候区，夏天一场暴雨就是泼水模式，完全不是一个档次。
而到了六七十年代，财政和材料都紧张。排水沟、砖砌暗渠、水泥管、陶土管，能用什么就用什么。很多今天看来早已“超龄服役”的设施，就是那个时候埋下去的。
真正的问题，发生在改革开放后的城市扩张期。
80年代建设提速，近20万公里的铸铁管、水泥管边盖楼边往地下铺;再后来城镇化率从30%冲到66%，几亿人进了城，城市一年长一圈。
地上的楼一年能盖起来，地下的管子却得一根一根埋，速度根本跟不上。几亿人先进了城，管网只能一边用一边补，一补就是四十多年。
城市建设有个先后顺序，叫“先地上、后地下”：
总得先让人住进去、让城市转起来。而地下管线埋在土里，看不见、摸不着，施工又比地上复杂，推进起来天然更慢。
2013年，国务院曾发文要求，用5年完成雨污分流、10年建成排水防涝体系。
这项工作至今仍在推进——地下管网牵一发而动全身，往往要破开已经盖满楼的马路，协调水、电、气、热、通信等多条管线，急不得。
2010年，住建部对全国351个城市做过一次排涝专项调研。结果显示，2008到2010年间，62%的城市发生过内涝，137个城市内涝超过三次;在发生内涝的城市里，最大积水深度超过50厘米的占到74.6%。
可是，半米深的水，就足以让一辆小轿车熄火抛锚了。
欠账还没还清，天上的雨已经变了。
2026年7月，沈阳中南部大暴雨，城区平均降雨346.8毫米，好几项雨量指标直接打破1951年有完整气象记录以来的极值。
连塔克拉玛干沙漠——干旱的代名词——都下了暴雨。2026年6月，沙漠南缘的和田24小时降下64.7毫米，一天的雨超过当地常年一整年，建站以来的纪录说破就破。
塔克拉玛干沙漠南缘和田降下罕见暴雨(图源：中国气象局)虽然不能简单归结为一个原因，但有一个越来越重要的共同背景：全球变暖叠加厄尔尼诺，正在把极端天气的频次和强度往上推。
国家气候中心监测，这一轮厄尔尼诺，赤道中东太平洋关键海区的海温，8月上半月已比常年偏暖2.64℃，预计11到12月达到峰值，大概率成为有记录以来最强的一次。
在它之前，这样的超强厄尔尼诺，1982年、1997年、2015年各出现过一次。
气候专家丁一汇曾提醒，我们已经进入极端天气事件明显增多的时期，未来几十年都得活在这样的底色之下。
有一个很简单的物理规律：
全球平均气温每升高1℃，大气大约可以多容纳7%的水汽。同样一盆水，过去一天倒下去，现在几个小时倒下去。
用旧图纸接新雨，这道考题，摆在了每一座城市面前。
《城市更新“十五五”规划》给出的，正是这道考题的答案。
在国家""十五五""重点布局的""六张网""里，城市地下管网占了一席——水网、新型电网、算力网、新一代通信网、城市地下管网、物流网。
地下管网是这六张网里最""底层""的一张：其他五张网是城市的神经和肌肉，而管网是血管——血管堵了，神经再发达也转不动。
仅今年一年，超长期特别国债就专项安排1600亿元用于管网改造，比去年还多250亿元。
这只是一个开始。未来五年，全国要建设改造约77万公里地下管网，总投资约5万亿元——摊在地图上差不多能绕地球19圈，平均每天投入约27亿。
每天27个亿，砸进一个普通人平时根本看不见的地方。背后的决心，相当强烈。
而且这一次，住建部要求“先体检后更新、无体检不更新”，地级以上城市和县级市全面开展城市体检，管道机器人、声呐、潜望镜先把地下的毛病摸清楚。
一批省份已建成省级城市生命线监管平台，地下管网的运行状态第一次可以被实时看到。
苏州工业园区1994年建区之初，先花六七年把地下管网铺好，再安心盖楼;巴黎的下水道前后修了一百多年，至今受用。
只是历史没给大多数中国城市这样的窗口，它们只能在已经盖满高楼的脚下，边跑边补。
我们最终要抵达的，从来不是一个宏大的数字，而是下一场暴雨到来时，人们不再措手不及的城市底线。",full,,dom_or_structured_full_text,,https://www.china5e.com/news/news-1209714-1.html,中国能源网,综合新能源,能源经济,2026-09-24T00:43:49+00:00,未分类,,,[],unclassified,2026-09-24T00:55:56.701398+00:00,glm-5.2,2026-09-10,
我国外贸动能向新结构向优,2026-09-23,"今年以来，我国外贸延续了良好的发展态势，动能向新、结构向优的特征更加明显，新动能不断释放。加速崛起的跨境电商、保税维修等外贸新业态新模式，正在成为拉动外贸增长的重要增量。
江苏连云港水晶储量占全国探明总量的70%以上，集聚着5000余家跨境电商店铺，是全球规模领先的水晶集散基地，每天有数百件水晶包裹经跨境电商出口监管仓完成查验后奔赴海外。
“连云港海关推动建成的东海跨境电商‘9610’出口集货中心，打通了跨境电商B2B出口、零售出口转关通道，我们可以灵活调配出货计划，还能在家门口完成报关查验，通关效率大幅提升，运营成本持续下降。”江苏连云港东海一家水晶产业公司的负责人说。
同样，新业态新模式也不断丰富着中欧班列通道的内涵。以广州国际港中欧班列为例，班列品类从传统普货拓展至跨境电商、国际邮包等专列，其中跨境电商专列实现常态化开行，保持平均每周1列的稳定发运节奏，今年前7个月发运电商货物货值已达去年全年总量的近3倍。
在宁波舟山港梅山港区百捷临港监管仓库内，机电配件、家居五金、节庆用品等各类散货整齐码放。在宁波海关所属梅山海关的监管下，查验、放行、装箱，全程高效运转，满载货物的集装箱船整装待发，将驶向全球各地。随着外贸市场格局持续变化，市场采购、跨境电商等新业态保持高速发展态势，外贸订单呈现小批量、多批次、快周转的行业新趋势。为优化口岸营商环境，便利企业更加灵活高效集拼出口，宁波海关以改革小切口撬动出口大便利，持续推进“先查验后装运”监管模式创新。今年1至8月，宁波海关监管“先查验后装运”模式下出口拼箱共14.2万标箱，货值超626.5亿元。
数据显示，今年上半年，跨境电商进出口规模达到1.45万亿元，带动就业超过1000万人，跨境电商+人工智能的渗透率持续提升，有关机构测算，跨境电商企业的AI应用率超过60%。跨境电商AI应用全方位升级，从传统的选品、智能客服，延伸至商品刊登、广告投放、物流履约、风险管控、退换货决策等核心环节。
外贸增长的活力同样体现在“保税+”新业态。今年前8个月，我国保税物流进出口规模接近6万亿元，增长42.3%。在江苏，今年7月首单“保税维修成品转加工再出口”业务在无锡高新区综合保税区顺利落地，全程无需跨境申报，物料流转时效缩短90%，综合物流成本下降九成以上。同时，新模式帮助制造企业抓牢海外客户资源。据南京海关所属昆山海关统计，今年1至8月，昆山综保区保税维修业务进出口37.8亿元，同比增长19.8%。
“在科技创新和产业升级的带动下，高技术、高附加值产品成为外贸的主要增长引擎。”商务部对外贸易司司长杨涛指出，今年前8个月，机电产品进出口达到19.1万亿元，增长24.9%。其中，集成电路进出口增长68.1%，电脑及零部件进出口增长60.5%;工业机器人、3D打印机等高技术产品也实现了较快增长。“中国智造”为全球数字经济和智能经济发展提供了有力支撑。
绿色低碳成为中国外贸发展的鲜明底色。当前，全球绿色转型进程持续推进，中国的绿色产品正好契合了各国的发展需求。今年前8个月，电动汽车、锂电池、光伏等产品进出口同比增长约40%，风力发电机组、绿色船舶、节能环保装备等产品的订单也在稳步增长，满足了相关国家绿色发展需要。",full,,dom_or_structured_full_text,,https://www.china5e.com/news/news-1209711-1.html,中国能源网,综合新能源,能源经济,2026-09-24T00:43:51+00:00,未分类,,,[],unclassified,2026-09-24T00:55:56.701398+00:00,glm-5.2,2026-09-10,
专家解析中国民营企业500强报告：制造业已成为“质的引擎”,2026-09-23,"“民营企业500强中，制造业企业以约51%的资产创造了约72%的营收、约60%的净利润，贡献约71%的研发投入。其在民企中的角色已从‘量的主体’升级为‘质的引擎’。”中国民营经济研究会研究员李志起22日接受中新社采访时表示。
当天，全国工商联在天津发布“2026中国民营企业500强”榜单及《2026中国民营企业500强调研分析报告》。共有6350家2025年营业收入10亿元(人民币，下同)以上的企业参加调研，其中营业收入前500位的企业为“2026中国民营企业500强”。
该报告显示，2025年，制造业企业数量占比达70.6%。国拓国际投资管理(北京)集团有限公司董事长赵阳注意到，这一比重较往年有所提升。“这一变化离不开国家持续推进制造强国战略、坚持高质量发展。”他在受访时表示，未来民营企业应紧跟国际形势与国家战略布局，做强实业、提质增效。
在李志起看来，民企500强中，制造业企业数量占比增长，也是中国民营经济结构优化的力证。他指出，制造业企业研发费用增长11.2%，说明企业把大量利润投入研发和产能升级，有助于积累企业的长期竞争力。
报告提到，民营企业500强中实际填报企业的研发费用总额达1.26万亿元，拥有84.87万件有效专利，60.6%的企业已制定数字化转型与人工智能应用战略规划。中大控股集团有限公司董事长彭国禄对此印象深刻。他表示，这说明民营企业对科技投入的重视程度显著提升，也紧扣当前新质生产力发展要求。
“82家企业已布局112个未来产业项目，涉及具身智能、氢能和核聚变能、生物制造等细分领域”，李志起引述报告内容指出，这说明头部民企的视野正从“追赶型创新”扩展到“引领型探索”。
“研发投入是逆周期布局的关键。”他表示，头部企业在利润承压时仍加码研发，中小企业也应量力而行、聚焦细分领域做到极致，在“龙头出题、中小企业答题”的协同生态中找到不可替代的位置。",full,,dom_or_structured_full_text,,https://www.china5e.com/news/news-1209708-1.html,中国能源网,综合新能源,能源经济,2026-09-24T00:43:52+00:00,未分类,,,[],unclassified,2026-09-24T00:55:56.701398+00:00,glm-5.2,2026-09-10,
绝非可有可无!“十五五”用钢需求仍超8亿吨!,2026-09-23,"“未来十年，中国国内用钢需求总体呈波动下降趋势，‘十五五’时期用钢需求仍然保持8亿吨以上量级。”中国钢铁工业协会会长、河钢集团董事长刘键表示。
刘键介绍说，到2030年，中国钢铁工业产业基础和综合素质进一步提升，高端化、智能化、绿色化、融合化发展水平进一步提高，技术装备、数字转型、绿色低碳保持世界领先，加快建成完善全球影响力大、产业独立性强、发展贡献度高的现代钢铁产业体系，为中国式现代化多作贡献。
9月20日，在第十五届中国国际钢铁大会上，刘键认为，面对全球需求持续波动、产能过剩加剧、低碳转型压力、贸易壁垒加剧等复杂严峻的行业格局与多重压力，没有任何一个国家能够独善其身，唯有坚持开放合作、深化国际协同，才是推动钢铁行业可持续发展的唯一出路。一是坚持开放共赢，反对贸易保护主义。二是深化全球低碳治理合作，推动标准互认互通。三是深化产业链全球协同，构建安全稳定供应链。四是搭建多边对话平台，凝聚行业发展共识。
中国钢铁工业协会党委书记、副会长兼秘书长姜维表示，中国钢铁产业的发展离不开世界。通过全球范围的技术引进、消化、吸收到自主创新，中国钢铁逐步成为世界钢铁中坚力量，带动了世界钢铁产业链上下游包括冶金矿山、冶金装备等迅猛发展。世界的发展也需要中国。中国钢铁以全球最完整的产业链、最具性价比的产品，有力支撑了全球经济发展和世界人民生活水平的提升，带动了世界钢铁绿色转型。
必和必拓首席执行官康柏德认为，中国钢铁企业共同书写了现代经济发展史上最伟大的成功故事之一。“作为全球最大的钢铁市场，中国不仅汇聚了领先的钢铁企业、科研力量和创新成果，更为经济增长、工业化和城镇化进程作出了重要贡献。”康柏德说。
中国是全球工业创新的重要引领者
世界正经历百年未有之大变局，全球钢铁生产、钢铁贸易格局也出现了新变局，这是中国钢铁业和世界钢铁业共同面临的现实问题。姜维分析，从世界大国产业本质与国家战略维度来看，钢铁是大国经济的“工业粮食”，是实体经济根基与国家安全的重要基石，绝非“可有可无”的一般性产业。
一方面，钢铁是新兴产业的材料基础，新能源汽车、高端装备、航空航天、深海工程、轨道交通等战略性领域的突破发展，均依托高强钢、特种钢、高端硅钢等钢铁新材料的技术迭代。另一方面，钢铁产业关乎经济安全、产业安全和国防安全，重大基础设施、国防军工、战略储备工程，离不开自主可控的钢铁供应链体系。同时，钢铁产业也是新能源、AI、机器人(13.250, 0.04, 0.30%)等新质生产力发挥价值的重要应用场景。
事实上，中国是全球工业创新的重要引领者。康柏德认为，中国钢铁工业的发展成就是举世瞩目的，令人赞叹的不仅是其规模之大，更是其发展速度之快。如此规模的发展并非偶然，它既源于市场信号推动供给不断增长，也源于长期合作伙伴始终坚定地投资未来。“中国在先进制造、可再生能源与数字化经济等领域的持续投入，将创造新的增长动能和资源需求。”康柏德认为。
当前，逆全球化抬头，贸易壁垒增多，资源配置效率下降，成本增高，其中钢铁贸易壁垒首当其冲，造成相关国家和地区通胀压力和生活水平下降，长期必将导致钢铁在材料竞争中的竞争力下降，最终将影响钢铁及全产业链的长期繁荣和健康发展。
为此，姜维提出四个观点：观点一：钢铁产业绝非夕阳产业，是支撑大国地位的基础性战略性核心产业。观点二：中国钢铁产业已完成规模迭代，正全面迈入高端化、智能化、绿色化提质升级新阶段。观点三：中国钢铁转型升级核心是科技进步，以多维融合创新开拓提质升级发展新战略。观点四：深化国际合作，实现资源全球最优配置是中国钢铁乃至世界钢铁为全球提供最大福利的唯一路径。
从“铺摊子”到“提质量”
中国钢铁产业基本告别粗放式规模扩张模式，依托融合创新完成产业系统性重塑，在产能装备、产业布局、产品服务、生产效率、绿色转型等方面实现全方位历史性蝶变。产能层面，通过供给侧结构性改革，大规模淘汰落后产能，实现装备迭代升级，实现从“铺摊子”到“提质量”的转变。
布局层面，通过产能置换和兼并重组，产业集中度稳步提升，产能向沿海沿江物流优势区域、终端消费市场集聚。产品层面，最高性价比的中国钢材，品种实现自主供给，产品从满足基础建设需求，转向适配高端制造、新能源等场景，为具有世界竞争力的中国制造提供了强有力的钢铁支撑。
生产层面，打破传统规模扩张的经验驱动模式，依托数字技术、工业互联网、AI大模型实现算法驱动、智能炼钢，大幅提升劳动效率和生产精度。绿色层面，推进全球规模最大、标准最严的超低排放改造，建设极致能效工厂，落地先进低碳冶炼技术，引领全球钢铁绿色革命，完成传统重工业的绿色蜕变。
从更大的产业周期看，中国钢铁正在经历从规模扩张向质量竞争的转换。市场需求总量在变，需求结构在变，环保要求在变，国际竞争方式也在变，这些变化正推动企业分化加速。姜维认为，钢铁行业量变的加速预示着新的质变到来，应对变化实现提质升级，关键在于以科技进步为基础，通过全方位融合创新驱动系统性变革，实现“十五五”“能碳提效、数智转型、提质创品”。
从产业逻辑“提质创品”指向的是产品结构升级。中国钢铁不再只是粗钢产量的竞争，市场更看重能否提供质量稳定、一致、丰富的高附加值品种，能否满足下游用钢行业的精细化需求。“能碳提效”则是行业绕不开的硬约束。超低排放、节能降耗、碳管理能力，已经从加分项变成了基本功。“数智转型”则是中国钢铁高速前行的新底盘。自动化、数字化、智能化不只关乎效率，也关乎稳定性、良品率和企业的管理半径。
姜维强调，“能碳提效”“数智转型”“提质创品”三大工程将是中国钢铁依托科技进步、融合创新，实现全链条结构性提升的重要抓手。“对钢铁全产业链而言，这其中蕴含着技术迭代为钢铁上下游产业链带来的巨大商机，值得期待。”姜维表示。",full,,dom_or_structured_full_text,,https://www.china5e.com/news/news-1209707-1.html,中国能源网,综合新能源,能源经济,2026-09-24T00:43:54+00:00,零碳产业 > 物质循环 > 资源加工 > 无机物 > 金属 > 钢铁,零碳产业,钢铁,"[{""path"":[""零碳产业"",""物质循环"",""资源加工"",""无机物"",""金属"",""钢铁""],""path_text"":""零碳产业 > 物质循环 > 资源加工 > 无机物 > 金属 > 钢铁"",""confidence"":0.96,""reason"":""核心事件是中国钢铁行业需求展望与绿色智能化转型""}]",classified,2026-09-24T00:55:56.701398+00:00,glm-5.2,2026-09-10,
总金额近1亿元！中国钠电集团秦皇岛钠离子储能项目交付,2026-09-23,"按照采购协议约定，CNAEPower为本项目提供全套钠离子储能成套设备，供货范围覆盖变流升压系统、电池舱等核心装备，包含聚阴离子技术路线钠电芯、BMS系统、温控系统、消防系统等关键部件。
图片来源：中国钠电集团
据“中国钠电集团”消息，9月22日，中国钠电集团有限公司（CNAEPower）与深圳市科陆电子科技股份有限公司（科陆电子科技）签订的秦皇岛20MW/80MWh钠离子储能项目成套设备正式发车交付。
据介绍，该项目自3月4日双方在深圳科陆大厦完成采购协议签约，历经方案落地、生产集成、出厂联调，如今顺利完成设备交付，标志着双方合作项目迈入现场实施新阶段，也印证中国钠电集团大容量钠离子储能项目成熟的全链条交付能力。
按照采购协议约定，CNAEPower为本项目提供全套钠离子储能成套设备，合同总金额近1亿元。供货范围覆盖变流升压系统、电池舱等核心装备，包含聚阴离子技术路线钠电芯、BMS系统、温控系统、消防系统等关键部件。整套集装箱式钠储能系统完成出厂检验，整装奔赴秦皇岛项目现场。
本次交付的20MW/80MWh集装箱式钠离子储能系统，可实现电力的灵活存储与调峰，助力提升区域电网消纳能力，稳定新能源发电输出，为区域新型电力系统建设提供坚实支撑。
中国钠电集团表示，此次设备交付，是CNAEPower与科陆电子科技战略合作落地的重要里程碑。后续双方将持续深化协同，稳步推进项目现场安装调试工作。未来，中国钠电集团将持续夯实钠离子储能技术研发与规模化工程交付能力，携手产业链伙伴，持续拓展钠离子储能多元应用场景，助力能源绿色低碳转型。
更多行业价值资讯浏览、分享，欢迎扫描下方二维码关注我爱电车网官方微信（xevcar）！",full,,dom_or_structured_full_text,,http://www.xevcar.com/gongsi/092315PZ2026.html,我爱电车网,电池,新能源汽车/储能,2026-09-24T00:44:21+00:00,零碳产业 > 能量转化 > 能量存储 > 电化学储能 > 二次电池 > 传统蓄电池 > 有机体系 > 钠电,零碳产业,钠电,"[{""path"":[""零碳产业"",""能量转化"",""能量存储"",""电化学储能"",""二次电池"",""传统蓄电池"",""有机体系"",""钠电""],""path_text"":""零碳产业 > 能量转化 > 能量存储 > 电化学储能 > 二次电池 > 传统蓄电池 > 有机体系 > 钠电"",""confidence"":0.97,""reason"":""核心事件是20MW/80MWh钠离子电池储能系统成套设备交付""}]",classified,2026-09-24T00:55:56.701398+00:00,glm-5.2,2026-09-10,
斥资4.61亿元！港股公司拟购买蔚来汽车动力电池,2026-09-23,"国银金租作为买方与卖方蔚来汽车销售服务有限公司签署了动力电池购销框架协议，交易总价约为4.61亿元。
9月22日，国银金租（01606.HK）发布公告，公司作为买方于当日与卖方蔚来汽车销售服务有限公司签署了动力电池购销框架协议，交易总价约为4.61亿元。
交易完成后，国银金租将作为出租人与第三方承租人另行签订经营租赁合同，将采购标的以经营租赁模式出租给第三方承租人。
国银金租表示，该协议的签署旨在增加公司在动力电池设备经营租赁市场的份额。
国银金租官网的资料显示，公司成立于1984年，是国家金融监督管理总局监管的全国性非银行金融机构，是国家开发银行旗下唯一的租赁业务平台，也是境内第一家上市金融租赁公司，注册资本人民币126.4238亿元。公司是中国租赁行业的开创者，致力于为飞机、船舶、能源、高端装备、普惠金融等领域的优质客户提供综合性的租赁服务，租赁资产及业务合作伙伴已遍及全球40余个国家和地区，且始终保持准主权国际评级（穆迪A1、标普A及惠誉A）。
其中，在能源租赁业务方面，国银金租深耕绿色金融领域，业务覆盖风力发电、光伏发电、水力发电、储能等。
蔚来汽车销售服务有限公司是蔚来集团旗下负责汽车销售与服务的核心公司，由蔚来控股有限公司全资持股，成立于2017年3月24日，法定代表人为秦力洪，注册资本230亿元人民币，位于安徽省合肥经济技术开发区。
更多行业价值资讯浏览、分享，欢迎扫描下方二维码关注我爱电车网官方微信（xevcar）！",full,,dom_or_structured_full_text,,http://www.xevcar.com/gongsi/092315PV2026.html,我爱电车网,电池,新能源汽车/储能,2026-09-24T00:44:23+00:00,零碳产业 > 能量转化 > 能量存储 > 电化学储能 > 二次电池 > 传统蓄电池 > 有机体系 > 锂电,零碳产业,锂电,"[{""path"":[""零碳产业"",""能量转化"",""能量存储"",""电化学储能"",""二次电池"",""传统蓄电池"",""有机体系"",""锂电""],""path_text"":""零碳产业 > 能量转化 > 能量存储 > 电化学储能 > 二次电池 > 传统蓄电池 > 有机体系 > 锂电"",""confidence"":0.8,""reason"":""核心事件是购买蔚来动力电池并用于经营租赁，主对象为锂动力电池""}]",classified,2026-09-24T00:56:04.326695+00:00,glm-5.2,2026-09-10,
坐标湖北武汉！离子能源：新址启用 研发中心竣工 量产基地投产,2026-09-23,"9月21日，固态离子能源科技（武汉）有限公司举办新址乔迁暨项目竣工盛典。
据固态离子能源科技（武汉）有限公司消息，9月21日，固态离子能源科技（武汉）有限公司举办新址乔迁暨项目竣工盛典。此次盛典标志着公司完成由技术中试向规模化产业化的战略跨越，固态离子能源新址正式启用，武汉研发中心项目竣工，量产基地落地投产。
此前消息显示，2025年9月8日，离子能源总部建设项目开工仪式举行。项目选址湖北武汉经开区军山科技城三期2号厂房，总建筑面积达9978平方米，通过改造升级将打造“研发+产线+运营”一体化空间。既是研发总部“大脑”：涵盖固态电池材料研发、电芯安全与性能检测实验室，聚焦核心技术突破；也是产业转化“枢纽”：建成小试与中试线、PACK样品试制平台，还将落地1条0.2GWh产能大试线，实现“软包+方壳电芯”批量生产，真正打通“技术研发→规模化试制”全闭环。
资料显示，离子能源是一家专注聚合物基固体电解质材料及全固态电池的研发与应用于一体的高科技企业。公司秉持着“创新引领，科技赋能”的理念，可为消费类电子、储能电站及动力电池提供全新的能源解决方案，致力于打造绿色、智能、可持续的能源未来，为全固态电池时代的到来助力，推动清洁能源技术进步和全球可持续发展。
更多行业价值资讯浏览、分享，欢迎扫描下方二维码关注我爱电车网官方微信（xevcar）！",full,,dom_or_structured_full_text,,http://www.xevcar.com/gongsi/092315PU2026.html,我爱电车网,电池,新能源汽车/储能,2026-09-24T00:44:25+00:00,零碳产业 > 能量转化 > 能量存储 > 电化学储能 > 二次电池 > 传统蓄电池 > 固态电池,零碳产业,固态电池,"[{""path"":[""零碳产业"",""能量转化"",""能量存储"",""电化学储能"",""二次电池"",""传统蓄电池"",""固态电池""],""path_text"":""零碳产业 > 能量转化 > 能量存储 > 电化学储能 > 二次电池 > 传统蓄电池 > 固态电池"",""confidence"":0.93,""reason"":""核心事件是固态电池企业的研发中心竣工与量产基地投产""}]",classified,2026-09-24T00:56:04.326695+00:00,glm-5.2,2026-09-10,
聚焦光储充车网一体化等！弗迪电池与四川国软科技集团战略合作,2026-09-23,"弗迪电池将充分发挥自身技术、产品及平台优势，提供光储充车网一体化综合能源解决方案。
据弗迪电池消息，9月20日，弗迪电池与四川国软科技集团在比亚迪全球总部正式签署战略合作框架协议。
据悉，弗迪电池将充分发挥自身技术、产品及平台优势，提供光储充车网一体化综合能源解决方案。
资料显示，四川国软科技集团成立于2006年，主要从事轨道交通、高端装备、“一带一路”的智能化和投融建业务。公司创新能力强劲、产业应用场景丰富，具备良好的合作基础。
未来，双方将以本次战略合作协议为依托，持续深挖合作空间，推动各场景合作项目快速落地，实现新能源领域强强联合、优势互补，培育产业发展新业态，赋能新能源产业高质量发展。
更多行业价值资讯浏览、分享，欢迎扫描下方二维码关注我爱电车网官方微信（xevcar）！",full,,dom_or_structured_full_text,,http://www.xevcar.com/gongsi/092315PP2026.html,我爱电车网,电池,新能源汽车/储能,2026-09-24T00:44:27+00:00,零碳产业 > 能量转化 > 能量存储 > 电化学储能 > 二次电池 > 传统蓄电池 > 有机体系 > 锂电,零碳产业,锂电,"[{""path"":[""零碳产业"",""能量转化"",""能量存储"",""电化学储能"",""二次电池"",""传统蓄电池"",""有机体系"",""锂电""],""path_text"":""零碳产业 > 能量转化 > 能量存储 > 电化学储能 > 二次电池 > 传统蓄电池 > 有机体系 > 锂电"",""confidence"":0.85,""reason"":""核心是弗迪电池提供光储充车网一体化锂电池综合能源解决方案""}]",classified,2026-09-24T00:56:04.326695+00:00,glm-5.2,2026-09-10,
挺进200强！欣旺达连续九年上榜中国民营企业500强,2026-09-23,"2026年上半年，欣旺达实现营收381.79亿元，同比增长41.48%，归属于上市公司股东的净利润6.03亿元。其中，欣旺达上半年电动汽车类电池出货量28.36GWh，同比增长76.37%。
图片来源：欣旺达
据电池百人会会员单位——欣旺达（300207）消息，9月22日，全国工商联发布2026中国民营企业500强榜单，欣旺达连续第九年入选，位列第191位，较去年提升27个名次，首次挺进200强；在中国制造业民营企业500强榜单中位列第144位，较去年提升13个名次。
本次为全国工商联组织开展的第28次上规模民营企业调研，共有6350家2025年营业收入10亿元以上的企业参加，最终筛选营业收入前500位的企业入榜。作为国内民营经济领域极具分量的标杆，其入围门槛和整体规模逐年攀升。欣旺达榜单名次持续前移，反映出公司综合实力与新能源赛道竞争力的稳步增强。
欣旺达创立于1997年，以手机电池PACK业务为起点，凭借深厚的技术研发与智能制造积淀，持续拓展业务边界，现已形成消费类电池、动力电池、储能电池、能源服务、智能硬件等多元产业格局，为全球客户提供从电芯、模组、BMS到电池系统、检测运维及回收利用的全链条解决方案。
值得一提的是，2026年上半年，欣旺达实现营收381.79亿元，同比增长41.48%，归属于上市公司股东的净利润6.03亿元。其中，欣旺达上半年电动汽车类电池出货量28.36GWh，同比增长76.37%；实现营收141.34亿元，同比增长85.87%；储能系统方面，欣旺达上半年出货量14.7GWh，同比增长64.98%。
更多行业价值资讯浏览、分享，欢迎扫描下方二维码关注我爱电车网官方微信（xevcar）！",full,,dom_or_structured_full_text,,http://www.xevcar.com/gongsi/092315PN2026.html,我爱电车网,电池,新能源汽车/储能,2026-09-24T00:44:29+00:00,零碳产业 > 能量转化 > 能量存储 > 电化学储能 > 二次电池 > 传统蓄电池 > 有机体系 > 锂电,零碳产业,锂电,"[{""path"":[""零碳产业"",""能量转化"",""能量存储"",""电化学储能"",""二次电池"",""传统蓄电池"",""有机体系"",""锂电""],""path_text"":""零碳产业 > 能量转化 > 能量存储 > 电化学储能 > 二次电池 > 传统蓄电池 > 有机体系 > 锂电"",""confidence"":0.85,""reason"":""以锂电为主业的欣旺达上榜及动力、储能电池出货业绩""}]",classified,2026-09-24T00:56:04.326695+00:00,glm-5.2,2026-09-10,
合计规划产能100GWh！宁德时代匈牙利工厂启动新电芯厂房试产,2026-09-23,"2026年8月，在取得厂房使用许可后，宁德时代陆续完成相关许可及IPPC（综合污染防治与控制）许可要求的各项前置条件，并于9月22日起正式启动首个电芯生产厂房前两条生产线的试生产。
电池网获悉，9月22日，宁德时代（300750）位于匈牙利德布勒森的新建电芯工厂启动试生产，公司已完成启动试生产所需的各项前置条件。
消息显示，此次试生产旨在对生产设备及制造工艺进行调试、优化和验证，为后续正式量产做好准备。
据悉，2022年8月，宁德时代宣布在匈牙利德布勒森建设其在欧洲的第二座电池工厂，其中首个电芯厂房于2023年夏季开工建设，并于2026年春季完成先进生产技术及设备的配置。2026年8月，在取得厂房使用许可后，公司陆续完成相关许可及IPPC（综合污染防治与控制）许可要求的各项前置条件，并于9月22日起正式启动首个电芯生产厂房前两条生产线的试生产。
在厂房使用许可获批前，匈牙利豪伊杜-比豪尔州政府办公室曾定期对宁德时代德布勒森工厂开展现场检查，并持续跟进此前引发当地居民关注的问题。相关主管部门确认，公司已完成许可审批过程中此前发现的各项整改工作。
作为宁德时代在欧洲的重要制造基地，德布勒森工厂将为欧洲知名汽车制造商提供产品支持。近年来，多家欧洲领先汽车企业已在匈牙利持续扩大新能源汽车产能。作为全球动力电池技术领先企业，宁德时代在德布勒森采用先进且高度柔性的生产线，以持续满足客户需求。
自2024年秋季起，宁德时代德布勒森工厂已开始生产电池模组，目前累计产量已达53.7万套。待全部设施建成投产后，该工厂规划产能将达到100GWh，成为宁德时代在中国以外最大的生产基地。
在取得试生产所需许可并完成相关前置条件的同时，宁德时代德布勒森工厂将继续与匈牙利政府及相关主管部门保持密切合作，将员工健康与安全置于重要位置。试生产期间，公司还将持续对员工健康、安全及环境相关指标进行全面监测，并主动向主管部门提交相关监测结果。
电池网注意到，除了匈牙利工厂传新进展以外，近日，据外媒报道，埃及电池制造商BME与宁德时代将投资逾20亿埃及镑（约合3900万美元），在埃及建设一座电池制造厂。埃及正致力于发展电动汽车产业并扩大本土制造。根据埃及政府声明，该工厂初期年产能为1GWh，产品主要面向重型商用车电池。第二阶段将把生产扩展至乘用车电池，以及风光储能系统领域，使总产能达到5GWh。
资料显示，BME由埃及商用车制造商MCV与Auto D for Industry, Trade and Supplies共同创立。此次合作将把BME在埃及的制造和工程能力，与宁德时代的电池技术、生产设备及技术支持相结合。
韩国研究机构SNE Research公布的最新装车数据显示，2026年1—7月全球动力电池装车总量达725.2GWh，同比增长20.4%，其中，宁德时代保持第一，装机量289.6GWh，同比增长26.6%，市场份额从38.0%上升1.9个百分点至39.9%。
更多行业价值资讯浏览、分享，欢迎扫描下方二维码关注我爱电车网官方微信（xevcar）！",full,,dom_or_structured_full_text,,http://www.xevcar.com/gongsi/092315PJ2026.html,我爱电车网,电池,新能源汽车/储能,2026-09-24T00:44:31+00:00,零碳产业 > 能量转化 > 能量存储 > 电化学储能 > 二次电池 > 传统蓄电池 > 有机体系 > 锂电,零碳产业,锂电,"[{""path"":[""零碳产业"",""能量转化"",""能量存储"",""电化学储能"",""二次电池"",""传统蓄电池"",""有机体系"",""锂电""],""path_text"":""零碳产业 > 能量转化 > 能量存储 > 电化学储能 > 二次电池 > 传统蓄电池 > 有机体系 > 锂电"",""confidence"":0.95,""reason"":""核心事件是宁德时代匈牙利锂电芯工厂启动试生产""}]",classified,2026-09-24T00:56:04.326695+00:00,glm-5.2,2026-09-10,
Geely's New EV Charger Is Absurdly Powerful: 2.2 Megawatts,2026-09-23,"Geely's New EV Charger Is Absurdly Powerful: 2.2 Megawatts
BYD stunned the industry with its Flash chargers. Geely's 2.25 megawatt system leaves it, and everyone else, behind.
- The newest Lynk & Co 10 and Zeekr 001 versions can charge from 10-70% in 4 minutes and 30 seconds.
- That's thanks to Geely Auto Group's latest Smart Charging System which can deliver 2,250 kilowatts of peak charging speeds.
- The automaker says it is using AI to protect the battery's long-term health and performance.
Imagine plugging in your electric car at a public fast-charging station and getting back on the road after just four minutes. That’s now a reality in China, where Geely Auto Group has revealed a bleeding edge charging system that appears to be the world’s fastest.
The automaker revealed its fifth-generation Smart Charging System and a new Ultra Short Blade Battery on Wednesday. The new charger can deliver a whopping 2.25 megawatts of peak charging speeds. This basically obliterates any Western EV and charging system and also one-ups rivals like BYD, which made a big splash last year by rolling out its 1.5 MW Flash chargers. Geely and BYD have been locked in a battle over fast-charging speeds.
Supported by a new battery system, EVs from Geely Auto Group brands Lynk & Co and Zeekr can charge in the real world from 10-70% in just 4 minutes and 30 seconds, Geely claimed. A 10-97% charge will take 8 minutes and 40 seconds. BYD’s Flash chargers can do the 10-70% charge in about five minutes and 10-97% in 9 minutes.
Pumping electrons into a battery at such blistering speeds can be detrimental to the cells if not properly managed. The automaker said it was using an AI-powered system called Xingrui PowerMind to predict battery temperatures and adjust speeds dynamically. It’s designed to keep the battery’s average temperature at 55 degrees Celsius, with a ceiling of 65 degrees Celsius.
There’s also an innovative thermal management system, which Geely calls an “end-to-end five point liquid cooling.” It manages heat in a coordinated manner between the battery pack, charging port, charging cable, charging dispenser, and the energy storage batteries supporting the chargers. Together, all those components help deliver 2.2 MW, speeds previously unheard of for a single plug.
Geely makes some interesting claims about the battery too. It said it had developed a “lithium-ion pulse restoration” technology, which uses micro pulse currents to reactivate lithium ions accumulated at the anode during repeated fast-charging. The anode is the side of the battery where electrons travel during charging.
What the automaker is referring to here is the lithium plating that can occur during ultra-fast charging, wherein ions accumulating at the electrode can potentially degrade the battery. Think of it as pouring water into a bottle faster than what its opening can accommodate, leading to spillage. At least in theory, these micro pulses could dislodge those stuck ions and get them moving and useful again.
For reference, some of the fastest-charging EVs currently on the market in the U.S. are the Lucid Gravity and Porsche Cayenne Electric, both having a maximum charging rate of 400 kilowatts. When the Mercedes-AMG GT 4-Door Coupe becomes available, it will take the crown among western automakers with 600 kW of peak charging speed and a 10-80% charging time of just 11 minutes, which, by its own measure, is super impressive.
But they’re nowhere close to what’s now on sale in China, where the newest EVs and charging technology are completely in a league of their own. (Geely didn't say what peak charging rate its cars can actually reach.)
Where BYD might still have an edge over Geely in terms of charging is the sheer scale of deployment. As of August, the company had already deployed 10,000 of its T-shaped Flash chargers in China and plans to have 20,000 by the end of the year. It's planning to install 3,000 of these in Europe, too. Whether Geely can match this scale of deployment is something we'll find out over time.
RECOMMENDED FOR YOU
This Chinese SUV Has Built-In Propellers So It Can Drive Across Water
Nissan's Newest EV Isn't Actually A Nissan
China's Best-Selling EV Can Drift Really Well
8 Cheap EVs Were Driven Until They Died. One Stood Out
Think Chinese Cars Aren't Safe? These New Crash Tests Say Otherwise
Bentley’s First EV Charges Faster Than You Can Finish Lunch
Voltpost’s Lamppost EV Chargers Are Expanding, With Free Top-Ups In Brooklyn",full,,trafilatura_full_text,,https://insideevs.com/news/809271/geely-2-megawatt-smart-charging-system/,INSIDEEVs,电池,电动汽车,2026-09-24T00:45:22+00:00,通用技术 > 通信和运输 > 物质运输 > 陆路运输,通用技术,陆路运输,"[{""path"":[""通用技术"",""通信和运输"",""物质运输"",""陆路运输""],""path_text"":""通用技术 > 通信和运输 > 物质运输 > 陆路运输"",""confidence"":0.85,""reason"":""核心事件是吉利超快充技术及电动车充电应用""}]",classified,2026-09-24T00:56:04.326695+00:00,glm-5.2,2026-09-10,
The New BMW i3 EV Is Coming To The U.S. Sooner Than Expected,2026-09-23,"The German automaker is opening the order books for the sleek electric sedan ahead of schedule.
Photo by:
8:01am ET
BMW will start taking U.S. reservations for the new i3 EV earlier than expected.
Pre-orders for the 440-mile sedan were supposed to open next month.
The first cars are expected to be shipped stateside in the first quarter of 2027.
is making a habit of expediting everything related to the launch of its Neue Klasse cars. First came the iX3 crossover, which has seen massive success in Europe so far, prompting the Bavarian automaker to
ramp up production at its new factory in Hungary faster than ever
Now, the same strategy is making its presence felt with the new i3 sedan, the second Neue Klasse-based EV to come out of Munich. The sleek electric 3 Series will go up for pre-order in the United States on September 29, according to emails sent by BMW of North America to people who registered for updates on the company’s American website.
That’s at least one week ahead of the original schedule, according to
BMW Blog
, which quoted company sources that said the order books for the four-door EV were supposed to open in the first half of October.
All of this is probably due to higher-than-expected demand for the sleek sedan. Earlier this year, BMW made a similar move in Europe, where it started taking orders way ahead of schedule—all because customers kept asking to buy the new i3.
To be clear, here in the U.S., BMW has only moved up the date when it will start taking reservations. The i3’s starting price and definitive delivery schedule are still unknown, but it’s still a good starting point for a car that seems to have all it takes to succeed.
Like in the iX3’s case, just one version of the
will be available at first. The 2027 BMW i3 50 xDrive has a dual-motor, all-wheel-drive setup that makes a combined 463 horsepower, powered by a 108.7-kilowatt-hour battery that enables an EPA-estimated range of up to 440 miles. It can accept up to 400 kilowatts from a DC fast charger through a native NACS port that can also export power from the high-voltage battery, thanks to the built-in bidirectional charging functionality.
Gallery: The New BMW i3
A lower-powered and more affordable option is also in the cards, as well as a hotter i3 M60 xDrive. Even though BMW hasn’t said a word about pricing, logic dictates that the i3 will be slightly cheaper than its crossover sibling. With the iX3 50 xDrive starting at $61,500 before destination, it’s not far-fetched to think that the i3 would start at less than $60,000 when it hits U.S. dealers.
Deliveries are expected to start in the first quarter of next year, but we’re probably going to find out more next week, when BMW officially opens the i3 order books.
More Stuff Like This
Stay informed with our newsletter every weekday
Facebook
LinkedIn
Flipboard
WhatsApp
RECOMMENDED FOR YOU
The BMW iX3 Beat Mercedes And Volvo On Efficiency And Range In A Highway Test
Nissan's Newest EV Isn't Actually A Nissan
The Best Tesla Alternatives In 2026
8 Cheap EVs Were Driven Until They Died. One Stood Out
BMW’s New iX3 Factory Is Now Running Non-Stop As Orders Top 100,000
Bentley’s First EV Charges Faster Than You Can Finish Lunch
A BMW i8, Tesla Model Y, And Audi E-Tron GT All Drag Race, But The Results Are Closer Than You'd Think",full,,dom_or_structured_full_text,,https://insideevs.com/news/809247/bmw-i3-us-reservations-sooner-than-expected/,INSIDEEVs,电池,电动汽车,2026-09-24T00:45:24+00:00,通用技术 > 通信和运输 > 物质运输 > 陆路运输,通用技术,陆路运输,"[{""path"":[""通用技术"",""通信和运输"",""物质运输"",""陆路运输""],""path_text"":""通用技术 > 通信和运输 > 物质运输 > 陆路运输"",""confidence"":0.9,""reason"":""核心事件是BMW i3电动车提前在美国开启预订，属于电动汽车市场进展""}]",classified,2026-09-24T00:56:09.715034+00:00,glm-5.2,2026-09-10,
Volkswagen Is Now Selling More EVs Than Gas Cars In Germany. That Changes The Plan,2026-09-23,"Demand for EVs is exploding in Germany, so Volkswagen needs to rethink how it builds cars in its home country.
Photo by:
Volkswagen
5:23am ET
Volkswagen’s EVs are officially killing it.
Germans now want more VW EVs than combustion cars, marking a big shift in Europe’s largest car market.
While a good problem to have, it also disrupts the way Volkswagen operates its many factories.
Electric cars might have lost a bit of steam in the United States, but it’s
a completely different story in Europe
. Volkswagen, one of the biggest car manufacturers in the world, is now selling more EVs in Germany than combustion vehicles, marking a huge shift in the European car market.
To put things into perspective, Germany is Europe’s largest car market, and Volkswagen has traditionally been one of the best-selling brands in the region, so to have such a big change much earlier than expected indicates that the rest of Europe will probably follow suit soon.
It also creates a new problem for
Volkswagen
, which is currently in the middle of a historic cost-cutting program.
The Volkswagen ID. Polo is the most successful EV in the automaker's lineup, with months-long wait times.
Photo by: Volkswagen
According to
Automobilwoche
, the German automaker is now getting more orders for its new EVs than gas and diesel models, prompting it to rethink the production schedules at several of its factories. The biggest loser in this transition is the historic Wolfsburg plant, which currently makes the Golf, Tiguan, and Tayron.
Because of the reduced demand in ICE models, Volkswagen will cut the planned additional shifts that were supposed to boost this year’s production from 580,000 vehicles to over 600,000 cars.
Meanwhile, at least two special shifts are planned for the Emden plant that assembles the
mid-size electric sedan and wagon. The Zwickau factory, which churns out the updated
ID.3 Neo
hatchback, is also increasing production.
Gallery: Volkswagen ID. Polo (2026)
The biggest star of the show, however, is the new
ID. Polo
small hatchback, which has racked up over 40,000 orders so far, with the technically similar Cupra Raval, Skoda Epiq, and Volkswagen ID. Cross adding another 60,000 orders to the tally. That being said, all of these increasingly successful budget EVs are built in two Spanish factories instead of Germany.
All of this took VW by surprise. The company had expected a slower ramp-up for its updated electric car lineup, but that changed when gas and diesel prices started going up. The fact that the four EVs that make up the so-called Urban Electric Car Family offer decent range, charging speeds, and equipment for relatively affordable prices also helps.
But even with the increased order input, Volkswagen is still not out of the woods. The German brand will have to convince a lot more people to buy its EVs to make enough money, as profits from electric cars are lower than those of comparable combustion cars.
The upcoming city EV, which is likely to be called ID. up!, may help the automaker’s case, as the European car market is currently craving more budget-friendly electric runabouts, and the smallest VW EV will probably fit the bill just right.
More Stories Like This
Stay informed with our newsletter every weekday
Facebook
LinkedIn
Flipboard
WhatsApp
RECOMMENDED FOR YOU
This VW ID. Buzz Finished A 62,000-Mile World Trip With Nearly 96% Battery Health
Nissan's Newest EV Isn't Actually A Nissan
Same Battery Size, Different Range: VW ID. Polo Takes On Renault 5
8 Cheap EVs Were Driven Until They Died. One Stood Out
New Volkswagen ID.3 GTI: The First RWD GTI Is Here With More Power Than Ever
Bentley’s First EV Charges Faster Than You Can Finish Lunch
Volkswagen Just Unveiled The Most Efficient EV Ever Tested",full,,dom_or_structured_full_text,,https://insideevs.com/news/809219/vw-more-orders-evs-combustion-cars-germany/,INSIDEEVs,电池,电动汽车,2026-09-24T00:45:26+00:00,通用技术 > 通信和运输 > 物质运输 > 陆路运输,通用技术,陆路运输,"[{""path"":[""通用技术"",""通信和运输"",""物质运输"",""陆路运输""],""path_text"":""通用技术 > 通信和运输 > 物质运输 > 陆路运输"",""confidence"":0.9,""reason"":""大众在德国电动车销量超过燃油车，核心是电动汽车市场格局变化""}]",classified,2026-09-24T00:56:09.715034+00:00,glm-5.2,2026-09-10,
The BMW iX3 Beat Mercedes And Volvo On Efficiency And Range In A Highway Test,2026-09-23,"The iX3 used less energy than the GLC and EX60 on the same route, blending lower consumption with a bigger battery.
Photo by:
Kris Rifa
4:54am ET
The BMW iX3 used less energy than the Mercedes GLC Electric and Volvo EX60 in the same highway test.
Better efficiency and a larger battery gave the BMW a significant calculated range advantage.
The Volvo was the car the drivers liked most, showing that range alone doesn’t decide the best highway companion.
A bigger battery in an EV will increase its range, but the real trick is using the energy it has more efficiently. In this highway range comparison against the new
Mercedes-Benz GLC Electric
Volvo EX60
combined both.
These are three of the most important new arrivals in the premium electric SUV market, and their specifications make for a remarkably close contest, at least on paper. Put them on the same highway on the same day, though, and the BMW distances itself with its superior economy.
Kris Rifa
and friends drove the cars on a motorway route north of Oslo, with a target speed of 120 km/h, or around 75 mph. Temperatures on the day of the test ranged from 57°F to 63°F (14°C to 17°C), with mostly dry conditions.
Each car started at 90% charge and ran in its most efficient driving mode. The drivers rotated cars and the lead position, giving each vehicle time in undisturbed air. Returning along the same route also helped reduce the influence of elevation changes and wind. A larger Xpeng G9 joined the test; it’s one size class above the other three and is comparable only in battery size—the real direct rival would have been a G6.
The iX3 finished the route with the lowest reported consumption of 19.4 kWh/100 kilometers, or around 3.2 miles per kWh. The GLC returned 20.3 kWh/100 km (3.06 miles/kWh), while the EX60 used 21.1 kWh/100 km (2.94 miles/kWh). That means the BMW consumed roughly 4% less energy than the Mercedes and 8% less than the Volvo.
With the biggest battery in the test, 108.7 kWh usable capacity, this efficiency gave the iX3 a considerable range advantage over its rivals: 338 miles (544 km) versus 279 miles (449 km) in the GLC, and 260 miles (419 km) in the Volvo. This is after Kris subtracted 3% to account for what he describes as heat and discharging losses.
Stay informed with our newsletter every weekday
It’s worth noting that the Volvo EX60 P10 featured in the comparison wasn’t the top version, like the two German participants. That would have been the P12 version of the EX60, which has a 112-kWh battery versus the P10’s 91 kWh pack. Interestingly, Volvo rates the larger-battery model as being marginally more efficient, but only by 0.1 kWh/100 km.
Calculated using the same efficiency as in the video, a P12 model would have achieved a theoretical range rating of 320 miles (515 km). That would still have been 18 miles (29 km) less than the iX3.
More Range Tests
One aspect that likely affected the Volvo’s overall efficiency was its larger wheels. It was the only vehicle riding on 22-inch wheels, while the BMW and Mercedes both had more efficient 20-inch wheels.
The Volvo also topped the drivers’ subjective highway comfort rankings, with Kris praising its quiet cabin and smooth ride. He also liked the Mercedes’ seats, steering, and smoothness, which I praised in
my first drive of the electric GLC
. The iX3 also showed impressive efficiency when
I drove it on a mixed route
; BMW took it
626 miles on a single charge
in a hypermiling experiment, with 3% remaining by the end of the journey, highlighting its road-trip capability.
Facebook
LinkedIn
Flipboard
WhatsApp
RECOMMENDED FOR YOU
The Best Tesla Alternatives In 2026
Nissan's Newest EV Isn't Actually A Nissan
BMW’s New iX3 Factory Is Now Running Non-Stop As Orders Top 100,000
8 Cheap EVs Were Driven Until They Died. One Stood Out
The New BMW i3 EV Is Coming To The U.S. Sooner Than Expected
Bentley’s First EV Charges Faster Than You Can Finish Lunch
A BMW i8, Tesla Model Y, And Audi E-Tron GT All Drag Race, But The Results Are Closer Than You'd Think",full,,dom_or_structured_full_text,,https://insideevs.com/news/809214/ix3-glc-ex60-highway-range/,INSIDEEVs,电池,电动汽车,2026-09-24T00:45:28+00:00,通用技术 > 通信和运输 > 物质运输 > 陆路运输,通用技术,陆路运输,"[{""path"":[""通用技术"",""通信和运输"",""物质运输"",""陆路运输""],""path_text"":""通用技术 > 通信和运输 > 物质运输 > 陆路运输"",""confidence"":0.88,""reason"":""核心是三款电动SUV高速公路能效与续航对比评测""}]",classified,2026-09-24T00:56:09.715034+00:00,glm-5.2,2026-09-10,
The Tesla Semi Just Got A Massive Boost From The Biggest U.S. Electric Truck Order Ever,2026-09-23,"The Tesla Semi Just Got A Massive Boost From The Biggest U.S. Electric Truck Order Ever
The record-setting order will double the number of electric Class 8 trucks in the U.S.
- The number of electric Class 8 trucks in the United States is about to double.
- That’s thanks to the biggest truck order in the country’s history.
- A coalition of the world’s largest cargo-owning shippers is buying thousands of new electric trucks, and the Tesla Semi is the main choice.
America’s streets are about to get a lot more electric big rigs, thanks to the biggest single order for electric Class 8 trucks in the country’s history. Orchestrated by a shipper alliance, the order will see no fewer than 2,500 new electric heavy-duty trucks land on U.S. roads in the coming months.
The biggest winner here is Tesla, with its Class 8 Semi being selected as the primary choice for the initial 2,500 trucks. Besides Tesla, the alliance behind this huge orchestrated effort will order trucks from Kenworth, Ride, and Volvo.
“The Tesla Semi is designed for lower cost per mile operations than diesel,” said Dan Priestley, Director for the Tesla Semi Program. “ZET SCALE’s goals are exciting because they take the operational cost advantage and predictability that electricity provides and amplifies it at scale. We are proud to have been the primary selection in this RFP (request for proposal) and look forward to giving shippers and carriers a new competitive edge.”
2026 Tesla Semi
It’s a big deal for the American electric trucking industry, as it’s set to double the number of battery-powered heavy-duty trucks in the country. It’s also a great opportunity for Tesla to make a mark with its delayed Semi, which recently went into production at a new facility in Nevada that’s capable of rolling out up to 50,000 trucks per year.
It’s just the beginning, though, as the companies that made this record-breaking order have set their sights on deploying over 10,000 electric trucks, though a timeline for the rollout has not been published.
The deal was put together by the Zero-Emission Truck Shipper-Carrier Alliance Leading Electrification (ZET SCALE), which is jointly operated by Catalyst Mobility and the Smart Freight Center. Microsoft and PepsiCo are among the companies that use ZET SCALE to ship goods across the U.S.
Speaking of money, the initial order for 2,500 trucks will be paid by ZET Financial, which will then deploy the electric big rigs to the shippers through what it calls its fair market value lease program. Dubbed ZET Lease, the program eliminates residual-value risk to the fleet operator, which has traditionally been a big barrier that kept a lot of carriers and fleets from buying electric trucks.
The new battery-powered rigs will be deployed at high-density freight hubs with the strongest initial routes and economics, enabling operators to make full use of the trucks and the charging infrastructure. For the first round of deployments, 10 freight hubs will welcome the new trucks: Southern California/Los Angeles, Northern California/Stockton, Central California/Bakersfield, Seattle/Tacoma, Houston, Dallas, San Antonio, the Chicago area, Atlanta, and Northern New Jersey/Newark/New York City.
The Tesla Semi is currently available in two versions. The Standard Range model is advertised with an estimated 325-mile range on a full charge and an average energy consumption of 1.7 kilowatt-hours/mile. Its curb weight is under 20,000 pounds, and it has a gross combination weight of 82,000 pounds. The Long Range Model, which has more batteries, can go up to 500 miles on a full charge and weighs 23,000 lbs.
Gallery: 2026 Tesla Semi
RECOMMENDED FOR YOU
The Tesla Semi Had This Reviewer Skeptical. Now He Thinks It’s A Game Changer
Nissan's Newest EV Isn't Actually A Nissan
Scania's New EV Truck Has 447 Miles Of Range
8 Cheap EVs Were Driven Until They Died. One Stood Out
Tesla's European Megacharger Rollout Starts With Over 100 Megawatt-Capable Chargers
Bentley’s First EV Charges Faster Than You Can Finish Lunch
Tesla Semi Is Heading To Europe With One Big Advantage—And One Major Weakness",full,,trafilatura_full_text,,https://insideevs.com/news/809205/largest-electric-truck-order-us-tesla-semi/,INSIDEEVs,电池,电动汽车,2026-09-24T00:45:30+00:00,通用技术 > 通信和运输 > 物质运输 > 陆路运输,通用技术,陆路运输,"[{""path"":[""通用技术"",""通信和运输"",""物质运输"",""陆路运输""],""path_text"":""通用技术 > 通信和运输 > 物质运输 > 陆路运输"",""confidence"":0.9,""reason"":""核心是美国最大电动重卡订单，Tesla Semi为主力车型""}]",classified,2026-09-24T00:56:09.715034+00:00,glm-5.2,2026-09-10,
Mercedes Taps Wayve For Tesla FSD-Like System Within 2 Years,2026-09-23,"Mercedes has a similar deal with Nvidia that is bringing point-to-point driver assistance to the CLA.
Photo by:
Mack Hogan/InsideEVs
8:35pm ET
Mercedes-Benz tapped a new supplier for advanced driver-assistance systems, the UK's Wayve.
Wayve touts an end-to-end approach to automated driving that does not require HD maps.
The companies plan to deploy a Wayve-based point-to-point driving assistant in Mercedes vehicles within two years.
Mercedes-Benz
vehicles will use driver-assistance technology powered by Wayve, a UK-based autonomous-driving startup, the companies announced on Tuesday. The deal to use Wayve's ""AI Driver"" will enable ""advanced urban point-to-point driving assistance""—which sounds a lot like what
offers with Full Self-Driving (Supervised)—in Mercedes cars starting within the next two years.
The announcement was short on details surrounding the new feature, which markets it will be deployed in, or which vehicles it will land in first. What's also unclear is how this new deal fits in with Mercedes-Benz's existing collaboration with Nvidia to deliver its own point-to-point system.
Last year,
Mercedes demonstrated MB.Drive Assist Pro
, an Nvidia-based system that promises to drive all the way to a destination under driver supervision, while navigating pedestrians, traffic lights, and other complex scenarios. The CLA is on sale, but MB.Drive Assist Pro hasn't landed in customer hands yet. Wayve counts Mercedes as an investor, and said that this deal ""builds on a multi-year technical partnership.""
Mercedes unveiled a point-to-point urban system in the CLA called MB.Drive Assist Pro.
Photo by: Mercedes-Benz
Mercedes was a pioneer in radar-based cruise control that modulates vehicle speed in response to the vehicle ahead. It launched its Distronic system on the S-Class in the late 1990s. In 2023, Mercedes also began selling America's first (and so far only) driver-assistance system that didn't require driver supervision all the time, Drive Pilot. It could operate hands- and eyes-free on certain highways in California and Nevada at low speeds, making it the country's first Level 3 software.
Now Tesla seems to be the one to beat, as auto companies increasingly chase the kind of point-to-point driving assistant that Elon Musk pioneered with FSD. Earlier this year, Mercedes
paused the expansion of Drive Pilot
as it shifted focus to its point-to-point project with Nvidia.
Stay informed with our newsletter every weekday
Rivian plans to
launch a point-to-point upgrade
to its Autonomy+ system this year. Toyota reportedly plans to sell its own Level 2++ feature in 2028. Hyundai has tapped Nvidia for Level 2+ capability in the near term, as it works on an in-house Atria AI system later this decade. Lucid, too, is working with Nvidia.
Wayve has become another significant player in this new era of driver assistance. Over the last year, the startup has struck deals to put its technology in vehicles from Stellantis and Nissan.
More Tech News
Facebook
LinkedIn
Flipboard
WhatsApp
RECOMMENDED FOR YOU
The Tesla Semi Just Got A Massive Boost From The Biggest U.S. Electric Truck Order Ever
Nissan's Newest EV Isn't Actually A Nissan
Teslas Are Way More Likely To Have Salvage Titles: Report
8 Cheap EVs Were Driven Until They Died. One Stood Out
The Tesla Semi Had This Reviewer Skeptical. Now He Thinks It’s A Game Changer
Bentley’s First EV Charges Faster Than You Can Finish Lunch
Tesla Wants $50,000 Deposits For A Roadster Nobody Has Seen Yet",full,,dom_or_structured_full_text,,https://insideevs.com/news/809174/mercedes-taps-wayve-for-tesla-fsd-like-driver-assistance/,INSIDEEVs,电池,电动汽车,2026-09-24T00:45:32+00:00,通用技术 > 通信和运输 > 物质运输 > 陆路运输,通用技术,陆路运输,"[{""path"":[""通用技术"",""通信和运输"",""物质运输"",""陆路运输""],""path_text"":""通用技术 > 通信和运输 > 物质运输 > 陆路运输"",""confidence"":0.85,""reason"":""核心是奔驰采用Wayve的端到端AI驾驶辅助系统，涉及汽车智能化""}]",classified,2026-09-24T00:56:09.715034+00:00,glm-5.2,2026-09-10,
Rivian Says The R2 Has Half The Carbon Footprint Of An R1S,2026-09-23,"The R2 helped Rivian hit its carbon footprint goals four years early, the company claims in its latest sustainability report.
Photo by:
Mack Hogan/InsideEVs
5:36pm ET
Most car companies talk a big game when it comes to their carbon footprint. They always talk about reducing their overall emissions usage, recycled materials, and improved manufacturing techniques. But Rivian actually wants to prove it. The electric truck company just released its 2025 Impact Report and R2 Circularity, Energy, & Carbon Footprint Report, which prove that the
Rivian R2
is twice as good for the polar bears as the R1.
Admittedly, we're talking lifecycle carbon footprint, not the manufacturing phase alone. Thanks to lighter weight and improved aero, the Rivian R2 is simply more efficient rolling down the road than its heavier, larger sibling. But it's also cleaner to make.
The R2 is constructed using 25% recycled materials, and its interior can almost entirely go in the recycling bin. The textiles are made from Nordic paper waste, its frunk and trim are made from 85% consumer waste, the floor mats are 99% ocean waste, and the resin battery cell trays are 100% recycled.
All of this means that the Rivian R2 has half the lifetime carbon footprint as the R1.
Photo by: Rivian
One of the R2's new features that helps is its integrated smart charging, which prioritizes charging the car at low-peak times of day. So while it's plugged in at home, it will try to charge when its cheapest, as often as possible.
Rivian is teachin' 'em young, too. It expanded its education network to 45 colleges and trade schools, to help teach young people about energy savings and sustainable manufacturing techniques. Hell, Rivian is even going so far as to challenge its part suppliers, requiring all potential Tier 1 direct suppliers to have human rights and environmental screenings.
The Rivian R2 isn't half the size of the R1, nor is it half the cost. But it's half as harmful to the world, and that's the truly important part. So know that if you own one, every mile you drive is one that's more efficient and more environmentally friendly than a mile in an R1. Even if
some of those miles come from torching tires
to bits.
Here are some similar stories
Facebook
LinkedIn
Flipboard
WhatsApp
RECOMMENDED FOR YOU
The Rivian R2 Just Got Its First Recall
Nissan's Newest EV Isn't Actually A Nissan
Rivian R3 Will Be Priced 'Materially Lower' Than R2, CEO Says
8 Cheap EVs Were Driven Until They Died. One Stood Out
The Best Tesla Alternatives In 2026
Bentley’s First EV Charges Faster Than You Can Finish Lunch
The Best Rivian R2 Colors Are Now Up For Grabs In The Configurator",full,,dom_or_structured_full_text,,https://insideevs.com/news/809176/rivian-r2-half-carbon-footprint/,INSIDEEVs,电池,电动汽车,2026-09-24T00:45:34+00:00,通用技术 > 通信和运输 > 物质运输 > 陆路运输,通用技术,陆路运输,"[{""path"":[""通用技术"",""通信和运输"",""物质运输"",""陆路运输""],""path_text"":""通用技术 > 通信和运输 > 物质运输 > 陆路运输"",""confidence"":0.85,""reason"":""核心是Rivian R2电动车生命周期碳足迹减半，属于电动汽车低碳化""}]",classified,2026-09-24T00:56:09.715034+00:00,glm-5.2,2026-09-10,
Teslas Are Way More Likely To Have Salvage Titles: Report,2026-09-23,"Teslas Are Way More Likely To Have Salvage Titles: Report
Nearly 20% of auctioned Teslas come with salvage titles, EpicVIN says. That's over twice as bad as the industry average.
- EpicVIN surveyed 273 million cars across 338 different models that went through auctions or sales listings. On average, 13.7% of all cars queried had salvage titles, but Tesla models average around 19%.
- Tesla's average fleet age is only 5.2 years, yet its salvage title rates sit at 19%. EpicVIN says the salvage title rates for fleets 5-8 years is 7.5%.
- This doesn't trend for other EVs. The Nissan Leaf and Hyundai Ioniq 5 have rates of 9.5% and 2.4%, respectively.
It’s no secret that Tesla is the biggest player in America's EV industry, with nearly 50% market share. But the company doesn't just make America's most popular EVs; it also makes the ones that are most likely to end up totaled. According to data from EpicVIN, Tesla models are far more likely to have salvage titles than other same-age cars that make their way through auction houses. Nearly a fifth of all Teslas that it analyzed had salvage titles.
To generate this data, EpicVIN looked at 273 million VINs across 338 different models. These VINs are sourced from auction or sale listings, not state registrations. When it analyzed the data for August 2026, 13.7% of the vehicles in the study had salvage titles, but Tesla’s models hovered around 18-19%.
That number is worse than it may seem at first. The average age of Teslas in the sample is only 5.2 years old. By comparison, EpicVIN says the average salvage title rate for cars that are 5–8 years old is 7.5%. To find a brand with higher rate of salvage titles, you have to look at Saturn, Mercury, or Pontiac. All three brands have been dead for at least a over a decade, and their average fleet ages are all above 20 years.
GMC, the second-worst performer among brands that still exist, had a salvage rate of just 8.3%, less than half that of Tesla's.
For those not in the know, a salvage vehicle is one that has been declared a total loss by an insurer. This happens when the estimated repair costs for an accident exceed a certain percentage of the vehicle's value, making it simpler for the insurer to write the car off rather than repair it properly. Thus, generally older cars tend to have higher rates of salvage titles since depreciation drives their values down. Even relatively minor accidents may total an older car, since the cost of repair can easily surpass the car’s value.
EpicVIN's report says that Tesla is the exception here. The average age of vehicles it studied was only 5.2 years, yet it still sat at just under 20%. By comparison, Saturn’s salvage title rate was 24.4%, but the average age was 22.8 years. The Tesla Model 3 takes the crown for the largest number of salvage title vehicles in the EV realm, with 341,078 cars having a salvage-branded total, representing 19% of all Model 3s sampled. The Tesla Model Y’s 19.1% rate is higher, but there aren’t as many cars in the study.
The high loss rate is not even a general EV thing, either. The Nissan Leaf only has a 9.5% salvage title rate. The Hyundai Ioniq 5 is only 2.4%.
Although it can be easy to jump to conclusions about Tesla drivers, this doesn’t necessarily mean that Tesla drivers are bad or that the cars are unreliable, per se. Remember, when an insurance company deems a car a total loss, it’s purely a function of cost to repair compared to the vehicle’s value.
Tesla cars have a few things working against them there. EV residuals in general aren’t so strong, and Teslas have faced steep depreciation over the last few years. Also, in an SUV-crazed world, sedan models tend to transact lower, driving down values. Add in the higher repair costs of Teslas and it’s not hard to see why these cars—particularly the Tesla Model 3—so often come with salvage titles. Some of these complaints aren’t new news, either. Hertz liquidated much of its Tesla fleet because of how frustrating they were to maintain, and the shrinking residual values. Tesla resale values seem to have leveled off somewhat, but every mainstream car will continue to depreciate as it ages.
Right now, many popular non-Tesla EV models are relatively new on the market. The Tesla Model 3 and Model Y were released in 2017 and 2019, respectively. The Ioniq 5 wasn’t released until 2021. As cars like the Ioniq 5 age and their value inevitably goes down, expect the rate of salvage title events to increase.
Now, it’s not necessarily the end of the world. Salvage title vehicles can often be repaired, but that takes work and often involves an inspection to ensure safety and roadworthiness. When that happens, the title status shifts from salvage to rebuilt. Rebuilt title cars are often hit or miss, and I can’t recommend anyone intentionally buy one without a very in-depth inspection and understanding exactly what could go wrong.
Thankfully, most won’t rebuild these cars, though. EpicVIN found that only about 1.5% of the cars it searched had a rebuilt title. So, the odds that you’ll encounter a salvage or rebuilt title car at a dealership without a clear disclosure are lower than you’d think. And you don't have to settlef for one. There are plenty of other non-rebuilt title EVs to choose from. If you’re unsure if the used car you’re considering is a salvage title, a vehicle history report should tell you if the vehicle was ever deemed a total loss.
RECOMMENDED FOR YOU
The Tesla Semi Just Got A Massive Boost From The Biggest U.S. Electric Truck Order Ever
Nissan's Newest EV Isn't Actually A Nissan
Mercedes Taps Wayve For Tesla FSD-Like System Within 2 Years
8 Cheap EVs Were Driven Until They Died. One Stood Out
The Tesla Semi Had This Reviewer Skeptical. Now He Thinks It’s A Game Changer
Bentley’s First EV Charges Faster Than You Can Finish Lunch
Tesla Wants $50,000 Deposits For A Roadster Nobody Has Seen Yet",full,,trafilatura_full_text,,https://insideevs.com/news/809165/tesla-salvage-title-auction-rate/,INSIDEEVs,电池,电动汽车,2026-09-24T00:45:36+00:00,通用技术 > 通信和运输 > 物质运输 > 陆路运输,通用技术,陆路运输,"[{""path"":[""通用技术"",""通信和运输"",""物质运输"",""陆路运输""],""path_text"":""通用技术 > 通信和运输 > 物质运输 > 陆路运输"",""confidence"":0.7,""reason"":""核心事件是电动车整车报废率与车辆耐久性数据，属电动汽车消费与可靠性议题。""}]",classified,2026-09-24T00:56:17.633639+00:00,glm-5.2,2026-09-10,
Toyota Is Reportedly Getting Into EREVs. Here's What We Know,2026-09-23,"Toyota Is Reportedly Getting Into EREVs. Here's What We Know
Extended-range EVs are gaining traction in China. Toyota wants in on the game.
- Toyota is planning to start building extended-range EVs in China, Nikkei Asia reported.
- The plan calls for 200,000 units in 2027 and double that the following year.
- Toyota would join several Chinese automakers, plus Scout, Hyundai, Jeep, and Ram, in experimenting with this new-ish powertrain.
Toyota is planning a big push into extended-range EVs (EREV) in China, Nikkei Asia reports. The company has embraced a ""multi-pathway"" approach that includes hybrids, plug-in hybrids, full EVs, and hydrogen cars. Now it's diving into the latest hybrid powertrain to gain steam.
EREVs are driven entirely by electric motors but have internal combustion generators to add range to the battery. According to Nikkei, Toyota plans to start building a few hundred vehicles per month in China, with production ramping up to about 200,000 units in 2027. The company reportedly plans to double that in 2028.
Those are huge figures, considering that, as Nikkei notes, Toyota sold around 380,000 plug-in vehicles (200,000 EVs and 180,000 PHEVs) last year.
Ram pickup teaser: Ram Revolution
The move makes sense in that China is the world's biggest EV market, and EREVs have been gaining traction there for years. So Toyota may not want to be left out as other automakers snag that growing market. One example: Xiaomi, one of China's fastest-moving startups, just expanded into extended-range SUVs with its SkyNomad series. On top of that, Nikkei notes, China has excluded hybrids from tax incentives that apply to other electrified cars.
""Competition in China is intensifying as the market fixates on battery EVs, leading to price wars among automakers,"" a Toyota executive said, per Nikkei. ""We need to take steps to avoid being dragged into that competition.""
Toyota is just the latest company to (reportedly) dive into the extended-range EV world. The vehicles are already popular in China. Plus, manufacturers like Ram, Ford, Jeep, Scout Motors, Hyundai, and Kia are rolling them out in the U.S. in the coming months and years. The focus right now is on larger vehicles like pickup trucks and bulky SUVs, models that are difficult to electrify in a cost-effective manner. Hyundai is making an EREV Santa Fe, while Ford is bringing the tech to the F-150.
Does that mean we'll see an EREV Toyota Land Cruiser in the U.S.? Nobody really knows how popular EREVs will be here, since the powertrain is virtually untested. But if they prove successful, the king of hybrids may want to jump in here too.
RECOMMENDED FOR YOU
Toyota's Hydrogen Pickup Is Coming In 2028 With 248-Mile Range
Nissan's Newest EV Isn't Actually A Nissan
I Drove All The New Toyota EVs. Here’s My Pick—And How To Choose
8 Cheap EVs Were Driven Until They Died. One Stood Out
Toyota Recalls 10,000 C-HR EVs That May Lose Power While Driving
Bentley’s First EV Charges Faster Than You Can Finish Lunch
Toyota’s Tesla-FSD Like System Arrives In 2028, But With Key Differences",full,,trafilatura_full_text,,https://insideevs.com/news/809159/toyota-build-erevs-china/,INSIDEEVs,电池,电动汽车,2026-09-24T00:45:38+00:00,通用技术 > 通信和运输 > 物质运输 > 陆路运输,通用技术,陆路运输,"[{""path"":[""通用技术"",""通信和运输"",""物质运输"",""陆路运输""],""path_text"":""通用技术 > 通信和运输 > 物质运输 > 陆路运输"",""confidence"":0.88,""reason"":""核心事件为丰田在华布局增程式电动车动力系统与产能规划。""}]",classified,2026-09-24T00:56:17.633639+00:00,glm-5.2,2026-09-10,
High-Mileage EVs May Hold Up Better Than Gas Cars: Study,2026-09-23,"High-Mileage EVs May Hold Up Better Than Gas Cars: Study
Are concerns about EV longevity overblown? According to a new study of 47 million vehicle inspections in the U.K., the answer is yes.
- A new study shows that high-mileage EVs likely aren't as scary as you think.
- EVs exhibited fewer overall defects as mileage accumulated than combustion-powered cars.
- They also showed a 55% lower road exit rate at 15 years old.
High-mileage cars have scared off potential buyers since the early days of car buying. After all, wear and tear does break down components over time, which means that some buyers will see a high number on the odometer and treat it as evidence that the vehicle is moments away from heading to the scrap yard.
Now used EVs? That's a whole different ball game. With electric propulsion tech being newer to modern cars (and so much false information about battery longevity being spread around for the better part of a decade), many buyers might look at an electric car and expect it to be as disposable as an iPhone. It turns out that's not the case at all.
EVs actually have fewer major safety and emissions issues than gas cars, according to a new study of more than 47.4 million vehicle inspections in the UK. The data shows that EVs are actually less likely to fail the British MOT's roadworthiness test when pinned up against their comparable gas and diesel-powered counterparts.
The study examined vehicles between three and eight years old with between 90,000 and 120,000 miles on the odometer. It found that EVs were 25% less likely to fail the UK's annual MOT inspection. On average, EVs had a failure rate of 16.5% versus ICE cars averaging around 22.1%.
Beyond 120,000 miles, the gap between EVs and ICE vehicles actually widened to 32%. EV failures dropped to 16% while ICE vehicles climbed to 23.5%. And when age is considered, the study concludes that at 15 years, half as many EVs were removed from service compared to gas cars (5.4% versus 11.9%).
For those in the U.S., the MOT is similar to an annual safety and emissions inspection in some U.S. states. The vehicle's fitness to be on the road is assessed, checking things like tire tread, brakes, suspension components, lighting, emissions control components, and more. Essentially, it's confirming that the car meets the minimum required condition to operate legally on public streets. It doesn't assess the health of all components like the vehicle's drivetrain or battery, but a vehicle must move under its own power to pass. And a check engine light is an immediate fail.
The test showed that EVs were 1.8 times more likely to carry a risk of elevated tire wear compared to an ICE car—which is to be expected, given an EV's increased weight—however, suspension-related failures actually decreased with mileage compared to gas-powered cars. Brake defects were also significantly less, with 66% fewer defects over 90,000 miles in EVs. Again, this tracks, as modern EVs rarely engage their friction brakes, so excess wear is unlikely to be an issue.
Of course, this isn't a full picture of EV or gas car reliability. Cars with issues can still pass MOT. But other tests have shown in the past that EVs are still significantly less likely to break down versus ICE cars. That's logical, especially considering how many fewer moving powertrain parts and emission components can fail when put up against a combustion engine. Battery degradation has also proven to be a far less worrisome issue than originally thought, and one electric car brand even ranks above 26 other automakers when assessing the likelihood of reaching 250,000 miles.
To be abundantly clear, and as a stakeholder in the study points out, this data isn't an argument that you shouldn't do your homework before buying a used car, let alone a used EV. A vehicle's service history, battery health, and common platform issues should all be considered before signing over the title.
One thing is certain, though: with a clean bill of health, a high-mileage EV shouldn't scare anyone. In fact, this data shows that a cheaper, high-mileage EV purchase might be more compelling now than ever.
RECOMMENDED FOR YOU
Nissan's Newest EV Isn't Actually A Nissan
Geely's New EV Charger Is Absurdly Powerful: 2.2 Megawatts
8 Cheap EVs Were Driven Until They Died. One Stood Out
The New BMW i3 EV Is Coming To The U.S. Sooner Than Expected
Bentley’s First EV Charges Faster Than You Can Finish Lunch
Volkswagen Is Now Selling More EVs Than Gas Cars In Germany. That Changes The Plan
The Rivian R2 Just Got Its First Recall",full,,trafilatura_full_text,,https://insideevs.com/news/809127/ev-durability-gas-uk-study/,INSIDEEVs,电池,电动汽车,2026-09-24T00:45:40+00:00,通用技术 > 通信和运输 > 物质运输 > 陆路运输,通用技术,陆路运输,"[{""path"":[""通用技术"",""通信和运输"",""物质运输"",""陆路运输""],""path_text"":""通用技术 > 通信和运输 > 物质运输 > 陆路运输"",""confidence"":0.82,""reason"":""研究比较高里程电动车与燃油车的耐久性表现，核心为电动汽车可靠性。""}]",classified,2026-09-24T00:56:17.633639+00:00,glm-5.2,2026-09-10,
Your Next Cadillac Or Chevy EV Could Have A Recycled Battery,2026-09-23,"Your Next Cadillac Or Chevy EV Could Have A Recycled Battery
General Motors said it is now using old battery materials to power new electric vehicles.
Your next electric Cadillac, Chevy, or GMC may have had a past life. General Motors said Tuesday that it had started installing batteries containing recycled materials from old packs into new models as a part of a new pilot program.
The battery is the most expensive component in an EV, and it's also highly recyclable. Depending on the battery chemistry and the recycling process, GM said 95% of the nickel, cobalt, and manganese, and 80% of the lithium, can be recovered and processed for use in brand new cells.
At a large enough scale, that could help lower the cost of batteries, reduce the need for mineral extraction from expensive and environmentally damaging mining, and shrink the overall footprint of making EVs. It's the kind of closed-loop recycling the EV industry is slowly moving toward, whereby yesterday's batteries can power today's EVs.
GM Ultium Platform
GM said it worked with battery recycling company Cirba Solutions to recover materials from 80 end-of-life batteries as part of this pilot. Cirba recovered black mass, the dark powdery mix of cathode and anode materials, such as lithium, nickel, cobalt, manganese, and graphite, that is left over after batteries are broken down. The black mass isn't reusable on its own. It has to go through chemical processing before it can be converted into new cathode active material.
The cathode is the part of a cell that charged particles travel to during driving. When you hear about different battery chemistries—like lithium iron phosphate or nickel cobalt aluminum—that refers to the cathode material. Anodes are typically made of graphite, or sometimes a mix of graphite and silicon.
GM said the recovered black mass was transformed into 12 metric tons of new cathode active material made with 100% recycled nickel, cobalt, and manganese. That material then went into brand-new battery cells. Those batteries have since gone into production vehicles, including the Cadillac Lyriq, Vistiq, Escalade IQ and IQL, the Chevrolet Silverado EV Trail Boss, and the GMC Sierra EV AT4. In other words, this was a pilot but it wasn't just a lab experiment. The batteries are actually headed to customers.
""This new cathode active material was validated to the same high quality, safety and performance standards required for use in an electric vehicle, and cells made with recycled materials performed as well as those made from virgin material,"" Kurt Kelty, the vice president of battery and sustainability at GM said in a social media post.
Ultium EV Cells
Batteries don't need to be recycled the moment they're no longer useful in a vehicle. Before they're broken down for materials recovery, they can often find a second life in applications like energy storage. GM is working with battery recycling company Redwood Materials to deploy roughly 10,000 used EV batteries for energy storage. Once those batteries finally reach the end of their usable life, they can be recycled into new cells that can go back into new EVs.
GM is far from the only automaker exploring ways to reuse or remanufacture expensive EV batteries. Porsche said last week that it had produced prototype battery cells using recycled materials and plans to put them into production vehicles by 2028. Rivian is also working with Redwood Materials to power its Illinois factory with second-life batteries in energy storage systems.
It stands to reason that Tesla has a robust battery recycling program already, since it's been making EVs at scale longer than anybody. In a recent blog post, Tesla said it is ""working to reduce our reliance on newly mined critical materials"" and that in 2025 it recycled thousands of metric tons of material through its own facilities and third-party recyclers. ""Wherever possible, we return these materials to our battery supply chain, refining them into components for new batteries,"" the company said.
RECOMMENDED FOR YOU
GM's New UI For Trucks Plays Nice With CarPlay
Nissan's Newest EV Isn't Actually A Nissan
'Can't Be Done By One Company': Factorial Is Rallying A Team To Build Solid-State Batteries
8 Cheap EVs Were Driven Until They Died. One Stood Out
A Mercedes-Backed Company Just Put Solid-State Batteries Into Mass Production
Bentley’s First EV Charges Faster Than You Can Finish Lunch
This American Battery Could Break China’s Grip On The EV Supply Chain",full,,trafilatura_full_text,,https://insideevs.com/news/809134/gm-recycled-ev-battery-cirba-solutions/,INSIDEEVs,电池,电动汽车,2026-09-24T00:45:42+00:00,零碳产业 > 物质循环 > 资源回收利用与排放治理 > 物质回收,零碳产业,物质回收,"[{""path"":[""零碳产业"",""物质循环"",""资源回收利用与排放治理"",""物质回收""],""path_text"":""零碳产业 > 物质循环 > 资源回收利用与排放治理 > 物质回收"",""confidence"":0.85,""reason"":""核心事件是通用汽车将回收电池材料用于新车电池的闭环回收试点。""},{""path"":[""零碳产业"",""能量转化"",""能量存储"",""电化学储能"",""二次电池"",""传统蓄电池"",""有机体系"",""锂电""],""path_text"":""零碳产业 > 能量转化 > 能量存储 > 电化学储能 > 二次电池 > 传统蓄电池 > 有机体系 > 锂电"",""confidence"":0.7,""reason"":""新闻对象为电动汽车锂离子电池及其材料回收利用。""}]",classified,2026-09-24T00:56:17.633639+00:00,glm-5.2,2026-09-10,
总投资超76亿！比亚迪、杉杉股份等5企推进锂电储能项目,2026-09-23,"集邦光储观察获悉，近期，杉杉股份、思格新能源、比亚迪等5企锂电储能项目建设及产能布局持续推进。
杉杉股份拟建15万吨锂电负极材料项目
9月23日，杉杉股份发布公告称，公司拟在内蒙古包头市青山区装备园区建设年产15万吨锂离子电池负极材料一体化基地项目，项目总投资约51.06亿元。
项目建设期为17个月，计划于2027年3月开工、2028年7月竣工。项目建成后将形成年产15万吨锂离子电池负极材料产能，并配套5万吨石墨化产能。
思格新能源南通智慧能源中心二期项目封顶
9月21日，思格新能源南通智慧能源中心二期项目顺利完成主体结构封顶。
该二期项目总投资10亿元，主要布局大型地面电站储能设备的生产。项目建成投产后，将与今年3月启用的一期项目（主打户用及工商业储能）产能互补，实现“户用—工商业—大型地面电站”全场景储能产品矩阵的覆盖。
目前，二期项目已转入后续建设与投产筹备阶段，计划于2027年一季度正式开园。
比亚迪拟在欧洲建电池工厂
近日，比亚迪欧洲顾问阿尔塔维拉（Alfredo Altavilla）表示，为实现销量目标并符合欧盟相关法规，比亚迪从长远来看计划在欧洲建立一座电池工厂和三座整车组装厂。
为降低资金成本并缩短建设周期，比亚迪倾向于全资收购并改造现有旧工厂，而非从零建厂。目前法国和西班牙已被列入候选地点，公司计划在今年年底前确定第二座欧洲工厂的选址。
内江5GWh钠离子电芯项目环评公示
9月20日，内江东兴区5GWh钠离子数字化电芯工厂项目环境影响登记表对外公示，该项目已于9月16日完成备案。
项目总投资12亿元，由超威集团控股公司旗下的金太阳曜钠（四川）科技有限公司投建。项目总建筑面积8万平方米，分两期建设，一二期各规划2.5GWh钠离子电芯产能。
建设内容包括5GWh电芯生产线、仓储及动力站等配套设施，并将搭建生产、财务物料与仓库一体化的数字化管理平台。
迈格瑞能储能项目签约珠海
9月9日，迈格瑞能储能系统生产基地项目在珠海市香洲区正式签约，并同步引入正菱控股的战略投资。
该项目计划总投资3亿元，首期建设1.4万平方米的储能系统生产基地。此次投建新基地旨在推动迈格瑞能从储能核心设备向系统化解决方案延伸，进一步提升其在储能系统的标准化生产、系统集成及规模化交付能力。
集邦光储观察整理
1、EnergyTrend-集邦新能源网」包含的内容和信息是根据公开资料分析和演释，该公开资料，属可靠之来源搜集，但这些分析和信息并未经独立核实。本网站有权但无此义务，改善或更正在本网站的任何部分之错误或疏失。
2、任何在「EnergyTrend-集邦新能源网」上出现的信息（包括但不限于公司资料、资讯、研究报告、产品价格等），力求但不保证数据的准确性，均只作为参考，您须对您自主决定的行为负责。如有错漏，请以各公司官方网站公布为准。
3、「EnergyTrend-集邦新能源网」信息服务基于""现况""及""现有""提供，网站的信息和内容如有更改恕不另行通知。
4、「EnergyTrend-集邦新能源网」尊重并保护所有使用用户的个人隐私权，您注册的用户名、电子邮件地址等个人资料，非经您亲自许可或根据相关法律、法规的强制性规定，不会主动地泄露给第三方。
「EnergyTrend-集邦新能源网」所刊原创内容之著作权属于「EnergyTrend-集邦新能源网」网站所有，未经本站之同意或授权，任何人不得以任何形式重制、转载、散布、引用、变更、播送或出版该内容之全部或局部，亦不得有其他任何违反本站著作权之行为。
远东储能打造AIDC能源解决方案
隆基绿能与山西鼎鑫物流签署20MWh储能项目合作
又一企588Ah、601Ah大容量储能电芯量产下线
远景能源、星源材质等8企锂电储能项目进展更新
远景能源、隆基等3企海外储能业务获新进展",full,,dom_or_structured_full_text,,https://www.energytrend.cn/news/20260923-148761.html,EnergyTrend储能,储能,储能/电池/光伏,2026-09-24T00:45:49+00:00,零碳产业 > 能量转化 > 能量存储 > 电化学储能 > 二次电池 > 传统蓄电池 > 有机体系 > 锂电,零碳产业,锂电,"[{""path"":[""零碳产业"",""能量转化"",""能量存储"",""电化学储能"",""二次电池"",""传统蓄电池"",""有机体系"",""锂电""],""path_text"":""零碳产业 > 能量转化 > 能量存储 > 电化学储能 > 二次电池 > 传统蓄电池 > 有机体系 > 锂电"",""confidence"":0.88,""reason"":""核心是杉杉负极材料、比亚迪电池厂等多企锂电储能项目进展。""},{""path"":[""零碳产业"",""能量转化"",""能量存储"",""电化学储能"",""二次电池"",""传统蓄电池"",""有机体系"",""钠电""],""path_text"":""零碳产业 > 能量转化 > 能量存储 > 电化学储能 > 二次电池 > 传统蓄电池 > 有机体系 > 钠电"",""confidence"":0.75,""reason"":""文中包含内江5GWh钠离子电芯建厂项目。""}]",classified,2026-09-24T00:56:17.633639+00:00,glm-5.2,2026-09-10,
17.92亿！晶科能源技改12GW电池组件产线,2026-09-23,"集邦光储观察获悉，9月21日，嘉兴市生态环境局发布浙江晶科能源有限公司高效新结构电池及组件技术改造项目拟审批公告。
公告显示，该项目位于浙江省海宁市，晶科能源计划投资17.92亿元，利用现有厂房实施技术改造。项目主要针对现有电池及组件生产线进行设备更新和工艺调整，并同步完善相关配套设施。
目前，项目厂区拥有年产6GW晶硅电池和6GW电池组件产能，合计12GW。此次技改完成后，产能将调整为年产2.7GW高效新结构电池和4GW组件，合计6.7GW，同时保留电池片研发能力。
从具体建设内容来看，项目将对制绒、扩散、刻蚀、清洗、镀膜、丝网印刷等电池生产环节进行设备及工艺调整，同时涉及组件生产设备和生产线数字化系统改造，并同步调整相关环保设施。
目前，该项目仍处于环评审批阶段，后续建设内容及实际产能以相关审批文件和项目实施情况为准。
集邦光储观察整理
1、EnergyTrend-集邦新能源网」包含的内容和信息是根据公开资料分析和演释，该公开资料，属可靠之来源搜集，但这些分析和信息并未经独立核实。本网站有权但无此义务，改善或更正在本网站的任何部分之错误或疏失。
2、任何在「EnergyTrend-集邦新能源网」上出现的信息（包括但不限于公司资料、资讯、研究报告、产品价格等），力求但不保证数据的准确性，均只作为参考，您须对您自主决定的行为负责。如有错漏，请以各公司官方网站公布为准。
3、「EnergyTrend-集邦新能源网」信息服务基于""现况""及""现有""提供，网站的信息和内容如有更改恕不另行通知。
4、「EnergyTrend-集邦新能源网」尊重并保护所有使用用户的个人隐私权，您注册的用户名、电子邮件地址等个人资料，非经您亲自许可或根据相关法律、法规的强制性规定，不会主动地泄露给第三方。
「EnergyTrend-集邦新能源网」所刊原创内容之著作权属于「EnergyTrend-集邦新能源网」网站所有，未经本站之同意或授权，任何人不得以任何形式重制、转载、散布、引用、变更、播送或出版该内容之全部或局部，亦不得有其他任何违反本站著作权之行为。
东方日升首批pHJT CIC电池下线
晶澳试水太空光伏！p-HJT产品完成太空在轨验证发射
爱旭股份、海泰新能披露最新业务进展
通威：海外组件销量占比近40%
近1GW！晶科、天合等5企光伏组件订单接连落地",full,,dom_or_structured_full_text,,https://www.energytrend.cn/news/20260923-148759.html,EnergyTrend储能,储能,储能/电池/光伏,2026-09-24T00:45:51+00:00,零碳产业 > 能量转化 > 能源测 > 一次能源转化 > 太阳能转化 > 光伏,零碳产业,光伏,"[{""path"":[""零碳产业"",""能量转化"",""能源测"",""一次能源转化"",""太阳能转化"",""光伏""],""path_text"":""零碳产业 > 能量转化 > 能源测 > 一次能源转化 > 太阳能转化 > 光伏"",""confidence"":0.92,""reason"":""核心事件是晶科能源12GW光伏电池组件产线技改。""}]",classified,2026-09-24T00:56:17.633639+00:00,glm-5.2,2026-09-10,
古瑞瓦特：逆变器、储能系统，涨价！,2026-09-23,"集邦光储观察获悉，9月21日，古瑞瓦特向其经销商合作伙伴发布产品调价通知。古瑞瓦特计划，自10月8日起，上调逆变器及储能系统产品价格，涨价幅度在5%-10%之间。
古瑞瓦特在调价通知中还提到，近期上游原材料价格上涨、核心器件供应紧张，推高了整体生产成本。尽管已通过供应链优化、内部降本等手段消化成本压力，但成本增幅已超出企业可承受范围，因此对部分产品调价。
根据通知文件，本次调价覆盖以下两大类别：
组串式逆变器，含并网逆变器及储能逆变器：价格上调5%-10%；
储能系统，含工商业储能柜及户储系统：价格上调5%-10%。
调价规则方面，通知明确，将以10月8日为执行节点。生效日期前已完成签约、付款的订单，价格维持不变。
据集邦光储观察不完全统计，今年7月以来，阳光电源、亿纬锂能、易事特等超10家储能相关企业已先后发布调价通知，调整内容包含锂电池、储能变流器、光储充设备、户用储能产品等。调价幅度最低2%，最高达30%。
从储能产业链的发展来看，本轮涨价由多重因素共同驱动。一方面，9月起锂电池加征2%消费税的新政落地，带来了刚性税费的增加，电芯厂商逐步传导新增税费成本。
与此同时，铜、铝等原材料以及功率器件价格上涨，核心元器件供给偏紧，产业链企业面临持续的成本压力，继而向下游转嫁成本。
附图：古瑞瓦特产品调价通知
集邦光储观察整理
1、EnergyTrend-集邦新能源网」包含的内容和信息是根据公开资料分析和演释，该公开资料，属可靠之来源搜集，但这些分析和信息并未经独立核实。本网站有权但无此义务，改善或更正在本网站的任何部分之错误或疏失。
2、任何在「EnergyTrend-集邦新能源网」上出现的信息（包括但不限于公司资料、资讯、研究报告、产品价格等），力求但不保证数据的准确性，均只作为参考，您须对您自主决定的行为负责。如有错漏，请以各公司官方网站公布为准。
3、「EnergyTrend-集邦新能源网」信息服务基于""现况""及""现有""提供，网站的信息和内容如有更改恕不另行通知。
4、「EnergyTrend-集邦新能源网」尊重并保护所有使用用户的个人隐私权，您注册的用户名、电子邮件地址等个人资料，非经您亲自许可或根据相关法律、法规的强制性规定，不会主动地泄露给第三方。
「EnergyTrend-集邦新能源网」所刊原创内容之著作权属于「EnergyTrend-集邦新能源网」网站所有，未经本站之同意或授权，任何人不得以任何形式重制、转载、散布、引用、变更、播送或出版该内容之全部或局部，亦不得有其他任何违反本站著作权之行为。
超2.3GWh，天合、阳光电源等4企再签海外储能订单
亿纬锂能与中城能源达成战略合作
总量206GWh，亿纬锂能与Fluence达成5年储能电池供货协议
超2GWh，阳光电源、隆基等5企签订重磅储能订单
阳光电源、科士达宣布涨价，光储产品最高涨20%",full,,dom_or_structured_full_text,,https://www.energytrend.cn/news/20260923-148753.html,EnergyTrend储能,储能,储能/电池/光伏,2026-09-24T00:45:53+00:00,零碳产业 > 能量转化 > 能量存储 > 电化学储能 > 二次电池 > 传统蓄电池 > 有机体系 > 锂电,零碳产业,锂电,"[{""path"":[""零碳产业"",""能量转化"",""能量存储"",""电化学储能"",""二次电池"",""传统蓄电池"",""有机体系"",""锂电""],""path_text"":""零碳产业 > 能量转化 > 能量存储 > 电化学储能 > 二次电池 > 传统蓄电池 > 有机体系 > 锂电"",""confidence"":0.85,""reason"":""核心事件为光储逆变器与储能系统涨价，涉及锂电池储能产业链成本传导""}]",classified,2026-09-24T00:56:53.831256+00:00,glm-5.2,2026-09-10,
远东储能打造AIDC能源解决方案,2026-09-23,"当前AI产业蓬勃发展，AIDC智算配套储能赛道景气度持续走高。储能行业发展逻辑已发生转变，市场竞争由硬件产能竞争，转向场景运营、收益管理与综合能源服务的综合实力比拼。远东智慧能源股份有限公司旗下远东储能依托成熟储能技术与经验，持续深耕AIDC领域，助力算力基础设施绿色稳定运行。
随着大模型训练与推理需求快速增长，智算中心能耗压力持续加大。国际能源署数据显示，去年全球数据中心用电量同比增长17%，AI智算中心耗电增速高达50%。业内预判，至“十五五”末期，国内算力中心用电量占全社会用电比重将突破8%，储能从算力中心可选配套升级为保障供电、降低能耗成本的核心基建。AIDC对供电稳定性、负荷响应速度提出严苛要求，储能价值也从单一备电，升级为“备电+快速响应+电网支撑”多重功能。
针对AIDC场景痛点，远东储能打造“绿枢盾”“智储盾”“数能盾”三大场景化方案，覆盖高容备电、绿电直供、PUE优化，聚焦绿电协同、稳定供电、高可靠备电，匹配各类算力中心能源需求。公司构建从高性能电芯到液冷储能系统的完整产品体系，在电芯倍率、PCS响应、BMS控制、热管理及构网技术方面持续攻关。
相关技术已在大型储能项目落地验证。远东储能参与建设的新疆立诺200MW/800MWh构网型独立储能项目顺利并网，项目采用PowerSTROM 6000液冷储能集装箱方案，搭载1750kW构网型PCS，为AIDC储能项目积累构网与大容量液冷工程实践经验。
除布局AIDC新兴赛道外，远东储能持续迭代PowerSTROM系列液冷储能系统，覆盖电源侧、电网侧、工商业储能场景。全球化布局稳步推进，储能系统落地欧洲、北美、亚洲多地，具备海外准入、项目交付、调试运维全链条服务能力。
面向新型电力系统建设，远东储能将持续推进算储融合技术创新，以安全高效的储能解决方案赋能AIDC产业发展，推动能源基础设施与算力产业深度协同。
1、EnergyTrend-集邦新能源网」包含的内容和信息是根据公开资料分析和演释，该公开资料，属可靠之来源搜集，但这些分析和信息并未经独立核实。本网站有权但无此义务，改善或更正在本网站的任何部分之错误或疏失。
2、任何在「EnergyTrend-集邦新能源网」上出现的信息（包括但不限于公司资料、资讯、研究报告、产品价格等），力求但不保证数据的准确性，均只作为参考，您须对您自主决定的行为负责。如有错漏，请以各公司官方网站公布为准。
3、「EnergyTrend-集邦新能源网」信息服务基于""现况""及""现有""提供，网站的信息和内容如有更改恕不另行通知。
4、「EnergyTrend-集邦新能源网」尊重并保护所有使用用户的个人隐私权，您注册的用户名、电子邮件地址等个人资料，非经您亲自许可或根据相关法律、法规的强制性规定，不会主动地泄露给第三方。
「EnergyTrend-集邦新能源网」所刊原创内容之著作权属于「EnergyTrend-集邦新能源网」网站所有，未经本站之同意或授权，任何人不得以任何形式重制、转载、散布、引用、变更、播送或出版该内容之全部或局部，亦不得有其他任何违反本站著作权之行为。
总投资超76亿！比亚迪、杉杉股份等5企推进锂电储能项目
隆基绿能与山西鼎鑫物流签署20MWh储能项目合作
200MW/400MWh！鹏辉力赫河南郏县储能电站项目举行开工仪式
又一企588Ah、601Ah大容量储能电芯量产下线
远景能源、星源材质等8企锂电储能项目进展更新",full,,dom_or_structured_full_text,,https://www.energytrend.cn/news/20260923-148751.html,EnergyTrend储能,储能,储能/电池/光伏,2026-09-24T00:45:55+00:00,零碳产业 > 能量转化 > 能量存储 > 电化学储能 > 二次电池 > 传统蓄电池 > 有机体系 > 锂电,零碳产业,锂电,"[{""path"":[""零碳产业"",""能量转化"",""能量存储"",""电化学储能"",""二次电池"",""传统蓄电池"",""有机体系"",""锂电""],""path_text"":""零碳产业 > 能量转化 > 能量存储 > 电化学储能 > 二次电池 > 传统蓄电池 > 有机体系 > 锂电"",""confidence"":0.88,""reason"":""核心是远东储能为智算中心提供液冷锂电储能系统及构网型储能项目""},{""path"":[""AI与智能科技"",""AI硬件层"",""算力能源基础设施""],""path_text"":""AI与智能科技 > AI硬件层 > 算力能源基础设施"",""confidence"":0.8,""reason"":""新闻聚焦AIDC智算中心配套储能与算力能源保障""}]",classified,2026-09-24T00:56:53.831256+00:00,glm-5.2,2026-09-10,
隆基绿能与山西鼎鑫物流签署20MWh储能项目合作,2026-09-23,"近日，隆基绿能与山西鼎鑫物流正式签署20MWh储能项目合作协议。4台5MWh LONGiBank 1.0液冷储能系统将应用于鼎鑫物流运营的山西最大重卡充电站，结合项目此前并网的3.2MW分布式光伏，为充电站降低运营成本、稳定场站车流提供系统解决方案。该项目标志着全栈隆基“LONGi ONE”光储融合战略在交通补能场景再落一子。
20MWh储能落地山西最大重卡充电站，表面看是一个项目签约，背后折射的却是高耗能补能场景的共性趋势：当电价机制越来越复杂、电网约束越来越严，单纯依靠“电网+充电桩”的粗放模式难以为继。谁先完成光储融合的布局，谁就先一步把电费结构算清楚、把用能安全锁住、把运营节奏稳住。
1、EnergyTrend-集邦新能源网」包含的内容和信息是根据公开资料分析和演释，该公开资料，属可靠之来源搜集，但这些分析和信息并未经独立核实。本网站有权但无此义务，改善或更正在本网站的任何部分之错误或疏失。
2、任何在「EnergyTrend-集邦新能源网」上出现的信息（包括但不限于公司资料、资讯、研究报告、产品价格等），力求但不保证数据的准确性，均只作为参考，您须对您自主决定的行为负责。如有错漏，请以各公司官方网站公布为准。
3、「EnergyTrend-集邦新能源网」信息服务基于""现况""及""现有""提供，网站的信息和内容如有更改恕不另行通知。
4、「EnergyTrend-集邦新能源网」尊重并保护所有使用用户的个人隐私权，您注册的用户名、电子邮件地址等个人资料，非经您亲自许可或根据相关法律、法规的强制性规定，不会主动地泄露给第三方。
「EnergyTrend-集邦新能源网」所刊原创内容之著作权属于「EnergyTrend-集邦新能源网」网站所有，未经本站之同意或授权，任何人不得以任何形式重制、转载、散布、引用、变更、播送或出版该内容之全部或局部，亦不得有其他任何违反本站著作权之行为。
总投资超76亿！比亚迪、杉杉股份等5企推进锂电储能项目
远东储能打造AIDC能源解决方案
又一企588Ah、601Ah大容量储能电芯量产下线
远景能源、星源材质等8企锂电储能项目进展更新
远景能源、隆基等3企海外储能业务获新进展",full,,dom_or_structured_full_text,,https://www.energytrend.cn/news/20260923-148749.html,EnergyTrend储能,储能,储能/电池/光伏,2026-09-24T00:45:57+00:00,零碳产业 > 能量转化 > 能量存储 > 电化学储能 > 二次电池 > 传统蓄电池 > 有机体系 > 锂电,零碳产业,锂电,"[{""path"":[""零碳产业"",""能量转化"",""能量存储"",""电化学储能"",""二次电池"",""传统蓄电池"",""有机体系"",""锂电""],""path_text"":""零碳产业 > 能量转化 > 能量存储 > 电化学储能 > 二次电池 > 传统蓄电池 > 有机体系 > 锂电"",""confidence"":0.85,""reason"":""核心事件为20MWh液冷储能系统落地重卡充电站项目""}]",classified,2026-09-24T00:56:53.831256+00:00,glm-5.2,2026-09-10,
200MW/400MWh！鹏辉力赫河南郏县储能电站项目举行开工仪式,2026-09-23,"近日，鹏辉力赫郏县200MW/400MWh储能电站项目举行开工仪式，鹏辉力赫（天津）能源科技有限公司执行总裁张瑞坤、副总裁兼鹏辉力赫（河南）能源科技有限公司总经理李震；中建八局上海公司副总经理巫鹏，相关单位及参建各方代表出席仪式。
张瑞坤对项目顺利启动表示祝贺，他指出，项目开工建设将助力河南郏县加快建设安全高效、清洁低碳的现代能源体系。参建方要守牢安全底线、质量关口、工期节点，全力保障项目顺利并网、高效投产，打造豫西南储能领域示范样板。期待鹏辉力赫与中建八局携手推动高品质建设，为地方产业升级和经济发展注入强劲动能。
巫鹏表示，中建八局积极推动战略转型，聚焦新能源、绿色低碳发展等核心赛道精准发力，全方位助力区域建设与产业升级。立足全新建设使命，团队将全面压实总承包管理职责，提高政治站位、聚力精益建造、坚持绿色引领、严守安全底线，以最高标准、最严要求、最实举措高效完成各项建设任务，全力打造经得起检验的示范工程、精品工程、民心工程。
仪式上，与会领导共同启动开工装置并执锹奠基，标志着项目建设正式拉开序幕。
项目位于河南省平顶山市郏县经济技术开发区，规划总用地面积约2.6万平方米，旨在打造国内领先的“源网荷储”一体化新能源标杆品牌，配套独立储能系统，构建多级安全防护体系，集成热管理、过充过放保护、火灾抑制等多重防护措施，可保障储能系统长期安全稳定运行。建成投运后，将提升区域新能源消纳水平，显着增强当地电网供电可靠性与运行效能，为地方现代能源体系升级和经济高质量发展注入绿色动能。
1、EnergyTrend-集邦新能源网」包含的内容和信息是根据公开资料分析和演释，该公开资料，属可靠之来源搜集，但这些分析和信息并未经独立核实。本网站有权但无此义务，改善或更正在本网站的任何部分之错误或疏失。
2、任何在「EnergyTrend-集邦新能源网」上出现的信息（包括但不限于公司资料、资讯、研究报告、产品价格等），力求但不保证数据的准确性，均只作为参考，您须对您自主决定的行为负责。如有错漏，请以各公司官方网站公布为准。
3、「EnergyTrend-集邦新能源网」信息服务基于""现况""及""现有""提供，网站的信息和内容如有更改恕不另行通知。
4、「EnergyTrend-集邦新能源网」尊重并保护所有使用用户的个人隐私权，您注册的用户名、电子邮件地址等个人资料，非经您亲自许可或根据相关法律、法规的强制性规定，不会主动地泄露给第三方。
「EnergyTrend-集邦新能源网」所刊原创内容之著作权属于「EnergyTrend-集邦新能源网」网站所有，未经本站之同意或授权，任何人不得以任何形式重制、转载、散布、引用、变更、播送或出版该内容之全部或局部，亦不得有其他任何违反本站著作权之行为。
远东储能打造AIDC能源解决方案
又一企588Ah、601Ah大容量储能电芯量产下线
思格南通智慧能源中心二期建设再提速
超2.3GWh，天合、阳光电源等4企再签海外储能订单
昆宇电源新一代800V级数据中心备电新品发布",full,,dom_or_structured_full_text,,https://www.energytrend.cn/news/20260923-148747.html,EnergyTrend储能,储能,储能/电池/光伏,2026-09-24T00:45:59+00:00,零碳产业 > 能量转化 > 能量存储 > 其它储能技术,零碳产业,其它储能技术,"[{""path"":[""零碳产业"",""能量转化"",""能量存储"",""其它储能技术""],""path_text"":""零碳产业 > 能量转化 > 能量存储 > 其它储能技术"",""confidence"":0.8,""reason"":""核心事件为200MW/400MWh独立储能电站开工，未明确具体电池技术路线，属综合储能项目""}]",classified,2026-09-24T00:56:58.679854+00:00,glm-5.2,2026-09-10,
20MW/80MWh！中国钠电集团秦皇岛钠离子储能项目圆满交付,2026-09-23,"9月22日，中国钠电集团有限公司（CNAEPower）与深圳市科陆电子科技股份有限公司（科陆电子科技）签订的秦皇岛20MW/80MWh钠离子储能项目成套设备正式发车交付。
该项目自3月4日双方在深圳科陆大厦完成采购协议签约，历经方案落地、生产集成、出厂联调，如今顺利完成设备交付，标志着双方合作项目迈入现场实施新阶段，也印证中国钠电集团大容量钠离子储能项目成熟的全链条交付能力。
按照采购协议约定，CNAEPower为本项目提供全套钠离子储能成套设备，合同总金额近1亿元。供货范围覆盖变流升压系统、电池舱等核心装备，包含聚阴离子技术路线钠电芯、BMS系统、温控系统、消防系统等关键部件。整套集装箱式钠储能系统完成出厂检验，整装奔赴秦皇岛项目现场。
本次交付的20MW/80MWh集装箱式钠离子储能系统，可实现电力的灵活存储与调峰，助力提升区域电网消纳能力，稳定新能源发电输出，为区域新型电力系统建设提供坚实支撑。
钠离子电池：北方储能场景优质技术方案
随着新能源大规模并网，储能电站对安全、低温适应性与经济性的要求持续提升。钠离子电池依托独特材料体系，成为新型储能赛道极具竞争力的技术路线。钠元素地壳储量丰富、分布广泛，能够减少对锂资源的依赖，缓冲供应链波动风险；电池本体热稳定性优异，在过充、短路等极端工况下不易触发热失控，满足大型储能电站严苛安全标准。
同时钠离子电池低温性能突出，-40℃低温环境仍保有较高容量保持率，适配秦皇岛北方冬季低温工况。在成本层面，钠电正极采用铁、锰等低成本原料，负极以铝箔替代铜箔，材料成本相比锂电池可下降30%以上，为大规模储能商业化落地打开空间。
项目落地，彰显钠电产业化交付实力
双碳目标持续驱动新型储能产业快速发展，国央企、上市企业纷纷布局钠离子储能赛道，推动钠电技术由实验室示范转向规模化工程应用。科陆电子科技作为美的集团旗下储能上市企业，持续布局PCS、BMS、EMS等储能核心技术，积极拓展钠电、液流电池等多元储能技术路线。本次选择CNAEPower作为钠离子储能系统供应商，是科陆电子完善储能技术矩阵、打造差异化产品的关键布局。
签约阶段，董事局主席严加春便承诺，将严格履约，提供技术先进、品质可靠的储能装备，保障项目按期交付。本次设备顺利发运，兑现了项目交付承诺。
此次设备交付，是CNAEPower与科陆电子科技战略合作落地的重要里程碑。后续双方将持续深化协同，稳步推进项目现场安装调试工作。未来，中国钠电集团将持续夯实钠离子储能技术研发与规模化工程交付能力，携手产业链伙伴，持续拓展钠离子储能多元应用场景，助力能源绿色低碳转型。
1、EnergyTrend-集邦新能源网」包含的内容和信息是根据公开资料分析和演释，该公开资料，属可靠之来源搜集，但这些分析和信息并未经独立核实。本网站有权但无此义务，改善或更正在本网站的任何部分之错误或疏失。
2、任何在「EnergyTrend-集邦新能源网」上出现的信息（包括但不限于公司资料、资讯、研究报告、产品价格等），力求但不保证数据的准确性，均只作为参考，您须对您自主决定的行为负责。如有错漏，请以各公司官方网站公布为准。
3、「EnergyTrend-集邦新能源网」信息服务基于""现况""及""现有""提供，网站的信息和内容如有更改恕不另行通知。
4、「EnergyTrend-集邦新能源网」尊重并保护所有使用用户的个人隐私权，您注册的用户名、电子邮件地址等个人资料，非经您亲自许可或根据相关法律、法规的强制性规定，不会主动地泄露给第三方。
「EnergyTrend-集邦新能源网」所刊原创内容之著作权属于「EnergyTrend-集邦新能源网」网站所有，未经本站之同意或授权，任何人不得以任何形式重制、转载、散布、引用、变更、播送或出版该内容之全部或局部，亦不得有其他任何违反本站著作权之行为。
宁德时代拟募资45亿元，用于4大电池基地
多氟多拟2.1亿元增资，投入20GWh锂电池项目
超19GWh！4大储能、电池项目迎新进展
亿纬锂能与中城能源达成战略合作
南方电网全网首套钠离子电池储能装置在深圳城中村落地运行",full,,dom_or_structured_full_text,,https://www.energytrend.cn/news/20260923-148745.html,EnergyTrend储能,储能,储能/电池/光伏,2026-09-24T00:46:02+00:00,零碳产业 > 能量转化 > 能量存储 > 电化学储能 > 二次电池 > 传统蓄电池 > 有机体系 > 钠电,零碳产业,钠电,"[{""path"":[""零碳产业"",""能量转化"",""能量存储"",""电化学储能"",""二次电池"",""传统蓄电池"",""有机体系"",""钠电""],""path_text"":""零碳产业 > 能量转化 > 能量存储 > 电化学储能 > 二次电池 > 传统蓄电池 > 有机体系 > 钠电"",""confidence"":0.95,""reason"":""核心事件是钠离子电池储能系统成套设备交付，直接落入钠电领域""}]",classified,2026-09-24T00:56:58.679854+00:00,glm-5.2,2026-09-10,
合计规划产能100GWh！宁德时代匈牙利工厂启动新电芯厂房试产,2026-09-23,"9月22日，宁德时代（CATL）宣布位于匈牙利德布勒森的新建电芯工厂正式启动试生产，公司称已履行启动试生产所需的全部前置条件。本次投产的是该厂第一条电芯厂房的前两条产线，试生产阶段将完成设备调试、工艺优化与验证，为后续量产做准备。
德布勒森项目是宁德时代在欧洲的第二座电池工厂，2022年8月宣布建设，2023年夏开工，2026年春完成厂房设备安装，2026年8月取得使用许可，并已满足IPPC（工业污染防治）许可证全部前置条件。该厂自2024年秋起已先行生产电池模组，迄今累计产出53.7万只模组。全部建成后，匈牙利基地将以100GWh产能成为宁德时代中国以外最大制造基地，产品供应已在匈牙利布局电动车产能的欧洲头部车企。
宁德时代同时表示，将继续与匈牙利政府及主管部门保持密切沟通，在环境保护、员工健康与安全等方面执行高标准，并主动向监管部门提交试生产监测结果。
1、EnergyTrend-集邦新能源网」包含的内容和信息是根据公开资料分析和演释，该公开资料，属可靠之来源搜集，但这些分析和信息并未经独立核实。本网站有权但无此义务，改善或更正在本网站的任何部分之错误或疏失。
2、任何在「EnergyTrend-集邦新能源网」上出现的信息（包括但不限于公司资料、资讯、研究报告、产品价格等），力求但不保证数据的准确性，均只作为参考，您须对您自主决定的行为负责。如有错漏，请以各公司官方网站公布为准。
3、「EnergyTrend-集邦新能源网」信息服务基于""现况""及""现有""提供，网站的信息和内容如有更改恕不另行通知。
4、「EnergyTrend-集邦新能源网」尊重并保护所有使用用户的个人隐私权，您注册的用户名、电子邮件地址等个人资料，非经您亲自许可或根据相关法律、法规的强制性规定，不会主动地泄露给第三方。
「EnergyTrend-集邦新能源网」所刊原创内容之著作权属于「EnergyTrend-集邦新能源网」网站所有，未经本站之同意或授权，任何人不得以任何形式重制、转载、散布、引用、变更、播送或出版该内容之全部或局部，亦不得有其他任何违反本站著作权之行为。
宁德时代拟募资45亿元，用于4大电池基地
宁德时代减持湖南裕能！持股比例降至5%以下
出资16.2亿！宁德时代布局新能源、AI及具身智能等领域
5GWh！宁德时代拟在埃及建电池工厂
远景能源、宁德时代中标！河北100MW/400MWh储能系统采购中标公示",full,,dom_or_structured_full_text,,https://www.energytrend.cn/news/20260923-148743.html,EnergyTrend储能,储能,储能/电池/光伏,2026-09-24T00:46:03+00:00,零碳产业 > 能量转化 > 能量存储 > 电化学储能 > 二次电池 > 传统蓄电池 > 有机体系 > 锂电,零碳产业,锂电,"[{""path"":[""零碳产业"",""能量转化"",""能量存储"",""电化学储能"",""二次电池"",""传统蓄电池"",""有机体系"",""锂电""],""path_text"":""零碳产业 > 能量转化 > 能量存储 > 电化学储能 > 二次电池 > 传统蓄电池 > 有机体系 > 锂电"",""confidence"":0.93,""reason"":""宁德时代匈牙利锂电池工厂启动电芯试生产，核心是锂电池制造产能落地""}]",classified,2026-09-24T00:56:58.679854+00:00,glm-5.2,2026-09-10,
明年初竣工！方正电机研发总部项目封顶，嘉定新能源汽车产业再添新动能 - NE时代,2026-09-23,"明年初竣工！方正电机研发总部项目封顶，嘉定新能源汽车产业再添新动能
近日，位于嘉定氢能港的方正电机研发总部项目迎来关键节点——项目主体结构封顶。作为今年嘉定区产业类重大工程，该项目总投资约5亿元，建成后将成为集高端新能源电驱研发、高精密控制器制造及企业运营于一体的总部型基地，为嘉定新能源汽车产业“新四化”布局注入新动能。
方正电机研发总部项目位于嘉松北路与规划中的俊贤路交叉口东北侧，总占地面积1.1万平方米。项目主要包含一栋8层研发大楼和作为裙房的智造工厂，总建筑面积2.8万平方米。人员在项目现场看到，8层研发大楼主体已实现结构封顶，施工人员正紧张有序地推进内部作业。
工程建设方项目经理陈寒光介绍，目前项目已完成主体结构验收，正在进行内部粗装饰施工以及机电设备安装。“下个月起，我们将开展外部墙面以及内部精装饰装修，并同步实施园区地面道路、绿化等室外总体工程。”陈寒光表示，按照计划，方正电机研发总部项目将于明年一季度完成整体竣工验收。
据了解，该项目建设方为浙江方正电机股份有限公司子公司方德智驱（上海）机电科技有限公司，总投资约5亿元。陈寒光介绍，研发总部建成投用后，将聚焦高端新能源电驱和高精密电控两大板块，开展产品研发并推进产业化生产，着力打造集现代化高端新能源电驱技术及前瞻性产品研发中心、高精密控制器单元生产制造中心、企业运营中心和国际化指挥中心于一体的总部型基地，“项目选择落户安亭，也是希望能借助嘉定深厚的汽车产业集聚基础、完整的上下游产业链以及日益完善的创新生态，推动企业在新能源汽车领域的全球化布局。”
当前，嘉定正以汽车“新四化”为引领，加快推进汽车产业升级发展。方正电机研发总部项目的顺利推进，是完善高端电驱技术领域创新链的关键落子。项目建成后，不仅将带动上下游企业协同创新，助力嘉定形成更具竞争力的智能网联新能源汽车产业集聚区，也将为嘉定打造世界级新能源汽车产业集群、推动产业高质量发展提供新动能。
宁德时代拟以14亿元在雅安新建4万吨碳酸锂年产能
9月17日消息，雅安经济技术开发区管理委员会近日发布宁德时代雅安锂盐生产基地项目环境影响评价信息第一次公示。项目总投资14亿元，项目占地面积约350亩，主要建筑面积约13万平方米。购置国际领先的碳酸锂、磷酸二氢锂制造生产装备及配套设备，建成年产约4万吨碳酸锂、3万吨磷酸二氢锂、13万吨元明粉等生产厂...
博世携手方正电机、博众、才创拟成立合资企业，共同布局LeTrak®磁驱传输业务
6月29日，博世（中国）投资有限公司和罗伯特博世国际投资股份公司（合称“博世”）、浙江方正电机股份有限公司（以下简称“方正电机”）、江苏博众智能科技集团有限公司（以下简称“博众”）以及德清才创一期股权投资合伙企业（有限合伙）（以下简称“才创”）宣布共同组建全新合资企业，聚焦磁驱传输技术开发与工业场景...
丰田将在印度新建3工厂，产能至100万
丰田将在印度新建3工厂丰田的生产能力为：日本310万辆、中国220万辆、美国150万辆。印度有望成为丰田的第四大生产基地。新工厂除供应印度市场外，还将承担向“印度以西”的中东、非洲地区供车的出口基地功能……丰田汽车将在印度新建3座整车工厂，计划到2030年代将当地生产规模扩大至100万辆，为目前的3...
玉溪恩捷一期8条隔膜生产线全线贯通，产能再添新动能
近日，恩捷股份旗下玉溪恩捷迎来重要里程碑：年产16亿平方米锂电池隔离膜生产线项目一期8条生产线已全部建成。这意味着玉溪恩捷已具备年产8亿平方米锂电池隔膜的产能规模，为公司巩固行业领先地位再添强劲动力。自项目正式开工以来，玉溪恩捷全体员工凝心聚力、攻坚克难，稳步推进项目建设，捷报频传。继此前7条生产线...
禾赛宣布规划年产能翻番至400万，泰国海外工厂2027年初投产
当地时间2026年1月5日，在美国拉斯维加斯国际消费类电子产品展CES2026上，全球激光雷达领导者禾赛科技（NASDAQ:HSAI；HKEX:2525）宣布，为满足ADAS及机器人领域日益增长的激光雷达需求，公司规划年产能将由2025年的200万台提升至2026年的400万台，实现翻倍增长。此外，...
2027年投产！奇瑞旗下电池企业新增产能20GWh
最近，得壹能源宣布年产20GWh动力电池项目正式启动，地点为宿州市砀山县。该项目占地面积约600亩，固定投资约40亿元，规划建设60PPM高自动化生产生产线。投产后，将生产55Ah、100Ah、166Ah电芯产品，覆盖混动、增程和纯电车型。预计将在2027年投产，产能为20GWh。该项目是得壹能源的...
全球EV电池产能将达需求的3倍
松下控股的车载电池（左），福特与韩国企业运营的美国肯塔基州的合资工厂（NIKKEImontage）中国企业掌握EV电池的全球7成市场份额。美国、日本等为了避免依赖中国，一直推动电池生产。截至9月全美的电池相关投资项目超过1000个。但是EV需求放缓超出预期，受电池供应过剩影响最大的是北美……　　全球...
募资14.34亿元！英诺赛科拟扩大GaN产能
10月10日，英诺赛科发布公告称，他们将按每股75.58港元的价格配售2070万股新H股，预计募集资金约15.64506亿港元（约合人民币14.34亿），净发行价约为每股74.90港元。与此同时，英诺赛科还披露了关于此次配售所得款项的用途：约4.42亿元用于产能扩充及产品持续迭代升级；约3.44亿元...
30年，独属方正电机的三个传奇
今年恰逢方正电机成立30周年。三十年来，方正电机从缝纫机电机起步，成长为全球最大的缝纫机电机供应商，并在迈入汽车领域后，再次崛起为全球最大的座椅电机供应商。在当前新能源汽车百年变革的浪潮中，方正电机凭借非凡的技术与战略眼光迅速占据市场，跃升为驱动电机的行业领军企业。缝纫机电机、汽车座椅电机及驱动电机...
吉利已拥有行业最大的短刀电池产能
吉利近日透露，旗下的吉曜通行已拥有行业最大的短刀电池先进产能，目前在全国拥有8大生产基地，到2027年将形成70GWh产能规模。今年4月，吉利整合旗下电池业务成立“吉曜通行”，将原有的金砖电池、神盾短刀电池，统一为神盾金砖电池品牌。神盾代表吉利极致的电池安全系统，金砖代表吉利行业领先的电芯技术，实现...
2026第六届全球xEV驱动系统技术暨产业大会
对话 HERE：“中国速度”正在影响全球，未来自动驾驶技术方向一定会趋同
【NE快讯】方正电机研发总部项目封顶；弗迪电池与四川国软科技集团正式签署战略合作协议；宁德时代匈牙利工厂启动新电芯厂房试产
致敬情谊，共启新程｜格林美感恩印尼国家经济委员会主席卢胡特阁下答谢晚宴在京举行
双榜进位！格林美中国民营企业500强排名大幅跃升
上海恩翌信息科技有限公司
沪ICP备17041240号-4",full,,dom_or_structured_full_text,,https://www.ne-time.cn/web/article/39849,NE时代,电池,新能源汽车/智能汽车,2026-09-24T00:46:15+00:00,零碳产业 > 能量转化 > 能源测 > 二次能源利用 > 电驱动（电机）,零碳产业,电驱动（电机）,"[{""path"":[""零碳产业"",""能量转化"",""能源测"",""二次能源利用"",""电驱动（电机）""],""path_text"":""零碳产业 > 能量转化 > 能源测 > 二次能源利用 > 电驱动（电机）"",""confidence"":0.9,""reason"":""核心事件是方正电机新能源电驱研发总部项目封顶，聚焦高端电驱与电控研发制造""}]",classified,2026-09-24T00:57:07.573599+00:00,glm-5.2,2026-09-10,
HERE Technologies与蔚来深化欧洲合作，以高鲜度地图赋能领航辅助驾驶体验 - NE时代,2026-09-23,"HERE Technologies与蔚来深化欧洲合作，以高鲜度地图赋能领航辅助驾驶体验
合作范围拓展至蔚来欧洲全系车型，以持续更新的位置智能赋能更智能的导航体验与未来辅助驾驶创新
2026年9月23日，阿姆斯特丹
——全球领先的地图与位置数据公司
HERE Technologies
与全球智能电动汽车市场领军企业蔚来（NIO Inc.，NYSE: NIO；HKEX: 9866；SGX: NIO）今日宣布，双方将进一步扩大合作，共同推进欧洲智能导航与面向未来的AI驱动驾驶体验。
在HERE行业领先的位置技术已成功搭载于蔚来车型的基础上，此次合作将从firefly萤火虫进一步拓展至蔚来欧洲全系车型，涵盖ET5、ET7、EL6、EL7及EL8。双方将融合HERE车规级位置智能与蔚来在智能电动汽车领域的创新实力，持续推动NOA功能演进，打造更契合欧洲道路特征与驾驶者需求的未来智能驾驶体验。
随着汽车加速向软件定义与智能化演进，高质量的位置智能正成为车辆理解并响应道路环境的关键。持续更新的地图数据，可为车辆提供路况、交通法规、车道配置及其他现实世界变化等关键环境信息，实现更安全、更从容、更可靠的驾驶体验。
作为此次深化合作的重要组成部分，蔚来将采用HERE流式地图能力，在欧洲市场持续交付更高鲜度的地图内容。通过对路网变化、交通法规和兴趣点（POI）的持续更新，HERE助力蔚来为驾驶者带来更精准、更可靠、更实时的导航体验。
“蔚来始终致力于为全球用户打造高端智能出行体验，”蔚来副总裁、全球业务发展负责人陈晨（Chris Chen）表示，“通过深化与HERE的战略合作，我们不仅为驾驶者带来更高鲜度的地图体验，也进一步夯实了欧洲智能导航与辅助驾驶未来创新的基础。”
HERE Technologies高级副总裁兼亚太区总经理Deon Newman表示：“随着中国汽车品牌加速全球化布局，市场对可靠、新鲜且可扩展的位置智能需求日益增长，以满足用户所期待的驾驶体验。我们十分荣幸能够深化与蔚来的合作，依托先进的地图、导航与位置技术，助力其欧洲市场增长征程。我们将携手为欧洲消费者打造定制的导航体验，共塑下一代智能驾驶。”
推动欧洲智能驾驶创新
通过将蔚来在智能电动汽车技术领域的创新能力，与HERE AI驱动的位置智能、地图专业积淀和车规级地图内容深度融合，双方将为满足欧洲路网与驾驶环境独特需求的下一代辅助驾驶能力奠定基础。
展望未来，HERE与蔚来将继续探索先进位置智能与高鲜度地图智能如何加速AI驱动驾驶体验的开发与落地，包括由蔚来世界模型（蔚来端到端人工智能驾驶架构）与NOA赋能的未来创新。
【NE报告】2026年7月辅助驾驶产业洞察分析报告
当前阶段，中国辅助驾驶市场瞬息万变，对于车企、方案商、芯片厂商、控制器硬件厂商、传感器厂商等辅助驾驶产业参与者来说，及时掌握技术及市场变化趋势至关重要。NE时代为了帮助辅助驾驶参与者及时跟踪产业信息与趋势，结合NE时代乘用车ADAS数据库、公开信息资料、业内人士一对一交流内容，推出系列《NE辅助驾驶...
【NE数据】2026年6月辅助驾驶域控及芯片装机量：车企正在加速收回智驾定义权
2026年6月辅助驾驶域控制器装机量为68万套，域控芯片装机量为84万颗。截至2026年6月30日，搭载天神之眼与乾崑智驾的车型累计销量超333万辆。天神之眼辅助驾驶系统每日生成行驶数据超2.1亿公里。德赛西威其优势在于覆盖多家车企、具备高阶域控量产经验和成熟的供应链管理能力，代表第三方Tier1规...
【NE数据】2026年5月辅助驾驶域控及芯片装机量：芯片平台决定高阶能力边界
2026年5月辅助驾驶域控制器装机量为61万套，域控芯片装机量为75万颗。域控和芯片端的竞争已经进入大模型、端到端和舱驾一体共同推进的阶段。比亚迪发布4nm制程、700Tops算力的璇玑A3，德赛西威基于高通8775打磨的单芯片舱驾方案即将量产，华为ADSMax高阶功能包价格恢复也反映出高阶智驾商业...
【NE报告】2026年4月辅助驾驶产业洞察分析报告
当前阶段，中国辅助驾驶市场瞬息万变，对于车企、方案商、芯片厂商、控制器硬件厂商、传感器厂商等辅助驾驶产业参与者来说，及时掌握技术及市场变化趋势至关重要。NE时代为了帮助辅助驾驶参与者及时跟踪产业信息与趋势，结合NE时代乘用车ADAS数据库、公开信息资料、业内人士一对一交流内容，推出系列《NE辅助驾驶...
【NE数据】2026年4月辅助驾驶域控及芯片装机量：自研芯片成为头部车企差异化竞争核心手段
2026年4月辅助驾驶域控制器装机量为53万套，域控芯片装机量为60万颗。比亚迪以151239台的出货量、28.41%的市场份额稳居第一，截至2026年4月30日，其包含天神之眼及乾崑智驾在内的辅助驾驶车型保有量已突破299万辆。吉利基于WAM世界行为模型架构的千里浩瀚G-ASD4.0与超级EVA同...
【NE数据】2026年3月辅助驾驶域控及芯片装机量：小鹏第二代换新版VLA即将上线
2026年3月辅助驾驶域控制器装机量为52万套，域控芯片装机量为62万颗。比亚迪通过垂直整合实现天神之眼与乾崑智驾的规模化落地，辅助驾驶车型保有量超285万辆；德赛西威作为独立Tier1代表，携手元戎启行布局海外L4Robotaxi市场；华为乾崑智驾累计辅助驾驶里程突破100亿公里，建立数据闭环优势...
【NE报告】2026年2月辅助驾驶产业洞察分析报告
当前阶段，中国辅助驾驶市场瞬息万变，对于车企、方案商、芯片厂商、控制器硬件厂商、传感器厂商等辅助驾驶产业参与者来说，及时掌握技术及市场变化趋势至关重要。NE时代为了帮助辅助驾驶参与者及时跟踪产业信息与趋势，结合NE时代乘用车ADAS数据库、公开信息资料、业内人士一对一交流内容，推出系列《NE辅助驾驶...
【NE数据】2026年1-2月辅助驾驶域控及芯片装机量：域控产品正向软硬件一体化的高阶智驾升级
2026年1至2月辅助驾驶域控制器装机量为72万套，域控芯片装机量为84万颗。当前高算力双芯片方案、跨域融合架构、端到端算法的落地，正推动域控产品从单纯的硬件集成向软硬件一体化的高阶智驾平台加速升级，同时头部厂商的智驾软件快速迭代，世界模型推送后辅助驾驶里程环比提升，进一步丰富了域控产品的功能价值。...
【NE报告】2026年1月辅助驾驶产业洞察分析报告
当前阶段，中国辅助驾驶市场瞬息万变，对于车企、方案商、芯片厂商、控制器硬件厂商、传感器厂商等辅助驾驶产业参与者来说，及时掌握技术及市场变化趋势至关重要。NE时代为了帮助辅助驾驶参与者及时跟踪产业信息与趋势，结合NE时代乘用车ADAS数据库、公开信息资料、业内人士一对一交流内容，推出系列《NE辅助驾驶...
NE数据】2025年全年辅助驾驶域控及芯片装机量
2025年辅助驾驶域控制器装机量为682万套，同比增长110.17%。域控芯片装机量为862万颗，同比增长60.22%。PS：该数据是NE时代根据国内整车终端销售数据为统计口径整理，不含进出口数据，统计结果可能会与相关零部件企业的实际出货数据存在差异。新能源整车与零部件的供配关系时常变动，如有疏漏，...
2026第六届全球xEV驱动系统技术暨产业大会
对话 HERE：“中国速度”正在影响全球，未来自动驾驶技术方向一定会趋同
【NE快讯】方正电机研发总部项目封顶；弗迪电池与四川国软科技集团正式签署战略合作协议；宁德时代匈牙利工厂启动新电芯厂房试产
致敬情谊，共启新程｜格林美感恩印尼国家经济委员会主席卢胡特阁下答谢晚宴在京举行
双榜进位！格林美中国民营企业500强排名大幅跃升
上海恩翌信息科技有限公司
沪ICP备17041240号-4",full,,dom_or_structured_full_text,,https://www.ne-time.cn/web/article/39848,NE时代,电池,新能源汽车/智能汽车,2026-09-24T00:46:17+00:00,通用技术 > 通信和运输 > 物质运输 > 陆路运输,通用技术,陆路运输,"[{""path"":[""通用技术"",""通信和运输"",""物质运输"",""陆路运输""],""path_text"":""通用技术 > 通信和运输 > 物质运输 > 陆路运输"",""confidence"":0.85,""reason"":""核心事件是HERE高鲜度地图赋能蔚来欧洲车型的导航与领航辅助驾驶""}]",classified,2026-09-24T00:57:07.573599+00:00,glm-5.2,2026-09-10,
从电芯到充电桩，欣旺达动力的闪充生态打法 - NE时代,2026-09-23,"从电芯到充电桩，欣旺达动力的闪充生态打法
2021年，欣旺达动力落地山东枣庄。如今，枣庄基地是欣旺达动力重要生产基地，
其中一期已建成投产，
二期、三期正在推进中
作为快充电池的先行者，2022年欣旺达动力就推出了4C快充电芯，在头部车企车型上实现量产。
如今，动力电池已经步入兆瓦闪充时代，充电时间也缩短至10分钟以内。欣旺达也不例外，今年欣旺达动力推出了15C磷酸铁锂电池，10C三元锂电池。
具体来看，欣旺达动力推出的15C闪充电池
可实现5分充电10-70%SOC，9分钟充电10-97%SOC
，充电1分钟即可续航100公里。不仅如此，低温闪充性能也十分优异。
低温环境下，12分钟可充电20-97%SOC
。续航方面，支持700km+超长续航，-20℃低温续航达成率90%以上，电芯能量密度达到460Wh/L（190Wh/kg），系统体积利用率≥80%。寿命与安全方面，针对非营运车辆，在10年30万公里质保周期内，超快充次数不设限。
技术性能提升之后，接下来是技术的普及，也就是如何让消费者能够更放心、更便捷的使用闪充技术。这也是2026新能源电池产业发展大会上欣旺达动力总裁助理何轩、欣旺达闪充生态事业部总经理邓杰发布的核心重点。
闪充是一个系统工程
对于闪充电池的顾虑，何轩总结了四点。
。大电流意味着更高的热风险，这基本上是所有闪充电池都离不开的原罪式质疑。
。""天天快充会不会把电池充坏""，是4S店里最高频的问题之一，直接关联整车质保成本。
。在整车外包络不变的前提下，电池系统的空间被大量零部件挤占，续航的提升空间已经非常有限。
。这一条最容易被忽略，却最伤体验。何轩举的例子很直观：仪表显示还能跑100公里，实际只能跑50公里。数字和现实的落差，让用户不敢相信仪表盘。而不敢相信，本身就是一种续航焦虑。
这四个问题都不是仅通过电芯就可以解决的，本质上是一个系统工程。
欣旺达动力科技股份有限公司总裁助理
这也正是欣旺达动力智能闪充电池系统解决方案的核心看点。该方案以15C闪充为核心，瞄准的正是这四道题。具体来看，可以分为三层架构。
第一层是智能电芯3.0，核心是多维感知。
传统电芯只有正极、负极、隔膜、电解液四大件，用何轩的说法，它是""一个沉默的个体""。欣旺达动力给它加了""第五件套""：一块自研专属芯片，集成在电芯顶盖上。
这块芯片带来三个能力。一是多维感知，
单颗芯片同时采集电压、温度、内阻（EIS）、膨胀力、气压五个维度的高频数据，采样频率达毫秒级，是传统BMS的100倍
。二是无线通信，电芯之间不再需要线束，通过无线Mesh网络互联，pack内部实现100%电芯全覆盖检测，同时线束减少带来装配工时下降和能量密度提升。三是数字护照，每颗电芯下线即拥有独立数字身份证，电压曲线、内阻、累计循环全程可追溯。
电芯由此从黑箱变成了""会喊疼、会预警""的个体，这是整套方案的物理基础。
第二层是能量域控制器，解决的是动态响应。
闪充过程中电流变化极快，能量域需要在瞬时完成功率调度、热管理联动和安全阈值校验，这背后是一套欣旺达自研的亚毫秒级控制闭环算法。
除此之外，欣旺达动力还提升了整个能量域的
。集成度方面，通过多核异构SoC，把原本需要四块控制板的BMS、配电、热管理、充放电管理压缩到一块，实现了包括BMS、BDU、OBC在内的能量域集成。安全冗余方面，则是通过双MCU互备架构，关键功能由两块芯片同时决策、决策一致才执行；单一或少数芯片故障时，系统进入安全降级模式，具备故障运行能力。
第三层是AI云控平台。
端侧算力受限于算力与成本，且无法跨车学习，做不到持续进化。为此欣旺达动力开发了AI云控平台，具备四项核心能力：
一是长时序全域感知。跨车、跨包、跨芯的多元数据融合。
二是智能安全预警。可识别二十多项典型故障，预警时间比传统方法提前2到10天，准确率99%以上——关键在于它是事前预判，不是事后报警。
三是机理数字孪生。用""机理+AI""融合建模，为每颗电芯构建数字孪生体，SOH估算误差小于2%。
四是持续学习与协同控制。大数据模型在线进化，叠加预测性维护和""一芯一策""，每辆车的数据反哺云端，云端的每次升级又回流到每辆车。
三层叠加之后，回到开头那四个问题。
安全上，是从""硬扛""到""预见""。传统安全逻辑是让电池自己扛——更好的隔膜、更多的电解液、更厚的防爆阀，把风险锁在电芯里。欣旺达的逻辑是靠亚毫秒级高频采集实现三个转变：从被动防护到主动预警，在热失控形成之前识别电压微降、内阻微升、膨胀力微变；从阈值报警到趋势预判，关注的是未来2到10天的演变；从单点监控到全维感知。何轩打了个比方，相当于五双眼睛盯着一颗电芯，而以前只有一双相对笨拙的眼睛。
寿命上，是让电池学会照顾自己。第一步识别每颗电芯的""老化指纹""，云端为其建立专属健康画像；第二步动态调整充放电策略，老化程度高的电芯自动降低参与大倍率充放电的权重，状态好的电芯反之。这种""一芯一策""的意义在于，
整包寿命不再完全取决于最弱的那颗电芯
测结果是，智能闪充电池寿命较传统闪充方案提升15%以上。
省出来的不是电，是空间
。无线化带来pack内部结构件、线束和热管理通道占位的大幅缩小，对一台续航700公里的车，可多出10到15公里的真实续航。
SOX精度上，欣旺达动力构建了电、热、力、阻四维数字孪生体：电维度捕捉电化学反应细节，热维度预估热状态对容量的影响，力维度通过膨胀力曲线识别SEI增长与析锂，阻维度用阻抗谱把看不见的老化翻译成看得懂的数字。四维融合建模后，
SOX估算精度较传统方法提升40%
用何轩的话总结，就是""左手闪充、右手智能化""——没有闪充，电池跑不快；没有智能化，电池跑不远、跑不稳。
缺的不是桩，是功率
解决完车端闪充之后，欣旺达的下一站是补能。
欣旺达动力科技股份有限公司闪充生态事业部总经理 邓杰
邓杰抛出的场景很多人都遇到过：电快没了，找到一个标着200千瓦的快充桩，以为二三十分钟能充满，结果实际可用功率只有六七十千瓦。
他给了一组数据佐证：城市普通快充站120千瓦桩，实际平均输出功率约60千瓦；高速服务区200—300千瓦桩，平均输出70—110千瓦；大型品牌闪充站300—600千瓦桩，实际输出也只有一百多到200千瓦。
我们不缺桩，我们缺的是这些桩能够满功率地输出。
但对场站运营商而言，这本质上是一个投资回报率问题。
兆瓦级闪充设备本身就不便宜。邓杰提到，一个兆瓦级的闪充桩，设备成本加建设成本就要过百万；电网扩容又是另一笔钱，老站想升级很多时候只能推倒重来。更现实的是供应链——闪充桩涉及的产品远多于普通快充桩，包括储能电芯、储能柜、兆瓦级充电主机、千安级充电枪，车企往往要一家一家去找供应商。
能提供系统级闪充解决方案的合作伙伴。
这其中关键的一个变量是储能柜。它的角色，邓杰形容为""充电站的大充电宝""：多台车同时充电时电网扛不住，往往只能降功率；有了储能，峰值功率由储能来补，既不必降功率，也不必做电网扩容。
欣旺达推出了三种规格：
176kWh对应0.7MW输出，适合老旧场站低成本改造；352kWh对应1.4MW，适合城市繁华地带
充站；528kWh对应2.1MW，适合高速多枪多车位场站。电芯采用与车载动力电池同源的268Ah方案，倍率4C，循环寿命5000次，可达8年使用寿命。
充电主机与终端侧，最大功率2.4MW、单枪1.5MW，并叠加生态伙伴能力，实现风冷主机、液冷主机、功率叠加等多种配置。
动力电池端，邓杰还补充了低温脉冲自加热技术。在备电电池与动力电池之间建立毫秒级充放电循环，通过反复充放迅速提升电池内部温度，解决北方用户冬季充电难题。
2027年1万座怎么建
欣旺达的目标是2027年底建设1万座闪充桩
。为了实现这一目标，欣旺达提出了“无界”的合作方式。
邓杰口中的""无界""有三层含义。
。兆瓦闪充方案协议开放，符合国标的车型都能适配；不只是搭载欣旺达电池的车，用其他品牌电池的车同样可以在其兆瓦闪充站充电。欣旺达也会与整车厂逐家对充电协议，保证普通快充车型和兆瓦闪充车型到站都能跑出最大效率。
老旧场站在场地和变压器容量不变的前提下，增配一个大功率放电储能柜即可提升整体输出功率；城市新建站配352kWh储能柜匹配1.4MW终端，实现五分钟补能500公里；高速服务区配528kWh方案，最大功率2.4MW，支持多车位同时满功率充电。
，这点最为重要。
欣旺达会自建充电网络
，同时欢迎产业资本、客户、生态伙伴、运营伙伴共建；
对想自建兆瓦闪充场站的客户，欣旺达可以作为资本方参与
，既出资金，也出整套方案，甚至生态闭环里的每一个零部件都可以单独拿出来。用邓杰的话说，""这不是买卖关系，这是深度的合作伙伴关系""。
活动现场，欣旺达与十多家生态链企业宣布合作，共同推动闪充生态的建立。
正如欣旺达集团创始人王明旺在致辞中所言，
电池正从单一能量载体，变成连接整车、电网与用户的智能节点。这不只是技术上的改变，更重要的是生态的重构。
依托闪充技术，欣旺达正在构建四个""电池+""方向：电池+闪充，让充电像加油一样快；电池+储能，让绿色电力无缝服务大家的生活；电池+智能芯片，让电池全生命周期更可靠；电池+云平台，让每一度电更聪明、更高效。
发布会的结尾，邓杰用了一句""Be Water, Take Charge""——水善利万物而不争，放到什么容器里就是什么形状。至于这套开放生态能铺多远，1万座的目标能否兑现，明后两年会有答案。
闪充时代来临：2026年补能大变局 谁输谁赢？
导语充电速度突破了，标准统一了，万座闪充站正在铺开，产业链的利润也开始重新分配。这不是一个关于“更快”的故事，而是一个关于“谁在赚钱、谁在花钱、谁在转型”的产业重构。曾几何时，800V高压平台与超快充技术，是30万元以上高端车型炫耀的资本，是“富人专属”的技术红利。然而，进入2026年，这种技术的“...
欣旺达动力超快充技术 闪充电池赋能光储充检智慧驿站实现极速补能
当前，深圳正加快建设全球数字能源先锋城市，加速推进“超充之城”建设。2024年深圳政府工作报告中提出，将新建充电桩5万个、综合能源补给站10座，力争超充站达1000座，完善提升光储充放一张网，建设虚拟电厂管理平台3.0，推进源网荷储一体化和多能互补发展。作为扎根深圳的综合性新能源科技企业，欣旺达动力...
华为发布AI闪充动力域全栈高压平台解决方案，实现安全“真”快充
尽管补贴一退再退，2021年Q1我国新能源汽车销量仍取得了高达51.5万辆的成绩。极致性价比的A00及极致智能化的电动车，都受到了市场的肯定，说明当前电动车市场发展已经转变为消费需求驱动。未来如何把握消费者痛点并解决，是当前电动车如何替代燃油车的重中之重。对于消费者而言，充电难是当前的主要痛点之一。...
2026第六届全球xEV驱动系统技术暨产业大会
对话 HERE：“中国速度”正在影响全球，未来自动驾驶技术方向一定会趋同
【NE快讯】方正电机研发总部项目封顶；弗迪电池与四川国软科技集团正式签署战略合作协议；宁德时代匈牙利工厂启动新电芯厂房试产
致敬情谊，共启新程｜格林美感恩印尼国家经济委员会主席卢胡特阁下答谢晚宴在京举行
双榜进位！格林美中国民营企业500强排名大幅跃升
上海恩翌信息科技有限公司
沪ICP备17041240号-4",full,,dom_or_structured_full_text,,https://www.ne-time.cn/web/article/39847,NE时代,电池,新能源汽车/智能汽车,2026-09-24T00:46:19+00:00,零碳产业 > 能量转化 > 能量存储 > 电化学储能 > 二次电池 > 传统蓄电池 > 有机体系 > 锂电,零碳产业,锂电,"[{""path"":[""零碳产业"",""能量转化"",""能量存储"",""电化学储能"",""二次电池"",""传统蓄电池"",""有机体系"",""锂电""],""path_text"":""零碳产业 > 能量转化 > 能量存储 > 电化学储能 > 二次电池 > 传统蓄电池 > 有机体系 > 锂电"",""confidence"":0.88,""reason"":""核心是欣旺达闪充电芯与智能电池系统技术及生态布局""}]",classified,2026-09-24T00:57:07.573599+00:00,glm-5.2,2026-09-10,
"时的科技 E20 eVTOL坚韧且轻盈的""骨骼""是怎样炼成的？ - NE时代",2026-09-23,"时的科技 E20 eVTOL坚韧且轻盈的""骨骼""是怎样炼成的？
裕同科技 航空碳纤维材料项目启动
获悉，近日，裕同科技消费电子环保包装及航空新材料项目正式签约落户崇州经开区，标志着这家老牌包装企业正式切入航空轻量化复合材料赛道。本次增资扩产项目总投资约3.06亿元，整体分为两期实施。其中一期聚焦消费电子环保包装业务；备受低空航空产业关注的二期项目，将新建碳纤维复合材料结构件与航空蜂窝材料生产线，...
比金属轻一半、耐磨3倍！天赐材料改性PEEK解决人形机器人六大难题
星源材质发力聚合物钽电容，加速打造半导体材料第二曲线!
近日，星源材质董事长陈秀峰带队视察旗下南通鼎源精密科技有限公司聚合物钽电容项目现场，重点督导聚合物钽电容建设进度。聚合物钽电容凭借低ESR、高稳定特性，为算力数据中心、消费电子、汽车电子等提供高精度稳压滤波，是高端装备不可或缺的基础无源元件。工信部《基础电子元器件产业发展行动计划》明确将高性能、高可...
容百科技拟投资建设仙桃年产30万吨钠电正极材料一体化项目
7月30日，容百科技与仙桃市人民政府签署《项目投资合同书》，拟投资建设仙桃年产30万吨钠电正极材料一体化项目，总投资金额47.23亿元。该项目将分三期建设，其中一期5万吨、二期10万吨、三期15万吨，一期预计2027年5月建成投产，进一步巩固公司在钠电正极材料领域的先发优势，精准把握钠电产业化的关键...
能源早报｜天赐材料上半年净利润同比预增最高超10倍；恩捷股份预计上半年扭亏为盈
天赐材料上半年净利润同比预增最高超10倍天赐材料7月9日公告，预计2026年上半年归母净利润为27亿元至30亿元，同比增长907.84%至1019.82%。报告期内，锂离子电池材料电解液及六氟磷酸锂产品市场需求旺盛，销量实现显著增长，产能利用率稳步提升；同时行业供需格局持续优化带动产品市场价格上行，...
破浪向前，抢占固态锂电产业化潮头——格林美携手宁波东方理工大学共建固态电池正极材料联合实验室
2026年6月5日，格林美股份有限公司与宁波东方理工大学正式签署合作协议，依托宁波东方理工大学以孙学良院士为核心的创新团队、前沿技术研究实验室与格林美的工程技术人才产业化创新技术团队、产业化技术创新平台，共建“固态电池正极材料联合实验室”，形成院士—教授—工程师三级人才体系以及高校基础创新—企业中试...
累计101万吨！天赐材料与楚能新能源深化长期合作
6月2日，广州天赐高新材料股份有限公司全资子公司九江天赐高新材料有限公司，与楚能新能源签订了《<生产材料采购合作协议>之补充协议》。根据协议，在原协议有效期内（至2030年12月31日），九江天赐向楚能新能源预计供应的电解液系列产品总量由不少于55万吨调整为不少于101万吨，新增合作规模46万吨。此...
厦钨新能与法国Orano合资Neomat CAM电池材料工厂正式奠基
当地时间5月29日，厦钨新能（XTCNewEnergy）联合法国欧安诺集团（Orano）共建的法国NeomatCAM动力电池正极材料工厂，在敦刻尔克举行奠基仪式。作为法国首个专用于电动汽车电池正极材料的工业化生产基地，本次奠基标志着项目在2026年3月完成最终投资决定（FID）后，正式进入全面建设阶...
蜂巢能源与德方纳米签署战略合作协议，强化正极材料供应链韧性
5月13日，在第十八届深圳国际电池技术交流会（CIBF2026）期间，蜂巢能源与深圳市德方纳米科技股份有限公司（下称“德方纳米”）签署战略合作框架协议。蜂巢能源董事长兼CEO杨红新与德方纳米董事长孔令涌共同出席签约仪式。当前动力电池行业上游原材料价格波动加剧，供应链安全风险凸显。蜂巢能源此次与德方纳...
巴斯夫杉杉2026年新品矩阵：用技术定义下一代电池材料
CIBF热度持续升温，产业链对下一代电池的共识越来越清晰：决定体验与成本边界的，最终还是材料。巴斯夫杉杉围绕“高能量密度、长循环寿命、安全与可持续”四大目标，推出2026正极材料新品矩阵，覆盖三元、固态电池材料、钴酸锂、锰酸锂、富锂锰等关键材料领域，面向新能源汽车、消费电子、低空经济和具身智能等场景...
2026第六届全球xEV驱动系统技术暨产业大会
对话 HERE：“中国速度”正在影响全球，未来自动驾驶技术方向一定会趋同
【NE快讯】方正电机研发总部项目封顶；弗迪电池与四川国软科技集团正式签署战略合作协议；宁德时代匈牙利工厂启动新电芯厂房试产
致敬情谊，共启新程｜格林美感恩印尼国家经济委员会主席卢胡特阁下答谢晚宴在京举行
双榜进位！格林美中国民营企业500强排名大幅跃升
上海恩翌信息科技有限公司
沪ICP备17041240号-4",full,,dom_or_structured_full_text,,https://www.ne-time.cn/web/article/39846,NE时代,电池,新能源汽车/智能汽车,2026-09-24T00:46:21+00:00,通用技术 > 通信和运输 > 物质运输 > 航空,通用技术,航空,"[{""path"":[""通用技术"",""通信和运输"",""物质运输"",""航空""],""path_text"":""通用技术 > 通信和运输 > 物质运输 > 航空"",""confidence"":0.85,""reason"":""核心对象是时的科技E20 eVTOL的机身结构设计""},{""path"":[""通用技术"",""材料工程"",""特种功能材料"",""结构强度材料""],""path_text"":""通用技术 > 材料工程 > 特种功能材料 > 结构强度材料"",""confidence"":0.75,""reason"":""事件实质是航空碳纤维复合材料轻量化高强度机身材料技术""}]",classified,2026-09-24T00:57:07.573599+00:00,glm-5.2,2026-09-10,
比亚迪将在欧洲建电池厂！ - NE时代,2026-09-23,"比亚迪将在欧洲建电池厂！
近日，比亚迪欧洲顾问、前菲亚特克莱斯勒高管阿尔塔维拉（Alfredo Altavilla）在意大利都灵透露：比亚迪计划在欧洲建设三座整车组装工厂和一座电池工厂，希望以全资收购并改造现有工厂的方式，用相对较少的资金迅速完成改造。
Altavilla表示，“西班牙和法国目前最具可行性，年底前将确定第二座欧洲乘用车工厂选址。”
维科网锂电注意到，比亚迪的全球化正从“出海卖车”迈入“扎根深耕海外”的新阶段。而海外新建电池工厂的加入，标志着比亚迪试图将动力电池直接植入欧洲腹地。
产能本地化 电池先行
比亚迪选择在欧洲建电池厂，不是一时兴起，而是顺应趋势，是其海外业务发展到一定阶段的选择。
业绩方面，2026年上半年，比亚迪中国（包括港澳台地区） 的营业收入为1635.47亿元，占营业收入比重为47.43%；海外营业收入为1812.68亿元，占营业收入比重为52.57%。这是比亚迪海外收入首次超过国内市场收入。
销量方面，2025年在欧洲销量接近18.8万辆，同比增长270%；2026年截至5月，销量已突破10万辆，同比增长144%。上半年整体出口量超过79万辆，同比增长71%，占到公司总销量的44%。
当海外收入超过国内，比亚迪就更有理由将新能源汽车最核心的动力电池，也进行海外本地化。
事实上，比亚迪在海外的电池布局已先行“试水”：泰国罗勇府工厂年产能15万辆，配套电池产线同步落地，实现电芯本地化供应；巴西巴伊亚州卡马萨里旗舰工厂总投资55亿雷亚尔，乘用车电池生产是核心组成部分；2026年1月，比亚迪与越南金龙汽车签约，投资1.3亿美元在越南中部共建商用电动汽车电池工厂，分两期打造年产能6GWh的核心基地。
从小打小闹的部分本地化中获得经验，比亚迪旗下的弗迪电池，是时候大规模进军国际市场了。
据悉，弗迪电池的欧洲产能规划预计达30GWh以上。这意味着，欧洲电池工厂将是比亚迪全球电池产能网络的关键拼图。
欧洲建电池厂时间紧迫
推动比亚迪加速在欧洲建电池厂的，还有欧盟日益严密的本地化含量规则。
欧盟《工业加速器法案》（IAA）于2026年3月正式提出，聚焦电池、电动汽车、光伏、关键原材料等中国企业布局密集的领域。该法案在公共采购和公共支持中引入“欧盟原产”的排他性条款，要求至少50%的员工为本地员工。
对电池而言，压力更为具体。法案规定，生效6个月后，除电池外，车辆零部件的70%必须产自欧盟，电池的电芯等3个关键零部件须产自欧洲；生效3年后，电池必须包含5个欧盟零部件才能被认定为“欧盟制造”。叠加目前27%的中国进口电动车关税，本地化生产的紧迫性大幅提升。
这意味着，即便比亚迪在匈牙利组装整车，如果电池电芯仍从中国进口，整车依然难以被认定为“欧盟制造”。电池工厂的缺失，将成为整个欧洲本地化链条上最脆弱的一环。比亚迪计划单独建设一座电池工厂，正是要补上这块拼图。
在电池工厂的落地方式上，比亚迪的策略与整车工厂一致：倾向于全资收购并改造现有设施，而非从零新建。
Altavilla明确表示，比亚迪需要找到可以较快买下、以相对较少资金改造的设施，以加快欧洲本地量产进度。他透露，比亚迪团队持续评估各处工厂，自己也频繁前往欧洲各地考察。
这一策略的现实逻辑清晰：新建一座电池工厂从选址、审批到投产，通常需要三年甚至更长时间。而欧盟本地化含量规则正在快速逼近，窗口期不等人。收购改造现有产能，能够将落地周期压缩到一年以内。
同时，欧洲本土闲置产能正在成为入口。西班牙的整车工厂产能余量普遍较大：福特瓦伦西亚工厂设计年产能约50万辆，2026年上半年产量仅4.84万辆；Stellantis马德里工厂上半年产量同比下降42%；雷诺帕伦西亚工厂最大年产能超30万辆，上半年产量约6万辆。这些闲置产能的配套基础设施和供应链资源，对电池工厂的落地同样具有吸引力。
意大利被定位为“B计划”，Altavilla直言，“我关心的是能够确保竞争力的最佳条件。我希望能在意大利找到这些条件，但目前还没有。”
匈牙利量产在即，土耳其搁置的信号
在欧洲电池工厂的长期规划背后，比亚迪当前的产能布局正经历着明显的取舍。
匈牙利塞格德工厂已于2026年初启动试生产（960名员工），预计11月或12月开始量产，最终产能目标20万辆/年。比亚迪欧洲总部及研发中心已迁至布达佩斯，并在匈牙利布局了电动巴士生产和电池组装业务。匈牙利工厂是当前的首要任务。
但政治风险值得关注。匈牙利新政府上台后，开始重新审视部分大型投资项目，比亚迪近十年在匈牙利的投资项目面临审查，环保执法也在收紧。虽然比亚迪表示已遵守所有当地规则，但政治不确定性是需要持续监控的风险。
与此同时，土耳其项目已经搁置。此前规划的10亿美元土耳其工厂从未开工，比亚迪执行副总裁李柯明确表示该项目“正处于搁置状态，目前没有在土耳其启动生产的时间表”。原因在于，土耳其虽在欧盟关贸同盟内，但“欧洲制造”规则可能仍将土耳其产车辆排除在外。此外，土耳其本地电池供应链的缺失也影响了投资决策。
这一进一退之间，比亚迪正在以更审慎的态度评估每一个海外产能布局——集中资源优先保障匈牙利工厂，同时将欧洲电池工厂作为长期战略目标稳步推进。
从行业视角看，比亚迪的欧洲电池工厂计划释放了一个清晰的信号：欧洲本土闲置产能正在成为中国制造进入欧洲的入口。这一路径不仅适用于整车，同样适用于电池、光伏、工程机械等被本地化含量规则约束的行业。
从“出口卖车”到“本地造车”，再到“本地造电池”，比亚迪的欧洲棋局正在向最深处落子。这座尚未公布选址的电池工厂，或许比三座整车厂更具战略分量。
【NE快讯】比亚迪半导体发布全新一代车规级1000VSiC功率模块；Melexis推出MLX90381的5V版本；日产汽车与Honda 签署联合开发协议
NE|快讯◎比亚迪半导体发布全新一代车规级1000VSiC功率模块◎Melexis推出MLX90381的5V版本◎日产汽车与Honda签署联合开发协议01.比亚迪半导体发布全新一代车规级1000VSiC功率模块近日，比亚迪半导体发布全新一代车规级1000VSiC功率模块，以DC叠层端子搭配激光焊接工...
车规感知再提速 | 比亚迪半导体新一代车规级4D毫米波雷达芯片
随着智能辅助驾驶从L2向L2+、L3级高阶智驾快速渗透，环境感知系统正面临全天候、高可靠、低成本的多重考验。毫米波雷达凭借全天候工作、测速测距精准等天然优势，已成为智能驾驶感知体系的核心。然而，传统毫米波雷达缺乏俯仰角信息，难以应对复杂城市路况，成为高阶智驾落地的感知短板。作为国内领先的车规级半导体...
比亚迪将把在日本打造的技术推向全球
比亚迪将灵活运用专门为日本市场开发的纯电动轻型车“Racco”的技术比亚迪专为日本市场开发的轻型EV“Racco”为了在有限的轻型汽车的规格范围内兼顾车内空间与碰撞安全性，开发了自研电池包等。这些技术将转用，在欧洲等全球市场销售……中国纯电动汽车（EV）大企业比亚迪（BYD）将把在日本推出的轻型汽车...
比亚迪第10000座闪充站落成，闪充中国达成关键里程碑
2026年8月28日，“闪充中国”战略迎来关键里程碑，比亚迪第10000座闪充站暨深圳龙华闪充旗舰站正式落成，一举创下三项中国车企之最：国内自建充电站数量最多、建成万座充电站最快、国内充电站覆盖地域最广。闪充网络全域覆盖，让找闪充站像找加油站一样方便比亚迪闪充业务总经理王俊保表示，这10000座闪充...
比亚迪电池与中国资环电池公司签署合作框架协议
8月19日，中国资源循环集团电池有限公司（下称“资环电池”）与深圳市比亚迪锂电池有限公司（下称“比亚迪电池”）合作框架协议签约仪式在天津举行。未来，双方将聚焦电池全生命周期管理、电池回收与循环利用等核心业务，开展全方位、多层次深度战略合作，携手谱写电池循环产业高质量发展新篇章。资环电池党委副书记、总...
突破封装瓶颈，比亚迪半导体SOP-9解锁新一代功率器件解决方案
在新能源汽车、工业控制、数据中心等领域，功率器件正朝着高密度、高效率、高可靠、小型化的方向快速迭代。传统封装在散热效率、空间占用和集成度上的瓶颈，已成为制约系统性能提升的关键因素。针对以上瓶颈，比亚迪自主研发出了多款产品，如SOP-9封装的碳化硅半桥模块。该产品采用顶部散热设计，可集成内绝缘技术与高...
2026年上半年电驱出海：325万套电机、248万套电控，出口带飞了谁？
2026年上半年，中国乘用车出口达到440万辆，同比增长73%。其中，新能源乘用车出口227万辆，同比增长129%，占乘用车出口总量的52%；燃油车出口212万辆，同比增长37%。这是一个具有分水岭意义的变化。2025年上半年，新能源在乘用车出口中的占比约为39%，一年之后已经超过一半。中国乘用车出...
比亚迪轻型EV“Racco”在日订单超700辆
比亚迪推出的轻型EV“Racco（海獭）”（7月，东京都港区）轻型EV“Racco（海獭）”于7月28日在日本上市，比亚迪8月3日表示订单量已超过700辆。7月的Racco销量在上市后的4天里达到了125辆……　　比亚迪（BYD）8月3日表示，7月28日在日本上市的轻型纯电动汽车“Racco（海獭）...
比亚迪最新论文，HyWorldVLA 如何让自动驾驶在雨雾中更稳？
2026年7月，来自比亚迪汽车新技术研究院的作者发布了HyWorldVLA。论文的目的是把两类世界模型中互补的训练信号放进同一个驾驶VLA中，提升在雨雾天气中的驾驶表现。接下来我们就一起看一下HyWorldVLA到底是如何做到的。01.自动驾驶需要""想象力""和AI不同，人类驾驶员开车有个天然的习惯，...
比亚迪巴西工厂迎来第10万辆新能源汽车下线，员工规模突破5500人
当地时间7月16日，比亚迪巴西工厂迎来重要发展里程碑。工厂第10万辆新能源汽车正式下线，本次下线车型为比亚迪海鸥；与此同时，工厂在岗员工规模突破5500人，产能建设与本地化就业同步提速，充分彰显比亚迪深耕当地发展、践行社会责任的全球化经营理念。依托持续深耕的本土化长期战略，比亚迪巴西工厂实现高质量稳...
2026第六届全球xEV驱动系统技术暨产业大会
对话 HERE：“中国速度”正在影响全球，未来自动驾驶技术方向一定会趋同
【NE快讯】方正电机研发总部项目封顶；弗迪电池与四川国软科技集团正式签署战略合作协议；宁德时代匈牙利工厂启动新电芯厂房试产
致敬情谊，共启新程｜格林美感恩印尼国家经济委员会主席卢胡特阁下答谢晚宴在京举行
双榜进位！格林美中国民营企业500强排名大幅跃升
上海恩翌信息科技有限公司
沪ICP备17041240号-4",full,,dom_or_structured_full_text,,https://www.ne-time.cn/web/article/39845,NE时代,电池,新能源汽车/智能汽车,2026-09-24T00:46:23+00:00,零碳产业 > 能量转化 > 能量存储 > 电化学储能 > 二次电池 > 传统蓄电池 > 有机体系 > 锂电,零碳产业,锂电,"[{""path"":[""零碳产业"",""能量转化"",""能量存储"",""电化学储能"",""二次电池"",""传统蓄电池"",""有机体系"",""锂电""],""path_text"":""零碳产业 > 能量转化 > 能量存储 > 电化学储能 > 二次电池 > 传统蓄电池 > 有机体系 > 锂电"",""confidence"":0.88,""reason"":""核心事件是比亚迪弗迪电池计划在欧洲建设动力电池工厂""}]",classified,2026-09-24T00:57:07.573599+00:00,glm-5.2,2026-09-10,
合计规划产能100GWh！宁德时代匈牙利工厂启动新电芯厂房试产 - NE时代,2026-09-23,"合计规划产能100GWh！宁德时代匈牙利工厂启动新电芯厂房试产
9月22日，宁德时代位于匈牙利德布勒森的新建电芯工厂启动试生产，公司已完成启动试生产所需的各项前置条件。
消息显示，此次试生产旨在对生产设备及制造工艺进行调试、优化和验证，为后续正式量产做好准备。
据悉，2022年8月，宁德时代宣布在匈牙利德布勒森建设其在欧洲的第二座电池工厂，其中首个电芯厂房于2023年夏季开工建设，并于2026年春季完成先进生产技术及设备的配置。2026年8月，在取得厂房使用许可后，公司陆续完成相关许可及IPPC（综合污染防治与控制）许可要求的各项前置条件，并于9月22日起正式启动首个电芯生产厂房前两条生产线的试生产。
在厂房使用许可获批前，匈牙利豪伊杜-比豪尔州政府办公室曾定期对宁德时代德布勒森工厂开展现场检查，并持续跟进此前引发当地居民关注的问题。相关主管部门确认，公司已完成许可审批过程中此前发现的各项整改工作。
作为宁德时代在欧洲的重要制造基地，德布勒森工厂将为欧洲知名汽车制造商提供产品支持。近年来，多家欧洲领先汽车企业已在匈牙利持续扩大新能源汽车产能。作为全球动力电池技术领先企业，宁德时代在德布勒森采用先进且高度柔性的生产线，以持续满足客户需求。
自2024年秋季起，宁德时代德布勒森工厂已开始生产电池模组，目前累计产量已达53.7万套。待全部设施建成投产后，该工厂规划产能将达到100GWh，成为宁德时代在中国以外最大的生产基地。
在取得试生产所需许可并完成相关前置条件的同时，宁德时代德布勒森工厂将继续与匈牙利政府及相关主管部门保持密切合作，将员工健康与安全置于重要位置。试生产期间，公司还将持续对员工健康、安全及环境相关指标进行全面监测，并主动向主管部门提交相关监测结果。
电池网注意到，除了匈牙利工厂传新进展以外，近日，据外媒报道，埃及电池制造商BME与宁德时代将投资逾20亿埃及镑（约合3900万美元），在埃及建设一座电池制造厂。埃及正致力于发展电动汽车产业并扩大本土制造。根据埃及政府声明，该工厂初期年产能为1GWh，产品主要面向重型商用车电池。第二阶段将把生产扩展至乘用车电池，以及风光储能系统领域，使总产能达到5GWh。
资料显示，BME由埃及商用车制造商MCV与Auto D for Industry, Trade and Supplies共同创立。此次合作将把BME在埃及的制造和工程能力，与宁德时代的电池技术、生产设备及技术支持相结合。
韩国研究机构SNE Research公布的最新装车数据显示，2026年1—7月全球动力电池装车总量达725.2GWh，同比增长20.4%，其中，宁德时代保持第一，装机量289.6GWh，同比增长26.6%，市场份额从38.0%上升1.9个百分点至39.9%。
宁德时代占自主车企44.17%、外资车企50.97%
近期行业内，不少企业都在高喊供应链多元化、推进“去宁化”，降低对宁德时代的电池依赖。但从NE时代1-7月电芯出货配套数据来看，当前宁德时代依旧牢牢占据自主、外资车企的核心电池供应商地位。根据NE时代2026年1—7月电芯出货数据显示，宁德时代在自主车企中的电芯份额为44.17%，在外资车企中为50....
宁德时代拟以14亿元在雅安新建4万吨碳酸锂年产能
9月17日消息，雅安经济技术开发区管理委员会近日发布宁德时代雅安锂盐生产基地项目环境影响评价信息第一次公示。项目总投资14亿元，项目占地面积约350亩，主要建筑面积约13万平方米。购置国际领先的碳酸锂、磷酸二氢锂制造生产装备及配套设备，建成年产约4万吨碳酸锂、3万吨磷酸二氢锂、13万吨元明粉等生产厂...
宁德时代与埃及BME达成技术合作
近日，宁德时代与埃及电池制造商BME正式签署合作协议。在电芯采购意向的基础上，宁德时代将向BME提供电池包技术授权、生产设备与培训服务，以进一步协助其在埃及本地实现电池包的组装与生产。该电池包工厂由BME全资投资建设，规划年产能1GWh，主要生产重型商用车动力电池。按照远期规划，有望把产能扩至5GW...
重磅！宁德时代收购重庆耀宁获无条件批准
9月11日，国家市场监管总局发布2026年8月31日-9月6日无条件批准经营者集中案件列表，共9起案件完成反垄断审结。其中宁德时代收购重庆耀宁新能源科技有限公司（简称“重庆耀宁”）股权案在列，参与集中的经营者为宁德时代和极氪汽车（上海）有限公司，审结时间为9月3日。这意味着，宁德时代在西南地区长期以...
深度智控获宁德时代、沙特阿美战投等重磅加码，加速打造物理AI时代算力与能源底座
近日，物理AI企业深度智控（DeepCtrls）完成新一轮B+轮数亿元融资。本轮融资由宁德时代领投，阿美投资(AramcoVentures)、太平创新投资、广发信德、复星创富跟投，源码资本、光远资本等老股东持续追加。密集产业资本加码背后，是资本市场对产业趋势的共同判断：AI正从数字世界走向物理世界，...
宁德时代与泰金新能、深圳惠科等企业签署战略合作协议
近日，宁德时代与西安泰金新能科技股份有限公司、深圳惠科新材料股份有限公司等企业正式签署战略合作协议。各方围绕铜箔装备集采、产能共建、成本定价、联合研发及绿电共用等核心环节，建立起深层次的长期战略合作关系。此次合作标志着锂电铜箔供应链彻底重构：●在装备端，宁德时代与泰金新能建立统一统筹、统一标准、统一...
宁德时代与舍弗勒签署合作备忘录，打造欧洲本土化电控方案
近日，宁德时代与专注驱动技术的科技公司舍弗勒（Schaeffler）签署合作备忘录。双方将在电池管理系统（BMS）与多合一能量仓等方向开展战略合作，共同打造适配欧洲车企需求的本土化电控解决方案，推动欧洲新能源转型。依托舍弗勒成熟的车载充电机与高低压直流转换器方案，搭配宁德时代的电芯采集与高压配电单元...
东风柳汽与宁德时代签署五年战略合作协议，共同深化商用车技术与生态布局
8月18日，东风柳汽与宁德时代在宁德正式签署五年战略合作协议，这标志着双方从供需关系正式迈向全产业链协同的生态共建阶段。这不仅能进一步提升东风柳汽在新能源商用车市场的核心竞争力，也将推动商用车电池标准的统一与商业模式的变革，为整个商用车行业的高质量与低碳化发展树立标杆。此次合作，双方将重点聚焦以下两...
东风柳汽与宁德时代签署五年战略合作协议，共同深化商用车技术与生态布局
8月18日，东风柳汽与宁德时代在宁德正式签署五年战略合作协议，这标志着双方从供需关系正式迈向全产业链协同的生态共建阶段。这不仅能进一步提升东风柳汽在新能源商用车市场的核心竞争力，也将推动商用车电池标准的统一与商业模式的变革，为整个商用车行业的高质量与低碳化发展树立标杆。此次合作，双方将重点聚焦以下两...
超3GWh！宁德时代天恒储能系统独供澳洲NEM最大在运储能项目
近日，由Quinbrook开发的澳大利亚Supernode储能项目二期正式投入商业运营，三期4.69亿澳元融资同步完成交割。至此，项目一、二期(520MW/1858MWh)已全面商业化运营。三期建成后，总储能规模将突破3GWh，成为澳大利亚国家电力市场(NEM)规模最大的在运电池储能项目。作为该项目...
2026第六届全球xEV驱动系统技术暨产业大会
对话 HERE：“中国速度”正在影响全球，未来自动驾驶技术方向一定会趋同
【NE快讯】方正电机研发总部项目封顶；弗迪电池与四川国软科技集团正式签署战略合作协议；宁德时代匈牙利工厂启动新电芯厂房试产
致敬情谊，共启新程｜格林美感恩印尼国家经济委员会主席卢胡特阁下答谢晚宴在京举行
双榜进位！格林美中国民营企业500强排名大幅跃升
上海恩翌信息科技有限公司
沪ICP备17041240号-4",full,,dom_or_structured_full_text,,https://www.ne-time.cn/web/article/39844,NE时代,电池,新能源汽车/智能汽车,2026-09-24T00:46:25+00:00,零碳产业 > 能量转化 > 能量存储 > 电化学储能 > 二次电池 > 传统蓄电池 > 有机体系 > 锂电,零碳产业,锂电,"[{""path"":[""零碳产业"",""能量转化"",""能量存储"",""电化学储能"",""二次电池"",""传统蓄电池"",""有机体系"",""锂电""],""path_text"":""零碳产业 > 能量转化 > 能量存储 > 电化学储能 > 二次电池 > 传统蓄电池 > 有机体系 > 锂电"",""confidence"":0.9,""reason"":""核心事件是宁德时代匈牙利电芯工厂启动试生产，属动力锂电池产能建设""}]",classified,2026-09-24T00:57:07.573599+00:00,glm-5.2,2026-09-10,
南京天路飞行汽车与南昌智能新能源汽车研究院达成战略合作 - NE时代,2026-09-23,"南京天路飞行汽车与南昌智能新能源汽车研究院达成战略合作
独行快，众行远。深化校地产创融合，赋能未来产业创新发展。
9 月 22‑23 日， “智汇赣鄱・产创融合” 同济大学南昌研究院创新创业大会 在江西南昌嘉莱特花园国际酒店举办。南京天路飞行汽车科技有限公司创始人兼CEO 张秀峰 受邀出席本次大会，并代表企业与南昌智能新能源汽车研究院签署战略合作框架协议，开启双方协同创新、产业共建的全新篇章。
本次大会由（同济大学）南昌智能新能源汽车研究院主办，汇聚地方产业主管部门、同济校友企业家、行业技术专家、产业投资机构等多方资源，聚焦科技成果转化、高层次人才引育、优质产业项目地方落地，搭建产学研用深度对接平台同济大学。活动包含主题致辞、招商推介、项目路演、产业园区实地考察等多项议程，为前沿科技企业链接江西本地产业生态提供重要契机。
南昌智能新能源汽车研究院是南昌市政府与同济大学共建的新型研发机构，依托同济大学学科人才优势以及江铃集团等本地雄厚汽车产业基础，聚焦新能源动力、智能驾驶、智能网联方向开展技术研发、企业孵化与产业服务，是嵌入江西汽车全产业链的重要科创平台。
南京天路飞行汽车专注载人 eVTOL 电动垂直起降飞行器研发制造，核心团队汇聚航空、新能源汽车、智能驾驶领域专家，产品覆盖天路 X 陆空一体飞行汽车、星舰 Y 单人载人飞行器，面向低空文旅、公共安全、应急巡检等多元场景开展常态化试飞与产业化探索。
依据战略合作协议，甲乙双方将坚持 优势互补、协同赋能、长期共赢 的合作原则，围绕四大方向开展深度协作：
✅ 产业资源合作 ：双向开放产业渠道与生态资源，立足江西挖掘低空经济、新能源产业落地场景，开展市场对接与业务联动，联合搭建产业协同服务平台。
✅ 技术资源共享 ：整合科研设施、技术与人才资源，对接江西本地高校推进联合人才培养；协同申报各级科研项目、科技奖项，共同推进技术攻关与成果转化。
✅ 政府资源整合 ：协同对接省、市各级主管部门、产业园区，联合申报产业创新、示范应用类专项扶持，争取载体、人才、政策配套支持。
✅ 产业平台共建 ：探索项目孵化、载体共建模式，引入低空经济产业链资源，助力江西未来产业集群培育。
会议期间，参会企业一同实地参访同济大学南昌研究院、小蓝汽车零部件产业园、江铃汽车等重点产业载体，深入调研江西汽车及高端制造产业现状，实地交流产业创新与项目落地的现实路径。
2026第六届全球xEV驱动系统技术暨产业大会
对话 HERE：“中国速度”正在影响全球，未来自动驾驶技术方向一定会趋同
【NE快讯】方正电机研发总部项目封顶；弗迪电池与四川国软科技集团正式签署战略合作协议；宁德时代匈牙利工厂启动新电芯厂房试产
致敬情谊，共启新程｜格林美感恩印尼国家经济委员会主席卢胡特阁下答谢晚宴在京举行
双榜进位！格林美中国民营企业500强排名大幅跃升
上海恩翌信息科技有限公司
沪ICP备17041240号-4",full,,dom_or_structured_full_text,,https://www.ne-time.cn/web/article/39843,NE时代,电池,新能源汽车/智能汽车,2026-09-24T00:46:27+00:00,通用技术 > 通信和运输 > 物质运输 > 航空,通用技术,航空,"[{""path"":[""通用技术"",""通信和运输"",""物质运输"",""航空""],""path_text"":""通用技术 > 通信和运输 > 物质运输 > 航空"",""confidence"":0.9,""reason"":""核心是飞行汽车/eVTOL企业的战略合作与低空经济产业落地""}]",classified,2026-09-24T00:57:29.774913+00:00,glm-5.2,2026-09-10,
羽嘉航空动力重磅发布 国内首款EPS300大功率集成化电推进系统 - NE时代,2026-09-23,"羽嘉航空动力重磅发布 国内首款EPS300大功率集成化电推进系统
9月18日至20日，2026垂直起降飞行器大会暨低空产业生态展在景德镇陶博城会展中心盛大举行。本届展会以“旋翼向新・低空致远：从直升机产业到低空经济新生态”为主题，汇聚低空经济领域龙头企业、行业专家与产业同仁，聚焦前沿技术迭代、产业升级路径与生态共建方向，共探低空产业高质量发展新路径。
落地 “中国直升机之城” 景德镇的科创力量 —— 景德镇电推进航空科技有限公司，由羽嘉航空动力（南京）有限公司与旋翼飞行器制造业创新中心联合组建，深耕大功率电推进动力系统研发及产业化的科创企业。本次展会，景德镇电推进航空科技有限公司依托中航直升机所技术积淀与直升机之城的航空生态，在旋翼飞行器制造业创新中心全面赋能下成功首发国内首款300kW级一体化电推进系统，集中展示大功率电推进系统前沿技术成果，与行业同仁共探低空经济发展新机遇。
重磅新品发布 打破行业技术壁垒
大会开幕式上，景德镇电推进航空科技/羽嘉航空动力董事长刘业正式发布EPS300大功率集成化电推进系统。旋翼系统集成了旋翼、减速器、电机、电控、倾转作动、变矩、散热七大功能，是目前国内首款、唯一实现“七合一”高度集成的电动旋翼系统。依托长期技术攻坚，企业研发团队突破三大核心技术瓶颈：通过承载一体化减速器设计，实现高精度运行的同时，空间利用率提升20%；通过电机技术革新，实现15kW/kg超高功率密度；搭载800V高压平台，实现双余度控制算法，保障整机高精度、高安全稳定运行。
一大四高硬核优势
重塑行业性能标杆
产品 “一大四高”的核心亮点，以硬核性能重塑国内中大型eVTOL动力系统全新标杆。大拉力：产品额定拉力1吨，峰值拉力可达1.5吨，处于国内电动旋翼拉力领先水平。高集成：产品采用七合一集成设计，将旋翼、减速器、电机、电控、散热器、倾转系统、总距舵机融为一体。高效率：系统综合效率≥91.5%，悬停效率达78%，逼近理论设计极限。高可靠性：系统搭载双余度双通道设计，单通道失效仍可应急降级使用，安全可靠。高可维护性：斜切式大开口壳体设计，便于设备安装与维护，适配1-6吨新能源垂直起降飞行器，可支撑货运物流、应急救援、城市交通等低空场景。
全系产品亮相 彰显硬核技术储备
本次展会，景德镇电推进航空科技自研的旋翼推进系统、涵道推进系统、涡轴高速发电系统三大系列产品同步展出，产品可匹配6吨以下多构型eVTOL机型，覆盖低空飞行器动力配套全链条需求，充分展现企业在低空动力装备领域的技术储备。
展会期间，江西卫视对景德镇电推进航空科技有限公司董事管泽浩进行了专项交流。交流中董事管泽浩重点解读了EPS300大功率集成化电推进系统的核心技术优势，着重介绍综合效率能够达到 91.5%这一关键技术指标，向行业与大众展现国产大功率电推进技术的突破性成果。
立足瓷都根基 领航低空产业未来
会后交流中，谈及企业为何落户瓷都，羽嘉航空动力（南京）有限公司总经理刘业分享了他的真切感受。总经理刘业表示选择落户景德镇，我们十分看重当地完备的低空产业生态。景德镇作为 “中国直升机之城”，拥有完备的低空产业生态，本次展会实现整机到供应链全链条覆盖，为企业发展提供了优良土壤。主办方周到的服务，更坚定了企业扎根于此的信心。未来企业将携手产业链伙伴，依托本地航空优势，深耕电推进核心技术，抢抓低空经济机遇。 立足 “中国直升机之城” 景德镇，景德镇电推进航空科技有限公司，持续打磨大功率电推进核心装备。依托协同研发优势，企业不断攻克关键技术，积极链接产业资源。下一步，企业将继续携手行业伙伴，抢抓低空经济发展机遇，为本地低空产业高质量发展贡献科创力量。
2026第六届全球xEV驱动系统技术暨产业大会
对话 HERE：“中国速度”正在影响全球，未来自动驾驶技术方向一定会趋同
【NE快讯】方正电机研发总部项目封顶；弗迪电池与四川国软科技集团正式签署战略合作协议；宁德时代匈牙利工厂启动新电芯厂房试产
致敬情谊，共启新程｜格林美感恩印尼国家经济委员会主席卢胡特阁下答谢晚宴在京举行
双榜进位！格林美中国民营企业500强排名大幅跃升
上海恩翌信息科技有限公司
沪ICP备17041240号-4",full,,dom_or_structured_full_text,,https://www.ne-time.cn/web/article/39842,NE时代,电池,新能源汽车/智能汽车,2026-09-24T00:46:29+00:00,通用技术 > 通信和运输 > 物质运输 > 航空,通用技术,航空,"[{""path"":[""通用技术"",""通信和运输"",""物质运输"",""航空""],""path_text"":""通用技术 > 通信和运输 > 物质运输 > 航空"",""confidence"":0.9,""reason"":""核心事件是eVTOL大功率电推进系统发布，属电动航空器动力技术""},{""path"":[""零碳产业"",""能量转化"",""能源测"",""二次能源利用"",""电驱动（电机）""],""path_text"":""零碳产业 > 能量转化 > 能源测 > 二次能源利用 > 电驱动（电机）"",""confidence"":0.7,""reason"":""产品核心为高功率密度电机与电控集成推进系统""}]",classified,2026-09-24T00:57:29.774913+00:00,glm-5.2,2026-09-10,
【NE快讯】立讯汽车与英飞凌创新应用中心揭牌成立；上汽大通、卓驭科技、时代电服、易森动力达成四方战略合作 - NE时代,2026-09-23,"【NE快讯】立讯汽车与英飞凌创新应用中心揭牌成立；上汽大通、卓驭科技、时代电服、易森动力达成四方战略合作
立讯汽车与英飞凌创新应用中心揭牌成立
近日，英飞凌与立讯精密旗下子公司立讯汽车，举行创新应用中心签约及揭牌仪式。这标志着双方的合作伙伴关系提升至全新高度。面向汽车电动化、智能化与软件定义汽车加速演进的产业趋势，双方将依托创新应用中心，围绕关键应用场景开展联合创新、参考设计与系统级验证，缩短从概念到量产的落地周期，助力客户打造更安全、更高效、更具竞争力的汽车电子系统。
立讯精密正依托消费电子精密制造平台拓展业务，汽车电子正在成为新的增长引擎。未来立讯精密希望通过与英飞凌的密切合作，实现其在ADAS、智能座舱、智能底盘领域的全球业务布局。双方已围绕车规器件选型、样件评估开展测试验证。创新应用中心将把上述合作进一步体系化，形成联合参考设计与验证平台，提升方案迭代与导入效率。
依托各自在汽车电子与制造系统集成等领域的优势，英飞凌与立讯汽车希望通过创新应用中心建立常态化协作机制，围绕关键应用场景开展联合创新与验证，推动解决方案更高效落地。此次创新应用中心的成立，也将进一步强化英飞凌在本地市场的应用支持能力，通过更贴近客户、更贴近场景的协同模式，提升方案迭代速度与项目交付效率，并为产业链伙伴提供更具可复用性的系统级工程支持。
泰矽微发布3合1高集成度MCU产品TCHV5018系列
近日，泰矽微电子正式推出新一代车规级芯片TCHV5018，主打""三合一集成""与""单晶片""两大设计思路，瞄准汽车远端控制单元（ECU）市场。
传统汽车远端控制单元通常需要多颗芯片协同工作——主控MCU、LIN通信收发器、高压LDO供电模块各自独立。TCHV5018将这三大功能模块集成于单颗芯片之中，旨在降低系统复杂度、缩小PCB面积并提升整体可靠性。
TCHV5018采用12吋晶圆单晶片设计，而非多芯片合封方案。据官方信息，这一选择有助于规避当前8吋晶圆产能紧张带来的供应链风险，同时在成本控制、长期供货稳定性方面具备优势。
该芯片支持40V抛负载，深度睡眠模式下功耗低于50微安，待机功耗低于70微安，并支持通过LIN接口唤醒。内置电机控制与传感器采集功能，Flash容量提供64KB与128KB两档可选，支持无线升级（OTA）。工作温度范围覆盖-40℃至150℃，符合车规级标准。
上汽大通、卓驭科技、时代电服、易森动力达成四方战略合作
近日，易森动力「每一程·皆AI」发布会在北京海淀举行。会上，上汽大通、卓驭科技、时代电服、易森动力正式达成四方战略合作，共同推进5万台搭载换电方案的无人物流车落地运营。行业首个城市运力云端AI调度中枢「太初」同期发布。
此次四方合作，是国内首次由“整车生产企业（上汽大通）、移动物理AI公司（卓驭科技）、标准化换电生态服务商（时代电服）、AI驱动的全链路运营平台（易森动力）”四方共建，以万台级车队规模推进无人物流车落地。上汽大通提供适配城市物流场景的无人商用车产品；卓驭科技提供智能驾驶技术；时代电服提供电池资产与换电方案；易森动力提供全链路运营能力。
5万台体量，意味着换电将首次以万台级车队进入城市物流，7×24小时连续运营成为可能。对卓驭而言，挑战不止于赋能无人物流车「开得稳」，更要在无清晰车道、布局常变、近距离混行的作业场景里，稳定完成任务闭环，并与整车、换电、调度做系统级对接，让智能驾驶像标准模块一样「开箱即接入生态」。
同时，四方合作未来还将在两个方向上继续深入：一是共同探索全无人大容量电池换电车型的研发和技术攻关，从“适配现有车型”走向“定义下一代车型”；二是共同探索出海协同的新模式，为城市末端无人配送“技术＋运营＋生态”能力的出海提供样本。
立讯汽车与英飞凌创新应用中心揭牌成立
9月21日，全球汽车半导体解决方案的领先供应商英飞凌，与全球领先的精密制造解决方案提供商立讯精密旗下重要子公司立讯汽车，举行创新应用中心签约及揭牌仪式。这标志着双方的合作伙伴关系提升至全新高度。面向汽车电动化、智能化与软件定义汽车加速演进的产业趋势，双方将依托创新应用中心，围绕关键应用场景开展联合创...
【NE快讯】海信集团华东区域总部“落子”嘉定；广汽集团柬埔寨KD工厂投产下线；芯驰科技完成C+、C++轮融资
NE|快讯◎海信集团华东区域总部“落子”嘉定◎广汽集团柬埔寨KD工厂投产下线◎芯驰科技完成C+、C++轮融资01.海信集团华东区域总部“落子”嘉定近日，上海嘉定与海信集团控股股份有限公司正式签署战略合作协议。根据协议，海信集团将在嘉定布局上海创新中心暨华东区域总部，同步设立三电全球研发中心暨中国区总...
【NE快讯】格陆博(宜宾)公司制动器总成单月出货量超1万套(4万只)；晶能完成6.3亿元C轮融资；汇天与阿联酋战略合作启动
NE|快讯◎格陆博(宜宾)公司制动器总成单月出货量超1万套(4万只)◎晶能完成6.3亿元C轮融资◎汇天与阿联酋战略合作启动01.格陆博(宜宾)公司制动器总成单月出货量超1万套(4万只)近日，格陆博(宜宾)公司制动器总成单月出货量超1万套(4万只)，制动器产线同时具备EMB电子机械制动系统的生产能力，...
【NE快讯】经纬恒润基于国产化SoC芯片前视一体机正式实现量产交付；英飞凌与联电创新应用中心揭牌；亿咖通整车搭载量突破1200万辆
NE|快讯◎经纬恒润基于国产化SoC芯片前视一体机正式实现量产交付◎英飞凌与联电创新应用中心揭牌◎亿咖通整车搭载量突破1200万辆01.经纬恒润基于国产化SoC芯片前视一体机正式实现量产交付近日，经纬恒润基于国产化SoC芯片的智能前视摄像头一体机（IntelligentFrontCamera，简称I...
【NE快讯】欧摩威全新制动系统斩获首个量产订单；中汽新能与零跑汽车签约；英诺赛科发布 AEC‑Q100 SolidGaN
NE|快讯◎欧摩威全新制动系统斩获首个量产订单◎中汽新能与零跑汽车签约◎英诺赛科发布AEC‑Q100SolidGaN01.欧摩威全新制动系统斩获首个量产订单近日，欧摩威集团正式发布新一代电液制动产品——分布式制动系统，该系统在实现紧凑化设计的同时，进一步提升了制动性能。目前，该产品已获得一家中国头部...
【NE快讯】禾赛发布全球最小的超高空间解析力激光雷达MT系列；博世传感器业务斩获国内头部车企全球化车型定点；鸿蒙智行调整问界合作模式
NE|快讯◎禾赛发布全球体积最小的超高空间解析力激光雷达MT系列◎博世传感器业务成功斩获国内头部车企全球化车型定点◎鸿蒙智行调整问界合作模式01.禾赛发布全球体积最小的超高空间解析力激光雷达MT系列近日，禾赛科技正式发布面向高精建模领域的新一代旗舰产品——禾赛超高空间解析力激光雷达MT系列。作为专为...
【NE快讯】晶能微电子顺利完成股份制改造；禾赛科技与京东集团达成全新战略合作；精进电动推出重型商用车用油冷大直径扁线电机
01.晶能微电子顺利完成股份制改造近日，浙江晶能微电子有限公司整体完成股份制改造，正式更名为“浙江晶能微电子股份有限公司”。完成股份制改造后，公司将以此为新起点，持续加大研发投入，打磨核心产品，深化产业链协同，加速标杆项目落地，夯实业务壁垒，助推算力设施和物理AI电力体系创新，向着成为全球领先的AI...
【NE快讯】德州仪器与威迈斯签署谅解备忘录；芯粤能第二代1400V碳化硅主驱芯片和模块正式量产；镓仁半导体实现12英寸氧化镓晶体等径生长
NE|快讯◎德州仪器与威迈斯签署谅解备忘录◎芯粤能第二代1400V碳化硅主驱芯片和模块正式量产◎镓仁半导体实现12英寸氧化镓晶体等径生长01.德州仪器与威迈斯签署谅解备忘录近日，德州仪器（TI）与威迈斯（Vmax）正式签署谅解备忘录（MOU），双方合作从新能源汽车领域的项目协同，拓展为覆盖新能源汽车...
【NE快讯】伯特利EPB再获欧洲项目定点；安波福新一代智能前视一体机在欧盟市场新车型上量产落地；弗迪电池与长沙孚盛签署战略合作协议
NE|快讯◎伯特利EPB再获欧洲项目定点◎安波福新一代智能前视一体机在欧盟市场新车型上量产落地◎弗迪电池与长沙孚盛科技签署战略合作协议01.伯特利EPB再获欧洲项目定点近日，伯特利再度与全球某头部车企达成合作，将为其两个欧洲项目开发供货电子驻车制动卡钳(EPB)。早在2022年，伯特利电子驻车制动卡...
【NE快讯】泽景股份首获全球头部德系车企HUD项目定点；睿驰与为旌科技达成战略合作；图达通与楚能汽车达成战略合作
NE|快讯◎泽景股份首获全球头部德系车企HUD项目定点◎睿驰与为旌科技达成战略合作◎图达通与楚能汽车达成战略合作01.泽景股份首获全球头部德系车企HUD项目定点近日，泽景股份披露公告称，公司首度进入某全球头部德系车企的全球供应体系，斩获该客户一款面向全球市场车型的HUD项目定点，计划于2028年启动...
2026第六届全球xEV驱动系统技术暨产业大会
对话 HERE：“中国速度”正在影响全球，未来自动驾驶技术方向一定会趋同
【NE快讯】方正电机研发总部项目封顶；弗迪电池与四川国软科技集团正式签署战略合作协议；宁德时代匈牙利工厂启动新电芯厂房试产
致敬情谊，共启新程｜格林美感恩印尼国家经济委员会主席卢胡特阁下答谢晚宴在京举行
双榜进位！格林美中国民营企业500强排名大幅跃升
上海恩翌信息科技有限公司
沪ICP备17041240号-4",full,,dom_or_structured_full_text,,https://www.ne-time.cn/web/article/39841,NE时代,电池,新能源汽车/智能汽车,2026-09-24T00:46:31+00:00,通用技术 > 通信和运输 > 物质运输 > 陆路运输,通用技术,陆路运输,"[{""path"":[""通用技术"",""通信和运输"",""物质运输"",""陆路运输""],""path_text"":""通用技术 > 通信和运输 > 物质运输 > 陆路运输"",""confidence"":0.85,""reason"":""多条快讯核心均为汽车电动化智能化的合作与车规芯片发布""},{""path"":[""AI与智能科技"",""AI硬件层"",""芯片""],""path_text"":""AI与智能科技 > AI硬件层 > 芯片"",""confidence"":0.7,""reason"":""泰矽微发布车规级三合一集成MCU芯片为核心产品事件之一""}]",classified,2026-09-24T00:57:29.774913+00:00,glm-5.2,2026-09-10,
宁德时代占自主车企44.17%、外资车企50.97% - NE时代,2026-09-23,"宁德时代占自主车企44.17%、外资车企50.97%
近期行业内，不少企业都在高喊供应链多元化、推进“去宁化”，降低对宁德时代的电池依赖。但从NE 时代 1-7 月电芯出货配套数据来看，当前宁德时代依旧牢牢占据自主、外资车企的核心电池供应商地位。根据NE时代2026年1—7月电芯出货数据显示，宁德时代在自主车企中的电芯份额为44.17%，在外资车企中为50.97%，均位居第一。其他供应商已经在不少车企中取得较高份额，但宁德时代在多家主要客户中的配套比例仍然超过七成，部分甚至超过九成。自主车企中，宁德时代占44.17%，弗迪电池占23.25%，两家合计67.43%。国轩高科、中创新航和欣旺达分别占6.17%、5.51%和3.41%。其中，吉利是宁德时代最大的客户，贡献宁德总量的13.88%。在吉利自身的电芯供应结构中，宁德时代占63.21%，吉曜通行占28.50%，其余由国轩高科、蜂巢能源等供应商配套。蔚来、长安、小米和理想同样重要。四家分别贡献宁德总量的11.27%、11.19%、11.03%和9.79%，宁德时代在各家内部的份额均超过75%。赛力斯的集中度更高，宁德时代占其电芯总量的99.17%，赛力斯也贡献了宁德总量的9.45%。零跑则呈现另一种结构。宁德时代在零跑内部只占18.87%，低于国轩高科的31.64%和正力新能的22.51%，但零跑依然进入宁德时代自主客户出货量前十，贡献宁德总量的2.88%。外资车企中，宁德时代占50.97%，LG化学占22.16%，正力新能占12.47%。三家合计85.61%。特斯拉是宁德时代最大的外资客户，贡献宁德总量的7.84%。特斯拉自身的电芯供应结构中，宁德时代占57.75%，LG化学占42.25%。上汽大众、一汽大众、奥迪一汽的宁德时代份额分别达到95.47%、92.82%和96.90%。宁德时代占据绝大部分份额，分别贡献宁德总量的1.64%、0.32%和0.30%。
合计规划产能100GWh！宁德时代匈牙利工厂启动新电芯厂房试产
9月22日，宁德时代位于匈牙利德布勒森的新建电芯工厂启动试生产，公司已完成启动试生产所需的各项前置条件。消息显示，此次试生产旨在对生产设备及制造工艺进行调试、优化和验证，为后续正式量产做好准备。据悉，2022年8月，宁德时代宣布在匈牙利德布勒森建设其在欧洲的第二座电池工厂，其中首个电芯厂房于2023...
宁德时代拟以14亿元在雅安新建4万吨碳酸锂年产能
9月17日消息，雅安经济技术开发区管理委员会近日发布宁德时代雅安锂盐生产基地项目环境影响评价信息第一次公示。项目总投资14亿元，项目占地面积约350亩，主要建筑面积约13万平方米。购置国际领先的碳酸锂、磷酸二氢锂制造生产装备及配套设备，建成年产约4万吨碳酸锂、3万吨磷酸二氢锂、13万吨元明粉等生产厂...
宁德时代与埃及BME达成技术合作
近日，宁德时代与埃及电池制造商BME正式签署合作协议。在电芯采购意向的基础上，宁德时代将向BME提供电池包技术授权、生产设备与培训服务，以进一步协助其在埃及本地实现电池包的组装与生产。该电池包工厂由BME全资投资建设，规划年产能1GWh，主要生产重型商用车动力电池。按照远期规划，有望把产能扩至5GW...
重磅！宁德时代收购重庆耀宁获无条件批准
9月11日，国家市场监管总局发布2026年8月31日-9月6日无条件批准经营者集中案件列表，共9起案件完成反垄断审结。其中宁德时代收购重庆耀宁新能源科技有限公司（简称“重庆耀宁”）股权案在列，参与集中的经营者为宁德时代和极氪汽车（上海）有限公司，审结时间为9月3日。这意味着，宁德时代在西南地区长期以...
【NE数据】2026年7月乘用车电芯/PACK/BMS装机量：BMS集成化成为新的机会
2026年7月国内动力电池装机呈现""电量涨、车辆降""的分化格局。电芯装机合计51.61GWh，同比增长15.5%；PACK与BMS配套量均为92.5万辆，同比表现下滑。背离的背后是单车平均带电量从45.2kWh升至55.8kWh、增幅约23%，大电量与闪充车型放量成为拉动装机的主因。电芯环节高度集中...
深度智控获宁德时代、沙特阿美战投等重磅加码，加速打造物理AI时代算力与能源底座
近日，物理AI企业深度智控（DeepCtrls）完成新一轮B+轮数亿元融资。本轮融资由宁德时代领投，阿美投资(AramcoVentures)、太平创新投资、广发信德、复星创富跟投，源码资本、光远资本等老股东持续追加。密集产业资本加码背后，是资本市场对产业趋势的共同判断：AI正从数字世界走向物理世界，...
宁德时代与泰金新能、深圳惠科等企业签署战略合作协议
近日，宁德时代与西安泰金新能科技股份有限公司、深圳惠科新材料股份有限公司等企业正式签署战略合作协议。各方围绕铜箔装备集采、产能共建、成本定价、联合研发及绿电共用等核心环节，建立起深层次的长期战略合作关系。此次合作标志着锂电铜箔供应链彻底重构：●在装备端，宁德时代与泰金新能建立统一统筹、统一标准、统一...
宁德时代与舍弗勒签署合作备忘录，打造欧洲本土化电控方案
近日，宁德时代与专注驱动技术的科技公司舍弗勒（Schaeffler）签署合作备忘录。双方将在电池管理系统（BMS）与多合一能量仓等方向开展战略合作，共同打造适配欧洲车企需求的本土化电控解决方案，推动欧洲新能源转型。依托舍弗勒成熟的车载充电机与高低压直流转换器方案，搭配宁德时代的电芯采集与高压配电单元...
高寒场景更优解！懋略科技102Ah低温电芯
懋略科技正式发布102Ah低温电芯，产品已完成全球送样。面对全球市场多元的气候条件与复杂工况，懋略科技以差异化性能平台为支点，将客户真实需求转化为可量产、可交付的产品能力。低温电芯正是该技术平台面向高寒场景的最新成果，为全球市场带来高寒场景更优解。从需求倒推性能让产品跨越边界低温场景的挑战，不只是能...
东风柳汽与宁德时代签署五年战略合作协议，共同深化商用车技术与生态布局
8月18日，东风柳汽与宁德时代在宁德正式签署五年战略合作协议，这标志着双方从供需关系正式迈向全产业链协同的生态共建阶段。这不仅能进一步提升东风柳汽在新能源商用车市场的核心竞争力，也将推动商用车电池标准的统一与商业模式的变革，为整个商用车行业的高质量与低碳化发展树立标杆。此次合作，双方将重点聚焦以下两...
2026第六届全球xEV驱动系统技术暨产业大会
对话 HERE：“中国速度”正在影响全球，未来自动驾驶技术方向一定会趋同
【NE快讯】方正电机研发总部项目封顶；弗迪电池与四川国软科技集团正式签署战略合作协议；宁德时代匈牙利工厂启动新电芯厂房试产
致敬情谊，共启新程｜格林美感恩印尼国家经济委员会主席卢胡特阁下答谢晚宴在京举行
双榜进位！格林美中国民营企业500强排名大幅跃升
上海恩翌信息科技有限公司
沪ICP备17041240号-4",full,,dom_or_structured_full_text,,https://www.ne-time.cn/web/article/39840,NE时代,电池,新能源汽车/智能汽车,2026-09-24T00:46:33+00:00,零碳产业 > 能量转化 > 能量存储 > 电化学储能 > 二次电池 > 传统蓄电池 > 有机体系 > 锂电,零碳产业,锂电,"[{""path"":[""零碳产业"",""能量转化"",""能量存储"",""电化学储能"",""二次电池"",""传统蓄电池"",""有机体系"",""锂电""],""path_text"":""零碳产业 > 能量转化 > 能量存储 > 电化学储能 > 二次电池 > 传统蓄电池 > 有机体系 > 锂电"",""confidence"":0.93,""reason"":""核心事件是宁德时代动力电池电芯市场占有份额及产能动态""}]",classified,2026-09-24T00:57:29.774913+00:00,glm-5.2,2026-09-10,
曼恩斯特全自动闭环涂布系统，以智能调控提升极片一致性 - NE时代,2026-09-23,"曼恩斯特全自动闭环涂布系统，以智能调控提升极片一致性
新国标实施后，锂电池制造在安全性及一致性方面面临更高要求。涂布作为电池制造前段的核心工序，
其质量直接影响极片的一致性，并进一步影响电池的安全与电化学性能。
此外，产线正持续向宽幅、高速、连续化方向升级。涂布面密度、尺寸及双面涂层对位等关键质量参数的调节窗口持续收窄，对工艺管控的精度与效率提出更为严苛的要求。
实际生产中，腔体压力、泵速、张力等工艺参数波动频繁，传统“检出异常→执行调整→再次检测”模式耗时长，调整滞后于波动，难以保证涂布质量持续稳定。
在此背景下，涂布工艺管控的关键，正从""测出问题再调""转向""边测边调、边调边测""的实时闭环控制，实现从被动响应到主动调节。
面密度与尺寸闭环控制链路
针对上述痛点，曼恩斯特构建全自动闭环涂布系统解决方案，实现面密度与尺寸指标闭环控制，
从检测、决策到执行全自动完成。
系统集成全自动涂布模头、电动执行机构、闭环控制系统、浆料输送系统、干湿膜面密度仪、干湿膜CCD及间隙调节、模头横移、纠偏伺服单元，经工业通讯协议形成实时信息闭环。
检测端全幅覆盖面密度与CCD，
数据检出率100%，3σ重复精度±1‰，
为闭环调节提供可靠数据底座。
面密度闭环以全检面密度仪实时采集干膜、湿膜面密度并同步补偿，联动模头T-bar分区调节与螺杆泵泵速，
快速达成TD（横向）、MD（纵向）闭环；
尺寸闭环依托CCD视觉对干湿膜数据同步补偿，快速调节涂膜尺寸。
全自动闭环系统调节范围
调节过程中，系统对采集数据与目标值、工艺配方等基准参数比对，经卡尔曼滤波降噪、异常剔除，构建动态预调节模型。
自研人工智能神经网络算法基于调节模型，输出指令链下发执行机构，调节完成后，系统循环采集数据进行迭代与参数优化，
形成“数据采集-算法分析-精准调节-迭代优化”的全流程闭环控制，
实现高精度、一致性的涂布效果。
二、两大闭环：面密度与尺寸精准调控
围绕面密度与尺寸两大指标，系统构建四大闭环模块，由全自动闭环系统统一调度、协同运行，在保证单项指标稳定的同时，协调处理参数之间的耦合关系，共同提升整体涂布一致性。
TD与MD双闭环解耦控制
面密度闭环方案采用TD横向与MD纵向全局解耦双闭环控制架构，
可实现横向、纵向面密度精准调控，解决传统单闭环调节精度不足、偏差耦合的行业痛点。
TD面密度闭环调节
横向面密度以极片工艺标准面密度为核心控制目标，采用干膜与湿膜协同校准。
双层全自动湿膜面密度方案
湿膜检测在烘干前实时采集，用于前置偏差干预并标定干膜值；干膜检测对烘干后极片面密度检测，作为最终精度修正依据。系统比对设定值后生成调节量，
驱动模头对应分区梯块位移调节（精度±1μm），
修正局部浆料流量，实现TD方向均匀涂布。
MD面密度闭环调节
MD面密度闭环以极片纵向面密度均匀性为核心控制目标，系统比对纵向面密度数据与工艺目标，通过高精度伺服螺杆泵动态调整供料转速，配合干湿膜协同校准保障纵向面密度稳定。
量产数据显示面密度COV可控制在约 0.2%，
保障电池容量一致性，降低电芯批次间差异。
尺寸闭环全局解耦方案
尺寸闭环采用涂膜尺寸与A/B面对位闭环全局解耦方案，两大闭环模块独立控制，协同联动。减少有效涂布面积损耗与封装尺寸超标风险，为电芯封装尺寸精度与电池能量密度提供核心工艺支撑。
涂膜尺寸闭环调节
涂膜尺寸控制的目标是保证涂层宽度、间距及削薄区等几何参数的加工精度。系统采用CCD视觉在线测量，经异常值剔除、最小二乘法均值过滤及公差比对后，
生成GAP调节量，通过PLC驱动模头GAP伺服机构精准微调。
涂膜正反面对位闭环
针对双面涂布A/B面相对位置偏差，系统通过双面CCD视觉获取A/B面幅宽中心线及涂膜中心线，计算出各条涂膜边缘的A/B面错位值，依托多条错位权衡算法生成调节指令，
驱动模头横移伺服机构与纠偏系统修正位置，实现精准对位。
三 实战验证：量产数据支撑的降本增效
在头部厂商产线验证中，该方案展现出良好的应用效果，
极片一致性提升≥30%。
产线OEE提升3%~5%。
实现质量一致性、设备效率、产品良率与生产资源配置的协同优化。
质量指标上，采用15mm分区宽度进行闭环调节后，
面密度过程表现改善幅度≥30%；
A/B面对位精度在±0.5mm条件下，
涂布Cpk＞1.33，
为电芯一致性奠定工艺基础。
客户产线实际应用效果
投产效率上，方案可实现快速调平，
首件调试次数从平均 3-5 次降至 1 次，
按平均 4 次计算，
材料损耗降低 75%，
助力客户快速换型投产、降低量产材料成本。
系统还具备工艺学习能力，可基于实测数据迭代调节策略，沉淀产品配方、削薄区处理、起涂控制优化及过程异常调整数据库，调节面密度稳定时间≤1 min，实现一键闭环、智能生产。
曼恩斯特全自动闭环涂布系统解决方案依托智能工艺迭代系统，将检测数据、调节策略和工艺经验沉淀为可复用数据资产，持续反哺工艺决策，
推动涂布控制由人工经验转向数据驱动。
未来，曼恩斯特将持续构建从数据采集、过程控制到工艺优化的数字化能力，让生产数据持续反哺工艺决策，推动涂布从自动化控制走向数据驱动的智能制造。
恩捷股份首条7米超宽幅在线涂布产线顺利投产
近日，恩捷股份首条7米超宽幅在线涂布产线在重庆基地一次性调试成功并顺利投产。至此，重庆基地12条生产线全面实现在线涂布能力全覆盖，正式迈入全流程在线涂布智能化量产新阶段。这是恩捷股份在锂电隔膜核心工艺与高端智造领域的又一次里程碑式突破，标志着公司在锂电隔膜核心工艺、高端智造领域再添核心竞争壁垒。本次...
电池企业走访｜走进曼恩斯特
近日，NE时代与蓝星锂电电池产业走访团队来到深圳市曼恩斯特科技股份有限公司，与曼恩斯特总经理彭总及曼恩斯特市场团队围绕企业发展、涂布技术应用及海外市场布局等话题展开交流。NE团队到访曼恩斯特，与总经理彭建林先生合影01.深耕精密涂布，以高精密涂布模头构建核心产品体系曼恩斯特成立于2014年，是一家以...
曼恩斯特固态电芯线湿法解决方案，重新定义电解质精密成膜
在固态电池迈向产业化的征途中，电解质层的制备堪称核心瓶颈。传统湿法涂布虽能实现均匀薄膜，但在应对固态电解质独特的物化性质与气氛环境要求时，往往力不从心；而干法涂布虽避免了溶剂，却也面临成膜均匀性、厚度控制等系列挑战。行业亟需一种高效稳定、兼具材料兼容性的新一代成膜技术。在此背景下，曼恩斯特正式发布“...
曼恩斯特：固态电池极片制造+锂电非金属化产线破解行业核心痛点
全固态电池以固态电解质取代传统液态电解质，在安全性能和能量密度等方面展现出显著优势，被视为突破现有安全困局的重要方向。但是量产瓶颈始终卡在制造环节，且在当前的锂电池制造过程中，金属杂质也无异于一场没有硝烟的战争。面对这些行业共性挑战，需要从制造端重构生产逻辑，推出全流程的解决方案。在11月3-4日N...
量产提速！曼恩斯特推出固态电池电解质薄涂系统，高速双面涂布助力极片制造
在固态电池迈向产业化的道路上，极片制造工艺一直是影响量产可行性与电池性能的关键。作为曼恩斯特固态电池极片制造解决方案的关键组成部分，本文将聚焦于湿法电解质薄涂系统。湿法电解质薄涂系统曼恩斯特湿法电解质薄涂系统采用“正面涂覆→烘烤→反面涂覆→烘烤”的双面涂布工艺流程。涂布过程始于极片正面，电解质浆料经...
展会直击 | 曼恩斯特亮相2023世界动力电池大会，与您共赴科技盛宴！
6月9日，2023世界动力电池大会在有着“万里长江第一城”之称的四川省宜宾市盛大开幕，曼恩斯特作为国际先进的涂布技术解决方案提供商，携一站式涂布技术解决方案在B馆B3-S3精彩展出。世界之约，宜宾之邀本次大会以“绿色新动力·世界新动能”为主题，由四川省人民政府、工业和信息化部主办，再次选择于宜宾召开...
曼恩斯特：国产狭缝涂布技术正在下一盘高精密大棋
“工欲善其事,必先利其器。”涂布技术为工业通用技术，狭缝式涂布属于高精密涂布技术，在光电、半导体、燃料电池、太阳能等行业都拥有一个或多个应用场景。国内涂布设备企业正在以研发为支点，布局平台化狭缝涂布技术，帮助各行业追求品质的精益求精。狭缝涂布技术具有高精密特质涂布技术在工业上有多通用，一句广义定义就...
又一家锂电设备企业曼恩斯特 创业板IPO过会
6月15日，深交所创业板上市委公告，深圳市曼恩斯特科技股份有限公司（下称“曼恩斯特”）首发获通过。曼恩斯特符合发行条件、上市条件和信息披露要求。招股书显示，曼恩斯特本次拟公开发行股票募集资金约5.3亿元，主要用于安徽涂布产业化建设项目（1.43亿元）、涂布技术产业化建设总部基地项目（1.43亿元）、...
2026第六届全球xEV驱动系统技术暨产业大会
对话 HERE：“中国速度”正在影响全球，未来自动驾驶技术方向一定会趋同
【NE快讯】方正电机研发总部项目封顶；弗迪电池与四川国软科技集团正式签署战略合作协议；宁德时代匈牙利工厂启动新电芯厂房试产
致敬情谊，共启新程｜格林美感恩印尼国家经济委员会主席卢胡特阁下答谢晚宴在京举行
双榜进位！格林美中国民营企业500强排名大幅跃升
上海恩翌信息科技有限公司
沪ICP备17041240号-4",full,,dom_or_structured_full_text,,https://www.ne-time.cn/web/article/39838,NE时代,电池,新能源汽车/智能汽车,2026-09-24T00:46:35+00:00,零碳产业 > 能量转化 > 能量存储 > 电化学储能 > 二次电池 > 传统蓄电池 > 有机体系 > 锂电,零碳产业,锂电,"[{""path"":[""零碳产业"",""能量转化"",""能量存储"",""电化学储能"",""二次电池"",""传统蓄电池"",""有机体系"",""锂电""],""path_text"":""零碳产业 > 能量转化 > 能量存储 > 电化学储能 > 二次电池 > 传统蓄电池 > 有机体系 > 锂电"",""confidence"":0.9,""reason"":""核心是锂电池制造涂布工艺闭环控制系统，直接服务锂电产线""}]",classified,2026-09-24T00:57:29.774913+00:00,glm-5.2,2026-09-10,
乐聚-湖大工业具身智能体联合研发中心正式揭牌成立！ - NE时代,2026-09-23,"乐聚-湖大工业具身智能体联合研发中心正式揭牌成立！
9月21日，乐聚-湖大
工业具身智能体联合研发中心
揭牌仪式顺利举行
中心将围绕工业等真实场景需求
重点聚焦工业具身智能体技术、
视觉感知大模型等方向联合攻关
加速推动具身智能机器人成为产线上真正可用可靠的新质生产力
图 | 揭牌仪式
湖南大学粤港澳大湾区创新研究院院长周石庆、科技成果转化与产业服务中心主任张华顶，乐聚机器人CEO常琳、助理副总裁陈小科等出席活动。
中心由湖南大学王耀南教授担任主任
将依托湖南大学人才科研优势
与乐聚机器人产业化落地能力
打通“实验室－生产线”的转化链路
构建从基础研究、技术验证
到量产应用的完整创新体系
面向具身智能机器人场景落地
中心将重点布局三大攻关方向
具身智能机器人宽域多模态主动感知
针对工业制造大空间作业场景，攻克复杂环境下的精准感知与动态适配难题， 全面提升机器人宽域作业的精准性与环境鲁棒性。
工业具身智能大模型 融合任务规划、模仿学习、强化学习与触觉感知技术，突破自主决策能力弱、动作响应慢、任务种类受限、操作成功率低等瓶颈， 持续提升机器人在复杂场景下的自主作业能力 。
具身智能机器人平台研发与典型应用 面向家庭与工业制造等多元场景需求，研发具备灵巧运动与精细操作能力的具身智能机器人，推进工业分拣等典型场景 的成果转化与商业化落地。
此次联合研发中心的揭牌成立
是乐聚携手湖南大学、湖南大学粤港澳大湾区创新研究院深化产学研布局
夯实工业具身智能技术底座的重要举措
未来，双方将以中心为纽带构建院企产学研联盟新体系
推进科学研究、技术创新与人才培养
加速前沿科研成果向产业价值转化
为具身智能产业的蓬勃发展
持续贡献产学研协同力量
芯驰携手阿帕奇机器人，共筑具身智能机器人""大小脑""算力底座
芯驰科技与阿帕奇机器人围绕具身智能机器人“大小脑”算力底座达成深度合作共识。基于共同认可的技术路线与产品定义，双方将围绕具身智能机器人大小脑控制器产品展开深度协同，面向本体业务方向，共同打造从端侧运算平台到核心关节模组的完整产品解决方案，加速具身智能产业化落地进程。芯驰将发挥其在车规级高性能、高安全...
8月具身智能：钱投哪，谁在买？｜NE数据
2026年8月，具身智能行业在资本、产品和需求端均保持较高活跃度，但不同指标背后的结构性特征比单纯的数量增长更值得关注。资本市场明显回升，但头部项目仍然主导资金变化。8月中国具身智能一级市场共收录48起融资及战略投资事件，披露或折算金额约194.1亿元，较7月分别增长45.5%和61.9%。其中，小...
格雷博的具身智能答卷：从800V动力域到机器人电驱系统领域
格雷博是一家提供智能电动化动力域系统与通用化800V高压直流供电系统的解决方案的全球供应商。我们以高性能电力电子、电机、软件、热管理与平台化集成技术为核心，通过垂直整合与系统优化实现竞争力领先的软硬件服务一体化方案，主要服务于新能源汽车动力域领域，并拓展至AIDC电源系统与具身智能动力域电驱系统领域...
20余家企业「组队」，中国具身智能Tier 1产业联盟成立！
2026年9月2日，中国具身智能产业迎来里程碑式时刻——由星源智与灵心巧手共同发起，联合奥比中光、法奥机器人、福莱新材、禾赛科技、华威科、讯飞机器人超脑平台、览沃科技、灵猴机器人、珞石机器人、迈尔微视、钕娲创造、泉智博、森云智能、速腾聚创、他山、无问智科、鑫精诚、移远通信、知行具身，纵贯线20余家产...
【NE快讯】蔚来智驾负责人任少卿创业做具身智能；智驾新程J6B前视一体机获德国客户定点；博世携手宏微科技拓展高端功率电子新应用
NE|快讯◎蔚来智驾负责人任少卿创业做具身智能◎智驾新程J6B前视一体机获德国客户定点◎博世携手宏微科技拓展高端功率电子新应用01.蔚来智驾负责人任少卿创业做具身智能，仍继续担任蔚来智能驾驶业务负责人据多家信源，8月24日，蔚来CEO李斌在智能驾驶全员会上宣布：智驾业务负责人任少卿已创立一家聚焦物理...
四维图新与章鱼动力达成战略合作 共推国产具身智能产业化落地
近日，四维图新与章鱼动力达成深度战略合作，共建国产化具身智能产业体系，推动物理AI技术标准化、商业化落地。五大方向，构建全链路产业闭环根据协议，双方将围绕数据闭环、行业方案、软硬协同、仿真训练与全球化服务五大方向展开深度合作：共建具身智能数据全链路体系，联合打造“采集—处理—合规—流通”一体化数据解...
思特威与奥比中光深化战略合作，双“芯”协同共筑具身智能视觉基座
8月20日，2026世界机器人大会（WRC2026）期间，技术先进的CMOS图像传感器供应商思特威（SmartSens，股票代码688213）与行业领先的机器人视觉及AI视觉科技公司奥比中光（股票代码688322）正式签署深化战略合作协议。双方将围绕“高性能CMOS图像传感器（CIS）+自研深度引擎...
灵心巧手与奥比中光达成战略合作，共同打造“手眼协同”具身智能标杆产品
8月18日，全球灵巧手领军企业灵心巧手（Linkerbot）与行业领先的机器人视觉及AI视觉科技公司奥比中光正式达成战略合作。双方将围绕具身智能“手眼协同”开展标杆产品与解决方案的共研共创，推动灵巧操作与视觉感知从单点能力走向深度协同，加速具身智能产业落地。01长期合作基础共筑手眼协同新起点事实上，...
常州武进携手它石智航，共同打造长三角具身智能产业高地
8月18日，常州市武进区与它石智航签署合作协议，具身机器人研发制造基地项目正式落地武进国家高新技术产业开发区。本次合作，双方将依托武进国家高新区产业基底，共建具身机器人研发、制造基地，布局汽车工业机器人、通用具身机器人及核心零部件的研发、生产与销售，推动具身智能机器人走向规模化研发、制造与交付。常州...
2026年H1具身智能行业总结｜NE报告
2026年上半年，具身智能产业延续政策、资本、产品和产能多线升温态势，但整体仍处于“高活跃、低规模兑现”的产业验证期。行业的核心矛盾已从“机器人能不能造出来”，转向“能否稳定完成作业、持续交付并证明经济价值”。NE时代《2026年H1具身智能行业总结报告》重磅发布，该报告系统梳理了上半年的政策、融资...
2026第六届全球xEV驱动系统技术暨产业大会
对话 HERE：“中国速度”正在影响全球，未来自动驾驶技术方向一定会趋同
【NE快讯】方正电机研发总部项目封顶；弗迪电池与四川国软科技集团正式签署战略合作协议；宁德时代匈牙利工厂启动新电芯厂房试产
致敬情谊，共启新程｜格林美感恩印尼国家经济委员会主席卢胡特阁下答谢晚宴在京举行
双榜进位！格林美中国民营企业500强排名大幅跃升
上海恩翌信息科技有限公司
沪ICP备17041240号-4",full,,dom_or_structured_full_text,,https://www.ne-time.cn/web/article/39837,NE时代,电池,新能源汽车/智能汽车,2026-09-24T00:46:37+00:00,AI与智能科技 > 具身智能 > 模型和具身操作系统,AI与智能科技,模型和具身操作系统,"[{""path"":[""AI与智能科技"",""具身智能"",""模型和具身操作系统""],""path_text"":""AI与智能科技 > 具身智能 > 模型和具身操作系统"",""confidence"":0.88,""reason"":""核心是工业具身智能体联合研发中心，聚焦具身大模型与感知攻关""},{""path"":[""AI与智能科技"",""具身智能"",""硬件和控制""],""path_text"":""AI与智能科技 > 具身智能 > 硬件和控制"",""confidence"":0.7,""reason"":""涉及具身智能机器人平台研发与量产应用落地""}]",classified,2026-09-24T00:57:29.774913+00:00,glm-5.2,2026-09-10,
“Diamond Inside”碳化硅塑封功率模块正式样品订单交付，首单落地电动飞行器 - NE时代,2026-09-23,"“Diamond Inside”碳化硅塑封功率模块正式样品订单交付，首单落地电动飞行器
从科交会首秀到正式样品订单交付，只用了一个季度。金刚石，终于""飞""进了整机。
近日，阿基米德半导体“Diamond Inside”碳化硅功率模块正式下线出货，交付国内一家电动飞行器客户，将装机进入其飞行器动力系统。这是公司“Diamond Inside”技术路线自2026年4月在第四届中国（安徽）科技创新成果转化交易会上公开首秀以来，完成的国内首批正式样品订单交付，也标志着金刚石集成功率模块从展台样品正式迈入整机商用阶段。
一、交付了什么：金刚石复合底板+SiC塑封模块（DCM封装）
本次出货产品为“Diamond Inside”碳化硅功率模块，采用DCM封装形式，底板为金刚石复合材料。核心看点在于：金刚石不再以外部贴附的热沉片形态出现，而是作为底板材料深度嵌入模块封装结构内部，重构了从芯片到散热器的热传导路径。从“展台样品”到“装机订单”的闭环由此打通。
二、为什么是电动飞行器：每克重量都是续航
电动飞行器是金刚石集成功率模块最具适配性的场景之一。飞行器在高空作业，环境温度跨度大、动态工况苛刻，对功率模块的重量与可靠性提出了远超地面设备的双重挑战。金刚石复合材料底板的引入，恰好命中这两个痛点：
轻量化：散热架构从水冷降级为风冷，底板材料本身更轻。金刚石热导率高达2000 W/(m·K)以上，是铜的5倍，凭借这一优势，模块散热可以从传统Pinfin水冷方案改为平板（风冷）方案，省去水冷板、冷却液管路等一整套冷却附件，这是系统级减重的主要来源。同时，金刚石复合材料密度低于铜，底板自身重量随之下降。在电动飞行器这类对重量极度敏感的场景里，减重直接转化为续航收益。
高低温循环下的可靠性跃升。飞行器从地面高温到高空低温，功率模块长期承受剧烈温度循环。金刚石的热膨胀系数（CTE）与SiC芯片更匹配，从根源上降低了芯片与底板之间的热应力，抑制界面疲劳与开裂风险。这意味着在同样的高低温冲击下，模块寿命更长、失效率更低——对""上天""的设备而言，可靠性就是生命线。
正因如此，电动飞行器成为金刚石集成功率模块从实验室走向商用的第一批落地整机场景之一。
三、从样品到订单：一个季度的闭环
回顾“Diamond Inside”路线的关键节点：
1. 2026年4月26-28日：第四届中国（安徽）科技创新成果转化交易会，阿基米德半导体首次公开亮相“Diamond Inside”系列三电平功率模块，展出1200V ACP-3S金刚石集成样品，被现场专业人士评价为“功率半导体热管理颠覆性方案之一”。
2. 2026年8月：“Diamond Inside”碳化硅功率模块（DCM封装）正式下线，交付电动飞行器客户，完成首批正式样品订单出货。
从首秀样品到正式样品订单交付，仅一个季度。这个速度背后是阿基米德半导体通过对底层材料与封装技术的颠覆性创新，在储能、新能源汽车、AI算力等关键赛道实现市场引领和高效联动转化路径，展现了一条以 “尖端材料创新为矛、解决行业痛点方案为盾、全链条自主能力为基、产业资本生态为翼”的快速发展路径。
四、下一步：让金刚石的""冷静""，驱动尖端科技的""澎湃""
首批样品订单交付只是起点。围绕金刚石集成功率模块，阿基米德半导体的落地路线已经清晰：
电动飞行器：本次首单场景，减重与高功率密度直接换续航。
具身智能关节驱动：对功率密度和重量敏感，轻量化提升负载能力。
AI算力电源与高性能算力中心（AIDC）：支持更高机柜功率密度，缓解液冷系统压力。
新能源汽车800V平台与光储充：开关频率和功率提升后，热管理成为瓶颈，模块级优化提升系统效率与可靠性。
阿基米德半导体将持续推动金刚石集成功率模块在前述领域率先落地，让金刚石的""冷静""，驱动尖端科技的""澎湃""。
【NE数据】2026年H1乘用车功率模块：充满不确定性的长期博弈
2026年上半年，根据中国市场乘用车终端销量，对应功率模块装机量为688万套，其中碳化硅功率模块装机量为183.7万套（包含混碳），同比增长53.1%。（统计口径为上险量）当前，功率模块国产替代已经越过单纯的产品验证阶段，进入规模制造、质量控制和平台化供货竞争阶段。随着上半年国内新能源汽车销量超过7...
臻驱科技新一代SlimPACK-II功率模块及配套双电控功率砖量产
近日，臻驱科技新一代SlimPACK-II功率模块及配套双电控功率砖实现量产交付。该模块平台依托大面积铜烧结、铜键合等核心底层技术突破，持续提升产品可靠性与综合性价比。平台覆盖50-200kW功率区间，可全面适配新能源汽车主驱、辅驱等多类应用场景，持续完善公司功率半导体产品矩阵。新一代SlimPAC...
臻驱科技发布DrivePACK-II功率模块平台 适配商用车800V+SiC应用需求
近日，臻驱科技正式推出新一代DrivePACK-II功率模块平台，适配新能源商用车800V+SiC应用场景，进一步完善公司功率半导体产品矩阵。臻驱科技新一代DrivePACK-II功率模块平台相较于乘用车，商用车的运行工况更加恶劣复杂，对功率模块的技术要求更为严苛，包括：1热管理：商用车额定电流为峰...
嵌入式功率模块发展到哪了，下一阶段真正要拼的是什么？
嵌入式封装这两年突然变热，表面看是封装形式在变，实质上是SiC主驱逆变器的矛盾转移了。SiC器件本身具备更快开关、更低损耗和更高频应用潜力。但这同时也把寄生参数、热管理和控制干扰问题推到系统前台。也就是说，当芯片越来越快，封装和系统回路如果还停留在传统二维布线、键合线、外置母排和较长换流路径上，Si...
Wolfspeed 新推出两款 3.3kV 碳化硅功率模块系列，助力应对能源需求的激增
2026年5月21日，美国北卡罗来纳州达勒姆市–Wolfspeed推出了两款全新的3.3kV碳化硅(SiC)功率模块系列—采用行业标准封装的高功率半桥带基板模块，以及可扩展的全桥无基板模块—旨在应对由人工智能(AI)数据中心及更广泛的能源转型所带来的迫在眉睫的电力瓶颈问题。为了应对当前这一挑战，需要...
钧联电子 │ E2B封装&叠层L1A封装功率模块产品
英飞凌推出全新XHP™ 2 CoolSiC™高功率模块，显著提升高压能源系统的效率与功率密度
全球功率系统和物联网领域的半导体领导者英飞凌科技股份公司（FSE代码：IFX/OTCQX代码：IFNNY）推出采用2300VCoolSiC™MOSFET的新型XHP™2功率模块产品，进一步扩展了该产品组合。它们专为高压电力系统设计，最高支持1500V直流母线电压，契合行业向更高系统电压发展的趋势。该...
【NE数据】2026年Q1乘用车功率模块、SiC功率模块装机量：SiC功率模块同比增长超30%
NE时代根据新能源乘用车终端数据统计，2026年第一季度中国新能源乘用车功率模块装机量为281万套，同比下降-19.19%。SiC功率模块装机量为72万套，同比增长34.94%。■功率模块方面，比亚迪半导体以21.08%的份额稳居榜首，海外市场需求爆发成为其增长核心驱动力。中车半导体紧随其后，士兰微...
重要技术突破！电子电器事业部成功研发PCB嵌入式功率模块
近日，电子电器事业部顺利完成PCB嵌入式功率模块产品的样品试制，并已完成模块的相关性能测试验证。该项目是在颠覆传统功率模块封装形式下，开发高集成度、高效和高寿命功率模块方向上的一次重要技术突破，标志着电子电器事业部在新型功率封装与系统级集成技术方面取得了阶段性进展。PCB嵌入式功率模块针对汽车功率电...
忱芯科技500kW SiC MOSFET功率模块中压三电平有功对拖测试系统顺利交付客户！
近日，忱芯科技面向新能源光储充应用场景自主研发的SiCMOSFET功率模块中压三电平有功对拖测试系统顺利出货交付客户。SiCMOSFET功率模块中压三电平有功对拖测试系统的成功交付不仅代表客户对忱芯技术实力的再次认可，也是忱芯科技功率器件测试设备产品的又一次扎实前进。产品亮点高效对拖、低电网依赖，长...
2026第六届全球xEV驱动系统技术暨产业大会
对话 HERE：“中国速度”正在影响全球，未来自动驾驶技术方向一定会趋同
【NE快讯】方正电机研发总部项目封顶；弗迪电池与四川国软科技集团正式签署战略合作协议；宁德时代匈牙利工厂启动新电芯厂房试产
致敬情谊，共启新程｜格林美感恩印尼国家经济委员会主席卢胡特阁下答谢晚宴在京举行
双榜进位！格林美中国民营企业500强排名大幅跃升
上海恩翌信息科技有限公司
沪ICP备17041240号-4",full,,dom_or_structured_full_text,,https://www.ne-time.cn/web/article/39836,NE时代,电池,新能源汽车/智能汽车,2026-09-24T00:46:39+00:00,AI与智能科技 > AI硬件层 > 半导体,AI与智能科技,半导体,"[{""path"":[""AI与智能科技"",""AI硬件层"",""半导体""],""path_text"":""AI与智能科技 > AI硬件层 > 半导体"",""confidence"":0.85,""reason"":""核心事件是碳化硅塑封功率模块样品交付，属于功率器件与封装产业链。""},{""path"":[""通用技术"",""通信和运输"",""物质运输"",""航空""],""path_text"":""通用技术 > 通信和运输 > 物质运输 > 航空"",""confidence"":0.78,""reason"":""模块首单落地电动飞行器动力系统，明确指向eVTOL整机应用。""}]",classified,2026-09-24T00:57:37.094418+00:00,glm-5.2,2026-09-10,
"Centralized, Distributed, and Edge AI: What’s Different?",2026-09-23,"The tech industry loves buzzwords, so it’s no surprise that a swarm of terms has emerged to describe AI infrastructure strategies. Centralized AI, distributed AI, and edge AI sound distinct at first glance, but in practice, their meanings overlap – and the lines between them can blur quickly.
This overview clarifies what each term typically means, how they intersect, and what the practical implications are for data centers and enterprise deployments.
Centralized AI: One Site, Many Nodes
Centralized AI refers to hosting AI workloads in a single location. In modern practice, that usually means a single data center (or cloud region) running a cluster of servers. Although “centralized” might imply a single machine, today’s large-scale AI workloads, especially training and serving large language models (LLMs), almost always span multiple servers or GPUs due to high
compute and memory demands
Local or on-device models that run on a single workstation do exist, but they are exceptions in enterprise contexts. In short, centralized AI concentrates resources and operations in one facility (or region), even if those workloads are distributed across many nodes within that one site.
Related:
Property Tax: The Value Driver that AI Data Centers Overlook
Distributed AI: Multisite by Design
Distributed AI spreads AI workloads across multiple servers and, frequently, multiple sites. This is where confusion with centralized AI can creep in: both can involve multi-node clusters. The distinction is primarily about geography and site count.
In enterprises, distributed AI often means deploying across multiple distinct data centers or cloud regions to serve different user populations, improve resilience, reduce latency for geographically dispersed users, or meet regulatory and data residency requirements. The operative idea is a multisite footprint by design.
Edge AI: Compute Near Users and Data
places AI workloads near the network edge – close to end users, devices, or local data sources – to reduce latency, trim data transfer costs, or avoid round trips to a core data center. Organizations implement edge AI in several ways: compact
edge data centers
near users, regional or micro data centers for inference, or models pushed directly onto devices.
Depending on the setup, these architectures may also qualify as distributed AI, underscoring the overlap in terminology. Think of “edge” as a location property (near users or data) and “distributed” as a topology property (multisite).
Where These Approaches Actually Differ
Because the terms overlap, it’s helpful to focus on what truly differentiates them in practice:
Related:
Self-Improving AI Could Drive Innovation – But Strain Data Centers
Number and Placement of Sites
Centralized AI typically uses a single data center or cloud region. Distributed AI spans multiple facilities, often in different regions or countries. Edge AI may also involve multiple sites, especially when using micro or regional data centers or on-device deployments.
Performance and Cost Goals
Distributed and edge strategies often target lower latency, locality, or lower egress costs by placing compute closer to users and data. Centralized AI prioritizes consolidation, capacity pooling, and operational simplicity over geographic optimization.
Implementation and Operations
Centralized AI is generally easier to set up, govern, and monitor because everything lives in one place. Distributed and edge architectures increase complexity, from orchestration and observability to data synchronization, failover design, and compliance.
How Should You Decide?
Rather than getting stuck on labels, align infrastructure with goals and constraints. If you have a single facility or region and need to quickly stand up capabilities, centralization offers a straightforward path. If you serve users in multiple geographies, must meet data residency mandates, or want to reduce latency and egress costs, a distributed footprint makes sense. Where ultra-low latency, intermittent connectivity, or bandwidth constraints dominate, edge deployments – potentially including on-device inference – will be compelling.
Related:
The Corrosion Blind Spot in the AI Buildout
Many enterprises ultimately blend these patterns: centralized training plus distributed or edge inference, tuned by workload criticality, latency budgets, and cost.",full,,dom_or_structured_full_text,,https://www.datacenterknowledge.com/ai-data-centers/centralized-ai-vs-distributed-ai-vs-edge-ai-what-s-the-difference-,Data Center Knowledge,综合科技,数据中心/AI基础设施,2026-09-24T00:47:30+00:00,AI与智能科技 > AI硬件层 > 数据中心,AI与智能科技,数据中心,"[{""path"":[""AI与智能科技"",""AI硬件层"",""数据中心""],""path_text"":""AI与智能科技 > AI硬件层 > 数据中心"",""confidence"":0.9,""reason"":""文章核心是集中式、分布式与边缘AI部署对数据中心的影响。""}]",classified,2026-09-24T00:57:37.094418+00:00,glm-5.2,2026-09-10,
The Hidden Gas Hazards Inside Data Centers,2026-09-23,"A year ago this month, during maintenance at South Korea’s National Information Resource Services (NIRS) in Daejeon, a UPS battery failure triggered a fire. The fire destroyed 384 lithium-ion batteries and took 647 government systems offline. Recovery was
projected to take four weeks
Nothing about a facility like that would have told you it was dangerous: filtered air, locked doors, no flare stack – nothing that looks remotely like a process plant. Yet the very equipment that makes a data center dependable also makes it hazardous. UPS strings, chillers, standby generators, switchgear, suppression, and the water treatment skid are all essential; together, they introduce something close to 10 gas and chemical hazards hidden behind doors that mostly stay shut.
Batteries, Then Everything Else
Nine times out of 10, when an operator asks me about “gas,” they are asking about the batteries. Lead-acid on float can evolve hydrogen, and flammable concentrations begin at just 4% by volume. Hydrogen is invisible and odorless, and it migrates through gaps you did not know existed.
Lithium-ion
removes the hydrogen risk, but it introduces another: thermal runaway can vent flammable and toxic gases within minutes, often adjacent to live DC equipment.
Related:
The Myth of ‘Always On’: Confronting Data Center SPOFs
Refrigerant
is typically the largest chemical volume on site, sitting behind more joints than anyone has counted. Because most refrigerants are heavier than air, leaks settle into plant rooms and pits, and when they do, they can take your cooling with them.
Generator exhaust goes where the wind and the building let it. With short stacks, nearby intakes, and still air, exhaust can re-enter “fresh air” systems. Every test or run of a standby generator puts carbon monoxide and nitrogen dioxide somewhere.
Sulfur hexafluoride (SF6) is an asphyxiant; under arcing, it decomposes into hazardous byproducts that accumulate in low, poorly ventilated areas. Clean-agent and inert-gas suppression systems require concentrations for occupied spaces, which limits tactics when people may be present. In Daejeon, responders
used gas-based suppressants
such as carbon dioxide rather than water to protect critical state infrastructure. Even so, the fire’s intensity meant it took firefighters
22 hours
to extinguish it completely.
Water treatment adds its own risks. Chlorine is a familiar one, and at an Apple data center in Maiden, North Carolina, in 2015, a spilled cooling-system cleaning chemical
put five people in the hospital
. Underneath many of these scenarios is the same mechanism: oxygen depletion.
Related:
Hydrogen’s Hurdles, Fuel Cells’ Rise in Data Center Power
Why There’s More Than There Used to Be
Data center capacity is on course to go from 103 GW to 200 GW this decade,
according to
JLL’s 2026 Data Center Outlook
report. The gases have not changed. There is simply more of everything now, and it arrives faster than it used to. Lower-GWP blends, some of which are mildly flammable, are being retrofitted into plants designed for something else.
Liquid cooling
, unusual five years ago, is now assumed, which means a great many more joints right beside servers.
The building itself can work against you. Data centers are sealed, secure, and pressure-managed for the equipment’s benefit, and this containment slows leaks rather than letting them dissipate. In a room nobody visits, a leak can sit for a week. The person who opens that door may be the first to encounter the hazard.
The Uptime Argument
Uptime Institute
lists power and cooling as the leading causes of significant outages, with cooling alone responsible for 19% of outages; more than half of serious incidents cost over $100,000. Daejeon was both a safety incident and an availability incident. No one separates the two afterward because, in practice, they are one and the same.
What I’d Check First
Nobody has a single list of what is in the building. The battery data lives with the UPS vendor. Refrigerant quantities are stamped on the chiller. Suppression information is in a fire file somewhere. Dosing chemicals are handled by a contractor who turns up once a month. Consolidating that information is a dull afternoon’s work, and it can go out of date the moment a contract changes.
Related:
Electromagnetic Interference: The Invisible Threat to Data Center Uptime
Mounting height is the first thing I would look at. Too often, detectors end up at head height because installers can reach that easily. Hydrogen does not stop at head height.
These incidents above occurred during planned work, not because of equipment “breakdowns.” The Daejeon event happened during a job to make the site safer. The Maiden case was scheduled maintenance. It pays to know who is on the schedule next month and what substances and procedures they bring.
And buy detectors you can actually access for routine maintenance. If a sensor requires a permit, an escort, and a scheduled access time, calibration will slip. Eight years later, it can read several percent off, with the paperwork still in order. Notably, the Daejeon batteries reportedly
passed an inspection
in June of that year.
Finally, treat rooms for what they are, not for the roof they share. A switch room and a chiller hall pose different questions, require different detection strategies, and entail different failure consequences. They just happen to be in the same building.",full,,dom_or_structured_full_text,,https://www.datacenterknowledge.com/outages/same-roof-10-different-gases-what-a-data-center-is-quietly-holding,Data Center Knowledge,综合科技,数据中心/AI基础设施,2026-09-24T00:47:31+00:00,AI与智能科技 > AI硬件层 > 数据中心,AI与智能科技,数据中心,"[{""path"":[""AI与智能科技"",""AI硬件层"",""数据中心""],""path_text"":""AI与智能科技 > AI硬件层 > 数据中心"",""confidence"":0.9,""reason"":""核心事件是数据中心内部电池、制冷等设备的气体安全隐患与运营安全。""}]",classified,2026-09-24T00:57:37.094418+00:00,glm-5.2,2026-09-10,
社区速递 159 | 便携卡片充电器与库克十五年改变生活的产品 - 少数派,2026-09-23,"除了首页时间流和侧栏的精选展位，少数派 Matrix 社区还有很多优秀内容因条件所限无法得到有效曝光，因此我们决定重启 Matrix 周报，并在此基础上添加更多社区内容、作者投稿新玩意呈现给大家。
上周社区速递：社区速递 158 | 便宜耐造的副厂手柄与大学宿舍里那些相见恨晚的装备
为了让作者的投稿尽快与广大读者见面，我们调整了《新玩意》栏目中作者投稿部分的呈现方式和周期，作者投稿的「新玩意」后续会迁移至本栏目。投稿渠道与奖励方式仍与以往完全一致，详情参见文末。我们相信新鲜火热出炉的分享更能赢得大家的喜爱，也欢迎广大读者朋友们踊跃投稿。
@流歌：极致小巧，Zippo 般大的绿联 45W 小冰片充电器
- 入手渠道：京东
- 入手价格：97 元
如同男人到中年就会自动解锁钓鱼技能那样，我总觉得自己缺一个充电器。
我手上原本有一个酷态科 6 号 mini 充电器，性能不错、做工扎实，给 MacBook Air 用非常合适。直到一次去图书馆，发现这里的插头特别松，和我那条折腾了 3 年皮筋断掉的球裤有得一拼。尽管我一次才待两三个小时，电脑续航完全足够，但都不重要，这一刻我就是缺一个合适的充电器。
一提到卡片充电器，毫无疑问「酷态科 6 号卡片」是这个领域的标杆，而且最近出了最高支持 90W 的新款。尽管涨了价、尽管还在挤牙膏，但底子不错，体积、做工和性能都很优秀。就在准备下单时，我从相似推荐里意外发现了这次的主角——绿联 45W 小冰片充电器。大致看了评测和拆解，没有迟疑当天就下了单。
究其原因，就是它的体积做得太极致了。官方三围只有 61.3 × 41.9 × 11.7 mm，看数据没有感觉，直接看图：
当我打开包装第一次拿起这个充电器时，感觉就像手握一个 Zippo 打火机。它的重量也只有 55g，整体手感非常惊艳，比视频里看起来还要小巧，得益于扁平的形态，便携性直接拉满。
此外，和标杆酷态科 6 号卡片相比，绿联更薄、更短，也更轻（酷态科为 83g）。这也是我放弃酷态科转投绿联小冰片的决定性因素。
相信会有人觉得 45W 的功率太小了，现在的手机充电器动辄 90W、120W，45W 似乎塞牙缝都不够；一些笔记本性能释放能到一两百瓦，这个充电头更是喂不饱。这些问题都是客观存在的，只是对我个人的场景而言有些不同：
- 充手机差距没那么大：以我的小米 14 为例，即便开启 90W 闪充，绝大多数情况下实际功率也只有 40W 左右。因为我是随用随充，很少把电量耗到 50% 以下，只有极低电量时才能冲上 60W 以上。而这个充电器实测能够跑到 24W，充电耗时并没有变长很多，基本在可接受范围内。拿来充 iPhone 也非常合适。
- 充 MacBook 完全够用：如果是高性能游戏本确实不行，但对于轻薄 MacBook 却非常合适。平时浏览网页、看视频，整机功率只有个位数，45W 绰绰有余；而且 MacBook Air 原装充电器本来也才 30W。
- 优点：极致小巧扁平，插墙插极其稳固，携带无负担。
- 缺点：最高功率 45W（高功耗设备不适用）；不支持私有高功率快充协议；单 Type-C 口设计。
@十七：弓途风顶顶卡弹弓 + 靶箱
- 入手渠道：拼多多
- 入手价格：¥11.9（弹弓套装）+ ¥21（靶箱）
某天我儿子从一堆玩具中翻出了一把弹弓，木头弓身，用类似自行车气门芯胶皮做的皮筋。我试着玩了几下，皮筋拉开到两倍长度就拉不动了，非常难用。但它勾起了我小时候玩弹弓的回忆——要不我也买一把玩玩？
去网上搜了一圈才发现，现在的弹弓变得相当讲究：弓身材质各异，装皮筋的方式有好几种，皮筋的厚度、锥度、长度还要和泥丸或钢珠搭配，很多人推荐的入门款价格往往都在百元以上。我不知道自己能玩几天，真花一百多买回来新鲜两天吃灰实在浪费。最后我相中了这把弓途的 ABS 塑料顶卡弹弓，单弓身 6 块钱，套餐到手不到 12 块，还带了 5 副皮筋、200 颗钢珠和 400 颗泥丸，拿回来就能直接上手。
到手后发现整把弓只有 40 多克，拿在手里毫无负担，连续打 100 发手也不会太累。它绑皮筋的方式很有意思，用的是「顶卡」（顶部卡球）结构：把皮筋贴在弓头的孔壁上，用卡球挤压卡紧，利用摩擦力固定。需要换皮筋时反向把卡球拉出即可直接抽出，换皮筋极其方便。
玩了两天觉得挺上瘾，为了能在家里安全练习，我又花 21 块钱买了个 40cm × 40cm 的靶箱。一是因为方便，不用专门跑户外，摆在家里架子上想玩就能玩；二是因为安全，靶箱能兜住打出来的泥丸和钢珠，碎渣也不会满屋乱飞，收拾起来轻松很多。
打弹弓有时候还是挺专注解压的，站好位置，拉弓、瞄准、松手，这期间注意力都在前面的靶点上。尤其是连续打上几十发的时候，很容易就进入一种专注的状态。脑子里也不用想别的事情，就是重复那一套东西，看看下一发能不能比上一发更准。
经过一周左右的练习，现在在 3 米距离上已经能十中八九，退到 5 米命中率就会明显下降。不过自己玩也没什么竞技追求，开心就好。
在上期第 296 期一派讨论《Tim Cook 掌舵十五年：哪些苹果产品真正改变了你的数字生活？》中，共有 781 名派友热情参与，十分感谢！
回顾库克时代的十五年，派友们投票与热议的焦点高度集中在两大领域：一是彻底终结有线耳机、重塑大众通勤与无线音频习惯的 AirPods 系列；二是彻底摆脱功耗发热与续航焦虑、实现颠覆性生产力跃迁的 Apple Silicon（M 系列芯片）。此外，督促运动健康闭环的 Apple Watch、打造随手吸附生态的 MagSafe，以及曾让人爱恨交加的蝶式键盘与 Touch Bar，都成为了派友们数字生活记忆里的鲜明注脚：
iPrincit (+14) 我想在某个夏天被 Intel 时代的 MacBook Pro 烫到的人都会感受到 Apple Silicon 的巨大价值。
Lawmaker (+13) AirPods 真的是，刚发布的时候觉得太另类了，就是把有线耳机的线剪了，很滑稽。现在看来真的好超前。
邢不通 Xingularity (+9) 对消费者最深远的创新可能是 Apple Silicon，轻薄性能强续航久终于可以共存了。对我影响最大的是 Apple Watch，彻底改变了手表工业和我的戴表习惯。自 Apple Watch 发布以来我几乎每天都有佩戴。但其实我买的最多的是 AirPods，目前除了 AirPods Pro 3 没有买过，所有的版本都买过了。对苹果公司影响最深远的可能是服务转向，苹果从纯粹的硬件公司建成了内容平台。
炯炯有神 (+8) 没有 AirPods 我就无法健身，无法工作开会；它已经成为我使用手机、电脑时最重要的配件；无论在电脑前，还是地铁通勤使用手机时，总能让我沉浸在内容本身。这个耳机就像空气一样，已经无缝衔接在我的生活中；我尝试过更换其他产品，却没有同样的感受。
鼓手高 (+7) 虽然投的是 AirPods，但初次体验 M 芯片真的是降维打击，最有感的是电脑右上角那个坚如磐石的电池电量，当时直接对 MacBook 刮目相看了。
奔跑的斯芬克斯 (+4) 没想到 M 芯片比 AirPods 投票高，M 芯片固然优秀，但只是影响了一部分人生活，当前 x86 还是有它的无可替代性。改变大众数字生活的，唯有几乎终结有线耳机市场的 AirPods，自此类 AirPods 构型的产品已经是当前版本答案，有线耳机从生活中销声匿迹，防喷保护：玩耳机那个圈子的小众产品不算。
少数派_842861 (+4) 就算放在现在这个时间点来说，M1 依旧能满足大部分日常需求。要是换做 Intel 时代，6 年过去早就该换电脑了。
BloodSouls (+4) 我虽然投票投的是 Apple Watch，合上运动圆环很长一段时间都是我坚持运动的一大动力，现在运动已经成为我日常生活的一部分了，就算没有运动圆环我也会抽出一些时间来运动，反倒是认为 Apple Watch 在健康监测数据方面还能走得再远一点。
实际上对我影响更大的应该是 AirPods，算是彻底改变了我听音乐的方式，我原本半只脚都踏入 Hi-Fi 圈了，既买过几条 Hi-Fi 耳机也买过专门的音乐播放器，自从接触无线耳机后统统吃了灰，也不在论坛折腾无损音乐下载了，还得是流媒体，随时随地，想听就听（听个响就行🐶）。
（我曾经也想过科学 Hi-Fi，都是苹果害了我，其实是根本没精力和耐心去学习）
大魔神哈里斯 (+3) 我还是选择 MagSafe，从它开始，我身边的磁吸外设与配件越来越多。
7gugu (+2) AirPods 和 Apple Silicon 都是革命性的。前者的无缝连接和无缝流转定义了 TWS 耳机行业的行业标准。后者的跨世代性能提升是肉眼可见的，在相同功耗下获得了更加强大的运算性能，直接提升了工作效率。
少数派 25437059 (+2) AirPods 惊艳的不是戴上的时候，而是摘下的那一刻。
王牌猎人 (+2) 个人认为 Apple Silicon 带来的变革体验是无可争议的。强到无可争议的单核性能带来极为流畅的日常体验；逐渐被追赶但依然领先的能效优势带来最省心的移动体验；还有围绕 Apple Silicon 搭建的生态体系成熟得让普通用户根本无法摆脱。
nicong (+1) 说一个最令我意难平的产品，是 2019 年上半年因工作需要而买的 MacBook Pro。Intel 芯片，Touch Bar，蝶式键盘，都是即将被淘汰的配置。
蝶式键盘在我眼里就真的是灾难级难用的产品，每次使用都觉得是在敲钢板，而此前我一直都是用机械键盘。工作续航只有两三个小时，散热也不好，工作进程稍微多一点风扇就 kuku 地响。
现在公司有配电脑，家里的主力机也变成 Mac mini，而这台电脑还一直在我家里吃灰。因为卖二手没人要，苹果官方免费回收我又不舍得，属于食之无味弃之可惜的产品。
ICONIC (+1) 怎么说呢？始终觉得库克只是个商人。很难说他用产品改变了数字生活，只能说他的生意手腕——供应链、定价、产品力⋯⋯确实有一手。
💡：下一期的一派讨论是数码圈日经话题《九月买了什么好东西？》，欢迎来聊。
来自文章 《派早报：微软高管称 AI 爬取是人类历史上最大的劳动成果盗窃》：
↳ 💬 关于「微软高管称 AI 爬取是人类历史上最大的劳动成果盗窃」的热议：
Yepe (+0) 会走入那个盗版横行打击优质创作动力的螺旋下降吗？也不知 AI 什么时候能够在提示词工程下创作出优秀的文学作品。或许以后新闻网站只需要报道新闻，加工和论点让 AI 来完成。
少数派_sen (+0) 说的没错，你想想，你一个自然人付出了一辈子的精力总结出来的知识成果，分分钟就被 AI 使用成为了公共资产，甚至都不会告诉给使用者这个知识是谁提供的，人类确实最后就成为干电池了。
莫为MoWaye (+0) 国外的新闻，需要真人记者「采访」的。AI 爬取这种情况下，确实会造成传统新闻业萎缩。到时候，AI 可以爬取的新闻就会越来越少，观点越来越同质化。
↳ 💬 关于「12306 称第三方购票可能更慢或失败」的热议：
许一刘 (+0) 我上次用飞猪加钱当天抢当天两个小时内就抢到了，往前多买了一个站价钱一样。
ICONIC (+0) 其实为啥不把 12306 作为唯一官方线上购票渠道呢？
↳ 💬 关于「谷歌在 Android 17 中加入 Pixel 独占的 API」的热议：
拉格朗日令堂 (+0) 改名叫 ACSP 吧，反正捏住了其他厂商的卵蛋🐶
Gurri (+0) 搞成这样的话大家直接用 iOS 算了。
↳ 💬 关于「苹果硬件工程副总裁表示不建议贴膜」的热议：
HarryQin (+0) 等涂层磨得差不多了再贴，上手就贴意义何在，真天天摔手机再贵的膜也没用。
长瓊 (+0) Apple 官方商店为什么还卖膜？
Drunk_Piano (+0) 我是苹果高管我也不贴。
↳ 💬 关于「看看就行的简讯」的热议：
八分 (+0) 一款史上最贵 iPhone，配备了史上最便宜 Pencil，想想就觉得抽象。
少数派_771740 (+0) 我一直以为苹果出品，必会考虑周到，没有想到 Duo 的笔那么抽象。
来自文章 《具透 | macOS 27 正式版来了，这些是你值得了解新细节》：
备注 (+2) 红绿灯简直丑得不行。
中间派2333 (+2) macOS 27 的菜单栏重新设计了间距规则，导致所有第三方调整图标间距的 App 集体阵亡，主要表现是「只能修改第三方 App 图标间距，不能修改系统图标间距」。
来自文章 《复活吧微软边缘》：
ME (+2) 只能说随着桌面互联网的落幕，浏览器这种旧时代的遗老，不再是互联网的主要入口，厂家不愿在既有规范以外创新了，只是不停的在下保守棋，和不停往版本更新里塞自家的引流模块，说的就是你！巨硬！
来自文章 《开学季 | 学生理财的三条建议，学生党也可以一样理财》：
Lomelinde (+12) 我觉得这篇文章是我看到的最实际最靠谱的大学生理财的建议，里面的观念我都挺赞同的，从管理父母给的钱和记账开始，关键要培养自己对收入支出和金钱的概念。
少数派_811670 (+4) 多吃食堂，少吃外卖就很理财了。
瑶大王_eMerald (+3) 这样说来，也不知道我妈算不算从小培养我。好像从小学五年级，我妈就按月给我固定的生活费（早午餐，公交费，话费，零花…）有余钱可以自己留着，不够花了，她也不管。
我到现在也没觉得自己多会理财，更不会记账（可能我懒吧，没习惯）但可能唯一的好处就是，不会花超额的钱，钱多就多花，钱少就少花。但基本也不会有什么富裕的。😅
🛠 效率工具与独立开发
- Kevin_Labs：Windows 随手可调的音量合成器，Mac 上终于有了免驱动的原生解法：VolMix
- Hongist：我用 AI 搓了一个 Mac 屏幕边缘暂存小工具：DropEdge
- Clip2MD：发条微信就剪藏：把手机上的全网内容收进 Obsidian
- Marzer：AirCalendar：一张菜单栏月历如何逐步加入天气、日程和待办
- Qzrzz：QLaunch - 最流畅的 macOS 应用启动台，再加上无限画布 ...
- nicococo：FramePacker使用分享：AI视频抠背景+序列帧编辑工具，自动找循环帧/减帧/调色
📱 科技生活与数字思考
- 一叶知修：中年时代
- 随便好啦：怀旧手记｜25 年前的笔记本，如何兼顾轻薄、时尚与性能？
- frank_zhang：从 Homelab 到轻量 NOC：自建服务越跑越多后，我不再满足于满屏的「绿灯」
- 给娃做工具的爸爸：青少年模式拦不住我四年级的儿子，于是我做了个 Chrome 扩展
如果你也想分享「新玩意」💡：
- 获取 Matrix 社区写作权限并签署 Matrix 共创计划；
- 在少数派独家发布一篇文章，在标题中标注「新玩意」前缀；
- 用至少 800 字介绍产品，并配上 2-3 张产品的实拍图片；
- 在网站个人信息中补充支付宝账号。
成功入选本栏目还可以得到 108 元的「剁手红包」🧧。如果你有兴趣参与，就赶紧来稿吧！
> 下载少数派 客户端、关注 少数派公众号，了解更多的新玩意 💡
> 特惠、好用的硬件产品，尽在 少数派 sspai 官方店铺 🛍️",full,,trafilatura_full_text,,https://sspai.com/post/114904,少数派,综合科技,数字产品/效率工具,2026-09-24T00:47:52+00:00,未分类,,,[],unclassified,2026-09-24T00:57:37.094418+00:00,glm-5.2,2026-09-10,
具透 | 新「环境」、新变化，visionOS 27 值得关注的新特性 - 少数派,2026-09-23,"Apple 于 9 月 15 日凌晨正式发布了 iOS 27、iPadOS 27、macOS 27 Golden Gate 和 watchOS 27、visionOS 27 等系统的正式版本。其中，visionOS 27 加入了 Siri AI 和 Visual Intelligence，支持将全景照片转为空间场景、在空间中预览和编辑 Mac 上的 3D 模型，也改进了曲面窗口、控制中心等功能。
少数派为你整理了新版系统中值得关注的新功能和新特性，希望能帮你更快了解全新的 visionOS 27。
首先是 AI 方面，新一代 Apple Intelligence 及 Siri AI 同样登陆了新版系统。与其它设备上的 Siri AI 一样，visionOS 27 上的 Siri 现在可以根据个人上下文查找照片、在应用中直接执行操作，或者总结正在阅读的文章等等。
在 Apple Vision Pro 中，Siri 可以出现在空间中的任意位置，用户注视 Siri 就能开始对话；升级后的 Visual Intelligence 还能让我们直接询问眼前的实物或窗口内容。
图像来自 Apple
当然了，国行版 Apple Vision Pro 目前和其它国行设备一样，还无法使用 Apple Intelligence 和 Siri AI。虽然 AI 功能还用不上，visionOS 27 依然有不少更新内容值得我们关注。
先说「环境」，visionOS 27 中增加了名为「索斯莫克」沉浸式环境选项，索斯莫克 (Thórsmörk) 是取景自冰岛的一道山景，得名于北欧神话中的雷神 Thor。与其它沉浸式环境一样，「索斯莫克」同样由制作团队实景拍摄，白天会展示宁静的日间河景、夜晚则是绚烂的极光夜景，通过日夜切换很好地呈现了该地环湖的冰雪景观，并且配有冬日的环境音效与流水声。
除了新增「环境」之外，visionOS 27 还首次允许用户将自己拍摄的全景环境。用户自己上传的照片会收纳在「环境」界面右下角「我的环境」文件夹中。不过，因为受制于拍摄像素和视场角覆盖范围等原因，且照片不具备动态效果和背景音效，自定义沉浸式环境的体验还是要比系统自带的沉浸式环境逊色了不少，算是一个锦上添花的选项吧。
visionOS 27 还对控制中心进行了重新设计，新的控制中心以 3 张卡片的形式向我们展示控件和信息：首张卡片展示了时间、电量、音乐组件以及经过折叠的通知信息入口，有点类似于 iPhone 上的锁屏界面；第二张卡片则是各类功能的控制按钮，比如 Wi-Fi、蓝牙的开关，或者是 Mac 虚拟显示器、专注模式等功能的调整按钮；最后一张卡片展示了当前使用的沉浸式环境，并且可以在卡片上调节沉浸式的效果。
应用方面，visionOS 27 为多款 app 新增了弧形窗口 (curved windows) 的特性支持，这一功能可以让应用窗口类似于 Mac 虚拟显示器的窗口，呈现曲面显示的视觉效果。在 visionOS 27 的介绍页面中，Apple 表示目前 Safari、无边记和 Apple TV 都支持了这一特性，但在更新至正式版本实际测试之后，Apple TV app 目前依然还无法触发弧形窗口显示。
其中，Safari 除了支持弧形窗口外，还支持了名为 Side-By-Side 的标签页查看方式，这一模式会将 Safari 中当前打开的所有标签页同时平铺在空间中供我们同时浏览，省去了在标签栏之间来回切换的步骤。无论是对照查阅资料，还是同时跟进多个页面，都比过去逐个点开更直观。
而在使用 Mac 虚拟显示器时，visionOS 27 现在支持在空间中直接预览和编辑 Mac 上的 3D 模型。借助增强后的 Quick Look，你可以覆盖模型材质，查看线框 (wireframe) 与 UV 贴图，检查建模质量；也可以直接在 3D 模型上添加批注，让团队成员对最新的修改反馈保持同步。
图像来自 Apple
视频录制方面，visionOS 27 支持的高质量录制功能可让你以 4K 分辨率拍摄长达 3 分钟的非注视点渲染视野，让整个视野清晰呈现，正在录制的内容还可以通过高分辨率镜像以 4K 分辨率查看。
其它小更新也不少：无边记 app 现在可以用文件夹整理看板，并把对象作为空间群组查看；信息 app 的未读数量和漏接信息通知会更快地同步到其它 Apple 设备，据 Apple 介绍，Apple Vision Pro 现在启动并连接 Wi‑Fi 的速度最高还可提升至原来的三倍。小组件方面，visionOS 27 新增了超小尺寸的小组件选项，还增加一个 Mac 虚拟显示器小组件，你可以将其摆放至家中的任意位置，点击即可立即连接 Mac，即使 Mac 当前处于关闭状态。
对于开发者，Safari 可以呈现由开发者制作的 360° 沉浸式网页环境；Reality Composer Pro 3 则加入了模拟、角色动画和动态光照等游戏资源制作能力，也能通过 Script Graph 搭建游戏逻辑。
以上便是我们总结的 visionOS 27 中值得注意的多项特性。除了文中提到的内容，你还有没有发现其他容易被忽略的 visionOS 27 新功能？欢迎在评论区分享。",full,,dom_or_structured_full_text,,https://sspai.com/post/114901,少数派,综合科技,数字产品/效率工具,2026-09-24T00:47:56+00:00,未分类,,,[],unclassified,2026-09-24T00:57:37.094418+00:00,glm-5.2,2026-09-10,
派早报：OPPO Find X10 系列发布、Beats 360 头戴式耳机发布等 - 少数派,2026-09-23,"派早报：OPPO Find X10 系列发布、Beats 360 头戴式耳机发布等
Tibo 还给你的账户发放了一张重置卡。
OPPO Find X10 系列发布
Beats 360 头戴式耳机发布
高通发布两款第六代骁龙 8 旗舰芯片
Claude Opus 5.5 与 GPT-6 Sol/Luna 发布
OpenAI 成立数学顾问小组
微软 Xbox 迎来新一轮组织架构调整
OPPO Find X10 系列发布
2026 年 9 月 22 日，OPPO 正式发布 Find X10 系列手机，包含
Find X10 Pro Max
Find X10
Find X10 E
性能方面，Pro Max 首发 MediaTek 天玑 9600 Pro 芯片，最高主频 4.55GHz；标准版搭载天玑 9600M 芯片，最高主频 4.21GHz；E 版搭载天玑 9500s 芯片，最高主频 3.73GHz。全系配备 LPDDR5X 内存与 UFS 4.1 存储，除 E 版仅提供 12GB+256GB 与 16GB+512GB 外，其余两款均提供最高 16GB+1TB 可选规格。
Find X10 E
显示方面，全系采用直面屏，Pro Max 配备 6.78 英寸 2772×1272 分辨率面板，450 PPI、全局激发 2000 尼特、1-120Hz 且部分游戏场景支持 144Hz；标准版采用 6.59 英寸 2768×1272 分辨率面板，462 PPI、刷新率特性同 Pro Max；E 版为 6.59 英寸 2760×1256 分辨率面板，全局激发亮度 1800 尼特，支持 60、90、120Hz 刷新率智能切换和最高 240Hz 采样率。
OPPO Find X10
影像系统方面，Pro Max 后置主摄、超广角、长焦均为 2 亿像素，搭载第二代丹霞色彩还原镜头，前置为 5000 万像素摄像头；标准版后置为 2 亿像素主摄、5000 万像素超广角、2 亿像素长焦及丹霞镜头，前置 5000 万像素摄像头，E 版后置为 5000 万像素主摄、5000 万像素超广角与 5000 万像素长焦组合，前置 3200 万像素摄像头；续航方面，Pro Max 与标准版内置 8000 mAh 典型值电池，E 版内置 7025 mAh 典型值电池，全系标配 80W 超级闪充、80W UFCS 融合快充与 50W 无线闪充；
Find X10 Pro Max
三款机型均配备屏下超声指纹、红外遥控、Wi-Fi 7、蓝牙 6.2 并预装 ColorOS 17.0 系统，全系于 9 月 22 日开启预订、9 月 24 日正式开售，Find X10 E 定价 4999 元起（12GB+256GB），提供浅钛、冰蓝两种可选配色；Find X10 定价 5499 元起（12GB+256GB），提供浅钛、清橙、冰蓝三种可选配色；Find X10 Pro Max 定价 6799 元起（12GB+256GB），提供浅钛、暖橙、月白三种可选配色。
Beats 360 头戴式耳机发布
9 月 22 日，Apple 旗下 Beats
新款 Beats 360 头戴式耳机，定价 2999 元。
相较于 Beats Studio Pro，Beats 360 采用了新的声学架构，主动降噪性能最高可达前者的 1.75 倍，输出响度提升 12 分贝；配备八枚麦克风，可以同时采集、分析耳机内部与外部的声学环境，除主动降噪以外还支持通透模式和自适应均衡功能，以及带动态头部追踪的个性化空间音频。Beats 360 也是 Beats 旗下首款取得 IPX4 防汗防水等级的头戴式耳机。
Beats 360 左右两侧为两套相互独立的无线耳机单元，每一侧都自带电池、天线以及处理电路，头梁内部仅保留一根供电线缆用于连通左右单元，只需要一个 USB‑C 接口就可以同时为两侧电池充电；该设计同时优化了整机重量分布，使得 Beats 360 在与 Studio Pro 整机重量相近的前提下，将更多重量分配到耳罩部位以进一步提升佩戴舒适度。其中，左侧耳杯设置 USB‑C 充电口、电源按键以及一枚独立的聆听模式按键，用来在主动降噪、通透模式、自适应均衡之间切换；右侧耳杯配有播放、暂停按键以及音量拨动键。耳机同时支持免唤醒语音指令；续航方面，开启主动降噪模式时 Beats 360 可以连续播放 32 小时；快充功能（Fast Fuel）支持充电 5 分钟应急播放一小时。
Beats 360 搭载的第四代自研平台也同时适配了 Apple 与 Android 两大生态。Apple 设备用户可以实现一键配对、iCloud 自动切换设备；支持音频共享功能，允许好友使用兼容的 AirPods 或者 Beats 耳机同步收听；同时支持「查找」功能。Android 用户则同样可以使用一键生态配对、音频切换、查找中心位置定位等多项功能。
Beats 360 提供黑色、云白、粉色以及晴空蓝四种可选配色，出厂自带和机身同色的高性能针织耳罩与头梁软垫，整套耳罩支持拆卸更换，单独售卖的高性能针织替换耳罩套件除四款标准配色之外，还额外提供电光色与藏青色两种选择；针对偏爱更传统、柔软耳罩质感的用户，Beats 还推出了超柔软垫套件，包含黑色与象牙白两种版本，软垫与 Studio Pro、Solo 4 配备的软垫风格相近，采用工程皮革包裹记忆棉，更为蓬松柔软。值得一提的是 Beats 360 内置传感器，可以自动识别当前安装的是高性能针织耳罩还是超柔软垫；无论更换哪一种材质，耳机都会自动调整声学调校参数以及降噪滤波，保证前后听感维持一致。定价方面，高性能针织以及超柔替换耳罩套件的常规售价均为 399 元，目前美国、英国、加拿大、澳大利亚、法国、中国、韩国等部分市场开启限时首发优惠，中国市场套件售价低至 79 元。
Beats 360 即日起开放预订，9 月 24 日正式开售。包装盒内附带织物防撕裂收纳包，额外的替换耳罩套件、USB‑C 充电线、电源适配器均需要另行购买。
点此阅读少数派的
Beats 360 首发上手体验
高通发布两款第六代骁龙 8 旗舰芯片
9 月 23 日召开的 2026 骁龙峰会上，
第六代骁龙 8 超级至尊版和第六代骁龙 8 至尊版移动平台，重点升级终端侧 AI、游戏、影像和连接能力，小米、vivo、红魔、REDMI、OPPO、一加、Motorola、iQOO 和荣耀等厂商将首批推出搭载新平台的产品。
其中，第六代骁龙 8 超级至尊版是高通目前性能最强的移动平台，支持 Adreno Neural Fusion 技术，可借助 AI 改善游戏画面渲染，在提高视觉效果的同时延长持续游戏时间；影像方面，该平台将 AI 影像功能与高级专业视频编解码器 APV、智能像素控制技术结合，用于增强场景识别能力，改善照片和视频的画质及自然观感。
第六代骁龙 8 至尊版则采用 2 纳米制程工艺，搭载定制 Qualcomm Oryon CPU、全新架构的 Adreno GPU 和 Hexagon NPU。高通称该平台将面向更广泛的旗舰机型，支持多项与超级至尊版相同的 AI、游戏、影像和连接功能。
Claude Opus 5.5 与 GPT-6 Sol/Luna 发布
9 月 22 日，Anthropic 正式推出 Claude 5.5 系列首款模型
Claude Opus 5.5
。Opus 5.5 在基准测试 Terminal-Bench 4.0 中取得 66.4%、FrontierCode v1.1 取得 54.4%、CursorBench 4.0 取得 57.8%，知识工作类评估 GDPval-AA v2.1 达 1846 Elo，计算机操作 OSWorld 2.0 得分 81.8%，多学科推理 Humanity's Last Exam 带工具得分 67.7%；安全与对齐方面，其自动化行为审计得分创下纪录，越界尝试次数较 Opus 5 减少约 85%，并强制开启 Preserved Thinking 防蒸馏保护以及欧盟 AI 法案水印；性能表现上，输出速度较 Opus 5 提升超过 30%，默认设置下典型工作负载运行成本降低 40%；定价参数为每百万 Token 输入 4 美元、输出 20 美元、缓存读取 0.20 美元、缓存写入 5 美元，另提供最高 2.5 倍速的快速模式，快速模式下每百万 Token 输入 8 美元、输出 40 美元。Opus 5.5 现已上线 Claude Platform、AWS、Google Cloud 与 Microsoft Azure。
同日，OpenAI
同样专注于成本效率的新模型 GPT-6 Sol 与 GPT-6 Luna。基准测试中，在涵盖跨应用业务工作流的 AutomationBench 1.0.6 上，xhigh effort 模式的 GPT-6 Sol 得分为 33.2%，每项任务成本为 0.27 美元，得分超过 Claude Opus 5（26.9%）与 Claude Fable 5.1（31.4%），high effort 的 Luna 得分较前代提升 5.4 个百分点且单任务成本降低 58%；在长周期复杂任务评估 Agents' Last Exam V1 中，Sol 取得 56.4% 的成绩，超过 Claude Opus 5 且单任务成本低 60%；在真实代码库工程测试 DeepSWE 1.1 中，Sol 与 Luna 分别取得 68.8% 与 66.6% 的得分；在计算机操作测试 OSWorld 2.0 离线集（v2026.08.08）中，Sol 取得 60.5% 的得分，持平 Claude Opus 5 中等算力成绩（60.3%）并降低约 80% 成本。缓存机制上，GPT-6 优化了提示词缓存，支持显式断点设置与动态调整推理算力而不失效缓存，提供 90% 的缓存输入读取折扣。产品于 2026 年 9 月 22 日当天向 ChatGPT Work、Codex 及桌面端（Luna 开放给 Free 与 Go 用户）逐步推送，API 同步上线；定价方面，每百万 Token 规格下，Sol 的输入与输出价格分别为 2 美元与 10 美元，Luna 为 0.10 美元与 0.50 美元。
OpenAI 成立数学顾问小组
9 月 21 日，
宣布设立独立运作的数学与人工智能顾问小组（Advisory Group on Mathematics and Artificial Intelligence），以应对自家模型在数学问题研究领域的问题和公开信争议，该顾问小组由高级研究研究所（IAS）主办，初始成员包括 François Charles、Camillo De Lellis、Timothy Gowers、Martin Hairer、Nikhil Srivastava、Ulrike Tillmann、Ravi Vakil、Edward Witten 与 Melanie Matchett Wood，成员不从 OpenAI 领取薪酬，职责涵盖新兴成果的评审与传播，以及提供学术研究规范与工具、数学研究与教学方面的咨询，但不负责对 OpenAI 内部数学研发进度、节奏提供建议。
自 2026 年 8 月 28 日起，OpenAI 训练的新内部模型已解决纳维-斯托克斯千禧年大奖难题及多数数学领域中超过 100 个长期未决的开放性难题。
微软 Xbox 迎来新一轮组织架构调整
裁员 268 人，影响范围覆盖 Halo Studios、旗下第一方工作室以及 XGS 管理与中心职能部门。据悉，相关调整属于今年早些时候公布的重组计划，目前公司已完成约四分之三的重组工作。
作为提升协同效率的一部分，Xbox 将同步实施工作室架构重组。其中动视的管辖范围扩展至 World's Edge 与 Rare 并将成立一支全新的独立团队开发下一代《光环》游戏，不与《使命召唤》团队混用；Halo 工作室仅保留一小部分团队，继续负责现有《光环》游戏的运营与社区维护；同时贝塞斯达将接管黑曜石，黑曜石将在推进《禁闭求生》等现有项目的同时，与贝塞斯达合作开发新的《辐射》项目；微软休闲游戏部门将由 King 接管，完成休闲游戏团队的合并。Playground 与 Turn 10 合并为一家工作室，集中负责《极限竞速》与《神鬼寓言》两大系列。
工作室拆分方面，Compulsion、Double Fine 与 Undead Labs 已先后带回旗下 IP、作品库和资金独立运营。Undead Labs 的新作《腐烂国度 3》仍将在首发当日登陆 Game Pass 。因两项协议未能达成，Xbox 已就关闭 Ninja Theory 的提议启动员工沟通，同时继续寻找其他方案。针对 Arkane 后续方案的员工沟通也在进行中，预计协商将持续至年底。
9 月 22 日，摩托罗拉正式公布
Motorola Signature 27
，搭载高通骁龙 8 Elite Extreme Gen 6 处理器，后置四摄模组确认包含 5000 万像素索尼 LYTIA 910 主摄与 2 亿像素潜望式长焦镜头，其余两枚镜头规格未公布；软件承诺提供 7 年 Android 操作系统与安全更新。该机定于 2026 年内在全球市场推出。
称，Apple 正就无屏幕健身手环开展技术调研，目前已制造多款原型设备，形态设计为配备传感器计算模块的轻薄织物腕带，定位对标 Whoop 旗下健康追踪手环。
9 月 22 日，Adobe 正式在 Android 平台推出
Adobe Premiere 移动版应用
。该版本基础剪辑功能免费提供，涵盖视频分割、裁剪、合并、速度调整，以及添加文本、特效和画外音等音频图层，并支持免费无限制导出无水印的任意比例 4K 视频；涉及 Adobe Firefly 的 AI 音效生成与资产调取等生成式 AI 功能以及额外云存储空间则需通过应用内购买点数兑换；后续还将追加 Adobe Fonts 字体库、增强型字幕以及与桌面端 Premiere 的无缝流转剪辑支持。
少数派的近期动态
少数派会员 2026 周边现已开放兑换，
给电话加上「辅助驾驶」？我们想听听你的意见。我们将从提交的问卷中挑选 40 份用心回答，每份送出 50 元面值京东卡。
泡泡骚 Low Pro 碳纹黑少数派独家款上架，把握持与支撑收进 2.6mm。
口袋先知新版本 1.3.3 上线，你可以自定义任何你想展示的屏幕效果。
能让 AI 助手通过自然语言指令直接与您的 Quote/0 摘录墨水屏交互的 Dot Skill 已上线。
八月买了什么好东西？
iPhone 少数派共创配件上新，自由选择保护、充电、线缆和支架组合。
你可能错过的文章
可定制、更出彩，头戴式耳机新选择：Beats 360 首发体验
一台主机，多重角色：新款 Mac mini 首发体验
怀旧手记｜25 年前的笔记本，如何兼顾轻薄、时尚与性能？
App+1 | Coast：用十年经验，给记账这件事一个「终点」
，解锁全新阅读体验 📰
> 实用、好用的
，少数派为你呈现 🚀
10位派友已充电",full,,dom_or_structured_full_text,,https://sspai.com/post/114889,少数派,综合科技,数字产品/效率工具,2026-09-24T00:48:05+00:00,未分类,,,[],unclassified,2026-09-24T00:57:37.094418+00:00,glm-5.2,2026-09-10,
GPT-6 Astra搓3D刷屏后，3D生成的竞争规则变了,2026-09-23,"GPT-6 Astra搓3D刷屏后，3D生成的竞争规则变了
听雨 发自 凹非寺
量子位 | 公众号QbitAI
谁还没有被GPT-6 Astra搓3D的案例狠狠刷屏啊！
写代码、调Blender、搭场景，甚至从零做出一款3D游戏。
过去要在专业软件里折腾半天的活儿，现在一句话就能让Agent接手。
不过吧，GPT-6 Astra的表现，也让3D生成行业突然多了一个问题：
通用大模型自己都能建模了，专业3D生成模型还有用吗？
事实上，GPT-6 Astra擅长理解目标、拆解任务，也能通过代码和基础几何体完成机械结构、工业零件等模型。
但遇到人体、动物和复杂道具等曲面丰富、细节密集的对象，还需要专业3D生成模型提供更完整的几何、网格和材质。
通用模型负责「想清楚怎么做」，专业3D模型负责「把复杂模型做好」。
这也意味着，3D生成正在迎来下一代用户：Agent。
过去，3D生成产品主要服务人类创作者。行业竞争围绕「Production-Ready」展开，谁能生成质量更高、更可控，也更容易进入生产管线的资产，谁就更有优势。
当Agent开始接管创作任务，评价标准又多了一层。
模型质量仍然是基础，但3D能力还要能够被Agent理解和调用。面对不同输入，系统需要自己判断建模路径；资产生成之后，还要支持Agent继续编辑、拆分和加工。
这也是3D生成在Agent时代的竞争新标准——Agent-Ready。
它代表的变化，是3D生成从一个等待人操作的单点工具，转向Agent工作流中的专业能力。
人可以直接在产品里发起创作，外部Agent也可以根据任务需要调用3D生成，并继续推进后续流程。
但当3D工具的用户从人扩展到Agent，新的问题也来了：Agent能否看懂输入素材，选对建模路径，并在模型生成后继续修改？
国际领先的3D生成大模型公司影眸Hyper3D今日上线的Agentic Mode，正是沿这条路线展开。
Agent会参与输入整理、参考图分析和建模路径选择，接管了建模过程中的更多专业判断，并围绕创作目标持续推进任务。
生成的Low-poly N-GONS模型还可以继续进行参数化调整、调用动画预设和增强材质。
从Production-Ready到Agent-Ready，3D生成竞争的重点正在从「能不能生成可用资产」，扩展到「能不能让Agent把专业3D能力真正用起来」。
图别整理了，直接一股脑丢进去
Agentic Mode在自动优化输入上有怎样的表现？
第一轮，我先准备了5张不同产品图。
主角都是同一台复古桌面风扇，但每张图提供的信息不太一样。
第一张是产品正面照，能看到深青色机身、奶油色扇叶和黄铜支架；第二张绕到背后，露出了电机外壳、散热孔和电源线。
第三张只拍网罩、转轴和扇叶根部；第四张是一张杂乱的桌面照，风扇旁还堆着电脑、书、杯子和植物。
最后还有一张规格卡，文字描述了扇叶数量、材料和零部件颜色。
常规的多图生3D，最佳输入通常是一组提前整理好的参考图：主体一致，角度互补，背景尽量干净。
部分工具虽然已经支持背景去除和图片增强，但遇到场景图、局部特写和文字卡混在一起，用户往往还是要先挑图、裁图，甚至指定不同视角。
这里，我直接把5张图一口气输入给了Agentic Mode，看看它能做成什么样。
图片上传后，Agentic Mode没有立刻开始生成，界面下方先滚动起了一连串分析过程。
仔细查看，它先沿着物体边缘识别整体轮廓，再判断不同图片的拍摄角度，区分真实结构与光影，再寻找机身与局部零件之间的边界。
单张图片里看不清的信息，则会从其他参考图中补全。比如正面照能看清扇叶和网罩，但电机有多厚、背面长什么样，还得结合后侧图判断。
据影眸Hyper3D介绍，这一过程中，系统还会按需增强输入素材。用户无需提前筛选标准主图，也不用手动裁掉场景背景，再反复尝试不同的图片组合。
整个过程没花多久，一台完整的复古桌面风扇就出现在了我的工作台里。
出来一看，我还挺意外——桌面照里那些电脑、杯子、书，压根没跑进模型里。
它自动把主体和背景分了家，还把5张图里的信息拼到了一起：正面的扇叶网罩、背面的电机散热孔、特写里的转轴细节，一台完整的风扇就这么出来了。
这也是Agentic Mode这次更新的一大重点，模型在处理输入上不是简单把多张图堆在一起，而是先理解、自主筛选和组织参考信息，再进入生成。
对于Low-poly N-GONS生成的模型，Agentic Mode提供了可以用自然语言驱动的参数化调整、动画预设、材质增强等后续编辑功能，为用户提供了创作的延伸可能性。
嫌底座太宽，拉窄一点；支柱太矮，直接抬高。深青色搪瓷机身、黑色橡胶电源线和缎面黄铜支架随你挑，都可以单独换颜色、改质感。
甚至连怎么动都准备好了，开关循环、左右扫风、向上送风，点一下就能运行～
小物体玩熟了，难度直接拉满——这次输入的不是单个物体，而是一张完整的住宅建筑图纸。
正面、侧面和背面立面图挤在一起，还有一张带房间布局的平面图，密密麻麻标着尺寸和材料说明。
对于普通图像生成模型来说，它看到的可能只是一张线条和数字堆成的复杂图片。
想把它变成3D模型，还得先理解不同图纸之间的关系：平面图决定房间和墙体位置，立面图提供门窗、楼层与屋顶结构，尺寸标注则约束各部分比例。
这次依然没有提示词，只上传图纸，剩下的交给Agentic Mode处理。
结果它自己读完了整套图——平面图管房间布局、立面图管门窗屋顶、尺寸标注管比例大小，全给理清楚了，直接就出了3D模型。
右侧同样有一整套参数化调整面板，建筑的结构、材质都能继续改。
这一轮考验的能力，和前面的风扇不太一样。上一轮的难点，是从一堆杂乱资料中找出共同主体，再把不同图片里的信息拼到一起。
这一次，素材本身已经整理成了建筑图纸，难点变成了读懂这套专业表达：哪些是平面布局，哪些是不同方向的立面，尺寸标注又该如何约束模型结构。
两轮试下来，我感觉Agentic Mode最不一样的地方就在于：无论是杂乱的产品照，还是信息密集的建筑图纸，系统都会先理解其中的主体、视角和约束关系，再根据任务特点自主规划最合适的建模路径。
而且生成不是终点，参数化调整、材质增强、动画预设等表现还能围绕同一个资产继续调整。
模型出来还不算完，接着改就行
当然，如果你连参数名称都不想研究，还可以直接描述修改目标。
我们回到刚才生成的复古风扇，试着直接用自然语言下指令：
修改完成后，风扇网罩被明显抬高，底座、网罩尺寸和5片扇叶则基本保持原样。
整个过程中，我没有寻找对应的参数滑杆，也没有给出具体建模步骤。系统需要先从文字中判断想改哪个部件，再将要求映射到相应参数，最后执行调整。
结构之外，材质也能继续修改。
这一次，我要求系统只把5片奶油色扇叶改成半透明琥珀色，其他部件保持不变。
可以看到，5片扇叶都变成了暖橙色，深青色网罩、黄铜中心盖、支架和底座仍然保留原来的配色，模型结构也没有发生变化。
半透明效果不算特别强烈，但部件范围控制得比较准确。系统识别出了需要修改的扇叶，没有把旋钮或整台风扇一起染成橙色。
类似的修改也适用于更复杂的3D资产。
比如在厨房场景中，用户可以选中局部区域，单独替换材质，而不必重新生成整个空间。
用户还可以为模型添加动画，让原本静止的资产直接动起来。
对于机械手这类包含可动部件的模型，系统还提供了动作预设，可以直接调用相应动作。
从尺寸、材质到动画，修改都可以围绕已经生成的资产继续进行。
用户不必每次都回到输入端重新生成，3D模型也从一次性的结果，变成了可以反复加工的工作对象。
3D生成进入下半场，开始比「Agent-Ready」
前几轮实测，其实都指向了影眸Hyper3D一整套与AI融合、为AI适配的能力：Agent-Ready。
它具体包含三层意思：
第一层，是让Agent真正读懂任务。
面对一组角度不同的产品照片，系统要知道哪些图片描述的是同一个物体，哪些场景元素应该排除；换成建筑图纸，还要理解平面图、立面图和尺寸标注之间的关系，再规划相应的建模路径。
第二层，是让生成结果可演进、可迭代。
过去的文生3D或图生3D，往往生成完一个模型，任务就结束了。但如果3D要进入Agent工作流，模型还得支持后续修改：尺寸能够调整，材质可以替换，零部件可以拆分，局部结构也能继续编辑。
Agent拿到的不能只是一份用来预览的3D成品，还得是一份可以接着加工的资产。
第三层，则是让这项能力能够被其他Agent调用。
此前影眸Hyper3D开放了面向AI Agent的MCP接口，接入之后，用户可以在支持MCP的AI客户端中直接描述需求，由Agent调用Hyper3D Rodin完成3D生成，再查询进度并取回结果。
如今，全球越来越多创作者都在使用「GPT-6+Hyper3D MCP」的组合进行3D内容创作。
这样一来，3D生成就不必始终停留在独立网页里。它可以被接入更长的任务链，比如从产品设计图生成模型，再继续制作材质、拆分部件，最终交给游戏引擎或其他生产工具。
回头看影眸Hyper3D这几年的产品演进，一条路线已经逐渐清晰。
从自然语言驱动的3D Editing、支持模型智能分件的BANG，到开放MCP接口，再到如今的Agentic Mode，Hyper3D持续把3D生成从一次性交付，推向可调用、可修改、可继续执行的生产能力。
3D生成的上半场，主要服务的用户是人。
评价标准在于，几何结构是否准确，材质和拓扑能否进入生产管线。它们决定了用户拿到的究竟是一份可供展示的3D结果，还是能够继续编辑和投入使用的3D资产。
Production-Ready，是影眸Hyper3D对这个阶段的回答。
GPT-6 Astra重新点燃3D生成之后，行业多了一个新问题：当通用模型也开始调用工具、搭建场景，专业3D生成模型还需要承担什么角色？
影眸Hyper3D的判断是，单次生成质量只是起点，真正的下一步是让3D能力接入更长的创作链路。
通用模型擅长理解目标、拆解任务，也能通过基础几何体与参数完成结构明确的模型。但面对人体、动物和复杂道具等曲面丰富、细节密集的对象，专业3D生成模型仍然承担着高质量资产生成的核心任务。
二者的协作，正在带来一个更关键的变化：3D工具的使用者，开始从人扩展到Agent。
进入下半场，单次生成质量依然是基础，新的竞争门槛则是Agent能否顺利使用这些3D能力。
工具需要能够被Agent调用，生成资产需要支持后续编辑，建模流程也要接入更长的任务链条。
这就是Agent-Ready。
从Production-Ready到Agent-Ready，影眸Hyper3D已经走在了下半场的前列。
当Agent能够理解素材、选择建模路径，并围绕资产继续完成编辑和加工，3D生成才真正从单点工具走进下一代内容生产流程。
- Claude Opus 5.5突袭！68万行代码一天迁完，API价格打8折2026-09-23
- 协同办公进入Agent时代，飞书+豆包工作跑在了最前面2026-09-16
- Claude双入口合并，原生Office上线！硅谷AI办公大战也开始了2026-09-17
- 百度秒哒再升级！让最懂业务的人，亲手造自己的系统2026-09-11",full,,trafilatura_full_text,,https://www.qbitai.com/2026/09/496170.html,量子位,综合科技,人工智能,2026-09-24T00:49:16+00:00,AI与智能科技 > AI软件层 > 底座大模型 > 多模态模型,AI与智能科技,多模态模型,"[{""path"":[""AI与智能科技"",""AI软件层"",""底座大模型"",""多模态模型""],""path_text"":""AI与智能科技 > AI软件层 > 底座大模型 > 多模态模型"",""confidence"":0.85,""reason"":""核心事件是通用大模型驱动的3D生成能力及专业3D生成模型竞争力变化""},{""path"":[""AI与智能科技"",""AI软件层"",""工程改进""],""path_text"":""AI与智能科技 > AI软件层 > 工程改进"",""confidence"":0.8,""reason"":""讨论3D生成从单点工具转向Agent工作流可调用的能力工程""}]",classified,2026-09-24T00:57:45.208507+00:00,glm-5.2,2026-09-10,
联想亮相阿里云栖大会：联想天禧AI把超级组织落地到端侧,2026-09-23,"联想亮相阿里云栖大会：联想天禧AI把超级组织落地到端侧
联想天禧AI携全场景多端产品矩阵亮相阿里云栖大会
9月22日至24日，2026云栖大会在杭州国际博览中心举行。本届大会以”智以致用”为主题，联想天禧AI携全场景多端产品矩阵亮相，展台前观众络绎不绝，纷纷驻足体验”超能搭档”的魅力——从AI PC到AI手机、AI平板，跨端接力、语音对话、任务执行的无缝体验，让现场沉浸式感受到个人AI时代的真实温度。
从”团队”到”人+Agent”：组织的最小生产单元正在改写
联想天禧AI战略生态部负责人刘琳琳受邀出席Qoder分论坛，发表《端侧AI新范式：超级智能体落地与共创》主题演讲。围绕”Qoder助力超级组织”的论坛主题，刘琳琳从终端厂商的视角给出回答：超级组织最终会落在每个人手边的那台设备上。
AI时代，组织最大的成本不再是人力，而是协作本身。当个体产能被AI抬高一个数量级后，等待就成了唯一的瓶颈，最小生产单元也随之从团队变成”人+Agent”：人对目标负责，Agent对路径负责。联想内部的真实实践印证了这一模式：3个人、30天、零场例会，跑通了一款产品从设计到发布的全流程。
这一组织模型里，AI主机扮演着关键角色。笔记本关机、人下班，Agent的工作也就停了——这是超级组织的硬瓶颈。AI主机7×24小时在线，长耗时、高算力的任务交给它，第二天回来看结果。联想内部直接把AI主机定义为”AI执行团队”：如果说”一个人+一组Agent”是组织形态，AI主机就是这组Agent的办公室。
行业走向：比拼”人+Agent”组织方式的时代已经开始
把视野放大到整个行业，五个变化正在发生：模型趋同，Harness越来越重要，壁垒转向上下文、编排、验证与安全的工程化能力；最小单元是”人+一组Agent”，编制思维从”多少人”变成”每人驾驭多少Agent”；Agent会成为软件的第一用户，接口从GUI转向MCP、Skill、CLI；终端是超级组织的最后一公里，端云不是过渡形态，而是长期均衡；信任基础设施决定放权上限，身份、权限、审批、审计、回滚，决定企业敢把多大的事交给Agent。”比拼模型的时代在结束，比拼’人+Agent’组织方式的时代在开始，”刘琳琳表示，”下一轮拉开差距的，不是谁的模型更强，而是谁先把’人+Agent’的组织方式跑通。”
超能模式落地，生态共建提速：天禧AI 4.3让”超级组织”触手可及
从理念到实践，演讲中描绘的”超级组织”图景，在天禧AI 4.3上已变成可感知的日常体验。本次升级以”超能模式”为核心：多端入口统一、数据贯通，任务执行流程清晰可见，是”第一眼就舒服”的视觉焕新；自研全双工自然语音对话，随时打断、不抢话、精准收音，是”一开口就自然”的交互进化；首发Tianxi AgentCore端侧智能体框架，自主规划任务、执行并生成结果，支持手机、平板远程操控电脑，全程数据不出本地，是”一交代就办妥”的能力跃迁。同时，天禧AI也联合了阿里Qoder，共同提升用户体验。
产品能力的背后是天禧生态的持续繁荣。天禧生态软件矩阵月活2.8亿、年分发量40亿次，AI生态内容累计3.9万，覆盖AI PC、AI手机、AI平板、AIoT全场景。这些数字还在持续增长。面向开发者，”苍穹计划”以万亿Token、曝光位和激励基金降低创新门槛；面向内容提供方、能力共建方与战略合作联盟，联想以”总指挥、总入口、总调度”的角色全面开放——端云决策不用自己维护复杂规则，一次接入多端分发，垂类场景和应用创新留给开发者。
联想天禧AI在云栖大会的亮相，不仅是一次产品及解决方案的展示，更是联想”混合式AI”战略在端侧落地的一次系统性宣言。在Agentic AI之年，当行业还在讨论模型参数与算力竞赛时，天禧AI以”端边云协同”为技术底座、以“端侧优势”为产品抓手、以”苍穹计划”为生态纽带，给出了”超级组织如何真正落地”的答案。超级组织不是更大的团队，而是无数个超级个体的高效连接，而每一个超级个体，先要落在一台可以信任、可以托付的终端上。未来，联想天禧AI将持续深耕端侧AI，与开发者和产业伙伴一道，把”人+Agent”的超级组织，先在终端跑通。
本文由联想提供，量子位获授权转载，观点归原作者所有。
- 让Token生产更高效：异构混推的关键技术演进与创新实践2026-09-23
- 汇智智能发布Hellome：国内首个FDE直连智能体服务平台，把AI交付周期压进“周”2026-09-23
- 达卯科技完成新一轮融资，算电协同核心软件层“稀缺标的”2026-09-23
- 它石智航顶尖团队引领中国具身智能率先迈入规模化落地阶段2026-09-23",full,,trafilatura_full_text,,https://www.qbitai.com/2026/09/496609.html,量子位,综合科技,人工智能,2026-09-24T00:49:26+00:00,AI与智能科技 > AI软件层 > 工程改进,AI与智能科技,工程改进,"[{""path"":[""AI与智能科技"",""AI软件层"",""工程改进""],""path_text"":""AI与智能科技 > AI软件层 > 工程改进"",""confidence"":0.86,""reason"":""核心是联想天禧AI的端侧Agent编排与工程化落地""}]",classified,2026-09-24T00:57:45.208507+00:00,glm-5.2,2026-09-10,
让Token生产更高效：异构混推的关键技术演进与创新实践,2026-09-23,"让Token生产更高效：异构混推的关键技术演进与创新实践
商汤大装置异构混推创新实践与技术演进
Token经济加速爆发，算力需求发生结构性反转，推理需求已取代训练，成为算力增长主引擎。
随之而来的，是AI基础设施面临的全新命题与挑战：当Token调用量迈向千倍级增长，推理系统如何承接持续攀升的需求？如何通过异构算力实现高效、稳定的Token生产？
在近日举办的“2026全球AI芯片峰会·Token工厂异构混训混推技术研讨会”上，商汤大装置资深技术专家罗伟以《Token工厂：以异构算力构建新一代Al基础设施》为主题发表演讲，深入剖析规模化推理面临的系统挑战，并分享商汤大装置在异构推理架构、模型适配及关键技术演进等方面的实践与探索。
01行业挑战：Agent时代，推理负载瓶颈贯穿整套系统
Agent时代的负载特征，和传统单轮对话的推理需求有明显不同。
首先是长上下文，带来了输入计算和KV Cache占用的持续增长；其次是连续多轮的对话，意味着前缀复用和热点不断变化；再者是突发与长尾需求多，意味着流量和长度的分布会持续波动。
罗伟表示，面对这些变化，商汤大装置的底层逻辑已经转向“以Token、状态与时延预算为中心”，所有设计都围绕Token的生产效率、交付质量与单位成本，进行资源的组织和利用。
这一以Token为中心的系统设计，也支撑商汤大装置持续提升规模化Token生产与服务能力。如今，商汤大装置的日均Token服务量，已经从年初2月的0.46万亿，增长至8月4.5万亿。
02创新实践：横向串资源、纵向拉效率，系统级提高Token产能
如何把单点效率组织成系统级Token产能？罗伟分享了商汤大装置的两条主线：“横向编排”与“纵向优化”。两条主线最终指向共同目标：模型质量达标、SLO达标、有效吞吐提升、单位产能成本下降。
横向串资源：让不同算力各展所长
所谓“横向编排”，目的是资源协同，让平台知道哪些模型、哪些版本能运行在哪些算力上，哪些Prefill与Decode组合能做KV Cache交接，当前请求应该进入哪条路径，负载变化时如何自动调整。
针对不同品牌、不同规格的算力，商汤大装置构建了统一的资源画像，覆盖计算吞吐、KV Cache的容量、有效带宽、模型兼容性等，让不同算力进入同一个编排视角。
在此基础上，平台对推理请求进行全生命周期管控。从准入配对、Prefill执行、KV Cache状态交接，到Decode接管，每一个环节都有标准化的协同机制，保障服务稳定性。
“我们不会把某一类芯片永久固定为P节点或D节点。”罗伟强调，平台会根据模型、批量、上下文长度的瓶颈变化，动态调整不同芯片的角色分工，实现更高的可用性、灵活的组合和配比。
纵向拉效率：让整条路径性能最大化
在横向打通资源的同时，商汤大装置持续深化“模型×引擎×芯片”三层纵向优化，从模型适配到芯片运行时，充分释放整条执行路径的性能。
其中，在模型层，针对权重量化、显存预算进行精细化调优，平衡精度与吞吐；在引擎层，针对Attention、GEMM等核心算子进行并行优化；在芯片层，深度适配编译、访存调度与内存管理。而所有优化结果都会在真实负载中进行系统验证，规避单点效率的瓶颈。
03技术演进：从动态池化到模块拆分，持续提升Token生产效率
在成熟实践的基础上，罗伟进一步分享了异构协同走向更高效率、更高灵活性的两大关键技术演进方向。
技术演进方向一：从固定P/D到动态资源池
在资源调度层面，商汤大装置正在从固定P/D配比走向动态资源池化。不同业务、不同时间段的输入输出长度和流量热点不断变化，静态P/D组合容易造成局部排队和资源错配。
为此，商汤大装置分别构建Prefill Pool和Decode Pool，根据实时负载、KV Cache状态及节点健康度，动态完成请求路由和P/D资源匹配。当长输入导致Prefill压力升高时，系统可动态增加P节点；当长输出推高Decode负载时，则增加D节点，甚至通过角色切换实现P/D节点灵活转换，让资源跟着负载动态调整，在保障SLA的同时提升整体算力利用效率。
技术演进方向二：从P/D走向模块级资源池
面向未来多模态、MoE模型的发展，传统按P/D两阶段划分资源的方式将显现瓶颈。商汤大装置的架构演进方向，是进一步走向模块级资源池化：将Encoder、Attention、FFN、视觉编码等不同模块拆分为独立资源池，各自按负载特点弹性扩缩容，让资源匹配更精准、利用率更高。
演讲最后，罗伟表示，面向未来，作为“最懂大模型的AI基础设施”，商汤大装置将持续推动产品与技术迭代，与生态伙伴共同加速AI基础设施持续升级，推动普惠AI，智造美好未来。
本文由商汤科技提供，量子位获授权转载，观点归原作者所有。
- 联想亮相阿里云栖大会：联想天禧AI把超级组织落地到端侧2026-09-23
- 汇智智能发布Hellome：国内首个FDE直连智能体服务平台，把AI交付周期压进“周”2026-09-23
- 达卯科技完成新一轮融资，算电协同核心软件层“稀缺标的”2026-09-23
- 它石智航顶尖团队引领中国具身智能率先迈入规模化落地阶段2026-09-23",full,,trafilatura_full_text,,https://www.qbitai.com/2026/09/496578.html,量子位,综合科技,人工智能,2026-09-24T00:49:28+00:00,AI与智能科技 > AI硬件层 > 计算集群,AI与智能科技,计算集群,"[{""path"":[""AI与智能科技"",""AI硬件层"",""计算集群""],""path_text"":""AI与智能科技 > AI硬件层 > 计算集群"",""confidence"":0.9,""reason"":""核心是商汤大装置异构算力推理系统与Token规模化生产""}]",classified,2026-09-24T00:57:45.208507+00:00,glm-5.2,2026-09-10,
汇智智能发布Hellome：国内首个FDE直连智能体服务平台，把AI交付周期压进“周”,2026-09-23,"汇智智能发布Hellome：国内首个FDE直连智能体服务平台，把AI交付周期压进“周”
企业AI服务迎来平台化交付时代
近日，南京人工智能企业汇智智能正式发布一站式AI服务平台Hellome——国内首个实现FDE（前沿部署工程师）与企业客户直接对接的应用智能体服务平台。客户在这个平台上下达智能化需求，由平台认证的FDE承接，依托统一的智能体工具完成方案设计、部署与上线，将AI落地周期压缩至周级。
需求爆发，通路补齐
大模型能力快速迭代的这两年，客户的需求同步爆发。写公文、做报表、盯舆情、管生产，每个组织都有一批“琐碎但重要”的业务等待AI化；真正的堵点不在模型，而在交付：通用AI产品无法贴合具体业务流程，传统定制项目报价高、周期以季度计，多数单位又不具备自建AI团队的条件。Hellome补上的，正是这条可规模化、可预期的交付通路。
把交付环节平台化
Hellome的解法，是把交付环节本身“平台化”。客户发布需求后，经过认证的FDE承接项目，依托汇智自研的桌面智能体Hzhermes开展工作——它直接运行在本地的电脑环境中，可操作本地软件、处理文档表格、调用浏览器与搜索等数十种工具，是一份可配置的“数字劳动力”。从需求梳理、方案设计到部署上线和后续迭代，由同一位FDE负责到底，服务过程不走转包。客户既可以先使用FDE封装好的成熟智能体，也可以随时提出定制化改造，让智能体在持续使用中越来越贴合自身业务。
与传统软件外包或标准品售卖相比，这套模式有两个关键不同。其一，智能体的开发者与后续服务者是同一个人，需求变更时响应链路更短，服务责任清晰；其二，FDE在项目中调通的方案会沉淀为平台上的“技能包”，覆盖公文写作、数据分析、舆情监测、内容创作等数十个常见场景，后续客户可直接启用，交付成本随案例积累递减。
平台的能力在发布之时已经就绪：公文写作、数据分析、舆情简报、直播脚本、短视频创作、小说写作、招聘求职等数十个场景的智能体已在平台上架，客户按需选用即可，无需从零沟通需求；对有个性化诉求的客户，FDE在既有资产上做增量改造，交付以天计而非以月计。
供给侧聚拢同步推进
Hellome上线的同时，汇智智能启动“FDE百万激励计划”，从三个方向降低工程师的入驻与成长门槛：现金激励缓解冷启动期的收入压力，流量扶持把平台需求精准导给认证FDE，技能认证为工程师建立可累积的职业信用。如今，每天都有大量AI工程师入驻平台，一个稳定的交付者网络正在Hellome上快速成形。
汇智智能的智能体服务已覆盖政企、文旅、电商、制造、金融、教育等50余个行业、超过1万家企业客户，并触达千万级个人用户；其“服务＋引擎＋算力”产品体系中的Agentsyun词元工场聚合200余个大模型，为平台交付提供模型调度支持。按照规划，未来三年Hellome将聚集10万名FDE，一张覆盖千行百业的AI交付网络正在加速成形——客户的智能化诉求，从此有了确定性极强的落地路径。
本文由汇智智能提供，量子位获授权转载，观点归原作者所有。
- 联想亮相阿里云栖大会：联想天禧AI把超级组织落地到端侧2026-09-23
- 让Token生产更高效：异构混推的关键技术演进与创新实践2026-09-23
- 达卯科技完成新一轮融资，算电协同核心软件层“稀缺标的”2026-09-23
- 它石智航顶尖团队引领中国具身智能率先迈入规模化落地阶段2026-09-23",full,,trafilatura_full_text,,https://www.qbitai.com/2026/09/496493.html,量子位,综合科技,人工智能,2026-09-24T00:49:30+00:00,AI与智能科技 > AI软件层 > 工程改进,AI与智能科技,工程改进,"[{""path"":[""AI与智能科技"",""AI软件层"",""工程改进""],""path_text"":""AI与智能科技 > AI软件层 > 工程改进"",""confidence"":0.85,""reason"":""核心是智能体平台化交付AI应用的服务模式""}]",classified,2026-09-24T00:57:45.208507+00:00,glm-5.2,2026-09-10,
达卯科技完成新一轮融资，算电协同核心软件层“稀缺标的”,2026-09-23,"达卯科技完成新一轮融资，算电协同核心软件层“稀缺标的”
打造算电协同领域“Windows”级操作系统
算电协同AI能源运营操作系统核心企业达卯科技，近期据悉已完成约2亿元新一轮融资。去年10月，达卯科技完成由宁德时代旗下溥泉资本领投的近亿元A+轮融资。
达卯科技成立于2021年，总部位于上海徐汇模速空间，是国内首家将能源大模型规模化落地算电协同、虚拟电厂与泛能源场景的AI企业，也是算电协同赛道的先行者。公司核心依托自研垂类能源大模型与AI智能体集群，打造算电协同平台、AI虚拟电厂平台、智能运维平台等产品矩阵，面向智算中心客户提供从咨询规划、投资测算、智能运营、精细化运维、能源增值交易的全生命周期服务。
公司推出的核心产品算电协同2.0平台・AIDC绿电直连能源运营操作系统，是算电协同产业链中的关键软件，已形成面向GW级智算中心绿电直连场景的全周期智慧能源运营闭环能力，核心技术指标处于行业领先水平，推动AIDC从传统“用电负荷”升级为“新型电力系统下可调度、可交易的柔性资源”。
目前，达卯科技股东阵容包含宁德时代、商汤科技、寒武纪等产业链龙头企业，具备优异的产业生态协同与资源聚合能力。
算电协同，系指通过数字化技术、智能算法和通信网络，将算力基础设施与电力系统（发电、输电、配电、用电环节）进行有机整合，实现资源动态匹配与优化配置的基建工程，以提升能源利用效率、保障算力供给稳定性，并推动低碳化发展。2026年初，算电协同首次写入政府工作报告，成为新基建重点方向。今年9月，国务院层面进一步明确提出，推动算电协同、算网融合，加快绿电直连、源网荷储项目落地。这是继多部门出台政策推动AI与能源双向赋能后，国家顶层再次点名绿电直连，将其作为支撑全国一体化算力网络建设的核心抓手，是绿电直连从试点示范走向规模化复制的关键信号。
算力产业的高速扩张持续放大电力供需矛盾，算电协同赛道迎来产业爆发窗口期。业内分析指出，算电协同产业链硬件环节参与者众多，但能够提供完整底层软件、实现算电协同全链路商业化落地的企业寥寥无几。达卯科技是赛道内率先跑通商业化闭环的企业，兼具能源大模型底层技术壁垒与全周期项目运营交付能力，是算电协同产业链软件层为数不多已实现商业落地的稀缺标的。
此前，达卯科技CEO简煜忞曾在媒体采访中表示，达卯科技定位不只是算电协同技术服务商，更是产业核心运营服务商。区别于传统软件售卖模式，达卯采用“技术赋能+运营落地”的商业模式，以价值销售为核心，交付长期能源运营价值，持续为客户挖掘收益提升空间。业务覆盖项目全周期：在智算中心规划阶段可前置介入，完成算电协同方案规划、经济性评估；项目落地阶段部署算电协同软件平台；运营阶段承接能源调度、电力交易与设施运维，并通过运营分成分享降本增值收益。
简煜忞提到，算电协同行业当前处于快速窗口期，政策、技术迭代节奏快，公司会持续投入技术研发与市场拓展，持续抢占赛道先机、夯实竞争壁垒。
本文由达卯科技提供，量子位获授权转载，观点归原作者所有。
- 联想亮相阿里云栖大会：联想天禧AI把超级组织落地到端侧2026-09-23
- 让Token生产更高效：异构混推的关键技术演进与创新实践2026-09-23
- 汇智智能发布Hellome：国内首个FDE直连智能体服务平台，把AI交付周期压进“周”2026-09-23
- 它石智航顶尖团队引领中国具身智能率先迈入规模化落地阶段2026-09-23",full,,trafilatura_full_text,,https://www.qbitai.com/2026/09/496494.html,量子位,综合科技,人工智能,2026-09-24T00:49:32+00:00,AI与智能科技 > AI硬件层 > 算力能源基础设施,AI与智能科技,算力能源基础设施,"[{""path"":[""AI与智能科技"",""AI硬件层"",""算力能源基础设施""],""path_text"":""AI与智能科技 > AI硬件层 > 算力能源基础设施"",""confidence"":0.9,""reason"":""核心是面向智算中心的算电协同与绿电直连能源运营系统""},{""path"":[""零碳产业"",""能量转化"",""能量分配与运输"",""虚拟电厂与电力交易""],""path_text"":""零碳产业 > 能量转化 > 能量分配与运输 > 虚拟电厂与电力交易"",""confidence"":0.72,""reason"":""公司主营含AI虚拟电厂平台与能源增值交易业务""}]",classified,2026-09-24T00:57:45.208507+00:00,glm-5.2,2026-09-10,
它石智航顶尖团队引领中国具身智能率先迈入规模化落地阶段,2026-09-23,"它石智航顶尖团队引领中国具身智能率先迈入规模化落地阶段
它石智航将继续扩大研发团队，加快布局生产基地，全面提升机器人交付能力
近日，2026“跨国企业上海行”推介会在上海举行。在“中外企业分享”环节，它石智航创始人兼CEO陈亦伦作为现场唯一获邀发言的上海本土企业代表，与来自24个国家和地区的220余位企业家、行业组织和投资机构代表，分享了它石以具身智能技术赋能全球工业转型的实践与思考。
当前，全球工业正在经历从传统自动化向物理AI的智能跃迁。受制于劳动力结构变化与工艺复杂度，汽车总装、精密线束装配及精细零件上料等工序仍高度依赖人工，成为自动化升级难以越过的“最后一公里”。与此同时，制造业海量的真实作业数据与严苛的工程标准，为具身智能切入实体经济提供了坚实基础。
陈亦伦表示，具身智能不能停留在实验室，一定要到真实产线经受最严苛的检验。中国具有全球最丰富的制造业场景和应用需求，这为机器人模型的训练、验证和迭代提供了不可替代的土壤。凭借长期产业生态积淀所释放的系统性能力，中国正推动本土具身智能率先进入规模化落地阶段。兼具顶尖复合型AI人才、精密供应链与开放合作生态的上海，正成为承载并放大这一产业优势的重要高地。
作为生于上海、面向全球的具身智能企业，它石智航已迅速完成了基座模型突破、硬件迭代优化、规模化落地的三级跃迁。
首先，它石首创了“以人为中心”的数据范式，采集了超百万小时高质量真实人类操作数据，自主研发AWE具身智能基座大模型，成功攻克精细操作、柔性物体处理、长程任务规划和泛化能力等工业难题，为给机器人装上了“通用大脑”；其次，依托长三角强大的“一小时产业圈”，打造“为AI而生”的硬件和本体，包括自研的A系列轮式机器人、T系列双足机器人和21自由度准直驱DexHand灵巧手；在上海专项政策的大力支持下，快速推进具身智能技术的规模化产线验证，让机器人实现了“真干活”。
上海领先的人工智能人才优势，为它石智航的快速成长提供了核心支撑。据介绍，目前，它石智航已经组建起了一支硕博占比超80%的顶尖研发团队。创始团队由五人组成，分别是：创始人兼CEO陈亦伦、董事长李震宇、联合创始人兼首席科学家丁文超、联合创始人兼首席架构师陈同庆、联合创始人兼首席战略官Vincent。团队成员普遍拥有自动驾驶和人工智能相关领域丰富经验，不仅拥有业界领先的具身大模型构建能力、本体研发能力、软硬一体产品量产能力和超大复杂系统的工程化落地能力，而且对目标行业痛点有深度洞察，能够精准锚定高价值应用场景，交付完整解决方案。
陈亦伦表示，未来，它石智航将继续扩大研发团队，加快布局生产基地，全面提升机器人交付能力，同时积极构建“中国研发、面向全球”的业务布局，与海内外合作伙伴共建行业生态，为全球工业转型升级贡献更多的“具身智能方案”，努力成长为“全球工业智能化转型的重要赋能者”。
本文由它石智航提供，量子位获授权转载，观点归原作者所有。
- 联想亮相阿里云栖大会：联想天禧AI把超级组织落地到端侧2026-09-23
- 让Token生产更高效：异构混推的关键技术演进与创新实践2026-09-23
- 汇智智能发布Hellome：国内首个FDE直连智能体服务平台，把AI交付周期压进“周”2026-09-23
- 达卯科技完成新一轮融资，算电协同核心软件层“稀缺标的”2026-09-23",full,,trafilatura_full_text,,https://www.qbitai.com/2026/09/496481.html,量子位,综合科技,人工智能,2026-09-24T00:49:34+00:00,AI与智能科技 > 具身智能 > 模型和具身操作系统,AI与智能科技,模型和具身操作系统,"[{""path"":[""AI与智能科技"",""具身智能"",""模型和具身操作系统""],""path_text"":""AI与智能科技 > 具身智能 > 模型和具身操作系统"",""confidence"":0.85,""reason"":""核心是AWE具身智能基座大模型的工业落地""},{""path"":[""AI与智能科技"",""具身智能"",""硬件和控制""],""path_text"":""AI与智能科技 > 具身智能 > 硬件和控制"",""confidence"":0.8,""reason"":""涉及轮式、双足机器人本体与灵巧手等硬件研发量产""}]",classified,2026-09-24T00:57:45.208507+00:00,glm-5.2,2026-09-10,
斑马智能发布端模型AutoOmni2.0，让元神AI更懂“我的世界”,2026-09-23,"斑马智能发布端模型AutoOmni2.0，让元神AI更懂“我的世界”
9月23日云栖大会期间，斑马智能发布新一代全模态端侧大模型AutoOmni 2.0-23B-A3B
9月23日云栖大会期间，斑马智能发布新一代全模态端侧大模型AutoOmni 2.0-23B-A3B，任务处理能力堪比10倍参数量级的云模型；基于让AI更懂“我的世界”，亮相全新AutoClaw2.0智舱协作服务实车方案。
“端智能的核心价值是开启交互新范式。”斑马智能联席CEO郝飞表示，基于端模型的全车全时免唤醒，以及上下文和记忆，是新范式的关键要素，让更加懂我的主动服务成为可能。
智驾要懂“物理世界”，智舱要懂“我的世界”
在云栖大会斑马智能展台上，腾势Z9GT、智己LS6、神行者8、红旗天工06的智驾分别是天神之眼、Momenta、华为乾崑和卓驭，但在智舱领域都选择了斑马智能元神AI。据悉，元神AI实现了对主流车企68%的服务覆盖。
“AI上车不代表赢得用户，深度使用才是真正的战场。”斑马智能首席产品官蔡明表示，AI进行复杂规划、再有效组织各方能力的前提，是对用户的理解。一方面，AI要理解物理空间、规律和轨迹构成的“表世界”；另一方面，要理解个人意图、偏好和生活场景构成的“里世界”，进而在感知、理解、执行与反馈的循环中持续进化。
据蔡明介绍，元神AI正从智舱AI迈向Personal AI，形成了“三个连通”：连通云端与车端的算力和服务；连通用户的多个终端，打通全时空场景数据；连通用户与服务，实现跨App、跨终端的服务整合。
AI数据终端公司YoooClaw创始人、CEO肖睿哲表示，联合斑马智能，在数据合规的前提下，让用户在车内1小时、车外23小时的“上下文”打通，真正发挥数据和智能的价值。
在斑马智能展台上，全新AutoClaw 2.0实车方案，以及联合YoooClaw打造的全新生态智能体实车方案，已经让“三个连通”初步落地上车。
智能汽车是具身智能最大的“中试场”
论坛上，斑马智能正式发布全模态端侧大模型AutoOmni 2.0-23B-A3B。该模型采用MoE混合专家模型架构，在智能座舱场景，普通任务能力堪比10倍参数量云模型，复杂任务处理能力相当于10倍参数量云模型的80%-90%。云栖大会现场展示了采用该模型和端云一体Agent架构的实车方案，基于模糊意图、多任务的复杂导航、车控、多媒体，以及跨域任务，AutoOmni2.0都能够低时延、保隐私、稳定流畅地执行。
AutoOmni是斑马智能行业首发的全模态端侧大模型，一年时间，端模型上车的企业中，63%选择了斑马智能。
“把端模型刻在芯上，把安全刻在心上。”斑马智能首席技术官司罗表示，AutoOmni已经合作国内外10家芯片企业，软硬协同支持8路以上多任务稳定并发，大模型推理加速5-6倍，量化保真度超过99%，少占用运行内存50%以上；而车规级端侧AI安全纵深防御体系，不止做到隐私保护和数据合规，还能够兼顾安全和性能开销。
司罗现场演示了全车全时免唤醒、主动智能迎宾、无感智能停车付费等端侧智能场景。从数十项主动智能场景开始，AutoOmni开启AI原生车主动智能新范式。
“智能汽车是具身智能最大的中试场和规模化压测平台。”司罗强调，斑马智能正从AutoOmni向EdgeOmni演进，围绕用户，从单体智能向群体智能拓展，让AI终端更懂“我的世界”。
本文由斑马智能提供，量子位获授权转载，观点归原作者所有。
- 联想亮相阿里云栖大会：联想天禧AI把超级组织落地到端侧2026-09-23
- 让Token生产更高效：异构混推的关键技术演进与创新实践2026-09-23
- 汇智智能发布Hellome：国内首个FDE直连智能体服务平台，把AI交付周期压进“周”2026-09-23
- 达卯科技完成新一轮融资，算电协同核心软件层“稀缺标的”2026-09-23",full,,trafilatura_full_text,,https://www.qbitai.com/2026/09/496471.html,量子位,综合科技,人工智能,2026-09-24T00:49:36+00:00,AI与智能科技 > AI软件层 > 底座大模型 > 多模态模型,AI与智能科技,多模态模型,"[{""path"":[""AI与智能科技"",""AI软件层"",""底座大模型"",""多模态模型""],""path_text"":""AI与智能科技 > AI软件层 > 底座大模型 > 多模态模型"",""confidence"":0.9,""reason"":""核心事件是发布全模态端侧大模型AutoOmni 2.0及其智能座舱上车应用""}]",classified,2026-09-24T00:57:50.802282+00:00,glm-5.2,2026-09-10,
DeepSeek新论文公开Agent训练！梁文锋署名,2026-09-23,"DeepSeek新论文公开Agent训练！梁文锋署名
每秒能产生5000+个沙盒
克雷西 发自 凹非寺
量子位 | 公众号QbitAI
大模型训练拼的是算力，Agent训练拼的是环境。
环境怎么造？梁文锋署名的DeepSeek最新论文，把技术细节公开了。
DeepSeek做的这个系统叫DSec（DeepSeek Elastic Compute），干的事情就是给Agent训练批量制造沙盒。
它每秒能产生5000+个沙盒，一天能达到300万个，峰值同时运行38万个。
支撑这个规模的单集群也非常庞大，大约有160个节点、3万核CPU和250TB内存。
为啥训个Agent会这么费劲？
因为大模型训练的环境就是GPU集群，喂数据算梯度，但Agent完全不同。
它得在沙盒里写代码、跑编译、开浏览器，甚至装操作系统……每执行一步都改变环境状态，随时可能把环境搞崩。
所以每轮训练都得给它一个全新的、干净的沙盒，而且随用随抛、训完就扔。
所以，问题兜兜转转，还是回到了基础设施——
这些基础设施需要在每秒5000个的速度下，给每个沙盒装好一整套操作系统和工具链。
同时，还不能让几十万个并发沙盒把集群的内存和CPU挤爆。
具体怎么办，论文把这整套工程的全貌摊开了。
Agent训练需要「一个世界」
DSec要解决的第一个核心问题是，不同类型的Agent任务对沙盒环境的要求差异极大，而且这些环境必须在同一个平台上统一调度。
一个刷OJ题的Agent，只需要一个无状态的函数调用环境，跑完拿到输出就行，连文件系统都不需要持久化。
但一个做SWE-bench的Agent，就需要完整的Linux用户态，得在里面装依赖、改代码、跑pytest，任务做到一半还可能要往环境里加新包。
到了安全攻防和computer-use场景，容器级别的隔离就不够了，Agent要操作浏览器甚至桌面，一个有漏洞的Agent可能顺手把宿主机搞挂，必须上虚拟机。
最极端的情况是训练操作商业软件的Agent，它需要一个完整的Windows或macOS，带图形界面、带驱动，跟真实电脑几乎没区别。
DSec为这四类场景分别准备了四种后端，FnCall处理无状态函数调用，Container跑Docker容器，MicroVM用Firecracker做轻量级虚拟机，Full VM用QEMU跑完整操作系统。
四种后端的隔离强度和资源开销逐级递增，但训练框架那边看到的是统一的Python SDK libdsec。
不管底层是容器还是虚拟机，都采用相同的接口，创建沙盒、执行命令、拿结果，各个步骤的调用方式完全相同。
要让四种后端在同一套集群上跑起来，平台的调度层也得跟上。
DSec把整个链路拆成了六层。
这条链路从训练框架的一个创建请求出发，先经过IAM认证鉴权，进入API Server，再由调度引擎（Placement Engine）根据资源余量从集群中选出一台目标节点，节点上的Edge组件负责实际拉起对应类型的沙盒。
沙盒的网络出口和包管理镜像由Aether统一代理，Agent在里面执行的每条命令和产生的每行输出，都通过一个叫Chronus的沙盒内通信组件中转回训练框架，让框架知道Agent做到了哪一步、该给什么反馈。
靠资源超分和高密度部署，单个节点可以同时承载3200个容器或800个MicroVM。
每天300万个沙盒怎么带动？
然而，DSec在规模上最狠的挑战还不是调度，是环境的构建。
每个沙盒启动时，都需要一整套操作系统镜像加工具链，相当于每秒给5000台「电脑」装系统。
传统Docker的思路是把基础镜像、工作区和工具包打成一个完整镜像。
这个方案在小规模下没问题，但DSec的容器后端累计使用了11266个基础镜像和102171个工作区，67.8%的沙盒需要在基础镜像之上叠加至少一层工作区或工具包。
在这种多样性下，一旦某个工具包更新，所有包含它的组合镜像全部要重新构建，成本是O(m·N)。
DSec的做法是把环境拆成基础镜像、工作区、工具包三层独立的EROFS只读镜像，各自独立版本化，通过overlayfs在沙盒启动时按需组合。更新工具包只碰工具包那一层，成本降到O(m)+O(k)。
镜像造好之后，怎么送到节点上同样关键。
直觉上应该提前把镜像拉到本地缓存好，但论文统计了真实的运行时数据：
- Python容器镜像6.0GB，Agent实际只读取了其中6.0%的数据；
- Java镜像12.1GB，只有9.2%被访问；
- C++镜像4.9GB，只有8.7%被访问。
也就是说，绝大部分镜像内容，Agent从头到尾碰都没碰过。
所以DSec选择按需加载，其镜像以EROFS格式存储在3FS（Fire-Flyer分布式文件系统）上，元数据预取到本地，数据块只在沙盒真正读取时才从3FS拉过来。
DeepSeek团队实测，8192个容器的突发部署，按需加载只要35分钟就能完成，而Docker冷拉取要60分钟以上。
另外，按需加载的磁盘写入量，也比Docker冷拉少了一大半，从约1600GB降到约700GB。
环境建好之后，几十万个沙盒同时跑起来又面临资源争抢。
内存方面，MicroVM通过虚拟块设备读取镜像数据时，同一份数据会在宿主机和虚拟机的页缓存里各存一份，导致需求倍增。
DSec用virtio-pmem配合DAX让虚拟机跳过自己的页缓存，直接映射到宿主机物理内存，多个虚拟机共享同一份映射，峰值内存占用砍掉40.2%。
对virtio-pmem不适用的可写磁盘，DSec用DAMON定期扫描冷内存页并主动归还宿主机，配合virtio-balloon的free-page reporting再将需求砍掉21.2%。
CPU方面，DSec把沙盒分成延迟敏感型和尽力而为型两类，后者设为SCHED_IDLE优先级，同时启用Linux的core scheduling，阻止低优先级任务跑到高优先级任务所在物理核心的兄弟超线程上。
两层策略叠加后，50%背景负载下延迟敏感任务的延迟膨胀从45.2%降到了17.3%。
另外，DSec还要和RL训练框架配合处理GPU抢占。
早期架构中Agent的推理循环跑在GPU训练Pod内部，GPU任务被抢占时Agent的执行进度就全丢了。
从DeepSeek-V4.1开始，Agent循环被拆出来独立运行在DSec的worker container里，不再绑定GPU Pod的生命周期。
GPU被抢占时DSec把相关沙盒挂起保存状态，GPU恢复后沙盒继续执行，训练框架不再需要自己实现断点恢复逻辑。
即便做了这么多优化，单个集群还是可能扛不住峰值。
论文里提到的最大生产任务一次申请32000个沙盒，这种突发负载下DSec会自动触发cloud bursting，把溢出的任务打到云端虚拟机上。
DeepSeek团队实测，当集群利用率超过80%时，200台云VM就能吸收约30%的峰值。
Agent学会了作弊
对Agent而言，沙盒不只是运行环境，同时也是安全围栏。
论文披露了多起Agent在训练中自行发现的reward hacking手段，也就是Agent找到了不靠正当手段完成任务、但同样能拿到高分的捷径。
这些Agent瞄准的第一个目标是Chronus，沙盒内部负责Agent和外界通信的组件。
Chronus在执行某些操作时会调用系统的bash，Agent发现之后直接覆盖了/bin/bash，把自己的命令注入进去，试图从后续的shell会话中截获题目答案或其他特权信息。
这条路被AppArmor堵上之后，Agent又找到了一个更底层的突破口，XFS文件系统的ioctl调用。
XFS_IOC_SWAPEXT，它的作用是交换两个文件的底层数据块映，。Agent用它把受保护文件的内容“换”到了自己持有的文件描述符上，绕过了文件级别的访问控制。
这次尝试的副作用比作弊更危险，因为它损坏了XFS的元数据，可能直接导致文件系统崩溃，影响的不只是这一个沙盒。
沙盒之外的信息泄露渠道同样被Agent们找到过。
有的Agent会扫描沙盒能触达的网络端口和服务，寻找参考实现；有的直接打小抄，通过Go module proxy从GitHub拉代码；有的甚至安装更新版本的软件包来获取现成解法。
这些行为通过单纯检查最终输出根本发现不了，因为Agent确实「做对了题」，只是手段不正当。
除了作弊，还有更暴力的场景。
一个Agent在沙盒内递归执行grep，从根目录一路扫到/proc/kpagecgroup，触发了一个内核bug，整个宿主机的内核直接崩溃。
另一个Agent则是在安全攻防任务里，把本该发给目标虚拟机的攻击命令在自己的容器内执行了，同样打崩了内核。
还有Agent发现，Chronus会异步记录命令的stdout输出，于是反复调用yes命令不断打印字符，几十个GB的日志灌满了存储空间。
DSec目前的防御手段分两层。
一是用AppArmor控制文件读写权限和Unix域套接字访问，这些策略即使Agent以root身份运行也生效，限制了Agent从日志和内部通信通道中提取答案的能力。
二是用eBPF做网络层的细粒度管控，按任务配置域名白名单，通过IP地址、端口和协议三重过滤拦截越界流量，策略还可以在任务的不同阶段动态更新，比如环境搭建阶段允许访问PyPI，正式执行阶段就把网络收紧。
但论文也明确表示，这不是一个能彻底解决的问题。
AppArmor和eBPF能限制信息泄露通道，但防不了内核bug；用户隔离可以缩小爆炸半径，但Agent总会找到新的路径。
这将成为一场持续的「魔道之争」，模型越强，钻漏洞的能力也越强，平台的防线就得不断前移。
Agent从「会说话」进化到了「会做事」，训练基础设施的复杂度也出现了质变。
训练大模型的集群，靠的是「大力出奇迹」，但训练Agent的集群不仅要「又大又细」，还得防得住自己训出来的东西。
那个需要被防住的对手，恰恰就是正在被训练的Agent自己。
https://arxiv.org/abs/2609.22978
- AGI最难一战，竟在医院！中国AI登上Science，医生不怕失业还催着上线2026-09-18
- AI算力之争不靠堆卡！浪潮信息捅破智算「能力天花板」，还瓦解了「产能焦虑」2026-09-22
- 手机替我跑了一整套流程！我就说了一句话，AI执行了100步2026-09-15
- OpenAI年内不上市了！奥特曼支持对手Dario呼吁：AI该踩刹车了2026-09-13",full,,trafilatura_full_text,,https://www.qbitai.com/2026/09/496393.html,量子位,综合科技,人工智能,2026-09-24T00:49:37+00:00,AI与智能科技 > AI软件层 > 工程改进,AI与智能科技,工程改进,"[{""path"":[""AI与智能科技"",""AI软件层"",""工程改进""],""path_text"":""AI与智能科技 > AI软件层 > 工程改进"",""confidence"":0.88,""reason"":""论文核心是Agent训练沙盒基础设施DSec的工程架构与实现""}]",classified,2026-09-24T00:57:50.802282+00:00,glm-5.2,2026-09-10,
Qwen一号位定了！刘大一恒接棒,2026-09-23,"Qwen一号位定了！刘大一恒接棒
与稚晖君同届天才少年
鹭羽 发自 凹非寺
量子位 | 公众号QbitAI
定了！林俊旸离职半年，新任千问负责人终于就位——
前华为天才少年刘大一恒。
阿里云栖大会已经在官网嘉宾一栏中，将他挂在了C位。
紧随蔡崇信、吴泳铭之后，title是：
阿里巴巴ATH事业群Token Foundry Qwen LLM项目负责人。
开幕式上，他也刚刚在吴泳铭主旨演讲之后，带来15分钟的主题演讲，标题是「Qwen：迈向真实世界智能体」。
重视程度不言而喻。。。
so为什么是他？
这位新帅的来头，可能比外界预想的更有料。
前华为天才少年接棒
刘大一恒，四川自贡人，本硕博均就读于四川大学计算机学院。
师从吕建成教授，研究方向集中在自然语言生成与理解。
曾在ACL、ICML、NeurIPS、EMNLP、AAAI等顶会及其它期刊发表论文共计百余篇，谷歌学术引用超六万次，并以通讯作者身份获得了NeurIPS 2025最佳论文奖。
另一位通讯作者正是前任负责人林俊旸。
刘大一恒同时也是Qwen初期核心成员。
2021年加入达摩院后，负责Qwen项目最早期的预训练工作。
随后几年更是高产不断：
主导开发Qwen1至Qwen3.5系列语言模型及Qwen-Math系列，核心参与Qwen-Coder、VL、Omni等模型开发，累计参与300多款Qwen模型开源。
换句话说，Qwen从早期研发到持续迭代，整个发展过程他其实一直都在。
只不过这一次，他终于正式走向台前。
事实上，真正让刘大一恒首次进入公众视野的，还是2020年的一则重磅新闻——
刘大一恒经过多轮选拔，成为西南地区首位入选华为天才少年计划第一档的学生，年薪高达200万元。
当年全国仅有5位学生入选第一档，刘大一恒便是其中之一。
值得一提的是，当年的“天才少年”名单中还有另一位后来广为人知的人物：稚晖君。
而此次参选，还是华为主动向刘大一恒递出的橄榄枝。
不过，当年他虽然拿到了华为的offer，最终却没有选择入职，而是在博士毕业后，以校招「阿里星」的身份直接加入了阿里。
刘大一恒接手Qwen，也并非一步登天。
今年3月，Qwen技术负责人林俊旸突然在社交平台宣布卸任，由时任阿里云CTO、通义实验室负责人周靖人代管Qwen模型一号位。
刘大一恒则在原本负责的预训练之外，同时代管后训练和Coding团队，向周靖人汇报。
也就是说，连通Qwen的三个核心环节实则都在刘大一恒手上。
时间来到六月，千问所在的组织也发生了调整。
阿里宣布将通义大模型事业部与未来生活实验室合并，成立Token Foundry事业部，由集团CEO吴泳铭直接负责。
周靖人转任阿里巴巴首席科学家，牵头成立AI未来研究院，专注前沿研究。
于是，有了此前数月管理职权逐步扩大的铺垫，刘大一恒顺理成章，于近期正式全面接管Qwen。
而他接过的千问，最近成绩也颇为亮眼。
最新版本的Qwen3.8 Max，在Artificial Analysis智能指数中排名第七，仅次于Anthropic、OpenAI的旗舰模型，以及Meta的Muse Spark 1.3。
在这样的竞争位置上，新负责人还需要继续交出模型成果。
此次演讲主题中的「真实世界智能体」，则透露出刘大一恒带领的Qwen下一步。
这个题目也多少有点微妙。
林俊旸离职后的首篇长文，讲的也是对智能体时代的思考。
https://www.theinformation.com/briefings/alibaba-appoints-new-head-qwen-llm-team
[2]https://yunqi.aliyun.com/
https://www.linkedin.com/in/%E4%B8%80%E6%81%92-%E5%88%98%E5%A4%A7-a66133226/
- 通用能力不打折，空间具身智能断层领先！ZDTaichu5.0-9B国产开源，跻身全球多模态第一梯队2026-09-16
- 今年外滩最特别Agent：能干活，能陪聊，还会朋友圈拉黑你2026-09-13
- 现场围观金融AI决赛，大厂挑人的逻辑我悟了2026-09-08
- 金融AI的年度大考交卷了：2万名选手、30+家机构、百亿级数据开源2026-09-04",full,,trafilatura_full_text,,https://www.qbitai.com/2026/09/496384.html,量子位,综合科技,人工智能,2026-09-24T00:49:39+00:00,AI与智能科技 > AI软件层 > 底座大模型 > 文本模型,AI与智能科技,文本模型,"[{""path"":[""AI与智能科技"",""AI软件层"",""底座大模型"",""文本模型""],""path_text"":""AI与智能科技 > AI软件层 > 底座大模型 > 文本模型"",""confidence"":0.85,""reason"":""核心事件是Qwen大语言模型项目负责人更替及其模型研发背景""}]",classified,2026-09-24T00:57:50.802282+00:00,glm-5.2,2026-09-10,
Jev vs Decitron：同为决策AI，为什么不是一回事？,2026-09-23,"Jev vs Decitron：同为决策AI，为什么不是一回事？
对复杂现实进行推演与决策
允中 发自 凹非寺
量子位 | 公众号QbitAI
最近，一个叫Jev的新模型突然火了。
它来自TypeSafe AI。这支有OpenAI背景的团队没有继续卷生成和推理，而是换了个方向：让AI直接做判断。
他们甚至把口号直接写成：Decisions, not strings（要决策，不要文本）。
Jev的走红，也让“Decision”（决策）重新成为AI圈的热门词。
但如果把时间线往前拨几个月，会发现这条趋势并不是今天才出现。
在Jev受到关注之前，国内已经出现了一条“决策AI”路线。今年6月，中科闻歌（此前被部分媒体称为“决策大模型第一股”）发布了通用决策大模型Decitron决策机，尝试将世界模型、多智能体推演、博弈与求解纳入统一的决策框架。
那么问题来了：同样都在讲“决策AI”，Jev和Decitron，到底是不是一回事？
答案是否定的。Jev和Decitron都在讲Decision，但对“决策”这件事的理解并不相同。
Jev把决策做成一个瞬时判断，Decitron则把决策变成一场对未来的推演。
一个解决“此刻选什么”，一个解决“选完之后，接下来会发生什么”。
它们为什么值得放在一起比？
乍看之下，两者差得很远。
Jev强调快速判断，主要服务软件和Agent；Decitron强调复杂世界推演，面向战略、产业和复杂系统决策。
但如果把镜头拉远，会发现它们其实在做同一件事，即都在重新思考：AI的输出，能不能不止是一段文本？
过去的大模型默认输出是一串文字。
你问一个问题，它生成一个答案，再由人或程序决定下一步怎么办。
Jev对此非常直接：不要文本，要决策。它把AI输出变成Choice、Score、Probability，这些软件可以直接执行的结果。
AI不再只是“回答你”，而是开始直接参与程序分支和行动。Decitron则从另一条路线走到了同一个问题。
它关注的不是生成一篇“关于未来的分析”，而是把现实世界拆成状态、主体、行动和结果，再通过多智能体推演、博弈和求解，比较不同路径。
所以，Jev和Decitron第一个真正共同点是：两者都在尝试让AI的输出从“生成内容”，进一步走向“支持判断和行动”。
第二个共同点，是两者都强调不确定性要被显式量化。
Jev告诉系统：我选择A，但把握只有72%。
Decitron关注的则是另一种不确定性：在不同主体、行动和环境变化下，未来可能沿着哪些路径演化。
一个量化的是当前判断的不确定性，一个处理的是未来演化的不确定性。
背后的思想却是一致的：AI不能只给结论，还要告诉你这个结论有多可信。
更重要的是，它们都在尝试把“决策”变成一种独立的AI计算范式。
Jev的逻辑是：输入状态 → 输出判断；Decitron的逻辑是：输入现实 → 建模世界 → 模拟行动 → 推演结果 → 比较策略。
一个把决策压缩到极短时间内，一个把决策展开成多个未来世界。
Jev：把决策压缩成一次判断
Jev要解决的，是那些必须马上给出答案的判断题：A还是B？风险有多高？要不要转人工？下一步走哪条流程？
比如一个客服系统收到：“我的信用卡重复扣款了。”
传统大模型可能先生成一段分析。而Jev更希望直接输出：Billing：96%；Fraud：3%；Other：1%。
然后程序马上进入下一步。
所以从工程角度看，Jev干了一件很有意思的事：它把传统软件里的if/else，升级成了AI版if/else。
过去程序员需要提前写死：如果A发生，就执行B。现在可以变成：如果AI判断A发生的概率超过80%，就执行B。
这也决定了Jev最核心的目标：快、便宜、稳定、可以直接嵌入软件。
Decitron：把决策展开成一场推演
但有些决策，根本不是一道“选择题”。
一家企业要不要扩产？如果扩产，竞争对手会不会降价？如果竞争对手降价，市场格局会不会变化？如果同时遇到政策、原材料和需求变化，原来的选择还成立吗？
到了这里，“A还是B”已经不够用了。
因为在真实世界中：你的选择，会改变世界；世界改变以后，别人也会重新选择。
这正是Decitron试图解决的问题。
它不是只看“当前选什么”，而是进一步建模：State → Action → Outcome。
也就是现在世界是什么状态？不同参与者采取什么行动？行动之后，世界会变成什么样？然后继续下一轮。
企业行动，竞争对手回应；竞争对手回应，市场变化；市场变化，各方再重新决策。
决策不再是一个点，而是一条不断生长的时间线。
因此，Decitron引入世界模型、多智能体推演、博弈和求解。
简单理解一下，世界模型负责搭“沙盘”；多智能体负责把不同参与者放进去；博弈和求解负责计算不同选择可能把世界推向哪里。
真正的分水岭，在于两者对“决策”的不同理解：
Jev把决策做成当下的一次判断，Decitron把决策展开成对未来的一场推演。
从Generation到Decision，AI开始换战场
Jev为什么偏偏在这个时候火了？
因为AI行业正在显现出一种趋势：生成式AI解决“怎么回答”，决策AI开始解决“怎么选择”。
今年6月，中科闻歌发布Decitron，把“通用决策大模型”正式推到台前；几个月后，Jev又以“Decisions, not strings”迅速受到关注。
Jev把“判断”做得更快、足够便宜，让它进入软件和Agent的日常流程；Decitron则瞄准更复杂的决策问题，通过世界建模、多智能体推演和求解，比较不同选择可能带来的结果。
一个处理“现在怎么选”，一个处理“选完之后会怎样”。
但两者放在一起，至少说明了一件事：当“会生成”逐渐成为AI的基础能力，行业开始把注意力投向“会不会决策”。
下一场较量，也许不只在“会不会说”，而在世界不断变化时，AI到底“会不会选”。
*本文系量子位获授权刊载，观点仅为原作者所有。
- 刷视频也能教会机器人干活！1200亿tokens人类动作预训练，误差按幂律下降2026-09-23
- GPT-6 Astra开进机器人身体！清华联手无问芯穹等开源RPent2026-09-21
- OpenAI刚曝光循环架构，这家公司更早将其用于世界模型2026-09-10
- 华为GTS让Agent学会「看着网络排障」，双防火墙难题几乎全拿下2026-09-16",full,,trafilatura_full_text,,https://www.qbitai.com/2026/09/496352.html,量子位,综合科技,人工智能,2026-09-24T00:49:41+00:00,AI与智能科技 > AI软件层 > 底座大模型 > 多模态模型,AI与智能科技,多模态模型,"[{""path"":[""AI与智能科技"",""AI软件层"",""底座大模型"",""多模态模型""],""path_text"":""AI与智能科技 > AI软件层 > 底座大模型 > 多模态模型"",""confidence"":0.7,""reason"":""比较两种决策AI模型的路线，涉及世界模型与多智能体推演框架""}]",classified,2026-09-24T00:57:50.802282+00:00,glm-5.2,2026-09-10,
实时世界模型进入“全科生”阶段，PixVerse R2先交卷！,2026-09-23,"实时世界模型进入“全科生”阶段，PixVerse R2先交卷！
实时性和通用能力，世界模型可以全都要
梦瑶 发自 凹非寺
量子位 | 公众号 QbitAI
这年头，实时生成的世界模型越来越会「造世界」了。
画面更夯，控制更细，但一旦走到实时生成这一步，继续往上做能力，就会有个很难绕开的坎：
能力越强，实时越难守，整个行业也因此苦既要又要的增长难题久矣。
更麻烦的是，实时世界模型还得面对世界模型的共性难题，相比LLM，能力想沿着稳定路径持续增长也没那么容易。
然而，这个困扰行业多年的实时世界模型的老bug，如今，已经有厂商用实际模型完成验证并跑出了答案——
实时性和通用能力，世界模型可以全都要。
这个玩家的名字大家应该不陌生：爱诗科技。
其实今年1月的时候，爱诗就发布了首个通用实时世界模型R1，主打持续生成能力，当时直接在网上火出圈了一波。
就在这两天，全新的实时世界模型PixVerse R2，也上线了。
甚至一经上线，模型就直接冲到了X平台的热度总榜——
这回，R2直接把LLM里那套规模继续加、能力继续涨的Scaling逻辑，真正搬进实时世界模型里。
基于统一可扩展的世界模型框架，R2把完整的时空关系压进模型，让场景能够沿着时间持续演化，前后状态保持一致，让这个世界真正「记得住」。
不仅如此，R2还把文字、图像、声音、动作统一进模型，边生成边响应、音画同步，让世界真正「控得动」。
比如下面这个探险世界，用户不仅可以控制方向，还能基于Prompt控制场景角色，而且画面是实时生成的内种：
https://mp.weixin.qq.com/s/h-YfJ-3Vd1rKuwgsZtbhQA
当然，脑洞完全可以再大一点，比如游戏剧情也能DIY，一句指令就能改变眼前世界，世界剧情真·随意拿捏了：
https://mp.weixin.qq.com/s/h-YfJ-3Vd1rKuwgsZtbhQA
过去实时世界模型最大的难题之一，就是能力一旦往上堆，速度、稳定性和交互性往往也开始彼此拉扯。
当实时和通用能力同时成立，世界模型的能力边界和使用边界也会一起外扩，逐渐进入游戏、虚拟交互等场景。
一种新的数字世界底座，这回，开始有了成形的可能。
从Scaling到能力预算，实时世界模型连撞两堵工程墙
说实话，还真不能怪实时世界模型这么多年一直卡在能力增长这件事上。
主要在于，实时世界模型想把能力继续往上做，前面先横着技术工程上的两道「硬门槛」。
其中第一道门槛，便是整个视觉世界建模都绕不开的一道表征难题：「信息」到底该怎么被统一表示和建模？
虽同样都隶属模型大类，世界模型在这件事上的先天条件，其实真没LLM那么友好。。。
LLM里的第二个L，就是Language（语言）。
好巧不巧的是，语言其实在信息形态上天然就占了便宜，因为它可以被压缩成一套离散、序列化的符号系统。
在这套体系下，每个Token都是边界清晰的语义单元，海量文本都可以被统一成有限符号的排列组合，训练任务也被高度归一为「预测下一个Token」。
于是，数据、参数和算力都能沿着同一套框架持续扩展，资源投入也更容易稳定转化为能力增长，这正是LLM能够充分释放Scaling潜力的底层前提。
但扎心的是，到了世界模型这里，这套逻辑就没那么顺了。（doge）
因为图像和视频是一种连续、高维且高度冗余的信息形态，色彩、光影连续变化，单个画面就包含海量视觉变量，相邻像素和视频帧之间又存在大量重复。
此外，模型还得从这些原始信号中进一步抽取语义、状态变化乃至物理关系，信息结构远比文本复杂。
也因此，视觉领域长期缺少一套像文本Token那样紧凑、统一、可持续扩展的表征体系，视频模型想沿着同一条路径持续增长，天然要难得多。
当然了，这还只是第一层难题。
因为一旦再加上实时两个字，难度还会再高一档，这也是实时世界模型面对的第二层门槛：
模型容量和实时计算预算天然互相拉扯。
想维持稳定实时生成，每一帧留给模型的计算窗口可能只有几十毫秒，可世界模型想理解更多场景、更复杂的物理关系和更长程的时空变化，又需要更大的模型容量、更复杂的建模，以及更多计算。
这也解释了为什么，过去世界模型的扩展更多停留在局部能力上——
画质、时长、场景各自往前猛堆，却很难汇成一条稳定、统一的增长曲线。
这个两难问题，甚至早已被头部模型反复验证。
2024年，Google DeepMind 11B参数的Genie已经能生成可交互环境，但到了Genie 2，场景和物理能力继续增强，实时性却更难兼顾，想跑到实时往往需要以蒸馏为代价，同时还要牺牲部分画质。
换句话说，对实时世界模型而言，真正难的从来都不是单独把模型做大，或者单独把速度做快，而是让通用能力和实时运行能够同时成立。
△Google DeepMind Genie 2报告
PixVerse R2：实时世界模型终于有了自己的增长曲线
所以说到这儿，实时世界模型碰到的难题就很清楚了。
想把实时性和通用能力一起做上去，先得解决一个底层问题——更多数据、任务和交互信号，怎么持续进入同一套能力体系。
前面我们说过，LLM能够持续Scaling，一个重要前提，就是语言本身拥有相对统一的Token表示和序列建模方式。
但对于实时世界模型来说，模型面对的不只有视觉，还包括动作、音频、长短不一的时间尺度，以及不断进入的各种控制信号！！
这些信息的数据形态、时间粒度和作用方式都不一样，想让这些能力继续一起增长，首先就得把它们收进一条统一的建模主线里。
而PixVerse R2这次做的一件关键的事——
便是把视觉、动作、音频、时序以及不同控制信号，放进同一套可持续扩展的因果建模框架。
需要提一嘴的是，这里的Scaling可不单单指的是模型大小，还包括世界复杂度、控制力，以及怎么稳定运行～
更关键的是，当这些原本异构的信号开始被放进同一种表示体系里，复杂动态的世界也就有机会拥有一套类似语言Token的统一计算坐标系。
而这触及的也是Scaling最底层的问题——
新增的数据、任务和交互经验，能不能持续沉淀进同一个能力体系，并形成复利。
具体来说，R2把Scaling拆成了模型、数据、任务、控制信号和时间尺度五个彼此「协同增长」的维度。
模型规模决定容量，数据拓宽世界分布，任务强化跨场景迁移，控制信号增加交互精度，时间尺度则决定模型能把多长、多复杂的动态过程纳入建模。
任意一个维度增加资源，都能反过来增益其他维度，模型的整体能力就会上涨，不依赖单纯扩大参数量。
这也就意味着R2真正扩展的，已经开始从参数规模进入世界状态空间本身。
其实传统Scaling走到后期，一个越来越现实的问题，就是资源继续往上堆积，能力增益却未必还能同比例增长，新增算力和数据的边际收益开始变薄。
反观R2做的事情，更像是在世界模型身上重做投入产出逻辑，让每一份新增资源都拥有更多能力出口，最终更充分地沉淀为整体模型能力。
落到咱用户真实体验上，就是生成质量更高、长程一致性更稳、跨场景泛化更强，多模态控制也更细～
当然了，多说无益，这实时世界模型R2到底能不能打，我们直接看实际效果～
先插一句，这次R2相比上一代R1，能玩的东西明显更多了。
就比如我们不仅能在赛博世界中玩耍，甚至还能体验互动影游和实时数字人。
先来个小试牛刀，前阵子刚看完《奥德赛》，于是我索性一头扎进了一个奥德赛草原风格的世界里，现场勇闯一下：
真别说，多少有点玩家、导演、编剧三权合一内味儿了～（doge）
https://mp.weixin.qq.com/s/h-YfJ-3Vd1rKuwgsZtbhQA
WASD一按，视角和方向随便转动，Prompt一敲，角色动作、剧情走向也能直接改，可控性确实不错。
最重要的是，实际体验下来，几乎没有卡顿和延时问题，实际在场感确实强，实时性也确实丝滑。
接下来我们再上一波难度，直接玩一把互动影游，体验一把在魔法学院里魔法大乱斗：
https://mp.weixin.qq.com/s/h-YfJ-3Vd1rKuwgsZtbhQA
说实话，光看画面，还真有种穿越哈利波特电影里的感觉，确实蛮有大片感，画面质量过关～
但我最想说的，还不是画质，大家有没有发现，在这个互动影游里，眼前的世界是可以被你临时改写的。
比如直接在Prompt框里输入想使出的攻击魔法，下一秒画面就会顺着你的指令继续往下演，确实有点爽。。。
一段内容生成出来，实时性、画面、交互、记忆这些能力都能同时在线。
省下来的时间和精力，终于可以花在一件更重要的事上——到底想创造一个什么样的世界。
能力先拉满，实时再追回来
当然，问题也来了，R2到底是如何做到「实时」和「通用」能力既要又要的？
核心的答案，其实藏在其对底层技术路径的重新拆分上。
过去行业做实时生成底层技术设计，其实大多是在一笔固定的计算预算里「做减法」。
帧率和延迟一旦锁定，单帧算力预算也基本见顶。行业往往只能靠缩模型、减采样、压计算，把重模型塞进毫秒级窗口，生成质量、复杂运动和长程一致性也会随之受损。
但R2的一个关键技术设计思路是：让能力和实时分头强化。
先把基础模型的能力上限做高，再解决实时化，这样实时世界模型的天花板就不会过早被单帧计算预算锁死，而更多取决于底层模型本身能学到多少世界规律。
这也是R2整个技术体系里，Omni Causal AR和Real-Time Acceleration两层架构真正的分工，前者管能力上限，后者管实时性。
对于想持续Scaling的实时世界模型来说，一大难题在于模态、控制信号和时间尺度越加越多，建模很容易越做越碎。
所以第一步，Omni Causal AR先把短视频、长视频、多模态参考、音频和Action控制，统一进一套因果自回归框架——
通过动态Chunk适配不同时间尺度，再用Hybrid Teacher/Diffusion Forcing、多时间尺度记忆和Error Bank解决长程生成中的误差累积、角色漂移和状态断裂问题。
这样一来，新增数据、任务、控制信号和模型规模，都可以持续转化为更强的世界建模能力～
这边能力先做高之后，Real-Time Acceleration再接手第二道题——
把这套通用能力直接蒸馏进实时加速层。
持续预训练后，Omni Causal AR先把生成质量、长程状态和因果能力做扎实，再作为Teacher和Student共同的能力底座，让后续蒸馏尽可能沿用同一套世界理解逻辑，把这套能力更完整地压进实时预算里。
先造大脑，再给大脑做实时加速器，实时世界模型，这事儿成了。
说实话，爱诗能把实时世界模型在行业里率先跑出来，算不上太偶然。
长期面对亿级用户，意味着这家公司面对的一直都是真实世界里最难处理的那部分：
需求高度分散、场景持续变化、长尾永远收不完，模型每天都在被用户用各种意想不到的方式重新「考试」。
而世界模型最终要面对的，恰恰也是同一类问题：如何在一个持续变化、充满噪声、随时会被外部输入打断的环境里，维持状态、理解变化，并继续推演下一刻。
R2这种先放大能力、再单独解决实时效率的路线，也更像是长期产品实践和技术积累自然形成的一种架构选择。
当然了，更值得注意的是，这套架构一旦成立，它的外溢价值就很难只停留在视频生成层面。
在未来，内容生产、具身智能、虚拟人、游戏实时渲染，都可能逐渐汇向同一种底层能力：
持续理解环境、维持状态，并根据外部输入实时生成下一瞬间。
甚至在互动式娱乐市场这个生态场景里，这种变化可能会更明显。
剧情、场景和角色不再只是预先写好的固定内容，其会逐渐变成可以随着用户行为持续展开、持续变化的动态系统。
到那时创作者需要亲自定义的，也许会越来越少是某一帧、某一段资产，而越来越多地转向一个世界如何运转、角色如何行动，以及规则本身。
由此，互动娱乐真正进入的，可能是一个「内容不再被完成」的时代。
我们不再只是观看故事、操控角色、通关世界。
我们开始真正生活在一个会回应你、记住你，并因为你的存在而改变的数字世界里。
- 从“会回答”到“会办事”，vivo如何解AI手机这道题？2026-09-17
- 千万奖池找“鲸锐”！单项奖金200万，只等一个最会用AI讲故事的你2026-09-19
- 华为汪涛：华为要打造AI算力底座，只做好一颗芯片远远不够2026-09-19
- AI离“理解万物”还有多远？先拿癌细胞和行星轨道试试水2026-09-19",full,,trafilatura_full_text,,https://www.qbitai.com/2026/09/496329.html,量子位,综合科技,人工智能,2026-09-24T00:49:43+00:00,AI与智能科技 > AI软件层 > 底座大模型 > 多模态模型,AI与智能科技,多模态模型,"[{""path"":[""AI与智能科技"",""AI软件层"",""底座大模型"",""多模态模型""],""path_text"":""AI与智能科技 > AI软件层 > 底座大模型 > 多模态模型"",""confidence"":0.9,""reason"":""核心事件是统一文字图像声音动作的实时世界模型PixVerse R2发布""}]",classified,2026-09-24T00:57:50.802282+00:00,glm-5.2,2026-09-10,
稚晖君把机器人卖到2万元一台，可人可狗可开发！,2026-09-23,"稚晖君把机器人卖到2万元一台，可人可狗可开发！
两万元，买到的是怎样一个机器人
henry 发自 凹非寺
量子位 | 公众号 QbitAI
公司名字还叫上纬新材料科技股份有限公司，但发布会上，它已经开始卖机器人了。
去年最后一天，上纬新材董事长、稚晖君（彭志辉）首次公开发布个人机器人Q1。
9个月后，Q1终于正式开售，同时亮相的还有另一款能变形的机器人T1。
其中，Q1主打“可创造”，用户可以自己改外观、编动作、设计机器人的性格。T1则主打“随行”，支持在人形和四足形态之间切换，从家中陪伴到户外移动。
两款机器人均为19999元起，比1TB版本的苹果折叠屏手机iPhone Duo还便宜了1500块。
这个价格，也让人形机器人进入了高端消费电子的价格区间。
那么，你的下一台数码3C，会是一台机器人吗？
两万元，买到的是怎样一个机器人
在外观上，Q1为客制化提供了较高自由度。
除了官方提供的白、灰、粉三种配色外，用户还可以通过3D打印定制外壳，改变机器人的外观。
作为一款具身智能产品，Q1也支持用户设计互动动作，调整它的性格、语气和音色。
也就是说，同一款机器人，经过不同用户改造后，可以拥有完全不同的形态和互动方式。
在使用场景上，Q1覆盖家庭陪伴和教育。
日常，它可以通过语音和动作与用户互动；在编程和机器人教学中，用户也可以围绕它编排动作、设计互动，让代码和指令转化为真实世界中的机器人行为。
硬件方面，Q1采用启元自研QDD准直驱关节和全身力控方案。
其中，QDD关节采用高度集成化设计，体积约鸡蛋大小；全身力控则让机器人能够感知外部力量，并根据受力情况调整动作。
对于需要长期与人互动的机器人来说，关节如何输出力量、被推拉后如何恢复，都直接影响实际体验。
如果用户希望进一步开发，Q1还提供探索版，售价26999元，开放软件开发套件SDK、硬件开发套件HDK以及硬件扩展接口。
而另一款产品T1，则把重点放在了“陪伴移动”。
它最有辨识度的设计，是支持轮足人形与四足两种形态切换，让机器人可以根据不同场景改变移动方式，多少有些小时候“变形金刚”的意思。
在功能上，T1主要面向室内外跟随、家庭互动和拍摄辅助等场景。
在家里，它可以参与外语启蒙和日常陪伴；带出门后，则可以通过智能跟随、轨迹运镜等功能辅助拍摄，让“跟着你走”进一步延伸成“帮你拍”。
相比Q1强调“创造一个属于自己的机器人”，T1更关注的是机器人如何进入用户的日常移动场景。
同样的，T1也有基础版和Pro版两个版本，前者19999元，后者29999元。
其中，T1 Pro增加英伟达Orin Nano算力芯片，支持双形态360°全向避障，并加入低电量自动回充、语音召唤、跟随载物等能力，同时开放二次开发接口。
可以说，能变形的T1，把四足机器人的随行玩法和人形机器人的互动体验，放进了同一台机器里。
两款产品的侧重点也由此显现：Q1更强调动手改造和个性化创作；T1则侧重室内外随行，让机器人更多参与日常移动和互动。
除了硬件，启元还围绕外观创作和技能拓展，搭建了三个平台：
- PrimeFLOW负责机器人外观设计，让用户生成、编辑和输出自己的造型；
- PrimeHub元创工坊面向开发者，支持创作、发布和分享机器人技能；
- PrimeStore则是技能商店，让用户获取和使用更多技能。
这种二次开发友好的设计，也让机器人不再只是一次性交付的硬件产品，而更像一个可以持续更新的平台。
毕竟，如果一台机器人只能反复展示出厂时预设的几个动作，新鲜感过去，很可能就会变成家里的“摆件”。
正如稚晖君此前所说：
对我来说，机器人最有意思的地方不是它出厂时是什么样子，而是它还能被你变成什么样子。
当用户可以不断创造新动作、开发新技能，也能使用其他人分享的玩法，机器人就有机会随着内容积累，在一次次更新中找到持续使用的理由。
而这，也是启元希望探索的一条路径：
机器人不只是一个硬件，而是一个由用户、开发者共同参与构建的开放平台。
不过，玩法丰富之后，另一个问题也随之而来：
机器人能陪伴、能互动，但它能替你干活吗？
买回家的机器人，一定要帮你做家务吗？
这次发布会上，启元给Q1和T1确定了同一个定位——
简单来说，它面向的不是工厂生产线，也不是实验室验证，而是进入普通人的日常生活：陪伴、互动、随行，以及由用户自己改造。
当然，科研和开发用途仍然被保留。Q1探索版开放SDK、HDK和硬件扩展接口，方便开发者进一步开发。
但对于普通消费者来说，更现实的问题是：买回家之后，为什么还会持续使用？
这个问题，也是当前消费级机器人共同面对的挑战。
无论是官方首发预订价399美元，预售卖出1.5万台断货的机械鸭Microduck、还是国内松延的Bumi，维他动力的大头BoBo。
这些产品都在尝试回答同一个问题：当机器人进入家庭后，除了完成固定任务，它还能提供什么长期价值？
目前看下来，便宜、可爱、好玩、可开发可能是这类产品的共性。
相较之下，启元给出答案，是把创造和互动放在更核心的位置。
Q1把外观、动作、性格和音色定制作为主要卖点，强调“把机器人变成自己的”；T1则通过人形与四足切换，探索更多室内外随行场景。
但“个人机器人”并不等于“家务机器人”。
个人，强调的是机器人围绕使用者提供互动和服务；家庭，描述的是使用环境；家务，则对应清洁、整理等具体任务。
一台扫地机器人既是家庭机器人，也能完成家务；但一台陪伴机器人进入家庭，并不意味着它会洗碗、叠衣服。
事实上，启元也在推进家务方向。
本次发布会上，公司提到面向家庭场景打造的家务基座大模型PrimeMind，但这一方向仍处于研发探索阶段，不能等同于现售Q1、T1已经具备通用家务能力。
田华给出的路线是：
“先从‘有趣’起步，让机器人逐步走向‘有用’。”
对于今天准备购买一台两万元机器人的用户来说，最终决定购买的，仍然是当下能够获得的体验：
这些互动、创作和随行功能，能否让机器人度过新鲜期之后，依然留在生活里。
从收购到开售，上纬新材的机器人转型走到哪了
对关注上纬新材的人来说，这场发布会也接上了去年的另一个热门话题：智元系入主一家材料上市公司之后，究竟准备做什么？
2025年，智元恒岳通过协议转让及后续要约收购入主上纬新材，公司实际控制人变更为智元实控人——邓泰华。
同年11月25日，彭志辉当选上纬新材董事长。
于是，在智元机器人联合创始人、总裁、CTO之外，稚晖君又多了一个上市公司董事长的身份。
从去年底Q1首次亮相，到今年CES展示Q1、T1，再到开放预订、正式销售，上纬的机器人业务开始从概念走向具体产品。
围绕机器人硬件，创作平台、技能社区和应用商店也被纳入布局。
从上市公司业务结构来看，上纬原有主营仍包括耐腐蚀材料、风电叶片用材料等，同时开始发展消费级机器人新业务。
根据上纬新材半年报，今年上半年，公司机器人研发投入约1.64亿元，占整体研发投入九成左右；截至6月底，相关研发团队达到180人。
同期，公司实现营收约8.03亿元，机器人业务尚未产生营业收入；公司归母净亏损约1.67亿元，研发投入增加是业绩下降的原因之一。
从去年收购引发关注，到今年产品正式开售，上纬的机器人故事，已经有了可以被购买和体验的实物。
而对于稚晖君来说，从做出机器人，到让机器人真正走进普通人的生活，才是下一阶段更大的挑战。
[1]https://file.finance.sina.com.cn/211.154.219.97:9494/MRGG/CNSESH_STOCK/2026/2026-8/2026-08-15/12496850.PDF#page=8
[2]https://mp.weixin.qq.com/s/_qPNsAuu_fCX5NPfJSbdTA
[3]https://mp.weixin.qq.com/s/SzYwaWz3Cb8PkS7D-NetJg
- 华为首发企业AI白皮书：AI让员工更快了，怎样让整个企业受益？2026-09-20
- 一张3090就能跑！全栈国产模型，把AI办公搬到企业本地2026-09-20
- “留给人类阻止AI的时间不多了”2026-09-19
- 马斯克批量收购破产公司ing…世界首富脑子是不一样2026-09-19",full,,trafilatura_full_text,,https://www.qbitai.com/2026/09/496304.html,量子位,综合科技,人工智能,2026-09-24T00:49:46+00:00,AI与智能科技 > 具身智能 > 硬件和控制,AI与智能科技,硬件和控制,"[{""path"":[""AI与智能科技"",""具身智能"",""硬件和控制""],""path_text"":""AI与智能科技 > 具身智能 > 硬件和控制"",""confidence"":0.92,""reason"":""核心事件是稚晖君公司开售人形/四足机器人Q1与T1，涉及关节与力控硬件""}]",classified,2026-09-24T00:57:50.802282+00:00,glm-5.2,2026-09-10,
阿里千问AI平台全面升级模型服务、Agent服务、AI应用,2026-09-23,"阿里千问AI平台全面升级模型服务、Agent服务、AI应用
覆盖MaaS、Agent服务、行业AI解决方案
允中 发自 凹非寺
量子位 | 公众号 QbitAI
9月22日，在2026云栖大会MaaS & Agent技术主论坛上，阿里巴巴集团战略副总裁、ATH事业群MaaS业务线总裁文征宣布千问AI平台全面升级：以推动Agent进入生产作为建设核心，在模型服务基础上新增对Agent服务、行业AI解决方案的支持，并推出了API优速模式、Agent Studio、千问AI座舱解决方案等一系列能力，帮助企业将智能转化为生产力。
从消耗Token到交付结果，AI价值的衡量方式正在改变
文征表示，AI仍处于非常早期的阶段，用户覆盖、场景渗透和算力规模均有巨大增长空间。持续增长的Token用量说明，AI需求已不再是一道需要证明的题，关键在于谁能将智能转化为结果。单任务价值、Token生产效率和单Token能力，共同决定“智能价值密度”。
过去一年，阿里云MaaS平台服务的客户数增长六倍。随着订单、代码、内容和业务流程主动发起调用，Agent开始进入企业核心流程，企业需要的不再只是一个模型API，而是一套覆盖模型供给、生产运行、Agent构建与托管的完整体系。智能正在从被调用走向被交付。
需求的持续放大，对算力和基础设施提出了更高要求。阿里将坚定投入全栈AI，预计到2032年，阿里云运营的算力规模将超过20GW，支撑从芯片、AI基础设施，到千问大模型、模型服务、Agent工具和AI原生应用的完整AI体系，加速Agent时代的产业进化。
面向Agent负载持续完善模型服务
在模型供给方面，千问AI平台以“First and Best”原则，支持全球一流的自研和开放模型第一时间上线。针对Agent决策链路长、并发高、对时延敏感等特点，平台通过FlashBoot、UniScheduler等能力调度异构算力，将模型弹性启动时间由1200秒缩短至70秒，可在1分钟内拉起1万个Pods；首Token延迟降低38%，Prompt Caching成本最高节省95%。
平台提供99.9%生产级SLA、十亿级单客户峰值TPM和CMaaS机密推理服务，支持监控、告警和成本治理。本次升级的API优速模式可将TPS提升1.5至2倍，用户切换model ID即可使用；吞吐预留（PTU）新增夜间8小时预留规格；独占吞吐（DTU）则面向大型企业及金融、政企客户，支持定制模型部署与性能定制。
在服务模式上，Token Plan以一份订阅覆盖Qwen、Kimi、GLM、DeepSeek等多类模型，原生打通Qoder、Cursor、Codex、OpenClaw等主流编程工具与Agent框架，并可与千问App、千问办公共享抵扣。结合按量付费、优速模式、吞吐预留与独占吞吐，从个人到企业的各类需求均可在同一平台获得对应供给。
Agent Studio发布，提供企业级全栈Agent服务
从模型调用到业务结果，Agen需要模型匹配、任务运行、上下文接入和服务调用等基础能力。千问AI平台正式发布企业级全栈Agent服务平台Agent Studio，可根据任务自动路由选择模型，提供24小时不间断托管运行，并支持企业内部知识数据和外部软件服务接入。
在Agent开发运行方面，平台提供原子API，50多个原子API覆盖运行环境、长期记忆、工具服务、会话请求和服务端点部署等能力，企业可按需组合并接入自身业务；全新的Agent API即将发布，可将环境、记忆、工具、部署等需逐项调用的配置，一次请求全部搞定。
Agent Studio还将推出Agent自进化引擎，包含运行观测、AI评测器、AI优化器和自动验证等能力，支持在上下文交互中持续调优与进化。
同时，针对Agent生态服务，One Key MCP可用一个API Key连接100多项生态服务，包括高德、飞猪、1688及金融、法律等各领域服务。平台还可自动理解需求、寻找工具并完成调用，减少开发者逐一注册和配置鉴权的工作，
以全栈基础能力，支撑应用与行业落地
在应用和行业侧，千问AI平台通过自身产品实践持续验证技术和体验，并将沉淀能力向生态开放。Meoo 1.0通过CLI和OpenAPI提供应用构建、部署及企业协作能力；伶鹊2.0服务20个行业、5000余家企业客户和超过10万个坐席；万镜一刻以Agent、创作工作台和技能广场服务视频生产，万小智3.0则从建站延展至获客和经营，推动“Vibe Coding”走向“Vibe Business”。
在行业与终端场景，泛海集团基于千问搭建工业AI平台和数控工艺Agent，沉淀工程师经验与零件案例；网易游戏与千问AI平台围绕游戏研发链路开展合作。荣耀基于Qwen Intelligence方案，以端云协同的方式，为荣耀YOYO智能体提供多模态理解、长链路任务规划等能力，推动AI手机从被动响应走向主动服务；比亚迪依托千问AI座舱解决方案打造座舱超级智能体，支持理解和执行模糊、多重指令。
文征认为，平台的价值不是定义所有应用，而是让更多应用生长出来。只有将模型服务、Agent服务、AI原生应用和行业实践连成体系，智能才能从通用能力走向产业生产力。
目前，相关模型服务和Agent能力已在千问AI平台上线。开发者可通过API完成产品集成或订阅Token Plan，在已支持的常用AI工具中直接调用相应模型和服务。
- 罗福莉沉寂半年官宣小米强化学习！直播新模型训练过程，一小时烧3万美元2026-09-17
- 智谱提前剧透下一代GLM：完全自训练方法公开了2026-09-14
- 具身ICL来了创业玩家！上下文成Scaling新赛道2026-09-06
- Claude最强Fable 5.1发布！8项屠榜，最高降价45%，反蒸馏机制上线2026-09-02",full,,trafilatura_full_text,,https://www.qbitai.com/2026/09/496301.html,量子位,综合科技,人工智能,2026-09-24T00:49:48+00:00,AI与智能科技 > AI软件层 > 工程改进,AI与智能科技,工程改进,"[{""path"":[""AI与智能科技"",""AI软件层"",""工程改进""],""path_text"":""AI与智能科技 > AI软件层 > 工程改进"",""confidence"":0.88,""reason"":""千问AI平台升级模型服务与Agent服务，核心是AI工程化与智能体体系建设。""},{""path"":[""AI与智能科技"",""AI软件层"",""底座大模型"",""文本模型""],""path_text"":""AI与智能科技 > AI软件层 > 底座大模型 > 文本模型"",""confidence"":0.7,""reason"":""平台以千问大模型供给为基础，涉及模型服务能力升级。""}]",classified,2026-09-24T00:58:09.517116+00:00,glm-5.2,2026-09-10,
Claude Opus 5.5突袭！68万行代码一天迁完，API价格打8折,2026-09-23,"Claude Opus 5.5突袭！68万行代码一天迁完，API价格打8折
缓存读取价砍了60%
梦晨 听雨 发自 凹非寺
量子位 | 公众号QbitAI
Claude最新旗舰Opus 5.5跑分登顶！
在代码、知识工作、计算机操作等多项基准测试中拿下第一的同时，输出速度也比Opus 5快了30%以上。
这暂停得好好的前沿，怎么不到两周又被推进了。
那CEO Dario Amodei发表的“放缓前沿”公开信算什么？
这届模型开始拿代码当画笔
目前看到比较新颖的测试是用纯代码生成图像，SVG鹈鹕骑自行车已经被刷爆了，这次是更复杂的Python渲染。
类似的能力可以扩展成用纯js代码生成渲染视频。
多项跑分登顶，API价格打8折
他们说任务成本降4成，但API价格并没有直接打6折。
Opus 5.5的输入、输出价格分别是每百万Token 4美元和20美元，相比Opus 5下降20%。
再加上完成同一任务需要的步骤和Token更少，Anthropic测算，典型任务的总成本可以下降40%。
真正下狠手的是缓存读取价。这一项从Opus 5的每百万Token 0.50美元，直接降到0.20美元，砍了60%。
做Agent编程的都知道，长对话和大型代码任务需要反复读取上下文，缓存读取经常占据成本的大头。相比账面上的API单价，这一刀可能更有实际体感。
另外还有一个Fast mode，输出速度最高可达标准模式的2.5倍，价格也翻倍至每百万输入Token 8美元、输出Token 40美元，适合对延迟特别敏感的场景。
订阅用户也加量了，Pro、Max、Team和按席位收费的企业版，五小时使用限额都会提高；Anthropic还提供了一次可以暂存、由用户自行选择时间使用的rate limit reset。
具体看跑分，目前最新鲜的榜就是Terminal-Bench 4.0了，衡量模型处理复杂命令行任务的能力。
Opus 5.5拿下66.4%，上一代Opus 5是52.3%，OpenAI的GPT-6 Astra是57.9%，Claude自家的Fable 5.1是55.8%。
已经明显拉开差距。
在另一项编程基准FrontierCode v1.1上，Opus 5.5以54.4%超过GPT-6 Astra的53.3%，差距就没那么明显了。
而且推理effort开中档效果反而更好。
Opus 5.5在默认effort，也就是中档设置下，反而跑出了54.6%，超过表中其他模型的最高成绩，也略高于自己开到最高档时的54.4%。
到了这个能力水平，0.2个百分点基本已经落在波动范围里。
Anthropic自己也承认，跑分差距越来越难准确反映真实使用体验，他们内部使用时，Opus 5.5和Fable 5.1的差距就没有榜单看起来这么大。
另一项CursorBench 4.0，测的是来自真实Cursor会话的多文件模糊任务。
最高effort下，Opus 5.5拿到57.8%，比Fable 5.1的51.8%高6分，比GPT-5.6 Sol的41.7%高16.1分。
如果看性价比，Opus 5.5在默认中档设置下得分52.5%，依然领先GPT-5.6 Sol的最高成绩约11分，单项任务成本只有后者的三分之一左右。
Opus 5.5特别强调在大规模代码库级别的任务上有明显提升。
早期测试者曾用它迁移68万行代码，不到一天完成。换成人类工程团队，预计至少需要数周。
还有一位测试者用它审计并修复一个20万行代码库，耗时不到3小时。同样的任务，Opus 5花了超过20小时，使用的Token数量还是它的2.5倍。
在一项内部测试中，Anthropic让Opus 5.5和Fable 5.1分别将HAProxy从C语言重写成Rust。HAProxy是一款被广泛使用的Web流量负载均衡软件。
两个版本都通过了HAProxy自身几乎全部回归测试，但Opus 5.5只用了9.5小时，Fable 5.1用了12小时，前者的成本低了51%。
Anthropic还让模型优化一个Web应用所有页面的加载速度。Opus 5.5在40次测试中成功了39次；Opus 5虽然也缩短了加载时间，但改进幅度更小，还改变了应用原本的行为。
知识工作方面同样值得关注。
在覆盖44个职业的真实工作能力评估GDPval-AA v2.1中，Opus 5.5得分1846 Elo，Fable 5.1是1735，Opus 5是1708。
在默认effort设置下，Opus 5.5的得分就超过了GPT-6 Astra在最高effort下的表现，单项任务成本大约只有后者的五分之一。
投资公司Walleye Capital反馈，Opus 5.5在最低设置下，就基本完成了他们的量化研究评测任务。
把effort调高后，它还发现评测指令里的分钟索引存在一个off-by-one错误，并主动修正。
模型甚至特意备注：这样处理是正确的，但可能会导致自己被评分器扣分。
Walleye称，此前测试过的所有模型，都没有发现并处理这个问题。
还有个明显变化在于：Opus 5.5说话的方式变了。
以前Opus 5虽然也能找到答案，但很快就会钻进代码块、时间线和区间定义里，用户需要自己从大量技术细节中提炼结论。
Opus 5.5会先把最重要的信息摆出来，再解释原因。
官网展示了一个billing系统Bug的对比。Opus 5找到问题后，马上开始解释代码改动和时间区间；Opus 5.5开头就把账算清楚了：
额外减少的9.92美元来自一个Bug，免费层调整只占1.50美元。
随后它才说明，究竟是哪次代码重构把每个月最后一天的大部分用量漏掉了。
一位早期测试者的评价是：
It writes the way I do（它写东西的方式跟我一样）。
Anthropic还特意强调，表达清楚不只是文风升级。模型把关键信息放在前面、减少术语和特异性表达，人类检查其结论和操作过程也会更加容易，这本身就是一项安全收益。
和Fable一个级别的笼子
能力往前冲，安全笼子也跟着加厚了。
Opus 5.5是首款同时搭载Fable 5.1同级网络安全、生物安全和反蒸馏护栏的Opus模型。触发相关限制后，系统会透明地回退到其他模型处理。
发布之前，它还接受了METR和Frontier Design两家外部机构的评估。
这也是Anthropic对“放缓前沿”的解释：模型照常研发和发布，但要给安全对齐和外部审查留出时间。
在Anthropic内部覆盖近2000个模拟场景的自动化行为审计中，Opus 5.5在几乎所有失调行为指标上，都拿到了近期Claude模型中的最好成绩。
在一项专门测试模型越过安全边界倾向的新评估中，Opus 5.5尝试规避边界的频率，比Opus 5和Claude Mythos 5.1低了约85%。
仅有的几次尝试也都属于低严重性事件，而且由模型自行上报。
不过Anthropic同时承认，他们观察到Opus 5.5经常怀疑自己正在接受评估。
一旦模型知道“这是一场考试”，测试中的表现能否代表真实部署环境，就要打上一个问号。Anthropic称，目前仍然没有办法在发布前可靠地发现所有潜在问题。
在更实际的Agent防护上，Opus 5.5还配备了三层措施。
它会在执行前检查每一个操作；运行环境放在安全团队可以审计的开源沙箱中；代码审查功能则会在代码合并前检查漏洞。
面对提示注入攻击，Opus 5.5在Anthropic测试的编程、工具调用、计算机操作和网页浏览等场景中，都追平或超过了Opus 5。
这么厚的笼子，也和它在高风险领域的能力有关。
在生物学领域，Opus 5.5已经在多个方向追平甚至超过Claude Mythos 5.1，因此使用了与Fable 5.1相同的生物安全护栏。
在与Dyno Therapeutics合作开展的长期分子预测和设计评估中，Opus 5.5取得了进一步提升。参与红队测试的专家认为，其科学新颖性与他们测试过的最强模型相当。
经过审核的学术实验室、初创公司和制药企业，可以通过新推出的Life Sciences Verification Program，申请适用于生物研发工作的更宽松权限。
网络安全也是一样。
由于Opus 5.5的网络安全能力很强，普通用户提交的大多数网络安全任务会被自动转交给Opus 4.8。经过认证的网络安全从业者，则可以通过即将扩展的Cyber Verification Program申请使用Opus 5.5。
反蒸馏措施也直接上到了Fable 5.1的级别。
Opus 5.5搭载了preserved thinking机制，限制API用户编辑Claude此前生成的思考上下文，防止攻击者借此批量提取模型的推理能力。
这项限制适用于2026年8月31日及以后创建的API账户。
与此同时，Opus 5.5不再允许关闭thinking模式，输出文本中也加入了水印。
这种水印不会直接显示在文本里，也没有添加隐藏字符。它通过调整模型在多个意思相近的词语之间如何选择，留下可供专用检测工具识别的统计模式，普通读者看不出区别。
OMT：Haiku终于更新了
在Sonnet、Opus和Fable都已经进入5系列之后，Claude家的“小杯”还停留在Haiku 4.5。
这次终于有准信了。
Anthropic宣布，Sonnet 5.5和Haiku 5.5都将在未来几周内推出，同样会获得性能、效率和安全方面的升级。
也就是说，Opus 5.5只是5.5系列的第一款。
OpenAI这边刚刚一口气端出GPT-6 Astra和GPT-5.6 Sol，Anthropic那边紧接着发布Opus 5.5，还预告后面有两款新模型排队。
前沿确实没有停，大家都在忙着踩油门啊～
- GPT-6 Astra搓3D刷屏后，3D生成的竞争规则变了2026-09-23
- 协同办公进入Agent时代，飞书+豆包工作跑在了最前面2026-09-16
- Claude双入口合并，原生Office上线！硅谷AI办公大战也开始了2026-09-17
- 百度秒哒再升级！让最懂业务的人，亲手造自己的系统2026-09-11",full,,trafilatura_full_text,,https://www.qbitai.com/2026/09/496221.html,量子位,综合科技,人工智能,2026-09-24T00:49:49+00:00,AI与智能科技 > AI软件层 > 底座大模型 > 文本模型,AI与智能科技,文本模型,"[{""path"":[""AI与智能科技"",""AI软件层"",""底座大模型"",""文本模型""],""path_text"":""AI与智能科技 > AI软件层 > 底座大模型 > 文本模型"",""confidence"":0.92,""reason"":""Claude Opus 5.5旗舰大模型发布，跑分登顶并调整API定价。""}]",classified,2026-09-24T00:58:09.517116+00:00,glm-5.2,2026-09-10,
刷视频也能教会机器人干活！1200亿tokens人类动作预训练，误差按幂律下降,2026-09-23,"刷视频也能教会机器人干活！1200亿tokens人类动作预训练，误差按幂律下降
押注互联网里的人类经验
允中 发自 凹非寺
量子位 | 公众号 QbitAI
9月17日，Figure把Helix 2.5带进了旧金山湾区30个陌生家庭。它要收拾散落在客厅里的玩具、叠毛巾、铺床。机器人到达现场后，不再采集新数据，不更新模型权重，也不根据现场执行结果重新选择模型。
视频很容易被概括成“人形机器人‘零样本’做家务”。严格来说却并非如此。三个任务此前都在其他环境中用专门数据做过适配。Figure所说的“零样本（zero-shot）”，是指机器人第一次进入这些家庭，面对新的布局和操作对象时，不再针对当地环境和物体重新训练。
注：Figure Helix 2.5在30个此前未采集任务训练数据的湾区家庭中执行整理客厅、叠毛巾和铺床任务。这里的“零样本”指机器人面对新的家庭环境、空间布局和操作对象实例时无需现场重新训练，并不意味着模型此前未学习过这些任务；相关任务此前已使用其他环境采集的数据完成适配。来源：Figure
视频之外，Figure还公布了两组更容易被忽略的实验。
第一组直接比较是否经过Index预训练。
Figure用同一批任务专属数据训练了两套策略模型，架构、优化方式、超参数、下游数据和评估方法保持一致。一套随机初始化，另一套从Index预训练模型开始。前者在30个陌生家庭中的完整任务成功率为9%，后者达到56%。
这个56%要求完整完成任务，部分完成任务的情况不得分。以收拾客厅为例，所有玩具都必须进入篮子；如果出于安全原因需要人工干预，整个执行回合直接记为失败。按照Figure披露的实验协议，两组模型之间的主要差异是——是否经过Index预训练。
另一组实验转向离线评测，专门考察预训练数据规模。
Figure用Index的四档嵌套数据（nested data）子集训练模型，预训练数据总跨度为8倍；模型大小不变，下游训练方式也保持一致。每个模型再使用相同的任务数据进行微调，比较留出测试集上的机器人动作预测损失。
随着Index数据规模翻倍，损失规律下降。Figure还用较小规模实验拟合趋势，再预测最大规模模型的测试结果；官方称，预测误差只相当于整个8倍数据范围内损失变化的0.54%。
这两组实验结果很容易被囫囵理解为“Figure发现了机器人规模定律（Scaling Law）”，但它们本质上是对不同问题的回答。
第一组实验中的9%到56%说明，有没有大规模的人类行为预训练，会显著影响机器人在陌生环境中的闭环泛化。
第二组中的四档数据的损失曲线说明，当人类数据预训练规模继续扩大后，这种收益在下游机器人动作预测上呈现出可测量的随规模变化的曲线。
Figure目前没有公布1倍、2倍、4倍、8倍Index预训练分别对应多少真实家庭成功率。也就是说，预训练规模持续扩大，对闭环机器人表现会产生怎样的连续变化，这条曲线还没有公开。
上：Figure在真实机器人闭环评测中，对比了未经Index预训练与经过Index预训练的模型。在其公开的多项未见任务中，Index预训练模型的成功率均明显更高；Figure在正文中将总体结果概括为完整任务成功率从9%提升至56%。这组实验回答的是：“有没有大规模人类行为预训练，会不会影响真实机器人执行结果？”
下：Figure进一步使用4档严格嵌套的Index数据，将预训练规模从1倍扩大到8倍，并在模型规模、下游训练和评估流程保持一致的情况下，观察到适配后的机器人动作预测验证损失持续下降。这组实验回答的是：“当人类数据预训练规模继续扩大，离线迁移指标是否呈现可预测的规模效应？”
两组实验并非同一条曲线。Figure目前尚未公开1倍、2倍、4倍、8倍Index预训练规模分别对应的真实机器人闭环成功率，因此不能据此推导“预训练规模扩大后，真实任务成功率按相同规律连续提升”。
恰恰是这里，让2026年的机器人预训练出现了一个比“Human Data有没有用”更具体的问题：
人类经验能不能像文本之于大模型那样，成为机器人预训练中一种可以持续扩展、并能预测下游收益的数据来源？
Dyna：人类数据的规模效应已经进入真机闭环
Figure并不是第一个观察到“人类数据越多，机器人越受益”的团队。
8月，Dyna Robotics发布Dyna-2。它把第一视角人类视频构成1000小时、1万小时、10万小时和100万小时四个严格嵌套的数据规模。更大的数据集只是在较小集合上继续增加数据，而且各来源比例保持一致，尽量排除数据分布变化对结果的干扰。
随后，Dyna把四档模型用同一套机器人后训练方法适配到14个真实机器人任务。四档模型的平均归一化得分，依次达到任务可达上限的20%、28%、45%和53%。也就是说，人类视频预训练时的规模差异，经过同样的机器人后训练以后，最终延伸到了真机闭环表现。
注：Dyna分别使用1000小时、1万小时、10万小时和100万小时第一视角人类视频进行预训练，再将四档模型用相同的机器人后训练方案适配到14个真实机器人任务。随着人类视频预训练规模扩大，14项任务的平均归一化表现依次达到任务可达上限的20%、28%、45%和53%，说明预训练阶段的规模差异在经过相同机器人后训练后，仍然延伸到了真实机器人闭环表现。这里的20%—53%是Dyna为了汇总不同任务原生指标而定义的平均归一化表现，并非任务成功率，也不能与Figure在30个陌生家庭中报告的56%完整任务成功率直接比较。
因此，更准确的技术时间线不是“Figure第一次发现人类到机器人的规模定律”。Dyna此前已经展示了更完整的跨本体、从预训练规模一路延伸到闭环真机表现的证据；Figure则把可预测的迁移规模效应明确延伸到了全身人形机器人系统上，并用30个陌生家庭让人类预训练的现实价值变得更加直观。
百万小时之外，Dyna还通过一组消融实验追问：这种规模效应究竟从哪里来？
单独预测动作时，模型随着数据增加出现严重而不稳定的过拟合。加入未来视频预测以后，39个机器人任务上的迁移表现整体改善；而当研究者进一步增加不带动作标签、只用于视频预测的人类视频时，跨本体表现才随着数据规模呈现出稳定的单调提升。
因此，单纯说“扩大人类数据规模就会持续获益”，仍然不够准确。
数据是什么，以及模型被要求从中学什么，共同决定了规模效应会不会出现。
一旦人类经验开始成为机器人预训练资产，追问自然就落到了数据来源本身：这些经验应该从哪里来？
Figure：建立一套可控的人类数据供应链
Figure在Index发布稿中把自己的判断写得很直白：
“要规模化训练真正通用的机器人，所需要的数据并不存在于来源广泛的互联网视频。”
于是它搭建了一套自己的Human Data供应链。
Index通过Creator创作者网络，让人们在真实家庭和工作场所记录任务。到8月底，Figure称平台已经收到超过1600万条视频，并累计向创作者支付1500万美元；Helix 2.5发布时，新的人类视频数据正以约35分钟/秒的速度进入Index。数据随后还要经过质量过滤、反作弊、去重、重新平衡和文本标注。
注：Figure将Creator贡献者上传的真实世界视频依次经过质量过滤与标注、反作弊审查、去重和数据再平衡，最终形成用于训练Helix的数据集。与直接使用互联网公开视频不同，Index代表的是一条“主动建设人类行为数据基础设施”的路线：通过持续采集、筛选和整理，更系统地获得适合Physical AI训练的大规模Human Experience。
算力也在同步扩张。
9月初，Figure宣布与英国AI云厂商Nscale达成战略合作。该合作涉及一份初始价值35亿美元的算力承诺，未来合作规模或将扩大至60亿美元以上；双方计划基于英伟达Vera Rubin平台部署最高10万颗GPU。Figure创始人兼CEO Brett Adcock直言不讳，Helix下一阶段越来越受制于数据和算力。
这是一条资本密集，但对数据分布拥有更强控制力的路线。
某类任务不够，可以定向补；某种环境过多，可以重新平衡；长尾里缺什么，就继续组织人在现实世界里生产。
Index不只是一个不断扩大的数据集，更像是一套可以主动改变训练数据分布的基础设施。
但Figure目前尚未在Helix 2.5相关材料中披露Index全量数据统一的拍摄视角构成，也没有公开完整的人类动作监督机制。现在能够确认的是，它正在以极大的规模采集、筛选和组织真实人类行为数据，而Index预训练已经显著改善了Figure自己的完整人形机器人系统。
Figure的解法，是通过专门采集和数据治理，主动塑造自己需要的训练分布。
行业同时在尝试另一种办法：不重新生产全部数据，而是提高模型从互联网公开视频中提取可迁移信号的能力。
另一条路线：让模型理解互联网中的人类经验
互联网公开视频不是天然的机器人数据（Robot Data）。
视频中的镜头位置多样，人体会被遮挡，动作也没有关节控制标签，更没有机器人的本体感知、力反馈和接触状态。视频里一个人伸出手打开橱柜的几十帧，距离一台人形机器人真正需要输出的控制信号还很远。
另外一些团队没有像Figure那样采集更多专门为机器人而生的数据，而是尝试通过模型学习和表示转换，从已有视频中提取可迁移信息。
CoMo从互联网视频中学习连续的潜在运动表示，并为此前没见过的视频生成伪动作（pseudo-action），再与有限的机器人数据共同训练策略模型。“互联网视频能否转成与动作相关的监督信号”，并不是一个全新的命题。
HuRo做得更直接。它把来源和视角各异的人类视频 “机器人化”，转化成更接近机器人观察和动作分布的数据；随着这类预训练数据扩大，真实操作任务的完成度和分布外（OOD）表现继续改善。
Rhoda则绕开了显式的人类动作。它用来源广泛的互联网视频训练因果视频模型，让模型先预测世界接下来如何变化，再通过逆动力学模型把这种预测转换成机器人动作。近期的真实工业任务实验显示，更大的预训练模型和更多训练算力都能改善机器人策略，而且当机器人数据较少时，更强预训练带来的收益更明显。
这些方法虽然机制不同，却都在检验另一种可能：当原始数据离机器人分布较远时，能否通过表示学习（representation learning）、动作恢复或世界建模来弥补其中的差距。
互联网视频的确没有现成的机器人动作轨迹。但其中的人类行为、物体交互和物理世界规律，究竟有多少能够被重新编码成物理AI真正能用的经验，仍然没有定论。
亮源新创（Light Origins）则大胆地把问题又往前推了一步：数据源直接来自普遍存在的互联网人类行为视频。
亮源新创：把预训练数据源推向互联网规模
亮源新创选择的不是专门为机器人训练采集的数据，也不是主要依赖第一人称人类视频，而是尝试从互联网中的第三视角人类行为视频中提取可迁移经验。
互联网上已经积累了海量人类行为视频。这类数据更容易实现规模化和多样性，代价则是更大的人机域差异（domain gap）：镜头并不跟随视频中的人类身体，动作可能被遮挡或剪辑，人类和机器人身体结构不同，视频里没有可以直接执行的动作标签。
根据9月21日亮源新创官网正式发布的技术博客来看，Light-O1先从视频中恢复结构化人类动作，再编码成统一的人形动作表示，与视觉、语言信息一起进行自回归预训练，最终得到一个人类动作先验（Human Action Prior）。
注：从机器人遥操作、UMI等机器人数据，到第一视角人类视频，再到互联网规模的第三视角人类行为视频，数据来源覆盖范围逐步扩大，同时也伴随着视角、本体和动作表示差异的增加。本图用于说明亮源新创选择的人类动作预训练数据来源位置，不代表不同数据来源之间的性能比较。
此次技术博客披露的人类动作预训练规模，从37.5亿扩展到1200亿词元（token），最大规模约对应10万小时人类动作。
Light-O1分别在第一视角人类数据、公开机器人数据和亮源新创自研人形机器人数据上进行目标域适配。随着人类动作预训练规模扩大，适配后的动作预测误差、全身姿态误差和腕部位置误差均持续下降，并呈幂律趋势。亮源新创将这一现象称为“迁移缩放定律”（Transfer Scaling Law）。
注：亮源新创将人类动作预训练规模从37.5亿tokens扩展至1200亿tokens，并在第一视角人类数据、Unitree G1机器人以及亮源自研人形机器人数据等目标域上进行评估。实验显示，随着预训练规模扩大，动作预测误差和身体姿态预测误差在不同目标域上持续下降，呈现幂律缩放趋势。该结果基于目标域适配后的预测指标，用于衡量预训练规模与迁移效果之间的关系，并不等同于真实机器人闭环任务成功率。
人类动作先验并不是亮源新创首创；从公开的互联网视频中提取与动作相关的信号，也已经有CoMo、HuRo等近邻工作。
Light-O1这次更值得关注的，并不是“用了互联网视频”本身，而是把几件此前通常分开研究的问题放进了同一组规模实验：互联网规模的人类动作视频、结构化动作恢复、持续扩大的预训练规模，以及这些规模收益在不同机器人和人形机器人目标域适配后仍然保留下来。
至此，亮源新创首次验证了互联网规模的人类动作预训练对多本体人形机器人的迁移缩放定律。
注：视频展示Light-O1当前模型在机器人平台上的任务执行能力，用于说明预训练和后续适配后的模型具备真实可执行行为。本文讨论的“迁移缩放定律”仍以留出数据上的开环评测为依据。来源：亮源新创
更值得追踪的是：如果模型真的能从距离机器人更远的数据里持续获得可迁移的动作先验，这条“Scaling”（规模效应）之路最终能走到闭环真机的哪一步？
从离线迁移到闭环表现，不同“规模效应”不是一回事
当把Figure、Dyna和亮源新创放在一起，很容易把不同层级的“Scaling”混为一谈。
注：不同团队正在探索Human Experience如何转化为机器人能力。目前公开研究已经分别展示了从人类经验规模化、跨本体迁移、真实机器人闭环表现等不同层面的证据。由于不同研究采用的数据、模型和评测协议不同，本图用于展示公开证据所在层级，不代表企业能力排名或横向比较。制图：原文作者
最基础的一层，是预训练本身能不能随着数据增加持续改善。
再往下一层，是这种改善离开人类数据域以后，能不能在机器人或人形机器人目标域中继续存在。
Figure的四档Index实验和亮源当前的核心结果，主要落在这里：更大规模的人类预训练，对应更好的下游机器人动作相关离线指标。
然后才进入真实机器人的闭环表现。
Figure用Index预训练和随机初始化的9%对56%，证明“有没有预训练”会显著改变机器人在陌生家庭里的实际执行结果；但它尚未公开Index规模每翻倍、闭环成功率如何连续变化。
Dyna则已经用四档人类视频预训练，在相同机器人后训练条件下得到20%、28%、45%、53%的平均归一化闭环得分。两套数字定义完全不同，不能横向比较。
再往下一步，才是最接近产业经济的问题：
达到相同能力时，更强的预训练究竟能少用多少新的机器人真实经验？
Figure给出了一个值得关注的信号：Helix 2.5在一个同任务比较中，只使用此前Helix 02约一半的任务专属数据，就达到相近成功水平，同时把部署范围扩展到了30个陌生家庭。
但这组比较跨了模型代际和评估条件，并不是严格控制的等性能实验，因此不能直接推导“Index普遍把机器人数据需求减半”。
Dyna用大约10分钟机器人示范就完成Bottle Cap Untwisting的实验同样有吸引力，而且表现随着人类视频预训练规模继续提升；但它依然不是一条可以直接换算“多少小时人类数据等于多少小时机器人数据”的曲线。
就目前公开证据而言，亮源新创验证到的仍主要是适配后的离线迁移。
因此，它下一步最有信息量的实验其实很明确：固定机器人适配方案，让不同人类动作预训练规模的模型逐一进入闭环；再改变机器人数据预算，看能否形成等性能曲线。
到那一步，才有条件真正讨论“互联网级人类动作”的数据经济性。
计算最终着眼处：整条数据成本链
机器人行业习惯用“小时数”描述数据规模。
一小时遥操作数据多少钱，一小时Human Video多少钱，现有的互联网视频则几乎不需要重新去采。按照这种算法，Figure看起来昂贵，互联网原生路线似乎天然便宜。
实际账本远没有这么简单。
Figure愿意为Creator创作者、采集体系、质量控制和主动数据再平衡付钱，换来的是更可控的数据分布：缺什么，就能继续生产什么。35亿美元级别的算力合作，则继续把这套数据基础设施推向更大的模型。
从互联网公开视频出发，确实省掉了重新让人执行一次任务的物理采集成本。
新的账单会出现在别处：哪些视频值得留下，人体动作能恢复到什么精度，镜头运动和遮挡如何处理，怎样把人类动作转成机器人可用的表示，以及需要多少训练算力，才能把这些嘈杂经验真正压进模型。
Dyna提供了第三种可能：并非所有视频都必须恢复出高质量动作标签，世界建模本身也可以让大量只有视觉经验的视频参与规模化学习。
所以，这场数据战未必会以“谁拥有更多视频”决胜，更不能只比较两种路线的原始采集成本。
真正要算的是整条链路。
从得到一段经验，到它最终变成机器人可以迁移、可以执行的能力，需要支付的不只有采集成本，还有表示、对齐、算力，以及最后仍然难以完全省掉的真实机器人经验。
Helix 2.5让人类经验成为一条更难忽视的规模化轴线；Dyna已经证明，这条轴有机会一路穿到真实机器人闭环；亮源新创则把实验继续推向距离机器人数据分布更远但却最为丰富的互联网级人类行为。
接下来值得比较的，也许不再只是哪个公司拥有最多“小时数”。
而是机器人获得下一项能力时，整条链路还要向真实世界支付多少成本。
*本文系量子位获授权刊载，观点仅为原作者所有。
- Jev vs Decitron：同为决策AI，为什么不是一回事？2026-09-23
- GPT-6 Astra开进机器人身体！清华联手无问芯穹等开源RPent2026-09-21
- OpenAI刚曝光循环架构，这家公司更早将其用于世界模型2026-09-10
- 华为GTS让Agent学会「看着网络排障」，双防火墙难题几乎全拿下2026-09-16",full,,trafilatura_full_text,,https://www.qbitai.com/2026/09/496129.html,量子位,综合科技,人工智能,2026-09-24T00:49:51+00:00,AI与智能科技 > 具身智能 > 模型和具身操作系统,AI与智能科技,模型和具身操作系统,"[{""path"":[""AI与智能科技"",""具身智能"",""模型和具身操作系统""],""path_text"":""AI与智能科技 > 具身智能 > 模型和具身操作系统"",""confidence"":0.9,""reason"":""Figure Helix 2.5基于大规模人类动作预训练提升机器人泛化，核心是具身智能模型。""}]",classified,2026-09-24T00:58:09.517116+00:00,glm-5.2,2026-09-10,
滴滴自动驾驶连获全国工商联及北京市荣誉榜单认可,2026-09-23,"< img id=""wx_img"" src=""https://www.qbitai.com/wp-content/uploads/imgs/qbitai-logo-1.png"" width=""400"" height=""400"">
滴滴首次入选2026年民营企业发展新质生产力案例，首次登上2026北京民营企业未来产业先锋榜。
近日，滴滴自动驾驶凭借持续的研发与应用突破，依托平台的创新积淀，连获两项行业荣誉：首次入选2026年民营企业发展新质生产力案例，首次登上2026北京民营企业未来产业先锋榜。
在全国工商联主办的2026民营经济创新发展大会上，民营企业研发投入500家榜单正式发布，集中体现民营企业创新投入的头部力量，滴滴位列榜单第25位，滴滴自动驾驶实践首次入选“2026年民营企业发展新质生产力案例”。
北京民营企业百强榜由北京市工商联组织评选发布，是反映首都民营经济活力与风采的权威榜单，滴滴居2026北京民营企业百强第7位、科技创新百强第9位。今年评选活动首次发布“未来产业先锋榜”，集聚未来信息、未来制造等前沿领域。滴滴自动驾驶作为L4自动驾驶领域的代表，首次跻身其中。
图为：滴滴自动驾驶新一代Robotaxi车型
滴滴自动驾驶历经10年的发展，自主构建了“AI-硬件-场景”体系化能力。先后为世界智能网联汽车大会、第十五届全运会等重大活动提供接驳服务，累计安全运行超过2200天。滴滴自动驾驶联合车企伙伴研发Robotaxi专用车型，与广汽埃安合作打造的新一代车型在自动驾驶性能和座舱体验上全面升级，具备全球化适配能力，已在示范应用区域开启无人载客服务。
滴滴自动驾驶将始终坚持负责任的科技创新，推动自动驾驶产业化进阶和全球拓展，为用户提供智能、安全的自动驾驶服务。
本文由滴滴提供，量子位获授权转载，观点归原作者所有。",full,,dom_or_structured_full_text,,https://www.qbitai.com/2026/09/496124.html,量子位,综合科技,人工智能,2026-09-24T00:49:53+00:00,通用技术 > 通信和运输 > 物质运输 > 陆路运输,通用技术,陆路运输,"[{""path"":[""通用技术"",""通信和运输"",""物质运输"",""陆路运输""],""path_text"":""通用技术 > 通信和运输 > 物质运输 > 陆路运输"",""confidence"":0.8,""reason"":""滴滴自动驾驶获荣誉榜单认可，核心事件围绕L4自动驾驶与Robotaxi产业化。""}]",classified,2026-09-24T00:58:09.517116+00:00,glm-5.2,2026-09-10,
华为全新智驾上车，全域L3架构，岚图最强旗舰MPV 42万开卖,2026-09-23,"华为全新智驾上车，全域L3架构，岚图最强旗舰MPV 42万开卖
纯电120kWh大电池，18.1吨压着照样开
杰西卡 发自 ROBO-车
量子位ROBO | 公众号 AI4ROBO
车圈现在恐怕没人能比岚图更能整活了吧……
上个月岚图追光S刚完成了360°隧道大回环挑战，更早之前泰山X8还无安全绳爬过45°的天梯，现在新MPV又出新花样了：
先是6台MPV摞成车塔，上方5台合计18.1吨，压着最底下一台车完成起步、行驶和刹停；随后还有双车叠加一字马演示，两组车辆上下叠放，同步驶过减速带。
各种极限挑战的传播效果确实很足，但岚图真正想推到台前的其实是车身、底盘、控制，及其集大成之作——
全新旗舰MPV岚图梦想家9。
这款车刚刚上市，推出了三个版本，售价41.99万～52.99万元，比预售便宜了1万元。
在梦想家9身上，岚图基本把当前高端MPV能拿出来的头部技术装到了一起：
华为乾崑智驾ADS 5、896线激光雷达、鸿蒙座舱HarmonySpace 6、三腔空气悬架、双阀EDC、双向10°后轮转向、全系800V……
也就是说，梦想家9瞄准的，已经不只是传统豪华MPV擅长的空间和第二排舒适性，智能化、底盘、三电、安全和整车控制，通通被岚图拉到了旗舰规格。
华为ADS 5上车，5米3大MPV也上后轮转向
还是先看智能化。
岚图称，梦想家9基于全域L3级架构开发，全系搭载华为乾崑智驾ADS 5。
感知硬件共有37个，其中包括一颗896线双光路图像级主激光雷达、3颗固态补盲激光雷达，组成四激光雷达方案，覆盖城区、高速、泊车等主要驾驶场景。
896线主激光雷达也是华为今年高阶智驾方案的一项重点升级。
相比此前主流车载激光雷达，更高线数主要服务于更细密的点云感知，配合周围3颗固态补盲雷达，进一步扩大车辆近场和侧向感知范围。
而且放到一辆大型MPV上，其价值会更加明显——
梦想家9车长5325mm、宽1998mm，轴距达到3200mm。城市窄路、地库、泊车乃至高速长途，都比尺寸更小的轿车更考验驾驶者。
高阶智驾承担一部分操作压力，底盘则负责处理大尺寸本身带来的物理负担。
梦想家9首搭岚图虎踞P智能底盘。悬架结构为前双叉臂、后五连杆，配备三腔空气弹簧和双阀EDC减振器。
三腔空簧支持4档刚度调节，调节范围达到150%；双阀EDC分别控制压缩与回弹，再交给VMC智能底盘控制系统统筹悬架、动力、制动和转向。
另一个关键配置是双向10°后轮转向。
低速时，后轮与前轮反向偏转，帮助5米3车身缩小转弯和掉头所需空间；高速状态下则可以通过同向偏转辅助车身稳定。
大型MPV天然有几个很难绕开的工程问题：车长、轴距大，城市灵活性差；整车重、满载频率高，对俯仰、侧倾和制动控制要求也更高。
三腔空悬、双阀EDC、后轮转向，解决的都是同一组问题。岚图近期一连串极限挑战，也一直强调底盘和整车控制。
追光S完成360°隧道大回环，需要车辆以约130km/h速度进入回环，对动力持续输出、转向精度、车身刚度和底盘控制同时提出要求。
梦想家9则是进行了6车叠放挑战，上方5台车合计18.1吨，最底层车辆还要完成负重移动，车塔起步、行驶、刹停后，底层车辆车门仍可正常开启，动力、转向、制动和悬架系统保持正常。
随后进行的双车叠加通过减速带，则是为了验证三腔空悬、双阀EDC和VMC控制两组车辆车身起伏的可靠性。
极限项目本身和用户日常驾驶有明显距离，能展示出的底层能力却很明确：
悬架负责承载，电驱负责精确输出，制动负责稳住重心，VMC再把几套系统放到一起协同控制。
安全也沿着同一思路继续强化。
梦想家9采用全域L3级冗余架构设计，岚图称感知、计算、电源等八大核心系统均设置冗余备份。
需要说明的是，L3级架构设计描述的是硬件和系统冗余基础，车辆实际开放到什么驾驶能力，仍要以法规及交付后的软件功能为准。
被动安全方面，前舱采用七重防碰撞结构，二排B柱区域使用2200MPa超高强度钢，车尾设置五层碰撞防护，第三排座椅靠背也加入钢板。
对于MPV，第三排安全尤其重要。
相比不少七座SUV把第三排更多作为临时座位，MPV三排乘坐频率更高，满载又是常见工况，安全结构需要真正覆盖前中后三排。
智能化的另一部分，则交给了鸿蒙座舱HarmonySpace 6。
梦想家9采用MoLA 2.0架构，引入新一代多模态大模型，SystemAgent端到端大模型参数达到千亿级，较上一代百亿级继续提高。核心方向也从执行简单语音指令，向理解更复杂的自然语言、调用不同座舱功能延伸。
车内前排配备两块15.6英寸华为智慧屏，同时提供29英寸AR-HUD，二排还有21.4英寸吸顶娱乐屏。
更有意思的是跨系统联动。
用户靠近车辆后，智慧大灯点亮、升降立标升起、侧滑门打开，空气悬架同步降低车身，二排座椅向车门方向旋转45°。
座舱、车门、底盘和座椅不再各自工作，开始围绕同一个上下车场景联动。
对于高端智能车，软件能力继续往前发展之后，体验差异也越来越取决于车辆不同系统能否真正协同起来。
120kWh大电池上车，三排补齐舒适配置
三电方面，梦想家9同时保留插混和纯电，并且全系采用800V高压平台。
先看插混版。其动力系统由1.5T发动机和前后双电机组成，综合功率约560kW、综合扭矩910N·m，匹配65kWh三元锂电池。
CLTC纯电续航达到340km，综合续航1500km，同时支持5C快充，20%～80%充电只需要12分钟。
对于MPV用户，插混大电池路线的逻辑相对比较清楚：
日常通勤可以尽可能依靠纯电，340km纯电续航进一步降低发动机介入频率；长途多人出行保留燃油补能，65kWh电池再配合5C快充，也让插混车型获得了接近纯电车的补电能力。
不过，大型MPV车身迎风面积更大、整备质量更高，还经常面对满员和大量行李工况。如果纯电路线要覆盖长途出行，单靠优化电耗很难解决全部问题。
所以，更大的电池容量仍然是直接办法。纯电版前后双电机峰值功率分别达到175kW和300kW，综合功率475kW，电池容量直接提到了120kWh，CLTC续航701km。
座舱空间则回到了MPV熟悉的领域。
梦想家9采用2+2+3七座布局，第二排座椅支持横向滑动、多角度旋转、零重力和机械按摩。
座椅可以向外旋转45°，配合空气悬架降低车身高度，方便老人和孩子上下车；停车之后继续旋转，可以和第三排形成面对面的布局。
零重力模式最大躺角达到147°。二排除了座椅加热，扶手和腿托也支持加热。
车顶采用了左右分布式天幕，两侧光线可以分别调节。
扶手上控制屏还能拆下来拿在手里操作。
Ultra+版进一步把通风、加热和按摩配备到了第三排。
二排座椅转过来后，前后对坐空间可以达到1.6米，既服务商务会客，也给家庭出行留出了更多空间组合方式。
车内配备13L双门冷暖冰箱，温度覆盖-6℃至50℃；二、三排提供LC调光玻璃和分段式全景穹顶，辅以遮阳帘和氛围灯。
外观上最显眼的，也是礼尊版配备的可升降发光水晶立标，车辆解锁时升起，锁车后可以收回。
这个翅膀，这个升降功能，怎么感觉好像有点“劳里劳气”【doge】：
旁边还有一套华为HUAWEI XPIXEL双百万像素智慧投影大灯，左右总像素约260万，可以投射导航箭头、车道提示和迎宾图案。
最终价格也正式落地：
- Ultra版插混41.99万元，纯电42.99万元；
- Ultra+版插混45.99万元，纯电46.99万元；
- 礼尊版插混51.99万元，纯电52.99万元。
整体价格覆盖41.99万～52.99万元，相比此前42.99万元起的预售价，正式起售价降低1万元。
另外，梦想家9右舵版计划从11月开始进入海外市场。
随着梦想家9上市，岚图梦想家系列也从30万元级一路延伸到70万元级。
高端MPV开考整车基本功
对于岚图而言，梦想家的重要性不言而喻。
这一系列累计销量已经超过20万辆，也是岚图目前用户基础和市场认知都相对成熟的一条产品线。
岚图切入50万元级MPV时，也没有重新建立一个车型名称，依然沿用了梦想家。
目前来看，普通梦想家承担30万～40万元级市场，梦想家9继续向40万～50万元级延伸，更高端还有四座版本，最终形成了30万～70万元MPV矩阵。
这背后是一条明确的商业逻辑：
一款车卖得多，解决的是规模；同一个产品名称可以持续向更高价位延展，则开始影响品牌的价格能力。
梦想家帮助岚图在高端MPV市场站住一个相对稳定的位置，梦想家9接下来承担的就是把已有的用户基础、车型认知继续向50万元级传递。
但这也是梦想家9要直面的难点。
如今的高端新能源MPV赛道不可谓不拥挤：
腾势D9、魏牌高山、极氪009、智界V9、别克GL8新能源，再加上原有的赛那、格瑞维亚等产品……在40万～50万元上下已经聚集了多条技术路线和多个品牌。
但市场规模本身，并没有随着产品数量同步快速扩大。
所以不同车型接下来的竞争，更接近一场存量市场里的产品替换和价格带争夺。
新能源MPV早期的确很容易建立感知差异。
电机带来了更好的平顺性和静谧性，大电池降低短途用油频率；随后冰箱、大屏、零重力座椅、电动侧滑门快速普及，又进一步拉高了传统MPV的舒适体验。
然而，配置普及速度太快，40万元以上产品现在几乎都能把冰箱、娱乐屏、座椅按摩摆上配置表，单点舒适功能形成的领先周期越来越短。
由此，各品牌开始向车辆更底层的能力集中。
同时，智能化也成为了新的变量。随着华为合作伙伴的增多，具备华为最新能力的车型，也会在中国高端汽车市场越来越常见。
这也正在成为50万元级新能源MPV新的门槛。
智驾越来越容易成为高端车的共同能力后，真正难复制的部分，依然会重新回到整车工程。
One More Thing
梦想家9这次正式上市之前，其实原本还计划过一场预售发布会。
结果发布会前一天的9月4日，岚图临时把发布会取消了，第二天直接开始预售，车辆同步进店。
岚图董事长、CEO卢放当时给出的说法，是希望减少冗余的营销造势，先让用户去体验产品。
预售48小时，小订突破3万辆。
所以这么看，一辆车开几场发布会或许真是次要的，产品能不能打，才是更要紧的……
- 被英伟达点名的杭州团队，补上了AI for Science的「最后一公里」2026-09-16
- 企业级Agent落地样板间！百融硅基员工批量上岗，按结果领工资2026-09-02
- 50万！李想宣布MPV进入iPhone时刻！外观没改配置拉满2026-09-03
- 最大运力自动驾驶轻卡落地，来自无人车巨头2026-08-21",full,,trafilatura_full_text,,https://www.qbitai.com/2026/09/495959.html,量子位,综合科技,人工智能,2026-09-24T00:49:55+00:00,通用技术 > 通信和运输 > 物质运输 > 陆路运输,通用技术,陆路运输,"[{""path"":[""通用技术"",""通信和运输"",""物质运输"",""陆路运输""],""path_text"":""通用技术 > 通信和运输 > 物质运输 > 陆路运输"",""confidence"":0.88,""reason"":""岚图旗舰MPV搭载华为智驾ADS 5上市，核心是智能驾驶与整车电动化技术上车。""}]",classified,2026-09-24T00:58:09.517116+00:00,glm-5.2,2026-09-10,
关于2026年8月全国新增建档立卡新能源发电（不含户用光伏）项目情况的公告,2026-09-23,2026年8月，全国新增建档立卡新能源发电（不含户用光伏）项目共4007个，其中风电项目29个，光伏发电项目3972个（集中式光伏发电项目23个，工商业分布式光伏发电项目3949个），生物质发电项目6个。风电、集中式光伏发电、生物质发电项目清单见附件，工商业分布式光伏发电项目清单详见国家可再生能源发电项目信息管理平台网站（网址https://jdlk.renewable.org.cn/card-info-sheet/）。 2026年8月全国新增建档立卡新能源发电项目情况 地区 风电 集中式光伏发电 工商业分布式 光伏发电 生物质发电 合计 全国 29 23 3949 6 4007 北京 0 0 7 0 7 天津 2 0 53 0 55 河北 5 0 232 0 237 山西 4 0 11 1 16 山东 2 1 307 2 312 内蒙古 4 2 3 0 9 辽宁 2 2 50 0 54 吉林 0 0 6 0 6 黑龙江 0 0 0 0 0 上海 0 0 92 0 92 江苏 1 1 564 0 566 浙江 0 0 553 0 553 安徽 0 8 386 0 394 福建 0 1 203 0 204 江西 0 0 62 1 63 河南 0 0 98 0 98 湖北 0 0 79 0 79 湖南 1 1 163 0 165 重庆 0 0 22 0 22 四川 0 1 20 0 21 陕西 0 2 105 0 107 甘肃 7 1 2 0 10 青海 0 2 0 0 2 宁夏 0 0 6 1 7 新疆 1 0 0 0 1 西藏 0 0 0 0 0 广东 0 0 704 0 704 广西 0 1 60 0 61 海南 0 0 0 0 0 贵州 0 0 41 1 42 云南 0 0 120 0 120 国家能源局 2026年9月18日,full,,government_document_text,,https://www.nea.gov.cn/20260923/aaadb598d4cc4c0a92585bfd26c8728e/c.html,国家能源局—公告,综合新能源,能源政策/公告,2026-09-24T00:50:25+00:00,零碳产业 > 能量转化 > 能源测 > 一次能源转化 > 太阳能转化 > 光伏,零碳产业,光伏,"[{""path"":[""零碳产业"",""能量转化"",""能源测"",""一次能源转化"",""太阳能转化"",""光伏""],""path_text"":""零碳产业 > 能量转化 > 能源测 > 一次能源转化 > 太阳能转化 > 光伏"",""confidence"":0.92,""reason"":""公告统计8月新增新能源发电项目，绝大多数为光伏发电项目。""}]",classified,2026-09-24T00:58:09.517116+00:00,glm-5.2,2026-09-10,
关于全国老干部工作先进集体和先进个人拟推荐对象的公示,2026-09-23,关于全国 老干部工作先进集体和 先进个人 拟推荐对象的公示 根据《 中共中央组织部 人力资源社会保障部 关于开展全国 老干部工作先进集体和先进个人 评选表彰工作的通知》（人社部函〔 2026〕3 5 号），经研究，拟将 应急管理部离退休干部局老干部工作三处、中国地震局地球物理勘探中心七级职员吴楠 同志分别作为先进集体、先进个人推荐对象。现予以公示，公示时间为 2026年 9 月 23 日至 30 日。如有异议，请在公示期内以电话、信函等形式向 离退休干部局 反映。以单位名义反映情况的材料需加盖单位公章，以个人名义反映情况的材料应署实名，并提供联系电话，我们将严格遵守保密等工作纪律。 联系人及电话： 李校争 ， 64463660 、 64463668 （传真） 。 应急管理部离退休干部局 2026年9月23日,full,,government_document_text,,https://www.mem.gov.cn/gk/zfxxgkpt/fdzdgknr/202609/t20260923_717384.shtml,应急管理部—通知公告,综合科技,安全应急/通知公告,2026-09-24T00:51:32+00:00,未分类,,,[],unclassified,2026-09-24T00:58:11.662024+00:00,glm-5.2,2026-09-10,
